# X_m	Y_m	V
8.711312438e-07	8.355509258e-07	8
8.911129722e-07	8.360741657e-07	8
9.110947006e-07	8.365974057e-07	8
9.310764289e-07	8.371206457e-07	8
9.510581573e-07	8.376438856e-07	8
9.710398857e-07	8.381671256e-07	8
9.910216141e-07	8.386903656e-07	8
1.011003342e-06	8.392136056e-07	8
1.030985071e-06	8.397368455e-07	8
1.050966799e-06	8.402600855e-07	8
1.070948528e-06	8.407833255e-07	8
1.090930256e-06	8.413065654e-07	8
1.110911984e-06	8.418298054e-07	8
1.130893713e-06	8.423530454e-07	8
1.150875441e-06	8.428762854e-07	8
1.170857169e-06	8.433995253e-07	8
1.190838898e-06	8.439227653e-07	8
1.210820626e-06	8.444460053e-07	8
1.230802354e-06	8.449692452e-07	8
1.250784083e-06	8.454924852e-07	8
1.270765811e-06	8.460157252e-07	8
1.29074754e-06	8.465389652e-07	8
1.310729268e-06	8.470622051e-07	8
1.330710996e-06	8.475854451e-07	8
1.350692725e-06	8.481086851e-07	8
1.370674453e-06	8.486319251e-07	8
1.390656181e-06	8.49155165e-07	8
1.41063791e-06	8.49678405e-07	8
1.430619638e-06	8.50201645e-07	8
1.450601367e-06	8.507248849e-07	8
1.470583095e-06	8.512481249e-07	8
1.490564823e-06	8.517713649e-07	8
1.510546552e-06	8.522946049e-07	8
1.53052828e-06	8.528178448e-07	8
1.550510008e-06	8.533410848e-07	8
1.570491737e-06	8.538643248e-07	8
1.590473465e-06	8.543875647e-07	8
1.610455193e-06	8.549108047e-07	8
1.630436922e-06	8.554340447e-07	8
1.65041865e-06	8.559572847e-07	8
1.670400379e-06	8.564805246e-07	8
1.690382107e-06	8.570037646e-07	8
1.710363835e-06	8.575270046e-07	8
1.730345564e-06	8.580502445e-07	8
1.750327292e-06	8.585734845e-07	8
1.77030902e-06	8.590967245e-07	8
1.790290749e-06	8.596199645e-07	8
1.810272477e-06	8.601432044e-07	8
1.830254206e-06	8.606664444e-07	8
1.850235934e-06	8.611896844e-07	8
1.870217662e-06	8.617129243e-07	8
1.890199391e-06	8.622361643e-07	8
1.910181119e-06	8.627594043e-07	8
1.930162847e-06	8.632826443e-07	8
1.950144576e-06	8.638058842e-07	8
1.970126304e-06	8.643291242e-07	8
1.990108033e-06	8.648523642e-07	8
2.010089761e-06	8.653756042e-07	8
2.030071489e-06	8.658988441e-07	8
2.050053218e-06	8.664220841e-07	8
2.070034946e-06	8.669453241e-07	8
2.090016674e-06	8.67468564e-07	8
2.109998403e-06	8.67991804e-07	8
2.129980131e-06	8.68515044e-07	8
2.149961859e-06	8.69038284e-07	8
2.169943588e-06	8.695615239e-07	8
2.189925316e-06	8.700847639e-07	8
2.209907045e-06	8.706080039e-07	8
2.229888773e-06	8.711312438e-07	8
2.229888773e-06	8.711312438e-07	0
2.21012297e-06	8.734287496e-07	0
2.190357166e-06	8.757262554e-07	0
2.170591363e-06	8.780237612e-07	0
2.15082556e-06	8.803212671e-07	0
2.131059756e-06	8.826187729e-07	0
2.111293953e-06	8.849162787e-07	0
2.091528149e-06	8.872137845e-07	0
2.071762346e-06	8.895112903e-07	0
2.051996543e-06	8.918087961e-07	0
2.032230739e-06	8.941063019e-07	0
2.012464936e-06	8.964038077e-07	0
1.992699133e-06	8.987013135e-07	0
1.972933329e-06	9.009988193e-07	0
1.953167526e-06	9.032963251e-07	0
1.933401723e-06	9.055938309e-07	0
1.913635919e-06	9.078913367e-07	0
1.893870116e-06	9.101888425e-07	0
1.874104312e-06	9.124863483e-07	0
1.854338509e-06	9.147838541e-07	0
1.834572706e-06	9.170813599e-07	0
1.814806902e-06	9.193788657e-07	0
1.795041099e-06	9.216763715e-07	0
1.775275296e-06	9.239738773e-07	0
1.755509492e-06	9.262713831e-07	0
1.735743689e-06	9.285688889e-07	0
1.715977886e-06	9.308663947e-07	0
1.696212082e-06	9.331639005e-07	0
1.676446279e-06	9.354614063e-07	0
1.656680476e-06	9.377589121e-07	0
1.636914672e-06	9.400564179e-07	0
1.617148869e-06	9.423539237e-07	0
1.597383065e-06	9.446514295e-07	0
1.577617262e-06	9.469489353e-07	0
1.557851459e-06	9.492464411e-07	0
1.538085655e-06	9.515439469e-07	0
1.518319852e-06	9.538414527e-07	0
1.498554049e-06	9.561389585e-07	0
1.478788245e-06	9.584364643e-07	0
1.459022442e-06	9.607339701e-07	0
1.439256639e-06	9.630314759e-07	0
1.419490835e-06	9.653289817e-07	0
1.399725032e-06	9.676264875e-07	0
1.379959229e-06	9.699239933e-07	0
1.360193425e-06	9.722214991e-07	0
1.340427622e-06	9.745190049e-07	0
1.320661818e-06	9.768165107e-07	0
1.300896015e-06	9.791140165e-07	0
1.281130212e-06	9.814115223e-07	0
1.261364408e-06	9.837090282e-07	0
1.241598605e-06	9.86006534e-07	0
1.221832802e-06	9.883040398e-07	0
1.202066998e-06	9.906015456e-07	0
1.182301195e-06	9.928990514e-07	0
1.162535392e-06	9.951965572e-07	0
1.142769588e-06	9.97494063e-07	0
1.123003785e-06	9.997915688e-07	0
1.103237982e-06	1.002089075e-06	0
1.083472178e-06	1.00438658e-06	0
1.063706375e-06	1.006684086e-06	0
1.043940571e-06	1.008981592e-06	0
1.024174768e-06	1.011279098e-06	0
1.004408965e-06	1.013576604e-06	0
9.846431614e-07	1.015874109e-06	0
9.64877358e-07	1.018171615e-06	0
9.451115547e-07	1.020469121e-06	0
9.253457513e-07	1.022766627e-06	0
9.05579948e-07	1.025064133e-06	0
8.858141446e-07	1.027361638e-06	0
8.660483413e-07	1.029659144e-06	0
8.660483413e-07	1.029659144e-06	-8
8.860300696e-07	1.030182384e-06	-8
9.06011798e-07	1.030705624e-06	-8
9.259935264e-07	1.031228864e-06	-8
9.459752547e-07	1.031752104e-06	-8
9.659569831e-07	1.032275344e-06	-8
9.859387115e-07	1.032798584e-06	-8
1.00592044e-06	1.033321824e-06	-8
1.025902168e-06	1.033845064e-06	-8
1.045883897e-06	1.034368304e-06	-8
1.065865625e-06	1.034891544e-06	-8
1.085847353e-06	1.035414784e-06	-8
1.105829082e-06	1.035938024e-06	-8
1.12581081e-06	1.036461264e-06	-8
1.145792538e-06	1.036984504e-06	-8
1.165774267e-06	1.037507744e-06	-8
1.185755995e-06	1.038030984e-06	-8
1.205737724e-06	1.038554224e-06	-8
1.225719452e-06	1.039077464e-06	-8
1.24570118e-06	1.039600704e-06	-8
1.265682909e-06	1.040123944e-06	-8
1.285664637e-06	1.040647184e-06	-8
1.305646365e-06	1.041170424e-06	-8
1.325628094e-06	1.041693664e-06	-8
1.345609822e-06	1.042216904e-06	-8
1.36559155e-06	1.042740143e-06	-8
1.385573279e-06	1.043263383e-06	-8
1.405555007e-06	1.043786623e-06	-8
1.425536736e-06	1.044309863e-06	-8
1.445518464e-06	1.044833103e-06	-8
1.465500192e-06	1.045356343e-06	-8
1.485481921e-06	1.045879583e-06	-8
1.505463649e-06	1.046402823e-06	-8
1.525445377e-06	1.046926063e-06	-8
1.545427106e-06	1.047449303e-06	-8
1.565408834e-06	1.047972543e-06	-8
1.585390563e-06	1.048495783e-06	-8
1.605372291e-06	1.049019023e-06	-8
1.625354019e-06	1.049542263e-06	-8
1.645335748e-06	1.050065503e-06	-8
1.665317476e-06	1.050588743e-06	-8
1.685299204e-06	1.051111983e-06	-8
1.705280933e-06	1.051635223e-06	-8
1.725262661e-06	1.052158463e-06	-8
1.745244389e-06	1.052681703e-06	-8
1.765226118e-06	1.053204943e-06	-8
1.785207846e-06	1.053728183e-06	-8
1.805189575e-06	1.054251423e-06	-8
1.825171303e-06	1.054774663e-06	-8
1.845153031e-06	1.055297903e-06	-8
1.86513476e-06	1.055821143e-06	-8
1.885116488e-06	1.056344383e-06	-8
1.905098216e-06	1.056867623e-06	-8
1.925079945e-06	1.057390863e-06	-8
1.945061673e-06	1.057914103e-06	-8
1.965043402e-06	1.058437343e-06	-8
1.98502513e-06	1.058960583e-06	-8
2.005006858e-06	1.059483823e-06	-8
2.024988587e-06	1.060007063e-06	-8
2.044970315e-06	1.060530303e-06	-8
2.064952043e-06	1.061053543e-06	-8
2.084933772e-06	1.061576782e-06	-8
2.1049155e-06	1.062100022e-06	-8
2.124897229e-06	1.062623262e-06	-8
2.144878957e-06	1.063146502e-06	-8
2.164860685e-06	1.063669742e-06	-8
2.184842414e-06	1.064192982e-06	-8
2.204824142e-06	1.064716222e-06	-8
2.22480587e-06	1.065239462e-06	-8
2.22480587e-06	1.065239462e-06	0
2.205040067e-06	1.067536968e-06	0
2.185274264e-06	1.069834474e-06	0
2.16550846e-06	1.07213198e-06	0
2.145742657e-06	1.074429485e-06	0
2.125976854e-06	1.076726991e-06	0
2.10621105e-06	1.079024497e-06	0
2.086445247e-06	1.081322003e-06	0
2.066679443e-06	1.083619509e-06	0
2.04691364e-06	1.085917015e-06	0
2.027147837e-06	1.08821452e-06	0
2.007382033e-06	1.090512026e-06	0
1.98761623e-06	1.092809532e-06	0
1.967850427e-06	1.095107038e-06	0
1.948084623e-06	1.097404544e-06	0
1.92831882e-06	1.099702049e-06	0
1.908553017e-06	1.101999555e-06	0
1.888787213e-06	1.104297061e-06	0
1.86902141e-06	1.106594567e-06	0
1.849255607e-06	1.108892073e-06	0
1.829489803e-06	1.111189578e-06	0
1.809724e-06	1.113487084e-06	0
1.789958196e-06	1.11578459e-06	0
1.770192393e-06	1.118082096e-06	0
1.75042659e-06	1.120379602e-06	0
1.730660786e-06	1.122677107e-06	0
1.710894983e-06	1.124974613e-06	0
1.69112918e-06	1.127272119e-06	0
1.671363376e-06	1.129569625e-06	0
1.651597573e-06	1.131867131e-06	0
1.63183177e-06	1.134164636e-06	0
1.612065966e-06	1.136462142e-06	0
1.592300163e-06	1.138759648e-06	0
1.57253436e-06	1.141057154e-06	0
1.552768556e-06	1.14335466e-06	0
1.533002753e-06	1.145652165e-06	0
1.513236949e-06	1.147949671e-06	0
1.493471146e-06	1.150247177e-06	0
1.473705343e-06	1.152544683e-06	0
1.453939539e-06	1.154842189e-06	0
1.434173736e-06	1.157139694e-06	0
1.414407933e-06	1.1594372e-06	0
1.394642129e-06	1.161734706e-06	0
1.374876326e-06	1.164032212e-06	0
1.355110523e-06	1.166329718e-06	0
1.335344719e-06	1.168627223e-06	0
1.315578916e-06	1.170924729e-06	0
1.295813113e-06	1.173222235e-06	0
1.276047309e-06	1.175519741e-06	0
1.256281506e-06	1.177817247e-06	0
1.236515702e-06	1.180114752e-06	0
1.216749899e-06	1.182412258e-06	0
1.196984096e-06	1.184709764e-06	0
1.177218292e-06	1.18700727e-06	0
1.157452489e-06	1.189304776e-06	0
1.137686686e-06	1.191602281e-06	0
1.117920882e-06	1.193899787e-06	0
1.098155079e-06	1.196197293e-06	0
1.078389276e-06	1.198494799e-06	0
1.058623472e-06	1.200792305e-06	0
1.038857669e-06	1.20308981e-06	0
1.019091866e-06	1.205387316e-06	0
9.993260622e-07	1.207684822e-06	0
9.795602588e-07	1.209982328e-06	0
9.597944555e-07	1.212279834e-06	0
9.400286521e-07	1.214577339e-06	0
9.202628487e-07	1.216874845e-06	0
9.004970454e-07	1.219172351e-06	0
8.80731242e-07	1.221469857e-06	0
8.609654387e-07	1.223767363e-06	0
8.609654387e-07	1.223767363e-06	8
8.80947167e-07	1.224290603e-06	8
9.009288954e-07	1.224813843e-06	8
9.209106238e-07	1.225337083e-06	8
9.408923522e-07	1.225860323e-06	8
9.608740805e-07	1.226383562e-06	8
9.808558089e-07	1.226906802e-06	8
1.000837537e-06	1.227430042e-06	8
1.020819266e-06	1.227953282e-06	8
1.040800994e-06	1.228476522e-06	8
1.060782722e-06	1.228999762e-06	8
1.080764451e-06	1.229523002e-06	8
1.100746179e-06	1.230046242e-06	8
1.120727907e-06	1.230569482e-06	8
1.140709636e-06	1.231092722e-06	8
1.160691364e-06	1.231615962e-06	8
1.180673093e-06	1.232139202e-06	8
1.200654821e-06	1.232662442e-06	8
1.220636549e-06	1.233185682e-06	8
1.240618278e-06	1.233708922e-06	8
1.260600006e-06	1.234232162e-06	8
1.280581734e-06	1.234755402e-06	8
1.300563463e-06	1.235278642e-06	8
1.320545191e-06	1.235801882e-06	8
1.34052692e-06	1.236325122e-06	8
1.360508648e-06	1.236848362e-06	8
1.380490376e-06	1.237371602e-06	8
1.400472105e-06	1.237894842e-06	8
1.420453833e-06	1.238418082e-06	8
1.440435561e-06	1.238941322e-06	8
1.46041729e-06	1.239464562e-06	8
1.480399018e-06	1.239987802e-06	8
1.500380746e-06	1.240511042e-06	8
1.520362475e-06	1.241034282e-06	8
1.540344203e-06	1.241557522e-06	8
1.560325932e-06	1.242080762e-06	8
1.58030766e-06	1.242604002e-06	8
1.600289388e-06	1.243127242e-06	8
1.620271117e-06	1.243650482e-06	8
1.640252845e-06	1.244173722e-06	8
1.660234573e-06	1.244696962e-06	8
1.680216302e-06	1.245220201e-06	8
1.70019803e-06	1.245743441e-06	8
1.720179759e-06	1.246266681e-06	8
1.740161487e-06	1.246789921e-06	8
1.760143215e-06	1.247313161e-06	8
1.780124944e-06	1.247836401e-06	8
1.800106672e-06	1.248359641e-06	8
1.8200884e-06	1.248882881e-06	8
1.840070129e-06	1.249406121e-06	8
1.860051857e-06	1.249929361e-06	8
1.880033585e-06	1.250452601e-06	8
1.900015314e-06	1.250975841e-06	8
1.919997042e-06	1.251499081e-06	8
1.939978771e-06	1.252022321e-06	8
1.959960499e-06	1.252545561e-06	8
1.979942227e-06	1.253068801e-06	8
1.999923956e-06	1.253592041e-06	8
2.019905684e-06	1.254115281e-06	8
2.039887412e-06	1.254638521e-06	8
2.059869141e-06	1.255161761e-06	8
2.079850869e-06	1.255685001e-06	8
2.099832598e-06	1.256208241e-06	8
2.119814326e-06	1.256731481e-06	8
2.139796054e-06	1.257254721e-06	8
2.159777783e-06	1.257777961e-06	8
2.179759511e-06	1.258301201e-06	8
2.199741239e-06	1.258824441e-06	8
2.219722968e-06	1.259347681e-06	8
2.219722968e-06	1.259347681e-06	0
2.199957164e-06	1.261645187e-06	0
2.180191361e-06	1.263942692e-06	0
2.160425558e-06	1.266240198e-06	0
2.140659754e-06	1.268537704e-06	0
2.120893951e-06	1.27083521e-06	0
2.101128148e-06	1.273132716e-06	0
2.081362344e-06	1.275430221e-06	0
2.061596541e-06	1.277727727e-06	0
2.041830738e-06	1.280025233e-06	0
2.022064934e-06	1.282322739e-06	0
2.002299131e-06	1.284620245e-06	0
1.982533327e-06	1.28691775e-06	0
1.962767524e-06	1.289215256e-06	0
1.943001721e-06	1.291512762e-06	0
1.923235917e-06	1.293810268e-06	0
1.903470114e-06	1.296107774e-06	0
1.883704311e-06	1.298405279e-06	0
1.863938507e-06	1.300702785e-06	0
1.844172704e-06	1.303000291e-06	0
1.824406901e-06	1.305297797e-06	0
1.804641097e-06	1.307595303e-06	0
1.784875294e-06	1.309892808e-06	0
1.765109491e-06	1.312190314e-06	0
1.745343687e-06	1.31448782e-06	0
1.725577884e-06	1.316785326e-06	0
1.70581208e-06	1.319082832e-06	0
1.686046277e-06	1.321380337e-06	0
1.666280474e-06	1.323677843e-06	0
1.64651467e-06	1.325975349e-06	0
1.626748867e-06	1.328272855e-06	0
1.606983064e-06	1.330570361e-06	0
1.58721726e-06	1.332867866e-06	0
1.567451457e-06	1.335165372e-06	0
1.547685654e-06	1.337462878e-06	0
1.52791985e-06	1.339760384e-06	0
1.508154047e-06	1.34205789e-06	0
1.488388244e-06	1.344355395e-06	0
1.46862244e-06	1.346652901e-06	0
1.448856637e-06	1.348950407e-06	0
1.429090833e-06	1.351247913e-06	0
1.40932503e-06	1.353545419e-06	0
1.389559227e-06	1.355842924e-06	0
1.369793423e-06	1.35814043e-06	0
1.35002762e-06	1.360437936e-06	0
1.330261817e-06	1.362735442e-06	0
1.310496013e-06	1.365032948e-06	0
1.29073021e-06	1.367330453e-06	0
1.270964407e-06	1.369627959e-06	0
1.251198603e-06	1.371925465e-06	0
1.2314328e-06	1.374222971e-06	0
1.211666997e-06	1.376520477e-06	0
1.191901193e-06	1.378817982e-06	0
1.17213539e-06	1.381115488e-06	0
1.152369586e-06	1.383412994e-06	0
1.132603783e-06	1.3857105e-06	0
1.11283798e-06	1.388008006e-06	0
1.093072176e-06	1.390305511e-06	0
1.073306373e-06	1.392603017e-06	0
1.05354057e-06	1.394900523e-06	0
1.033774766e-06	1.397198029e-06	0
1.014008963e-06	1.399495535e-06	0
9.942431596e-07	1.40179304e-06	0
9.744773562e-07	1.404090546e-06	0
9.547115529e-07	1.406388052e-06	0
9.349457495e-07	1.408685558e-06	0
9.151799462e-07	1.410983064e-06	0
8.954141428e-07	1.413280569e-06	0
8.756483394e-07	1.415578075e-06	0
8.558825361e-07	1.417875581e-06	0
8.558825361e-07	1.417875581e-06	-8
8.758642645e-07	1.418398821e-06	-8
8.958459928e-07	1.418922061e-06	-8
9.158277212e-07	1.419445301e-06	-8
9.358094496e-07	1.419968541e-06	-8
9.557911779e-07	1.420491781e-06	-8
9.757729063e-07	1.421015021e-06	-8
9.957546347e-07	1.421538261e-06	-8
1.015736363e-06	1.422061501e-06	-8
1.035718091e-06	1.422584741e-06	-8
1.05569982e-06	1.423107981e-06	-8
1.075681548e-06	1.423631221e-06	-8
1.095663277e-06	1.424154461e-06	-8
1.115645005e-06	1.424677701e-06	-8
1.135626733e-06	1.425200941e-06	-8
1.155608462e-06	1.425724181e-06	-8
1.17559019e-06	1.426247421e-06	-8
1.195571918e-06	1.426770661e-06	-8
1.215553647e-06	1.427293901e-06	-8
1.235535375e-06	1.427817141e-06	-8
1.255517103e-06	1.428340381e-06	-8
1.275498832e-06	1.42886362e-06	-8
1.29548056e-06	1.42938686e-06	-8
1.315462289e-06	1.4299101e-06	-8
1.335444017e-06	1.43043334e-06	-8
1.355425745e-06	1.43095658e-06	-8
1.375407474e-06	1.43147982e-06	-8
1.395389202e-06	1.43200306e-06	-8
1.41537093e-06	1.4325263e-06	-8
1.435352659e-06	1.43304954e-06	-8
1.455334387e-06	1.43357278e-06	-8
1.475316116e-06	1.43409602e-06	-8
1.495297844e-06	1.43461926e-06	-8
1.515279572e-06	1.4351425e-06	-8
1.535261301e-06	1.43566574e-06	-8
1.555243029e-06	1.43618898e-06	-8
1.575224757e-06	1.43671222e-06	-8
1.595206486e-06	1.43723546e-06	-8
1.615188214e-06	1.4377587e-06	-8
1.635169942e-06	1.43828194e-06	-8
1.655151671e-06	1.43880518e-06	-8
1.675133399e-06	1.43932842e-06	-8
1.695115128e-06	1.43985166e-06	-8
1.715096856e-06	1.4403749e-06	-8
1.735078584e-06	1.44089814e-06	-8
1.755060313e-06	1.44142138e-06	-8
1.775042041e-06	1.44194462e-06	-8
1.795023769e-06	1.44246786e-06	-8
1.815005498e-06	1.4429911e-06	-8
1.834987226e-06	1.44351434e-06	-8
1.854968955e-06	1.44403758e-06	-8
1.874950683e-06	1.44456082e-06	-8
1.894932411e-06	1.44508406e-06	-8
1.91491414e-06	1.4456073e-06	-8
1.934895868e-06	1.44613054e-06	-8
1.954877596e-06	1.44665378e-06	-8
1.974859325e-06	1.44717702e-06	-8
1.994841053e-06	1.447700259e-06	-8
2.014822781e-06	1.448223499e-06	-8
2.03480451e-06	1.448746739e-06	-8
2.054786238e-06	1.449269979e-06	-8
2.074767967e-06	1.449793219e-06	-8
2.094749695e-06	1.450316459e-06	-8
2.114731423e-06	1.450839699e-06	-8
2.134713152e-06	1.451362939e-06	-8
2.15469488e-06	1.451886179e-06	-8
2.174676608e-06	1.452409419e-06	-8
2.194658337e-06	1.452932659e-06	-8
2.214640065e-06	1.453455899e-06	-8
2.214640065e-06	1.453455899e-06	0
2.194874262e-06	1.455753405e-06	0
2.175108458e-06	1.458050911e-06	0
2.155342655e-06	1.460348417e-06	0
2.135576852e-06	1.462645922e-06	0
2.115811048e-06	1.464943428e-06	0
2.096045245e-06	1.467240934e-06	0
2.076279442e-06	1.46953844e-06	0
2.056513638e-06	1.471835946e-06	0
2.036747835e-06	1.474133451e-06	0
2.016982032e-06	1.476430957e-06	0
1.997216228e-06	1.478728463e-06	0
1.977450425e-06	1.481025969e-06	0
1.957684622e-06	1.483323475e-06	0
1.937918818e-06	1.48562098e-06	0
1.918153015e-06	1.487918486e-06	0
1.898387211e-06	1.490215992e-06	0
1.878621408e-06	1.492513498e-06	0
1.858855605e-06	1.494811004e-06	0
1.839089801e-06	1.497108509e-06	0
1.819323998e-06	1.499406015e-06	0
1.799558195e-06	1.501703521e-06	0
1.779792391e-06	1.504001027e-06	0
1.760026588e-06	1.506298533e-06	0
1.740260785e-06	1.508596038e-06	0
1.720494981e-06	1.510893544e-06	0
1.700729178e-06	1.51319105e-06	0
1.680963375e-06	1.515488556e-06	0
1.661197571e-06	1.517786062e-06	0
1.641431768e-06	1.520083567e-06	0
1.621665964e-06	1.522381073e-06	0
1.601900161e-06	1.524678579e-06	0
1.582134358e-06	1.526976085e-06	0
1.562368554e-06	1.529273591e-06	0
1.542602751e-06	1.531571096e-06	0
1.522836948e-06	1.533868602e-06	0
1.503071144e-06	1.536166108e-06	0
1.483305341e-06	1.538463614e-06	0
1.463539538e-06	1.54076112e-06	0
1.443773734e-06	1.543058625e-06	0
1.424007931e-06	1.545356131e-06	0
1.404242128e-06	1.547653637e-06	0
1.384476324e-06	1.549951143e-06	0
1.364710521e-06	1.552248649e-06	0
1.344944717e-06	1.554546154e-06	0
1.325178914e-06	1.55684366e-06	0
1.305413111e-06	1.559141166e-06	0
1.285647307e-06	1.561438672e-06	0
1.265881504e-06	1.563736178e-06	0
1.246115701e-06	1.566033683e-06	0
1.226349897e-06	1.568331189e-06	0
1.206584094e-06	1.570628695e-06	0
1.186818291e-06	1.572926201e-06	0
1.167052487e-06	1.575223707e-06	0
1.147286684e-06	1.577521212e-06	0
1.127520881e-06	1.579818718e-06	0
1.107755077e-06	1.582116224e-06	0
1.087989274e-06	1.58441373e-06	0
1.06822347e-06	1.586711236e-06	0
1.048457667e-06	1.589008741e-06	0
1.028691864e-06	1.591306247e-06	0
1.00892606e-06	1.593603753e-06	0
9.89160257e-07	1.595901259e-06	0
9.693944537e-07	1.598198765e-06	0
9.496286503e-07	1.600496271e-06	0
9.298628469e-07	1.602793776e-06	0
9.100970436e-07	1.605091282e-06	0
8.903312402e-07	1.607388788e-06	0
8.705654369e-07	1.609686294e-06	0
8.507996335e-07	1.6119838e-06	0
8.507996335e-07	1.6119838e-06	8
8.707813619e-07	1.612507039e-06	8
8.907630902e-07	1.613030279e-06	8
9.107448186e-07	1.613553519e-06	8
9.30726547e-07	1.614076759e-06	8
9.507082754e-07	1.614599999e-06	8
9.706900037e-07	1.615123239e-06	8
9.906717321e-07	1.615646479e-06	8
1.01065346e-06	1.616169719e-06	8
1.030635189e-06	1.616692959e-06	8
1.050616917e-06	1.617216199e-06	8
1.070598646e-06	1.617739439e-06	8
1.090580374e-06	1.618262679e-06	8
1.110562102e-06	1.618785919e-06	8
1.130543831e-06	1.619309159e-06	8
1.150525559e-06	1.619832399e-06	8
1.170507287e-06	1.620355639e-06	8
1.190489016e-06	1.620878879e-06	8
1.210470744e-06	1.621402119e-06	8
1.230452473e-06	1.621925359e-06	8
1.250434201e-06	1.622448599e-06	8
1.270415929e-06	1.622971839e-06	8
1.290397658e-06	1.623495079e-06	8
1.310379386e-06	1.624018319e-06	8
1.330361114e-06	1.624541559e-06	8
1.350342843e-06	1.625064799e-06	8
1.370324571e-06	1.625588039e-06	8
1.390306299e-06	1.626111279e-06	8
1.410288028e-06	1.626634519e-06	8
1.430269756e-06	1.627157759e-06	8
1.450251485e-06	1.627680999e-06	8
1.470233213e-06	1.628204239e-06	8
1.490214941e-06	1.628727479e-06	8
1.51019667e-06	1.629250719e-06	8
1.530178398e-06	1.629773959e-06	8
1.550160126e-06	1.630297199e-06	8
1.570141855e-06	1.630820439e-06	8
1.590123583e-06	1.631343678e-06	8
1.610105312e-06	1.631866918e-06	8
1.63008704e-06	1.632390158e-06	8
1.650068768e-06	1.632913398e-06	8
1.670050497e-06	1.633436638e-06	8
1.690032225e-06	1.633959878e-06	8
1.710013953e-06	1.634483118e-06	8
1.729995682e-06	1.635006358e-06	8
1.74997741e-06	1.635529598e-06	8
1.769959138e-06	1.636052838e-06	8
1.789940867e-06	1.636576078e-06	8
1.809922595e-06	1.637099318e-06	8
1.829904324e-06	1.637622558e-06	8
1.849886052e-06	1.638145798e-06	8
1.86986778e-06	1.638669038e-06	8
1.889849509e-06	1.639192278e-06	8
1.909831237e-06	1.639715518e-06	8
1.929812965e-06	1.640238758e-06	8
1.949794694e-06	1.640761998e-06	8
1.969776422e-06	1.641285238e-06	8
1.989758151e-06	1.641808478e-06	8
2.009739879e-06	1.642331718e-06	8
2.029721607e-06	1.642854958e-06	8
2.049703336e-06	1.643378198e-06	8
2.069685064e-06	1.643901438e-06	8
2.089666792e-06	1.644424678e-06	8
2.109648521e-06	1.644947918e-06	8
2.129630249e-06	1.645471158e-06	8
2.149611977e-06	1.645994398e-06	8
2.169593706e-06	1.646517638e-06	8
2.189575434e-06	1.647040878e-06	8
2.209557163e-06	1.647564118e-06	8
2.209557163e-06	1.647564118e-06	0
2.189791359e-06	1.649861623e-06	0
2.170025556e-06	1.652159129e-06	0
2.150259753e-06	1.654456635e-06	0
2.130493949e-06	1.656754141e-06	0
2.110728146e-06	1.659051647e-06	0
2.090962342e-06	1.661349152e-06	0
2.071196539e-06	1.663646658e-06	0
2.051430736e-06	1.665944164e-06	0
2.031664932e-06	1.66824167e-06	0
2.011899129e-06	1.670539176e-06	0
1.992133326e-06	1.672836681e-06	0
1.972367522e-06	1.675134187e-06	0
1.952601719e-06	1.677431693e-06	0
1.932835916e-06	1.679729199e-06	0
1.913070112e-06	1.682026705e-06	0
1.893304309e-06	1.68432421e-06	0
1.873538506e-06	1.686621716e-06	0
1.853772702e-06	1.688919222e-06	0
1.834006899e-06	1.691216728e-06	0
1.814241095e-06	1.693514234e-06	0
1.794475292e-06	1.695811739e-06	0
1.774709489e-06	1.698109245e-06	0
1.754943685e-06	1.700406751e-06	0
1.735177882e-06	1.702704257e-06	0
1.715412079e-06	1.705001763e-06	0
1.695646275e-06	1.707299268e-06	0
1.675880472e-06	1.709596774e-06	0
1.656114669e-06	1.71189428e-06	0
1.636348865e-06	1.714191786e-06	0
1.616583062e-06	1.716489292e-06	0
1.596817259e-06	1.718786797e-06	0
1.577051455e-06	1.721084303e-06	0
1.557285652e-06	1.723381809e-06	0
1.537519848e-06	1.725679315e-06	0
1.517754045e-06	1.727976821e-06	0
1.497988242e-06	1.730274326e-06	0
1.478222438e-06	1.732571832e-06	0
1.458456635e-06	1.734869338e-06	0
1.438690832e-06	1.737166844e-06	0
1.418925028e-06	1.73946435e-06	0
1.399159225e-06	1.741761856e-06	0
1.379393422e-06	1.744059361e-06	0
1.359627618e-06	1.746356867e-06	0
1.339861815e-06	1.748654373e-06	0
1.320096012e-06	1.750951879e-06	0
1.300330208e-06	1.753249385e-06	0
1.280564405e-06	1.75554689e-06	0
1.260798601e-06	1.757844396e-06	0
1.241032798e-06	1.760141902e-06	0
1.221266995e-06	1.762439408e-06	0
1.201501191e-06	1.764736914e-06	0
1.181735388e-06	1.767034419e-06	0
1.161969585e-06	1.769331925e-06	0
1.142203781e-06	1.771629431e-06	0
1.122437978e-06	1.773926937e-06	0
1.102672175e-06	1.776224443e-06	0
1.082906371e-06	1.778521948e-06	0
1.063140568e-06	1.780819454e-06	0
1.043374764e-06	1.78311696e-06	0
1.023608961e-06	1.785414466e-06	0
1.003843158e-06	1.787711972e-06	0
9.840773544e-07	1.790009477e-06	0
9.643115511e-07	1.792306983e-06	0
9.445457477e-07	1.794604489e-06	0
9.247799444e-07	1.796901995e-06	0
9.05014141e-07	1.799199501e-06	0
8.852483376e-07	1.801497006e-06	0
8.654825343e-07	1.803794512e-06	0
8.457167309e-07	1.806092018e-06	0
8.457167309e-07	1.806092018e-06	-8
8.656984593e-07	1.806615258e-06	-8
8.856801877e-07	1.807138498e-06	-8
9.05661916e-07	1.807661738e-06	-8
9.256436444e-07	1.808184978e-06	-8
9.456253728e-07	1.808708218e-06	-8
9.656071011e-07	1.809231458e-06	-8
9.855888295e-07	1.809754698e-06	-8
1.005570558e-06	1.810277938e-06	-8
1.025552286e-06	1.810801178e-06	-8
1.045534015e-06	1.811324418e-06	-8
1.065515743e-06	1.811847658e-06	-8
1.085497471e-06	1.812370898e-06	-8
1.1054792e-06	1.812894138e-06	-8
1.125460928e-06	1.813417378e-06	-8
1.145442656e-06	1.813940618e-06	-8
1.165424385e-06	1.814463858e-06	-8
1.185406113e-06	1.814987097e-06	-8
1.205387842e-06	1.815510337e-06	-8
1.22536957e-06	1.816033577e-06	-8
1.245351298e-06	1.816556817e-06	-8
1.265333027e-06	1.817080057e-06	-8
1.285314755e-06	1.817603297e-06	-8
1.305296483e-06	1.818126537e-06	-8
1.325278212e-06	1.818649777e-06	-8
1.34525994e-06	1.819173017e-06	-8
1.365241669e-06	1.819696257e-06	-8
1.385223397e-06	1.820219497e-06	-8
1.405205125e-06	1.820742737e-06	-8
1.425186854e-06	1.821265977e-06	-8
1.445168582e-06	1.821789217e-06	-8
1.46515031e-06	1.822312457e-06	-8
1.485132039e-06	1.822835697e-06	-8
1.505113767e-06	1.823358937e-06	-8
1.525095495e-06	1.823882177e-06	-8
1.545077224e-06	1.824405417e-06	-8
1.565058952e-06	1.824928657e-06	-8
1.585040681e-06	1.825451897e-06	-8
1.605022409e-06	1.825975137e-06	-8
1.625004137e-06	1.826498377e-06	-8
1.644985866e-06	1.827021617e-06	-8
1.664967594e-06	1.827544857e-06	-8
1.684949322e-06	1.828068097e-06	-8
1.704931051e-06	1.828591337e-06	-8
1.724912779e-06	1.829114577e-06	-8
1.744894508e-06	1.829637817e-06	-8
1.764876236e-06	1.830161057e-06	-8
1.784857964e-06	1.830684297e-06	-8
1.804839693e-06	1.831207537e-06	-8
1.824821421e-06	1.831730777e-06	-8
1.844803149e-06	1.832254017e-06	-8
1.864784878e-06	1.832777257e-06	-8
1.884766606e-06	1.833300497e-06	-8
1.904748334e-06	1.833823736e-06	-8
1.924730063e-06	1.834346976e-06	-8
1.944711791e-06	1.834870216e-06	-8
1.96469352e-06	1.835393456e-06	-8
1.984675248e-06	1.835916696e-06	-8
2.004656976e-06	1.836439936e-06	-8
2.024638705e-06	1.836963176e-06	-8
2.044620433e-06	1.837486416e-06	-8
2.064602161e-06	1.838009656e-06	-8
2.08458389e-06	1.838532896e-06	-8
2.104565618e-06	1.839056136e-06	-8
2.124547347e-06	1.839579376e-06	-8
2.144529075e-06	1.840102616e-06	-8
2.164510803e-06	1.840625856e-06	-8
2.184492532e-06	1.841149096e-06	-8
2.20447426e-06	1.841672336e-06	-8
2.20447426e-06	1.841672336e-06	0
2.184708457e-06	1.843969842e-06	0
2.164942653e-06	1.846267348e-06	0
2.14517685e-06	1.848564853e-06	0
2.125411047e-06	1.850862359e-06	0
2.105645243e-06	1.853159865e-06	0
2.08587944e-06	1.855457371e-06	0
2.066113637e-06	1.857754877e-06	0
2.046347833e-06	1.860052382e-06	0
2.02658203e-06	1.862349888e-06	0
2.006816226e-06	1.864647394e-06	0
1.987050423e-06	1.8669449e-06	0
1.96728462e-06	1.869242406e-06	0
1.947518816e-06	1.871539911e-06	0
1.927753013e-06	1.873837417e-06	0
1.90798721e-06	1.876134923e-06	0
1.888221406e-06	1.878432429e-06	0
1.868455603e-06	1.880729935e-06	0
1.8486898e-06	1.88302744e-06	0
1.828923996e-06	1.885324946e-06	0
1.809158193e-06	1.887622452e-06	0
1.78939239e-06	1.889919958e-06	0
1.769626586e-06	1.892217464e-06	0
1.749860783e-06	1.89451497e-06	0
1.730094979e-06	1.896812475e-06	0
1.710329176e-06	1.899109981e-06	0
1.690563373e-06	1.901407487e-06	0
1.670797569e-06	1.903704993e-06	0
1.651031766e-06	1.906002499e-06	0
1.631265963e-06	1.908300004e-06	0
1.611500159e-06	1.91059751e-06	0
1.591734356e-06	1.912895016e-06	0
1.571968553e-06	1.915192522e-06	0
1.552202749e-06	1.917490028e-06	0
1.532436946e-06	1.919787533e-06	0
1.512671142e-06	1.922085039e-06	0
1.492905339e-06	1.924382545e-06	0
1.473139536e-06	1.926680051e-06	0
1.453373732e-06	1.928977557e-06	0
1.433607929e-06	1.931275062e-06	0
1.413842126e-06	1.933572568e-06	0
1.394076322e-06	1.935870074e-06	0
1.374310519e-06	1.93816758e-06	0
1.354544716e-06	1.940465086e-06	0
1.334778912e-06	1.942762591e-06	0
1.315013109e-06	1.945060097e-06	0
1.295247306e-06	1.947357603e-06	0
1.275481502e-06	1.949655109e-06	0
1.255715699e-06	1.951952615e-06	0
1.235949895e-06	1.95425012e-06	0
1.216184092e-06	1.956547626e-06	0
1.196418289e-06	1.958845132e-06	0
1.176652485e-06	1.961142638e-06	0
1.156886682e-06	1.963440144e-06	0
1.137120879e-06	1.965737649e-06	0
1.117355075e-06	1.968035155e-06	0
1.097589272e-06	1.970332661e-06	0
1.077823469e-06	1.972630167e-06	0
1.058057665e-06	1.974927673e-06	0
1.038291862e-06	1.977225178e-06	0
1.018526059e-06	1.979522684e-06	0
9.987602552e-07	1.98182019e-06	0
9.789944518e-07	1.984117696e-06	0
9.592286485e-07	1.986415202e-06	0
9.394628451e-07	1.988712707e-06	0
9.196970418e-07	1.991010213e-06	0
8.999312384e-07	1.993307719e-06	0
8.801654351e-07	1.995605225e-06	0
8.603996317e-07	1.997902731e-06	0
8.406338283e-07	2.000200236e-06	0
8.406338283e-07	2.000200236e-06	8
8.606155567e-07	2.000723476e-06	8
8.805972851e-07	2.001246716e-06	8
9.005790134e-07	2.001769956e-06	8
9.205607418e-07	2.002293196e-06	8
9.405424702e-07	2.002816436e-06	8
9.605241986e-07	2.003339676e-06	8
9.805059269e-07	2.003862916e-06	8
1.000487655e-06	2.004386156e-06	8
1.020469384e-06	2.004909396e-06	8
1.040451112e-06	2.005432636e-06	8
1.06043284e-06	2.005955876e-06	8
1.080414569e-06	2.006479116e-06	8
1.100396297e-06	2.007002356e-06	8
1.120378026e-06	2.007525596e-06	8
1.140359754e-06	2.008048836e-06	8
1.160341482e-06	2.008572076e-06	8
1.180323211e-06	2.009095316e-06	8
1.200304939e-06	2.009618556e-06	8
1.220286667e-06	2.010141796e-06	8
1.240268396e-06	2.010665036e-06	8
1.260250124e-06	2.011188276e-06	8
1.280231852e-06	2.011711516e-06	8
1.300213581e-06	2.012234756e-06	8
1.320195309e-06	2.012757996e-06	8
1.340177038e-06	2.013281236e-06	8
1.360158766e-06	2.013804476e-06	8
1.380140494e-06	2.014327716e-06	8
1.400122223e-06	2.014850956e-06	8
1.420103951e-06	2.015374196e-06	8
1.440085679e-06	2.015897436e-06	8
1.460067408e-06	2.016420676e-06	8
1.480049136e-06	2.016943916e-06	8
1.500030865e-06	2.017467155e-06	8
1.520012593e-06	2.017990395e-06	8
1.539994321e-06	2.018513635e-06	8
1.55997605e-06	2.019036875e-06	8
1.579957778e-06	2.019560115e-06	8
1.599939506e-06	2.020083355e-06	8
1.619921235e-06	2.020606595e-06	8
1.639902963e-06	2.021129835e-06	8
1.659884691e-06	2.021653075e-06	8
1.67986642e-06	2.022176315e-06	8
1.699848148e-06	2.022699555e-06	8
1.719829877e-06	2.023222795e-06	8
1.739811605e-06	2.023746035e-06	8
1.759793333e-06	2.024269275e-06	8
1.779775062e-06	2.024792515e-06	8
1.79975679e-06	2.025315755e-06	8
1.819738518e-06	2.025838995e-06	8
1.839720247e-06	2.026362235e-06	8
1.859701975e-06	2.026885475e-06	8
1.879683704e-06	2.027408715e-06	8
1.899665432e-06	2.027931955e-06	8
1.91964716e-06	2.028455195e-06	8
1.939628889e-06	2.028978435e-06	8
1.959610617e-06	2.029501675e-06	8
1.979592345e-06	2.030024915e-06	8
1.999574074e-06	2.030548155e-06	8
2.019555802e-06	2.031071395e-06	8
2.03953753e-06	2.031594635e-06	8
2.059519259e-06	2.032117875e-06	8
2.079500987e-06	2.032641115e-06	8
2.099482716e-06	2.033164355e-06	8
2.119464444e-06	2.033687595e-06	8
2.139446172e-06	2.034210835e-06	8
2.159427901e-06	2.034734075e-06	8
2.179409629e-06	2.035257315e-06	8
2.199391357e-06	2.035780554e-06	8
2.199391357e-06	2.035780554e-06	0
2.179625554e-06	2.03807806e-06	0
2.159859751e-06	2.040375566e-06	0
2.140093947e-06	2.042673072e-06	0
2.120328144e-06	2.044970578e-06	0
2.100562341e-06	2.047268084e-06	0
2.080796537e-06	2.049565589e-06	0
2.061030734e-06	2.051863095e-06	0
2.041264931e-06	2.054160601e-06	0
2.021499127e-06	2.056458107e-06	0
2.001733324e-06	2.058755613e-06	0
1.98196752e-06	2.061053118e-06	0
1.962201717e-06	2.063350624e-06	0
1.942435914e-06	2.06564813e-06	0
1.92267011e-06	2.067945636e-06	0
1.902904307e-06	2.070243142e-06	0
1.883138504e-06	2.072540647e-06	0
1.8633727e-06	2.074838153e-06	0
1.843606897e-06	2.077135659e-06	0
1.823841094e-06	2.079433165e-06	0
1.80407529e-06	2.081730671e-06	0
1.784309487e-06	2.084028176e-06	0
1.764543684e-06	2.086325682e-06	0
1.74477788e-06	2.088623188e-06	0
1.725012077e-06	2.090920694e-06	0
1.705246273e-06	2.0932182e-06	0
1.68548047e-06	2.095515705e-06	0
1.665714667e-06	2.097813211e-06	0
1.645948863e-06	2.100110717e-06	0
1.62618306e-06	2.102408223e-06	0
1.606417257e-06	2.104705729e-06	0
1.586651453e-06	2.107003234e-06	0
1.56688565e-06	2.10930074e-06	0
1.547119847e-06	2.111598246e-06	0
1.527354043e-06	2.113895752e-06	0
1.50758824e-06	2.116193258e-06	0
1.487822437e-06	2.118490763e-06	0
1.468056633e-06	2.120788269e-06	0
1.44829083e-06	2.123085775e-06	0
1.428525026e-06	2.125383281e-06	0
1.408759223e-06	2.127680787e-06	0
1.38899342e-06	2.129978292e-06	0
1.369227616e-06	2.132275798e-06	0
1.349461813e-06	2.134573304e-06	0
1.32969601e-06	2.13687081e-06	0
1.309930206e-06	2.139168316e-06	0
1.290164403e-06	2.141465821e-06	0
1.2703986e-06	2.143763327e-06	0
1.250632796e-06	2.146060833e-06	0
1.230866993e-06	2.148358339e-06	0
1.21110119e-06	2.150655845e-06	0
1.191335386e-06	2.15295335e-06	0
1.171569583e-06	2.155250856e-06	0
1.151803779e-06	2.157548362e-06	0
1.132037976e-06	2.159845868e-06	0
1.112272173e-06	2.162143374e-06	0
1.092506369e-06	2.164440879e-06	0
1.072740566e-06	2.166738385e-06	0
1.052974763e-06	2.169035891e-06	0
1.033208959e-06	2.171333397e-06	0
1.013443156e-06	2.173630903e-06	0
9.936773526e-07	2.175928408e-06	0
9.739115493e-07	2.178225914e-06	0
9.541457459e-07	2.18052342e-06	0
9.343799425e-07	2.182820926e-06	0
9.146141392e-07	2.185118432e-06	0
8.948483358e-07	2.187415937e-06	0
8.750825325e-07	2.189713443e-06	0
8.553167291e-07	2.192010949e-06	0
8.355509258e-07	2.194308455e-06	0
8.355509258e-07	2.194308455e-06	-8
8.555326541e-07	2.194831695e-06	-8
8.755143825e-07	2.195354935e-06	-8
8.954961109e-07	2.195878175e-06	-8
9.154778392e-07	2.196401415e-06	-8
9.354595676e-07	2.196924655e-06	-8
9.55441296e-07	2.197447895e-06	-8
9.754230243e-07	2.197971135e-06	-8
9.954047527e-07	2.198494375e-06	-8
1.015386481e-06	2.199017615e-06	-8
1.035368209e-06	2.199540855e-06	-8
1.055349938e-06	2.200064095e-06	-8
1.075331666e-06	2.200587335e-06	-8
1.095313395e-06	2.201110574e-06	-8
1.115295123e-06	2.201633814e-06	-8
1.135276851e-06	2.202157054e-06	-8
1.15525858e-06	2.202680294e-06	-8
1.175240308e-06	2.203203534e-06	-8
1.195222036e-06	2.203726774e-06	-8
1.215203765e-06	2.204250014e-06	-8
1.235185493e-06	2.204773254e-06	-8
1.255167222e-06	2.205296494e-06	-8
1.27514895e-06	2.205819734e-06	-8
1.295130678e-06	2.206342974e-06	-8
1.315112407e-06	2.206866214e-06	-8
1.335094135e-06	2.207389454e-06	-8
1.355075863e-06	2.207912694e-06	-8
1.375057592e-06	2.208435934e-06	-8
1.39503932e-06	2.208959174e-06	-8
1.415021048e-06	2.209482414e-06	-8
1.435002777e-06	2.210005654e-06	-8
1.454984505e-06	2.210528894e-06	-8
1.474966234e-06	2.211052134e-06	-8
1.494947962e-06	2.211575374e-06	-8
1.51492969e-06	2.212098614e-06	-8
1.534911419e-06	2.212621854e-06	-8
1.554893147e-06	2.213145094e-06	-8
1.574874875e-06	2.213668334e-06	-8
1.594856604e-06	2.214191574e-06	-8
1.614838332e-06	2.214714814e-06	-8
1.634820061e-06	2.215238054e-06	-8
1.654801789e-06	2.215761294e-06	-8
1.674783517e-06	2.216284534e-06	-8
1.694765246e-06	2.216807774e-06	-8
1.714746974e-06	2.217331014e-06	-8
1.734728702e-06	2.217854254e-06	-8
1.754710431e-06	2.218377494e-06	-8
1.774692159e-06	2.218900734e-06	-8
1.794673887e-06	2.219423973e-06	-8
1.814655616e-06	2.219947213e-06	-8
1.834637344e-06	2.220470453e-06	-8
1.854619073e-06	2.220993693e-06	-8
1.874600801e-06	2.221516933e-06	-8
1.894582529e-06	2.222040173e-06	-8
1.914564258e-06	2.222563413e-06	-8
1.934545986e-06	2.223086653e-06	-8
1.954527714e-06	2.223609893e-06	-8
1.974509443e-06	2.224133133e-06	-8
1.994491171e-06	2.224656373e-06	-8
2.0144729e-06	2.225179613e-06	-8
2.034454628e-06	2.225702853e-06	-8
2.054436356e-06	2.226226093e-06	-8
2.074418085e-06	2.226749333e-06	-8
2.094399813e-06	2.227272573e-06	-8
2.114381541e-06	2.227795813e-06	-8
2.13436327e-06	2.228319053e-06	-8
2.154344998e-06	2.228842293e-06	-8
2.174326726e-06	2.229365533e-06	-8
2.194308455e-06	2.229888773e-06	-8
2.194308455e-06	2.229888773e-06	0
2.210055904e-06	2.217625849e-06	0
2.225803352e-06	2.205362926e-06	0
2.241550801e-06	2.193100002e-06	0
2.25729825e-06	2.180837078e-06	0
2.273045699e-06	2.168574155e-06	0
2.288793148e-06	2.156311231e-06	0
2.304540596e-06	2.144048307e-06	0
2.320288045e-06	2.131785384e-06	0
2.336035494e-06	2.11952246e-06	0
2.351782943e-06	2.107259536e-06	0
2.367530392e-06	2.094996613e-06	0
2.38327784e-06	2.082733689e-06	0
2.399025289e-06	2.070470765e-06	0
2.414772738e-06	2.058207842e-06	0
2.430520187e-06	2.045944918e-06	0
2.446267636e-06	2.033681994e-06	0
2.462015084e-06	2.021419071e-06	0
2.477762533e-06	2.009156147e-06	0
2.493509982e-06	1.996893223e-06	0
2.509257431e-06	1.9846303e-06	0
2.52500488e-06	1.972367376e-06	0
2.540752328e-06	1.960104452e-06	0
2.556499777e-06	1.947841528e-06	0
2.572247226e-06	1.935578605e-06	0
2.587994675e-06	1.923315681e-06	0
2.603742124e-06	1.911052757e-06	0
2.619489572e-06	1.898789834e-06	0
2.635237021e-06	1.88652691e-06	0
2.65098447e-06	1.874263986e-06	0
2.666731919e-06	1.862001063e-06	0
2.682479367e-06	1.849738139e-06	0
2.698226816e-06	1.837475215e-06	0
2.713974265e-06	1.825212292e-06	0
2.729721714e-06	1.812949368e-06	0
2.745469163e-06	1.800686444e-06	0
2.761216611e-06	1.788423521e-06	0
2.77696406e-06	1.776160597e-06	0
2.792711509e-06	1.763897673e-06	0
2.808458958e-06	1.75163475e-06	0
2.824206407e-06	1.739371826e-06	0
2.839953855e-06	1.727108902e-06	0
2.855701304e-06	1.714845979e-06	0
2.871448753e-06	1.702583055e-06	0
2.887196202e-06	1.690320131e-06	0
2.902943651e-06	1.678057208e-06	0
2.918691099e-06	1.665794284e-06	0
2.934438548e-06	1.65353136e-06	0
2.950185997e-06	1.641268437e-06	0
2.965933446e-06	1.629005513e-06	0
2.981680895e-06	1.616742589e-06	0
2.997428343e-06	1.604479666e-06	0
3.013175792e-06	1.592216742e-06	0
3.028923241e-06	1.579953818e-06	0
3.04467069e-06	1.567690895e-06	0
3.060418139e-06	1.555427971e-06	0
3.076165587e-06	1.543165047e-06	0
3.091913036e-06	1.530902124e-06	0
3.107660485e-06	1.5186392e-06	0
3.123407934e-06	1.506376276e-06	0
3.139155383e-06	1.494113353e-06	0
3.154902831e-06	1.481850429e-06	0
3.17065028e-06	1.469587505e-06	0
3.186397729e-06	1.457324582e-06	0
3.202145178e-06	1.445061658e-06	0
3.217892627e-06	1.432798734e-06	0
3.233640075e-06	1.420535811e-06	0
3.249387524e-06	1.408272887e-06	0
3.265134973e-06	1.396009963e-06	0
3.280882422e-06	1.38374704e-06	0
3.296629871e-06	1.371484116e-06	0
3.312377319e-06	1.359221192e-06	0
3.328124768e-06	1.346958269e-06	0
3.343872217e-06	1.334695345e-06	0
3.359619666e-06	1.322432421e-06	0
3.375367114e-06	1.310169498e-06	0
3.391114563e-06	1.297906574e-06	0
3.406862012e-06	1.28564365e-06	0
3.422609461e-06	1.273380727e-06	0
3.43835691e-06	1.261117803e-06	0
3.454104358e-06	1.248854879e-06	0
3.469851807e-06	1.236591956e-06	0
3.485599256e-06	1.224329032e-06	0
3.501346705e-06	1.212066108e-06	0
3.517094154e-06	1.199803185e-06	0
3.532841602e-06	1.187540261e-06	0
3.548589051e-06	1.175277337e-06	0
3.5643365e-06	1.163014414e-06	0
3.580083949e-06	1.15075149e-06	0
3.595831398e-06	1.138488566e-06	0
3.611578846e-06	1.126225643e-06	0
3.627326295e-06	1.113962719e-06	0
3.643073744e-06	1.101699795e-06	0
3.658821193e-06	1.089436872e-06	0
3.674568642e-06	1.077173948e-06	0
3.69031609e-06	1.064911024e-06	0
3.706063539e-06	1.0526481e-06	0
3.721810988e-06	1.040385177e-06	0
3.737558437e-06	1.028122253e-06	0
3.753305886e-06	1.015859329e-06	0
3.769053334e-06	1.003596406e-06	0
3.784800783e-06	9.913334821e-07	0
3.800548232e-06	9.790705585e-07	0
3.816295681e-06	9.668076348e-07	0
3.83204313e-06	9.545447111e-07	0
3.847790578e-06	9.422817875e-07	0
3.863538027e-06	9.300188638e-07	0
3.879285476e-06	9.177559401e-07	0
3.895032925e-06	9.054930164e-07	0
3.910780374e-06	8.932300928e-07	0
3.926527822e-06	8.809671691e-07	0
3.942275271e-06	8.687042454e-07	0
3.95802272e-06	8.564413218e-07	0
3.973770169e-06	8.441783981e-07	0
3.989517617e-06	8.319154744e-07	0
4.005265066e-06	8.196525507e-07	0
4.021012515e-06	8.073896271e-07	0
4.036759964e-06	7.951267034e-07	0
4.052507413e-06	7.828637797e-07	0
4.068254861e-06	7.706008561e-07	0
4.08400231e-06	7.583379324e-07	0
4.099749759e-06	7.460750087e-07	0
4.115497208e-06	7.33812085e-07	0
4.131244657e-06	7.215491614e-07	0
4.146992105e-06	7.092862377e-07	0
4.162739554e-06	6.97023314e-07	0
4.178487003e-06	6.847603904e-07	0
4.194234452e-06	6.724974667e-07	0
4.209981901e-06	6.60234543e-07	0
4.225729349e-06	6.479716193e-07	0
4.241476798e-06	6.357086957e-07	0
4.257224247e-06	6.23445772e-07	0
4.272971696e-06	6.111828483e-07	0
4.272971696e-06	6.111828483e-07	8
4.282509421e-06	6.287491527e-07	8
4.292047146e-06	6.463154571e-07	8
4.301584871e-06	6.638817614e-07	8
4.311122596e-06	6.814480658e-07	8
4.320660321e-06	6.990143702e-07	8
4.330198046e-06	7.165806745e-07	8
4.339735771e-06	7.341469789e-07	8
4.349273496e-06	7.517132833e-07	8
4.358811221e-06	7.692795876e-07	8
4.368348947e-06	7.86845892e-07	8
4.377886672e-06	8.044121963e-07	8
4.387424397e-06	8.219785007e-07	8
4.396962122e-06	8.395448051e-07	8
4.406499847e-06	8.571111094e-07	8
4.416037572e-06	8.746774138e-07	8
4.425575297e-06	8.922437182e-07	8
4.435113022e-06	9.098100225e-07	8
4.444650747e-06	9.273763269e-07	8
4.454188472e-06	9.449426313e-07	8
4.463726197e-06	9.625089356e-07	8
4.473263922e-06	9.8007524e-07	8
4.482801647e-06	9.976415444e-07	8
4.492339373e-06	1.015207849e-06	8
4.501877098e-06	1.032774153e-06	8
4.511414823e-06	1.050340457e-06	8
4.520952548e-06	1.067906762e-06	8
4.530490273e-06	1.085473066e-06	8
4.540027998e-06	1.103039371e-06	8
4.549565723e-06	1.120605675e-06	8
4.559103448e-06	1.138171979e-06	8
4.568641173e-06	1.155738284e-06	8
4.578178898e-06	1.173304588e-06	8
4.587716623e-06	1.190870892e-06	8
4.597254348e-06	1.208437197e-06	8
4.606792073e-06	1.226003501e-06	8
4.616329799e-06	1.243569805e-06	8
4.625867524e-06	1.26113611e-06	8
4.635405249e-06	1.278702414e-06	8
4.644942974e-06	1.296268719e-06	8
4.654480699e-06	1.313835023e-06	8
4.664018424e-06	1.331401327e-06	8
4.673556149e-06	1.348967632e-06	8
4.683093874e-06	1.366533936e-06	8
4.692631599e-06	1.38410024e-06	8
4.702169324e-06	1.401666545e-06	8
4.711707049e-06	1.419232849e-06	8
4.721244774e-06	1.436799153e-06	8
4.730782499e-06	1.454365458e-06	8
4.740320225e-06	1.471931762e-06	8
4.74985795e-06	1.489498067e-06	8
4.759395675e-06	1.507064371e-06	8
4.7689334e-06	1.524630675e-06	8
4.778471125e-06	1.54219698e-06	8
4.78800885e-06	1.559763284e-06	8
4.797546575e-06	1.577329588e-06	8
4.8070843e-06	1.594895893e-06	8
4.816622025e-06	1.612462197e-06	8
4.82615975e-06	1.630028502e-06	8
4.835697475e-06	1.647594806e-06	8
4.8452352e-06	1.66516111e-06	8
4.854772925e-06	1.682727415e-06	8
4.864310651e-06	1.700293719e-06	8
4.873848376e-06	1.717860023e-06	8
4.883386101e-06	1.735426328e-06	8
4.892923826e-06	1.752992632e-06	8
4.902461551e-06	1.770558936e-06	8
4.911999276e-06	1.788125241e-06	8
4.921537001e-06	1.805691545e-06	8
4.921537001e-06	1.805691545e-06	0
4.909664401e-06	1.78972261e-06	0
4.897791801e-06	1.773753675e-06	0
4.885919201e-06	1.75778474e-06	0
4.874046601e-06	1.741815805e-06	0
4.862174001e-06	1.72584687e-06	0
4.850301401e-06	1.709877936e-06	0
4.838428801e-06	1.693909001e-06	0
4.8265562e-06	1.677940066e-06	0
4.8146836e-06	1.661971131e-06	0
4.802811e-06	1.646002196e-06	0
4.7909384e-06	1.630033261e-06	0
4.7790658e-06	1.614064326e-06	0
4.7671932e-06	1.598095391e-06	0
4.7553206e-06	1.582126456e-06	0
4.743448e-06	1.566157521e-06	0
4.7315754e-06	1.550188586e-06	0
4.7197028e-06	1.534219651e-06	0
4.7078302e-06	1.518250716e-06	0
4.6959576e-06	1.502281781e-06	0
4.684085e-06	1.486312846e-06	0
4.6722124e-06	1.470343912e-06	0
4.660339799e-06	1.454374977e-06	0
4.648467199e-06	1.438406042e-06	0
4.636594599e-06	1.422437107e-06	0
4.624721999e-06	1.406468172e-06	0
4.612849399e-06	1.390499237e-06	0
4.600976799e-06	1.374530302e-06	0
4.589104199e-06	1.358561367e-06	0
4.577231599e-06	1.342592432e-06	0
4.565358999e-06	1.326623497e-06	0
4.553486399e-06	1.310654562e-06	0
4.541613799e-06	1.294685627e-06	0
4.529741199e-06	1.278716692e-06	0
4.517868599e-06	1.262747757e-06	0
4.505995999e-06	1.246778823e-06	0
4.494123399e-06	1.230809888e-06	0
4.482250798e-06	1.214840953e-06	0
4.470378198e-06	1.198872018e-06	0
4.458505598e-06	1.182903083e-06	0
4.446632998e-06	1.166934148e-06	0
4.434760398e-06	1.150965213e-06	0
4.422887798e-06	1.134996278e-06	0
4.411015198e-06	1.119027343e-06	0
4.399142598e-06	1.103058408e-06	0
4.387269998e-06	1.087089473e-06	0
4.375397398e-06	1.071120538e-06	0
4.363524798e-06	1.055151603e-06	0
4.351652198e-06	1.039182668e-06	0
4.339779598e-06	1.023213733e-06	0
4.327906998e-06	1.007244799e-06	0
4.316034398e-06	9.912758636e-07	0
4.304161797e-06	9.753069286e-07	0
4.292289197e-06	9.593379937e-07	0
4.280416597e-06	9.433690588e-07	0
4.268543997e-06	9.274001238e-07	0
4.256671397e-06	9.114311889e-07	0
4.244798797e-06	8.95462254e-07	0
4.232926197e-06	8.79493319e-07	0
4.221053597e-06	8.635243841e-07	0
4.209180997e-06	8.475554492e-07	0
4.197308397e-06	8.315865143e-07	0
4.185435797e-06	8.156175793e-07	0
4.173563197e-06	7.996486444e-07	0
4.161690597e-06	7.836797095e-07	0
4.149817997e-06	7.677107745e-07	0
4.137945396e-06	7.517418396e-07	0
4.126072796e-06	7.357729047e-07	0
4.114200196e-06	7.198039697e-07	0
4.102327596e-06	7.038350348e-07	0
4.102327596e-06	7.038350348e-07	-8
4.111865321e-06	7.214013392e-07	-8
4.121403046e-06	7.389676435e-07	-8
4.130940771e-06	7.565339479e-07	-8
4.140478497e-06	7.741002522e-07	-8
4.150016222e-06	7.916665566e-07	-8
4.159553947e-06	8.09232861e-07	-8
4.169091672e-06	8.267991653e-07	-8
4.178629397e-06	8.443654697e-07	-8
4.188167122e-06	8.619317741e-07	-8
4.197704847e-06	8.794980784e-07	-8
4.207242572e-06	8.970643828e-07	-8
4.216780297e-06	9.146306872e-07	-8
4.226318022e-06	9.321969915e-07	-8
4.235855747e-06	9.497632959e-07	-8
4.245393472e-06	9.673296003e-07	-8
4.254931197e-06	9.848959046e-07	-8
4.264468923e-06	1.002462209e-06	-8
4.274006648e-06	1.020028513e-06	-8
4.283544373e-06	1.037594818e-06	-8
4.293082098e-06	1.055161122e-06	-8
4.302619823e-06	1.072727426e-06	-8
4.312157548e-06	1.090293731e-06	-8
4.321695273e-06	1.107860035e-06	-8
4.331232998e-06	1.12542634e-06	-8
4.340770723e-06	1.142992644e-06	-8
4.350308448e-06	1.160558948e-06	-8
4.359846173e-06	1.178125253e-06	-8
4.369383898e-06	1.195691557e-06	-8
4.378921623e-06	1.213257861e-06	-8
4.388459349e-06	1.230824166e-06	-8
4.397997074e-06	1.24839047e-06	-8
4.407534799e-06	1.265956774e-06	-8
4.417072524e-06	1.283523079e-06	-8
4.426610249e-06	1.301089383e-06	-8
4.436147974e-06	1.318655688e-06	-8
4.445685699e-06	1.336221992e-06	-8
4.455223424e-06	1.353788296e-06	-8
4.464761149e-06	1.371354601e-06	-8
4.474298874e-06	1.388920905e-06	-8
4.483836599e-06	1.406487209e-06	-8
4.493374324e-06	1.424053514e-06	-8
4.502912049e-06	1.441619818e-06	-8
4.512449775e-06	1.459186122e-06	-8
4.5219875e-06	1.476752427e-06	-8
4.531525225e-06	1.494318731e-06	-8
4.54106295e-06	1.511885036e-06	-8
4.550600675e-06	1.52945134e-06	-8
4.5601384e-06	1.547017644e-06	-8
4.569676125e-06	1.564583949e-06	-8
4.57921385e-06	1.582150253e-06	-8
4.588751575e-06	1.599716557e-06	-8
4.5982893e-06	1.617282862e-06	-8
4.607827025e-06	1.634849166e-06	-8
4.61736475e-06	1.652415471e-06	-8
4.626902475e-06	1.669981775e-06	-8
4.636440201e-06	1.687548079e-06	-8
4.645977926e-06	1.705114384e-06	-8
4.655515651e-06	1.722680688e-06	-8
4.665053376e-06	1.740246992e-06	-8
4.674591101e-06	1.757813297e-06	-8
4.684128826e-06	1.775379601e-06	-8
4.693666551e-06	1.792945905e-06	-8
4.703204276e-06	1.81051221e-06	-8
4.712742001e-06	1.828078514e-06	-8
4.722279726e-06	1.845644819e-06	-8
4.731817451e-06	1.863211123e-06	-8
4.741355176e-06	1.880777427e-06	-8
4.750892901e-06	1.898343732e-06	-8
4.750892901e-06	1.898343732e-06	0
4.739020301e-06	1.882374797e-06	0
4.727147701e-06	1.866405862e-06	0
4.715275101e-06	1.850436927e-06	0
4.703402501e-06	1.834467992e-06	0
4.691529901e-06	1.818499057e-06	0
4.679657301e-06	1.802530122e-06	0
4.667784701e-06	1.786561187e-06	0
4.655912101e-06	1.770592252e-06	0
4.644039501e-06	1.754623317e-06	0
4.632166901e-06	1.738654382e-06	0
4.620294301e-06	1.722685447e-06	0
4.608421701e-06	1.706716512e-06	0
4.596549101e-06	1.690747577e-06	0
4.584676501e-06	1.674778643e-06	0
4.5728039e-06	1.658809708e-06	0
4.5609313e-06	1.642840773e-06	0
4.5490587e-06	1.626871838e-06	0
4.5371861e-06	1.610902903e-06	0
4.5253135e-06	1.594933968e-06	0
4.5134409e-06	1.578965033e-06	0
4.5015683e-06	1.562996098e-06	0
4.4896957e-06	1.547027163e-06	0
4.4778231e-06	1.531058228e-06	0
4.4659505e-06	1.515089293e-06	0
4.4540779e-06	1.499120358e-06	0
4.4422053e-06	1.483151423e-06	0
4.4303327e-06	1.467182488e-06	0
4.4184601e-06	1.451213553e-06	0
4.406587499e-06	1.435244619e-06	0
4.394714899e-06	1.419275684e-06	0
4.382842299e-06	1.403306749e-06	0
4.370969699e-06	1.387337814e-06	0
4.359097099e-06	1.371368879e-06	0
4.347224499e-06	1.355399944e-06	0
4.335351899e-06	1.339431009e-06	0
4.323479299e-06	1.323462074e-06	0
4.311606699e-06	1.307493139e-06	0
4.299734099e-06	1.291524204e-06	0
4.287861499e-06	1.275555269e-06	0
4.275988899e-06	1.259586334e-06	0
4.264116299e-06	1.243617399e-06	0
4.252243699e-06	1.227648464e-06	0
4.240371099e-06	1.211679529e-06	0
4.228498498e-06	1.195710595e-06	0
4.216625898e-06	1.17974166e-06	0
4.204753298e-06	1.163772725e-06	0
4.192880698e-06	1.14780379e-06	0
4.181008098e-06	1.131834855e-06	0
4.169135498e-06	1.11586592e-06	0
4.157262898e-06	1.099896985e-06	0
4.145390298e-06	1.08392805e-06	0
4.133517698e-06	1.067959115e-06	0
4.121645098e-06	1.05199018e-06	0
4.109772498e-06	1.036021245e-06	0
4.097899898e-06	1.02005231e-06	0
4.086027298e-06	1.004083375e-06	0
4.074154698e-06	9.881144404e-07	0
4.062282097e-06	9.721455055e-07	0
4.050409497e-06	9.561765706e-07	0
4.038536897e-06	9.402076356e-07	0
4.026664297e-06	9.242387007e-07	0
4.014791697e-06	9.082697658e-07	0
4.002919097e-06	8.923008308e-07	0
3.991046497e-06	8.763318959e-07	0
3.979173897e-06	8.60362961e-07	0
3.967301297e-06	8.44394026e-07	0
3.955428697e-06	8.284250911e-07	0
3.943556097e-06	8.124561562e-07	0
3.931683497e-06	7.964872212e-07	0
3.931683497e-06	7.964872212e-07	8
3.941221222e-06	8.140535256e-07	8
3.950758947e-06	8.3161983e-07	8
3.960296672e-06	8.491861343e-07	8
3.969834397e-06	8.667524387e-07	8
3.979372122e-06	8.843187431e-07	8
3.988909847e-06	9.018850474e-07	8
3.998447572e-06	9.194513518e-07	8
4.007985297e-06	9.370176562e-07	8
4.017523022e-06	9.545839605e-07	8
4.027060747e-06	9.721502649e-07	8
4.036598473e-06	9.897165693e-07	8
4.046136198e-06	1.007282874e-06	8
4.055673923e-06	1.024849178e-06	8
4.065211648e-06	1.042415482e-06	8
4.074749373e-06	1.059981787e-06	8
4.084287098e-06	1.077548091e-06	8
4.093824823e-06	1.095114395e-06	8
4.103362548e-06	1.1126807e-06	8
4.112900273e-06	1.130247004e-06	8
4.122437998e-06	1.147813309e-06	8
4.131975723e-06	1.165379613e-06	8
4.141513448e-06	1.182945917e-06	8
4.151051173e-06	1.200512222e-06	8
4.160588899e-06	1.218078526e-06	8
4.170126624e-06	1.23564483e-06	8
4.179664349e-06	1.253211135e-06	8
4.189202074e-06	1.270777439e-06	8
4.198739799e-06	1.288343743e-06	8
4.208277524e-06	1.305910048e-06	8
4.217815249e-06	1.323476352e-06	8
4.227352974e-06	1.341042657e-06	8
4.236890699e-06	1.358608961e-06	8
4.246428424e-06	1.376175265e-06	8
4.255966149e-06	1.39374157e-06	8
4.265503874e-06	1.411307874e-06	8
4.275041599e-06	1.428874178e-06	8
4.284579325e-06	1.446440483e-06	8
4.29411705e-06	1.464006787e-06	8
4.303654775e-06	1.481573091e-06	8
4.3131925e-06	1.499139396e-06	8
4.322730225e-06	1.5167057e-06	8
4.33226795e-06	1.534272005e-06	8
4.341805675e-06	1.551838309e-06	8
4.3513434e-06	1.569404613e-06	8
4.360881125e-06	1.586970918e-06	8
4.37041885e-06	1.604537222e-06	8
4.379956575e-06	1.622103526e-06	8
4.3894943e-06	1.639669831e-06	8
4.399032025e-06	1.657236135e-06	8
4.408569751e-06	1.674802439e-06	8
4.418107476e-06	1.692368744e-06	8
4.427645201e-06	1.709935048e-06	8
4.437182926e-06	1.727501353e-06	8
4.446720651e-06	1.745067657e-06	8
4.456258376e-06	1.762633961e-06	8
4.465796101e-06	1.780200266e-06	8
4.475333826e-06	1.79776657e-06	8
4.484871551e-06	1.815332874e-06	8
4.494409276e-06	1.832899179e-06	8
4.503947001e-06	1.850465483e-06	8
4.513484726e-06	1.868031788e-06	8
4.523022451e-06	1.885598092e-06	8
4.532560177e-06	1.903164396e-06	8
4.542097902e-06	1.920730701e-06	8
4.551635627e-06	1.938297005e-06	8
4.561173352e-06	1.955863309e-06	8
4.570711077e-06	1.973429614e-06	8
4.580248802e-06	1.990995918e-06	8
4.580248802e-06	1.990995918e-06	0
4.568376202e-06	1.975026983e-06	0
4.556503602e-06	1.959058048e-06	0
4.544631002e-06	1.943089113e-06	0
4.532758402e-06	1.927120178e-06	0
4.520885802e-06	1.911151243e-06	0
4.509013202e-06	1.895182308e-06	0
4.497140601e-06	1.879213374e-06	0
4.485268001e-06	1.863244439e-06	0
4.473395401e-06	1.847275504e-06	0
4.461522801e-06	1.831306569e-06	0
4.449650201e-06	1.815337634e-06	0
4.437777601e-06	1.799368699e-06	0
4.425905001e-06	1.783399764e-06	0
4.414032401e-06	1.767430829e-06	0
4.402159801e-06	1.751461894e-06	0
4.390287201e-06	1.735492959e-06	0
4.378414601e-06	1.719524024e-06	0
4.366542001e-06	1.703555089e-06	0
4.354669401e-06	1.687586154e-06	0
4.342796801e-06	1.671617219e-06	0
4.3309242e-06	1.655648284e-06	0
4.3190516e-06	1.63967935e-06	0
4.307179e-06	1.623710415e-06	0
4.2953064e-06	1.60774148e-06	0
4.2834338e-06	1.591772545e-06	0
4.2715612e-06	1.57580361e-06	0
4.2596886e-06	1.559834675e-06	0
4.247816e-06	1.54386574e-06	0
4.2359434e-06	1.527896805e-06	0
4.2240708e-06	1.51192787e-06	0
4.2121982e-06	1.495958935e-06	0
4.2003256e-06	1.47999e-06	0
4.188453e-06	1.464021065e-06	0
4.1765804e-06	1.44805213e-06	0
4.1647078e-06	1.432083195e-06	0
4.152835199e-06	1.41611426e-06	0
4.140962599e-06	1.400145326e-06	0
4.129089999e-06	1.384176391e-06	0
4.117217399e-06	1.368207456e-06	0
4.105344799e-06	1.352238521e-06	0
4.093472199e-06	1.336269586e-06	0
4.081599599e-06	1.320300651e-06	0
4.069726999e-06	1.304331716e-06	0
4.057854399e-06	1.288362781e-06	0
4.045981799e-06	1.272393846e-06	0
4.034109199e-06	1.256424911e-06	0
4.022236599e-06	1.240455976e-06	0
4.010363999e-06	1.224487041e-06	0
3.998491399e-06	1.208518106e-06	0
3.986618798e-06	1.192549171e-06	0
3.974746198e-06	1.176580236e-06	0
3.962873598e-06	1.160611302e-06	0
3.951000998e-06	1.144642367e-06	0
3.939128398e-06	1.128673432e-06	0
3.927255798e-06	1.112704497e-06	0
3.915383198e-06	1.096735562e-06	0
3.903510598e-06	1.080766627e-06	0
3.891637998e-06	1.064797692e-06	0
3.879765398e-06	1.048828757e-06	0
3.867892798e-06	1.032859822e-06	0
3.856020198e-06	1.016890887e-06	0
3.844147598e-06	1.000921952e-06	0
3.832274998e-06	9.849530173e-07	0
3.820402398e-06	9.689840824e-07	0
3.808529797e-06	9.530151474e-07	0
3.796657197e-06	9.370462125e-07	0
3.784784597e-06	9.210772776e-07	0
3.772911997e-06	9.051083426e-07	0
3.761039397e-06	8.891394077e-07	0
3.761039397e-06	8.891394077e-07	-8
3.770577122e-06	9.067057121e-07	-8
3.780114847e-06	9.242720164e-07	-8
3.789652572e-06	9.418383208e-07	-8
3.799190297e-06	9.594046252e-07	-8
3.808728023e-06	9.769709295e-07	-8
3.818265748e-06	9.945372339e-07	-8
3.827803473e-06	1.012103538e-06	-8
3.837341198e-06	1.029669843e-06	-8
3.846878923e-06	1.047236147e-06	-8
3.856416648e-06	1.064802451e-06	-8
3.865954373e-06	1.082368756e-06	-8
3.875492098e-06	1.09993506e-06	-8
3.885029823e-06	1.117501364e-06	-8
3.894567548e-06	1.135067669e-06	-8
3.904105273e-06	1.152633973e-06	-8
3.913642998e-06	1.170200278e-06	-8
3.923180723e-06	1.187766582e-06	-8
3.932718449e-06	1.205332886e-06	-8
3.942256174e-06	1.222899191e-06	-8
3.951793899e-06	1.240465495e-06	-8
3.961331624e-06	1.258031799e-06	-8
3.970869349e-06	1.275598104e-06	-8
3.980407074e-06	1.293164408e-06	-8
3.989944799e-06	1.310730712e-06	-8
3.999482524e-06	1.328297017e-06	-8
4.009020249e-06	1.345863321e-06	-8
4.018557974e-06	1.363429626e-06	-8
4.028095699e-06	1.38099593e-06	-8
4.037633424e-06	1.398562234e-06	-8
4.047171149e-06	1.416128539e-06	-8
4.056708875e-06	1.433694843e-06	-8
4.0662466e-06	1.451261147e-06	-8
4.075784325e-06	1.468827452e-06	-8
4.08532205e-06	1.486393756e-06	-8
4.094859775e-06	1.50396006e-06	-8
4.1043975e-06	1.521526365e-06	-8
4.113935225e-06	1.539092669e-06	-8
4.12347295e-06	1.556658974e-06	-8
4.133010675e-06	1.574225278e-06	-8
4.1425484e-06	1.591791582e-06	-8
4.152086125e-06	1.609357887e-06	-8
4.16162385e-06	1.626924191e-06	-8
4.171161575e-06	1.644490495e-06	-8
4.180699301e-06	1.6620568e-06	-8
4.190237026e-06	1.679623104e-06	-8
4.199774751e-06	1.697189408e-06	-8
4.209312476e-06	1.714755713e-06	-8
4.218850201e-06	1.732322017e-06	-8
4.228387926e-06	1.749888322e-06	-8
4.237925651e-06	1.767454626e-06	-8
4.247463376e-06	1.78502093e-06	-8
4.257001101e-06	1.802587235e-06	-8
4.266538826e-06	1.820153539e-06	-8
4.276076551e-06	1.837719843e-06	-8
4.285614276e-06	1.855286148e-06	-8
4.295152001e-06	1.872852452e-06	-8
4.304689727e-06	1.890418757e-06	-8
4.314227452e-06	1.907985061e-06	-8
4.323765177e-06	1.925551365e-06	-8
4.333302902e-06	1.94311767e-06	-8
4.342840627e-06	1.960683974e-06	-8
4.352378352e-06	1.978250278e-06	-8
4.361916077e-06	1.995816583e-06	-8
4.371453802e-06	2.013382887e-06	-8
4.380991527e-06	2.030949191e-06	-8
4.390529252e-06	2.048515496e-06	-8
4.400066977e-06	2.0660818e-06	-8
4.409604702e-06	2.083648105e-06	-8
4.409604702e-06	2.083648105e-06	0
4.397732102e-06	2.06767917e-06	0
4.385859502e-06	2.051710235e-06	0
4.373986902e-06	2.0357413e-06	0
4.362114302e-06	2.019772365e-06	0
4.350241702e-06	2.00380343e-06	0
4.338369102e-06	1.987834495e-06	0
4.326496502e-06	1.97186556e-06	0
4.314623902e-06	1.955896625e-06	0
4.302751302e-06	1.93992769e-06	0
4.290878702e-06	1.923958755e-06	0
4.279006102e-06	1.90798982e-06	0
4.267133502e-06	1.892020885e-06	0
4.255260901e-06	1.87605195e-06	0
4.243388301e-06	1.860083015e-06	0
4.231515701e-06	1.844114081e-06	0
4.219643101e-06	1.828145146e-06	0
4.207770501e-06	1.812176211e-06	0
4.195897901e-06	1.796207276e-06	0
4.184025301e-06	1.780238341e-06	0
4.172152701e-06	1.764269406e-06	0
4.160280101e-06	1.748300471e-06	0
4.148407501e-06	1.732331536e-06	0
4.136534901e-06	1.716362601e-06	0
4.124662301e-06	1.700393666e-06	0
4.112789701e-06	1.684424731e-06	0
4.100917101e-06	1.668455796e-06	0
4.089044501e-06	1.652486861e-06	0
4.0771719e-06	1.636517926e-06	0
4.0652993e-06	1.620548991e-06	0
4.0534267e-06	1.604580057e-06	0
4.0415541e-06	1.588611122e-06	0
4.0296815e-06	1.572642187e-06	0
4.0178089e-06	1.556673252e-06	0
4.0059363e-06	1.540704317e-06	0
3.9940637e-06	1.524735382e-06	0
3.9821911e-06	1.508766447e-06	0
3.9703185e-06	1.492797512e-06	0
3.9584459e-06	1.476828577e-06	0
3.9465733e-06	1.460859642e-06	0
3.9347007e-06	1.444890707e-06	0
3.9228281e-06	1.428921772e-06	0
3.910955499e-06	1.412952837e-06	0
3.899082899e-06	1.396983902e-06	0
3.887210299e-06	1.381014967e-06	0
3.875337699e-06	1.365046033e-06	0
3.863465099e-06	1.349077098e-06	0
3.851592499e-06	1.333108163e-06	0
3.839719899e-06	1.317139228e-06	0
3.827847299e-06	1.301170293e-06	0
3.815974699e-06	1.285201358e-06	0
3.804102099e-06	1.269232423e-06	0
3.792229499e-06	1.253263488e-06	0
3.780356899e-06	1.237294553e-06	0
3.768484299e-06	1.221325618e-06	0
3.756611699e-06	1.205356683e-06	0
3.744739099e-06	1.189387748e-06	0
3.732866498e-06	1.173418813e-06	0
3.720993898e-06	1.157449878e-06	0
3.709121298e-06	1.141480943e-06	0
3.697248698e-06	1.125512009e-06	0
3.685376098e-06	1.109543074e-06	0
3.673503498e-06	1.093574139e-06	0
3.661630898e-06	1.077605204e-06	0
3.649758298e-06	1.061636269e-06	0
3.637885698e-06	1.045667334e-06	0
3.626013098e-06	1.029698399e-06	0
3.614140498e-06	1.013729464e-06	0
3.602267898e-06	9.977605291e-07	0
3.590395298e-06	9.817915942e-07	0
3.590395298e-06	9.817915942e-07	8
3.599933023e-06	9.993578985e-07	8
3.609470748e-06	1.016924203e-06	8
3.619008473e-06	1.034490507e-06	8
3.628546198e-06	1.052056812e-06	8
3.638083923e-06	1.069623116e-06	8
3.647621648e-06	1.08718942e-06	8
3.657159373e-06	1.104755725e-06	8
3.666697098e-06	1.122322029e-06	8
3.676234823e-06	1.139888333e-06	8
3.685772548e-06	1.157454638e-06	8
3.695310273e-06	1.175020942e-06	8
3.704847999e-06	1.192587247e-06	8
3.714385724e-06	1.210153551e-06	8
3.723923449e-06	1.227719855e-06	8
3.733461174e-06	1.24528616e-06	8
3.742998899e-06	1.262852464e-06	8
3.752536624e-06	1.280418768e-06	8
3.762074349e-06	1.297985073e-06	8
3.771612074e-06	1.315551377e-06	8
3.781149799e-06	1.333117681e-06	8
3.790687524e-06	1.350683986e-06	8
3.800225249e-06	1.36825029e-06	8
3.809762974e-06	1.385816595e-06	8
3.819300699e-06	1.403382899e-06	8
3.828838425e-06	1.420949203e-06	8
3.83837615e-06	1.438515508e-06	8
3.847913875e-06	1.456081812e-06	8
3.8574516e-06	1.473648116e-06	8
3.866989325e-06	1.491214421e-06	8
3.87652705e-06	1.508780725e-06	8
3.886064775e-06	1.526347029e-06	8
3.8956025e-06	1.543913334e-06	8
3.905140225e-06	1.561479638e-06	8
3.91467795e-06	1.579045943e-06	8
3.924215675e-06	1.596612247e-06	8
3.9337534e-06	1.614178551e-06	8
3.943291125e-06	1.631744856e-06	8
3.952828851e-06	1.64931116e-06	8
3.962366576e-06	1.666877464e-06	8
3.971904301e-06	1.684443769e-06	8
3.981442026e-06	1.702010073e-06	8
3.990979751e-06	1.719576377e-06	8
4.000517476e-06	1.737142682e-06	8
4.010055201e-06	1.754708986e-06	8
4.019592926e-06	1.772275291e-06	8
4.029130651e-06	1.789841595e-06	8
4.038668376e-06	1.807407899e-06	8
4.048206101e-06	1.824974204e-06	8
4.057743826e-06	1.842540508e-06	8
4.067281551e-06	1.860106812e-06	8
4.076819277e-06	1.877673117e-06	8
4.086357002e-06	1.895239421e-06	8
4.095894727e-06	1.912805726e-06	8
4.105432452e-06	1.93037203e-06	8
4.114970177e-06	1.947938334e-06	8
4.124507902e-06	1.965504639e-06	8
4.134045627e-06	1.983070943e-06	8
4.143583352e-06	2.000637247e-06	8
4.153121077e-06	2.018203552e-06	8
4.162658802e-06	2.035769856e-06	8
4.172196527e-06	2.05333616e-06	8
4.181734252e-06	2.070902465e-06	8
4.191271977e-06	2.088468769e-06	8
4.200809703e-06	2.106035074e-06	8
4.210347428e-06	2.123601378e-06	8
4.219885153e-06	2.141167682e-06	8
4.229422878e-06	2.158733987e-06	8
4.238960603e-06	2.176300291e-06	8
4.238960603e-06	2.176300291e-06	0
4.227088003e-06	2.160331356e-06	0
4.215215403e-06	2.144362421e-06	0
4.203342803e-06	2.128393486e-06	0
4.191470203e-06	2.112424551e-06	0
4.179597602e-06	2.096455616e-06	0
4.167725002e-06	2.080486681e-06	0
4.155852402e-06	2.064517746e-06	0
4.143979802e-06	2.048548812e-06	0
4.132107202e-06	2.032579877e-06	0
4.120234602e-06	2.016610942e-06	0
4.108362002e-06	2.000642007e-06	0
4.096489402e-06	1.984673072e-06	0
4.084616802e-06	1.968704137e-06	0
4.072744202e-06	1.952735202e-06	0
4.060871602e-06	1.936766267e-06	0
4.048999002e-06	1.920797332e-06	0
4.037126402e-06	1.904828397e-06	0
4.025253802e-06	1.888859462e-06	0
4.013381202e-06	1.872890527e-06	0
4.001508601e-06	1.856921592e-06	0
3.989636001e-06	1.840952657e-06	0
3.977763401e-06	1.824983722e-06	0
3.965890801e-06	1.809014788e-06	0
3.954018201e-06	1.793045853e-06	0
3.942145601e-06	1.777076918e-06	0
3.930273001e-06	1.761107983e-06	0
3.918400401e-06	1.745139048e-06	0
3.906527801e-06	1.729170113e-06	0
3.894655201e-06	1.713201178e-06	0
3.882782601e-06	1.697232243e-06	0
3.870910001e-06	1.681263308e-06	0
3.859037401e-06	1.665294373e-06	0
3.847164801e-06	1.649325438e-06	0
3.8352922e-06	1.633356503e-06	0
3.8234196e-06	1.617387568e-06	0
3.811547e-06	1.601418633e-06	0
3.7996744e-06	1.585449698e-06	0
3.7878018e-06	1.569480764e-06	0
3.7759292e-06	1.553511829e-06	0
3.7640566e-06	1.537542894e-06	0
3.752184e-06	1.521573959e-06	0
3.7403114e-06	1.505605024e-06	0
3.7284388e-06	1.489636089e-06	0
3.7165662e-06	1.473667154e-06	0
3.7046936e-06	1.457698219e-06	0
3.692821e-06	1.441729284e-06	0
3.6809484e-06	1.425760349e-06	0
3.6690758e-06	1.409791414e-06	0
3.657203199e-06	1.393822479e-06	0
3.645330599e-06	1.377853544e-06	0
3.633457999e-06	1.361884609e-06	0
3.621585399e-06	1.345915674e-06	0
3.609712799e-06	1.32994674e-06	0
3.597840199e-06	1.313977805e-06	0
3.585967599e-06	1.29800887e-06	0
3.574094999e-06	1.282039935e-06	0
3.562222399e-06	1.266071e-06	0
3.550349799e-06	1.250102065e-06	0
3.538477199e-06	1.23413313e-06	0
3.526604599e-06	1.218164195e-06	0
3.514731999e-06	1.20219526e-06	0
3.502859399e-06	1.186226325e-06	0
3.490986798e-06	1.17025739e-06	0
3.479114198e-06	1.154288455e-06	0
3.467241598e-06	1.13831952e-06	0
3.455368998e-06	1.122350585e-06	0
3.443496398e-06	1.10638165e-06	0
3.431623798e-06	1.090412716e-06	0
3.419751198e-06	1.074443781e-06	0
3.419751198e-06	1.074443781e-06	-8
3.429288923e-06	1.092010085e-06	-8
3.438826648e-06	1.109576389e-06	-8
3.448364373e-06	1.127142694e-06	-8
3.457902098e-06	1.144708998e-06	-8
3.467439823e-06	1.162275302e-06	-8
3.476977549e-06	1.179841607e-06	-8
3.486515274e-06	1.197407911e-06	-8
3.496052999e-06	1.214974216e-06	-8
3.505590724e-06	1.23254052e-06	-8
3.515128449e-06	1.250106824e-06	-8
3.524666174e-06	1.267673129e-06	-8
3.534203899e-06	1.285239433e-06	-8
3.543741624e-06	1.302805737e-06	-8
3.553279349e-06	1.320372042e-06	-8
3.562817074e-06	1.337938346e-06	-8
3.572354799e-06	1.35550465e-06	-8
3.581892524e-06	1.373070955e-06	-8
3.591430249e-06	1.390637259e-06	-8
3.600967975e-06	1.408203564e-06	-8
3.6105057e-06	1.425769868e-06	-8
3.620043425e-06	1.443336172e-06	-8
3.62958115e-06	1.460902477e-06	-8
3.639118875e-06	1.478468781e-06	-8
3.6486566e-06	1.496035085e-06	-8
3.658194325e-06	1.51360139e-06	-8
3.66773205e-06	1.531167694e-06	-8
3.677269775e-06	1.548733998e-06	-8
3.6868075e-06	1.566300303e-06	-8
3.696345225e-06	1.583866607e-06	-8
3.70588295e-06	1.601432912e-06	-8
3.715420675e-06	1.618999216e-06	-8
3.724958401e-06	1.63656552e-06	-8
3.734496126e-06	1.654131825e-06	-8
3.744033851e-06	1.671698129e-06	-8
3.753571576e-06	1.689264433e-06	-8
3.763109301e-06	1.706830738e-06	-8
3.772647026e-06	1.724397042e-06	-8
3.782184751e-06	1.741963346e-06	-8
3.791722476e-06	1.759529651e-06	-8
3.801260201e-06	1.777095955e-06	-8
3.810797926e-06	1.79466226e-06	-8
3.820335651e-06	1.812228564e-06	-8
3.829873376e-06	1.829794868e-06	-8
3.839411101e-06	1.847361173e-06	-8
3.848948827e-06	1.864927477e-06	-8
3.858486552e-06	1.882493781e-06	-8
3.868024277e-06	1.900060086e-06	-8
3.877562002e-06	1.91762639e-06	-8
3.887099727e-06	1.935192695e-06	-8
3.896637452e-06	1.952758999e-06	-8
3.906175177e-06	1.970325303e-06	-8
3.915712902e-06	1.987891608e-06	-8
3.925250627e-06	2.005457912e-06	-8
3.934788352e-06	2.023024216e-06	-8
3.944326077e-06	2.040590521e-06	-8
3.953863802e-06	2.058156825e-06	-8
3.963401527e-06	2.075723129e-06	-8
3.972939253e-06	2.093289434e-06	-8
3.982476978e-06	2.110855738e-06	-8
3.992014703e-06	2.128422043e-06	-8
4.001552428e-06	2.145988347e-06	-8
4.011090153e-06	2.163554651e-06	-8
4.020627878e-06	2.181120956e-06	-8
4.030165603e-06	2.19868726e-06	-8
4.039703328e-06	2.216253564e-06	-8
4.049241053e-06	2.233819869e-06	-8
4.058778778e-06	2.251386173e-06	-8
4.068316503e-06	2.268952477e-06	-8
4.068316503e-06	2.268952477e-06	0
4.056443903e-06	2.252983543e-06	0
4.044571303e-06	2.237014608e-06	0
4.032698703e-06	2.221045673e-06	0
4.020826103e-06	2.205076738e-06	0
4.008953503e-06	2.189107803e-06	0
3.997080903e-06	2.173138868e-06	0
3.985208303e-06	2.157169933e-06	0
3.973335703e-06	2.141200998e-06	0
3.961463103e-06	2.125232063e-06	0
3.949590503e-06	2.109263128e-06	0
3.937717903e-06	2.093294193e-06	0
3.925845302e-06	2.077325258e-06	0
3.913972702e-06	2.061356323e-06	0
3.902100102e-06	2.045387388e-06	0
3.890227502e-06	2.029418453e-06	0
3.878354902e-06	2.013449519e-06	0
3.866482302e-06	1.997480584e-06	0
3.854609702e-06	1.981511649e-06	0
3.842737102e-06	1.965542714e-06	0
3.830864502e-06	1.949573779e-06	0
3.818991902e-06	1.933604844e-06	0
3.807119302e-06	1.917635909e-06	0
3.795246702e-06	1.901666974e-06	0
3.783374102e-06	1.885698039e-06	0
3.771501502e-06	1.869729104e-06	0
3.759628901e-06	1.853760169e-06	0
3.747756301e-06	1.837791234e-06	0
3.735883701e-06	1.821822299e-06	0
3.724011101e-06	1.805853364e-06	0
3.712138501e-06	1.789884429e-06	0
3.700265901e-06	1.773915495e-06	0
3.688393301e-06	1.75794656e-06	0
3.676520701e-06	1.741977625e-06	0
3.664648101e-06	1.72600869e-06	0
3.652775501e-06	1.710039755e-06	0
3.640902901e-06	1.69407082e-06	0
3.629030301e-06	1.678101885e-06	0
3.617157701e-06	1.66213295e-06	0
3.605285101e-06	1.646164015e-06	0
3.593412501e-06	1.63019508e-06	0
3.5815399e-06	1.614226145e-06	0
3.5696673e-06	1.59825721e-06	0
3.5577947e-06	1.582288275e-06	0
3.5459221e-06	1.56631934e-06	0
3.5340495e-06	1.550350405e-06	0
3.5221769e-06	1.534381471e-06	0
3.5103043e-06	1.518412536e-06	0
3.4984317e-06	1.502443601e-06	0
3.4865591e-06	1.486474666e-06	0
3.4746865e-06	1.470505731e-06	0
3.4628139e-06	1.454536796e-06	0
3.4509413e-06	1.438567861e-06	0
3.4390687e-06	1.422598926e-06	0
3.4271961e-06	1.406629991e-06	0
3.415323499e-06	1.390661056e-06	0
3.403450899e-06	1.374692121e-06	0
3.391578299e-06	1.358723186e-06	0
3.379705699e-06	1.342754251e-06	0
3.367833099e-06	1.326785316e-06	0
3.355960499e-06	1.310816381e-06	0
3.344087899e-06	1.294847447e-06	0
3.332215299e-06	1.278878512e-06	0
3.320342699e-06	1.262909577e-06	0
3.308470099e-06	1.246940642e-06	0
3.296597499e-06	1.230971707e-06	0
3.284724899e-06	1.215002772e-06	0
3.272852299e-06	1.199033837e-06	0
3.260979699e-06	1.183064902e-06	0
3.249107099e-06	1.167095967e-06	0
3.249107099e-06	1.167095967e-06	8
3.258644824e-06	1.184662271e-06	8
3.268182549e-06	1.202228576e-06	8
3.277720274e-06	1.21979488e-06	8
3.287257999e-06	1.237361185e-06	8
3.296795724e-06	1.254927489e-06	8
3.306333449e-06	1.272493793e-06	8
3.315871174e-06	1.290060098e-06	8
3.325408899e-06	1.307626402e-06	8
3.334946624e-06	1.325192706e-06	8
3.344484349e-06	1.342759011e-06	8
3.354022074e-06	1.360325315e-06	8
3.363559799e-06	1.377891619e-06	8
3.373097525e-06	1.395457924e-06	8
3.38263525e-06	1.413024228e-06	8
3.392172975e-06	1.430590533e-06	8
3.4017107e-06	1.448156837e-06	8
3.411248425e-06	1.465723141e-06	8
3.42078615e-06	1.483289446e-06	8
3.430323875e-06	1.50085575e-06	8
3.4398616e-06	1.518422054e-06	8
3.449399325e-06	1.535988359e-06	8
3.45893705e-06	1.553554663e-06	8
3.468474775e-06	1.571120967e-06	8
3.4780125e-06	1.588687272e-06	8
3.487550225e-06	1.606253576e-06	8
3.497087951e-06	1.623819881e-06	8
3.506625676e-06	1.641386185e-06	8
3.516163401e-06	1.658952489e-06	8
3.525701126e-06	1.676518794e-06	8
3.535238851e-06	1.694085098e-06	8
3.544776576e-06	1.711651402e-06	8
3.554314301e-06	1.729217707e-06	8
3.563852026e-06	1.746784011e-06	8
3.573389751e-06	1.764350315e-06	8
3.582927476e-06	1.78191662e-06	8
3.592465201e-06	1.799482924e-06	8
3.602002926e-06	1.817049229e-06	8
3.611540651e-06	1.834615533e-06	8
3.621078377e-06	1.852181837e-06	8
3.630616102e-06	1.869748142e-06	8
3.640153827e-06	1.887314446e-06	8
3.649691552e-06	1.90488075e-06	8
3.659229277e-06	1.922447055e-06	8
3.668767002e-06	1.940013359e-06	8
3.678304727e-06	1.957579664e-06	8
3.687842452e-06	1.975145968e-06	8
3.697380177e-06	1.992712272e-06	8
3.706917902e-06	2.010278577e-06	8
3.716455627e-06	2.027844881e-06	8
3.725993352e-06	2.045411185e-06	8
3.735531077e-06	2.06297749e-06	8
3.745068803e-06	2.080543794e-06	8
3.754606528e-06	2.098110098e-06	8
3.764144253e-06	2.115676403e-06	8
3.773681978e-06	2.133242707e-06	8
3.783219703e-06	2.150809012e-06	8
3.792757428e-06	2.168375316e-06	8
3.802295153e-06	2.18594162e-06	8
3.811832878e-06	2.203507925e-06	8
3.821370603e-06	2.221074229e-06	8
3.830908328e-06	2.238640533e-06	8
3.840446053e-06	2.256206838e-06	8
3.849983778e-06	2.273773142e-06	8
3.859521503e-06	2.291339446e-06	8
3.869059229e-06	2.308905751e-06	8
3.878596954e-06	2.326472055e-06	8
3.888134679e-06	2.34403836e-06	8
3.897672404e-06	2.361604664e-06	8
3.897672404e-06	2.361604664e-06	0
3.885799804e-06	2.345635729e-06	0
3.873927204e-06	2.329666794e-06	0
3.862054604e-06	2.313697859e-06	0
3.850182003e-06	2.297728924e-06	0
3.838309403e-06	2.281759989e-06	0
3.826436803e-06	2.265791054e-06	0
3.814564203e-06	2.249822119e-06	0
3.802691603e-06	2.233853184e-06	0
3.790819003e-06	2.21788425e-06	0
3.778946403e-06	2.201915315e-06	0
3.767073803e-06	2.18594638e-06	0
3.755201203e-06	2.169977445e-06	0
3.743328603e-06	2.15400851e-06	0
3.731456003e-06	2.138039575e-06	0
3.719583403e-06	2.12207064e-06	0
3.707710803e-06	2.106101705e-06	0
3.695838203e-06	2.09013277e-06	0
3.683965602e-06	2.074163835e-06	0
3.672093002e-06	2.0581949e-06	0
3.660220402e-06	2.042225965e-06	0
3.648347802e-06	2.02625703e-06	0
3.636475202e-06	2.010288095e-06	0
3.624602602e-06	1.99431916e-06	0
3.612730002e-06	1.978350226e-06	0
3.600857402e-06	1.962381291e-06	0
3.588984802e-06	1.946412356e-06	0
3.577112202e-06	1.930443421e-06	0
3.565239602e-06	1.914474486e-06	0
3.553367002e-06	1.898505551e-06	0
3.541494402e-06	1.882536616e-06	0
3.529621802e-06	1.866567681e-06	0
3.517749202e-06	1.850598746e-06	0
3.505876601e-06	1.834629811e-06	0
3.494004001e-06	1.818660876e-06	0
3.482131401e-06	1.802691941e-06	0
3.470258801e-06	1.786723006e-06	0
3.458386201e-06	1.770754071e-06	0
3.446513601e-06	1.754785136e-06	0
3.434641001e-06	1.738816202e-06	0
3.422768401e-06	1.722847267e-06	0
3.410895801e-06	1.706878332e-06	0
3.399023201e-06	1.690909397e-06	0
3.387150601e-06	1.674940462e-06	0
3.375278001e-06	1.658971527e-06	0
3.363405401e-06	1.643002592e-06	0
3.351532801e-06	1.627033657e-06	0
3.339660201e-06	1.611064722e-06	0
3.3277876e-06	1.595095787e-06	0
3.315915e-06	1.579126852e-06	0
3.3040424e-06	1.563157917e-06	0
3.2921698e-06	1.547188982e-06	0
3.2802972e-06	1.531220047e-06	0
3.2684246e-06	1.515251112e-06	0
3.256552e-06	1.499282178e-06	0
3.2446794e-06	1.483313243e-06	0
3.2328068e-06	1.467344308e-06	0
3.2209342e-06	1.451375373e-06	0
3.2090616e-06	1.435406438e-06	0
3.197189e-06	1.419437503e-06	0
3.1853164e-06	1.403468568e-06	0
3.1734438e-06	1.387499633e-06	0
3.161571199e-06	1.371530698e-06	0
3.149698599e-06	1.355561763e-06	0
3.137825999e-06	1.339592828e-06	0
3.125953399e-06	1.323623893e-06	0
3.114080799e-06	1.307654958e-06	0
3.102208199e-06	1.291686023e-06	0
3.090335599e-06	1.275717088e-06	0
3.078462999e-06	1.259748154e-06	0
3.078462999e-06	1.259748154e-06	-8
3.088000724e-06	1.277314458e-06	-8
3.097538449e-06	1.294880762e-06	-8
3.107076174e-06	1.312447067e-06	-8
3.116613899e-06	1.330013371e-06	-8
3.126151624e-06	1.347579675e-06	-8
3.135689349e-06	1.36514598e-06	-8
3.145227075e-06	1.382712284e-06	-8
3.1547648e-06	1.400278588e-06	-8
3.164302525e-06	1.417844893e-06	-8
3.17384025e-06	1.435411197e-06	-8
3.183377975e-06	1.452977502e-06	-8
3.1929157e-06	1.470543806e-06	-8
3.202453425e-06	1.48811011e-06	-8
3.21199115e-06	1.505676415e-06	-8
3.221528875e-06	1.523242719e-06	-8
3.2310666e-06	1.540809023e-06	-8
3.240604325e-06	1.558375328e-06	-8
3.25014205e-06	1.575941632e-06	-8
3.259679775e-06	1.593507936e-06	-8
3.269217501e-06	1.611074241e-06	-8
3.278755226e-06	1.628640545e-06	-8
3.288292951e-06	1.64620685e-06	-8
3.297830676e-06	1.663773154e-06	-8
3.307368401e-06	1.681339458e-06	-8
3.316906126e-06	1.698905763e-06	-8
3.326443851e-06	1.716472067e-06	-8
3.335981576e-06	1.734038371e-06	-8
3.345519301e-06	1.751604676e-06	-8
3.355057026e-06	1.76917098e-06	-8
3.364594751e-06	1.786737284e-06	-8
3.374132476e-06	1.804303589e-06	-8
3.383670201e-06	1.821869893e-06	-8
3.393207927e-06	1.839436198e-06	-8
3.402745652e-06	1.857002502e-06	-8
3.412283377e-06	1.874568806e-06	-8
3.421821102e-06	1.892135111e-06	-8
3.431358827e-06	1.909701415e-06	-8
3.440896552e-06	1.927267719e-06	-8
3.450434277e-06	1.944834024e-06	-8
3.459972002e-06	1.962400328e-06	-8
3.469509727e-06	1.979966633e-06	-8
3.479047452e-06	1.997532937e-06	-8
3.488585177e-06	2.015099241e-06	-8
3.498122902e-06	2.032665546e-06	-8
3.507660627e-06	2.05023185e-06	-8
3.517198353e-06	2.067798154e-06	-8
3.526736078e-06	2.085364459e-06	-8
3.536273803e-06	2.102930763e-06	-8
3.545811528e-06	2.120497067e-06	-8
3.555349253e-06	2.138063372e-06	-8
3.564886978e-06	2.155629676e-06	-8
3.574424703e-06	2.173195981e-06	-8
3.583962428e-06	2.190762285e-06	-8
3.593500153e-06	2.208328589e-06	-8
3.603037878e-06	2.225894894e-06	-8
3.612575603e-06	2.243461198e-06	-8
3.622113328e-06	2.261027502e-06	-8
3.631651053e-06	2.278593807e-06	-8
3.641188779e-06	2.296160111e-06	-8
3.650726504e-06	2.313726415e-06	-8
3.660264229e-06	2.33129272e-06	-8
3.669801954e-06	2.348859024e-06	-8
3.679339679e-06	2.366425329e-06	-8
3.688877404e-06	2.383991633e-06	-8
3.698415129e-06	2.401557937e-06	-8
3.707952854e-06	2.419124242e-06	-8
3.717490579e-06	2.436690546e-06	-8
3.727028304e-06	2.45425685e-06	-8
3.727028304e-06	2.45425685e-06	0
3.746068782e-06	2.448319518e-06	0
3.765109259e-06	2.442382186e-06	0
3.784149737e-06	2.436444854e-06	0
3.803190214e-06	2.430507522e-06	0
3.822230691e-06	2.42457019e-06	0
3.841271169e-06	2.418632858e-06	0
3.860311646e-06	2.412695526e-06	0
3.879352124e-06	2.406758194e-06	0
3.898392601e-06	2.400820862e-06	0
3.917433079e-06	2.39488353e-06	0
3.936473556e-06	2.388946198e-06	0
3.955514034e-06	2.383008866e-06	0
3.974554511e-06	2.377071534e-06	0
3.993594988e-06	2.371134202e-06	0
4.012635466e-06	2.36519687e-06	0
4.031675943e-06	2.359259538e-06	0
4.050716421e-06	2.353322206e-06	0
4.069756898e-06	2.347384874e-06	0
4.088797376e-06	2.341447542e-06	0
4.107837853e-06	2.33551021e-06	0
4.126878331e-06	2.329572878e-06	0
4.145918808e-06	2.323635546e-06	0
4.164959286e-06	2.317698214e-06	0
4.183999763e-06	2.311760882e-06	0
4.20304024e-06	2.30582355e-06	0
4.222080718e-06	2.299886218e-06	0
4.241121195e-06	2.293948886e-06	0
4.260161673e-06	2.288011554e-06	0
4.27920215e-06	2.282074222e-06	0
4.298242628e-06	2.27613689e-06	0
4.317283105e-06	2.270199558e-06	0
4.336323583e-06	2.264262226e-06	0
4.35536406e-06	2.258324894e-06	0
4.374404537e-06	2.252387562e-06	0
4.393445015e-06	2.24645023e-06	0
4.412485492e-06	2.240512898e-06	0
4.43152597e-06	2.234575566e-06	0
4.450566447e-06	2.228638234e-06	0
4.469606925e-06	2.222700902e-06	0
4.488647402e-06	2.21676357e-06	0
4.50768788e-06	2.210826238e-06	0
4.526728357e-06	2.204888906e-06	0
4.545768835e-06	2.198951574e-06	0
4.564809312e-06	2.193014242e-06	0
4.583849789e-06	2.18707691e-06	0
4.602890267e-06	2.181139578e-06	0
4.621930744e-06	2.175202246e-06	0
4.640971222e-06	2.169264914e-06	0
4.660011699e-06	2.163327582e-06	0
4.679052177e-06	2.15739025e-06	0
4.698092654e-06	2.151452918e-06	0
4.717133132e-06	2.145515586e-06	0
4.736173609e-06	2.139578254e-06	0
4.755214086e-06	2.133640922e-06	0
4.774254564e-06	2.12770359e-06	0
4.793295041e-06	2.121766258e-06	0
4.812335519e-06	2.115828926e-06	0
4.831375996e-06	2.109891594e-06	0
4.850416474e-06	2.103954262e-06	0
4.869456951e-06	2.09801693e-06	0
4.888497429e-06	2.092079598e-06	0
4.907537906e-06	2.086142266e-06	0
4.926578384e-06	2.080204934e-06	0
4.945618861e-06	2.074267602e-06	0
4.964659338e-06	2.06833027e-06	0
4.983699816e-06	2.062392938e-06	0
5.002740293e-06	2.056455606e-06	0
5.021780771e-06	2.050518274e-06	0
5.040821248e-06	2.044580941e-06	0
5.059861726e-06	2.038643609e-06	0
5.078902203e-06	2.032706277e-06	0
5.097942681e-06	2.026768945e-06	0
5.116983158e-06	2.020831613e-06	0
5.136023635e-06	2.014894281e-06	0
5.155064113e-06	2.008956949e-06	0
5.17410459e-06	2.003019617e-06	0
5.193145068e-06	1.997082285e-06	0
5.212185545e-06	1.991144953e-06	0
5.231226023e-06	1.985207621e-06	0
5.2502665e-06	1.979270289e-06	0
5.269306978e-06	1.973332957e-06	0
5.288347455e-06	1.967395625e-06	0
5.307387933e-06	1.961458293e-06	0
5.32642841e-06	1.955520961e-06	0
5.345468887e-06	1.949583629e-06	0
5.364509365e-06	1.943646297e-06	0
5.383549842e-06	1.937708965e-06	0
5.40259032e-06	1.931771633e-06	0
5.421630797e-06	1.925834301e-06	0
5.440671275e-06	1.919896969e-06	0
5.459711752e-06	1.913959637e-06	0
5.47875223e-06	1.908022305e-06	0
5.497792707e-06	1.902084973e-06	0
5.516833184e-06	1.896147641e-06	0
5.535873662e-06	1.890210309e-06	0
5.554914139e-06	1.884272977e-06	0
5.573954617e-06	1.878335645e-06	0
5.592995094e-06	1.872398313e-06	0
5.612035572e-06	1.866460981e-06	0
5.631076049e-06	1.860523649e-06	0
5.650116527e-06	1.854586317e-06	0
5.669157004e-06	1.848648985e-06	0
5.688197482e-06	1.842711653e-06	0
5.707237959e-06	1.836774321e-06	0
5.726278436e-06	1.830836989e-06	0
5.745318914e-06	1.824899657e-06	0
5.764359391e-06	1.818962325e-06	0
5.783399869e-06	1.813024993e-06	0
5.802440346e-06	1.807087661e-06	0
5.821480824e-06	1.801150329e-06	0
5.840521301e-06	1.795212997e-06	0
5.859561779e-06	1.789275665e-06	0
5.878602256e-06	1.783338333e-06	0
5.897642733e-06	1.777401001e-06	0
5.916683211e-06	1.771463669e-06	0
5.935723688e-06	1.765526337e-06	0
5.954764166e-06	1.759589005e-06	0
5.973804643e-06	1.753651673e-06	0
5.992845121e-06	1.747714341e-06	0
6.011885598e-06	1.741777009e-06	0
6.030926076e-06	1.735839677e-06	0
6.049966553e-06	1.729902345e-06	0
6.06900703e-06	1.723965013e-06	0
6.088047508e-06	1.718027681e-06	0
6.107087985e-06	1.712090349e-06	0
6.126128463e-06	1.706153017e-06	0
6.14516894e-06	1.700215685e-06	0
6.164209418e-06	1.694278353e-06	0
6.183249895e-06	1.688341021e-06	0
6.202290373e-06	1.682403689e-06	0
6.22133085e-06	1.676466357e-06	0
6.240371328e-06	1.670529025e-06	0
6.259411805e-06	1.664591693e-06	0
6.278452282e-06	1.658654361e-06	0
6.29749276e-06	1.652717029e-06	0
6.316533237e-06	1.646779697e-06	0
6.335573715e-06	1.640842365e-06	0
6.354614192e-06	1.634905033e-06	0
6.37365467e-06	1.628967701e-06	0
6.392695147e-06	1.623030369e-06	0
6.411735625e-06	1.617093037e-06	0
6.430776102e-06	1.611155705e-06	0
6.449816579e-06	1.605218373e-06	0
6.468857057e-06	1.599281041e-06	0
6.487897534e-06	1.593343709e-06	0
6.506938012e-06	1.587406377e-06	0
6.525978489e-06	1.581469045e-06	0
6.545018967e-06	1.575531712e-06	0
6.564059444e-06	1.56959438e-06	0
6.583099922e-06	1.563657048e-06	0
6.602140399e-06	1.557719716e-06	0
6.621180877e-06	1.551782384e-06	0
6.640221354e-06	1.545845052e-06	0
6.659261831e-06	1.53990772e-06	0
6.678302309e-06	1.533970388e-06	0
6.697342786e-06	1.528033056e-06	0
6.716383264e-06	1.522095724e-06	0
6.735423741e-06	1.516158392e-06	0
6.754464219e-06	1.51022106e-06	0
6.773504696e-06	1.504283728e-06	0
6.792545174e-06	1.498346396e-06	0
6.811585651e-06	1.492409064e-06	0
6.830626128e-06	1.486471732e-06	0
6.849666606e-06	1.4805344e-06	0
6.868707083e-06	1.474597068e-06	0
6.887747561e-06	1.468659736e-06	0
6.906788038e-06	1.462722404e-06	0
6.925828516e-06	1.456785072e-06	0
6.944868993e-06	1.45084774e-06	0
6.963909471e-06	1.444910408e-06	0
6.982949948e-06	1.438973076e-06	0
7.001990426e-06	1.433035744e-06	0
7.021030903e-06	1.427098412e-06	0
7.04007138e-06	1.42116108e-06	0
7.059111858e-06	1.415223748e-06	0
7.078152335e-06	1.409286416e-06	0
7.097192813e-06	1.403349084e-06	0
7.11623329e-06	1.397411752e-06	0
7.135273768e-06	1.39147442e-06	0
7.154314245e-06	1.385537088e-06	0
7.173354723e-06	1.379599756e-06	0
7.1923952e-06	1.373662424e-06	0
7.211435677e-06	1.367725092e-06	0
7.230476155e-06	1.36178776e-06	0
7.249516632e-06	1.355850428e-06	0
7.26855711e-06	1.349913096e-06	0
7.287597587e-06	1.343975764e-06	0
7.306638065e-06	1.338038432e-06	0
7.325678542e-06	1.3321011e-06	0
7.34471902e-06	1.326163768e-06	0
7.363759497e-06	1.320226436e-06	0
7.382799975e-06	1.314289104e-06	0
7.401840452e-06	1.308351772e-06	0
7.401840452e-06	1.308351772e-06	8
7.391396449e-06	1.325394836e-06	8
7.380952445e-06	1.342437901e-06	8
7.370508442e-06	1.359480965e-06	8
7.360064439e-06	1.376524029e-06	8
7.349620436e-06	1.393567094e-06	8
7.339176432e-06	1.410610158e-06	8
7.328732429e-06	1.427653223e-06	8
7.318288426e-06	1.444696287e-06	8
7.307844422e-06	1.461739351e-06	8
7.297400419e-06	1.478782416e-06	8
7.286956416e-06	1.49582548e-06	8
7.276512412e-06	1.512868545e-06	8
7.266068409e-06	1.529911609e-06	8
7.255624406e-06	1.546954673e-06	8
7.245180403e-06	1.563997738e-06	8
7.234736399e-06	1.581040802e-06	8
7.224292396e-06	1.598083867e-06	8
7.213848393e-06	1.615126931e-06	8
7.203404389e-06	1.632169995e-06	8
7.192960386e-06	1.64921306e-06	8
7.182516383e-06	1.666256124e-06	8
7.17207238e-06	1.683299189e-06	8
7.161628376e-06	1.700342253e-06	8
7.151184373e-06	1.717385317e-06	8
7.14074037e-06	1.734428382e-06	8
7.130296366e-06	1.751471446e-06	8
7.119852363e-06	1.768514511e-06	8
7.10940836e-06	1.785557575e-06	8
7.098964356e-06	1.802600639e-06	8
7.088520353e-06	1.819643704e-06	8
7.07807635e-06	1.836686768e-06	8
7.067632347e-06	1.853729833e-06	8
7.057188343e-06	1.870772897e-06	8
7.04674434e-06	1.887815961e-06	8
7.036300337e-06	1.904859026e-06	8
7.025856333e-06	1.92190209e-06	8
7.01541233e-06	1.938945154e-06	8
7.004968327e-06	1.955988219e-06	8
6.994524324e-06	1.973031283e-06	8
6.98408032e-06	1.990074348e-06	8
6.973636317e-06	2.007117412e-06	8
6.963192314e-06	2.024160476e-06	8
6.95274831e-06	2.041203541e-06	8
6.942304307e-06	2.058246605e-06	8
6.931860304e-06	2.07528967e-06	8
6.921416301e-06	2.092332734e-06	8
6.910972297e-06	2.109375798e-06	8
6.900528294e-06	2.126418863e-06	8
6.890084291e-06	2.143461927e-06	8
6.879640287e-06	2.160504992e-06	8
6.869196284e-06	2.177548056e-06	8
6.858752281e-06	2.19459112e-06	8
6.848308277e-06	2.211634185e-06	8
6.837864274e-06	2.228677249e-06	8
6.827420271e-06	2.245720314e-06	8
6.816976268e-06	2.262763378e-06	8
6.806532264e-06	2.279806442e-06	8
6.796088261e-06	2.296849507e-06	8
6.785644258e-06	2.313892571e-06	8
6.775200254e-06	2.330935636e-06	8
6.764756251e-06	2.3479787e-06	8
6.754312248e-06	2.365021764e-06	8
6.743868245e-06	2.382064829e-06	8
6.733424241e-06	2.399107893e-06	8
6.722980238e-06	2.416150957e-06	8
6.712536235e-06	2.433194022e-06	8
6.702092231e-06	2.450237086e-06	8
6.691648228e-06	2.467280151e-06	8
6.691648228e-06	2.467280151e-06	0
6.699541431e-06	2.44901371e-06	0
6.707434635e-06	2.430747269e-06	0
6.715327838e-06	2.412480828e-06	0
6.723221041e-06	2.394214388e-06	0
6.731114245e-06	2.375947947e-06	0
6.739007448e-06	2.357681506e-06	0
6.746900651e-06	2.339415066e-06	0
6.754793854e-06	2.321148625e-06	0
6.762687058e-06	2.302882184e-06	0
6.770580261e-06	2.284615743e-06	0
6.778473464e-06	2.266349303e-06	0
6.786366668e-06	2.248082862e-06	0
6.794259871e-06	2.229816421e-06	0
6.802153074e-06	2.21154998e-06	0
6.810046277e-06	2.19328354e-06	0
6.817939481e-06	2.175017099e-06	0
6.825832684e-06	2.156750658e-06	0
6.833725887e-06	2.138484217e-06	0
6.841619091e-06	2.120217777e-06	0
6.849512294e-06	2.101951336e-06	0
6.857405497e-06	2.083684895e-06	0
6.8652987e-06	2.065418454e-06	0
6.873191904e-06	2.047152014e-06	0
6.881085107e-06	2.028885573e-06	0
6.88897831e-06	2.010619132e-06	0
6.896871514e-06	1.992352692e-06	0
6.904764717e-06	1.974086251e-06	0
6.91265792e-06	1.95581981e-06	0
6.920551123e-06	1.937553369e-06	0
6.928444327e-06	1.919286929e-06	0
6.93633753e-06	1.901020488e-06	0
6.944230733e-06	1.882754047e-06	0
6.952123937e-06	1.864487606e-06	0
6.96001714e-06	1.846221166e-06	0
6.967910343e-06	1.827954725e-06	0
6.975803546e-06	1.809688284e-06	0
6.98369675e-06	1.791421843e-06	0
6.991589953e-06	1.773155403e-06	0
6.999483156e-06	1.754888962e-06	0
7.00737636e-06	1.736622521e-06	0
7.015269563e-06	1.718356081e-06	0
7.023162766e-06	1.70008964e-06	0
7.031055969e-06	1.681823199e-06	0
7.038949173e-06	1.663556758e-06	0
7.046842376e-06	1.645290318e-06	0
7.054735579e-06	1.627023877e-06	0
7.062628783e-06	1.608757436e-06	0
7.070521986e-06	1.590490995e-06	0
7.078415189e-06	1.572224555e-06	0
7.086308393e-06	1.553958114e-06	0
7.094201596e-06	1.535691673e-06	0
7.102094799e-06	1.517425232e-06	0
7.109988002e-06	1.499158792e-06	0
7.117881206e-06	1.480892351e-06	0
7.125774409e-06	1.46262591e-06	0
7.133667612e-06	1.444359469e-06	0
7.141560816e-06	1.426093029e-06	0
7.149454019e-06	1.407826588e-06	0
7.157347222e-06	1.389560147e-06	0
7.165240425e-06	1.371293707e-06	0
7.173133629e-06	1.353027266e-06	0
7.181026832e-06	1.334760825e-06	0
7.188920035e-06	1.316494384e-06	0
7.196813239e-06	1.298227944e-06	0
7.204706442e-06	1.279961503e-06	0
7.212599645e-06	1.261695062e-06	0
7.220492848e-06	1.243428621e-06	0
7.228386052e-06	1.225162181e-06	0
7.236279255e-06	1.20689574e-06	0
7.236279255e-06	1.20689574e-06	-8
7.225835252e-06	1.223938804e-06	-8
7.215391248e-06	1.240981869e-06	-8
7.204947245e-06	1.258024933e-06	-8
7.194503242e-06	1.275067998e-06	-8
7.184059239e-06	1.292111062e-06	-8
7.173615235e-06	1.309154126e-06	-8
7.163171232e-06	1.326197191e-06	-8
7.152727229e-06	1.343240255e-06	-8
7.142283225e-06	1.360283319e-06	-8
7.131839222e-06	1.377326384e-06	-8
7.121395219e-06	1.394369448e-06	-8
7.110951215e-06	1.411412513e-06	-8
7.100507212e-06	1.428455577e-06	-8
7.090063209e-06	1.445498641e-06	-8
7.079619206e-06	1.462541706e-06	-8
7.069175202e-06	1.47958477e-06	-8
7.058731199e-06	1.496627835e-06	-8
7.048287196e-06	1.513670899e-06	-8
7.037843192e-06	1.530713963e-06	-8
7.027399189e-06	1.547757028e-06	-8
7.016955186e-06	1.564800092e-06	-8
7.006511183e-06	1.581843157e-06	-8
6.996067179e-06	1.598886221e-06	-8
6.985623176e-06	1.615929285e-06	-8
6.975179173e-06	1.63297235e-06	-8
6.964735169e-06	1.650015414e-06	-8
6.954291166e-06	1.667058479e-06	-8
6.943847163e-06	1.684101543e-06	-8
6.93340316e-06	1.701144607e-06	-8
6.922959156e-06	1.718187672e-06	-8
6.912515153e-06	1.735230736e-06	-8
6.90207115e-06	1.752273801e-06	-8
6.891627146e-06	1.769316865e-06	-8
6.881183143e-06	1.786359929e-06	-8
6.87073914e-06	1.803402994e-06	-8
6.860295136e-06	1.820446058e-06	-8
6.849851133e-06	1.837489122e-06	-8
6.83940713e-06	1.854532187e-06	-8
6.828963127e-06	1.871575251e-06	-8
6.818519123e-06	1.888618316e-06	-8
6.80807512e-06	1.90566138e-06	-8
6.797631117e-06	1.922704444e-06	-8
6.787187113e-06	1.939747509e-06	-8
6.77674311e-06	1.956790573e-06	-8
6.766299107e-06	1.973833638e-06	-8
6.755855104e-06	1.990876702e-06	-8
6.7454111e-06	2.007919766e-06	-8
6.734967097e-06	2.024962831e-06	-8
6.724523094e-06	2.042005895e-06	-8
6.71407909e-06	2.05904896e-06	-8
6.703635087e-06	2.076092024e-06	-8
6.693191084e-06	2.093135088e-06	-8
6.682747081e-06	2.110178153e-06	-8
6.672303077e-06	2.127221217e-06	-8
6.661859074e-06	2.144264282e-06	-8
6.651415071e-06	2.161307346e-06	-8
6.640971067e-06	2.17835041e-06	-8
6.630527064e-06	2.195393475e-06	-8
6.620083061e-06	2.212436539e-06	-8
6.609639057e-06	2.229479604e-06	-8
6.599195054e-06	2.246522668e-06	-8
6.588751051e-06	2.263565732e-06	-8
6.578307048e-06	2.280608797e-06	-8
6.567863044e-06	2.297651861e-06	-8
6.557419041e-06	2.314694925e-06	-8
6.546975038e-06	2.33173799e-06	-8
6.536531034e-06	2.348781054e-06	-8
6.526087031e-06	2.365824119e-06	-8
6.526087031e-06	2.365824119e-06	0
6.533980234e-06	2.347557678e-06	0
6.541873438e-06	2.329291237e-06	0
6.549766641e-06	2.311024796e-06	0
6.557659844e-06	2.292758356e-06	0
6.565553048e-06	2.274491915e-06	0
6.573446251e-06	2.256225474e-06	0
6.581339454e-06	2.237959034e-06	0
6.589232657e-06	2.219692593e-06	0
6.597125861e-06	2.201426152e-06	0
6.605019064e-06	2.183159711e-06	0
6.612912267e-06	2.164893271e-06	0
6.620805471e-06	2.14662683e-06	0
6.628698674e-06	2.128360389e-06	0
6.636591877e-06	2.110093948e-06	0
6.64448508e-06	2.091827508e-06	0
6.652378284e-06	2.073561067e-06	0
6.660271487e-06	2.055294626e-06	0
6.66816469e-06	2.037028185e-06	0
6.676057894e-06	2.018761745e-06	0
6.683951097e-06	2.000495304e-06	0
6.6918443e-06	1.982228863e-06	0
6.699737503e-06	1.963962423e-06	0
6.707630707e-06	1.945695982e-06	0
6.71552391e-06	1.927429541e-06	0
6.723417113e-06	1.9091631e-06	0
6.731310317e-06	1.89089666e-06	0
6.73920352e-06	1.872630219e-06	0
6.747096723e-06	1.854363778e-06	0
6.754989926e-06	1.836097337e-06	0
6.76288313e-06	1.817830897e-06	0
6.770776333e-06	1.799564456e-06	0
6.778669536e-06	1.781298015e-06	0
6.78656274e-06	1.763031574e-06	0
6.794455943e-06	1.744765134e-06	0
6.802349146e-06	1.726498693e-06	0
6.81024235e-06	1.708232252e-06	0
6.818135553e-06	1.689965811e-06	0
6.826028756e-06	1.671699371e-06	0
6.833921959e-06	1.65343293e-06	0
6.841815163e-06	1.635166489e-06	0
6.849708366e-06	1.616900049e-06	0
6.857601569e-06	1.598633608e-06	0
6.865494773e-06	1.580367167e-06	0
6.873387976e-06	1.562100726e-06	0
6.881281179e-06	1.543834286e-06	0
6.889174382e-06	1.525567845e-06	0
6.897067586e-06	1.507301404e-06	0
6.904960789e-06	1.489034963e-06	0
6.912853992e-06	1.470768523e-06	0
6.920747196e-06	1.452502082e-06	0
6.928640399e-06	1.434235641e-06	0
6.936533602e-06	1.4159692e-06	0
6.944426805e-06	1.39770276e-06	0
6.952320009e-06	1.379436319e-06	0
6.960213212e-06	1.361169878e-06	0
6.968106415e-06	1.342903438e-06	0
6.975999619e-06	1.324636997e-06	0
6.983892822e-06	1.306370556e-06	0
6.991786025e-06	1.288104115e-06	0
6.999679228e-06	1.269837675e-06	0
7.007572432e-06	1.251571234e-06	0
7.015465635e-06	1.233304793e-06	0
7.023358838e-06	1.215038352e-06	0
7.031252042e-06	1.196771912e-06	0
7.039145245e-06	1.178505471e-06	0
7.047038448e-06	1.16023903e-06	0
7.054931651e-06	1.141972589e-06	0
7.062824855e-06	1.123706149e-06	0
7.070718058e-06	1.105439708e-06	0
7.070718058e-06	1.105439708e-06	8
7.060274055e-06	1.122482772e-06	8
7.049830051e-06	1.139525837e-06	8
7.039386048e-06	1.156568901e-06	8
7.028942045e-06	1.173611966e-06	8
7.018498042e-06	1.19065503e-06	8
7.008054038e-06	1.207698094e-06	8
6.997610035e-06	1.224741159e-06	8
6.987166032e-06	1.241784223e-06	8
6.976722028e-06	1.258827287e-06	8
6.966278025e-06	1.275870352e-06	8
6.955834022e-06	1.292913416e-06	8
6.945390019e-06	1.309956481e-06	8
6.934946015e-06	1.326999545e-06	8
6.924502012e-06	1.344042609e-06	8
6.914058009e-06	1.361085674e-06	8
6.903614005e-06	1.378128738e-06	8
6.893170002e-06	1.395171803e-06	8
6.882725999e-06	1.412214867e-06	8
6.872281995e-06	1.429257931e-06	8
6.861837992e-06	1.446300996e-06	8
6.851393989e-06	1.46334406e-06	8
6.840949986e-06	1.480387125e-06	8
6.830505982e-06	1.497430189e-06	8
6.820061979e-06	1.514473253e-06	8
6.809617976e-06	1.531516318e-06	8
6.799173972e-06	1.548559382e-06	8
6.788729969e-06	1.565602447e-06	8
6.778285966e-06	1.582645511e-06	8
6.767841963e-06	1.599688575e-06	8
6.757397959e-06	1.61673164e-06	8
6.746953956e-06	1.633774704e-06	8
6.736509953e-06	1.650817769e-06	8
6.726065949e-06	1.667860833e-06	8
6.715621946e-06	1.684903897e-06	8
6.705177943e-06	1.701946962e-06	8
6.69473394e-06	1.718990026e-06	8
6.684289936e-06	1.736033091e-06	8
6.673845933e-06	1.753076155e-06	8
6.66340193e-06	1.770119219e-06	8
6.652957926e-06	1.787162284e-06	8
6.642513923e-06	1.804205348e-06	8
6.63206992e-06	1.821248412e-06	8
6.621625916e-06	1.838291477e-06	8
6.611181913e-06	1.855334541e-06	8
6.60073791e-06	1.872377606e-06	8
6.590293907e-06	1.88942067e-06	8
6.579849903e-06	1.906463734e-06	8
6.5694059e-06	1.923506799e-06	8
6.558961897e-06	1.940549863e-06	8
6.548517893e-06	1.957592928e-06	8
6.53807389e-06	1.974635992e-06	8
6.527629887e-06	1.991679056e-06	8
6.517185884e-06	2.008722121e-06	8
6.50674188e-06	2.025765185e-06	8
6.496297877e-06	2.04280825e-06	8
6.485853874e-06	2.059851314e-06	8
6.47540987e-06	2.076894378e-06	8
6.464965867e-06	2.093937443e-06	8
6.454521864e-06	2.110980507e-06	8
6.44407786e-06	2.128023572e-06	8
6.433633857e-06	2.145066636e-06	8
6.423189854e-06	2.1621097e-06	8
6.412745851e-06	2.179152765e-06	8
6.402301847e-06	2.196195829e-06	8
6.391857844e-06	2.213238894e-06	8
6.381413841e-06	2.230281958e-06	8
6.370969837e-06	2.247325022e-06	8
6.360525834e-06	2.264368087e-06	8
6.360525834e-06	2.264368087e-06	0
6.368419037e-06	2.246101646e-06	0
6.376312241e-06	2.227835205e-06	0
6.384205444e-06	2.209568764e-06	0
6.392098647e-06	2.191302324e-06	0
6.399991851e-06	2.173035883e-06	0
6.407885054e-06	2.154769442e-06	0
6.415778257e-06	2.136503002e-06	0
6.42367146e-06	2.118236561e-06	0
6.431564664e-06	2.09997012e-06	0
6.439457867e-06	2.081703679e-06	0
6.44735107e-06	2.063437239e-06	0
6.455244274e-06	2.045170798e-06	0
6.463137477e-06	2.026904357e-06	0
6.47103068e-06	2.008637916e-06	0
6.478923883e-06	1.990371476e-06	0
6.486817087e-06	1.972105035e-06	0
6.49471029e-06	1.953838594e-06	0
6.502603493e-06	1.935572153e-06	0
6.510496697e-06	1.917305713e-06	0
6.5183899e-06	1.899039272e-06	0
6.526283103e-06	1.880772831e-06	0
6.534176307e-06	1.862506391e-06	0
6.54206951e-06	1.84423995e-06	0
6.549962713e-06	1.825973509e-06	0
6.557855916e-06	1.807707068e-06	0
6.56574912e-06	1.789440628e-06	0
6.573642323e-06	1.771174187e-06	0
6.581535526e-06	1.752907746e-06	0
6.58942873e-06	1.734641305e-06	0
6.597321933e-06	1.716374865e-06	0
6.605215136e-06	1.698108424e-06	0
6.613108339e-06	1.679841983e-06	0
6.621001543e-06	1.661575542e-06	0
6.628894746e-06	1.643309102e-06	0
6.636787949e-06	1.625042661e-06	0
6.644681153e-06	1.60677622e-06	0
6.652574356e-06	1.588509779e-06	0
6.660467559e-06	1.570243339e-06	0
6.668360762e-06	1.551976898e-06	0
6.676253966e-06	1.533710457e-06	0
6.684147169e-06	1.515444017e-06	0
6.692040372e-06	1.497177576e-06	0
6.699933576e-06	1.478911135e-06	0
6.707826779e-06	1.460644694e-06	0
6.715719982e-06	1.442378254e-06	0
6.723613185e-06	1.424111813e-06	0
6.731506389e-06	1.405845372e-06	0
6.739399592e-06	1.387578931e-06	0
6.747292795e-06	1.369312491e-06	0
6.755185999e-06	1.35104605e-06	0
6.763079202e-06	1.332779609e-06	0
6.770972405e-06	1.314513168e-06	0
6.778865608e-06	1.296246728e-06	0
6.786758812e-06	1.277980287e-06	0
6.794652015e-06	1.259713846e-06	0
6.802545218e-06	1.241447406e-06	0
6.810438422e-06	1.223180965e-06	0
6.818331625e-06	1.204914524e-06	0
6.826224828e-06	1.186648083e-06	0
6.834118031e-06	1.168381643e-06	0
6.842011235e-06	1.150115202e-06	0
6.849904438e-06	1.131848761e-06	0
6.857797641e-06	1.11358232e-06	0
6.865690845e-06	1.09531588e-06	0
6.873584048e-06	1.077049439e-06	0
6.881477251e-06	1.058782998e-06	0
6.889370455e-06	1.040516557e-06	0
6.897263658e-06	1.022250117e-06	0
6.905156861e-06	1.003983676e-06	0
6.905156861e-06	1.003983676e-06	-8
6.894712858e-06	1.02102674e-06	-8
6.884268854e-06	1.038069805e-06	-8
6.873824851e-06	1.055112869e-06	-8
6.863380848e-06	1.072155934e-06	-8
6.852936845e-06	1.089198998e-06	-8
6.842492841e-06	1.106242062e-06	-8
6.832048838e-06	1.123285127e-06	-8
6.821604835e-06	1.140328191e-06	-8
6.811160831e-06	1.157371256e-06	-8
6.800716828e-06	1.17441432e-06	-8
6.790272825e-06	1.191457384e-06	-8
6.779828822e-06	1.208500449e-06	-8
6.769384818e-06	1.225543513e-06	-8
6.758940815e-06	1.242586577e-06	-8
6.748496812e-06	1.259629642e-06	-8
6.738052808e-06	1.276672706e-06	-8
6.727608805e-06	1.293715771e-06	-8
6.717164802e-06	1.310758835e-06	-8
6.706720799e-06	1.327801899e-06	-8
6.696276795e-06	1.344844964e-06	-8
6.685832792e-06	1.361888028e-06	-8
6.675388789e-06	1.378931093e-06	-8
6.664944785e-06	1.395974157e-06	-8
6.654500782e-06	1.413017221e-06	-8
6.644056779e-06	1.430060286e-06	-8
6.633612775e-06	1.44710335e-06	-8
6.623168772e-06	1.464146415e-06	-8
6.612724769e-06	1.481189479e-06	-8
6.602280766e-06	1.498232543e-06	-8
6.591836762e-06	1.515275608e-06	-8
6.581392759e-06	1.532318672e-06	-8
6.570948756e-06	1.549361737e-06	-8
6.560504752e-06	1.566404801e-06	-8
6.550060749e-06	1.583447865e-06	-8
6.539616746e-06	1.60049093e-06	-8
6.529172743e-06	1.617533994e-06	-8
6.518728739e-06	1.634577059e-06	-8
6.508284736e-06	1.651620123e-06	-8
6.497840733e-06	1.668663187e-06	-8
6.487396729e-06	1.685706252e-06	-8
6.476952726e-06	1.702749316e-06	-8
6.466508723e-06	1.71979238e-06	-8
6.45606472e-06	1.736835445e-06	-8
6.445620716e-06	1.753878509e-06	-8
6.435176713e-06	1.770921574e-06	-8
6.42473271e-06	1.787964638e-06	-8
6.414288706e-06	1.805007702e-06	-8
6.403844703e-06	1.822050767e-06	-8
6.3934007e-06	1.839093831e-06	-8
6.382956696e-06	1.856136896e-06	-8
6.372512693e-06	1.87317996e-06	-8
6.36206869e-06	1.890223024e-06	-8
6.351624687e-06	1.907266089e-06	-8
6.341180683e-06	1.924309153e-06	-8
6.33073668e-06	1.941352218e-06	-8
6.320292677e-06	1.958395282e-06	-8
6.309848673e-06	1.975438346e-06	-8
6.29940467e-06	1.992481411e-06	-8
6.288960667e-06	2.009524475e-06	-8
6.278516664e-06	2.02656754e-06	-8
6.26807266e-06	2.043610604e-06	-8
6.257628657e-06	2.060653668e-06	-8
6.247184654e-06	2.077696733e-06	-8
6.23674065e-06	2.094739797e-06	-8
6.226296647e-06	2.111782862e-06	-8
6.215852644e-06	2.128825926e-06	-8
6.20540864e-06	2.14586899e-06	-8
6.194964637e-06	2.162912055e-06	-8
6.194964637e-06	2.162912055e-06	0
6.20285784e-06	2.144645614e-06	0
6.210751044e-06	2.126379173e-06	0
6.218644247e-06	2.108112732e-06	0
6.22653745e-06	2.089846292e-06	0
6.234430654e-06	2.071579851e-06	0
6.242323857e-06	2.05331341e-06	0
6.25021706e-06	2.03504697e-06	0
6.258110264e-06	2.016780529e-06	0
6.266003467e-06	1.998514088e-06	0
6.27389667e-06	1.980247647e-06	0
6.281789873e-06	1.961981207e-06	0
6.289683077e-06	1.943714766e-06	0
6.29757628e-06	1.925448325e-06	0
6.305469483e-06	1.907181884e-06	0
6.313362687e-06	1.888915444e-06	0
6.32125589e-06	1.870649003e-06	0
6.329149093e-06	1.852382562e-06	0
6.337042296e-06	1.834116121e-06	0
6.3449355e-06	1.815849681e-06	0
6.352828703e-06	1.79758324e-06	0
6.360721906e-06	1.779316799e-06	0
6.36861511e-06	1.761050359e-06	0
6.376508313e-06	1.742783918e-06	0
6.384401516e-06	1.724517477e-06	0
6.392294719e-06	1.706251036e-06	0
6.400187923e-06	1.687984596e-06	0
6.408081126e-06	1.669718155e-06	0
6.415974329e-06	1.651451714e-06	0
6.423867533e-06	1.633185273e-06	0
6.431760736e-06	1.614918833e-06	0
6.439653939e-06	1.596652392e-06	0
6.447547142e-06	1.578385951e-06	0
6.455440346e-06	1.56011951e-06	0
6.463333549e-06	1.54185307e-06	0
6.471226752e-06	1.523586629e-06	0
6.479119956e-06	1.505320188e-06	0
6.487013159e-06	1.487053748e-06	0
6.494906362e-06	1.468787307e-06	0
6.502799565e-06	1.450520866e-06	0
6.510692769e-06	1.432254425e-06	0
6.518585972e-06	1.413987985e-06	0
6.526479175e-06	1.395721544e-06	0
6.534372379e-06	1.377455103e-06	0
6.542265582e-06	1.359188662e-06	0
6.550158785e-06	1.340922222e-06	0
6.558051988e-06	1.322655781e-06	0
6.565945192e-06	1.30438934e-06	0
6.573838395e-06	1.286122899e-06	0
6.581731598e-06	1.267856459e-06	0
6.589624802e-06	1.249590018e-06	0
6.597518005e-06	1.231323577e-06	0
6.605411208e-06	1.213057136e-06	0
6.613304411e-06	1.194790696e-06	0
6.621197615e-06	1.176524255e-06	0
6.629090818e-06	1.158257814e-06	0
6.636984021e-06	1.139991374e-06	0
6.644877225e-06	1.121724933e-06	0
6.652770428e-06	1.103458492e-06	0
6.660663631e-06	1.085192051e-06	0
6.668556835e-06	1.066925611e-06	0
6.676450038e-06	1.04865917e-06	0
6.684343241e-06	1.030392729e-06	0
6.692236444e-06	1.012126288e-06	0
6.700129648e-06	9.938598477e-07	0
6.708022851e-06	9.755934069e-07	0
6.715916054e-06	9.573269662e-07	0
6.723809258e-06	9.390605255e-07	0
6.731702461e-06	9.207940847e-07	0
6.739595664e-06	9.02527644e-07	0
6.739595664e-06	9.02527644e-07	8
6.729151661e-06	9.195707084e-07	8
6.718707658e-06	9.366137728e-07	8
6.708263654e-06	9.536568372e-07	8
6.697819651e-06	9.706999016e-07	8
6.687375648e-06	9.87742966e-07	8
6.676931644e-06	1.00478603e-06	8
6.666487641e-06	1.021829095e-06	8
6.656043638e-06	1.038872159e-06	8
6.645599634e-06	1.055915224e-06	8
6.635155631e-06	1.072958288e-06	8
6.624711628e-06	1.090001352e-06	8
6.614267625e-06	1.107044417e-06	8
6.603823621e-06	1.124087481e-06	8
6.593379618e-06	1.141130545e-06	8
6.582935615e-06	1.15817361e-06	8
6.572491611e-06	1.175216674e-06	8
6.562047608e-06	1.192259739e-06	8
6.551603605e-06	1.209302803e-06	8
6.541159602e-06	1.226345867e-06	8
6.530715598e-06	1.243388932e-06	8
6.520271595e-06	1.260431996e-06	8
6.509827592e-06	1.277475061e-06	8
6.499383588e-06	1.294518125e-06	8
6.488939585e-06	1.311561189e-06	8
6.478495582e-06	1.328604254e-06	8
6.468051579e-06	1.345647318e-06	8
6.457607575e-06	1.362690383e-06	8
6.447163572e-06	1.379733447e-06	8
6.436719569e-06	1.396776511e-06	8
6.426275565e-06	1.413819576e-06	8
6.415831562e-06	1.43086264e-06	8
6.405387559e-06	1.447905705e-06	8
6.394943555e-06	1.464948769e-06	8
6.384499552e-06	1.481991833e-06	8
6.374055549e-06	1.499034898e-06	8
6.363611546e-06	1.516077962e-06	8
6.353167542e-06	1.533121027e-06	8
6.342723539e-06	1.550164091e-06	8
6.332279536e-06	1.567207155e-06	8
6.321835532e-06	1.58425022e-06	8
6.311391529e-06	1.601293284e-06	8
6.300947526e-06	1.618336348e-06	8
6.290503523e-06	1.635379413e-06	8
6.280059519e-06	1.652422477e-06	8
6.269615516e-06	1.669465542e-06	8
6.259171513e-06	1.686508606e-06	8
6.248727509e-06	1.70355167e-06	8
6.238283506e-06	1.720594735e-06	8
6.227839503e-06	1.737637799e-06	8
6.217395499e-06	1.754680864e-06	8
6.206951496e-06	1.771723928e-06	8
6.196507493e-06	1.788766992e-06	8
6.18606349e-06	1.805810057e-06	8
6.175619486e-06	1.822853121e-06	8
6.165175483e-06	1.839896186e-06	8
6.15473148e-06	1.85693925e-06	8
6.144287476e-06	1.873982314e-06	8
6.133843473e-06	1.891025379e-06	8
6.12339947e-06	1.908068443e-06	8
6.112955467e-06	1.925111508e-06	8
6.102511463e-06	1.942154572e-06	8
6.09206746e-06	1.959197636e-06	8
6.081623457e-06	1.976240701e-06	8
6.071179453e-06	1.993283765e-06	8
6.06073545e-06	2.01032683e-06	8
6.050291447e-06	2.027369894e-06	8
6.039847444e-06	2.044412958e-06	8
6.02940344e-06	2.061456023e-06	8
6.02940344e-06	2.061456023e-06	0
6.037296644e-06	2.043189582e-06	0
6.045189847e-06	2.024923141e-06	0
6.05308305e-06	2.006656701e-06	0
6.060976253e-06	1.98839026e-06	0
6.068869457e-06	1.970123819e-06	0
6.07676266e-06	1.951857378e-06	0
6.084655863e-06	1.933590938e-06	0
6.092549067e-06	1.915324497e-06	0
6.10044227e-06	1.897058056e-06	0
6.108335473e-06	1.878791615e-06	0
6.116228676e-06	1.860525175e-06	0
6.12412188e-06	1.842258734e-06	0
6.132015083e-06	1.823992293e-06	0
6.139908286e-06	1.805725852e-06	0
6.14780149e-06	1.787459412e-06	0
6.155694693e-06	1.769192971e-06	0
6.163587896e-06	1.75092653e-06	0
6.171481099e-06	1.732660089e-06	0
6.179374303e-06	1.714393649e-06	0
6.187267506e-06	1.696127208e-06	0
6.195160709e-06	1.677860767e-06	0
6.203053913e-06	1.659594327e-06	0
6.210947116e-06	1.641327886e-06	0
6.218840319e-06	1.623061445e-06	0
6.226733522e-06	1.604795004e-06	0
6.234626726e-06	1.586528564e-06	0
6.242519929e-06	1.568262123e-06	0
6.250413132e-06	1.549995682e-06	0
6.258306336e-06	1.531729241e-06	0
6.266199539e-06	1.513462801e-06	0
6.274092742e-06	1.49519636e-06	0
6.281985945e-06	1.476929919e-06	0
6.289879149e-06	1.458663478e-06	0
6.297772352e-06	1.440397038e-06	0
6.305665555e-06	1.422130597e-06	0
6.313558759e-06	1.403864156e-06	0
6.321451962e-06	1.385597716e-06	0
6.329345165e-06	1.367331275e-06	0
6.337238368e-06	1.349064834e-06	0
6.345131572e-06	1.330798393e-06	0
6.353024775e-06	1.312531953e-06	0
6.360917978e-06	1.294265512e-06	0
6.368811182e-06	1.275999071e-06	0
6.376704385e-06	1.25773263e-06	0
6.384597588e-06	1.23946619e-06	0
6.392490792e-06	1.221199749e-06	0
6.400383995e-06	1.202933308e-06	0
6.408277198e-06	1.184666867e-06	0
6.416170401e-06	1.166400427e-06	0
6.424063605e-06	1.148133986e-06	0
6.431956808e-06	1.129867545e-06	0
6.439850011e-06	1.111601104e-06	0
6.447743215e-06	1.093334664e-06	0
6.455636418e-06	1.075068223e-06	0
6.463529621e-06	1.056801782e-06	0
6.471422824e-06	1.038535342e-06	0
6.479316028e-06	1.020268901e-06	0
6.487209231e-06	1.00200246e-06	0
6.495102434e-06	9.837360194e-07	0
6.502995638e-06	9.654695786e-07	0
6.510888841e-06	9.472031379e-07	0
6.518782044e-06	9.289366971e-07	0
6.526675247e-06	9.106702564e-07	0
6.534568451e-06	8.924038157e-07	0
6.542461654e-06	8.741373749e-07	0
6.550354857e-06	8.558709342e-07	0
6.558248061e-06	8.376044935e-07	0
6.566141264e-06	8.193380527e-07	0
6.574034467e-06	8.01071612e-07	0
6.574034467e-06	8.01071612e-07	-8
6.563590464e-06	8.181146764e-07	-8
6.553146461e-06	8.351577408e-07	-8
6.542702457e-06	8.522008052e-07	-8
6.532258454e-06	8.692438696e-07	-8
6.521814451e-06	8.86286934e-07	-8
6.511370447e-06	9.033299984e-07	-8
6.500926444e-06	9.203730628e-07	-8
6.490482441e-06	9.374161271e-07	-8
6.480038438e-06	9.544591915e-07	-8
6.469594434e-06	9.715022559e-07	-8
6.459150431e-06	9.885453203e-07	-8
6.448706428e-06	1.005588385e-06	-8
6.438262424e-06	1.022631449e-06	-8
6.427818421e-06	1.039674514e-06	-8
6.417374418e-06	1.056717578e-06	-8
6.406930414e-06	1.073760642e-06	-8
6.396486411e-06	1.090803707e-06	-8
6.386042408e-06	1.107846771e-06	-8
6.375598405e-06	1.124889835e-06	-8
6.365154401e-06	1.1419329e-06	-8
6.354710398e-06	1.158975964e-06	-8
6.344266395e-06	1.176019029e-06	-8
6.333822391e-06	1.193062093e-06	-8
6.323378388e-06	1.210105157e-06	-8
6.312934385e-06	1.227148222e-06	-8
6.302490382e-06	1.244191286e-06	-8
6.292046378e-06	1.261234351e-06	-8
6.281602375e-06	1.278277415e-06	-8
6.271158372e-06	1.295320479e-06	-8
6.260714368e-06	1.312363544e-06	-8
6.250270365e-06	1.329406608e-06	-8
6.239826362e-06	1.346449673e-06	-8
6.229382359e-06	1.363492737e-06	-8
6.218938355e-06	1.380535801e-06	-8
6.208494352e-06	1.397578866e-06	-8
6.198050349e-06	1.41462193e-06	-8
6.187606345e-06	1.431664995e-06	-8
6.177162342e-06	1.448708059e-06	-8
6.166718339e-06	1.465751123e-06	-8
6.156274335e-06	1.482794188e-06	-8
6.145830332e-06	1.499837252e-06	-8
6.135386329e-06	1.516880317e-06	-8
6.124942326e-06	1.533923381e-06	-8
6.114498322e-06	1.550966445e-06	-8
6.104054319e-06	1.56800951e-06	-8
6.093610316e-06	1.585052574e-06	-8
6.083166312e-06	1.602095638e-06	-8
6.072722309e-06	1.619138703e-06	-8
6.062278306e-06	1.636181767e-06	-8
6.051834303e-06	1.653224832e-06	-8
6.041390299e-06	1.670267896e-06	-8
6.030946296e-06	1.68731096e-06	-8
6.020502293e-06	1.704354025e-06	-8
6.010058289e-06	1.721397089e-06	-8
5.999614286e-06	1.738440154e-06	-8
5.989170283e-06	1.755483218e-06	-8
5.978726279e-06	1.772526282e-06	-8
5.968282276e-06	1.789569347e-06	-8
5.957838273e-06	1.806612411e-06	-8
5.94739427e-06	1.823655476e-06	-8
5.936950266e-06	1.84069854e-06	-8
5.926506263e-06	1.857741604e-06	-8
5.91606226e-06	1.874784669e-06	-8
5.905618256e-06	1.891827733e-06	-8
5.895174253e-06	1.908870798e-06	-8
5.88473025e-06	1.925913862e-06	-8
5.874286247e-06	1.942956926e-06	-8
5.863842243e-06	1.959999991e-06	-8
5.863842243e-06	1.959999991e-06	0
5.871735447e-06	1.94173355e-06	0
5.87962865e-06	1.923467109e-06	0
5.887521853e-06	1.905200669e-06	0
5.895415056e-06	1.886934228e-06	0
5.90330826e-06	1.868667787e-06	0
5.911201463e-06	1.850401346e-06	0
5.919094666e-06	1.832134906e-06	0
5.92698787e-06	1.813868465e-06	0
5.934881073e-06	1.795602024e-06	0
5.942774276e-06	1.777335583e-06	0
5.950667479e-06	1.759069143e-06	0
5.958560683e-06	1.740802702e-06	0
5.966453886e-06	1.722536261e-06	0
5.974347089e-06	1.70426982e-06	0
5.982240293e-06	1.68600338e-06	0
5.990133496e-06	1.667736939e-06	0
5.998026699e-06	1.649470498e-06	0
6.005919902e-06	1.631204058e-06	0
6.013813106e-06	1.612937617e-06	0
6.021706309e-06	1.594671176e-06	0
6.029599512e-06	1.576404735e-06	0
6.037492716e-06	1.558138295e-06	0
6.045385919e-06	1.539871854e-06	0
6.053279122e-06	1.521605413e-06	0
6.061172325e-06	1.503338972e-06	0
6.069065529e-06	1.485072532e-06	0
6.076958732e-06	1.466806091e-06	0
6.084851935e-06	1.44853965e-06	0
6.092745139e-06	1.430273209e-06	0
6.100638342e-06	1.412006769e-06	0
6.108531545e-06	1.393740328e-06	0
6.116424749e-06	1.375473887e-06	0
6.124317952e-06	1.357207446e-06	0
6.132211155e-06	1.338941006e-06	0
6.140104358e-06	1.320674565e-06	0
6.147997562e-06	1.302408124e-06	0
6.155890765e-06	1.284141684e-06	0
6.163783968e-06	1.265875243e-06	0
6.171677172e-06	1.247608802e-06	0
6.179570375e-06	1.229342361e-06	0
6.187463578e-06	1.211075921e-06	0
6.195356781e-06	1.19280948e-06	0
6.203249985e-06	1.174543039e-06	0
6.211143188e-06	1.156276598e-06	0
6.219036391e-06	1.138010158e-06	0
6.226929595e-06	1.119743717e-06	0
6.234822798e-06	1.101477276e-06	0
6.242716001e-06	1.083210835e-06	0
6.250609204e-06	1.064944395e-06	0
6.258502408e-06	1.046677954e-06	0
6.266395611e-06	1.028411513e-06	0
6.274288814e-06	1.010145073e-06	0
6.282182018e-06	9.918786318e-07	0
6.290075221e-06	9.73612191e-07	0
6.297968424e-06	9.553457503e-07	0
6.305861627e-06	9.370793096e-07	0
6.313754831e-06	9.188128688e-07	0
6.321648034e-06	9.005464281e-07	0
6.329541237e-06	8.822799874e-07	0
6.337434441e-06	8.640135466e-07	0
6.345327644e-06	8.457471059e-07	0
6.353220847e-06	8.274806652e-07	0
6.36111405e-06	8.092142244e-07	0
6.369007254e-06	7.909477837e-07	0
6.376900457e-06	7.72681343e-07	0
6.38479366e-06	7.544149022e-07	0
6.392686864e-06	7.361484615e-07	0
6.400580067e-06	7.178820208e-07	0
6.40847327e-06	6.9961558e-07	0
6.40847327e-06	6.9961558e-07	8
6.398029267e-06	7.166586444e-07	8
6.387585264e-06	7.337017088e-07	8
6.37714126e-06	7.507447732e-07	8
6.366697257e-06	7.677878376e-07	8
6.356253254e-06	7.84830902e-07	8
6.34580925e-06	8.018739664e-07	8
6.335365247e-06	8.189170308e-07	8
6.324921244e-06	8.359600952e-07	8
6.314477241e-06	8.530031596e-07	8
6.304033237e-06	8.70046224e-07	8
6.293589234e-06	8.870892883e-07	8
6.283145231e-06	9.041323527e-07	8
6.272701227e-06	9.211754171e-07	8
6.262257224e-06	9.382184815e-07	8
6.251813221e-06	9.552615459e-07	8
6.241369218e-06	9.723046103e-07	8
6.230925214e-06	9.893476747e-07	8
6.220481211e-06	1.006390739e-06	8
6.210037208e-06	1.023433803e-06	8
6.199593204e-06	1.040476868e-06	8
6.189149201e-06	1.057519932e-06	8
6.178705198e-06	1.074562997e-06	8
6.168261194e-06	1.091606061e-06	8
6.157817191e-06	1.108649125e-06	8
6.147373188e-06	1.12569219e-06	8
6.136929185e-06	1.142735254e-06	8
6.126485181e-06	1.159778319e-06	8
6.116041178e-06	1.176821383e-06	8
6.105597175e-06	1.193864447e-06	8
6.095153171e-06	1.210907512e-06	8
6.084709168e-06	1.227950576e-06	8
6.074265165e-06	1.244993641e-06	8
6.063821162e-06	1.262036705e-06	8
6.053377158e-06	1.279079769e-06	8
6.042933155e-06	1.296122834e-06	8
6.032489152e-06	1.313165898e-06	8
6.022045148e-06	1.330208963e-06	8
6.011601145e-06	1.347252027e-06	8
6.001157142e-06	1.364295091e-06	8
5.990713138e-06	1.381338156e-06	8
5.980269135e-06	1.39838122e-06	8
5.969825132e-06	1.415424285e-06	8
5.959381129e-06	1.432467349e-06	8
5.948937125e-06	1.449510413e-06	8
5.938493122e-06	1.466553478e-06	8
5.928049119e-06	1.483596542e-06	8
5.917605115e-06	1.500639606e-06	8
5.907161112e-06	1.517682671e-06	8
5.896717109e-06	1.534725735e-06	8
5.886273106e-06	1.5517688e-06	8
5.875829102e-06	1.568811864e-06	8
5.865385099e-06	1.585854928e-06	8
5.854941096e-06	1.602897993e-06	8
5.844497092e-06	1.619941057e-06	8
5.834053089e-06	1.636984122e-06	8
5.823609086e-06	1.654027186e-06	8
5.813165083e-06	1.67107025e-06	8
5.802721079e-06	1.688113315e-06	8
5.792277076e-06	1.705156379e-06	8
5.781833073e-06	1.722199444e-06	8
5.771389069e-06	1.739242508e-06	8
5.760945066e-06	1.756285572e-06	8
5.750501063e-06	1.773328637e-06	8
5.740057059e-06	1.790371701e-06	8
5.729613056e-06	1.807414766e-06	8
5.719169053e-06	1.82445783e-06	8
5.70872505e-06	1.841500894e-06	8
5.698281046e-06	1.858543959e-06	8
5.698281046e-06	1.858543959e-06	0
5.70617425e-06	1.840277518e-06	0
5.714067453e-06	1.822011077e-06	0
5.721960656e-06	1.803744637e-06	0
5.729853859e-06	1.785478196e-06	0
5.737747063e-06	1.767211755e-06	0
5.745640266e-06	1.748945314e-06	0
5.753533469e-06	1.730678874e-06	0
5.761426673e-06	1.712412433e-06	0
5.769319876e-06	1.694145992e-06	0
5.777213079e-06	1.675879551e-06	0
5.785106282e-06	1.657613111e-06	0
5.792999486e-06	1.63934667e-06	0
5.800892689e-06	1.621080229e-06	0
5.808785892e-06	1.602813788e-06	0
5.816679096e-06	1.584547348e-06	0
5.824572299e-06	1.566280907e-06	0
5.832465502e-06	1.548014466e-06	0
5.840358706e-06	1.529748026e-06	0
5.848251909e-06	1.511481585e-06	0
5.856145112e-06	1.493215144e-06	0
5.864038315e-06	1.474948703e-06	0
5.871931519e-06	1.456682263e-06	0
5.879824722e-06	1.438415822e-06	0
5.887717925e-06	1.420149381e-06	0
5.895611129e-06	1.40188294e-06	0
5.903504332e-06	1.3836165e-06	0
5.911397535e-06	1.365350059e-06	0
5.919290738e-06	1.347083618e-06	0
5.927183942e-06	1.328817177e-06	0
5.935077145e-06	1.310550737e-06	0
5.942970348e-06	1.292284296e-06	0
5.950863552e-06	1.274017855e-06	0
5.958756755e-06	1.255751414e-06	0
5.966649958e-06	1.237484974e-06	0
5.974543161e-06	1.219218533e-06	0
5.982436365e-06	1.200952092e-06	0
5.990329568e-06	1.182685652e-06	0
5.998222771e-06	1.164419211e-06	0
6.006115975e-06	1.14615277e-06	0
6.014009178e-06	1.127886329e-06	0
6.021902381e-06	1.109619889e-06	0
6.029795584e-06	1.091353448e-06	0
6.037688788e-06	1.073087007e-06	0
6.045581991e-06	1.054820566e-06	0
6.053475194e-06	1.036554126e-06	0
6.061368398e-06	1.018287685e-06	0
6.069261601e-06	1.000021244e-06	0
6.077154804e-06	9.817548035e-07	0
6.085048007e-06	9.634883627e-07	0
6.092941211e-06	9.45221922e-07	0
6.100834414e-06	9.269554813e-07	0
6.108727617e-06	9.086890405e-07	0
6.116620821e-06	8.904225998e-07	0
6.124514024e-06	8.721561591e-07	0
6.132407227e-06	8.538897183e-07	0
6.14030043e-06	8.356232776e-07	0
6.148193634e-06	8.173568369e-07	0
6.156086837e-06	7.990903961e-07	0
6.16398004e-06	7.808239554e-07	0
6.171873244e-06	7.625575147e-07	0
6.179766447e-06	7.442910739e-07	0
6.18765965e-06	7.260246332e-07	0
6.195552853e-06	7.077581924e-07	0
6.203446057e-06	6.894917517e-07	0
6.21133926e-06	6.71225311e-07	0
6.219232463e-06	6.529588702e-07	0
6.227125667e-06	6.346924295e-07	0
6.23501887e-06	6.164259888e-07	0
6.242912073e-06	5.98159548e-07	0
6.242912073e-06	5.98159548e-07	-8
6.23246807e-06	6.152026124e-07	-8
6.222024067e-06	6.322456768e-07	-8
6.211580063e-06	6.492887412e-07	-8
6.20113606e-06	6.663318056e-07	-8
6.190692057e-06	6.8337487e-07	-8
6.180248053e-06	7.004179344e-07	-8
6.16980405e-06	7.174609988e-07	-8
6.159360047e-06	7.345040632e-07	-8
6.148916044e-06	7.515471276e-07	-8
6.13847204e-06	7.68590192e-07	-8
6.128028037e-06	7.856332564e-07	-8
6.117584034e-06	8.026763208e-07	-8
6.10714003e-06	8.197193851e-07	-8
6.096696027e-06	8.367624495e-07	-8
6.086252024e-06	8.538055139e-07	-8
6.075808021e-06	8.708485783e-07	-8
6.065364017e-06	8.878916427e-07	-8
6.054920014e-06	9.049347071e-07	-8
6.044476011e-06	9.219777715e-07	-8
6.034032007e-06	9.390208359e-07	-8
6.023588004e-06	9.560639003e-07	-8
6.013144001e-06	9.731069647e-07	-8
6.002699998e-06	9.901500291e-07	-8
5.992255994e-06	1.007193093e-06	-8
5.981811991e-06	1.024236158e-06	-8
5.971367988e-06	1.041279222e-06	-8
5.960923984e-06	1.058322287e-06	-8
5.950479981e-06	1.075365351e-06	-8
5.940035978e-06	1.092408415e-06	-8
5.929591974e-06	1.10945148e-06	-8
5.919147971e-06	1.126494544e-06	-8
5.908703968e-06	1.143537609e-06	-8
5.898259965e-06	1.160580673e-06	-8
5.887815961e-06	1.177623737e-06	-8
5.877371958e-06	1.194666802e-06	-8
5.866927955e-06	1.211709866e-06	-8
5.856483951e-06	1.228752931e-06	-8
5.846039948e-06	1.245795995e-06	-8
5.835595945e-06	1.262839059e-06	-8
5.825151942e-06	1.279882124e-06	-8
5.814707938e-06	1.296925188e-06	-8
5.804263935e-06	1.313968253e-06	-8
5.793819932e-06	1.331011317e-06	-8
5.783375928e-06	1.348054381e-06	-8
5.772931925e-06	1.365097446e-06	-8
5.762487922e-06	1.38214051e-06	-8
5.752043918e-06	1.399183575e-06	-8
5.741599915e-06	1.416226639e-06	-8
5.731155912e-06	1.433269703e-06	-8
5.720711909e-06	1.450312768e-06	-8
5.710267905e-06	1.467355832e-06	-8
5.699823902e-06	1.484398896e-06	-8
5.689379899e-06	1.501441961e-06	-8
5.678935895e-06	1.518485025e-06	-8
5.668491892e-06	1.53552809e-06	-8
5.658047889e-06	1.552571154e-06	-8
5.647603886e-06	1.569614218e-06	-8
5.637159882e-06	1.586657283e-06	-8
5.626715879e-06	1.603700347e-06	-8
5.616271876e-06	1.620743412e-06	-8
5.605827872e-06	1.637786476e-06	-8
5.595383869e-06	1.65482954e-06	-8
5.584939866e-06	1.671872605e-06	-8
5.574495863e-06	1.688915669e-06	-8
5.564051859e-06	1.705958734e-06	-8
5.553607856e-06	1.723001798e-06	-8
5.543163853e-06	1.740044862e-06	-8
5.532719849e-06	1.757087927e-06	-8
5.532719849e-06	1.757087927e-06	0
5.513770302e-06	1.763371436e-06	0
5.494820755e-06	1.769654944e-06	0
5.475871208e-06	1.775938453e-06	0
5.456921661e-06	1.782221962e-06	0
5.437972113e-06	1.78850547e-06	0
5.419022566e-06	1.794788979e-06	0
5.400073019e-06	1.801072488e-06	0
5.381123472e-06	1.807355997e-06	0
5.362173925e-06	1.813639505e-06	0
5.343224378e-06	1.819923014e-06	0
5.32427483e-06	1.826206523e-06	0
5.305325283e-06	1.832490032e-06	0
5.286375736e-06	1.83877354e-06	0
5.267426189e-06	1.845057049e-06	0
5.248476642e-06	1.851340558e-06	0
5.229527095e-06	1.857624067e-06	0
5.210577547e-06	1.863907575e-06	0
5.191628e-06	1.870191084e-06	0
5.172678453e-06	1.876474593e-06	0
5.153728906e-06	1.882758102e-06	0
5.134779359e-06	1.88904161e-06	0
5.115829811e-06	1.895325119e-06	0
5.096880264e-06	1.901608628e-06	0
5.077930717e-06	1.907892136e-06	0
5.05898117e-06	1.914175645e-06	0
5.040031623e-06	1.920459154e-06	0
5.021082076e-06	1.926742663e-06	0
5.002132528e-06	1.933026171e-06	0
4.983182981e-06	1.93930968e-06	0
4.964233434e-06	1.945593189e-06	0
4.945283887e-06	1.951876698e-06	0
4.92633434e-06	1.958160206e-06	0
4.907384793e-06	1.964443715e-06	0
4.888435245e-06	1.970727224e-06	0
4.869485698e-06	1.977010733e-06	0
4.850536151e-06	1.983294241e-06	0
4.831586604e-06	1.98957775e-06	0
4.812637057e-06	1.995861259e-06	0
4.793687509e-06	2.002144768e-06	0
4.774737962e-06	2.008428276e-06	0
4.755788415e-06	2.014711785e-06	0
4.736838868e-06	2.020995294e-06	0
4.717889321e-06	2.027278803e-06	0
4.698939774e-06	2.033562311e-06	0
4.679990226e-06	2.03984582e-06	0
4.661040679e-06	2.046129329e-06	0
4.642091132e-06	2.052412837e-06	0
4.623141585e-06	2.058696346e-06	0
4.604192038e-06	2.064979855e-06	0
4.585242491e-06	2.071263364e-06	0
4.566292943e-06	2.077546872e-06	0
4.547343396e-06	2.083830381e-06	0
4.528393849e-06	2.09011389e-06	0
4.509444302e-06	2.096397399e-06	0
4.490494755e-06	2.102680907e-06	0
4.471545207e-06	2.108964416e-06	0
4.45259566e-06	2.115247925e-06	0
4.433646113e-06	2.121531434e-06	0
4.414696566e-06	2.127814942e-06	0
4.395747019e-06	2.134098451e-06	0
4.376797472e-06	2.14038196e-06	0
4.357847924e-06	2.146665469e-06	0
4.338898377e-06	2.152948977e-06	0
4.31994883e-06	2.159232486e-06	0
4.300999283e-06	2.165515995e-06	0
4.282049736e-06	2.171799504e-06	0
4.263100188e-06	2.178083012e-06	0
4.244150641e-06	2.184366521e-06	0
4.225201094e-06	2.19065003e-06	0
4.206251547e-06	2.196933538e-06	0
4.187302e-06	2.203217047e-06	0
4.168352453e-06	2.209500556e-06	0
4.149402905e-06	2.215784065e-06	0
4.130453358e-06	2.222067573e-06	0
4.111503811e-06	2.228351082e-06	0
4.092554264e-06	2.234634591e-06	0
4.073604717e-06	2.2409181e-06	0
4.05465517e-06	2.247201608e-06	0
4.035705622e-06	2.253485117e-06	0
4.016756075e-06	2.259768626e-06	0
3.997806528e-06	2.266052135e-06	0
3.978856981e-06	2.272335643e-06	0
3.959907434e-06	2.278619152e-06	0
3.940957886e-06	2.284902661e-06	0
3.922008339e-06	2.29118617e-06	0
3.903058792e-06	2.297469678e-06	0
3.884109245e-06	2.303753187e-06	0
3.865159698e-06	2.310036696e-06	0
3.846210151e-06	2.316320204e-06	0
3.827260603e-06	2.322603713e-06	0
3.808311056e-06	2.328887222e-06	0
3.789361509e-06	2.335170731e-06	0
3.770411962e-06	2.341454239e-06	0
3.751462415e-06	2.347737748e-06	0
3.732512868e-06	2.354021257e-06	0
3.71356332e-06	2.360304766e-06	0
3.694613773e-06	2.366588274e-06	0
3.675664226e-06	2.372871783e-06	0
3.656714679e-06	2.379155292e-06	0
3.637765132e-06	2.385438801e-06	0
3.618815584e-06	2.391722309e-06	0
3.599866037e-06	2.398005818e-06	0
3.58091649e-06	2.404289327e-06	0
3.561966943e-06	2.410572836e-06	0
3.543017396e-06	2.416856344e-06	0
3.524067849e-06	2.423139853e-06	0
3.505118301e-06	2.429423362e-06	0
3.486168754e-06	2.435706871e-06	0
3.467219207e-06	2.441990379e-06	0
3.44826966e-06	2.448273888e-06	0
3.429320113e-06	2.454557397e-06	0
3.410370566e-06	2.460840905e-06	0
3.391421018e-06	2.467124414e-06	0
3.372471471e-06	2.473407923e-06	0
3.353521924e-06	2.479691432e-06	0
3.334572377e-06	2.48597494e-06	0
3.31562283e-06	2.492258449e-06	0
3.296673282e-06	2.498541958e-06	0
3.277723735e-06	2.504825467e-06	0
3.258774188e-06	2.511108975e-06	0
3.239824641e-06	2.517392484e-06	0
3.220875094e-06	2.523675993e-06	0
3.201925547e-06	2.529959502e-06	0
3.182975999e-06	2.53624301e-06	0
3.164026452e-06	2.542526519e-06	0
3.145076905e-06	2.548810028e-06	0
3.126127358e-06	2.555093537e-06	0
3.107177811e-06	2.561377045e-06	0
3.088228264e-06	2.567660554e-06	0
3.069278716e-06	2.573944063e-06	0
3.050329169e-06	2.580227571e-06	0
3.031379622e-06	2.58651108e-06	0
3.012430075e-06	2.592794589e-06	0
2.993480528e-06	2.599078098e-06	0
2.97453098e-06	2.605361606e-06	0
2.955581433e-06	2.611645115e-06	0
2.936631886e-06	2.617928624e-06	0
2.917682339e-06	2.624212133e-06	0
2.898732792e-06	2.630495641e-06	0
2.879783245e-06	2.63677915e-06	0
2.860833697e-06	2.643062659e-06	0
2.84188415e-06	2.649346168e-06	0
2.822934603e-06	2.655629676e-06	0
2.803985056e-06	2.661913185e-06	0
2.785035509e-06	2.668196694e-06	0
2.766085962e-06	2.674480203e-06	0
2.747136414e-06	2.680763711e-06	0
2.728186867e-06	2.68704722e-06	0
2.70923732e-06	2.693330729e-06	0
2.690287773e-06	2.699614238e-06	0
2.671338226e-06	2.705897746e-06	0
2.652388678e-06	2.712181255e-06	0
2.633439131e-06	2.718464764e-06	0
2.614489584e-06	2.724748272e-06	0
2.595540037e-06	2.731031781e-06	0
2.57659049e-06	2.73731529e-06	0
2.557640943e-06	2.743598799e-06	0
2.538691395e-06	2.749882307e-06	0
2.519741848e-06	2.756165816e-06	0
2.500792301e-06	2.762449325e-06	0
2.481842754e-06	2.768732834e-06	0
2.462893207e-06	2.775016342e-06	0
2.44394366e-06	2.781299851e-06	0
2.424994112e-06	2.78758336e-06	0
2.406044565e-06	2.793866869e-06	0
2.387095018e-06	2.800150377e-06	0
2.368145471e-06	2.806433886e-06	0
2.349195924e-06	2.812717395e-06	0
2.330246376e-06	2.819000904e-06	0
2.311296829e-06	2.825284412e-06	0
2.292347282e-06	2.831567921e-06	0
2.273397735e-06	2.83785143e-06	0
2.254448188e-06	2.844134939e-06	0
2.235498641e-06	2.850418447e-06	0
2.216549093e-06	2.856701956e-06	0
2.197599546e-06	2.862985465e-06	0
2.178649999e-06	2.869268973e-06	0
2.159700452e-06	2.875552482e-06	0
2.140750905e-06	2.881835991e-06	0
2.121801358e-06	2.8881195e-06	0
2.10285181e-06	2.894403008e-06	0
2.083902263e-06	2.900686517e-06	0
2.064952716e-06	2.906970026e-06	0
2.046003169e-06	2.913253535e-06	0
2.027053622e-06	2.919537043e-06	0
2.008104074e-06	2.925820552e-06	0
1.989154527e-06	2.932104061e-06	0
1.97020498e-06	2.93838757e-06	0
1.951255433e-06	2.944671078e-06	0
1.932305886e-06	2.950954587e-06	0
1.913356339e-06	2.957238096e-06	0
1.894406791e-06	2.963521605e-06	0
1.875457244e-06	2.969805113e-06	0
1.856507697e-06	2.976088622e-06	0
1.83755815e-06	2.982372131e-06	0
1.818608603e-06	2.988655639e-06	0
1.799659056e-06	2.994939148e-06	0
1.780709508e-06	3.001222657e-06	0
1.761759961e-06	3.007506166e-06	0
1.742810414e-06	3.013789674e-06	0
1.723860867e-06	3.020073183e-06	0
1.70491132e-06	3.026356692e-06	0
1.685961772e-06	3.032640201e-06	0
1.667012225e-06	3.038923709e-06	0
1.648062678e-06	3.045207218e-06	0
1.629113131e-06	3.051490727e-06	0
1.610163584e-06	3.057774236e-06	0
1.591214037e-06	3.064057744e-06	0
1.572264489e-06	3.070341253e-06	0
1.553314942e-06	3.076624762e-06	0
1.534365395e-06	3.082908271e-06	0
1.515415848e-06	3.089191779e-06	0
1.496466301e-06	3.095475288e-06	0
1.477516754e-06	3.101758797e-06	0
1.458567206e-06	3.108042306e-06	0
1.439617659e-06	3.114325814e-06	0
1.420668112e-06	3.120609323e-06	0
1.401718565e-06	3.126892832e-06	0
1.382769018e-06	3.13317634e-06	0
1.36381947e-06	3.139459849e-06	0
1.344869923e-06	3.145743358e-06	0
1.325920376e-06	3.152026867e-06	0
1.306970829e-06	3.158310375e-06	0
1.288021282e-06	3.164593884e-06	0
1.269071735e-06	3.170877393e-06	0
1.250122187e-06	3.177160902e-06	0
1.23117264e-06	3.18344441e-06	0
1.212223093e-06	3.189727919e-06	0
1.193273546e-06	3.196011428e-06	0
1.174323999e-06	3.202294937e-06	0
1.155374451e-06	3.208578445e-06	0
1.136424904e-06	3.214861954e-06	0
1.117475357e-06	3.221145463e-06	0
1.09852581e-06	3.227428972e-06	0
1.079576263e-06	3.23371248e-06	0
1.060626716e-06	3.239995989e-06	0
1.041677168e-06	3.246279498e-06	0
1.022727621e-06	3.252563007e-06	0
1.003778074e-06	3.258846515e-06	0
9.848285269e-07	3.265130024e-06	0
9.658789797e-07	3.271413533e-06	0
9.469294326e-07	3.277697041e-06	0
9.279798854e-07	3.28398055e-06	0
9.090303382e-07	3.290264059e-06	0
8.90080791e-07	3.296547568e-06	0
8.711312438e-07	3.302831076e-06	0
8.711312438e-07	3.302831076e-06	8
8.911129722e-07	3.303354316e-06	8
9.110947006e-07	3.303877556e-06	8
9.310764289e-07	3.304400796e-06	8
9.510581573e-07	3.304924036e-06	8
9.710398857e-07	3.305447276e-06	8
9.910216141e-07	3.305970516e-06	8
1.011003342e-06	3.306493756e-06	8
1.030985071e-06	3.307016996e-06	8
1.050966799e-06	3.307540236e-06	8
1.070948528e-06	3.308063476e-06	8
1.090930256e-06	3.308586716e-06	8
1.110911984e-06	3.309109956e-06	8
1.130893713e-06	3.309633196e-06	8
1.150875441e-06	3.310156436e-06	8
1.170857169e-06	3.310679676e-06	8
1.190838898e-06	3.311202916e-06	8
1.210820626e-06	3.311726156e-06	8
1.230802354e-06	3.312249396e-06	8
1.250784083e-06	3.312772636e-06	8
1.270765811e-06	3.313295876e-06	8
1.29074754e-06	3.313819116e-06	8
1.310729268e-06	3.314342356e-06	8
1.330710996e-06	3.314865596e-06	8
1.350692725e-06	3.315388836e-06	8
1.370674453e-06	3.315912076e-06	8
1.390656181e-06	3.316435316e-06	8
1.41063791e-06	3.316958556e-06	8
1.430619638e-06	3.317481796e-06	8
1.450601367e-06	3.318005036e-06	8
1.470583095e-06	3.318528276e-06	8
1.490564823e-06	3.319051516e-06	8
1.510546552e-06	3.319574756e-06	8
1.53052828e-06	3.320097995e-06	8
1.550510008e-06	3.320621235e-06	8
1.570491737e-06	3.321144475e-06	8
1.590473465e-06	3.321667715e-06	8
1.610455193e-06	3.322190955e-06	8
1.630436922e-06	3.322714195e-06	8
1.65041865e-06	3.323237435e-06	8
1.670400379e-06	3.323760675e-06	8
1.690382107e-06	3.324283915e-06	8
1.710363835e-06	3.324807155e-06	8
1.730345564e-06	3.325330395e-06	8
1.750327292e-06	3.325853635e-06	8
1.77030902e-06	3.326376875e-06	8
1.790290749e-06	3.326900115e-06	8
1.810272477e-06	3.327423355e-06	8
1.830254206e-06	3.327946595e-06	8
1.850235934e-06	3.328469835e-06	8
1.870217662e-06	3.328993075e-06	8
1.890199391e-06	3.329516315e-06	8
1.910181119e-06	3.330039555e-06	8
1.930162847e-06	3.330562795e-06	8
1.950144576e-06	3.331086035e-06	8
1.970126304e-06	3.331609275e-06	8
1.990108033e-06	3.332132515e-06	8
2.010089761e-06	3.332655755e-06	8
2.030071489e-06	3.333178995e-06	8
2.050053218e-06	3.333702235e-06	8
2.070034946e-06	3.334225475e-06	8
2.090016674e-06	3.334748715e-06	8
2.109998403e-06	3.335271955e-06	8
2.129980131e-06	3.335795195e-06	8
2.149961859e-06	3.336318435e-06	8
2.169943588e-06	3.336841675e-06	8
2.189925316e-06	3.337364915e-06	8
2.209907045e-06	3.337888155e-06	8
2.229888773e-06	3.338411394e-06	8
2.229888773e-06	3.338411394e-06	0
2.21012297e-06	3.3407089e-06	0
2.190357166e-06	3.343006406e-06	0
2.170591363e-06	3.345303912e-06	0
2.15082556e-06	3.347601418e-06	0
2.131059756e-06	3.349898924e-06	0
2.111293953e-06	3.352196429e-06	0
2.091528149e-06	3.354493935e-06	0
2.071762346e-06	3.356791441e-06	0
2.051996543e-06	3.359088947e-06	0
2.032230739e-06	3.361386453e-06	0
2.012464936e-06	3.363683958e-06	0
1.992699133e-06	3.365981464e-06	0
1.972933329e-06	3.36827897e-06	0
1.953167526e-06	3.370576476e-06	0
1.933401723e-06	3.372873982e-06	0
1.913635919e-06	3.375171487e-06	0
1.893870116e-06	3.377468993e-06	0
1.874104312e-06	3.379766499e-06	0
1.854338509e-06	3.382064005e-06	0
1.834572706e-06	3.384361511e-06	0
1.814806902e-06	3.386659016e-06	0
1.795041099e-06	3.388956522e-06	0
1.775275296e-06	3.391254028e-06	0
1.755509492e-06	3.393551534e-06	0
1.735743689e-06	3.39584904e-06	0
1.715977886e-06	3.398146545e-06	0
1.696212082e-06	3.400444051e-06	0
1.676446279e-06	3.402741557e-06	0
1.656680476e-06	3.405039063e-06	0
1.636914672e-06	3.407336569e-06	0
1.617148869e-06	3.409634074e-06	0
1.597383065e-06	3.41193158e-06	0
1.577617262e-06	3.414229086e-06	0
1.557851459e-06	3.416526592e-06	0
1.538085655e-06	3.418824098e-06	0
1.518319852e-06	3.421121603e-06	0
1.498554049e-06	3.423419109e-06	0
1.478788245e-06	3.425716615e-06	0
1.459022442e-06	3.428014121e-06	0
1.439256639e-06	3.430311627e-06	0
1.419490835e-06	3.432609132e-06	0
1.399725032e-06	3.434906638e-06	0
1.379959229e-06	3.437204144e-06	0
1.360193425e-06	3.43950165e-06	0
1.340427622e-06	3.441799156e-06	0
1.320661818e-06	3.444096661e-06	0
1.300896015e-06	3.446394167e-06	0
1.281130212e-06	3.448691673e-06	0
1.261364408e-06	3.450989179e-06	0
1.241598605e-06	3.453286685e-06	0
1.221832802e-06	3.45558419e-06	0
1.202066998e-06	3.457881696e-06	0
1.182301195e-06	3.460179202e-06	0
1.162535392e-06	3.462476708e-06	0
1.142769588e-06	3.464774214e-06	0
1.123003785e-06	3.467071719e-06	0
1.103237982e-06	3.469369225e-06	0
1.083472178e-06	3.471666731e-06	0
1.063706375e-06	3.473964237e-06	0
1.043940571e-06	3.476261743e-06	0
1.024174768e-06	3.478559248e-06	0
1.004408965e-06	3.480856754e-06	0
9.846431614e-07	3.48315426e-06	0
9.64877358e-07	3.485451766e-06	0
9.451115547e-07	3.487749272e-06	0
9.253457513e-07	3.490046777e-06	0
9.05579948e-07	3.492344283e-06	0
8.858141446e-07	3.494641789e-06	0
8.660483413e-07	3.496939295e-06	0
8.660483413e-07	3.496939295e-06	-8
8.860300696e-07	3.497462535e-06	-8
9.06011798e-07	3.497985775e-06	-8
9.259935264e-07	3.498509015e-06	-8
9.459752547e-07	3.499032255e-06	-8
9.659569831e-07	3.499555495e-06	-8
9.859387115e-07	3.500078735e-06	-8
1.00592044e-06	3.500601975e-06	-8
1.025902168e-06	3.501125215e-06	-8
1.045883897e-06	3.501648455e-06	-8
1.065865625e-06	3.502171695e-06	-8
1.085847353e-06	3.502694935e-06	-8
1.105829082e-06	3.503218175e-06	-8
1.12581081e-06	3.503741414e-06	-8
1.145792538e-06	3.504264654e-06	-8
1.165774267e-06	3.504787894e-06	-8
1.185755995e-06	3.505311134e-06	-8
1.205737724e-06	3.505834374e-06	-8
1.225719452e-06	3.506357614e-06	-8
1.24570118e-06	3.506880854e-06	-8
1.265682909e-06	3.507404094e-06	-8
1.285664637e-06	3.507927334e-06	-8
1.305646365e-06	3.508450574e-06	-8
1.325628094e-06	3.508973814e-06	-8
1.345609822e-06	3.509497054e-06	-8
1.36559155e-06	3.510020294e-06	-8
1.385573279e-06	3.510543534e-06	-8
1.405555007e-06	3.511066774e-06	-8
1.425536736e-06	3.511590014e-06	-8
1.445518464e-06	3.512113254e-06	-8
1.465500192e-06	3.512636494e-06	-8
1.485481921e-06	3.513159734e-06	-8
1.505463649e-06	3.513682974e-06	-8
1.525445377e-06	3.514206214e-06	-8
1.545427106e-06	3.514729454e-06	-8
1.565408834e-06	3.515252694e-06	-8
1.585390563e-06	3.515775934e-06	-8
1.605372291e-06	3.516299174e-06	-8
1.625354019e-06	3.516822414e-06	-8
1.645335748e-06	3.517345654e-06	-8
1.665317476e-06	3.517868894e-06	-8
1.685299204e-06	3.518392134e-06	-8
1.705280933e-06	3.518915374e-06	-8
1.725262661e-06	3.519438614e-06	-8
1.745244389e-06	3.519961854e-06	-8
1.765226118e-06	3.520485094e-06	-8
1.785207846e-06	3.521008334e-06	-8
1.805189575e-06	3.521531574e-06	-8
1.825171303e-06	3.522054814e-06	-8
1.845153031e-06	3.522578053e-06	-8
1.86513476e-06	3.523101293e-06	-8
1.885116488e-06	3.523624533e-06	-8
1.905098216e-06	3.524147773e-06	-8
1.925079945e-06	3.524671013e-06	-8
1.945061673e-06	3.525194253e-06	-8
1.965043402e-06	3.525717493e-06	-8
1.98502513e-06	3.526240733e-06	-8
2.005006858e-06	3.526763973e-06	-8
2.024988587e-06	3.527287213e-06	-8
2.044970315e-06	3.527810453e-06	-8
2.064952043e-06	3.528333693e-06	-8
2.084933772e-06	3.528856933e-06	-8
2.1049155e-06	3.529380173e-06	-8
2.124897229e-06	3.529903413e-06	-8
2.144878957e-06	3.530426653e-06	-8
2.164860685e-06	3.530949893e-06	-8
2.184842414e-06	3.531473133e-06	-8
2.204824142e-06	3.531996373e-06	-8
2.22480587e-06	3.532519613e-06	-8
2.22480587e-06	3.532519613e-06	0
2.205040067e-06	3.534817119e-06	0
2.185274264e-06	3.537114625e-06	0
2.16550846e-06	3.53941213e-06	0
2.145742657e-06	3.541709636e-06	0
2.125976854e-06	3.544007142e-06	0
2.10621105e-06	3.546304648e-06	0
2.086445247e-06	3.548602154e-06	0
2.066679443e-06	3.550899659e-06	0
2.04691364e-06	3.553197165e-06	0
2.027147837e-06	3.555494671e-06	0
2.007382033e-06	3.557792177e-06	0
1.98761623e-06	3.560089683e-06	0
1.967850427e-06	3.562387188e-06	0
1.948084623e-06	3.564684694e-06	0
1.92831882e-06	3.5669822e-06	0
1.908553017e-06	3.569279706e-06	0
1.888787213e-06	3.571577212e-06	0
1.86902141e-06	3.573874717e-06	0
1.849255607e-06	3.576172223e-06	0
1.829489803e-06	3.578469729e-06	0
1.809724e-06	3.580767235e-06	0
1.789958196e-06	3.583064741e-06	0
1.770192393e-06	3.585362246e-06	0
1.75042659e-06	3.587659752e-06	0
1.730660786e-06	3.589957258e-06	0
1.710894983e-06	3.592254764e-06	0
1.69112918e-06	3.59455227e-06	0
1.671363376e-06	3.596849775e-06	0
1.651597573e-06	3.599147281e-06	0
1.63183177e-06	3.601444787e-06	0
1.612065966e-06	3.603742293e-06	0
1.592300163e-06	3.606039799e-06	0
1.57253436e-06	3.608337304e-06	0
1.552768556e-06	3.61063481e-06	0
1.533002753e-06	3.612932316e-06	0
1.513236949e-06	3.615229822e-06	0
1.493471146e-06	3.617527328e-06	0
1.473705343e-06	3.619824833e-06	0
1.453939539e-06	3.622122339e-06	0
1.434173736e-06	3.624419845e-06	0
1.414407933e-06	3.626717351e-06	0
1.394642129e-06	3.629014857e-06	0
1.374876326e-06	3.631312362e-06	0
1.355110523e-06	3.633609868e-06	0
1.335344719e-06	3.635907374e-06	0
1.315578916e-06	3.63820488e-06	0
1.295813113e-06	3.640502386e-06	0
1.276047309e-06	3.642799891e-06	0
1.256281506e-06	3.645097397e-06	0
1.236515702e-06	3.647394903e-06	0
1.216749899e-06	3.649692409e-06	0
1.196984096e-06	3.651989915e-06	0
1.177218292e-06	3.65428742e-06	0
1.157452489e-06	3.656584926e-06	0
1.137686686e-06	3.658882432e-06	0
1.117920882e-06	3.661179938e-06	0
1.098155079e-06	3.663477444e-06	0
1.078389276e-06	3.665774949e-06	0
1.058623472e-06	3.668072455e-06	0
1.038857669e-06	3.670369961e-06	0
1.019091866e-06	3.672667467e-06	0
9.993260622e-07	3.674964973e-06	0
9.795602588e-07	3.677262478e-06	0
9.597944555e-07	3.679559984e-06	0
9.400286521e-07	3.68185749e-06	0
9.202628487e-07	3.684154996e-06	0
9.004970454e-07	3.686452502e-06	0
8.80731242e-07	3.688750007e-06	0
8.609654387e-07	3.691047513e-06	0
8.609654387e-07	3.691047513e-06	8
8.80947167e-07	3.691570753e-06	8
9.009288954e-07	3.692093993e-06	8
9.209106238e-07	3.692617233e-06	8
9.408923522e-07	3.693140473e-06	8
9.608740805e-07	3.693663713e-06	8
9.808558089e-07	3.694186953e-06	8
1.000837537e-06	3.694710193e-06	8
1.020819266e-06	3.695233433e-06	8
1.040800994e-06	3.695756673e-06	8
1.060782722e-06	3.696279913e-06	8
1.080764451e-06	3.696803153e-06	8
1.100746179e-06	3.697326393e-06	8
1.120727907e-06	3.697849633e-06	8
1.140709636e-06	3.698372873e-06	8
1.160691364e-06	3.698896113e-06	8
1.180673093e-06	3.699419353e-06	8
1.200654821e-06	3.699942593e-06	8
1.220636549e-06	3.700465833e-06	8
1.240618278e-06	3.700989073e-06	8
1.260600006e-06	3.701512313e-06	8
1.280581734e-06	3.702035553e-06	8
1.300563463e-06	3.702558793e-06	8
1.320545191e-06	3.703082033e-06	8
1.34052692e-06	3.703605273e-06	8
1.360508648e-06	3.704128513e-06	8
1.380490376e-06	3.704651753e-06	8
1.400472105e-06	3.705174993e-06	8
1.420453833e-06	3.705698233e-06	8
1.440435561e-06	3.706221472e-06	8
1.46041729e-06	3.706744712e-06	8
1.480399018e-06	3.707267952e-06	8
1.500380746e-06	3.707791192e-06	8
1.520362475e-06	3.708314432e-06	8
1.540344203e-06	3.708837672e-06	8
1.560325932e-06	3.709360912e-06	8
1.58030766e-06	3.709884152e-06	8
1.600289388e-06	3.710407392e-06	8
1.620271117e-06	3.710930632e-06	8
1.640252845e-06	3.711453872e-06	8
1.660234573e-06	3.711977112e-06	8
1.680216302e-06	3.712500352e-06	8
1.70019803e-06	3.713023592e-06	8
1.720179759e-06	3.713546832e-06	8
1.740161487e-06	3.714070072e-06	8
1.760143215e-06	3.714593312e-06	8
1.780124944e-06	3.715116552e-06	8
1.800106672e-06	3.715639792e-06	8
1.8200884e-06	3.716163032e-06	8
1.840070129e-06	3.716686272e-06	8
1.860051857e-06	3.717209512e-06	8
1.880033585e-06	3.717732752e-06	8
1.900015314e-06	3.718255992e-06	8
1.919997042e-06	3.718779232e-06	8
1.939978771e-06	3.719302472e-06	8
1.959960499e-06	3.719825712e-06	8
1.979942227e-06	3.720348952e-06	8
1.999923956e-06	3.720872192e-06	8
2.019905684e-06	3.721395432e-06	8
2.039887412e-06	3.721918672e-06	8
2.059869141e-06	3.722441912e-06	8
2.079850869e-06	3.722965152e-06	8
2.099832598e-06	3.723488392e-06	8
2.119814326e-06	3.724011632e-06	8
2.139796054e-06	3.724534871e-06	8
2.159777783e-06	3.725058111e-06	8
2.179759511e-06	3.725581351e-06	8
2.199741239e-06	3.726104591e-06	8
2.219722968e-06	3.726627831e-06	8
2.219722968e-06	3.726627831e-06	0
2.199957164e-06	3.728925337e-06	0
2.180191361e-06	3.731222843e-06	0
2.160425558e-06	3.733520349e-06	0
2.140659754e-06	3.735817855e-06	0
2.120893951e-06	3.73811536e-06	0
2.101128148e-06	3.740412866e-06	0
2.081362344e-06	3.742710372e-06	0
2.061596541e-06	3.745007878e-06	0
2.041830738e-06	3.747305384e-06	0
2.022064934e-06	3.749602889e-06	0
2.002299131e-06	3.751900395e-06	0
1.982533327e-06	3.754197901e-06	0
1.962767524e-06	3.756495407e-06	0
1.943001721e-06	3.758792913e-06	0
1.923235917e-06	3.761090418e-06	0
1.903470114e-06	3.763387924e-06	0
1.883704311e-06	3.76568543e-06	0
1.863938507e-06	3.767982936e-06	0
1.844172704e-06	3.770280442e-06	0
1.824406901e-06	3.772577947e-06	0
1.804641097e-06	3.774875453e-06	0
1.784875294e-06	3.777172959e-06	0
1.765109491e-06	3.779470465e-06	0
1.745343687e-06	3.781767971e-06	0
1.725577884e-06	3.784065476e-06	0
1.70581208e-06	3.786362982e-06	0
1.686046277e-06	3.788660488e-06	0
1.666280474e-06	3.790957994e-06	0
1.64651467e-06	3.7932555e-06	0
1.626748867e-06	3.795553005e-06	0
1.606983064e-06	3.797850511e-06	0
1.58721726e-06	3.800148017e-06	0
1.567451457e-06	3.802445523e-06	0
1.547685654e-06	3.804743029e-06	0
1.52791985e-06	3.807040534e-06	0
1.508154047e-06	3.80933804e-06	0
1.488388244e-06	3.811635546e-06	0
1.46862244e-06	3.813933052e-06	0
1.448856637e-06	3.816230558e-06	0
1.429090833e-06	3.818528063e-06	0
1.40932503e-06	3.820825569e-06	0
1.389559227e-06	3.823123075e-06	0
1.369793423e-06	3.825420581e-06	0
1.35002762e-06	3.827718087e-06	0
1.330261817e-06	3.830015592e-06	0
1.310496013e-06	3.832313098e-06	0
1.29073021e-06	3.834610604e-06	0
1.270964407e-06	3.83690811e-06	0
1.251198603e-06	3.839205616e-06	0
1.2314328e-06	3.841503121e-06	0
1.211666997e-06	3.843800627e-06	0
1.191901193e-06	3.846098133e-06	0
1.17213539e-06	3.848395639e-06	0
1.152369586e-06	3.850693145e-06	0
1.132603783e-06	3.852990651e-06	0
1.11283798e-06	3.855288156e-06	0
1.093072176e-06	3.857585662e-06	0
1.073306373e-06	3.859883168e-06	0
1.05354057e-06	3.862180674e-06	0
1.033774766e-06	3.86447818e-06	0
1.014008963e-06	3.866775685e-06	0
9.942431596e-07	3.869073191e-06	0
9.744773562e-07	3.871370697e-06	0
9.547115529e-07	3.873668203e-06	0
9.349457495e-07	3.875965709e-06	0
9.151799462e-07	3.878263214e-06	0
8.954141428e-07	3.88056072e-06	0
8.756483394e-07	3.882858226e-06	0
8.558825361e-07	3.885155732e-06	0
8.558825361e-07	3.885155732e-06	-8
8.758642645e-07	3.885678972e-06	-8
8.958459928e-07	3.886202212e-06	-8
9.158277212e-07	3.886725452e-06	-8
9.358094496e-07	3.887248692e-06	-8
9.557911779e-07	3.887771932e-06	-8
9.757729063e-07	3.888295172e-06	-8
9.957546347e-07	3.888818412e-06	-8
1.015736363e-06	3.889341652e-06	-8
1.035718091e-06	3.889864891e-06	-8
1.05569982e-06	3.890388131e-06	-8
1.075681548e-06	3.890911371e-06	-8
1.095663277e-06	3.891434611e-06	-8
1.115645005e-06	3.891957851e-06	-8
1.135626733e-06	3.892481091e-06	-8
1.155608462e-06	3.893004331e-06	-8
1.17559019e-06	3.893527571e-06	-8
1.195571918e-06	3.894050811e-06	-8
1.215553647e-06	3.894574051e-06	-8
1.235535375e-06	3.895097291e-06	-8
1.255517103e-06	3.895620531e-06	-8
1.275498832e-06	3.896143771e-06	-8
1.29548056e-06	3.896667011e-06	-8
1.315462289e-06	3.897190251e-06	-8
1.335444017e-06	3.897713491e-06	-8
1.355425745e-06	3.898236731e-06	-8
1.375407474e-06	3.898759971e-06	-8
1.395389202e-06	3.899283211e-06	-8
1.41537093e-06	3.899806451e-06	-8
1.435352659e-06	3.900329691e-06	-8
1.455334387e-06	3.900852931e-06	-8
1.475316116e-06	3.901376171e-06	-8
1.495297844e-06	3.901899411e-06	-8
1.515279572e-06	3.902422651e-06	-8
1.535261301e-06	3.902945891e-06	-8
1.555243029e-06	3.903469131e-06	-8
1.575224757e-06	3.903992371e-06	-8
1.595206486e-06	3.904515611e-06	-8
1.615188214e-06	3.905038851e-06	-8
1.635169942e-06	3.905562091e-06	-8
1.655151671e-06	3.906085331e-06	-8
1.675133399e-06	3.906608571e-06	-8
1.695115128e-06	3.907131811e-06	-8
1.715096856e-06	3.907655051e-06	-8
1.735078584e-06	3.90817829e-06	-8
1.755060313e-06	3.90870153e-06	-8
1.775042041e-06	3.90922477e-06	-8
1.795023769e-06	3.90974801e-06	-8
1.815005498e-06	3.91027125e-06	-8
1.834987226e-06	3.91079449e-06	-8
1.854968955e-06	3.91131773e-06	-8
1.874950683e-06	3.91184097e-06	-8
1.894932411e-06	3.91236421e-06	-8
1.91491414e-06	3.91288745e-06	-8
1.934895868e-06	3.91341069e-06	-8
1.954877596e-06	3.91393393e-06	-8
1.974859325e-06	3.91445717e-06	-8
1.994841053e-06	3.91498041e-06	-8
2.014822781e-06	3.91550365e-06	-8
2.03480451e-06	3.91602689e-06	-8
2.054786238e-06	3.91655013e-06	-8
2.074767967e-06	3.91707337e-06	-8
2.094749695e-06	3.91759661e-06	-8
2.114731423e-06	3.91811985e-06	-8
2.134713152e-06	3.91864309e-06	-8
2.15469488e-06	3.91916633e-06	-8
2.174676608e-06	3.91968957e-06	-8
2.194658337e-06	3.92021281e-06	-8
2.214640065e-06	3.92073605e-06	-8
2.214640065e-06	3.92073605e-06	0
2.194874262e-06	3.923033556e-06	0
2.175108458e-06	3.925331061e-06	0
2.155342655e-06	3.927628567e-06	0
2.135576852e-06	3.929926073e-06	0
2.115811048e-06	3.932223579e-06	0
2.096045245e-06	3.934521085e-06	0
2.076279442e-06	3.93681859e-06	0
2.056513638e-06	3.939116096e-06	0
2.036747835e-06	3.941413602e-06	0
2.016982032e-06	3.943711108e-06	0
1.997216228e-06	3.946008614e-06	0
1.977450425e-06	3.948306119e-06	0
1.957684622e-06	3.950603625e-06	0
1.937918818e-06	3.952901131e-06	0
1.918153015e-06	3.955198637e-06	0
1.898387211e-06	3.957496143e-06	0
1.878621408e-06	3.959793648e-06	0
1.858855605e-06	3.962091154e-06	0
1.839089801e-06	3.96438866e-06	0
1.819323998e-06	3.966686166e-06	0
1.799558195e-06	3.968983672e-06	0
1.779792391e-06	3.971281177e-06	0
1.760026588e-06	3.973578683e-06	0
1.740260785e-06	3.975876189e-06	0
1.720494981e-06	3.978173695e-06	0
1.700729178e-06	3.980471201e-06	0
1.680963375e-06	3.982768706e-06	0
1.661197571e-06	3.985066212e-06	0
1.641431768e-06	3.987363718e-06	0
1.621665964e-06	3.989661224e-06	0
1.601900161e-06	3.99195873e-06	0
1.582134358e-06	3.994256235e-06	0
1.562368554e-06	3.996553741e-06	0
1.542602751e-06	3.998851247e-06	0
1.522836948e-06	4.001148753e-06	0
1.503071144e-06	4.003446259e-06	0
1.483305341e-06	4.005743765e-06	0
1.463539538e-06	4.00804127e-06	0
1.443773734e-06	4.010338776e-06	0
1.424007931e-06	4.012636282e-06	0
1.404242128e-06	4.014933788e-06	0
1.384476324e-06	4.017231294e-06	0
1.364710521e-06	4.019528799e-06	0
1.344944717e-06	4.021826305e-06	0
1.325178914e-06	4.024123811e-06	0
1.305413111e-06	4.026421317e-06	0
1.285647307e-06	4.028718823e-06	0
1.265881504e-06	4.031016328e-06	0
1.246115701e-06	4.033313834e-06	0
1.226349897e-06	4.03561134e-06	0
1.206584094e-06	4.037908846e-06	0
1.186818291e-06	4.040206352e-06	0
1.167052487e-06	4.042503857e-06	0
1.147286684e-06	4.044801363e-06	0
1.127520881e-06	4.047098869e-06	0
1.107755077e-06	4.049396375e-06	0
1.087989274e-06	4.051693881e-06	0
1.06822347e-06	4.053991386e-06	0
1.048457667e-06	4.056288892e-06	0
1.028691864e-06	4.058586398e-06	0
1.00892606e-06	4.060883904e-06	0
9.89160257e-07	4.06318141e-06	0
9.693944537e-07	4.065478915e-06	0
9.496286503e-07	4.067776421e-06	0
9.298628469e-07	4.070073927e-06	0
9.100970436e-07	4.072371433e-06	0
8.903312402e-07	4.074668939e-06	0
8.705654369e-07	4.076966444e-06	0
8.507996335e-07	4.07926395e-06	0
8.507996335e-07	4.07926395e-06	8
8.707813619e-07	4.07978719e-06	8
8.907630902e-07	4.08031043e-06	8
9.107448186e-07	4.08083367e-06	8
9.30726547e-07	4.08135691e-06	8
9.507082754e-07	4.08188015e-06	8
9.706900037e-07	4.08240339e-06	8
9.906717321e-07	4.08292663e-06	8
1.01065346e-06	4.08344987e-06	8
1.030635189e-06	4.08397311e-06	8
1.050616917e-06	4.08449635e-06	8
1.070598646e-06	4.08501959e-06	8
1.090580374e-06	4.08554283e-06	8
1.110562102e-06	4.08606607e-06	8
1.130543831e-06	4.08658931e-06	8
1.150525559e-06	4.08711255e-06	8
1.170507287e-06	4.08763579e-06	8
1.190489016e-06	4.08815903e-06	8
1.210470744e-06	4.08868227e-06	8
1.230452473e-06	4.08920551e-06	8
1.250434201e-06	4.08972875e-06	8
1.270415929e-06	4.09025199e-06	8
1.290397658e-06	4.09077523e-06	8
1.310379386e-06	4.09129847e-06	8
1.330361114e-06	4.09182171e-06	8
1.350342843e-06	4.092344949e-06	8
1.370324571e-06	4.092868189e-06	8
1.390306299e-06	4.093391429e-06	8
1.410288028e-06	4.093914669e-06	8
1.430269756e-06	4.094437909e-06	8
1.450251485e-06	4.094961149e-06	8
1.470233213e-06	4.095484389e-06	8
1.490214941e-06	4.096007629e-06	8
1.51019667e-06	4.096530869e-06	8
1.530178398e-06	4.097054109e-06	8
1.550160126e-06	4.097577349e-06	8
1.570141855e-06	4.098100589e-06	8
1.590123583e-06	4.098623829e-06	8
1.610105312e-06	4.099147069e-06	8
1.63008704e-06	4.099670309e-06	8
1.650068768e-06	4.100193549e-06	8
1.670050497e-06	4.100716789e-06	8
1.690032225e-06	4.101240029e-06	8
1.710013953e-06	4.101763269e-06	8
1.729995682e-06	4.102286509e-06	8
1.74997741e-06	4.102809749e-06	8
1.769959138e-06	4.103332989e-06	8
1.789940867e-06	4.103856229e-06	8
1.809922595e-06	4.104379469e-06	8
1.829904324e-06	4.104902709e-06	8
1.849886052e-06	4.105425949e-06	8
1.86986778e-06	4.105949189e-06	8
1.889849509e-06	4.106472429e-06	8
1.909831237e-06	4.106995669e-06	8
1.929812965e-06	4.107518909e-06	8
1.949794694e-06	4.108042149e-06	8
1.969776422e-06	4.108565389e-06	8
1.989758151e-06	4.109088629e-06	8
2.009739879e-06	4.109611869e-06	8
2.029721607e-06	4.110135109e-06	8
2.049703336e-06	4.110658348e-06	8
2.069685064e-06	4.111181588e-06	8
2.089666792e-06	4.111704828e-06	8
2.109648521e-06	4.112228068e-06	8
2.129630249e-06	4.112751308e-06	8
2.149611977e-06	4.113274548e-06	8
2.169593706e-06	4.113797788e-06	8
2.189575434e-06	4.114321028e-06	8
2.209557163e-06	4.114844268e-06	8
2.209557163e-06	4.114844268e-06	0
2.189791359e-06	4.117141774e-06	0
2.170025556e-06	4.11943928e-06	0
2.150259753e-06	4.121736786e-06	0
2.130493949e-06	4.124034291e-06	0
2.110728146e-06	4.126331797e-06	0
2.090962342e-06	4.128629303e-06	0
2.071196539e-06	4.130926809e-06	0
2.051430736e-06	4.133224315e-06	0
2.031664932e-06	4.13552182e-06	0
2.011899129e-06	4.137819326e-06	0
1.992133326e-06	4.140116832e-06	0
1.972367522e-06	4.142414338e-06	0
1.952601719e-06	4.144711844e-06	0
1.932835916e-06	4.147009349e-06	0
1.913070112e-06	4.149306855e-06	0
1.893304309e-06	4.151604361e-06	0
1.873538506e-06	4.153901867e-06	0
1.853772702e-06	4.156199373e-06	0
1.834006899e-06	4.158496879e-06	0
1.814241095e-06	4.160794384e-06	0
1.794475292e-06	4.16309189e-06	0
1.774709489e-06	4.165389396e-06	0
1.754943685e-06	4.167686902e-06	0
1.735177882e-06	4.169984408e-06	0
1.715412079e-06	4.172281913e-06	0
1.695646275e-06	4.174579419e-06	0
1.675880472e-06	4.176876925e-06	0
1.656114669e-06	4.179174431e-06	0
1.636348865e-06	4.181471937e-06	0
1.616583062e-06	4.183769442e-06	0
1.596817259e-06	4.186066948e-06	0
1.577051455e-06	4.188364454e-06	0
1.557285652e-06	4.19066196e-06	0
1.537519848e-06	4.192959466e-06	0
1.517754045e-06	4.195256971e-06	0
1.497988242e-06	4.197554477e-06	0
1.478222438e-06	4.199851983e-06	0
1.458456635e-06	4.202149489e-06	0
1.438690832e-06	4.204446995e-06	0
1.418925028e-06	4.2067445e-06	0
1.399159225e-06	4.209042006e-06	0
1.379393422e-06	4.211339512e-06	0
1.359627618e-06	4.213637018e-06	0
1.339861815e-06	4.215934524e-06	0
1.320096012e-06	4.218232029e-06	0
1.300330208e-06	4.220529535e-06	0
1.280564405e-06	4.222827041e-06	0
1.260798601e-06	4.225124547e-06	0
1.241032798e-06	4.227422053e-06	0
1.221266995e-06	4.229719558e-06	0
1.201501191e-06	4.232017064e-06	0
1.181735388e-06	4.23431457e-06	0
1.161969585e-06	4.236612076e-06	0
1.142203781e-06	4.238909582e-06	0
1.122437978e-06	4.241207087e-06	0
1.102672175e-06	4.243504593e-06	0
1.082906371e-06	4.245802099e-06	0
1.063140568e-06	4.248099605e-06	0
1.043374764e-06	4.250397111e-06	0
1.023608961e-06	4.252694616e-06	0
1.003843158e-06	4.254992122e-06	0
9.840773544e-07	4.257289628e-06	0
9.643115511e-07	4.259587134e-06	0
9.445457477e-07	4.26188464e-06	0
9.247799444e-07	4.264182145e-06	0
9.05014141e-07	4.266479651e-06	0
8.852483376e-07	4.268777157e-06	0
8.654825343e-07	4.271074663e-06	0
8.457167309e-07	4.273372169e-06	0
8.457167309e-07	4.273372169e-06	-8
8.656984593e-07	4.273895409e-06	-8
8.856801877e-07	4.274418649e-06	-8
9.05661916e-07	4.274941889e-06	-8
9.256436444e-07	4.275465129e-06	-8
9.456253728e-07	4.275988368e-06	-8
9.656071011e-07	4.276511608e-06	-8
9.855888295e-07	4.277034848e-06	-8
1.005570558e-06	4.277558088e-06	-8
1.025552286e-06	4.278081328e-06	-8
1.045534015e-06	4.278604568e-06	-8
1.065515743e-06	4.279127808e-06	-8
1.085497471e-06	4.279651048e-06	-8
1.1054792e-06	4.280174288e-06	-8
1.125460928e-06	4.280697528e-06	-8
1.145442656e-06	4.281220768e-06	-8
1.165424385e-06	4.281744008e-06	-8
1.185406113e-06	4.282267248e-06	-8
1.205387842e-06	4.282790488e-06	-8
1.22536957e-06	4.283313728e-06	-8
1.245351298e-06	4.283836968e-06	-8
1.265333027e-06	4.284360208e-06	-8
1.285314755e-06	4.284883448e-06	-8
1.305296483e-06	4.285406688e-06	-8
1.325278212e-06	4.285929928e-06	-8
1.34525994e-06	4.286453168e-06	-8
1.365241669e-06	4.286976408e-06	-8
1.385223397e-06	4.287499648e-06	-8
1.405205125e-06	4.288022888e-06	-8
1.425186854e-06	4.288546128e-06	-8
1.445168582e-06	4.289069368e-06	-8
1.46515031e-06	4.289592608e-06	-8
1.485132039e-06	4.290115848e-06	-8
1.505113767e-06	4.290639088e-06	-8
1.525095495e-06	4.291162328e-06	-8
1.545077224e-06	4.291685568e-06	-8
1.565058952e-06	4.292208808e-06	-8
1.585040681e-06	4.292732048e-06	-8
1.605022409e-06	4.293255288e-06	-8
1.625004137e-06	4.293778528e-06	-8
1.644985866e-06	4.294301767e-06	-8
1.664967594e-06	4.294825007e-06	-8
1.684949322e-06	4.295348247e-06	-8
1.704931051e-06	4.295871487e-06	-8
1.724912779e-06	4.296394727e-06	-8
1.744894508e-06	4.296917967e-06	-8
1.764876236e-06	4.297441207e-06	-8
1.784857964e-06	4.297964447e-06	-8
1.804839693e-06	4.298487687e-06	-8
1.824821421e-06	4.299010927e-06	-8
1.844803149e-06	4.299534167e-06	-8
1.864784878e-06	4.300057407e-06	-8
1.884766606e-06	4.300580647e-06	-8
1.904748334e-06	4.301103887e-06	-8
1.924730063e-06	4.301627127e-06	-8
1.944711791e-06	4.302150367e-06	-8
1.96469352e-06	4.302673607e-06	-8
1.984675248e-06	4.303196847e-06	-8
2.004656976e-06	4.303720087e-06	-8
2.024638705e-06	4.304243327e-06	-8
2.044620433e-06	4.304766567e-06	-8
2.064602161e-06	4.305289807e-06	-8
2.08458389e-06	4.305813047e-06	-8
2.104565618e-06	4.306336287e-06	-8
2.124547347e-06	4.306859527e-06	-8
2.144529075e-06	4.307382767e-06	-8
2.164510803e-06	4.307906007e-06	-8
2.184492532e-06	4.308429247e-06	-8
2.20447426e-06	4.308952487e-06	-8
2.20447426e-06	4.308952487e-06	0
2.184708457e-06	4.311249993e-06	0
2.164942653e-06	4.313547498e-06	0
2.14517685e-06	4.315845004e-06	0
2.125411047e-06	4.31814251e-06	0
2.105645243e-06	4.320440016e-06	0
2.08587944e-06	4.322737522e-06	0
2.066113637e-06	4.325035027e-06	0
2.046347833e-06	4.327332533e-06	0
2.02658203e-06	4.329630039e-06	0
2.006816226e-06	4.331927545e-06	0
1.987050423e-06	4.334225051e-06	0
1.96728462e-06	4.336522556e-06	0
1.947518816e-06	4.338820062e-06	0
1.927753013e-06	4.341117568e-06	0
1.90798721e-06	4.343415074e-06	0
1.888221406e-06	4.34571258e-06	0
1.868455603e-06	4.348010085e-06	0
1.8486898e-06	4.350307591e-06	0
1.828923996e-06	4.352605097e-06	0
1.809158193e-06	4.354902603e-06	0
1.78939239e-06	4.357200109e-06	0
1.769626586e-06	4.359497614e-06	0
1.749860783e-06	4.36179512e-06	0
1.730094979e-06	4.364092626e-06	0
1.710329176e-06	4.366390132e-06	0
1.690563373e-06	4.368687638e-06	0
1.670797569e-06	4.370985143e-06	0
1.651031766e-06	4.373282649e-06	0
1.631265963e-06	4.375580155e-06	0
1.611500159e-06	4.377877661e-06	0
1.591734356e-06	4.380175167e-06	0
1.571968553e-06	4.382472672e-06	0
1.552202749e-06	4.384770178e-06	0
1.532436946e-06	4.387067684e-06	0
1.512671142e-06	4.38936519e-06	0
1.492905339e-06	4.391662696e-06	0
1.473139536e-06	4.393960201e-06	0
1.453373732e-06	4.396257707e-06	0
1.433607929e-06	4.398555213e-06	0
1.413842126e-06	4.400852719e-06	0
1.394076322e-06	4.403150225e-06	0
1.374310519e-06	4.40544773e-06	0
1.354544716e-06	4.407745236e-06	0
1.334778912e-06	4.410042742e-06	0
1.315013109e-06	4.412340248e-06	0
1.295247306e-06	4.414637754e-06	0
1.275481502e-06	4.416935259e-06	0
1.255715699e-06	4.419232765e-06	0
1.235949895e-06	4.421530271e-06	0
1.216184092e-06	4.423827777e-06	0
1.196418289e-06	4.426125283e-06	0
1.176652485e-06	4.428422788e-06	0
1.156886682e-06	4.430720294e-06	0
1.137120879e-06	4.4330178e-06	0
1.117355075e-06	4.435315306e-06	0
1.097589272e-06	4.437612812e-06	0
1.077823469e-06	4.439910317e-06	0
1.058057665e-06	4.442207823e-06	0
1.038291862e-06	4.444505329e-06	0
1.018526059e-06	4.446802835e-06	0
9.987602552e-07	4.449100341e-06	0
9.789944518e-07	4.451397846e-06	0
9.592286485e-07	4.453695352e-06	0
9.394628451e-07	4.455992858e-06	0
9.196970418e-07	4.458290364e-06	0
8.999312384e-07	4.46058787e-06	0
8.801654351e-07	4.462885375e-06	0
8.603996317e-07	4.465182881e-06	0
8.406338283e-07	4.467480387e-06	0
8.406338283e-07	4.467480387e-06	8
8.606155567e-07	4.468003627e-06	8
8.805972851e-07	4.468526867e-06	8
9.005790134e-07	4.469050107e-06	8
9.205607418e-07	4.469573347e-06	8
9.405424702e-07	4.470096587e-06	8
9.605241986e-07	4.470619827e-06	8
9.805059269e-07	4.471143067e-06	8
1.000487655e-06	4.471666307e-06	8
1.020469384e-06	4.472189547e-06	8
1.040451112e-06	4.472712787e-06	8
1.06043284e-06	4.473236027e-06	8
1.080414569e-06	4.473759267e-06	8
1.100396297e-06	4.474282507e-06	8
1.120378026e-06	4.474805747e-06	8
1.140359754e-06	4.475328987e-06	8
1.160341482e-06	4.475852227e-06	8
1.180323211e-06	4.476375467e-06	8
1.200304939e-06	4.476898707e-06	8
1.220286667e-06	4.477421947e-06	8
1.240268396e-06	4.477945186e-06	8
1.260250124e-06	4.478468426e-06	8
1.280231852e-06	4.478991666e-06	8
1.300213581e-06	4.479514906e-06	8
1.320195309e-06	4.480038146e-06	8
1.340177038e-06	4.480561386e-06	8
1.360158766e-06	4.481084626e-06	8
1.380140494e-06	4.481607866e-06	8
1.400122223e-06	4.482131106e-06	8
1.420103951e-06	4.482654346e-06	8
1.440085679e-06	4.483177586e-06	8
1.460067408e-06	4.483700826e-06	8
1.480049136e-06	4.484224066e-06	8
1.500030865e-06	4.484747306e-06	8
1.520012593e-06	4.485270546e-06	8
1.539994321e-06	4.485793786e-06	8
1.55997605e-06	4.486317026e-06	8
1.579957778e-06	4.486840266e-06	8
1.599939506e-06	4.487363506e-06	8
1.619921235e-06	4.487886746e-06	8
1.639902963e-06	4.488409986e-06	8
1.659884691e-06	4.488933226e-06	8
1.67986642e-06	4.489456466e-06	8
1.699848148e-06	4.489979706e-06	8
1.719829877e-06	4.490502946e-06	8
1.739811605e-06	4.491026186e-06	8
1.759793333e-06	4.491549426e-06	8
1.779775062e-06	4.492072666e-06	8
1.79975679e-06	4.492595906e-06	8
1.819738518e-06	4.493119146e-06	8
1.839720247e-06	4.493642386e-06	8
1.859701975e-06	4.494165626e-06	8
1.879683704e-06	4.494688866e-06	8
1.899665432e-06	4.495212106e-06	8
1.91964716e-06	4.495735346e-06	8
1.939628889e-06	4.496258586e-06	8
1.959610617e-06	4.496781825e-06	8
1.979592345e-06	4.497305065e-06	8
1.999574074e-06	4.497828305e-06	8
2.019555802e-06	4.498351545e-06	8
2.03953753e-06	4.498874785e-06	8
2.059519259e-06	4.499398025e-06	8
2.079500987e-06	4.499921265e-06	8
2.099482716e-06	4.500444505e-06	8
2.119464444e-06	4.500967745e-06	8
2.139446172e-06	4.501490985e-06	8
2.159427901e-06	4.502014225e-06	8
2.179409629e-06	4.502537465e-06	8
2.199391357e-06	4.503060705e-06	8
2.199391357e-06	4.503060705e-06	0
2.179625554e-06	4.505358211e-06	0
2.159859751e-06	4.507655717e-06	0
2.140093947e-06	4.509953223e-06	0
2.120328144e-06	4.512250728e-06	0
2.100562341e-06	4.514548234e-06	0
2.080796537e-06	4.51684574e-06	0
2.061030734e-06	4.519143246e-06	0
2.041264931e-06	4.521440752e-06	0
2.021499127e-06	4.523738257e-06	0
2.001733324e-06	4.526035763e-06	0
1.98196752e-06	4.528333269e-06	0
1.962201717e-06	4.530630775e-06	0
1.942435914e-06	4.532928281e-06	0
1.92267011e-06	4.535225786e-06	0
1.902904307e-06	4.537523292e-06	0
1.883138504e-06	4.539820798e-06	0
1.8633727e-06	4.542118304e-06	0
1.843606897e-06	4.54441581e-06	0
1.823841094e-06	4.546713315e-06	0
1.80407529e-06	4.549010821e-06	0
1.784309487e-06	4.551308327e-06	0
1.764543684e-06	4.553605833e-06	0
1.74477788e-06	4.555903339e-06	0
1.725012077e-06	4.558200844e-06	0
1.705246273e-06	4.56049835e-06	0
1.68548047e-06	4.562795856e-06	0
1.665714667e-06	4.565093362e-06	0
1.645948863e-06	4.567390868e-06	0
1.62618306e-06	4.569688373e-06	0
1.606417257e-06	4.571985879e-06	0
1.586651453e-06	4.574283385e-06	0
1.56688565e-06	4.576580891e-06	0
1.547119847e-06	4.578878397e-06	0
1.527354043e-06	4.581175902e-06	0
1.50758824e-06	4.583473408e-06	0
1.487822437e-06	4.585770914e-06	0
1.468056633e-06	4.58806842e-06	0
1.44829083e-06	4.590365926e-06	0
1.428525026e-06	4.592663431e-06	0
1.408759223e-06	4.594960937e-06	0
1.38899342e-06	4.597258443e-06	0
1.369227616e-06	4.599555949e-06	0
1.349461813e-06	4.601853455e-06	0
1.32969601e-06	4.60415096e-06	0
1.309930206e-06	4.606448466e-06	0
1.290164403e-06	4.608745972e-06	0
1.2703986e-06	4.611043478e-06	0
1.250632796e-06	4.613340984e-06	0
1.230866993e-06	4.615638489e-06	0
1.21110119e-06	4.617935995e-06	0
1.191335386e-06	4.620233501e-06	0
1.171569583e-06	4.622531007e-06	0
1.151803779e-06	4.624828513e-06	0
1.132037976e-06	4.627126018e-06	0
1.112272173e-06	4.629423524e-06	0
1.092506369e-06	4.63172103e-06	0
1.072740566e-06	4.634018536e-06	0
1.052974763e-06	4.636316042e-06	0
1.033208959e-06	4.638613547e-06	0
1.013443156e-06	4.640911053e-06	0
9.936773526e-07	4.643208559e-06	0
9.739115493e-07	4.645506065e-06	0
9.541457459e-07	4.647803571e-06	0
9.343799425e-07	4.650101076e-06	0
9.146141392e-07	4.652398582e-06	0
8.948483358e-07	4.654696088e-06	0
8.750825325e-07	4.656993594e-06	0
8.553167291e-07	4.6592911e-06	0
8.355509258e-07	4.661588606e-06	0
8.355509258e-07	4.661588606e-06	-8
8.555326541e-07	4.662111845e-06	-8
8.755143825e-07	4.662635085e-06	-8
8.954961109e-07	4.663158325e-06	-8
9.154778392e-07	4.663681565e-06	-8
9.354595676e-07	4.664204805e-06	-8
9.55441296e-07	4.664728045e-06	-8
9.754230243e-07	4.665251285e-06	-8
9.954047527e-07	4.665774525e-06	-8
1.015386481e-06	4.666297765e-06	-8
1.035368209e-06	4.666821005e-06	-8
1.055349938e-06	4.667344245e-06	-8
1.075331666e-06	4.667867485e-06	-8
1.095313395e-06	4.668390725e-06	-8
1.115295123e-06	4.668913965e-06	-8
1.135276851e-06	4.669437205e-06	-8
1.15525858e-06	4.669960445e-06	-8
1.175240308e-06	4.670483685e-06	-8
1.195222036e-06	4.671006925e-06	-8
1.215203765e-06	4.671530165e-06	-8
1.235185493e-06	4.672053405e-06	-8
1.255167222e-06	4.672576645e-06	-8
1.27514895e-06	4.673099885e-06	-8
1.295130678e-06	4.673623125e-06	-8
1.315112407e-06	4.674146365e-06	-8
1.335094135e-06	4.674669605e-06	-8
1.355075863e-06	4.675192845e-06	-8
1.375057592e-06	4.675716085e-06	-8
1.39503932e-06	4.676239325e-06	-8
1.415021048e-06	4.676762565e-06	-8
1.435002777e-06	4.677285805e-06	-8
1.454984505e-06	4.677809045e-06	-8
1.474966234e-06	4.678332285e-06	-8
1.494947962e-06	4.678855525e-06	-8
1.51492969e-06	4.679378765e-06	-8
1.534911419e-06	4.679902005e-06	-8
1.554893147e-06	4.680425244e-06	-8
1.574874875e-06	4.680948484e-06	-8
1.594856604e-06	4.681471724e-06	-8
1.614838332e-06	4.681994964e-06	-8
1.634820061e-06	4.682518204e-06	-8
1.654801789e-06	4.683041444e-06	-8
1.674783517e-06	4.683564684e-06	-8
1.694765246e-06	4.684087924e-06	-8
1.714746974e-06	4.684611164e-06	-8
1.734728702e-06	4.685134404e-06	-8
1.754710431e-06	4.685657644e-06	-8
1.774692159e-06	4.686180884e-06	-8
1.794673887e-06	4.686704124e-06	-8
1.814655616e-06	4.687227364e-06	-8
1.834637344e-06	4.687750604e-06	-8
1.854619073e-06	4.688273844e-06	-8
1.874600801e-06	4.688797084e-06	-8
1.894582529e-06	4.689320324e-06	-8
1.914564258e-06	4.689843564e-06	-8
1.934545986e-06	4.690366804e-06	-8
1.954527714e-06	4.690890044e-06	-8
1.974509443e-06	4.691413284e-06	-8
1.994491171e-06	4.691936524e-06	-8
2.0144729e-06	4.692459764e-06	-8
2.034454628e-06	4.692983004e-06	-8
2.054436356e-06	4.693506244e-06	-8
2.074418085e-06	4.694029484e-06	-8
2.094399813e-06	4.694552724e-06	-8
2.114381541e-06	4.695075964e-06	-8
2.13436327e-06	4.695599204e-06	-8
2.154344998e-06	4.696122444e-06	-8
2.174326726e-06	4.696645684e-06	-8
2.194308455e-06	4.697168924e-06	-8
2.194308455e-06	4.697168924e-06	0
2.210055904e-06	4.684906e-06	0
2.225803352e-06	4.672643076e-06	0
2.241550801e-06	4.660380153e-06	0
2.25729825e-06	4.648117229e-06	0
2.273045699e-06	4.635854305e-06	0
2.288793148e-06	4.623591382e-06	0
2.304540596e-06	4.611328458e-06	0
2.320288045e-06	4.599065534e-06	0
2.336035494e-06	4.586802611e-06	0
2.351782943e-06	4.574539687e-06	0
2.367530392e-06	4.562276763e-06	0
2.38327784e-06	4.55001384e-06	0
2.399025289e-06	4.537750916e-06	0
2.414772738e-06	4.525487992e-06	0
2.430520187e-06	4.513225069e-06	0
2.446267636e-06	4.500962145e-06	0
2.462015084e-06	4.488699221e-06	0
2.477762533e-06	4.476436298e-06	0
2.493509982e-06	4.464173374e-06	0
2.509257431e-06	4.45191045e-06	0
2.52500488e-06	4.439647526e-06	0
2.540752328e-06	4.427384603e-06	0
2.556499777e-06	4.415121679e-06	0
2.572247226e-06	4.402858755e-06	0
2.587994675e-06	4.390595832e-06	0
2.603742124e-06	4.378332908e-06	0
2.619489572e-06	4.366069984e-06	0
2.635237021e-06	4.353807061e-06	0
2.65098447e-06	4.341544137e-06	0
2.666731919e-06	4.329281213e-06	0
2.682479367e-06	4.31701829e-06	0
2.698226816e-06	4.304755366e-06	0
2.713974265e-06	4.292492442e-06	0
2.729721714e-06	4.280229519e-06	0
2.745469163e-06	4.267966595e-06	0
2.761216611e-06	4.255703671e-06	0
2.77696406e-06	4.243440748e-06	0
2.792711509e-06	4.231177824e-06	0
2.808458958e-06	4.2189149e-06	0
2.824206407e-06	4.206651977e-06	0
2.839953855e-06	4.194389053e-06	0
2.855701304e-06	4.182126129e-06	0
2.871448753e-06	4.169863206e-06	0
2.887196202e-06	4.157600282e-06	0
2.902943651e-06	4.145337358e-06	0
2.918691099e-06	4.133074435e-06	0
2.934438548e-06	4.120811511e-06	0
2.950185997e-06	4.108548587e-06	0
2.965933446e-06	4.096285664e-06	0
2.981680895e-06	4.08402274e-06	0
2.997428343e-06	4.071759816e-06	0
3.013175792e-06	4.059496893e-06	0
3.028923241e-06	4.047233969e-06	0
3.04467069e-06	4.034971045e-06	0
3.060418139e-06	4.022708122e-06	0
3.076165587e-06	4.010445198e-06	0
3.091913036e-06	3.998182274e-06	0
3.107660485e-06	3.985919351e-06	0
3.123407934e-06	3.973656427e-06	0
3.139155383e-06	3.961393503e-06	0
3.154902831e-06	3.94913058e-06	0
3.17065028e-06	3.936867656e-06	0
3.186397729e-06	3.924604732e-06	0
3.202145178e-06	3.912341809e-06	0
3.217892627e-06	3.900078885e-06	0
3.233640075e-06	3.887815961e-06	0
3.249387524e-06	3.875553038e-06	0
3.265134973e-06	3.863290114e-06	0
3.280882422e-06	3.85102719e-06	0
3.296629871e-06	3.838764267e-06	0
3.312377319e-06	3.826501343e-06	0
3.328124768e-06	3.814238419e-06	0
3.343872217e-06	3.801975496e-06	0
3.359619666e-06	3.789712572e-06	0
3.375367114e-06	3.777449648e-06	0
3.391114563e-06	3.765186725e-06	0
3.406862012e-06	3.752923801e-06	0
3.422609461e-06	3.740660877e-06	0
3.43835691e-06	3.728397954e-06	0
3.454104358e-06	3.71613503e-06	0
3.469851807e-06	3.703872106e-06	0
3.485599256e-06	3.691609183e-06	0
3.501346705e-06	3.679346259e-06	0
3.517094154e-06	3.667083335e-06	0
3.532841602e-06	3.654820412e-06	0
3.548589051e-06	3.642557488e-06	0
3.5643365e-06	3.630294564e-06	0
3.580083949e-06	3.618031641e-06	0
3.595831398e-06	3.605768717e-06	0
3.611578846e-06	3.593505793e-06	0
3.627326295e-06	3.58124287e-06	0
3.643073744e-06	3.568979946e-06	0
3.658821193e-06	3.556717022e-06	0
3.674568642e-06	3.544454098e-06	0
3.69031609e-06	3.532191175e-06	0
3.706063539e-06	3.519928251e-06	0
3.721810988e-06	3.507665327e-06	0
3.737558437e-06	3.495402404e-06	0
3.753305886e-06	3.48313948e-06	0
3.769053334e-06	3.470876556e-06	0
3.784800783e-06	3.458613633e-06	0
3.800548232e-06	3.446350709e-06	0
3.816295681e-06	3.434087785e-06	0
3.83204313e-06	3.421824862e-06	0
3.847790578e-06	3.409561938e-06	0
3.863538027e-06	3.397299014e-06	0
3.879285476e-06	3.385036091e-06	0
3.895032925e-06	3.372773167e-06	0
3.910780374e-06	3.360510243e-06	0
3.926527822e-06	3.34824732e-06	0
3.942275271e-06	3.335984396e-06	0
3.95802272e-06	3.323721472e-06	0
3.973770169e-06	3.311458549e-06	0
3.989517617e-06	3.299195625e-06	0
4.005265066e-06	3.286932701e-06	0
4.021012515e-06	3.274669778e-06	0
4.036759964e-06	3.262406854e-06	0
4.052507413e-06	3.25014393e-06	0
4.068254861e-06	3.237881007e-06	0
4.08400231e-06	3.225618083e-06	0
4.099749759e-06	3.213355159e-06	0
4.115497208e-06	3.201092236e-06	0
4.131244657e-06	3.188829312e-06	0
4.146992105e-06	3.176566388e-06	0
4.162739554e-06	3.164303465e-06	0
4.178487003e-06	3.152040541e-06	0
4.194234452e-06	3.139777617e-06	0
4.209981901e-06	3.127514694e-06	0
4.225729349e-06	3.11525177e-06	0
4.241476798e-06	3.102988846e-06	0
4.257224247e-06	3.090725923e-06	0
4.272971696e-06	3.078462999e-06	0
4.272971696e-06	3.078462999e-06	8
4.282509421e-06	3.096029303e-06	8
4.292047146e-06	3.113595608e-06	8
4.301584871e-06	3.131161912e-06	8
4.311122596e-06	3.148728216e-06	8
4.320660321e-06	3.166294521e-06	8
4.330198046e-06	3.183860825e-06	8
4.339735771e-06	3.20142713e-06	8
4.349273496e-06	3.218993434e-06	8
4.358811221e-06	3.236559738e-06	8
4.368348947e-06	3.254126043e-06	8
4.377886672e-06	3.271692347e-06	8
4.387424397e-06	3.289258651e-06	8
4.396962122e-06	3.306824956e-06	8
4.406499847e-06	3.32439126e-06	8
4.416037572e-06	3.341957564e-06	8
4.425575297e-06	3.359523869e-06	8
4.435113022e-06	3.377090173e-06	8
4.444650747e-06	3.394656478e-06	8
4.454188472e-06	3.412222782e-06	8
4.463726197e-06	3.429789086e-06	8
4.473263922e-06	3.447355391e-06	8
4.482801647e-06	3.464921695e-06	8
4.492339373e-06	3.482487999e-06	8
4.501877098e-06	3.500054304e-06	8
4.511414823e-06	3.517620608e-06	8
4.520952548e-06	3.535186912e-06	8
4.530490273e-06	3.552753217e-06	8
4.540027998e-06	3.570319521e-06	8
4.549565723e-06	3.587885826e-06	8
4.559103448e-06	3.60545213e-06	8
4.568641173e-06	3.623018434e-06	8
4.578178898e-06	3.640584739e-06	8
4.587716623e-06	3.658151043e-06	8
4.597254348e-06	3.675717347e-06	8
4.606792073e-06	3.693283652e-06	8
4.616329799e-06	3.710849956e-06	8
4.625867524e-06	3.72841626e-06	8
4.635405249e-06	3.745982565e-06	8
4.644942974e-06	3.763548869e-06	8
4.654480699e-06	3.781115174e-06	8
4.664018424e-06	3.798681478e-06	8
4.673556149e-06	3.816247782e-06	8
4.683093874e-06	3.833814087e-06	8
4.692631599e-06	3.851380391e-06	8
4.702169324e-06	3.868946695e-06	8
4.711707049e-06	3.886513e-06	8
4.721244774e-06	3.904079304e-06	8
4.730782499e-06	3.921645609e-06	8
4.740320225e-06	3.939211913e-06	8
4.74985795e-06	3.956778217e-06	8
4.759395675e-06	3.974344522e-06	8
4.7689334e-06	3.991910826e-06	8
4.778471125e-06	4.00947713e-06	8
4.78800885e-06	4.027043435e-06	8
4.797546575e-06	4.044609739e-06	8
4.8070843e-06	4.062176043e-06	8
4.816622025e-06	4.079742348e-06	8
4.82615975e-06	4.097308652e-06	8
4.835697475e-06	4.114874957e-06	8
4.8452352e-06	4.132441261e-06	8
4.854772925e-06	4.150007565e-06	8
4.864310651e-06	4.16757387e-06	8
4.873848376e-06	4.185140174e-06	8
4.883386101e-06	4.202706478e-06	8
4.892923826e-06	4.220272783e-06	8
4.902461551e-06	4.237839087e-06	8
4.911999276e-06	4.255405391e-06	8
4.921537001e-06	4.272971696e-06	8
4.921537001e-06	4.272971696e-06	0
4.909664401e-06	4.257002761e-06	0
4.897791801e-06	4.241033826e-06	0
4.885919201e-06	4.225064891e-06	0
4.874046601e-06	4.209095956e-06	0
4.862174001e-06	4.193127021e-06	0
4.850301401e-06	4.177158086e-06	0
4.838428801e-06	4.161189151e-06	0
4.8265562e-06	4.145220216e-06	0
4.8146836e-06	4.129251281e-06	0
4.802811e-06	4.113282346e-06	0
4.7909384e-06	4.097313412e-06	0
4.7790658e-06	4.081344477e-06	0
4.7671932e-06	4.065375542e-06	0
4.7553206e-06	4.049406607e-06	0
4.743448e-06	4.033437672e-06	0
4.7315754e-06	4.017468737e-06	0
4.7197028e-06	4.001499802e-06	0
4.7078302e-06	3.985530867e-06	0
4.6959576e-06	3.969561932e-06	0
4.684085e-06	3.953592997e-06	0
4.6722124e-06	3.937624062e-06	0
4.660339799e-06	3.921655127e-06	0
4.648467199e-06	3.905686192e-06	0
4.636594599e-06	3.889717257e-06	0
4.624721999e-06	3.873748322e-06	0
4.612849399e-06	3.857779388e-06	0
4.600976799e-06	3.841810453e-06	0
4.589104199e-06	3.825841518e-06	0
4.577231599e-06	3.809872583e-06	0
4.565358999e-06	3.793903648e-06	0
4.553486399e-06	3.777934713e-06	0
4.541613799e-06	3.761965778e-06	0
4.529741199e-06	3.745996843e-06	0
4.517868599e-06	3.730027908e-06	0
4.505995999e-06	3.714058973e-06	0
4.494123399e-06	3.698090038e-06	0
4.482250798e-06	3.682121103e-06	0
4.470378198e-06	3.666152168e-06	0
4.458505598e-06	3.650183233e-06	0
4.446632998e-06	3.634214298e-06	0
4.434760398e-06	3.618245364e-06	0
4.422887798e-06	3.602276429e-06	0
4.411015198e-06	3.586307494e-06	0
4.399142598e-06	3.570338559e-06	0
4.387269998e-06	3.554369624e-06	0
4.375397398e-06	3.538400689e-06	0
4.363524798e-06	3.522431754e-06	0
4.351652198e-06	3.506462819e-06	0
4.339779598e-06	3.490493884e-06	0
4.327906998e-06	3.474524949e-06	0
4.316034398e-06	3.458556014e-06	0
4.304161797e-06	3.442587079e-06	0
4.292289197e-06	3.426618144e-06	0
4.280416597e-06	3.410649209e-06	0
4.268543997e-06	3.394680275e-06	0
4.256671397e-06	3.37871134e-06	0
4.244798797e-06	3.362742405e-06	0
4.232926197e-06	3.34677347e-06	0
4.221053597e-06	3.330804535e-06	0
4.209180997e-06	3.3148356e-06	0
4.197308397e-06	3.298866665e-06	0
4.185435797e-06	3.28289773e-06	0
4.173563197e-06	3.266928795e-06	0
4.161690597e-06	3.25095986e-06	0
4.149817997e-06	3.234990925e-06	0
4.137945396e-06	3.21902199e-06	0
4.126072796e-06	3.203053055e-06	0
4.114200196e-06	3.18708412e-06	0
4.102327596e-06	3.171115185e-06	0
4.102327596e-06	3.171115185e-06	-8
4.111865321e-06	3.18868149e-06	-8
4.121403046e-06	3.206247794e-06	-8
4.130940771e-06	3.223814099e-06	-8
4.140478497e-06	3.241380403e-06	-8
4.150016222e-06	3.258946707e-06	-8
4.159553947e-06	3.276513012e-06	-8
4.169091672e-06	3.294079316e-06	-8
4.178629397e-06	3.31164562e-06	-8
4.188167122e-06	3.329211925e-06	-8
4.197704847e-06	3.346778229e-06	-8
4.207242572e-06	3.364344533e-06	-8
4.216780297e-06	3.381910838e-06	-8
4.226318022e-06	3.399477142e-06	-8
4.235855747e-06	3.417043447e-06	-8
4.245393472e-06	3.434609751e-06	-8
4.254931197e-06	3.452176055e-06	-8
4.264468923e-06	3.46974236e-06	-8
4.274006648e-06	3.487308664e-06	-8
4.283544373e-06	3.504874968e-06	-8
4.293082098e-06	3.522441273e-06	-8
4.302619823e-06	3.540007577e-06	-8
4.312157548e-06	3.557573881e-06	-8
4.321695273e-06	3.575140186e-06	-8
4.331232998e-06	3.59270649e-06	-8
4.340770723e-06	3.610272795e-06	-8
4.350308448e-06	3.627839099e-06	-8
4.359846173e-06	3.645405403e-06	-8
4.369383898e-06	3.662971708e-06	-8
4.378921623e-06	3.680538012e-06	-8
4.388459349e-06	3.698104316e-06	-8
4.397997074e-06	3.715670621e-06	-8
4.407534799e-06	3.733236925e-06	-8
4.417072524e-06	3.750803229e-06	-8
4.426610249e-06	3.768369534e-06	-8
4.436147974e-06	3.785935838e-06	-8
4.445685699e-06	3.803502143e-06	-8
4.455223424e-06	3.821068447e-06	-8
4.464761149e-06	3.838634751e-06	-8
4.474298874e-06	3.856201056e-06	-8
4.483836599e-06	3.87376736e-06	-8
4.493374324e-06	3.891333664e-06	-8
4.502912049e-06	3.908899969e-06	-8
4.512449775e-06	3.926466273e-06	-8
4.5219875e-06	3.944032578e-06	-8
4.531525225e-06	3.961598882e-06	-8
4.54106295e-06	3.979165186e-06	-8
4.550600675e-06	3.996731491e-06	-8
4.5601384e-06	4.014297795e-06	-8
4.569676125e-06	4.031864099e-06	-8
4.57921385e-06	4.049430404e-06	-8
4.588751575e-06	4.066996708e-06	-8
4.5982893e-06	4.084563012e-06	-8
4.607827025e-06	4.102129317e-06	-8
4.61736475e-06	4.119695621e-06	-8
4.626902475e-06	4.137261926e-06	-8
4.636440201e-06	4.15482823e-06	-8
4.645977926e-06	4.172394534e-06	-8
4.655515651e-06	4.189960839e-06	-8
4.665053376e-06	4.207527143e-06	-8
4.674591101e-06	4.225093447e-06	-8
4.684128826e-06	4.242659752e-06	-8
4.693666551e-06	4.260226056e-06	-8
4.703204276e-06	4.27779236e-06	-8
4.712742001e-06	4.295358665e-06	-8
4.722279726e-06	4.312924969e-06	-8
4.731817451e-06	4.330491274e-06	-8
4.741355176e-06	4.348057578e-06	-8
4.750892901e-06	4.365623882e-06	-8
4.750892901e-06	4.365623882e-06	0
4.739020301e-06	4.349654947e-06	0
4.727147701e-06	4.333686012e-06	0
4.715275101e-06	4.317717077e-06	0
4.703402501e-06	4.301748143e-06	0
4.691529901e-06	4.285779208e-06	0
4.679657301e-06	4.269810273e-06	0
4.667784701e-06	4.253841338e-06	0
4.655912101e-06	4.237872403e-06	0
4.644039501e-06	4.221903468e-06	0
4.632166901e-06	4.205934533e-06	0
4.620294301e-06	4.189965598e-06	0
4.608421701e-06	4.173996663e-06	0
4.596549101e-06	4.158027728e-06	0
4.584676501e-06	4.142058793e-06	0
4.5728039e-06	4.126089858e-06	0
4.5609313e-06	4.110120923e-06	0
4.5490587e-06	4.094151988e-06	0
4.5371861e-06	4.078183053e-06	0
4.5253135e-06	4.062214119e-06	0
4.5134409e-06	4.046245184e-06	0
4.5015683e-06	4.030276249e-06	0
4.4896957e-06	4.014307314e-06	0
4.4778231e-06	3.998338379e-06	0
4.4659505e-06	3.982369444e-06	0
4.4540779e-06	3.966400509e-06	0
4.4422053e-06	3.950431574e-06	0
4.4303327e-06	3.934462639e-06	0
4.4184601e-06	3.918493704e-06	0
4.406587499e-06	3.902524769e-06	0
4.394714899e-06	3.886555834e-06	0
4.382842299e-06	3.870586899e-06	0
4.370969699e-06	3.854617964e-06	0
4.359097099e-06	3.838649029e-06	0
4.347224499e-06	3.822680095e-06	0
4.335351899e-06	3.80671116e-06	0
4.323479299e-06	3.790742225e-06	0
4.311606699e-06	3.77477329e-06	0
4.299734099e-06	3.758804355e-06	0
4.287861499e-06	3.74283542e-06	0
4.275988899e-06	3.726866485e-06	0
4.264116299e-06	3.71089755e-06	0
4.252243699e-06	3.694928615e-06	0
4.240371099e-06	3.67895968e-06	0
4.228498498e-06	3.662990745e-06	0
4.216625898e-06	3.64702181e-06	0
4.204753298e-06	3.631052875e-06	0
4.192880698e-06	3.61508394e-06	0
4.181008098e-06	3.599115005e-06	0
4.169135498e-06	3.583146071e-06	0
4.157262898e-06	3.567177136e-06	0
4.145390298e-06	3.551208201e-06	0
4.133517698e-06	3.535239266e-06	0
4.121645098e-06	3.519270331e-06	0
4.109772498e-06	3.503301396e-06	0
4.097899898e-06	3.487332461e-06	0
4.086027298e-06	3.471363526e-06	0
4.074154698e-06	3.455394591e-06	0
4.062282097e-06	3.439425656e-06	0
4.050409497e-06	3.423456721e-06	0
4.038536897e-06	3.407487786e-06	0
4.026664297e-06	3.391518851e-06	0
4.014791697e-06	3.375549916e-06	0
4.002919097e-06	3.359580981e-06	0
3.991046497e-06	3.343612047e-06	0
3.979173897e-06	3.327643112e-06	0
3.967301297e-06	3.311674177e-06	0
3.955428697e-06	3.295705242e-06	0
3.943556097e-06	3.279736307e-06	0
3.931683497e-06	3.263767372e-06	0
3.931683497e-06	3.263767372e-06	8
3.941221222e-06	3.281333676e-06	8
3.950758947e-06	3.298899981e-06	8
3.960296672e-06	3.316466285e-06	8
3.969834397e-06	3.334032589e-06	8
3.979372122e-06	3.351598894e-06	8
3.988909847e-06	3.369165198e-06	8
3.998447572e-06	3.386731502e-06	8
4.007985297e-06	3.404297807e-06	8
4.017523022e-06	3.421864111e-06	8
4.027060747e-06	3.439430416e-06	8
4.036598473e-06	3.45699672e-06	8
4.046136198e-06	3.474563024e-06	8
4.055673923e-06	3.492129329e-06	8
4.065211648e-06	3.509695633e-06	8
4.074749373e-06	3.527261937e-06	8
4.084287098e-06	3.544828242e-06	8
4.093824823e-06	3.562394546e-06	8
4.103362548e-06	3.57996085e-06	8
4.112900273e-06	3.597527155e-06	8
4.122437998e-06	3.615093459e-06	8
4.131975723e-06	3.632659764e-06	8
4.141513448e-06	3.650226068e-06	8
4.151051173e-06	3.667792372e-06	8
4.160588899e-06	3.685358677e-06	8
4.170126624e-06	3.702924981e-06	8
4.179664349e-06	3.720491285e-06	8
4.189202074e-06	3.73805759e-06	8
4.198739799e-06	3.755623894e-06	8
4.208277524e-06	3.773190198e-06	8
4.217815249e-06	3.790756503e-06	8
4.227352974e-06	3.808322807e-06	8
4.236890699e-06	3.825889112e-06	8
4.246428424e-06	3.843455416e-06	8
4.255966149e-06	3.86102172e-06	8
4.265503874e-06	3.878588025e-06	8
4.275041599e-06	3.896154329e-06	8
4.284579325e-06	3.913720633e-06	8
4.29411705e-06	3.931286938e-06	8
4.303654775e-06	3.948853242e-06	8
4.3131925e-06	3.966419547e-06	8
4.322730225e-06	3.983985851e-06	8
4.33226795e-06	4.001552155e-06	8
4.341805675e-06	4.01911846e-06	8
4.3513434e-06	4.036684764e-06	8
4.360881125e-06	4.054251068e-06	8
4.37041885e-06	4.071817373e-06	8
4.379956575e-06	4.089383677e-06	8
4.3894943e-06	4.106949981e-06	8
4.399032025e-06	4.124516286e-06	8
4.408569751e-06	4.14208259e-06	8
4.418107476e-06	4.159648895e-06	8
4.427645201e-06	4.177215199e-06	8
4.437182926e-06	4.194781503e-06	8
4.446720651e-06	4.212347808e-06	8
4.456258376e-06	4.229914112e-06	8
4.465796101e-06	4.247480416e-06	8
4.475333826e-06	4.265046721e-06	8
4.484871551e-06	4.282613025e-06	8
4.494409276e-06	4.300179329e-06	8
4.503947001e-06	4.317745634e-06	8
4.513484726e-06	4.335311938e-06	8
4.523022451e-06	4.352878243e-06	8
4.532560177e-06	4.370444547e-06	8
4.542097902e-06	4.388010851e-06	8
4.551635627e-06	4.405577156e-06	8
4.561173352e-06	4.42314346e-06	8
4.570711077e-06	4.440709764e-06	8
4.580248802e-06	4.458276069e-06	8
4.580248802e-06	4.458276069e-06	0
4.568376202e-06	4.442307134e-06	0
4.556503602e-06	4.426338199e-06	0
4.544631002e-06	4.410369264e-06	0
4.532758402e-06	4.394400329e-06	0
4.520885802e-06	4.378431394e-06	0
4.509013202e-06	4.362462459e-06	0
4.497140601e-06	4.346493524e-06	0
4.485268001e-06	4.330524589e-06	0
4.473395401e-06	4.314555654e-06	0
4.461522801e-06	4.298586719e-06	0
4.449650201e-06	4.282617784e-06	0
4.437777601e-06	4.26664885e-06	0
4.425905001e-06	4.250679915e-06	0
4.414032401e-06	4.23471098e-06	0
4.402159801e-06	4.218742045e-06	0
4.390287201e-06	4.20277311e-06	0
4.378414601e-06	4.186804175e-06	0
4.366542001e-06	4.17083524e-06	0
4.354669401e-06	4.154866305e-06	0
4.342796801e-06	4.13889737e-06	0
4.3309242e-06	4.122928435e-06	0
4.3190516e-06	4.1069595e-06	0
4.307179e-06	4.090990565e-06	0
4.2953064e-06	4.07502163e-06	0
4.2834338e-06	4.059052695e-06	0
4.2715612e-06	4.04308376e-06	0
4.2596886e-06	4.027114826e-06	0
4.247816e-06	4.011145891e-06	0
4.2359434e-06	3.995176956e-06	0
4.2240708e-06	3.979208021e-06	0
4.2121982e-06	3.963239086e-06	0
4.2003256e-06	3.947270151e-06	0
4.188453e-06	3.931301216e-06	0
4.1765804e-06	3.915332281e-06	0
4.1647078e-06	3.899363346e-06	0
4.152835199e-06	3.883394411e-06	0
4.140962599e-06	3.867425476e-06	0
4.129089999e-06	3.851456541e-06	0
4.117217399e-06	3.835487606e-06	0
4.105344799e-06	3.819518671e-06	0
4.093472199e-06	3.803549736e-06	0
4.081599599e-06	3.787580802e-06	0
4.069726999e-06	3.771611867e-06	0
4.057854399e-06	3.755642932e-06	0
4.045981799e-06	3.739673997e-06	0
4.034109199e-06	3.723705062e-06	0
4.022236599e-06	3.707736127e-06	0
4.010363999e-06	3.691767192e-06	0
3.998491399e-06	3.675798257e-06	0
3.986618798e-06	3.659829322e-06	0
3.974746198e-06	3.643860387e-06	0
3.962873598e-06	3.627891452e-06	0
3.951000998e-06	3.611922517e-06	0
3.939128398e-06	3.595953582e-06	0
3.927255798e-06	3.579984647e-06	0
3.915383198e-06	3.564015712e-06	0
3.903510598e-06	3.548046778e-06	0
3.891637998e-06	3.532077843e-06	0
3.879765398e-06	3.516108908e-06	0
3.867892798e-06	3.500139973e-06	0
3.856020198e-06	3.484171038e-06	0
3.844147598e-06	3.468202103e-06	0
3.832274998e-06	3.452233168e-06	0
3.820402398e-06	3.436264233e-06	0
3.808529797e-06	3.420295298e-06	0
3.796657197e-06	3.404326363e-06	0
3.784784597e-06	3.388357428e-06	0
3.772911997e-06	3.372388493e-06	0
3.761039397e-06	3.356419558e-06	0
3.761039397e-06	3.356419558e-06	-8
3.770577122e-06	3.373985863e-06	-8
3.780114847e-06	3.391552167e-06	-8
3.789652572e-06	3.409118471e-06	-8
3.799190297e-06	3.426684776e-06	-8
3.808728023e-06	3.44425108e-06	-8
3.818265748e-06	3.461817385e-06	-8
3.827803473e-06	3.479383689e-06	-8
3.837341198e-06	3.496949993e-06	-8
3.846878923e-06	3.514516298e-06	-8
3.856416648e-06	3.532082602e-06	-8
3.865954373e-06	3.549648906e-06	-8
3.875492098e-06	3.567215211e-06	-8
3.885029823e-06	3.584781515e-06	-8
3.894567548e-06	3.602347819e-06	-8
3.904105273e-06	3.619914124e-06	-8
3.913642998e-06	3.637480428e-06	-8
3.923180723e-06	3.655046733e-06	-8
3.932718449e-06	3.672613037e-06	-8
3.942256174e-06	3.690179341e-06	-8
3.951793899e-06	3.707745646e-06	-8
3.961331624e-06	3.72531195e-06	-8
3.970869349e-06	3.742878254e-06	-8
3.980407074e-06	3.760444559e-06	-8
3.989944799e-06	3.778010863e-06	-8
3.999482524e-06	3.795577167e-06	-8
4.009020249e-06	3.813143472e-06	-8
4.018557974e-06	3.830709776e-06	-8
4.028095699e-06	3.848276081e-06	-8
4.037633424e-06	3.865842385e-06	-8
4.047171149e-06	3.883408689e-06	-8
4.056708875e-06	3.900974994e-06	-8
4.0662466e-06	3.918541298e-06	-8
4.075784325e-06	3.936107602e-06	-8
4.08532205e-06	3.953673907e-06	-8
4.094859775e-06	3.971240211e-06	-8
4.1043975e-06	3.988806516e-06	-8
4.113935225e-06	4.00637282e-06	-8
4.12347295e-06	4.023939124e-06	-8
4.133010675e-06	4.041505429e-06	-8
4.1425484e-06	4.059071733e-06	-8
4.152086125e-06	4.076638037e-06	-8
4.16162385e-06	4.094204342e-06	-8
4.171161575e-06	4.111770646e-06	-8
4.180699301e-06	4.12933695e-06	-8
4.190237026e-06	4.146903255e-06	-8
4.199774751e-06	4.164469559e-06	-8
4.209312476e-06	4.182035864e-06	-8
4.218850201e-06	4.199602168e-06	-8
4.228387926e-06	4.217168472e-06	-8
4.237925651e-06	4.234734777e-06	-8
4.247463376e-06	4.252301081e-06	-8
4.257001101e-06	4.269867385e-06	-8
4.266538826e-06	4.28743369e-06	-8
4.276076551e-06	4.304999994e-06	-8
4.285614276e-06	4.322566298e-06	-8
4.295152001e-06	4.340132603e-06	-8
4.304689727e-06	4.357698907e-06	-8
4.314227452e-06	4.375265212e-06	-8
4.323765177e-06	4.392831516e-06	-8
4.333302902e-06	4.41039782e-06	-8
4.342840627e-06	4.427964125e-06	-8
4.352378352e-06	4.445530429e-06	-8
4.361916077e-06	4.463096733e-06	-8
4.371453802e-06	4.480663038e-06	-8
4.380991527e-06	4.498229342e-06	-8
4.390529252e-06	4.515795646e-06	-8
4.400066977e-06	4.533361951e-06	-8
4.409604702e-06	4.550928255e-06	-8
4.409604702e-06	4.550928255e-06	0
4.397732102e-06	4.53495932e-06	0
4.385859502e-06	4.518990385e-06	0
4.373986902e-06	4.50302145e-06	0
4.362114302e-06	4.487052515e-06	0
4.350241702e-06	4.471083581e-06	0
4.338369102e-06	4.455114646e-06	0
4.326496502e-06	4.439145711e-06	0
4.314623902e-06	4.423176776e-06	0
4.302751302e-06	4.407207841e-06	0
4.290878702e-06	4.391238906e-06	0
4.279006102e-06	4.375269971e-06	0
4.267133502e-06	4.359301036e-06	0
4.255260901e-06	4.343332101e-06	0
4.243388301e-06	4.327363166e-06	0
4.231515701e-06	4.311394231e-06	0
4.219643101e-06	4.295425296e-06	0
4.207770501e-06	4.279456361e-06	0
4.195897901e-06	4.263487426e-06	0
4.184025301e-06	4.247518491e-06	0
4.172152701e-06	4.231549557e-06	0
4.160280101e-06	4.215580622e-06	0
4.148407501e-06	4.199611687e-06	0
4.136534901e-06	4.183642752e-06	0
4.124662301e-06	4.167673817e-06	0
4.112789701e-06	4.151704882e-06	0
4.100917101e-06	4.135735947e-06	0
4.089044501e-06	4.119767012e-06	0
4.0771719e-06	4.103798077e-06	0
4.0652993e-06	4.087829142e-06	0
4.0534267e-06	4.071860207e-06	0
4.0415541e-06	4.055891272e-06	0
4.0296815e-06	4.039922337e-06	0
4.0178089e-06	4.023953402e-06	0
4.0059363e-06	4.007984467e-06	0
3.9940637e-06	3.992015533e-06	0
3.9821911e-06	3.976046598e-06	0
3.9703185e-06	3.960077663e-06	0
3.9584459e-06	3.944108728e-06	0
3.9465733e-06	3.928139793e-06	0
3.9347007e-06	3.912170858e-06	0
3.9228281e-06	3.896201923e-06	0
3.910955499e-06	3.880232988e-06	0
3.899082899e-06	3.864264053e-06	0
3.887210299e-06	3.848295118e-06	0
3.875337699e-06	3.832326183e-06	0
3.863465099e-06	3.816357248e-06	0
3.851592499e-06	3.800388313e-06	0
3.839719899e-06	3.784419378e-06	0
3.827847299e-06	3.768450443e-06	0
3.815974699e-06	3.752481509e-06	0
3.804102099e-06	3.736512574e-06	0
3.792229499e-06	3.720543639e-06	0
3.780356899e-06	3.704574704e-06	0
3.768484299e-06	3.688605769e-06	0
3.756611699e-06	3.672636834e-06	0
3.744739099e-06	3.656667899e-06	0
3.732866498e-06	3.640698964e-06	0
3.720993898e-06	3.624730029e-06	0
3.709121298e-06	3.608761094e-06	0
3.697248698e-06	3.592792159e-06	0
3.685376098e-06	3.576823224e-06	0
3.673503498e-06	3.560854289e-06	0
3.661630898e-06	3.544885354e-06	0
3.649758298e-06	3.528916419e-06	0
3.637885698e-06	3.512947485e-06	0
3.626013098e-06	3.49697855e-06	0
3.614140498e-06	3.481009615e-06	0
3.602267898e-06	3.46504068e-06	0
3.590395298e-06	3.449071745e-06	0
3.590395298e-06	3.449071745e-06	8
3.599933023e-06	3.466638049e-06	8
3.609470748e-06	3.484204354e-06	8
3.619008473e-06	3.501770658e-06	8
3.628546198e-06	3.519336962e-06	8
3.638083923e-06	3.536903267e-06	8
3.647621648e-06	3.554469571e-06	8
3.657159373e-06	3.572035875e-06	8
3.666697098e-06	3.58960218e-06	8
3.676234823e-06	3.607168484e-06	8
3.685772548e-06	3.624734788e-06	8
3.695310273e-06	3.642301093e-06	8
3.704847999e-06	3.659867397e-06	8
3.714385724e-06	3.677433702e-06	8
3.723923449e-06	3.695000006e-06	8
3.733461174e-06	3.71256631e-06	8
3.742998899e-06	3.730132615e-06	8
3.752536624e-06	3.747698919e-06	8
3.762074349e-06	3.765265223e-06	8
3.771612074e-06	3.782831528e-06	8
3.781149799e-06	3.800397832e-06	8
3.790687524e-06	3.817964136e-06	8
3.800225249e-06	3.835530441e-06	8
3.809762974e-06	3.853096745e-06	8
3.819300699e-06	3.87066305e-06	8
3.828838425e-06	3.888229354e-06	8
3.83837615e-06	3.905795658e-06	8
3.847913875e-06	3.923361963e-06	8
3.8574516e-06	3.940928267e-06	8
3.866989325e-06	3.958494571e-06	8
3.87652705e-06	3.976060876e-06	8
3.886064775e-06	3.99362718e-06	8
3.8956025e-06	4.011193484e-06	8
3.905140225e-06	4.028759789e-06	8
3.91467795e-06	4.046326093e-06	8
3.924215675e-06	4.063892398e-06	8
3.9337534e-06	4.081458702e-06	8
3.943291125e-06	4.099025006e-06	8
3.952828851e-06	4.116591311e-06	8
3.962366576e-06	4.134157615e-06	8
3.971904301e-06	4.151723919e-06	8
3.981442026e-06	4.169290224e-06	8
3.990979751e-06	4.186856528e-06	8
4.000517476e-06	4.204422833e-06	8
4.010055201e-06	4.221989137e-06	8
4.019592926e-06	4.239555441e-06	8
4.029130651e-06	4.257121746e-06	8
4.038668376e-06	4.27468805e-06	8
4.048206101e-06	4.292254354e-06	8
4.057743826e-06	4.309820659e-06	8
4.067281551e-06	4.327386963e-06	8
4.076819277e-06	4.344953267e-06	8
4.086357002e-06	4.362519572e-06	8
4.095894727e-06	4.380085876e-06	8
4.105432452e-06	4.397652181e-06	8
4.114970177e-06	4.415218485e-06	8
4.124507902e-06	4.432784789e-06	8
4.134045627e-06	4.450351094e-06	8
4.143583352e-06	4.467917398e-06	8
4.153121077e-06	4.485483702e-06	8
4.162658802e-06	4.503050007e-06	8
4.172196527e-06	4.520616311e-06	8
4.181734252e-06	4.538182615e-06	8
4.191271977e-06	4.55574892e-06	8
4.200809703e-06	4.573315224e-06	8
4.210347428e-06	4.590881529e-06	8
4.219885153e-06	4.608447833e-06	8
4.229422878e-06	4.626014137e-06	8
4.238960603e-06	4.643580442e-06	8
4.238960603e-06	4.643580442e-06	0
4.227088003e-06	4.627611507e-06	0
4.215215403e-06	4.611642572e-06	0
4.203342803e-06	4.595673637e-06	0
4.191470203e-06	4.579704702e-06	0
4.179597602e-06	4.563735767e-06	0
4.167725002e-06	4.547766832e-06	0
4.155852402e-06	4.531797897e-06	0
4.143979802e-06	4.515828962e-06	0
4.132107202e-06	4.499860027e-06	0
4.120234602e-06	4.483891092e-06	0
4.108362002e-06	4.467922157e-06	0
4.096489402e-06	4.451953222e-06	0
4.084616802e-06	4.435984288e-06	0
4.072744202e-06	4.420015353e-06	0
4.060871602e-06	4.404046418e-06	0
4.048999002e-06	4.388077483e-06	0
4.037126402e-06	4.372108548e-06	0
4.025253802e-06	4.356139613e-06	0
4.013381202e-06	4.340170678e-06	0
4.001508601e-06	4.324201743e-06	0
3.989636001e-06	4.308232808e-06	0
3.977763401e-06	4.292263873e-06	0
3.965890801e-06	4.276294938e-06	0
3.954018201e-06	4.260326003e-06	0
3.942145601e-06	4.244357068e-06	0
3.930273001e-06	4.228388133e-06	0
3.918400401e-06	4.212419198e-06	0
3.906527801e-06	4.196450264e-06	0
3.894655201e-06	4.180481329e-06	0
3.882782601e-06	4.164512394e-06	0
3.870910001e-06	4.148543459e-06	0
3.859037401e-06	4.132574524e-06	0
3.847164801e-06	4.116605589e-06	0
3.8352922e-06	4.100636654e-06	0
3.8234196e-06	4.084667719e-06	0
3.811547e-06	4.068698784e-06	0
3.7996744e-06	4.052729849e-06	0
3.7878018e-06	4.036760914e-06	0
3.7759292e-06	4.020791979e-06	0
3.7640566e-06	4.004823044e-06	0
3.752184e-06	3.988854109e-06	0
3.7403114e-06	3.972885174e-06	0
3.7284388e-06	3.95691624e-06	0
3.7165662e-06	3.940947305e-06	0
3.7046936e-06	3.92497837e-06	0
3.692821e-06	3.909009435e-06	0
3.6809484e-06	3.8930405e-06	0
3.6690758e-06	3.877071565e-06	0
3.657203199e-06	3.86110263e-06	0
3.645330599e-06	3.845133695e-06	0
3.633457999e-06	3.82916476e-06	0
3.621585399e-06	3.813195825e-06	0
3.609712799e-06	3.79722689e-06	0
3.597840199e-06	3.781257955e-06	0
3.585967599e-06	3.76528902e-06	0
3.574094999e-06	3.749320085e-06	0
3.562222399e-06	3.73335115e-06	0
3.550349799e-06	3.717382216e-06	0
3.538477199e-06	3.701413281e-06	0
3.526604599e-06	3.685444346e-06	0
3.514731999e-06	3.669475411e-06	0
3.502859399e-06	3.653506476e-06	0
3.490986798e-06	3.637537541e-06	0
3.479114198e-06	3.621568606e-06	0
3.467241598e-06	3.605599671e-06	0
3.455368998e-06	3.589630736e-06	0
3.443496398e-06	3.573661801e-06	0
3.431623798e-06	3.557692866e-06	0
3.419751198e-06	3.541723931e-06	0
3.419751198e-06	3.541723931e-06	-8
3.429288923e-06	3.559290236e-06	-8
3.438826648e-06	3.57685654e-06	-8
3.448364373e-06	3.594422844e-06	-8
3.457902098e-06	3.611989149e-06	-8
3.467439823e-06	3.629555453e-06	-8
3.476977549e-06	3.647121757e-06	-8
3.486515274e-06	3.664688062e-06	-8
3.496052999e-06	3.682254366e-06	-8
3.505590724e-06	3.699820671e-06	-8
3.515128449e-06	3.717386975e-06	-8
3.524666174e-06	3.734953279e-06	-8
3.534203899e-06	3.752519584e-06	-8
3.543741624e-06	3.770085888e-06	-8
3.553279349e-06	3.787652192e-06	-8
3.562817074e-06	3.805218497e-06	-8
3.572354799e-06	3.822784801e-06	-8
3.581892524e-06	3.840351105e-06	-8
3.591430249e-06	3.85791741e-06	-8
3.600967975e-06	3.875483714e-06	-8
3.6105057e-06	3.893050019e-06	-8
3.620043425e-06	3.910616323e-06	-8
3.62958115e-06	3.928182627e-06	-8
3.639118875e-06	3.945748932e-06	-8
3.6486566e-06	3.963315236e-06	-8
3.658194325e-06	3.98088154e-06	-8
3.66773205e-06	3.998447845e-06	-8
3.677269775e-06	4.016014149e-06	-8
3.6868075e-06	4.033580453e-06	-8
3.696345225e-06	4.051146758e-06	-8
3.70588295e-06	4.068713062e-06	-8
3.715420675e-06	4.086279367e-06	-8
3.724958401e-06	4.103845671e-06	-8
3.734496126e-06	4.121411975e-06	-8
3.744033851e-06	4.13897828e-06	-8
3.753571576e-06	4.156544584e-06	-8
3.763109301e-06	4.174110888e-06	-8
3.772647026e-06	4.191677193e-06	-8
3.782184751e-06	4.209243497e-06	-8
3.791722476e-06	4.226809802e-06	-8
3.801260201e-06	4.244376106e-06	-8
3.810797926e-06	4.26194241e-06	-8
3.820335651e-06	4.279508715e-06	-8
3.829873376e-06	4.297075019e-06	-8
3.839411101e-06	4.314641323e-06	-8
3.848948827e-06	4.332207628e-06	-8
3.858486552e-06	4.349773932e-06	-8
3.868024277e-06	4.367340236e-06	-8
3.877562002e-06	4.384906541e-06	-8
3.887099727e-06	4.402472845e-06	-8
3.896637452e-06	4.42003915e-06	-8
3.906175177e-06	4.437605454e-06	-8
3.915712902e-06	4.455171758e-06	-8
3.925250627e-06	4.472738063e-06	-8
3.934788352e-06	4.490304367e-06	-8
3.944326077e-06	4.507870671e-06	-8
3.953863802e-06	4.525436976e-06	-8
3.963401527e-06	4.54300328e-06	-8
3.972939253e-06	4.560569584e-06	-8
3.982476978e-06	4.578135889e-06	-8
3.992014703e-06	4.595702193e-06	-8
4.001552428e-06	4.613268498e-06	-8
4.011090153e-06	4.630834802e-06	-8
4.020627878e-06	4.648401106e-06	-8
4.030165603e-06	4.665967411e-06	-8
4.039703328e-06	4.683533715e-06	-8
4.049241053e-06	4.701100019e-06	-8
4.058778778e-06	4.718666324e-06	-8
4.068316503e-06	4.736232628e-06	-8
4.068316503e-06	4.736232628e-06	0
4.056443903e-06	4.720263693e-06	0
4.044571303e-06	4.704294758e-06	0
4.032698703e-06	4.688325823e-06	0
4.020826103e-06	4.672356888e-06	0
4.008953503e-06	4.656387953e-06	0
3.997080903e-06	4.640419019e-06	0
3.985208303e-06	4.624450084e-06	0
3.973335703e-06	4.608481149e-06	0
3.961463103e-06	4.592512214e-06	0
3.949590503e-06	4.576543279e-06	0
3.937717903e-06	4.560574344e-06	0
3.925845302e-06	4.544605409e-06	0
3.913972702e-06	4.528636474e-06	0
3.902100102e-06	4.512667539e-06	0
3.890227502e-06	4.496698604e-06	0
3.878354902e-06	4.480729669e-06	0
3.866482302e-06	4.464760734e-06	0
3.854609702e-06	4.448791799e-06	0
3.842737102e-06	4.432822864e-06	0
3.830864502e-06	4.416853929e-06	0
3.818991902e-06	4.400884995e-06	0
3.807119302e-06	4.38491606e-06	0
3.795246702e-06	4.368947125e-06	0
3.783374102e-06	4.35297819e-06	0
3.771501502e-06	4.337009255e-06	0
3.759628901e-06	4.32104032e-06	0
3.747756301e-06	4.305071385e-06	0
3.735883701e-06	4.28910245e-06	0
3.724011101e-06	4.273133515e-06	0
3.712138501e-06	4.25716458e-06	0
3.700265901e-06	4.241195645e-06	0
3.688393301e-06	4.22522671e-06	0
3.676520701e-06	4.209257775e-06	0
3.664648101e-06	4.19328884e-06	0
3.652775501e-06	4.177319905e-06	0
3.640902901e-06	4.161350971e-06	0
3.629030301e-06	4.145382036e-06	0
3.617157701e-06	4.129413101e-06	0
3.605285101e-06	4.113444166e-06	0
3.593412501e-06	4.097475231e-06	0
3.5815399e-06	4.081506296e-06	0
3.5696673e-06	4.065537361e-06	0
3.5577947e-06	4.049568426e-06	0
3.5459221e-06	4.033599491e-06	0
3.5340495e-06	4.017630556e-06	0
3.5221769e-06	4.001661621e-06	0
3.5103043e-06	3.985692686e-06	0
3.4984317e-06	3.969723751e-06	0
3.4865591e-06	3.953754816e-06	0
3.4746865e-06	3.937785881e-06	0
3.4628139e-06	3.921816947e-06	0
3.4509413e-06	3.905848012e-06	0
3.4390687e-06	3.889879077e-06	0
3.4271961e-06	3.873910142e-06	0
3.415323499e-06	3.857941207e-06	0
3.403450899e-06	3.841972272e-06	0
3.391578299e-06	3.826003337e-06	0
3.379705699e-06	3.810034402e-06	0
3.367833099e-06	3.794065467e-06	0
3.355960499e-06	3.778096532e-06	0
3.344087899e-06	3.762127597e-06	0
3.332215299e-06	3.746158662e-06	0
3.320342699e-06	3.730189727e-06	0
3.308470099e-06	3.714220792e-06	0
3.296597499e-06	3.698251857e-06	0
3.284724899e-06	3.682282923e-06	0
3.272852299e-06	3.666313988e-06	0
3.260979699e-06	3.650345053e-06	0
3.249107099e-06	3.634376118e-06	0
3.249107099e-06	3.634376118e-06	8
3.258644824e-06	3.651942422e-06	8
3.268182549e-06	3.669508726e-06	8
3.277720274e-06	3.687075031e-06	8
3.287257999e-06	3.704641335e-06	8
3.296795724e-06	3.72220764e-06	8
3.306333449e-06	3.739773944e-06	8
3.315871174e-06	3.757340248e-06	8
3.325408899e-06	3.774906553e-06	8
3.334946624e-06	3.792472857e-06	8
3.344484349e-06	3.810039161e-06	8
3.354022074e-06	3.827605466e-06	8
3.363559799e-06	3.84517177e-06	8
3.373097525e-06	3.862738074e-06	8
3.38263525e-06	3.880304379e-06	8
3.392172975e-06	3.897870683e-06	8
3.4017107e-06	3.915436988e-06	8
3.411248425e-06	3.933003292e-06	8
3.42078615e-06	3.950569596e-06	8
3.430323875e-06	3.968135901e-06	8
3.4398616e-06	3.985702205e-06	8
3.449399325e-06	4.003268509e-06	8
3.45893705e-06	4.020834814e-06	8
3.468474775e-06	4.038401118e-06	8
3.4780125e-06	4.055967422e-06	8
3.487550225e-06	4.073533727e-06	8
3.497087951e-06	4.091100031e-06	8
3.506625676e-06	4.108666336e-06	8
3.516163401e-06	4.12623264e-06	8
3.525701126e-06	4.143798944e-06	8
3.535238851e-06	4.161365249e-06	8
3.544776576e-06	4.178931553e-06	8
3.554314301e-06	4.196497857e-06	8
3.563852026e-06	4.214064162e-06	8
3.573389751e-06	4.231630466e-06	8
3.582927476e-06	4.249196771e-06	8
3.592465201e-06	4.266763075e-06	8
3.602002926e-06	4.284329379e-06	8
3.611540651e-06	4.301895684e-06	8
3.621078377e-06	4.319461988e-06	8
3.630616102e-06	4.337028292e-06	8
3.640153827e-06	4.354594597e-06	8
3.649691552e-06	4.372160901e-06	8
3.659229277e-06	4.389727205e-06	8
3.668767002e-06	4.40729351e-06	8
3.678304727e-06	4.424859814e-06	8
3.687842452e-06	4.442426119e-06	8
3.697380177e-06	4.459992423e-06	8
3.706917902e-06	4.477558727e-06	8
3.716455627e-06	4.495125032e-06	8
3.725993352e-06	4.512691336e-06	8
3.735531077e-06	4.53025764e-06	8
3.745068803e-06	4.547823945e-06	8
3.754606528e-06	4.565390249e-06	8
3.764144253e-06	4.582956553e-06	8
3.773681978e-06	4.600522858e-06	8
3.783219703e-06	4.618089162e-06	8
3.792757428e-06	4.635655467e-06	8
3.802295153e-06	4.653221771e-06	8
3.811832878e-06	4.670788075e-06	8
3.821370603e-06	4.68835438e-06	8
3.830908328e-06	4.705920684e-06	8
3.840446053e-06	4.723486988e-06	8
3.849983778e-06	4.741053293e-06	8
3.859521503e-06	4.758619597e-06	8
3.869059229e-06	4.776185901e-06	8
3.878596954e-06	4.793752206e-06	8
3.888134679e-06	4.81131851e-06	8
3.897672404e-06	4.828884815e-06	8
3.897672404e-06	4.828884815e-06	0
3.885799804e-06	4.81291588e-06	0
3.873927204e-06	4.796946945e-06	0
3.862054604e-06	4.78097801e-06	0
3.850182003e-06	4.765009075e-06	0
3.838309403e-06	4.74904014e-06	0
3.826436803e-06	4.733071205e-06	0
3.814564203e-06	4.71710227e-06	0
3.802691603e-06	4.701133335e-06	0
3.790819003e-06	4.6851644e-06	0
3.778946403e-06	4.669195465e-06	0
3.767073803e-06	4.65322653e-06	0
3.755201203e-06	4.637257595e-06	0
3.743328603e-06	4.62128866e-06	0
3.731456003e-06	4.605319725e-06	0
3.719583403e-06	4.589350791e-06	0
3.707710803e-06	4.573381856e-06	0
3.695838203e-06	4.557412921e-06	0
3.683965602e-06	4.541443986e-06	0
3.672093002e-06	4.525475051e-06	0
3.660220402e-06	4.509506116e-06	0
3.648347802e-06	4.493537181e-06	0
3.636475202e-06	4.477568246e-06	0
3.624602602e-06	4.461599311e-06	0
3.612730002e-06	4.445630376e-06	0
3.600857402e-06	4.429661441e-06	0
3.588984802e-06	4.413692506e-06	0
3.577112202e-06	4.397723571e-06	0
3.565239602e-06	4.381754636e-06	0
3.553367002e-06	4.365785702e-06	0
3.541494402e-06	4.349816767e-06	0
3.529621802e-06	4.333847832e-06	0
3.517749202e-06	4.317878897e-06	0
3.505876601e-06	4.301909962e-06	0
3.494004001e-06	4.285941027e-06	0
3.482131401e-06	4.269972092e-06	0
3.470258801e-06	4.254003157e-06	0
3.458386201e-06	4.238034222e-06	0
3.446513601e-06	4.222065287e-06	0
3.434641001e-06	4.206096352e-06	0
3.422768401e-06	4.190127417e-06	0
3.410895801e-06	4.174158482e-06	0
3.399023201e-06	4.158189547e-06	0
3.387150601e-06	4.142220612e-06	0
3.375278001e-06	4.126251678e-06	0
3.363405401e-06	4.110282743e-06	0
3.351532801e-06	4.094313808e-06	0
3.339660201e-06	4.078344873e-06	0
3.3277876e-06	4.062375938e-06	0
3.315915e-06	4.046407003e-06	0
3.3040424e-06	4.030438068e-06	0
3.2921698e-06	4.014469133e-06	0
3.2802972e-06	3.998500198e-06	0
3.2684246e-06	3.982531263e-06	0
3.256552e-06	3.966562328e-06	0
3.2446794e-06	3.950593393e-06	0
3.2328068e-06	3.934624458e-06	0
3.2209342e-06	3.918655523e-06	0
3.2090616e-06	3.902686588e-06	0
3.197189e-06	3.886717654e-06	0
3.1853164e-06	3.870748719e-06	0
3.1734438e-06	3.854779784e-06	0
3.161571199e-06	3.838810849e-06	0
3.149698599e-06	3.822841914e-06	0
3.137825999e-06	3.806872979e-06	0
3.125953399e-06	3.790904044e-06	0
3.114080799e-06	3.774935109e-06	0
3.102208199e-06	3.758966174e-06	0
3.090335599e-06	3.742997239e-06	0
3.078462999e-06	3.727028304e-06	0
3.078462999e-06	3.727028304e-06	-8
3.088000724e-06	3.744594609e-06	-8
3.097538449e-06	3.762160913e-06	-8
3.107076174e-06	3.779727217e-06	-8
3.116613899e-06	3.797293522e-06	-8
3.126151624e-06	3.814859826e-06	-8
3.135689349e-06	3.83242613e-06	-8
3.145227075e-06	3.849992435e-06	-8
3.1547648e-06	3.867558739e-06	-8
3.164302525e-06	3.885125043e-06	-8
3.17384025e-06	3.902691348e-06	-8
3.183377975e-06	3.920257652e-06	-8
3.1929157e-06	3.937823957e-06	-8
3.202453425e-06	3.955390261e-06	-8
3.21199115e-06	3.972956565e-06	-8
3.221528875e-06	3.99052287e-06	-8
3.2310666e-06	4.008089174e-06	-8
3.240604325e-06	4.025655478e-06	-8
3.25014205e-06	4.043221783e-06	-8
3.259679775e-06	4.060788087e-06	-8
3.269217501e-06	4.078354391e-06	-8
3.278755226e-06	4.095920696e-06	-8
3.288292951e-06	4.113487e-06	-8
3.297830676e-06	4.131053305e-06	-8
3.307368401e-06	4.148619609e-06	-8
3.316906126e-06	4.166185913e-06	-8
3.326443851e-06	4.183752218e-06	-8
3.335981576e-06	4.201318522e-06	-8
3.345519301e-06	4.218884826e-06	-8
3.355057026e-06	4.236451131e-06	-8
3.364594751e-06	4.254017435e-06	-8
3.374132476e-06	4.27158374e-06	-8
3.383670201e-06	4.289150044e-06	-8
3.393207927e-06	4.306716348e-06	-8
3.402745652e-06	4.324282653e-06	-8
3.412283377e-06	4.341848957e-06	-8
3.421821102e-06	4.359415261e-06	-8
3.431358827e-06	4.376981566e-06	-8
3.440896552e-06	4.39454787e-06	-8
3.450434277e-06	4.412114174e-06	-8
3.459972002e-06	4.429680479e-06	-8
3.469509727e-06	4.447246783e-06	-8
3.479047452e-06	4.464813088e-06	-8
3.488585177e-06	4.482379392e-06	-8
3.498122902e-06	4.499945696e-06	-8
3.507660627e-06	4.517512001e-06	-8
3.517198353e-06	4.535078305e-06	-8
3.526736078e-06	4.552644609e-06	-8
3.536273803e-06	4.570210914e-06	-8
3.545811528e-06	4.587777218e-06	-8
3.555349253e-06	4.605343522e-06	-8
3.564886978e-06	4.622909827e-06	-8
3.574424703e-06	4.640476131e-06	-8
3.583962428e-06	4.658042436e-06	-8
3.593500153e-06	4.67560874e-06	-8
3.603037878e-06	4.693175044e-06	-8
3.612575603e-06	4.710741349e-06	-8
3.622113328e-06	4.728307653e-06	-8
3.631651053e-06	4.745873957e-06	-8
3.641188779e-06	4.763440262e-06	-8
3.650726504e-06	4.781006566e-06	-8
3.660264229e-06	4.79857287e-06	-8
3.669801954e-06	4.816139175e-06	-8
3.679339679e-06	4.833705479e-06	-8
3.688877404e-06	4.851271784e-06	-8
3.698415129e-06	4.868838088e-06	-8
3.707952854e-06	4.886404392e-06	-8
3.717490579e-06	4.903970697e-06	-8
3.727028304e-06	4.921537001e-06	-8
3.727028304e-06	4.921537001e-06	0
3.746068782e-06	4.915599669e-06	0
3.765109259e-06	4.909662337e-06	0
3.784149737e-06	4.903725005e-06	0
3.803190214e-06	4.897787673e-06	0
3.822230691e-06	4.891850341e-06	0
3.841271169e-06	4.885913009e-06	0
3.860311646e-06	4.879975677e-06	0
3.879352124e-06	4.874038345e-06	0
3.898392601e-06	4.868101013e-06	0
3.917433079e-06	4.862163681e-06	0
3.936473556e-06	4.856226349e-06	0
3.955514034e-06	4.850289017e-06	0
3.974554511e-06	4.844351685e-06	0
3.993594988e-06	4.838414353e-06	0
4.012635466e-06	4.832477021e-06	0
4.031675943e-06	4.826539689e-06	0
4.050716421e-06	4.820602357e-06	0
4.069756898e-06	4.814665025e-06	0
4.088797376e-06	4.808727693e-06	0
4.107837853e-06	4.802790361e-06	0
4.126878331e-06	4.796853029e-06	0
4.145918808e-06	4.790915697e-06	0
4.164959286e-06	4.784978365e-06	0
4.183999763e-06	4.779041033e-06	0
4.20304024e-06	4.773103701e-06	0
4.222080718e-06	4.767166369e-06	0
4.241121195e-06	4.761229037e-06	0
4.260161673e-06	4.755291705e-06	0
4.27920215e-06	4.749354373e-06	0
4.298242628e-06	4.743417041e-06	0
4.317283105e-06	4.737479709e-06	0
4.336323583e-06	4.731542377e-06	0
4.35536406e-06	4.725605045e-06	0
4.374404537e-06	4.719667713e-06	0
4.393445015e-06	4.713730381e-06	0
4.412485492e-06	4.707793049e-06	0
4.43152597e-06	4.701855717e-06	0
4.450566447e-06	4.695918385e-06	0
4.469606925e-06	4.689981053e-06	0
4.488647402e-06	4.684043721e-06	0
4.50768788e-06	4.678106388e-06	0
4.526728357e-06	4.672169056e-06	0
4.545768835e-06	4.666231724e-06	0
4.564809312e-06	4.660294392e-06	0
4.583849789e-06	4.65435706e-06	0
4.602890267e-06	4.648419728e-06	0
4.621930744e-06	4.642482396e-06	0
4.640971222e-06	4.636545064e-06	0
4.660011699e-06	4.630607732e-06	0
4.679052177e-06	4.6246704e-06	0
4.698092654e-06	4.618733068e-06	0
4.717133132e-06	4.612795736e-06	0
4.736173609e-06	4.606858404e-06	0
4.755214086e-06	4.600921072e-06	0
4.774254564e-06	4.59498374e-06	0
4.793295041e-06	4.589046408e-06	0
4.812335519e-06	4.583109076e-06	0
4.831375996e-06	4.577171744e-06	0
4.850416474e-06	4.571234412e-06	0
4.869456951e-06	4.56529708e-06	0
4.888497429e-06	4.559359748e-06	0
4.907537906e-06	4.553422416e-06	0
4.926578384e-06	4.547485084e-06	0
4.945618861e-06	4.541547752e-06	0
4.964659338e-06	4.53561042e-06	0
4.983699816e-06	4.529673088e-06	0
5.002740293e-06	4.523735756e-06	0
5.021780771e-06	4.517798424e-06	0
5.040821248e-06	4.511861092e-06	0
5.059861726e-06	4.50592376e-06	0
5.078902203e-06	4.499986428e-06	0
5.097942681e-06	4.494049096e-06	0
5.116983158e-06	4.488111764e-06	0
5.136023635e-06	4.482174432e-06	0
5.155064113e-06	4.4762371e-06	0
5.17410459e-06	4.470299768e-06	0
5.193145068e-06	4.464362436e-06	0
5.212185545e-06	4.458425104e-06	0
5.231226023e-06	4.452487772e-06	0
5.2502665e-06	4.44655044e-06	0
5.269306978e-06	4.440613108e-06	0
5.288347455e-06	4.434675776e-06	0
5.307387933e-06	4.428738444e-06	0
5.32642841e-06	4.422801112e-06	0
5.345468887e-06	4.41686378e-06	0
5.364509365e-06	4.410926448e-06	0
5.383549842e-06	4.404989116e-06	0
5.40259032e-06	4.399051784e-06	0
5.421630797e-06	4.393114452e-06	0
5.440671275e-06	4.38717712e-06	0
5.459711752e-06	4.381239788e-06	0
5.47875223e-06	4.375302456e-06	0
5.497792707e-06	4.369365124e-06	0
5.516833184e-06	4.363427792e-06	0
5.535873662e-06	4.35749046e-06	0
5.554914139e-06	4.351553128e-06	0
5.573954617e-06	4.345615796e-06	0
5.592995094e-06	4.339678464e-06	0
5.612035572e-06	4.333741132e-06	0
5.631076049e-06	4.3278038e-06	0
5.650116527e-06	4.321866468e-06	0
5.669157004e-06	4.315929136e-06	0
5.688197482e-06	4.309991804e-06	0
5.707237959e-06	4.304054472e-06	0
5.726278436e-06	4.29811714e-06	0
5.745318914e-06	4.292179808e-06	0
5.764359391e-06	4.286242476e-06	0
5.783399869e-06	4.280305144e-06	0
5.802440346e-06	4.274367812e-06	0
5.821480824e-06	4.26843048e-06	0
5.840521301e-06	4.262493148e-06	0
5.859561779e-06	4.256555816e-06	0
5.878602256e-06	4.250618484e-06	0
5.897642733e-06	4.244681152e-06	0
5.916683211e-06	4.23874382e-06	0
5.935723688e-06	4.232806488e-06	0
5.954764166e-06	4.226869156e-06	0
5.973804643e-06	4.220931824e-06	0
5.992845121e-06	4.214994492e-06	0
6.011885598e-06	4.209057159e-06	0
6.030926076e-06	4.203119827e-06	0
6.049966553e-06	4.197182495e-06	0
6.06900703e-06	4.191245163e-06	0
6.088047508e-06	4.185307831e-06	0
6.107087985e-06	4.179370499e-06	0
6.126128463e-06	4.173433167e-06	0
6.14516894e-06	4.167495835e-06	0
6.164209418e-06	4.161558503e-06	0
6.183249895e-06	4.155621171e-06	0
6.202290373e-06	4.149683839e-06	0
6.22133085e-06	4.143746507e-06	0
6.240371328e-06	4.137809175e-06	0
6.259411805e-06	4.131871843e-06	0
6.278452282e-06	4.125934511e-06	0
6.29749276e-06	4.119997179e-06	0
6.316533237e-06	4.114059847e-06	0
6.335573715e-06	4.108122515e-06	0
6.354614192e-06	4.102185183e-06	0
6.37365467e-06	4.096247851e-06	0
6.392695147e-06	4.090310519e-06	0
6.411735625e-06	4.084373187e-06	0
6.430776102e-06	4.078435855e-06	0
6.449816579e-06	4.072498523e-06	0
6.468857057e-06	4.066561191e-06	0
6.487897534e-06	4.060623859e-06	0
6.506938012e-06	4.054686527e-06	0
6.525978489e-06	4.048749195e-06	0
6.545018967e-06	4.042811863e-06	0
6.564059444e-06	4.036874531e-06	0
6.583099922e-06	4.030937199e-06	0
6.602140399e-06	4.024999867e-06	0
6.621180877e-06	4.019062535e-06	0
6.640221354e-06	4.013125203e-06	0
6.659261831e-06	4.007187871e-06	0
6.678302309e-06	4.001250539e-06	0
6.697342786e-06	3.995313207e-06	0
6.716383264e-06	3.989375875e-06	0
6.735423741e-06	3.983438543e-06	0
6.754464219e-06	3.977501211e-06	0
6.773504696e-06	3.971563879e-06	0
6.792545174e-06	3.965626547e-06	0
6.811585651e-06	3.959689215e-06	0
6.830626128e-06	3.953751883e-06	0
6.849666606e-06	3.947814551e-06	0
6.868707083e-06	3.941877219e-06	0
6.887747561e-06	3.935939887e-06	0
6.906788038e-06	3.930002555e-06	0
6.925828516e-06	3.924065223e-06	0
6.944868993e-06	3.918127891e-06	0
6.963909471e-06	3.912190559e-06	0
6.982949948e-06	3.906253227e-06	0
7.001990426e-06	3.900315895e-06	0
7.021030903e-06	3.894378563e-06	0
7.04007138e-06	3.888441231e-06	0
7.059111858e-06	3.882503899e-06	0
7.078152335e-06	3.876566567e-06	0
7.097192813e-06	3.870629235e-06	0
7.11623329e-06	3.864691903e-06	0
7.135273768e-06	3.858754571e-06	0
7.154314245e-06	3.852817239e-06	0
7.173354723e-06	3.846879907e-06	0
7.1923952e-06	3.840942575e-06	0
7.211435677e-06	3.835005243e-06	0
7.230476155e-06	3.829067911e-06	0
7.249516632e-06	3.823130579e-06	0
7.26855711e-06	3.817193247e-06	0
7.287597587e-06	3.811255915e-06	0
7.306638065e-06	3.805318583e-06	0
7.325678542e-06	3.799381251e-06	0
7.34471902e-06	3.793443919e-06	0
7.363759497e-06	3.787506587e-06	0
7.382799975e-06	3.781569255e-06	0
7.401840452e-06	3.775631923e-06	0
7.401840452e-06	3.775631923e-06	8
7.391396449e-06	3.792674987e-06	8
7.380952445e-06	3.809718051e-06	8
7.370508442e-06	3.826761116e-06	8
7.360064439e-06	3.84380418e-06	8
7.349620436e-06	3.860847245e-06	8
7.339176432e-06	3.877890309e-06	8
7.328732429e-06	3.894933373e-06	8
7.318288426e-06	3.911976438e-06	8
7.307844422e-06	3.929019502e-06	8
7.297400419e-06	3.946062567e-06	8
7.286956416e-06	3.963105631e-06	8
7.276512412e-06	3.980148695e-06	8
7.266068409e-06	3.99719176e-06	8
7.255624406e-06	4.014234824e-06	8
7.245180403e-06	4.031277888e-06	8
7.234736399e-06	4.048320953e-06	8
7.224292396e-06	4.065364017e-06	8
7.213848393e-06	4.082407082e-06	8
7.203404389e-06	4.099450146e-06	8
7.192960386e-06	4.11649321e-06	8
7.182516383e-06	4.133536275e-06	8
7.17207238e-06	4.150579339e-06	8
7.161628376e-06	4.167622404e-06	8
7.151184373e-06	4.184665468e-06	8
7.14074037e-06	4.201708532e-06	8
7.130296366e-06	4.218751597e-06	8
7.119852363e-06	4.235794661e-06	8
7.10940836e-06	4.252837726e-06	8
7.098964356e-06	4.26988079e-06	8
7.088520353e-06	4.286923854e-06	8
7.07807635e-06	4.303966919e-06	8
7.067632347e-06	4.321009983e-06	8
7.057188343e-06	4.338053048e-06	8
7.04674434e-06	4.355096112e-06	8
7.036300337e-06	4.372139176e-06	8
7.025856333e-06	4.389182241e-06	8
7.01541233e-06	4.406225305e-06	8
7.004968327e-06	4.42326837e-06	8
6.994524324e-06	4.440311434e-06	8
6.98408032e-06	4.457354498e-06	8
6.973636317e-06	4.474397563e-06	8
6.963192314e-06	4.491440627e-06	8
6.95274831e-06	4.508483691e-06	8
6.942304307e-06	4.525526756e-06	8
6.931860304e-06	4.54256982e-06	8
6.921416301e-06	4.559612885e-06	8
6.910972297e-06	4.576655949e-06	8
6.900528294e-06	4.593699013e-06	8
6.890084291e-06	4.610742078e-06	8
6.879640287e-06	4.627785142e-06	8
6.869196284e-06	4.644828207e-06	8
6.858752281e-06	4.661871271e-06	8
6.848308277e-06	4.678914335e-06	8
6.837864274e-06	4.6959574e-06	8
6.827420271e-06	4.713000464e-06	8
6.816976268e-06	4.730043529e-06	8
6.806532264e-06	4.747086593e-06	8
6.796088261e-06	4.764129657e-06	8
6.785644258e-06	4.781172722e-06	8
6.775200254e-06	4.798215786e-06	8
6.764756251e-06	4.815258851e-06	8
6.754312248e-06	4.832301915e-06	8
6.743868245e-06	4.849344979e-06	8
6.733424241e-06	4.866388044e-06	8
6.722980238e-06	4.883431108e-06	8
6.712536235e-06	4.900474173e-06	8
6.702092231e-06	4.917517237e-06	8
6.691648228e-06	4.934560301e-06	8
6.691648228e-06	4.934560301e-06	0
6.699541431e-06	4.916293861e-06	0
6.707434635e-06	4.89802742e-06	0
6.715327838e-06	4.879760979e-06	0
6.723221041e-06	4.861494538e-06	0
6.731114245e-06	4.843228098e-06	0
6.739007448e-06	4.824961657e-06	0
6.746900651e-06	4.806695216e-06	0
6.754793854e-06	4.788428775e-06	0
6.762687058e-06	4.770162335e-06	0
6.770580261e-06	4.751895894e-06	0
6.778473464e-06	4.733629453e-06	0
6.786366668e-06	4.715363012e-06	0
6.794259871e-06	4.697096572e-06	0
6.802153074e-06	4.678830131e-06	0
6.810046277e-06	4.66056369e-06	0
6.817939481e-06	4.64229725e-06	0
6.825832684e-06	4.624030809e-06	0
6.833725887e-06	4.605764368e-06	0
6.841619091e-06	4.587497927e-06	0
6.849512294e-06	4.569231487e-06	0
6.857405497e-06	4.550965046e-06	0
6.8652987e-06	4.532698605e-06	0
6.873191904e-06	4.514432164e-06	0
6.881085107e-06	4.496165724e-06	0
6.88897831e-06	4.477899283e-06	0
6.896871514e-06	4.459632842e-06	0
6.904764717e-06	4.441366401e-06	0
6.91265792e-06	4.423099961e-06	0
6.920551123e-06	4.40483352e-06	0
6.928444327e-06	4.386567079e-06	0
6.93633753e-06	4.368300639e-06	0
6.944230733e-06	4.350034198e-06	0
6.952123937e-06	4.331767757e-06	0
6.96001714e-06	4.313501316e-06	0
6.967910343e-06	4.295234876e-06	0
6.975803546e-06	4.276968435e-06	0
6.98369675e-06	4.258701994e-06	0
6.991589953e-06	4.240435553e-06	0
6.999483156e-06	4.222169113e-06	0
7.00737636e-06	4.203902672e-06	0
7.015269563e-06	4.185636231e-06	0
7.023162766e-06	4.16736979e-06	0
7.031055969e-06	4.14910335e-06	0
7.038949173e-06	4.130836909e-06	0
7.046842376e-06	4.112570468e-06	0
7.054735579e-06	4.094304027e-06	0
7.062628783e-06	4.076037587e-06	0
7.070521986e-06	4.057771146e-06	0
7.078415189e-06	4.039504705e-06	0
7.086308393e-06	4.021238265e-06	0
7.094201596e-06	4.002971824e-06	0
7.102094799e-06	3.984705383e-06	0
7.109988002e-06	3.966438942e-06	0
7.117881206e-06	3.948172502e-06	0
7.125774409e-06	3.929906061e-06	0
7.133667612e-06	3.91163962e-06	0
7.141560816e-06	3.893373179e-06	0
7.149454019e-06	3.875106739e-06	0
7.157347222e-06	3.856840298e-06	0
7.165240425e-06	3.838573857e-06	0
7.173133629e-06	3.820307416e-06	0
7.181026832e-06	3.802040976e-06	0
7.188920035e-06	3.783774535e-06	0
7.196813239e-06	3.765508094e-06	0
7.204706442e-06	3.747241654e-06	0
7.212599645e-06	3.728975213e-06	0
7.220492848e-06	3.710708772e-06	0
7.228386052e-06	3.692442331e-06	0
7.236279255e-06	3.674175891e-06	0
7.236279255e-06	3.674175891e-06	-8
7.225835252e-06	3.691218955e-06	-8
7.215391248e-06	3.708262019e-06	-8
7.204947245e-06	3.725305084e-06	-8
7.194503242e-06	3.742348148e-06	-8
7.184059239e-06	3.759391213e-06	-8
7.173615235e-06	3.776434277e-06	-8
7.163171232e-06	3.793477341e-06	-8
7.152727229e-06	3.810520406e-06	-8
7.142283225e-06	3.82756347e-06	-8
7.131839222e-06	3.844606535e-06	-8
7.121395219e-06	3.861649599e-06	-8
7.110951215e-06	3.878692663e-06	-8
7.100507212e-06	3.895735728e-06	-8
7.090063209e-06	3.912778792e-06	-8
7.079619206e-06	3.929821856e-06	-8
7.069175202e-06	3.946864921e-06	-8
7.058731199e-06	3.963907985e-06	-8
7.048287196e-06	3.98095105e-06	-8
7.037843192e-06	3.997994114e-06	-8
7.027399189e-06	4.015037178e-06	-8
7.016955186e-06	4.032080243e-06	-8
7.006511183e-06	4.049123307e-06	-8
6.996067179e-06	4.066166372e-06	-8
6.985623176e-06	4.083209436e-06	-8
6.975179173e-06	4.1002525e-06	-8
6.964735169e-06	4.117295565e-06	-8
6.954291166e-06	4.134338629e-06	-8
6.943847163e-06	4.151381694e-06	-8
6.93340316e-06	4.168424758e-06	-8
6.922959156e-06	4.185467822e-06	-8
6.912515153e-06	4.202510887e-06	-8
6.90207115e-06	4.219553951e-06	-8
6.891627146e-06	4.236597016e-06	-8
6.881183143e-06	4.25364008e-06	-8
6.87073914e-06	4.270683144e-06	-8
6.860295136e-06	4.287726209e-06	-8
6.849851133e-06	4.304769273e-06	-8
6.83940713e-06	4.321812338e-06	-8
6.828963127e-06	4.338855402e-06	-8
6.818519123e-06	4.355898466e-06	-8
6.80807512e-06	4.372941531e-06	-8
6.797631117e-06	4.389984595e-06	-8
6.787187113e-06	4.407027659e-06	-8
6.77674311e-06	4.424070724e-06	-8
6.766299107e-06	4.441113788e-06	-8
6.755855104e-06	4.458156853e-06	-8
6.7454111e-06	4.475199917e-06	-8
6.734967097e-06	4.492242981e-06	-8
6.724523094e-06	4.509286046e-06	-8
6.71407909e-06	4.52632911e-06	-8
6.703635087e-06	4.543372175e-06	-8
6.693191084e-06	4.560415239e-06	-8
6.682747081e-06	4.577458303e-06	-8
6.672303077e-06	4.594501368e-06	-8
6.661859074e-06	4.611544432e-06	-8
6.651415071e-06	4.628587497e-06	-8
6.640971067e-06	4.645630561e-06	-8
6.630527064e-06	4.662673625e-06	-8
6.620083061e-06	4.67971669e-06	-8
6.609639057e-06	4.696759754e-06	-8
6.599195054e-06	4.713802819e-06	-8
6.588751051e-06	4.730845883e-06	-8
6.578307048e-06	4.747888947e-06	-8
6.567863044e-06	4.764932012e-06	-8
6.557419041e-06	4.781975076e-06	-8
6.546975038e-06	4.799018141e-06	-8
6.536531034e-06	4.816061205e-06	-8
6.526087031e-06	4.833104269e-06	-8
6.526087031e-06	4.833104269e-06	0
6.533980234e-06	4.814837829e-06	0
6.541873438e-06	4.796571388e-06	0
6.549766641e-06	4.778304947e-06	0
6.557659844e-06	4.760038506e-06	0
6.565553048e-06	4.741772066e-06	0
6.573446251e-06	4.723505625e-06	0
6.581339454e-06	4.705239184e-06	0
6.589232657e-06	4.686972743e-06	0
6.597125861e-06	4.668706303e-06	0
6.605019064e-06	4.650439862e-06	0
6.612912267e-06	4.632173421e-06	0
6.620805471e-06	4.613906981e-06	0
6.628698674e-06	4.59564054e-06	0
6.636591877e-06	4.577374099e-06	0
6.64448508e-06	4.559107658e-06	0
6.652378284e-06	4.540841218e-06	0
6.660271487e-06	4.522574777e-06	0
6.66816469e-06	4.504308336e-06	0
6.676057894e-06	4.486041895e-06	0
6.683951097e-06	4.467775455e-06	0
6.6918443e-06	4.449509014e-06	0
6.699737503e-06	4.431242573e-06	0
6.707630707e-06	4.412976132e-06	0
6.71552391e-06	4.394709692e-06	0
6.723417113e-06	4.376443251e-06	0
6.731310317e-06	4.35817681e-06	0
6.73920352e-06	4.339910369e-06	0
6.747096723e-06	4.321643929e-06	0
6.754989926e-06	4.303377488e-06	0
6.76288313e-06	4.285111047e-06	0
6.770776333e-06	4.266844607e-06	0
6.778669536e-06	4.248578166e-06	0
6.78656274e-06	4.230311725e-06	0
6.794455943e-06	4.212045284e-06	0
6.802349146e-06	4.193778844e-06	0
6.81024235e-06	4.175512403e-06	0
6.818135553e-06	4.157245962e-06	0
6.826028756e-06	4.138979521e-06	0
6.833921959e-06	4.120713081e-06	0
6.841815163e-06	4.10244664e-06	0
6.849708366e-06	4.084180199e-06	0
6.857601569e-06	4.065913758e-06	0
6.865494773e-06	4.047647318e-06	0
6.873387976e-06	4.029380877e-06	0
6.881281179e-06	4.011114436e-06	0
6.889174382e-06	3.992847996e-06	0
6.897067586e-06	3.974581555e-06	0
6.904960789e-06	3.956315114e-06	0
6.912853992e-06	3.938048673e-06	0
6.920747196e-06	3.919782233e-06	0
6.928640399e-06	3.901515792e-06	0
6.936533602e-06	3.883249351e-06	0
6.944426805e-06	3.86498291e-06	0
6.952320009e-06	3.84671647e-06	0
6.960213212e-06	3.828450029e-06	0
6.968106415e-06	3.810183588e-06	0
6.975999619e-06	3.791917147e-06	0
6.983892822e-06	3.773650707e-06	0
6.991786025e-06	3.755384266e-06	0
6.999679228e-06	3.737117825e-06	0
7.007572432e-06	3.718851384e-06	0
7.015465635e-06	3.700584944e-06	0
7.023358838e-06	3.682318503e-06	0
7.031252042e-06	3.664052062e-06	0
7.039145245e-06	3.645785622e-06	0
7.047038448e-06	3.627519181e-06	0
7.054931651e-06	3.60925274e-06	0
7.062824855e-06	3.590986299e-06	0
7.070718058e-06	3.572719859e-06	0
7.070718058e-06	3.572719859e-06	8
7.060274055e-06	3.589762923e-06	8
7.049830051e-06	3.606805987e-06	8
7.039386048e-06	3.623849052e-06	8
7.028942045e-06	3.640892116e-06	8
7.018498042e-06	3.657935181e-06	8
7.008054038e-06	3.674978245e-06	8
6.997610035e-06	3.692021309e-06	8
6.987166032e-06	3.709064374e-06	8
6.976722028e-06	3.726107438e-06	8
6.966278025e-06	3.743150503e-06	8
6.955834022e-06	3.760193567e-06	8
6.945390019e-06	3.777236631e-06	8
6.934946015e-06	3.794279696e-06	8
6.924502012e-06	3.81132276e-06	8
6.914058009e-06	3.828365825e-06	8
6.903614005e-06	3.845408889e-06	8
6.893170002e-06	3.862451953e-06	8
6.882725999e-06	3.879495018e-06	8
6.872281995e-06	3.896538082e-06	8
6.861837992e-06	3.913581146e-06	8
6.851393989e-06	3.930624211e-06	8
6.840949986e-06	3.947667275e-06	8
6.830505982e-06	3.96471034e-06	8
6.820061979e-06	3.981753404e-06	8
6.809617976e-06	3.998796468e-06	8
6.799173972e-06	4.015839533e-06	8
6.788729969e-06	4.032882597e-06	8
6.778285966e-06	4.049925662e-06	8
6.767841963e-06	4.066968726e-06	8
6.757397959e-06	4.08401179e-06	8
6.746953956e-06	4.101054855e-06	8
6.736509953e-06	4.118097919e-06	8
6.726065949e-06	4.135140984e-06	8
6.715621946e-06	4.152184048e-06	8
6.705177943e-06	4.169227112e-06	8
6.69473394e-06	4.186270177e-06	8
6.684289936e-06	4.203313241e-06	8
6.673845933e-06	4.220356306e-06	8
6.66340193e-06	4.23739937e-06	8
6.652957926e-06	4.254442434e-06	8
6.642513923e-06	4.271485499e-06	8
6.63206992e-06	4.288528563e-06	8
6.621625916e-06	4.305571628e-06	8
6.611181913e-06	4.322614692e-06	8
6.60073791e-06	4.339657756e-06	8
6.590293907e-06	4.356700821e-06	8
6.579849903e-06	4.373743885e-06	8
6.5694059e-06	4.390786949e-06	8
6.558961897e-06	4.407830014e-06	8
6.548517893e-06	4.424873078e-06	8
6.53807389e-06	4.441916143e-06	8
6.527629887e-06	4.458959207e-06	8
6.517185884e-06	4.476002271e-06	8
6.50674188e-06	4.493045336e-06	8
6.496297877e-06	4.5100884e-06	8
6.485853874e-06	4.527131465e-06	8
6.47540987e-06	4.544174529e-06	8
6.464965867e-06	4.561217593e-06	8
6.454521864e-06	4.578260658e-06	8
6.44407786e-06	4.595303722e-06	8
6.433633857e-06	4.612346787e-06	8
6.423189854e-06	4.629389851e-06	8
6.412745851e-06	4.646432915e-06	8
6.402301847e-06	4.66347598e-06	8
6.391857844e-06	4.680519044e-06	8
6.381413841e-06	4.697562109e-06	8
6.370969837e-06	4.714605173e-06	8
6.360525834e-06	4.731648237e-06	8
6.360525834e-06	4.731648237e-06	0
6.368419037e-06	4.713381797e-06	0
6.376312241e-06	4.695115356e-06	0
6.384205444e-06	4.676848915e-06	0
6.392098647e-06	4.658582474e-06	0
6.399991851e-06	4.640316034e-06	0
6.407885054e-06	4.622049593e-06	0
6.415778257e-06	4.603783152e-06	0
6.42367146e-06	4.585516711e-06	0
6.431564664e-06	4.567250271e-06	0
6.439457867e-06	4.54898383e-06	0
6.44735107e-06	4.530717389e-06	0
6.455244274e-06	4.512450949e-06	0
6.463137477e-06	4.494184508e-06	0
6.47103068e-06	4.475918067e-06	0
6.478923883e-06	4.457651626e-06	0
6.486817087e-06	4.439385186e-06	0
6.49471029e-06	4.421118745e-06	0
6.502603493e-06	4.402852304e-06	0
6.510496697e-06	4.384585863e-06	0
6.5183899e-06	4.366319423e-06	0
6.526283103e-06	4.348052982e-06	0
6.534176307e-06	4.329786541e-06	0
6.54206951e-06	4.3115201e-06	0
6.549962713e-06	4.29325366e-06	0
6.557855916e-06	4.274987219e-06	0
6.56574912e-06	4.256720778e-06	0
6.573642323e-06	4.238454337e-06	0
6.581535526e-06	4.220187897e-06	0
6.58942873e-06	4.201921456e-06	0
6.597321933e-06	4.183655015e-06	0
6.605215136e-06	4.165388575e-06	0
6.613108339e-06	4.147122134e-06	0
6.621001543e-06	4.128855693e-06	0
6.628894746e-06	4.110589252e-06	0
6.636787949e-06	4.092322812e-06	0
6.644681153e-06	4.074056371e-06	0
6.652574356e-06	4.05578993e-06	0
6.660467559e-06	4.037523489e-06	0
6.668360762e-06	4.019257049e-06	0
6.676253966e-06	4.000990608e-06	0
6.684147169e-06	3.982724167e-06	0
6.692040372e-06	3.964457726e-06	0
6.699933576e-06	3.946191286e-06	0
6.707826779e-06	3.927924845e-06	0
6.715719982e-06	3.909658404e-06	0
6.723613185e-06	3.891391964e-06	0
6.731506389e-06	3.873125523e-06	0
6.739399592e-06	3.854859082e-06	0
6.747292795e-06	3.836592641e-06	0
6.755185999e-06	3.818326201e-06	0
6.763079202e-06	3.80005976e-06	0
6.770972405e-06	3.781793319e-06	0
6.778865608e-06	3.763526878e-06	0
6.786758812e-06	3.745260438e-06	0
6.794652015e-06	3.726993997e-06	0
6.802545218e-06	3.708727556e-06	0
6.810438422e-06	3.690461115e-06	0
6.818331625e-06	3.672194675e-06	0
6.826224828e-06	3.653928234e-06	0
6.834118031e-06	3.635661793e-06	0
6.842011235e-06	3.617395353e-06	0
6.849904438e-06	3.599128912e-06	0
6.857797641e-06	3.580862471e-06	0
6.865690845e-06	3.56259603e-06	0
6.873584048e-06	3.54432959e-06	0
6.881477251e-06	3.526063149e-06	0
6.889370455e-06	3.507796708e-06	0
6.897263658e-06	3.489530267e-06	0
6.905156861e-06	3.471263827e-06	0
6.905156861e-06	3.471263827e-06	-8
6.894712858e-06	3.488306891e-06	-8
6.884268854e-06	3.505349955e-06	-8
6.873824851e-06	3.52239302e-06	-8
6.863380848e-06	3.539436084e-06	-8
6.852936845e-06	3.556479149e-06	-8
6.842492841e-06	3.573522213e-06	-8
6.832048838e-06	3.590565277e-06	-8
6.821604835e-06	3.607608342e-06	-8
6.811160831e-06	3.624651406e-06	-8
6.800716828e-06	3.641694471e-06	-8
6.790272825e-06	3.658737535e-06	-8
6.779828822e-06	3.675780599e-06	-8
6.769384818e-06	3.692823664e-06	-8
6.758940815e-06	3.709866728e-06	-8
6.748496812e-06	3.726909793e-06	-8
6.738052808e-06	3.743952857e-06	-8
6.727608805e-06	3.760995921e-06	-8
6.717164802e-06	3.778038986e-06	-8
6.706720799e-06	3.79508205e-06	-8
6.696276795e-06	3.812125114e-06	-8
6.685832792e-06	3.829168179e-06	-8
6.675388789e-06	3.846211243e-06	-8
6.664944785e-06	3.863254308e-06	-8
6.654500782e-06	3.880297372e-06	-8
6.644056779e-06	3.897340436e-06	-8
6.633612775e-06	3.914383501e-06	-8
6.623168772e-06	3.931426565e-06	-8
6.612724769e-06	3.94846963e-06	-8
6.602280766e-06	3.965512694e-06	-8
6.591836762e-06	3.982555758e-06	-8
6.581392759e-06	3.999598823e-06	-8
6.570948756e-06	4.016641887e-06	-8
6.560504752e-06	4.033684952e-06	-8
6.550060749e-06	4.050728016e-06	-8
6.539616746e-06	4.06777108e-06	-8
6.529172743e-06	4.084814145e-06	-8
6.518728739e-06	4.101857209e-06	-8
6.508284736e-06	4.118900274e-06	-8
6.497840733e-06	4.135943338e-06	-8
6.487396729e-06	4.152986402e-06	-8
6.476952726e-06	4.170029467e-06	-8
6.466508723e-06	4.187072531e-06	-8
6.45606472e-06	4.204115596e-06	-8
6.445620716e-06	4.22115866e-06	-8
6.435176713e-06	4.238201724e-06	-8
6.42473271e-06	4.255244789e-06	-8
6.414288706e-06	4.272287853e-06	-8
6.403844703e-06	4.289330917e-06	-8
6.3934007e-06	4.306373982e-06	-8
6.382956696e-06	4.323417046e-06	-8
6.372512693e-06	4.340460111e-06	-8
6.36206869e-06	4.357503175e-06	-8
6.351624687e-06	4.374546239e-06	-8
6.341180683e-06	4.391589304e-06	-8
6.33073668e-06	4.408632368e-06	-8
6.320292677e-06	4.425675433e-06	-8
6.309848673e-06	4.442718497e-06	-8
6.29940467e-06	4.459761561e-06	-8
6.288960667e-06	4.476804626e-06	-8
6.278516664e-06	4.49384769e-06	-8
6.26807266e-06	4.510890755e-06	-8
6.257628657e-06	4.527933819e-06	-8
6.247184654e-06	4.544976883e-06	-8
6.23674065e-06	4.562019948e-06	-8
6.226296647e-06	4.579063012e-06	-8
6.215852644e-06	4.596106077e-06	-8
6.20540864e-06	4.613149141e-06	-8
6.194964637e-06	4.630192205e-06	-8
6.194964637e-06	4.630192205e-06	0
6.20285784e-06	4.611925765e-06	0
6.210751044e-06	4.593659324e-06	0
6.218644247e-06	4.575392883e-06	0
6.22653745e-06	4.557126442e-06	0
6.234430654e-06	4.538860002e-06	0
6.242323857e-06	4.520593561e-06	0
6.25021706e-06	4.50232712e-06	0
6.258110264e-06	4.484060679e-06	0
6.266003467e-06	4.465794239e-06	0
6.27389667e-06	4.447527798e-06	0
6.281789873e-06	4.429261357e-06	0
6.289683077e-06	4.410994917e-06	0
6.29757628e-06	4.392728476e-06	0
6.305469483e-06	4.374462035e-06	0
6.313362687e-06	4.356195594e-06	0
6.32125589e-06	4.337929154e-06	0
6.329149093e-06	4.319662713e-06	0
6.337042296e-06	4.301396272e-06	0
6.3449355e-06	4.283129831e-06	0
6.352828703e-06	4.264863391e-06	0
6.360721906e-06	4.24659695e-06	0
6.36861511e-06	4.228330509e-06	0
6.376508313e-06	4.210064068e-06	0
6.384401516e-06	4.191797628e-06	0
6.392294719e-06	4.173531187e-06	0
6.400187923e-06	4.155264746e-06	0
6.408081126e-06	4.136998306e-06	0
6.415974329e-06	4.118731865e-06	0
6.423867533e-06	4.100465424e-06	0
6.431760736e-06	4.082198983e-06	0
6.439653939e-06	4.063932543e-06	0
6.447547142e-06	4.045666102e-06	0
6.455440346e-06	4.027399661e-06	0
6.463333549e-06	4.00913322e-06	0
6.471226752e-06	3.99086678e-06	0
6.479119956e-06	3.972600339e-06	0
6.487013159e-06	3.954333898e-06	0
6.494906362e-06	3.936067457e-06	0
6.502799565e-06	3.917801017e-06	0
6.510692769e-06	3.899534576e-06	0
6.518585972e-06	3.881268135e-06	0
6.526479175e-06	3.863001694e-06	0
6.534372379e-06	3.844735254e-06	0
6.542265582e-06	3.826468813e-06	0
6.550158785e-06	3.808202372e-06	0
6.558051988e-06	3.789935932e-06	0
6.565945192e-06	3.771669491e-06	0
6.573838395e-06	3.75340305e-06	0
6.581731598e-06	3.735136609e-06	0
6.589624802e-06	3.716870169e-06	0
6.597518005e-06	3.698603728e-06	0
6.605411208e-06	3.680337287e-06	0
6.613304411e-06	3.662070846e-06	0
6.621197615e-06	3.643804406e-06	0
6.629090818e-06	3.625537965e-06	0
6.636984021e-06	3.607271524e-06	0
6.644877225e-06	3.589005083e-06	0
6.652770428e-06	3.570738643e-06	0
6.660663631e-06	3.552472202e-06	0
6.668556835e-06	3.534205761e-06	0
6.676450038e-06	3.515939321e-06	0
6.684343241e-06	3.49767288e-06	0
6.692236444e-06	3.479406439e-06	0
6.700129648e-06	3.461139998e-06	0
6.708022851e-06	3.442873558e-06	0
6.715916054e-06	3.424607117e-06	0
6.723809258e-06	3.406340676e-06	0
6.731702461e-06	3.388074235e-06	0
6.739595664e-06	3.369807795e-06	0
6.739595664e-06	3.369807795e-06	8
6.729151661e-06	3.386850859e-06	8
6.718707658e-06	3.403893923e-06	8
6.708263654e-06	3.420936988e-06	8
6.697819651e-06	3.437980052e-06	8
6.687375648e-06	3.455023117e-06	8
6.676931644e-06	3.472066181e-06	8
6.666487641e-06	3.489109245e-06	8
6.656043638e-06	3.50615231e-06	8
6.645599634e-06	3.523195374e-06	8
6.635155631e-06	3.540238439e-06	8
6.624711628e-06	3.557281503e-06	8
6.614267625e-06	3.574324567e-06	8
6.603823621e-06	3.591367632e-06	8
6.593379618e-06	3.608410696e-06	8
6.582935615e-06	3.625453761e-06	8
6.572491611e-06	3.642496825e-06	8
6.562047608e-06	3.659539889e-06	8
6.551603605e-06	3.676582954e-06	8
6.541159602e-06	3.693626018e-06	8
6.530715598e-06	3.710669083e-06	8
6.520271595e-06	3.727712147e-06	8
6.509827592e-06	3.744755211e-06	8
6.499383588e-06	3.761798276e-06	8
6.488939585e-06	3.77884134e-06	8
6.478495582e-06	3.795884404e-06	8
6.468051579e-06	3.812927469e-06	8
6.457607575e-06	3.829970533e-06	8
6.447163572e-06	3.847013598e-06	8
6.436719569e-06	3.864056662e-06	8
6.426275565e-06	3.881099726e-06	8
6.415831562e-06	3.898142791e-06	8
6.405387559e-06	3.915185855e-06	8
6.394943555e-06	3.93222892e-06	8
6.384499552e-06	3.949271984e-06	8
6.374055549e-06	3.966315048e-06	8
6.363611546e-06	3.983358113e-06	8
6.353167542e-06	4.000401177e-06	8
6.342723539e-06	4.017444242e-06	8
6.332279536e-06	4.034487306e-06	8
6.321835532e-06	4.05153037e-06	8
6.311391529e-06	4.068573435e-06	8
6.300947526e-06	4.085616499e-06	8
6.290503523e-06	4.102659564e-06	8
6.280059519e-06	4.119702628e-06	8
6.269615516e-06	4.136745692e-06	8
6.259171513e-06	4.153788757e-06	8
6.248727509e-06	4.170831821e-06	8
6.238283506e-06	4.187874886e-06	8
6.227839503e-06	4.20491795e-06	8
6.217395499e-06	4.221961014e-06	8
6.206951496e-06	4.239004079e-06	8
6.196507493e-06	4.256047143e-06	8
6.18606349e-06	4.273090207e-06	8
6.175619486e-06	4.290133272e-06	8
6.165175483e-06	4.307176336e-06	8
6.15473148e-06	4.324219401e-06	8
6.144287476e-06	4.341262465e-06	8
6.133843473e-06	4.358305529e-06	8
6.12339947e-06	4.375348594e-06	8
6.112955467e-06	4.392391658e-06	8
6.102511463e-06	4.409434723e-06	8
6.09206746e-06	4.426477787e-06	8
6.081623457e-06	4.443520851e-06	8
6.071179453e-06	4.460563916e-06	8
6.06073545e-06	4.47760698e-06	8
6.050291447e-06	4.494650045e-06	8
6.039847444e-06	4.511693109e-06	8
6.02940344e-06	4.528736173e-06	8
6.02940344e-06	4.528736173e-06	0
6.037296644e-06	4.510469733e-06	0
6.045189847e-06	4.492203292e-06	0
6.05308305e-06	4.473936851e-06	0
6.060976253e-06	4.45567041e-06	0
6.068869457e-06	4.43740397e-06	0
6.07676266e-06	4.419137529e-06	0
6.084655863e-06	4.400871088e-06	0
6.092549067e-06	4.382604647e-06	0
6.10044227e-06	4.364338207e-06	0
6.108335473e-06	4.346071766e-06	0
6.116228676e-06	4.327805325e-06	0
6.12412188e-06	4.309538885e-06	0
6.132015083e-06	4.291272444e-06	0
6.139908286e-06	4.273006003e-06	0
6.14780149e-06	4.254739562e-06	0
6.155694693e-06	4.236473122e-06	0
6.163587896e-06	4.218206681e-06	0
6.171481099e-06	4.19994024e-06	0
6.179374303e-06	4.181673799e-06	0
6.187267506e-06	4.163407359e-06	0
6.195160709e-06	4.145140918e-06	0
6.203053913e-06	4.126874477e-06	0
6.210947116e-06	4.108608036e-06	0
6.218840319e-06	4.090341596e-06	0
6.226733522e-06	4.072075155e-06	0
6.234626726e-06	4.053808714e-06	0
6.242519929e-06	4.035542274e-06	0
6.250413132e-06	4.017275833e-06	0
6.258306336e-06	3.999009392e-06	0
6.266199539e-06	3.980742951e-06	0
6.274092742e-06	3.962476511e-06	0
6.281985945e-06	3.94421007e-06	0
6.289879149e-06	3.925943629e-06	0
6.297772352e-06	3.907677188e-06	0
6.305665555e-06	3.889410748e-06	0
6.313558759e-06	3.871144307e-06	0
6.321451962e-06	3.852877866e-06	0
6.329345165e-06	3.834611425e-06	0
6.337238368e-06	3.816344985e-06	0
6.345131572e-06	3.798078544e-06	0
6.353024775e-06	3.779812103e-06	0
6.360917978e-06	3.761545663e-06	0
6.368811182e-06	3.743279222e-06	0
6.376704385e-06	3.725012781e-06	0
6.384597588e-06	3.70674634e-06	0
6.392490792e-06	3.6884799e-06	0
6.400383995e-06	3.670213459e-06	0
6.408277198e-06	3.651947018e-06	0
6.416170401e-06	3.633680577e-06	0
6.424063605e-06	3.615414137e-06	0
6.431956808e-06	3.597147696e-06	0
6.439850011e-06	3.578881255e-06	0
6.447743215e-06	3.560614814e-06	0
6.455636418e-06	3.542348374e-06	0
6.463529621e-06	3.524081933e-06	0
6.471422824e-06	3.505815492e-06	0
6.479316028e-06	3.487549051e-06	0
6.487209231e-06	3.469282611e-06	0
6.495102434e-06	3.45101617e-06	0
6.502995638e-06	3.432749729e-06	0
6.510888841e-06	3.414483289e-06	0
6.518782044e-06	3.396216848e-06	0
6.526675247e-06	3.377950407e-06	0
6.534568451e-06	3.359683966e-06	0
6.542461654e-06	3.341417526e-06	0
6.550354857e-06	3.323151085e-06	0
6.558248061e-06	3.304884644e-06	0
6.566141264e-06	3.286618203e-06	0
6.574034467e-06	3.268351763e-06	0
6.574034467e-06	3.268351763e-06	-8
6.563590464e-06	3.285394827e-06	-8
6.553146461e-06	3.302437891e-06	-8
6.542702457e-06	3.319480956e-06	-8
6.532258454e-06	3.33652402e-06	-8
6.521814451e-06	3.353567085e-06	-8
6.511370447e-06	3.370610149e-06	-8
6.500926444e-06	3.387653213e-06	-8
6.490482441e-06	3.404696278e-06	-8
6.480038438e-06	3.421739342e-06	-8
6.469594434e-06	3.438782407e-06	-8
6.459150431e-06	3.455825471e-06	-8
6.448706428e-06	3.472868535e-06	-8
6.438262424e-06	3.4899116e-06	-8
6.427818421e-06	3.506954664e-06	-8
6.417374418e-06	3.523997729e-06	-8
6.406930414e-06	3.541040793e-06	-8
6.396486411e-06	3.558083857e-06	-8
6.386042408e-06	3.575126922e-06	-8
6.375598405e-06	3.592169986e-06	-8
6.365154401e-06	3.609213051e-06	-8
6.354710398e-06	3.626256115e-06	-8
6.344266395e-06	3.643299179e-06	-8
6.333822391e-06	3.660342244e-06	-8
6.323378388e-06	3.677385308e-06	-8
6.312934385e-06	3.694428372e-06	-8
6.302490382e-06	3.711471437e-06	-8
6.292046378e-06	3.728514501e-06	-8
6.281602375e-06	3.745557566e-06	-8
6.271158372e-06	3.76260063e-06	-8
6.260714368e-06	3.779643694e-06	-8
6.250270365e-06	3.796686759e-06	-8
6.239826362e-06	3.813729823e-06	-8
6.229382359e-06	3.830772888e-06	-8
6.218938355e-06	3.847815952e-06	-8
6.208494352e-06	3.864859016e-06	-8
6.198050349e-06	3.881902081e-06	-8
6.187606345e-06	3.898945145e-06	-8
6.177162342e-06	3.91598821e-06	-8
6.166718339e-06	3.933031274e-06	-8
6.156274335e-06	3.950074338e-06	-8
6.145830332e-06	3.967117403e-06	-8
6.135386329e-06	3.984160467e-06	-8
6.124942326e-06	4.001203532e-06	-8
6.114498322e-06	4.018246596e-06	-8
6.104054319e-06	4.03528966e-06	-8
6.093610316e-06	4.052332725e-06	-8
6.083166312e-06	4.069375789e-06	-8
6.072722309e-06	4.086418854e-06	-8
6.062278306e-06	4.103461918e-06	-8
6.051834303e-06	4.120504982e-06	-8
6.041390299e-06	4.137548047e-06	-8
6.030946296e-06	4.154591111e-06	-8
6.020502293e-06	4.171634175e-06	-8
6.010058289e-06	4.18867724e-06	-8
5.999614286e-06	4.205720304e-06	-8
5.989170283e-06	4.222763369e-06	-8
5.978726279e-06	4.239806433e-06	-8
5.968282276e-06	4.256849497e-06	-8
5.957838273e-06	4.273892562e-06	-8
5.94739427e-06	4.290935626e-06	-8
5.936950266e-06	4.307978691e-06	-8
5.926506263e-06	4.325021755e-06	-8
5.91606226e-06	4.342064819e-06	-8
5.905618256e-06	4.359107884e-06	-8
5.895174253e-06	4.376150948e-06	-8
5.88473025e-06	4.393194013e-06	-8
5.874286247e-06	4.410237077e-06	-8
5.863842243e-06	4.427280141e-06	-8
5.863842243e-06	4.427280141e-06	0
5.871735447e-06	4.409013701e-06	0
5.87962865e-06	4.39074726e-06	0
5.887521853e-06	4.372480819e-06	0
5.895415056e-06	4.354214378e-06	0
5.90330826e-06	4.335947938e-06	0
5.911201463e-06	4.317681497e-06	0
5.919094666e-06	4.299415056e-06	0
5.92698787e-06	4.281148616e-06	0
5.934881073e-06	4.262882175e-06	0
5.942774276e-06	4.244615734e-06	0
5.950667479e-06	4.226349293e-06	0
5.958560683e-06	4.208082853e-06	0
5.966453886e-06	4.189816412e-06	0
5.974347089e-06	4.171549971e-06	0
5.982240293e-06	4.15328353e-06	0
5.990133496e-06	4.13501709e-06	0
5.998026699e-06	4.116750649e-06	0
6.005919902e-06	4.098484208e-06	0
6.013813106e-06	4.080217767e-06	0
6.021706309e-06	4.061951327e-06	0
6.029599512e-06	4.043684886e-06	0
6.037492716e-06	4.025418445e-06	0
6.045385919e-06	4.007152004e-06	0
6.053279122e-06	3.988885564e-06	0
6.061172325e-06	3.970619123e-06	0
6.069065529e-06	3.952352682e-06	0
6.076958732e-06	3.934086242e-06	0
6.084851935e-06	3.915819801e-06	0
6.092745139e-06	3.89755336e-06	0
6.100638342e-06	3.879286919e-06	0
6.108531545e-06	3.861020479e-06	0
6.116424749e-06	3.842754038e-06	0
6.124317952e-06	3.824487597e-06	0
6.132211155e-06	3.806221156e-06	0
6.140104358e-06	3.787954716e-06	0
6.147997562e-06	3.769688275e-06	0
6.155890765e-06	3.751421834e-06	0
6.163783968e-06	3.733155393e-06	0
6.171677172e-06	3.714888953e-06	0
6.179570375e-06	3.696622512e-06	0
6.187463578e-06	3.678356071e-06	0
6.195356781e-06	3.660089631e-06	0
6.203249985e-06	3.64182319e-06	0
6.211143188e-06	3.623556749e-06	0
6.219036391e-06	3.605290308e-06	0
6.226929595e-06	3.587023868e-06	0
6.234822798e-06	3.568757427e-06	0
6.242716001e-06	3.550490986e-06	0
6.250609204e-06	3.532224545e-06	0
6.258502408e-06	3.513958105e-06	0
6.266395611e-06	3.495691664e-06	0
6.274288814e-06	3.477425223e-06	0
6.282182018e-06	3.459158782e-06	0
6.290075221e-06	3.440892342e-06	0
6.297968424e-06	3.422625901e-06	0
6.305861627e-06	3.40435946e-06	0
6.313754831e-06	3.386093019e-06	0
6.321648034e-06	3.367826579e-06	0
6.329541237e-06	3.349560138e-06	0
6.337434441e-06	3.331293697e-06	0
6.345327644e-06	3.313027257e-06	0
6.353220847e-06	3.294760816e-06	0
6.36111405e-06	3.276494375e-06	0
6.369007254e-06	3.258227934e-06	0
6.376900457e-06	3.239961494e-06	0
6.38479366e-06	3.221695053e-06	0
6.392686864e-06	3.203428612e-06	0
6.400580067e-06	3.185162171e-06	0
6.40847327e-06	3.166895731e-06	0
6.40847327e-06	3.166895731e-06	8
6.398029267e-06	3.183938795e-06	8
6.387585264e-06	3.200981859e-06	8
6.37714126e-06	3.218024924e-06	8
6.366697257e-06	3.235067988e-06	8
6.356253254e-06	3.252111053e-06	8
6.34580925e-06	3.269154117e-06	8
6.335365247e-06	3.286197181e-06	8
6.324921244e-06	3.303240246e-06	8
6.314477241e-06	3.32028331e-06	8
6.304033237e-06	3.337326375e-06	8
6.293589234e-06	3.354369439e-06	8
6.283145231e-06	3.371412503e-06	8
6.272701227e-06	3.388455568e-06	8
6.262257224e-06	3.405498632e-06	8
6.251813221e-06	3.422541697e-06	8
6.241369218e-06	3.439584761e-06	8
6.230925214e-06	3.456627825e-06	8
6.220481211e-06	3.47367089e-06	8
6.210037208e-06	3.490713954e-06	8
6.199593204e-06	3.507757019e-06	8
6.189149201e-06	3.524800083e-06	8
6.178705198e-06	3.541843147e-06	8
6.168261194e-06	3.558886212e-06	8
6.157817191e-06	3.575929276e-06	8
6.147373188e-06	3.592972341e-06	8
6.136929185e-06	3.610015405e-06	8
6.126485181e-06	3.627058469e-06	8
6.116041178e-06	3.644101534e-06	8
6.105597175e-06	3.661144598e-06	8
6.095153171e-06	3.678187662e-06	8
6.084709168e-06	3.695230727e-06	8
6.074265165e-06	3.712273791e-06	8
6.063821162e-06	3.729316856e-06	8
6.053377158e-06	3.74635992e-06	8
6.042933155e-06	3.763402984e-06	8
6.032489152e-06	3.780446049e-06	8
6.022045148e-06	3.797489113e-06	8
6.011601145e-06	3.814532178e-06	8
6.001157142e-06	3.831575242e-06	8
5.990713138e-06	3.848618306e-06	8
5.980269135e-06	3.865661371e-06	8
5.969825132e-06	3.882704435e-06	8
5.959381129e-06	3.8997475e-06	8
5.948937125e-06	3.916790564e-06	8
5.938493122e-06	3.933833628e-06	8
5.928049119e-06	3.950876693e-06	8
5.917605115e-06	3.967919757e-06	8
5.907161112e-06	3.984962822e-06	8
5.896717109e-06	4.002005886e-06	8
5.886273106e-06	4.01904895e-06	8
5.875829102e-06	4.036092015e-06	8
5.865385099e-06	4.053135079e-06	8
5.854941096e-06	4.070178144e-06	8
5.844497092e-06	4.087221208e-06	8
5.834053089e-06	4.104264272e-06	8
5.823609086e-06	4.121307337e-06	8
5.813165083e-06	4.138350401e-06	8
5.802721079e-06	4.155393465e-06	8
5.792277076e-06	4.17243653e-06	8
5.781833073e-06	4.189479594e-06	8
5.771389069e-06	4.206522659e-06	8
5.760945066e-06	4.223565723e-06	8
5.750501063e-06	4.240608787e-06	8
5.740057059e-06	4.257651852e-06	8
5.729613056e-06	4.274694916e-06	8
5.719169053e-06	4.291737981e-06	8
5.70872505e-06	4.308781045e-06	8
5.698281046e-06	4.325824109e-06	8
5.698281046e-06	4.325824109e-06	0
5.70617425e-06	4.307557669e-06	0
5.714067453e-06	4.289291228e-06	0
5.721960656e-06	4.271024787e-06	0
5.729853859e-06	4.252758346e-06	0
5.737747063e-06	4.234491906e-06	0
5.745640266e-06	4.216225465e-06	0
5.753533469e-06	4.197959024e-06	0
5.761426673e-06	4.179692584e-06	0
5.769319876e-06	4.161426143e-06	0
5.777213079e-06	4.143159702e-06	0
5.785106282e-06	4.124893261e-06	0
5.792999486e-06	4.106626821e-06	0
5.800892689e-06	4.08836038e-06	0
5.808785892e-06	4.070093939e-06	0
5.816679096e-06	4.051827498e-06	0
5.824572299e-06	4.033561058e-06	0
5.832465502e-06	4.015294617e-06	0
5.840358706e-06	3.997028176e-06	0
5.848251909e-06	3.978761735e-06	0
5.856145112e-06	3.960495295e-06	0
5.864038315e-06	3.942228854e-06	0
5.871931519e-06	3.923962413e-06	0
5.879824722e-06	3.905695973e-06	0
5.887717925e-06	3.887429532e-06	0
5.895611129e-06	3.869163091e-06	0
5.903504332e-06	3.85089665e-06	0
5.911397535e-06	3.83263021e-06	0
5.919290738e-06	3.814363769e-06	0
5.927183942e-06	3.796097328e-06	0
5.935077145e-06	3.777830887e-06	0
5.942970348e-06	3.759564447e-06	0
5.950863552e-06	3.741298006e-06	0
5.958756755e-06	3.723031565e-06	0
5.966649958e-06	3.704765124e-06	0
5.974543161e-06	3.686498684e-06	0
5.982436365e-06	3.668232243e-06	0
5.990329568e-06	3.649965802e-06	0
5.998222771e-06	3.631699361e-06	0
6.006115975e-06	3.613432921e-06	0
6.014009178e-06	3.59516648e-06	0
6.021902381e-06	3.576900039e-06	0
6.029795584e-06	3.558633599e-06	0
6.037688788e-06	3.540367158e-06	0
6.045581991e-06	3.522100717e-06	0
6.053475194e-06	3.503834276e-06	0
6.061368398e-06	3.485567836e-06	0
6.069261601e-06	3.467301395e-06	0
6.077154804e-06	3.449034954e-06	0
6.085048007e-06	3.430768513e-06	0
6.092941211e-06	3.412502073e-06	0
6.100834414e-06	3.394235632e-06	0
6.108727617e-06	3.375969191e-06	0
6.116620821e-06	3.35770275e-06	0
6.124514024e-06	3.33943631e-06	0
6.132407227e-06	3.321169869e-06	0
6.14030043e-06	3.302903428e-06	0
6.148193634e-06	3.284636988e-06	0
6.156086837e-06	3.266370547e-06	0
6.16398004e-06	3.248104106e-06	0
6.171873244e-06	3.229837665e-06	0
6.179766447e-06	3.211571225e-06	0
6.18765965e-06	3.193304784e-06	0
6.195552853e-06	3.175038343e-06	0
6.203446057e-06	3.156771902e-06	0
6.21133926e-06	3.138505462e-06	0
6.219232463e-06	3.120239021e-06	0
6.227125667e-06	3.10197258e-06	0
6.23501887e-06	3.083706139e-06	0
6.242912073e-06	3.065439699e-06	0
6.242912073e-06	3.065439699e-06	-8
6.23246807e-06	3.082482763e-06	-8
6.222024067e-06	3.099525827e-06	-8
6.211580063e-06	3.116568892e-06	-8
6.20113606e-06	3.133611956e-06	-8
6.190692057e-06	3.150655021e-06	-8
6.180248053e-06	3.167698085e-06	-8
6.16980405e-06	3.184741149e-06	-8
6.159360047e-06	3.201784214e-06	-8
6.148916044e-06	3.218827278e-06	-8
6.13847204e-06	3.235870343e-06	-8
6.128028037e-06	3.252913407e-06	-8
6.117584034e-06	3.269956471e-06	-8
6.10714003e-06	3.286999536e-06	-8
6.096696027e-06	3.3040426e-06	-8
6.086252024e-06	3.321085665e-06	-8
6.075808021e-06	3.338128729e-06	-8
6.065364017e-06	3.355171793e-06	-8
6.054920014e-06	3.372214858e-06	-8
6.044476011e-06	3.389257922e-06	-8
6.034032007e-06	3.406300987e-06	-8
6.023588004e-06	3.423344051e-06	-8
6.013144001e-06	3.440387115e-06	-8
6.002699998e-06	3.45743018e-06	-8
5.992255994e-06	3.474473244e-06	-8
5.981811991e-06	3.491516309e-06	-8
5.971367988e-06	3.508559373e-06	-8
5.960923984e-06	3.525602437e-06	-8
5.950479981e-06	3.542645502e-06	-8
5.940035978e-06	3.559688566e-06	-8
5.929591974e-06	3.57673163e-06	-8
5.919147971e-06	3.593774695e-06	-8
5.908703968e-06	3.610817759e-06	-8
5.898259965e-06	3.627860824e-06	-8
5.887815961e-06	3.644903888e-06	-8
5.877371958e-06	3.661946952e-06	-8
5.866927955e-06	3.678990017e-06	-8
5.856483951e-06	3.696033081e-06	-8
5.846039948e-06	3.713076146e-06	-8
5.835595945e-06	3.73011921e-06	-8
5.825151942e-06	3.747162274e-06	-8
5.814707938e-06	3.764205339e-06	-8
5.804263935e-06	3.781248403e-06	-8
5.793819932e-06	3.798291468e-06	-8
5.783375928e-06	3.815334532e-06	-8
5.772931925e-06	3.832377596e-06	-8
5.762487922e-06	3.849420661e-06	-8
5.752043918e-06	3.866463725e-06	-8
5.741599915e-06	3.88350679e-06	-8
5.731155912e-06	3.900549854e-06	-8
5.720711909e-06	3.917592918e-06	-8
5.710267905e-06	3.934635983e-06	-8
5.699823902e-06	3.951679047e-06	-8
5.689379899e-06	3.968722112e-06	-8
5.678935895e-06	3.985765176e-06	-8
5.668491892e-06	4.00280824e-06	-8
5.658047889e-06	4.019851305e-06	-8
5.647603886e-06	4.036894369e-06	-8
5.637159882e-06	4.053937433e-06	-8
5.626715879e-06	4.070980498e-06	-8
5.616271876e-06	4.088023562e-06	-8
5.605827872e-06	4.105066627e-06	-8
5.595383869e-06	4.122109691e-06	-8
5.584939866e-06	4.139152755e-06	-8
5.574495863e-06	4.15619582e-06	-8
5.564051859e-06	4.173238884e-06	-8
5.553607856e-06	4.190281949e-06	-8
5.543163853e-06	4.207325013e-06	-8
5.532719849e-06	4.224368077e-06	-8
5.532719849e-06	4.224368077e-06	0
5.513770302e-06	4.230651586e-06	0
5.494820755e-06	4.236935095e-06	0
5.475871208e-06	4.243218604e-06	0
5.456921661e-06	4.249502112e-06	0
5.437972113e-06	4.255785621e-06	0
5.419022566e-06	4.26206913e-06	0
5.400073019e-06	4.268352639e-06	0
5.381123472e-06	4.274636147e-06	0
5.362173925e-06	4.280919656e-06	0
5.343224378e-06	4.287203165e-06	0
5.32427483e-06	4.293486674e-06	0
5.305325283e-06	4.299770182e-06	0
5.286375736e-06	4.306053691e-06	0
5.267426189e-06	4.3123372e-06	0
5.248476642e-06	4.318620708e-06	0
5.229527095e-06	4.324904217e-06	0
5.210577547e-06	4.331187726e-06	0
5.191628e-06	4.337471235e-06	0
5.172678453e-06	4.343754743e-06	0
5.153728906e-06	4.350038252e-06	0
5.134779359e-06	4.356321761e-06	0
5.115829811e-06	4.36260527e-06	0
5.096880264e-06	4.368888778e-06	0
5.077930717e-06	4.375172287e-06	0
5.05898117e-06	4.381455796e-06	0
5.040031623e-06	4.387739305e-06	0
5.021082076e-06	4.394022813e-06	0
5.002132528e-06	4.400306322e-06	0
4.983182981e-06	4.406589831e-06	0
4.964233434e-06	4.41287334e-06	0
4.945283887e-06	4.419156848e-06	0
4.92633434e-06	4.425440357e-06	0
4.907384793e-06	4.431723866e-06	0
4.888435245e-06	4.438007375e-06	0
4.869485698e-06	4.444290883e-06	0
4.850536151e-06	4.450574392e-06	0
4.831586604e-06	4.456857901e-06	0
4.812637057e-06	4.463141409e-06	0
4.793687509e-06	4.469424918e-06	0
4.774737962e-06	4.475708427e-06	0
4.755788415e-06	4.481991936e-06	0
4.736838868e-06	4.488275444e-06	0
4.717889321e-06	4.494558953e-06	0
4.698939774e-06	4.500842462e-06	0
4.679990226e-06	4.507125971e-06	0
4.661040679e-06	4.513409479e-06	0
4.642091132e-06	4.519692988e-06	0
4.623141585e-06	4.525976497e-06	0
4.604192038e-06	4.532260006e-06	0
4.585242491e-06	4.538543514e-06	0
4.566292943e-06	4.544827023e-06	0
4.547343396e-06	4.551110532e-06	0
4.528393849e-06	4.557394041e-06	0
4.509444302e-06	4.563677549e-06	0
4.490494755e-06	4.569961058e-06	0
4.471545207e-06	4.576244567e-06	0
4.45259566e-06	4.582528076e-06	0
4.433646113e-06	4.588811584e-06	0
4.414696566e-06	4.595095093e-06	0
4.395747019e-06	4.601378602e-06	0
4.376797472e-06	4.60766211e-06	0
4.357847924e-06	4.613945619e-06	0
4.338898377e-06	4.620229128e-06	0
4.31994883e-06	4.626512637e-06	0
4.300999283e-06	4.632796145e-06	0
4.282049736e-06	4.639079654e-06	0
4.263100188e-06	4.645363163e-06	0
4.244150641e-06	4.651646672e-06	0
4.225201094e-06	4.65793018e-06	0
4.206251547e-06	4.664213689e-06	0
4.187302e-06	4.670497198e-06	0
4.168352453e-06	4.676780707e-06	0
4.149402905e-06	4.683064215e-06	0
4.130453358e-06	4.689347724e-06	0
4.111503811e-06	4.695631233e-06	0
4.092554264e-06	4.701914742e-06	0
4.073604717e-06	4.70819825e-06	0
4.05465517e-06	4.714481759e-06	0
4.035705622e-06	4.720765268e-06	0
4.016756075e-06	4.727048776e-06	0
3.997806528e-06	4.733332285e-06	0
3.978856981e-06	4.739615794e-06	0
3.959907434e-06	4.745899303e-06	0
3.940957886e-06	4.752182811e-06	0
3.922008339e-06	4.75846632e-06	0
3.903058792e-06	4.764749829e-06	0
3.884109245e-06	4.771033338e-06	0
3.865159698e-06	4.777316846e-06	0
3.846210151e-06	4.783600355e-06	0
3.827260603e-06	4.789883864e-06	0
3.808311056e-06	4.796167373e-06	0
3.789361509e-06	4.802450881e-06	0
3.770411962e-06	4.80873439e-06	0
3.751462415e-06	4.815017899e-06	0
3.732512868e-06	4.821301408e-06	0
3.71356332e-06	4.827584916e-06	0
3.694613773e-06	4.833868425e-06	0
3.675664226e-06	4.840151934e-06	0
3.656714679e-06	4.846435443e-06	0
3.637765132e-06	4.852718951e-06	0
3.618815584e-06	4.85900246e-06	0
3.599866037e-06	4.865285969e-06	0
3.58091649e-06	4.871569477e-06	0
3.561966943e-06	4.877852986e-06	0
3.543017396e-06	4.884136495e-06	0
3.524067849e-06	4.890420004e-06	0
3.505118301e-06	4.896703512e-06	0
3.486168754e-06	4.902987021e-06	0
3.467219207e-06	4.90927053e-06	0
3.44826966e-06	4.915554039e-06	0
3.429320113e-06	4.921837547e-06	0
3.410370566e-06	4.928121056e-06	0
3.391421018e-06	4.934404565e-06	0
3.372471471e-06	4.940688074e-06	0
3.353521924e-06	4.946971582e-06	0
3.334572377e-06	4.953255091e-06	0
3.31562283e-06	4.9595386e-06	0
3.296673282e-06	4.965822109e-06	0
3.277723735e-06	4.972105617e-06	0
3.258774188e-06	4.978389126e-06	0
3.239824641e-06	4.984672635e-06	0
3.220875094e-06	4.990956144e-06	0
3.201925547e-06	4.997239652e-06	0
3.182975999e-06	5.003523161e-06	0
3.164026452e-06	5.00980667e-06	0
3.145076905e-06	5.016090178e-06	0
3.126127358e-06	5.022373687e-06	0
3.107177811e-06	5.028657196e-06	0
3.088228264e-06	5.034940705e-06	0
3.069278716e-06	5.041224213e-06	0
3.050329169e-06	5.047507722e-06	0
3.031379622e-06	5.053791231e-06	0
3.012430075e-06	5.06007474e-06	0
2.993480528e-06	5.066358248e-06	0
2.97453098e-06	5.072641757e-06	0
2.955581433e-06	5.078925266e-06	0
2.936631886e-06	5.085208775e-06	0
2.917682339e-06	5.091492283e-06	0
2.898732792e-06	5.097775792e-06	0
2.879783245e-06	5.104059301e-06	0
2.860833697e-06	5.11034281e-06	0
2.84188415e-06	5.116626318e-06	0
2.822934603e-06	5.122909827e-06	0
2.803985056e-06	5.129193336e-06	0
2.785035509e-06	5.135476844e-06	0
2.766085962e-06	5.141760353e-06	0
2.747136414e-06	5.148043862e-06	0
2.728186867e-06	5.154327371e-06	0
2.70923732e-06	5.160610879e-06	0
2.690287773e-06	5.166894388e-06	0
2.671338226e-06	5.173177897e-06	0
2.652388678e-06	5.179461406e-06	0
2.633439131e-06	5.185744914e-06	0
2.614489584e-06	5.192028423e-06	0
2.595540037e-06	5.198311932e-06	0
2.57659049e-06	5.204595441e-06	0
2.557640943e-06	5.210878949e-06	0
2.538691395e-06	5.217162458e-06	0
2.519741848e-06	5.223445967e-06	0
2.500792301e-06	5.229729476e-06	0
2.481842754e-06	5.236012984e-06	0
2.462893207e-06	5.242296493e-06	0
2.44394366e-06	5.248580002e-06	0
2.424994112e-06	5.254863511e-06	0
2.406044565e-06	5.261147019e-06	0
2.387095018e-06	5.267430528e-06	0
2.368145471e-06	5.273714037e-06	0
2.349195924e-06	5.279997545e-06	0
2.330246376e-06	5.286281054e-06	0
2.311296829e-06	5.292564563e-06	0
2.292347282e-06	5.298848072e-06	0
2.273397735e-06	5.30513158e-06	0
2.254448188e-06	5.311415089e-06	0
2.235498641e-06	5.317698598e-06	0
2.216549093e-06	5.323982107e-06	0
2.197599546e-06	5.330265615e-06	0
2.178649999e-06	5.336549124e-06	0
2.159700452e-06	5.342832633e-06	0
2.140750905e-06	5.349116142e-06	0
2.121801358e-06	5.35539965e-06	0
2.10285181e-06	5.361683159e-06	0
2.083902263e-06	5.367966668e-06	0
2.064952716e-06	5.374250177e-06	0
2.046003169e-06	5.380533685e-06	0
2.027053622e-06	5.386817194e-06	0
2.008104074e-06	5.393100703e-06	0
1.989154527e-06	5.399384212e-06	0
1.97020498e-06	5.40566772e-06	0
1.951255433e-06	5.411951229e-06	0
1.932305886e-06	5.418234738e-06	0
1.913356339e-06	5.424518246e-06	0
1.894406791e-06	5.430801755e-06	0
1.875457244e-06	5.437085264e-06	0
1.856507697e-06	5.443368773e-06	0
1.83755815e-06	5.449652281e-06	0
1.818608603e-06	5.45593579e-06	0
1.799659056e-06	5.462219299e-06	0
1.780709508e-06	5.468502808e-06	0
1.761759961e-06	5.474786316e-06	0
1.742810414e-06	5.481069825e-06	0
1.723860867e-06	5.487353334e-06	0
1.70491132e-06	5.493636843e-06	0
1.685961772e-06	5.499920351e-06	0
1.667012225e-06	5.50620386e-06	0
1.648062678e-06	5.512487369e-06	0
1.629113131e-06	5.518770878e-06	0
1.610163584e-06	5.525054386e-06	0
1.591214037e-06	5.531337895e-06	0
1.572264489e-06	5.537621404e-06	0
1.553314942e-06	5.543904912e-06	0
1.534365395e-06	5.550188421e-06	0
1.515415848e-06	5.55647193e-06	0
1.496466301e-06	5.562755439e-06	0
1.477516754e-06	5.569038947e-06	0
1.458567206e-06	5.575322456e-06	0
1.439617659e-06	5.581605965e-06	0
1.420668112e-06	5.587889474e-06	0
1.401718565e-06	5.594172982e-06	0
1.382769018e-06	5.600456491e-06	0
1.36381947e-06	5.60674e-06	0
1.344869923e-06	5.613023509e-06	0
1.325920376e-06	5.619307017e-06	0
1.306970829e-06	5.625590526e-06	0
1.288021282e-06	5.631874035e-06	0
1.269071735e-06	5.638157544e-06	0
1.250122187e-06	5.644441052e-06	0
1.23117264e-06	5.650724561e-06	0
1.212223093e-06	5.65700807e-06	0
1.193273546e-06	5.663291579e-06	0
1.174323999e-06	5.669575087e-06	0
1.155374451e-06	5.675858596e-06	0
1.136424904e-06	5.682142105e-06	0
1.117475357e-06	5.688425613e-06	0
1.09852581e-06	5.694709122e-06	0
1.079576263e-06	5.700992631e-06	0
1.060626716e-06	5.70727614e-06	0
1.041677168e-06	5.713559648e-06	0
1.022727621e-06	5.719843157e-06	0
1.003778074e-06	5.726126666e-06	0
9.848285269e-07	5.732410175e-06	0
9.658789797e-07	5.738693683e-06	0
9.469294326e-07	5.744977192e-06	0
9.279798854e-07	5.751260701e-06	0
9.090303382e-07	5.75754421e-06	0
8.90080791e-07	5.763827718e-06	0
8.711312438e-07	5.770111227e-06	0
8.711312438e-07	5.770111227e-06	8
8.911129722e-07	5.770634467e-06	8
9.110947006e-07	5.771157707e-06	8
9.310764289e-07	5.771680947e-06	8
9.510581573e-07	5.772204187e-06	8
9.710398857e-07	5.772727427e-06	8
9.910216141e-07	5.773250667e-06	8
1.011003342e-06	5.773773907e-06	8
1.030985071e-06	5.774297147e-06	8
1.050966799e-06	5.774820387e-06	8
1.070948528e-06	5.775343627e-06	8
1.090930256e-06	5.775866867e-06	8
1.110911984e-06	5.776390107e-06	8
1.130893713e-06	5.776913347e-06	8
1.150875441e-06	5.777436587e-06	8
1.170857169e-06	5.777959827e-06	8
1.190838898e-06	5.778483067e-06	8
1.210820626e-06	5.779006307e-06	8
1.230802354e-06	5.779529547e-06	8
1.250784083e-06	5.780052787e-06	8
1.270765811e-06	5.780576027e-06	8
1.29074754e-06	5.781099266e-06	8
1.310729268e-06	5.781622506e-06	8
1.330710996e-06	5.782145746e-06	8
1.350692725e-06	5.782668986e-06	8
1.370674453e-06	5.783192226e-06	8
1.390656181e-06	5.783715466e-06	8
1.41063791e-06	5.784238706e-06	8
1.430619638e-06	5.784761946e-06	8
1.450601367e-06	5.785285186e-06	8
1.470583095e-06	5.785808426e-06	8
1.490564823e-06	5.786331666e-06	8
1.510546552e-06	5.786854906e-06	8
1.53052828e-06	5.787378146e-06	8
1.550510008e-06	5.787901386e-06	8
1.570491737e-06	5.788424626e-06	8
1.590473465e-06	5.788947866e-06	8
1.610455193e-06	5.789471106e-06	8
1.630436922e-06	5.789994346e-06	8
1.65041865e-06	5.790517586e-06	8
1.670400379e-06	5.791040826e-06	8
1.690382107e-06	5.791564066e-06	8
1.710363835e-06	5.792087306e-06	8
1.730345564e-06	5.792610546e-06	8
1.750327292e-06	5.793133786e-06	8
1.77030902e-06	5.793657026e-06	8
1.790290749e-06	5.794180266e-06	8
1.810272477e-06	5.794703506e-06	8
1.830254206e-06	5.795226746e-06	8
1.850235934e-06	5.795749986e-06	8
1.870217662e-06	5.796273226e-06	8
1.890199391e-06	5.796796466e-06	8
1.910181119e-06	5.797319706e-06	8
1.930162847e-06	5.797842946e-06	8
1.950144576e-06	5.798366186e-06	8
1.970126304e-06	5.798889426e-06	8
1.990108033e-06	5.799412665e-06	8
2.010089761e-06	5.799935905e-06	8
2.030071489e-06	5.800459145e-06	8
2.050053218e-06	5.800982385e-06	8
2.070034946e-06	5.801505625e-06	8
2.090016674e-06	5.802028865e-06	8
2.109998403e-06	5.802552105e-06	8
2.129980131e-06	5.803075345e-06	8
2.149961859e-06	5.803598585e-06	8
2.169943588e-06	5.804121825e-06	8
2.189925316e-06	5.804645065e-06	8
2.209907045e-06	5.805168305e-06	8
2.229888773e-06	5.805691545e-06	8
2.229888773e-06	5.805691545e-06	0
2.21012297e-06	5.807989051e-06	0
2.190357166e-06	5.810286557e-06	0
2.170591363e-06	5.812584063e-06	0
2.15082556e-06	5.814881568e-06	0
2.131059756e-06	5.817179074e-06	0
2.111293953e-06	5.81947658e-06	0
2.091528149e-06	5.821774086e-06	0
2.071762346e-06	5.824071592e-06	0
2.051996543e-06	5.826369097e-06	0
2.032230739e-06	5.828666603e-06	0
2.012464936e-06	5.830964109e-06	0
1.992699133e-06	5.833261615e-06	0
1.972933329e-06	5.835559121e-06	0
1.953167526e-06	5.837856626e-06	0
1.933401723e-06	5.840154132e-06	0
1.913635919e-06	5.842451638e-06	0
1.893870116e-06	5.844749144e-06	0
1.874104312e-06	5.84704665e-06	0
1.854338509e-06	5.849344155e-06	0
1.834572706e-06	5.851641661e-06	0
1.814806902e-06	5.853939167e-06	0
1.795041099e-06	5.856236673e-06	0
1.775275296e-06	5.858534179e-06	0
1.755509492e-06	5.860831684e-06	0
1.735743689e-06	5.86312919e-06	0
1.715977886e-06	5.865426696e-06	0
1.696212082e-06	5.867724202e-06	0
1.676446279e-06	5.870021708e-06	0
1.656680476e-06	5.872319213e-06	0
1.636914672e-06	5.874616719e-06	0
1.617148869e-06	5.876914225e-06	0
1.597383065e-06	5.879211731e-06	0
1.577617262e-06	5.881509237e-06	0
1.557851459e-06	5.883806742e-06	0
1.538085655e-06	5.886104248e-06	0
1.518319852e-06	5.888401754e-06	0
1.498554049e-06	5.89069926e-06	0
1.478788245e-06	5.892996766e-06	0
1.459022442e-06	5.895294271e-06	0
1.439256639e-06	5.897591777e-06	0
1.419490835e-06	5.899889283e-06	0
1.399725032e-06	5.902186789e-06	0
1.379959229e-06	5.904484295e-06	0
1.360193425e-06	5.9067818e-06	0
1.340427622e-06	5.909079306e-06	0
1.320661818e-06	5.911376812e-06	0
1.300896015e-06	5.913674318e-06	0
1.281130212e-06	5.915971824e-06	0
1.261364408e-06	5.918269329e-06	0
1.241598605e-06	5.920566835e-06	0
1.221832802e-06	5.922864341e-06	0
1.202066998e-06	5.925161847e-06	0
1.182301195e-06	5.927459353e-06	0
1.162535392e-06	5.929756858e-06	0
1.142769588e-06	5.932054364e-06	0
1.123003785e-06	5.93435187e-06	0
1.103237982e-06	5.936649376e-06	0
1.083472178e-06	5.938946882e-06	0
1.063706375e-06	5.941244387e-06	0
1.043940571e-06	5.943541893e-06	0
1.024174768e-06	5.945839399e-06	0
1.004408965e-06	5.948136905e-06	0
9.846431614e-07	5.950434411e-06	0
9.64877358e-07	5.952731916e-06	0
9.451115547e-07	5.955029422e-06	0
9.253457513e-07	5.957326928e-06	0
9.05579948e-07	5.959624434e-06	0
8.858141446e-07	5.96192194e-06	0
8.660483413e-07	5.964219446e-06	0
8.660483413e-07	5.964219446e-06	-8
8.860300696e-07	5.964742685e-06	-8
9.06011798e-07	5.965265925e-06	-8
9.259935264e-07	5.965789165e-06	-8
9.459752547e-07	5.966312405e-06	-8
9.659569831e-07	5.966835645e-06	-8
9.859387115e-07	5.967358885e-06	-8
1.00592044e-06	5.967882125e-06	-8
1.025902168e-06	5.968405365e-06	-8
1.045883897e-06	5.968928605e-06	-8
1.065865625e-06	5.969451845e-06	-8
1.085847353e-06	5.969975085e-06	-8
1.105829082e-06	5.970498325e-06	-8
1.12581081e-06	5.971021565e-06	-8
1.145792538e-06	5.971544805e-06	-8
1.165774267e-06	5.972068045e-06	-8
1.185755995e-06	5.972591285e-06	-8
1.205737724e-06	5.973114525e-06	-8
1.225719452e-06	5.973637765e-06	-8
1.24570118e-06	5.974161005e-06	-8
1.265682909e-06	5.974684245e-06	-8
1.285664637e-06	5.975207485e-06	-8
1.305646365e-06	5.975730725e-06	-8
1.325628094e-06	5.976253965e-06	-8
1.345609822e-06	5.976777205e-06	-8
1.36559155e-06	5.977300445e-06	-8
1.385573279e-06	5.977823685e-06	-8
1.405555007e-06	5.978346925e-06	-8
1.425536736e-06	5.978870165e-06	-8
1.445518464e-06	5.979393405e-06	-8
1.465500192e-06	5.979916645e-06	-8
1.485481921e-06	5.980439885e-06	-8
1.505463649e-06	5.980963125e-06	-8
1.525445377e-06	5.981486365e-06	-8
1.545427106e-06	5.982009605e-06	-8
1.565408834e-06	5.982532845e-06	-8
1.585390563e-06	5.983056084e-06	-8
1.605372291e-06	5.983579324e-06	-8
1.625354019e-06	5.984102564e-06	-8
1.645335748e-06	5.984625804e-06	-8
1.665317476e-06	5.985149044e-06	-8
1.685299204e-06	5.985672284e-06	-8
1.705280933e-06	5.986195524e-06	-8
1.725262661e-06	5.986718764e-06	-8
1.745244389e-06	5.987242004e-06	-8
1.765226118e-06	5.987765244e-06	-8
1.785207846e-06	5.988288484e-06	-8
1.805189575e-06	5.988811724e-06	-8
1.825171303e-06	5.989334964e-06	-8
1.845153031e-06	5.989858204e-06	-8
1.86513476e-06	5.990381444e-06	-8
1.885116488e-06	5.990904684e-06	-8
1.905098216e-06	5.991427924e-06	-8
1.925079945e-06	5.991951164e-06	-8
1.945061673e-06	5.992474404e-06	-8
1.965043402e-06	5.992997644e-06	-8
1.98502513e-06	5.993520884e-06	-8
2.005006858e-06	5.994044124e-06	-8
2.024988587e-06	5.994567364e-06	-8
2.044970315e-06	5.995090604e-06	-8
2.064952043e-06	5.995613844e-06	-8
2.084933772e-06	5.996137084e-06	-8
2.1049155e-06	5.996660324e-06	-8
2.124897229e-06	5.997183564e-06	-8
2.144878957e-06	5.997706804e-06	-8
2.164860685e-06	5.998230044e-06	-8
2.184842414e-06	5.998753284e-06	-8
2.204824142e-06	5.999276524e-06	-8
2.22480587e-06	5.999799764e-06	-8
2.22480587e-06	5.999799764e-06	0
2.205040067e-06	6.002097269e-06	0
2.185274264e-06	6.004394775e-06	0
2.16550846e-06	6.006692281e-06	0
2.145742657e-06	6.008989787e-06	0
2.125976854e-06	6.011287293e-06	0
2.10621105e-06	6.013584798e-06	0
2.086445247e-06	6.015882304e-06	0
2.066679443e-06	6.01817981e-06	0
2.04691364e-06	6.020477316e-06	0
2.027147837e-06	6.022774822e-06	0
2.007382033e-06	6.025072327e-06	0
1.98761623e-06	6.027369833e-06	0
1.967850427e-06	6.029667339e-06	0
1.948084623e-06	6.031964845e-06	0
1.92831882e-06	6.034262351e-06	0
1.908553017e-06	6.036559856e-06	0
1.888787213e-06	6.038857362e-06	0
1.86902141e-06	6.041154868e-06	0
1.849255607e-06	6.043452374e-06	0
1.829489803e-06	6.04574988e-06	0
1.809724e-06	6.048047385e-06	0
1.789958196e-06	6.050344891e-06	0
1.770192393e-06	6.052642397e-06	0
1.75042659e-06	6.054939903e-06	0
1.730660786e-06	6.057237409e-06	0
1.710894983e-06	6.059534914e-06	0
1.69112918e-06	6.06183242e-06	0
1.671363376e-06	6.064129926e-06	0
1.651597573e-06	6.066427432e-06	0
1.63183177e-06	6.068724938e-06	0
1.612065966e-06	6.071022443e-06	0
1.592300163e-06	6.073319949e-06	0
1.57253436e-06	6.075617455e-06	0
1.552768556e-06	6.077914961e-06	0
1.533002753e-06	6.080212467e-06	0
1.513236949e-06	6.082509972e-06	0
1.493471146e-06	6.084807478e-06	0
1.473705343e-06	6.087104984e-06	0
1.453939539e-06	6.08940249e-06	0
1.434173736e-06	6.091699996e-06	0
1.414407933e-06	6.093997501e-06	0
1.394642129e-06	6.096295007e-06	0
1.374876326e-06	6.098592513e-06	0
1.355110523e-06	6.100890019e-06	0
1.335344719e-06	6.103187525e-06	0
1.315578916e-06	6.10548503e-06	0
1.295813113e-06	6.107782536e-06	0
1.276047309e-06	6.110080042e-06	0
1.256281506e-06	6.112377548e-06	0
1.236515702e-06	6.114675054e-06	0
1.216749899e-06	6.11697256e-06	0
1.196984096e-06	6.119270065e-06	0
1.177218292e-06	6.121567571e-06	0
1.157452489e-06	6.123865077e-06	0
1.137686686e-06	6.126162583e-06	0
1.117920882e-06	6.128460089e-06	0
1.098155079e-06	6.130757594e-06	0
1.078389276e-06	6.1330551e-06	0
1.058623472e-06	6.135352606e-06	0
1.038857669e-06	6.137650112e-06	0
1.019091866e-06	6.139947618e-06	0
9.993260622e-07	6.142245123e-06	0
9.795602588e-07	6.144542629e-06	0
9.597944555e-07	6.146840135e-06	0
9.400286521e-07	6.149137641e-06	0
9.202628487e-07	6.151435147e-06	0
9.004970454e-07	6.153732652e-06	0
8.80731242e-07	6.156030158e-06	0
8.609654387e-07	6.158327664e-06	0
8.609654387e-07	6.158327664e-06	8
8.80947167e-07	6.158850904e-06	8
9.009288954e-07	6.159374144e-06	8
9.209106238e-07	6.159897384e-06	8
9.408923522e-07	6.160420624e-06	8
9.608740805e-07	6.160943864e-06	8
9.808558089e-07	6.161467104e-06	8
1.000837537e-06	6.161990344e-06	8
1.020819266e-06	6.162513584e-06	8
1.040800994e-06	6.163036824e-06	8
1.060782722e-06	6.163560064e-06	8
1.080764451e-06	6.164083304e-06	8
1.100746179e-06	6.164606544e-06	8
1.120727907e-06	6.165129784e-06	8
1.140709636e-06	6.165653024e-06	8
1.160691364e-06	6.166176264e-06	8
1.180673093e-06	6.166699503e-06	8
1.200654821e-06	6.167222743e-06	8
1.220636549e-06	6.167745983e-06	8
1.240618278e-06	6.168269223e-06	8
1.260600006e-06	6.168792463e-06	8
1.280581734e-06	6.169315703e-06	8
1.300563463e-06	6.169838943e-06	8
1.320545191e-06	6.170362183e-06	8
1.34052692e-06	6.170885423e-06	8
1.360508648e-06	6.171408663e-06	8
1.380490376e-06	6.171931903e-06	8
1.400472105e-06	6.172455143e-06	8
1.420453833e-06	6.172978383e-06	8
1.440435561e-06	6.173501623e-06	8
1.46041729e-06	6.174024863e-06	8
1.480399018e-06	6.174548103e-06	8
1.500380746e-06	6.175071343e-06	8
1.520362475e-06	6.175594583e-06	8
1.540344203e-06	6.176117823e-06	8
1.560325932e-06	6.176641063e-06	8
1.58030766e-06	6.177164303e-06	8
1.600289388e-06	6.177687543e-06	8
1.620271117e-06	6.178210783e-06	8
1.640252845e-06	6.178734023e-06	8
1.660234573e-06	6.179257263e-06	8
1.680216302e-06	6.179780503e-06	8
1.70019803e-06	6.180303743e-06	8
1.720179759e-06	6.180826983e-06	8
1.740161487e-06	6.181350223e-06	8
1.760143215e-06	6.181873463e-06	8
1.780124944e-06	6.182396703e-06	8
1.800106672e-06	6.182919943e-06	8
1.8200884e-06	6.183443183e-06	8
1.840070129e-06	6.183966423e-06	8
1.860051857e-06	6.184489663e-06	8
1.880033585e-06	6.185012903e-06	8
1.900015314e-06	6.185536142e-06	8
1.919997042e-06	6.186059382e-06	8
1.939978771e-06	6.186582622e-06	8
1.959960499e-06	6.187105862e-06	8
1.979942227e-06	6.187629102e-06	8
1.999923956e-06	6.188152342e-06	8
2.019905684e-06	6.188675582e-06	8
2.039887412e-06	6.189198822e-06	8
2.059869141e-06	6.189722062e-06	8
2.079850869e-06	6.190245302e-06	8
2.099832598e-06	6.190768542e-06	8
2.119814326e-06	6.191291782e-06	8
2.139796054e-06	6.191815022e-06	8
2.159777783e-06	6.192338262e-06	8
2.179759511e-06	6.192861502e-06	8
2.199741239e-06	6.193384742e-06	8
2.219722968e-06	6.193907982e-06	8
2.219722968e-06	6.193907982e-06	0
2.199957164e-06	6.196205488e-06	0
2.180191361e-06	6.198502994e-06	0
2.160425558e-06	6.200800499e-06	0
2.140659754e-06	6.203098005e-06	0
2.120893951e-06	6.205395511e-06	0
2.101128148e-06	6.207693017e-06	0
2.081362344e-06	6.209990523e-06	0
2.061596541e-06	6.212288028e-06	0
2.041830738e-06	6.214585534e-06	0
2.022064934e-06	6.21688304e-06	0
2.002299131e-06	6.219180546e-06	0
1.982533327e-06	6.221478052e-06	0
1.962767524e-06	6.223775557e-06	0
1.943001721e-06	6.226073063e-06	0
1.923235917e-06	6.228370569e-06	0
1.903470114e-06	6.230668075e-06	0
1.883704311e-06	6.232965581e-06	0
1.863938507e-06	6.235263086e-06	0
1.844172704e-06	6.237560592e-06	0
1.824406901e-06	6.239858098e-06	0
1.804641097e-06	6.242155604e-06	0
1.784875294e-06	6.24445311e-06	0
1.765109491e-06	6.246750615e-06	0
1.745343687e-06	6.249048121e-06	0
1.725577884e-06	6.251345627e-06	0
1.70581208e-06	6.253643133e-06	0
1.686046277e-06	6.255940639e-06	0
1.666280474e-06	6.258238144e-06	0
1.64651467e-06	6.26053565e-06	0
1.626748867e-06	6.262833156e-06	0
1.606983064e-06	6.265130662e-06	0
1.58721726e-06	6.267428168e-06	0
1.567451457e-06	6.269725674e-06	0
1.547685654e-06	6.272023179e-06	0
1.52791985e-06	6.274320685e-06	0
1.508154047e-06	6.276618191e-06	0
1.488388244e-06	6.278915697e-06	0
1.46862244e-06	6.281213203e-06	0
1.448856637e-06	6.283510708e-06	0
1.429090833e-06	6.285808214e-06	0
1.40932503e-06	6.28810572e-06	0
1.389559227e-06	6.290403226e-06	0
1.369793423e-06	6.292700732e-06	0
1.35002762e-06	6.294998237e-06	0
1.330261817e-06	6.297295743e-06	0
1.310496013e-06	6.299593249e-06	0
1.29073021e-06	6.301890755e-06	0
1.270964407e-06	6.304188261e-06	0
1.251198603e-06	6.306485766e-06	0
1.2314328e-06	6.308783272e-06	0
1.211666997e-06	6.311080778e-06	0
1.191901193e-06	6.313378284e-06	0
1.17213539e-06	6.31567579e-06	0
1.152369586e-06	6.317973295e-06	0
1.132603783e-06	6.320270801e-06	0
1.11283798e-06	6.322568307e-06	0
1.093072176e-06	6.324865813e-06	0
1.073306373e-06	6.327163319e-06	0
1.05354057e-06	6.329460824e-06	0
1.033774766e-06	6.33175833e-06	0
1.014008963e-06	6.334055836e-06	0
9.942431596e-07	6.336353342e-06	0
9.744773562e-07	6.338650848e-06	0
9.547115529e-07	6.340948353e-06	0
9.349457495e-07	6.343245859e-06	0
9.151799462e-07	6.345543365e-06	0
8.954141428e-07	6.347840871e-06	0
8.756483394e-07	6.350138377e-06	0
8.558825361e-07	6.352435882e-06	0
8.558825361e-07	6.352435882e-06	-8
8.758642645e-07	6.352959122e-06	-8
8.958459928e-07	6.353482362e-06	-8
9.158277212e-07	6.354005602e-06	-8
9.358094496e-07	6.354528842e-06	-8
9.557911779e-07	6.355052082e-06	-8
9.757729063e-07	6.355575322e-06	-8
9.957546347e-07	6.356098562e-06	-8
1.015736363e-06	6.356621802e-06	-8
1.035718091e-06	6.357145042e-06	-8
1.05569982e-06	6.357668282e-06	-8
1.075681548e-06	6.358191522e-06	-8
1.095663277e-06	6.358714762e-06	-8
1.115645005e-06	6.359238002e-06	-8
1.135626733e-06	6.359761242e-06	-8
1.155608462e-06	6.360284482e-06	-8
1.17559019e-06	6.360807722e-06	-8
1.195571918e-06	6.361330962e-06	-8
1.215553647e-06	6.361854202e-06	-8
1.235535375e-06	6.362377442e-06	-8
1.255517103e-06	6.362900682e-06	-8
1.275498832e-06	6.363423922e-06	-8
1.29548056e-06	6.363947162e-06	-8
1.315462289e-06	6.364470402e-06	-8
1.335444017e-06	6.364993642e-06	-8
1.355425745e-06	6.365516882e-06	-8
1.375407474e-06	6.366040122e-06	-8
1.395389202e-06	6.366563362e-06	-8
1.41537093e-06	6.367086602e-06	-8
1.435352659e-06	6.367609842e-06	-8
1.455334387e-06	6.368133082e-06	-8
1.475316116e-06	6.368656322e-06	-8
1.495297844e-06	6.369179561e-06	-8
1.515279572e-06	6.369702801e-06	-8
1.535261301e-06	6.370226041e-06	-8
1.555243029e-06	6.370749281e-06	-8
1.575224757e-06	6.371272521e-06	-8
1.595206486e-06	6.371795761e-06	-8
1.615188214e-06	6.372319001e-06	-8
1.635169942e-06	6.372842241e-06	-8
1.655151671e-06	6.373365481e-06	-8
1.675133399e-06	6.373888721e-06	-8
1.695115128e-06	6.374411961e-06	-8
1.715096856e-06	6.374935201e-06	-8
1.735078584e-06	6.375458441e-06	-8
1.755060313e-06	6.375981681e-06	-8
1.775042041e-06	6.376504921e-06	-8
1.795023769e-06	6.377028161e-06	-8
1.815005498e-06	6.377551401e-06	-8
1.834987226e-06	6.378074641e-06	-8
1.854968955e-06	6.378597881e-06	-8
1.874950683e-06	6.379121121e-06	-8
1.894932411e-06	6.379644361e-06	-8
1.91491414e-06	6.380167601e-06	-8
1.934895868e-06	6.380690841e-06	-8
1.954877596e-06	6.381214081e-06	-8
1.974859325e-06	6.381737321e-06	-8
1.994841053e-06	6.382260561e-06	-8
2.014822781e-06	6.382783801e-06	-8
2.03480451e-06	6.383307041e-06	-8
2.054786238e-06	6.383830281e-06	-8
2.074767967e-06	6.384353521e-06	-8
2.094749695e-06	6.384876761e-06	-8
2.114731423e-06	6.385400001e-06	-8
2.134713152e-06	6.385923241e-06	-8
2.15469488e-06	6.386446481e-06	-8
2.174676608e-06	6.386969721e-06	-8
2.194658337e-06	6.387492961e-06	-8
2.214640065e-06	6.3880162e-06	-8
2.214640065e-06	6.3880162e-06	0
2.194874262e-06	6.390313706e-06	0
2.175108458e-06	6.392611212e-06	0
2.155342655e-06	6.394908718e-06	0
2.135576852e-06	6.397206224e-06	0
2.115811048e-06	6.399503729e-06	0
2.096045245e-06	6.401801235e-06	0
2.076279442e-06	6.404098741e-06	0
2.056513638e-06	6.406396247e-06	0
2.036747835e-06	6.408693753e-06	0
2.016982032e-06	6.410991259e-06	0
1.997216228e-06	6.413288764e-06	0
1.977450425e-06	6.41558627e-06	0
1.957684622e-06	6.417883776e-06	0
1.937918818e-06	6.420181282e-06	0
1.918153015e-06	6.422478788e-06	0
1.898387211e-06	6.424776293e-06	0
1.878621408e-06	6.427073799e-06	0
1.858855605e-06	6.429371305e-06	0
1.839089801e-06	6.431668811e-06	0
1.819323998e-06	6.433966317e-06	0
1.799558195e-06	6.436263822e-06	0
1.779792391e-06	6.438561328e-06	0
1.760026588e-06	6.440858834e-06	0
1.740260785e-06	6.44315634e-06	0
1.720494981e-06	6.445453846e-06	0
1.700729178e-06	6.447751351e-06	0
1.680963375e-06	6.450048857e-06	0
1.661197571e-06	6.452346363e-06	0
1.641431768e-06	6.454643869e-06	0
1.621665964e-06	6.456941375e-06	0
1.601900161e-06	6.45923888e-06	0
1.582134358e-06	6.461536386e-06	0
1.562368554e-06	6.463833892e-06	0
1.542602751e-06	6.466131398e-06	0
1.522836948e-06	6.468428904e-06	0
1.503071144e-06	6.470726409e-06	0
1.483305341e-06	6.473023915e-06	0
1.463539538e-06	6.475321421e-06	0
1.443773734e-06	6.477618927e-06	0
1.424007931e-06	6.479916433e-06	0
1.404242128e-06	6.482213938e-06	0
1.384476324e-06	6.484511444e-06	0
1.364710521e-06	6.48680895e-06	0
1.344944717e-06	6.489106456e-06	0
1.325178914e-06	6.491403962e-06	0
1.305413111e-06	6.493701467e-06	0
1.285647307e-06	6.495998973e-06	0
1.265881504e-06	6.498296479e-06	0
1.246115701e-06	6.500593985e-06	0
1.226349897e-06	6.502891491e-06	0
1.206584094e-06	6.505188996e-06	0
1.186818291e-06	6.507486502e-06	0
1.167052487e-06	6.509784008e-06	0
1.147286684e-06	6.512081514e-06	0
1.127520881e-06	6.51437902e-06	0
1.107755077e-06	6.516676525e-06	0
1.087989274e-06	6.518974031e-06	0
1.06822347e-06	6.521271537e-06	0
1.048457667e-06	6.523569043e-06	0
1.028691864e-06	6.525866549e-06	0
1.00892606e-06	6.528164054e-06	0
9.89160257e-07	6.53046156e-06	0
9.693944537e-07	6.532759066e-06	0
9.496286503e-07	6.535056572e-06	0
9.298628469e-07	6.537354078e-06	0
9.100970436e-07	6.539651583e-06	0
8.903312402e-07	6.541949089e-06	0
8.705654369e-07	6.544246595e-06	0
8.507996335e-07	6.546544101e-06	0
8.507996335e-07	6.546544101e-06	8
8.707813619e-07	6.547067341e-06	8
8.907630902e-07	6.547590581e-06	8
9.107448186e-07	6.548113821e-06	8
9.30726547e-07	6.548637061e-06	8
9.507082754e-07	6.549160301e-06	8
9.706900037e-07	6.549683541e-06	8
9.906717321e-07	6.550206781e-06	8
1.01065346e-06	6.550730021e-06	8
1.030635189e-06	6.551253261e-06	8
1.050616917e-06	6.551776501e-06	8
1.070598646e-06	6.552299741e-06	8
1.090580374e-06	6.55282298e-06	8
1.110562102e-06	6.55334622e-06	8
1.130543831e-06	6.55386946e-06	8
1.150525559e-06	6.5543927e-06	8
1.170507287e-06	6.55491594e-06	8
1.190489016e-06	6.55543918e-06	8
1.210470744e-06	6.55596242e-06	8
1.230452473e-06	6.55648566e-06	8
1.250434201e-06	6.5570089e-06	8
1.270415929e-06	6.55753214e-06	8
1.290397658e-06	6.55805538e-06	8
1.310379386e-06	6.55857862e-06	8
1.330361114e-06	6.55910186e-06	8
1.350342843e-06	6.5596251e-06	8
1.370324571e-06	6.56014834e-06	8
1.390306299e-06	6.56067158e-06	8
1.410288028e-06	6.56119482e-06	8
1.430269756e-06	6.56171806e-06	8
1.450251485e-06	6.5622413e-06	8
1.470233213e-06	6.56276454e-06	8
1.490214941e-06	6.56328778e-06	8
1.51019667e-06	6.56381102e-06	8
1.530178398e-06	6.56433426e-06	8
1.550160126e-06	6.5648575e-06	8
1.570141855e-06	6.56538074e-06	8
1.590123583e-06	6.56590398e-06	8
1.610105312e-06	6.56642722e-06	8
1.63008704e-06	6.56695046e-06	8
1.650068768e-06	6.5674737e-06	8
1.670050497e-06	6.56799694e-06	8
1.690032225e-06	6.56852018e-06	8
1.710013953e-06	6.56904342e-06	8
1.729995682e-06	6.56956666e-06	8
1.74997741e-06	6.5700899e-06	8
1.769959138e-06	6.57061314e-06	8
1.789940867e-06	6.57113638e-06	8
1.809922595e-06	6.571659619e-06	8
1.829904324e-06	6.572182859e-06	8
1.849886052e-06	6.572706099e-06	8
1.86986778e-06	6.573229339e-06	8
1.889849509e-06	6.573752579e-06	8
1.909831237e-06	6.574275819e-06	8
1.929812965e-06	6.574799059e-06	8
1.949794694e-06	6.575322299e-06	8
1.969776422e-06	6.575845539e-06	8
1.989758151e-06	6.576368779e-06	8
2.009739879e-06	6.576892019e-06	8
2.029721607e-06	6.577415259e-06	8
2.049703336e-06	6.577938499e-06	8
2.069685064e-06	6.578461739e-06	8
2.089666792e-06	6.578984979e-06	8
2.109648521e-06	6.579508219e-06	8
2.129630249e-06	6.580031459e-06	8
2.149611977e-06	6.580554699e-06	8
2.169593706e-06	6.581077939e-06	8
2.189575434e-06	6.581601179e-06	8
2.209557163e-06	6.582124419e-06	8
2.209557163e-06	6.582124419e-06	0
2.189791359e-06	6.584421925e-06	0
2.170025556e-06	6.586719431e-06	0
2.150259753e-06	6.589016936e-06	0
2.130493949e-06	6.591314442e-06	0
2.110728146e-06	6.593611948e-06	0
2.090962342e-06	6.595909454e-06	0
2.071196539e-06	6.59820696e-06	0
2.051430736e-06	6.600504465e-06	0
2.031664932e-06	6.602801971e-06	0
2.011899129e-06	6.605099477e-06	0
1.992133326e-06	6.607396983e-06	0
1.972367522e-06	6.609694489e-06	0
1.952601719e-06	6.611991994e-06	0
1.932835916e-06	6.6142895e-06	0
1.913070112e-06	6.616587006e-06	0
1.893304309e-06	6.618884512e-06	0
1.873538506e-06	6.621182018e-06	0
1.853772702e-06	6.623479523e-06	0
1.834006899e-06	6.625777029e-06	0
1.814241095e-06	6.628074535e-06	0
1.794475292e-06	6.630372041e-06	0
1.774709489e-06	6.632669547e-06	0
1.754943685e-06	6.634967052e-06	0
1.735177882e-06	6.637264558e-06	0
1.715412079e-06	6.639562064e-06	0
1.695646275e-06	6.64185957e-06	0
1.675880472e-06	6.644157076e-06	0
1.656114669e-06	6.646454581e-06	0
1.636348865e-06	6.648752087e-06	0
1.616583062e-06	6.651049593e-06	0
1.596817259e-06	6.653347099e-06	0
1.577051455e-06	6.655644605e-06	0
1.557285652e-06	6.65794211e-06	0
1.537519848e-06	6.660239616e-06	0
1.517754045e-06	6.662537122e-06	0
1.497988242e-06	6.664834628e-06	0
1.478222438e-06	6.667132134e-06	0
1.458456635e-06	6.669429639e-06	0
1.438690832e-06	6.671727145e-06	0
1.418925028e-06	6.674024651e-06	0
1.399159225e-06	6.676322157e-06	0
1.379393422e-06	6.678619663e-06	0
1.359627618e-06	6.680917168e-06	0
1.339861815e-06	6.683214674e-06	0
1.320096012e-06	6.68551218e-06	0
1.300330208e-06	6.687809686e-06	0
1.280564405e-06	6.690107192e-06	0
1.260798601e-06	6.692404697e-06	0
1.241032798e-06	6.694702203e-06	0
1.221266995e-06	6.696999709e-06	0
1.201501191e-06	6.699297215e-06	0
1.181735388e-06	6.701594721e-06	0
1.161969585e-06	6.703892226e-06	0
1.142203781e-06	6.706189732e-06	0
1.122437978e-06	6.708487238e-06	0
1.102672175e-06	6.710784744e-06	0
1.082906371e-06	6.71308225e-06	0
1.063140568e-06	6.715379755e-06	0
1.043374764e-06	6.717677261e-06	0
1.023608961e-06	6.719974767e-06	0
1.003843158e-06	6.722272273e-06	0
9.840773544e-07	6.724569779e-06	0
9.643115511e-07	6.726867284e-06	0
9.445457477e-07	6.72916479e-06	0
9.247799444e-07	6.731462296e-06	0
9.05014141e-07	6.733759802e-06	0
8.852483376e-07	6.736057308e-06	0
8.654825343e-07	6.738354813e-06	0
8.457167309e-07	6.740652319e-06	0
8.457167309e-07	6.740652319e-06	-8
8.656984593e-07	6.741175559e-06	-8
8.856801877e-07	6.741698799e-06	-8
9.05661916e-07	6.742222039e-06	-8
9.256436444e-07	6.742745279e-06	-8
9.456253728e-07	6.743268519e-06	-8
9.656071011e-07	6.743791759e-06	-8
9.855888295e-07	6.744314999e-06	-8
1.005570558e-06	6.744838239e-06	-8
1.025552286e-06	6.745361479e-06	-8
1.045534015e-06	6.745884719e-06	-8
1.065515743e-06	6.746407959e-06	-8
1.085497471e-06	6.746931199e-06	-8
1.1054792e-06	6.747454439e-06	-8
1.125460928e-06	6.747977679e-06	-8
1.145442656e-06	6.748500919e-06	-8
1.165424385e-06	6.749024159e-06	-8
1.185406113e-06	6.749547399e-06	-8
1.205387842e-06	6.750070639e-06	-8
1.22536957e-06	6.750593879e-06	-8
1.245351298e-06	6.751117119e-06	-8
1.265333027e-06	6.751640359e-06	-8
1.285314755e-06	6.752163599e-06	-8
1.305296483e-06	6.752686839e-06	-8
1.325278212e-06	6.753210079e-06	-8
1.34525994e-06	6.753733319e-06	-8
1.365241669e-06	6.754256559e-06	-8
1.385223397e-06	6.754779799e-06	-8
1.405205125e-06	6.755303038e-06	-8
1.425186854e-06	6.755826278e-06	-8
1.445168582e-06	6.756349518e-06	-8
1.46515031e-06	6.756872758e-06	-8
1.485132039e-06	6.757395998e-06	-8
1.505113767e-06	6.757919238e-06	-8
1.525095495e-06	6.758442478e-06	-8
1.545077224e-06	6.758965718e-06	-8
1.565058952e-06	6.759488958e-06	-8
1.585040681e-06	6.760012198e-06	-8
1.605022409e-06	6.760535438e-06	-8
1.625004137e-06	6.761058678e-06	-8
1.644985866e-06	6.761581918e-06	-8
1.664967594e-06	6.762105158e-06	-8
1.684949322e-06	6.762628398e-06	-8
1.704931051e-06	6.763151638e-06	-8
1.724912779e-06	6.763674878e-06	-8
1.744894508e-06	6.764198118e-06	-8
1.764876236e-06	6.764721358e-06	-8
1.784857964e-06	6.765244598e-06	-8
1.804839693e-06	6.765767838e-06	-8
1.824821421e-06	6.766291078e-06	-8
1.844803149e-06	6.766814318e-06	-8
1.864784878e-06	6.767337558e-06	-8
1.884766606e-06	6.767860798e-06	-8
1.904748334e-06	6.768384038e-06	-8
1.924730063e-06	6.768907278e-06	-8
1.944711791e-06	6.769430518e-06	-8
1.96469352e-06	6.769953758e-06	-8
1.984675248e-06	6.770476998e-06	-8
2.004656976e-06	6.771000238e-06	-8
2.024638705e-06	6.771523478e-06	-8
2.044620433e-06	6.772046718e-06	-8
2.064602161e-06	6.772569958e-06	-8
2.08458389e-06	6.773093198e-06	-8
2.104565618e-06	6.773616438e-06	-8
2.124547347e-06	6.774139677e-06	-8
2.144529075e-06	6.774662917e-06	-8
2.164510803e-06	6.775186157e-06	-8
2.184492532e-06	6.775709397e-06	-8
2.20447426e-06	6.776232637e-06	-8
2.20447426e-06	6.776232637e-06	0
2.184708457e-06	6.778530143e-06	0
2.164942653e-06	6.780827649e-06	0
2.14517685e-06	6.783125155e-06	0
2.125411047e-06	6.785422661e-06	0
2.105645243e-06	6.787720166e-06	0
2.08587944e-06	6.790017672e-06	0
2.066113637e-06	6.792315178e-06	0
2.046347833e-06	6.794612684e-06	0
2.02658203e-06	6.79691019e-06	0
2.006816226e-06	6.799207695e-06	0
1.987050423e-06	6.801505201e-06	0
1.96728462e-06	6.803802707e-06	0
1.947518816e-06	6.806100213e-06	0
1.927753013e-06	6.808397719e-06	0
1.90798721e-06	6.810695224e-06	0
1.888221406e-06	6.81299273e-06	0
1.868455603e-06	6.815290236e-06	0
1.8486898e-06	6.817587742e-06	0
1.828923996e-06	6.819885248e-06	0
1.809158193e-06	6.822182753e-06	0
1.78939239e-06	6.824480259e-06	0
1.769626586e-06	6.826777765e-06	0
1.749860783e-06	6.829075271e-06	0
1.730094979e-06	6.831372777e-06	0
1.710329176e-06	6.833670282e-06	0
1.690563373e-06	6.835967788e-06	0
1.670797569e-06	6.838265294e-06	0
1.651031766e-06	6.8405628e-06	0
1.631265963e-06	6.842860306e-06	0
1.611500159e-06	6.845157811e-06	0
1.591734356e-06	6.847455317e-06	0
1.571968553e-06	6.849752823e-06	0
1.552202749e-06	6.852050329e-06	0
1.532436946e-06	6.854347835e-06	0
1.512671142e-06	6.85664534e-06	0
1.492905339e-06	6.858942846e-06	0
1.473139536e-06	6.861240352e-06	0
1.453373732e-06	6.863537858e-06	0
1.433607929e-06	6.865835364e-06	0
1.413842126e-06	6.868132869e-06	0
1.394076322e-06	6.870430375e-06	0
1.374310519e-06	6.872727881e-06	0
1.354544716e-06	6.875025387e-06	0
1.334778912e-06	6.877322893e-06	0
1.315013109e-06	6.879620398e-06	0
1.295247306e-06	6.881917904e-06	0
1.275481502e-06	6.88421541e-06	0
1.255715699e-06	6.886512916e-06	0
1.235949895e-06	6.888810422e-06	0
1.216184092e-06	6.891107927e-06	0
1.196418289e-06	6.893405433e-06	0
1.176652485e-06	6.895702939e-06	0
1.156886682e-06	6.898000445e-06	0
1.137120879e-06	6.900297951e-06	0
1.117355075e-06	6.902595456e-06	0
1.097589272e-06	6.904892962e-06	0
1.077823469e-06	6.907190468e-06	0
1.058057665e-06	6.909487974e-06	0
1.038291862e-06	6.91178548e-06	0
1.018526059e-06	6.914082985e-06	0
9.987602552e-07	6.916380491e-06	0
9.789944518e-07	6.918677997e-06	0
9.592286485e-07	6.920975503e-06	0
9.394628451e-07	6.923273009e-06	0
9.196970418e-07	6.925570515e-06	0
8.999312384e-07	6.92786802e-06	0
8.801654351e-07	6.930165526e-06	0
8.603996317e-07	6.932463032e-06	0
8.406338283e-07	6.934760538e-06	0
8.406338283e-07	6.934760538e-06	8
8.606155567e-07	6.935283778e-06	8
8.805972851e-07	6.935807018e-06	8
9.005790134e-07	6.936330258e-06	8
9.205607418e-07	6.936853498e-06	8
9.405424702e-07	6.937376738e-06	8
9.605241986e-07	6.937899978e-06	8
9.805059269e-07	6.938423218e-06	8
1.000487655e-06	6.938946457e-06	8
1.020469384e-06	6.939469697e-06	8
1.040451112e-06	6.939992937e-06	8
1.06043284e-06	6.940516177e-06	8
1.080414569e-06	6.941039417e-06	8
1.100396297e-06	6.941562657e-06	8
1.120378026e-06	6.942085897e-06	8
1.140359754e-06	6.942609137e-06	8
1.160341482e-06	6.943132377e-06	8
1.180323211e-06	6.943655617e-06	8
1.200304939e-06	6.944178857e-06	8
1.220286667e-06	6.944702097e-06	8
1.240268396e-06	6.945225337e-06	8
1.260250124e-06	6.945748577e-06	8
1.280231852e-06	6.946271817e-06	8
1.300213581e-06	6.946795057e-06	8
1.320195309e-06	6.947318297e-06	8
1.340177038e-06	6.947841537e-06	8
1.360158766e-06	6.948364777e-06	8
1.380140494e-06	6.948888017e-06	8
1.400122223e-06	6.949411257e-06	8
1.420103951e-06	6.949934497e-06	8
1.440085679e-06	6.950457737e-06	8
1.460067408e-06	6.950980977e-06	8
1.480049136e-06	6.951504217e-06	8
1.500030865e-06	6.952027457e-06	8
1.520012593e-06	6.952550697e-06	8
1.539994321e-06	6.953073937e-06	8
1.55997605e-06	6.953597177e-06	8
1.579957778e-06	6.954120417e-06	8
1.599939506e-06	6.954643657e-06	8
1.619921235e-06	6.955166897e-06	8
1.639902963e-06	6.955690137e-06	8
1.659884691e-06	6.956213377e-06	8
1.67986642e-06	6.956736617e-06	8
1.699848148e-06	6.957259857e-06	8
1.719829877e-06	6.957783096e-06	8
1.739811605e-06	6.958306336e-06	8
1.759793333e-06	6.958829576e-06	8
1.779775062e-06	6.959352816e-06	8
1.79975679e-06	6.959876056e-06	8
1.819738518e-06	6.960399296e-06	8
1.839720247e-06	6.960922536e-06	8
1.859701975e-06	6.961445776e-06	8
1.879683704e-06	6.961969016e-06	8
1.899665432e-06	6.962492256e-06	8
1.91964716e-06	6.963015496e-06	8
1.939628889e-06	6.963538736e-06	8
1.959610617e-06	6.964061976e-06	8
1.979592345e-06	6.964585216e-06	8
1.999574074e-06	6.965108456e-06	8
2.019555802e-06	6.965631696e-06	8
2.03953753e-06	6.966154936e-06	8
2.059519259e-06	6.966678176e-06	8
2.079500987e-06	6.967201416e-06	8
2.099482716e-06	6.967724656e-06	8
2.119464444e-06	6.968247896e-06	8
2.139446172e-06	6.968771136e-06	8
2.159427901e-06	6.969294376e-06	8
2.179409629e-06	6.969817616e-06	8
2.199391357e-06	6.970340856e-06	8
2.199391357e-06	6.970340856e-06	0
2.179625554e-06	6.972638362e-06	0
2.159859751e-06	6.974935867e-06	0
2.140093947e-06	6.977233373e-06	0
2.120328144e-06	6.979530879e-06	0
2.100562341e-06	6.981828385e-06	0
2.080796537e-06	6.984125891e-06	0
2.061030734e-06	6.986423396e-06	0
2.041264931e-06	6.988720902e-06	0
2.021499127e-06	6.991018408e-06	0
2.001733324e-06	6.993315914e-06	0
1.98196752e-06	6.99561342e-06	0
1.962201717e-06	6.997910925e-06	0
1.942435914e-06	7.000208431e-06	0
1.92267011e-06	7.002505937e-06	0
1.902904307e-06	7.004803443e-06	0
1.883138504e-06	7.007100949e-06	0
1.8633727e-06	7.009398454e-06	0
1.843606897e-06	7.01169596e-06	0
1.823841094e-06	7.013993466e-06	0
1.80407529e-06	7.016290972e-06	0
1.784309487e-06	7.018588478e-06	0
1.764543684e-06	7.020885983e-06	0
1.74477788e-06	7.023183489e-06	0
1.725012077e-06	7.025480995e-06	0
1.705246273e-06	7.027778501e-06	0
1.68548047e-06	7.030076007e-06	0
1.665714667e-06	7.032373512e-06	0
1.645948863e-06	7.034671018e-06	0
1.62618306e-06	7.036968524e-06	0
1.606417257e-06	7.03926603e-06	0
1.586651453e-06	7.041563536e-06	0
1.56688565e-06	7.043861041e-06	0
1.547119847e-06	7.046158547e-06	0
1.527354043e-06	7.048456053e-06	0
1.50758824e-06	7.050753559e-06	0
1.487822437e-06	7.053051065e-06	0
1.468056633e-06	7.05534857e-06	0
1.44829083e-06	7.057646076e-06	0
1.428525026e-06	7.059943582e-06	0
1.408759223e-06	7.062241088e-06	0
1.38899342e-06	7.064538594e-06	0
1.369227616e-06	7.066836099e-06	0
1.349461813e-06	7.069133605e-06	0
1.32969601e-06	7.071431111e-06	0
1.309930206e-06	7.073728617e-06	0
1.290164403e-06	7.076026123e-06	0
1.2703986e-06	7.078323629e-06	0
1.250632796e-06	7.080621134e-06	0
1.230866993e-06	7.08291864e-06	0
1.21110119e-06	7.085216146e-06	0
1.191335386e-06	7.087513652e-06	0
1.171569583e-06	7.089811158e-06	0
1.151803779e-06	7.092108663e-06	0
1.132037976e-06	7.094406169e-06	0
1.112272173e-06	7.096703675e-06	0
1.092506369e-06	7.099001181e-06	0
1.072740566e-06	7.101298687e-06	0
1.052974763e-06	7.103596192e-06	0
1.033208959e-06	7.105893698e-06	0
1.013443156e-06	7.108191204e-06	0
9.936773526e-07	7.11048871e-06	0
9.739115493e-07	7.112786216e-06	0
9.541457459e-07	7.115083721e-06	0
9.343799425e-07	7.117381227e-06	0
9.146141392e-07	7.119678733e-06	0
8.948483358e-07	7.121976239e-06	0
8.750825325e-07	7.124273745e-06	0
8.553167291e-07	7.12657125e-06	0
8.355509258e-07	7.128868756e-06	0
8.355509258e-07	7.128868756e-06	-8
8.555326541e-07	7.129391996e-06	-8
8.755143825e-07	7.129915236e-06	-8
8.954961109e-07	7.130438476e-06	-8
9.154778392e-07	7.130961716e-06	-8
9.354595676e-07	7.131484956e-06	-8
9.55441296e-07	7.132008196e-06	-8
9.754230243e-07	7.132531436e-06	-8
9.954047527e-07	7.133054676e-06	-8
1.015386481e-06	7.133577916e-06	-8
1.035368209e-06	7.134101156e-06	-8
1.055349938e-06	7.134624396e-06	-8
1.075331666e-06	7.135147636e-06	-8
1.095313395e-06	7.135670876e-06	-8
1.115295123e-06	7.136194116e-06	-8
1.135276851e-06	7.136717356e-06	-8
1.15525858e-06	7.137240596e-06	-8
1.175240308e-06	7.137763836e-06	-8
1.195222036e-06	7.138287076e-06	-8
1.215203765e-06	7.138810316e-06	-8
1.235185493e-06	7.139333556e-06	-8
1.255167222e-06	7.139856796e-06	-8
1.27514895e-06	7.140380036e-06	-8
1.295130678e-06	7.140903276e-06	-8
1.315112407e-06	7.141426515e-06	-8
1.335094135e-06	7.141949755e-06	-8
1.355075863e-06	7.142472995e-06	-8
1.375057592e-06	7.142996235e-06	-8
1.39503932e-06	7.143519475e-06	-8
1.415021048e-06	7.144042715e-06	-8
1.435002777e-06	7.144565955e-06	-8
1.454984505e-06	7.145089195e-06	-8
1.474966234e-06	7.145612435e-06	-8
1.494947962e-06	7.146135675e-06	-8
1.51492969e-06	7.146658915e-06	-8
1.534911419e-06	7.147182155e-06	-8
1.554893147e-06	7.147705395e-06	-8
1.574874875e-06	7.148228635e-06	-8
1.594856604e-06	7.148751875e-06	-8
1.614838332e-06	7.149275115e-06	-8
1.634820061e-06	7.149798355e-06	-8
1.654801789e-06	7.150321595e-06	-8
1.674783517e-06	7.150844835e-06	-8
1.694765246e-06	7.151368075e-06	-8
1.714746974e-06	7.151891315e-06	-8
1.734728702e-06	7.152414555e-06	-8
1.754710431e-06	7.152937795e-06	-8
1.774692159e-06	7.153461035e-06	-8
1.794673887e-06	7.153984275e-06	-8
1.814655616e-06	7.154507515e-06	-8
1.834637344e-06	7.155030755e-06	-8
1.854619073e-06	7.155553995e-06	-8
1.874600801e-06	7.156077235e-06	-8
1.894582529e-06	7.156600475e-06	-8
1.914564258e-06	7.157123715e-06	-8
1.934545986e-06	7.157646955e-06	-8
1.954527714e-06	7.158170195e-06	-8
1.974509443e-06	7.158693435e-06	-8
1.994491171e-06	7.159216675e-06	-8
2.0144729e-06	7.159739914e-06	-8
2.034454628e-06	7.160263154e-06	-8
2.054436356e-06	7.160786394e-06	-8
2.074418085e-06	7.161309634e-06	-8
2.094399813e-06	7.161832874e-06	-8
2.114381541e-06	7.162356114e-06	-8
2.13436327e-06	7.162879354e-06	-8
2.154344998e-06	7.163402594e-06	-8
2.174326726e-06	7.163925834e-06	-8
2.194308455e-06	7.164449074e-06	-8
2.194308455e-06	7.164449074e-06	0
2.210055904e-06	7.152186151e-06	0
2.225803352e-06	7.139923227e-06	0
2.241550801e-06	7.127660303e-06	0
2.25729825e-06	7.11539738e-06	0
2.273045699e-06	7.103134456e-06	0
2.288793148e-06	7.090871532e-06	0
2.304540596e-06	7.078608609e-06	0
2.320288045e-06	7.066345685e-06	0
2.336035494e-06	7.054082761e-06	0
2.351782943e-06	7.041819838e-06	0
2.367530392e-06	7.029556914e-06	0
2.38327784e-06	7.01729399e-06	0
2.399025289e-06	7.005031067e-06	0
2.414772738e-06	6.992768143e-06	0
2.430520187e-06	6.980505219e-06	0
2.446267636e-06	6.968242296e-06	0
2.462015084e-06	6.955979372e-06	0
2.477762533e-06	6.943716448e-06	0
2.493509982e-06	6.931453524e-06	0
2.509257431e-06	6.919190601e-06	0
2.52500488e-06	6.906927677e-06	0
2.540752328e-06	6.894664753e-06	0
2.556499777e-06	6.88240183e-06	0
2.572247226e-06	6.870138906e-06	0
2.587994675e-06	6.857875982e-06	0
2.603742124e-06	6.845613059e-06	0
2.619489572e-06	6.833350135e-06	0
2.635237021e-06	6.821087211e-06	0
2.65098447e-06	6.808824288e-06	0
2.666731919e-06	6.796561364e-06	0
2.682479367e-06	6.78429844e-06	0
2.698226816e-06	6.772035517e-06	0
2.713974265e-06	6.759772593e-06	0
2.729721714e-06	6.747509669e-06	0
2.745469163e-06	6.735246746e-06	0
2.761216611e-06	6.722983822e-06	0
2.77696406e-06	6.710720898e-06	0
2.792711509e-06	6.698457975e-06	0
2.808458958e-06	6.686195051e-06	0
2.824206407e-06	6.673932127e-06	0
2.839953855e-06	6.661669204e-06	0
2.855701304e-06	6.64940628e-06	0
2.871448753e-06	6.637143356e-06	0
2.887196202e-06	6.624880433e-06	0
2.902943651e-06	6.612617509e-06	0
2.918691099e-06	6.600354585e-06	0
2.934438548e-06	6.588091662e-06	0
2.950185997e-06	6.575828738e-06	0
2.965933446e-06	6.563565814e-06	0
2.981680895e-06	6.551302891e-06	0
2.997428343e-06	6.539039967e-06	0
3.013175792e-06	6.526777043e-06	0
3.028923241e-06	6.51451412e-06	0
3.04467069e-06	6.502251196e-06	0
3.060418139e-06	6.489988272e-06	0
3.076165587e-06	6.477725349e-06	0
3.091913036e-06	6.465462425e-06	0
3.107660485e-06	6.453199501e-06	0
3.123407934e-06	6.440936578e-06	0
3.139155383e-06	6.428673654e-06	0
3.154902831e-06	6.41641073e-06	0
3.17065028e-06	6.404147807e-06	0
3.186397729e-06	6.391884883e-06	0
3.202145178e-06	6.379621959e-06	0
3.217892627e-06	6.367359036e-06	0
3.233640075e-06	6.355096112e-06	0
3.249387524e-06	6.342833188e-06	0
3.265134973e-06	6.330570265e-06	0
3.280882422e-06	6.318307341e-06	0
3.296629871e-06	6.306044417e-06	0
3.312377319e-06	6.293781494e-06	0
3.328124768e-06	6.28151857e-06	0
3.343872217e-06	6.269255646e-06	0
3.359619666e-06	6.256992723e-06	0
3.375367114e-06	6.244729799e-06	0
3.391114563e-06	6.232466875e-06	0
3.406862012e-06	6.220203952e-06	0
3.422609461e-06	6.207941028e-06	0
3.43835691e-06	6.195678104e-06	0
3.454104358e-06	6.183415181e-06	0
3.469851807e-06	6.171152257e-06	0
3.485599256e-06	6.158889333e-06	0
3.501346705e-06	6.14662641e-06	0
3.517094154e-06	6.134363486e-06	0
3.532841602e-06	6.122100562e-06	0
3.548589051e-06	6.109837639e-06	0
3.5643365e-06	6.097574715e-06	0
3.580083949e-06	6.085311791e-06	0
3.595831398e-06	6.073048868e-06	0
3.611578846e-06	6.060785944e-06	0
3.627326295e-06	6.04852302e-06	0
3.643073744e-06	6.036260096e-06	0
3.658821193e-06	6.023997173e-06	0
3.674568642e-06	6.011734249e-06	0
3.69031609e-06	5.999471325e-06	0
3.706063539e-06	5.987208402e-06	0
3.721810988e-06	5.974945478e-06	0
3.737558437e-06	5.962682554e-06	0
3.753305886e-06	5.950419631e-06	0
3.769053334e-06	5.938156707e-06	0
3.784800783e-06	5.925893783e-06	0
3.800548232e-06	5.91363086e-06	0
3.816295681e-06	5.901367936e-06	0
3.83204313e-06	5.889105012e-06	0
3.847790578e-06	5.876842089e-06	0
3.863538027e-06	5.864579165e-06	0
3.879285476e-06	5.852316241e-06	0
3.895032925e-06	5.840053318e-06	0
3.910780374e-06	5.827790394e-06	0
3.926527822e-06	5.81552747e-06	0
3.942275271e-06	5.803264547e-06	0
3.95802272e-06	5.791001623e-06	0
3.973770169e-06	5.778738699e-06	0
3.989517617e-06	5.766475776e-06	0
4.005265066e-06	5.754212852e-06	0
4.021012515e-06	5.741949928e-06	0
4.036759964e-06	5.729687005e-06	0
4.052507413e-06	5.717424081e-06	0
4.068254861e-06	5.705161157e-06	0
4.08400231e-06	5.692898234e-06	0
4.099749759e-06	5.68063531e-06	0
4.115497208e-06	5.668372386e-06	0
4.131244657e-06	5.656109463e-06	0
4.146992105e-06	5.643846539e-06	0
4.162739554e-06	5.631583615e-06	0
4.178487003e-06	5.619320692e-06	0
4.194234452e-06	5.607057768e-06	0
4.209981901e-06	5.594794844e-06	0
4.225729349e-06	5.582531921e-06	0
4.241476798e-06	5.570268997e-06	0
4.257224247e-06	5.558006073e-06	0
4.272971696e-06	5.54574315e-06	0
4.272971696e-06	5.54574315e-06	8
4.282509421e-06	5.563309454e-06	8
4.292047146e-06	5.580875758e-06	8
4.301584871e-06	5.598442063e-06	8
4.311122596e-06	5.616008367e-06	8
4.320660321e-06	5.633574671e-06	8
4.330198046e-06	5.651140976e-06	8
4.339735771e-06	5.66870728e-06	8
4.349273496e-06	5.686273585e-06	8
4.358811221e-06	5.703839889e-06	8
4.368348947e-06	5.721406193e-06	8
4.377886672e-06	5.738972498e-06	8
4.387424397e-06	5.756538802e-06	8
4.396962122e-06	5.774105106e-06	8
4.406499847e-06	5.791671411e-06	8
4.416037572e-06	5.809237715e-06	8
4.425575297e-06	5.826804019e-06	8
4.435113022e-06	5.844370324e-06	8
4.444650747e-06	5.861936628e-06	8
4.454188472e-06	5.879502933e-06	8
4.463726197e-06	5.897069237e-06	8
4.473263922e-06	5.914635541e-06	8
4.482801647e-06	5.932201846e-06	8
4.492339373e-06	5.94976815e-06	8
4.501877098e-06	5.967334454e-06	8
4.511414823e-06	5.984900759e-06	8
4.520952548e-06	6.002467063e-06	8
4.530490273e-06	6.020033367e-06	8
4.540027998e-06	6.037599672e-06	8
4.549565723e-06	6.055165976e-06	8
4.559103448e-06	6.072732281e-06	8
4.568641173e-06	6.090298585e-06	8
4.578178898e-06	6.107864889e-06	8
4.587716623e-06	6.125431194e-06	8
4.597254348e-06	6.142997498e-06	8
4.606792073e-06	6.160563802e-06	8
4.616329799e-06	6.178130107e-06	8
4.625867524e-06	6.195696411e-06	8
4.635405249e-06	6.213262716e-06	8
4.644942974e-06	6.23082902e-06	8
4.654480699e-06	6.248395324e-06	8
4.664018424e-06	6.265961629e-06	8
4.673556149e-06	6.283527933e-06	8
4.683093874e-06	6.301094237e-06	8
4.692631599e-06	6.318660542e-06	8
4.702169324e-06	6.336226846e-06	8
4.711707049e-06	6.35379315e-06	8
4.721244774e-06	6.371359455e-06	8
4.730782499e-06	6.388925759e-06	8
4.740320225e-06	6.406492064e-06	8
4.74985795e-06	6.424058368e-06	8
4.759395675e-06	6.441624672e-06	8
4.7689334e-06	6.459190977e-06	8
4.778471125e-06	6.476757281e-06	8
4.78800885e-06	6.494323585e-06	8
4.797546575e-06	6.51188989e-06	8
4.8070843e-06	6.529456194e-06	8
4.816622025e-06	6.547022498e-06	8
4.82615975e-06	6.564588803e-06	8
4.835697475e-06	6.582155107e-06	8
4.8452352e-06	6.599721412e-06	8
4.854772925e-06	6.617287716e-06	8
4.864310651e-06	6.63485402e-06	8
4.873848376e-06	6.652420325e-06	8
4.883386101e-06	6.669986629e-06	8
4.892923826e-06	6.687552933e-06	8
4.902461551e-06	6.705119238e-06	8
4.911999276e-06	6.722685542e-06	8
4.921537001e-06	6.740251846e-06	8
4.921537001e-06	6.740251846e-06	0
4.909664401e-06	6.724282912e-06	0
4.897791801e-06	6.708313977e-06	0
4.885919201e-06	6.692345042e-06	0
4.874046601e-06	6.676376107e-06	0
4.862174001e-06	6.660407172e-06	0
4.850301401e-06	6.644438237e-06	0
4.838428801e-06	6.628469302e-06	0
4.8265562e-06	6.612500367e-06	0
4.8146836e-06	6.596531432e-06	0
4.802811e-06	6.580562497e-06	0
4.7909384e-06	6.564593562e-06	0
4.7790658e-06	6.548624627e-06	0
4.7671932e-06	6.532655692e-06	0
4.7553206e-06	6.516686757e-06	0
4.743448e-06	6.500717822e-06	0
4.7315754e-06	6.484748888e-06	0
4.7197028e-06	6.468779953e-06	0
4.7078302e-06	6.452811018e-06	0
4.6959576e-06	6.436842083e-06	0
4.684085e-06	6.420873148e-06	0
4.6722124e-06	6.404904213e-06	0
4.660339799e-06	6.388935278e-06	0
4.648467199e-06	6.372966343e-06	0
4.636594599e-06	6.356997408e-06	0
4.624721999e-06	6.341028473e-06	0
4.612849399e-06	6.325059538e-06	0
4.600976799e-06	6.309090603e-06	0
4.589104199e-06	6.293121668e-06	0
4.577231599e-06	6.277152733e-06	0
4.565358999e-06	6.261183798e-06	0
4.553486399e-06	6.245214864e-06	0
4.541613799e-06	6.229245929e-06	0
4.529741199e-06	6.213276994e-06	0
4.517868599e-06	6.197308059e-06	0
4.505995999e-06	6.181339124e-06	0
4.494123399e-06	6.165370189e-06	0
4.482250798e-06	6.149401254e-06	0
4.470378198e-06	6.133432319e-06	0
4.458505598e-06	6.117463384e-06	0
4.446632998e-06	6.101494449e-06	0
4.434760398e-06	6.085525514e-06	0
4.422887798e-06	6.069556579e-06	0
4.411015198e-06	6.053587644e-06	0
4.399142598e-06	6.037618709e-06	0
4.387269998e-06	6.021649774e-06	0
4.375397398e-06	6.00568084e-06	0
4.363524798e-06	5.989711905e-06	0
4.351652198e-06	5.97374297e-06	0
4.339779598e-06	5.957774035e-06	0
4.327906998e-06	5.9418051e-06	0
4.316034398e-06	5.925836165e-06	0
4.304161797e-06	5.90986723e-06	0
4.292289197e-06	5.893898295e-06	0
4.280416597e-06	5.87792936e-06	0
4.268543997e-06	5.861960425e-06	0
4.256671397e-06	5.84599149e-06	0
4.244798797e-06	5.830022555e-06	0
4.232926197e-06	5.81405362e-06	0
4.221053597e-06	5.798084685e-06	0
4.209180997e-06	5.78211575e-06	0
4.197308397e-06	5.766146816e-06	0
4.185435797e-06	5.750177881e-06	0
4.173563197e-06	5.734208946e-06	0
4.161690597e-06	5.718240011e-06	0
4.149817997e-06	5.702271076e-06	0
4.137945396e-06	5.686302141e-06	0
4.126072796e-06	5.670333206e-06	0
4.114200196e-06	5.654364271e-06	0
4.102327596e-06	5.638395336e-06	0
4.102327596e-06	5.638395336e-06	-8
4.111865321e-06	5.65596164e-06	-8
4.121403046e-06	5.673527945e-06	-8
4.130940771e-06	5.691094249e-06	-8
4.140478497e-06	5.708660554e-06	-8
4.150016222e-06	5.726226858e-06	-8
4.159553947e-06	5.743793162e-06	-8
4.169091672e-06	5.761359467e-06	-8
4.178629397e-06	5.778925771e-06	-8
4.188167122e-06	5.796492075e-06	-8
4.197704847e-06	5.81405838e-06	-8
4.207242572e-06	5.831624684e-06	-8
4.216780297e-06	5.849190988e-06	-8
4.226318022e-06	5.866757293e-06	-8
4.235855747e-06	5.884323597e-06	-8
4.245393472e-06	5.901889902e-06	-8
4.254931197e-06	5.919456206e-06	-8
4.264468923e-06	5.93702251e-06	-8
4.274006648e-06	5.954588815e-06	-8
4.283544373e-06	5.972155119e-06	-8
4.293082098e-06	5.989721423e-06	-8
4.302619823e-06	6.007287728e-06	-8
4.312157548e-06	6.024854032e-06	-8
4.321695273e-06	6.042420336e-06	-8
4.331232998e-06	6.059986641e-06	-8
4.340770723e-06	6.077552945e-06	-8
4.350308448e-06	6.09511925e-06	-8
4.359846173e-06	6.112685554e-06	-8
4.369383898e-06	6.130251858e-06	-8
4.378921623e-06	6.147818163e-06	-8
4.388459349e-06	6.165384467e-06	-8
4.397997074e-06	6.182950771e-06	-8
4.407534799e-06	6.200517076e-06	-8
4.417072524e-06	6.21808338e-06	-8
4.426610249e-06	6.235649685e-06	-8
4.436147974e-06	6.253215989e-06	-8
4.445685699e-06	6.270782293e-06	-8
4.455223424e-06	6.288348598e-06	-8
4.464761149e-06	6.305914902e-06	-8
4.474298874e-06	6.323481206e-06	-8
4.483836599e-06	6.341047511e-06	-8
4.493374324e-06	6.358613815e-06	-8
4.502912049e-06	6.376180119e-06	-8
4.512449775e-06	6.393746424e-06	-8
4.5219875e-06	6.411312728e-06	-8
4.531525225e-06	6.428879033e-06	-8
4.54106295e-06	6.446445337e-06	-8
4.550600675e-06	6.464011641e-06	-8
4.5601384e-06	6.481577946e-06	-8
4.569676125e-06	6.49914425e-06	-8
4.57921385e-06	6.516710554e-06	-8
4.588751575e-06	6.534276859e-06	-8
4.5982893e-06	6.551843163e-06	-8
4.607827025e-06	6.569409467e-06	-8
4.61736475e-06	6.586975772e-06	-8
4.626902475e-06	6.604542076e-06	-8
4.636440201e-06	6.622108381e-06	-8
4.645977926e-06	6.639674685e-06	-8
4.655515651e-06	6.657240989e-06	-8
4.665053376e-06	6.674807294e-06	-8
4.674591101e-06	6.692373598e-06	-8
4.684128826e-06	6.709939902e-06	-8
4.693666551e-06	6.727506207e-06	-8
4.703204276e-06	6.745072511e-06	-8
4.712742001e-06	6.762638815e-06	-8
4.722279726e-06	6.78020512e-06	-8
4.731817451e-06	6.797771424e-06	-8
4.741355176e-06	6.815337729e-06	-8
4.750892901e-06	6.832904033e-06	-8
4.750892901e-06	6.832904033e-06	0
4.739020301e-06	6.816935098e-06	0
4.727147701e-06	6.800966163e-06	0
4.715275101e-06	6.784997228e-06	0
4.703402501e-06	6.769028293e-06	0
4.691529901e-06	6.753059358e-06	0
4.679657301e-06	6.737090423e-06	0
4.667784701e-06	6.721121488e-06	0
4.655912101e-06	6.705152553e-06	0
4.644039501e-06	6.689183619e-06	0
4.632166901e-06	6.673214684e-06	0
4.620294301e-06	6.657245749e-06	0
4.608421701e-06	6.641276814e-06	0
4.596549101e-06	6.625307879e-06	0
4.584676501e-06	6.609338944e-06	0
4.5728039e-06	6.593370009e-06	0
4.5609313e-06	6.577401074e-06	0
4.5490587e-06	6.561432139e-06	0
4.5371861e-06	6.545463204e-06	0
4.5253135e-06	6.529494269e-06	0
4.5134409e-06	6.513525334e-06	0
4.5015683e-06	6.497556399e-06	0
4.4896957e-06	6.481587464e-06	0
4.4778231e-06	6.465618529e-06	0
4.4659505e-06	6.449649595e-06	0
4.4540779e-06	6.43368066e-06	0
4.4422053e-06	6.417711725e-06	0
4.4303327e-06	6.40174279e-06	0
4.4184601e-06	6.385773855e-06	0
4.406587499e-06	6.36980492e-06	0
4.394714899e-06	6.353835985e-06	0
4.382842299e-06	6.33786705e-06	0
4.370969699e-06	6.321898115e-06	0
4.359097099e-06	6.30592918e-06	0
4.347224499e-06	6.289960245e-06	0
4.335351899e-06	6.27399131e-06	0
4.323479299e-06	6.258022375e-06	0
4.311606699e-06	6.24205344e-06	0
4.299734099e-06	6.226084505e-06	0
4.287861499e-06	6.210115571e-06	0
4.275988899e-06	6.194146636e-06	0
4.264116299e-06	6.178177701e-06	0
4.252243699e-06	6.162208766e-06	0
4.240371099e-06	6.146239831e-06	0
4.228498498e-06	6.130270896e-06	0
4.216625898e-06	6.114301961e-06	0
4.204753298e-06	6.098333026e-06	0
4.192880698e-06	6.082364091e-06	0
4.181008098e-06	6.066395156e-06	0
4.169135498e-06	6.050426221e-06	0
4.157262898e-06	6.034457286e-06	0
4.145390298e-06	6.018488351e-06	0
4.133517698e-06	6.002519416e-06	0
4.121645098e-06	5.986550481e-06	0
4.109772498e-06	5.970581547e-06	0
4.097899898e-06	5.954612612e-06	0
4.086027298e-06	5.938643677e-06	0
4.074154698e-06	5.922674742e-06	0
4.062282097e-06	5.906705807e-06	0
4.050409497e-06	5.890736872e-06	0
4.038536897e-06	5.874767937e-06	0
4.026664297e-06	5.858799002e-06	0
4.014791697e-06	5.842830067e-06	0
4.002919097e-06	5.826861132e-06	0
3.991046497e-06	5.810892197e-06	0
3.979173897e-06	5.794923262e-06	0
3.967301297e-06	5.778954327e-06	0
3.955428697e-06	5.762985392e-06	0
3.943556097e-06	5.747016457e-06	0
3.931683497e-06	5.731047523e-06	0
3.931683497e-06	5.731047523e-06	8
3.941221222e-06	5.748613827e-06	8
3.950758947e-06	5.766180131e-06	8
3.960296672e-06	5.783746436e-06	8
3.969834397e-06	5.80131274e-06	8
3.979372122e-06	5.818879044e-06	8
3.988909847e-06	5.836445349e-06	8
3.998447572e-06	5.854011653e-06	8
4.007985297e-06	5.871577957e-06	8
4.017523022e-06	5.889144262e-06	8
4.027060747e-06	5.906710566e-06	8
4.036598473e-06	5.924276871e-06	8
4.046136198e-06	5.941843175e-06	8
4.055673923e-06	5.959409479e-06	8
4.065211648e-06	5.976975784e-06	8
4.074749373e-06	5.994542088e-06	8
4.084287098e-06	6.012108392e-06	8
4.093824823e-06	6.029674697e-06	8
4.103362548e-06	6.047241001e-06	8
4.112900273e-06	6.064807305e-06	8
4.122437998e-06	6.08237361e-06	8
4.131975723e-06	6.099939914e-06	8
4.141513448e-06	6.117506219e-06	8
4.151051173e-06	6.135072523e-06	8
4.160588899e-06	6.152638827e-06	8
4.170126624e-06	6.170205132e-06	8
4.179664349e-06	6.187771436e-06	8
4.189202074e-06	6.20533774e-06	8
4.198739799e-06	6.222904045e-06	8
4.208277524e-06	6.240470349e-06	8
4.217815249e-06	6.258036654e-06	8
4.227352974e-06	6.275602958e-06	8
4.236890699e-06	6.293169262e-06	8
4.246428424e-06	6.310735567e-06	8
4.255966149e-06	6.328301871e-06	8
4.265503874e-06	6.345868175e-06	8
4.275041599e-06	6.36343448e-06	8
4.284579325e-06	6.381000784e-06	8
4.29411705e-06	6.398567088e-06	8
4.303654775e-06	6.416133393e-06	8
4.3131925e-06	6.433699697e-06	8
4.322730225e-06	6.451266002e-06	8
4.33226795e-06	6.468832306e-06	8
4.341805675e-06	6.48639861e-06	8
4.3513434e-06	6.503964915e-06	8
4.360881125e-06	6.521531219e-06	8
4.37041885e-06	6.539097523e-06	8
4.379956575e-06	6.556663828e-06	8
4.3894943e-06	6.574230132e-06	8
4.399032025e-06	6.591796436e-06	8
4.408569751e-06	6.609362741e-06	8
4.418107476e-06	6.626929045e-06	8
4.427645201e-06	6.64449535e-06	8
4.437182926e-06	6.662061654e-06	8
4.446720651e-06	6.679627958e-06	8
4.456258376e-06	6.697194263e-06	8
4.465796101e-06	6.714760567e-06	8
4.475333826e-06	6.732326871e-06	8
4.484871551e-06	6.749893176e-06	8
4.494409276e-06	6.76745948e-06	8
4.503947001e-06	6.785025784e-06	8
4.513484726e-06	6.802592089e-06	8
4.523022451e-06	6.820158393e-06	8
4.532560177e-06	6.837724698e-06	8
4.542097902e-06	6.855291002e-06	8
4.551635627e-06	6.872857306e-06	8
4.561173352e-06	6.890423611e-06	8
4.570711077e-06	6.907989915e-06	8
4.580248802e-06	6.925556219e-06	8
4.580248802e-06	6.925556219e-06	0
4.568376202e-06	6.909587284e-06	0
4.556503602e-06	6.89361835e-06	0
4.544631002e-06	6.877649415e-06	0
4.532758402e-06	6.86168048e-06	0
4.520885802e-06	6.845711545e-06	0
4.509013202e-06	6.82974261e-06	0
4.497140601e-06	6.813773675e-06	0
4.485268001e-06	6.79780474e-06	0
4.473395401e-06	6.781835805e-06	0
4.461522801e-06	6.76586687e-06	0
4.449650201e-06	6.749897935e-06	0
4.437777601e-06	6.733929e-06	0
4.425905001e-06	6.717960065e-06	0
4.414032401e-06	6.70199113e-06	0
4.402159801e-06	6.686022195e-06	0
4.390287201e-06	6.67005326e-06	0
4.378414601e-06	6.654084326e-06	0
4.366542001e-06	6.638115391e-06	0
4.354669401e-06	6.622146456e-06	0
4.342796801e-06	6.606177521e-06	0
4.3309242e-06	6.590208586e-06	0
4.3190516e-06	6.574239651e-06	0
4.307179e-06	6.558270716e-06	0
4.2953064e-06	6.542301781e-06	0
4.2834338e-06	6.526332846e-06	0
4.2715612e-06	6.510363911e-06	0
4.2596886e-06	6.494394976e-06	0
4.247816e-06	6.478426041e-06	0
4.2359434e-06	6.462457106e-06	0
4.2240708e-06	6.446488171e-06	0
4.2121982e-06	6.430519236e-06	0
4.2003256e-06	6.414550302e-06	0
4.188453e-06	6.398581367e-06	0
4.1765804e-06	6.382612432e-06	0
4.1647078e-06	6.366643497e-06	0
4.152835199e-06	6.350674562e-06	0
4.140962599e-06	6.334705627e-06	0
4.129089999e-06	6.318736692e-06	0
4.117217399e-06	6.302767757e-06	0
4.105344799e-06	6.286798822e-06	0
4.093472199e-06	6.270829887e-06	0
4.081599599e-06	6.254860952e-06	0
4.069726999e-06	6.238892017e-06	0
4.057854399e-06	6.222923082e-06	0
4.045981799e-06	6.206954147e-06	0
4.034109199e-06	6.190985212e-06	0
4.022236599e-06	6.175016278e-06	0
4.010363999e-06	6.159047343e-06	0
3.998491399e-06	6.143078408e-06	0
3.986618798e-06	6.127109473e-06	0
3.974746198e-06	6.111140538e-06	0
3.962873598e-06	6.095171603e-06	0
3.951000998e-06	6.079202668e-06	0
3.939128398e-06	6.063233733e-06	0
3.927255798e-06	6.047264798e-06	0
3.915383198e-06	6.031295863e-06	0
3.903510598e-06	6.015326928e-06	0
3.891637998e-06	5.999357993e-06	0
3.879765398e-06	5.983389058e-06	0
3.867892798e-06	5.967420123e-06	0
3.856020198e-06	5.951451188e-06	0
3.844147598e-06	5.935482254e-06	0
3.832274998e-06	5.919513319e-06	0
3.820402398e-06	5.903544384e-06	0
3.808529797e-06	5.887575449e-06	0
3.796657197e-06	5.871606514e-06	0
3.784784597e-06	5.855637579e-06	0
3.772911997e-06	5.839668644e-06	0
3.761039397e-06	5.823699709e-06	0
3.761039397e-06	5.823699709e-06	-8
3.770577122e-06	5.841266013e-06	-8
3.780114847e-06	5.858832318e-06	-8
3.789652572e-06	5.876398622e-06	-8
3.799190297e-06	5.893964926e-06	-8
3.808728023e-06	5.911531231e-06	-8
3.818265748e-06	5.929097535e-06	-8
3.827803473e-06	5.94666384e-06	-8
3.837341198e-06	5.964230144e-06	-8
3.846878923e-06	5.981796448e-06	-8
3.856416648e-06	5.999362753e-06	-8
3.865954373e-06	6.016929057e-06	-8
3.875492098e-06	6.034495361e-06	-8
3.885029823e-06	6.052061666e-06	-8
3.894567548e-06	6.06962797e-06	-8
3.904105273e-06	6.087194274e-06	-8
3.913642998e-06	6.104760579e-06	-8
3.923180723e-06	6.122326883e-06	-8
3.932718449e-06	6.139893188e-06	-8
3.942256174e-06	6.157459492e-06	-8
3.951793899e-06	6.175025796e-06	-8
3.961331624e-06	6.192592101e-06	-8
3.970869349e-06	6.210158405e-06	-8
3.980407074e-06	6.227724709e-06	-8
3.989944799e-06	6.245291014e-06	-8
3.999482524e-06	6.262857318e-06	-8
4.009020249e-06	6.280423623e-06	-8
4.018557974e-06	6.297989927e-06	-8
4.028095699e-06	6.315556231e-06	-8
4.037633424e-06	6.333122536e-06	-8
4.047171149e-06	6.35068884e-06	-8
4.056708875e-06	6.368255144e-06	-8
4.0662466e-06	6.385821449e-06	-8
4.075784325e-06	6.403387753e-06	-8
4.08532205e-06	6.420954057e-06	-8
4.094859775e-06	6.438520362e-06	-8
4.1043975e-06	6.456086666e-06	-8
4.113935225e-06	6.473652971e-06	-8
4.12347295e-06	6.491219275e-06	-8
4.133010675e-06	6.508785579e-06	-8
4.1425484e-06	6.526351884e-06	-8
4.152086125e-06	6.543918188e-06	-8
4.16162385e-06	6.561484492e-06	-8
4.171161575e-06	6.579050797e-06	-8
4.180699301e-06	6.596617101e-06	-8
4.190237026e-06	6.614183405e-06	-8
4.199774751e-06	6.63174971e-06	-8
4.209312476e-06	6.649316014e-06	-8
4.218850201e-06	6.666882319e-06	-8
4.228387926e-06	6.684448623e-06	-8
4.237925651e-06	6.702014927e-06	-8
4.247463376e-06	6.719581232e-06	-8
4.257001101e-06	6.737147536e-06	-8
4.266538826e-06	6.75471384e-06	-8
4.276076551e-06	6.772280145e-06	-8
4.285614276e-06	6.789846449e-06	-8
4.295152001e-06	6.807412753e-06	-8
4.304689727e-06	6.824979058e-06	-8
4.314227452e-06	6.842545362e-06	-8
4.323765177e-06	6.860111667e-06	-8
4.333302902e-06	6.877677971e-06	-8
4.342840627e-06	6.895244275e-06	-8
4.352378352e-06	6.91281058e-06	-8
4.361916077e-06	6.930376884e-06	-8
4.371453802e-06	6.947943188e-06	-8
4.380991527e-06	6.965509493e-06	-8
4.390529252e-06	6.983075797e-06	-8
4.400066977e-06	7.000642101e-06	-8
4.409604702e-06	7.018208406e-06	-8
4.409604702e-06	7.018208406e-06	0
4.397732102e-06	7.002239471e-06	0
4.385859502e-06	6.986270536e-06	0
4.373986902e-06	6.970301601e-06	0
4.362114302e-06	6.954332666e-06	0
4.350241702e-06	6.938363731e-06	0
4.338369102e-06	6.922394796e-06	0
4.326496502e-06	6.906425861e-06	0
4.314623902e-06	6.890456926e-06	0
4.302751302e-06	6.874487991e-06	0
4.290878702e-06	6.858519057e-06	0
4.279006102e-06	6.842550122e-06	0
4.267133502e-06	6.826581187e-06	0
4.255260901e-06	6.810612252e-06	0
4.243388301e-06	6.794643317e-06	0
4.231515701e-06	6.778674382e-06	0
4.219643101e-06	6.762705447e-06	0
4.207770501e-06	6.746736512e-06	0
4.195897901e-06	6.730767577e-06	0
4.184025301e-06	6.714798642e-06	0
4.172152701e-06	6.698829707e-06	0
4.160280101e-06	6.682860772e-06	0
4.148407501e-06	6.666891837e-06	0
4.136534901e-06	6.650922902e-06	0
4.124662301e-06	6.634953967e-06	0
4.112789701e-06	6.618985033e-06	0
4.100917101e-06	6.603016098e-06	0
4.089044501e-06	6.587047163e-06	0
4.0771719e-06	6.571078228e-06	0
4.0652993e-06	6.555109293e-06	0
4.0534267e-06	6.539140358e-06	0
4.0415541e-06	6.523171423e-06	0
4.0296815e-06	6.507202488e-06	0
4.0178089e-06	6.491233553e-06	0
4.0059363e-06	6.475264618e-06	0
3.9940637e-06	6.459295683e-06	0
3.9821911e-06	6.443326748e-06	0
3.9703185e-06	6.427357813e-06	0
3.9584459e-06	6.411388878e-06	0
3.9465733e-06	6.395419943e-06	0
3.9347007e-06	6.379451009e-06	0
3.9228281e-06	6.363482074e-06	0
3.910955499e-06	6.347513139e-06	0
3.899082899e-06	6.331544204e-06	0
3.887210299e-06	6.315575269e-06	0
3.875337699e-06	6.299606334e-06	0
3.863465099e-06	6.283637399e-06	0
3.851592499e-06	6.267668464e-06	0
3.839719899e-06	6.251699529e-06	0
3.827847299e-06	6.235730594e-06	0
3.815974699e-06	6.219761659e-06	0
3.804102099e-06	6.203792724e-06	0
3.792229499e-06	6.187823789e-06	0
3.780356899e-06	6.171854854e-06	0
3.768484299e-06	6.155885919e-06	0
3.756611699e-06	6.139916985e-06	0
3.744739099e-06	6.12394805e-06	0
3.732866498e-06	6.107979115e-06	0
3.720993898e-06	6.09201018e-06	0
3.709121298e-06	6.076041245e-06	0
3.697248698e-06	6.06007231e-06	0
3.685376098e-06	6.044103375e-06	0
3.673503498e-06	6.02813444e-06	0
3.661630898e-06	6.012165505e-06	0
3.649758298e-06	5.99619657e-06	0
3.637885698e-06	5.980227635e-06	0
3.626013098e-06	5.9642587e-06	0
3.614140498e-06	5.948289765e-06	0
3.602267898e-06	5.93232083e-06	0
3.590395298e-06	5.916351895e-06	0
3.590395298e-06	5.916351895e-06	8
3.599933023e-06	5.9339182e-06	8
3.609470748e-06	5.951484504e-06	8
3.619008473e-06	5.969050809e-06	8
3.628546198e-06	5.986617113e-06	8
3.638083923e-06	6.004183417e-06	8
3.647621648e-06	6.021749722e-06	8
3.657159373e-06	6.039316026e-06	8
3.666697098e-06	6.05688233e-06	8
3.676234823e-06	6.074448635e-06	8
3.685772548e-06	6.092014939e-06	8
3.695310273e-06	6.109581243e-06	8
3.704847999e-06	6.127147548e-06	8
3.714385724e-06	6.144713852e-06	8
3.723923449e-06	6.162280157e-06	8
3.733461174e-06	6.179846461e-06	8
3.742998899e-06	6.197412765e-06	8
3.752536624e-06	6.21497907e-06	8
3.762074349e-06	6.232545374e-06	8
3.771612074e-06	6.250111678e-06	8
3.781149799e-06	6.267677983e-06	8
3.790687524e-06	6.285244287e-06	8
3.800225249e-06	6.302810592e-06	8
3.809762974e-06	6.320376896e-06	8
3.819300699e-06	6.3379432e-06	8
3.828838425e-06	6.355509505e-06	8
3.83837615e-06	6.373075809e-06	8
3.847913875e-06	6.390642113e-06	8
3.8574516e-06	6.408208418e-06	8
3.866989325e-06	6.425774722e-06	8
3.87652705e-06	6.443341026e-06	8
3.886064775e-06	6.460907331e-06	8
3.8956025e-06	6.478473635e-06	8
3.905140225e-06	6.49603994e-06	8
3.91467795e-06	6.513606244e-06	8
3.924215675e-06	6.531172548e-06	8
3.9337534e-06	6.548738853e-06	8
3.943291125e-06	6.566305157e-06	8
3.952828851e-06	6.583871461e-06	8
3.962366576e-06	6.601437766e-06	8
3.971904301e-06	6.61900407e-06	8
3.981442026e-06	6.636570374e-06	8
3.990979751e-06	6.654136679e-06	8
4.000517476e-06	6.671702983e-06	8
4.010055201e-06	6.689269288e-06	8
4.019592926e-06	6.706835592e-06	8
4.029130651e-06	6.724401896e-06	8
4.038668376e-06	6.741968201e-06	8
4.048206101e-06	6.759534505e-06	8
4.057743826e-06	6.777100809e-06	8
4.067281551e-06	6.794667114e-06	8
4.076819277e-06	6.812233418e-06	8
4.086357002e-06	6.829799722e-06	8
4.095894727e-06	6.847366027e-06	8
4.105432452e-06	6.864932331e-06	8
4.114970177e-06	6.882498636e-06	8
4.124507902e-06	6.90006494e-06	8
4.134045627e-06	6.917631244e-06	8
4.143583352e-06	6.935197549e-06	8
4.153121077e-06	6.952763853e-06	8
4.162658802e-06	6.970330157e-06	8
4.172196527e-06	6.987896462e-06	8
4.181734252e-06	7.005462766e-06	8
4.191271977e-06	7.02302907e-06	8
4.200809703e-06	7.040595375e-06	8
4.210347428e-06	7.058161679e-06	8
4.219885153e-06	7.075727984e-06	8
4.229422878e-06	7.093294288e-06	8
4.238960603e-06	7.110860592e-06	8
4.238960603e-06	7.110860592e-06	0
4.227088003e-06	7.094891657e-06	0
4.215215403e-06	7.078922722e-06	0
4.203342803e-06	7.062953787e-06	0
4.191470203e-06	7.046984853e-06	0
4.179597602e-06	7.031015918e-06	0
4.167725002e-06	7.015046983e-06	0
4.155852402e-06	6.999078048e-06	0
4.143979802e-06	6.983109113e-06	0
4.132107202e-06	6.967140178e-06	0
4.120234602e-06	6.951171243e-06	0
4.108362002e-06	6.935202308e-06	0
4.096489402e-06	6.919233373e-06	0
4.084616802e-06	6.903264438e-06	0
4.072744202e-06	6.887295503e-06	0
4.060871602e-06	6.871326568e-06	0
4.048999002e-06	6.855357633e-06	0
4.037126402e-06	6.839388698e-06	0
4.025253802e-06	6.823419764e-06	0
4.013381202e-06	6.807450829e-06	0
4.001508601e-06	6.791481894e-06	0
3.989636001e-06	6.775512959e-06	0
3.977763401e-06	6.759544024e-06	0
3.965890801e-06	6.743575089e-06	0
3.954018201e-06	6.727606154e-06	0
3.942145601e-06	6.711637219e-06	0
3.930273001e-06	6.695668284e-06	0
3.918400401e-06	6.679699349e-06	0
3.906527801e-06	6.663730414e-06	0
3.894655201e-06	6.647761479e-06	0
3.882782601e-06	6.631792544e-06	0
3.870910001e-06	6.615823609e-06	0
3.859037401e-06	6.599854674e-06	0
3.847164801e-06	6.58388574e-06	0
3.8352922e-06	6.567916805e-06	0
3.8234196e-06	6.55194787e-06	0
3.811547e-06	6.535978935e-06	0
3.7996744e-06	6.52001e-06	0
3.7878018e-06	6.504041065e-06	0
3.7759292e-06	6.48807213e-06	0
3.7640566e-06	6.472103195e-06	0
3.752184e-06	6.45613426e-06	0
3.7403114e-06	6.440165325e-06	0
3.7284388e-06	6.42419639e-06	0
3.7165662e-06	6.408227455e-06	0
3.7046936e-06	6.39225852e-06	0
3.692821e-06	6.376289585e-06	0
3.6809484e-06	6.36032065e-06	0
3.6690758e-06	6.344351716e-06	0
3.657203199e-06	6.328382781e-06	0
3.645330599e-06	6.312413846e-06	0
3.633457999e-06	6.296444911e-06	0
3.621585399e-06	6.280475976e-06	0
3.609712799e-06	6.264507041e-06	0
3.597840199e-06	6.248538106e-06	0
3.585967599e-06	6.232569171e-06	0
3.574094999e-06	6.216600236e-06	0
3.562222399e-06	6.200631301e-06	0
3.550349799e-06	6.184662366e-06	0
3.538477199e-06	6.168693431e-06	0
3.526604599e-06	6.152724496e-06	0
3.514731999e-06	6.136755561e-06	0
3.502859399e-06	6.120786626e-06	0
3.490986798e-06	6.104817692e-06	0
3.479114198e-06	6.088848757e-06	0
3.467241598e-06	6.072879822e-06	0
3.455368998e-06	6.056910887e-06	0
3.443496398e-06	6.040941952e-06	0
3.431623798e-06	6.024973017e-06	0
3.419751198e-06	6.009004082e-06	0
3.419751198e-06	6.009004082e-06	-8
3.429288923e-06	6.026570386e-06	-8
3.438826648e-06	6.044136691e-06	-8
3.448364373e-06	6.061702995e-06	-8
3.457902098e-06	6.079269299e-06	-8
3.467439823e-06	6.096835604e-06	-8
3.476977549e-06	6.114401908e-06	-8
3.486515274e-06	6.131968212e-06	-8
3.496052999e-06	6.149534517e-06	-8
3.505590724e-06	6.167100821e-06	-8
3.515128449e-06	6.184667126e-06	-8
3.524666174e-06	6.20223343e-06	-8
3.534203899e-06	6.219799734e-06	-8
3.543741624e-06	6.237366039e-06	-8
3.553279349e-06	6.254932343e-06	-8
3.562817074e-06	6.272498647e-06	-8
3.572354799e-06	6.290064952e-06	-8
3.581892524e-06	6.307631256e-06	-8
3.591430249e-06	6.325197561e-06	-8
3.600967975e-06	6.342763865e-06	-8
3.6105057e-06	6.360330169e-06	-8
3.620043425e-06	6.377896474e-06	-8
3.62958115e-06	6.395462778e-06	-8
3.639118875e-06	6.413029082e-06	-8
3.6486566e-06	6.430595387e-06	-8
3.658194325e-06	6.448161691e-06	-8
3.66773205e-06	6.465727995e-06	-8
3.677269775e-06	6.4832943e-06	-8
3.6868075e-06	6.500860604e-06	-8
3.696345225e-06	6.518426909e-06	-8
3.70588295e-06	6.535993213e-06	-8
3.715420675e-06	6.553559517e-06	-8
3.724958401e-06	6.571125822e-06	-8
3.734496126e-06	6.588692126e-06	-8
3.744033851e-06	6.60625843e-06	-8
3.753571576e-06	6.623824735e-06	-8
3.763109301e-06	6.641391039e-06	-8
3.772647026e-06	6.658957343e-06	-8
3.782184751e-06	6.676523648e-06	-8
3.791722476e-06	6.694089952e-06	-8
3.801260201e-06	6.711656257e-06	-8
3.810797926e-06	6.729222561e-06	-8
3.820335651e-06	6.746788865e-06	-8
3.829873376e-06	6.76435517e-06	-8
3.839411101e-06	6.781921474e-06	-8
3.848948827e-06	6.799487778e-06	-8
3.858486552e-06	6.817054083e-06	-8
3.868024277e-06	6.834620387e-06	-8
3.877562002e-06	6.852186691e-06	-8
3.887099727e-06	6.869752996e-06	-8
3.896637452e-06	6.8873193e-06	-8
3.906175177e-06	6.904885605e-06	-8
3.915712902e-06	6.922451909e-06	-8
3.925250627e-06	6.940018213e-06	-8
3.934788352e-06	6.957584518e-06	-8
3.944326077e-06	6.975150822e-06	-8
3.953863802e-06	6.992717126e-06	-8
3.963401527e-06	7.010283431e-06	-8
3.972939253e-06	7.027849735e-06	-8
3.982476978e-06	7.045416039e-06	-8
3.992014703e-06	7.062982344e-06	-8
4.001552428e-06	7.080548648e-06	-8
4.011090153e-06	7.098114953e-06	-8
4.020627878e-06	7.115681257e-06	-8
4.030165603e-06	7.133247561e-06	-8
4.039703328e-06	7.150813866e-06	-8
4.049241053e-06	7.16838017e-06	-8
4.058778778e-06	7.185946474e-06	-8
4.068316503e-06	7.203512779e-06	-8
4.068316503e-06	7.203512779e-06	0
4.056443903e-06	7.187543844e-06	0
4.044571303e-06	7.171574909e-06	0
4.032698703e-06	7.155605974e-06	0
4.020826103e-06	7.139637039e-06	0
4.008953503e-06	7.123668104e-06	0
3.997080903e-06	7.107699169e-06	0
3.985208303e-06	7.091730234e-06	0
3.973335703e-06	7.075761299e-06	0
3.961463103e-06	7.059792364e-06	0
3.949590503e-06	7.043823429e-06	0
3.937717903e-06	7.027854494e-06	0
3.925845302e-06	7.01188556e-06	0
3.913972702e-06	6.995916625e-06	0
3.902100102e-06	6.97994769e-06	0
3.890227502e-06	6.963978755e-06	0
3.878354902e-06	6.94800982e-06	0
3.866482302e-06	6.932040885e-06	0
3.854609702e-06	6.91607195e-06	0
3.842737102e-06	6.900103015e-06	0
3.830864502e-06	6.88413408e-06	0
3.818991902e-06	6.868165145e-06	0
3.807119302e-06	6.85219621e-06	0
3.795246702e-06	6.836227275e-06	0
3.783374102e-06	6.82025834e-06	0
3.771501502e-06	6.804289405e-06	0
3.759628901e-06	6.788320471e-06	0
3.747756301e-06	6.772351536e-06	0
3.735883701e-06	6.756382601e-06	0
3.724011101e-06	6.740413666e-06	0
3.712138501e-06	6.724444731e-06	0
3.700265901e-06	6.708475796e-06	0
3.688393301e-06	6.692506861e-06	0
3.676520701e-06	6.676537926e-06	0
3.664648101e-06	6.660568991e-06	0
3.652775501e-06	6.644600056e-06	0
3.640902901e-06	6.628631121e-06	0
3.629030301e-06	6.612662186e-06	0
3.617157701e-06	6.596693251e-06	0
3.605285101e-06	6.580724316e-06	0
3.593412501e-06	6.564755381e-06	0
3.5815399e-06	6.548786447e-06	0
3.5696673e-06	6.532817512e-06	0
3.5577947e-06	6.516848577e-06	0
3.5459221e-06	6.500879642e-06	0
3.5340495e-06	6.484910707e-06	0
3.5221769e-06	6.468941772e-06	0
3.5103043e-06	6.452972837e-06	0
3.4984317e-06	6.437003902e-06	0
3.4865591e-06	6.421034967e-06	0
3.4746865e-06	6.405066032e-06	0
3.4628139e-06	6.389097097e-06	0
3.4509413e-06	6.373128162e-06	0
3.4390687e-06	6.357159227e-06	0
3.4271961e-06	6.341190292e-06	0
3.415323499e-06	6.325221357e-06	0
3.403450899e-06	6.309252423e-06	0
3.391578299e-06	6.293283488e-06	0
3.379705699e-06	6.277314553e-06	0
3.367833099e-06	6.261345618e-06	0
3.355960499e-06	6.245376683e-06	0
3.344087899e-06	6.229407748e-06	0
3.332215299e-06	6.213438813e-06	0
3.320342699e-06	6.197469878e-06	0
3.308470099e-06	6.181500943e-06	0
3.296597499e-06	6.165532008e-06	0
3.284724899e-06	6.149563073e-06	0
3.272852299e-06	6.133594138e-06	0
3.260979699e-06	6.117625203e-06	0
3.249107099e-06	6.101656268e-06	0
3.249107099e-06	6.101656268e-06	8
3.258644824e-06	6.119222573e-06	8
3.268182549e-06	6.136788877e-06	8
3.277720274e-06	6.154355181e-06	8
3.287257999e-06	6.171921486e-06	8
3.296795724e-06	6.18948779e-06	8
3.306333449e-06	6.207054095e-06	8
3.315871174e-06	6.224620399e-06	8
3.325408899e-06	6.242186703e-06	8
3.334946624e-06	6.259753008e-06	8
3.344484349e-06	6.277319312e-06	8
3.354022074e-06	6.294885616e-06	8
3.363559799e-06	6.312451921e-06	8
3.373097525e-06	6.330018225e-06	8
3.38263525e-06	6.347584529e-06	8
3.392172975e-06	6.365150834e-06	8
3.4017107e-06	6.382717138e-06	8
3.411248425e-06	6.400283443e-06	8
3.42078615e-06	6.417849747e-06	8
3.430323875e-06	6.435416051e-06	8
3.4398616e-06	6.452982356e-06	8
3.449399325e-06	6.47054866e-06	8
3.45893705e-06	6.488114964e-06	8
3.468474775e-06	6.505681269e-06	8
3.4780125e-06	6.523247573e-06	8
3.487550225e-06	6.540813878e-06	8
3.497087951e-06	6.558380182e-06	8
3.506625676e-06	6.575946486e-06	8
3.516163401e-06	6.593512791e-06	8
3.525701126e-06	6.611079095e-06	8
3.535238851e-06	6.628645399e-06	8
3.544776576e-06	6.646211704e-06	8
3.554314301e-06	6.663778008e-06	8
3.563852026e-06	6.681344312e-06	8
3.573389751e-06	6.698910617e-06	8
3.582927476e-06	6.716476921e-06	8
3.592465201e-06	6.734043226e-06	8
3.602002926e-06	6.75160953e-06	8
3.611540651e-06	6.769175834e-06	8
3.621078377e-06	6.786742139e-06	8
3.630616102e-06	6.804308443e-06	8
3.640153827e-06	6.821874747e-06	8
3.649691552e-06	6.839441052e-06	8
3.659229277e-06	6.857007356e-06	8
3.668767002e-06	6.87457366e-06	8
3.678304727e-06	6.892139965e-06	8
3.687842452e-06	6.909706269e-06	8
3.697380177e-06	6.927272574e-06	8
3.706917902e-06	6.944838878e-06	8
3.716455627e-06	6.962405182e-06	8
3.725993352e-06	6.979971487e-06	8
3.735531077e-06	6.997537791e-06	8
3.745068803e-06	7.015104095e-06	8
3.754606528e-06	7.0326704e-06	8
3.764144253e-06	7.050236704e-06	8
3.773681978e-06	7.067803008e-06	8
3.783219703e-06	7.085369313e-06	8
3.792757428e-06	7.102935617e-06	8
3.802295153e-06	7.120501922e-06	8
3.811832878e-06	7.138068226e-06	8
3.821370603e-06	7.15563453e-06	8
3.830908328e-06	7.173200835e-06	8
3.840446053e-06	7.190767139e-06	8
3.849983778e-06	7.208333443e-06	8
3.859521503e-06	7.225899748e-06	8
3.869059229e-06	7.243466052e-06	8
3.878596954e-06	7.261032356e-06	8
3.888134679e-06	7.278598661e-06	8
3.897672404e-06	7.296164965e-06	8
3.897672404e-06	7.296164965e-06	0
3.885799804e-06	7.28019603e-06	0
3.873927204e-06	7.264227095e-06	0
3.862054604e-06	7.24825816e-06	0
3.850182003e-06	7.232289225e-06	0
3.838309403e-06	7.216320291e-06	0
3.826436803e-06	7.200351356e-06	0
3.814564203e-06	7.184382421e-06	0
3.802691603e-06	7.168413486e-06	0
3.790819003e-06	7.152444551e-06	0
3.778946403e-06	7.136475616e-06	0
3.767073803e-06	7.120506681e-06	0
3.755201203e-06	7.104537746e-06	0
3.743328603e-06	7.088568811e-06	0
3.731456003e-06	7.072599876e-06	0
3.719583403e-06	7.056630941e-06	0
3.707710803e-06	7.040662006e-06	0
3.695838203e-06	7.024693071e-06	0
3.683965602e-06	7.008724136e-06	0
3.672093002e-06	6.992755201e-06	0
3.660220402e-06	6.976786267e-06	0
3.648347802e-06	6.960817332e-06	0
3.636475202e-06	6.944848397e-06	0
3.624602602e-06	6.928879462e-06	0
3.612730002e-06	6.912910527e-06	0
3.600857402e-06	6.896941592e-06	0
3.588984802e-06	6.880972657e-06	0
3.577112202e-06	6.865003722e-06	0
3.565239602e-06	6.849034787e-06	0
3.553367002e-06	6.833065852e-06	0
3.541494402e-06	6.817096917e-06	0
3.529621802e-06	6.801127982e-06	0
3.517749202e-06	6.785159047e-06	0
3.505876601e-06	6.769190112e-06	0
3.494004001e-06	6.753221177e-06	0
3.482131401e-06	6.737252243e-06	0
3.470258801e-06	6.721283308e-06	0
3.458386201e-06	6.705314373e-06	0
3.446513601e-06	6.689345438e-06	0
3.434641001e-06	6.673376503e-06	0
3.422768401e-06	6.657407568e-06	0
3.410895801e-06	6.641438633e-06	0
3.399023201e-06	6.625469698e-06	0
3.387150601e-06	6.609500763e-06	0
3.375278001e-06	6.593531828e-06	0
3.363405401e-06	6.577562893e-06	0
3.351532801e-06	6.561593958e-06	0
3.339660201e-06	6.545625023e-06	0
3.3277876e-06	6.529656088e-06	0
3.315915e-06	6.513687154e-06	0
3.3040424e-06	6.497718219e-06	0
3.2921698e-06	6.481749284e-06	0
3.2802972e-06	6.465780349e-06	0
3.2684246e-06	6.449811414e-06	0
3.256552e-06	6.433842479e-06	0
3.2446794e-06	6.417873544e-06	0
3.2328068e-06	6.401904609e-06	0
3.2209342e-06	6.385935674e-06	0
3.2090616e-06	6.369966739e-06	0
3.197189e-06	6.353997804e-06	0
3.1853164e-06	6.338028869e-06	0
3.1734438e-06	6.322059934e-06	0
3.161571199e-06	6.306090999e-06	0
3.149698599e-06	6.290122064e-06	0
3.137825999e-06	6.27415313e-06	0
3.125953399e-06	6.258184195e-06	0
3.114080799e-06	6.24221526e-06	0
3.102208199e-06	6.226246325e-06	0
3.090335599e-06	6.21027739e-06	0
3.078462999e-06	6.194308455e-06	0
3.078462999e-06	6.194308455e-06	-8
3.088000724e-06	6.211874759e-06	-8
3.097538449e-06	6.229441064e-06	-8
3.107076174e-06	6.247007368e-06	-8
3.116613899e-06	6.264573672e-06	-8
3.126151624e-06	6.282139977e-06	-8
3.135689349e-06	6.299706281e-06	-8
3.145227075e-06	6.317272585e-06	-8
3.1547648e-06	6.33483889e-06	-8
3.164302525e-06	6.352405194e-06	-8
3.17384025e-06	6.369971498e-06	-8
3.183377975e-06	6.387537803e-06	-8
3.1929157e-06	6.405104107e-06	-8
3.202453425e-06	6.422670412e-06	-8
3.21199115e-06	6.440236716e-06	-8
3.221528875e-06	6.45780302e-06	-8
3.2310666e-06	6.475369325e-06	-8
3.240604325e-06	6.492935629e-06	-8
3.25014205e-06	6.510501933e-06	-8
3.259679775e-06	6.528068238e-06	-8
3.269217501e-06	6.545634542e-06	-8
3.278755226e-06	6.563200847e-06	-8
3.288292951e-06	6.580767151e-06	-8
3.297830676e-06	6.598333455e-06	-8
3.307368401e-06	6.61589976e-06	-8
3.316906126e-06	6.633466064e-06	-8
3.326443851e-06	6.651032368e-06	-8
3.335981576e-06	6.668598673e-06	-8
3.345519301e-06	6.686164977e-06	-8
3.355057026e-06	6.703731281e-06	-8
3.364594751e-06	6.721297586e-06	-8
3.374132476e-06	6.73886389e-06	-8
3.383670201e-06	6.756430195e-06	-8
3.393207927e-06	6.773996499e-06	-8
3.402745652e-06	6.791562803e-06	-8
3.412283377e-06	6.809129108e-06	-8
3.421821102e-06	6.826695412e-06	-8
3.431358827e-06	6.844261716e-06	-8
3.440896552e-06	6.861828021e-06	-8
3.450434277e-06	6.879394325e-06	-8
3.459972002e-06	6.896960629e-06	-8
3.469509727e-06	6.914526934e-06	-8
3.479047452e-06	6.932093238e-06	-8
3.488585177e-06	6.949659543e-06	-8
3.498122902e-06	6.967225847e-06	-8
3.507660627e-06	6.984792151e-06	-8
3.517198353e-06	7.002358456e-06	-8
3.526736078e-06	7.01992476e-06	-8
3.536273803e-06	7.037491064e-06	-8
3.545811528e-06	7.055057369e-06	-8
3.555349253e-06	7.072623673e-06	-8
3.564886978e-06	7.090189977e-06	-8
3.574424703e-06	7.107756282e-06	-8
3.583962428e-06	7.125322586e-06	-8
3.593500153e-06	7.142888891e-06	-8
3.603037878e-06	7.160455195e-06	-8
3.612575603e-06	7.178021499e-06	-8
3.622113328e-06	7.195587804e-06	-8
3.631651053e-06	7.213154108e-06	-8
3.641188779e-06	7.230720412e-06	-8
3.650726504e-06	7.248286717e-06	-8
3.660264229e-06	7.265853021e-06	-8
3.669801954e-06	7.283419325e-06	-8
3.679339679e-06	7.30098563e-06	-8
3.688877404e-06	7.318551934e-06	-8
3.698415129e-06	7.336118239e-06	-8
3.707952854e-06	7.353684543e-06	-8
3.717490579e-06	7.371250847e-06	-8
3.727028304e-06	7.388817152e-06	-8
3.727028304e-06	7.388817152e-06	0
3.746068782e-06	7.38287982e-06	0
3.765109259e-06	7.376942488e-06	0
3.784149737e-06	7.371005156e-06	0
3.803190214e-06	7.365067824e-06	0
3.822230691e-06	7.359130492e-06	0
3.841271169e-06	7.35319316e-06	0
3.860311646e-06	7.347255828e-06	0
3.879352124e-06	7.341318496e-06	0
3.898392601e-06	7.335381164e-06	0
3.917433079e-06	7.329443832e-06	0
3.936473556e-06	7.3235065e-06	0
3.955514034e-06	7.317569168e-06	0
3.974554511e-06	7.311631836e-06	0
3.993594988e-06	7.305694503e-06	0
4.012635466e-06	7.299757171e-06	0
4.031675943e-06	7.293819839e-06	0
4.050716421e-06	7.287882507e-06	0
4.069756898e-06	7.281945175e-06	0
4.088797376e-06	7.276007843e-06	0
4.107837853e-06	7.270070511e-06	0
4.126878331e-06	7.264133179e-06	0
4.145918808e-06	7.258195847e-06	0
4.164959286e-06	7.252258515e-06	0
4.183999763e-06	7.246321183e-06	0
4.20304024e-06	7.240383851e-06	0
4.222080718e-06	7.234446519e-06	0
4.241121195e-06	7.228509187e-06	0
4.260161673e-06	7.222571855e-06	0
4.27920215e-06	7.216634523e-06	0
4.298242628e-06	7.210697191e-06	0
4.317283105e-06	7.204759859e-06	0
4.336323583e-06	7.198822527e-06	0
4.35536406e-06	7.192885195e-06	0
4.374404537e-06	7.186947863e-06	0
4.393445015e-06	7.181010531e-06	0
4.412485492e-06	7.175073199e-06	0
4.43152597e-06	7.169135867e-06	0
4.450566447e-06	7.163198535e-06	0
4.469606925e-06	7.157261203e-06	0
4.488647402e-06	7.151323871e-06	0
4.50768788e-06	7.145386539e-06	0
4.526728357e-06	7.139449207e-06	0
4.545768835e-06	7.133511875e-06	0
4.564809312e-06	7.127574543e-06	0
4.583849789e-06	7.121637211e-06	0
4.602890267e-06	7.115699879e-06	0
4.621930744e-06	7.109762547e-06	0
4.640971222e-06	7.103825215e-06	0
4.660011699e-06	7.097887883e-06	0
4.679052177e-06	7.091950551e-06	0
4.698092654e-06	7.086013219e-06	0
4.717133132e-06	7.080075887e-06	0
4.736173609e-06	7.074138555e-06	0
4.755214086e-06	7.068201223e-06	0
4.774254564e-06	7.062263891e-06	0
4.793295041e-06	7.056326559e-06	0
4.812335519e-06	7.050389227e-06	0
4.831375996e-06	7.044451895e-06	0
4.850416474e-06	7.038514563e-06	0
4.869456951e-06	7.032577231e-06	0
4.888497429e-06	7.026639899e-06	0
4.907537906e-06	7.020702567e-06	0
4.926578384e-06	7.014765235e-06	0
4.945618861e-06	7.008827903e-06	0
4.964659338e-06	7.002890571e-06	0
4.983699816e-06	6.996953239e-06	0
5.002740293e-06	6.991015907e-06	0
5.021780771e-06	6.985078575e-06	0
5.040821248e-06	6.979141243e-06	0
5.059861726e-06	6.973203911e-06	0
5.078902203e-06	6.967266579e-06	0
5.097942681e-06	6.961329247e-06	0
5.116983158e-06	6.955391915e-06	0
5.136023635e-06	6.949454583e-06	0
5.155064113e-06	6.943517251e-06	0
5.17410459e-06	6.937579919e-06	0
5.193145068e-06	6.931642587e-06	0
5.212185545e-06	6.925705255e-06	0
5.231226023e-06	6.919767923e-06	0
5.2502665e-06	6.913830591e-06	0
5.269306978e-06	6.907893259e-06	0
5.288347455e-06	6.901955927e-06	0
5.307387933e-06	6.896018595e-06	0
5.32642841e-06	6.890081263e-06	0
5.345468887e-06	6.884143931e-06	0
5.364509365e-06	6.878206599e-06	0
5.383549842e-06	6.872269267e-06	0
5.40259032e-06	6.866331935e-06	0
5.421630797e-06	6.860394603e-06	0
5.440671275e-06	6.854457271e-06	0
5.459711752e-06	6.848519939e-06	0
5.47875223e-06	6.842582607e-06	0
5.497792707e-06	6.836645274e-06	0
5.516833184e-06	6.830707942e-06	0
5.535873662e-06	6.82477061e-06	0
5.554914139e-06	6.818833278e-06	0
5.573954617e-06	6.812895946e-06	0
5.592995094e-06	6.806958614e-06	0
5.612035572e-06	6.801021282e-06	0
5.631076049e-06	6.79508395e-06	0
5.650116527e-06	6.789146618e-06	0
5.669157004e-06	6.783209286e-06	0
5.688197482e-06	6.777271954e-06	0
5.707237959e-06	6.771334622e-06	0
5.726278436e-06	6.76539729e-06	0
5.745318914e-06	6.759459958e-06	0
5.764359391e-06	6.753522626e-06	0
5.783399869e-06	6.747585294e-06	0
5.802440346e-06	6.741647962e-06	0
5.821480824e-06	6.73571063e-06	0
5.840521301e-06	6.729773298e-06	0
5.859561779e-06	6.723835966e-06	0
5.878602256e-06	6.717898634e-06	0
5.897642733e-06	6.711961302e-06	0
5.916683211e-06	6.70602397e-06	0
5.935723688e-06	6.700086638e-06	0
5.954764166e-06	6.694149306e-06	0
5.973804643e-06	6.688211974e-06	0
5.992845121e-06	6.682274642e-06	0
6.011885598e-06	6.67633731e-06	0
6.030926076e-06	6.670399978e-06	0
6.049966553e-06	6.664462646e-06	0
6.06900703e-06	6.658525314e-06	0
6.088047508e-06	6.652587982e-06	0
6.107087985e-06	6.64665065e-06	0
6.126128463e-06	6.640713318e-06	0
6.14516894e-06	6.634775986e-06	0
6.164209418e-06	6.628838654e-06	0
6.183249895e-06	6.622901322e-06	0
6.202290373e-06	6.61696399e-06	0
6.22133085e-06	6.611026658e-06	0
6.240371328e-06	6.605089326e-06	0
6.259411805e-06	6.599151994e-06	0
6.278452282e-06	6.593214662e-06	0
6.29749276e-06	6.58727733e-06	0
6.316533237e-06	6.581339998e-06	0
6.335573715e-06	6.575402666e-06	0
6.354614192e-06	6.569465334e-06	0
6.37365467e-06	6.563528002e-06	0
6.392695147e-06	6.55759067e-06	0
6.411735625e-06	6.551653338e-06	0
6.430776102e-06	6.545716006e-06	0
6.449816579e-06	6.539778674e-06	0
6.468857057e-06	6.533841342e-06	0
6.487897534e-06	6.52790401e-06	0
6.506938012e-06	6.521966678e-06	0
6.525978489e-06	6.516029346e-06	0
6.545018967e-06	6.510092014e-06	0
6.564059444e-06	6.504154682e-06	0
6.583099922e-06	6.49821735e-06	0
6.602140399e-06	6.492280018e-06	0
6.621180877e-06	6.486342686e-06	0
6.640221354e-06	6.480405354e-06	0
6.659261831e-06	6.474468022e-06	0
6.678302309e-06	6.46853069e-06	0
6.697342786e-06	6.462593358e-06	0
6.716383264e-06	6.456656026e-06	0
6.735423741e-06	6.450718694e-06	0
6.754464219e-06	6.444781362e-06	0
6.773504696e-06	6.43884403e-06	0
6.792545174e-06	6.432906698e-06	0
6.811585651e-06	6.426969366e-06	0
6.830626128e-06	6.421032034e-06	0
6.849666606e-06	6.415094702e-06	0
6.868707083e-06	6.40915737e-06	0
6.887747561e-06	6.403220038e-06	0
6.906788038e-06	6.397282706e-06	0
6.925828516e-06	6.391345374e-06	0
6.944868993e-06	6.385408042e-06	0
6.963909471e-06	6.37947071e-06	0
6.982949948e-06	6.373533378e-06	0
7.001990426e-06	6.367596045e-06	0
7.021030903e-06	6.361658713e-06	0
7.04007138e-06	6.355721381e-06	0
7.059111858e-06	6.349784049e-06	0
7.078152335e-06	6.343846717e-06	0
7.097192813e-06	6.337909385e-06	0
7.11623329e-06	6.331972053e-06	0
7.135273768e-06	6.326034721e-06	0
7.154314245e-06	6.320097389e-06	0
7.173354723e-06	6.314160057e-06	0
7.1923952e-06	6.308222725e-06	0
7.211435677e-06	6.302285393e-06	0
7.230476155e-06	6.296348061e-06	0
7.249516632e-06	6.290410729e-06	0
7.26855711e-06	6.284473397e-06	0
7.287597587e-06	6.278536065e-06	0
7.306638065e-06	6.272598733e-06	0
7.325678542e-06	6.266661401e-06	0
7.34471902e-06	6.260724069e-06	0
7.363759497e-06	6.254786737e-06	0
7.382799975e-06	6.248849405e-06	0
7.401840452e-06	6.242912073e-06	0
7.401840452e-06	6.242912073e-06	8
7.391396449e-06	6.259955138e-06	8
7.380952445e-06	6.276998202e-06	8
7.370508442e-06	6.294041266e-06	8
7.360064439e-06	6.311084331e-06	8
7.349620436e-06	6.328127395e-06	8
7.339176432e-06	6.34517046e-06	8
7.328732429e-06	6.362213524e-06	8
7.318288426e-06	6.379256588e-06	8
7.307844422e-06	6.396299653e-06	8
7.297400419e-06	6.413342717e-06	8
7.286956416e-06	6.430385782e-06	8
7.276512412e-06	6.447428846e-06	8
7.266068409e-06	6.46447191e-06	8
7.255624406e-06	6.481514975e-06	8
7.245180403e-06	6.498558039e-06	8
7.234736399e-06	6.515601104e-06	8
7.224292396e-06	6.532644168e-06	8
7.213848393e-06	6.549687232e-06	8
7.203404389e-06	6.566730297e-06	8
7.192960386e-06	6.583773361e-06	8
7.182516383e-06	6.600816425e-06	8
7.17207238e-06	6.61785949e-06	8
7.161628376e-06	6.634902554e-06	8
7.151184373e-06	6.651945619e-06	8
7.14074037e-06	6.668988683e-06	8
7.130296366e-06	6.686031747e-06	8
7.119852363e-06	6.703074812e-06	8
7.10940836e-06	6.720117876e-06	8
7.098964356e-06	6.737160941e-06	8
7.088520353e-06	6.754204005e-06	8
7.07807635e-06	6.771247069e-06	8
7.067632347e-06	6.788290134e-06	8
7.057188343e-06	6.805333198e-06	8
7.04674434e-06	6.822376263e-06	8
7.036300337e-06	6.839419327e-06	8
7.025856333e-06	6.856462391e-06	8
7.01541233e-06	6.873505456e-06	8
7.004968327e-06	6.89054852e-06	8
6.994524324e-06	6.907591585e-06	8
6.98408032e-06	6.924634649e-06	8
6.973636317e-06	6.941677713e-06	8
6.963192314e-06	6.958720778e-06	8
6.95274831e-06	6.975763842e-06	8
6.942304307e-06	6.992806907e-06	8
6.931860304e-06	7.009849971e-06	8
6.921416301e-06	7.026893035e-06	8
6.910972297e-06	7.0439361e-06	8
6.900528294e-06	7.060979164e-06	8
6.890084291e-06	7.078022228e-06	8
6.879640287e-06	7.095065293e-06	8
6.869196284e-06	7.112108357e-06	8
6.858752281e-06	7.129151422e-06	8
6.848308277e-06	7.146194486e-06	8
6.837864274e-06	7.16323755e-06	8
6.827420271e-06	7.180280615e-06	8
6.816976268e-06	7.197323679e-06	8
6.806532264e-06	7.214366744e-06	8
6.796088261e-06	7.231409808e-06	8
6.785644258e-06	7.248452872e-06	8
6.775200254e-06	7.265495937e-06	8
6.764756251e-06	7.282539001e-06	8
6.754312248e-06	7.299582066e-06	8
6.743868245e-06	7.31662513e-06	8
6.733424241e-06	7.333668194e-06	8
6.722980238e-06	7.350711259e-06	8
6.712536235e-06	7.367754323e-06	8
6.702092231e-06	7.384797388e-06	8
6.691648228e-06	7.401840452e-06	8
6.691648228e-06	7.401840452e-06	0
6.699541431e-06	7.383574011e-06	0
6.707434635e-06	7.36530757e-06	0
6.715327838e-06	7.34704113e-06	0
6.723221041e-06	7.328774689e-06	0
6.731114245e-06	7.310508248e-06	0
6.739007448e-06	7.292241808e-06	0
6.746900651e-06	7.273975367e-06	0
6.754793854e-06	7.255708926e-06	0
6.762687058e-06	7.237442485e-06	0
6.770580261e-06	7.219176045e-06	0
6.778473464e-06	7.200909604e-06	0
6.786366668e-06	7.182643163e-06	0
6.794259871e-06	7.164376722e-06	0
6.802153074e-06	7.146110282e-06	0
6.810046277e-06	7.127843841e-06	0
6.817939481e-06	7.1095774e-06	0
6.825832684e-06	7.091310959e-06	0
6.833725887e-06	7.073044519e-06	0
6.841619091e-06	7.054778078e-06	0
6.849512294e-06	7.036511637e-06	0
6.857405497e-06	7.018245197e-06	0
6.8652987e-06	6.999978756e-06	0
6.873191904e-06	6.981712315e-06	0
6.881085107e-06	6.963445874e-06	0
6.88897831e-06	6.945179434e-06	0
6.896871514e-06	6.926912993e-06	0
6.904764717e-06	6.908646552e-06	0
6.91265792e-06	6.890380111e-06	0
6.920551123e-06	6.872113671e-06	0
6.928444327e-06	6.85384723e-06	0
6.93633753e-06	6.835580789e-06	0
6.944230733e-06	6.817314348e-06	0
6.952123937e-06	6.799047908e-06	0
6.96001714e-06	6.780781467e-06	0
6.967910343e-06	6.762515026e-06	0
6.975803546e-06	6.744248586e-06	0
6.98369675e-06	6.725982145e-06	0
6.991589953e-06	6.707715704e-06	0
6.999483156e-06	6.689449263e-06	0
7.00737636e-06	6.671182823e-06	0
7.015269563e-06	6.652916382e-06	0
7.023162766e-06	6.634649941e-06	0
7.031055969e-06	6.6163835e-06	0
7.038949173e-06	6.59811706e-06	0
7.046842376e-06	6.579850619e-06	0
7.054735579e-06	6.561584178e-06	0
7.062628783e-06	6.543317737e-06	0
7.070521986e-06	6.525051297e-06	0
7.078415189e-06	6.506784856e-06	0
7.086308393e-06	6.488518415e-06	0
7.094201596e-06	6.470251974e-06	0
7.102094799e-06	6.451985534e-06	0
7.109988002e-06	6.433719093e-06	0
7.117881206e-06	6.415452652e-06	0
7.125774409e-06	6.397186212e-06	0
7.133667612e-06	6.378919771e-06	0
7.141560816e-06	6.36065333e-06	0
7.149454019e-06	6.342386889e-06	0
7.157347222e-06	6.324120449e-06	0
7.165240425e-06	6.305854008e-06	0
7.173133629e-06	6.287587567e-06	0
7.181026832e-06	6.269321126e-06	0
7.188920035e-06	6.251054686e-06	0
7.196813239e-06	6.232788245e-06	0
7.204706442e-06	6.214521804e-06	0
7.212599645e-06	6.196255363e-06	0
7.220492848e-06	6.177988923e-06	0
7.228386052e-06	6.159722482e-06	0
7.236279255e-06	6.141456041e-06	0
7.236279255e-06	6.141456041e-06	-8
7.225835252e-06	6.158499106e-06	-8
7.215391248e-06	6.17554217e-06	-8
7.204947245e-06	6.192585234e-06	-8
7.194503242e-06	6.209628299e-06	-8
7.184059239e-06	6.226671363e-06	-8
7.173615235e-06	6.243714428e-06	-8
7.163171232e-06	6.260757492e-06	-8
7.152727229e-06	6.277800556e-06	-8
7.142283225e-06	6.294843621e-06	-8
7.131839222e-06	6.311886685e-06	-8
7.121395219e-06	6.32892975e-06	-8
7.110951215e-06	6.345972814e-06	-8
7.100507212e-06	6.363015878e-06	-8
7.090063209e-06	6.380058943e-06	-8
7.079619206e-06	6.397102007e-06	-8
7.069175202e-06	6.414145072e-06	-8
7.058731199e-06	6.431188136e-06	-8
7.048287196e-06	6.4482312e-06	-8
7.037843192e-06	6.465274265e-06	-8
7.027399189e-06	6.482317329e-06	-8
7.016955186e-06	6.499360394e-06	-8
7.006511183e-06	6.516403458e-06	-8
6.996067179e-06	6.533446522e-06	-8
6.985623176e-06	6.550489587e-06	-8
6.975179173e-06	6.567532651e-06	-8
6.964735169e-06	6.584575715e-06	-8
6.954291166e-06	6.60161878e-06	-8
6.943847163e-06	6.618661844e-06	-8
6.93340316e-06	6.635704909e-06	-8
6.922959156e-06	6.652747973e-06	-8
6.912515153e-06	6.669791037e-06	-8
6.90207115e-06	6.686834102e-06	-8
6.891627146e-06	6.703877166e-06	-8
6.881183143e-06	6.720920231e-06	-8
6.87073914e-06	6.737963295e-06	-8
6.860295136e-06	6.755006359e-06	-8
6.849851133e-06	6.772049424e-06	-8
6.83940713e-06	6.789092488e-06	-8
6.828963127e-06	6.806135553e-06	-8
6.818519123e-06	6.823178617e-06	-8
6.80807512e-06	6.840221681e-06	-8
6.797631117e-06	6.857264746e-06	-8
6.787187113e-06	6.87430781e-06	-8
6.77674311e-06	6.891350875e-06	-8
6.766299107e-06	6.908393939e-06	-8
6.755855104e-06	6.925437003e-06	-8
6.7454111e-06	6.942480068e-06	-8
6.734967097e-06	6.959523132e-06	-8
6.724523094e-06	6.976566197e-06	-8
6.71407909e-06	6.993609261e-06	-8
6.703635087e-06	7.010652325e-06	-8
6.693191084e-06	7.02769539e-06	-8
6.682747081e-06	7.044738454e-06	-8
6.672303077e-06	7.061781518e-06	-8
6.661859074e-06	7.078824583e-06	-8
6.651415071e-06	7.095867647e-06	-8
6.640971067e-06	7.112910712e-06	-8
6.630527064e-06	7.129953776e-06	-8
6.620083061e-06	7.14699684e-06	-8
6.609639057e-06	7.164039905e-06	-8
6.599195054e-06	7.181082969e-06	-8
6.588751051e-06	7.198126034e-06	-8
6.578307048e-06	7.215169098e-06	-8
6.567863044e-06	7.232212162e-06	-8
6.557419041e-06	7.249255227e-06	-8
6.546975038e-06	7.266298291e-06	-8
6.536531034e-06	7.283341356e-06	-8
6.526087031e-06	7.30038442e-06	-8
6.526087031e-06	7.30038442e-06	0
6.533980234e-06	7.282117979e-06	0
6.541873438e-06	7.263851539e-06	0
6.549766641e-06	7.245585098e-06	0
6.557659844e-06	7.227318657e-06	0
6.565553048e-06	7.209052216e-06	0
6.573446251e-06	7.190785776e-06	0
6.581339454e-06	7.172519335e-06	0
6.589232657e-06	7.154252894e-06	0
6.597125861e-06	7.135986453e-06	0
6.605019064e-06	7.117720013e-06	0
6.612912267e-06	7.099453572e-06	0
6.620805471e-06	7.081187131e-06	0
6.628698674e-06	7.06292069e-06	0
6.636591877e-06	7.04465425e-06	0
6.64448508e-06	7.026387809e-06	0
6.652378284e-06	7.008121368e-06	0
6.660271487e-06	6.989854927e-06	0
6.66816469e-06	6.971588487e-06	0
6.676057894e-06	6.953322046e-06	0
6.683951097e-06	6.935055605e-06	0
6.6918443e-06	6.916789165e-06	0
6.699737503e-06	6.898522724e-06	0
6.707630707e-06	6.880256283e-06	0
6.71552391e-06	6.861989842e-06	0
6.723417113e-06	6.843723402e-06	0
6.731310317e-06	6.825456961e-06	0
6.73920352e-06	6.80719052e-06	0
6.747096723e-06	6.788924079e-06	0
6.754989926e-06	6.770657639e-06	0
6.76288313e-06	6.752391198e-06	0
6.770776333e-06	6.734124757e-06	0
6.778669536e-06	6.715858316e-06	0
6.78656274e-06	6.697591876e-06	0
6.794455943e-06	6.679325435e-06	0
6.802349146e-06	6.661058994e-06	0
6.81024235e-06	6.642792554e-06	0
6.818135553e-06	6.624526113e-06	0
6.826028756e-06	6.606259672e-06	0
6.833921959e-06	6.587993231e-06	0
6.841815163e-06	6.569726791e-06	0
6.849708366e-06	6.55146035e-06	0
6.857601569e-06	6.533193909e-06	0
6.865494773e-06	6.514927468e-06	0
6.873387976e-06	6.496661028e-06	0
6.881281179e-06	6.478394587e-06	0
6.889174382e-06	6.460128146e-06	0
6.897067586e-06	6.441861705e-06	0
6.904960789e-06	6.423595265e-06	0
6.912853992e-06	6.405328824e-06	0
6.920747196e-06	6.387062383e-06	0
6.928640399e-06	6.368795942e-06	0
6.936533602e-06	6.350529502e-06	0
6.944426805e-06	6.332263061e-06	0
6.952320009e-06	6.31399662e-06	0
6.960213212e-06	6.29573018e-06	0
6.968106415e-06	6.277463739e-06	0
6.975999619e-06	6.259197298e-06	0
6.983892822e-06	6.240930857e-06	0
6.991786025e-06	6.222664417e-06	0
6.999679228e-06	6.204397976e-06	0
7.007572432e-06	6.186131535e-06	0
7.015465635e-06	6.167865094e-06	0
7.023358838e-06	6.149598654e-06	0
7.031252042e-06	6.131332213e-06	0
7.039145245e-06	6.113065772e-06	0
7.047038448e-06	6.094799331e-06	0
7.054931651e-06	6.076532891e-06	0
7.062824855e-06	6.05826645e-06	0
7.070718058e-06	6.040000009e-06	0
7.070718058e-06	6.040000009e-06	8
7.060274055e-06	6.057043074e-06	8
7.049830051e-06	6.074086138e-06	8
7.039386048e-06	6.091129202e-06	8
7.028942045e-06	6.108172267e-06	8
7.018498042e-06	6.125215331e-06	8
7.008054038e-06	6.142258396e-06	8
6.997610035e-06	6.15930146e-06	8
6.987166032e-06	6.176344524e-06	8
6.976722028e-06	6.193387589e-06	8
6.966278025e-06	6.210430653e-06	8
6.955834022e-06	6.227473718e-06	8
6.945390019e-06	6.244516782e-06	8
6.934946015e-06	6.261559846e-06	8
6.924502012e-06	6.278602911e-06	8
6.914058009e-06	6.295645975e-06	8
6.903614005e-06	6.31268904e-06	8
6.893170002e-06	6.329732104e-06	8
6.882725999e-06	6.346775168e-06	8
6.872281995e-06	6.363818233e-06	8
6.861837992e-06	6.380861297e-06	8
6.851393989e-06	6.397904362e-06	8
6.840949986e-06	6.414947426e-06	8
6.830505982e-06	6.43199049e-06	8
6.820061979e-06	6.449033555e-06	8
6.809617976e-06	6.466076619e-06	8
6.799173972e-06	6.483119683e-06	8
6.788729969e-06	6.500162748e-06	8
6.778285966e-06	6.517205812e-06	8
6.767841963e-06	6.534248877e-06	8
6.757397959e-06	6.551291941e-06	8
6.746953956e-06	6.568335005e-06	8
6.736509953e-06	6.58537807e-06	8
6.726065949e-06	6.602421134e-06	8
6.715621946e-06	6.619464199e-06	8
6.705177943e-06	6.636507263e-06	8
6.69473394e-06	6.653550327e-06	8
6.684289936e-06	6.670593392e-06	8
6.673845933e-06	6.687636456e-06	8
6.66340193e-06	6.704679521e-06	8
6.652957926e-06	6.721722585e-06	8
6.642513923e-06	6.738765649e-06	8
6.63206992e-06	6.755808714e-06	8
6.621625916e-06	6.772851778e-06	8
6.611181913e-06	6.789894843e-06	8
6.60073791e-06	6.806937907e-06	8
6.590293907e-06	6.823980971e-06	8
6.579849903e-06	6.841024036e-06	8
6.5694059e-06	6.8580671e-06	8
6.558961897e-06	6.875110165e-06	8
6.548517893e-06	6.892153229e-06	8
6.53807389e-06	6.909196293e-06	8
6.527629887e-06	6.926239358e-06	8
6.517185884e-06	6.943282422e-06	8
6.50674188e-06	6.960325486e-06	8
6.496297877e-06	6.977368551e-06	8
6.485853874e-06	6.994411615e-06	8
6.47540987e-06	7.01145468e-06	8
6.464965867e-06	7.028497744e-06	8
6.454521864e-06	7.045540808e-06	8
6.44407786e-06	7.062583873e-06	8
6.433633857e-06	7.079626937e-06	8
6.423189854e-06	7.096670002e-06	8
6.412745851e-06	7.113713066e-06	8
6.402301847e-06	7.13075613e-06	8
6.391857844e-06	7.147799195e-06	8
6.381413841e-06	7.164842259e-06	8
6.370969837e-06	7.181885324e-06	8
6.360525834e-06	7.198928388e-06	8
6.360525834e-06	7.198928388e-06	0
6.368419037e-06	7.180661947e-06	0
6.376312241e-06	7.162395507e-06	0
6.384205444e-06	7.144129066e-06	0
6.392098647e-06	7.125862625e-06	0
6.399991851e-06	7.107596184e-06	0
6.407885054e-06	7.089329744e-06	0
6.415778257e-06	7.071063303e-06	0
6.42367146e-06	7.052796862e-06	0
6.431564664e-06	7.034530421e-06	0
6.439457867e-06	7.016263981e-06	0
6.44735107e-06	6.99799754e-06	0
6.455244274e-06	6.979731099e-06	0
6.463137477e-06	6.961464658e-06	0
6.47103068e-06	6.943198218e-06	0
6.478923883e-06	6.924931777e-06	0
6.486817087e-06	6.906665336e-06	0
6.49471029e-06	6.888398896e-06	0
6.502603493e-06	6.870132455e-06	0
6.510496697e-06	6.851866014e-06	0
6.5183899e-06	6.833599573e-06	0
6.526283103e-06	6.815333133e-06	0
6.534176307e-06	6.797066692e-06	0
6.54206951e-06	6.778800251e-06	0
6.549962713e-06	6.76053381e-06	0
6.557855916e-06	6.74226737e-06	0
6.56574912e-06	6.724000929e-06	0
6.573642323e-06	6.705734488e-06	0
6.581535526e-06	6.687468047e-06	0
6.58942873e-06	6.669201607e-06	0
6.597321933e-06	6.650935166e-06	0
6.605215136e-06	6.632668725e-06	0
6.613108339e-06	6.614402284e-06	0
6.621001543e-06	6.596135844e-06	0
6.628894746e-06	6.577869403e-06	0
6.636787949e-06	6.559602962e-06	0
6.644681153e-06	6.541336522e-06	0
6.652574356e-06	6.523070081e-06	0
6.660467559e-06	6.50480364e-06	0
6.668360762e-06	6.486537199e-06	0
6.676253966e-06	6.468270759e-06	0
6.684147169e-06	6.450004318e-06	0
6.692040372e-06	6.431737877e-06	0
6.699933576e-06	6.413471436e-06	0
6.707826779e-06	6.395204996e-06	0
6.715719982e-06	6.376938555e-06	0
6.723613185e-06	6.358672114e-06	0
6.731506389e-06	6.340405673e-06	0
6.739399592e-06	6.322139233e-06	0
6.747292795e-06	6.303872792e-06	0
6.755185999e-06	6.285606351e-06	0
6.763079202e-06	6.267339911e-06	0
6.770972405e-06	6.24907347e-06	0
6.778865608e-06	6.230807029e-06	0
6.786758812e-06	6.212540588e-06	0
6.794652015e-06	6.194274148e-06	0
6.802545218e-06	6.176007707e-06	0
6.810438422e-06	6.157741266e-06	0
6.818331625e-06	6.139474825e-06	0
6.826224828e-06	6.121208385e-06	0
6.834118031e-06	6.102941944e-06	0
6.842011235e-06	6.084675503e-06	0
6.849904438e-06	6.066409062e-06	0
6.857797641e-06	6.048142622e-06	0
6.865690845e-06	6.029876181e-06	0
6.873584048e-06	6.01160974e-06	0
6.881477251e-06	5.993343299e-06	0
6.889370455e-06	5.975076859e-06	0
6.897263658e-06	5.956810418e-06	0
6.905156861e-06	5.938543977e-06	0
6.905156861e-06	5.938543977e-06	-8
6.894712858e-06	5.955587042e-06	-8
6.884268854e-06	5.972630106e-06	-8
6.873824851e-06	5.98967317e-06	-8
6.863380848e-06	6.006716235e-06	-8
6.852936845e-06	6.023759299e-06	-8
6.842492841e-06	6.040802364e-06	-8
6.832048838e-06	6.057845428e-06	-8
6.821604835e-06	6.074888492e-06	-8
6.811160831e-06	6.091931557e-06	-8
6.800716828e-06	6.108974621e-06	-8
6.790272825e-06	6.126017686e-06	-8
6.779828822e-06	6.14306075e-06	-8
6.769384818e-06	6.160103814e-06	-8
6.758940815e-06	6.177146879e-06	-8
6.748496812e-06	6.194189943e-06	-8
6.738052808e-06	6.211233008e-06	-8
6.727608805e-06	6.228276072e-06	-8
6.717164802e-06	6.245319136e-06	-8
6.706720799e-06	6.262362201e-06	-8
6.696276795e-06	6.279405265e-06	-8
6.685832792e-06	6.29644833e-06	-8
6.675388789e-06	6.313491394e-06	-8
6.664944785e-06	6.330534458e-06	-8
6.654500782e-06	6.347577523e-06	-8
6.644056779e-06	6.364620587e-06	-8
6.633612775e-06	6.381663652e-06	-8
6.623168772e-06	6.398706716e-06	-8
6.612724769e-06	6.41574978e-06	-8
6.602280766e-06	6.432792845e-06	-8
6.591836762e-06	6.449835909e-06	-8
6.581392759e-06	6.466878973e-06	-8
6.570948756e-06	6.483922038e-06	-8
6.560504752e-06	6.500965102e-06	-8
6.550060749e-06	6.518008167e-06	-8
6.539616746e-06	6.535051231e-06	-8
6.529172743e-06	6.552094295e-06	-8
6.518728739e-06	6.56913736e-06	-8
6.508284736e-06	6.586180424e-06	-8
6.497840733e-06	6.603223489e-06	-8
6.487396729e-06	6.620266553e-06	-8
6.476952726e-06	6.637309617e-06	-8
6.466508723e-06	6.654352682e-06	-8
6.45606472e-06	6.671395746e-06	-8
6.445620716e-06	6.688438811e-06	-8
6.435176713e-06	6.705481875e-06	-8
6.42473271e-06	6.722524939e-06	-8
6.414288706e-06	6.739568004e-06	-8
6.403844703e-06	6.756611068e-06	-8
6.3934007e-06	6.773654133e-06	-8
6.382956696e-06	6.790697197e-06	-8
6.372512693e-06	6.807740261e-06	-8
6.36206869e-06	6.824783326e-06	-8
6.351624687e-06	6.84182639e-06	-8
6.341180683e-06	6.858869455e-06	-8
6.33073668e-06	6.875912519e-06	-8
6.320292677e-06	6.892955583e-06	-8
6.309848673e-06	6.909998648e-06	-8
6.29940467e-06	6.927041712e-06	-8
6.288960667e-06	6.944084776e-06	-8
6.278516664e-06	6.961127841e-06	-8
6.26807266e-06	6.978170905e-06	-8
6.257628657e-06	6.99521397e-06	-8
6.247184654e-06	7.012257034e-06	-8
6.23674065e-06	7.029300098e-06	-8
6.226296647e-06	7.046343163e-06	-8
6.215852644e-06	7.063386227e-06	-8
6.20540864e-06	7.080429292e-06	-8
6.194964637e-06	7.097472356e-06	-8
6.194964637e-06	7.097472356e-06	0
6.20285784e-06	7.079205915e-06	0
6.210751044e-06	7.060939475e-06	0
6.218644247e-06	7.042673034e-06	0
6.22653745e-06	7.024406593e-06	0
6.234430654e-06	7.006140152e-06	0
6.242323857e-06	6.987873712e-06	0
6.25021706e-06	6.969607271e-06	0
6.258110264e-06	6.95134083e-06	0
6.266003467e-06	6.933074389e-06	0
6.27389667e-06	6.914807949e-06	0
6.281789873e-06	6.896541508e-06	0
6.289683077e-06	6.878275067e-06	0
6.29757628e-06	6.860008626e-06	0
6.305469483e-06	6.841742186e-06	0
6.313362687e-06	6.823475745e-06	0
6.32125589e-06	6.805209304e-06	0
6.329149093e-06	6.786942864e-06	0
6.337042296e-06	6.768676423e-06	0
6.3449355e-06	6.750409982e-06	0
6.352828703e-06	6.732143541e-06	0
6.360721906e-06	6.713877101e-06	0
6.36861511e-06	6.69561066e-06	0
6.376508313e-06	6.677344219e-06	0
6.384401516e-06	6.659077778e-06	0
6.392294719e-06	6.640811338e-06	0
6.400187923e-06	6.622544897e-06	0
6.408081126e-06	6.604278456e-06	0
6.415974329e-06	6.586012015e-06	0
6.423867533e-06	6.567745575e-06	0
6.431760736e-06	6.549479134e-06	0
6.439653939e-06	6.531212693e-06	0
6.447547142e-06	6.512946252e-06	0
6.455440346e-06	6.494679812e-06	0
6.463333549e-06	6.476413371e-06	0
6.471226752e-06	6.45814693e-06	0
6.479119956e-06	6.43988049e-06	0
6.487013159e-06	6.421614049e-06	0
6.494906362e-06	6.403347608e-06	0
6.502799565e-06	6.385081167e-06	0
6.510692769e-06	6.366814727e-06	0
6.518585972e-06	6.348548286e-06	0
6.526479175e-06	6.330281845e-06	0
6.534372379e-06	6.312015404e-06	0
6.542265582e-06	6.293748964e-06	0
6.550158785e-06	6.275482523e-06	0
6.558051988e-06	6.257216082e-06	0
6.565945192e-06	6.238949641e-06	0
6.573838395e-06	6.220683201e-06	0
6.581731598e-06	6.20241676e-06	0
6.589624802e-06	6.184150319e-06	0
6.597518005e-06	6.165883879e-06	0
6.605411208e-06	6.147617438e-06	0
6.613304411e-06	6.129350997e-06	0
6.621197615e-06	6.111084556e-06	0
6.629090818e-06	6.092818116e-06	0
6.636984021e-06	6.074551675e-06	0
6.644877225e-06	6.056285234e-06	0
6.652770428e-06	6.038018793e-06	0
6.660663631e-06	6.019752353e-06	0
6.668556835e-06	6.001485912e-06	0
6.676450038e-06	5.983219471e-06	0
6.684343241e-06	5.96495303e-06	0
6.692236444e-06	5.94668659e-06	0
6.700129648e-06	5.928420149e-06	0
6.708022851e-06	5.910153708e-06	0
6.715916054e-06	5.891887268e-06	0
6.723809258e-06	5.873620827e-06	0
6.731702461e-06	5.855354386e-06	0
6.739595664e-06	5.837087945e-06	0
6.739595664e-06	5.837087945e-06	8
6.729151661e-06	5.85413101e-06	8
6.718707658e-06	5.871174074e-06	8
6.708263654e-06	5.888217138e-06	8
6.697819651e-06	5.905260203e-06	8
6.687375648e-06	5.922303267e-06	8
6.676931644e-06	5.939346332e-06	8
6.666487641e-06	5.956389396e-06	8
6.656043638e-06	5.97343246e-06	8
6.645599634e-06	5.990475525e-06	8
6.635155631e-06	6.007518589e-06	8
6.624711628e-06	6.024561654e-06	8
6.614267625e-06	6.041604718e-06	8
6.603823621e-06	6.058647782e-06	8
6.593379618e-06	6.075690847e-06	8
6.582935615e-06	6.092733911e-06	8
6.572491611e-06	6.109776976e-06	8
6.562047608e-06	6.12682004e-06	8
6.551603605e-06	6.143863104e-06	8
6.541159602e-06	6.160906169e-06	8
6.530715598e-06	6.177949233e-06	8
6.520271595e-06	6.194992298e-06	8
6.509827592e-06	6.212035362e-06	8
6.499383588e-06	6.229078426e-06	8
6.488939585e-06	6.246121491e-06	8
6.478495582e-06	6.263164555e-06	8
6.468051579e-06	6.28020762e-06	8
6.457607575e-06	6.297250684e-06	8
6.447163572e-06	6.314293748e-06	8
6.436719569e-06	6.331336813e-06	8
6.426275565e-06	6.348379877e-06	8
6.415831562e-06	6.365422941e-06	8
6.405387559e-06	6.382466006e-06	8
6.394943555e-06	6.39950907e-06	8
6.384499552e-06	6.416552135e-06	8
6.374055549e-06	6.433595199e-06	8
6.363611546e-06	6.450638263e-06	8
6.353167542e-06	6.467681328e-06	8
6.342723539e-06	6.484724392e-06	8
6.332279536e-06	6.501767457e-06	8
6.321835532e-06	6.518810521e-06	8
6.311391529e-06	6.535853585e-06	8
6.300947526e-06	6.55289665e-06	8
6.290503523e-06	6.569939714e-06	8
6.280059519e-06	6.586982779e-06	8
6.269615516e-06	6.604025843e-06	8
6.259171513e-06	6.621068907e-06	8
6.248727509e-06	6.638111972e-06	8
6.238283506e-06	6.655155036e-06	8
6.227839503e-06	6.672198101e-06	8
6.217395499e-06	6.689241165e-06	8
6.206951496e-06	6.706284229e-06	8
6.196507493e-06	6.723327294e-06	8
6.18606349e-06	6.740370358e-06	8
6.175619486e-06	6.757413423e-06	8
6.165175483e-06	6.774456487e-06	8
6.15473148e-06	6.791499551e-06	8
6.144287476e-06	6.808542616e-06	8
6.133843473e-06	6.82558568e-06	8
6.12339947e-06	6.842628744e-06	8
6.112955467e-06	6.859671809e-06	8
6.102511463e-06	6.876714873e-06	8
6.09206746e-06	6.893757938e-06	8
6.081623457e-06	6.910801002e-06	8
6.071179453e-06	6.927844066e-06	8
6.06073545e-06	6.944887131e-06	8
6.050291447e-06	6.961930195e-06	8
6.039847444e-06	6.97897326e-06	8
6.02940344e-06	6.996016324e-06	8
6.02940344e-06	6.996016324e-06	0
6.037296644e-06	6.977749883e-06	0
6.045189847e-06	6.959483443e-06	0
6.05308305e-06	6.941217002e-06	0
6.060976253e-06	6.922950561e-06	0
6.068869457e-06	6.90468412e-06	0
6.07676266e-06	6.88641768e-06	0
6.084655863e-06	6.868151239e-06	0
6.092549067e-06	6.849884798e-06	0
6.10044227e-06	6.831618357e-06	0
6.108335473e-06	6.813351917e-06	0
6.116228676e-06	6.795085476e-06	0
6.12412188e-06	6.776819035e-06	0
6.132015083e-06	6.758552594e-06	0
6.139908286e-06	6.740286154e-06	0
6.14780149e-06	6.722019713e-06	0
6.155694693e-06	6.703753272e-06	0
6.163587896e-06	6.685486832e-06	0
6.171481099e-06	6.667220391e-06	0
6.179374303e-06	6.64895395e-06	0
6.187267506e-06	6.630687509e-06	0
6.195160709e-06	6.612421069e-06	0
6.203053913e-06	6.594154628e-06	0
6.210947116e-06	6.575888187e-06	0
6.218840319e-06	6.557621746e-06	0
6.226733522e-06	6.539355306e-06	0
6.234626726e-06	6.521088865e-06	0
6.242519929e-06	6.502822424e-06	0
6.250413132e-06	6.484555983e-06	0
6.258306336e-06	6.466289543e-06	0
6.266199539e-06	6.448023102e-06	0
6.274092742e-06	6.429756661e-06	0
6.281985945e-06	6.411490221e-06	0
6.289879149e-06	6.39322378e-06	0
6.297772352e-06	6.374957339e-06	0
6.305665555e-06	6.356690898e-06	0
6.313558759e-06	6.338424458e-06	0
6.321451962e-06	6.320158017e-06	0
6.329345165e-06	6.301891576e-06	0
6.337238368e-06	6.283625135e-06	0
6.345131572e-06	6.265358695e-06	0
6.353024775e-06	6.247092254e-06	0
6.360917978e-06	6.228825813e-06	0
6.368811182e-06	6.210559372e-06	0
6.376704385e-06	6.192292932e-06	0
6.384597588e-06	6.174026491e-06	0
6.392490792e-06	6.15576005e-06	0
6.400383995e-06	6.137493609e-06	0
6.408277198e-06	6.119227169e-06	0
6.416170401e-06	6.100960728e-06	0
6.424063605e-06	6.082694287e-06	0
6.431956808e-06	6.064427847e-06	0
6.439850011e-06	6.046161406e-06	0
6.447743215e-06	6.027894965e-06	0
6.455636418e-06	6.009628524e-06	0
6.463529621e-06	5.991362084e-06	0
6.471422824e-06	5.973095643e-06	0
6.479316028e-06	5.954829202e-06	0
6.487209231e-06	5.936562761e-06	0
6.495102434e-06	5.918296321e-06	0
6.502995638e-06	5.90002988e-06	0
6.510888841e-06	5.881763439e-06	0
6.518782044e-06	5.863496998e-06	0
6.526675247e-06	5.845230558e-06	0
6.534568451e-06	5.826964117e-06	0
6.542461654e-06	5.808697676e-06	0
6.550354857e-06	5.790431236e-06	0
6.558248061e-06	5.772164795e-06	0
6.566141264e-06	5.753898354e-06	0
6.574034467e-06	5.735631913e-06	0
6.574034467e-06	5.735631913e-06	-8
6.563590464e-06	5.752674978e-06	-8
6.553146461e-06	5.769718042e-06	-8
6.542702457e-06	5.786761106e-06	-8
6.532258454e-06	5.803804171e-06	-8
6.521814451e-06	5.820847235e-06	-8
6.511370447e-06	5.8378903e-06	-8
6.500926444e-06	5.854933364e-06	-8
6.490482441e-06	5.871976428e-06	-8
6.480038438e-06	5.889019493e-06	-8
6.469594434e-06	5.906062557e-06	-8
6.459150431e-06	5.923105622e-06	-8
6.448706428e-06	5.940148686e-06	-8
6.438262424e-06	5.95719175e-06	-8
6.427818421e-06	5.974234815e-06	-8
6.417374418e-06	5.991277879e-06	-8
6.406930414e-06	6.008320944e-06	-8
6.396486411e-06	6.025364008e-06	-8
6.386042408e-06	6.042407072e-06	-8
6.375598405e-06	6.059450137e-06	-8
6.365154401e-06	6.076493201e-06	-8
6.354710398e-06	6.093536266e-06	-8
6.344266395e-06	6.11057933e-06	-8
6.333822391e-06	6.127622394e-06	-8
6.323378388e-06	6.144665459e-06	-8
6.312934385e-06	6.161708523e-06	-8
6.302490382e-06	6.178751588e-06	-8
6.292046378e-06	6.195794652e-06	-8
6.281602375e-06	6.212837716e-06	-8
6.271158372e-06	6.229880781e-06	-8
6.260714368e-06	6.246923845e-06	-8
6.250270365e-06	6.263966909e-06	-8
6.239826362e-06	6.281009974e-06	-8
6.229382359e-06	6.298053038e-06	-8
6.218938355e-06	6.315096103e-06	-8
6.208494352e-06	6.332139167e-06	-8
6.198050349e-06	6.349182231e-06	-8
6.187606345e-06	6.366225296e-06	-8
6.177162342e-06	6.38326836e-06	-8
6.166718339e-06	6.400311425e-06	-8
6.156274335e-06	6.417354489e-06	-8
6.145830332e-06	6.434397553e-06	-8
6.135386329e-06	6.451440618e-06	-8
6.124942326e-06	6.468483682e-06	-8
6.114498322e-06	6.485526747e-06	-8
6.104054319e-06	6.502569811e-06	-8
6.093610316e-06	6.519612875e-06	-8
6.083166312e-06	6.53665594e-06	-8
6.072722309e-06	6.553699004e-06	-8
6.062278306e-06	6.570742069e-06	-8
6.051834303e-06	6.587785133e-06	-8
6.041390299e-06	6.604828197e-06	-8
6.030946296e-06	6.621871262e-06	-8
6.020502293e-06	6.638914326e-06	-8
6.010058289e-06	6.655957391e-06	-8
5.999614286e-06	6.673000455e-06	-8
5.989170283e-06	6.690043519e-06	-8
5.978726279e-06	6.707086584e-06	-8
5.968282276e-06	6.724129648e-06	-8
5.957838273e-06	6.741172713e-06	-8
5.94739427e-06	6.758215777e-06	-8
5.936950266e-06	6.775258841e-06	-8
5.926506263e-06	6.792301906e-06	-8
5.91606226e-06	6.80934497e-06	-8
5.905618256e-06	6.826388034e-06	-8
5.895174253e-06	6.843431099e-06	-8
5.88473025e-06	6.860474163e-06	-8
5.874286247e-06	6.877517228e-06	-8
5.863842243e-06	6.894560292e-06	-8
5.863842243e-06	6.894560292e-06	0
5.871735447e-06	6.876293851e-06	0
5.87962865e-06	6.858027411e-06	0
5.887521853e-06	6.83976097e-06	0
5.895415056e-06	6.821494529e-06	0
5.90330826e-06	6.803228088e-06	0
5.911201463e-06	6.784961648e-06	0
5.919094666e-06	6.766695207e-06	0
5.92698787e-06	6.748428766e-06	0
5.934881073e-06	6.730162325e-06	0
5.942774276e-06	6.711895885e-06	0
5.950667479e-06	6.693629444e-06	0
5.958560683e-06	6.675363003e-06	0
5.966453886e-06	6.657096562e-06	0
5.974347089e-06	6.638830122e-06	0
5.982240293e-06	6.620563681e-06	0
5.990133496e-06	6.60229724e-06	0
5.998026699e-06	6.5840308e-06	0
6.005919902e-06	6.565764359e-06	0
6.013813106e-06	6.547497918e-06	0
6.021706309e-06	6.529231477e-06	0
6.029599512e-06	6.510965037e-06	0
6.037492716e-06	6.492698596e-06	0
6.045385919e-06	6.474432155e-06	0
6.053279122e-06	6.456165714e-06	0
6.061172325e-06	6.437899274e-06	0
6.069065529e-06	6.419632833e-06	0
6.076958732e-06	6.401366392e-06	0
6.084851935e-06	6.383099951e-06	0
6.092745139e-06	6.364833511e-06	0
6.100638342e-06	6.34656707e-06	0
6.108531545e-06	6.328300629e-06	0
6.116424749e-06	6.310034189e-06	0
6.124317952e-06	6.291767748e-06	0
6.132211155e-06	6.273501307e-06	0
6.140104358e-06	6.255234866e-06	0
6.147997562e-06	6.236968426e-06	0
6.155890765e-06	6.218701985e-06	0
6.163783968e-06	6.200435544e-06	0
6.171677172e-06	6.182169103e-06	0
6.179570375e-06	6.163902663e-06	0
6.187463578e-06	6.145636222e-06	0
6.195356781e-06	6.127369781e-06	0
6.203249985e-06	6.10910334e-06	0
6.211143188e-06	6.0908369e-06	0
6.219036391e-06	6.072570459e-06	0
6.226929595e-06	6.054304018e-06	0
6.234822798e-06	6.036037577e-06	0
6.242716001e-06	6.017771137e-06	0
6.250609204e-06	5.999504696e-06	0
6.258502408e-06	5.981238255e-06	0
6.266395611e-06	5.962971815e-06	0
6.274288814e-06	5.944705374e-06	0
6.282182018e-06	5.926438933e-06	0
6.290075221e-06	5.908172492e-06	0
6.297968424e-06	5.889906052e-06	0
6.305861627e-06	5.871639611e-06	0
6.313754831e-06	5.85337317e-06	0
6.321648034e-06	5.835106729e-06	0
6.329541237e-06	5.816840289e-06	0
6.337434441e-06	5.798573848e-06	0
6.345327644e-06	5.780307407e-06	0
6.353220847e-06	5.762040966e-06	0
6.36111405e-06	5.743774526e-06	0
6.369007254e-06	5.725508085e-06	0
6.376900457e-06	5.707241644e-06	0
6.38479366e-06	5.688975204e-06	0
6.392686864e-06	5.670708763e-06	0
6.400580067e-06	5.652442322e-06	0
6.40847327e-06	5.634175881e-06	0
6.40847327e-06	5.634175881e-06	8
6.398029267e-06	5.651218946e-06	8
6.387585264e-06	5.66826201e-06	8
6.37714126e-06	5.685305075e-06	8
6.366697257e-06	5.702348139e-06	8
6.356253254e-06	5.719391203e-06	8
6.34580925e-06	5.736434268e-06	8
6.335365247e-06	5.753477332e-06	8
6.324921244e-06	5.770520396e-06	8
6.314477241e-06	5.787563461e-06	8
6.304033237e-06	5.804606525e-06	8
6.293589234e-06	5.82164959e-06	8
6.283145231e-06	5.838692654e-06	8
6.272701227e-06	5.855735718e-06	8
6.262257224e-06	5.872778783e-06	8
6.251813221e-06	5.889821847e-06	8
6.241369218e-06	5.906864912e-06	8
6.230925214e-06	5.923907976e-06	8
6.220481211e-06	5.94095104e-06	8
6.210037208e-06	5.957994105e-06	8
6.199593204e-06	5.975037169e-06	8
6.189149201e-06	5.992080234e-06	8
6.178705198e-06	6.009123298e-06	8
6.168261194e-06	6.026166362e-06	8
6.157817191e-06	6.043209427e-06	8
6.147373188e-06	6.060252491e-06	8
6.136929185e-06	6.077295556e-06	8
6.126485181e-06	6.09433862e-06	8
6.116041178e-06	6.111381684e-06	8
6.105597175e-06	6.128424749e-06	8
6.095153171e-06	6.145467813e-06	8
6.084709168e-06	6.162510878e-06	8
6.074265165e-06	6.179553942e-06	8
6.063821162e-06	6.196597006e-06	8
6.053377158e-06	6.213640071e-06	8
6.042933155e-06	6.230683135e-06	8
6.032489152e-06	6.247726199e-06	8
6.022045148e-06	6.264769264e-06	8
6.011601145e-06	6.281812328e-06	8
6.001157142e-06	6.298855393e-06	8
5.990713138e-06	6.315898457e-06	8
5.980269135e-06	6.332941521e-06	8
5.969825132e-06	6.349984586e-06	8
5.959381129e-06	6.36702765e-06	8
5.948937125e-06	6.384070715e-06	8
5.938493122e-06	6.401113779e-06	8
5.928049119e-06	6.418156843e-06	8
5.917605115e-06	6.435199908e-06	8
5.907161112e-06	6.452242972e-06	8
5.896717109e-06	6.469286037e-06	8
5.886273106e-06	6.486329101e-06	8
5.875829102e-06	6.503372165e-06	8
5.865385099e-06	6.52041523e-06	8
5.854941096e-06	6.537458294e-06	8
5.844497092e-06	6.554501359e-06	8
5.834053089e-06	6.571544423e-06	8
5.823609086e-06	6.588587487e-06	8
5.813165083e-06	6.605630552e-06	8
5.802721079e-06	6.622673616e-06	8
5.792277076e-06	6.639716681e-06	8
5.781833073e-06	6.656759745e-06	8
5.771389069e-06	6.673802809e-06	8
5.760945066e-06	6.690845874e-06	8
5.750501063e-06	6.707888938e-06	8
5.740057059e-06	6.724932002e-06	8
5.729613056e-06	6.741975067e-06	8
5.719169053e-06	6.759018131e-06	8
5.70872505e-06	6.776061196e-06	8
5.698281046e-06	6.79310426e-06	8
5.698281046e-06	6.79310426e-06	0
5.70617425e-06	6.774837819e-06	0
5.714067453e-06	6.756571379e-06	0
5.721960656e-06	6.738304938e-06	0
5.729853859e-06	6.720038497e-06	0
5.737747063e-06	6.701772056e-06	0
5.745640266e-06	6.683505616e-06	0
5.753533469e-06	6.665239175e-06	0
5.761426673e-06	6.646972734e-06	0
5.769319876e-06	6.628706293e-06	0
5.777213079e-06	6.610439853e-06	0
5.785106282e-06	6.592173412e-06	0
5.792999486e-06	6.573906971e-06	0
5.800892689e-06	6.555640531e-06	0
5.808785892e-06	6.53737409e-06	0
5.816679096e-06	6.519107649e-06	0
5.824572299e-06	6.500841208e-06	0
5.832465502e-06	6.482574768e-06	0
5.840358706e-06	6.464308327e-06	0
5.848251909e-06	6.446041886e-06	0
5.856145112e-06	6.427775445e-06	0
5.864038315e-06	6.409509005e-06	0
5.871931519e-06	6.391242564e-06	0
5.879824722e-06	6.372976123e-06	0
5.887717925e-06	6.354709682e-06	0
5.895611129e-06	6.336443242e-06	0
5.903504332e-06	6.318176801e-06	0
5.911397535e-06	6.29991036e-06	0
5.919290738e-06	6.281643919e-06	0
5.927183942e-06	6.263377479e-06	0
5.935077145e-06	6.245111038e-06	0
5.942970348e-06	6.226844597e-06	0
5.950863552e-06	6.208578157e-06	0
5.958756755e-06	6.190311716e-06	0
5.966649958e-06	6.172045275e-06	0
5.974543161e-06	6.153778834e-06	0
5.982436365e-06	6.135512394e-06	0
5.990329568e-06	6.117245953e-06	0
5.998222771e-06	6.098979512e-06	0
6.006115975e-06	6.080713071e-06	0
6.014009178e-06	6.062446631e-06	0
6.021902381e-06	6.04418019e-06	0
6.029795584e-06	6.025913749e-06	0
6.037688788e-06	6.007647308e-06	0
6.045581991e-06	5.989380868e-06	0
6.053475194e-06	5.971114427e-06	0
6.061368398e-06	5.952847986e-06	0
6.069261601e-06	5.934581546e-06	0
6.077154804e-06	5.916315105e-06	0
6.085048007e-06	5.898048664e-06	0
6.092941211e-06	5.879782223e-06	0
6.100834414e-06	5.861515783e-06	0
6.108727617e-06	5.843249342e-06	0
6.116620821e-06	5.824982901e-06	0
6.124514024e-06	5.80671646e-06	0
6.132407227e-06	5.78845002e-06	0
6.14030043e-06	5.770183579e-06	0
6.148193634e-06	5.751917138e-06	0
6.156086837e-06	5.733650697e-06	0
6.16398004e-06	5.715384257e-06	0
6.171873244e-06	5.697117816e-06	0
6.179766447e-06	5.678851375e-06	0
6.18765965e-06	5.660584934e-06	0
6.195552853e-06	5.642318494e-06	0
6.203446057e-06	5.624052053e-06	0
6.21133926e-06	5.605785612e-06	0
6.219232463e-06	5.587519172e-06	0
6.227125667e-06	5.569252731e-06	0
6.23501887e-06	5.55098629e-06	0
6.242912073e-06	5.532719849e-06	0
6.242912073e-06	5.532719849e-06	-8
6.23246807e-06	5.549762914e-06	-8
6.222024067e-06	5.566805978e-06	-8
6.211580063e-06	5.583849043e-06	-8
6.20113606e-06	5.600892107e-06	-8
6.190692057e-06	5.617935171e-06	-8
6.180248053e-06	5.634978236e-06	-8
6.16980405e-06	5.6520213e-06	-8
6.159360047e-06	5.669064364e-06	-8
6.148916044e-06	5.686107429e-06	-8
6.13847204e-06	5.703150493e-06	-8
6.128028037e-06	5.720193558e-06	-8
6.117584034e-06	5.737236622e-06	-8
6.10714003e-06	5.754279686e-06	-8
6.096696027e-06	5.771322751e-06	-8
6.086252024e-06	5.788365815e-06	-8
6.075808021e-06	5.80540888e-06	-8
6.065364017e-06	5.822451944e-06	-8
6.054920014e-06	5.839495008e-06	-8
6.044476011e-06	5.856538073e-06	-8
6.034032007e-06	5.873581137e-06	-8
6.023588004e-06	5.890624202e-06	-8
6.013144001e-06	5.907667266e-06	-8
6.002699998e-06	5.92471033e-06	-8
5.992255994e-06	5.941753395e-06	-8
5.981811991e-06	5.958796459e-06	-8
5.971367988e-06	5.975839524e-06	-8
5.960923984e-06	5.992882588e-06	-8
5.950479981e-06	6.009925652e-06	-8
5.940035978e-06	6.026968717e-06	-8
5.929591974e-06	6.044011781e-06	-8
5.919147971e-06	6.061054846e-06	-8
5.908703968e-06	6.07809791e-06	-8
5.898259965e-06	6.095140974e-06	-8
5.887815961e-06	6.112184039e-06	-8
5.877371958e-06	6.129227103e-06	-8
5.866927955e-06	6.146270167e-06	-8
5.856483951e-06	6.163313232e-06	-8
5.846039948e-06	6.180356296e-06	-8
5.835595945e-06	6.197399361e-06	-8
5.825151942e-06	6.214442425e-06	-8
5.814707938e-06	6.231485489e-06	-8
5.804263935e-06	6.248528554e-06	-8
5.793819932e-06	6.265571618e-06	-8
5.783375928e-06	6.282614683e-06	-8
5.772931925e-06	6.299657747e-06	-8
5.762487922e-06	6.316700811e-06	-8
5.752043918e-06	6.333743876e-06	-8
5.741599915e-06	6.35078694e-06	-8
5.731155912e-06	6.367830005e-06	-8
5.720711909e-06	6.384873069e-06	-8
5.710267905e-06	6.401916133e-06	-8
5.699823902e-06	6.418959198e-06	-8
5.689379899e-06	6.436002262e-06	-8
5.678935895e-06	6.453045327e-06	-8
5.668491892e-06	6.470088391e-06	-8
5.658047889e-06	6.487131455e-06	-8
5.647603886e-06	6.50417452e-06	-8
5.637159882e-06	6.521217584e-06	-8
5.626715879e-06	6.538260649e-06	-8
5.616271876e-06	6.555303713e-06	-8
5.605827872e-06	6.572346777e-06	-8
5.595383869e-06	6.589389842e-06	-8
5.584939866e-06	6.606432906e-06	-8
5.574495863e-06	6.623475971e-06	-8
5.564051859e-06	6.640519035e-06	-8
5.553607856e-06	6.657562099e-06	-8
5.543163853e-06	6.674605164e-06	-8
5.532719849e-06	6.691648228e-06	-8
