# X_m	Y_m	V
2.334384866e-06	4.135338346e-06	10
2.334384866e-06	4.135338346e-06	10
2.334384866e-06	4.135338346e-06	10
2.334384866e-06	4.135338346e-06	10
2.334384866e-06	4.135338346e-06	10
2.334384866e-06	4.135338346e-06	10
2.334384866e-06	4.135338346e-06	10
2.334384866e-06	4.135338346e-06	10
2.334384866e-06	4.135338346e-06	10
2.334384866e-06	4.135338346e-06	10
2.334384866e-06	4.135338346e-06	10
2.334384866e-06	4.135338346e-06	10
2.334384866e-06	4.135338346e-06	10
2.334384866e-06	4.135338346e-06	10
2.334384866e-06	4.135338346e-06	10
2.334384866e-06	4.135338346e-06	10
2.334384866e-06	4.135338346e-06	10
2.334384866e-06	4.135338346e-06	10
2.334384866e-06	4.135338346e-06	10
2.334384866e-06	4.135338346e-06	10
2.334384866e-06	4.135338346e-06	10
2.334384866e-06	4.135338346e-06	10
2.334384866e-06	4.135338346e-06	10
2.334384866e-06	4.135338346e-06	10
2.334384866e-06	4.135338346e-06	10
2.334384866e-06	4.135338346e-06	0
2.353181859e-06	4.135338346e-06	0
2.371978851e-06	4.135338346e-06	0
2.390775844e-06	4.135338346e-06	0
2.409572836e-06	4.135338346e-06	0
2.409572836e-06	4.135338346e-06	10
2.409572836e-06	4.135338346e-06	10
2.409572836e-06	4.135338346e-06	10
2.409572836e-06	4.135338346e-06	10
2.409572836e-06	4.135338346e-06	10
2.409572836e-06	4.135338346e-06	10
2.409572836e-06	4.135338346e-06	10
2.409572836e-06	4.135338346e-06	10
2.409572836e-06	4.135338346e-06	10
2.409572836e-06	4.135338346e-06	10
2.409572836e-06	4.135338346e-06	10
2.409572836e-06	4.135338346e-06	10
2.409572836e-06	4.135338346e-06	10
2.409572836e-06	4.135338346e-06	10
2.409572836e-06	4.135338346e-06	10
2.409572836e-06	4.135338346e-06	10
2.409572836e-06	4.135338346e-06	10
2.409572836e-06	4.135338346e-06	10
2.409572836e-06	4.135338346e-06	10
2.409572836e-06	4.135338346e-06	10
2.409572836e-06	4.135338346e-06	10
2.409572836e-06	4.135338346e-06	10
2.409572836e-06	4.135338346e-06	10
2.409572836e-06	4.135338346e-06	10
2.409572836e-06	4.135338346e-06	10
2.409572836e-06	4.135338346e-06	0
2.428369829e-06	4.135338346e-06	0
2.447166821e-06	4.135338346e-06	0
2.465963814e-06	4.135338346e-06	0
2.484760806e-06	4.135338346e-06	0
2.484760806e-06	4.135338346e-06	10
2.484760806e-06	4.135338346e-06	10
2.484760806e-06	4.135338346e-06	10
2.484760806e-06	4.135338346e-06	10
2.484760806e-06	4.135338346e-06	10
2.484760806e-06	4.135338346e-06	10
2.484760806e-06	4.135338346e-06	10
2.484760806e-06	4.135338346e-06	10
2.484760806e-06	4.135338346e-06	10
2.484760806e-06	4.135338346e-06	10
2.484760806e-06	4.135338346e-06	10
2.484760806e-06	4.135338346e-06	10
2.484760806e-06	4.135338346e-06	10
2.484760806e-06	4.135338346e-06	10
2.484760806e-06	4.135338346e-06	10
2.484760806e-06	4.135338346e-06	10
2.484760806e-06	4.135338346e-06	10
2.484760806e-06	4.135338346e-06	10
2.484760806e-06	4.135338346e-06	10
2.484760806e-06	4.135338346e-06	10
2.484760806e-06	4.135338346e-06	10
2.484760806e-06	4.135338346e-06	10
2.484760806e-06	4.135338346e-06	10
2.484760806e-06	4.135338346e-06	10
2.484760806e-06	4.135338346e-06	10
2.484760806e-06	4.135338346e-06	0
2.503557799e-06	4.135338346e-06	0
2.522354791e-06	4.135338346e-06	0
2.541151784e-06	4.135338346e-06	0
2.559948776e-06	4.135338346e-06	0
2.559948776e-06	4.135338346e-06	10
2.559948776e-06	4.135338346e-06	10
2.559948776e-06	4.135338346e-06	10
2.559948776e-06	4.135338346e-06	10
2.559948776e-06	4.135338346e-06	10
2.559948776e-06	4.135338346e-06	10
2.559948776e-06	4.135338346e-06	10
2.559948776e-06	4.135338346e-06	10
2.559948776e-06	4.135338346e-06	10
2.559948776e-06	4.135338346e-06	10
2.559948776e-06	4.135338346e-06	10
2.559948776e-06	4.135338346e-06	10
2.559948776e-06	4.135338346e-06	10
2.559948776e-06	4.135338346e-06	10
2.559948776e-06	4.135338346e-06	10
2.559948776e-06	4.135338346e-06	10
2.559948776e-06	4.135338346e-06	10
2.559948776e-06	4.135338346e-06	10
2.559948776e-06	4.135338346e-06	10
2.559948776e-06	4.135338346e-06	10
2.559948776e-06	4.135338346e-06	10
2.559948776e-06	4.135338346e-06	10
2.559948776e-06	4.135338346e-06	10
2.559948776e-06	4.135338346e-06	10
2.559948776e-06	4.135338346e-06	10
2.559948776e-06	4.135338346e-06	0
2.578745769e-06	4.135338346e-06	0
2.597542761e-06	4.135338346e-06	0
2.616339754e-06	4.135338346e-06	0
2.635136746e-06	4.135338346e-06	0
2.635136746e-06	4.135338346e-06	10
2.635136746e-06	4.135338346e-06	10
2.635136746e-06	4.135338346e-06	10
2.635136746e-06	4.135338346e-06	10
2.635136746e-06	4.135338346e-06	10
2.635136746e-06	4.135338346e-06	10
2.635136746e-06	4.135338346e-06	10
2.635136746e-06	4.135338346e-06	10
2.635136746e-06	4.135338346e-06	10
2.635136746e-06	4.135338346e-06	10
2.635136746e-06	4.135338346e-06	10
2.635136746e-06	4.135338346e-06	10
2.635136746e-06	4.135338346e-06	10
2.635136746e-06	4.135338346e-06	10
2.635136746e-06	4.135338346e-06	10
2.635136746e-06	4.135338346e-06	10
2.635136746e-06	4.135338346e-06	10
2.635136746e-06	4.135338346e-06	10
2.635136746e-06	4.135338346e-06	10
2.635136746e-06	4.135338346e-06	10
2.635136746e-06	4.135338346e-06	10
2.635136746e-06	4.135338346e-06	10
2.635136746e-06	4.135338346e-06	10
2.635136746e-06	4.135338346e-06	10
2.635136746e-06	4.135338346e-06	10
2.635136746e-06	4.135338346e-06	0
2.653933739e-06	4.135338346e-06	0
2.672730731e-06	4.135338346e-06	0
2.691527724e-06	4.135338346e-06	0
2.710324716e-06	4.135338346e-06	0
2.710324716e-06	4.135338346e-06	10
2.710324716e-06	4.135338346e-06	10
2.710324716e-06	4.135338346e-06	10
2.710324716e-06	4.135338346e-06	10
2.710324716e-06	4.135338346e-06	10
2.710324716e-06	4.135338346e-06	10
2.710324716e-06	4.135338346e-06	10
2.710324716e-06	4.135338346e-06	10
2.710324716e-06	4.135338346e-06	10
2.710324716e-06	4.135338346e-06	10
2.710324716e-06	4.135338346e-06	10
2.710324716e-06	4.135338346e-06	10
2.710324716e-06	4.135338346e-06	10
2.710324716e-06	4.135338346e-06	10
2.710324716e-06	4.135338346e-06	10
2.710324716e-06	4.135338346e-06	10
2.710324716e-06	4.135338346e-06	10
2.710324716e-06	4.135338346e-06	10
2.710324716e-06	4.135338346e-06	10
2.710324716e-06	4.135338346e-06	10
2.710324716e-06	4.135338346e-06	10
2.710324716e-06	4.135338346e-06	10
2.710324716e-06	4.135338346e-06	10
2.710324716e-06	4.135338346e-06	10
2.710324716e-06	4.135338346e-06	10
2.710324716e-06	4.135338346e-06	0
2.729121709e-06	4.135338346e-06	0
2.747918701e-06	4.135338346e-06	0
2.766715694e-06	4.135338346e-06	0
2.785512686e-06	4.135338346e-06	0
2.785512686e-06	4.135338346e-06	10
2.785512686e-06	4.135338346e-06	10
2.785512686e-06	4.135338346e-06	10
2.785512686e-06	4.135338346e-06	10
2.785512686e-06	4.135338346e-06	10
2.785512686e-06	4.135338346e-06	10
2.785512686e-06	4.135338346e-06	10
2.785512686e-06	4.135338346e-06	10
2.785512686e-06	4.135338346e-06	10
2.785512686e-06	4.135338346e-06	10
2.785512686e-06	4.135338346e-06	10
2.785512686e-06	4.135338346e-06	10
2.785512686e-06	4.135338346e-06	10
2.785512686e-06	4.135338346e-06	10
2.785512686e-06	4.135338346e-06	10
2.785512686e-06	4.135338346e-06	10
2.785512686e-06	4.135338346e-06	10
2.785512686e-06	4.135338346e-06	10
2.785512686e-06	4.135338346e-06	10
2.785512686e-06	4.135338346e-06	10
2.785512686e-06	4.135338346e-06	10
2.785512686e-06	4.135338346e-06	10
2.785512686e-06	4.135338346e-06	10
2.785512686e-06	4.135338346e-06	10
2.785512686e-06	4.135338346e-06	10
2.785512686e-06	4.135338346e-06	0
2.804309678e-06	4.135338346e-06	0
2.823106671e-06	4.135338346e-06	0
2.841903663e-06	4.135338346e-06	0
2.860700656e-06	4.135338346e-06	0
2.860700656e-06	4.135338346e-06	10
2.860700656e-06	4.135338346e-06	10
2.860700656e-06	4.135338346e-06	10
2.860700656e-06	4.135338346e-06	10
2.860700656e-06	4.135338346e-06	10
2.860700656e-06	4.135338346e-06	10
2.860700656e-06	4.135338346e-06	10
2.860700656e-06	4.135338346e-06	10
2.860700656e-06	4.135338346e-06	10
2.860700656e-06	4.135338346e-06	10
2.860700656e-06	4.135338346e-06	10
2.860700656e-06	4.135338346e-06	10
2.860700656e-06	4.135338346e-06	10
2.860700656e-06	4.135338346e-06	10
2.860700656e-06	4.135338346e-06	10
2.860700656e-06	4.135338346e-06	10
2.860700656e-06	4.135338346e-06	10
2.860700656e-06	4.135338346e-06	10
2.860700656e-06	4.135338346e-06	10
2.860700656e-06	4.135338346e-06	10
2.860700656e-06	4.135338346e-06	10
2.860700656e-06	4.135338346e-06	10
2.860700656e-06	4.135338346e-06	10
2.860700656e-06	4.135338346e-06	10
2.860700656e-06	4.135338346e-06	10
2.860700656e-06	4.135338346e-06	0
2.879497648e-06	4.135338346e-06	0
2.898294641e-06	4.135338346e-06	0
2.917091633e-06	4.135338346e-06	0
2.935888626e-06	4.135338346e-06	0
2.935888626e-06	4.135338346e-06	10
2.935888626e-06	4.135338346e-06	10
2.935888626e-06	4.135338346e-06	10
2.935888626e-06	4.135338346e-06	10
2.935888626e-06	4.135338346e-06	10
2.935888626e-06	4.135338346e-06	10
2.935888626e-06	4.135338346e-06	10
2.935888626e-06	4.135338346e-06	10
2.935888626e-06	4.135338346e-06	10
2.935888626e-06	4.135338346e-06	10
2.935888626e-06	4.135338346e-06	10
2.935888626e-06	4.135338346e-06	10
2.935888626e-06	4.135338346e-06	10
2.935888626e-06	4.135338346e-06	10
2.935888626e-06	4.135338346e-06	10
2.935888626e-06	4.135338346e-06	10
2.935888626e-06	4.135338346e-06	10
2.935888626e-06	4.135338346e-06	10
2.935888626e-06	4.135338346e-06	10
2.935888626e-06	4.135338346e-06	10
2.935888626e-06	4.135338346e-06	10
2.935888626e-06	4.135338346e-06	10
2.935888626e-06	4.135338346e-06	10
2.935888626e-06	4.135338346e-06	10
2.935888626e-06	4.135338346e-06	10
2.935888626e-06	4.135338346e-06	0
2.954685618e-06	4.135338346e-06	0
2.973482611e-06	4.135338346e-06	0
2.992279603e-06	4.135338346e-06	0
3.011076596e-06	4.135338346e-06	0
3.011076596e-06	4.135338346e-06	10
3.011076596e-06	4.135338346e-06	10
3.011076596e-06	4.135338346e-06	10
3.011076596e-06	4.135338346e-06	10
3.011076596e-06	4.135338346e-06	10
3.011076596e-06	4.135338346e-06	10
3.011076596e-06	4.135338346e-06	10
3.011076596e-06	4.135338346e-06	10
3.011076596e-06	4.135338346e-06	10
3.011076596e-06	4.135338346e-06	10
3.011076596e-06	4.135338346e-06	10
3.011076596e-06	4.135338346e-06	10
3.011076596e-06	4.135338346e-06	10
3.011076596e-06	4.135338346e-06	10
3.011076596e-06	4.135338346e-06	10
3.011076596e-06	4.135338346e-06	10
3.011076596e-06	4.135338346e-06	10
3.011076596e-06	4.135338346e-06	10
3.011076596e-06	4.135338346e-06	10
3.011076596e-06	4.135338346e-06	10
3.011076596e-06	4.135338346e-06	10
3.011076596e-06	4.135338346e-06	10
3.011076596e-06	4.135338346e-06	10
3.011076596e-06	4.135338346e-06	10
3.011076596e-06	4.135338346e-06	10
3.011076596e-06	4.135338346e-06	0
3.029873588e-06	4.135338346e-06	0
3.048670581e-06	4.135338346e-06	0
3.067467573e-06	4.135338346e-06	0
3.086264566e-06	4.135338346e-06	0
3.086264566e-06	4.135338346e-06	10
3.086264566e-06	4.135338346e-06	10
3.086264566e-06	4.135338346e-06	10
3.086264566e-06	4.135338346e-06	10
3.086264566e-06	4.135338346e-06	10
3.086264566e-06	4.135338346e-06	10
3.086264566e-06	4.135338346e-06	10
3.086264566e-06	4.135338346e-06	10
3.086264566e-06	4.135338346e-06	10
3.086264566e-06	4.135338346e-06	10
3.086264566e-06	4.135338346e-06	10
3.086264566e-06	4.135338346e-06	10
3.086264566e-06	4.135338346e-06	10
3.086264566e-06	4.135338346e-06	10
3.086264566e-06	4.135338346e-06	10
3.086264566e-06	4.135338346e-06	10
3.086264566e-06	4.135338346e-06	10
3.086264566e-06	4.135338346e-06	10
3.086264566e-06	4.135338346e-06	10
3.086264566e-06	4.135338346e-06	10
3.086264566e-06	4.135338346e-06	10
3.086264566e-06	4.135338346e-06	10
3.086264566e-06	4.135338346e-06	10
3.086264566e-06	4.135338346e-06	10
3.086264566e-06	4.135338346e-06	10
3.086264566e-06	4.135338346e-06	0
3.105061558e-06	4.135338346e-06	0
3.123858551e-06	4.135338346e-06	0
3.142655543e-06	4.135338346e-06	0
3.161452536e-06	4.135338346e-06	0
3.161452536e-06	4.135338346e-06	10
3.161452536e-06	4.135338346e-06	10
3.161452536e-06	4.135338346e-06	10
3.161452536e-06	4.135338346e-06	10
3.161452536e-06	4.135338346e-06	10
3.161452536e-06	4.135338346e-06	10
3.161452536e-06	4.135338346e-06	10
3.161452536e-06	4.135338346e-06	10
3.161452536e-06	4.135338346e-06	10
3.161452536e-06	4.135338346e-06	10
3.161452536e-06	4.135338346e-06	10
3.161452536e-06	4.135338346e-06	10
3.161452536e-06	4.135338346e-06	10
3.161452536e-06	4.135338346e-06	10
3.161452536e-06	4.135338346e-06	10
3.161452536e-06	4.135338346e-06	10
3.161452536e-06	4.135338346e-06	10
3.161452536e-06	4.135338346e-06	10
3.161452536e-06	4.135338346e-06	10
3.161452536e-06	4.135338346e-06	10
3.161452536e-06	4.135338346e-06	10
3.161452536e-06	4.135338346e-06	10
3.161452536e-06	4.135338346e-06	10
3.161452536e-06	4.135338346e-06	10
3.161452536e-06	4.135338346e-06	10
3.161452536e-06	4.135338346e-06	0
3.180249528e-06	4.135338346e-06	0
3.199046521e-06	4.135338346e-06	0
3.217843513e-06	4.135338346e-06	0
3.236640506e-06	4.135338346e-06	0
3.236640506e-06	4.135338346e-06	10
3.236640506e-06	4.135338346e-06	10
3.236640506e-06	4.135338346e-06	10
3.236640506e-06	4.135338346e-06	10
3.236640506e-06	4.135338346e-06	10
3.236640506e-06	4.135338346e-06	10
3.236640506e-06	4.135338346e-06	10
3.236640506e-06	4.135338346e-06	10
3.236640506e-06	4.135338346e-06	10
3.236640506e-06	4.135338346e-06	10
3.236640506e-06	4.135338346e-06	10
3.236640506e-06	4.135338346e-06	10
3.236640506e-06	4.135338346e-06	10
3.236640506e-06	4.135338346e-06	10
3.236640506e-06	4.135338346e-06	10
3.236640506e-06	4.135338346e-06	10
3.236640506e-06	4.135338346e-06	10
3.236640506e-06	4.135338346e-06	10
3.236640506e-06	4.135338346e-06	10
3.236640506e-06	4.135338346e-06	10
3.236640506e-06	4.135338346e-06	10
3.236640506e-06	4.135338346e-06	10
3.236640506e-06	4.135338346e-06	10
3.236640506e-06	4.135338346e-06	10
3.236640506e-06	4.135338346e-06	10
3.236640506e-06	4.135338346e-06	0
3.255437498e-06	4.135338346e-06	0
3.274234491e-06	4.135338346e-06	0
3.293031483e-06	4.135338346e-06	0
3.311828475e-06	4.135338346e-06	0
3.311828475e-06	4.135338346e-06	10
3.311828475e-06	4.135338346e-06	10
3.311828475e-06	4.135338346e-06	10
3.311828475e-06	4.135338346e-06	10
3.311828475e-06	4.135338346e-06	10
3.311828475e-06	4.135338346e-06	10
3.311828475e-06	4.135338346e-06	10
3.311828475e-06	4.135338346e-06	10
3.311828475e-06	4.135338346e-06	10
3.311828475e-06	4.135338346e-06	10
3.311828475e-06	4.135338346e-06	10
3.311828475e-06	4.135338346e-06	10
3.311828475e-06	4.135338346e-06	10
3.311828475e-06	4.135338346e-06	10
3.311828475e-06	4.135338346e-06	10
3.311828475e-06	4.135338346e-06	10
3.311828475e-06	4.135338346e-06	10
3.311828475e-06	4.135338346e-06	10
3.311828475e-06	4.135338346e-06	10
3.311828475e-06	4.135338346e-06	10
3.311828475e-06	4.135338346e-06	10
3.311828475e-06	4.135338346e-06	10
3.311828475e-06	4.135338346e-06	10
3.311828475e-06	4.135338346e-06	10
3.311828475e-06	4.135338346e-06	10
3.311828475e-06	4.135338346e-06	0
3.330625468e-06	4.135338346e-06	0
3.34942246e-06	4.135338346e-06	0
3.368219453e-06	4.135338346e-06	0
3.387016445e-06	4.135338346e-06	0
3.387016445e-06	4.135338346e-06	10
3.387016445e-06	4.135338346e-06	10
3.387016445e-06	4.135338346e-06	10
3.387016445e-06	4.135338346e-06	10
3.387016445e-06	4.135338346e-06	10
3.387016445e-06	4.135338346e-06	10
3.387016445e-06	4.135338346e-06	10
3.387016445e-06	4.135338346e-06	10
3.387016445e-06	4.135338346e-06	10
3.387016445e-06	4.135338346e-06	10
3.387016445e-06	4.135338346e-06	10
3.387016445e-06	4.135338346e-06	10
3.387016445e-06	4.135338346e-06	10
3.387016445e-06	4.135338346e-06	10
3.387016445e-06	4.135338346e-06	10
3.387016445e-06	4.135338346e-06	10
3.387016445e-06	4.135338346e-06	10
3.387016445e-06	4.135338346e-06	10
3.387016445e-06	4.135338346e-06	10
3.387016445e-06	4.135338346e-06	10
3.387016445e-06	4.135338346e-06	10
3.387016445e-06	4.135338346e-06	10
3.387016445e-06	4.135338346e-06	10
3.387016445e-06	4.135338346e-06	10
3.387016445e-06	4.135338346e-06	10
3.387016445e-06	4.135338346e-06	0
3.405813438e-06	4.135338346e-06	0
3.42461043e-06	4.135338346e-06	0
3.443407423e-06	4.135338346e-06	0
3.462204415e-06	4.135338346e-06	0
3.462204415e-06	4.135338346e-06	10
3.462204415e-06	4.135338346e-06	10
3.462204415e-06	4.135338346e-06	10
3.462204415e-06	4.135338346e-06	10
3.462204415e-06	4.135338346e-06	10
3.462204415e-06	4.135338346e-06	10
3.462204415e-06	4.135338346e-06	10
3.462204415e-06	4.135338346e-06	10
3.462204415e-06	4.135338346e-06	10
3.462204415e-06	4.135338346e-06	10
3.462204415e-06	4.135338346e-06	10
3.462204415e-06	4.135338346e-06	10
3.462204415e-06	4.135338346e-06	10
3.462204415e-06	4.135338346e-06	10
3.462204415e-06	4.135338346e-06	10
3.462204415e-06	4.135338346e-06	10
3.462204415e-06	4.135338346e-06	10
3.462204415e-06	4.135338346e-06	10
3.462204415e-06	4.135338346e-06	10
3.462204415e-06	4.135338346e-06	10
3.462204415e-06	4.135338346e-06	10
3.462204415e-06	4.135338346e-06	10
3.462204415e-06	4.135338346e-06	10
3.462204415e-06	4.135338346e-06	10
3.462204415e-06	4.135338346e-06	10
3.462204415e-06	4.135338346e-06	0
3.481001408e-06	4.135338346e-06	0
3.4997984e-06	4.135338346e-06	0
3.518595393e-06	4.135338346e-06	0
3.537392385e-06	4.135338346e-06	0
3.537392385e-06	4.135338346e-06	10
3.537392385e-06	4.135338346e-06	10
3.537392385e-06	4.135338346e-06	10
3.537392385e-06	4.135338346e-06	10
3.537392385e-06	4.135338346e-06	10
3.537392385e-06	4.135338346e-06	10
3.537392385e-06	4.135338346e-06	10
3.537392385e-06	4.135338346e-06	10
3.537392385e-06	4.135338346e-06	10
3.537392385e-06	4.135338346e-06	10
3.537392385e-06	4.135338346e-06	10
3.537392385e-06	4.135338346e-06	10
3.537392385e-06	4.135338346e-06	10
3.537392385e-06	4.135338346e-06	10
3.537392385e-06	4.135338346e-06	10
3.537392385e-06	4.135338346e-06	10
3.537392385e-06	4.135338346e-06	10
3.537392385e-06	4.135338346e-06	10
3.537392385e-06	4.135338346e-06	10
3.537392385e-06	4.135338346e-06	10
3.537392385e-06	4.135338346e-06	10
3.537392385e-06	4.135338346e-06	10
3.537392385e-06	4.135338346e-06	10
3.537392385e-06	4.135338346e-06	10
3.537392385e-06	4.135338346e-06	10
3.537392385e-06	4.135338346e-06	0
3.556189378e-06	4.135338346e-06	0
3.57498637e-06	4.135338346e-06	0
3.593783363e-06	4.135338346e-06	0
3.612580355e-06	4.135338346e-06	0
3.612580355e-06	4.135338346e-06	10
3.612580355e-06	4.135338346e-06	10
3.612580355e-06	4.135338346e-06	10
3.612580355e-06	4.135338346e-06	10
3.612580355e-06	4.135338346e-06	10
3.612580355e-06	4.135338346e-06	10
3.612580355e-06	4.135338346e-06	10
3.612580355e-06	4.135338346e-06	10
3.612580355e-06	4.135338346e-06	10
3.612580355e-06	4.135338346e-06	10
3.612580355e-06	4.135338346e-06	10
3.612580355e-06	4.135338346e-06	10
3.612580355e-06	4.135338346e-06	10
3.612580355e-06	4.135338346e-06	10
3.612580355e-06	4.135338346e-06	10
3.612580355e-06	4.135338346e-06	10
3.612580355e-06	4.135338346e-06	10
3.612580355e-06	4.135338346e-06	10
3.612580355e-06	4.135338346e-06	10
3.612580355e-06	4.135338346e-06	10
3.612580355e-06	4.135338346e-06	10
3.612580355e-06	4.135338346e-06	10
3.612580355e-06	4.135338346e-06	10
3.612580355e-06	4.135338346e-06	10
3.612580355e-06	4.135338346e-06	10
3.612580355e-06	4.135338346e-06	0
3.631377348e-06	4.135338346e-06	0
3.65017434e-06	4.135338346e-06	0
3.668971333e-06	4.135338346e-06	0
3.687768325e-06	4.135338346e-06	0
3.687768325e-06	4.135338346e-06	10
3.687768325e-06	4.135338346e-06	10
3.687768325e-06	4.135338346e-06	10
3.687768325e-06	4.135338346e-06	10
3.687768325e-06	4.135338346e-06	10
3.687768325e-06	4.135338346e-06	10
3.687768325e-06	4.135338346e-06	10
3.687768325e-06	4.135338346e-06	10
3.687768325e-06	4.135338346e-06	10
3.687768325e-06	4.135338346e-06	10
3.687768325e-06	4.135338346e-06	10
3.687768325e-06	4.135338346e-06	10
3.687768325e-06	4.135338346e-06	10
3.687768325e-06	4.135338346e-06	10
3.687768325e-06	4.135338346e-06	10
3.687768325e-06	4.135338346e-06	10
3.687768325e-06	4.135338346e-06	10
3.687768325e-06	4.135338346e-06	10
3.687768325e-06	4.135338346e-06	10
3.687768325e-06	4.135338346e-06	10
3.687768325e-06	4.135338346e-06	10
3.687768325e-06	4.135338346e-06	10
3.687768325e-06	4.135338346e-06	10
3.687768325e-06	4.135338346e-06	10
3.687768325e-06	4.135338346e-06	10
3.687768325e-06	4.135338346e-06	0
3.706565318e-06	4.135338346e-06	0
3.72536231e-06	4.135338346e-06	0
3.744159303e-06	4.135338346e-06	0
3.762956295e-06	4.135338346e-06	0
3.762956295e-06	4.135338346e-06	10
3.762956295e-06	4.135338346e-06	10
3.762956295e-06	4.135338346e-06	10
3.762956295e-06	4.135338346e-06	10
3.762956295e-06	4.135338346e-06	10
3.762956295e-06	4.135338346e-06	10
3.762956295e-06	4.135338346e-06	10
3.762956295e-06	4.135338346e-06	10
3.762956295e-06	4.135338346e-06	10
3.762956295e-06	4.135338346e-06	10
3.762956295e-06	4.135338346e-06	10
3.762956295e-06	4.135338346e-06	10
3.762956295e-06	4.135338346e-06	10
3.762956295e-06	4.135338346e-06	10
3.762956295e-06	4.135338346e-06	10
3.762956295e-06	4.135338346e-06	10
3.762956295e-06	4.135338346e-06	10
3.762956295e-06	4.135338346e-06	10
3.762956295e-06	4.135338346e-06	10
3.762956295e-06	4.135338346e-06	10
3.762956295e-06	4.135338346e-06	10
3.762956295e-06	4.135338346e-06	10
3.762956295e-06	4.135338346e-06	10
3.762956295e-06	4.135338346e-06	10
3.762956295e-06	4.135338346e-06	10
3.762956295e-06	4.135338346e-06	0
3.781753288e-06	4.135338346e-06	0
3.80055028e-06	4.135338346e-06	0
3.819347272e-06	4.135338346e-06	0
3.838144265e-06	4.135338346e-06	0
3.838144265e-06	4.135338346e-06	10
3.838144265e-06	4.135338346e-06	10
3.838144265e-06	4.135338346e-06	10
3.838144265e-06	4.135338346e-06	10
3.838144265e-06	4.135338346e-06	10
3.838144265e-06	4.135338346e-06	10
3.838144265e-06	4.135338346e-06	10
3.838144265e-06	4.135338346e-06	10
3.838144265e-06	4.135338346e-06	10
3.838144265e-06	4.135338346e-06	10
3.838144265e-06	4.135338346e-06	10
3.838144265e-06	4.135338346e-06	10
3.838144265e-06	4.135338346e-06	10
3.838144265e-06	4.135338346e-06	10
3.838144265e-06	4.135338346e-06	10
3.838144265e-06	4.135338346e-06	10
3.838144265e-06	4.135338346e-06	10
3.838144265e-06	4.135338346e-06	10
3.838144265e-06	4.135338346e-06	10
3.838144265e-06	4.135338346e-06	10
3.838144265e-06	4.135338346e-06	10
3.838144265e-06	4.135338346e-06	10
3.838144265e-06	4.135338346e-06	10
3.838144265e-06	4.135338346e-06	10
3.838144265e-06	4.135338346e-06	10
3.838144265e-06	4.135338346e-06	0
3.856941257e-06	4.135338346e-06	0
3.87573825e-06	4.135338346e-06	0
3.894535242e-06	4.135338346e-06	0
3.913332235e-06	4.135338346e-06	0
3.913332235e-06	4.135338346e-06	10
3.913332235e-06	4.135338346e-06	10
3.913332235e-06	4.135338346e-06	10
3.913332235e-06	4.135338346e-06	10
3.913332235e-06	4.135338346e-06	10
3.913332235e-06	4.135338346e-06	10
3.913332235e-06	4.135338346e-06	10
3.913332235e-06	4.135338346e-06	10
3.913332235e-06	4.135338346e-06	10
3.913332235e-06	4.135338346e-06	10
3.913332235e-06	4.135338346e-06	10
3.913332235e-06	4.135338346e-06	10
3.913332235e-06	4.135338346e-06	10
3.913332235e-06	4.135338346e-06	10
3.913332235e-06	4.135338346e-06	10
3.913332235e-06	4.135338346e-06	10
3.913332235e-06	4.135338346e-06	10
3.913332235e-06	4.135338346e-06	10
3.913332235e-06	4.135338346e-06	10
3.913332235e-06	4.135338346e-06	10
3.913332235e-06	4.135338346e-06	10
3.913332235e-06	4.135338346e-06	10
3.913332235e-06	4.135338346e-06	10
3.913332235e-06	4.135338346e-06	10
3.913332235e-06	4.135338346e-06	10
3.913332235e-06	4.135338346e-06	0
3.932129227e-06	4.135338346e-06	0
3.95092622e-06	4.135338346e-06	0
3.969723212e-06	4.135338346e-06	0
3.988520205e-06	4.135338346e-06	0
3.988520205e-06	4.135338346e-06	10
3.988520205e-06	4.135338346e-06	10
3.988520205e-06	4.135338346e-06	10
3.988520205e-06	4.135338346e-06	10
3.988520205e-06	4.135338346e-06	10
3.988520205e-06	4.135338346e-06	10
3.988520205e-06	4.135338346e-06	10
3.988520205e-06	4.135338346e-06	10
3.988520205e-06	4.135338346e-06	10
3.988520205e-06	4.135338346e-06	10
3.988520205e-06	4.135338346e-06	10
3.988520205e-06	4.135338346e-06	10
3.988520205e-06	4.135338346e-06	10
3.988520205e-06	4.135338346e-06	10
3.988520205e-06	4.135338346e-06	10
3.988520205e-06	4.135338346e-06	10
3.988520205e-06	4.135338346e-06	10
3.988520205e-06	4.135338346e-06	10
3.988520205e-06	4.135338346e-06	10
3.988520205e-06	4.135338346e-06	10
3.988520205e-06	4.135338346e-06	10
3.988520205e-06	4.135338346e-06	10
3.988520205e-06	4.135338346e-06	10
3.988520205e-06	4.135338346e-06	10
3.988520205e-06	4.135338346e-06	10
3.988520205e-06	4.135338346e-06	0
4.007317197e-06	4.135338346e-06	0
4.02611419e-06	4.135338346e-06	0
4.044911182e-06	4.135338346e-06	0
4.063708175e-06	4.135338346e-06	0
4.063708175e-06	4.135338346e-06	10
4.063708175e-06	4.135338346e-06	10
4.063708175e-06	4.135338346e-06	10
4.063708175e-06	4.135338346e-06	10
4.063708175e-06	4.135338346e-06	10
4.063708175e-06	4.135338346e-06	10
4.063708175e-06	4.135338346e-06	10
4.063708175e-06	4.135338346e-06	10
4.063708175e-06	4.135338346e-06	10
4.063708175e-06	4.135338346e-06	10
4.063708175e-06	4.135338346e-06	10
4.063708175e-06	4.135338346e-06	10
4.063708175e-06	4.135338346e-06	10
4.063708175e-06	4.135338346e-06	10
4.063708175e-06	4.135338346e-06	10
4.063708175e-06	4.135338346e-06	10
4.063708175e-06	4.135338346e-06	10
4.063708175e-06	4.135338346e-06	10
4.063708175e-06	4.135338346e-06	10
4.063708175e-06	4.135338346e-06	10
4.063708175e-06	4.135338346e-06	10
4.063708175e-06	4.135338346e-06	10
4.063708175e-06	4.135338346e-06	10
4.063708175e-06	4.135338346e-06	10
4.063708175e-06	4.135338346e-06	10
4.063708175e-06	4.135338346e-06	0
4.063708175e-06	4.154135338e-06	0
4.063708175e-06	4.172932331e-06	0
4.063708175e-06	4.191729323e-06	0
4.063708175e-06	4.210526316e-06	0
4.063708175e-06	4.210526316e-06	10
4.063708175e-06	4.210526316e-06	10
4.063708175e-06	4.210526316e-06	10
4.063708175e-06	4.210526316e-06	10
4.063708175e-06	4.210526316e-06	10
4.063708175e-06	4.210526316e-06	10
4.063708175e-06	4.210526316e-06	10
4.063708175e-06	4.210526316e-06	10
4.063708175e-06	4.210526316e-06	10
4.063708175e-06	4.210526316e-06	10
4.063708175e-06	4.210526316e-06	10
4.063708175e-06	4.210526316e-06	10
4.063708175e-06	4.210526316e-06	10
4.063708175e-06	4.210526316e-06	10
4.063708175e-06	4.210526316e-06	10
4.063708175e-06	4.210526316e-06	10
4.063708175e-06	4.210526316e-06	10
4.063708175e-06	4.210526316e-06	10
4.063708175e-06	4.210526316e-06	10
4.063708175e-06	4.210526316e-06	10
4.063708175e-06	4.210526316e-06	10
4.063708175e-06	4.210526316e-06	10
4.063708175e-06	4.210526316e-06	10
4.063708175e-06	4.210526316e-06	10
4.063708175e-06	4.210526316e-06	10
4.063708175e-06	4.210526316e-06	0
4.044911182e-06	4.210526316e-06	0
4.02611419e-06	4.210526316e-06	0
4.007317197e-06	4.210526316e-06	0
3.988520205e-06	4.210526316e-06	0
3.988520205e-06	4.210526316e-06	10
3.988520205e-06	4.210526316e-06	10
3.988520205e-06	4.210526316e-06	10
3.988520205e-06	4.210526316e-06	10
3.988520205e-06	4.210526316e-06	10
3.988520205e-06	4.210526316e-06	10
3.988520205e-06	4.210526316e-06	10
3.988520205e-06	4.210526316e-06	10
3.988520205e-06	4.210526316e-06	10
3.988520205e-06	4.210526316e-06	10
3.988520205e-06	4.210526316e-06	10
3.988520205e-06	4.210526316e-06	10
3.988520205e-06	4.210526316e-06	10
3.988520205e-06	4.210526316e-06	10
3.988520205e-06	4.210526316e-06	10
3.988520205e-06	4.210526316e-06	10
3.988520205e-06	4.210526316e-06	10
3.988520205e-06	4.210526316e-06	10
3.988520205e-06	4.210526316e-06	10
3.988520205e-06	4.210526316e-06	10
3.988520205e-06	4.210526316e-06	10
3.988520205e-06	4.210526316e-06	10
3.988520205e-06	4.210526316e-06	10
3.988520205e-06	4.210526316e-06	10
3.988520205e-06	4.210526316e-06	10
3.988520205e-06	4.210526316e-06	0
3.969723212e-06	4.210526316e-06	0
3.95092622e-06	4.210526316e-06	0
3.932129227e-06	4.210526316e-06	0
3.913332235e-06	4.210526316e-06	0
3.913332235e-06	4.210526316e-06	10
3.913332235e-06	4.210526316e-06	10
3.913332235e-06	4.210526316e-06	10
3.913332235e-06	4.210526316e-06	10
3.913332235e-06	4.210526316e-06	10
3.913332235e-06	4.210526316e-06	10
3.913332235e-06	4.210526316e-06	10
3.913332235e-06	4.210526316e-06	10
3.913332235e-06	4.210526316e-06	10
3.913332235e-06	4.210526316e-06	10
3.913332235e-06	4.210526316e-06	10
3.913332235e-06	4.210526316e-06	10
3.913332235e-06	4.210526316e-06	10
3.913332235e-06	4.210526316e-06	10
3.913332235e-06	4.210526316e-06	10
3.913332235e-06	4.210526316e-06	10
3.913332235e-06	4.210526316e-06	10
3.913332235e-06	4.210526316e-06	10
3.913332235e-06	4.210526316e-06	10
3.913332235e-06	4.210526316e-06	10
3.913332235e-06	4.210526316e-06	10
3.913332235e-06	4.210526316e-06	10
3.913332235e-06	4.210526316e-06	10
3.913332235e-06	4.210526316e-06	10
3.913332235e-06	4.210526316e-06	10
3.913332235e-06	4.210526316e-06	0
3.894535242e-06	4.210526316e-06	0
3.87573825e-06	4.210526316e-06	0
3.856941257e-06	4.210526316e-06	0
3.838144265e-06	4.210526316e-06	0
3.838144265e-06	4.210526316e-06	10
3.838144265e-06	4.210526316e-06	10
3.838144265e-06	4.210526316e-06	10
3.838144265e-06	4.210526316e-06	10
3.838144265e-06	4.210526316e-06	10
3.838144265e-06	4.210526316e-06	10
3.838144265e-06	4.210526316e-06	10
3.838144265e-06	4.210526316e-06	10
3.838144265e-06	4.210526316e-06	10
3.838144265e-06	4.210526316e-06	10
3.838144265e-06	4.210526316e-06	10
3.838144265e-06	4.210526316e-06	10
3.838144265e-06	4.210526316e-06	10
3.838144265e-06	4.210526316e-06	10
3.838144265e-06	4.210526316e-06	10
3.838144265e-06	4.210526316e-06	10
3.838144265e-06	4.210526316e-06	10
3.838144265e-06	4.210526316e-06	10
3.838144265e-06	4.210526316e-06	10
3.838144265e-06	4.210526316e-06	10
3.838144265e-06	4.210526316e-06	10
3.838144265e-06	4.210526316e-06	10
3.838144265e-06	4.210526316e-06	10
3.838144265e-06	4.210526316e-06	10
3.838144265e-06	4.210526316e-06	10
3.838144265e-06	4.210526316e-06	0
3.819347272e-06	4.210526316e-06	0
3.80055028e-06	4.210526316e-06	0
3.781753288e-06	4.210526316e-06	0
3.762956295e-06	4.210526316e-06	0
3.762956295e-06	4.210526316e-06	10
3.762956295e-06	4.210526316e-06	10
3.762956295e-06	4.210526316e-06	10
3.762956295e-06	4.210526316e-06	10
3.762956295e-06	4.210526316e-06	10
3.762956295e-06	4.210526316e-06	10
3.762956295e-06	4.210526316e-06	10
3.762956295e-06	4.210526316e-06	10
3.762956295e-06	4.210526316e-06	10
3.762956295e-06	4.210526316e-06	10
3.762956295e-06	4.210526316e-06	10
3.762956295e-06	4.210526316e-06	10
3.762956295e-06	4.210526316e-06	10
3.762956295e-06	4.210526316e-06	10
3.762956295e-06	4.210526316e-06	10
3.762956295e-06	4.210526316e-06	10
3.762956295e-06	4.210526316e-06	10
3.762956295e-06	4.210526316e-06	10
3.762956295e-06	4.210526316e-06	10
3.762956295e-06	4.210526316e-06	10
3.762956295e-06	4.210526316e-06	10
3.762956295e-06	4.210526316e-06	10
3.762956295e-06	4.210526316e-06	10
3.762956295e-06	4.210526316e-06	10
3.762956295e-06	4.210526316e-06	10
3.762956295e-06	4.210526316e-06	0
3.744159303e-06	4.210526316e-06	0
3.72536231e-06	4.210526316e-06	0
3.706565318e-06	4.210526316e-06	0
3.687768325e-06	4.210526316e-06	0
3.687768325e-06	4.210526316e-06	10
3.687768325e-06	4.210526316e-06	10
3.687768325e-06	4.210526316e-06	10
3.687768325e-06	4.210526316e-06	10
3.687768325e-06	4.210526316e-06	10
3.687768325e-06	4.210526316e-06	10
3.687768325e-06	4.210526316e-06	10
3.687768325e-06	4.210526316e-06	10
3.687768325e-06	4.210526316e-06	10
3.687768325e-06	4.210526316e-06	10
3.687768325e-06	4.210526316e-06	10
3.687768325e-06	4.210526316e-06	10
3.687768325e-06	4.210526316e-06	10
3.687768325e-06	4.210526316e-06	10
3.687768325e-06	4.210526316e-06	10
3.687768325e-06	4.210526316e-06	10
3.687768325e-06	4.210526316e-06	10
3.687768325e-06	4.210526316e-06	10
3.687768325e-06	4.210526316e-06	10
3.687768325e-06	4.210526316e-06	10
3.687768325e-06	4.210526316e-06	10
3.687768325e-06	4.210526316e-06	10
3.687768325e-06	4.210526316e-06	10
3.687768325e-06	4.210526316e-06	10
3.687768325e-06	4.210526316e-06	10
3.687768325e-06	4.210526316e-06	0
3.668971333e-06	4.210526316e-06	0
3.65017434e-06	4.210526316e-06	0
3.631377348e-06	4.210526316e-06	0
3.612580355e-06	4.210526316e-06	0
3.612580355e-06	4.210526316e-06	10
3.612580355e-06	4.210526316e-06	10
3.612580355e-06	4.210526316e-06	10
3.612580355e-06	4.210526316e-06	10
3.612580355e-06	4.210526316e-06	10
3.612580355e-06	4.210526316e-06	10
3.612580355e-06	4.210526316e-06	10
3.612580355e-06	4.210526316e-06	10
3.612580355e-06	4.210526316e-06	10
3.612580355e-06	4.210526316e-06	10
3.612580355e-06	4.210526316e-06	10
3.612580355e-06	4.210526316e-06	10
3.612580355e-06	4.210526316e-06	10
3.612580355e-06	4.210526316e-06	10
3.612580355e-06	4.210526316e-06	10
3.612580355e-06	4.210526316e-06	10
3.612580355e-06	4.210526316e-06	10
3.612580355e-06	4.210526316e-06	10
3.612580355e-06	4.210526316e-06	10
3.612580355e-06	4.210526316e-06	10
3.612580355e-06	4.210526316e-06	10
3.612580355e-06	4.210526316e-06	10
3.612580355e-06	4.210526316e-06	10
3.612580355e-06	4.210526316e-06	10
3.612580355e-06	4.210526316e-06	10
3.612580355e-06	4.210526316e-06	0
3.593783363e-06	4.210526316e-06	0
3.57498637e-06	4.210526316e-06	0
3.556189378e-06	4.210526316e-06	0
3.537392385e-06	4.210526316e-06	0
3.537392385e-06	4.210526316e-06	10
3.537392385e-06	4.210526316e-06	10
3.537392385e-06	4.210526316e-06	10
3.537392385e-06	4.210526316e-06	10
3.537392385e-06	4.210526316e-06	10
3.537392385e-06	4.210526316e-06	10
3.537392385e-06	4.210526316e-06	10
3.537392385e-06	4.210526316e-06	10
3.537392385e-06	4.210526316e-06	10
3.537392385e-06	4.210526316e-06	10
3.537392385e-06	4.210526316e-06	10
3.537392385e-06	4.210526316e-06	10
3.537392385e-06	4.210526316e-06	10
3.537392385e-06	4.210526316e-06	10
3.537392385e-06	4.210526316e-06	10
3.537392385e-06	4.210526316e-06	10
3.537392385e-06	4.210526316e-06	10
3.537392385e-06	4.210526316e-06	10
3.537392385e-06	4.210526316e-06	10
3.537392385e-06	4.210526316e-06	10
3.537392385e-06	4.210526316e-06	10
3.537392385e-06	4.210526316e-06	10
3.537392385e-06	4.210526316e-06	10
3.537392385e-06	4.210526316e-06	10
3.537392385e-06	4.210526316e-06	10
3.537392385e-06	4.210526316e-06	0
3.518595393e-06	4.210526316e-06	0
3.4997984e-06	4.210526316e-06	0
3.481001408e-06	4.210526316e-06	0
3.462204415e-06	4.210526316e-06	0
3.462204415e-06	4.210526316e-06	10
3.462204415e-06	4.210526316e-06	10
3.462204415e-06	4.210526316e-06	10
3.462204415e-06	4.210526316e-06	10
3.462204415e-06	4.210526316e-06	10
3.462204415e-06	4.210526316e-06	10
3.462204415e-06	4.210526316e-06	10
3.462204415e-06	4.210526316e-06	10
3.462204415e-06	4.210526316e-06	10
3.462204415e-06	4.210526316e-06	10
3.462204415e-06	4.210526316e-06	10
3.462204415e-06	4.210526316e-06	10
3.462204415e-06	4.210526316e-06	10
3.462204415e-06	4.210526316e-06	10
3.462204415e-06	4.210526316e-06	10
3.462204415e-06	4.210526316e-06	10
3.462204415e-06	4.210526316e-06	10
3.462204415e-06	4.210526316e-06	10
3.462204415e-06	4.210526316e-06	10
3.462204415e-06	4.210526316e-06	10
3.462204415e-06	4.210526316e-06	10
3.462204415e-06	4.210526316e-06	10
3.462204415e-06	4.210526316e-06	10
3.462204415e-06	4.210526316e-06	10
3.462204415e-06	4.210526316e-06	10
3.462204415e-06	4.210526316e-06	0
3.443407423e-06	4.210526316e-06	0
3.42461043e-06	4.210526316e-06	0
3.405813438e-06	4.210526316e-06	0
3.387016445e-06	4.210526316e-06	0
3.387016445e-06	4.210526316e-06	10
3.387016445e-06	4.210526316e-06	10
3.387016445e-06	4.210526316e-06	10
3.387016445e-06	4.210526316e-06	10
3.387016445e-06	4.210526316e-06	10
3.387016445e-06	4.210526316e-06	10
3.387016445e-06	4.210526316e-06	10
3.387016445e-06	4.210526316e-06	10
3.387016445e-06	4.210526316e-06	10
3.387016445e-06	4.210526316e-06	10
3.387016445e-06	4.210526316e-06	10
3.387016445e-06	4.210526316e-06	10
3.387016445e-06	4.210526316e-06	10
3.387016445e-06	4.210526316e-06	10
3.387016445e-06	4.210526316e-06	10
3.387016445e-06	4.210526316e-06	10
3.387016445e-06	4.210526316e-06	10
3.387016445e-06	4.210526316e-06	10
3.387016445e-06	4.210526316e-06	10
3.387016445e-06	4.210526316e-06	10
3.387016445e-06	4.210526316e-06	10
3.387016445e-06	4.210526316e-06	10
3.387016445e-06	4.210526316e-06	10
3.387016445e-06	4.210526316e-06	10
3.387016445e-06	4.210526316e-06	10
3.387016445e-06	4.210526316e-06	0
3.368219453e-06	4.210526316e-06	0
3.34942246e-06	4.210526316e-06	0
3.330625468e-06	4.210526316e-06	0
3.311828475e-06	4.210526316e-06	0
3.311828475e-06	4.210526316e-06	10
3.311828475e-06	4.210526316e-06	10
3.311828475e-06	4.210526316e-06	10
3.311828475e-06	4.210526316e-06	10
3.311828475e-06	4.210526316e-06	10
3.311828475e-06	4.210526316e-06	10
3.311828475e-06	4.210526316e-06	10
3.311828475e-06	4.210526316e-06	10
3.311828475e-06	4.210526316e-06	10
3.311828475e-06	4.210526316e-06	10
3.311828475e-06	4.210526316e-06	10
3.311828475e-06	4.210526316e-06	10
3.311828475e-06	4.210526316e-06	10
3.311828475e-06	4.210526316e-06	10
3.311828475e-06	4.210526316e-06	10
3.311828475e-06	4.210526316e-06	10
3.311828475e-06	4.210526316e-06	10
3.311828475e-06	4.210526316e-06	10
3.311828475e-06	4.210526316e-06	10
3.311828475e-06	4.210526316e-06	10
3.311828475e-06	4.210526316e-06	10
3.311828475e-06	4.210526316e-06	10
3.311828475e-06	4.210526316e-06	10
3.311828475e-06	4.210526316e-06	10
3.311828475e-06	4.210526316e-06	10
3.311828475e-06	4.210526316e-06	0
3.293031483e-06	4.210526316e-06	0
3.274234491e-06	4.210526316e-06	0
3.255437498e-06	4.210526316e-06	0
3.236640506e-06	4.210526316e-06	0
3.236640506e-06	4.210526316e-06	10
3.236640506e-06	4.210526316e-06	10
3.236640506e-06	4.210526316e-06	10
3.236640506e-06	4.210526316e-06	10
3.236640506e-06	4.210526316e-06	10
3.236640506e-06	4.210526316e-06	10
3.236640506e-06	4.210526316e-06	10
3.236640506e-06	4.210526316e-06	10
3.236640506e-06	4.210526316e-06	10
3.236640506e-06	4.210526316e-06	10
3.236640506e-06	4.210526316e-06	10
3.236640506e-06	4.210526316e-06	10
3.236640506e-06	4.210526316e-06	10
3.236640506e-06	4.210526316e-06	10
3.236640506e-06	4.210526316e-06	10
3.236640506e-06	4.210526316e-06	10
3.236640506e-06	4.210526316e-06	10
3.236640506e-06	4.210526316e-06	10
3.236640506e-06	4.210526316e-06	10
3.236640506e-06	4.210526316e-06	10
3.236640506e-06	4.210526316e-06	10
3.236640506e-06	4.210526316e-06	10
3.236640506e-06	4.210526316e-06	10
3.236640506e-06	4.210526316e-06	10
3.236640506e-06	4.210526316e-06	10
3.236640506e-06	4.210526316e-06	0
3.217843513e-06	4.210526316e-06	0
3.199046521e-06	4.210526316e-06	0
3.180249528e-06	4.210526316e-06	0
3.161452536e-06	4.210526316e-06	0
3.161452536e-06	4.210526316e-06	10
3.161452536e-06	4.210526316e-06	10
3.161452536e-06	4.210526316e-06	10
3.161452536e-06	4.210526316e-06	10
3.161452536e-06	4.210526316e-06	10
3.161452536e-06	4.210526316e-06	10
3.161452536e-06	4.210526316e-06	10
3.161452536e-06	4.210526316e-06	10
3.161452536e-06	4.210526316e-06	10
3.161452536e-06	4.210526316e-06	10
3.161452536e-06	4.210526316e-06	10
3.161452536e-06	4.210526316e-06	10
3.161452536e-06	4.210526316e-06	10
3.161452536e-06	4.210526316e-06	10
3.161452536e-06	4.210526316e-06	10
3.161452536e-06	4.210526316e-06	10
3.161452536e-06	4.210526316e-06	10
3.161452536e-06	4.210526316e-06	10
3.161452536e-06	4.210526316e-06	10
3.161452536e-06	4.210526316e-06	10
3.161452536e-06	4.210526316e-06	10
3.161452536e-06	4.210526316e-06	10
3.161452536e-06	4.210526316e-06	10
3.161452536e-06	4.210526316e-06	10
3.161452536e-06	4.210526316e-06	10
3.161452536e-06	4.210526316e-06	0
3.142655543e-06	4.210526316e-06	0
3.123858551e-06	4.210526316e-06	0
3.105061558e-06	4.210526316e-06	0
3.086264566e-06	4.210526316e-06	0
3.086264566e-06	4.210526316e-06	10
3.086264566e-06	4.210526316e-06	10
3.086264566e-06	4.210526316e-06	10
3.086264566e-06	4.210526316e-06	10
3.086264566e-06	4.210526316e-06	10
3.086264566e-06	4.210526316e-06	10
3.086264566e-06	4.210526316e-06	10
3.086264566e-06	4.210526316e-06	10
3.086264566e-06	4.210526316e-06	10
3.086264566e-06	4.210526316e-06	10
3.086264566e-06	4.210526316e-06	10
3.086264566e-06	4.210526316e-06	10
3.086264566e-06	4.210526316e-06	10
3.086264566e-06	4.210526316e-06	10
3.086264566e-06	4.210526316e-06	10
3.086264566e-06	4.210526316e-06	10
3.086264566e-06	4.210526316e-06	10
3.086264566e-06	4.210526316e-06	10
3.086264566e-06	4.210526316e-06	10
3.086264566e-06	4.210526316e-06	10
3.086264566e-06	4.210526316e-06	10
3.086264566e-06	4.210526316e-06	10
3.086264566e-06	4.210526316e-06	10
3.086264566e-06	4.210526316e-06	10
3.086264566e-06	4.210526316e-06	10
3.086264566e-06	4.210526316e-06	0
3.067467573e-06	4.210526316e-06	0
3.048670581e-06	4.210526316e-06	0
3.029873588e-06	4.210526316e-06	0
3.011076596e-06	4.210526316e-06	0
3.011076596e-06	4.210526316e-06	10
3.011076596e-06	4.210526316e-06	10
3.011076596e-06	4.210526316e-06	10
3.011076596e-06	4.210526316e-06	10
3.011076596e-06	4.210526316e-06	10
3.011076596e-06	4.210526316e-06	10
3.011076596e-06	4.210526316e-06	10
3.011076596e-06	4.210526316e-06	10
3.011076596e-06	4.210526316e-06	10
3.011076596e-06	4.210526316e-06	10
3.011076596e-06	4.210526316e-06	10
3.011076596e-06	4.210526316e-06	10
3.011076596e-06	4.210526316e-06	10
3.011076596e-06	4.210526316e-06	10
3.011076596e-06	4.210526316e-06	10
3.011076596e-06	4.210526316e-06	10
3.011076596e-06	4.210526316e-06	10
3.011076596e-06	4.210526316e-06	10
3.011076596e-06	4.210526316e-06	10
3.011076596e-06	4.210526316e-06	10
3.011076596e-06	4.210526316e-06	10
3.011076596e-06	4.210526316e-06	10
3.011076596e-06	4.210526316e-06	10
3.011076596e-06	4.210526316e-06	10
3.011076596e-06	4.210526316e-06	10
3.011076596e-06	4.210526316e-06	0
2.992279603e-06	4.210526316e-06	0
2.973482611e-06	4.210526316e-06	0
2.954685618e-06	4.210526316e-06	0
2.935888626e-06	4.210526316e-06	0
2.935888626e-06	4.210526316e-06	10
2.935888626e-06	4.210526316e-06	10
2.935888626e-06	4.210526316e-06	10
2.935888626e-06	4.210526316e-06	10
2.935888626e-06	4.210526316e-06	10
2.935888626e-06	4.210526316e-06	10
2.935888626e-06	4.210526316e-06	10
2.935888626e-06	4.210526316e-06	10
2.935888626e-06	4.210526316e-06	10
2.935888626e-06	4.210526316e-06	10
2.935888626e-06	4.210526316e-06	10
2.935888626e-06	4.210526316e-06	10
2.935888626e-06	4.210526316e-06	10
2.935888626e-06	4.210526316e-06	10
2.935888626e-06	4.210526316e-06	10
2.935888626e-06	4.210526316e-06	10
2.935888626e-06	4.210526316e-06	10
2.935888626e-06	4.210526316e-06	10
2.935888626e-06	4.210526316e-06	10
2.935888626e-06	4.210526316e-06	10
2.935888626e-06	4.210526316e-06	10
2.935888626e-06	4.210526316e-06	10
2.935888626e-06	4.210526316e-06	10
2.935888626e-06	4.210526316e-06	10
2.935888626e-06	4.210526316e-06	10
2.935888626e-06	4.210526316e-06	0
2.917091633e-06	4.210526316e-06	0
2.898294641e-06	4.210526316e-06	0
2.879497648e-06	4.210526316e-06	0
2.860700656e-06	4.210526316e-06	0
2.860700656e-06	4.210526316e-06	10
2.860700656e-06	4.210526316e-06	10
2.860700656e-06	4.210526316e-06	10
2.860700656e-06	4.210526316e-06	10
2.860700656e-06	4.210526316e-06	10
2.860700656e-06	4.210526316e-06	10
2.860700656e-06	4.210526316e-06	10
2.860700656e-06	4.210526316e-06	10
2.860700656e-06	4.210526316e-06	10
2.860700656e-06	4.210526316e-06	10
2.860700656e-06	4.210526316e-06	10
2.860700656e-06	4.210526316e-06	10
2.860700656e-06	4.210526316e-06	10
2.860700656e-06	4.210526316e-06	10
2.860700656e-06	4.210526316e-06	10
2.860700656e-06	4.210526316e-06	10
2.860700656e-06	4.210526316e-06	10
2.860700656e-06	4.210526316e-06	10
2.860700656e-06	4.210526316e-06	10
2.860700656e-06	4.210526316e-06	10
2.860700656e-06	4.210526316e-06	10
2.860700656e-06	4.210526316e-06	10
2.860700656e-06	4.210526316e-06	10
2.860700656e-06	4.210526316e-06	10
2.860700656e-06	4.210526316e-06	10
2.860700656e-06	4.210526316e-06	0
2.841903663e-06	4.210526316e-06	0
2.823106671e-06	4.210526316e-06	0
2.804309678e-06	4.210526316e-06	0
2.785512686e-06	4.210526316e-06	0
2.785512686e-06	4.210526316e-06	10
2.785512686e-06	4.210526316e-06	10
2.785512686e-06	4.210526316e-06	10
2.785512686e-06	4.210526316e-06	10
2.785512686e-06	4.210526316e-06	10
2.785512686e-06	4.210526316e-06	10
2.785512686e-06	4.210526316e-06	10
2.785512686e-06	4.210526316e-06	10
2.785512686e-06	4.210526316e-06	10
2.785512686e-06	4.210526316e-06	10
2.785512686e-06	4.210526316e-06	10
2.785512686e-06	4.210526316e-06	10
2.785512686e-06	4.210526316e-06	10
2.785512686e-06	4.210526316e-06	10
2.785512686e-06	4.210526316e-06	10
2.785512686e-06	4.210526316e-06	10
2.785512686e-06	4.210526316e-06	10
2.785512686e-06	4.210526316e-06	10
2.785512686e-06	4.210526316e-06	10
2.785512686e-06	4.210526316e-06	10
2.785512686e-06	4.210526316e-06	10
2.785512686e-06	4.210526316e-06	10
2.785512686e-06	4.210526316e-06	10
2.785512686e-06	4.210526316e-06	10
2.785512686e-06	4.210526316e-06	10
2.785512686e-06	4.210526316e-06	0
2.766715694e-06	4.210526316e-06	0
2.747918701e-06	4.210526316e-06	0
2.729121709e-06	4.210526316e-06	0
2.710324716e-06	4.210526316e-06	0
2.710324716e-06	4.210526316e-06	10
2.710324716e-06	4.210526316e-06	10
2.710324716e-06	4.210526316e-06	10
2.710324716e-06	4.210526316e-06	10
2.710324716e-06	4.210526316e-06	10
2.710324716e-06	4.210526316e-06	10
2.710324716e-06	4.210526316e-06	10
2.710324716e-06	4.210526316e-06	10
2.710324716e-06	4.210526316e-06	10
2.710324716e-06	4.210526316e-06	10
2.710324716e-06	4.210526316e-06	10
2.710324716e-06	4.210526316e-06	10
2.710324716e-06	4.210526316e-06	10
2.710324716e-06	4.210526316e-06	10
2.710324716e-06	4.210526316e-06	10
2.710324716e-06	4.210526316e-06	10
2.710324716e-06	4.210526316e-06	10
2.710324716e-06	4.210526316e-06	10
2.710324716e-06	4.210526316e-06	10
2.710324716e-06	4.210526316e-06	10
2.710324716e-06	4.210526316e-06	10
2.710324716e-06	4.210526316e-06	10
2.710324716e-06	4.210526316e-06	10
2.710324716e-06	4.210526316e-06	10
2.710324716e-06	4.210526316e-06	10
2.710324716e-06	4.210526316e-06	0
2.691527724e-06	4.210526316e-06	0
2.672730731e-06	4.210526316e-06	0
2.653933739e-06	4.210526316e-06	0
2.635136746e-06	4.210526316e-06	0
2.635136746e-06	4.210526316e-06	10
2.635136746e-06	4.210526316e-06	10
2.635136746e-06	4.210526316e-06	10
2.635136746e-06	4.210526316e-06	10
2.635136746e-06	4.210526316e-06	10
2.635136746e-06	4.210526316e-06	10
2.635136746e-06	4.210526316e-06	10
2.635136746e-06	4.210526316e-06	10
2.635136746e-06	4.210526316e-06	10
2.635136746e-06	4.210526316e-06	10
2.635136746e-06	4.210526316e-06	10
2.635136746e-06	4.210526316e-06	10
2.635136746e-06	4.210526316e-06	10
2.635136746e-06	4.210526316e-06	10
2.635136746e-06	4.210526316e-06	10
2.635136746e-06	4.210526316e-06	10
2.635136746e-06	4.210526316e-06	10
2.635136746e-06	4.210526316e-06	10
2.635136746e-06	4.210526316e-06	10
2.635136746e-06	4.210526316e-06	10
2.635136746e-06	4.210526316e-06	10
2.635136746e-06	4.210526316e-06	10
2.635136746e-06	4.210526316e-06	10
2.635136746e-06	4.210526316e-06	10
2.635136746e-06	4.210526316e-06	10
2.635136746e-06	4.210526316e-06	0
2.616339754e-06	4.210526316e-06	0
2.597542761e-06	4.210526316e-06	0
2.578745769e-06	4.210526316e-06	0
2.559948776e-06	4.210526316e-06	0
2.559948776e-06	4.210526316e-06	10
2.559948776e-06	4.210526316e-06	10
2.559948776e-06	4.210526316e-06	10
2.559948776e-06	4.210526316e-06	10
2.559948776e-06	4.210526316e-06	10
2.559948776e-06	4.210526316e-06	10
2.559948776e-06	4.210526316e-06	10
2.559948776e-06	4.210526316e-06	10
2.559948776e-06	4.210526316e-06	10
2.559948776e-06	4.210526316e-06	10
2.559948776e-06	4.210526316e-06	10
2.559948776e-06	4.210526316e-06	10
2.559948776e-06	4.210526316e-06	10
2.559948776e-06	4.210526316e-06	10
2.559948776e-06	4.210526316e-06	10
2.559948776e-06	4.210526316e-06	10
2.559948776e-06	4.210526316e-06	10
2.559948776e-06	4.210526316e-06	10
2.559948776e-06	4.210526316e-06	10
2.559948776e-06	4.210526316e-06	10
2.559948776e-06	4.210526316e-06	10
2.559948776e-06	4.210526316e-06	10
2.559948776e-06	4.210526316e-06	10
2.559948776e-06	4.210526316e-06	10
2.559948776e-06	4.210526316e-06	10
2.559948776e-06	4.210526316e-06	0
2.541151784e-06	4.210526316e-06	0
2.522354791e-06	4.210526316e-06	0
2.503557799e-06	4.210526316e-06	0
2.484760806e-06	4.210526316e-06	0
2.484760806e-06	4.210526316e-06	10
2.484760806e-06	4.210526316e-06	10
2.484760806e-06	4.210526316e-06	10
2.484760806e-06	4.210526316e-06	10
2.484760806e-06	4.210526316e-06	10
2.484760806e-06	4.210526316e-06	10
2.484760806e-06	4.210526316e-06	10
2.484760806e-06	4.210526316e-06	10
2.484760806e-06	4.210526316e-06	10
2.484760806e-06	4.210526316e-06	10
2.484760806e-06	4.210526316e-06	10
2.484760806e-06	4.210526316e-06	10
2.484760806e-06	4.210526316e-06	10
2.484760806e-06	4.210526316e-06	10
2.484760806e-06	4.210526316e-06	10
2.484760806e-06	4.210526316e-06	10
2.484760806e-06	4.210526316e-06	10
2.484760806e-06	4.210526316e-06	10
2.484760806e-06	4.210526316e-06	10
2.484760806e-06	4.210526316e-06	10
2.484760806e-06	4.210526316e-06	10
2.484760806e-06	4.210526316e-06	10
2.484760806e-06	4.210526316e-06	10
2.484760806e-06	4.210526316e-06	10
2.484760806e-06	4.210526316e-06	10
2.484760806e-06	4.210526316e-06	0
2.465963814e-06	4.210526316e-06	0
2.447166821e-06	4.210526316e-06	0
2.428369829e-06	4.210526316e-06	0
2.409572836e-06	4.210526316e-06	0
2.409572836e-06	4.210526316e-06	10
2.409572836e-06	4.210526316e-06	10
2.409572836e-06	4.210526316e-06	10
2.409572836e-06	4.210526316e-06	10
2.409572836e-06	4.210526316e-06	10
2.409572836e-06	4.210526316e-06	10
2.409572836e-06	4.210526316e-06	10
2.409572836e-06	4.210526316e-06	10
2.409572836e-06	4.210526316e-06	10
2.409572836e-06	4.210526316e-06	10
2.409572836e-06	4.210526316e-06	10
2.409572836e-06	4.210526316e-06	10
2.409572836e-06	4.210526316e-06	10
2.409572836e-06	4.210526316e-06	10
2.409572836e-06	4.210526316e-06	10
2.409572836e-06	4.210526316e-06	10
2.409572836e-06	4.210526316e-06	10
2.409572836e-06	4.210526316e-06	10
2.409572836e-06	4.210526316e-06	10
2.409572836e-06	4.210526316e-06	10
2.409572836e-06	4.210526316e-06	10
2.409572836e-06	4.210526316e-06	10
2.409572836e-06	4.210526316e-06	10
2.409572836e-06	4.210526316e-06	10
2.409572836e-06	4.210526316e-06	10
2.409572836e-06	4.210526316e-06	0
2.390775844e-06	4.210526316e-06	0
2.371978851e-06	4.210526316e-06	0
2.353181859e-06	4.210526316e-06	0
2.334384866e-06	4.210526316e-06	0
2.334384866e-06	4.210526316e-06	10
2.334384866e-06	4.210526316e-06	10
2.334384866e-06	4.210526316e-06	10
2.334384866e-06	4.210526316e-06	10
2.334384866e-06	4.210526316e-06	10
2.334384866e-06	4.210526316e-06	10
2.334384866e-06	4.210526316e-06	10
2.334384866e-06	4.210526316e-06	10
2.334384866e-06	4.210526316e-06	10
2.334384866e-06	4.210526316e-06	10
2.334384866e-06	4.210526316e-06	10
2.334384866e-06	4.210526316e-06	10
2.334384866e-06	4.210526316e-06	10
2.334384866e-06	4.210526316e-06	10
2.334384866e-06	4.210526316e-06	10
2.334384866e-06	4.210526316e-06	10
2.334384866e-06	4.210526316e-06	10
2.334384866e-06	4.210526316e-06	10
2.334384866e-06	4.210526316e-06	10
2.334384866e-06	4.210526316e-06	10
2.334384866e-06	4.210526316e-06	10
2.334384866e-06	4.210526316e-06	10
2.334384866e-06	4.210526316e-06	10
2.334384866e-06	4.210526316e-06	10
2.334384866e-06	4.210526316e-06	10
2.334384866e-06	4.210526316e-06	0
2.334384866e-06	4.229323308e-06	0
2.334384866e-06	4.248120301e-06	0
2.334384866e-06	4.266917293e-06	0
2.334384866e-06	4.285714286e-06	0
2.334384866e-06	4.285714286e-06	-10
2.334384866e-06	4.285714286e-06	-10
2.334384866e-06	4.285714286e-06	-10
2.334384866e-06	4.285714286e-06	-10
2.334384866e-06	4.285714286e-06	-10
2.334384866e-06	4.285714286e-06	-10
2.334384866e-06	4.285714286e-06	-10
2.334384866e-06	4.285714286e-06	-10
2.334384866e-06	4.285714286e-06	-10
2.334384866e-06	4.285714286e-06	-10
2.334384866e-06	4.285714286e-06	-10
2.334384866e-06	4.285714286e-06	-10
2.334384866e-06	4.285714286e-06	-10
2.334384866e-06	4.285714286e-06	-10
2.334384866e-06	4.285714286e-06	-10
2.334384866e-06	4.285714286e-06	-10
2.334384866e-06	4.285714286e-06	-10
2.334384866e-06	4.285714286e-06	-10
2.334384866e-06	4.285714286e-06	-10
2.334384866e-06	4.285714286e-06	-10
2.334384866e-06	4.285714286e-06	-10
2.334384866e-06	4.285714286e-06	-10
2.334384866e-06	4.285714286e-06	-10
2.334384866e-06	4.285714286e-06	-10
2.334384866e-06	4.285714286e-06	-10
2.334384866e-06	4.285714286e-06	0
2.353181859e-06	4.285714286e-06	0
2.371978851e-06	4.285714286e-06	0
2.390775844e-06	4.285714286e-06	0
2.409572836e-06	4.285714286e-06	0
2.409572836e-06	4.285714286e-06	-10
2.409572836e-06	4.285714286e-06	-10
2.409572836e-06	4.285714286e-06	-10
2.409572836e-06	4.285714286e-06	-10
2.409572836e-06	4.285714286e-06	-10
2.409572836e-06	4.285714286e-06	-10
2.409572836e-06	4.285714286e-06	-10
2.409572836e-06	4.285714286e-06	-10
2.409572836e-06	4.285714286e-06	-10
2.409572836e-06	4.285714286e-06	-10
2.409572836e-06	4.285714286e-06	-10
2.409572836e-06	4.285714286e-06	-10
2.409572836e-06	4.285714286e-06	-10
2.409572836e-06	4.285714286e-06	-10
2.409572836e-06	4.285714286e-06	-10
2.409572836e-06	4.285714286e-06	-10
2.409572836e-06	4.285714286e-06	-10
2.409572836e-06	4.285714286e-06	-10
2.409572836e-06	4.285714286e-06	-10
2.409572836e-06	4.285714286e-06	-10
2.409572836e-06	4.285714286e-06	-10
2.409572836e-06	4.285714286e-06	-10
2.409572836e-06	4.285714286e-06	-10
2.409572836e-06	4.285714286e-06	-10
2.409572836e-06	4.285714286e-06	-10
2.409572836e-06	4.285714286e-06	0
2.428369829e-06	4.285714286e-06	0
2.447166821e-06	4.285714286e-06	0
2.465963814e-06	4.285714286e-06	0
2.484760806e-06	4.285714286e-06	0
2.484760806e-06	4.285714286e-06	-10
2.484760806e-06	4.285714286e-06	-10
2.484760806e-06	4.285714286e-06	-10
2.484760806e-06	4.285714286e-06	-10
2.484760806e-06	4.285714286e-06	-10
2.484760806e-06	4.285714286e-06	-10
2.484760806e-06	4.285714286e-06	-10
2.484760806e-06	4.285714286e-06	-10
2.484760806e-06	4.285714286e-06	-10
2.484760806e-06	4.285714286e-06	-10
2.484760806e-06	4.285714286e-06	-10
2.484760806e-06	4.285714286e-06	-10
2.484760806e-06	4.285714286e-06	-10
2.484760806e-06	4.285714286e-06	-10
2.484760806e-06	4.285714286e-06	-10
2.484760806e-06	4.285714286e-06	-10
2.484760806e-06	4.285714286e-06	-10
2.484760806e-06	4.285714286e-06	-10
2.484760806e-06	4.285714286e-06	-10
2.484760806e-06	4.285714286e-06	-10
2.484760806e-06	4.285714286e-06	-10
2.484760806e-06	4.285714286e-06	-10
2.484760806e-06	4.285714286e-06	-10
2.484760806e-06	4.285714286e-06	-10
2.484760806e-06	4.285714286e-06	-10
2.484760806e-06	4.285714286e-06	0
2.503557799e-06	4.285714286e-06	0
2.522354791e-06	4.285714286e-06	0
2.541151784e-06	4.285714286e-06	0
2.559948776e-06	4.285714286e-06	0
2.559948776e-06	4.285714286e-06	-10
2.559948776e-06	4.285714286e-06	-10
2.559948776e-06	4.285714286e-06	-10
2.559948776e-06	4.285714286e-06	-10
2.559948776e-06	4.285714286e-06	-10
2.559948776e-06	4.285714286e-06	-10
2.559948776e-06	4.285714286e-06	-10
2.559948776e-06	4.285714286e-06	-10
2.559948776e-06	4.285714286e-06	-10
2.559948776e-06	4.285714286e-06	-10
2.559948776e-06	4.285714286e-06	-10
2.559948776e-06	4.285714286e-06	-10
2.559948776e-06	4.285714286e-06	-10
2.559948776e-06	4.285714286e-06	-10
2.559948776e-06	4.285714286e-06	-10
2.559948776e-06	4.285714286e-06	-10
2.559948776e-06	4.285714286e-06	-10
2.559948776e-06	4.285714286e-06	-10
2.559948776e-06	4.285714286e-06	-10
2.559948776e-06	4.285714286e-06	-10
2.559948776e-06	4.285714286e-06	-10
2.559948776e-06	4.285714286e-06	-10
2.559948776e-06	4.285714286e-06	-10
2.559948776e-06	4.285714286e-06	-10
2.559948776e-06	4.285714286e-06	-10
2.559948776e-06	4.285714286e-06	0
2.578745769e-06	4.285714286e-06	0
2.597542761e-06	4.285714286e-06	0
2.616339754e-06	4.285714286e-06	0
2.635136746e-06	4.285714286e-06	0
2.635136746e-06	4.285714286e-06	-10
2.635136746e-06	4.285714286e-06	-10
2.635136746e-06	4.285714286e-06	-10
2.635136746e-06	4.285714286e-06	-10
2.635136746e-06	4.285714286e-06	-10
2.635136746e-06	4.285714286e-06	-10
2.635136746e-06	4.285714286e-06	-10
2.635136746e-06	4.285714286e-06	-10
2.635136746e-06	4.285714286e-06	-10
2.635136746e-06	4.285714286e-06	-10
2.635136746e-06	4.285714286e-06	-10
2.635136746e-06	4.285714286e-06	-10
2.635136746e-06	4.285714286e-06	-10
2.635136746e-06	4.285714286e-06	-10
2.635136746e-06	4.285714286e-06	-10
2.635136746e-06	4.285714286e-06	-10
2.635136746e-06	4.285714286e-06	-10
2.635136746e-06	4.285714286e-06	-10
2.635136746e-06	4.285714286e-06	-10
2.635136746e-06	4.285714286e-06	-10
2.635136746e-06	4.285714286e-06	-10
2.635136746e-06	4.285714286e-06	-10
2.635136746e-06	4.285714286e-06	-10
2.635136746e-06	4.285714286e-06	-10
2.635136746e-06	4.285714286e-06	-10
2.635136746e-06	4.285714286e-06	0
2.653933739e-06	4.285714286e-06	0
2.672730731e-06	4.285714286e-06	0
2.691527724e-06	4.285714286e-06	0
2.710324716e-06	4.285714286e-06	0
2.710324716e-06	4.285714286e-06	-10
2.710324716e-06	4.285714286e-06	-10
2.710324716e-06	4.285714286e-06	-10
2.710324716e-06	4.285714286e-06	-10
2.710324716e-06	4.285714286e-06	-10
2.710324716e-06	4.285714286e-06	-10
2.710324716e-06	4.285714286e-06	-10
2.710324716e-06	4.285714286e-06	-10
2.710324716e-06	4.285714286e-06	-10
2.710324716e-06	4.285714286e-06	-10
2.710324716e-06	4.285714286e-06	-10
2.710324716e-06	4.285714286e-06	-10
2.710324716e-06	4.285714286e-06	-10
2.710324716e-06	4.285714286e-06	-10
2.710324716e-06	4.285714286e-06	-10
2.710324716e-06	4.285714286e-06	-10
2.710324716e-06	4.285714286e-06	-10
2.710324716e-06	4.285714286e-06	-10
2.710324716e-06	4.285714286e-06	-10
2.710324716e-06	4.285714286e-06	-10
2.710324716e-06	4.285714286e-06	-10
2.710324716e-06	4.285714286e-06	-10
2.710324716e-06	4.285714286e-06	-10
2.710324716e-06	4.285714286e-06	-10
2.710324716e-06	4.285714286e-06	-10
2.710324716e-06	4.285714286e-06	0
2.729121709e-06	4.285714286e-06	0
2.747918701e-06	4.285714286e-06	0
2.766715694e-06	4.285714286e-06	0
2.785512686e-06	4.285714286e-06	0
2.785512686e-06	4.285714286e-06	-10
2.785512686e-06	4.285714286e-06	-10
2.785512686e-06	4.285714286e-06	-10
2.785512686e-06	4.285714286e-06	-10
2.785512686e-06	4.285714286e-06	-10
2.785512686e-06	4.285714286e-06	-10
2.785512686e-06	4.285714286e-06	-10
2.785512686e-06	4.285714286e-06	-10
2.785512686e-06	4.285714286e-06	-10
2.785512686e-06	4.285714286e-06	-10
2.785512686e-06	4.285714286e-06	-10
2.785512686e-06	4.285714286e-06	-10
2.785512686e-06	4.285714286e-06	-10
2.785512686e-06	4.285714286e-06	-10
2.785512686e-06	4.285714286e-06	-10
2.785512686e-06	4.285714286e-06	-10
2.785512686e-06	4.285714286e-06	-10
2.785512686e-06	4.285714286e-06	-10
2.785512686e-06	4.285714286e-06	-10
2.785512686e-06	4.285714286e-06	-10
2.785512686e-06	4.285714286e-06	-10
2.785512686e-06	4.285714286e-06	-10
2.785512686e-06	4.285714286e-06	-10
2.785512686e-06	4.285714286e-06	-10
2.785512686e-06	4.285714286e-06	-10
2.785512686e-06	4.285714286e-06	0
2.804309678e-06	4.285714286e-06	0
2.823106671e-06	4.285714286e-06	0
2.841903663e-06	4.285714286e-06	0
2.860700656e-06	4.285714286e-06	0
2.860700656e-06	4.285714286e-06	-10
2.860700656e-06	4.285714286e-06	-10
2.860700656e-06	4.285714286e-06	-10
2.860700656e-06	4.285714286e-06	-10
2.860700656e-06	4.285714286e-06	-10
2.860700656e-06	4.285714286e-06	-10
2.860700656e-06	4.285714286e-06	-10
2.860700656e-06	4.285714286e-06	-10
2.860700656e-06	4.285714286e-06	-10
2.860700656e-06	4.285714286e-06	-10
2.860700656e-06	4.285714286e-06	-10
2.860700656e-06	4.285714286e-06	-10
2.860700656e-06	4.285714286e-06	-10
2.860700656e-06	4.285714286e-06	-10
2.860700656e-06	4.285714286e-06	-10
2.860700656e-06	4.285714286e-06	-10
2.860700656e-06	4.285714286e-06	-10
2.860700656e-06	4.285714286e-06	-10
2.860700656e-06	4.285714286e-06	-10
2.860700656e-06	4.285714286e-06	-10
2.860700656e-06	4.285714286e-06	-10
2.860700656e-06	4.285714286e-06	-10
2.860700656e-06	4.285714286e-06	-10
2.860700656e-06	4.285714286e-06	-10
2.860700656e-06	4.285714286e-06	-10
2.860700656e-06	4.285714286e-06	0
2.879497648e-06	4.285714286e-06	0
2.898294641e-06	4.285714286e-06	0
2.917091633e-06	4.285714286e-06	0
2.935888626e-06	4.285714286e-06	0
2.935888626e-06	4.285714286e-06	-10
2.935888626e-06	4.285714286e-06	-10
2.935888626e-06	4.285714286e-06	-10
2.935888626e-06	4.285714286e-06	-10
2.935888626e-06	4.285714286e-06	-10
2.935888626e-06	4.285714286e-06	-10
2.935888626e-06	4.285714286e-06	-10
2.935888626e-06	4.285714286e-06	-10
2.935888626e-06	4.285714286e-06	-10
2.935888626e-06	4.285714286e-06	-10
2.935888626e-06	4.285714286e-06	-10
2.935888626e-06	4.285714286e-06	-10
2.935888626e-06	4.285714286e-06	-10
2.935888626e-06	4.285714286e-06	-10
2.935888626e-06	4.285714286e-06	-10
2.935888626e-06	4.285714286e-06	-10
2.935888626e-06	4.285714286e-06	-10
2.935888626e-06	4.285714286e-06	-10
2.935888626e-06	4.285714286e-06	-10
2.935888626e-06	4.285714286e-06	-10
2.935888626e-06	4.285714286e-06	-10
2.935888626e-06	4.285714286e-06	-10
2.935888626e-06	4.285714286e-06	-10
2.935888626e-06	4.285714286e-06	-10
2.935888626e-06	4.285714286e-06	-10
2.935888626e-06	4.285714286e-06	0
2.954685618e-06	4.285714286e-06	0
2.973482611e-06	4.285714286e-06	0
2.992279603e-06	4.285714286e-06	0
3.011076596e-06	4.285714286e-06	0
3.011076596e-06	4.285714286e-06	-10
3.011076596e-06	4.285714286e-06	-10
3.011076596e-06	4.285714286e-06	-10
3.011076596e-06	4.285714286e-06	-10
3.011076596e-06	4.285714286e-06	-10
3.011076596e-06	4.285714286e-06	-10
3.011076596e-06	4.285714286e-06	-10
3.011076596e-06	4.285714286e-06	-10
3.011076596e-06	4.285714286e-06	-10
3.011076596e-06	4.285714286e-06	-10
3.011076596e-06	4.285714286e-06	-10
3.011076596e-06	4.285714286e-06	-10
3.011076596e-06	4.285714286e-06	-10
3.011076596e-06	4.285714286e-06	-10
3.011076596e-06	4.285714286e-06	-10
3.011076596e-06	4.285714286e-06	-10
3.011076596e-06	4.285714286e-06	-10
3.011076596e-06	4.285714286e-06	-10
3.011076596e-06	4.285714286e-06	-10
3.011076596e-06	4.285714286e-06	-10
3.011076596e-06	4.285714286e-06	-10
3.011076596e-06	4.285714286e-06	-10
3.011076596e-06	4.285714286e-06	-10
3.011076596e-06	4.285714286e-06	-10
3.011076596e-06	4.285714286e-06	-10
3.011076596e-06	4.285714286e-06	0
3.029873588e-06	4.285714286e-06	0
3.048670581e-06	4.285714286e-06	0
3.067467573e-06	4.285714286e-06	0
3.086264566e-06	4.285714286e-06	0
3.086264566e-06	4.285714286e-06	-10
3.086264566e-06	4.285714286e-06	-10
3.086264566e-06	4.285714286e-06	-10
3.086264566e-06	4.285714286e-06	-10
3.086264566e-06	4.285714286e-06	-10
3.086264566e-06	4.285714286e-06	-10
3.086264566e-06	4.285714286e-06	-10
3.086264566e-06	4.285714286e-06	-10
3.086264566e-06	4.285714286e-06	-10
3.086264566e-06	4.285714286e-06	-10
3.086264566e-06	4.285714286e-06	-10
3.086264566e-06	4.285714286e-06	-10
3.086264566e-06	4.285714286e-06	-10
3.086264566e-06	4.285714286e-06	-10
3.086264566e-06	4.285714286e-06	-10
3.086264566e-06	4.285714286e-06	-10
3.086264566e-06	4.285714286e-06	-10
3.086264566e-06	4.285714286e-06	-10
3.086264566e-06	4.285714286e-06	-10
3.086264566e-06	4.285714286e-06	-10
3.086264566e-06	4.285714286e-06	-10
3.086264566e-06	4.285714286e-06	-10
3.086264566e-06	4.285714286e-06	-10
3.086264566e-06	4.285714286e-06	-10
3.086264566e-06	4.285714286e-06	-10
3.086264566e-06	4.285714286e-06	0
3.105061558e-06	4.285714286e-06	0
3.123858551e-06	4.285714286e-06	0
3.142655543e-06	4.285714286e-06	0
3.161452536e-06	4.285714286e-06	0
3.161452536e-06	4.285714286e-06	-10
3.161452536e-06	4.285714286e-06	-10
3.161452536e-06	4.285714286e-06	-10
3.161452536e-06	4.285714286e-06	-10
3.161452536e-06	4.285714286e-06	-10
3.161452536e-06	4.285714286e-06	-10
3.161452536e-06	4.285714286e-06	-10
3.161452536e-06	4.285714286e-06	-10
3.161452536e-06	4.285714286e-06	-10
3.161452536e-06	4.285714286e-06	-10
3.161452536e-06	4.285714286e-06	-10
3.161452536e-06	4.285714286e-06	-10
3.161452536e-06	4.285714286e-06	-10
3.161452536e-06	4.285714286e-06	-10
3.161452536e-06	4.285714286e-06	-10
3.161452536e-06	4.285714286e-06	-10
3.161452536e-06	4.285714286e-06	-10
3.161452536e-06	4.285714286e-06	-10
3.161452536e-06	4.285714286e-06	-10
3.161452536e-06	4.285714286e-06	-10
3.161452536e-06	4.285714286e-06	-10
3.161452536e-06	4.285714286e-06	-10
3.161452536e-06	4.285714286e-06	-10
3.161452536e-06	4.285714286e-06	-10
3.161452536e-06	4.285714286e-06	-10
3.161452536e-06	4.285714286e-06	0
3.180249528e-06	4.285714286e-06	0
3.199046521e-06	4.285714286e-06	0
3.217843513e-06	4.285714286e-06	0
3.236640506e-06	4.285714286e-06	0
3.236640506e-06	4.285714286e-06	-10
3.236640506e-06	4.285714286e-06	-10
3.236640506e-06	4.285714286e-06	-10
3.236640506e-06	4.285714286e-06	-10
3.236640506e-06	4.285714286e-06	-10
3.236640506e-06	4.285714286e-06	-10
3.236640506e-06	4.285714286e-06	-10
3.236640506e-06	4.285714286e-06	-10
3.236640506e-06	4.285714286e-06	-10
3.236640506e-06	4.285714286e-06	-10
3.236640506e-06	4.285714286e-06	-10
3.236640506e-06	4.285714286e-06	-10
3.236640506e-06	4.285714286e-06	-10
3.236640506e-06	4.285714286e-06	-10
3.236640506e-06	4.285714286e-06	-10
3.236640506e-06	4.285714286e-06	-10
3.236640506e-06	4.285714286e-06	-10
3.236640506e-06	4.285714286e-06	-10
3.236640506e-06	4.285714286e-06	-10
3.236640506e-06	4.285714286e-06	-10
3.236640506e-06	4.285714286e-06	-10
3.236640506e-06	4.285714286e-06	-10
3.236640506e-06	4.285714286e-06	-10
3.236640506e-06	4.285714286e-06	-10
3.236640506e-06	4.285714286e-06	-10
3.236640506e-06	4.285714286e-06	0
3.255437498e-06	4.285714286e-06	0
3.274234491e-06	4.285714286e-06	0
3.293031483e-06	4.285714286e-06	0
3.311828475e-06	4.285714286e-06	0
3.311828475e-06	4.285714286e-06	-10
3.311828475e-06	4.285714286e-06	-10
3.311828475e-06	4.285714286e-06	-10
3.311828475e-06	4.285714286e-06	-10
3.311828475e-06	4.285714286e-06	-10
3.311828475e-06	4.285714286e-06	-10
3.311828475e-06	4.285714286e-06	-10
3.311828475e-06	4.285714286e-06	-10
3.311828475e-06	4.285714286e-06	-10
3.311828475e-06	4.285714286e-06	-10
3.311828475e-06	4.285714286e-06	-10
3.311828475e-06	4.285714286e-06	-10
3.311828475e-06	4.285714286e-06	-10
3.311828475e-06	4.285714286e-06	-10
3.311828475e-06	4.285714286e-06	-10
3.311828475e-06	4.285714286e-06	-10
3.311828475e-06	4.285714286e-06	-10
3.311828475e-06	4.285714286e-06	-10
3.311828475e-06	4.285714286e-06	-10
3.311828475e-06	4.285714286e-06	-10
3.311828475e-06	4.285714286e-06	-10
3.311828475e-06	4.285714286e-06	-10
3.311828475e-06	4.285714286e-06	-10
3.311828475e-06	4.285714286e-06	-10
3.311828475e-06	4.285714286e-06	-10
3.311828475e-06	4.285714286e-06	0
3.330625468e-06	4.285714286e-06	0
3.34942246e-06	4.285714286e-06	0
3.368219453e-06	4.285714286e-06	0
3.387016445e-06	4.285714286e-06	0
3.387016445e-06	4.285714286e-06	-10
3.387016445e-06	4.285714286e-06	-10
3.387016445e-06	4.285714286e-06	-10
3.387016445e-06	4.285714286e-06	-10
3.387016445e-06	4.285714286e-06	-10
3.387016445e-06	4.285714286e-06	-10
3.387016445e-06	4.285714286e-06	-10
3.387016445e-06	4.285714286e-06	-10
3.387016445e-06	4.285714286e-06	-10
3.387016445e-06	4.285714286e-06	-10
3.387016445e-06	4.285714286e-06	-10
3.387016445e-06	4.285714286e-06	-10
3.387016445e-06	4.285714286e-06	-10
3.387016445e-06	4.285714286e-06	-10
3.387016445e-06	4.285714286e-06	-10
3.387016445e-06	4.285714286e-06	-10
3.387016445e-06	4.285714286e-06	-10
3.387016445e-06	4.285714286e-06	-10
3.387016445e-06	4.285714286e-06	-10
3.387016445e-06	4.285714286e-06	-10
3.387016445e-06	4.285714286e-06	-10
3.387016445e-06	4.285714286e-06	-10
3.387016445e-06	4.285714286e-06	-10
3.387016445e-06	4.285714286e-06	-10
3.387016445e-06	4.285714286e-06	-10
3.387016445e-06	4.285714286e-06	0
3.405813438e-06	4.285714286e-06	0
3.42461043e-06	4.285714286e-06	0
3.443407423e-06	4.285714286e-06	0
3.462204415e-06	4.285714286e-06	0
3.462204415e-06	4.285714286e-06	-10
3.462204415e-06	4.285714286e-06	-10
3.462204415e-06	4.285714286e-06	-10
3.462204415e-06	4.285714286e-06	-10
3.462204415e-06	4.285714286e-06	-10
3.462204415e-06	4.285714286e-06	-10
3.462204415e-06	4.285714286e-06	-10
3.462204415e-06	4.285714286e-06	-10
3.462204415e-06	4.285714286e-06	-10
3.462204415e-06	4.285714286e-06	-10
3.462204415e-06	4.285714286e-06	-10
3.462204415e-06	4.285714286e-06	-10
3.462204415e-06	4.285714286e-06	-10
3.462204415e-06	4.285714286e-06	-10
3.462204415e-06	4.285714286e-06	-10
3.462204415e-06	4.285714286e-06	-10
3.462204415e-06	4.285714286e-06	-10
3.462204415e-06	4.285714286e-06	-10
3.462204415e-06	4.285714286e-06	-10
3.462204415e-06	4.285714286e-06	-10
3.462204415e-06	4.285714286e-06	-10
3.462204415e-06	4.285714286e-06	-10
3.462204415e-06	4.285714286e-06	-10
3.462204415e-06	4.285714286e-06	-10
3.462204415e-06	4.285714286e-06	-10
3.462204415e-06	4.285714286e-06	0
3.481001408e-06	4.285714286e-06	0
3.4997984e-06	4.285714286e-06	0
3.518595393e-06	4.285714286e-06	0
3.537392385e-06	4.285714286e-06	0
3.537392385e-06	4.285714286e-06	-10
3.537392385e-06	4.285714286e-06	-10
3.537392385e-06	4.285714286e-06	-10
3.537392385e-06	4.285714286e-06	-10
3.537392385e-06	4.285714286e-06	-10
3.537392385e-06	4.285714286e-06	-10
3.537392385e-06	4.285714286e-06	-10
3.537392385e-06	4.285714286e-06	-10
3.537392385e-06	4.285714286e-06	-10
3.537392385e-06	4.285714286e-06	-10
3.537392385e-06	4.285714286e-06	-10
3.537392385e-06	4.285714286e-06	-10
3.537392385e-06	4.285714286e-06	-10
3.537392385e-06	4.285714286e-06	-10
3.537392385e-06	4.285714286e-06	-10
3.537392385e-06	4.285714286e-06	-10
3.537392385e-06	4.285714286e-06	-10
3.537392385e-06	4.285714286e-06	-10
3.537392385e-06	4.285714286e-06	-10
3.537392385e-06	4.285714286e-06	-10
3.537392385e-06	4.285714286e-06	-10
3.537392385e-06	4.285714286e-06	-10
3.537392385e-06	4.285714286e-06	-10
3.537392385e-06	4.285714286e-06	-10
3.537392385e-06	4.285714286e-06	-10
3.537392385e-06	4.285714286e-06	0
3.556189378e-06	4.285714286e-06	0
3.57498637e-06	4.285714286e-06	0
3.593783363e-06	4.285714286e-06	0
3.612580355e-06	4.285714286e-06	0
3.612580355e-06	4.285714286e-06	-10
3.612580355e-06	4.285714286e-06	-10
3.612580355e-06	4.285714286e-06	-10
3.612580355e-06	4.285714286e-06	-10
3.612580355e-06	4.285714286e-06	-10
3.612580355e-06	4.285714286e-06	-10
3.612580355e-06	4.285714286e-06	-10
3.612580355e-06	4.285714286e-06	-10
3.612580355e-06	4.285714286e-06	-10
3.612580355e-06	4.285714286e-06	-10
3.612580355e-06	4.285714286e-06	-10
3.612580355e-06	4.285714286e-06	-10
3.612580355e-06	4.285714286e-06	-10
3.612580355e-06	4.285714286e-06	-10
3.612580355e-06	4.285714286e-06	-10
3.612580355e-06	4.285714286e-06	-10
3.612580355e-06	4.285714286e-06	-10
3.612580355e-06	4.285714286e-06	-10
3.612580355e-06	4.285714286e-06	-10
3.612580355e-06	4.285714286e-06	-10
3.612580355e-06	4.285714286e-06	-10
3.612580355e-06	4.285714286e-06	-10
3.612580355e-06	4.285714286e-06	-10
3.612580355e-06	4.285714286e-06	-10
3.612580355e-06	4.285714286e-06	-10
3.612580355e-06	4.285714286e-06	0
3.631377348e-06	4.285714286e-06	0
3.65017434e-06	4.285714286e-06	0
3.668971333e-06	4.285714286e-06	0
3.687768325e-06	4.285714286e-06	0
3.687768325e-06	4.285714286e-06	-10
3.687768325e-06	4.285714286e-06	-10
3.687768325e-06	4.285714286e-06	-10
3.687768325e-06	4.285714286e-06	-10
3.687768325e-06	4.285714286e-06	-10
3.687768325e-06	4.285714286e-06	-10
3.687768325e-06	4.285714286e-06	-10
3.687768325e-06	4.285714286e-06	-10
3.687768325e-06	4.285714286e-06	-10
3.687768325e-06	4.285714286e-06	-10
3.687768325e-06	4.285714286e-06	-10
3.687768325e-06	4.285714286e-06	-10
3.687768325e-06	4.285714286e-06	-10
3.687768325e-06	4.285714286e-06	-10
3.687768325e-06	4.285714286e-06	-10
3.687768325e-06	4.285714286e-06	-10
3.687768325e-06	4.285714286e-06	-10
3.687768325e-06	4.285714286e-06	-10
3.687768325e-06	4.285714286e-06	-10
3.687768325e-06	4.285714286e-06	-10
3.687768325e-06	4.285714286e-06	-10
3.687768325e-06	4.285714286e-06	-10
3.687768325e-06	4.285714286e-06	-10
3.687768325e-06	4.285714286e-06	-10
3.687768325e-06	4.285714286e-06	-10
3.687768325e-06	4.285714286e-06	0
3.706565318e-06	4.285714286e-06	0
3.72536231e-06	4.285714286e-06	0
3.744159303e-06	4.285714286e-06	0
3.762956295e-06	4.285714286e-06	0
3.762956295e-06	4.285714286e-06	-10
3.762956295e-06	4.285714286e-06	-10
3.762956295e-06	4.285714286e-06	-10
3.762956295e-06	4.285714286e-06	-10
3.762956295e-06	4.285714286e-06	-10
3.762956295e-06	4.285714286e-06	-10
3.762956295e-06	4.285714286e-06	-10
3.762956295e-06	4.285714286e-06	-10
3.762956295e-06	4.285714286e-06	-10
3.762956295e-06	4.285714286e-06	-10
3.762956295e-06	4.285714286e-06	-10
3.762956295e-06	4.285714286e-06	-10
3.762956295e-06	4.285714286e-06	-10
3.762956295e-06	4.285714286e-06	-10
3.762956295e-06	4.285714286e-06	-10
3.762956295e-06	4.285714286e-06	-10
3.762956295e-06	4.285714286e-06	-10
3.762956295e-06	4.285714286e-06	-10
3.762956295e-06	4.285714286e-06	-10
3.762956295e-06	4.285714286e-06	-10
3.762956295e-06	4.285714286e-06	-10
3.762956295e-06	4.285714286e-06	-10
3.762956295e-06	4.285714286e-06	-10
3.762956295e-06	4.285714286e-06	-10
3.762956295e-06	4.285714286e-06	-10
3.762956295e-06	4.285714286e-06	0
3.781753288e-06	4.285714286e-06	0
3.80055028e-06	4.285714286e-06	0
3.819347272e-06	4.285714286e-06	0
3.838144265e-06	4.285714286e-06	0
3.838144265e-06	4.285714286e-06	-10
3.838144265e-06	4.285714286e-06	-10
3.838144265e-06	4.285714286e-06	-10
3.838144265e-06	4.285714286e-06	-10
3.838144265e-06	4.285714286e-06	-10
3.838144265e-06	4.285714286e-06	-10
3.838144265e-06	4.285714286e-06	-10
3.838144265e-06	4.285714286e-06	-10
3.838144265e-06	4.285714286e-06	-10
3.838144265e-06	4.285714286e-06	-10
3.838144265e-06	4.285714286e-06	-10
3.838144265e-06	4.285714286e-06	-10
3.838144265e-06	4.285714286e-06	-10
3.838144265e-06	4.285714286e-06	-10
3.838144265e-06	4.285714286e-06	-10
3.838144265e-06	4.285714286e-06	-10
3.838144265e-06	4.285714286e-06	-10
3.838144265e-06	4.285714286e-06	-10
3.838144265e-06	4.285714286e-06	-10
3.838144265e-06	4.285714286e-06	-10
3.838144265e-06	4.285714286e-06	-10
3.838144265e-06	4.285714286e-06	-10
3.838144265e-06	4.285714286e-06	-10
3.838144265e-06	4.285714286e-06	-10
3.838144265e-06	4.285714286e-06	-10
3.838144265e-06	4.285714286e-06	0
3.856941257e-06	4.285714286e-06	0
3.87573825e-06	4.285714286e-06	0
3.894535242e-06	4.285714286e-06	0
3.913332235e-06	4.285714286e-06	0
3.913332235e-06	4.285714286e-06	-10
3.913332235e-06	4.285714286e-06	-10
3.913332235e-06	4.285714286e-06	-10
3.913332235e-06	4.285714286e-06	-10
3.913332235e-06	4.285714286e-06	-10
3.913332235e-06	4.285714286e-06	-10
3.913332235e-06	4.285714286e-06	-10
3.913332235e-06	4.285714286e-06	-10
3.913332235e-06	4.285714286e-06	-10
3.913332235e-06	4.285714286e-06	-10
3.913332235e-06	4.285714286e-06	-10
3.913332235e-06	4.285714286e-06	-10
3.913332235e-06	4.285714286e-06	-10
3.913332235e-06	4.285714286e-06	-10
3.913332235e-06	4.285714286e-06	-10
3.913332235e-06	4.285714286e-06	-10
3.913332235e-06	4.285714286e-06	-10
3.913332235e-06	4.285714286e-06	-10
3.913332235e-06	4.285714286e-06	-10
3.913332235e-06	4.285714286e-06	-10
3.913332235e-06	4.285714286e-06	-10
3.913332235e-06	4.285714286e-06	-10
3.913332235e-06	4.285714286e-06	-10
3.913332235e-06	4.285714286e-06	-10
3.913332235e-06	4.285714286e-06	-10
3.913332235e-06	4.285714286e-06	0
3.932129227e-06	4.285714286e-06	0
3.95092622e-06	4.285714286e-06	0
3.969723212e-06	4.285714286e-06	0
3.988520205e-06	4.285714286e-06	0
3.988520205e-06	4.285714286e-06	-10
3.988520205e-06	4.285714286e-06	-10
3.988520205e-06	4.285714286e-06	-10
3.988520205e-06	4.285714286e-06	-10
3.988520205e-06	4.285714286e-06	-10
3.988520205e-06	4.285714286e-06	-10
3.988520205e-06	4.285714286e-06	-10
3.988520205e-06	4.285714286e-06	-10
3.988520205e-06	4.285714286e-06	-10
3.988520205e-06	4.285714286e-06	-10
3.988520205e-06	4.285714286e-06	-10
3.988520205e-06	4.285714286e-06	-10
3.988520205e-06	4.285714286e-06	-10
3.988520205e-06	4.285714286e-06	-10
3.988520205e-06	4.285714286e-06	-10
3.988520205e-06	4.285714286e-06	-10
3.988520205e-06	4.285714286e-06	-10
3.988520205e-06	4.285714286e-06	-10
3.988520205e-06	4.285714286e-06	-10
3.988520205e-06	4.285714286e-06	-10
3.988520205e-06	4.285714286e-06	-10
3.988520205e-06	4.285714286e-06	-10
3.988520205e-06	4.285714286e-06	-10
3.988520205e-06	4.285714286e-06	-10
3.988520205e-06	4.285714286e-06	-10
3.988520205e-06	4.285714286e-06	0
4.007317197e-06	4.285714286e-06	0
4.02611419e-06	4.285714286e-06	0
4.044911182e-06	4.285714286e-06	0
4.063708175e-06	4.285714286e-06	0
4.063708175e-06	4.285714286e-06	-10
4.063708175e-06	4.285714286e-06	-10
4.063708175e-06	4.285714286e-06	-10
4.063708175e-06	4.285714286e-06	-10
4.063708175e-06	4.285714286e-06	-10
4.063708175e-06	4.285714286e-06	-10
4.063708175e-06	4.285714286e-06	-10
4.063708175e-06	4.285714286e-06	-10
4.063708175e-06	4.285714286e-06	-10
4.063708175e-06	4.285714286e-06	-10
4.063708175e-06	4.285714286e-06	-10
4.063708175e-06	4.285714286e-06	-10
4.063708175e-06	4.285714286e-06	-10
4.063708175e-06	4.285714286e-06	-10
4.063708175e-06	4.285714286e-06	-10
4.063708175e-06	4.285714286e-06	-10
4.063708175e-06	4.285714286e-06	-10
4.063708175e-06	4.285714286e-06	-10
4.063708175e-06	4.285714286e-06	-10
4.063708175e-06	4.285714286e-06	-10
4.063708175e-06	4.285714286e-06	-10
4.063708175e-06	4.285714286e-06	-10
4.063708175e-06	4.285714286e-06	-10
4.063708175e-06	4.285714286e-06	-10
4.063708175e-06	4.285714286e-06	-10
4.063708175e-06	4.285714286e-06	0
4.063708175e-06	4.304511278e-06	0
4.063708175e-06	4.323308271e-06	0
4.063708175e-06	4.342105263e-06	0
4.063708175e-06	4.360902256e-06	0
4.063708175e-06	4.360902256e-06	-10
4.063708175e-06	4.360902256e-06	-10
4.063708175e-06	4.360902256e-06	-10
4.063708175e-06	4.360902256e-06	-10
4.063708175e-06	4.360902256e-06	-10
4.063708175e-06	4.360902256e-06	-10
4.063708175e-06	4.360902256e-06	-10
4.063708175e-06	4.360902256e-06	-10
4.063708175e-06	4.360902256e-06	-10
4.063708175e-06	4.360902256e-06	-10
4.063708175e-06	4.360902256e-06	-10
4.063708175e-06	4.360902256e-06	-10
4.063708175e-06	4.360902256e-06	-10
4.063708175e-06	4.360902256e-06	-10
4.063708175e-06	4.360902256e-06	-10
4.063708175e-06	4.360902256e-06	-10
4.063708175e-06	4.360902256e-06	-10
4.063708175e-06	4.360902256e-06	-10
4.063708175e-06	4.360902256e-06	-10
4.063708175e-06	4.360902256e-06	-10
4.063708175e-06	4.360902256e-06	-10
4.063708175e-06	4.360902256e-06	-10
4.063708175e-06	4.360902256e-06	-10
4.063708175e-06	4.360902256e-06	-10
4.063708175e-06	4.360902256e-06	-10
4.063708175e-06	4.360902256e-06	0
4.044911182e-06	4.360902256e-06	0
4.02611419e-06	4.360902256e-06	0
4.007317197e-06	4.360902256e-06	0
3.988520205e-06	4.360902256e-06	0
3.988520205e-06	4.360902256e-06	-10
3.988520205e-06	4.360902256e-06	-10
3.988520205e-06	4.360902256e-06	-10
3.988520205e-06	4.360902256e-06	-10
3.988520205e-06	4.360902256e-06	-10
3.988520205e-06	4.360902256e-06	-10
3.988520205e-06	4.360902256e-06	-10
3.988520205e-06	4.360902256e-06	-10
3.988520205e-06	4.360902256e-06	-10
3.988520205e-06	4.360902256e-06	-10
3.988520205e-06	4.360902256e-06	-10
3.988520205e-06	4.360902256e-06	-10
3.988520205e-06	4.360902256e-06	-10
3.988520205e-06	4.360902256e-06	-10
3.988520205e-06	4.360902256e-06	-10
3.988520205e-06	4.360902256e-06	-10
3.988520205e-06	4.360902256e-06	-10
3.988520205e-06	4.360902256e-06	-10
3.988520205e-06	4.360902256e-06	-10
3.988520205e-06	4.360902256e-06	-10
3.988520205e-06	4.360902256e-06	-10
3.988520205e-06	4.360902256e-06	-10
3.988520205e-06	4.360902256e-06	-10
3.988520205e-06	4.360902256e-06	-10
3.988520205e-06	4.360902256e-06	-10
3.988520205e-06	4.360902256e-06	0
3.969723212e-06	4.360902256e-06	0
3.95092622e-06	4.360902256e-06	0
3.932129227e-06	4.360902256e-06	0
3.913332235e-06	4.360902256e-06	0
3.913332235e-06	4.360902256e-06	-10
3.913332235e-06	4.360902256e-06	-10
3.913332235e-06	4.360902256e-06	-10
3.913332235e-06	4.360902256e-06	-10
3.913332235e-06	4.360902256e-06	-10
3.913332235e-06	4.360902256e-06	-10
3.913332235e-06	4.360902256e-06	-10
3.913332235e-06	4.360902256e-06	-10
3.913332235e-06	4.360902256e-06	-10
3.913332235e-06	4.360902256e-06	-10
3.913332235e-06	4.360902256e-06	-10
3.913332235e-06	4.360902256e-06	-10
3.913332235e-06	4.360902256e-06	-10
3.913332235e-06	4.360902256e-06	-10
3.913332235e-06	4.360902256e-06	-10
3.913332235e-06	4.360902256e-06	-10
3.913332235e-06	4.360902256e-06	-10
3.913332235e-06	4.360902256e-06	-10
3.913332235e-06	4.360902256e-06	-10
3.913332235e-06	4.360902256e-06	-10
3.913332235e-06	4.360902256e-06	-10
3.913332235e-06	4.360902256e-06	-10
3.913332235e-06	4.360902256e-06	-10
3.913332235e-06	4.360902256e-06	-10
3.913332235e-06	4.360902256e-06	-10
3.913332235e-06	4.360902256e-06	0
3.894535242e-06	4.360902256e-06	0
3.87573825e-06	4.360902256e-06	0
3.856941257e-06	4.360902256e-06	0
3.838144265e-06	4.360902256e-06	0
3.838144265e-06	4.360902256e-06	-10
3.838144265e-06	4.360902256e-06	-10
3.838144265e-06	4.360902256e-06	-10
3.838144265e-06	4.360902256e-06	-10
3.838144265e-06	4.360902256e-06	-10
3.838144265e-06	4.360902256e-06	-10
3.838144265e-06	4.360902256e-06	-10
3.838144265e-06	4.360902256e-06	-10
3.838144265e-06	4.360902256e-06	-10
3.838144265e-06	4.360902256e-06	-10
3.838144265e-06	4.360902256e-06	-10
3.838144265e-06	4.360902256e-06	-10
3.838144265e-06	4.360902256e-06	-10
3.838144265e-06	4.360902256e-06	-10
3.838144265e-06	4.360902256e-06	-10
3.838144265e-06	4.360902256e-06	-10
3.838144265e-06	4.360902256e-06	-10
3.838144265e-06	4.360902256e-06	-10
3.838144265e-06	4.360902256e-06	-10
3.838144265e-06	4.360902256e-06	-10
3.838144265e-06	4.360902256e-06	-10
3.838144265e-06	4.360902256e-06	-10
3.838144265e-06	4.360902256e-06	-10
3.838144265e-06	4.360902256e-06	-10
3.838144265e-06	4.360902256e-06	-10
3.838144265e-06	4.360902256e-06	0
3.819347272e-06	4.360902256e-06	0
3.80055028e-06	4.360902256e-06	0
3.781753288e-06	4.360902256e-06	0
3.762956295e-06	4.360902256e-06	0
3.762956295e-06	4.360902256e-06	-10
3.762956295e-06	4.360902256e-06	-10
3.762956295e-06	4.360902256e-06	-10
3.762956295e-06	4.360902256e-06	-10
3.762956295e-06	4.360902256e-06	-10
3.762956295e-06	4.360902256e-06	-10
3.762956295e-06	4.360902256e-06	-10
3.762956295e-06	4.360902256e-06	-10
3.762956295e-06	4.360902256e-06	-10
3.762956295e-06	4.360902256e-06	-10
3.762956295e-06	4.360902256e-06	-10
3.762956295e-06	4.360902256e-06	-10
3.762956295e-06	4.360902256e-06	-10
3.762956295e-06	4.360902256e-06	-10
3.762956295e-06	4.360902256e-06	-10
3.762956295e-06	4.360902256e-06	-10
3.762956295e-06	4.360902256e-06	-10
3.762956295e-06	4.360902256e-06	-10
3.762956295e-06	4.360902256e-06	-10
3.762956295e-06	4.360902256e-06	-10
3.762956295e-06	4.360902256e-06	-10
3.762956295e-06	4.360902256e-06	-10
3.762956295e-06	4.360902256e-06	-10
3.762956295e-06	4.360902256e-06	-10
3.762956295e-06	4.360902256e-06	-10
3.762956295e-06	4.360902256e-06	0
3.744159303e-06	4.360902256e-06	0
3.72536231e-06	4.360902256e-06	0
3.706565318e-06	4.360902256e-06	0
3.687768325e-06	4.360902256e-06	0
3.687768325e-06	4.360902256e-06	-10
3.687768325e-06	4.360902256e-06	-10
3.687768325e-06	4.360902256e-06	-10
3.687768325e-06	4.360902256e-06	-10
3.687768325e-06	4.360902256e-06	-10
3.687768325e-06	4.360902256e-06	-10
3.687768325e-06	4.360902256e-06	-10
3.687768325e-06	4.360902256e-06	-10
3.687768325e-06	4.360902256e-06	-10
3.687768325e-06	4.360902256e-06	-10
3.687768325e-06	4.360902256e-06	-10
3.687768325e-06	4.360902256e-06	-10
3.687768325e-06	4.360902256e-06	-10
3.687768325e-06	4.360902256e-06	-10
3.687768325e-06	4.360902256e-06	-10
3.687768325e-06	4.360902256e-06	-10
3.687768325e-06	4.360902256e-06	-10
3.687768325e-06	4.360902256e-06	-10
3.687768325e-06	4.360902256e-06	-10
3.687768325e-06	4.360902256e-06	-10
3.687768325e-06	4.360902256e-06	-10
3.687768325e-06	4.360902256e-06	-10
3.687768325e-06	4.360902256e-06	-10
3.687768325e-06	4.360902256e-06	-10
3.687768325e-06	4.360902256e-06	-10
3.687768325e-06	4.360902256e-06	0
3.668971333e-06	4.360902256e-06	0
3.65017434e-06	4.360902256e-06	0
3.631377348e-06	4.360902256e-06	0
3.612580355e-06	4.360902256e-06	0
3.612580355e-06	4.360902256e-06	-10
3.612580355e-06	4.360902256e-06	-10
3.612580355e-06	4.360902256e-06	-10
3.612580355e-06	4.360902256e-06	-10
3.612580355e-06	4.360902256e-06	-10
3.612580355e-06	4.360902256e-06	-10
3.612580355e-06	4.360902256e-06	-10
3.612580355e-06	4.360902256e-06	-10
3.612580355e-06	4.360902256e-06	-10
3.612580355e-06	4.360902256e-06	-10
3.612580355e-06	4.360902256e-06	-10
3.612580355e-06	4.360902256e-06	-10
3.612580355e-06	4.360902256e-06	-10
3.612580355e-06	4.360902256e-06	-10
3.612580355e-06	4.360902256e-06	-10
3.612580355e-06	4.360902256e-06	-10
3.612580355e-06	4.360902256e-06	-10
3.612580355e-06	4.360902256e-06	-10
3.612580355e-06	4.360902256e-06	-10
3.612580355e-06	4.360902256e-06	-10
3.612580355e-06	4.360902256e-06	-10
3.612580355e-06	4.360902256e-06	-10
3.612580355e-06	4.360902256e-06	-10
3.612580355e-06	4.360902256e-06	-10
3.612580355e-06	4.360902256e-06	-10
3.612580355e-06	4.360902256e-06	0
3.593783363e-06	4.360902256e-06	0
3.57498637e-06	4.360902256e-06	0
3.556189378e-06	4.360902256e-06	0
3.537392385e-06	4.360902256e-06	0
3.537392385e-06	4.360902256e-06	-10
3.537392385e-06	4.360902256e-06	-10
3.537392385e-06	4.360902256e-06	-10
3.537392385e-06	4.360902256e-06	-10
3.537392385e-06	4.360902256e-06	-10
3.537392385e-06	4.360902256e-06	-10
3.537392385e-06	4.360902256e-06	-10
3.537392385e-06	4.360902256e-06	-10
3.537392385e-06	4.360902256e-06	-10
3.537392385e-06	4.360902256e-06	-10
3.537392385e-06	4.360902256e-06	-10
3.537392385e-06	4.360902256e-06	-10
3.537392385e-06	4.360902256e-06	-10
3.537392385e-06	4.360902256e-06	-10
3.537392385e-06	4.360902256e-06	-10
3.537392385e-06	4.360902256e-06	-10
3.537392385e-06	4.360902256e-06	-10
3.537392385e-06	4.360902256e-06	-10
3.537392385e-06	4.360902256e-06	-10
3.537392385e-06	4.360902256e-06	-10
3.537392385e-06	4.360902256e-06	-10
3.537392385e-06	4.360902256e-06	-10
3.537392385e-06	4.360902256e-06	-10
3.537392385e-06	4.360902256e-06	-10
3.537392385e-06	4.360902256e-06	-10
3.537392385e-06	4.360902256e-06	0
3.518595393e-06	4.360902256e-06	0
3.4997984e-06	4.360902256e-06	0
3.481001408e-06	4.360902256e-06	0
3.462204415e-06	4.360902256e-06	0
3.462204415e-06	4.360902256e-06	-10
3.462204415e-06	4.360902256e-06	-10
3.462204415e-06	4.360902256e-06	-10
3.462204415e-06	4.360902256e-06	-10
3.462204415e-06	4.360902256e-06	-10
3.462204415e-06	4.360902256e-06	-10
3.462204415e-06	4.360902256e-06	-10
3.462204415e-06	4.360902256e-06	-10
3.462204415e-06	4.360902256e-06	-10
3.462204415e-06	4.360902256e-06	-10
3.462204415e-06	4.360902256e-06	-10
3.462204415e-06	4.360902256e-06	-10
3.462204415e-06	4.360902256e-06	-10
3.462204415e-06	4.360902256e-06	-10
3.462204415e-06	4.360902256e-06	-10
3.462204415e-06	4.360902256e-06	-10
3.462204415e-06	4.360902256e-06	-10
3.462204415e-06	4.360902256e-06	-10
3.462204415e-06	4.360902256e-06	-10
3.462204415e-06	4.360902256e-06	-10
3.462204415e-06	4.360902256e-06	-10
3.462204415e-06	4.360902256e-06	-10
3.462204415e-06	4.360902256e-06	-10
3.462204415e-06	4.360902256e-06	-10
3.462204415e-06	4.360902256e-06	-10
3.462204415e-06	4.360902256e-06	0
3.443407423e-06	4.360902256e-06	0
3.42461043e-06	4.360902256e-06	0
3.405813438e-06	4.360902256e-06	0
3.387016445e-06	4.360902256e-06	0
3.387016445e-06	4.360902256e-06	-10
3.387016445e-06	4.360902256e-06	-10
3.387016445e-06	4.360902256e-06	-10
3.387016445e-06	4.360902256e-06	-10
3.387016445e-06	4.360902256e-06	-10
3.387016445e-06	4.360902256e-06	-10
3.387016445e-06	4.360902256e-06	-10
3.387016445e-06	4.360902256e-06	-10
3.387016445e-06	4.360902256e-06	-10
3.387016445e-06	4.360902256e-06	-10
3.387016445e-06	4.360902256e-06	-10
3.387016445e-06	4.360902256e-06	-10
3.387016445e-06	4.360902256e-06	-10
3.387016445e-06	4.360902256e-06	-10
3.387016445e-06	4.360902256e-06	-10
3.387016445e-06	4.360902256e-06	-10
3.387016445e-06	4.360902256e-06	-10
3.387016445e-06	4.360902256e-06	-10
3.387016445e-06	4.360902256e-06	-10
3.387016445e-06	4.360902256e-06	-10
3.387016445e-06	4.360902256e-06	-10
3.387016445e-06	4.360902256e-06	-10
3.387016445e-06	4.360902256e-06	-10
3.387016445e-06	4.360902256e-06	-10
3.387016445e-06	4.360902256e-06	-10
3.387016445e-06	4.360902256e-06	0
3.368219453e-06	4.360902256e-06	0
3.34942246e-06	4.360902256e-06	0
3.330625468e-06	4.360902256e-06	0
3.311828475e-06	4.360902256e-06	0
3.311828475e-06	4.360902256e-06	-10
3.311828475e-06	4.360902256e-06	-10
3.311828475e-06	4.360902256e-06	-10
3.311828475e-06	4.360902256e-06	-10
3.311828475e-06	4.360902256e-06	-10
3.311828475e-06	4.360902256e-06	-10
3.311828475e-06	4.360902256e-06	-10
3.311828475e-06	4.360902256e-06	-10
3.311828475e-06	4.360902256e-06	-10
3.311828475e-06	4.360902256e-06	-10
3.311828475e-06	4.360902256e-06	-10
3.311828475e-06	4.360902256e-06	-10
3.311828475e-06	4.360902256e-06	-10
3.311828475e-06	4.360902256e-06	-10
3.311828475e-06	4.360902256e-06	-10
3.311828475e-06	4.360902256e-06	-10
3.311828475e-06	4.360902256e-06	-10
3.311828475e-06	4.360902256e-06	-10
3.311828475e-06	4.360902256e-06	-10
3.311828475e-06	4.360902256e-06	-10
3.311828475e-06	4.360902256e-06	-10
3.311828475e-06	4.360902256e-06	-10
3.311828475e-06	4.360902256e-06	-10
3.311828475e-06	4.360902256e-06	-10
3.311828475e-06	4.360902256e-06	-10
3.311828475e-06	4.360902256e-06	0
3.293031483e-06	4.360902256e-06	0
3.274234491e-06	4.360902256e-06	0
3.255437498e-06	4.360902256e-06	0
3.236640506e-06	4.360902256e-06	0
3.236640506e-06	4.360902256e-06	-10
3.236640506e-06	4.360902256e-06	-10
3.236640506e-06	4.360902256e-06	-10
3.236640506e-06	4.360902256e-06	-10
3.236640506e-06	4.360902256e-06	-10
3.236640506e-06	4.360902256e-06	-10
3.236640506e-06	4.360902256e-06	-10
3.236640506e-06	4.360902256e-06	-10
3.236640506e-06	4.360902256e-06	-10
3.236640506e-06	4.360902256e-06	-10
3.236640506e-06	4.360902256e-06	-10
3.236640506e-06	4.360902256e-06	-10
3.236640506e-06	4.360902256e-06	-10
3.236640506e-06	4.360902256e-06	-10
3.236640506e-06	4.360902256e-06	-10
3.236640506e-06	4.360902256e-06	-10
3.236640506e-06	4.360902256e-06	-10
3.236640506e-06	4.360902256e-06	-10
3.236640506e-06	4.360902256e-06	-10
3.236640506e-06	4.360902256e-06	-10
3.236640506e-06	4.360902256e-06	-10
3.236640506e-06	4.360902256e-06	-10
3.236640506e-06	4.360902256e-06	-10
3.236640506e-06	4.360902256e-06	-10
3.236640506e-06	4.360902256e-06	-10
3.236640506e-06	4.360902256e-06	0
3.217843513e-06	4.360902256e-06	0
3.199046521e-06	4.360902256e-06	0
3.180249528e-06	4.360902256e-06	0
3.161452536e-06	4.360902256e-06	0
3.161452536e-06	4.360902256e-06	-10
3.161452536e-06	4.360902256e-06	-10
3.161452536e-06	4.360902256e-06	-10
3.161452536e-06	4.360902256e-06	-10
3.161452536e-06	4.360902256e-06	-10
3.161452536e-06	4.360902256e-06	-10
3.161452536e-06	4.360902256e-06	-10
3.161452536e-06	4.360902256e-06	-10
3.161452536e-06	4.360902256e-06	-10
3.161452536e-06	4.360902256e-06	-10
3.161452536e-06	4.360902256e-06	-10
3.161452536e-06	4.360902256e-06	-10
3.161452536e-06	4.360902256e-06	-10
3.161452536e-06	4.360902256e-06	-10
3.161452536e-06	4.360902256e-06	-10
3.161452536e-06	4.360902256e-06	-10
3.161452536e-06	4.360902256e-06	-10
3.161452536e-06	4.360902256e-06	-10
3.161452536e-06	4.360902256e-06	-10
3.161452536e-06	4.360902256e-06	-10
3.161452536e-06	4.360902256e-06	-10
3.161452536e-06	4.360902256e-06	-10
3.161452536e-06	4.360902256e-06	-10
3.161452536e-06	4.360902256e-06	-10
3.161452536e-06	4.360902256e-06	-10
3.161452536e-06	4.360902256e-06	0
3.142655543e-06	4.360902256e-06	0
3.123858551e-06	4.360902256e-06	0
3.105061558e-06	4.360902256e-06	0
3.086264566e-06	4.360902256e-06	0
3.086264566e-06	4.360902256e-06	-10
3.086264566e-06	4.360902256e-06	-10
3.086264566e-06	4.360902256e-06	-10
3.086264566e-06	4.360902256e-06	-10
3.086264566e-06	4.360902256e-06	-10
3.086264566e-06	4.360902256e-06	-10
3.086264566e-06	4.360902256e-06	-10
3.086264566e-06	4.360902256e-06	-10
3.086264566e-06	4.360902256e-06	-10
3.086264566e-06	4.360902256e-06	-10
3.086264566e-06	4.360902256e-06	-10
3.086264566e-06	4.360902256e-06	-10
3.086264566e-06	4.360902256e-06	-10
3.086264566e-06	4.360902256e-06	-10
3.086264566e-06	4.360902256e-06	-10
3.086264566e-06	4.360902256e-06	-10
3.086264566e-06	4.360902256e-06	-10
3.086264566e-06	4.360902256e-06	-10
3.086264566e-06	4.360902256e-06	-10
3.086264566e-06	4.360902256e-06	-10
3.086264566e-06	4.360902256e-06	-10
3.086264566e-06	4.360902256e-06	-10
3.086264566e-06	4.360902256e-06	-10
3.086264566e-06	4.360902256e-06	-10
3.086264566e-06	4.360902256e-06	-10
3.086264566e-06	4.360902256e-06	0
3.067467573e-06	4.360902256e-06	0
3.048670581e-06	4.360902256e-06	0
3.029873588e-06	4.360902256e-06	0
3.011076596e-06	4.360902256e-06	0
3.011076596e-06	4.360902256e-06	-10
3.011076596e-06	4.360902256e-06	-10
3.011076596e-06	4.360902256e-06	-10
3.011076596e-06	4.360902256e-06	-10
3.011076596e-06	4.360902256e-06	-10
3.011076596e-06	4.360902256e-06	-10
3.011076596e-06	4.360902256e-06	-10
3.011076596e-06	4.360902256e-06	-10
3.011076596e-06	4.360902256e-06	-10
3.011076596e-06	4.360902256e-06	-10
3.011076596e-06	4.360902256e-06	-10
3.011076596e-06	4.360902256e-06	-10
3.011076596e-06	4.360902256e-06	-10
3.011076596e-06	4.360902256e-06	-10
3.011076596e-06	4.360902256e-06	-10
3.011076596e-06	4.360902256e-06	-10
3.011076596e-06	4.360902256e-06	-10
3.011076596e-06	4.360902256e-06	-10
3.011076596e-06	4.360902256e-06	-10
3.011076596e-06	4.360902256e-06	-10
3.011076596e-06	4.360902256e-06	-10
3.011076596e-06	4.360902256e-06	-10
3.011076596e-06	4.360902256e-06	-10
3.011076596e-06	4.360902256e-06	-10
3.011076596e-06	4.360902256e-06	-10
3.011076596e-06	4.360902256e-06	0
2.992279603e-06	4.360902256e-06	0
2.973482611e-06	4.360902256e-06	0
2.954685618e-06	4.360902256e-06	0
2.935888626e-06	4.360902256e-06	0
2.935888626e-06	4.360902256e-06	-10
2.935888626e-06	4.360902256e-06	-10
2.935888626e-06	4.360902256e-06	-10
2.935888626e-06	4.360902256e-06	-10
2.935888626e-06	4.360902256e-06	-10
2.935888626e-06	4.360902256e-06	-10
2.935888626e-06	4.360902256e-06	-10
2.935888626e-06	4.360902256e-06	-10
2.935888626e-06	4.360902256e-06	-10
2.935888626e-06	4.360902256e-06	-10
2.935888626e-06	4.360902256e-06	-10
2.935888626e-06	4.360902256e-06	-10
2.935888626e-06	4.360902256e-06	-10
2.935888626e-06	4.360902256e-06	-10
2.935888626e-06	4.360902256e-06	-10
2.935888626e-06	4.360902256e-06	-10
2.935888626e-06	4.360902256e-06	-10
2.935888626e-06	4.360902256e-06	-10
2.935888626e-06	4.360902256e-06	-10
2.935888626e-06	4.360902256e-06	-10
2.935888626e-06	4.360902256e-06	-10
2.935888626e-06	4.360902256e-06	-10
2.935888626e-06	4.360902256e-06	-10
2.935888626e-06	4.360902256e-06	-10
2.935888626e-06	4.360902256e-06	-10
2.935888626e-06	4.360902256e-06	0
2.917091633e-06	4.360902256e-06	0
2.898294641e-06	4.360902256e-06	0
2.879497648e-06	4.360902256e-06	0
2.860700656e-06	4.360902256e-06	0
2.860700656e-06	4.360902256e-06	-10
2.860700656e-06	4.360902256e-06	-10
2.860700656e-06	4.360902256e-06	-10
2.860700656e-06	4.360902256e-06	-10
2.860700656e-06	4.360902256e-06	-10
2.860700656e-06	4.360902256e-06	-10
2.860700656e-06	4.360902256e-06	-10
2.860700656e-06	4.360902256e-06	-10
2.860700656e-06	4.360902256e-06	-10
2.860700656e-06	4.360902256e-06	-10
2.860700656e-06	4.360902256e-06	-10
2.860700656e-06	4.360902256e-06	-10
2.860700656e-06	4.360902256e-06	-10
2.860700656e-06	4.360902256e-06	-10
2.860700656e-06	4.360902256e-06	-10
2.860700656e-06	4.360902256e-06	-10
2.860700656e-06	4.360902256e-06	-10
2.860700656e-06	4.360902256e-06	-10
2.860700656e-06	4.360902256e-06	-10
2.860700656e-06	4.360902256e-06	-10
2.860700656e-06	4.360902256e-06	-10
2.860700656e-06	4.360902256e-06	-10
2.860700656e-06	4.360902256e-06	-10
2.860700656e-06	4.360902256e-06	-10
2.860700656e-06	4.360902256e-06	-10
2.860700656e-06	4.360902256e-06	0
2.841903663e-06	4.360902256e-06	0
2.823106671e-06	4.360902256e-06	0
2.804309678e-06	4.360902256e-06	0
2.785512686e-06	4.360902256e-06	0
2.785512686e-06	4.360902256e-06	-10
2.785512686e-06	4.360902256e-06	-10
2.785512686e-06	4.360902256e-06	-10
2.785512686e-06	4.360902256e-06	-10
2.785512686e-06	4.360902256e-06	-10
2.785512686e-06	4.360902256e-06	-10
2.785512686e-06	4.360902256e-06	-10
2.785512686e-06	4.360902256e-06	-10
2.785512686e-06	4.360902256e-06	-10
2.785512686e-06	4.360902256e-06	-10
2.785512686e-06	4.360902256e-06	-10
2.785512686e-06	4.360902256e-06	-10
2.785512686e-06	4.360902256e-06	-10
2.785512686e-06	4.360902256e-06	-10
2.785512686e-06	4.360902256e-06	-10
2.785512686e-06	4.360902256e-06	-10
2.785512686e-06	4.360902256e-06	-10
2.785512686e-06	4.360902256e-06	-10
2.785512686e-06	4.360902256e-06	-10
2.785512686e-06	4.360902256e-06	-10
2.785512686e-06	4.360902256e-06	-10
2.785512686e-06	4.360902256e-06	-10
2.785512686e-06	4.360902256e-06	-10
2.785512686e-06	4.360902256e-06	-10
2.785512686e-06	4.360902256e-06	-10
2.785512686e-06	4.360902256e-06	0
2.766715694e-06	4.360902256e-06	0
2.747918701e-06	4.360902256e-06	0
2.729121709e-06	4.360902256e-06	0
2.710324716e-06	4.360902256e-06	0
2.710324716e-06	4.360902256e-06	-10
2.710324716e-06	4.360902256e-06	-10
2.710324716e-06	4.360902256e-06	-10
2.710324716e-06	4.360902256e-06	-10
2.710324716e-06	4.360902256e-06	-10
2.710324716e-06	4.360902256e-06	-10
2.710324716e-06	4.360902256e-06	-10
2.710324716e-06	4.360902256e-06	-10
2.710324716e-06	4.360902256e-06	-10
2.710324716e-06	4.360902256e-06	-10
2.710324716e-06	4.360902256e-06	-10
2.710324716e-06	4.360902256e-06	-10
2.710324716e-06	4.360902256e-06	-10
2.710324716e-06	4.360902256e-06	-10
2.710324716e-06	4.360902256e-06	-10
2.710324716e-06	4.360902256e-06	-10
2.710324716e-06	4.360902256e-06	-10
2.710324716e-06	4.360902256e-06	-10
2.710324716e-06	4.360902256e-06	-10
2.710324716e-06	4.360902256e-06	-10
2.710324716e-06	4.360902256e-06	-10
2.710324716e-06	4.360902256e-06	-10
2.710324716e-06	4.360902256e-06	-10
2.710324716e-06	4.360902256e-06	-10
2.710324716e-06	4.360902256e-06	-10
2.710324716e-06	4.360902256e-06	0
2.691527724e-06	4.360902256e-06	0
2.672730731e-06	4.360902256e-06	0
2.653933739e-06	4.360902256e-06	0
2.635136746e-06	4.360902256e-06	0
2.635136746e-06	4.360902256e-06	-10
2.635136746e-06	4.360902256e-06	-10
2.635136746e-06	4.360902256e-06	-10
2.635136746e-06	4.360902256e-06	-10
2.635136746e-06	4.360902256e-06	-10
2.635136746e-06	4.360902256e-06	-10
2.635136746e-06	4.360902256e-06	-10
2.635136746e-06	4.360902256e-06	-10
2.635136746e-06	4.360902256e-06	-10
2.635136746e-06	4.360902256e-06	-10
2.635136746e-06	4.360902256e-06	-10
2.635136746e-06	4.360902256e-06	-10
2.635136746e-06	4.360902256e-06	-10
2.635136746e-06	4.360902256e-06	-10
2.635136746e-06	4.360902256e-06	-10
2.635136746e-06	4.360902256e-06	-10
2.635136746e-06	4.360902256e-06	-10
2.635136746e-06	4.360902256e-06	-10
2.635136746e-06	4.360902256e-06	-10
2.635136746e-06	4.360902256e-06	-10
2.635136746e-06	4.360902256e-06	-10
2.635136746e-06	4.360902256e-06	-10
2.635136746e-06	4.360902256e-06	-10
2.635136746e-06	4.360902256e-06	-10
2.635136746e-06	4.360902256e-06	-10
2.635136746e-06	4.360902256e-06	0
2.616339754e-06	4.360902256e-06	0
2.597542761e-06	4.360902256e-06	0
2.578745769e-06	4.360902256e-06	0
2.559948776e-06	4.360902256e-06	0
2.559948776e-06	4.360902256e-06	-10
2.559948776e-06	4.360902256e-06	-10
2.559948776e-06	4.360902256e-06	-10
2.559948776e-06	4.360902256e-06	-10
2.559948776e-06	4.360902256e-06	-10
2.559948776e-06	4.360902256e-06	-10
2.559948776e-06	4.360902256e-06	-10
2.559948776e-06	4.360902256e-06	-10
2.559948776e-06	4.360902256e-06	-10
2.559948776e-06	4.360902256e-06	-10
2.559948776e-06	4.360902256e-06	-10
2.559948776e-06	4.360902256e-06	-10
2.559948776e-06	4.360902256e-06	-10
2.559948776e-06	4.360902256e-06	-10
2.559948776e-06	4.360902256e-06	-10
2.559948776e-06	4.360902256e-06	-10
2.559948776e-06	4.360902256e-06	-10
2.559948776e-06	4.360902256e-06	-10
2.559948776e-06	4.360902256e-06	-10
2.559948776e-06	4.360902256e-06	-10
2.559948776e-06	4.360902256e-06	-10
2.559948776e-06	4.360902256e-06	-10
2.559948776e-06	4.360902256e-06	-10
2.559948776e-06	4.360902256e-06	-10
2.559948776e-06	4.360902256e-06	-10
2.559948776e-06	4.360902256e-06	0
2.541151784e-06	4.360902256e-06	0
2.522354791e-06	4.360902256e-06	0
2.503557799e-06	4.360902256e-06	0
2.484760806e-06	4.360902256e-06	0
2.484760806e-06	4.360902256e-06	-10
2.484760806e-06	4.360902256e-06	-10
2.484760806e-06	4.360902256e-06	-10
2.484760806e-06	4.360902256e-06	-10
2.484760806e-06	4.360902256e-06	-10
2.484760806e-06	4.360902256e-06	-10
2.484760806e-06	4.360902256e-06	-10
2.484760806e-06	4.360902256e-06	-10
2.484760806e-06	4.360902256e-06	-10
2.484760806e-06	4.360902256e-06	-10
2.484760806e-06	4.360902256e-06	-10
2.484760806e-06	4.360902256e-06	-10
2.484760806e-06	4.360902256e-06	-10
2.484760806e-06	4.360902256e-06	-10
2.484760806e-06	4.360902256e-06	-10
2.484760806e-06	4.360902256e-06	-10
2.484760806e-06	4.360902256e-06	-10
2.484760806e-06	4.360902256e-06	-10
2.484760806e-06	4.360902256e-06	-10
2.484760806e-06	4.360902256e-06	-10
2.484760806e-06	4.360902256e-06	-10
2.484760806e-06	4.360902256e-06	-10
2.484760806e-06	4.360902256e-06	-10
2.484760806e-06	4.360902256e-06	-10
2.484760806e-06	4.360902256e-06	-10
2.484760806e-06	4.360902256e-06	0
2.465963814e-06	4.360902256e-06	0
2.447166821e-06	4.360902256e-06	0
2.428369829e-06	4.360902256e-06	0
2.409572836e-06	4.360902256e-06	0
2.409572836e-06	4.360902256e-06	-10
2.409572836e-06	4.360902256e-06	-10
2.409572836e-06	4.360902256e-06	-10
2.409572836e-06	4.360902256e-06	-10
2.409572836e-06	4.360902256e-06	-10
2.409572836e-06	4.360902256e-06	-10
2.409572836e-06	4.360902256e-06	-10
2.409572836e-06	4.360902256e-06	-10
2.409572836e-06	4.360902256e-06	-10
2.409572836e-06	4.360902256e-06	-10
2.409572836e-06	4.360902256e-06	-10
2.409572836e-06	4.360902256e-06	-10
2.409572836e-06	4.360902256e-06	-10
2.409572836e-06	4.360902256e-06	-10
2.409572836e-06	4.360902256e-06	-10
2.409572836e-06	4.360902256e-06	-10
2.409572836e-06	4.360902256e-06	-10
2.409572836e-06	4.360902256e-06	-10
2.409572836e-06	4.360902256e-06	-10
2.409572836e-06	4.360902256e-06	-10
2.409572836e-06	4.360902256e-06	-10
2.409572836e-06	4.360902256e-06	-10
2.409572836e-06	4.360902256e-06	-10
2.409572836e-06	4.360902256e-06	-10
2.409572836e-06	4.360902256e-06	-10
2.409572836e-06	4.360902256e-06	0
2.390775844e-06	4.360902256e-06	0
2.371978851e-06	4.360902256e-06	0
2.353181859e-06	4.360902256e-06	0
2.334384866e-06	4.360902256e-06	0
2.334384866e-06	4.360902256e-06	-10
2.334384866e-06	4.360902256e-06	-10
2.334384866e-06	4.360902256e-06	-10
2.334384866e-06	4.360902256e-06	-10
2.334384866e-06	4.360902256e-06	-10
2.334384866e-06	4.360902256e-06	-10
2.334384866e-06	4.360902256e-06	-10
2.334384866e-06	4.360902256e-06	-10
2.334384866e-06	4.360902256e-06	-10
2.334384866e-06	4.360902256e-06	-10
2.334384866e-06	4.360902256e-06	-10
2.334384866e-06	4.360902256e-06	-10
2.334384866e-06	4.360902256e-06	-10
2.334384866e-06	4.360902256e-06	-10
2.334384866e-06	4.360902256e-06	-10
2.334384866e-06	4.360902256e-06	-10
2.334384866e-06	4.360902256e-06	-10
2.334384866e-06	4.360902256e-06	-10
2.334384866e-06	4.360902256e-06	-10
2.334384866e-06	4.360902256e-06	-10
2.334384866e-06	4.360902256e-06	-10
2.334384866e-06	4.360902256e-06	-10
2.334384866e-06	4.360902256e-06	-10
2.334384866e-06	4.360902256e-06	-10
2.334384866e-06	4.360902256e-06	-10
2.334384866e-06	4.360902256e-06	0
2.334384866e-06	4.379699248e-06	0
2.334384866e-06	4.398496241e-06	0
2.334384866e-06	4.417293233e-06	0
2.334384866e-06	4.436090226e-06	0
2.334384866e-06	4.436090226e-06	10
2.334384866e-06	4.436090226e-06	10
2.334384866e-06	4.436090226e-06	10
2.334384866e-06	4.436090226e-06	10
2.334384866e-06	4.436090226e-06	10
2.334384866e-06	4.436090226e-06	10
2.334384866e-06	4.436090226e-06	10
2.334384866e-06	4.436090226e-06	10
2.334384866e-06	4.436090226e-06	10
2.334384866e-06	4.436090226e-06	10
2.334384866e-06	4.436090226e-06	10
2.334384866e-06	4.436090226e-06	10
2.334384866e-06	4.436090226e-06	10
2.334384866e-06	4.436090226e-06	10
2.334384866e-06	4.436090226e-06	10
2.334384866e-06	4.436090226e-06	10
2.334384866e-06	4.436090226e-06	10
2.334384866e-06	4.436090226e-06	10
2.334384866e-06	4.436090226e-06	10
2.334384866e-06	4.436090226e-06	10
2.334384866e-06	4.436090226e-06	10
2.334384866e-06	4.436090226e-06	10
2.334384866e-06	4.436090226e-06	10
2.334384866e-06	4.436090226e-06	10
2.334384866e-06	4.436090226e-06	10
2.334384866e-06	4.436090226e-06	0
2.353181859e-06	4.436090226e-06	0
2.371978851e-06	4.436090226e-06	0
2.390775844e-06	4.436090226e-06	0
2.409572836e-06	4.436090226e-06	0
2.409572836e-06	4.436090226e-06	10
2.409572836e-06	4.436090226e-06	10
2.409572836e-06	4.436090226e-06	10
2.409572836e-06	4.436090226e-06	10
2.409572836e-06	4.436090226e-06	10
2.409572836e-06	4.436090226e-06	10
2.409572836e-06	4.436090226e-06	10
2.409572836e-06	4.436090226e-06	10
2.409572836e-06	4.436090226e-06	10
2.409572836e-06	4.436090226e-06	10
2.409572836e-06	4.436090226e-06	10
2.409572836e-06	4.436090226e-06	10
2.409572836e-06	4.436090226e-06	10
2.409572836e-06	4.436090226e-06	10
2.409572836e-06	4.436090226e-06	10
2.409572836e-06	4.436090226e-06	10
2.409572836e-06	4.436090226e-06	10
2.409572836e-06	4.436090226e-06	10
2.409572836e-06	4.436090226e-06	10
2.409572836e-06	4.436090226e-06	10
2.409572836e-06	4.436090226e-06	10
2.409572836e-06	4.436090226e-06	10
2.409572836e-06	4.436090226e-06	10
2.409572836e-06	4.436090226e-06	10
2.409572836e-06	4.436090226e-06	10
2.409572836e-06	4.436090226e-06	0
2.428369829e-06	4.436090226e-06	0
2.447166821e-06	4.436090226e-06	0
2.465963814e-06	4.436090226e-06	0
2.484760806e-06	4.436090226e-06	0
2.484760806e-06	4.436090226e-06	10
2.484760806e-06	4.436090226e-06	10
2.484760806e-06	4.436090226e-06	10
2.484760806e-06	4.436090226e-06	10
2.484760806e-06	4.436090226e-06	10
2.484760806e-06	4.436090226e-06	10
2.484760806e-06	4.436090226e-06	10
2.484760806e-06	4.436090226e-06	10
2.484760806e-06	4.436090226e-06	10
2.484760806e-06	4.436090226e-06	10
2.484760806e-06	4.436090226e-06	10
2.484760806e-06	4.436090226e-06	10
2.484760806e-06	4.436090226e-06	10
2.484760806e-06	4.436090226e-06	10
2.484760806e-06	4.436090226e-06	10
2.484760806e-06	4.436090226e-06	10
2.484760806e-06	4.436090226e-06	10
2.484760806e-06	4.436090226e-06	10
2.484760806e-06	4.436090226e-06	10
2.484760806e-06	4.436090226e-06	10
2.484760806e-06	4.436090226e-06	10
2.484760806e-06	4.436090226e-06	10
2.484760806e-06	4.436090226e-06	10
2.484760806e-06	4.436090226e-06	10
2.484760806e-06	4.436090226e-06	10
2.484760806e-06	4.436090226e-06	0
2.503557799e-06	4.436090226e-06	0
2.522354791e-06	4.436090226e-06	0
2.541151784e-06	4.436090226e-06	0
2.559948776e-06	4.436090226e-06	0
2.559948776e-06	4.436090226e-06	10
2.559948776e-06	4.436090226e-06	10
2.559948776e-06	4.436090226e-06	10
2.559948776e-06	4.436090226e-06	10
2.559948776e-06	4.436090226e-06	10
2.559948776e-06	4.436090226e-06	10
2.559948776e-06	4.436090226e-06	10
2.559948776e-06	4.436090226e-06	10
2.559948776e-06	4.436090226e-06	10
2.559948776e-06	4.436090226e-06	10
2.559948776e-06	4.436090226e-06	10
2.559948776e-06	4.436090226e-06	10
2.559948776e-06	4.436090226e-06	10
2.559948776e-06	4.436090226e-06	10
2.559948776e-06	4.436090226e-06	10
2.559948776e-06	4.436090226e-06	10
2.559948776e-06	4.436090226e-06	10
2.559948776e-06	4.436090226e-06	10
2.559948776e-06	4.436090226e-06	10
2.559948776e-06	4.436090226e-06	10
2.559948776e-06	4.436090226e-06	10
2.559948776e-06	4.436090226e-06	10
2.559948776e-06	4.436090226e-06	10
2.559948776e-06	4.436090226e-06	10
2.559948776e-06	4.436090226e-06	10
2.559948776e-06	4.436090226e-06	0
2.578745769e-06	4.436090226e-06	0
2.597542761e-06	4.436090226e-06	0
2.616339754e-06	4.436090226e-06	0
2.635136746e-06	4.436090226e-06	0
2.635136746e-06	4.436090226e-06	10
2.635136746e-06	4.436090226e-06	10
2.635136746e-06	4.436090226e-06	10
2.635136746e-06	4.436090226e-06	10
2.635136746e-06	4.436090226e-06	10
2.635136746e-06	4.436090226e-06	10
2.635136746e-06	4.436090226e-06	10
2.635136746e-06	4.436090226e-06	10
2.635136746e-06	4.436090226e-06	10
2.635136746e-06	4.436090226e-06	10
2.635136746e-06	4.436090226e-06	10
2.635136746e-06	4.436090226e-06	10
2.635136746e-06	4.436090226e-06	10
2.635136746e-06	4.436090226e-06	10
2.635136746e-06	4.436090226e-06	10
2.635136746e-06	4.436090226e-06	10
2.635136746e-06	4.436090226e-06	10
2.635136746e-06	4.436090226e-06	10
2.635136746e-06	4.436090226e-06	10
2.635136746e-06	4.436090226e-06	10
2.635136746e-06	4.436090226e-06	10
2.635136746e-06	4.436090226e-06	10
2.635136746e-06	4.436090226e-06	10
2.635136746e-06	4.436090226e-06	10
2.635136746e-06	4.436090226e-06	10
2.635136746e-06	4.436090226e-06	0
2.653933739e-06	4.436090226e-06	0
2.672730731e-06	4.436090226e-06	0
2.691527724e-06	4.436090226e-06	0
2.710324716e-06	4.436090226e-06	0
2.710324716e-06	4.436090226e-06	10
2.710324716e-06	4.436090226e-06	10
2.710324716e-06	4.436090226e-06	10
2.710324716e-06	4.436090226e-06	10
2.710324716e-06	4.436090226e-06	10
2.710324716e-06	4.436090226e-06	10
2.710324716e-06	4.436090226e-06	10
2.710324716e-06	4.436090226e-06	10
2.710324716e-06	4.436090226e-06	10
2.710324716e-06	4.436090226e-06	10
2.710324716e-06	4.436090226e-06	10
2.710324716e-06	4.436090226e-06	10
2.710324716e-06	4.436090226e-06	10
2.710324716e-06	4.436090226e-06	10
2.710324716e-06	4.436090226e-06	10
2.710324716e-06	4.436090226e-06	10
2.710324716e-06	4.436090226e-06	10
2.710324716e-06	4.436090226e-06	10
2.710324716e-06	4.436090226e-06	10
2.710324716e-06	4.436090226e-06	10
2.710324716e-06	4.436090226e-06	10
2.710324716e-06	4.436090226e-06	10
2.710324716e-06	4.436090226e-06	10
2.710324716e-06	4.436090226e-06	10
2.710324716e-06	4.436090226e-06	10
2.710324716e-06	4.436090226e-06	0
2.729121709e-06	4.436090226e-06	0
2.747918701e-06	4.436090226e-06	0
2.766715694e-06	4.436090226e-06	0
2.785512686e-06	4.436090226e-06	0
2.785512686e-06	4.436090226e-06	10
2.785512686e-06	4.436090226e-06	10
2.785512686e-06	4.436090226e-06	10
2.785512686e-06	4.436090226e-06	10
2.785512686e-06	4.436090226e-06	10
2.785512686e-06	4.436090226e-06	10
2.785512686e-06	4.436090226e-06	10
2.785512686e-06	4.436090226e-06	10
2.785512686e-06	4.436090226e-06	10
2.785512686e-06	4.436090226e-06	10
2.785512686e-06	4.436090226e-06	10
2.785512686e-06	4.436090226e-06	10
2.785512686e-06	4.436090226e-06	10
2.785512686e-06	4.436090226e-06	10
2.785512686e-06	4.436090226e-06	10
2.785512686e-06	4.436090226e-06	10
2.785512686e-06	4.436090226e-06	10
2.785512686e-06	4.436090226e-06	10
2.785512686e-06	4.436090226e-06	10
2.785512686e-06	4.436090226e-06	10
2.785512686e-06	4.436090226e-06	10
2.785512686e-06	4.436090226e-06	10
2.785512686e-06	4.436090226e-06	10
2.785512686e-06	4.436090226e-06	10
2.785512686e-06	4.436090226e-06	10
2.785512686e-06	4.436090226e-06	0
2.804309678e-06	4.436090226e-06	0
2.823106671e-06	4.436090226e-06	0
2.841903663e-06	4.436090226e-06	0
2.860700656e-06	4.436090226e-06	0
2.860700656e-06	4.436090226e-06	10
2.860700656e-06	4.436090226e-06	10
2.860700656e-06	4.436090226e-06	10
2.860700656e-06	4.436090226e-06	10
2.860700656e-06	4.436090226e-06	10
2.860700656e-06	4.436090226e-06	10
2.860700656e-06	4.436090226e-06	10
2.860700656e-06	4.436090226e-06	10
2.860700656e-06	4.436090226e-06	10
2.860700656e-06	4.436090226e-06	10
2.860700656e-06	4.436090226e-06	10
2.860700656e-06	4.436090226e-06	10
2.860700656e-06	4.436090226e-06	10
2.860700656e-06	4.436090226e-06	10
2.860700656e-06	4.436090226e-06	10
2.860700656e-06	4.436090226e-06	10
2.860700656e-06	4.436090226e-06	10
2.860700656e-06	4.436090226e-06	10
2.860700656e-06	4.436090226e-06	10
2.860700656e-06	4.436090226e-06	10
2.860700656e-06	4.436090226e-06	10
2.860700656e-06	4.436090226e-06	10
2.860700656e-06	4.436090226e-06	10
2.860700656e-06	4.436090226e-06	10
2.860700656e-06	4.436090226e-06	10
2.860700656e-06	4.436090226e-06	0
2.879497648e-06	4.436090226e-06	0
2.898294641e-06	4.436090226e-06	0
2.917091633e-06	4.436090226e-06	0
2.935888626e-06	4.436090226e-06	0
2.935888626e-06	4.436090226e-06	10
2.935888626e-06	4.436090226e-06	10
2.935888626e-06	4.436090226e-06	10
2.935888626e-06	4.436090226e-06	10
2.935888626e-06	4.436090226e-06	10
2.935888626e-06	4.436090226e-06	10
2.935888626e-06	4.436090226e-06	10
2.935888626e-06	4.436090226e-06	10
2.935888626e-06	4.436090226e-06	10
2.935888626e-06	4.436090226e-06	10
2.935888626e-06	4.436090226e-06	10
2.935888626e-06	4.436090226e-06	10
2.935888626e-06	4.436090226e-06	10
2.935888626e-06	4.436090226e-06	10
2.935888626e-06	4.436090226e-06	10
2.935888626e-06	4.436090226e-06	10
2.935888626e-06	4.436090226e-06	10
2.935888626e-06	4.436090226e-06	10
2.935888626e-06	4.436090226e-06	10
2.935888626e-06	4.436090226e-06	10
2.935888626e-06	4.436090226e-06	10
2.935888626e-06	4.436090226e-06	10
2.935888626e-06	4.436090226e-06	10
2.935888626e-06	4.436090226e-06	10
2.935888626e-06	4.436090226e-06	10
2.935888626e-06	4.436090226e-06	0
2.954685618e-06	4.436090226e-06	0
2.973482611e-06	4.436090226e-06	0
2.992279603e-06	4.436090226e-06	0
3.011076596e-06	4.436090226e-06	0
3.011076596e-06	4.436090226e-06	10
3.011076596e-06	4.436090226e-06	10
3.011076596e-06	4.436090226e-06	10
3.011076596e-06	4.436090226e-06	10
3.011076596e-06	4.436090226e-06	10
3.011076596e-06	4.436090226e-06	10
3.011076596e-06	4.436090226e-06	10
3.011076596e-06	4.436090226e-06	10
3.011076596e-06	4.436090226e-06	10
3.011076596e-06	4.436090226e-06	10
3.011076596e-06	4.436090226e-06	10
3.011076596e-06	4.436090226e-06	10
3.011076596e-06	4.436090226e-06	10
3.011076596e-06	4.436090226e-06	10
3.011076596e-06	4.436090226e-06	10
3.011076596e-06	4.436090226e-06	10
3.011076596e-06	4.436090226e-06	10
3.011076596e-06	4.436090226e-06	10
3.011076596e-06	4.436090226e-06	10
3.011076596e-06	4.436090226e-06	10
3.011076596e-06	4.436090226e-06	10
3.011076596e-06	4.436090226e-06	10
3.011076596e-06	4.436090226e-06	10
3.011076596e-06	4.436090226e-06	10
3.011076596e-06	4.436090226e-06	10
3.011076596e-06	4.436090226e-06	0
3.029873588e-06	4.436090226e-06	0
3.048670581e-06	4.436090226e-06	0
3.067467573e-06	4.436090226e-06	0
3.086264566e-06	4.436090226e-06	0
3.086264566e-06	4.436090226e-06	10
3.086264566e-06	4.436090226e-06	10
3.086264566e-06	4.436090226e-06	10
3.086264566e-06	4.436090226e-06	10
3.086264566e-06	4.436090226e-06	10
3.086264566e-06	4.436090226e-06	10
3.086264566e-06	4.436090226e-06	10
3.086264566e-06	4.436090226e-06	10
3.086264566e-06	4.436090226e-06	10
3.086264566e-06	4.436090226e-06	10
3.086264566e-06	4.436090226e-06	10
3.086264566e-06	4.436090226e-06	10
3.086264566e-06	4.436090226e-06	10
3.086264566e-06	4.436090226e-06	10
3.086264566e-06	4.436090226e-06	10
3.086264566e-06	4.436090226e-06	10
3.086264566e-06	4.436090226e-06	10
3.086264566e-06	4.436090226e-06	10
3.086264566e-06	4.436090226e-06	10
3.086264566e-06	4.436090226e-06	10
3.086264566e-06	4.436090226e-06	10
3.086264566e-06	4.436090226e-06	10
3.086264566e-06	4.436090226e-06	10
3.086264566e-06	4.436090226e-06	10
3.086264566e-06	4.436090226e-06	10
3.086264566e-06	4.436090226e-06	0
3.105061558e-06	4.436090226e-06	0
3.123858551e-06	4.436090226e-06	0
3.142655543e-06	4.436090226e-06	0
3.161452536e-06	4.436090226e-06	0
3.161452536e-06	4.436090226e-06	10
3.161452536e-06	4.436090226e-06	10
3.161452536e-06	4.436090226e-06	10
3.161452536e-06	4.436090226e-06	10
3.161452536e-06	4.436090226e-06	10
3.161452536e-06	4.436090226e-06	10
3.161452536e-06	4.436090226e-06	10
3.161452536e-06	4.436090226e-06	10
3.161452536e-06	4.436090226e-06	10
3.161452536e-06	4.436090226e-06	10
3.161452536e-06	4.436090226e-06	10
3.161452536e-06	4.436090226e-06	10
3.161452536e-06	4.436090226e-06	10
3.161452536e-06	4.436090226e-06	10
3.161452536e-06	4.436090226e-06	10
3.161452536e-06	4.436090226e-06	10
3.161452536e-06	4.436090226e-06	10
3.161452536e-06	4.436090226e-06	10
3.161452536e-06	4.436090226e-06	10
3.161452536e-06	4.436090226e-06	10
3.161452536e-06	4.436090226e-06	10
3.161452536e-06	4.436090226e-06	10
3.161452536e-06	4.436090226e-06	10
3.161452536e-06	4.436090226e-06	10
3.161452536e-06	4.436090226e-06	10
3.161452536e-06	4.436090226e-06	0
3.180249528e-06	4.436090226e-06	0
3.199046521e-06	4.436090226e-06	0
3.217843513e-06	4.436090226e-06	0
3.236640506e-06	4.436090226e-06	0
3.236640506e-06	4.436090226e-06	10
3.236640506e-06	4.436090226e-06	10
3.236640506e-06	4.436090226e-06	10
3.236640506e-06	4.436090226e-06	10
3.236640506e-06	4.436090226e-06	10
3.236640506e-06	4.436090226e-06	10
3.236640506e-06	4.436090226e-06	10
3.236640506e-06	4.436090226e-06	10
3.236640506e-06	4.436090226e-06	10
3.236640506e-06	4.436090226e-06	10
3.236640506e-06	4.436090226e-06	10
3.236640506e-06	4.436090226e-06	10
3.236640506e-06	4.436090226e-06	10
3.236640506e-06	4.436090226e-06	10
3.236640506e-06	4.436090226e-06	10
3.236640506e-06	4.436090226e-06	10
3.236640506e-06	4.436090226e-06	10
3.236640506e-06	4.436090226e-06	10
3.236640506e-06	4.436090226e-06	10
3.236640506e-06	4.436090226e-06	10
3.236640506e-06	4.436090226e-06	10
3.236640506e-06	4.436090226e-06	10
3.236640506e-06	4.436090226e-06	10
3.236640506e-06	4.436090226e-06	10
3.236640506e-06	4.436090226e-06	10
3.236640506e-06	4.436090226e-06	0
3.255437498e-06	4.436090226e-06	0
3.274234491e-06	4.436090226e-06	0
3.293031483e-06	4.436090226e-06	0
3.311828475e-06	4.436090226e-06	0
3.311828475e-06	4.436090226e-06	10
3.311828475e-06	4.436090226e-06	10
3.311828475e-06	4.436090226e-06	10
3.311828475e-06	4.436090226e-06	10
3.311828475e-06	4.436090226e-06	10
3.311828475e-06	4.436090226e-06	10
3.311828475e-06	4.436090226e-06	10
3.311828475e-06	4.436090226e-06	10
3.311828475e-06	4.436090226e-06	10
3.311828475e-06	4.436090226e-06	10
3.311828475e-06	4.436090226e-06	10
3.311828475e-06	4.436090226e-06	10
3.311828475e-06	4.436090226e-06	10
3.311828475e-06	4.436090226e-06	10
3.311828475e-06	4.436090226e-06	10
3.311828475e-06	4.436090226e-06	10
3.311828475e-06	4.436090226e-06	10
3.311828475e-06	4.436090226e-06	10
3.311828475e-06	4.436090226e-06	10
3.311828475e-06	4.436090226e-06	10
3.311828475e-06	4.436090226e-06	10
3.311828475e-06	4.436090226e-06	10
3.311828475e-06	4.436090226e-06	10
3.311828475e-06	4.436090226e-06	10
3.311828475e-06	4.436090226e-06	10
3.311828475e-06	4.436090226e-06	0
3.330625468e-06	4.436090226e-06	0
3.34942246e-06	4.436090226e-06	0
3.368219453e-06	4.436090226e-06	0
3.387016445e-06	4.436090226e-06	0
3.387016445e-06	4.436090226e-06	10
3.387016445e-06	4.436090226e-06	10
3.387016445e-06	4.436090226e-06	10
3.387016445e-06	4.436090226e-06	10
3.387016445e-06	4.436090226e-06	10
3.387016445e-06	4.436090226e-06	10
3.387016445e-06	4.436090226e-06	10
3.387016445e-06	4.436090226e-06	10
3.387016445e-06	4.436090226e-06	10
3.387016445e-06	4.436090226e-06	10
3.387016445e-06	4.436090226e-06	10
3.387016445e-06	4.436090226e-06	10
3.387016445e-06	4.436090226e-06	10
3.387016445e-06	4.436090226e-06	10
3.387016445e-06	4.436090226e-06	10
3.387016445e-06	4.436090226e-06	10
3.387016445e-06	4.436090226e-06	10
3.387016445e-06	4.436090226e-06	10
3.387016445e-06	4.436090226e-06	10
3.387016445e-06	4.436090226e-06	10
3.387016445e-06	4.436090226e-06	10
3.387016445e-06	4.436090226e-06	10
3.387016445e-06	4.436090226e-06	10
3.387016445e-06	4.436090226e-06	10
3.387016445e-06	4.436090226e-06	10
3.387016445e-06	4.436090226e-06	0
3.405813438e-06	4.436090226e-06	0
3.42461043e-06	4.436090226e-06	0
3.443407423e-06	4.436090226e-06	0
3.462204415e-06	4.436090226e-06	0
3.462204415e-06	4.436090226e-06	10
3.462204415e-06	4.436090226e-06	10
3.462204415e-06	4.436090226e-06	10
3.462204415e-06	4.436090226e-06	10
3.462204415e-06	4.436090226e-06	10
3.462204415e-06	4.436090226e-06	10
3.462204415e-06	4.436090226e-06	10
3.462204415e-06	4.436090226e-06	10
3.462204415e-06	4.436090226e-06	10
3.462204415e-06	4.436090226e-06	10
3.462204415e-06	4.436090226e-06	10
3.462204415e-06	4.436090226e-06	10
3.462204415e-06	4.436090226e-06	10
3.462204415e-06	4.436090226e-06	10
3.462204415e-06	4.436090226e-06	10
3.462204415e-06	4.436090226e-06	10
3.462204415e-06	4.436090226e-06	10
3.462204415e-06	4.436090226e-06	10
3.462204415e-06	4.436090226e-06	10
3.462204415e-06	4.436090226e-06	10
3.462204415e-06	4.436090226e-06	10
3.462204415e-06	4.436090226e-06	10
3.462204415e-06	4.436090226e-06	10
3.462204415e-06	4.436090226e-06	10
3.462204415e-06	4.436090226e-06	10
3.462204415e-06	4.436090226e-06	0
3.481001408e-06	4.436090226e-06	0
3.4997984e-06	4.436090226e-06	0
3.518595393e-06	4.436090226e-06	0
3.537392385e-06	4.436090226e-06	0
3.537392385e-06	4.436090226e-06	10
3.537392385e-06	4.436090226e-06	10
3.537392385e-06	4.436090226e-06	10
3.537392385e-06	4.436090226e-06	10
3.537392385e-06	4.436090226e-06	10
3.537392385e-06	4.436090226e-06	10
3.537392385e-06	4.436090226e-06	10
3.537392385e-06	4.436090226e-06	10
3.537392385e-06	4.436090226e-06	10
3.537392385e-06	4.436090226e-06	10
3.537392385e-06	4.436090226e-06	10
3.537392385e-06	4.436090226e-06	10
3.537392385e-06	4.436090226e-06	10
3.537392385e-06	4.436090226e-06	10
3.537392385e-06	4.436090226e-06	10
3.537392385e-06	4.436090226e-06	10
3.537392385e-06	4.436090226e-06	10
3.537392385e-06	4.436090226e-06	10
3.537392385e-06	4.436090226e-06	10
3.537392385e-06	4.436090226e-06	10
3.537392385e-06	4.436090226e-06	10
3.537392385e-06	4.436090226e-06	10
3.537392385e-06	4.436090226e-06	10
3.537392385e-06	4.436090226e-06	10
3.537392385e-06	4.436090226e-06	10
3.537392385e-06	4.436090226e-06	0
3.556189378e-06	4.436090226e-06	0
3.57498637e-06	4.436090226e-06	0
3.593783363e-06	4.436090226e-06	0
3.612580355e-06	4.436090226e-06	0
3.612580355e-06	4.436090226e-06	10
3.612580355e-06	4.436090226e-06	10
3.612580355e-06	4.436090226e-06	10
3.612580355e-06	4.436090226e-06	10
3.612580355e-06	4.436090226e-06	10
3.612580355e-06	4.436090226e-06	10
3.612580355e-06	4.436090226e-06	10
3.612580355e-06	4.436090226e-06	10
3.612580355e-06	4.436090226e-06	10
3.612580355e-06	4.436090226e-06	10
3.612580355e-06	4.436090226e-06	10
3.612580355e-06	4.436090226e-06	10
3.612580355e-06	4.436090226e-06	10
3.612580355e-06	4.436090226e-06	10
3.612580355e-06	4.436090226e-06	10
3.612580355e-06	4.436090226e-06	10
3.612580355e-06	4.436090226e-06	10
3.612580355e-06	4.436090226e-06	10
3.612580355e-06	4.436090226e-06	10
3.612580355e-06	4.436090226e-06	10
3.612580355e-06	4.436090226e-06	10
3.612580355e-06	4.436090226e-06	10
3.612580355e-06	4.436090226e-06	10
3.612580355e-06	4.436090226e-06	10
3.612580355e-06	4.436090226e-06	10
3.612580355e-06	4.436090226e-06	0
3.631377348e-06	4.436090226e-06	0
3.65017434e-06	4.436090226e-06	0
3.668971333e-06	4.436090226e-06	0
3.687768325e-06	4.436090226e-06	0
3.687768325e-06	4.436090226e-06	10
3.687768325e-06	4.436090226e-06	10
3.687768325e-06	4.436090226e-06	10
3.687768325e-06	4.436090226e-06	10
3.687768325e-06	4.436090226e-06	10
3.687768325e-06	4.436090226e-06	10
3.687768325e-06	4.436090226e-06	10
3.687768325e-06	4.436090226e-06	10
3.687768325e-06	4.436090226e-06	10
3.687768325e-06	4.436090226e-06	10
3.687768325e-06	4.436090226e-06	10
3.687768325e-06	4.436090226e-06	10
3.687768325e-06	4.436090226e-06	10
3.687768325e-06	4.436090226e-06	10
3.687768325e-06	4.436090226e-06	10
3.687768325e-06	4.436090226e-06	10
3.687768325e-06	4.436090226e-06	10
3.687768325e-06	4.436090226e-06	10
3.687768325e-06	4.436090226e-06	10
3.687768325e-06	4.436090226e-06	10
3.687768325e-06	4.436090226e-06	10
3.687768325e-06	4.436090226e-06	10
3.687768325e-06	4.436090226e-06	10
3.687768325e-06	4.436090226e-06	10
3.687768325e-06	4.436090226e-06	10
3.687768325e-06	4.436090226e-06	0
3.706565318e-06	4.436090226e-06	0
3.72536231e-06	4.436090226e-06	0
3.744159303e-06	4.436090226e-06	0
3.762956295e-06	4.436090226e-06	0
3.762956295e-06	4.436090226e-06	10
3.762956295e-06	4.436090226e-06	10
3.762956295e-06	4.436090226e-06	10
3.762956295e-06	4.436090226e-06	10
3.762956295e-06	4.436090226e-06	10
3.762956295e-06	4.436090226e-06	10
3.762956295e-06	4.436090226e-06	10
3.762956295e-06	4.436090226e-06	10
3.762956295e-06	4.436090226e-06	10
3.762956295e-06	4.436090226e-06	10
3.762956295e-06	4.436090226e-06	10
3.762956295e-06	4.436090226e-06	10
3.762956295e-06	4.436090226e-06	10
3.762956295e-06	4.436090226e-06	10
3.762956295e-06	4.436090226e-06	10
3.762956295e-06	4.436090226e-06	10
3.762956295e-06	4.436090226e-06	10
3.762956295e-06	4.436090226e-06	10
3.762956295e-06	4.436090226e-06	10
3.762956295e-06	4.436090226e-06	10
3.762956295e-06	4.436090226e-06	10
3.762956295e-06	4.436090226e-06	10
3.762956295e-06	4.436090226e-06	10
3.762956295e-06	4.436090226e-06	10
3.762956295e-06	4.436090226e-06	10
3.762956295e-06	4.436090226e-06	0
3.781753288e-06	4.436090226e-06	0
3.80055028e-06	4.436090226e-06	0
3.819347272e-06	4.436090226e-06	0
3.838144265e-06	4.436090226e-06	0
3.838144265e-06	4.436090226e-06	10
3.838144265e-06	4.436090226e-06	10
3.838144265e-06	4.436090226e-06	10
3.838144265e-06	4.436090226e-06	10
3.838144265e-06	4.436090226e-06	10
3.838144265e-06	4.436090226e-06	10
3.838144265e-06	4.436090226e-06	10
3.838144265e-06	4.436090226e-06	10
3.838144265e-06	4.436090226e-06	10
3.838144265e-06	4.436090226e-06	10
3.838144265e-06	4.436090226e-06	10
3.838144265e-06	4.436090226e-06	10
3.838144265e-06	4.436090226e-06	10
3.838144265e-06	4.436090226e-06	10
3.838144265e-06	4.436090226e-06	10
3.838144265e-06	4.436090226e-06	10
3.838144265e-06	4.436090226e-06	10
3.838144265e-06	4.436090226e-06	10
3.838144265e-06	4.436090226e-06	10
3.838144265e-06	4.436090226e-06	10
3.838144265e-06	4.436090226e-06	10
3.838144265e-06	4.436090226e-06	10
3.838144265e-06	4.436090226e-06	10
3.838144265e-06	4.436090226e-06	10
3.838144265e-06	4.436090226e-06	10
3.838144265e-06	4.436090226e-06	0
3.856941257e-06	4.436090226e-06	0
3.87573825e-06	4.436090226e-06	0
3.894535242e-06	4.436090226e-06	0
3.913332235e-06	4.436090226e-06	0
3.913332235e-06	4.436090226e-06	10
3.913332235e-06	4.436090226e-06	10
3.913332235e-06	4.436090226e-06	10
3.913332235e-06	4.436090226e-06	10
3.913332235e-06	4.436090226e-06	10
3.913332235e-06	4.436090226e-06	10
3.913332235e-06	4.436090226e-06	10
3.913332235e-06	4.436090226e-06	10
3.913332235e-06	4.436090226e-06	10
3.913332235e-06	4.436090226e-06	10
3.913332235e-06	4.436090226e-06	10
3.913332235e-06	4.436090226e-06	10
3.913332235e-06	4.436090226e-06	10
3.913332235e-06	4.436090226e-06	10
3.913332235e-06	4.436090226e-06	10
3.913332235e-06	4.436090226e-06	10
3.913332235e-06	4.436090226e-06	10
3.913332235e-06	4.436090226e-06	10
3.913332235e-06	4.436090226e-06	10
3.913332235e-06	4.436090226e-06	10
3.913332235e-06	4.436090226e-06	10
3.913332235e-06	4.436090226e-06	10
3.913332235e-06	4.436090226e-06	10
3.913332235e-06	4.436090226e-06	10
3.913332235e-06	4.436090226e-06	10
3.913332235e-06	4.436090226e-06	0
3.932129227e-06	4.436090226e-06	0
3.95092622e-06	4.436090226e-06	0
3.969723212e-06	4.436090226e-06	0
3.988520205e-06	4.436090226e-06	0
3.988520205e-06	4.436090226e-06	10
3.988520205e-06	4.436090226e-06	10
3.988520205e-06	4.436090226e-06	10
3.988520205e-06	4.436090226e-06	10
3.988520205e-06	4.436090226e-06	10
3.988520205e-06	4.436090226e-06	10
3.988520205e-06	4.436090226e-06	10
3.988520205e-06	4.436090226e-06	10
3.988520205e-06	4.436090226e-06	10
3.988520205e-06	4.436090226e-06	10
3.988520205e-06	4.436090226e-06	10
3.988520205e-06	4.436090226e-06	10
3.988520205e-06	4.436090226e-06	10
3.988520205e-06	4.436090226e-06	10
3.988520205e-06	4.436090226e-06	10
3.988520205e-06	4.436090226e-06	10
3.988520205e-06	4.436090226e-06	10
3.988520205e-06	4.436090226e-06	10
3.988520205e-06	4.436090226e-06	10
3.988520205e-06	4.436090226e-06	10
3.988520205e-06	4.436090226e-06	10
3.988520205e-06	4.436090226e-06	10
3.988520205e-06	4.436090226e-06	10
3.988520205e-06	4.436090226e-06	10
3.988520205e-06	4.436090226e-06	10
3.988520205e-06	4.436090226e-06	0
4.007317197e-06	4.436090226e-06	0
4.02611419e-06	4.436090226e-06	0
4.044911182e-06	4.436090226e-06	0
4.063708175e-06	4.436090226e-06	0
4.063708175e-06	4.436090226e-06	10
4.063708175e-06	4.436090226e-06	10
4.063708175e-06	4.436090226e-06	10
4.063708175e-06	4.436090226e-06	10
4.063708175e-06	4.436090226e-06	10
4.063708175e-06	4.436090226e-06	10
4.063708175e-06	4.436090226e-06	10
4.063708175e-06	4.436090226e-06	10
4.063708175e-06	4.436090226e-06	10
4.063708175e-06	4.436090226e-06	10
4.063708175e-06	4.436090226e-06	10
4.063708175e-06	4.436090226e-06	10
4.063708175e-06	4.436090226e-06	10
4.063708175e-06	4.436090226e-06	10
4.063708175e-06	4.436090226e-06	10
4.063708175e-06	4.436090226e-06	10
4.063708175e-06	4.436090226e-06	10
4.063708175e-06	4.436090226e-06	10
4.063708175e-06	4.436090226e-06	10
4.063708175e-06	4.436090226e-06	10
4.063708175e-06	4.436090226e-06	10
4.063708175e-06	4.436090226e-06	10
4.063708175e-06	4.436090226e-06	10
4.063708175e-06	4.436090226e-06	10
4.063708175e-06	4.436090226e-06	10
4.063708175e-06	4.436090226e-06	0
4.063708175e-06	4.454887218e-06	0
4.063708175e-06	4.473684211e-06	0
4.063708175e-06	4.492481203e-06	0
4.063708175e-06	4.511278195e-06	0
4.063708175e-06	4.511278195e-06	10
4.063708175e-06	4.511278195e-06	10
4.063708175e-06	4.511278195e-06	10
4.063708175e-06	4.511278195e-06	10
4.063708175e-06	4.511278195e-06	10
4.063708175e-06	4.511278195e-06	10
4.063708175e-06	4.511278195e-06	10
4.063708175e-06	4.511278195e-06	10
4.063708175e-06	4.511278195e-06	10
4.063708175e-06	4.511278195e-06	10
4.063708175e-06	4.511278195e-06	10
4.063708175e-06	4.511278195e-06	10
4.063708175e-06	4.511278195e-06	10
4.063708175e-06	4.511278195e-06	10
4.063708175e-06	4.511278195e-06	10
4.063708175e-06	4.511278195e-06	10
4.063708175e-06	4.511278195e-06	10
4.063708175e-06	4.511278195e-06	10
4.063708175e-06	4.511278195e-06	10
4.063708175e-06	4.511278195e-06	10
4.063708175e-06	4.511278195e-06	10
4.063708175e-06	4.511278195e-06	10
4.063708175e-06	4.511278195e-06	10
4.063708175e-06	4.511278195e-06	10
4.063708175e-06	4.511278195e-06	10
4.063708175e-06	4.511278195e-06	0
4.044911182e-06	4.511278195e-06	0
4.02611419e-06	4.511278195e-06	0
4.007317197e-06	4.511278195e-06	0
3.988520205e-06	4.511278195e-06	0
3.988520205e-06	4.511278195e-06	10
3.988520205e-06	4.511278195e-06	10
3.988520205e-06	4.511278195e-06	10
3.988520205e-06	4.511278195e-06	10
3.988520205e-06	4.511278195e-06	10
3.988520205e-06	4.511278195e-06	10
3.988520205e-06	4.511278195e-06	10
3.988520205e-06	4.511278195e-06	10
3.988520205e-06	4.511278195e-06	10
3.988520205e-06	4.511278195e-06	10
3.988520205e-06	4.511278195e-06	10
3.988520205e-06	4.511278195e-06	10
3.988520205e-06	4.511278195e-06	10
3.988520205e-06	4.511278195e-06	10
3.988520205e-06	4.511278195e-06	10
3.988520205e-06	4.511278195e-06	10
3.988520205e-06	4.511278195e-06	10
3.988520205e-06	4.511278195e-06	10
3.988520205e-06	4.511278195e-06	10
3.988520205e-06	4.511278195e-06	10
3.988520205e-06	4.511278195e-06	10
3.988520205e-06	4.511278195e-06	10
3.988520205e-06	4.511278195e-06	10
3.988520205e-06	4.511278195e-06	10
3.988520205e-06	4.511278195e-06	10
3.988520205e-06	4.511278195e-06	0
3.969723212e-06	4.511278195e-06	0
3.95092622e-06	4.511278195e-06	0
3.932129227e-06	4.511278195e-06	0
3.913332235e-06	4.511278195e-06	0
3.913332235e-06	4.511278195e-06	10
3.913332235e-06	4.511278195e-06	10
3.913332235e-06	4.511278195e-06	10
3.913332235e-06	4.511278195e-06	10
3.913332235e-06	4.511278195e-06	10
3.913332235e-06	4.511278195e-06	10
3.913332235e-06	4.511278195e-06	10
3.913332235e-06	4.511278195e-06	10
3.913332235e-06	4.511278195e-06	10
3.913332235e-06	4.511278195e-06	10
3.913332235e-06	4.511278195e-06	10
3.913332235e-06	4.511278195e-06	10
3.913332235e-06	4.511278195e-06	10
3.913332235e-06	4.511278195e-06	10
3.913332235e-06	4.511278195e-06	10
3.913332235e-06	4.511278195e-06	10
3.913332235e-06	4.511278195e-06	10
3.913332235e-06	4.511278195e-06	10
3.913332235e-06	4.511278195e-06	10
3.913332235e-06	4.511278195e-06	10
3.913332235e-06	4.511278195e-06	10
3.913332235e-06	4.511278195e-06	10
3.913332235e-06	4.511278195e-06	10
3.913332235e-06	4.511278195e-06	10
3.913332235e-06	4.511278195e-06	10
3.913332235e-06	4.511278195e-06	0
3.894535242e-06	4.511278195e-06	0
3.87573825e-06	4.511278195e-06	0
3.856941257e-06	4.511278195e-06	0
3.838144265e-06	4.511278195e-06	0
3.838144265e-06	4.511278195e-06	10
3.838144265e-06	4.511278195e-06	10
3.838144265e-06	4.511278195e-06	10
3.838144265e-06	4.511278195e-06	10
3.838144265e-06	4.511278195e-06	10
3.838144265e-06	4.511278195e-06	10
3.838144265e-06	4.511278195e-06	10
3.838144265e-06	4.511278195e-06	10
3.838144265e-06	4.511278195e-06	10
3.838144265e-06	4.511278195e-06	10
3.838144265e-06	4.511278195e-06	10
3.838144265e-06	4.511278195e-06	10
3.838144265e-06	4.511278195e-06	10
3.838144265e-06	4.511278195e-06	10
3.838144265e-06	4.511278195e-06	10
3.838144265e-06	4.511278195e-06	10
3.838144265e-06	4.511278195e-06	10
3.838144265e-06	4.511278195e-06	10
3.838144265e-06	4.511278195e-06	10
3.838144265e-06	4.511278195e-06	10
3.838144265e-06	4.511278195e-06	10
3.838144265e-06	4.511278195e-06	10
3.838144265e-06	4.511278195e-06	10
3.838144265e-06	4.511278195e-06	10
3.838144265e-06	4.511278195e-06	10
3.838144265e-06	4.511278195e-06	0
3.819347272e-06	4.511278195e-06	0
3.80055028e-06	4.511278195e-06	0
3.781753288e-06	4.511278195e-06	0
3.762956295e-06	4.511278195e-06	0
3.762956295e-06	4.511278195e-06	10
3.762956295e-06	4.511278195e-06	10
3.762956295e-06	4.511278195e-06	10
3.762956295e-06	4.511278195e-06	10
3.762956295e-06	4.511278195e-06	10
3.762956295e-06	4.511278195e-06	10
3.762956295e-06	4.511278195e-06	10
3.762956295e-06	4.511278195e-06	10
3.762956295e-06	4.511278195e-06	10
3.762956295e-06	4.511278195e-06	10
3.762956295e-06	4.511278195e-06	10
3.762956295e-06	4.511278195e-06	10
3.762956295e-06	4.511278195e-06	10
3.762956295e-06	4.511278195e-06	10
3.762956295e-06	4.511278195e-06	10
3.762956295e-06	4.511278195e-06	10
3.762956295e-06	4.511278195e-06	10
3.762956295e-06	4.511278195e-06	10
3.762956295e-06	4.511278195e-06	10
3.762956295e-06	4.511278195e-06	10
3.762956295e-06	4.511278195e-06	10
3.762956295e-06	4.511278195e-06	10
3.762956295e-06	4.511278195e-06	10
3.762956295e-06	4.511278195e-06	10
3.762956295e-06	4.511278195e-06	10
3.762956295e-06	4.511278195e-06	0
3.744159303e-06	4.511278195e-06	0
3.72536231e-06	4.511278195e-06	0
3.706565318e-06	4.511278195e-06	0
3.687768325e-06	4.511278195e-06	0
3.687768325e-06	4.511278195e-06	10
3.687768325e-06	4.511278195e-06	10
3.687768325e-06	4.511278195e-06	10
3.687768325e-06	4.511278195e-06	10
3.687768325e-06	4.511278195e-06	10
3.687768325e-06	4.511278195e-06	10
3.687768325e-06	4.511278195e-06	10
3.687768325e-06	4.511278195e-06	10
3.687768325e-06	4.511278195e-06	10
3.687768325e-06	4.511278195e-06	10
3.687768325e-06	4.511278195e-06	10
3.687768325e-06	4.511278195e-06	10
3.687768325e-06	4.511278195e-06	10
3.687768325e-06	4.511278195e-06	10
3.687768325e-06	4.511278195e-06	10
3.687768325e-06	4.511278195e-06	10
3.687768325e-06	4.511278195e-06	10
3.687768325e-06	4.511278195e-06	10
3.687768325e-06	4.511278195e-06	10
3.687768325e-06	4.511278195e-06	10
3.687768325e-06	4.511278195e-06	10
3.687768325e-06	4.511278195e-06	10
3.687768325e-06	4.511278195e-06	10
3.687768325e-06	4.511278195e-06	10
3.687768325e-06	4.511278195e-06	10
3.687768325e-06	4.511278195e-06	0
3.668971333e-06	4.511278195e-06	0
3.65017434e-06	4.511278195e-06	0
3.631377348e-06	4.511278195e-06	0
3.612580355e-06	4.511278195e-06	0
3.612580355e-06	4.511278195e-06	10
3.612580355e-06	4.511278195e-06	10
3.612580355e-06	4.511278195e-06	10
3.612580355e-06	4.511278195e-06	10
3.612580355e-06	4.511278195e-06	10
3.612580355e-06	4.511278195e-06	10
3.612580355e-06	4.511278195e-06	10
3.612580355e-06	4.511278195e-06	10
3.612580355e-06	4.511278195e-06	10
3.612580355e-06	4.511278195e-06	10
3.612580355e-06	4.511278195e-06	10
3.612580355e-06	4.511278195e-06	10
3.612580355e-06	4.511278195e-06	10
3.612580355e-06	4.511278195e-06	10
3.612580355e-06	4.511278195e-06	10
3.612580355e-06	4.511278195e-06	10
3.612580355e-06	4.511278195e-06	10
3.612580355e-06	4.511278195e-06	10
3.612580355e-06	4.511278195e-06	10
3.612580355e-06	4.511278195e-06	10
3.612580355e-06	4.511278195e-06	10
3.612580355e-06	4.511278195e-06	10
3.612580355e-06	4.511278195e-06	10
3.612580355e-06	4.511278195e-06	10
3.612580355e-06	4.511278195e-06	10
3.612580355e-06	4.511278195e-06	0
3.593783363e-06	4.511278195e-06	0
3.57498637e-06	4.511278195e-06	0
3.556189378e-06	4.511278195e-06	0
3.537392385e-06	4.511278195e-06	0
3.537392385e-06	4.511278195e-06	10
3.537392385e-06	4.511278195e-06	10
3.537392385e-06	4.511278195e-06	10
3.537392385e-06	4.511278195e-06	10
3.537392385e-06	4.511278195e-06	10
3.537392385e-06	4.511278195e-06	10
3.537392385e-06	4.511278195e-06	10
3.537392385e-06	4.511278195e-06	10
3.537392385e-06	4.511278195e-06	10
3.537392385e-06	4.511278195e-06	10
3.537392385e-06	4.511278195e-06	10
3.537392385e-06	4.511278195e-06	10
3.537392385e-06	4.511278195e-06	10
3.537392385e-06	4.511278195e-06	10
3.537392385e-06	4.511278195e-06	10
3.537392385e-06	4.511278195e-06	10
3.537392385e-06	4.511278195e-06	10
3.537392385e-06	4.511278195e-06	10
3.537392385e-06	4.511278195e-06	10
3.537392385e-06	4.511278195e-06	10
3.537392385e-06	4.511278195e-06	10
3.537392385e-06	4.511278195e-06	10
3.537392385e-06	4.511278195e-06	10
3.537392385e-06	4.511278195e-06	10
3.537392385e-06	4.511278195e-06	10
3.537392385e-06	4.511278195e-06	0
3.518595393e-06	4.511278195e-06	0
3.4997984e-06	4.511278195e-06	0
3.481001408e-06	4.511278195e-06	0
3.462204415e-06	4.511278195e-06	0
3.462204415e-06	4.511278195e-06	10
3.462204415e-06	4.511278195e-06	10
3.462204415e-06	4.511278195e-06	10
3.462204415e-06	4.511278195e-06	10
3.462204415e-06	4.511278195e-06	10
3.462204415e-06	4.511278195e-06	10
3.462204415e-06	4.511278195e-06	10
3.462204415e-06	4.511278195e-06	10
3.462204415e-06	4.511278195e-06	10
3.462204415e-06	4.511278195e-06	10
3.462204415e-06	4.511278195e-06	10
3.462204415e-06	4.511278195e-06	10
3.462204415e-06	4.511278195e-06	10
3.462204415e-06	4.511278195e-06	10
3.462204415e-06	4.511278195e-06	10
3.462204415e-06	4.511278195e-06	10
3.462204415e-06	4.511278195e-06	10
3.462204415e-06	4.511278195e-06	10
3.462204415e-06	4.511278195e-06	10
3.462204415e-06	4.511278195e-06	10
3.462204415e-06	4.511278195e-06	10
3.462204415e-06	4.511278195e-06	10
3.462204415e-06	4.511278195e-06	10
3.462204415e-06	4.511278195e-06	10
3.462204415e-06	4.511278195e-06	10
3.462204415e-06	4.511278195e-06	0
3.443407423e-06	4.511278195e-06	0
3.42461043e-06	4.511278195e-06	0
3.405813438e-06	4.511278195e-06	0
3.387016445e-06	4.511278195e-06	0
3.387016445e-06	4.511278195e-06	10
3.387016445e-06	4.511278195e-06	10
3.387016445e-06	4.511278195e-06	10
3.387016445e-06	4.511278195e-06	10
3.387016445e-06	4.511278195e-06	10
3.387016445e-06	4.511278195e-06	10
3.387016445e-06	4.511278195e-06	10
3.387016445e-06	4.511278195e-06	10
3.387016445e-06	4.511278195e-06	10
3.387016445e-06	4.511278195e-06	10
3.387016445e-06	4.511278195e-06	10
3.387016445e-06	4.511278195e-06	10
3.387016445e-06	4.511278195e-06	10
3.387016445e-06	4.511278195e-06	10
3.387016445e-06	4.511278195e-06	10
3.387016445e-06	4.511278195e-06	10
3.387016445e-06	4.511278195e-06	10
3.387016445e-06	4.511278195e-06	10
3.387016445e-06	4.511278195e-06	10
3.387016445e-06	4.511278195e-06	10
3.387016445e-06	4.511278195e-06	10
3.387016445e-06	4.511278195e-06	10
3.387016445e-06	4.511278195e-06	10
3.387016445e-06	4.511278195e-06	10
3.387016445e-06	4.511278195e-06	10
3.387016445e-06	4.511278195e-06	0
3.368219453e-06	4.511278195e-06	0
3.34942246e-06	4.511278195e-06	0
3.330625468e-06	4.511278195e-06	0
3.311828475e-06	4.511278195e-06	0
3.311828475e-06	4.511278195e-06	10
3.311828475e-06	4.511278195e-06	10
3.311828475e-06	4.511278195e-06	10
3.311828475e-06	4.511278195e-06	10
3.311828475e-06	4.511278195e-06	10
3.311828475e-06	4.511278195e-06	10
3.311828475e-06	4.511278195e-06	10
3.311828475e-06	4.511278195e-06	10
3.311828475e-06	4.511278195e-06	10
3.311828475e-06	4.511278195e-06	10
3.311828475e-06	4.511278195e-06	10
3.311828475e-06	4.511278195e-06	10
3.311828475e-06	4.511278195e-06	10
3.311828475e-06	4.511278195e-06	10
3.311828475e-06	4.511278195e-06	10
3.311828475e-06	4.511278195e-06	10
3.311828475e-06	4.511278195e-06	10
3.311828475e-06	4.511278195e-06	10
3.311828475e-06	4.511278195e-06	10
3.311828475e-06	4.511278195e-06	10
3.311828475e-06	4.511278195e-06	10
3.311828475e-06	4.511278195e-06	10
3.311828475e-06	4.511278195e-06	10
3.311828475e-06	4.511278195e-06	10
3.311828475e-06	4.511278195e-06	10
3.311828475e-06	4.511278195e-06	0
3.293031483e-06	4.511278195e-06	0
3.274234491e-06	4.511278195e-06	0
3.255437498e-06	4.511278195e-06	0
3.236640506e-06	4.511278195e-06	0
3.236640506e-06	4.511278195e-06	10
3.236640506e-06	4.511278195e-06	10
3.236640506e-06	4.511278195e-06	10
3.236640506e-06	4.511278195e-06	10
3.236640506e-06	4.511278195e-06	10
3.236640506e-06	4.511278195e-06	10
3.236640506e-06	4.511278195e-06	10
3.236640506e-06	4.511278195e-06	10
3.236640506e-06	4.511278195e-06	10
3.236640506e-06	4.511278195e-06	10
3.236640506e-06	4.511278195e-06	10
3.236640506e-06	4.511278195e-06	10
3.236640506e-06	4.511278195e-06	10
3.236640506e-06	4.511278195e-06	10
3.236640506e-06	4.511278195e-06	10
3.236640506e-06	4.511278195e-06	10
3.236640506e-06	4.511278195e-06	10
3.236640506e-06	4.511278195e-06	10
3.236640506e-06	4.511278195e-06	10
3.236640506e-06	4.511278195e-06	10
3.236640506e-06	4.511278195e-06	10
3.236640506e-06	4.511278195e-06	10
3.236640506e-06	4.511278195e-06	10
3.236640506e-06	4.511278195e-06	10
3.236640506e-06	4.511278195e-06	10
3.236640506e-06	4.511278195e-06	0
3.217843513e-06	4.511278195e-06	0
3.199046521e-06	4.511278195e-06	0
3.180249528e-06	4.511278195e-06	0
3.161452536e-06	4.511278195e-06	0
3.161452536e-06	4.511278195e-06	10
3.161452536e-06	4.511278195e-06	10
3.161452536e-06	4.511278195e-06	10
3.161452536e-06	4.511278195e-06	10
3.161452536e-06	4.511278195e-06	10
3.161452536e-06	4.511278195e-06	10
3.161452536e-06	4.511278195e-06	10
3.161452536e-06	4.511278195e-06	10
3.161452536e-06	4.511278195e-06	10
3.161452536e-06	4.511278195e-06	10
3.161452536e-06	4.511278195e-06	10
3.161452536e-06	4.511278195e-06	10
3.161452536e-06	4.511278195e-06	10
3.161452536e-06	4.511278195e-06	10
3.161452536e-06	4.511278195e-06	10
3.161452536e-06	4.511278195e-06	10
3.161452536e-06	4.511278195e-06	10
3.161452536e-06	4.511278195e-06	10
3.161452536e-06	4.511278195e-06	10
3.161452536e-06	4.511278195e-06	10
3.161452536e-06	4.511278195e-06	10
3.161452536e-06	4.511278195e-06	10
3.161452536e-06	4.511278195e-06	10
3.161452536e-06	4.511278195e-06	10
3.161452536e-06	4.511278195e-06	10
3.161452536e-06	4.511278195e-06	0
3.142655543e-06	4.511278195e-06	0
3.123858551e-06	4.511278195e-06	0
3.105061558e-06	4.511278195e-06	0
3.086264566e-06	4.511278195e-06	0
3.086264566e-06	4.511278195e-06	10
3.086264566e-06	4.511278195e-06	10
3.086264566e-06	4.511278195e-06	10
3.086264566e-06	4.511278195e-06	10
3.086264566e-06	4.511278195e-06	10
3.086264566e-06	4.511278195e-06	10
3.086264566e-06	4.511278195e-06	10
3.086264566e-06	4.511278195e-06	10
3.086264566e-06	4.511278195e-06	10
3.086264566e-06	4.511278195e-06	10
3.086264566e-06	4.511278195e-06	10
3.086264566e-06	4.511278195e-06	10
3.086264566e-06	4.511278195e-06	10
3.086264566e-06	4.511278195e-06	10
3.086264566e-06	4.511278195e-06	10
3.086264566e-06	4.511278195e-06	10
3.086264566e-06	4.511278195e-06	10
3.086264566e-06	4.511278195e-06	10
3.086264566e-06	4.511278195e-06	10
3.086264566e-06	4.511278195e-06	10
3.086264566e-06	4.511278195e-06	10
3.086264566e-06	4.511278195e-06	10
3.086264566e-06	4.511278195e-06	10
3.086264566e-06	4.511278195e-06	10
3.086264566e-06	4.511278195e-06	10
3.086264566e-06	4.511278195e-06	0
3.067467573e-06	4.511278195e-06	0
3.048670581e-06	4.511278195e-06	0
3.029873588e-06	4.511278195e-06	0
3.011076596e-06	4.511278195e-06	0
3.011076596e-06	4.511278195e-06	10
3.011076596e-06	4.511278195e-06	10
3.011076596e-06	4.511278195e-06	10
3.011076596e-06	4.511278195e-06	10
3.011076596e-06	4.511278195e-06	10
3.011076596e-06	4.511278195e-06	10
3.011076596e-06	4.511278195e-06	10
3.011076596e-06	4.511278195e-06	10
3.011076596e-06	4.511278195e-06	10
3.011076596e-06	4.511278195e-06	10
3.011076596e-06	4.511278195e-06	10
3.011076596e-06	4.511278195e-06	10
3.011076596e-06	4.511278195e-06	10
3.011076596e-06	4.511278195e-06	10
3.011076596e-06	4.511278195e-06	10
3.011076596e-06	4.511278195e-06	10
3.011076596e-06	4.511278195e-06	10
3.011076596e-06	4.511278195e-06	10
3.011076596e-06	4.511278195e-06	10
3.011076596e-06	4.511278195e-06	10
3.011076596e-06	4.511278195e-06	10
3.011076596e-06	4.511278195e-06	10
3.011076596e-06	4.511278195e-06	10
3.011076596e-06	4.511278195e-06	10
3.011076596e-06	4.511278195e-06	10
3.011076596e-06	4.511278195e-06	0
2.992279603e-06	4.511278195e-06	0
2.973482611e-06	4.511278195e-06	0
2.954685618e-06	4.511278195e-06	0
2.935888626e-06	4.511278195e-06	0
2.935888626e-06	4.511278195e-06	10
2.935888626e-06	4.511278195e-06	10
2.935888626e-06	4.511278195e-06	10
2.935888626e-06	4.511278195e-06	10
2.935888626e-06	4.511278195e-06	10
2.935888626e-06	4.511278195e-06	10
2.935888626e-06	4.511278195e-06	10
2.935888626e-06	4.511278195e-06	10
2.935888626e-06	4.511278195e-06	10
2.935888626e-06	4.511278195e-06	10
2.935888626e-06	4.511278195e-06	10
2.935888626e-06	4.511278195e-06	10
2.935888626e-06	4.511278195e-06	10
2.935888626e-06	4.511278195e-06	10
2.935888626e-06	4.511278195e-06	10
2.935888626e-06	4.511278195e-06	10
2.935888626e-06	4.511278195e-06	10
2.935888626e-06	4.511278195e-06	10
2.935888626e-06	4.511278195e-06	10
2.935888626e-06	4.511278195e-06	10
2.935888626e-06	4.511278195e-06	10
2.935888626e-06	4.511278195e-06	10
2.935888626e-06	4.511278195e-06	10
2.935888626e-06	4.511278195e-06	10
2.935888626e-06	4.511278195e-06	10
2.935888626e-06	4.511278195e-06	0
2.917091633e-06	4.511278195e-06	0
2.898294641e-06	4.511278195e-06	0
2.879497648e-06	4.511278195e-06	0
2.860700656e-06	4.511278195e-06	0
2.860700656e-06	4.511278195e-06	10
2.860700656e-06	4.511278195e-06	10
2.860700656e-06	4.511278195e-06	10
2.860700656e-06	4.511278195e-06	10
2.860700656e-06	4.511278195e-06	10
2.860700656e-06	4.511278195e-06	10
2.860700656e-06	4.511278195e-06	10
2.860700656e-06	4.511278195e-06	10
2.860700656e-06	4.511278195e-06	10
2.860700656e-06	4.511278195e-06	10
2.860700656e-06	4.511278195e-06	10
2.860700656e-06	4.511278195e-06	10
2.860700656e-06	4.511278195e-06	10
2.860700656e-06	4.511278195e-06	10
2.860700656e-06	4.511278195e-06	10
2.860700656e-06	4.511278195e-06	10
2.860700656e-06	4.511278195e-06	10
2.860700656e-06	4.511278195e-06	10
2.860700656e-06	4.511278195e-06	10
2.860700656e-06	4.511278195e-06	10
2.860700656e-06	4.511278195e-06	10
2.860700656e-06	4.511278195e-06	10
2.860700656e-06	4.511278195e-06	10
2.860700656e-06	4.511278195e-06	10
2.860700656e-06	4.511278195e-06	10
2.860700656e-06	4.511278195e-06	0
2.841903663e-06	4.511278195e-06	0
2.823106671e-06	4.511278195e-06	0
2.804309678e-06	4.511278195e-06	0
2.785512686e-06	4.511278195e-06	0
2.785512686e-06	4.511278195e-06	10
2.785512686e-06	4.511278195e-06	10
2.785512686e-06	4.511278195e-06	10
2.785512686e-06	4.511278195e-06	10
2.785512686e-06	4.511278195e-06	10
2.785512686e-06	4.511278195e-06	10
2.785512686e-06	4.511278195e-06	10
2.785512686e-06	4.511278195e-06	10
2.785512686e-06	4.511278195e-06	10
2.785512686e-06	4.511278195e-06	10
2.785512686e-06	4.511278195e-06	10
2.785512686e-06	4.511278195e-06	10
2.785512686e-06	4.511278195e-06	10
2.785512686e-06	4.511278195e-06	10
2.785512686e-06	4.511278195e-06	10
2.785512686e-06	4.511278195e-06	10
2.785512686e-06	4.511278195e-06	10
2.785512686e-06	4.511278195e-06	10
2.785512686e-06	4.511278195e-06	10
2.785512686e-06	4.511278195e-06	10
2.785512686e-06	4.511278195e-06	10
2.785512686e-06	4.511278195e-06	10
2.785512686e-06	4.511278195e-06	10
2.785512686e-06	4.511278195e-06	10
2.785512686e-06	4.511278195e-06	10
2.785512686e-06	4.511278195e-06	0
2.766715694e-06	4.511278195e-06	0
2.747918701e-06	4.511278195e-06	0
2.729121709e-06	4.511278195e-06	0
2.710324716e-06	4.511278195e-06	0
2.710324716e-06	4.511278195e-06	10
2.710324716e-06	4.511278195e-06	10
2.710324716e-06	4.511278195e-06	10
2.710324716e-06	4.511278195e-06	10
2.710324716e-06	4.511278195e-06	10
2.710324716e-06	4.511278195e-06	10
2.710324716e-06	4.511278195e-06	10
2.710324716e-06	4.511278195e-06	10
2.710324716e-06	4.511278195e-06	10
2.710324716e-06	4.511278195e-06	10
2.710324716e-06	4.511278195e-06	10
2.710324716e-06	4.511278195e-06	10
2.710324716e-06	4.511278195e-06	10
2.710324716e-06	4.511278195e-06	10
2.710324716e-06	4.511278195e-06	10
2.710324716e-06	4.511278195e-06	10
2.710324716e-06	4.511278195e-06	10
2.710324716e-06	4.511278195e-06	10
2.710324716e-06	4.511278195e-06	10
2.710324716e-06	4.511278195e-06	10
2.710324716e-06	4.511278195e-06	10
2.710324716e-06	4.511278195e-06	10
2.710324716e-06	4.511278195e-06	10
2.710324716e-06	4.511278195e-06	10
2.710324716e-06	4.511278195e-06	10
2.710324716e-06	4.511278195e-06	0
2.691527724e-06	4.511278195e-06	0
2.672730731e-06	4.511278195e-06	0
2.653933739e-06	4.511278195e-06	0
2.635136746e-06	4.511278195e-06	0
2.635136746e-06	4.511278195e-06	10
2.635136746e-06	4.511278195e-06	10
2.635136746e-06	4.511278195e-06	10
2.635136746e-06	4.511278195e-06	10
2.635136746e-06	4.511278195e-06	10
2.635136746e-06	4.511278195e-06	10
2.635136746e-06	4.511278195e-06	10
2.635136746e-06	4.511278195e-06	10
2.635136746e-06	4.511278195e-06	10
2.635136746e-06	4.511278195e-06	10
2.635136746e-06	4.511278195e-06	10
2.635136746e-06	4.511278195e-06	10
2.635136746e-06	4.511278195e-06	10
2.635136746e-06	4.511278195e-06	10
2.635136746e-06	4.511278195e-06	10
2.635136746e-06	4.511278195e-06	10
2.635136746e-06	4.511278195e-06	10
2.635136746e-06	4.511278195e-06	10
2.635136746e-06	4.511278195e-06	10
2.635136746e-06	4.511278195e-06	10
2.635136746e-06	4.511278195e-06	10
2.635136746e-06	4.511278195e-06	10
2.635136746e-06	4.511278195e-06	10
2.635136746e-06	4.511278195e-06	10
2.635136746e-06	4.511278195e-06	10
2.635136746e-06	4.511278195e-06	0
2.616339754e-06	4.511278195e-06	0
2.597542761e-06	4.511278195e-06	0
2.578745769e-06	4.511278195e-06	0
2.559948776e-06	4.511278195e-06	0
2.559948776e-06	4.511278195e-06	10
2.559948776e-06	4.511278195e-06	10
2.559948776e-06	4.511278195e-06	10
2.559948776e-06	4.511278195e-06	10
2.559948776e-06	4.511278195e-06	10
2.559948776e-06	4.511278195e-06	10
2.559948776e-06	4.511278195e-06	10
2.559948776e-06	4.511278195e-06	10
2.559948776e-06	4.511278195e-06	10
2.559948776e-06	4.511278195e-06	10
2.559948776e-06	4.511278195e-06	10
2.559948776e-06	4.511278195e-06	10
2.559948776e-06	4.511278195e-06	10
2.559948776e-06	4.511278195e-06	10
2.559948776e-06	4.511278195e-06	10
2.559948776e-06	4.511278195e-06	10
2.559948776e-06	4.511278195e-06	10
2.559948776e-06	4.511278195e-06	10
2.559948776e-06	4.511278195e-06	10
2.559948776e-06	4.511278195e-06	10
2.559948776e-06	4.511278195e-06	10
2.559948776e-06	4.511278195e-06	10
2.559948776e-06	4.511278195e-06	10
2.559948776e-06	4.511278195e-06	10
2.559948776e-06	4.511278195e-06	10
2.559948776e-06	4.511278195e-06	0
2.541151784e-06	4.511278195e-06	0
2.522354791e-06	4.511278195e-06	0
2.503557799e-06	4.511278195e-06	0
2.484760806e-06	4.511278195e-06	0
2.484760806e-06	4.511278195e-06	10
2.484760806e-06	4.511278195e-06	10
2.484760806e-06	4.511278195e-06	10
2.484760806e-06	4.511278195e-06	10
2.484760806e-06	4.511278195e-06	10
2.484760806e-06	4.511278195e-06	10
2.484760806e-06	4.511278195e-06	10
2.484760806e-06	4.511278195e-06	10
2.484760806e-06	4.511278195e-06	10
2.484760806e-06	4.511278195e-06	10
2.484760806e-06	4.511278195e-06	10
2.484760806e-06	4.511278195e-06	10
2.484760806e-06	4.511278195e-06	10
2.484760806e-06	4.511278195e-06	10
2.484760806e-06	4.511278195e-06	10
2.484760806e-06	4.511278195e-06	10
2.484760806e-06	4.511278195e-06	10
2.484760806e-06	4.511278195e-06	10
2.484760806e-06	4.511278195e-06	10
2.484760806e-06	4.511278195e-06	10
2.484760806e-06	4.511278195e-06	10
2.484760806e-06	4.511278195e-06	10
2.484760806e-06	4.511278195e-06	10
2.484760806e-06	4.511278195e-06	10
2.484760806e-06	4.511278195e-06	10
2.484760806e-06	4.511278195e-06	0
2.465963814e-06	4.511278195e-06	0
2.447166821e-06	4.511278195e-06	0
2.428369829e-06	4.511278195e-06	0
2.409572836e-06	4.511278195e-06	0
2.409572836e-06	4.511278195e-06	10
2.409572836e-06	4.511278195e-06	10
2.409572836e-06	4.511278195e-06	10
2.409572836e-06	4.511278195e-06	10
2.409572836e-06	4.511278195e-06	10
2.409572836e-06	4.511278195e-06	10
2.409572836e-06	4.511278195e-06	10
2.409572836e-06	4.511278195e-06	10
2.409572836e-06	4.511278195e-06	10
2.409572836e-06	4.511278195e-06	10
2.409572836e-06	4.511278195e-06	10
2.409572836e-06	4.511278195e-06	10
2.409572836e-06	4.511278195e-06	10
2.409572836e-06	4.511278195e-06	10
2.409572836e-06	4.511278195e-06	10
2.409572836e-06	4.511278195e-06	10
2.409572836e-06	4.511278195e-06	10
2.409572836e-06	4.511278195e-06	10
2.409572836e-06	4.511278195e-06	10
2.409572836e-06	4.511278195e-06	10
2.409572836e-06	4.511278195e-06	10
2.409572836e-06	4.511278195e-06	10
2.409572836e-06	4.511278195e-06	10
2.409572836e-06	4.511278195e-06	10
2.409572836e-06	4.511278195e-06	10
2.409572836e-06	4.511278195e-06	0
2.390775844e-06	4.511278195e-06	0
2.371978851e-06	4.511278195e-06	0
2.353181859e-06	4.511278195e-06	0
2.334384866e-06	4.511278195e-06	0
2.334384866e-06	4.511278195e-06	10
2.334384866e-06	4.511278195e-06	10
2.334384866e-06	4.511278195e-06	10
2.334384866e-06	4.511278195e-06	10
2.334384866e-06	4.511278195e-06	10
2.334384866e-06	4.511278195e-06	10
2.334384866e-06	4.511278195e-06	10
2.334384866e-06	4.511278195e-06	10
2.334384866e-06	4.511278195e-06	10
2.334384866e-06	4.511278195e-06	10
2.334384866e-06	4.511278195e-06	10
2.334384866e-06	4.511278195e-06	10
2.334384866e-06	4.511278195e-06	10
2.334384866e-06	4.511278195e-06	10
2.334384866e-06	4.511278195e-06	10
2.334384866e-06	4.511278195e-06	10
2.334384866e-06	4.511278195e-06	10
2.334384866e-06	4.511278195e-06	10
2.334384866e-06	4.511278195e-06	10
2.334384866e-06	4.511278195e-06	10
2.334384866e-06	4.511278195e-06	10
2.334384866e-06	4.511278195e-06	10
2.334384866e-06	4.511278195e-06	10
2.334384866e-06	4.511278195e-06	10
2.334384866e-06	4.511278195e-06	10
2.334384866e-06	4.511278195e-06	0
2.334384866e-06	4.530075188e-06	0
2.334384866e-06	4.54887218e-06	0
2.334384866e-06	4.567669173e-06	0
2.334384866e-06	4.586466165e-06	0
2.334384866e-06	4.586466165e-06	-10
2.334384866e-06	4.586466165e-06	-10
2.334384866e-06	4.586466165e-06	-10
2.334384866e-06	4.586466165e-06	-10
2.334384866e-06	4.586466165e-06	-10
2.334384866e-06	4.586466165e-06	-10
2.334384866e-06	4.586466165e-06	-10
2.334384866e-06	4.586466165e-06	-10
2.334384866e-06	4.586466165e-06	-10
2.334384866e-06	4.586466165e-06	-10
2.334384866e-06	4.586466165e-06	-10
2.334384866e-06	4.586466165e-06	-10
2.334384866e-06	4.586466165e-06	-10
2.334384866e-06	4.586466165e-06	-10
2.334384866e-06	4.586466165e-06	-10
2.334384866e-06	4.586466165e-06	-10
2.334384866e-06	4.586466165e-06	-10
2.334384866e-06	4.586466165e-06	-10
2.334384866e-06	4.586466165e-06	-10
2.334384866e-06	4.586466165e-06	-10
2.334384866e-06	4.586466165e-06	-10
2.334384866e-06	4.586466165e-06	-10
2.334384866e-06	4.586466165e-06	-10
2.334384866e-06	4.586466165e-06	-10
2.334384866e-06	4.586466165e-06	-10
2.334384866e-06	4.586466165e-06	0
2.353181859e-06	4.586466165e-06	0
2.371978851e-06	4.586466165e-06	0
2.390775844e-06	4.586466165e-06	0
2.409572836e-06	4.586466165e-06	0
2.409572836e-06	4.586466165e-06	-10
2.409572836e-06	4.586466165e-06	-10
2.409572836e-06	4.586466165e-06	-10
2.409572836e-06	4.586466165e-06	-10
2.409572836e-06	4.586466165e-06	-10
2.409572836e-06	4.586466165e-06	-10
2.409572836e-06	4.586466165e-06	-10
2.409572836e-06	4.586466165e-06	-10
2.409572836e-06	4.586466165e-06	-10
2.409572836e-06	4.586466165e-06	-10
2.409572836e-06	4.586466165e-06	-10
2.409572836e-06	4.586466165e-06	-10
2.409572836e-06	4.586466165e-06	-10
2.409572836e-06	4.586466165e-06	-10
2.409572836e-06	4.586466165e-06	-10
2.409572836e-06	4.586466165e-06	-10
2.409572836e-06	4.586466165e-06	-10
2.409572836e-06	4.586466165e-06	-10
2.409572836e-06	4.586466165e-06	-10
2.409572836e-06	4.586466165e-06	-10
2.409572836e-06	4.586466165e-06	-10
2.409572836e-06	4.586466165e-06	-10
2.409572836e-06	4.586466165e-06	-10
2.409572836e-06	4.586466165e-06	-10
2.409572836e-06	4.586466165e-06	-10
2.409572836e-06	4.586466165e-06	0
2.428369829e-06	4.586466165e-06	0
2.447166821e-06	4.586466165e-06	0
2.465963814e-06	4.586466165e-06	0
2.484760806e-06	4.586466165e-06	0
2.484760806e-06	4.586466165e-06	-10
2.484760806e-06	4.586466165e-06	-10
2.484760806e-06	4.586466165e-06	-10
2.484760806e-06	4.586466165e-06	-10
2.484760806e-06	4.586466165e-06	-10
2.484760806e-06	4.586466165e-06	-10
2.484760806e-06	4.586466165e-06	-10
2.484760806e-06	4.586466165e-06	-10
2.484760806e-06	4.586466165e-06	-10
2.484760806e-06	4.586466165e-06	-10
2.484760806e-06	4.586466165e-06	-10
2.484760806e-06	4.586466165e-06	-10
2.484760806e-06	4.586466165e-06	-10
2.484760806e-06	4.586466165e-06	-10
2.484760806e-06	4.586466165e-06	-10
2.484760806e-06	4.586466165e-06	-10
2.484760806e-06	4.586466165e-06	-10
2.484760806e-06	4.586466165e-06	-10
2.484760806e-06	4.586466165e-06	-10
2.484760806e-06	4.586466165e-06	-10
2.484760806e-06	4.586466165e-06	-10
2.484760806e-06	4.586466165e-06	-10
2.484760806e-06	4.586466165e-06	-10
2.484760806e-06	4.586466165e-06	-10
2.484760806e-06	4.586466165e-06	-10
2.484760806e-06	4.586466165e-06	0
2.503557799e-06	4.586466165e-06	0
2.522354791e-06	4.586466165e-06	0
2.541151784e-06	4.586466165e-06	0
2.559948776e-06	4.586466165e-06	0
2.559948776e-06	4.586466165e-06	-10
2.559948776e-06	4.586466165e-06	-10
2.559948776e-06	4.586466165e-06	-10
2.559948776e-06	4.586466165e-06	-10
2.559948776e-06	4.586466165e-06	-10
2.559948776e-06	4.586466165e-06	-10
2.559948776e-06	4.586466165e-06	-10
2.559948776e-06	4.586466165e-06	-10
2.559948776e-06	4.586466165e-06	-10
2.559948776e-06	4.586466165e-06	-10
2.559948776e-06	4.586466165e-06	-10
2.559948776e-06	4.586466165e-06	-10
2.559948776e-06	4.586466165e-06	-10
2.559948776e-06	4.586466165e-06	-10
2.559948776e-06	4.586466165e-06	-10
2.559948776e-06	4.586466165e-06	-10
2.559948776e-06	4.586466165e-06	-10
2.559948776e-06	4.586466165e-06	-10
2.559948776e-06	4.586466165e-06	-10
2.559948776e-06	4.586466165e-06	-10
2.559948776e-06	4.586466165e-06	-10
2.559948776e-06	4.586466165e-06	-10
2.559948776e-06	4.586466165e-06	-10
2.559948776e-06	4.586466165e-06	-10
2.559948776e-06	4.586466165e-06	-10
2.559948776e-06	4.586466165e-06	0
2.578745769e-06	4.586466165e-06	0
2.597542761e-06	4.586466165e-06	0
2.616339754e-06	4.586466165e-06	0
2.635136746e-06	4.586466165e-06	0
2.635136746e-06	4.586466165e-06	-10
2.635136746e-06	4.586466165e-06	-10
2.635136746e-06	4.586466165e-06	-10
2.635136746e-06	4.586466165e-06	-10
2.635136746e-06	4.586466165e-06	-10
2.635136746e-06	4.586466165e-06	-10
2.635136746e-06	4.586466165e-06	-10
2.635136746e-06	4.586466165e-06	-10
2.635136746e-06	4.586466165e-06	-10
2.635136746e-06	4.586466165e-06	-10
2.635136746e-06	4.586466165e-06	-10
2.635136746e-06	4.586466165e-06	-10
2.635136746e-06	4.586466165e-06	-10
2.635136746e-06	4.586466165e-06	-10
2.635136746e-06	4.586466165e-06	-10
2.635136746e-06	4.586466165e-06	-10
2.635136746e-06	4.586466165e-06	-10
2.635136746e-06	4.586466165e-06	-10
2.635136746e-06	4.586466165e-06	-10
2.635136746e-06	4.586466165e-06	-10
2.635136746e-06	4.586466165e-06	-10
2.635136746e-06	4.586466165e-06	-10
2.635136746e-06	4.586466165e-06	-10
2.635136746e-06	4.586466165e-06	-10
2.635136746e-06	4.586466165e-06	-10
2.635136746e-06	4.586466165e-06	0
2.653933739e-06	4.586466165e-06	0
2.672730731e-06	4.586466165e-06	0
2.691527724e-06	4.586466165e-06	0
2.710324716e-06	4.586466165e-06	0
2.710324716e-06	4.586466165e-06	-10
2.710324716e-06	4.586466165e-06	-10
2.710324716e-06	4.586466165e-06	-10
2.710324716e-06	4.586466165e-06	-10
2.710324716e-06	4.586466165e-06	-10
2.710324716e-06	4.586466165e-06	-10
2.710324716e-06	4.586466165e-06	-10
2.710324716e-06	4.586466165e-06	-10
2.710324716e-06	4.586466165e-06	-10
2.710324716e-06	4.586466165e-06	-10
2.710324716e-06	4.586466165e-06	-10
2.710324716e-06	4.586466165e-06	-10
2.710324716e-06	4.586466165e-06	-10
2.710324716e-06	4.586466165e-06	-10
2.710324716e-06	4.586466165e-06	-10
2.710324716e-06	4.586466165e-06	-10
2.710324716e-06	4.586466165e-06	-10
2.710324716e-06	4.586466165e-06	-10
2.710324716e-06	4.586466165e-06	-10
2.710324716e-06	4.586466165e-06	-10
2.710324716e-06	4.586466165e-06	-10
2.710324716e-06	4.586466165e-06	-10
2.710324716e-06	4.586466165e-06	-10
2.710324716e-06	4.586466165e-06	-10
2.710324716e-06	4.586466165e-06	-10
2.710324716e-06	4.586466165e-06	0
2.729121709e-06	4.586466165e-06	0
2.747918701e-06	4.586466165e-06	0
2.766715694e-06	4.586466165e-06	0
2.785512686e-06	4.586466165e-06	0
2.785512686e-06	4.586466165e-06	-10
2.785512686e-06	4.586466165e-06	-10
2.785512686e-06	4.586466165e-06	-10
2.785512686e-06	4.586466165e-06	-10
2.785512686e-06	4.586466165e-06	-10
2.785512686e-06	4.586466165e-06	-10
2.785512686e-06	4.586466165e-06	-10
2.785512686e-06	4.586466165e-06	-10
2.785512686e-06	4.586466165e-06	-10
2.785512686e-06	4.586466165e-06	-10
2.785512686e-06	4.586466165e-06	-10
2.785512686e-06	4.586466165e-06	-10
2.785512686e-06	4.586466165e-06	-10
2.785512686e-06	4.586466165e-06	-10
2.785512686e-06	4.586466165e-06	-10
2.785512686e-06	4.586466165e-06	-10
2.785512686e-06	4.586466165e-06	-10
2.785512686e-06	4.586466165e-06	-10
2.785512686e-06	4.586466165e-06	-10
2.785512686e-06	4.586466165e-06	-10
2.785512686e-06	4.586466165e-06	-10
2.785512686e-06	4.586466165e-06	-10
2.785512686e-06	4.586466165e-06	-10
2.785512686e-06	4.586466165e-06	-10
2.785512686e-06	4.586466165e-06	-10
2.785512686e-06	4.586466165e-06	0
2.804309678e-06	4.586466165e-06	0
2.823106671e-06	4.586466165e-06	0
2.841903663e-06	4.586466165e-06	0
2.860700656e-06	4.586466165e-06	0
2.860700656e-06	4.586466165e-06	-10
2.860700656e-06	4.586466165e-06	-10
2.860700656e-06	4.586466165e-06	-10
2.860700656e-06	4.586466165e-06	-10
2.860700656e-06	4.586466165e-06	-10
2.860700656e-06	4.586466165e-06	-10
2.860700656e-06	4.586466165e-06	-10
2.860700656e-06	4.586466165e-06	-10
2.860700656e-06	4.586466165e-06	-10
2.860700656e-06	4.586466165e-06	-10
2.860700656e-06	4.586466165e-06	-10
2.860700656e-06	4.586466165e-06	-10
2.860700656e-06	4.586466165e-06	-10
2.860700656e-06	4.586466165e-06	-10
2.860700656e-06	4.586466165e-06	-10
2.860700656e-06	4.586466165e-06	-10
2.860700656e-06	4.586466165e-06	-10
2.860700656e-06	4.586466165e-06	-10
2.860700656e-06	4.586466165e-06	-10
2.860700656e-06	4.586466165e-06	-10
2.860700656e-06	4.586466165e-06	-10
2.860700656e-06	4.586466165e-06	-10
2.860700656e-06	4.586466165e-06	-10
2.860700656e-06	4.586466165e-06	-10
2.860700656e-06	4.586466165e-06	-10
2.860700656e-06	4.586466165e-06	0
2.879497648e-06	4.586466165e-06	0
2.898294641e-06	4.586466165e-06	0
2.917091633e-06	4.586466165e-06	0
2.935888626e-06	4.586466165e-06	0
2.935888626e-06	4.586466165e-06	-10
2.935888626e-06	4.586466165e-06	-10
2.935888626e-06	4.586466165e-06	-10
2.935888626e-06	4.586466165e-06	-10
2.935888626e-06	4.586466165e-06	-10
2.935888626e-06	4.586466165e-06	-10
2.935888626e-06	4.586466165e-06	-10
2.935888626e-06	4.586466165e-06	-10
2.935888626e-06	4.586466165e-06	-10
2.935888626e-06	4.586466165e-06	-10
2.935888626e-06	4.586466165e-06	-10
2.935888626e-06	4.586466165e-06	-10
2.935888626e-06	4.586466165e-06	-10
2.935888626e-06	4.586466165e-06	-10
2.935888626e-06	4.586466165e-06	-10
2.935888626e-06	4.586466165e-06	-10
2.935888626e-06	4.586466165e-06	-10
2.935888626e-06	4.586466165e-06	-10
2.935888626e-06	4.586466165e-06	-10
2.935888626e-06	4.586466165e-06	-10
2.935888626e-06	4.586466165e-06	-10
2.935888626e-06	4.586466165e-06	-10
2.935888626e-06	4.586466165e-06	-10
2.935888626e-06	4.586466165e-06	-10
2.935888626e-06	4.586466165e-06	-10
2.935888626e-06	4.586466165e-06	0
2.954685618e-06	4.586466165e-06	0
2.973482611e-06	4.586466165e-06	0
2.992279603e-06	4.586466165e-06	0
3.011076596e-06	4.586466165e-06	0
3.011076596e-06	4.586466165e-06	-10
3.011076596e-06	4.586466165e-06	-10
3.011076596e-06	4.586466165e-06	-10
3.011076596e-06	4.586466165e-06	-10
3.011076596e-06	4.586466165e-06	-10
3.011076596e-06	4.586466165e-06	-10
3.011076596e-06	4.586466165e-06	-10
3.011076596e-06	4.586466165e-06	-10
3.011076596e-06	4.586466165e-06	-10
3.011076596e-06	4.586466165e-06	-10
3.011076596e-06	4.586466165e-06	-10
3.011076596e-06	4.586466165e-06	-10
3.011076596e-06	4.586466165e-06	-10
3.011076596e-06	4.586466165e-06	-10
3.011076596e-06	4.586466165e-06	-10
3.011076596e-06	4.586466165e-06	-10
3.011076596e-06	4.586466165e-06	-10
3.011076596e-06	4.586466165e-06	-10
3.011076596e-06	4.586466165e-06	-10
3.011076596e-06	4.586466165e-06	-10
3.011076596e-06	4.586466165e-06	-10
3.011076596e-06	4.586466165e-06	-10
3.011076596e-06	4.586466165e-06	-10
3.011076596e-06	4.586466165e-06	-10
3.011076596e-06	4.586466165e-06	-10
3.011076596e-06	4.586466165e-06	0
3.029873588e-06	4.586466165e-06	0
3.048670581e-06	4.586466165e-06	0
3.067467573e-06	4.586466165e-06	0
3.086264566e-06	4.586466165e-06	0
3.086264566e-06	4.586466165e-06	-10
3.086264566e-06	4.586466165e-06	-10
3.086264566e-06	4.586466165e-06	-10
3.086264566e-06	4.586466165e-06	-10
3.086264566e-06	4.586466165e-06	-10
3.086264566e-06	4.586466165e-06	-10
3.086264566e-06	4.586466165e-06	-10
3.086264566e-06	4.586466165e-06	-10
3.086264566e-06	4.586466165e-06	-10
3.086264566e-06	4.586466165e-06	-10
3.086264566e-06	4.586466165e-06	-10
3.086264566e-06	4.586466165e-06	-10
3.086264566e-06	4.586466165e-06	-10
3.086264566e-06	4.586466165e-06	-10
3.086264566e-06	4.586466165e-06	-10
3.086264566e-06	4.586466165e-06	-10
3.086264566e-06	4.586466165e-06	-10
3.086264566e-06	4.586466165e-06	-10
3.086264566e-06	4.586466165e-06	-10
3.086264566e-06	4.586466165e-06	-10
3.086264566e-06	4.586466165e-06	-10
3.086264566e-06	4.586466165e-06	-10
3.086264566e-06	4.586466165e-06	-10
3.086264566e-06	4.586466165e-06	-10
3.086264566e-06	4.586466165e-06	-10
3.086264566e-06	4.586466165e-06	0
3.105061558e-06	4.586466165e-06	0
3.123858551e-06	4.586466165e-06	0
3.142655543e-06	4.586466165e-06	0
3.161452536e-06	4.586466165e-06	0
3.161452536e-06	4.586466165e-06	-10
3.161452536e-06	4.586466165e-06	-10
3.161452536e-06	4.586466165e-06	-10
3.161452536e-06	4.586466165e-06	-10
3.161452536e-06	4.586466165e-06	-10
3.161452536e-06	4.586466165e-06	-10
3.161452536e-06	4.586466165e-06	-10
3.161452536e-06	4.586466165e-06	-10
3.161452536e-06	4.586466165e-06	-10
3.161452536e-06	4.586466165e-06	-10
3.161452536e-06	4.586466165e-06	-10
3.161452536e-06	4.586466165e-06	-10
3.161452536e-06	4.586466165e-06	-10
3.161452536e-06	4.586466165e-06	-10
3.161452536e-06	4.586466165e-06	-10
3.161452536e-06	4.586466165e-06	-10
3.161452536e-06	4.586466165e-06	-10
3.161452536e-06	4.586466165e-06	-10
3.161452536e-06	4.586466165e-06	-10
3.161452536e-06	4.586466165e-06	-10
3.161452536e-06	4.586466165e-06	-10
3.161452536e-06	4.586466165e-06	-10
3.161452536e-06	4.586466165e-06	-10
3.161452536e-06	4.586466165e-06	-10
3.161452536e-06	4.586466165e-06	-10
3.161452536e-06	4.586466165e-06	0
3.180249528e-06	4.586466165e-06	0
3.199046521e-06	4.586466165e-06	0
3.217843513e-06	4.586466165e-06	0
3.236640506e-06	4.586466165e-06	0
3.236640506e-06	4.586466165e-06	-10
3.236640506e-06	4.586466165e-06	-10
3.236640506e-06	4.586466165e-06	-10
3.236640506e-06	4.586466165e-06	-10
3.236640506e-06	4.586466165e-06	-10
3.236640506e-06	4.586466165e-06	-10
3.236640506e-06	4.586466165e-06	-10
3.236640506e-06	4.586466165e-06	-10
3.236640506e-06	4.586466165e-06	-10
3.236640506e-06	4.586466165e-06	-10
3.236640506e-06	4.586466165e-06	-10
3.236640506e-06	4.586466165e-06	-10
3.236640506e-06	4.586466165e-06	-10
3.236640506e-06	4.586466165e-06	-10
3.236640506e-06	4.586466165e-06	-10
3.236640506e-06	4.586466165e-06	-10
3.236640506e-06	4.586466165e-06	-10
3.236640506e-06	4.586466165e-06	-10
3.236640506e-06	4.586466165e-06	-10
3.236640506e-06	4.586466165e-06	-10
3.236640506e-06	4.586466165e-06	-10
3.236640506e-06	4.586466165e-06	-10
3.236640506e-06	4.586466165e-06	-10
3.236640506e-06	4.586466165e-06	-10
3.236640506e-06	4.586466165e-06	-10
3.236640506e-06	4.586466165e-06	0
3.255437498e-06	4.586466165e-06	0
3.274234491e-06	4.586466165e-06	0
3.293031483e-06	4.586466165e-06	0
3.311828475e-06	4.586466165e-06	0
3.311828475e-06	4.586466165e-06	-10
3.311828475e-06	4.586466165e-06	-10
3.311828475e-06	4.586466165e-06	-10
3.311828475e-06	4.586466165e-06	-10
3.311828475e-06	4.586466165e-06	-10
3.311828475e-06	4.586466165e-06	-10
3.311828475e-06	4.586466165e-06	-10
3.311828475e-06	4.586466165e-06	-10
3.311828475e-06	4.586466165e-06	-10
3.311828475e-06	4.586466165e-06	-10
3.311828475e-06	4.586466165e-06	-10
3.311828475e-06	4.586466165e-06	-10
3.311828475e-06	4.586466165e-06	-10
3.311828475e-06	4.586466165e-06	-10
3.311828475e-06	4.586466165e-06	-10
3.311828475e-06	4.586466165e-06	-10
3.311828475e-06	4.586466165e-06	-10
3.311828475e-06	4.586466165e-06	-10
3.311828475e-06	4.586466165e-06	-10
3.311828475e-06	4.586466165e-06	-10
3.311828475e-06	4.586466165e-06	-10
3.311828475e-06	4.586466165e-06	-10
3.311828475e-06	4.586466165e-06	-10
3.311828475e-06	4.586466165e-06	-10
3.311828475e-06	4.586466165e-06	-10
3.311828475e-06	4.586466165e-06	0
3.330625468e-06	4.586466165e-06	0
3.34942246e-06	4.586466165e-06	0
3.368219453e-06	4.586466165e-06	0
3.387016445e-06	4.586466165e-06	0
3.387016445e-06	4.586466165e-06	-10
3.387016445e-06	4.586466165e-06	-10
3.387016445e-06	4.586466165e-06	-10
3.387016445e-06	4.586466165e-06	-10
3.387016445e-06	4.586466165e-06	-10
3.387016445e-06	4.586466165e-06	-10
3.387016445e-06	4.586466165e-06	-10
3.387016445e-06	4.586466165e-06	-10
3.387016445e-06	4.586466165e-06	-10
3.387016445e-06	4.586466165e-06	-10
3.387016445e-06	4.586466165e-06	-10
3.387016445e-06	4.586466165e-06	-10
3.387016445e-06	4.586466165e-06	-10
3.387016445e-06	4.586466165e-06	-10
3.387016445e-06	4.586466165e-06	-10
3.387016445e-06	4.586466165e-06	-10
3.387016445e-06	4.586466165e-06	-10
3.387016445e-06	4.586466165e-06	-10
3.387016445e-06	4.586466165e-06	-10
3.387016445e-06	4.586466165e-06	-10
3.387016445e-06	4.586466165e-06	-10
3.387016445e-06	4.586466165e-06	-10
3.387016445e-06	4.586466165e-06	-10
3.387016445e-06	4.586466165e-06	-10
3.387016445e-06	4.586466165e-06	-10
3.387016445e-06	4.586466165e-06	0
3.405813438e-06	4.586466165e-06	0
3.42461043e-06	4.586466165e-06	0
3.443407423e-06	4.586466165e-06	0
3.462204415e-06	4.586466165e-06	0
3.462204415e-06	4.586466165e-06	-10
3.462204415e-06	4.586466165e-06	-10
3.462204415e-06	4.586466165e-06	-10
3.462204415e-06	4.586466165e-06	-10
3.462204415e-06	4.586466165e-06	-10
3.462204415e-06	4.586466165e-06	-10
3.462204415e-06	4.586466165e-06	-10
3.462204415e-06	4.586466165e-06	-10
3.462204415e-06	4.586466165e-06	-10
3.462204415e-06	4.586466165e-06	-10
3.462204415e-06	4.586466165e-06	-10
3.462204415e-06	4.586466165e-06	-10
3.462204415e-06	4.586466165e-06	-10
3.462204415e-06	4.586466165e-06	-10
3.462204415e-06	4.586466165e-06	-10
3.462204415e-06	4.586466165e-06	-10
3.462204415e-06	4.586466165e-06	-10
3.462204415e-06	4.586466165e-06	-10
3.462204415e-06	4.586466165e-06	-10
3.462204415e-06	4.586466165e-06	-10
3.462204415e-06	4.586466165e-06	-10
3.462204415e-06	4.586466165e-06	-10
3.462204415e-06	4.586466165e-06	-10
3.462204415e-06	4.586466165e-06	-10
3.462204415e-06	4.586466165e-06	-10
3.462204415e-06	4.586466165e-06	0
3.481001408e-06	4.586466165e-06	0
3.4997984e-06	4.586466165e-06	0
3.518595393e-06	4.586466165e-06	0
3.537392385e-06	4.586466165e-06	0
3.537392385e-06	4.586466165e-06	-10
3.537392385e-06	4.586466165e-06	-10
3.537392385e-06	4.586466165e-06	-10
3.537392385e-06	4.586466165e-06	-10
3.537392385e-06	4.586466165e-06	-10
3.537392385e-06	4.586466165e-06	-10
3.537392385e-06	4.586466165e-06	-10
3.537392385e-06	4.586466165e-06	-10
3.537392385e-06	4.586466165e-06	-10
3.537392385e-06	4.586466165e-06	-10
3.537392385e-06	4.586466165e-06	-10
3.537392385e-06	4.586466165e-06	-10
3.537392385e-06	4.586466165e-06	-10
3.537392385e-06	4.586466165e-06	-10
3.537392385e-06	4.586466165e-06	-10
3.537392385e-06	4.586466165e-06	-10
3.537392385e-06	4.586466165e-06	-10
3.537392385e-06	4.586466165e-06	-10
3.537392385e-06	4.586466165e-06	-10
3.537392385e-06	4.586466165e-06	-10
3.537392385e-06	4.586466165e-06	-10
3.537392385e-06	4.586466165e-06	-10
3.537392385e-06	4.586466165e-06	-10
3.537392385e-06	4.586466165e-06	-10
3.537392385e-06	4.586466165e-06	-10
3.537392385e-06	4.586466165e-06	0
3.556189378e-06	4.586466165e-06	0
3.57498637e-06	4.586466165e-06	0
3.593783363e-06	4.586466165e-06	0
3.612580355e-06	4.586466165e-06	0
3.612580355e-06	4.586466165e-06	-10
3.612580355e-06	4.586466165e-06	-10
3.612580355e-06	4.586466165e-06	-10
3.612580355e-06	4.586466165e-06	-10
3.612580355e-06	4.586466165e-06	-10
3.612580355e-06	4.586466165e-06	-10
3.612580355e-06	4.586466165e-06	-10
3.612580355e-06	4.586466165e-06	-10
3.612580355e-06	4.586466165e-06	-10
3.612580355e-06	4.586466165e-06	-10
3.612580355e-06	4.586466165e-06	-10
3.612580355e-06	4.586466165e-06	-10
3.612580355e-06	4.586466165e-06	-10
3.612580355e-06	4.586466165e-06	-10
3.612580355e-06	4.586466165e-06	-10
3.612580355e-06	4.586466165e-06	-10
3.612580355e-06	4.586466165e-06	-10
3.612580355e-06	4.586466165e-06	-10
3.612580355e-06	4.586466165e-06	-10
3.612580355e-06	4.586466165e-06	-10
3.612580355e-06	4.586466165e-06	-10
3.612580355e-06	4.586466165e-06	-10
3.612580355e-06	4.586466165e-06	-10
3.612580355e-06	4.586466165e-06	-10
3.612580355e-06	4.586466165e-06	-10
3.612580355e-06	4.586466165e-06	0
3.631377348e-06	4.586466165e-06	0
3.65017434e-06	4.586466165e-06	0
3.668971333e-06	4.586466165e-06	0
3.687768325e-06	4.586466165e-06	0
3.687768325e-06	4.586466165e-06	-10
3.687768325e-06	4.586466165e-06	-10
3.687768325e-06	4.586466165e-06	-10
3.687768325e-06	4.586466165e-06	-10
3.687768325e-06	4.586466165e-06	-10
3.687768325e-06	4.586466165e-06	-10
3.687768325e-06	4.586466165e-06	-10
3.687768325e-06	4.586466165e-06	-10
3.687768325e-06	4.586466165e-06	-10
3.687768325e-06	4.586466165e-06	-10
3.687768325e-06	4.586466165e-06	-10
3.687768325e-06	4.586466165e-06	-10
3.687768325e-06	4.586466165e-06	-10
3.687768325e-06	4.586466165e-06	-10
3.687768325e-06	4.586466165e-06	-10
3.687768325e-06	4.586466165e-06	-10
3.687768325e-06	4.586466165e-06	-10
3.687768325e-06	4.586466165e-06	-10
3.687768325e-06	4.586466165e-06	-10
3.687768325e-06	4.586466165e-06	-10
3.687768325e-06	4.586466165e-06	-10
3.687768325e-06	4.586466165e-06	-10
3.687768325e-06	4.586466165e-06	-10
3.687768325e-06	4.586466165e-06	-10
3.687768325e-06	4.586466165e-06	-10
3.687768325e-06	4.586466165e-06	0
3.706565318e-06	4.586466165e-06	0
3.72536231e-06	4.586466165e-06	0
3.744159303e-06	4.586466165e-06	0
3.762956295e-06	4.586466165e-06	0
3.762956295e-06	4.586466165e-06	-10
3.762956295e-06	4.586466165e-06	-10
3.762956295e-06	4.586466165e-06	-10
3.762956295e-06	4.586466165e-06	-10
3.762956295e-06	4.586466165e-06	-10
3.762956295e-06	4.586466165e-06	-10
3.762956295e-06	4.586466165e-06	-10
3.762956295e-06	4.586466165e-06	-10
3.762956295e-06	4.586466165e-06	-10
3.762956295e-06	4.586466165e-06	-10
3.762956295e-06	4.586466165e-06	-10
3.762956295e-06	4.586466165e-06	-10
3.762956295e-06	4.586466165e-06	-10
3.762956295e-06	4.586466165e-06	-10
3.762956295e-06	4.586466165e-06	-10
3.762956295e-06	4.586466165e-06	-10
3.762956295e-06	4.586466165e-06	-10
3.762956295e-06	4.586466165e-06	-10
3.762956295e-06	4.586466165e-06	-10
3.762956295e-06	4.586466165e-06	-10
3.762956295e-06	4.586466165e-06	-10
3.762956295e-06	4.586466165e-06	-10
3.762956295e-06	4.586466165e-06	-10
3.762956295e-06	4.586466165e-06	-10
3.762956295e-06	4.586466165e-06	-10
3.762956295e-06	4.586466165e-06	0
3.781753288e-06	4.586466165e-06	0
3.80055028e-06	4.586466165e-06	0
3.819347272e-06	4.586466165e-06	0
3.838144265e-06	4.586466165e-06	0
3.838144265e-06	4.586466165e-06	-10
3.838144265e-06	4.586466165e-06	-10
3.838144265e-06	4.586466165e-06	-10
3.838144265e-06	4.586466165e-06	-10
3.838144265e-06	4.586466165e-06	-10
3.838144265e-06	4.586466165e-06	-10
3.838144265e-06	4.586466165e-06	-10
3.838144265e-06	4.586466165e-06	-10
3.838144265e-06	4.586466165e-06	-10
3.838144265e-06	4.586466165e-06	-10
3.838144265e-06	4.586466165e-06	-10
3.838144265e-06	4.586466165e-06	-10
3.838144265e-06	4.586466165e-06	-10
3.838144265e-06	4.586466165e-06	-10
3.838144265e-06	4.586466165e-06	-10
3.838144265e-06	4.586466165e-06	-10
3.838144265e-06	4.586466165e-06	-10
3.838144265e-06	4.586466165e-06	-10
3.838144265e-06	4.586466165e-06	-10
3.838144265e-06	4.586466165e-06	-10
3.838144265e-06	4.586466165e-06	-10
3.838144265e-06	4.586466165e-06	-10
3.838144265e-06	4.586466165e-06	-10
3.838144265e-06	4.586466165e-06	-10
3.838144265e-06	4.586466165e-06	-10
3.838144265e-06	4.586466165e-06	0
3.856941257e-06	4.586466165e-06	0
3.87573825e-06	4.586466165e-06	0
3.894535242e-06	4.586466165e-06	0
3.913332235e-06	4.586466165e-06	0
3.913332235e-06	4.586466165e-06	-10
3.913332235e-06	4.586466165e-06	-10
3.913332235e-06	4.586466165e-06	-10
3.913332235e-06	4.586466165e-06	-10
3.913332235e-06	4.586466165e-06	-10
3.913332235e-06	4.586466165e-06	-10
3.913332235e-06	4.586466165e-06	-10
3.913332235e-06	4.586466165e-06	-10
3.913332235e-06	4.586466165e-06	-10
3.913332235e-06	4.586466165e-06	-10
3.913332235e-06	4.586466165e-06	-10
3.913332235e-06	4.586466165e-06	-10
3.913332235e-06	4.586466165e-06	-10
3.913332235e-06	4.586466165e-06	-10
3.913332235e-06	4.586466165e-06	-10
3.913332235e-06	4.586466165e-06	-10
3.913332235e-06	4.586466165e-06	-10
3.913332235e-06	4.586466165e-06	-10
3.913332235e-06	4.586466165e-06	-10
3.913332235e-06	4.586466165e-06	-10
3.913332235e-06	4.586466165e-06	-10
3.913332235e-06	4.586466165e-06	-10
3.913332235e-06	4.586466165e-06	-10
3.913332235e-06	4.586466165e-06	-10
3.913332235e-06	4.586466165e-06	-10
3.913332235e-06	4.586466165e-06	0
3.932129227e-06	4.586466165e-06	0
3.95092622e-06	4.586466165e-06	0
3.969723212e-06	4.586466165e-06	0
3.988520205e-06	4.586466165e-06	0
3.988520205e-06	4.586466165e-06	-10
3.988520205e-06	4.586466165e-06	-10
3.988520205e-06	4.586466165e-06	-10
3.988520205e-06	4.586466165e-06	-10
3.988520205e-06	4.586466165e-06	-10
3.988520205e-06	4.586466165e-06	-10
3.988520205e-06	4.586466165e-06	-10
3.988520205e-06	4.586466165e-06	-10
3.988520205e-06	4.586466165e-06	-10
3.988520205e-06	4.586466165e-06	-10
3.988520205e-06	4.586466165e-06	-10
3.988520205e-06	4.586466165e-06	-10
3.988520205e-06	4.586466165e-06	-10
3.988520205e-06	4.586466165e-06	-10
3.988520205e-06	4.586466165e-06	-10
3.988520205e-06	4.586466165e-06	-10
3.988520205e-06	4.586466165e-06	-10
3.988520205e-06	4.586466165e-06	-10
3.988520205e-06	4.586466165e-06	-10
3.988520205e-06	4.586466165e-06	-10
3.988520205e-06	4.586466165e-06	-10
3.988520205e-06	4.586466165e-06	-10
3.988520205e-06	4.586466165e-06	-10
3.988520205e-06	4.586466165e-06	-10
3.988520205e-06	4.586466165e-06	-10
3.988520205e-06	4.586466165e-06	0
4.007317197e-06	4.586466165e-06	0
4.02611419e-06	4.586466165e-06	0
4.044911182e-06	4.586466165e-06	0
4.063708175e-06	4.586466165e-06	0
4.063708175e-06	4.586466165e-06	-10
4.063708175e-06	4.586466165e-06	-10
4.063708175e-06	4.586466165e-06	-10
4.063708175e-06	4.586466165e-06	-10
4.063708175e-06	4.586466165e-06	-10
4.063708175e-06	4.586466165e-06	-10
4.063708175e-06	4.586466165e-06	-10
4.063708175e-06	4.586466165e-06	-10
4.063708175e-06	4.586466165e-06	-10
4.063708175e-06	4.586466165e-06	-10
4.063708175e-06	4.586466165e-06	-10
4.063708175e-06	4.586466165e-06	-10
4.063708175e-06	4.586466165e-06	-10
4.063708175e-06	4.586466165e-06	-10
4.063708175e-06	4.586466165e-06	-10
4.063708175e-06	4.586466165e-06	-10
4.063708175e-06	4.586466165e-06	-10
4.063708175e-06	4.586466165e-06	-10
4.063708175e-06	4.586466165e-06	-10
4.063708175e-06	4.586466165e-06	-10
4.063708175e-06	4.586466165e-06	-10
4.063708175e-06	4.586466165e-06	-10
4.063708175e-06	4.586466165e-06	-10
4.063708175e-06	4.586466165e-06	-10
4.063708175e-06	4.586466165e-06	-10
4.063708175e-06	4.586466165e-06	0
4.063708175e-06	4.605263158e-06	0
4.063708175e-06	4.62406015e-06	0
4.063708175e-06	4.642857143e-06	0
4.063708175e-06	4.661654135e-06	0
4.063708175e-06	4.661654135e-06	-10
4.063708175e-06	4.661654135e-06	-10
4.063708175e-06	4.661654135e-06	-10
4.063708175e-06	4.661654135e-06	-10
4.063708175e-06	4.661654135e-06	-10
4.063708175e-06	4.661654135e-06	-10
4.063708175e-06	4.661654135e-06	-10
4.063708175e-06	4.661654135e-06	-10
4.063708175e-06	4.661654135e-06	-10
4.063708175e-06	4.661654135e-06	-10
4.063708175e-06	4.661654135e-06	-10
4.063708175e-06	4.661654135e-06	-10
4.063708175e-06	4.661654135e-06	-10
4.063708175e-06	4.661654135e-06	-10
4.063708175e-06	4.661654135e-06	-10
4.063708175e-06	4.661654135e-06	-10
4.063708175e-06	4.661654135e-06	-10
4.063708175e-06	4.661654135e-06	-10
4.063708175e-06	4.661654135e-06	-10
4.063708175e-06	4.661654135e-06	-10
4.063708175e-06	4.661654135e-06	-10
4.063708175e-06	4.661654135e-06	-10
4.063708175e-06	4.661654135e-06	-10
4.063708175e-06	4.661654135e-06	-10
4.063708175e-06	4.661654135e-06	-10
4.063708175e-06	4.661654135e-06	0
4.044911182e-06	4.661654135e-06	0
4.02611419e-06	4.661654135e-06	0
4.007317197e-06	4.661654135e-06	0
3.988520205e-06	4.661654135e-06	0
3.988520205e-06	4.661654135e-06	-10
3.988520205e-06	4.661654135e-06	-10
3.988520205e-06	4.661654135e-06	-10
3.988520205e-06	4.661654135e-06	-10
3.988520205e-06	4.661654135e-06	-10
3.988520205e-06	4.661654135e-06	-10
3.988520205e-06	4.661654135e-06	-10
3.988520205e-06	4.661654135e-06	-10
3.988520205e-06	4.661654135e-06	-10
3.988520205e-06	4.661654135e-06	-10
3.988520205e-06	4.661654135e-06	-10
3.988520205e-06	4.661654135e-06	-10
3.988520205e-06	4.661654135e-06	-10
3.988520205e-06	4.661654135e-06	-10
3.988520205e-06	4.661654135e-06	-10
3.988520205e-06	4.661654135e-06	-10
3.988520205e-06	4.661654135e-06	-10
3.988520205e-06	4.661654135e-06	-10
3.988520205e-06	4.661654135e-06	-10
3.988520205e-06	4.661654135e-06	-10
3.988520205e-06	4.661654135e-06	-10
3.988520205e-06	4.661654135e-06	-10
3.988520205e-06	4.661654135e-06	-10
3.988520205e-06	4.661654135e-06	-10
3.988520205e-06	4.661654135e-06	-10
3.988520205e-06	4.661654135e-06	0
3.969723212e-06	4.661654135e-06	0
3.95092622e-06	4.661654135e-06	0
3.932129227e-06	4.661654135e-06	0
3.913332235e-06	4.661654135e-06	0
3.913332235e-06	4.661654135e-06	-10
3.913332235e-06	4.661654135e-06	-10
3.913332235e-06	4.661654135e-06	-10
3.913332235e-06	4.661654135e-06	-10
3.913332235e-06	4.661654135e-06	-10
3.913332235e-06	4.661654135e-06	-10
3.913332235e-06	4.661654135e-06	-10
3.913332235e-06	4.661654135e-06	-10
3.913332235e-06	4.661654135e-06	-10
3.913332235e-06	4.661654135e-06	-10
3.913332235e-06	4.661654135e-06	-10
3.913332235e-06	4.661654135e-06	-10
3.913332235e-06	4.661654135e-06	-10
3.913332235e-06	4.661654135e-06	-10
3.913332235e-06	4.661654135e-06	-10
3.913332235e-06	4.661654135e-06	-10
3.913332235e-06	4.661654135e-06	-10
3.913332235e-06	4.661654135e-06	-10
3.913332235e-06	4.661654135e-06	-10
3.913332235e-06	4.661654135e-06	-10
3.913332235e-06	4.661654135e-06	-10
3.913332235e-06	4.661654135e-06	-10
3.913332235e-06	4.661654135e-06	-10
3.913332235e-06	4.661654135e-06	-10
3.913332235e-06	4.661654135e-06	-10
3.913332235e-06	4.661654135e-06	0
3.894535242e-06	4.661654135e-06	0
3.87573825e-06	4.661654135e-06	0
3.856941257e-06	4.661654135e-06	0
3.838144265e-06	4.661654135e-06	0
3.838144265e-06	4.661654135e-06	-10
3.838144265e-06	4.661654135e-06	-10
3.838144265e-06	4.661654135e-06	-10
3.838144265e-06	4.661654135e-06	-10
3.838144265e-06	4.661654135e-06	-10
3.838144265e-06	4.661654135e-06	-10
3.838144265e-06	4.661654135e-06	-10
3.838144265e-06	4.661654135e-06	-10
3.838144265e-06	4.661654135e-06	-10
3.838144265e-06	4.661654135e-06	-10
3.838144265e-06	4.661654135e-06	-10
3.838144265e-06	4.661654135e-06	-10
3.838144265e-06	4.661654135e-06	-10
3.838144265e-06	4.661654135e-06	-10
3.838144265e-06	4.661654135e-06	-10
3.838144265e-06	4.661654135e-06	-10
3.838144265e-06	4.661654135e-06	-10
3.838144265e-06	4.661654135e-06	-10
3.838144265e-06	4.661654135e-06	-10
3.838144265e-06	4.661654135e-06	-10
3.838144265e-06	4.661654135e-06	-10
3.838144265e-06	4.661654135e-06	-10
3.838144265e-06	4.661654135e-06	-10
3.838144265e-06	4.661654135e-06	-10
3.838144265e-06	4.661654135e-06	-10
3.838144265e-06	4.661654135e-06	0
3.819347272e-06	4.661654135e-06	0
3.80055028e-06	4.661654135e-06	0
3.781753288e-06	4.661654135e-06	0
3.762956295e-06	4.661654135e-06	0
3.762956295e-06	4.661654135e-06	-10
3.762956295e-06	4.661654135e-06	-10
3.762956295e-06	4.661654135e-06	-10
3.762956295e-06	4.661654135e-06	-10
3.762956295e-06	4.661654135e-06	-10
3.762956295e-06	4.661654135e-06	-10
3.762956295e-06	4.661654135e-06	-10
3.762956295e-06	4.661654135e-06	-10
3.762956295e-06	4.661654135e-06	-10
3.762956295e-06	4.661654135e-06	-10
3.762956295e-06	4.661654135e-06	-10
3.762956295e-06	4.661654135e-06	-10
3.762956295e-06	4.661654135e-06	-10
3.762956295e-06	4.661654135e-06	-10
3.762956295e-06	4.661654135e-06	-10
3.762956295e-06	4.661654135e-06	-10
3.762956295e-06	4.661654135e-06	-10
3.762956295e-06	4.661654135e-06	-10
3.762956295e-06	4.661654135e-06	-10
3.762956295e-06	4.661654135e-06	-10
3.762956295e-06	4.661654135e-06	-10
3.762956295e-06	4.661654135e-06	-10
3.762956295e-06	4.661654135e-06	-10
3.762956295e-06	4.661654135e-06	-10
3.762956295e-06	4.661654135e-06	-10
3.762956295e-06	4.661654135e-06	0
3.744159303e-06	4.661654135e-06	0
3.72536231e-06	4.661654135e-06	0
3.706565318e-06	4.661654135e-06	0
3.687768325e-06	4.661654135e-06	0
3.687768325e-06	4.661654135e-06	-10
3.687768325e-06	4.661654135e-06	-10
3.687768325e-06	4.661654135e-06	-10
3.687768325e-06	4.661654135e-06	-10
3.687768325e-06	4.661654135e-06	-10
3.687768325e-06	4.661654135e-06	-10
3.687768325e-06	4.661654135e-06	-10
3.687768325e-06	4.661654135e-06	-10
3.687768325e-06	4.661654135e-06	-10
3.687768325e-06	4.661654135e-06	-10
3.687768325e-06	4.661654135e-06	-10
3.687768325e-06	4.661654135e-06	-10
3.687768325e-06	4.661654135e-06	-10
3.687768325e-06	4.661654135e-06	-10
3.687768325e-06	4.661654135e-06	-10
3.687768325e-06	4.661654135e-06	-10
3.687768325e-06	4.661654135e-06	-10
3.687768325e-06	4.661654135e-06	-10
3.687768325e-06	4.661654135e-06	-10
3.687768325e-06	4.661654135e-06	-10
3.687768325e-06	4.661654135e-06	-10
3.687768325e-06	4.661654135e-06	-10
3.687768325e-06	4.661654135e-06	-10
3.687768325e-06	4.661654135e-06	-10
3.687768325e-06	4.661654135e-06	-10
3.687768325e-06	4.661654135e-06	0
3.668971333e-06	4.661654135e-06	0
3.65017434e-06	4.661654135e-06	0
3.631377348e-06	4.661654135e-06	0
3.612580355e-06	4.661654135e-06	0
3.612580355e-06	4.661654135e-06	-10
3.612580355e-06	4.661654135e-06	-10
3.612580355e-06	4.661654135e-06	-10
3.612580355e-06	4.661654135e-06	-10
3.612580355e-06	4.661654135e-06	-10
3.612580355e-06	4.661654135e-06	-10
3.612580355e-06	4.661654135e-06	-10
3.612580355e-06	4.661654135e-06	-10
3.612580355e-06	4.661654135e-06	-10
3.612580355e-06	4.661654135e-06	-10
3.612580355e-06	4.661654135e-06	-10
3.612580355e-06	4.661654135e-06	-10
3.612580355e-06	4.661654135e-06	-10
3.612580355e-06	4.661654135e-06	-10
3.612580355e-06	4.661654135e-06	-10
3.612580355e-06	4.661654135e-06	-10
3.612580355e-06	4.661654135e-06	-10
3.612580355e-06	4.661654135e-06	-10
3.612580355e-06	4.661654135e-06	-10
3.612580355e-06	4.661654135e-06	-10
3.612580355e-06	4.661654135e-06	-10
3.612580355e-06	4.661654135e-06	-10
3.612580355e-06	4.661654135e-06	-10
3.612580355e-06	4.661654135e-06	-10
3.612580355e-06	4.661654135e-06	-10
3.612580355e-06	4.661654135e-06	0
3.593783363e-06	4.661654135e-06	0
3.57498637e-06	4.661654135e-06	0
3.556189378e-06	4.661654135e-06	0
3.537392385e-06	4.661654135e-06	0
3.537392385e-06	4.661654135e-06	-10
3.537392385e-06	4.661654135e-06	-10
3.537392385e-06	4.661654135e-06	-10
3.537392385e-06	4.661654135e-06	-10
3.537392385e-06	4.661654135e-06	-10
3.537392385e-06	4.661654135e-06	-10
3.537392385e-06	4.661654135e-06	-10
3.537392385e-06	4.661654135e-06	-10
3.537392385e-06	4.661654135e-06	-10
3.537392385e-06	4.661654135e-06	-10
3.537392385e-06	4.661654135e-06	-10
3.537392385e-06	4.661654135e-06	-10
3.537392385e-06	4.661654135e-06	-10
3.537392385e-06	4.661654135e-06	-10
3.537392385e-06	4.661654135e-06	-10
3.537392385e-06	4.661654135e-06	-10
3.537392385e-06	4.661654135e-06	-10
3.537392385e-06	4.661654135e-06	-10
3.537392385e-06	4.661654135e-06	-10
3.537392385e-06	4.661654135e-06	-10
3.537392385e-06	4.661654135e-06	-10
3.537392385e-06	4.661654135e-06	-10
3.537392385e-06	4.661654135e-06	-10
3.537392385e-06	4.661654135e-06	-10
3.537392385e-06	4.661654135e-06	-10
3.537392385e-06	4.661654135e-06	0
3.518595393e-06	4.661654135e-06	0
3.4997984e-06	4.661654135e-06	0
3.481001408e-06	4.661654135e-06	0
3.462204415e-06	4.661654135e-06	0
3.462204415e-06	4.661654135e-06	-10
3.462204415e-06	4.661654135e-06	-10
3.462204415e-06	4.661654135e-06	-10
3.462204415e-06	4.661654135e-06	-10
3.462204415e-06	4.661654135e-06	-10
3.462204415e-06	4.661654135e-06	-10
3.462204415e-06	4.661654135e-06	-10
3.462204415e-06	4.661654135e-06	-10
3.462204415e-06	4.661654135e-06	-10
3.462204415e-06	4.661654135e-06	-10
3.462204415e-06	4.661654135e-06	-10
3.462204415e-06	4.661654135e-06	-10
3.462204415e-06	4.661654135e-06	-10
3.462204415e-06	4.661654135e-06	-10
3.462204415e-06	4.661654135e-06	-10
3.462204415e-06	4.661654135e-06	-10
3.462204415e-06	4.661654135e-06	-10
3.462204415e-06	4.661654135e-06	-10
3.462204415e-06	4.661654135e-06	-10
3.462204415e-06	4.661654135e-06	-10
3.462204415e-06	4.661654135e-06	-10
3.462204415e-06	4.661654135e-06	-10
3.462204415e-06	4.661654135e-06	-10
3.462204415e-06	4.661654135e-06	-10
3.462204415e-06	4.661654135e-06	-10
3.462204415e-06	4.661654135e-06	0
3.443407423e-06	4.661654135e-06	0
3.42461043e-06	4.661654135e-06	0
3.405813438e-06	4.661654135e-06	0
3.387016445e-06	4.661654135e-06	0
3.387016445e-06	4.661654135e-06	-10
3.387016445e-06	4.661654135e-06	-10
3.387016445e-06	4.661654135e-06	-10
3.387016445e-06	4.661654135e-06	-10
3.387016445e-06	4.661654135e-06	-10
3.387016445e-06	4.661654135e-06	-10
3.387016445e-06	4.661654135e-06	-10
3.387016445e-06	4.661654135e-06	-10
3.387016445e-06	4.661654135e-06	-10
3.387016445e-06	4.661654135e-06	-10
3.387016445e-06	4.661654135e-06	-10
3.387016445e-06	4.661654135e-06	-10
3.387016445e-06	4.661654135e-06	-10
3.387016445e-06	4.661654135e-06	-10
3.387016445e-06	4.661654135e-06	-10
3.387016445e-06	4.661654135e-06	-10
3.387016445e-06	4.661654135e-06	-10
3.387016445e-06	4.661654135e-06	-10
3.387016445e-06	4.661654135e-06	-10
3.387016445e-06	4.661654135e-06	-10
3.387016445e-06	4.661654135e-06	-10
3.387016445e-06	4.661654135e-06	-10
3.387016445e-06	4.661654135e-06	-10
3.387016445e-06	4.661654135e-06	-10
3.387016445e-06	4.661654135e-06	-10
3.387016445e-06	4.661654135e-06	0
3.368219453e-06	4.661654135e-06	0
3.34942246e-06	4.661654135e-06	0
3.330625468e-06	4.661654135e-06	0
3.311828475e-06	4.661654135e-06	0
3.311828475e-06	4.661654135e-06	-10
3.311828475e-06	4.661654135e-06	-10
3.311828475e-06	4.661654135e-06	-10
3.311828475e-06	4.661654135e-06	-10
3.311828475e-06	4.661654135e-06	-10
3.311828475e-06	4.661654135e-06	-10
3.311828475e-06	4.661654135e-06	-10
3.311828475e-06	4.661654135e-06	-10
3.311828475e-06	4.661654135e-06	-10
3.311828475e-06	4.661654135e-06	-10
3.311828475e-06	4.661654135e-06	-10
3.311828475e-06	4.661654135e-06	-10
3.311828475e-06	4.661654135e-06	-10
3.311828475e-06	4.661654135e-06	-10
3.311828475e-06	4.661654135e-06	-10
3.311828475e-06	4.661654135e-06	-10
3.311828475e-06	4.661654135e-06	-10
3.311828475e-06	4.661654135e-06	-10
3.311828475e-06	4.661654135e-06	-10
3.311828475e-06	4.661654135e-06	-10
3.311828475e-06	4.661654135e-06	-10
3.311828475e-06	4.661654135e-06	-10
3.311828475e-06	4.661654135e-06	-10
3.311828475e-06	4.661654135e-06	-10
3.311828475e-06	4.661654135e-06	-10
3.311828475e-06	4.661654135e-06	0
3.293031483e-06	4.661654135e-06	0
3.274234491e-06	4.661654135e-06	0
3.255437498e-06	4.661654135e-06	0
3.236640506e-06	4.661654135e-06	0
3.236640506e-06	4.661654135e-06	-10
3.236640506e-06	4.661654135e-06	-10
3.236640506e-06	4.661654135e-06	-10
3.236640506e-06	4.661654135e-06	-10
3.236640506e-06	4.661654135e-06	-10
3.236640506e-06	4.661654135e-06	-10
3.236640506e-06	4.661654135e-06	-10
3.236640506e-06	4.661654135e-06	-10
3.236640506e-06	4.661654135e-06	-10
3.236640506e-06	4.661654135e-06	-10
3.236640506e-06	4.661654135e-06	-10
3.236640506e-06	4.661654135e-06	-10
3.236640506e-06	4.661654135e-06	-10
3.236640506e-06	4.661654135e-06	-10
3.236640506e-06	4.661654135e-06	-10
3.236640506e-06	4.661654135e-06	-10
3.236640506e-06	4.661654135e-06	-10
3.236640506e-06	4.661654135e-06	-10
3.236640506e-06	4.661654135e-06	-10
3.236640506e-06	4.661654135e-06	-10
3.236640506e-06	4.661654135e-06	-10
3.236640506e-06	4.661654135e-06	-10
3.236640506e-06	4.661654135e-06	-10
3.236640506e-06	4.661654135e-06	-10
3.236640506e-06	4.661654135e-06	-10
3.236640506e-06	4.661654135e-06	0
3.217843513e-06	4.661654135e-06	0
3.199046521e-06	4.661654135e-06	0
3.180249528e-06	4.661654135e-06	0
3.161452536e-06	4.661654135e-06	0
3.161452536e-06	4.661654135e-06	-10
3.161452536e-06	4.661654135e-06	-10
3.161452536e-06	4.661654135e-06	-10
3.161452536e-06	4.661654135e-06	-10
3.161452536e-06	4.661654135e-06	-10
3.161452536e-06	4.661654135e-06	-10
3.161452536e-06	4.661654135e-06	-10
3.161452536e-06	4.661654135e-06	-10
3.161452536e-06	4.661654135e-06	-10
3.161452536e-06	4.661654135e-06	-10
3.161452536e-06	4.661654135e-06	-10
3.161452536e-06	4.661654135e-06	-10
3.161452536e-06	4.661654135e-06	-10
3.161452536e-06	4.661654135e-06	-10
3.161452536e-06	4.661654135e-06	-10
3.161452536e-06	4.661654135e-06	-10
3.161452536e-06	4.661654135e-06	-10
3.161452536e-06	4.661654135e-06	-10
3.161452536e-06	4.661654135e-06	-10
3.161452536e-06	4.661654135e-06	-10
3.161452536e-06	4.661654135e-06	-10
3.161452536e-06	4.661654135e-06	-10
3.161452536e-06	4.661654135e-06	-10
3.161452536e-06	4.661654135e-06	-10
3.161452536e-06	4.661654135e-06	-10
3.161452536e-06	4.661654135e-06	0
3.142655543e-06	4.661654135e-06	0
3.123858551e-06	4.661654135e-06	0
3.105061558e-06	4.661654135e-06	0
3.086264566e-06	4.661654135e-06	0
3.086264566e-06	4.661654135e-06	-10
3.086264566e-06	4.661654135e-06	-10
3.086264566e-06	4.661654135e-06	-10
3.086264566e-06	4.661654135e-06	-10
3.086264566e-06	4.661654135e-06	-10
3.086264566e-06	4.661654135e-06	-10
3.086264566e-06	4.661654135e-06	-10
3.086264566e-06	4.661654135e-06	-10
3.086264566e-06	4.661654135e-06	-10
3.086264566e-06	4.661654135e-06	-10
3.086264566e-06	4.661654135e-06	-10
3.086264566e-06	4.661654135e-06	-10
3.086264566e-06	4.661654135e-06	-10
3.086264566e-06	4.661654135e-06	-10
3.086264566e-06	4.661654135e-06	-10
3.086264566e-06	4.661654135e-06	-10
3.086264566e-06	4.661654135e-06	-10
3.086264566e-06	4.661654135e-06	-10
3.086264566e-06	4.661654135e-06	-10
3.086264566e-06	4.661654135e-06	-10
3.086264566e-06	4.661654135e-06	-10
3.086264566e-06	4.661654135e-06	-10
3.086264566e-06	4.661654135e-06	-10
3.086264566e-06	4.661654135e-06	-10
3.086264566e-06	4.661654135e-06	-10
3.086264566e-06	4.661654135e-06	0
3.067467573e-06	4.661654135e-06	0
3.048670581e-06	4.661654135e-06	0
3.029873588e-06	4.661654135e-06	0
3.011076596e-06	4.661654135e-06	0
3.011076596e-06	4.661654135e-06	-10
3.011076596e-06	4.661654135e-06	-10
3.011076596e-06	4.661654135e-06	-10
3.011076596e-06	4.661654135e-06	-10
3.011076596e-06	4.661654135e-06	-10
3.011076596e-06	4.661654135e-06	-10
3.011076596e-06	4.661654135e-06	-10
3.011076596e-06	4.661654135e-06	-10
3.011076596e-06	4.661654135e-06	-10
3.011076596e-06	4.661654135e-06	-10
3.011076596e-06	4.661654135e-06	-10
3.011076596e-06	4.661654135e-06	-10
3.011076596e-06	4.661654135e-06	-10
3.011076596e-06	4.661654135e-06	-10
3.011076596e-06	4.661654135e-06	-10
3.011076596e-06	4.661654135e-06	-10
3.011076596e-06	4.661654135e-06	-10
3.011076596e-06	4.661654135e-06	-10
3.011076596e-06	4.661654135e-06	-10
3.011076596e-06	4.661654135e-06	-10
3.011076596e-06	4.661654135e-06	-10
3.011076596e-06	4.661654135e-06	-10
3.011076596e-06	4.661654135e-06	-10
3.011076596e-06	4.661654135e-06	-10
3.011076596e-06	4.661654135e-06	-10
3.011076596e-06	4.661654135e-06	0
2.992279603e-06	4.661654135e-06	0
2.973482611e-06	4.661654135e-06	0
2.954685618e-06	4.661654135e-06	0
2.935888626e-06	4.661654135e-06	0
2.935888626e-06	4.661654135e-06	-10
2.935888626e-06	4.661654135e-06	-10
2.935888626e-06	4.661654135e-06	-10
2.935888626e-06	4.661654135e-06	-10
2.935888626e-06	4.661654135e-06	-10
2.935888626e-06	4.661654135e-06	-10
2.935888626e-06	4.661654135e-06	-10
2.935888626e-06	4.661654135e-06	-10
2.935888626e-06	4.661654135e-06	-10
2.935888626e-06	4.661654135e-06	-10
2.935888626e-06	4.661654135e-06	-10
2.935888626e-06	4.661654135e-06	-10
2.935888626e-06	4.661654135e-06	-10
2.935888626e-06	4.661654135e-06	-10
2.935888626e-06	4.661654135e-06	-10
2.935888626e-06	4.661654135e-06	-10
2.935888626e-06	4.661654135e-06	-10
2.935888626e-06	4.661654135e-06	-10
2.935888626e-06	4.661654135e-06	-10
2.935888626e-06	4.661654135e-06	-10
2.935888626e-06	4.661654135e-06	-10
2.935888626e-06	4.661654135e-06	-10
2.935888626e-06	4.661654135e-06	-10
2.935888626e-06	4.661654135e-06	-10
2.935888626e-06	4.661654135e-06	-10
2.935888626e-06	4.661654135e-06	0
2.917091633e-06	4.661654135e-06	0
2.898294641e-06	4.661654135e-06	0
2.879497648e-06	4.661654135e-06	0
2.860700656e-06	4.661654135e-06	0
2.860700656e-06	4.661654135e-06	-10
2.860700656e-06	4.661654135e-06	-10
2.860700656e-06	4.661654135e-06	-10
2.860700656e-06	4.661654135e-06	-10
2.860700656e-06	4.661654135e-06	-10
2.860700656e-06	4.661654135e-06	-10
2.860700656e-06	4.661654135e-06	-10
2.860700656e-06	4.661654135e-06	-10
2.860700656e-06	4.661654135e-06	-10
2.860700656e-06	4.661654135e-06	-10
2.860700656e-06	4.661654135e-06	-10
2.860700656e-06	4.661654135e-06	-10
2.860700656e-06	4.661654135e-06	-10
2.860700656e-06	4.661654135e-06	-10
2.860700656e-06	4.661654135e-06	-10
2.860700656e-06	4.661654135e-06	-10
2.860700656e-06	4.661654135e-06	-10
2.860700656e-06	4.661654135e-06	-10
2.860700656e-06	4.661654135e-06	-10
2.860700656e-06	4.661654135e-06	-10
2.860700656e-06	4.661654135e-06	-10
2.860700656e-06	4.661654135e-06	-10
2.860700656e-06	4.661654135e-06	-10
2.860700656e-06	4.661654135e-06	-10
2.860700656e-06	4.661654135e-06	-10
2.860700656e-06	4.661654135e-06	0
2.841903663e-06	4.661654135e-06	0
2.823106671e-06	4.661654135e-06	0
2.804309678e-06	4.661654135e-06	0
2.785512686e-06	4.661654135e-06	0
2.785512686e-06	4.661654135e-06	-10
2.785512686e-06	4.661654135e-06	-10
2.785512686e-06	4.661654135e-06	-10
2.785512686e-06	4.661654135e-06	-10
2.785512686e-06	4.661654135e-06	-10
2.785512686e-06	4.661654135e-06	-10
2.785512686e-06	4.661654135e-06	-10
2.785512686e-06	4.661654135e-06	-10
2.785512686e-06	4.661654135e-06	-10
2.785512686e-06	4.661654135e-06	-10
2.785512686e-06	4.661654135e-06	-10
2.785512686e-06	4.661654135e-06	-10
2.785512686e-06	4.661654135e-06	-10
2.785512686e-06	4.661654135e-06	-10
2.785512686e-06	4.661654135e-06	-10
2.785512686e-06	4.661654135e-06	-10
2.785512686e-06	4.661654135e-06	-10
2.785512686e-06	4.661654135e-06	-10
2.785512686e-06	4.661654135e-06	-10
2.785512686e-06	4.661654135e-06	-10
2.785512686e-06	4.661654135e-06	-10
2.785512686e-06	4.661654135e-06	-10
2.785512686e-06	4.661654135e-06	-10
2.785512686e-06	4.661654135e-06	-10
2.785512686e-06	4.661654135e-06	-10
2.785512686e-06	4.661654135e-06	0
2.766715694e-06	4.661654135e-06	0
2.747918701e-06	4.661654135e-06	0
2.729121709e-06	4.661654135e-06	0
2.710324716e-06	4.661654135e-06	0
2.710324716e-06	4.661654135e-06	-10
2.710324716e-06	4.661654135e-06	-10
2.710324716e-06	4.661654135e-06	-10
2.710324716e-06	4.661654135e-06	-10
2.710324716e-06	4.661654135e-06	-10
2.710324716e-06	4.661654135e-06	-10
2.710324716e-06	4.661654135e-06	-10
2.710324716e-06	4.661654135e-06	-10
2.710324716e-06	4.661654135e-06	-10
2.710324716e-06	4.661654135e-06	-10
2.710324716e-06	4.661654135e-06	-10
2.710324716e-06	4.661654135e-06	-10
2.710324716e-06	4.661654135e-06	-10
2.710324716e-06	4.661654135e-06	-10
2.710324716e-06	4.661654135e-06	-10
2.710324716e-06	4.661654135e-06	-10
2.710324716e-06	4.661654135e-06	-10
2.710324716e-06	4.661654135e-06	-10
2.710324716e-06	4.661654135e-06	-10
2.710324716e-06	4.661654135e-06	-10
2.710324716e-06	4.661654135e-06	-10
2.710324716e-06	4.661654135e-06	-10
2.710324716e-06	4.661654135e-06	-10
2.710324716e-06	4.661654135e-06	-10
2.710324716e-06	4.661654135e-06	-10
2.710324716e-06	4.661654135e-06	0
2.691527724e-06	4.661654135e-06	0
2.672730731e-06	4.661654135e-06	0
2.653933739e-06	4.661654135e-06	0
2.635136746e-06	4.661654135e-06	0
2.635136746e-06	4.661654135e-06	-10
2.635136746e-06	4.661654135e-06	-10
2.635136746e-06	4.661654135e-06	-10
2.635136746e-06	4.661654135e-06	-10
2.635136746e-06	4.661654135e-06	-10
2.635136746e-06	4.661654135e-06	-10
2.635136746e-06	4.661654135e-06	-10
2.635136746e-06	4.661654135e-06	-10
2.635136746e-06	4.661654135e-06	-10
2.635136746e-06	4.661654135e-06	-10
2.635136746e-06	4.661654135e-06	-10
2.635136746e-06	4.661654135e-06	-10
2.635136746e-06	4.661654135e-06	-10
2.635136746e-06	4.661654135e-06	-10
2.635136746e-06	4.661654135e-06	-10
2.635136746e-06	4.661654135e-06	-10
2.635136746e-06	4.661654135e-06	-10
2.635136746e-06	4.661654135e-06	-10
2.635136746e-06	4.661654135e-06	-10
2.635136746e-06	4.661654135e-06	-10
2.635136746e-06	4.661654135e-06	-10
2.635136746e-06	4.661654135e-06	-10
2.635136746e-06	4.661654135e-06	-10
2.635136746e-06	4.661654135e-06	-10
2.635136746e-06	4.661654135e-06	-10
2.635136746e-06	4.661654135e-06	0
2.616339754e-06	4.661654135e-06	0
2.597542761e-06	4.661654135e-06	0
2.578745769e-06	4.661654135e-06	0
2.559948776e-06	4.661654135e-06	0
2.559948776e-06	4.661654135e-06	-10
2.559948776e-06	4.661654135e-06	-10
2.559948776e-06	4.661654135e-06	-10
2.559948776e-06	4.661654135e-06	-10
2.559948776e-06	4.661654135e-06	-10
2.559948776e-06	4.661654135e-06	-10
2.559948776e-06	4.661654135e-06	-10
2.559948776e-06	4.661654135e-06	-10
2.559948776e-06	4.661654135e-06	-10
2.559948776e-06	4.661654135e-06	-10
2.559948776e-06	4.661654135e-06	-10
2.559948776e-06	4.661654135e-06	-10
2.559948776e-06	4.661654135e-06	-10
2.559948776e-06	4.661654135e-06	-10
2.559948776e-06	4.661654135e-06	-10
2.559948776e-06	4.661654135e-06	-10
2.559948776e-06	4.661654135e-06	-10
2.559948776e-06	4.661654135e-06	-10
2.559948776e-06	4.661654135e-06	-10
2.559948776e-06	4.661654135e-06	-10
2.559948776e-06	4.661654135e-06	-10
2.559948776e-06	4.661654135e-06	-10
2.559948776e-06	4.661654135e-06	-10
2.559948776e-06	4.661654135e-06	-10
2.559948776e-06	4.661654135e-06	-10
2.559948776e-06	4.661654135e-06	0
2.541151784e-06	4.661654135e-06	0
2.522354791e-06	4.661654135e-06	0
2.503557799e-06	4.661654135e-06	0
2.484760806e-06	4.661654135e-06	0
2.484760806e-06	4.661654135e-06	-10
2.484760806e-06	4.661654135e-06	-10
2.484760806e-06	4.661654135e-06	-10
2.484760806e-06	4.661654135e-06	-10
2.484760806e-06	4.661654135e-06	-10
2.484760806e-06	4.661654135e-06	-10
2.484760806e-06	4.661654135e-06	-10
2.484760806e-06	4.661654135e-06	-10
2.484760806e-06	4.661654135e-06	-10
2.484760806e-06	4.661654135e-06	-10
2.484760806e-06	4.661654135e-06	-10
2.484760806e-06	4.661654135e-06	-10
2.484760806e-06	4.661654135e-06	-10
2.484760806e-06	4.661654135e-06	-10
2.484760806e-06	4.661654135e-06	-10
2.484760806e-06	4.661654135e-06	-10
2.484760806e-06	4.661654135e-06	-10
2.484760806e-06	4.661654135e-06	-10
2.484760806e-06	4.661654135e-06	-10
2.484760806e-06	4.661654135e-06	-10
2.484760806e-06	4.661654135e-06	-10
2.484760806e-06	4.661654135e-06	-10
2.484760806e-06	4.661654135e-06	-10
2.484760806e-06	4.661654135e-06	-10
2.484760806e-06	4.661654135e-06	-10
2.484760806e-06	4.661654135e-06	0
2.465963814e-06	4.661654135e-06	0
2.447166821e-06	4.661654135e-06	0
2.428369829e-06	4.661654135e-06	0
2.409572836e-06	4.661654135e-06	0
2.409572836e-06	4.661654135e-06	-10
2.409572836e-06	4.661654135e-06	-10
2.409572836e-06	4.661654135e-06	-10
2.409572836e-06	4.661654135e-06	-10
2.409572836e-06	4.661654135e-06	-10
2.409572836e-06	4.661654135e-06	-10
2.409572836e-06	4.661654135e-06	-10
2.409572836e-06	4.661654135e-06	-10
2.409572836e-06	4.661654135e-06	-10
2.409572836e-06	4.661654135e-06	-10
2.409572836e-06	4.661654135e-06	-10
2.409572836e-06	4.661654135e-06	-10
2.409572836e-06	4.661654135e-06	-10
2.409572836e-06	4.661654135e-06	-10
2.409572836e-06	4.661654135e-06	-10
2.409572836e-06	4.661654135e-06	-10
2.409572836e-06	4.661654135e-06	-10
2.409572836e-06	4.661654135e-06	-10
2.409572836e-06	4.661654135e-06	-10
2.409572836e-06	4.661654135e-06	-10
2.409572836e-06	4.661654135e-06	-10
2.409572836e-06	4.661654135e-06	-10
2.409572836e-06	4.661654135e-06	-10
2.409572836e-06	4.661654135e-06	-10
2.409572836e-06	4.661654135e-06	-10
2.409572836e-06	4.661654135e-06	0
2.390775844e-06	4.661654135e-06	0
2.371978851e-06	4.661654135e-06	0
2.353181859e-06	4.661654135e-06	0
2.334384866e-06	4.661654135e-06	0
2.334384866e-06	4.661654135e-06	-10
2.334384866e-06	4.661654135e-06	-10
2.334384866e-06	4.661654135e-06	-10
2.334384866e-06	4.661654135e-06	-10
2.334384866e-06	4.661654135e-06	-10
2.334384866e-06	4.661654135e-06	-10
2.334384866e-06	4.661654135e-06	-10
2.334384866e-06	4.661654135e-06	-10
2.334384866e-06	4.661654135e-06	-10
2.334384866e-06	4.661654135e-06	-10
2.334384866e-06	4.661654135e-06	-10
2.334384866e-06	4.661654135e-06	-10
2.334384866e-06	4.661654135e-06	-10
2.334384866e-06	4.661654135e-06	-10
2.334384866e-06	4.661654135e-06	-10
2.334384866e-06	4.661654135e-06	-10
2.334384866e-06	4.661654135e-06	-10
2.334384866e-06	4.661654135e-06	-10
2.334384866e-06	4.661654135e-06	-10
2.334384866e-06	4.661654135e-06	-10
2.334384866e-06	4.661654135e-06	-10
2.334384866e-06	4.661654135e-06	-10
2.334384866e-06	4.661654135e-06	-10
2.334384866e-06	4.661654135e-06	-10
2.334384866e-06	4.661654135e-06	-10
2.334384866e-06	4.661654135e-06	0
2.334384866e-06	4.680451128e-06	0
2.334384866e-06	4.69924812e-06	0
2.334384866e-06	4.718045113e-06	0
2.334384866e-06	4.736842105e-06	0
2.334384866e-06	4.736842105e-06	10
2.334384866e-06	4.736842105e-06	10
2.334384866e-06	4.736842105e-06	10
2.334384866e-06	4.736842105e-06	10
2.334384866e-06	4.736842105e-06	10
2.334384866e-06	4.736842105e-06	10
2.334384866e-06	4.736842105e-06	10
2.334384866e-06	4.736842105e-06	10
2.334384866e-06	4.736842105e-06	10
2.334384866e-06	4.736842105e-06	10
2.334384866e-06	4.736842105e-06	10
2.334384866e-06	4.736842105e-06	10
2.334384866e-06	4.736842105e-06	10
2.334384866e-06	4.736842105e-06	10
2.334384866e-06	4.736842105e-06	10
2.334384866e-06	4.736842105e-06	10
2.334384866e-06	4.736842105e-06	10
2.334384866e-06	4.736842105e-06	10
2.334384866e-06	4.736842105e-06	10
2.334384866e-06	4.736842105e-06	10
2.334384866e-06	4.736842105e-06	10
2.334384866e-06	4.736842105e-06	10
2.334384866e-06	4.736842105e-06	10
2.334384866e-06	4.736842105e-06	10
2.334384866e-06	4.736842105e-06	10
2.334384866e-06	4.736842105e-06	0
2.353181859e-06	4.736842105e-06	0
2.371978851e-06	4.736842105e-06	0
2.390775844e-06	4.736842105e-06	0
2.409572836e-06	4.736842105e-06	0
2.409572836e-06	4.736842105e-06	10
2.409572836e-06	4.736842105e-06	10
2.409572836e-06	4.736842105e-06	10
2.409572836e-06	4.736842105e-06	10
2.409572836e-06	4.736842105e-06	10
2.409572836e-06	4.736842105e-06	10
2.409572836e-06	4.736842105e-06	10
2.409572836e-06	4.736842105e-06	10
2.409572836e-06	4.736842105e-06	10
2.409572836e-06	4.736842105e-06	10
2.409572836e-06	4.736842105e-06	10
2.409572836e-06	4.736842105e-06	10
2.409572836e-06	4.736842105e-06	10
2.409572836e-06	4.736842105e-06	10
2.409572836e-06	4.736842105e-06	10
2.409572836e-06	4.736842105e-06	10
2.409572836e-06	4.736842105e-06	10
2.409572836e-06	4.736842105e-06	10
2.409572836e-06	4.736842105e-06	10
2.409572836e-06	4.736842105e-06	10
2.409572836e-06	4.736842105e-06	10
2.409572836e-06	4.736842105e-06	10
2.409572836e-06	4.736842105e-06	10
2.409572836e-06	4.736842105e-06	10
2.409572836e-06	4.736842105e-06	10
2.409572836e-06	4.736842105e-06	0
2.428369829e-06	4.736842105e-06	0
2.447166821e-06	4.736842105e-06	0
2.465963814e-06	4.736842105e-06	0
2.484760806e-06	4.736842105e-06	0
2.484760806e-06	4.736842105e-06	10
2.484760806e-06	4.736842105e-06	10
2.484760806e-06	4.736842105e-06	10
2.484760806e-06	4.736842105e-06	10
2.484760806e-06	4.736842105e-06	10
2.484760806e-06	4.736842105e-06	10
2.484760806e-06	4.736842105e-06	10
2.484760806e-06	4.736842105e-06	10
2.484760806e-06	4.736842105e-06	10
2.484760806e-06	4.736842105e-06	10
2.484760806e-06	4.736842105e-06	10
2.484760806e-06	4.736842105e-06	10
2.484760806e-06	4.736842105e-06	10
2.484760806e-06	4.736842105e-06	10
2.484760806e-06	4.736842105e-06	10
2.484760806e-06	4.736842105e-06	10
2.484760806e-06	4.736842105e-06	10
2.484760806e-06	4.736842105e-06	10
2.484760806e-06	4.736842105e-06	10
2.484760806e-06	4.736842105e-06	10
2.484760806e-06	4.736842105e-06	10
2.484760806e-06	4.736842105e-06	10
2.484760806e-06	4.736842105e-06	10
2.484760806e-06	4.736842105e-06	10
2.484760806e-06	4.736842105e-06	10
2.484760806e-06	4.736842105e-06	0
2.503557799e-06	4.736842105e-06	0
2.522354791e-06	4.736842105e-06	0
2.541151784e-06	4.736842105e-06	0
2.559948776e-06	4.736842105e-06	0
2.559948776e-06	4.736842105e-06	10
2.559948776e-06	4.736842105e-06	10
2.559948776e-06	4.736842105e-06	10
2.559948776e-06	4.736842105e-06	10
2.559948776e-06	4.736842105e-06	10
2.559948776e-06	4.736842105e-06	10
2.559948776e-06	4.736842105e-06	10
2.559948776e-06	4.736842105e-06	10
2.559948776e-06	4.736842105e-06	10
2.559948776e-06	4.736842105e-06	10
2.559948776e-06	4.736842105e-06	10
2.559948776e-06	4.736842105e-06	10
2.559948776e-06	4.736842105e-06	10
2.559948776e-06	4.736842105e-06	10
2.559948776e-06	4.736842105e-06	10
2.559948776e-06	4.736842105e-06	10
2.559948776e-06	4.736842105e-06	10
2.559948776e-06	4.736842105e-06	10
2.559948776e-06	4.736842105e-06	10
2.559948776e-06	4.736842105e-06	10
2.559948776e-06	4.736842105e-06	10
2.559948776e-06	4.736842105e-06	10
2.559948776e-06	4.736842105e-06	10
2.559948776e-06	4.736842105e-06	10
2.559948776e-06	4.736842105e-06	10
2.559948776e-06	4.736842105e-06	0
2.578745769e-06	4.736842105e-06	0
2.597542761e-06	4.736842105e-06	0
2.616339754e-06	4.736842105e-06	0
2.635136746e-06	4.736842105e-06	0
2.635136746e-06	4.736842105e-06	10
2.635136746e-06	4.736842105e-06	10
2.635136746e-06	4.736842105e-06	10
2.635136746e-06	4.736842105e-06	10
2.635136746e-06	4.736842105e-06	10
2.635136746e-06	4.736842105e-06	10
2.635136746e-06	4.736842105e-06	10
2.635136746e-06	4.736842105e-06	10
2.635136746e-06	4.736842105e-06	10
2.635136746e-06	4.736842105e-06	10
2.635136746e-06	4.736842105e-06	10
2.635136746e-06	4.736842105e-06	10
2.635136746e-06	4.736842105e-06	10
2.635136746e-06	4.736842105e-06	10
2.635136746e-06	4.736842105e-06	10
2.635136746e-06	4.736842105e-06	10
2.635136746e-06	4.736842105e-06	10
2.635136746e-06	4.736842105e-06	10
2.635136746e-06	4.736842105e-06	10
2.635136746e-06	4.736842105e-06	10
2.635136746e-06	4.736842105e-06	10
2.635136746e-06	4.736842105e-06	10
2.635136746e-06	4.736842105e-06	10
2.635136746e-06	4.736842105e-06	10
2.635136746e-06	4.736842105e-06	10
2.635136746e-06	4.736842105e-06	0
2.653933739e-06	4.736842105e-06	0
2.672730731e-06	4.736842105e-06	0
2.691527724e-06	4.736842105e-06	0
2.710324716e-06	4.736842105e-06	0
2.710324716e-06	4.736842105e-06	10
2.710324716e-06	4.736842105e-06	10
2.710324716e-06	4.736842105e-06	10
2.710324716e-06	4.736842105e-06	10
2.710324716e-06	4.736842105e-06	10
2.710324716e-06	4.736842105e-06	10
2.710324716e-06	4.736842105e-06	10
2.710324716e-06	4.736842105e-06	10
2.710324716e-06	4.736842105e-06	10
2.710324716e-06	4.736842105e-06	10
2.710324716e-06	4.736842105e-06	10
2.710324716e-06	4.736842105e-06	10
2.710324716e-06	4.736842105e-06	10
2.710324716e-06	4.736842105e-06	10
2.710324716e-06	4.736842105e-06	10
2.710324716e-06	4.736842105e-06	10
2.710324716e-06	4.736842105e-06	10
2.710324716e-06	4.736842105e-06	10
2.710324716e-06	4.736842105e-06	10
2.710324716e-06	4.736842105e-06	10
2.710324716e-06	4.736842105e-06	10
2.710324716e-06	4.736842105e-06	10
2.710324716e-06	4.736842105e-06	10
2.710324716e-06	4.736842105e-06	10
2.710324716e-06	4.736842105e-06	10
2.710324716e-06	4.736842105e-06	0
2.729121709e-06	4.736842105e-06	0
2.747918701e-06	4.736842105e-06	0
2.766715694e-06	4.736842105e-06	0
2.785512686e-06	4.736842105e-06	0
2.785512686e-06	4.736842105e-06	10
2.785512686e-06	4.736842105e-06	10
2.785512686e-06	4.736842105e-06	10
2.785512686e-06	4.736842105e-06	10
2.785512686e-06	4.736842105e-06	10
2.785512686e-06	4.736842105e-06	10
2.785512686e-06	4.736842105e-06	10
2.785512686e-06	4.736842105e-06	10
2.785512686e-06	4.736842105e-06	10
2.785512686e-06	4.736842105e-06	10
2.785512686e-06	4.736842105e-06	10
2.785512686e-06	4.736842105e-06	10
2.785512686e-06	4.736842105e-06	10
2.785512686e-06	4.736842105e-06	10
2.785512686e-06	4.736842105e-06	10
2.785512686e-06	4.736842105e-06	10
2.785512686e-06	4.736842105e-06	10
2.785512686e-06	4.736842105e-06	10
2.785512686e-06	4.736842105e-06	10
2.785512686e-06	4.736842105e-06	10
2.785512686e-06	4.736842105e-06	10
2.785512686e-06	4.736842105e-06	10
2.785512686e-06	4.736842105e-06	10
2.785512686e-06	4.736842105e-06	10
2.785512686e-06	4.736842105e-06	10
2.785512686e-06	4.736842105e-06	0
2.804309678e-06	4.736842105e-06	0
2.823106671e-06	4.736842105e-06	0
2.841903663e-06	4.736842105e-06	0
2.860700656e-06	4.736842105e-06	0
2.860700656e-06	4.736842105e-06	10
2.860700656e-06	4.736842105e-06	10
2.860700656e-06	4.736842105e-06	10
2.860700656e-06	4.736842105e-06	10
2.860700656e-06	4.736842105e-06	10
2.860700656e-06	4.736842105e-06	10
2.860700656e-06	4.736842105e-06	10
2.860700656e-06	4.736842105e-06	10
2.860700656e-06	4.736842105e-06	10
2.860700656e-06	4.736842105e-06	10
2.860700656e-06	4.736842105e-06	10
2.860700656e-06	4.736842105e-06	10
2.860700656e-06	4.736842105e-06	10
2.860700656e-06	4.736842105e-06	10
2.860700656e-06	4.736842105e-06	10
2.860700656e-06	4.736842105e-06	10
2.860700656e-06	4.736842105e-06	10
2.860700656e-06	4.736842105e-06	10
2.860700656e-06	4.736842105e-06	10
2.860700656e-06	4.736842105e-06	10
2.860700656e-06	4.736842105e-06	10
2.860700656e-06	4.736842105e-06	10
2.860700656e-06	4.736842105e-06	10
2.860700656e-06	4.736842105e-06	10
2.860700656e-06	4.736842105e-06	10
2.860700656e-06	4.736842105e-06	0
2.879497648e-06	4.736842105e-06	0
2.898294641e-06	4.736842105e-06	0
2.917091633e-06	4.736842105e-06	0
2.935888626e-06	4.736842105e-06	0
2.935888626e-06	4.736842105e-06	10
2.935888626e-06	4.736842105e-06	10
2.935888626e-06	4.736842105e-06	10
2.935888626e-06	4.736842105e-06	10
2.935888626e-06	4.736842105e-06	10
2.935888626e-06	4.736842105e-06	10
2.935888626e-06	4.736842105e-06	10
2.935888626e-06	4.736842105e-06	10
2.935888626e-06	4.736842105e-06	10
2.935888626e-06	4.736842105e-06	10
2.935888626e-06	4.736842105e-06	10
2.935888626e-06	4.736842105e-06	10
2.935888626e-06	4.736842105e-06	10
2.935888626e-06	4.736842105e-06	10
2.935888626e-06	4.736842105e-06	10
2.935888626e-06	4.736842105e-06	10
2.935888626e-06	4.736842105e-06	10
2.935888626e-06	4.736842105e-06	10
2.935888626e-06	4.736842105e-06	10
2.935888626e-06	4.736842105e-06	10
2.935888626e-06	4.736842105e-06	10
2.935888626e-06	4.736842105e-06	10
2.935888626e-06	4.736842105e-06	10
2.935888626e-06	4.736842105e-06	10
2.935888626e-06	4.736842105e-06	10
2.935888626e-06	4.736842105e-06	0
2.954685618e-06	4.736842105e-06	0
2.973482611e-06	4.736842105e-06	0
2.992279603e-06	4.736842105e-06	0
3.011076596e-06	4.736842105e-06	0
3.011076596e-06	4.736842105e-06	10
3.011076596e-06	4.736842105e-06	10
3.011076596e-06	4.736842105e-06	10
3.011076596e-06	4.736842105e-06	10
3.011076596e-06	4.736842105e-06	10
3.011076596e-06	4.736842105e-06	10
3.011076596e-06	4.736842105e-06	10
3.011076596e-06	4.736842105e-06	10
3.011076596e-06	4.736842105e-06	10
3.011076596e-06	4.736842105e-06	10
3.011076596e-06	4.736842105e-06	10
3.011076596e-06	4.736842105e-06	10
3.011076596e-06	4.736842105e-06	10
3.011076596e-06	4.736842105e-06	10
3.011076596e-06	4.736842105e-06	10
3.011076596e-06	4.736842105e-06	10
3.011076596e-06	4.736842105e-06	10
3.011076596e-06	4.736842105e-06	10
3.011076596e-06	4.736842105e-06	10
3.011076596e-06	4.736842105e-06	10
3.011076596e-06	4.736842105e-06	10
3.011076596e-06	4.736842105e-06	10
3.011076596e-06	4.736842105e-06	10
3.011076596e-06	4.736842105e-06	10
3.011076596e-06	4.736842105e-06	10
3.011076596e-06	4.736842105e-06	0
3.029873588e-06	4.736842105e-06	0
3.048670581e-06	4.736842105e-06	0
3.067467573e-06	4.736842105e-06	0
3.086264566e-06	4.736842105e-06	0
3.086264566e-06	4.736842105e-06	10
3.086264566e-06	4.736842105e-06	10
3.086264566e-06	4.736842105e-06	10
3.086264566e-06	4.736842105e-06	10
3.086264566e-06	4.736842105e-06	10
3.086264566e-06	4.736842105e-06	10
3.086264566e-06	4.736842105e-06	10
3.086264566e-06	4.736842105e-06	10
3.086264566e-06	4.736842105e-06	10
3.086264566e-06	4.736842105e-06	10
3.086264566e-06	4.736842105e-06	10
3.086264566e-06	4.736842105e-06	10
3.086264566e-06	4.736842105e-06	10
3.086264566e-06	4.736842105e-06	10
3.086264566e-06	4.736842105e-06	10
3.086264566e-06	4.736842105e-06	10
3.086264566e-06	4.736842105e-06	10
3.086264566e-06	4.736842105e-06	10
3.086264566e-06	4.736842105e-06	10
3.086264566e-06	4.736842105e-06	10
3.086264566e-06	4.736842105e-06	10
3.086264566e-06	4.736842105e-06	10
3.086264566e-06	4.736842105e-06	10
3.086264566e-06	4.736842105e-06	10
3.086264566e-06	4.736842105e-06	10
3.086264566e-06	4.736842105e-06	0
3.105061558e-06	4.736842105e-06	0
3.123858551e-06	4.736842105e-06	0
3.142655543e-06	4.736842105e-06	0
3.161452536e-06	4.736842105e-06	0
3.161452536e-06	4.736842105e-06	10
3.161452536e-06	4.736842105e-06	10
3.161452536e-06	4.736842105e-06	10
3.161452536e-06	4.736842105e-06	10
3.161452536e-06	4.736842105e-06	10
3.161452536e-06	4.736842105e-06	10
3.161452536e-06	4.736842105e-06	10
3.161452536e-06	4.736842105e-06	10
3.161452536e-06	4.736842105e-06	10
3.161452536e-06	4.736842105e-06	10
3.161452536e-06	4.736842105e-06	10
3.161452536e-06	4.736842105e-06	10
3.161452536e-06	4.736842105e-06	10
3.161452536e-06	4.736842105e-06	10
3.161452536e-06	4.736842105e-06	10
3.161452536e-06	4.736842105e-06	10
3.161452536e-06	4.736842105e-06	10
3.161452536e-06	4.736842105e-06	10
3.161452536e-06	4.736842105e-06	10
3.161452536e-06	4.736842105e-06	10
3.161452536e-06	4.736842105e-06	10
3.161452536e-06	4.736842105e-06	10
3.161452536e-06	4.736842105e-06	10
3.161452536e-06	4.736842105e-06	10
3.161452536e-06	4.736842105e-06	10
3.161452536e-06	4.736842105e-06	0
3.180249528e-06	4.736842105e-06	0
3.199046521e-06	4.736842105e-06	0
3.217843513e-06	4.736842105e-06	0
3.236640506e-06	4.736842105e-06	0
3.236640506e-06	4.736842105e-06	10
3.236640506e-06	4.736842105e-06	10
3.236640506e-06	4.736842105e-06	10
3.236640506e-06	4.736842105e-06	10
3.236640506e-06	4.736842105e-06	10
3.236640506e-06	4.736842105e-06	10
3.236640506e-06	4.736842105e-06	10
3.236640506e-06	4.736842105e-06	10
3.236640506e-06	4.736842105e-06	10
3.236640506e-06	4.736842105e-06	10
3.236640506e-06	4.736842105e-06	10
3.236640506e-06	4.736842105e-06	10
3.236640506e-06	4.736842105e-06	10
3.236640506e-06	4.736842105e-06	10
3.236640506e-06	4.736842105e-06	10
3.236640506e-06	4.736842105e-06	10
3.236640506e-06	4.736842105e-06	10
3.236640506e-06	4.736842105e-06	10
3.236640506e-06	4.736842105e-06	10
3.236640506e-06	4.736842105e-06	10
3.236640506e-06	4.736842105e-06	10
3.236640506e-06	4.736842105e-06	10
3.236640506e-06	4.736842105e-06	10
3.236640506e-06	4.736842105e-06	10
3.236640506e-06	4.736842105e-06	10
3.236640506e-06	4.736842105e-06	0
3.255437498e-06	4.736842105e-06	0
3.274234491e-06	4.736842105e-06	0
3.293031483e-06	4.736842105e-06	0
3.311828475e-06	4.736842105e-06	0
3.311828475e-06	4.736842105e-06	10
3.311828475e-06	4.736842105e-06	10
3.311828475e-06	4.736842105e-06	10
3.311828475e-06	4.736842105e-06	10
3.311828475e-06	4.736842105e-06	10
3.311828475e-06	4.736842105e-06	10
3.311828475e-06	4.736842105e-06	10
3.311828475e-06	4.736842105e-06	10
3.311828475e-06	4.736842105e-06	10
3.311828475e-06	4.736842105e-06	10
3.311828475e-06	4.736842105e-06	10
3.311828475e-06	4.736842105e-06	10
3.311828475e-06	4.736842105e-06	10
3.311828475e-06	4.736842105e-06	10
3.311828475e-06	4.736842105e-06	10
3.311828475e-06	4.736842105e-06	10
3.311828475e-06	4.736842105e-06	10
3.311828475e-06	4.736842105e-06	10
3.311828475e-06	4.736842105e-06	10
3.311828475e-06	4.736842105e-06	10
3.311828475e-06	4.736842105e-06	10
3.311828475e-06	4.736842105e-06	10
3.311828475e-06	4.736842105e-06	10
3.311828475e-06	4.736842105e-06	10
3.311828475e-06	4.736842105e-06	10
3.311828475e-06	4.736842105e-06	0
3.330625468e-06	4.736842105e-06	0
3.34942246e-06	4.736842105e-06	0
3.368219453e-06	4.736842105e-06	0
3.387016445e-06	4.736842105e-06	0
3.387016445e-06	4.736842105e-06	10
3.387016445e-06	4.736842105e-06	10
3.387016445e-06	4.736842105e-06	10
3.387016445e-06	4.736842105e-06	10
3.387016445e-06	4.736842105e-06	10
3.387016445e-06	4.736842105e-06	10
3.387016445e-06	4.736842105e-06	10
3.387016445e-06	4.736842105e-06	10
3.387016445e-06	4.736842105e-06	10
3.387016445e-06	4.736842105e-06	10
3.387016445e-06	4.736842105e-06	10
3.387016445e-06	4.736842105e-06	10
3.387016445e-06	4.736842105e-06	10
3.387016445e-06	4.736842105e-06	10
3.387016445e-06	4.736842105e-06	10
3.387016445e-06	4.736842105e-06	10
3.387016445e-06	4.736842105e-06	10
3.387016445e-06	4.736842105e-06	10
3.387016445e-06	4.736842105e-06	10
3.387016445e-06	4.736842105e-06	10
3.387016445e-06	4.736842105e-06	10
3.387016445e-06	4.736842105e-06	10
3.387016445e-06	4.736842105e-06	10
3.387016445e-06	4.736842105e-06	10
3.387016445e-06	4.736842105e-06	10
3.387016445e-06	4.736842105e-06	0
3.405813438e-06	4.736842105e-06	0
3.42461043e-06	4.736842105e-06	0
3.443407423e-06	4.736842105e-06	0
3.462204415e-06	4.736842105e-06	0
3.462204415e-06	4.736842105e-06	10
3.462204415e-06	4.736842105e-06	10
3.462204415e-06	4.736842105e-06	10
3.462204415e-06	4.736842105e-06	10
3.462204415e-06	4.736842105e-06	10
3.462204415e-06	4.736842105e-06	10
3.462204415e-06	4.736842105e-06	10
3.462204415e-06	4.736842105e-06	10
3.462204415e-06	4.736842105e-06	10
3.462204415e-06	4.736842105e-06	10
3.462204415e-06	4.736842105e-06	10
3.462204415e-06	4.736842105e-06	10
3.462204415e-06	4.736842105e-06	10
3.462204415e-06	4.736842105e-06	10
3.462204415e-06	4.736842105e-06	10
3.462204415e-06	4.736842105e-06	10
3.462204415e-06	4.736842105e-06	10
3.462204415e-06	4.736842105e-06	10
3.462204415e-06	4.736842105e-06	10
3.462204415e-06	4.736842105e-06	10
3.462204415e-06	4.736842105e-06	10
3.462204415e-06	4.736842105e-06	10
3.462204415e-06	4.736842105e-06	10
3.462204415e-06	4.736842105e-06	10
3.462204415e-06	4.736842105e-06	10
3.462204415e-06	4.736842105e-06	0
3.481001408e-06	4.736842105e-06	0
3.4997984e-06	4.736842105e-06	0
3.518595393e-06	4.736842105e-06	0
3.537392385e-06	4.736842105e-06	0
3.537392385e-06	4.736842105e-06	10
3.537392385e-06	4.736842105e-06	10
3.537392385e-06	4.736842105e-06	10
3.537392385e-06	4.736842105e-06	10
3.537392385e-06	4.736842105e-06	10
3.537392385e-06	4.736842105e-06	10
3.537392385e-06	4.736842105e-06	10
3.537392385e-06	4.736842105e-06	10
3.537392385e-06	4.736842105e-06	10
3.537392385e-06	4.736842105e-06	10
3.537392385e-06	4.736842105e-06	10
3.537392385e-06	4.736842105e-06	10
3.537392385e-06	4.736842105e-06	10
3.537392385e-06	4.736842105e-06	10
3.537392385e-06	4.736842105e-06	10
3.537392385e-06	4.736842105e-06	10
3.537392385e-06	4.736842105e-06	10
3.537392385e-06	4.736842105e-06	10
3.537392385e-06	4.736842105e-06	10
3.537392385e-06	4.736842105e-06	10
3.537392385e-06	4.736842105e-06	10
3.537392385e-06	4.736842105e-06	10
3.537392385e-06	4.736842105e-06	10
3.537392385e-06	4.736842105e-06	10
3.537392385e-06	4.736842105e-06	10
3.537392385e-06	4.736842105e-06	0
3.556189378e-06	4.736842105e-06	0
3.57498637e-06	4.736842105e-06	0
3.593783363e-06	4.736842105e-06	0
3.612580355e-06	4.736842105e-06	0
3.612580355e-06	4.736842105e-06	10
3.612580355e-06	4.736842105e-06	10
3.612580355e-06	4.736842105e-06	10
3.612580355e-06	4.736842105e-06	10
3.612580355e-06	4.736842105e-06	10
3.612580355e-06	4.736842105e-06	10
3.612580355e-06	4.736842105e-06	10
3.612580355e-06	4.736842105e-06	10
3.612580355e-06	4.736842105e-06	10
3.612580355e-06	4.736842105e-06	10
3.612580355e-06	4.736842105e-06	10
3.612580355e-06	4.736842105e-06	10
3.612580355e-06	4.736842105e-06	10
3.612580355e-06	4.736842105e-06	10
3.612580355e-06	4.736842105e-06	10
3.612580355e-06	4.736842105e-06	10
3.612580355e-06	4.736842105e-06	10
3.612580355e-06	4.736842105e-06	10
3.612580355e-06	4.736842105e-06	10
3.612580355e-06	4.736842105e-06	10
3.612580355e-06	4.736842105e-06	10
3.612580355e-06	4.736842105e-06	10
3.612580355e-06	4.736842105e-06	10
3.612580355e-06	4.736842105e-06	10
3.612580355e-06	4.736842105e-06	10
3.612580355e-06	4.736842105e-06	0
3.631377348e-06	4.736842105e-06	0
3.65017434e-06	4.736842105e-06	0
3.668971333e-06	4.736842105e-06	0
3.687768325e-06	4.736842105e-06	0
3.687768325e-06	4.736842105e-06	10
3.687768325e-06	4.736842105e-06	10
3.687768325e-06	4.736842105e-06	10
3.687768325e-06	4.736842105e-06	10
3.687768325e-06	4.736842105e-06	10
3.687768325e-06	4.736842105e-06	10
3.687768325e-06	4.736842105e-06	10
3.687768325e-06	4.736842105e-06	10
3.687768325e-06	4.736842105e-06	10
3.687768325e-06	4.736842105e-06	10
3.687768325e-06	4.736842105e-06	10
3.687768325e-06	4.736842105e-06	10
3.687768325e-06	4.736842105e-06	10
3.687768325e-06	4.736842105e-06	10
3.687768325e-06	4.736842105e-06	10
3.687768325e-06	4.736842105e-06	10
3.687768325e-06	4.736842105e-06	10
3.687768325e-06	4.736842105e-06	10
3.687768325e-06	4.736842105e-06	10
3.687768325e-06	4.736842105e-06	10
3.687768325e-06	4.736842105e-06	10
3.687768325e-06	4.736842105e-06	10
3.687768325e-06	4.736842105e-06	10
3.687768325e-06	4.736842105e-06	10
3.687768325e-06	4.736842105e-06	10
3.687768325e-06	4.736842105e-06	0
3.706565318e-06	4.736842105e-06	0
3.72536231e-06	4.736842105e-06	0
3.744159303e-06	4.736842105e-06	0
3.762956295e-06	4.736842105e-06	0
3.762956295e-06	4.736842105e-06	10
3.762956295e-06	4.736842105e-06	10
3.762956295e-06	4.736842105e-06	10
3.762956295e-06	4.736842105e-06	10
3.762956295e-06	4.736842105e-06	10
3.762956295e-06	4.736842105e-06	10
3.762956295e-06	4.736842105e-06	10
3.762956295e-06	4.736842105e-06	10
3.762956295e-06	4.736842105e-06	10
3.762956295e-06	4.736842105e-06	10
3.762956295e-06	4.736842105e-06	10
3.762956295e-06	4.736842105e-06	10
3.762956295e-06	4.736842105e-06	10
3.762956295e-06	4.736842105e-06	10
3.762956295e-06	4.736842105e-06	10
3.762956295e-06	4.736842105e-06	10
3.762956295e-06	4.736842105e-06	10
3.762956295e-06	4.736842105e-06	10
3.762956295e-06	4.736842105e-06	10
3.762956295e-06	4.736842105e-06	10
3.762956295e-06	4.736842105e-06	10
3.762956295e-06	4.736842105e-06	10
3.762956295e-06	4.736842105e-06	10
3.762956295e-06	4.736842105e-06	10
3.762956295e-06	4.736842105e-06	10
3.762956295e-06	4.736842105e-06	0
3.781753288e-06	4.736842105e-06	0
3.80055028e-06	4.736842105e-06	0
3.819347272e-06	4.736842105e-06	0
3.838144265e-06	4.736842105e-06	0
3.838144265e-06	4.736842105e-06	10
3.838144265e-06	4.736842105e-06	10
3.838144265e-06	4.736842105e-06	10
3.838144265e-06	4.736842105e-06	10
3.838144265e-06	4.736842105e-06	10
3.838144265e-06	4.736842105e-06	10
3.838144265e-06	4.736842105e-06	10
3.838144265e-06	4.736842105e-06	10
3.838144265e-06	4.736842105e-06	10
3.838144265e-06	4.736842105e-06	10
3.838144265e-06	4.736842105e-06	10
3.838144265e-06	4.736842105e-06	10
3.838144265e-06	4.736842105e-06	10
3.838144265e-06	4.736842105e-06	10
3.838144265e-06	4.736842105e-06	10
3.838144265e-06	4.736842105e-06	10
3.838144265e-06	4.736842105e-06	10
3.838144265e-06	4.736842105e-06	10
3.838144265e-06	4.736842105e-06	10
3.838144265e-06	4.736842105e-06	10
3.838144265e-06	4.736842105e-06	10
3.838144265e-06	4.736842105e-06	10
3.838144265e-06	4.736842105e-06	10
3.838144265e-06	4.736842105e-06	10
3.838144265e-06	4.736842105e-06	10
3.838144265e-06	4.736842105e-06	0
3.856941257e-06	4.736842105e-06	0
3.87573825e-06	4.736842105e-06	0
3.894535242e-06	4.736842105e-06	0
3.913332235e-06	4.736842105e-06	0
3.913332235e-06	4.736842105e-06	10
3.913332235e-06	4.736842105e-06	10
3.913332235e-06	4.736842105e-06	10
3.913332235e-06	4.736842105e-06	10
3.913332235e-06	4.736842105e-06	10
3.913332235e-06	4.736842105e-06	10
3.913332235e-06	4.736842105e-06	10
3.913332235e-06	4.736842105e-06	10
3.913332235e-06	4.736842105e-06	10
3.913332235e-06	4.736842105e-06	10
3.913332235e-06	4.736842105e-06	10
3.913332235e-06	4.736842105e-06	10
3.913332235e-06	4.736842105e-06	10
3.913332235e-06	4.736842105e-06	10
3.913332235e-06	4.736842105e-06	10
3.913332235e-06	4.736842105e-06	10
3.913332235e-06	4.736842105e-06	10
3.913332235e-06	4.736842105e-06	10
3.913332235e-06	4.736842105e-06	10
3.913332235e-06	4.736842105e-06	10
3.913332235e-06	4.736842105e-06	10
3.913332235e-06	4.736842105e-06	10
3.913332235e-06	4.736842105e-06	10
3.913332235e-06	4.736842105e-06	10
3.913332235e-06	4.736842105e-06	10
3.913332235e-06	4.736842105e-06	0
3.932129227e-06	4.736842105e-06	0
3.95092622e-06	4.736842105e-06	0
3.969723212e-06	4.736842105e-06	0
3.988520205e-06	4.736842105e-06	0
3.988520205e-06	4.736842105e-06	10
3.988520205e-06	4.736842105e-06	10
3.988520205e-06	4.736842105e-06	10
3.988520205e-06	4.736842105e-06	10
3.988520205e-06	4.736842105e-06	10
3.988520205e-06	4.736842105e-06	10
3.988520205e-06	4.736842105e-06	10
3.988520205e-06	4.736842105e-06	10
3.988520205e-06	4.736842105e-06	10
3.988520205e-06	4.736842105e-06	10
3.988520205e-06	4.736842105e-06	10
3.988520205e-06	4.736842105e-06	10
3.988520205e-06	4.736842105e-06	10
3.988520205e-06	4.736842105e-06	10
3.988520205e-06	4.736842105e-06	10
3.988520205e-06	4.736842105e-06	10
3.988520205e-06	4.736842105e-06	10
3.988520205e-06	4.736842105e-06	10
3.988520205e-06	4.736842105e-06	10
3.988520205e-06	4.736842105e-06	10
3.988520205e-06	4.736842105e-06	10
3.988520205e-06	4.736842105e-06	10
3.988520205e-06	4.736842105e-06	10
3.988520205e-06	4.736842105e-06	10
3.988520205e-06	4.736842105e-06	10
3.988520205e-06	4.736842105e-06	0
4.007317197e-06	4.736842105e-06	0
4.02611419e-06	4.736842105e-06	0
4.044911182e-06	4.736842105e-06	0
4.063708175e-06	4.736842105e-06	0
4.063708175e-06	4.736842105e-06	10
4.063708175e-06	4.736842105e-06	10
4.063708175e-06	4.736842105e-06	10
4.063708175e-06	4.736842105e-06	10
4.063708175e-06	4.736842105e-06	10
4.063708175e-06	4.736842105e-06	10
4.063708175e-06	4.736842105e-06	10
4.063708175e-06	4.736842105e-06	10
4.063708175e-06	4.736842105e-06	10
4.063708175e-06	4.736842105e-06	10
4.063708175e-06	4.736842105e-06	10
4.063708175e-06	4.736842105e-06	10
4.063708175e-06	4.736842105e-06	10
4.063708175e-06	4.736842105e-06	10
4.063708175e-06	4.736842105e-06	10
4.063708175e-06	4.736842105e-06	10
4.063708175e-06	4.736842105e-06	10
4.063708175e-06	4.736842105e-06	10
4.063708175e-06	4.736842105e-06	10
4.063708175e-06	4.736842105e-06	10
4.063708175e-06	4.736842105e-06	10
4.063708175e-06	4.736842105e-06	10
4.063708175e-06	4.736842105e-06	10
4.063708175e-06	4.736842105e-06	10
4.063708175e-06	4.736842105e-06	10
4.063708175e-06	4.736842105e-06	0
4.063708175e-06	4.755639098e-06	0
4.063708175e-06	4.77443609e-06	0
4.063708175e-06	4.793233083e-06	0
4.063708175e-06	4.812030075e-06	0
4.063708175e-06	4.812030075e-06	10
4.063708175e-06	4.812030075e-06	10
4.063708175e-06	4.812030075e-06	10
4.063708175e-06	4.812030075e-06	10
4.063708175e-06	4.812030075e-06	10
4.063708175e-06	4.812030075e-06	10
4.063708175e-06	4.812030075e-06	10
4.063708175e-06	4.812030075e-06	10
4.063708175e-06	4.812030075e-06	10
4.063708175e-06	4.812030075e-06	10
4.063708175e-06	4.812030075e-06	10
4.063708175e-06	4.812030075e-06	10
4.063708175e-06	4.812030075e-06	10
4.063708175e-06	4.812030075e-06	10
4.063708175e-06	4.812030075e-06	10
4.063708175e-06	4.812030075e-06	10
4.063708175e-06	4.812030075e-06	10
4.063708175e-06	4.812030075e-06	10
4.063708175e-06	4.812030075e-06	10
4.063708175e-06	4.812030075e-06	10
4.063708175e-06	4.812030075e-06	10
4.063708175e-06	4.812030075e-06	10
4.063708175e-06	4.812030075e-06	10
4.063708175e-06	4.812030075e-06	10
4.063708175e-06	4.812030075e-06	10
4.063708175e-06	4.812030075e-06	0
4.044911182e-06	4.812030075e-06	0
4.02611419e-06	4.812030075e-06	0
4.007317197e-06	4.812030075e-06	0
3.988520205e-06	4.812030075e-06	0
3.988520205e-06	4.812030075e-06	10
3.988520205e-06	4.812030075e-06	10
3.988520205e-06	4.812030075e-06	10
3.988520205e-06	4.812030075e-06	10
3.988520205e-06	4.812030075e-06	10
3.988520205e-06	4.812030075e-06	10
3.988520205e-06	4.812030075e-06	10
3.988520205e-06	4.812030075e-06	10
3.988520205e-06	4.812030075e-06	10
3.988520205e-06	4.812030075e-06	10
3.988520205e-06	4.812030075e-06	10
3.988520205e-06	4.812030075e-06	10
3.988520205e-06	4.812030075e-06	10
3.988520205e-06	4.812030075e-06	10
3.988520205e-06	4.812030075e-06	10
3.988520205e-06	4.812030075e-06	10
3.988520205e-06	4.812030075e-06	10
3.988520205e-06	4.812030075e-06	10
3.988520205e-06	4.812030075e-06	10
3.988520205e-06	4.812030075e-06	10
3.988520205e-06	4.812030075e-06	10
3.988520205e-06	4.812030075e-06	10
3.988520205e-06	4.812030075e-06	10
3.988520205e-06	4.812030075e-06	10
3.988520205e-06	4.812030075e-06	10
3.988520205e-06	4.812030075e-06	0
3.969723212e-06	4.812030075e-06	0
3.95092622e-06	4.812030075e-06	0
3.932129227e-06	4.812030075e-06	0
3.913332235e-06	4.812030075e-06	0
3.913332235e-06	4.812030075e-06	10
3.913332235e-06	4.812030075e-06	10
3.913332235e-06	4.812030075e-06	10
3.913332235e-06	4.812030075e-06	10
3.913332235e-06	4.812030075e-06	10
3.913332235e-06	4.812030075e-06	10
3.913332235e-06	4.812030075e-06	10
3.913332235e-06	4.812030075e-06	10
3.913332235e-06	4.812030075e-06	10
3.913332235e-06	4.812030075e-06	10
3.913332235e-06	4.812030075e-06	10
3.913332235e-06	4.812030075e-06	10
3.913332235e-06	4.812030075e-06	10
3.913332235e-06	4.812030075e-06	10
3.913332235e-06	4.812030075e-06	10
3.913332235e-06	4.812030075e-06	10
3.913332235e-06	4.812030075e-06	10
3.913332235e-06	4.812030075e-06	10
3.913332235e-06	4.812030075e-06	10
3.913332235e-06	4.812030075e-06	10
3.913332235e-06	4.812030075e-06	10
3.913332235e-06	4.812030075e-06	10
3.913332235e-06	4.812030075e-06	10
3.913332235e-06	4.812030075e-06	10
3.913332235e-06	4.812030075e-06	10
3.913332235e-06	4.812030075e-06	0
3.894535242e-06	4.812030075e-06	0
3.87573825e-06	4.812030075e-06	0
3.856941257e-06	4.812030075e-06	0
3.838144265e-06	4.812030075e-06	0
3.838144265e-06	4.812030075e-06	10
3.838144265e-06	4.812030075e-06	10
3.838144265e-06	4.812030075e-06	10
3.838144265e-06	4.812030075e-06	10
3.838144265e-06	4.812030075e-06	10
3.838144265e-06	4.812030075e-06	10
3.838144265e-06	4.812030075e-06	10
3.838144265e-06	4.812030075e-06	10
3.838144265e-06	4.812030075e-06	10
3.838144265e-06	4.812030075e-06	10
3.838144265e-06	4.812030075e-06	10
3.838144265e-06	4.812030075e-06	10
3.838144265e-06	4.812030075e-06	10
3.838144265e-06	4.812030075e-06	10
3.838144265e-06	4.812030075e-06	10
3.838144265e-06	4.812030075e-06	10
3.838144265e-06	4.812030075e-06	10
3.838144265e-06	4.812030075e-06	10
3.838144265e-06	4.812030075e-06	10
3.838144265e-06	4.812030075e-06	10
3.838144265e-06	4.812030075e-06	10
3.838144265e-06	4.812030075e-06	10
3.838144265e-06	4.812030075e-06	10
3.838144265e-06	4.812030075e-06	10
3.838144265e-06	4.812030075e-06	10
3.838144265e-06	4.812030075e-06	0
3.819347272e-06	4.812030075e-06	0
3.80055028e-06	4.812030075e-06	0
3.781753288e-06	4.812030075e-06	0
3.762956295e-06	4.812030075e-06	0
3.762956295e-06	4.812030075e-06	10
3.762956295e-06	4.812030075e-06	10
3.762956295e-06	4.812030075e-06	10
3.762956295e-06	4.812030075e-06	10
3.762956295e-06	4.812030075e-06	10
3.762956295e-06	4.812030075e-06	10
3.762956295e-06	4.812030075e-06	10
3.762956295e-06	4.812030075e-06	10
3.762956295e-06	4.812030075e-06	10
3.762956295e-06	4.812030075e-06	10
3.762956295e-06	4.812030075e-06	10
3.762956295e-06	4.812030075e-06	10
3.762956295e-06	4.812030075e-06	10
3.762956295e-06	4.812030075e-06	10
3.762956295e-06	4.812030075e-06	10
3.762956295e-06	4.812030075e-06	10
3.762956295e-06	4.812030075e-06	10
3.762956295e-06	4.812030075e-06	10
3.762956295e-06	4.812030075e-06	10
3.762956295e-06	4.812030075e-06	10
3.762956295e-06	4.812030075e-06	10
3.762956295e-06	4.812030075e-06	10
3.762956295e-06	4.812030075e-06	10
3.762956295e-06	4.812030075e-06	10
3.762956295e-06	4.812030075e-06	10
3.762956295e-06	4.812030075e-06	0
3.744159303e-06	4.812030075e-06	0
3.72536231e-06	4.812030075e-06	0
3.706565318e-06	4.812030075e-06	0
3.687768325e-06	4.812030075e-06	0
3.687768325e-06	4.812030075e-06	10
3.687768325e-06	4.812030075e-06	10
3.687768325e-06	4.812030075e-06	10
3.687768325e-06	4.812030075e-06	10
3.687768325e-06	4.812030075e-06	10
3.687768325e-06	4.812030075e-06	10
3.687768325e-06	4.812030075e-06	10
3.687768325e-06	4.812030075e-06	10
3.687768325e-06	4.812030075e-06	10
3.687768325e-06	4.812030075e-06	10
3.687768325e-06	4.812030075e-06	10
3.687768325e-06	4.812030075e-06	10
3.687768325e-06	4.812030075e-06	10
3.687768325e-06	4.812030075e-06	10
3.687768325e-06	4.812030075e-06	10
3.687768325e-06	4.812030075e-06	10
3.687768325e-06	4.812030075e-06	10
3.687768325e-06	4.812030075e-06	10
3.687768325e-06	4.812030075e-06	10
3.687768325e-06	4.812030075e-06	10
3.687768325e-06	4.812030075e-06	10
3.687768325e-06	4.812030075e-06	10
3.687768325e-06	4.812030075e-06	10
3.687768325e-06	4.812030075e-06	10
3.687768325e-06	4.812030075e-06	10
3.687768325e-06	4.812030075e-06	0
3.668971333e-06	4.812030075e-06	0
3.65017434e-06	4.812030075e-06	0
3.631377348e-06	4.812030075e-06	0
3.612580355e-06	4.812030075e-06	0
3.612580355e-06	4.812030075e-06	10
3.612580355e-06	4.812030075e-06	10
3.612580355e-06	4.812030075e-06	10
3.612580355e-06	4.812030075e-06	10
3.612580355e-06	4.812030075e-06	10
3.612580355e-06	4.812030075e-06	10
3.612580355e-06	4.812030075e-06	10
3.612580355e-06	4.812030075e-06	10
3.612580355e-06	4.812030075e-06	10
3.612580355e-06	4.812030075e-06	10
3.612580355e-06	4.812030075e-06	10
3.612580355e-06	4.812030075e-06	10
3.612580355e-06	4.812030075e-06	10
3.612580355e-06	4.812030075e-06	10
3.612580355e-06	4.812030075e-06	10
3.612580355e-06	4.812030075e-06	10
3.612580355e-06	4.812030075e-06	10
3.612580355e-06	4.812030075e-06	10
3.612580355e-06	4.812030075e-06	10
3.612580355e-06	4.812030075e-06	10
3.612580355e-06	4.812030075e-06	10
3.612580355e-06	4.812030075e-06	10
3.612580355e-06	4.812030075e-06	10
3.612580355e-06	4.812030075e-06	10
3.612580355e-06	4.812030075e-06	10
3.612580355e-06	4.812030075e-06	0
3.593783363e-06	4.812030075e-06	0
3.57498637e-06	4.812030075e-06	0
3.556189378e-06	4.812030075e-06	0
3.537392385e-06	4.812030075e-06	0
3.537392385e-06	4.812030075e-06	10
3.537392385e-06	4.812030075e-06	10
3.537392385e-06	4.812030075e-06	10
3.537392385e-06	4.812030075e-06	10
3.537392385e-06	4.812030075e-06	10
3.537392385e-06	4.812030075e-06	10
3.537392385e-06	4.812030075e-06	10
3.537392385e-06	4.812030075e-06	10
3.537392385e-06	4.812030075e-06	10
3.537392385e-06	4.812030075e-06	10
3.537392385e-06	4.812030075e-06	10
3.537392385e-06	4.812030075e-06	10
3.537392385e-06	4.812030075e-06	10
3.537392385e-06	4.812030075e-06	10
3.537392385e-06	4.812030075e-06	10
3.537392385e-06	4.812030075e-06	10
3.537392385e-06	4.812030075e-06	10
3.537392385e-06	4.812030075e-06	10
3.537392385e-06	4.812030075e-06	10
3.537392385e-06	4.812030075e-06	10
3.537392385e-06	4.812030075e-06	10
3.537392385e-06	4.812030075e-06	10
3.537392385e-06	4.812030075e-06	10
3.537392385e-06	4.812030075e-06	10
3.537392385e-06	4.812030075e-06	10
3.537392385e-06	4.812030075e-06	0
3.518595393e-06	4.812030075e-06	0
3.4997984e-06	4.812030075e-06	0
3.481001408e-06	4.812030075e-06	0
3.462204415e-06	4.812030075e-06	0
3.462204415e-06	4.812030075e-06	10
3.462204415e-06	4.812030075e-06	10
3.462204415e-06	4.812030075e-06	10
3.462204415e-06	4.812030075e-06	10
3.462204415e-06	4.812030075e-06	10
3.462204415e-06	4.812030075e-06	10
3.462204415e-06	4.812030075e-06	10
3.462204415e-06	4.812030075e-06	10
3.462204415e-06	4.812030075e-06	10
3.462204415e-06	4.812030075e-06	10
3.462204415e-06	4.812030075e-06	10
3.462204415e-06	4.812030075e-06	10
3.462204415e-06	4.812030075e-06	10
3.462204415e-06	4.812030075e-06	10
3.462204415e-06	4.812030075e-06	10
3.462204415e-06	4.812030075e-06	10
3.462204415e-06	4.812030075e-06	10
3.462204415e-06	4.812030075e-06	10
3.462204415e-06	4.812030075e-06	10
3.462204415e-06	4.812030075e-06	10
3.462204415e-06	4.812030075e-06	10
3.462204415e-06	4.812030075e-06	10
3.462204415e-06	4.812030075e-06	10
3.462204415e-06	4.812030075e-06	10
3.462204415e-06	4.812030075e-06	10
3.462204415e-06	4.812030075e-06	0
3.443407423e-06	4.812030075e-06	0
3.42461043e-06	4.812030075e-06	0
3.405813438e-06	4.812030075e-06	0
3.387016445e-06	4.812030075e-06	0
3.387016445e-06	4.812030075e-06	10
3.387016445e-06	4.812030075e-06	10
3.387016445e-06	4.812030075e-06	10
3.387016445e-06	4.812030075e-06	10
3.387016445e-06	4.812030075e-06	10
3.387016445e-06	4.812030075e-06	10
3.387016445e-06	4.812030075e-06	10
3.387016445e-06	4.812030075e-06	10
3.387016445e-06	4.812030075e-06	10
3.387016445e-06	4.812030075e-06	10
3.387016445e-06	4.812030075e-06	10
3.387016445e-06	4.812030075e-06	10
3.387016445e-06	4.812030075e-06	10
3.387016445e-06	4.812030075e-06	10
3.387016445e-06	4.812030075e-06	10
3.387016445e-06	4.812030075e-06	10
3.387016445e-06	4.812030075e-06	10
3.387016445e-06	4.812030075e-06	10
3.387016445e-06	4.812030075e-06	10
3.387016445e-06	4.812030075e-06	10
3.387016445e-06	4.812030075e-06	10
3.387016445e-06	4.812030075e-06	10
3.387016445e-06	4.812030075e-06	10
3.387016445e-06	4.812030075e-06	10
3.387016445e-06	4.812030075e-06	10
3.387016445e-06	4.812030075e-06	0
3.368219453e-06	4.812030075e-06	0
3.34942246e-06	4.812030075e-06	0
3.330625468e-06	4.812030075e-06	0
3.311828475e-06	4.812030075e-06	0
3.311828475e-06	4.812030075e-06	10
3.311828475e-06	4.812030075e-06	10
3.311828475e-06	4.812030075e-06	10
3.311828475e-06	4.812030075e-06	10
3.311828475e-06	4.812030075e-06	10
3.311828475e-06	4.812030075e-06	10
3.311828475e-06	4.812030075e-06	10
3.311828475e-06	4.812030075e-06	10
3.311828475e-06	4.812030075e-06	10
3.311828475e-06	4.812030075e-06	10
3.311828475e-06	4.812030075e-06	10
3.311828475e-06	4.812030075e-06	10
3.311828475e-06	4.812030075e-06	10
3.311828475e-06	4.812030075e-06	10
3.311828475e-06	4.812030075e-06	10
3.311828475e-06	4.812030075e-06	10
3.311828475e-06	4.812030075e-06	10
3.311828475e-06	4.812030075e-06	10
3.311828475e-06	4.812030075e-06	10
3.311828475e-06	4.812030075e-06	10
3.311828475e-06	4.812030075e-06	10
3.311828475e-06	4.812030075e-06	10
3.311828475e-06	4.812030075e-06	10
3.311828475e-06	4.812030075e-06	10
3.311828475e-06	4.812030075e-06	10
3.311828475e-06	4.812030075e-06	0
3.293031483e-06	4.812030075e-06	0
3.274234491e-06	4.812030075e-06	0
3.255437498e-06	4.812030075e-06	0
3.236640506e-06	4.812030075e-06	0
3.236640506e-06	4.812030075e-06	10
3.236640506e-06	4.812030075e-06	10
3.236640506e-06	4.812030075e-06	10
3.236640506e-06	4.812030075e-06	10
3.236640506e-06	4.812030075e-06	10
3.236640506e-06	4.812030075e-06	10
3.236640506e-06	4.812030075e-06	10
3.236640506e-06	4.812030075e-06	10
3.236640506e-06	4.812030075e-06	10
3.236640506e-06	4.812030075e-06	10
3.236640506e-06	4.812030075e-06	10
3.236640506e-06	4.812030075e-06	10
3.236640506e-06	4.812030075e-06	10
3.236640506e-06	4.812030075e-06	10
3.236640506e-06	4.812030075e-06	10
3.236640506e-06	4.812030075e-06	10
3.236640506e-06	4.812030075e-06	10
3.236640506e-06	4.812030075e-06	10
3.236640506e-06	4.812030075e-06	10
3.236640506e-06	4.812030075e-06	10
3.236640506e-06	4.812030075e-06	10
3.236640506e-06	4.812030075e-06	10
3.236640506e-06	4.812030075e-06	10
3.236640506e-06	4.812030075e-06	10
3.236640506e-06	4.812030075e-06	10
3.236640506e-06	4.812030075e-06	0
3.217843513e-06	4.812030075e-06	0
3.199046521e-06	4.812030075e-06	0
3.180249528e-06	4.812030075e-06	0
3.161452536e-06	4.812030075e-06	0
3.161452536e-06	4.812030075e-06	10
3.161452536e-06	4.812030075e-06	10
3.161452536e-06	4.812030075e-06	10
3.161452536e-06	4.812030075e-06	10
3.161452536e-06	4.812030075e-06	10
3.161452536e-06	4.812030075e-06	10
3.161452536e-06	4.812030075e-06	10
3.161452536e-06	4.812030075e-06	10
3.161452536e-06	4.812030075e-06	10
3.161452536e-06	4.812030075e-06	10
3.161452536e-06	4.812030075e-06	10
3.161452536e-06	4.812030075e-06	10
3.161452536e-06	4.812030075e-06	10
3.161452536e-06	4.812030075e-06	10
3.161452536e-06	4.812030075e-06	10
3.161452536e-06	4.812030075e-06	10
3.161452536e-06	4.812030075e-06	10
3.161452536e-06	4.812030075e-06	10
3.161452536e-06	4.812030075e-06	10
3.161452536e-06	4.812030075e-06	10
3.161452536e-06	4.812030075e-06	10
3.161452536e-06	4.812030075e-06	10
3.161452536e-06	4.812030075e-06	10
3.161452536e-06	4.812030075e-06	10
3.161452536e-06	4.812030075e-06	10
3.161452536e-06	4.812030075e-06	0
3.142655543e-06	4.812030075e-06	0
3.123858551e-06	4.812030075e-06	0
3.105061558e-06	4.812030075e-06	0
3.086264566e-06	4.812030075e-06	0
3.086264566e-06	4.812030075e-06	10
3.086264566e-06	4.812030075e-06	10
3.086264566e-06	4.812030075e-06	10
3.086264566e-06	4.812030075e-06	10
3.086264566e-06	4.812030075e-06	10
3.086264566e-06	4.812030075e-06	10
3.086264566e-06	4.812030075e-06	10
3.086264566e-06	4.812030075e-06	10
3.086264566e-06	4.812030075e-06	10
3.086264566e-06	4.812030075e-06	10
3.086264566e-06	4.812030075e-06	10
3.086264566e-06	4.812030075e-06	10
3.086264566e-06	4.812030075e-06	10
3.086264566e-06	4.812030075e-06	10
3.086264566e-06	4.812030075e-06	10
3.086264566e-06	4.812030075e-06	10
3.086264566e-06	4.812030075e-06	10
3.086264566e-06	4.812030075e-06	10
3.086264566e-06	4.812030075e-06	10
3.086264566e-06	4.812030075e-06	10
3.086264566e-06	4.812030075e-06	10
3.086264566e-06	4.812030075e-06	10
3.086264566e-06	4.812030075e-06	10
3.086264566e-06	4.812030075e-06	10
3.086264566e-06	4.812030075e-06	10
3.086264566e-06	4.812030075e-06	0
3.067467573e-06	4.812030075e-06	0
3.048670581e-06	4.812030075e-06	0
3.029873588e-06	4.812030075e-06	0
3.011076596e-06	4.812030075e-06	0
3.011076596e-06	4.812030075e-06	10
3.011076596e-06	4.812030075e-06	10
3.011076596e-06	4.812030075e-06	10
3.011076596e-06	4.812030075e-06	10
3.011076596e-06	4.812030075e-06	10
3.011076596e-06	4.812030075e-06	10
3.011076596e-06	4.812030075e-06	10
3.011076596e-06	4.812030075e-06	10
3.011076596e-06	4.812030075e-06	10
3.011076596e-06	4.812030075e-06	10
3.011076596e-06	4.812030075e-06	10
3.011076596e-06	4.812030075e-06	10
3.011076596e-06	4.812030075e-06	10
3.011076596e-06	4.812030075e-06	10
3.011076596e-06	4.812030075e-06	10
3.011076596e-06	4.812030075e-06	10
3.011076596e-06	4.812030075e-06	10
3.011076596e-06	4.812030075e-06	10
3.011076596e-06	4.812030075e-06	10
3.011076596e-06	4.812030075e-06	10
3.011076596e-06	4.812030075e-06	10
3.011076596e-06	4.812030075e-06	10
3.011076596e-06	4.812030075e-06	10
3.011076596e-06	4.812030075e-06	10
3.011076596e-06	4.812030075e-06	10
3.011076596e-06	4.812030075e-06	0
2.992279603e-06	4.812030075e-06	0
2.973482611e-06	4.812030075e-06	0
2.954685618e-06	4.812030075e-06	0
2.935888626e-06	4.812030075e-06	0
2.935888626e-06	4.812030075e-06	10
2.935888626e-06	4.812030075e-06	10
2.935888626e-06	4.812030075e-06	10
2.935888626e-06	4.812030075e-06	10
2.935888626e-06	4.812030075e-06	10
2.935888626e-06	4.812030075e-06	10
2.935888626e-06	4.812030075e-06	10
2.935888626e-06	4.812030075e-06	10
2.935888626e-06	4.812030075e-06	10
2.935888626e-06	4.812030075e-06	10
2.935888626e-06	4.812030075e-06	10
2.935888626e-06	4.812030075e-06	10
2.935888626e-06	4.812030075e-06	10
2.935888626e-06	4.812030075e-06	10
2.935888626e-06	4.812030075e-06	10
2.935888626e-06	4.812030075e-06	10
2.935888626e-06	4.812030075e-06	10
2.935888626e-06	4.812030075e-06	10
2.935888626e-06	4.812030075e-06	10
2.935888626e-06	4.812030075e-06	10
2.935888626e-06	4.812030075e-06	10
2.935888626e-06	4.812030075e-06	10
2.935888626e-06	4.812030075e-06	10
2.935888626e-06	4.812030075e-06	10
2.935888626e-06	4.812030075e-06	10
2.935888626e-06	4.812030075e-06	0
2.917091633e-06	4.812030075e-06	0
2.898294641e-06	4.812030075e-06	0
2.879497648e-06	4.812030075e-06	0
2.860700656e-06	4.812030075e-06	0
2.860700656e-06	4.812030075e-06	10
2.860700656e-06	4.812030075e-06	10
2.860700656e-06	4.812030075e-06	10
2.860700656e-06	4.812030075e-06	10
2.860700656e-06	4.812030075e-06	10
2.860700656e-06	4.812030075e-06	10
2.860700656e-06	4.812030075e-06	10
2.860700656e-06	4.812030075e-06	10
2.860700656e-06	4.812030075e-06	10
2.860700656e-06	4.812030075e-06	10
2.860700656e-06	4.812030075e-06	10
2.860700656e-06	4.812030075e-06	10
2.860700656e-06	4.812030075e-06	10
2.860700656e-06	4.812030075e-06	10
2.860700656e-06	4.812030075e-06	10
2.860700656e-06	4.812030075e-06	10
2.860700656e-06	4.812030075e-06	10
2.860700656e-06	4.812030075e-06	10
2.860700656e-06	4.812030075e-06	10
2.860700656e-06	4.812030075e-06	10
2.860700656e-06	4.812030075e-06	10
2.860700656e-06	4.812030075e-06	10
2.860700656e-06	4.812030075e-06	10
2.860700656e-06	4.812030075e-06	10
2.860700656e-06	4.812030075e-06	10
2.860700656e-06	4.812030075e-06	0
2.841903663e-06	4.812030075e-06	0
2.823106671e-06	4.812030075e-06	0
2.804309678e-06	4.812030075e-06	0
2.785512686e-06	4.812030075e-06	0
2.785512686e-06	4.812030075e-06	10
2.785512686e-06	4.812030075e-06	10
2.785512686e-06	4.812030075e-06	10
2.785512686e-06	4.812030075e-06	10
2.785512686e-06	4.812030075e-06	10
2.785512686e-06	4.812030075e-06	10
2.785512686e-06	4.812030075e-06	10
2.785512686e-06	4.812030075e-06	10
2.785512686e-06	4.812030075e-06	10
2.785512686e-06	4.812030075e-06	10
2.785512686e-06	4.812030075e-06	10
2.785512686e-06	4.812030075e-06	10
2.785512686e-06	4.812030075e-06	10
2.785512686e-06	4.812030075e-06	10
2.785512686e-06	4.812030075e-06	10
2.785512686e-06	4.812030075e-06	10
2.785512686e-06	4.812030075e-06	10
2.785512686e-06	4.812030075e-06	10
2.785512686e-06	4.812030075e-06	10
2.785512686e-06	4.812030075e-06	10
2.785512686e-06	4.812030075e-06	10
2.785512686e-06	4.812030075e-06	10
2.785512686e-06	4.812030075e-06	10
2.785512686e-06	4.812030075e-06	10
2.785512686e-06	4.812030075e-06	10
2.785512686e-06	4.812030075e-06	0
2.766715694e-06	4.812030075e-06	0
2.747918701e-06	4.812030075e-06	0
2.729121709e-06	4.812030075e-06	0
2.710324716e-06	4.812030075e-06	0
2.710324716e-06	4.812030075e-06	10
2.710324716e-06	4.812030075e-06	10
2.710324716e-06	4.812030075e-06	10
2.710324716e-06	4.812030075e-06	10
2.710324716e-06	4.812030075e-06	10
2.710324716e-06	4.812030075e-06	10
2.710324716e-06	4.812030075e-06	10
2.710324716e-06	4.812030075e-06	10
2.710324716e-06	4.812030075e-06	10
2.710324716e-06	4.812030075e-06	10
2.710324716e-06	4.812030075e-06	10
2.710324716e-06	4.812030075e-06	10
2.710324716e-06	4.812030075e-06	10
2.710324716e-06	4.812030075e-06	10
2.710324716e-06	4.812030075e-06	10
2.710324716e-06	4.812030075e-06	10
2.710324716e-06	4.812030075e-06	10
2.710324716e-06	4.812030075e-06	10
2.710324716e-06	4.812030075e-06	10
2.710324716e-06	4.812030075e-06	10
2.710324716e-06	4.812030075e-06	10
2.710324716e-06	4.812030075e-06	10
2.710324716e-06	4.812030075e-06	10
2.710324716e-06	4.812030075e-06	10
2.710324716e-06	4.812030075e-06	10
2.710324716e-06	4.812030075e-06	0
2.691527724e-06	4.812030075e-06	0
2.672730731e-06	4.812030075e-06	0
2.653933739e-06	4.812030075e-06	0
2.635136746e-06	4.812030075e-06	0
2.635136746e-06	4.812030075e-06	10
2.635136746e-06	4.812030075e-06	10
2.635136746e-06	4.812030075e-06	10
2.635136746e-06	4.812030075e-06	10
2.635136746e-06	4.812030075e-06	10
2.635136746e-06	4.812030075e-06	10
2.635136746e-06	4.812030075e-06	10
2.635136746e-06	4.812030075e-06	10
2.635136746e-06	4.812030075e-06	10
2.635136746e-06	4.812030075e-06	10
2.635136746e-06	4.812030075e-06	10
2.635136746e-06	4.812030075e-06	10
2.635136746e-06	4.812030075e-06	10
2.635136746e-06	4.812030075e-06	10
2.635136746e-06	4.812030075e-06	10
2.635136746e-06	4.812030075e-06	10
2.635136746e-06	4.812030075e-06	10
2.635136746e-06	4.812030075e-06	10
2.635136746e-06	4.812030075e-06	10
2.635136746e-06	4.812030075e-06	10
2.635136746e-06	4.812030075e-06	10
2.635136746e-06	4.812030075e-06	10
2.635136746e-06	4.812030075e-06	10
2.635136746e-06	4.812030075e-06	10
2.635136746e-06	4.812030075e-06	10
2.635136746e-06	4.812030075e-06	0
2.616339754e-06	4.812030075e-06	0
2.597542761e-06	4.812030075e-06	0
2.578745769e-06	4.812030075e-06	0
2.559948776e-06	4.812030075e-06	0
2.559948776e-06	4.812030075e-06	10
2.559948776e-06	4.812030075e-06	10
2.559948776e-06	4.812030075e-06	10
2.559948776e-06	4.812030075e-06	10
2.559948776e-06	4.812030075e-06	10
2.559948776e-06	4.812030075e-06	10
2.559948776e-06	4.812030075e-06	10
2.559948776e-06	4.812030075e-06	10
2.559948776e-06	4.812030075e-06	10
2.559948776e-06	4.812030075e-06	10
2.559948776e-06	4.812030075e-06	10
2.559948776e-06	4.812030075e-06	10
2.559948776e-06	4.812030075e-06	10
2.559948776e-06	4.812030075e-06	10
2.559948776e-06	4.812030075e-06	10
2.559948776e-06	4.812030075e-06	10
2.559948776e-06	4.812030075e-06	10
2.559948776e-06	4.812030075e-06	10
2.559948776e-06	4.812030075e-06	10
2.559948776e-06	4.812030075e-06	10
2.559948776e-06	4.812030075e-06	10
2.559948776e-06	4.812030075e-06	10
2.559948776e-06	4.812030075e-06	10
2.559948776e-06	4.812030075e-06	10
2.559948776e-06	4.812030075e-06	10
2.559948776e-06	4.812030075e-06	0
2.541151784e-06	4.812030075e-06	0
2.522354791e-06	4.812030075e-06	0
2.503557799e-06	4.812030075e-06	0
2.484760806e-06	4.812030075e-06	0
2.484760806e-06	4.812030075e-06	10
2.484760806e-06	4.812030075e-06	10
2.484760806e-06	4.812030075e-06	10
2.484760806e-06	4.812030075e-06	10
2.484760806e-06	4.812030075e-06	10
2.484760806e-06	4.812030075e-06	10
2.484760806e-06	4.812030075e-06	10
2.484760806e-06	4.812030075e-06	10
2.484760806e-06	4.812030075e-06	10
2.484760806e-06	4.812030075e-06	10
2.484760806e-06	4.812030075e-06	10
2.484760806e-06	4.812030075e-06	10
2.484760806e-06	4.812030075e-06	10
2.484760806e-06	4.812030075e-06	10
2.484760806e-06	4.812030075e-06	10
2.484760806e-06	4.812030075e-06	10
2.484760806e-06	4.812030075e-06	10
2.484760806e-06	4.812030075e-06	10
2.484760806e-06	4.812030075e-06	10
2.484760806e-06	4.812030075e-06	10
2.484760806e-06	4.812030075e-06	10
2.484760806e-06	4.812030075e-06	10
2.484760806e-06	4.812030075e-06	10
2.484760806e-06	4.812030075e-06	10
2.484760806e-06	4.812030075e-06	10
2.484760806e-06	4.812030075e-06	0
2.465963814e-06	4.812030075e-06	0
2.447166821e-06	4.812030075e-06	0
2.428369829e-06	4.812030075e-06	0
2.409572836e-06	4.812030075e-06	0
2.409572836e-06	4.812030075e-06	10
2.409572836e-06	4.812030075e-06	10
2.409572836e-06	4.812030075e-06	10
2.409572836e-06	4.812030075e-06	10
2.409572836e-06	4.812030075e-06	10
2.409572836e-06	4.812030075e-06	10
2.409572836e-06	4.812030075e-06	10
2.409572836e-06	4.812030075e-06	10
2.409572836e-06	4.812030075e-06	10
2.409572836e-06	4.812030075e-06	10
2.409572836e-06	4.812030075e-06	10
2.409572836e-06	4.812030075e-06	10
2.409572836e-06	4.812030075e-06	10
2.409572836e-06	4.812030075e-06	10
2.409572836e-06	4.812030075e-06	10
2.409572836e-06	4.812030075e-06	10
2.409572836e-06	4.812030075e-06	10
2.409572836e-06	4.812030075e-06	10
2.409572836e-06	4.812030075e-06	10
2.409572836e-06	4.812030075e-06	10
2.409572836e-06	4.812030075e-06	10
2.409572836e-06	4.812030075e-06	10
2.409572836e-06	4.812030075e-06	10
2.409572836e-06	4.812030075e-06	10
2.409572836e-06	4.812030075e-06	10
2.409572836e-06	4.812030075e-06	0
2.390775844e-06	4.812030075e-06	0
2.371978851e-06	4.812030075e-06	0
2.353181859e-06	4.812030075e-06	0
2.334384866e-06	4.812030075e-06	0
2.334384866e-06	4.812030075e-06	10
2.334384866e-06	4.812030075e-06	10
2.334384866e-06	4.812030075e-06	10
2.334384866e-06	4.812030075e-06	10
2.334384866e-06	4.812030075e-06	10
2.334384866e-06	4.812030075e-06	10
2.334384866e-06	4.812030075e-06	10
2.334384866e-06	4.812030075e-06	10
2.334384866e-06	4.812030075e-06	10
2.334384866e-06	4.812030075e-06	10
2.334384866e-06	4.812030075e-06	10
2.334384866e-06	4.812030075e-06	10
2.334384866e-06	4.812030075e-06	10
2.334384866e-06	4.812030075e-06	10
2.334384866e-06	4.812030075e-06	10
2.334384866e-06	4.812030075e-06	10
2.334384866e-06	4.812030075e-06	10
2.334384866e-06	4.812030075e-06	10
2.334384866e-06	4.812030075e-06	10
2.334384866e-06	4.812030075e-06	10
2.334384866e-06	4.812030075e-06	10
2.334384866e-06	4.812030075e-06	10
2.334384866e-06	4.812030075e-06	10
2.334384866e-06	4.812030075e-06	10
2.334384866e-06	4.812030075e-06	10
2.334384866e-06	4.812030075e-06	0
2.334384866e-06	4.830827068e-06	0
2.334384866e-06	4.84962406e-06	0
2.334384866e-06	4.868421053e-06	0
2.334384866e-06	4.887218045e-06	0
2.334384866e-06	4.887218045e-06	-10
2.334384866e-06	4.887218045e-06	-10
2.334384866e-06	4.887218045e-06	-10
2.334384866e-06	4.887218045e-06	-10
2.334384866e-06	4.887218045e-06	-10
2.334384866e-06	4.887218045e-06	-10
2.334384866e-06	4.887218045e-06	-10
2.334384866e-06	4.887218045e-06	-10
2.334384866e-06	4.887218045e-06	-10
2.334384866e-06	4.887218045e-06	-10
2.334384866e-06	4.887218045e-06	-10
2.334384866e-06	4.887218045e-06	-10
2.334384866e-06	4.887218045e-06	-10
2.334384866e-06	4.887218045e-06	-10
2.334384866e-06	4.887218045e-06	-10
2.334384866e-06	4.887218045e-06	-10
2.334384866e-06	4.887218045e-06	-10
2.334384866e-06	4.887218045e-06	-10
2.334384866e-06	4.887218045e-06	-10
2.334384866e-06	4.887218045e-06	-10
2.334384866e-06	4.887218045e-06	-10
2.334384866e-06	4.887218045e-06	-10
2.334384866e-06	4.887218045e-06	-10
2.334384866e-06	4.887218045e-06	-10
2.334384866e-06	4.887218045e-06	-10
2.334384866e-06	4.887218045e-06	0
2.353181859e-06	4.887218045e-06	0
2.371978851e-06	4.887218045e-06	0
2.390775844e-06	4.887218045e-06	0
2.409572836e-06	4.887218045e-06	0
2.409572836e-06	4.887218045e-06	-10
2.409572836e-06	4.887218045e-06	-10
2.409572836e-06	4.887218045e-06	-10
2.409572836e-06	4.887218045e-06	-10
2.409572836e-06	4.887218045e-06	-10
2.409572836e-06	4.887218045e-06	-10
2.409572836e-06	4.887218045e-06	-10
2.409572836e-06	4.887218045e-06	-10
2.409572836e-06	4.887218045e-06	-10
2.409572836e-06	4.887218045e-06	-10
2.409572836e-06	4.887218045e-06	-10
2.409572836e-06	4.887218045e-06	-10
2.409572836e-06	4.887218045e-06	-10
2.409572836e-06	4.887218045e-06	-10
2.409572836e-06	4.887218045e-06	-10
2.409572836e-06	4.887218045e-06	-10
2.409572836e-06	4.887218045e-06	-10
2.409572836e-06	4.887218045e-06	-10
2.409572836e-06	4.887218045e-06	-10
2.409572836e-06	4.887218045e-06	-10
2.409572836e-06	4.887218045e-06	-10
2.409572836e-06	4.887218045e-06	-10
2.409572836e-06	4.887218045e-06	-10
2.409572836e-06	4.887218045e-06	-10
2.409572836e-06	4.887218045e-06	-10
2.409572836e-06	4.887218045e-06	0
2.428369829e-06	4.887218045e-06	0
2.447166821e-06	4.887218045e-06	0
2.465963814e-06	4.887218045e-06	0
2.484760806e-06	4.887218045e-06	0
2.484760806e-06	4.887218045e-06	-10
2.484760806e-06	4.887218045e-06	-10
2.484760806e-06	4.887218045e-06	-10
2.484760806e-06	4.887218045e-06	-10
2.484760806e-06	4.887218045e-06	-10
2.484760806e-06	4.887218045e-06	-10
2.484760806e-06	4.887218045e-06	-10
2.484760806e-06	4.887218045e-06	-10
2.484760806e-06	4.887218045e-06	-10
2.484760806e-06	4.887218045e-06	-10
2.484760806e-06	4.887218045e-06	-10
2.484760806e-06	4.887218045e-06	-10
2.484760806e-06	4.887218045e-06	-10
2.484760806e-06	4.887218045e-06	-10
2.484760806e-06	4.887218045e-06	-10
2.484760806e-06	4.887218045e-06	-10
2.484760806e-06	4.887218045e-06	-10
2.484760806e-06	4.887218045e-06	-10
2.484760806e-06	4.887218045e-06	-10
2.484760806e-06	4.887218045e-06	-10
2.484760806e-06	4.887218045e-06	-10
2.484760806e-06	4.887218045e-06	-10
2.484760806e-06	4.887218045e-06	-10
2.484760806e-06	4.887218045e-06	-10
2.484760806e-06	4.887218045e-06	-10
2.484760806e-06	4.887218045e-06	0
2.503557799e-06	4.887218045e-06	0
2.522354791e-06	4.887218045e-06	0
2.541151784e-06	4.887218045e-06	0
2.559948776e-06	4.887218045e-06	0
2.559948776e-06	4.887218045e-06	-10
2.559948776e-06	4.887218045e-06	-10
2.559948776e-06	4.887218045e-06	-10
2.559948776e-06	4.887218045e-06	-10
2.559948776e-06	4.887218045e-06	-10
2.559948776e-06	4.887218045e-06	-10
2.559948776e-06	4.887218045e-06	-10
2.559948776e-06	4.887218045e-06	-10
2.559948776e-06	4.887218045e-06	-10
2.559948776e-06	4.887218045e-06	-10
2.559948776e-06	4.887218045e-06	-10
2.559948776e-06	4.887218045e-06	-10
2.559948776e-06	4.887218045e-06	-10
2.559948776e-06	4.887218045e-06	-10
2.559948776e-06	4.887218045e-06	-10
2.559948776e-06	4.887218045e-06	-10
2.559948776e-06	4.887218045e-06	-10
2.559948776e-06	4.887218045e-06	-10
2.559948776e-06	4.887218045e-06	-10
2.559948776e-06	4.887218045e-06	-10
2.559948776e-06	4.887218045e-06	-10
2.559948776e-06	4.887218045e-06	-10
2.559948776e-06	4.887218045e-06	-10
2.559948776e-06	4.887218045e-06	-10
2.559948776e-06	4.887218045e-06	-10
2.559948776e-06	4.887218045e-06	0
2.578745769e-06	4.887218045e-06	0
2.597542761e-06	4.887218045e-06	0
2.616339754e-06	4.887218045e-06	0
2.635136746e-06	4.887218045e-06	0
2.635136746e-06	4.887218045e-06	-10
2.635136746e-06	4.887218045e-06	-10
2.635136746e-06	4.887218045e-06	-10
2.635136746e-06	4.887218045e-06	-10
2.635136746e-06	4.887218045e-06	-10
2.635136746e-06	4.887218045e-06	-10
2.635136746e-06	4.887218045e-06	-10
2.635136746e-06	4.887218045e-06	-10
2.635136746e-06	4.887218045e-06	-10
2.635136746e-06	4.887218045e-06	-10
2.635136746e-06	4.887218045e-06	-10
2.635136746e-06	4.887218045e-06	-10
2.635136746e-06	4.887218045e-06	-10
2.635136746e-06	4.887218045e-06	-10
2.635136746e-06	4.887218045e-06	-10
2.635136746e-06	4.887218045e-06	-10
2.635136746e-06	4.887218045e-06	-10
2.635136746e-06	4.887218045e-06	-10
2.635136746e-06	4.887218045e-06	-10
2.635136746e-06	4.887218045e-06	-10
2.635136746e-06	4.887218045e-06	-10
2.635136746e-06	4.887218045e-06	-10
2.635136746e-06	4.887218045e-06	-10
2.635136746e-06	4.887218045e-06	-10
2.635136746e-06	4.887218045e-06	-10
2.635136746e-06	4.887218045e-06	0
2.653933739e-06	4.887218045e-06	0
2.672730731e-06	4.887218045e-06	0
2.691527724e-06	4.887218045e-06	0
2.710324716e-06	4.887218045e-06	0
2.710324716e-06	4.887218045e-06	-10
2.710324716e-06	4.887218045e-06	-10
2.710324716e-06	4.887218045e-06	-10
2.710324716e-06	4.887218045e-06	-10
2.710324716e-06	4.887218045e-06	-10
2.710324716e-06	4.887218045e-06	-10
2.710324716e-06	4.887218045e-06	-10
2.710324716e-06	4.887218045e-06	-10
2.710324716e-06	4.887218045e-06	-10
2.710324716e-06	4.887218045e-06	-10
2.710324716e-06	4.887218045e-06	-10
2.710324716e-06	4.887218045e-06	-10
2.710324716e-06	4.887218045e-06	-10
2.710324716e-06	4.887218045e-06	-10
2.710324716e-06	4.887218045e-06	-10
2.710324716e-06	4.887218045e-06	-10
2.710324716e-06	4.887218045e-06	-10
2.710324716e-06	4.887218045e-06	-10
2.710324716e-06	4.887218045e-06	-10
2.710324716e-06	4.887218045e-06	-10
2.710324716e-06	4.887218045e-06	-10
2.710324716e-06	4.887218045e-06	-10
2.710324716e-06	4.887218045e-06	-10
2.710324716e-06	4.887218045e-06	-10
2.710324716e-06	4.887218045e-06	-10
2.710324716e-06	4.887218045e-06	0
2.729121709e-06	4.887218045e-06	0
2.747918701e-06	4.887218045e-06	0
2.766715694e-06	4.887218045e-06	0
2.785512686e-06	4.887218045e-06	0
2.785512686e-06	4.887218045e-06	-10
2.785512686e-06	4.887218045e-06	-10
2.785512686e-06	4.887218045e-06	-10
2.785512686e-06	4.887218045e-06	-10
2.785512686e-06	4.887218045e-06	-10
2.785512686e-06	4.887218045e-06	-10
2.785512686e-06	4.887218045e-06	-10
2.785512686e-06	4.887218045e-06	-10
2.785512686e-06	4.887218045e-06	-10
2.785512686e-06	4.887218045e-06	-10
2.785512686e-06	4.887218045e-06	-10
2.785512686e-06	4.887218045e-06	-10
2.785512686e-06	4.887218045e-06	-10
2.785512686e-06	4.887218045e-06	-10
2.785512686e-06	4.887218045e-06	-10
2.785512686e-06	4.887218045e-06	-10
2.785512686e-06	4.887218045e-06	-10
2.785512686e-06	4.887218045e-06	-10
2.785512686e-06	4.887218045e-06	-10
2.785512686e-06	4.887218045e-06	-10
2.785512686e-06	4.887218045e-06	-10
2.785512686e-06	4.887218045e-06	-10
2.785512686e-06	4.887218045e-06	-10
2.785512686e-06	4.887218045e-06	-10
2.785512686e-06	4.887218045e-06	-10
2.785512686e-06	4.887218045e-06	0
2.804309678e-06	4.887218045e-06	0
2.823106671e-06	4.887218045e-06	0
2.841903663e-06	4.887218045e-06	0
2.860700656e-06	4.887218045e-06	0
2.860700656e-06	4.887218045e-06	-10
2.860700656e-06	4.887218045e-06	-10
2.860700656e-06	4.887218045e-06	-10
2.860700656e-06	4.887218045e-06	-10
2.860700656e-06	4.887218045e-06	-10
2.860700656e-06	4.887218045e-06	-10
2.860700656e-06	4.887218045e-06	-10
2.860700656e-06	4.887218045e-06	-10
2.860700656e-06	4.887218045e-06	-10
2.860700656e-06	4.887218045e-06	-10
2.860700656e-06	4.887218045e-06	-10
2.860700656e-06	4.887218045e-06	-10
2.860700656e-06	4.887218045e-06	-10
2.860700656e-06	4.887218045e-06	-10
2.860700656e-06	4.887218045e-06	-10
2.860700656e-06	4.887218045e-06	-10
2.860700656e-06	4.887218045e-06	-10
2.860700656e-06	4.887218045e-06	-10
2.860700656e-06	4.887218045e-06	-10
2.860700656e-06	4.887218045e-06	-10
2.860700656e-06	4.887218045e-06	-10
2.860700656e-06	4.887218045e-06	-10
2.860700656e-06	4.887218045e-06	-10
2.860700656e-06	4.887218045e-06	-10
2.860700656e-06	4.887218045e-06	-10
2.860700656e-06	4.887218045e-06	0
2.879497648e-06	4.887218045e-06	0
2.898294641e-06	4.887218045e-06	0
2.917091633e-06	4.887218045e-06	0
2.935888626e-06	4.887218045e-06	0
2.935888626e-06	4.887218045e-06	-10
2.935888626e-06	4.887218045e-06	-10
2.935888626e-06	4.887218045e-06	-10
2.935888626e-06	4.887218045e-06	-10
2.935888626e-06	4.887218045e-06	-10
2.935888626e-06	4.887218045e-06	-10
2.935888626e-06	4.887218045e-06	-10
2.935888626e-06	4.887218045e-06	-10
2.935888626e-06	4.887218045e-06	-10
2.935888626e-06	4.887218045e-06	-10
2.935888626e-06	4.887218045e-06	-10
2.935888626e-06	4.887218045e-06	-10
2.935888626e-06	4.887218045e-06	-10
2.935888626e-06	4.887218045e-06	-10
2.935888626e-06	4.887218045e-06	-10
2.935888626e-06	4.887218045e-06	-10
2.935888626e-06	4.887218045e-06	-10
2.935888626e-06	4.887218045e-06	-10
2.935888626e-06	4.887218045e-06	-10
2.935888626e-06	4.887218045e-06	-10
2.935888626e-06	4.887218045e-06	-10
2.935888626e-06	4.887218045e-06	-10
2.935888626e-06	4.887218045e-06	-10
2.935888626e-06	4.887218045e-06	-10
2.935888626e-06	4.887218045e-06	-10
2.935888626e-06	4.887218045e-06	0
2.954685618e-06	4.887218045e-06	0
2.973482611e-06	4.887218045e-06	0
2.992279603e-06	4.887218045e-06	0
3.011076596e-06	4.887218045e-06	0
3.011076596e-06	4.887218045e-06	-10
3.011076596e-06	4.887218045e-06	-10
3.011076596e-06	4.887218045e-06	-10
3.011076596e-06	4.887218045e-06	-10
3.011076596e-06	4.887218045e-06	-10
3.011076596e-06	4.887218045e-06	-10
3.011076596e-06	4.887218045e-06	-10
3.011076596e-06	4.887218045e-06	-10
3.011076596e-06	4.887218045e-06	-10
3.011076596e-06	4.887218045e-06	-10
3.011076596e-06	4.887218045e-06	-10
3.011076596e-06	4.887218045e-06	-10
3.011076596e-06	4.887218045e-06	-10
3.011076596e-06	4.887218045e-06	-10
3.011076596e-06	4.887218045e-06	-10
3.011076596e-06	4.887218045e-06	-10
3.011076596e-06	4.887218045e-06	-10
3.011076596e-06	4.887218045e-06	-10
3.011076596e-06	4.887218045e-06	-10
3.011076596e-06	4.887218045e-06	-10
3.011076596e-06	4.887218045e-06	-10
3.011076596e-06	4.887218045e-06	-10
3.011076596e-06	4.887218045e-06	-10
3.011076596e-06	4.887218045e-06	-10
3.011076596e-06	4.887218045e-06	-10
3.011076596e-06	4.887218045e-06	0
3.029873588e-06	4.887218045e-06	0
3.048670581e-06	4.887218045e-06	0
3.067467573e-06	4.887218045e-06	0
3.086264566e-06	4.887218045e-06	0
3.086264566e-06	4.887218045e-06	-10
3.086264566e-06	4.887218045e-06	-10
3.086264566e-06	4.887218045e-06	-10
3.086264566e-06	4.887218045e-06	-10
3.086264566e-06	4.887218045e-06	-10
3.086264566e-06	4.887218045e-06	-10
3.086264566e-06	4.887218045e-06	-10
3.086264566e-06	4.887218045e-06	-10
3.086264566e-06	4.887218045e-06	-10
3.086264566e-06	4.887218045e-06	-10
3.086264566e-06	4.887218045e-06	-10
3.086264566e-06	4.887218045e-06	-10
3.086264566e-06	4.887218045e-06	-10
3.086264566e-06	4.887218045e-06	-10
3.086264566e-06	4.887218045e-06	-10
3.086264566e-06	4.887218045e-06	-10
3.086264566e-06	4.887218045e-06	-10
3.086264566e-06	4.887218045e-06	-10
3.086264566e-06	4.887218045e-06	-10
3.086264566e-06	4.887218045e-06	-10
3.086264566e-06	4.887218045e-06	-10
3.086264566e-06	4.887218045e-06	-10
3.086264566e-06	4.887218045e-06	-10
3.086264566e-06	4.887218045e-06	-10
3.086264566e-06	4.887218045e-06	-10
3.086264566e-06	4.887218045e-06	0
3.105061558e-06	4.887218045e-06	0
3.123858551e-06	4.887218045e-06	0
3.142655543e-06	4.887218045e-06	0
3.161452536e-06	4.887218045e-06	0
3.161452536e-06	4.887218045e-06	-10
3.161452536e-06	4.887218045e-06	-10
3.161452536e-06	4.887218045e-06	-10
3.161452536e-06	4.887218045e-06	-10
3.161452536e-06	4.887218045e-06	-10
3.161452536e-06	4.887218045e-06	-10
3.161452536e-06	4.887218045e-06	-10
3.161452536e-06	4.887218045e-06	-10
3.161452536e-06	4.887218045e-06	-10
3.161452536e-06	4.887218045e-06	-10
3.161452536e-06	4.887218045e-06	-10
3.161452536e-06	4.887218045e-06	-10
3.161452536e-06	4.887218045e-06	-10
3.161452536e-06	4.887218045e-06	-10
3.161452536e-06	4.887218045e-06	-10
3.161452536e-06	4.887218045e-06	-10
3.161452536e-06	4.887218045e-06	-10
3.161452536e-06	4.887218045e-06	-10
3.161452536e-06	4.887218045e-06	-10
3.161452536e-06	4.887218045e-06	-10
3.161452536e-06	4.887218045e-06	-10
3.161452536e-06	4.887218045e-06	-10
3.161452536e-06	4.887218045e-06	-10
3.161452536e-06	4.887218045e-06	-10
3.161452536e-06	4.887218045e-06	-10
3.161452536e-06	4.887218045e-06	0
3.180249528e-06	4.887218045e-06	0
3.199046521e-06	4.887218045e-06	0
3.217843513e-06	4.887218045e-06	0
3.236640506e-06	4.887218045e-06	0
3.236640506e-06	4.887218045e-06	-10
3.236640506e-06	4.887218045e-06	-10
3.236640506e-06	4.887218045e-06	-10
3.236640506e-06	4.887218045e-06	-10
3.236640506e-06	4.887218045e-06	-10
3.236640506e-06	4.887218045e-06	-10
3.236640506e-06	4.887218045e-06	-10
3.236640506e-06	4.887218045e-06	-10
3.236640506e-06	4.887218045e-06	-10
3.236640506e-06	4.887218045e-06	-10
3.236640506e-06	4.887218045e-06	-10
3.236640506e-06	4.887218045e-06	-10
3.236640506e-06	4.887218045e-06	-10
3.236640506e-06	4.887218045e-06	-10
3.236640506e-06	4.887218045e-06	-10
3.236640506e-06	4.887218045e-06	-10
3.236640506e-06	4.887218045e-06	-10
3.236640506e-06	4.887218045e-06	-10
3.236640506e-06	4.887218045e-06	-10
3.236640506e-06	4.887218045e-06	-10
3.236640506e-06	4.887218045e-06	-10
3.236640506e-06	4.887218045e-06	-10
3.236640506e-06	4.887218045e-06	-10
3.236640506e-06	4.887218045e-06	-10
3.236640506e-06	4.887218045e-06	-10
3.236640506e-06	4.887218045e-06	0
3.255437498e-06	4.887218045e-06	0
3.274234491e-06	4.887218045e-06	0
3.293031483e-06	4.887218045e-06	0
3.311828475e-06	4.887218045e-06	0
3.311828475e-06	4.887218045e-06	-10
3.311828475e-06	4.887218045e-06	-10
3.311828475e-06	4.887218045e-06	-10
3.311828475e-06	4.887218045e-06	-10
3.311828475e-06	4.887218045e-06	-10
3.311828475e-06	4.887218045e-06	-10
3.311828475e-06	4.887218045e-06	-10
3.311828475e-06	4.887218045e-06	-10
3.311828475e-06	4.887218045e-06	-10
3.311828475e-06	4.887218045e-06	-10
3.311828475e-06	4.887218045e-06	-10
3.311828475e-06	4.887218045e-06	-10
3.311828475e-06	4.887218045e-06	-10
3.311828475e-06	4.887218045e-06	-10
3.311828475e-06	4.887218045e-06	-10
3.311828475e-06	4.887218045e-06	-10
3.311828475e-06	4.887218045e-06	-10
3.311828475e-06	4.887218045e-06	-10
3.311828475e-06	4.887218045e-06	-10
3.311828475e-06	4.887218045e-06	-10
3.311828475e-06	4.887218045e-06	-10
3.311828475e-06	4.887218045e-06	-10
3.311828475e-06	4.887218045e-06	-10
3.311828475e-06	4.887218045e-06	-10
3.311828475e-06	4.887218045e-06	-10
3.311828475e-06	4.887218045e-06	0
3.330625468e-06	4.887218045e-06	0
3.34942246e-06	4.887218045e-06	0
3.368219453e-06	4.887218045e-06	0
3.387016445e-06	4.887218045e-06	0
3.387016445e-06	4.887218045e-06	-10
3.387016445e-06	4.887218045e-06	-10
3.387016445e-06	4.887218045e-06	-10
3.387016445e-06	4.887218045e-06	-10
3.387016445e-06	4.887218045e-06	-10
3.387016445e-06	4.887218045e-06	-10
3.387016445e-06	4.887218045e-06	-10
3.387016445e-06	4.887218045e-06	-10
3.387016445e-06	4.887218045e-06	-10
3.387016445e-06	4.887218045e-06	-10
3.387016445e-06	4.887218045e-06	-10
3.387016445e-06	4.887218045e-06	-10
3.387016445e-06	4.887218045e-06	-10
3.387016445e-06	4.887218045e-06	-10
3.387016445e-06	4.887218045e-06	-10
3.387016445e-06	4.887218045e-06	-10
3.387016445e-06	4.887218045e-06	-10
3.387016445e-06	4.887218045e-06	-10
3.387016445e-06	4.887218045e-06	-10
3.387016445e-06	4.887218045e-06	-10
3.387016445e-06	4.887218045e-06	-10
3.387016445e-06	4.887218045e-06	-10
3.387016445e-06	4.887218045e-06	-10
3.387016445e-06	4.887218045e-06	-10
3.387016445e-06	4.887218045e-06	-10
3.387016445e-06	4.887218045e-06	0
3.405813438e-06	4.887218045e-06	0
3.42461043e-06	4.887218045e-06	0
3.443407423e-06	4.887218045e-06	0
3.462204415e-06	4.887218045e-06	0
3.462204415e-06	4.887218045e-06	-10
3.462204415e-06	4.887218045e-06	-10
3.462204415e-06	4.887218045e-06	-10
3.462204415e-06	4.887218045e-06	-10
3.462204415e-06	4.887218045e-06	-10
3.462204415e-06	4.887218045e-06	-10
3.462204415e-06	4.887218045e-06	-10
3.462204415e-06	4.887218045e-06	-10
3.462204415e-06	4.887218045e-06	-10
3.462204415e-06	4.887218045e-06	-10
3.462204415e-06	4.887218045e-06	-10
3.462204415e-06	4.887218045e-06	-10
3.462204415e-06	4.887218045e-06	-10
3.462204415e-06	4.887218045e-06	-10
3.462204415e-06	4.887218045e-06	-10
3.462204415e-06	4.887218045e-06	-10
3.462204415e-06	4.887218045e-06	-10
3.462204415e-06	4.887218045e-06	-10
3.462204415e-06	4.887218045e-06	-10
3.462204415e-06	4.887218045e-06	-10
3.462204415e-06	4.887218045e-06	-10
3.462204415e-06	4.887218045e-06	-10
3.462204415e-06	4.887218045e-06	-10
3.462204415e-06	4.887218045e-06	-10
3.462204415e-06	4.887218045e-06	-10
3.462204415e-06	4.887218045e-06	0
3.481001408e-06	4.887218045e-06	0
3.4997984e-06	4.887218045e-06	0
3.518595393e-06	4.887218045e-06	0
3.537392385e-06	4.887218045e-06	0
3.537392385e-06	4.887218045e-06	-10
3.537392385e-06	4.887218045e-06	-10
3.537392385e-06	4.887218045e-06	-10
3.537392385e-06	4.887218045e-06	-10
3.537392385e-06	4.887218045e-06	-10
3.537392385e-06	4.887218045e-06	-10
3.537392385e-06	4.887218045e-06	-10
3.537392385e-06	4.887218045e-06	-10
3.537392385e-06	4.887218045e-06	-10
3.537392385e-06	4.887218045e-06	-10
3.537392385e-06	4.887218045e-06	-10
3.537392385e-06	4.887218045e-06	-10
3.537392385e-06	4.887218045e-06	-10
3.537392385e-06	4.887218045e-06	-10
3.537392385e-06	4.887218045e-06	-10
3.537392385e-06	4.887218045e-06	-10
3.537392385e-06	4.887218045e-06	-10
3.537392385e-06	4.887218045e-06	-10
3.537392385e-06	4.887218045e-06	-10
3.537392385e-06	4.887218045e-06	-10
3.537392385e-06	4.887218045e-06	-10
3.537392385e-06	4.887218045e-06	-10
3.537392385e-06	4.887218045e-06	-10
3.537392385e-06	4.887218045e-06	-10
3.537392385e-06	4.887218045e-06	-10
3.537392385e-06	4.887218045e-06	0
3.556189378e-06	4.887218045e-06	0
3.57498637e-06	4.887218045e-06	0
3.593783363e-06	4.887218045e-06	0
3.612580355e-06	4.887218045e-06	0
3.612580355e-06	4.887218045e-06	-10
3.612580355e-06	4.887218045e-06	-10
3.612580355e-06	4.887218045e-06	-10
3.612580355e-06	4.887218045e-06	-10
3.612580355e-06	4.887218045e-06	-10
3.612580355e-06	4.887218045e-06	-10
3.612580355e-06	4.887218045e-06	-10
3.612580355e-06	4.887218045e-06	-10
3.612580355e-06	4.887218045e-06	-10
3.612580355e-06	4.887218045e-06	-10
3.612580355e-06	4.887218045e-06	-10
3.612580355e-06	4.887218045e-06	-10
3.612580355e-06	4.887218045e-06	-10
3.612580355e-06	4.887218045e-06	-10
3.612580355e-06	4.887218045e-06	-10
3.612580355e-06	4.887218045e-06	-10
3.612580355e-06	4.887218045e-06	-10
3.612580355e-06	4.887218045e-06	-10
3.612580355e-06	4.887218045e-06	-10
3.612580355e-06	4.887218045e-06	-10
3.612580355e-06	4.887218045e-06	-10
3.612580355e-06	4.887218045e-06	-10
3.612580355e-06	4.887218045e-06	-10
3.612580355e-06	4.887218045e-06	-10
3.612580355e-06	4.887218045e-06	-10
3.612580355e-06	4.887218045e-06	0
3.631377348e-06	4.887218045e-06	0
3.65017434e-06	4.887218045e-06	0
3.668971333e-06	4.887218045e-06	0
3.687768325e-06	4.887218045e-06	0
3.687768325e-06	4.887218045e-06	-10
3.687768325e-06	4.887218045e-06	-10
3.687768325e-06	4.887218045e-06	-10
3.687768325e-06	4.887218045e-06	-10
3.687768325e-06	4.887218045e-06	-10
3.687768325e-06	4.887218045e-06	-10
3.687768325e-06	4.887218045e-06	-10
3.687768325e-06	4.887218045e-06	-10
3.687768325e-06	4.887218045e-06	-10
3.687768325e-06	4.887218045e-06	-10
3.687768325e-06	4.887218045e-06	-10
3.687768325e-06	4.887218045e-06	-10
3.687768325e-06	4.887218045e-06	-10
3.687768325e-06	4.887218045e-06	-10
3.687768325e-06	4.887218045e-06	-10
3.687768325e-06	4.887218045e-06	-10
3.687768325e-06	4.887218045e-06	-10
3.687768325e-06	4.887218045e-06	-10
3.687768325e-06	4.887218045e-06	-10
3.687768325e-06	4.887218045e-06	-10
3.687768325e-06	4.887218045e-06	-10
3.687768325e-06	4.887218045e-06	-10
3.687768325e-06	4.887218045e-06	-10
3.687768325e-06	4.887218045e-06	-10
3.687768325e-06	4.887218045e-06	-10
3.687768325e-06	4.887218045e-06	0
3.706565318e-06	4.887218045e-06	0
3.72536231e-06	4.887218045e-06	0
3.744159303e-06	4.887218045e-06	0
3.762956295e-06	4.887218045e-06	0
3.762956295e-06	4.887218045e-06	-10
3.762956295e-06	4.887218045e-06	-10
3.762956295e-06	4.887218045e-06	-10
3.762956295e-06	4.887218045e-06	-10
3.762956295e-06	4.887218045e-06	-10
3.762956295e-06	4.887218045e-06	-10
3.762956295e-06	4.887218045e-06	-10
3.762956295e-06	4.887218045e-06	-10
3.762956295e-06	4.887218045e-06	-10
3.762956295e-06	4.887218045e-06	-10
3.762956295e-06	4.887218045e-06	-10
3.762956295e-06	4.887218045e-06	-10
3.762956295e-06	4.887218045e-06	-10
3.762956295e-06	4.887218045e-06	-10
3.762956295e-06	4.887218045e-06	-10
3.762956295e-06	4.887218045e-06	-10
3.762956295e-06	4.887218045e-06	-10
3.762956295e-06	4.887218045e-06	-10
3.762956295e-06	4.887218045e-06	-10
3.762956295e-06	4.887218045e-06	-10
3.762956295e-06	4.887218045e-06	-10
3.762956295e-06	4.887218045e-06	-10
3.762956295e-06	4.887218045e-06	-10
3.762956295e-06	4.887218045e-06	-10
3.762956295e-06	4.887218045e-06	-10
3.762956295e-06	4.887218045e-06	0
3.781753288e-06	4.887218045e-06	0
3.80055028e-06	4.887218045e-06	0
3.819347272e-06	4.887218045e-06	0
3.838144265e-06	4.887218045e-06	0
3.838144265e-06	4.887218045e-06	-10
3.838144265e-06	4.887218045e-06	-10
3.838144265e-06	4.887218045e-06	-10
3.838144265e-06	4.887218045e-06	-10
3.838144265e-06	4.887218045e-06	-10
3.838144265e-06	4.887218045e-06	-10
3.838144265e-06	4.887218045e-06	-10
3.838144265e-06	4.887218045e-06	-10
3.838144265e-06	4.887218045e-06	-10
3.838144265e-06	4.887218045e-06	-10
3.838144265e-06	4.887218045e-06	-10
3.838144265e-06	4.887218045e-06	-10
3.838144265e-06	4.887218045e-06	-10
3.838144265e-06	4.887218045e-06	-10
3.838144265e-06	4.887218045e-06	-10
3.838144265e-06	4.887218045e-06	-10
3.838144265e-06	4.887218045e-06	-10
3.838144265e-06	4.887218045e-06	-10
3.838144265e-06	4.887218045e-06	-10
3.838144265e-06	4.887218045e-06	-10
3.838144265e-06	4.887218045e-06	-10
3.838144265e-06	4.887218045e-06	-10
3.838144265e-06	4.887218045e-06	-10
3.838144265e-06	4.887218045e-06	-10
3.838144265e-06	4.887218045e-06	-10
3.838144265e-06	4.887218045e-06	0
3.856941257e-06	4.887218045e-06	0
3.87573825e-06	4.887218045e-06	0
3.894535242e-06	4.887218045e-06	0
3.913332235e-06	4.887218045e-06	0
3.913332235e-06	4.887218045e-06	-10
3.913332235e-06	4.887218045e-06	-10
3.913332235e-06	4.887218045e-06	-10
3.913332235e-06	4.887218045e-06	-10
3.913332235e-06	4.887218045e-06	-10
3.913332235e-06	4.887218045e-06	-10
3.913332235e-06	4.887218045e-06	-10
3.913332235e-06	4.887218045e-06	-10
3.913332235e-06	4.887218045e-06	-10
3.913332235e-06	4.887218045e-06	-10
3.913332235e-06	4.887218045e-06	-10
3.913332235e-06	4.887218045e-06	-10
3.913332235e-06	4.887218045e-06	-10
3.913332235e-06	4.887218045e-06	-10
3.913332235e-06	4.887218045e-06	-10
3.913332235e-06	4.887218045e-06	-10
3.913332235e-06	4.887218045e-06	-10
3.913332235e-06	4.887218045e-06	-10
3.913332235e-06	4.887218045e-06	-10
3.913332235e-06	4.887218045e-06	-10
3.913332235e-06	4.887218045e-06	-10
3.913332235e-06	4.887218045e-06	-10
3.913332235e-06	4.887218045e-06	-10
3.913332235e-06	4.887218045e-06	-10
3.913332235e-06	4.887218045e-06	-10
3.913332235e-06	4.887218045e-06	0
3.932129227e-06	4.887218045e-06	0
3.95092622e-06	4.887218045e-06	0
3.969723212e-06	4.887218045e-06	0
3.988520205e-06	4.887218045e-06	0
3.988520205e-06	4.887218045e-06	-10
3.988520205e-06	4.887218045e-06	-10
3.988520205e-06	4.887218045e-06	-10
3.988520205e-06	4.887218045e-06	-10
3.988520205e-06	4.887218045e-06	-10
3.988520205e-06	4.887218045e-06	-10
3.988520205e-06	4.887218045e-06	-10
3.988520205e-06	4.887218045e-06	-10
3.988520205e-06	4.887218045e-06	-10
3.988520205e-06	4.887218045e-06	-10
3.988520205e-06	4.887218045e-06	-10
3.988520205e-06	4.887218045e-06	-10
3.988520205e-06	4.887218045e-06	-10
3.988520205e-06	4.887218045e-06	-10
3.988520205e-06	4.887218045e-06	-10
3.988520205e-06	4.887218045e-06	-10
3.988520205e-06	4.887218045e-06	-10
3.988520205e-06	4.887218045e-06	-10
3.988520205e-06	4.887218045e-06	-10
3.988520205e-06	4.887218045e-06	-10
3.988520205e-06	4.887218045e-06	-10
3.988520205e-06	4.887218045e-06	-10
3.988520205e-06	4.887218045e-06	-10
3.988520205e-06	4.887218045e-06	-10
3.988520205e-06	4.887218045e-06	-10
3.988520205e-06	4.887218045e-06	0
4.007317197e-06	4.887218045e-06	0
4.02611419e-06	4.887218045e-06	0
4.044911182e-06	4.887218045e-06	0
4.063708175e-06	4.887218045e-06	0
4.063708175e-06	4.887218045e-06	-10
4.063708175e-06	4.887218045e-06	-10
4.063708175e-06	4.887218045e-06	-10
4.063708175e-06	4.887218045e-06	-10
4.063708175e-06	4.887218045e-06	-10
4.063708175e-06	4.887218045e-06	-10
4.063708175e-06	4.887218045e-06	-10
4.063708175e-06	4.887218045e-06	-10
4.063708175e-06	4.887218045e-06	-10
4.063708175e-06	4.887218045e-06	-10
4.063708175e-06	4.887218045e-06	-10
4.063708175e-06	4.887218045e-06	-10
4.063708175e-06	4.887218045e-06	-10
4.063708175e-06	4.887218045e-06	-10
4.063708175e-06	4.887218045e-06	-10
4.063708175e-06	4.887218045e-06	-10
4.063708175e-06	4.887218045e-06	-10
4.063708175e-06	4.887218045e-06	-10
4.063708175e-06	4.887218045e-06	-10
4.063708175e-06	4.887218045e-06	-10
4.063708175e-06	4.887218045e-06	-10
4.063708175e-06	4.887218045e-06	-10
4.063708175e-06	4.887218045e-06	-10
4.063708175e-06	4.887218045e-06	-10
4.063708175e-06	4.887218045e-06	-10
4.063708175e-06	4.887218045e-06	0
4.063708175e-06	4.906015038e-06	0
4.063708175e-06	4.92481203e-06	0
4.063708175e-06	4.943609023e-06	0
4.063708175e-06	4.962406015e-06	0
4.063708175e-06	4.962406015e-06	-10
4.063708175e-06	4.962406015e-06	-10
4.063708175e-06	4.962406015e-06	-10
4.063708175e-06	4.962406015e-06	-10
4.063708175e-06	4.962406015e-06	-10
4.063708175e-06	4.962406015e-06	-10
4.063708175e-06	4.962406015e-06	-10
4.063708175e-06	4.962406015e-06	-10
4.063708175e-06	4.962406015e-06	-10
4.063708175e-06	4.962406015e-06	-10
4.063708175e-06	4.962406015e-06	-10
4.063708175e-06	4.962406015e-06	-10
4.063708175e-06	4.962406015e-06	-10
4.063708175e-06	4.962406015e-06	-10
4.063708175e-06	4.962406015e-06	-10
4.063708175e-06	4.962406015e-06	-10
4.063708175e-06	4.962406015e-06	-10
4.063708175e-06	4.962406015e-06	-10
4.063708175e-06	4.962406015e-06	-10
4.063708175e-06	4.962406015e-06	-10
4.063708175e-06	4.962406015e-06	-10
4.063708175e-06	4.962406015e-06	-10
4.063708175e-06	4.962406015e-06	-10
4.063708175e-06	4.962406015e-06	-10
4.063708175e-06	4.962406015e-06	-10
4.063708175e-06	4.962406015e-06	0
4.044911182e-06	4.962406015e-06	0
4.02611419e-06	4.962406015e-06	0
4.007317197e-06	4.962406015e-06	0
3.988520205e-06	4.962406015e-06	0
3.988520205e-06	4.962406015e-06	-10
3.988520205e-06	4.962406015e-06	-10
3.988520205e-06	4.962406015e-06	-10
3.988520205e-06	4.962406015e-06	-10
3.988520205e-06	4.962406015e-06	-10
3.988520205e-06	4.962406015e-06	-10
3.988520205e-06	4.962406015e-06	-10
3.988520205e-06	4.962406015e-06	-10
3.988520205e-06	4.962406015e-06	-10
3.988520205e-06	4.962406015e-06	-10
3.988520205e-06	4.962406015e-06	-10
3.988520205e-06	4.962406015e-06	-10
3.988520205e-06	4.962406015e-06	-10
3.988520205e-06	4.962406015e-06	-10
3.988520205e-06	4.962406015e-06	-10
3.988520205e-06	4.962406015e-06	-10
3.988520205e-06	4.962406015e-06	-10
3.988520205e-06	4.962406015e-06	-10
3.988520205e-06	4.962406015e-06	-10
3.988520205e-06	4.962406015e-06	-10
3.988520205e-06	4.962406015e-06	-10
3.988520205e-06	4.962406015e-06	-10
3.988520205e-06	4.962406015e-06	-10
3.988520205e-06	4.962406015e-06	-10
3.988520205e-06	4.962406015e-06	-10
3.988520205e-06	4.962406015e-06	0
3.969723212e-06	4.962406015e-06	0
3.95092622e-06	4.962406015e-06	0
3.932129227e-06	4.962406015e-06	0
3.913332235e-06	4.962406015e-06	0
3.913332235e-06	4.962406015e-06	-10
3.913332235e-06	4.962406015e-06	-10
3.913332235e-06	4.962406015e-06	-10
3.913332235e-06	4.962406015e-06	-10
3.913332235e-06	4.962406015e-06	-10
3.913332235e-06	4.962406015e-06	-10
3.913332235e-06	4.962406015e-06	-10
3.913332235e-06	4.962406015e-06	-10
3.913332235e-06	4.962406015e-06	-10
3.913332235e-06	4.962406015e-06	-10
3.913332235e-06	4.962406015e-06	-10
3.913332235e-06	4.962406015e-06	-10
3.913332235e-06	4.962406015e-06	-10
3.913332235e-06	4.962406015e-06	-10
3.913332235e-06	4.962406015e-06	-10
3.913332235e-06	4.962406015e-06	-10
3.913332235e-06	4.962406015e-06	-10
3.913332235e-06	4.962406015e-06	-10
3.913332235e-06	4.962406015e-06	-10
3.913332235e-06	4.962406015e-06	-10
3.913332235e-06	4.962406015e-06	-10
3.913332235e-06	4.962406015e-06	-10
3.913332235e-06	4.962406015e-06	-10
3.913332235e-06	4.962406015e-06	-10
3.913332235e-06	4.962406015e-06	-10
3.913332235e-06	4.962406015e-06	0
3.894535242e-06	4.962406015e-06	0
3.87573825e-06	4.962406015e-06	0
3.856941257e-06	4.962406015e-06	0
3.838144265e-06	4.962406015e-06	0
3.838144265e-06	4.962406015e-06	-10
3.838144265e-06	4.962406015e-06	-10
3.838144265e-06	4.962406015e-06	-10
3.838144265e-06	4.962406015e-06	-10
3.838144265e-06	4.962406015e-06	-10
3.838144265e-06	4.962406015e-06	-10
3.838144265e-06	4.962406015e-06	-10
3.838144265e-06	4.962406015e-06	-10
3.838144265e-06	4.962406015e-06	-10
3.838144265e-06	4.962406015e-06	-10
3.838144265e-06	4.962406015e-06	-10
3.838144265e-06	4.962406015e-06	-10
3.838144265e-06	4.962406015e-06	-10
3.838144265e-06	4.962406015e-06	-10
3.838144265e-06	4.962406015e-06	-10
3.838144265e-06	4.962406015e-06	-10
3.838144265e-06	4.962406015e-06	-10
3.838144265e-06	4.962406015e-06	-10
3.838144265e-06	4.962406015e-06	-10
3.838144265e-06	4.962406015e-06	-10
3.838144265e-06	4.962406015e-06	-10
3.838144265e-06	4.962406015e-06	-10
3.838144265e-06	4.962406015e-06	-10
3.838144265e-06	4.962406015e-06	-10
3.838144265e-06	4.962406015e-06	-10
3.838144265e-06	4.962406015e-06	0
3.819347272e-06	4.962406015e-06	0
3.80055028e-06	4.962406015e-06	0
3.781753288e-06	4.962406015e-06	0
3.762956295e-06	4.962406015e-06	0
3.762956295e-06	4.962406015e-06	-10
3.762956295e-06	4.962406015e-06	-10
3.762956295e-06	4.962406015e-06	-10
3.762956295e-06	4.962406015e-06	-10
3.762956295e-06	4.962406015e-06	-10
3.762956295e-06	4.962406015e-06	-10
3.762956295e-06	4.962406015e-06	-10
3.762956295e-06	4.962406015e-06	-10
3.762956295e-06	4.962406015e-06	-10
3.762956295e-06	4.962406015e-06	-10
3.762956295e-06	4.962406015e-06	-10
3.762956295e-06	4.962406015e-06	-10
3.762956295e-06	4.962406015e-06	-10
3.762956295e-06	4.962406015e-06	-10
3.762956295e-06	4.962406015e-06	-10
3.762956295e-06	4.962406015e-06	-10
3.762956295e-06	4.962406015e-06	-10
3.762956295e-06	4.962406015e-06	-10
3.762956295e-06	4.962406015e-06	-10
3.762956295e-06	4.962406015e-06	-10
3.762956295e-06	4.962406015e-06	-10
3.762956295e-06	4.962406015e-06	-10
3.762956295e-06	4.962406015e-06	-10
3.762956295e-06	4.962406015e-06	-10
3.762956295e-06	4.962406015e-06	-10
3.762956295e-06	4.962406015e-06	0
3.744159303e-06	4.962406015e-06	0
3.72536231e-06	4.962406015e-06	0
3.706565318e-06	4.962406015e-06	0
3.687768325e-06	4.962406015e-06	0
3.687768325e-06	4.962406015e-06	-10
3.687768325e-06	4.962406015e-06	-10
3.687768325e-06	4.962406015e-06	-10
3.687768325e-06	4.962406015e-06	-10
3.687768325e-06	4.962406015e-06	-10
3.687768325e-06	4.962406015e-06	-10
3.687768325e-06	4.962406015e-06	-10
3.687768325e-06	4.962406015e-06	-10
3.687768325e-06	4.962406015e-06	-10
3.687768325e-06	4.962406015e-06	-10
3.687768325e-06	4.962406015e-06	-10
3.687768325e-06	4.962406015e-06	-10
3.687768325e-06	4.962406015e-06	-10
3.687768325e-06	4.962406015e-06	-10
3.687768325e-06	4.962406015e-06	-10
3.687768325e-06	4.962406015e-06	-10
3.687768325e-06	4.962406015e-06	-10
3.687768325e-06	4.962406015e-06	-10
3.687768325e-06	4.962406015e-06	-10
3.687768325e-06	4.962406015e-06	-10
3.687768325e-06	4.962406015e-06	-10
3.687768325e-06	4.962406015e-06	-10
3.687768325e-06	4.962406015e-06	-10
3.687768325e-06	4.962406015e-06	-10
3.687768325e-06	4.962406015e-06	-10
3.687768325e-06	4.962406015e-06	0
3.668971333e-06	4.962406015e-06	0
3.65017434e-06	4.962406015e-06	0
3.631377348e-06	4.962406015e-06	0
3.612580355e-06	4.962406015e-06	0
3.612580355e-06	4.962406015e-06	-10
3.612580355e-06	4.962406015e-06	-10
3.612580355e-06	4.962406015e-06	-10
3.612580355e-06	4.962406015e-06	-10
3.612580355e-06	4.962406015e-06	-10
3.612580355e-06	4.962406015e-06	-10
3.612580355e-06	4.962406015e-06	-10
3.612580355e-06	4.962406015e-06	-10
3.612580355e-06	4.962406015e-06	-10
3.612580355e-06	4.962406015e-06	-10
3.612580355e-06	4.962406015e-06	-10
3.612580355e-06	4.962406015e-06	-10
3.612580355e-06	4.962406015e-06	-10
3.612580355e-06	4.962406015e-06	-10
3.612580355e-06	4.962406015e-06	-10
3.612580355e-06	4.962406015e-06	-10
3.612580355e-06	4.962406015e-06	-10
3.612580355e-06	4.962406015e-06	-10
3.612580355e-06	4.962406015e-06	-10
3.612580355e-06	4.962406015e-06	-10
3.612580355e-06	4.962406015e-06	-10
3.612580355e-06	4.962406015e-06	-10
3.612580355e-06	4.962406015e-06	-10
3.612580355e-06	4.962406015e-06	-10
3.612580355e-06	4.962406015e-06	-10
3.612580355e-06	4.962406015e-06	0
3.593783363e-06	4.962406015e-06	0
3.57498637e-06	4.962406015e-06	0
3.556189378e-06	4.962406015e-06	0
3.537392385e-06	4.962406015e-06	0
3.537392385e-06	4.962406015e-06	-10
3.537392385e-06	4.962406015e-06	-10
3.537392385e-06	4.962406015e-06	-10
3.537392385e-06	4.962406015e-06	-10
3.537392385e-06	4.962406015e-06	-10
3.537392385e-06	4.962406015e-06	-10
3.537392385e-06	4.962406015e-06	-10
3.537392385e-06	4.962406015e-06	-10
3.537392385e-06	4.962406015e-06	-10
3.537392385e-06	4.962406015e-06	-10
3.537392385e-06	4.962406015e-06	-10
3.537392385e-06	4.962406015e-06	-10
3.537392385e-06	4.962406015e-06	-10
3.537392385e-06	4.962406015e-06	-10
3.537392385e-06	4.962406015e-06	-10
3.537392385e-06	4.962406015e-06	-10
3.537392385e-06	4.962406015e-06	-10
3.537392385e-06	4.962406015e-06	-10
3.537392385e-06	4.962406015e-06	-10
3.537392385e-06	4.962406015e-06	-10
3.537392385e-06	4.962406015e-06	-10
3.537392385e-06	4.962406015e-06	-10
3.537392385e-06	4.962406015e-06	-10
3.537392385e-06	4.962406015e-06	-10
3.537392385e-06	4.962406015e-06	-10
3.537392385e-06	4.962406015e-06	0
3.518595393e-06	4.962406015e-06	0
3.4997984e-06	4.962406015e-06	0
3.481001408e-06	4.962406015e-06	0
3.462204415e-06	4.962406015e-06	0
3.462204415e-06	4.962406015e-06	-10
3.462204415e-06	4.962406015e-06	-10
3.462204415e-06	4.962406015e-06	-10
3.462204415e-06	4.962406015e-06	-10
3.462204415e-06	4.962406015e-06	-10
3.462204415e-06	4.962406015e-06	-10
3.462204415e-06	4.962406015e-06	-10
3.462204415e-06	4.962406015e-06	-10
3.462204415e-06	4.962406015e-06	-10
3.462204415e-06	4.962406015e-06	-10
3.462204415e-06	4.962406015e-06	-10
3.462204415e-06	4.962406015e-06	-10
3.462204415e-06	4.962406015e-06	-10
3.462204415e-06	4.962406015e-06	-10
3.462204415e-06	4.962406015e-06	-10
3.462204415e-06	4.962406015e-06	-10
3.462204415e-06	4.962406015e-06	-10
3.462204415e-06	4.962406015e-06	-10
3.462204415e-06	4.962406015e-06	-10
3.462204415e-06	4.962406015e-06	-10
3.462204415e-06	4.962406015e-06	-10
3.462204415e-06	4.962406015e-06	-10
3.462204415e-06	4.962406015e-06	-10
3.462204415e-06	4.962406015e-06	-10
3.462204415e-06	4.962406015e-06	-10
3.462204415e-06	4.962406015e-06	0
3.443407423e-06	4.962406015e-06	0
3.42461043e-06	4.962406015e-06	0
3.405813438e-06	4.962406015e-06	0
3.387016445e-06	4.962406015e-06	0
3.387016445e-06	4.962406015e-06	-10
3.387016445e-06	4.962406015e-06	-10
3.387016445e-06	4.962406015e-06	-10
3.387016445e-06	4.962406015e-06	-10
3.387016445e-06	4.962406015e-06	-10
3.387016445e-06	4.962406015e-06	-10
3.387016445e-06	4.962406015e-06	-10
3.387016445e-06	4.962406015e-06	-10
3.387016445e-06	4.962406015e-06	-10
3.387016445e-06	4.962406015e-06	-10
3.387016445e-06	4.962406015e-06	-10
3.387016445e-06	4.962406015e-06	-10
3.387016445e-06	4.962406015e-06	-10
3.387016445e-06	4.962406015e-06	-10
3.387016445e-06	4.962406015e-06	-10
3.387016445e-06	4.962406015e-06	-10
3.387016445e-06	4.962406015e-06	-10
3.387016445e-06	4.962406015e-06	-10
3.387016445e-06	4.962406015e-06	-10
3.387016445e-06	4.962406015e-06	-10
3.387016445e-06	4.962406015e-06	-10
3.387016445e-06	4.962406015e-06	-10
3.387016445e-06	4.962406015e-06	-10
3.387016445e-06	4.962406015e-06	-10
3.387016445e-06	4.962406015e-06	-10
3.387016445e-06	4.962406015e-06	0
3.368219453e-06	4.962406015e-06	0
3.34942246e-06	4.962406015e-06	0
3.330625468e-06	4.962406015e-06	0
3.311828475e-06	4.962406015e-06	0
3.311828475e-06	4.962406015e-06	-10
3.311828475e-06	4.962406015e-06	-10
3.311828475e-06	4.962406015e-06	-10
3.311828475e-06	4.962406015e-06	-10
3.311828475e-06	4.962406015e-06	-10
3.311828475e-06	4.962406015e-06	-10
3.311828475e-06	4.962406015e-06	-10
3.311828475e-06	4.962406015e-06	-10
3.311828475e-06	4.962406015e-06	-10
3.311828475e-06	4.962406015e-06	-10
3.311828475e-06	4.962406015e-06	-10
3.311828475e-06	4.962406015e-06	-10
3.311828475e-06	4.962406015e-06	-10
3.311828475e-06	4.962406015e-06	-10
3.311828475e-06	4.962406015e-06	-10
3.311828475e-06	4.962406015e-06	-10
3.311828475e-06	4.962406015e-06	-10
3.311828475e-06	4.962406015e-06	-10
3.311828475e-06	4.962406015e-06	-10
3.311828475e-06	4.962406015e-06	-10
3.311828475e-06	4.962406015e-06	-10
3.311828475e-06	4.962406015e-06	-10
3.311828475e-06	4.962406015e-06	-10
3.311828475e-06	4.962406015e-06	-10
3.311828475e-06	4.962406015e-06	-10
3.311828475e-06	4.962406015e-06	0
3.293031483e-06	4.962406015e-06	0
3.274234491e-06	4.962406015e-06	0
3.255437498e-06	4.962406015e-06	0
3.236640506e-06	4.962406015e-06	0
3.236640506e-06	4.962406015e-06	-10
3.236640506e-06	4.962406015e-06	-10
3.236640506e-06	4.962406015e-06	-10
3.236640506e-06	4.962406015e-06	-10
3.236640506e-06	4.962406015e-06	-10
3.236640506e-06	4.962406015e-06	-10
3.236640506e-06	4.962406015e-06	-10
3.236640506e-06	4.962406015e-06	-10
3.236640506e-06	4.962406015e-06	-10
3.236640506e-06	4.962406015e-06	-10
3.236640506e-06	4.962406015e-06	-10
3.236640506e-06	4.962406015e-06	-10
3.236640506e-06	4.962406015e-06	-10
3.236640506e-06	4.962406015e-06	-10
3.236640506e-06	4.962406015e-06	-10
3.236640506e-06	4.962406015e-06	-10
3.236640506e-06	4.962406015e-06	-10
3.236640506e-06	4.962406015e-06	-10
3.236640506e-06	4.962406015e-06	-10
3.236640506e-06	4.962406015e-06	-10
3.236640506e-06	4.962406015e-06	-10
3.236640506e-06	4.962406015e-06	-10
3.236640506e-06	4.962406015e-06	-10
3.236640506e-06	4.962406015e-06	-10
3.236640506e-06	4.962406015e-06	-10
3.236640506e-06	4.962406015e-06	0
3.217843513e-06	4.962406015e-06	0
3.199046521e-06	4.962406015e-06	0
3.180249528e-06	4.962406015e-06	0
3.161452536e-06	4.962406015e-06	0
3.161452536e-06	4.962406015e-06	-10
3.161452536e-06	4.962406015e-06	-10
3.161452536e-06	4.962406015e-06	-10
3.161452536e-06	4.962406015e-06	-10
3.161452536e-06	4.962406015e-06	-10
3.161452536e-06	4.962406015e-06	-10
3.161452536e-06	4.962406015e-06	-10
3.161452536e-06	4.962406015e-06	-10
3.161452536e-06	4.962406015e-06	-10
3.161452536e-06	4.962406015e-06	-10
3.161452536e-06	4.962406015e-06	-10
3.161452536e-06	4.962406015e-06	-10
3.161452536e-06	4.962406015e-06	-10
3.161452536e-06	4.962406015e-06	-10
3.161452536e-06	4.962406015e-06	-10
3.161452536e-06	4.962406015e-06	-10
3.161452536e-06	4.962406015e-06	-10
3.161452536e-06	4.962406015e-06	-10
3.161452536e-06	4.962406015e-06	-10
3.161452536e-06	4.962406015e-06	-10
3.161452536e-06	4.962406015e-06	-10
3.161452536e-06	4.962406015e-06	-10
3.161452536e-06	4.962406015e-06	-10
3.161452536e-06	4.962406015e-06	-10
3.161452536e-06	4.962406015e-06	-10
3.161452536e-06	4.962406015e-06	0
3.142655543e-06	4.962406015e-06	0
3.123858551e-06	4.962406015e-06	0
3.105061558e-06	4.962406015e-06	0
3.086264566e-06	4.962406015e-06	0
3.086264566e-06	4.962406015e-06	-10
3.086264566e-06	4.962406015e-06	-10
3.086264566e-06	4.962406015e-06	-10
3.086264566e-06	4.962406015e-06	-10
3.086264566e-06	4.962406015e-06	-10
3.086264566e-06	4.962406015e-06	-10
3.086264566e-06	4.962406015e-06	-10
3.086264566e-06	4.962406015e-06	-10
3.086264566e-06	4.962406015e-06	-10
3.086264566e-06	4.962406015e-06	-10
3.086264566e-06	4.962406015e-06	-10
3.086264566e-06	4.962406015e-06	-10
3.086264566e-06	4.962406015e-06	-10
3.086264566e-06	4.962406015e-06	-10
3.086264566e-06	4.962406015e-06	-10
3.086264566e-06	4.962406015e-06	-10
3.086264566e-06	4.962406015e-06	-10
3.086264566e-06	4.962406015e-06	-10
3.086264566e-06	4.962406015e-06	-10
3.086264566e-06	4.962406015e-06	-10
3.086264566e-06	4.962406015e-06	-10
3.086264566e-06	4.962406015e-06	-10
3.086264566e-06	4.962406015e-06	-10
3.086264566e-06	4.962406015e-06	-10
3.086264566e-06	4.962406015e-06	-10
3.086264566e-06	4.962406015e-06	0
3.067467573e-06	4.962406015e-06	0
3.048670581e-06	4.962406015e-06	0
3.029873588e-06	4.962406015e-06	0
3.011076596e-06	4.962406015e-06	0
3.011076596e-06	4.962406015e-06	-10
3.011076596e-06	4.962406015e-06	-10
3.011076596e-06	4.962406015e-06	-10
3.011076596e-06	4.962406015e-06	-10
3.011076596e-06	4.962406015e-06	-10
3.011076596e-06	4.962406015e-06	-10
3.011076596e-06	4.962406015e-06	-10
3.011076596e-06	4.962406015e-06	-10
3.011076596e-06	4.962406015e-06	-10
3.011076596e-06	4.962406015e-06	-10
3.011076596e-06	4.962406015e-06	-10
3.011076596e-06	4.962406015e-06	-10
3.011076596e-06	4.962406015e-06	-10
3.011076596e-06	4.962406015e-06	-10
3.011076596e-06	4.962406015e-06	-10
3.011076596e-06	4.962406015e-06	-10
3.011076596e-06	4.962406015e-06	-10
3.011076596e-06	4.962406015e-06	-10
3.011076596e-06	4.962406015e-06	-10
3.011076596e-06	4.962406015e-06	-10
3.011076596e-06	4.962406015e-06	-10
3.011076596e-06	4.962406015e-06	-10
3.011076596e-06	4.962406015e-06	-10
3.011076596e-06	4.962406015e-06	-10
3.011076596e-06	4.962406015e-06	-10
3.011076596e-06	4.962406015e-06	0
2.992279603e-06	4.962406015e-06	0
2.973482611e-06	4.962406015e-06	0
2.954685618e-06	4.962406015e-06	0
2.935888626e-06	4.962406015e-06	0
2.935888626e-06	4.962406015e-06	-10
2.935888626e-06	4.962406015e-06	-10
2.935888626e-06	4.962406015e-06	-10
2.935888626e-06	4.962406015e-06	-10
2.935888626e-06	4.962406015e-06	-10
2.935888626e-06	4.962406015e-06	-10
2.935888626e-06	4.962406015e-06	-10
2.935888626e-06	4.962406015e-06	-10
2.935888626e-06	4.962406015e-06	-10
2.935888626e-06	4.962406015e-06	-10
2.935888626e-06	4.962406015e-06	-10
2.935888626e-06	4.962406015e-06	-10
2.935888626e-06	4.962406015e-06	-10
2.935888626e-06	4.962406015e-06	-10
2.935888626e-06	4.962406015e-06	-10
2.935888626e-06	4.962406015e-06	-10
2.935888626e-06	4.962406015e-06	-10
2.935888626e-06	4.962406015e-06	-10
2.935888626e-06	4.962406015e-06	-10
2.935888626e-06	4.962406015e-06	-10
2.935888626e-06	4.962406015e-06	-10
2.935888626e-06	4.962406015e-06	-10
2.935888626e-06	4.962406015e-06	-10
2.935888626e-06	4.962406015e-06	-10
2.935888626e-06	4.962406015e-06	-10
2.935888626e-06	4.962406015e-06	0
2.917091633e-06	4.962406015e-06	0
2.898294641e-06	4.962406015e-06	0
2.879497648e-06	4.962406015e-06	0
2.860700656e-06	4.962406015e-06	0
2.860700656e-06	4.962406015e-06	-10
2.860700656e-06	4.962406015e-06	-10
2.860700656e-06	4.962406015e-06	-10
2.860700656e-06	4.962406015e-06	-10
2.860700656e-06	4.962406015e-06	-10
2.860700656e-06	4.962406015e-06	-10
2.860700656e-06	4.962406015e-06	-10
2.860700656e-06	4.962406015e-06	-10
2.860700656e-06	4.962406015e-06	-10
2.860700656e-06	4.962406015e-06	-10
2.860700656e-06	4.962406015e-06	-10
2.860700656e-06	4.962406015e-06	-10
2.860700656e-06	4.962406015e-06	-10
2.860700656e-06	4.962406015e-06	-10
2.860700656e-06	4.962406015e-06	-10
2.860700656e-06	4.962406015e-06	-10
2.860700656e-06	4.962406015e-06	-10
2.860700656e-06	4.962406015e-06	-10
2.860700656e-06	4.962406015e-06	-10
2.860700656e-06	4.962406015e-06	-10
2.860700656e-06	4.962406015e-06	-10
2.860700656e-06	4.962406015e-06	-10
2.860700656e-06	4.962406015e-06	-10
2.860700656e-06	4.962406015e-06	-10
2.860700656e-06	4.962406015e-06	-10
2.860700656e-06	4.962406015e-06	0
2.841903663e-06	4.962406015e-06	0
2.823106671e-06	4.962406015e-06	0
2.804309678e-06	4.962406015e-06	0
2.785512686e-06	4.962406015e-06	0
2.785512686e-06	4.962406015e-06	-10
2.785512686e-06	4.962406015e-06	-10
2.785512686e-06	4.962406015e-06	-10
2.785512686e-06	4.962406015e-06	-10
2.785512686e-06	4.962406015e-06	-10
2.785512686e-06	4.962406015e-06	-10
2.785512686e-06	4.962406015e-06	-10
2.785512686e-06	4.962406015e-06	-10
2.785512686e-06	4.962406015e-06	-10
2.785512686e-06	4.962406015e-06	-10
2.785512686e-06	4.962406015e-06	-10
2.785512686e-06	4.962406015e-06	-10
2.785512686e-06	4.962406015e-06	-10
2.785512686e-06	4.962406015e-06	-10
2.785512686e-06	4.962406015e-06	-10
2.785512686e-06	4.962406015e-06	-10
2.785512686e-06	4.962406015e-06	-10
2.785512686e-06	4.962406015e-06	-10
2.785512686e-06	4.962406015e-06	-10
2.785512686e-06	4.962406015e-06	-10
2.785512686e-06	4.962406015e-06	-10
2.785512686e-06	4.962406015e-06	-10
2.785512686e-06	4.962406015e-06	-10
2.785512686e-06	4.962406015e-06	-10
2.785512686e-06	4.962406015e-06	-10
2.785512686e-06	4.962406015e-06	0
2.766715694e-06	4.962406015e-06	0
2.747918701e-06	4.962406015e-06	0
2.729121709e-06	4.962406015e-06	0
2.710324716e-06	4.962406015e-06	0
2.710324716e-06	4.962406015e-06	-10
2.710324716e-06	4.962406015e-06	-10
2.710324716e-06	4.962406015e-06	-10
2.710324716e-06	4.962406015e-06	-10
2.710324716e-06	4.962406015e-06	-10
2.710324716e-06	4.962406015e-06	-10
2.710324716e-06	4.962406015e-06	-10
2.710324716e-06	4.962406015e-06	-10
2.710324716e-06	4.962406015e-06	-10
2.710324716e-06	4.962406015e-06	-10
2.710324716e-06	4.962406015e-06	-10
2.710324716e-06	4.962406015e-06	-10
2.710324716e-06	4.962406015e-06	-10
2.710324716e-06	4.962406015e-06	-10
2.710324716e-06	4.962406015e-06	-10
2.710324716e-06	4.962406015e-06	-10
2.710324716e-06	4.962406015e-06	-10
2.710324716e-06	4.962406015e-06	-10
2.710324716e-06	4.962406015e-06	-10
2.710324716e-06	4.962406015e-06	-10
2.710324716e-06	4.962406015e-06	-10
2.710324716e-06	4.962406015e-06	-10
2.710324716e-06	4.962406015e-06	-10
2.710324716e-06	4.962406015e-06	-10
2.710324716e-06	4.962406015e-06	-10
2.710324716e-06	4.962406015e-06	0
2.691527724e-06	4.962406015e-06	0
2.672730731e-06	4.962406015e-06	0
2.653933739e-06	4.962406015e-06	0
2.635136746e-06	4.962406015e-06	0
2.635136746e-06	4.962406015e-06	-10
2.635136746e-06	4.962406015e-06	-10
2.635136746e-06	4.962406015e-06	-10
2.635136746e-06	4.962406015e-06	-10
2.635136746e-06	4.962406015e-06	-10
2.635136746e-06	4.962406015e-06	-10
2.635136746e-06	4.962406015e-06	-10
2.635136746e-06	4.962406015e-06	-10
2.635136746e-06	4.962406015e-06	-10
2.635136746e-06	4.962406015e-06	-10
2.635136746e-06	4.962406015e-06	-10
2.635136746e-06	4.962406015e-06	-10
2.635136746e-06	4.962406015e-06	-10
2.635136746e-06	4.962406015e-06	-10
2.635136746e-06	4.962406015e-06	-10
2.635136746e-06	4.962406015e-06	-10
2.635136746e-06	4.962406015e-06	-10
2.635136746e-06	4.962406015e-06	-10
2.635136746e-06	4.962406015e-06	-10
2.635136746e-06	4.962406015e-06	-10
2.635136746e-06	4.962406015e-06	-10
2.635136746e-06	4.962406015e-06	-10
2.635136746e-06	4.962406015e-06	-10
2.635136746e-06	4.962406015e-06	-10
2.635136746e-06	4.962406015e-06	-10
2.635136746e-06	4.962406015e-06	0
2.616339754e-06	4.962406015e-06	0
2.597542761e-06	4.962406015e-06	0
2.578745769e-06	4.962406015e-06	0
2.559948776e-06	4.962406015e-06	0
2.559948776e-06	4.962406015e-06	-10
2.559948776e-06	4.962406015e-06	-10
2.559948776e-06	4.962406015e-06	-10
2.559948776e-06	4.962406015e-06	-10
2.559948776e-06	4.962406015e-06	-10
2.559948776e-06	4.962406015e-06	-10
2.559948776e-06	4.962406015e-06	-10
2.559948776e-06	4.962406015e-06	-10
2.559948776e-06	4.962406015e-06	-10
2.559948776e-06	4.962406015e-06	-10
2.559948776e-06	4.962406015e-06	-10
2.559948776e-06	4.962406015e-06	-10
2.559948776e-06	4.962406015e-06	-10
2.559948776e-06	4.962406015e-06	-10
2.559948776e-06	4.962406015e-06	-10
2.559948776e-06	4.962406015e-06	-10
2.559948776e-06	4.962406015e-06	-10
2.559948776e-06	4.962406015e-06	-10
2.559948776e-06	4.962406015e-06	-10
2.559948776e-06	4.962406015e-06	-10
2.559948776e-06	4.962406015e-06	-10
2.559948776e-06	4.962406015e-06	-10
2.559948776e-06	4.962406015e-06	-10
2.559948776e-06	4.962406015e-06	-10
2.559948776e-06	4.962406015e-06	-10
2.559948776e-06	4.962406015e-06	0
2.541151784e-06	4.962406015e-06	0
2.522354791e-06	4.962406015e-06	0
2.503557799e-06	4.962406015e-06	0
2.484760806e-06	4.962406015e-06	0
2.484760806e-06	4.962406015e-06	-10
2.484760806e-06	4.962406015e-06	-10
2.484760806e-06	4.962406015e-06	-10
2.484760806e-06	4.962406015e-06	-10
2.484760806e-06	4.962406015e-06	-10
2.484760806e-06	4.962406015e-06	-10
2.484760806e-06	4.962406015e-06	-10
2.484760806e-06	4.962406015e-06	-10
2.484760806e-06	4.962406015e-06	-10
2.484760806e-06	4.962406015e-06	-10
2.484760806e-06	4.962406015e-06	-10
2.484760806e-06	4.962406015e-06	-10
2.484760806e-06	4.962406015e-06	-10
2.484760806e-06	4.962406015e-06	-10
2.484760806e-06	4.962406015e-06	-10
2.484760806e-06	4.962406015e-06	-10
2.484760806e-06	4.962406015e-06	-10
2.484760806e-06	4.962406015e-06	-10
2.484760806e-06	4.962406015e-06	-10
2.484760806e-06	4.962406015e-06	-10
2.484760806e-06	4.962406015e-06	-10
2.484760806e-06	4.962406015e-06	-10
2.484760806e-06	4.962406015e-06	-10
2.484760806e-06	4.962406015e-06	-10
2.484760806e-06	4.962406015e-06	-10
2.484760806e-06	4.962406015e-06	0
2.465963814e-06	4.962406015e-06	0
2.447166821e-06	4.962406015e-06	0
2.428369829e-06	4.962406015e-06	0
2.409572836e-06	4.962406015e-06	0
2.409572836e-06	4.962406015e-06	-10
2.409572836e-06	4.962406015e-06	-10
2.409572836e-06	4.962406015e-06	-10
2.409572836e-06	4.962406015e-06	-10
2.409572836e-06	4.962406015e-06	-10
2.409572836e-06	4.962406015e-06	-10
2.409572836e-06	4.962406015e-06	-10
2.409572836e-06	4.962406015e-06	-10
2.409572836e-06	4.962406015e-06	-10
2.409572836e-06	4.962406015e-06	-10
2.409572836e-06	4.962406015e-06	-10
2.409572836e-06	4.962406015e-06	-10
2.409572836e-06	4.962406015e-06	-10
2.409572836e-06	4.962406015e-06	-10
2.409572836e-06	4.962406015e-06	-10
2.409572836e-06	4.962406015e-06	-10
2.409572836e-06	4.962406015e-06	-10
2.409572836e-06	4.962406015e-06	-10
2.409572836e-06	4.962406015e-06	-10
2.409572836e-06	4.962406015e-06	-10
2.409572836e-06	4.962406015e-06	-10
2.409572836e-06	4.962406015e-06	-10
2.409572836e-06	4.962406015e-06	-10
2.409572836e-06	4.962406015e-06	-10
2.409572836e-06	4.962406015e-06	-10
2.409572836e-06	4.962406015e-06	0
2.390775844e-06	4.962406015e-06	0
2.371978851e-06	4.962406015e-06	0
2.353181859e-06	4.962406015e-06	0
2.334384866e-06	4.962406015e-06	0
2.334384866e-06	4.962406015e-06	-10
2.334384866e-06	4.962406015e-06	-10
2.334384866e-06	4.962406015e-06	-10
2.334384866e-06	4.962406015e-06	-10
2.334384866e-06	4.962406015e-06	-10
2.334384866e-06	4.962406015e-06	-10
2.334384866e-06	4.962406015e-06	-10
2.334384866e-06	4.962406015e-06	-10
2.334384866e-06	4.962406015e-06	-10
2.334384866e-06	4.962406015e-06	-10
2.334384866e-06	4.962406015e-06	-10
2.334384866e-06	4.962406015e-06	-10
2.334384866e-06	4.962406015e-06	-10
2.334384866e-06	4.962406015e-06	-10
2.334384866e-06	4.962406015e-06	-10
2.334384866e-06	4.962406015e-06	-10
2.334384866e-06	4.962406015e-06	-10
2.334384866e-06	4.962406015e-06	-10
2.334384866e-06	4.962406015e-06	-10
2.334384866e-06	4.962406015e-06	-10
2.334384866e-06	4.962406015e-06	-10
2.334384866e-06	4.962406015e-06	-10
2.334384866e-06	4.962406015e-06	-10
2.334384866e-06	4.962406015e-06	-10
2.334384866e-06	4.962406015e-06	-10
2.334384866e-06	4.962406015e-06	0
2.334384866e-06	4.981203008e-06	0
2.334384866e-06	5e-06	0
2.334384866e-06	5.018796992e-06	0
2.334384866e-06	5.037593985e-06	0
2.334384866e-06	5.037593985e-06	10
2.334384866e-06	5.037593985e-06	10
2.334384866e-06	5.037593985e-06	10
2.334384866e-06	5.037593985e-06	10
2.334384866e-06	5.037593985e-06	10
2.334384866e-06	5.037593985e-06	10
2.334384866e-06	5.037593985e-06	10
2.334384866e-06	5.037593985e-06	10
2.334384866e-06	5.037593985e-06	10
2.334384866e-06	5.037593985e-06	10
2.334384866e-06	5.037593985e-06	10
2.334384866e-06	5.037593985e-06	10
2.334384866e-06	5.037593985e-06	10
2.334384866e-06	5.037593985e-06	10
2.334384866e-06	5.037593985e-06	10
2.334384866e-06	5.037593985e-06	10
2.334384866e-06	5.037593985e-06	10
2.334384866e-06	5.037593985e-06	10
2.334384866e-06	5.037593985e-06	10
2.334384866e-06	5.037593985e-06	10
2.334384866e-06	5.037593985e-06	10
2.334384866e-06	5.037593985e-06	10
2.334384866e-06	5.037593985e-06	10
2.334384866e-06	5.037593985e-06	10
2.334384866e-06	5.037593985e-06	10
2.334384866e-06	5.037593985e-06	0
2.353181859e-06	5.037593985e-06	0
2.371978851e-06	5.037593985e-06	0
2.390775844e-06	5.037593985e-06	0
2.409572836e-06	5.037593985e-06	0
2.409572836e-06	5.037593985e-06	10
2.409572836e-06	5.037593985e-06	10
2.409572836e-06	5.037593985e-06	10
2.409572836e-06	5.037593985e-06	10
2.409572836e-06	5.037593985e-06	10
2.409572836e-06	5.037593985e-06	10
2.409572836e-06	5.037593985e-06	10
2.409572836e-06	5.037593985e-06	10
2.409572836e-06	5.037593985e-06	10
2.409572836e-06	5.037593985e-06	10
2.409572836e-06	5.037593985e-06	10
2.409572836e-06	5.037593985e-06	10
2.409572836e-06	5.037593985e-06	10
2.409572836e-06	5.037593985e-06	10
2.409572836e-06	5.037593985e-06	10
2.409572836e-06	5.037593985e-06	10
2.409572836e-06	5.037593985e-06	10
2.409572836e-06	5.037593985e-06	10
2.409572836e-06	5.037593985e-06	10
2.409572836e-06	5.037593985e-06	10
2.409572836e-06	5.037593985e-06	10
2.409572836e-06	5.037593985e-06	10
2.409572836e-06	5.037593985e-06	10
2.409572836e-06	5.037593985e-06	10
2.409572836e-06	5.037593985e-06	10
2.409572836e-06	5.037593985e-06	0
2.428369829e-06	5.037593985e-06	0
2.447166821e-06	5.037593985e-06	0
2.465963814e-06	5.037593985e-06	0
2.484760806e-06	5.037593985e-06	0
2.484760806e-06	5.037593985e-06	10
2.484760806e-06	5.037593985e-06	10
2.484760806e-06	5.037593985e-06	10
2.484760806e-06	5.037593985e-06	10
2.484760806e-06	5.037593985e-06	10
2.484760806e-06	5.037593985e-06	10
2.484760806e-06	5.037593985e-06	10
2.484760806e-06	5.037593985e-06	10
2.484760806e-06	5.037593985e-06	10
2.484760806e-06	5.037593985e-06	10
2.484760806e-06	5.037593985e-06	10
2.484760806e-06	5.037593985e-06	10
2.484760806e-06	5.037593985e-06	10
2.484760806e-06	5.037593985e-06	10
2.484760806e-06	5.037593985e-06	10
2.484760806e-06	5.037593985e-06	10
2.484760806e-06	5.037593985e-06	10
2.484760806e-06	5.037593985e-06	10
2.484760806e-06	5.037593985e-06	10
2.484760806e-06	5.037593985e-06	10
2.484760806e-06	5.037593985e-06	10
2.484760806e-06	5.037593985e-06	10
2.484760806e-06	5.037593985e-06	10
2.484760806e-06	5.037593985e-06	10
2.484760806e-06	5.037593985e-06	10
2.484760806e-06	5.037593985e-06	0
2.503557799e-06	5.037593985e-06	0
2.522354791e-06	5.037593985e-06	0
2.541151784e-06	5.037593985e-06	0
2.559948776e-06	5.037593985e-06	0
2.559948776e-06	5.037593985e-06	10
2.559948776e-06	5.037593985e-06	10
2.559948776e-06	5.037593985e-06	10
2.559948776e-06	5.037593985e-06	10
2.559948776e-06	5.037593985e-06	10
2.559948776e-06	5.037593985e-06	10
2.559948776e-06	5.037593985e-06	10
2.559948776e-06	5.037593985e-06	10
2.559948776e-06	5.037593985e-06	10
2.559948776e-06	5.037593985e-06	10
2.559948776e-06	5.037593985e-06	10
2.559948776e-06	5.037593985e-06	10
2.559948776e-06	5.037593985e-06	10
2.559948776e-06	5.037593985e-06	10
2.559948776e-06	5.037593985e-06	10
2.559948776e-06	5.037593985e-06	10
2.559948776e-06	5.037593985e-06	10
2.559948776e-06	5.037593985e-06	10
2.559948776e-06	5.037593985e-06	10
2.559948776e-06	5.037593985e-06	10
2.559948776e-06	5.037593985e-06	10
2.559948776e-06	5.037593985e-06	10
2.559948776e-06	5.037593985e-06	10
2.559948776e-06	5.037593985e-06	10
2.559948776e-06	5.037593985e-06	10
2.559948776e-06	5.037593985e-06	0
2.578745769e-06	5.037593985e-06	0
2.597542761e-06	5.037593985e-06	0
2.616339754e-06	5.037593985e-06	0
2.635136746e-06	5.037593985e-06	0
2.635136746e-06	5.037593985e-06	10
2.635136746e-06	5.037593985e-06	10
2.635136746e-06	5.037593985e-06	10
2.635136746e-06	5.037593985e-06	10
2.635136746e-06	5.037593985e-06	10
2.635136746e-06	5.037593985e-06	10
2.635136746e-06	5.037593985e-06	10
2.635136746e-06	5.037593985e-06	10
2.635136746e-06	5.037593985e-06	10
2.635136746e-06	5.037593985e-06	10
2.635136746e-06	5.037593985e-06	10
2.635136746e-06	5.037593985e-06	10
2.635136746e-06	5.037593985e-06	10
2.635136746e-06	5.037593985e-06	10
2.635136746e-06	5.037593985e-06	10
2.635136746e-06	5.037593985e-06	10
2.635136746e-06	5.037593985e-06	10
2.635136746e-06	5.037593985e-06	10
2.635136746e-06	5.037593985e-06	10
2.635136746e-06	5.037593985e-06	10
2.635136746e-06	5.037593985e-06	10
2.635136746e-06	5.037593985e-06	10
2.635136746e-06	5.037593985e-06	10
2.635136746e-06	5.037593985e-06	10
2.635136746e-06	5.037593985e-06	10
2.635136746e-06	5.037593985e-06	0
2.653933739e-06	5.037593985e-06	0
2.672730731e-06	5.037593985e-06	0
2.691527724e-06	5.037593985e-06	0
2.710324716e-06	5.037593985e-06	0
2.710324716e-06	5.037593985e-06	10
2.710324716e-06	5.037593985e-06	10
2.710324716e-06	5.037593985e-06	10
2.710324716e-06	5.037593985e-06	10
2.710324716e-06	5.037593985e-06	10
2.710324716e-06	5.037593985e-06	10
2.710324716e-06	5.037593985e-06	10
2.710324716e-06	5.037593985e-06	10
2.710324716e-06	5.037593985e-06	10
2.710324716e-06	5.037593985e-06	10
2.710324716e-06	5.037593985e-06	10
2.710324716e-06	5.037593985e-06	10
2.710324716e-06	5.037593985e-06	10
2.710324716e-06	5.037593985e-06	10
2.710324716e-06	5.037593985e-06	10
2.710324716e-06	5.037593985e-06	10
2.710324716e-06	5.037593985e-06	10
2.710324716e-06	5.037593985e-06	10
2.710324716e-06	5.037593985e-06	10
2.710324716e-06	5.037593985e-06	10
2.710324716e-06	5.037593985e-06	10
2.710324716e-06	5.037593985e-06	10
2.710324716e-06	5.037593985e-06	10
2.710324716e-06	5.037593985e-06	10
2.710324716e-06	5.037593985e-06	10
2.710324716e-06	5.037593985e-06	0
2.729121709e-06	5.037593985e-06	0
2.747918701e-06	5.037593985e-06	0
2.766715694e-06	5.037593985e-06	0
2.785512686e-06	5.037593985e-06	0
2.785512686e-06	5.037593985e-06	10
2.785512686e-06	5.037593985e-06	10
2.785512686e-06	5.037593985e-06	10
2.785512686e-06	5.037593985e-06	10
2.785512686e-06	5.037593985e-06	10
2.785512686e-06	5.037593985e-06	10
2.785512686e-06	5.037593985e-06	10
2.785512686e-06	5.037593985e-06	10
2.785512686e-06	5.037593985e-06	10
2.785512686e-06	5.037593985e-06	10
2.785512686e-06	5.037593985e-06	10
2.785512686e-06	5.037593985e-06	10
2.785512686e-06	5.037593985e-06	10
2.785512686e-06	5.037593985e-06	10
2.785512686e-06	5.037593985e-06	10
2.785512686e-06	5.037593985e-06	10
2.785512686e-06	5.037593985e-06	10
2.785512686e-06	5.037593985e-06	10
2.785512686e-06	5.037593985e-06	10
2.785512686e-06	5.037593985e-06	10
2.785512686e-06	5.037593985e-06	10
2.785512686e-06	5.037593985e-06	10
2.785512686e-06	5.037593985e-06	10
2.785512686e-06	5.037593985e-06	10
2.785512686e-06	5.037593985e-06	10
2.785512686e-06	5.037593985e-06	0
2.804309678e-06	5.037593985e-06	0
2.823106671e-06	5.037593985e-06	0
2.841903663e-06	5.037593985e-06	0
2.860700656e-06	5.037593985e-06	0
2.860700656e-06	5.037593985e-06	10
2.860700656e-06	5.037593985e-06	10
2.860700656e-06	5.037593985e-06	10
2.860700656e-06	5.037593985e-06	10
2.860700656e-06	5.037593985e-06	10
2.860700656e-06	5.037593985e-06	10
2.860700656e-06	5.037593985e-06	10
2.860700656e-06	5.037593985e-06	10
2.860700656e-06	5.037593985e-06	10
2.860700656e-06	5.037593985e-06	10
2.860700656e-06	5.037593985e-06	10
2.860700656e-06	5.037593985e-06	10
2.860700656e-06	5.037593985e-06	10
2.860700656e-06	5.037593985e-06	10
2.860700656e-06	5.037593985e-06	10
2.860700656e-06	5.037593985e-06	10
2.860700656e-06	5.037593985e-06	10
2.860700656e-06	5.037593985e-06	10
2.860700656e-06	5.037593985e-06	10
2.860700656e-06	5.037593985e-06	10
2.860700656e-06	5.037593985e-06	10
2.860700656e-06	5.037593985e-06	10
2.860700656e-06	5.037593985e-06	10
2.860700656e-06	5.037593985e-06	10
2.860700656e-06	5.037593985e-06	10
2.860700656e-06	5.037593985e-06	0
2.879497648e-06	5.037593985e-06	0
2.898294641e-06	5.037593985e-06	0
2.917091633e-06	5.037593985e-06	0
2.935888626e-06	5.037593985e-06	0
2.935888626e-06	5.037593985e-06	10
2.935888626e-06	5.037593985e-06	10
2.935888626e-06	5.037593985e-06	10
2.935888626e-06	5.037593985e-06	10
2.935888626e-06	5.037593985e-06	10
2.935888626e-06	5.037593985e-06	10
2.935888626e-06	5.037593985e-06	10
2.935888626e-06	5.037593985e-06	10
2.935888626e-06	5.037593985e-06	10
2.935888626e-06	5.037593985e-06	10
2.935888626e-06	5.037593985e-06	10
2.935888626e-06	5.037593985e-06	10
2.935888626e-06	5.037593985e-06	10
2.935888626e-06	5.037593985e-06	10
2.935888626e-06	5.037593985e-06	10
2.935888626e-06	5.037593985e-06	10
2.935888626e-06	5.037593985e-06	10
2.935888626e-06	5.037593985e-06	10
2.935888626e-06	5.037593985e-06	10
2.935888626e-06	5.037593985e-06	10
2.935888626e-06	5.037593985e-06	10
2.935888626e-06	5.037593985e-06	10
2.935888626e-06	5.037593985e-06	10
2.935888626e-06	5.037593985e-06	10
2.935888626e-06	5.037593985e-06	10
2.935888626e-06	5.037593985e-06	0
2.954685618e-06	5.037593985e-06	0
2.973482611e-06	5.037593985e-06	0
2.992279603e-06	5.037593985e-06	0
3.011076596e-06	5.037593985e-06	0
3.011076596e-06	5.037593985e-06	10
3.011076596e-06	5.037593985e-06	10
3.011076596e-06	5.037593985e-06	10
3.011076596e-06	5.037593985e-06	10
3.011076596e-06	5.037593985e-06	10
3.011076596e-06	5.037593985e-06	10
3.011076596e-06	5.037593985e-06	10
3.011076596e-06	5.037593985e-06	10
3.011076596e-06	5.037593985e-06	10
3.011076596e-06	5.037593985e-06	10
3.011076596e-06	5.037593985e-06	10
3.011076596e-06	5.037593985e-06	10
3.011076596e-06	5.037593985e-06	10
3.011076596e-06	5.037593985e-06	10
3.011076596e-06	5.037593985e-06	10
3.011076596e-06	5.037593985e-06	10
3.011076596e-06	5.037593985e-06	10
3.011076596e-06	5.037593985e-06	10
3.011076596e-06	5.037593985e-06	10
3.011076596e-06	5.037593985e-06	10
3.011076596e-06	5.037593985e-06	10
3.011076596e-06	5.037593985e-06	10
3.011076596e-06	5.037593985e-06	10
3.011076596e-06	5.037593985e-06	10
3.011076596e-06	5.037593985e-06	10
3.011076596e-06	5.037593985e-06	0
3.029873588e-06	5.037593985e-06	0
3.048670581e-06	5.037593985e-06	0
3.067467573e-06	5.037593985e-06	0
3.086264566e-06	5.037593985e-06	0
3.086264566e-06	5.037593985e-06	10
3.086264566e-06	5.037593985e-06	10
3.086264566e-06	5.037593985e-06	10
3.086264566e-06	5.037593985e-06	10
3.086264566e-06	5.037593985e-06	10
3.086264566e-06	5.037593985e-06	10
3.086264566e-06	5.037593985e-06	10
3.086264566e-06	5.037593985e-06	10
3.086264566e-06	5.037593985e-06	10
3.086264566e-06	5.037593985e-06	10
3.086264566e-06	5.037593985e-06	10
3.086264566e-06	5.037593985e-06	10
3.086264566e-06	5.037593985e-06	10
3.086264566e-06	5.037593985e-06	10
3.086264566e-06	5.037593985e-06	10
3.086264566e-06	5.037593985e-06	10
3.086264566e-06	5.037593985e-06	10
3.086264566e-06	5.037593985e-06	10
3.086264566e-06	5.037593985e-06	10
3.086264566e-06	5.037593985e-06	10
3.086264566e-06	5.037593985e-06	10
3.086264566e-06	5.037593985e-06	10
3.086264566e-06	5.037593985e-06	10
3.086264566e-06	5.037593985e-06	10
3.086264566e-06	5.037593985e-06	10
3.086264566e-06	5.037593985e-06	0
3.105061558e-06	5.037593985e-06	0
3.123858551e-06	5.037593985e-06	0
3.142655543e-06	5.037593985e-06	0
3.161452536e-06	5.037593985e-06	0
3.161452536e-06	5.037593985e-06	10
3.161452536e-06	5.037593985e-06	10
3.161452536e-06	5.037593985e-06	10
3.161452536e-06	5.037593985e-06	10
3.161452536e-06	5.037593985e-06	10
3.161452536e-06	5.037593985e-06	10
3.161452536e-06	5.037593985e-06	10
3.161452536e-06	5.037593985e-06	10
3.161452536e-06	5.037593985e-06	10
3.161452536e-06	5.037593985e-06	10
3.161452536e-06	5.037593985e-06	10
3.161452536e-06	5.037593985e-06	10
3.161452536e-06	5.037593985e-06	10
3.161452536e-06	5.037593985e-06	10
3.161452536e-06	5.037593985e-06	10
3.161452536e-06	5.037593985e-06	10
3.161452536e-06	5.037593985e-06	10
3.161452536e-06	5.037593985e-06	10
3.161452536e-06	5.037593985e-06	10
3.161452536e-06	5.037593985e-06	10
3.161452536e-06	5.037593985e-06	10
3.161452536e-06	5.037593985e-06	10
3.161452536e-06	5.037593985e-06	10
3.161452536e-06	5.037593985e-06	10
3.161452536e-06	5.037593985e-06	10
3.161452536e-06	5.037593985e-06	0
3.180249528e-06	5.037593985e-06	0
3.199046521e-06	5.037593985e-06	0
3.217843513e-06	5.037593985e-06	0
3.236640506e-06	5.037593985e-06	0
3.236640506e-06	5.037593985e-06	10
3.236640506e-06	5.037593985e-06	10
3.236640506e-06	5.037593985e-06	10
3.236640506e-06	5.037593985e-06	10
3.236640506e-06	5.037593985e-06	10
3.236640506e-06	5.037593985e-06	10
3.236640506e-06	5.037593985e-06	10
3.236640506e-06	5.037593985e-06	10
3.236640506e-06	5.037593985e-06	10
3.236640506e-06	5.037593985e-06	10
3.236640506e-06	5.037593985e-06	10
3.236640506e-06	5.037593985e-06	10
3.236640506e-06	5.037593985e-06	10
3.236640506e-06	5.037593985e-06	10
3.236640506e-06	5.037593985e-06	10
3.236640506e-06	5.037593985e-06	10
3.236640506e-06	5.037593985e-06	10
3.236640506e-06	5.037593985e-06	10
3.236640506e-06	5.037593985e-06	10
3.236640506e-06	5.037593985e-06	10
3.236640506e-06	5.037593985e-06	10
3.236640506e-06	5.037593985e-06	10
3.236640506e-06	5.037593985e-06	10
3.236640506e-06	5.037593985e-06	10
3.236640506e-06	5.037593985e-06	10
3.236640506e-06	5.037593985e-06	0
3.255437498e-06	5.037593985e-06	0
3.274234491e-06	5.037593985e-06	0
3.293031483e-06	5.037593985e-06	0
3.311828475e-06	5.037593985e-06	0
3.311828475e-06	5.037593985e-06	10
3.311828475e-06	5.037593985e-06	10
3.311828475e-06	5.037593985e-06	10
3.311828475e-06	5.037593985e-06	10
3.311828475e-06	5.037593985e-06	10
3.311828475e-06	5.037593985e-06	10
3.311828475e-06	5.037593985e-06	10
3.311828475e-06	5.037593985e-06	10
3.311828475e-06	5.037593985e-06	10
3.311828475e-06	5.037593985e-06	10
3.311828475e-06	5.037593985e-06	10
3.311828475e-06	5.037593985e-06	10
3.311828475e-06	5.037593985e-06	10
3.311828475e-06	5.037593985e-06	10
3.311828475e-06	5.037593985e-06	10
3.311828475e-06	5.037593985e-06	10
3.311828475e-06	5.037593985e-06	10
3.311828475e-06	5.037593985e-06	10
3.311828475e-06	5.037593985e-06	10
3.311828475e-06	5.037593985e-06	10
3.311828475e-06	5.037593985e-06	10
3.311828475e-06	5.037593985e-06	10
3.311828475e-06	5.037593985e-06	10
3.311828475e-06	5.037593985e-06	10
3.311828475e-06	5.037593985e-06	10
3.311828475e-06	5.037593985e-06	0
3.330625468e-06	5.037593985e-06	0
3.34942246e-06	5.037593985e-06	0
3.368219453e-06	5.037593985e-06	0
3.387016445e-06	5.037593985e-06	0
3.387016445e-06	5.037593985e-06	10
3.387016445e-06	5.037593985e-06	10
3.387016445e-06	5.037593985e-06	10
3.387016445e-06	5.037593985e-06	10
3.387016445e-06	5.037593985e-06	10
3.387016445e-06	5.037593985e-06	10
3.387016445e-06	5.037593985e-06	10
3.387016445e-06	5.037593985e-06	10
3.387016445e-06	5.037593985e-06	10
3.387016445e-06	5.037593985e-06	10
3.387016445e-06	5.037593985e-06	10
3.387016445e-06	5.037593985e-06	10
3.387016445e-06	5.037593985e-06	10
3.387016445e-06	5.037593985e-06	10
3.387016445e-06	5.037593985e-06	10
3.387016445e-06	5.037593985e-06	10
3.387016445e-06	5.037593985e-06	10
3.387016445e-06	5.037593985e-06	10
3.387016445e-06	5.037593985e-06	10
3.387016445e-06	5.037593985e-06	10
3.387016445e-06	5.037593985e-06	10
3.387016445e-06	5.037593985e-06	10
3.387016445e-06	5.037593985e-06	10
3.387016445e-06	5.037593985e-06	10
3.387016445e-06	5.037593985e-06	10
3.387016445e-06	5.037593985e-06	0
3.405813438e-06	5.037593985e-06	0
3.42461043e-06	5.037593985e-06	0
3.443407423e-06	5.037593985e-06	0
3.462204415e-06	5.037593985e-06	0
3.462204415e-06	5.037593985e-06	10
3.462204415e-06	5.037593985e-06	10
3.462204415e-06	5.037593985e-06	10
3.462204415e-06	5.037593985e-06	10
3.462204415e-06	5.037593985e-06	10
3.462204415e-06	5.037593985e-06	10
3.462204415e-06	5.037593985e-06	10
3.462204415e-06	5.037593985e-06	10
3.462204415e-06	5.037593985e-06	10
3.462204415e-06	5.037593985e-06	10
3.462204415e-06	5.037593985e-06	10
3.462204415e-06	5.037593985e-06	10
3.462204415e-06	5.037593985e-06	10
3.462204415e-06	5.037593985e-06	10
3.462204415e-06	5.037593985e-06	10
3.462204415e-06	5.037593985e-06	10
3.462204415e-06	5.037593985e-06	10
3.462204415e-06	5.037593985e-06	10
3.462204415e-06	5.037593985e-06	10
3.462204415e-06	5.037593985e-06	10
3.462204415e-06	5.037593985e-06	10
3.462204415e-06	5.037593985e-06	10
3.462204415e-06	5.037593985e-06	10
3.462204415e-06	5.037593985e-06	10
3.462204415e-06	5.037593985e-06	10
3.462204415e-06	5.037593985e-06	0
3.481001408e-06	5.037593985e-06	0
3.4997984e-06	5.037593985e-06	0
3.518595393e-06	5.037593985e-06	0
3.537392385e-06	5.037593985e-06	0
3.537392385e-06	5.037593985e-06	10
3.537392385e-06	5.037593985e-06	10
3.537392385e-06	5.037593985e-06	10
3.537392385e-06	5.037593985e-06	10
3.537392385e-06	5.037593985e-06	10
3.537392385e-06	5.037593985e-06	10
3.537392385e-06	5.037593985e-06	10
3.537392385e-06	5.037593985e-06	10
3.537392385e-06	5.037593985e-06	10
3.537392385e-06	5.037593985e-06	10
3.537392385e-06	5.037593985e-06	10
3.537392385e-06	5.037593985e-06	10
3.537392385e-06	5.037593985e-06	10
3.537392385e-06	5.037593985e-06	10
3.537392385e-06	5.037593985e-06	10
3.537392385e-06	5.037593985e-06	10
3.537392385e-06	5.037593985e-06	10
3.537392385e-06	5.037593985e-06	10
3.537392385e-06	5.037593985e-06	10
3.537392385e-06	5.037593985e-06	10
3.537392385e-06	5.037593985e-06	10
3.537392385e-06	5.037593985e-06	10
3.537392385e-06	5.037593985e-06	10
3.537392385e-06	5.037593985e-06	10
3.537392385e-06	5.037593985e-06	10
3.537392385e-06	5.037593985e-06	0
3.556189378e-06	5.037593985e-06	0
3.57498637e-06	5.037593985e-06	0
3.593783363e-06	5.037593985e-06	0
3.612580355e-06	5.037593985e-06	0
3.612580355e-06	5.037593985e-06	10
3.612580355e-06	5.037593985e-06	10
3.612580355e-06	5.037593985e-06	10
3.612580355e-06	5.037593985e-06	10
3.612580355e-06	5.037593985e-06	10
3.612580355e-06	5.037593985e-06	10
3.612580355e-06	5.037593985e-06	10
3.612580355e-06	5.037593985e-06	10
3.612580355e-06	5.037593985e-06	10
3.612580355e-06	5.037593985e-06	10
3.612580355e-06	5.037593985e-06	10
3.612580355e-06	5.037593985e-06	10
3.612580355e-06	5.037593985e-06	10
3.612580355e-06	5.037593985e-06	10
3.612580355e-06	5.037593985e-06	10
3.612580355e-06	5.037593985e-06	10
3.612580355e-06	5.037593985e-06	10
3.612580355e-06	5.037593985e-06	10
3.612580355e-06	5.037593985e-06	10
3.612580355e-06	5.037593985e-06	10
3.612580355e-06	5.037593985e-06	10
3.612580355e-06	5.037593985e-06	10
3.612580355e-06	5.037593985e-06	10
3.612580355e-06	5.037593985e-06	10
3.612580355e-06	5.037593985e-06	10
3.612580355e-06	5.037593985e-06	0
3.631377348e-06	5.037593985e-06	0
3.65017434e-06	5.037593985e-06	0
3.668971333e-06	5.037593985e-06	0
3.687768325e-06	5.037593985e-06	0
3.687768325e-06	5.037593985e-06	10
3.687768325e-06	5.037593985e-06	10
3.687768325e-06	5.037593985e-06	10
3.687768325e-06	5.037593985e-06	10
3.687768325e-06	5.037593985e-06	10
3.687768325e-06	5.037593985e-06	10
3.687768325e-06	5.037593985e-06	10
3.687768325e-06	5.037593985e-06	10
3.687768325e-06	5.037593985e-06	10
3.687768325e-06	5.037593985e-06	10
3.687768325e-06	5.037593985e-06	10
3.687768325e-06	5.037593985e-06	10
3.687768325e-06	5.037593985e-06	10
3.687768325e-06	5.037593985e-06	10
3.687768325e-06	5.037593985e-06	10
3.687768325e-06	5.037593985e-06	10
3.687768325e-06	5.037593985e-06	10
3.687768325e-06	5.037593985e-06	10
3.687768325e-06	5.037593985e-06	10
3.687768325e-06	5.037593985e-06	10
3.687768325e-06	5.037593985e-06	10
3.687768325e-06	5.037593985e-06	10
3.687768325e-06	5.037593985e-06	10
3.687768325e-06	5.037593985e-06	10
3.687768325e-06	5.037593985e-06	10
3.687768325e-06	5.037593985e-06	0
3.706565318e-06	5.037593985e-06	0
3.72536231e-06	5.037593985e-06	0
3.744159303e-06	5.037593985e-06	0
3.762956295e-06	5.037593985e-06	0
3.762956295e-06	5.037593985e-06	10
3.762956295e-06	5.037593985e-06	10
3.762956295e-06	5.037593985e-06	10
3.762956295e-06	5.037593985e-06	10
3.762956295e-06	5.037593985e-06	10
3.762956295e-06	5.037593985e-06	10
3.762956295e-06	5.037593985e-06	10
3.762956295e-06	5.037593985e-06	10
3.762956295e-06	5.037593985e-06	10
3.762956295e-06	5.037593985e-06	10
3.762956295e-06	5.037593985e-06	10
3.762956295e-06	5.037593985e-06	10
3.762956295e-06	5.037593985e-06	10
3.762956295e-06	5.037593985e-06	10
3.762956295e-06	5.037593985e-06	10
3.762956295e-06	5.037593985e-06	10
3.762956295e-06	5.037593985e-06	10
3.762956295e-06	5.037593985e-06	10
3.762956295e-06	5.037593985e-06	10
3.762956295e-06	5.037593985e-06	10
3.762956295e-06	5.037593985e-06	10
3.762956295e-06	5.037593985e-06	10
3.762956295e-06	5.037593985e-06	10
3.762956295e-06	5.037593985e-06	10
3.762956295e-06	5.037593985e-06	10
3.762956295e-06	5.037593985e-06	0
3.781753288e-06	5.037593985e-06	0
3.80055028e-06	5.037593985e-06	0
3.819347272e-06	5.037593985e-06	0
3.838144265e-06	5.037593985e-06	0
3.838144265e-06	5.037593985e-06	10
3.838144265e-06	5.037593985e-06	10
3.838144265e-06	5.037593985e-06	10
3.838144265e-06	5.037593985e-06	10
3.838144265e-06	5.037593985e-06	10
3.838144265e-06	5.037593985e-06	10
3.838144265e-06	5.037593985e-06	10
3.838144265e-06	5.037593985e-06	10
3.838144265e-06	5.037593985e-06	10
3.838144265e-06	5.037593985e-06	10
3.838144265e-06	5.037593985e-06	10
3.838144265e-06	5.037593985e-06	10
3.838144265e-06	5.037593985e-06	10
3.838144265e-06	5.037593985e-06	10
3.838144265e-06	5.037593985e-06	10
3.838144265e-06	5.037593985e-06	10
3.838144265e-06	5.037593985e-06	10
3.838144265e-06	5.037593985e-06	10
3.838144265e-06	5.037593985e-06	10
3.838144265e-06	5.037593985e-06	10
3.838144265e-06	5.037593985e-06	10
3.838144265e-06	5.037593985e-06	10
3.838144265e-06	5.037593985e-06	10
3.838144265e-06	5.037593985e-06	10
3.838144265e-06	5.037593985e-06	10
3.838144265e-06	5.037593985e-06	0
3.856941257e-06	5.037593985e-06	0
3.87573825e-06	5.037593985e-06	0
3.894535242e-06	5.037593985e-06	0
3.913332235e-06	5.037593985e-06	0
3.913332235e-06	5.037593985e-06	10
3.913332235e-06	5.037593985e-06	10
3.913332235e-06	5.037593985e-06	10
3.913332235e-06	5.037593985e-06	10
3.913332235e-06	5.037593985e-06	10
3.913332235e-06	5.037593985e-06	10
3.913332235e-06	5.037593985e-06	10
3.913332235e-06	5.037593985e-06	10
3.913332235e-06	5.037593985e-06	10
3.913332235e-06	5.037593985e-06	10
3.913332235e-06	5.037593985e-06	10
3.913332235e-06	5.037593985e-06	10
3.913332235e-06	5.037593985e-06	10
3.913332235e-06	5.037593985e-06	10
3.913332235e-06	5.037593985e-06	10
3.913332235e-06	5.037593985e-06	10
3.913332235e-06	5.037593985e-06	10
3.913332235e-06	5.037593985e-06	10
3.913332235e-06	5.037593985e-06	10
3.913332235e-06	5.037593985e-06	10
3.913332235e-06	5.037593985e-06	10
3.913332235e-06	5.037593985e-06	10
3.913332235e-06	5.037593985e-06	10
3.913332235e-06	5.037593985e-06	10
3.913332235e-06	5.037593985e-06	10
3.913332235e-06	5.037593985e-06	0
3.932129227e-06	5.037593985e-06	0
3.95092622e-06	5.037593985e-06	0
3.969723212e-06	5.037593985e-06	0
3.988520205e-06	5.037593985e-06	0
3.988520205e-06	5.037593985e-06	10
3.988520205e-06	5.037593985e-06	10
3.988520205e-06	5.037593985e-06	10
3.988520205e-06	5.037593985e-06	10
3.988520205e-06	5.037593985e-06	10
3.988520205e-06	5.037593985e-06	10
3.988520205e-06	5.037593985e-06	10
3.988520205e-06	5.037593985e-06	10
3.988520205e-06	5.037593985e-06	10
3.988520205e-06	5.037593985e-06	10
3.988520205e-06	5.037593985e-06	10
3.988520205e-06	5.037593985e-06	10
3.988520205e-06	5.037593985e-06	10
3.988520205e-06	5.037593985e-06	10
3.988520205e-06	5.037593985e-06	10
3.988520205e-06	5.037593985e-06	10
3.988520205e-06	5.037593985e-06	10
3.988520205e-06	5.037593985e-06	10
3.988520205e-06	5.037593985e-06	10
3.988520205e-06	5.037593985e-06	10
3.988520205e-06	5.037593985e-06	10
3.988520205e-06	5.037593985e-06	10
3.988520205e-06	5.037593985e-06	10
3.988520205e-06	5.037593985e-06	10
3.988520205e-06	5.037593985e-06	10
3.988520205e-06	5.037593985e-06	0
4.007317197e-06	5.037593985e-06	0
4.02611419e-06	5.037593985e-06	0
4.044911182e-06	5.037593985e-06	0
4.063708175e-06	5.037593985e-06	0
4.063708175e-06	5.037593985e-06	10
4.063708175e-06	5.037593985e-06	10
4.063708175e-06	5.037593985e-06	10
4.063708175e-06	5.037593985e-06	10
4.063708175e-06	5.037593985e-06	10
4.063708175e-06	5.037593985e-06	10
4.063708175e-06	5.037593985e-06	10
4.063708175e-06	5.037593985e-06	10
4.063708175e-06	5.037593985e-06	10
4.063708175e-06	5.037593985e-06	10
4.063708175e-06	5.037593985e-06	10
4.063708175e-06	5.037593985e-06	10
4.063708175e-06	5.037593985e-06	10
4.063708175e-06	5.037593985e-06	10
4.063708175e-06	5.037593985e-06	10
4.063708175e-06	5.037593985e-06	10
4.063708175e-06	5.037593985e-06	10
4.063708175e-06	5.037593985e-06	10
4.063708175e-06	5.037593985e-06	10
4.063708175e-06	5.037593985e-06	10
4.063708175e-06	5.037593985e-06	10
4.063708175e-06	5.037593985e-06	10
4.063708175e-06	5.037593985e-06	10
4.063708175e-06	5.037593985e-06	10
4.063708175e-06	5.037593985e-06	10
4.063708175e-06	5.037593985e-06	0
4.063708175e-06	5.056390977e-06	0
4.063708175e-06	5.07518797e-06	0
4.063708175e-06	5.093984962e-06	0
4.063708175e-06	5.112781955e-06	0
4.063708175e-06	5.112781955e-06	10
4.063708175e-06	5.112781955e-06	10
4.063708175e-06	5.112781955e-06	10
4.063708175e-06	5.112781955e-06	10
4.063708175e-06	5.112781955e-06	10
4.063708175e-06	5.112781955e-06	10
4.063708175e-06	5.112781955e-06	10
4.063708175e-06	5.112781955e-06	10
4.063708175e-06	5.112781955e-06	10
4.063708175e-06	5.112781955e-06	10
4.063708175e-06	5.112781955e-06	10
4.063708175e-06	5.112781955e-06	10
4.063708175e-06	5.112781955e-06	10
4.063708175e-06	5.112781955e-06	10
4.063708175e-06	5.112781955e-06	10
4.063708175e-06	5.112781955e-06	10
4.063708175e-06	5.112781955e-06	10
4.063708175e-06	5.112781955e-06	10
4.063708175e-06	5.112781955e-06	10
4.063708175e-06	5.112781955e-06	10
4.063708175e-06	5.112781955e-06	10
4.063708175e-06	5.112781955e-06	10
4.063708175e-06	5.112781955e-06	10
4.063708175e-06	5.112781955e-06	10
4.063708175e-06	5.112781955e-06	10
4.063708175e-06	5.112781955e-06	0
4.044911182e-06	5.112781955e-06	0
4.02611419e-06	5.112781955e-06	0
4.007317197e-06	5.112781955e-06	0
3.988520205e-06	5.112781955e-06	0
3.988520205e-06	5.112781955e-06	10
3.988520205e-06	5.112781955e-06	10
3.988520205e-06	5.112781955e-06	10
3.988520205e-06	5.112781955e-06	10
3.988520205e-06	5.112781955e-06	10
3.988520205e-06	5.112781955e-06	10
3.988520205e-06	5.112781955e-06	10
3.988520205e-06	5.112781955e-06	10
3.988520205e-06	5.112781955e-06	10
3.988520205e-06	5.112781955e-06	10
3.988520205e-06	5.112781955e-06	10
3.988520205e-06	5.112781955e-06	10
3.988520205e-06	5.112781955e-06	10
3.988520205e-06	5.112781955e-06	10
3.988520205e-06	5.112781955e-06	10
3.988520205e-06	5.112781955e-06	10
3.988520205e-06	5.112781955e-06	10
3.988520205e-06	5.112781955e-06	10
3.988520205e-06	5.112781955e-06	10
3.988520205e-06	5.112781955e-06	10
3.988520205e-06	5.112781955e-06	10
3.988520205e-06	5.112781955e-06	10
3.988520205e-06	5.112781955e-06	10
3.988520205e-06	5.112781955e-06	10
3.988520205e-06	5.112781955e-06	10
3.988520205e-06	5.112781955e-06	0
3.969723212e-06	5.112781955e-06	0
3.95092622e-06	5.112781955e-06	0
3.932129227e-06	5.112781955e-06	0
3.913332235e-06	5.112781955e-06	0
3.913332235e-06	5.112781955e-06	10
3.913332235e-06	5.112781955e-06	10
3.913332235e-06	5.112781955e-06	10
3.913332235e-06	5.112781955e-06	10
3.913332235e-06	5.112781955e-06	10
3.913332235e-06	5.112781955e-06	10
3.913332235e-06	5.112781955e-06	10
3.913332235e-06	5.112781955e-06	10
3.913332235e-06	5.112781955e-06	10
3.913332235e-06	5.112781955e-06	10
3.913332235e-06	5.112781955e-06	10
3.913332235e-06	5.112781955e-06	10
3.913332235e-06	5.112781955e-06	10
3.913332235e-06	5.112781955e-06	10
3.913332235e-06	5.112781955e-06	10
3.913332235e-06	5.112781955e-06	10
3.913332235e-06	5.112781955e-06	10
3.913332235e-06	5.112781955e-06	10
3.913332235e-06	5.112781955e-06	10
3.913332235e-06	5.112781955e-06	10
3.913332235e-06	5.112781955e-06	10
3.913332235e-06	5.112781955e-06	10
3.913332235e-06	5.112781955e-06	10
3.913332235e-06	5.112781955e-06	10
3.913332235e-06	5.112781955e-06	10
3.913332235e-06	5.112781955e-06	0
3.894535242e-06	5.112781955e-06	0
3.87573825e-06	5.112781955e-06	0
3.856941257e-06	5.112781955e-06	0
3.838144265e-06	5.112781955e-06	0
3.838144265e-06	5.112781955e-06	10
3.838144265e-06	5.112781955e-06	10
3.838144265e-06	5.112781955e-06	10
3.838144265e-06	5.112781955e-06	10
3.838144265e-06	5.112781955e-06	10
3.838144265e-06	5.112781955e-06	10
3.838144265e-06	5.112781955e-06	10
3.838144265e-06	5.112781955e-06	10
3.838144265e-06	5.112781955e-06	10
3.838144265e-06	5.112781955e-06	10
3.838144265e-06	5.112781955e-06	10
3.838144265e-06	5.112781955e-06	10
3.838144265e-06	5.112781955e-06	10
3.838144265e-06	5.112781955e-06	10
3.838144265e-06	5.112781955e-06	10
3.838144265e-06	5.112781955e-06	10
3.838144265e-06	5.112781955e-06	10
3.838144265e-06	5.112781955e-06	10
3.838144265e-06	5.112781955e-06	10
3.838144265e-06	5.112781955e-06	10
3.838144265e-06	5.112781955e-06	10
3.838144265e-06	5.112781955e-06	10
3.838144265e-06	5.112781955e-06	10
3.838144265e-06	5.112781955e-06	10
3.838144265e-06	5.112781955e-06	10
3.838144265e-06	5.112781955e-06	0
3.819347272e-06	5.112781955e-06	0
3.80055028e-06	5.112781955e-06	0
3.781753288e-06	5.112781955e-06	0
3.762956295e-06	5.112781955e-06	0
3.762956295e-06	5.112781955e-06	10
3.762956295e-06	5.112781955e-06	10
3.762956295e-06	5.112781955e-06	10
3.762956295e-06	5.112781955e-06	10
3.762956295e-06	5.112781955e-06	10
3.762956295e-06	5.112781955e-06	10
3.762956295e-06	5.112781955e-06	10
3.762956295e-06	5.112781955e-06	10
3.762956295e-06	5.112781955e-06	10
3.762956295e-06	5.112781955e-06	10
3.762956295e-06	5.112781955e-06	10
3.762956295e-06	5.112781955e-06	10
3.762956295e-06	5.112781955e-06	10
3.762956295e-06	5.112781955e-06	10
3.762956295e-06	5.112781955e-06	10
3.762956295e-06	5.112781955e-06	10
3.762956295e-06	5.112781955e-06	10
3.762956295e-06	5.112781955e-06	10
3.762956295e-06	5.112781955e-06	10
3.762956295e-06	5.112781955e-06	10
3.762956295e-06	5.112781955e-06	10
3.762956295e-06	5.112781955e-06	10
3.762956295e-06	5.112781955e-06	10
3.762956295e-06	5.112781955e-06	10
3.762956295e-06	5.112781955e-06	10
3.762956295e-06	5.112781955e-06	0
3.744159303e-06	5.112781955e-06	0
3.72536231e-06	5.112781955e-06	0
3.706565318e-06	5.112781955e-06	0
3.687768325e-06	5.112781955e-06	0
3.687768325e-06	5.112781955e-06	10
3.687768325e-06	5.112781955e-06	10
3.687768325e-06	5.112781955e-06	10
3.687768325e-06	5.112781955e-06	10
3.687768325e-06	5.112781955e-06	10
3.687768325e-06	5.112781955e-06	10
3.687768325e-06	5.112781955e-06	10
3.687768325e-06	5.112781955e-06	10
3.687768325e-06	5.112781955e-06	10
3.687768325e-06	5.112781955e-06	10
3.687768325e-06	5.112781955e-06	10
3.687768325e-06	5.112781955e-06	10
3.687768325e-06	5.112781955e-06	10
3.687768325e-06	5.112781955e-06	10
3.687768325e-06	5.112781955e-06	10
3.687768325e-06	5.112781955e-06	10
3.687768325e-06	5.112781955e-06	10
3.687768325e-06	5.112781955e-06	10
3.687768325e-06	5.112781955e-06	10
3.687768325e-06	5.112781955e-06	10
3.687768325e-06	5.112781955e-06	10
3.687768325e-06	5.112781955e-06	10
3.687768325e-06	5.112781955e-06	10
3.687768325e-06	5.112781955e-06	10
3.687768325e-06	5.112781955e-06	10
3.687768325e-06	5.112781955e-06	0
3.668971333e-06	5.112781955e-06	0
3.65017434e-06	5.112781955e-06	0
3.631377348e-06	5.112781955e-06	0
3.612580355e-06	5.112781955e-06	0
3.612580355e-06	5.112781955e-06	10
3.612580355e-06	5.112781955e-06	10
3.612580355e-06	5.112781955e-06	10
3.612580355e-06	5.112781955e-06	10
3.612580355e-06	5.112781955e-06	10
3.612580355e-06	5.112781955e-06	10
3.612580355e-06	5.112781955e-06	10
3.612580355e-06	5.112781955e-06	10
3.612580355e-06	5.112781955e-06	10
3.612580355e-06	5.112781955e-06	10
3.612580355e-06	5.112781955e-06	10
3.612580355e-06	5.112781955e-06	10
3.612580355e-06	5.112781955e-06	10
3.612580355e-06	5.112781955e-06	10
3.612580355e-06	5.112781955e-06	10
3.612580355e-06	5.112781955e-06	10
3.612580355e-06	5.112781955e-06	10
3.612580355e-06	5.112781955e-06	10
3.612580355e-06	5.112781955e-06	10
3.612580355e-06	5.112781955e-06	10
3.612580355e-06	5.112781955e-06	10
3.612580355e-06	5.112781955e-06	10
3.612580355e-06	5.112781955e-06	10
3.612580355e-06	5.112781955e-06	10
3.612580355e-06	5.112781955e-06	10
3.612580355e-06	5.112781955e-06	0
3.593783363e-06	5.112781955e-06	0
3.57498637e-06	5.112781955e-06	0
3.556189378e-06	5.112781955e-06	0
3.537392385e-06	5.112781955e-06	0
3.537392385e-06	5.112781955e-06	10
3.537392385e-06	5.112781955e-06	10
3.537392385e-06	5.112781955e-06	10
3.537392385e-06	5.112781955e-06	10
3.537392385e-06	5.112781955e-06	10
3.537392385e-06	5.112781955e-06	10
3.537392385e-06	5.112781955e-06	10
3.537392385e-06	5.112781955e-06	10
3.537392385e-06	5.112781955e-06	10
3.537392385e-06	5.112781955e-06	10
3.537392385e-06	5.112781955e-06	10
3.537392385e-06	5.112781955e-06	10
3.537392385e-06	5.112781955e-06	10
3.537392385e-06	5.112781955e-06	10
3.537392385e-06	5.112781955e-06	10
3.537392385e-06	5.112781955e-06	10
3.537392385e-06	5.112781955e-06	10
3.537392385e-06	5.112781955e-06	10
3.537392385e-06	5.112781955e-06	10
3.537392385e-06	5.112781955e-06	10
3.537392385e-06	5.112781955e-06	10
3.537392385e-06	5.112781955e-06	10
3.537392385e-06	5.112781955e-06	10
3.537392385e-06	5.112781955e-06	10
3.537392385e-06	5.112781955e-06	10
3.537392385e-06	5.112781955e-06	0
3.518595393e-06	5.112781955e-06	0
3.4997984e-06	5.112781955e-06	0
3.481001408e-06	5.112781955e-06	0
3.462204415e-06	5.112781955e-06	0
3.462204415e-06	5.112781955e-06	10
3.462204415e-06	5.112781955e-06	10
3.462204415e-06	5.112781955e-06	10
3.462204415e-06	5.112781955e-06	10
3.462204415e-06	5.112781955e-06	10
3.462204415e-06	5.112781955e-06	10
3.462204415e-06	5.112781955e-06	10
3.462204415e-06	5.112781955e-06	10
3.462204415e-06	5.112781955e-06	10
3.462204415e-06	5.112781955e-06	10
3.462204415e-06	5.112781955e-06	10
3.462204415e-06	5.112781955e-06	10
3.462204415e-06	5.112781955e-06	10
3.462204415e-06	5.112781955e-06	10
3.462204415e-06	5.112781955e-06	10
3.462204415e-06	5.112781955e-06	10
3.462204415e-06	5.112781955e-06	10
3.462204415e-06	5.112781955e-06	10
3.462204415e-06	5.112781955e-06	10
3.462204415e-06	5.112781955e-06	10
3.462204415e-06	5.112781955e-06	10
3.462204415e-06	5.112781955e-06	10
3.462204415e-06	5.112781955e-06	10
3.462204415e-06	5.112781955e-06	10
3.462204415e-06	5.112781955e-06	10
3.462204415e-06	5.112781955e-06	0
3.443407423e-06	5.112781955e-06	0
3.42461043e-06	5.112781955e-06	0
3.405813438e-06	5.112781955e-06	0
3.387016445e-06	5.112781955e-06	0
3.387016445e-06	5.112781955e-06	10
3.387016445e-06	5.112781955e-06	10
3.387016445e-06	5.112781955e-06	10
3.387016445e-06	5.112781955e-06	10
3.387016445e-06	5.112781955e-06	10
3.387016445e-06	5.112781955e-06	10
3.387016445e-06	5.112781955e-06	10
3.387016445e-06	5.112781955e-06	10
3.387016445e-06	5.112781955e-06	10
3.387016445e-06	5.112781955e-06	10
3.387016445e-06	5.112781955e-06	10
3.387016445e-06	5.112781955e-06	10
3.387016445e-06	5.112781955e-06	10
3.387016445e-06	5.112781955e-06	10
3.387016445e-06	5.112781955e-06	10
3.387016445e-06	5.112781955e-06	10
3.387016445e-06	5.112781955e-06	10
3.387016445e-06	5.112781955e-06	10
3.387016445e-06	5.112781955e-06	10
3.387016445e-06	5.112781955e-06	10
3.387016445e-06	5.112781955e-06	10
3.387016445e-06	5.112781955e-06	10
3.387016445e-06	5.112781955e-06	10
3.387016445e-06	5.112781955e-06	10
3.387016445e-06	5.112781955e-06	10
3.387016445e-06	5.112781955e-06	0
3.368219453e-06	5.112781955e-06	0
3.34942246e-06	5.112781955e-06	0
3.330625468e-06	5.112781955e-06	0
3.311828475e-06	5.112781955e-06	0
3.311828475e-06	5.112781955e-06	10
3.311828475e-06	5.112781955e-06	10
3.311828475e-06	5.112781955e-06	10
3.311828475e-06	5.112781955e-06	10
3.311828475e-06	5.112781955e-06	10
3.311828475e-06	5.112781955e-06	10
3.311828475e-06	5.112781955e-06	10
3.311828475e-06	5.112781955e-06	10
3.311828475e-06	5.112781955e-06	10
3.311828475e-06	5.112781955e-06	10
3.311828475e-06	5.112781955e-06	10
3.311828475e-06	5.112781955e-06	10
3.311828475e-06	5.112781955e-06	10
3.311828475e-06	5.112781955e-06	10
3.311828475e-06	5.112781955e-06	10
3.311828475e-06	5.112781955e-06	10
3.311828475e-06	5.112781955e-06	10
3.311828475e-06	5.112781955e-06	10
3.311828475e-06	5.112781955e-06	10
3.311828475e-06	5.112781955e-06	10
3.311828475e-06	5.112781955e-06	10
3.311828475e-06	5.112781955e-06	10
3.311828475e-06	5.112781955e-06	10
3.311828475e-06	5.112781955e-06	10
3.311828475e-06	5.112781955e-06	10
3.311828475e-06	5.112781955e-06	0
3.293031483e-06	5.112781955e-06	0
3.274234491e-06	5.112781955e-06	0
3.255437498e-06	5.112781955e-06	0
3.236640506e-06	5.112781955e-06	0
3.236640506e-06	5.112781955e-06	10
3.236640506e-06	5.112781955e-06	10
3.236640506e-06	5.112781955e-06	10
3.236640506e-06	5.112781955e-06	10
3.236640506e-06	5.112781955e-06	10
3.236640506e-06	5.112781955e-06	10
3.236640506e-06	5.112781955e-06	10
3.236640506e-06	5.112781955e-06	10
3.236640506e-06	5.112781955e-06	10
3.236640506e-06	5.112781955e-06	10
3.236640506e-06	5.112781955e-06	10
3.236640506e-06	5.112781955e-06	10
3.236640506e-06	5.112781955e-06	10
3.236640506e-06	5.112781955e-06	10
3.236640506e-06	5.112781955e-06	10
3.236640506e-06	5.112781955e-06	10
3.236640506e-06	5.112781955e-06	10
3.236640506e-06	5.112781955e-06	10
3.236640506e-06	5.112781955e-06	10
3.236640506e-06	5.112781955e-06	10
3.236640506e-06	5.112781955e-06	10
3.236640506e-06	5.112781955e-06	10
3.236640506e-06	5.112781955e-06	10
3.236640506e-06	5.112781955e-06	10
3.236640506e-06	5.112781955e-06	10
3.236640506e-06	5.112781955e-06	0
3.217843513e-06	5.112781955e-06	0
3.199046521e-06	5.112781955e-06	0
3.180249528e-06	5.112781955e-06	0
3.161452536e-06	5.112781955e-06	0
3.161452536e-06	5.112781955e-06	10
3.161452536e-06	5.112781955e-06	10
3.161452536e-06	5.112781955e-06	10
3.161452536e-06	5.112781955e-06	10
3.161452536e-06	5.112781955e-06	10
3.161452536e-06	5.112781955e-06	10
3.161452536e-06	5.112781955e-06	10
3.161452536e-06	5.112781955e-06	10
3.161452536e-06	5.112781955e-06	10
3.161452536e-06	5.112781955e-06	10
3.161452536e-06	5.112781955e-06	10
3.161452536e-06	5.112781955e-06	10
3.161452536e-06	5.112781955e-06	10
3.161452536e-06	5.112781955e-06	10
3.161452536e-06	5.112781955e-06	10
3.161452536e-06	5.112781955e-06	10
3.161452536e-06	5.112781955e-06	10
3.161452536e-06	5.112781955e-06	10
3.161452536e-06	5.112781955e-06	10
3.161452536e-06	5.112781955e-06	10
3.161452536e-06	5.112781955e-06	10
3.161452536e-06	5.112781955e-06	10
3.161452536e-06	5.112781955e-06	10
3.161452536e-06	5.112781955e-06	10
3.161452536e-06	5.112781955e-06	10
3.161452536e-06	5.112781955e-06	0
3.142655543e-06	5.112781955e-06	0
3.123858551e-06	5.112781955e-06	0
3.105061558e-06	5.112781955e-06	0
3.086264566e-06	5.112781955e-06	0
3.086264566e-06	5.112781955e-06	10
3.086264566e-06	5.112781955e-06	10
3.086264566e-06	5.112781955e-06	10
3.086264566e-06	5.112781955e-06	10
3.086264566e-06	5.112781955e-06	10
3.086264566e-06	5.112781955e-06	10
3.086264566e-06	5.112781955e-06	10
3.086264566e-06	5.112781955e-06	10
3.086264566e-06	5.112781955e-06	10
3.086264566e-06	5.112781955e-06	10
3.086264566e-06	5.112781955e-06	10
3.086264566e-06	5.112781955e-06	10
3.086264566e-06	5.112781955e-06	10
3.086264566e-06	5.112781955e-06	10
3.086264566e-06	5.112781955e-06	10
3.086264566e-06	5.112781955e-06	10
3.086264566e-06	5.112781955e-06	10
3.086264566e-06	5.112781955e-06	10
3.086264566e-06	5.112781955e-06	10
3.086264566e-06	5.112781955e-06	10
3.086264566e-06	5.112781955e-06	10
3.086264566e-06	5.112781955e-06	10
3.086264566e-06	5.112781955e-06	10
3.086264566e-06	5.112781955e-06	10
3.086264566e-06	5.112781955e-06	10
3.086264566e-06	5.112781955e-06	0
3.067467573e-06	5.112781955e-06	0
3.048670581e-06	5.112781955e-06	0
3.029873588e-06	5.112781955e-06	0
3.011076596e-06	5.112781955e-06	0
3.011076596e-06	5.112781955e-06	10
3.011076596e-06	5.112781955e-06	10
3.011076596e-06	5.112781955e-06	10
3.011076596e-06	5.112781955e-06	10
3.011076596e-06	5.112781955e-06	10
3.011076596e-06	5.112781955e-06	10
3.011076596e-06	5.112781955e-06	10
3.011076596e-06	5.112781955e-06	10
3.011076596e-06	5.112781955e-06	10
3.011076596e-06	5.112781955e-06	10
3.011076596e-06	5.112781955e-06	10
3.011076596e-06	5.112781955e-06	10
3.011076596e-06	5.112781955e-06	10
3.011076596e-06	5.112781955e-06	10
3.011076596e-06	5.112781955e-06	10
3.011076596e-06	5.112781955e-06	10
3.011076596e-06	5.112781955e-06	10
3.011076596e-06	5.112781955e-06	10
3.011076596e-06	5.112781955e-06	10
3.011076596e-06	5.112781955e-06	10
3.011076596e-06	5.112781955e-06	10
3.011076596e-06	5.112781955e-06	10
3.011076596e-06	5.112781955e-06	10
3.011076596e-06	5.112781955e-06	10
3.011076596e-06	5.112781955e-06	10
3.011076596e-06	5.112781955e-06	0
2.992279603e-06	5.112781955e-06	0
2.973482611e-06	5.112781955e-06	0
2.954685618e-06	5.112781955e-06	0
2.935888626e-06	5.112781955e-06	0
2.935888626e-06	5.112781955e-06	10
2.935888626e-06	5.112781955e-06	10
2.935888626e-06	5.112781955e-06	10
2.935888626e-06	5.112781955e-06	10
2.935888626e-06	5.112781955e-06	10
2.935888626e-06	5.112781955e-06	10
2.935888626e-06	5.112781955e-06	10
2.935888626e-06	5.112781955e-06	10
2.935888626e-06	5.112781955e-06	10
2.935888626e-06	5.112781955e-06	10
2.935888626e-06	5.112781955e-06	10
2.935888626e-06	5.112781955e-06	10
2.935888626e-06	5.112781955e-06	10
2.935888626e-06	5.112781955e-06	10
2.935888626e-06	5.112781955e-06	10
2.935888626e-06	5.112781955e-06	10
2.935888626e-06	5.112781955e-06	10
2.935888626e-06	5.112781955e-06	10
2.935888626e-06	5.112781955e-06	10
2.935888626e-06	5.112781955e-06	10
2.935888626e-06	5.112781955e-06	10
2.935888626e-06	5.112781955e-06	10
2.935888626e-06	5.112781955e-06	10
2.935888626e-06	5.112781955e-06	10
2.935888626e-06	5.112781955e-06	10
2.935888626e-06	5.112781955e-06	0
2.917091633e-06	5.112781955e-06	0
2.898294641e-06	5.112781955e-06	0
2.879497648e-06	5.112781955e-06	0
2.860700656e-06	5.112781955e-06	0
2.860700656e-06	5.112781955e-06	10
2.860700656e-06	5.112781955e-06	10
2.860700656e-06	5.112781955e-06	10
2.860700656e-06	5.112781955e-06	10
2.860700656e-06	5.112781955e-06	10
2.860700656e-06	5.112781955e-06	10
2.860700656e-06	5.112781955e-06	10
2.860700656e-06	5.112781955e-06	10
2.860700656e-06	5.112781955e-06	10
2.860700656e-06	5.112781955e-06	10
2.860700656e-06	5.112781955e-06	10
2.860700656e-06	5.112781955e-06	10
2.860700656e-06	5.112781955e-06	10
2.860700656e-06	5.112781955e-06	10
2.860700656e-06	5.112781955e-06	10
2.860700656e-06	5.112781955e-06	10
2.860700656e-06	5.112781955e-06	10
2.860700656e-06	5.112781955e-06	10
2.860700656e-06	5.112781955e-06	10
2.860700656e-06	5.112781955e-06	10
2.860700656e-06	5.112781955e-06	10
2.860700656e-06	5.112781955e-06	10
2.860700656e-06	5.112781955e-06	10
2.860700656e-06	5.112781955e-06	10
2.860700656e-06	5.112781955e-06	10
2.860700656e-06	5.112781955e-06	0
2.841903663e-06	5.112781955e-06	0
2.823106671e-06	5.112781955e-06	0
2.804309678e-06	5.112781955e-06	0
2.785512686e-06	5.112781955e-06	0
2.785512686e-06	5.112781955e-06	10
2.785512686e-06	5.112781955e-06	10
2.785512686e-06	5.112781955e-06	10
2.785512686e-06	5.112781955e-06	10
2.785512686e-06	5.112781955e-06	10
2.785512686e-06	5.112781955e-06	10
2.785512686e-06	5.112781955e-06	10
2.785512686e-06	5.112781955e-06	10
2.785512686e-06	5.112781955e-06	10
2.785512686e-06	5.112781955e-06	10
2.785512686e-06	5.112781955e-06	10
2.785512686e-06	5.112781955e-06	10
2.785512686e-06	5.112781955e-06	10
2.785512686e-06	5.112781955e-06	10
2.785512686e-06	5.112781955e-06	10
2.785512686e-06	5.112781955e-06	10
2.785512686e-06	5.112781955e-06	10
2.785512686e-06	5.112781955e-06	10
2.785512686e-06	5.112781955e-06	10
2.785512686e-06	5.112781955e-06	10
2.785512686e-06	5.112781955e-06	10
2.785512686e-06	5.112781955e-06	10
2.785512686e-06	5.112781955e-06	10
2.785512686e-06	5.112781955e-06	10
2.785512686e-06	5.112781955e-06	10
2.785512686e-06	5.112781955e-06	0
2.766715694e-06	5.112781955e-06	0
2.747918701e-06	5.112781955e-06	0
2.729121709e-06	5.112781955e-06	0
2.710324716e-06	5.112781955e-06	0
2.710324716e-06	5.112781955e-06	10
2.710324716e-06	5.112781955e-06	10
2.710324716e-06	5.112781955e-06	10
2.710324716e-06	5.112781955e-06	10
2.710324716e-06	5.112781955e-06	10
2.710324716e-06	5.112781955e-06	10
2.710324716e-06	5.112781955e-06	10
2.710324716e-06	5.112781955e-06	10
2.710324716e-06	5.112781955e-06	10
2.710324716e-06	5.112781955e-06	10
2.710324716e-06	5.112781955e-06	10
2.710324716e-06	5.112781955e-06	10
2.710324716e-06	5.112781955e-06	10
2.710324716e-06	5.112781955e-06	10
2.710324716e-06	5.112781955e-06	10
2.710324716e-06	5.112781955e-06	10
2.710324716e-06	5.112781955e-06	10
2.710324716e-06	5.112781955e-06	10
2.710324716e-06	5.112781955e-06	10
2.710324716e-06	5.112781955e-06	10
2.710324716e-06	5.112781955e-06	10
2.710324716e-06	5.112781955e-06	10
2.710324716e-06	5.112781955e-06	10
2.710324716e-06	5.112781955e-06	10
2.710324716e-06	5.112781955e-06	10
2.710324716e-06	5.112781955e-06	0
2.691527724e-06	5.112781955e-06	0
2.672730731e-06	5.112781955e-06	0
2.653933739e-06	5.112781955e-06	0
2.635136746e-06	5.112781955e-06	0
2.635136746e-06	5.112781955e-06	10
2.635136746e-06	5.112781955e-06	10
2.635136746e-06	5.112781955e-06	10
2.635136746e-06	5.112781955e-06	10
2.635136746e-06	5.112781955e-06	10
2.635136746e-06	5.112781955e-06	10
2.635136746e-06	5.112781955e-06	10
2.635136746e-06	5.112781955e-06	10
2.635136746e-06	5.112781955e-06	10
2.635136746e-06	5.112781955e-06	10
2.635136746e-06	5.112781955e-06	10
2.635136746e-06	5.112781955e-06	10
2.635136746e-06	5.112781955e-06	10
2.635136746e-06	5.112781955e-06	10
2.635136746e-06	5.112781955e-06	10
2.635136746e-06	5.112781955e-06	10
2.635136746e-06	5.112781955e-06	10
2.635136746e-06	5.112781955e-06	10
2.635136746e-06	5.112781955e-06	10
2.635136746e-06	5.112781955e-06	10
2.635136746e-06	5.112781955e-06	10
2.635136746e-06	5.112781955e-06	10
2.635136746e-06	5.112781955e-06	10
2.635136746e-06	5.112781955e-06	10
2.635136746e-06	5.112781955e-06	10
2.635136746e-06	5.112781955e-06	0
2.616339754e-06	5.112781955e-06	0
2.597542761e-06	5.112781955e-06	0
2.578745769e-06	5.112781955e-06	0
2.559948776e-06	5.112781955e-06	0
2.559948776e-06	5.112781955e-06	10
2.559948776e-06	5.112781955e-06	10
2.559948776e-06	5.112781955e-06	10
2.559948776e-06	5.112781955e-06	10
2.559948776e-06	5.112781955e-06	10
2.559948776e-06	5.112781955e-06	10
2.559948776e-06	5.112781955e-06	10
2.559948776e-06	5.112781955e-06	10
2.559948776e-06	5.112781955e-06	10
2.559948776e-06	5.112781955e-06	10
2.559948776e-06	5.112781955e-06	10
2.559948776e-06	5.112781955e-06	10
2.559948776e-06	5.112781955e-06	10
2.559948776e-06	5.112781955e-06	10
2.559948776e-06	5.112781955e-06	10
2.559948776e-06	5.112781955e-06	10
2.559948776e-06	5.112781955e-06	10
2.559948776e-06	5.112781955e-06	10
2.559948776e-06	5.112781955e-06	10
2.559948776e-06	5.112781955e-06	10
2.559948776e-06	5.112781955e-06	10
2.559948776e-06	5.112781955e-06	10
2.559948776e-06	5.112781955e-06	10
2.559948776e-06	5.112781955e-06	10
2.559948776e-06	5.112781955e-06	10
2.559948776e-06	5.112781955e-06	0
2.541151784e-06	5.112781955e-06	0
2.522354791e-06	5.112781955e-06	0
2.503557799e-06	5.112781955e-06	0
2.484760806e-06	5.112781955e-06	0
2.484760806e-06	5.112781955e-06	10
2.484760806e-06	5.112781955e-06	10
2.484760806e-06	5.112781955e-06	10
2.484760806e-06	5.112781955e-06	10
2.484760806e-06	5.112781955e-06	10
2.484760806e-06	5.112781955e-06	10
2.484760806e-06	5.112781955e-06	10
2.484760806e-06	5.112781955e-06	10
2.484760806e-06	5.112781955e-06	10
2.484760806e-06	5.112781955e-06	10
2.484760806e-06	5.112781955e-06	10
2.484760806e-06	5.112781955e-06	10
2.484760806e-06	5.112781955e-06	10
2.484760806e-06	5.112781955e-06	10
2.484760806e-06	5.112781955e-06	10
2.484760806e-06	5.112781955e-06	10
2.484760806e-06	5.112781955e-06	10
2.484760806e-06	5.112781955e-06	10
2.484760806e-06	5.112781955e-06	10
2.484760806e-06	5.112781955e-06	10
2.484760806e-06	5.112781955e-06	10
2.484760806e-06	5.112781955e-06	10
2.484760806e-06	5.112781955e-06	10
2.484760806e-06	5.112781955e-06	10
2.484760806e-06	5.112781955e-06	10
2.484760806e-06	5.112781955e-06	0
2.465963814e-06	5.112781955e-06	0
2.447166821e-06	5.112781955e-06	0
2.428369829e-06	5.112781955e-06	0
2.409572836e-06	5.112781955e-06	0
2.409572836e-06	5.112781955e-06	10
2.409572836e-06	5.112781955e-06	10
2.409572836e-06	5.112781955e-06	10
2.409572836e-06	5.112781955e-06	10
2.409572836e-06	5.112781955e-06	10
2.409572836e-06	5.112781955e-06	10
2.409572836e-06	5.112781955e-06	10
2.409572836e-06	5.112781955e-06	10
2.409572836e-06	5.112781955e-06	10
2.409572836e-06	5.112781955e-06	10
2.409572836e-06	5.112781955e-06	10
2.409572836e-06	5.112781955e-06	10
2.409572836e-06	5.112781955e-06	10
2.409572836e-06	5.112781955e-06	10
2.409572836e-06	5.112781955e-06	10
2.409572836e-06	5.112781955e-06	10
2.409572836e-06	5.112781955e-06	10
2.409572836e-06	5.112781955e-06	10
2.409572836e-06	5.112781955e-06	10
2.409572836e-06	5.112781955e-06	10
2.409572836e-06	5.112781955e-06	10
2.409572836e-06	5.112781955e-06	10
2.409572836e-06	5.112781955e-06	10
2.409572836e-06	5.112781955e-06	10
2.409572836e-06	5.112781955e-06	10
2.409572836e-06	5.112781955e-06	0
2.390775844e-06	5.112781955e-06	0
2.371978851e-06	5.112781955e-06	0
2.353181859e-06	5.112781955e-06	0
2.334384866e-06	5.112781955e-06	0
2.334384866e-06	5.112781955e-06	10
2.334384866e-06	5.112781955e-06	10
2.334384866e-06	5.112781955e-06	10
2.334384866e-06	5.112781955e-06	10
2.334384866e-06	5.112781955e-06	10
2.334384866e-06	5.112781955e-06	10
2.334384866e-06	5.112781955e-06	10
2.334384866e-06	5.112781955e-06	10
2.334384866e-06	5.112781955e-06	10
2.334384866e-06	5.112781955e-06	10
2.334384866e-06	5.112781955e-06	10
2.334384866e-06	5.112781955e-06	10
2.334384866e-06	5.112781955e-06	10
2.334384866e-06	5.112781955e-06	10
2.334384866e-06	5.112781955e-06	10
2.334384866e-06	5.112781955e-06	10
2.334384866e-06	5.112781955e-06	10
2.334384866e-06	5.112781955e-06	10
2.334384866e-06	5.112781955e-06	10
2.334384866e-06	5.112781955e-06	10
2.334384866e-06	5.112781955e-06	10
2.334384866e-06	5.112781955e-06	10
2.334384866e-06	5.112781955e-06	10
2.334384866e-06	5.112781955e-06	10
2.334384866e-06	5.112781955e-06	10
2.334384866e-06	5.112781955e-06	0
2.334384866e-06	5.131578947e-06	0
2.334384866e-06	5.15037594e-06	0
2.334384866e-06	5.169172932e-06	0
2.334384866e-06	5.187969925e-06	0
2.334384866e-06	5.187969925e-06	-10
2.334384866e-06	5.187969925e-06	-10
2.334384866e-06	5.187969925e-06	-10
2.334384866e-06	5.187969925e-06	-10
2.334384866e-06	5.187969925e-06	-10
2.334384866e-06	5.187969925e-06	-10
2.334384866e-06	5.187969925e-06	-10
2.334384866e-06	5.187969925e-06	-10
2.334384866e-06	5.187969925e-06	-10
2.334384866e-06	5.187969925e-06	-10
2.334384866e-06	5.187969925e-06	-10
2.334384866e-06	5.187969925e-06	-10
2.334384866e-06	5.187969925e-06	-10
2.334384866e-06	5.187969925e-06	-10
2.334384866e-06	5.187969925e-06	-10
2.334384866e-06	5.187969925e-06	-10
2.334384866e-06	5.187969925e-06	-10
2.334384866e-06	5.187969925e-06	-10
2.334384866e-06	5.187969925e-06	-10
2.334384866e-06	5.187969925e-06	-10
2.334384866e-06	5.187969925e-06	-10
2.334384866e-06	5.187969925e-06	-10
2.334384866e-06	5.187969925e-06	-10
2.334384866e-06	5.187969925e-06	-10
2.334384866e-06	5.187969925e-06	-10
2.334384866e-06	5.187969925e-06	0
2.353181859e-06	5.187969925e-06	0
2.371978851e-06	5.187969925e-06	0
2.390775844e-06	5.187969925e-06	0
2.409572836e-06	5.187969925e-06	0
2.409572836e-06	5.187969925e-06	-10
2.409572836e-06	5.187969925e-06	-10
2.409572836e-06	5.187969925e-06	-10
2.409572836e-06	5.187969925e-06	-10
2.409572836e-06	5.187969925e-06	-10
2.409572836e-06	5.187969925e-06	-10
2.409572836e-06	5.187969925e-06	-10
2.409572836e-06	5.187969925e-06	-10
2.409572836e-06	5.187969925e-06	-10
2.409572836e-06	5.187969925e-06	-10
2.409572836e-06	5.187969925e-06	-10
2.409572836e-06	5.187969925e-06	-10
2.409572836e-06	5.187969925e-06	-10
2.409572836e-06	5.187969925e-06	-10
2.409572836e-06	5.187969925e-06	-10
2.409572836e-06	5.187969925e-06	-10
2.409572836e-06	5.187969925e-06	-10
2.409572836e-06	5.187969925e-06	-10
2.409572836e-06	5.187969925e-06	-10
2.409572836e-06	5.187969925e-06	-10
2.409572836e-06	5.187969925e-06	-10
2.409572836e-06	5.187969925e-06	-10
2.409572836e-06	5.187969925e-06	-10
2.409572836e-06	5.187969925e-06	-10
2.409572836e-06	5.187969925e-06	-10
2.409572836e-06	5.187969925e-06	0
2.428369829e-06	5.187969925e-06	0
2.447166821e-06	5.187969925e-06	0
2.465963814e-06	5.187969925e-06	0
2.484760806e-06	5.187969925e-06	0
2.484760806e-06	5.187969925e-06	-10
2.484760806e-06	5.187969925e-06	-10
2.484760806e-06	5.187969925e-06	-10
2.484760806e-06	5.187969925e-06	-10
2.484760806e-06	5.187969925e-06	-10
2.484760806e-06	5.187969925e-06	-10
2.484760806e-06	5.187969925e-06	-10
2.484760806e-06	5.187969925e-06	-10
2.484760806e-06	5.187969925e-06	-10
2.484760806e-06	5.187969925e-06	-10
2.484760806e-06	5.187969925e-06	-10
2.484760806e-06	5.187969925e-06	-10
2.484760806e-06	5.187969925e-06	-10
2.484760806e-06	5.187969925e-06	-10
2.484760806e-06	5.187969925e-06	-10
2.484760806e-06	5.187969925e-06	-10
2.484760806e-06	5.187969925e-06	-10
2.484760806e-06	5.187969925e-06	-10
2.484760806e-06	5.187969925e-06	-10
2.484760806e-06	5.187969925e-06	-10
2.484760806e-06	5.187969925e-06	-10
2.484760806e-06	5.187969925e-06	-10
2.484760806e-06	5.187969925e-06	-10
2.484760806e-06	5.187969925e-06	-10
2.484760806e-06	5.187969925e-06	-10
2.484760806e-06	5.187969925e-06	0
2.503557799e-06	5.187969925e-06	0
2.522354791e-06	5.187969925e-06	0
2.541151784e-06	5.187969925e-06	0
2.559948776e-06	5.187969925e-06	0
2.559948776e-06	5.187969925e-06	-10
2.559948776e-06	5.187969925e-06	-10
2.559948776e-06	5.187969925e-06	-10
2.559948776e-06	5.187969925e-06	-10
2.559948776e-06	5.187969925e-06	-10
2.559948776e-06	5.187969925e-06	-10
2.559948776e-06	5.187969925e-06	-10
2.559948776e-06	5.187969925e-06	-10
2.559948776e-06	5.187969925e-06	-10
2.559948776e-06	5.187969925e-06	-10
2.559948776e-06	5.187969925e-06	-10
2.559948776e-06	5.187969925e-06	-10
2.559948776e-06	5.187969925e-06	-10
2.559948776e-06	5.187969925e-06	-10
2.559948776e-06	5.187969925e-06	-10
2.559948776e-06	5.187969925e-06	-10
2.559948776e-06	5.187969925e-06	-10
2.559948776e-06	5.187969925e-06	-10
2.559948776e-06	5.187969925e-06	-10
2.559948776e-06	5.187969925e-06	-10
2.559948776e-06	5.187969925e-06	-10
2.559948776e-06	5.187969925e-06	-10
2.559948776e-06	5.187969925e-06	-10
2.559948776e-06	5.187969925e-06	-10
2.559948776e-06	5.187969925e-06	-10
2.559948776e-06	5.187969925e-06	0
2.578745769e-06	5.187969925e-06	0
2.597542761e-06	5.187969925e-06	0
2.616339754e-06	5.187969925e-06	0
2.635136746e-06	5.187969925e-06	0
2.635136746e-06	5.187969925e-06	-10
2.635136746e-06	5.187969925e-06	-10
2.635136746e-06	5.187969925e-06	-10
2.635136746e-06	5.187969925e-06	-10
2.635136746e-06	5.187969925e-06	-10
2.635136746e-06	5.187969925e-06	-10
2.635136746e-06	5.187969925e-06	-10
2.635136746e-06	5.187969925e-06	-10
2.635136746e-06	5.187969925e-06	-10
2.635136746e-06	5.187969925e-06	-10
2.635136746e-06	5.187969925e-06	-10
2.635136746e-06	5.187969925e-06	-10
2.635136746e-06	5.187969925e-06	-10
2.635136746e-06	5.187969925e-06	-10
2.635136746e-06	5.187969925e-06	-10
2.635136746e-06	5.187969925e-06	-10
2.635136746e-06	5.187969925e-06	-10
2.635136746e-06	5.187969925e-06	-10
2.635136746e-06	5.187969925e-06	-10
2.635136746e-06	5.187969925e-06	-10
2.635136746e-06	5.187969925e-06	-10
2.635136746e-06	5.187969925e-06	-10
2.635136746e-06	5.187969925e-06	-10
2.635136746e-06	5.187969925e-06	-10
2.635136746e-06	5.187969925e-06	-10
2.635136746e-06	5.187969925e-06	0
2.653933739e-06	5.187969925e-06	0
2.672730731e-06	5.187969925e-06	0
2.691527724e-06	5.187969925e-06	0
2.710324716e-06	5.187969925e-06	0
2.710324716e-06	5.187969925e-06	-10
2.710324716e-06	5.187969925e-06	-10
2.710324716e-06	5.187969925e-06	-10
2.710324716e-06	5.187969925e-06	-10
2.710324716e-06	5.187969925e-06	-10
2.710324716e-06	5.187969925e-06	-10
2.710324716e-06	5.187969925e-06	-10
2.710324716e-06	5.187969925e-06	-10
2.710324716e-06	5.187969925e-06	-10
2.710324716e-06	5.187969925e-06	-10
2.710324716e-06	5.187969925e-06	-10
2.710324716e-06	5.187969925e-06	-10
2.710324716e-06	5.187969925e-06	-10
2.710324716e-06	5.187969925e-06	-10
2.710324716e-06	5.187969925e-06	-10
2.710324716e-06	5.187969925e-06	-10
2.710324716e-06	5.187969925e-06	-10
2.710324716e-06	5.187969925e-06	-10
2.710324716e-06	5.187969925e-06	-10
2.710324716e-06	5.187969925e-06	-10
2.710324716e-06	5.187969925e-06	-10
2.710324716e-06	5.187969925e-06	-10
2.710324716e-06	5.187969925e-06	-10
2.710324716e-06	5.187969925e-06	-10
2.710324716e-06	5.187969925e-06	-10
2.710324716e-06	5.187969925e-06	0
2.729121709e-06	5.187969925e-06	0
2.747918701e-06	5.187969925e-06	0
2.766715694e-06	5.187969925e-06	0
2.785512686e-06	5.187969925e-06	0
2.785512686e-06	5.187969925e-06	-10
2.785512686e-06	5.187969925e-06	-10
2.785512686e-06	5.187969925e-06	-10
2.785512686e-06	5.187969925e-06	-10
2.785512686e-06	5.187969925e-06	-10
2.785512686e-06	5.187969925e-06	-10
2.785512686e-06	5.187969925e-06	-10
2.785512686e-06	5.187969925e-06	-10
2.785512686e-06	5.187969925e-06	-10
2.785512686e-06	5.187969925e-06	-10
2.785512686e-06	5.187969925e-06	-10
2.785512686e-06	5.187969925e-06	-10
2.785512686e-06	5.187969925e-06	-10
2.785512686e-06	5.187969925e-06	-10
2.785512686e-06	5.187969925e-06	-10
2.785512686e-06	5.187969925e-06	-10
2.785512686e-06	5.187969925e-06	-10
2.785512686e-06	5.187969925e-06	-10
2.785512686e-06	5.187969925e-06	-10
2.785512686e-06	5.187969925e-06	-10
2.785512686e-06	5.187969925e-06	-10
2.785512686e-06	5.187969925e-06	-10
2.785512686e-06	5.187969925e-06	-10
2.785512686e-06	5.187969925e-06	-10
2.785512686e-06	5.187969925e-06	-10
2.785512686e-06	5.187969925e-06	0
2.804309678e-06	5.187969925e-06	0
2.823106671e-06	5.187969925e-06	0
2.841903663e-06	5.187969925e-06	0
2.860700656e-06	5.187969925e-06	0
2.860700656e-06	5.187969925e-06	-10
2.860700656e-06	5.187969925e-06	-10
2.860700656e-06	5.187969925e-06	-10
2.860700656e-06	5.187969925e-06	-10
2.860700656e-06	5.187969925e-06	-10
2.860700656e-06	5.187969925e-06	-10
2.860700656e-06	5.187969925e-06	-10
2.860700656e-06	5.187969925e-06	-10
2.860700656e-06	5.187969925e-06	-10
2.860700656e-06	5.187969925e-06	-10
2.860700656e-06	5.187969925e-06	-10
2.860700656e-06	5.187969925e-06	-10
2.860700656e-06	5.187969925e-06	-10
2.860700656e-06	5.187969925e-06	-10
2.860700656e-06	5.187969925e-06	-10
2.860700656e-06	5.187969925e-06	-10
2.860700656e-06	5.187969925e-06	-10
2.860700656e-06	5.187969925e-06	-10
2.860700656e-06	5.187969925e-06	-10
2.860700656e-06	5.187969925e-06	-10
2.860700656e-06	5.187969925e-06	-10
2.860700656e-06	5.187969925e-06	-10
2.860700656e-06	5.187969925e-06	-10
2.860700656e-06	5.187969925e-06	-10
2.860700656e-06	5.187969925e-06	-10
2.860700656e-06	5.187969925e-06	0
2.879497648e-06	5.187969925e-06	0
2.898294641e-06	5.187969925e-06	0
2.917091633e-06	5.187969925e-06	0
2.935888626e-06	5.187969925e-06	0
2.935888626e-06	5.187969925e-06	-10
2.935888626e-06	5.187969925e-06	-10
2.935888626e-06	5.187969925e-06	-10
2.935888626e-06	5.187969925e-06	-10
2.935888626e-06	5.187969925e-06	-10
2.935888626e-06	5.187969925e-06	-10
2.935888626e-06	5.187969925e-06	-10
2.935888626e-06	5.187969925e-06	-10
2.935888626e-06	5.187969925e-06	-10
2.935888626e-06	5.187969925e-06	-10
2.935888626e-06	5.187969925e-06	-10
2.935888626e-06	5.187969925e-06	-10
2.935888626e-06	5.187969925e-06	-10
2.935888626e-06	5.187969925e-06	-10
2.935888626e-06	5.187969925e-06	-10
2.935888626e-06	5.187969925e-06	-10
2.935888626e-06	5.187969925e-06	-10
2.935888626e-06	5.187969925e-06	-10
2.935888626e-06	5.187969925e-06	-10
2.935888626e-06	5.187969925e-06	-10
2.935888626e-06	5.187969925e-06	-10
2.935888626e-06	5.187969925e-06	-10
2.935888626e-06	5.187969925e-06	-10
2.935888626e-06	5.187969925e-06	-10
2.935888626e-06	5.187969925e-06	-10
2.935888626e-06	5.187969925e-06	0
2.954685618e-06	5.187969925e-06	0
2.973482611e-06	5.187969925e-06	0
2.992279603e-06	5.187969925e-06	0
3.011076596e-06	5.187969925e-06	0
3.011076596e-06	5.187969925e-06	-10
3.011076596e-06	5.187969925e-06	-10
3.011076596e-06	5.187969925e-06	-10
3.011076596e-06	5.187969925e-06	-10
3.011076596e-06	5.187969925e-06	-10
3.011076596e-06	5.187969925e-06	-10
3.011076596e-06	5.187969925e-06	-10
3.011076596e-06	5.187969925e-06	-10
3.011076596e-06	5.187969925e-06	-10
3.011076596e-06	5.187969925e-06	-10
3.011076596e-06	5.187969925e-06	-10
3.011076596e-06	5.187969925e-06	-10
3.011076596e-06	5.187969925e-06	-10
3.011076596e-06	5.187969925e-06	-10
3.011076596e-06	5.187969925e-06	-10
3.011076596e-06	5.187969925e-06	-10
3.011076596e-06	5.187969925e-06	-10
3.011076596e-06	5.187969925e-06	-10
3.011076596e-06	5.187969925e-06	-10
3.011076596e-06	5.187969925e-06	-10
3.011076596e-06	5.187969925e-06	-10
3.011076596e-06	5.187969925e-06	-10
3.011076596e-06	5.187969925e-06	-10
3.011076596e-06	5.187969925e-06	-10
3.011076596e-06	5.187969925e-06	-10
3.011076596e-06	5.187969925e-06	0
3.029873588e-06	5.187969925e-06	0
3.048670581e-06	5.187969925e-06	0
3.067467573e-06	5.187969925e-06	0
3.086264566e-06	5.187969925e-06	0
3.086264566e-06	5.187969925e-06	-10
3.086264566e-06	5.187969925e-06	-10
3.086264566e-06	5.187969925e-06	-10
3.086264566e-06	5.187969925e-06	-10
3.086264566e-06	5.187969925e-06	-10
3.086264566e-06	5.187969925e-06	-10
3.086264566e-06	5.187969925e-06	-10
3.086264566e-06	5.187969925e-06	-10
3.086264566e-06	5.187969925e-06	-10
3.086264566e-06	5.187969925e-06	-10
3.086264566e-06	5.187969925e-06	-10
3.086264566e-06	5.187969925e-06	-10
3.086264566e-06	5.187969925e-06	-10
3.086264566e-06	5.187969925e-06	-10
3.086264566e-06	5.187969925e-06	-10
3.086264566e-06	5.187969925e-06	-10
3.086264566e-06	5.187969925e-06	-10
3.086264566e-06	5.187969925e-06	-10
3.086264566e-06	5.187969925e-06	-10
3.086264566e-06	5.187969925e-06	-10
3.086264566e-06	5.187969925e-06	-10
3.086264566e-06	5.187969925e-06	-10
3.086264566e-06	5.187969925e-06	-10
3.086264566e-06	5.187969925e-06	-10
3.086264566e-06	5.187969925e-06	-10
3.086264566e-06	5.187969925e-06	0
3.105061558e-06	5.187969925e-06	0
3.123858551e-06	5.187969925e-06	0
3.142655543e-06	5.187969925e-06	0
3.161452536e-06	5.187969925e-06	0
3.161452536e-06	5.187969925e-06	-10
3.161452536e-06	5.187969925e-06	-10
3.161452536e-06	5.187969925e-06	-10
3.161452536e-06	5.187969925e-06	-10
3.161452536e-06	5.187969925e-06	-10
3.161452536e-06	5.187969925e-06	-10
3.161452536e-06	5.187969925e-06	-10
3.161452536e-06	5.187969925e-06	-10
3.161452536e-06	5.187969925e-06	-10
3.161452536e-06	5.187969925e-06	-10
3.161452536e-06	5.187969925e-06	-10
3.161452536e-06	5.187969925e-06	-10
3.161452536e-06	5.187969925e-06	-10
3.161452536e-06	5.187969925e-06	-10
3.161452536e-06	5.187969925e-06	-10
3.161452536e-06	5.187969925e-06	-10
3.161452536e-06	5.187969925e-06	-10
3.161452536e-06	5.187969925e-06	-10
3.161452536e-06	5.187969925e-06	-10
3.161452536e-06	5.187969925e-06	-10
3.161452536e-06	5.187969925e-06	-10
3.161452536e-06	5.187969925e-06	-10
3.161452536e-06	5.187969925e-06	-10
3.161452536e-06	5.187969925e-06	-10
3.161452536e-06	5.187969925e-06	-10
3.161452536e-06	5.187969925e-06	0
3.180249528e-06	5.187969925e-06	0
3.199046521e-06	5.187969925e-06	0
3.217843513e-06	5.187969925e-06	0
3.236640506e-06	5.187969925e-06	0
3.236640506e-06	5.187969925e-06	-10
3.236640506e-06	5.187969925e-06	-10
3.236640506e-06	5.187969925e-06	-10
3.236640506e-06	5.187969925e-06	-10
3.236640506e-06	5.187969925e-06	-10
3.236640506e-06	5.187969925e-06	-10
3.236640506e-06	5.187969925e-06	-10
3.236640506e-06	5.187969925e-06	-10
3.236640506e-06	5.187969925e-06	-10
3.236640506e-06	5.187969925e-06	-10
3.236640506e-06	5.187969925e-06	-10
3.236640506e-06	5.187969925e-06	-10
3.236640506e-06	5.187969925e-06	-10
3.236640506e-06	5.187969925e-06	-10
3.236640506e-06	5.187969925e-06	-10
3.236640506e-06	5.187969925e-06	-10
3.236640506e-06	5.187969925e-06	-10
3.236640506e-06	5.187969925e-06	-10
3.236640506e-06	5.187969925e-06	-10
3.236640506e-06	5.187969925e-06	-10
3.236640506e-06	5.187969925e-06	-10
3.236640506e-06	5.187969925e-06	-10
3.236640506e-06	5.187969925e-06	-10
3.236640506e-06	5.187969925e-06	-10
3.236640506e-06	5.187969925e-06	-10
3.236640506e-06	5.187969925e-06	0
3.255437498e-06	5.187969925e-06	0
3.274234491e-06	5.187969925e-06	0
3.293031483e-06	5.187969925e-06	0
3.311828475e-06	5.187969925e-06	0
3.311828475e-06	5.187969925e-06	-10
3.311828475e-06	5.187969925e-06	-10
3.311828475e-06	5.187969925e-06	-10
3.311828475e-06	5.187969925e-06	-10
3.311828475e-06	5.187969925e-06	-10
3.311828475e-06	5.187969925e-06	-10
3.311828475e-06	5.187969925e-06	-10
3.311828475e-06	5.187969925e-06	-10
3.311828475e-06	5.187969925e-06	-10
3.311828475e-06	5.187969925e-06	-10
3.311828475e-06	5.187969925e-06	-10
3.311828475e-06	5.187969925e-06	-10
3.311828475e-06	5.187969925e-06	-10
3.311828475e-06	5.187969925e-06	-10
3.311828475e-06	5.187969925e-06	-10
3.311828475e-06	5.187969925e-06	-10
3.311828475e-06	5.187969925e-06	-10
3.311828475e-06	5.187969925e-06	-10
3.311828475e-06	5.187969925e-06	-10
3.311828475e-06	5.187969925e-06	-10
3.311828475e-06	5.187969925e-06	-10
3.311828475e-06	5.187969925e-06	-10
3.311828475e-06	5.187969925e-06	-10
3.311828475e-06	5.187969925e-06	-10
3.311828475e-06	5.187969925e-06	-10
3.311828475e-06	5.187969925e-06	0
3.330625468e-06	5.187969925e-06	0
3.34942246e-06	5.187969925e-06	0
3.368219453e-06	5.187969925e-06	0
3.387016445e-06	5.187969925e-06	0
3.387016445e-06	5.187969925e-06	-10
3.387016445e-06	5.187969925e-06	-10
3.387016445e-06	5.187969925e-06	-10
3.387016445e-06	5.187969925e-06	-10
3.387016445e-06	5.187969925e-06	-10
3.387016445e-06	5.187969925e-06	-10
3.387016445e-06	5.187969925e-06	-10
3.387016445e-06	5.187969925e-06	-10
3.387016445e-06	5.187969925e-06	-10
3.387016445e-06	5.187969925e-06	-10
3.387016445e-06	5.187969925e-06	-10
3.387016445e-06	5.187969925e-06	-10
3.387016445e-06	5.187969925e-06	-10
3.387016445e-06	5.187969925e-06	-10
3.387016445e-06	5.187969925e-06	-10
3.387016445e-06	5.187969925e-06	-10
3.387016445e-06	5.187969925e-06	-10
3.387016445e-06	5.187969925e-06	-10
3.387016445e-06	5.187969925e-06	-10
3.387016445e-06	5.187969925e-06	-10
3.387016445e-06	5.187969925e-06	-10
3.387016445e-06	5.187969925e-06	-10
3.387016445e-06	5.187969925e-06	-10
3.387016445e-06	5.187969925e-06	-10
3.387016445e-06	5.187969925e-06	-10
3.387016445e-06	5.187969925e-06	0
3.405813438e-06	5.187969925e-06	0
3.42461043e-06	5.187969925e-06	0
3.443407423e-06	5.187969925e-06	0
3.462204415e-06	5.187969925e-06	0
3.462204415e-06	5.187969925e-06	-10
3.462204415e-06	5.187969925e-06	-10
3.462204415e-06	5.187969925e-06	-10
3.462204415e-06	5.187969925e-06	-10
3.462204415e-06	5.187969925e-06	-10
3.462204415e-06	5.187969925e-06	-10
3.462204415e-06	5.187969925e-06	-10
3.462204415e-06	5.187969925e-06	-10
3.462204415e-06	5.187969925e-06	-10
3.462204415e-06	5.187969925e-06	-10
3.462204415e-06	5.187969925e-06	-10
3.462204415e-06	5.187969925e-06	-10
3.462204415e-06	5.187969925e-06	-10
3.462204415e-06	5.187969925e-06	-10
3.462204415e-06	5.187969925e-06	-10
3.462204415e-06	5.187969925e-06	-10
3.462204415e-06	5.187969925e-06	-10
3.462204415e-06	5.187969925e-06	-10
3.462204415e-06	5.187969925e-06	-10
3.462204415e-06	5.187969925e-06	-10
3.462204415e-06	5.187969925e-06	-10
3.462204415e-06	5.187969925e-06	-10
3.462204415e-06	5.187969925e-06	-10
3.462204415e-06	5.187969925e-06	-10
3.462204415e-06	5.187969925e-06	-10
3.462204415e-06	5.187969925e-06	0
3.481001408e-06	5.187969925e-06	0
3.4997984e-06	5.187969925e-06	0
3.518595393e-06	5.187969925e-06	0
3.537392385e-06	5.187969925e-06	0
3.537392385e-06	5.187969925e-06	-10
3.537392385e-06	5.187969925e-06	-10
3.537392385e-06	5.187969925e-06	-10
3.537392385e-06	5.187969925e-06	-10
3.537392385e-06	5.187969925e-06	-10
3.537392385e-06	5.187969925e-06	-10
3.537392385e-06	5.187969925e-06	-10
3.537392385e-06	5.187969925e-06	-10
3.537392385e-06	5.187969925e-06	-10
3.537392385e-06	5.187969925e-06	-10
3.537392385e-06	5.187969925e-06	-10
3.537392385e-06	5.187969925e-06	-10
3.537392385e-06	5.187969925e-06	-10
3.537392385e-06	5.187969925e-06	-10
3.537392385e-06	5.187969925e-06	-10
3.537392385e-06	5.187969925e-06	-10
3.537392385e-06	5.187969925e-06	-10
3.537392385e-06	5.187969925e-06	-10
3.537392385e-06	5.187969925e-06	-10
3.537392385e-06	5.187969925e-06	-10
3.537392385e-06	5.187969925e-06	-10
3.537392385e-06	5.187969925e-06	-10
3.537392385e-06	5.187969925e-06	-10
3.537392385e-06	5.187969925e-06	-10
3.537392385e-06	5.187969925e-06	-10
3.537392385e-06	5.187969925e-06	0
3.556189378e-06	5.187969925e-06	0
3.57498637e-06	5.187969925e-06	0
3.593783363e-06	5.187969925e-06	0
3.612580355e-06	5.187969925e-06	0
3.612580355e-06	5.187969925e-06	-10
3.612580355e-06	5.187969925e-06	-10
3.612580355e-06	5.187969925e-06	-10
3.612580355e-06	5.187969925e-06	-10
3.612580355e-06	5.187969925e-06	-10
3.612580355e-06	5.187969925e-06	-10
3.612580355e-06	5.187969925e-06	-10
3.612580355e-06	5.187969925e-06	-10
3.612580355e-06	5.187969925e-06	-10
3.612580355e-06	5.187969925e-06	-10
3.612580355e-06	5.187969925e-06	-10
3.612580355e-06	5.187969925e-06	-10
3.612580355e-06	5.187969925e-06	-10
3.612580355e-06	5.187969925e-06	-10
3.612580355e-06	5.187969925e-06	-10
3.612580355e-06	5.187969925e-06	-10
3.612580355e-06	5.187969925e-06	-10
3.612580355e-06	5.187969925e-06	-10
3.612580355e-06	5.187969925e-06	-10
3.612580355e-06	5.187969925e-06	-10
3.612580355e-06	5.187969925e-06	-10
3.612580355e-06	5.187969925e-06	-10
3.612580355e-06	5.187969925e-06	-10
3.612580355e-06	5.187969925e-06	-10
3.612580355e-06	5.187969925e-06	-10
3.612580355e-06	5.187969925e-06	0
3.631377348e-06	5.187969925e-06	0
3.65017434e-06	5.187969925e-06	0
3.668971333e-06	5.187969925e-06	0
3.687768325e-06	5.187969925e-06	0
3.687768325e-06	5.187969925e-06	-10
3.687768325e-06	5.187969925e-06	-10
3.687768325e-06	5.187969925e-06	-10
3.687768325e-06	5.187969925e-06	-10
3.687768325e-06	5.187969925e-06	-10
3.687768325e-06	5.187969925e-06	-10
3.687768325e-06	5.187969925e-06	-10
3.687768325e-06	5.187969925e-06	-10
3.687768325e-06	5.187969925e-06	-10
3.687768325e-06	5.187969925e-06	-10
3.687768325e-06	5.187969925e-06	-10
3.687768325e-06	5.187969925e-06	-10
3.687768325e-06	5.187969925e-06	-10
3.687768325e-06	5.187969925e-06	-10
3.687768325e-06	5.187969925e-06	-10
3.687768325e-06	5.187969925e-06	-10
3.687768325e-06	5.187969925e-06	-10
3.687768325e-06	5.187969925e-06	-10
3.687768325e-06	5.187969925e-06	-10
3.687768325e-06	5.187969925e-06	-10
3.687768325e-06	5.187969925e-06	-10
3.687768325e-06	5.187969925e-06	-10
3.687768325e-06	5.187969925e-06	-10
3.687768325e-06	5.187969925e-06	-10
3.687768325e-06	5.187969925e-06	-10
3.687768325e-06	5.187969925e-06	0
3.706565318e-06	5.187969925e-06	0
3.72536231e-06	5.187969925e-06	0
3.744159303e-06	5.187969925e-06	0
3.762956295e-06	5.187969925e-06	0
3.762956295e-06	5.187969925e-06	-10
3.762956295e-06	5.187969925e-06	-10
3.762956295e-06	5.187969925e-06	-10
3.762956295e-06	5.187969925e-06	-10
3.762956295e-06	5.187969925e-06	-10
3.762956295e-06	5.187969925e-06	-10
3.762956295e-06	5.187969925e-06	-10
3.762956295e-06	5.187969925e-06	-10
3.762956295e-06	5.187969925e-06	-10
3.762956295e-06	5.187969925e-06	-10
3.762956295e-06	5.187969925e-06	-10
3.762956295e-06	5.187969925e-06	-10
3.762956295e-06	5.187969925e-06	-10
3.762956295e-06	5.187969925e-06	-10
3.762956295e-06	5.187969925e-06	-10
3.762956295e-06	5.187969925e-06	-10
3.762956295e-06	5.187969925e-06	-10
3.762956295e-06	5.187969925e-06	-10
3.762956295e-06	5.187969925e-06	-10
3.762956295e-06	5.187969925e-06	-10
3.762956295e-06	5.187969925e-06	-10
3.762956295e-06	5.187969925e-06	-10
3.762956295e-06	5.187969925e-06	-10
3.762956295e-06	5.187969925e-06	-10
3.762956295e-06	5.187969925e-06	-10
3.762956295e-06	5.187969925e-06	0
3.781753288e-06	5.187969925e-06	0
3.80055028e-06	5.187969925e-06	0
3.819347272e-06	5.187969925e-06	0
3.838144265e-06	5.187969925e-06	0
3.838144265e-06	5.187969925e-06	-10
3.838144265e-06	5.187969925e-06	-10
3.838144265e-06	5.187969925e-06	-10
3.838144265e-06	5.187969925e-06	-10
3.838144265e-06	5.187969925e-06	-10
3.838144265e-06	5.187969925e-06	-10
3.838144265e-06	5.187969925e-06	-10
3.838144265e-06	5.187969925e-06	-10
3.838144265e-06	5.187969925e-06	-10
3.838144265e-06	5.187969925e-06	-10
3.838144265e-06	5.187969925e-06	-10
3.838144265e-06	5.187969925e-06	-10
3.838144265e-06	5.187969925e-06	-10
3.838144265e-06	5.187969925e-06	-10
3.838144265e-06	5.187969925e-06	-10
3.838144265e-06	5.187969925e-06	-10
3.838144265e-06	5.187969925e-06	-10
3.838144265e-06	5.187969925e-06	-10
3.838144265e-06	5.187969925e-06	-10
3.838144265e-06	5.187969925e-06	-10
3.838144265e-06	5.187969925e-06	-10
3.838144265e-06	5.187969925e-06	-10
3.838144265e-06	5.187969925e-06	-10
3.838144265e-06	5.187969925e-06	-10
3.838144265e-06	5.187969925e-06	-10
3.838144265e-06	5.187969925e-06	0
3.856941257e-06	5.187969925e-06	0
3.87573825e-06	5.187969925e-06	0
3.894535242e-06	5.187969925e-06	0
3.913332235e-06	5.187969925e-06	0
3.913332235e-06	5.187969925e-06	-10
3.913332235e-06	5.187969925e-06	-10
3.913332235e-06	5.187969925e-06	-10
3.913332235e-06	5.187969925e-06	-10
3.913332235e-06	5.187969925e-06	-10
3.913332235e-06	5.187969925e-06	-10
3.913332235e-06	5.187969925e-06	-10
3.913332235e-06	5.187969925e-06	-10
3.913332235e-06	5.187969925e-06	-10
3.913332235e-06	5.187969925e-06	-10
3.913332235e-06	5.187969925e-06	-10
3.913332235e-06	5.187969925e-06	-10
3.913332235e-06	5.187969925e-06	-10
3.913332235e-06	5.187969925e-06	-10
3.913332235e-06	5.187969925e-06	-10
3.913332235e-06	5.187969925e-06	-10
3.913332235e-06	5.187969925e-06	-10
3.913332235e-06	5.187969925e-06	-10
3.913332235e-06	5.187969925e-06	-10
3.913332235e-06	5.187969925e-06	-10
3.913332235e-06	5.187969925e-06	-10
3.913332235e-06	5.187969925e-06	-10
3.913332235e-06	5.187969925e-06	-10
3.913332235e-06	5.187969925e-06	-10
3.913332235e-06	5.187969925e-06	-10
3.913332235e-06	5.187969925e-06	0
3.932129227e-06	5.187969925e-06	0
3.95092622e-06	5.187969925e-06	0
3.969723212e-06	5.187969925e-06	0
3.988520205e-06	5.187969925e-06	0
3.988520205e-06	5.187969925e-06	-10
3.988520205e-06	5.187969925e-06	-10
3.988520205e-06	5.187969925e-06	-10
3.988520205e-06	5.187969925e-06	-10
3.988520205e-06	5.187969925e-06	-10
3.988520205e-06	5.187969925e-06	-10
3.988520205e-06	5.187969925e-06	-10
3.988520205e-06	5.187969925e-06	-10
3.988520205e-06	5.187969925e-06	-10
3.988520205e-06	5.187969925e-06	-10
3.988520205e-06	5.187969925e-06	-10
3.988520205e-06	5.187969925e-06	-10
3.988520205e-06	5.187969925e-06	-10
3.988520205e-06	5.187969925e-06	-10
3.988520205e-06	5.187969925e-06	-10
3.988520205e-06	5.187969925e-06	-10
3.988520205e-06	5.187969925e-06	-10
3.988520205e-06	5.187969925e-06	-10
3.988520205e-06	5.187969925e-06	-10
3.988520205e-06	5.187969925e-06	-10
3.988520205e-06	5.187969925e-06	-10
3.988520205e-06	5.187969925e-06	-10
3.988520205e-06	5.187969925e-06	-10
3.988520205e-06	5.187969925e-06	-10
3.988520205e-06	5.187969925e-06	-10
3.988520205e-06	5.187969925e-06	0
4.007317197e-06	5.187969925e-06	0
4.02611419e-06	5.187969925e-06	0
4.044911182e-06	5.187969925e-06	0
4.063708175e-06	5.187969925e-06	0
4.063708175e-06	5.187969925e-06	-10
4.063708175e-06	5.187969925e-06	-10
4.063708175e-06	5.187969925e-06	-10
4.063708175e-06	5.187969925e-06	-10
4.063708175e-06	5.187969925e-06	-10
4.063708175e-06	5.187969925e-06	-10
4.063708175e-06	5.187969925e-06	-10
4.063708175e-06	5.187969925e-06	-10
4.063708175e-06	5.187969925e-06	-10
4.063708175e-06	5.187969925e-06	-10
4.063708175e-06	5.187969925e-06	-10
4.063708175e-06	5.187969925e-06	-10
4.063708175e-06	5.187969925e-06	-10
4.063708175e-06	5.187969925e-06	-10
4.063708175e-06	5.187969925e-06	-10
4.063708175e-06	5.187969925e-06	-10
4.063708175e-06	5.187969925e-06	-10
4.063708175e-06	5.187969925e-06	-10
4.063708175e-06	5.187969925e-06	-10
4.063708175e-06	5.187969925e-06	-10
4.063708175e-06	5.187969925e-06	-10
4.063708175e-06	5.187969925e-06	-10
4.063708175e-06	5.187969925e-06	-10
4.063708175e-06	5.187969925e-06	-10
4.063708175e-06	5.187969925e-06	-10
4.063708175e-06	5.187969925e-06	0
4.063708175e-06	5.206766917e-06	0
4.063708175e-06	5.22556391e-06	0
4.063708175e-06	5.244360902e-06	0
4.063708175e-06	5.263157895e-06	0
4.063708175e-06	5.263157895e-06	-10
4.063708175e-06	5.263157895e-06	-10
4.063708175e-06	5.263157895e-06	-10
4.063708175e-06	5.263157895e-06	-10
4.063708175e-06	5.263157895e-06	-10
4.063708175e-06	5.263157895e-06	-10
4.063708175e-06	5.263157895e-06	-10
4.063708175e-06	5.263157895e-06	-10
4.063708175e-06	5.263157895e-06	-10
4.063708175e-06	5.263157895e-06	-10
4.063708175e-06	5.263157895e-06	-10
4.063708175e-06	5.263157895e-06	-10
4.063708175e-06	5.263157895e-06	-10
4.063708175e-06	5.263157895e-06	-10
4.063708175e-06	5.263157895e-06	-10
4.063708175e-06	5.263157895e-06	-10
4.063708175e-06	5.263157895e-06	-10
4.063708175e-06	5.263157895e-06	-10
4.063708175e-06	5.263157895e-06	-10
4.063708175e-06	5.263157895e-06	-10
4.063708175e-06	5.263157895e-06	-10
4.063708175e-06	5.263157895e-06	-10
4.063708175e-06	5.263157895e-06	-10
4.063708175e-06	5.263157895e-06	-10
4.063708175e-06	5.263157895e-06	-10
4.063708175e-06	5.263157895e-06	0
4.044911182e-06	5.263157895e-06	0
4.02611419e-06	5.263157895e-06	0
4.007317197e-06	5.263157895e-06	0
3.988520205e-06	5.263157895e-06	0
3.988520205e-06	5.263157895e-06	-10
3.988520205e-06	5.263157895e-06	-10
3.988520205e-06	5.263157895e-06	-10
3.988520205e-06	5.263157895e-06	-10
3.988520205e-06	5.263157895e-06	-10
3.988520205e-06	5.263157895e-06	-10
3.988520205e-06	5.263157895e-06	-10
3.988520205e-06	5.263157895e-06	-10
3.988520205e-06	5.263157895e-06	-10
3.988520205e-06	5.263157895e-06	-10
3.988520205e-06	5.263157895e-06	-10
3.988520205e-06	5.263157895e-06	-10
3.988520205e-06	5.263157895e-06	-10
3.988520205e-06	5.263157895e-06	-10
3.988520205e-06	5.263157895e-06	-10
3.988520205e-06	5.263157895e-06	-10
3.988520205e-06	5.263157895e-06	-10
3.988520205e-06	5.263157895e-06	-10
3.988520205e-06	5.263157895e-06	-10
3.988520205e-06	5.263157895e-06	-10
3.988520205e-06	5.263157895e-06	-10
3.988520205e-06	5.263157895e-06	-10
3.988520205e-06	5.263157895e-06	-10
3.988520205e-06	5.263157895e-06	-10
3.988520205e-06	5.263157895e-06	-10
3.988520205e-06	5.263157895e-06	0
3.969723212e-06	5.263157895e-06	0
3.95092622e-06	5.263157895e-06	0
3.932129227e-06	5.263157895e-06	0
3.913332235e-06	5.263157895e-06	0
3.913332235e-06	5.263157895e-06	-10
3.913332235e-06	5.263157895e-06	-10
3.913332235e-06	5.263157895e-06	-10
3.913332235e-06	5.263157895e-06	-10
3.913332235e-06	5.263157895e-06	-10
3.913332235e-06	5.263157895e-06	-10
3.913332235e-06	5.263157895e-06	-10
3.913332235e-06	5.263157895e-06	-10
3.913332235e-06	5.263157895e-06	-10
3.913332235e-06	5.263157895e-06	-10
3.913332235e-06	5.263157895e-06	-10
3.913332235e-06	5.263157895e-06	-10
3.913332235e-06	5.263157895e-06	-10
3.913332235e-06	5.263157895e-06	-10
3.913332235e-06	5.263157895e-06	-10
3.913332235e-06	5.263157895e-06	-10
3.913332235e-06	5.263157895e-06	-10
3.913332235e-06	5.263157895e-06	-10
3.913332235e-06	5.263157895e-06	-10
3.913332235e-06	5.263157895e-06	-10
3.913332235e-06	5.263157895e-06	-10
3.913332235e-06	5.263157895e-06	-10
3.913332235e-06	5.263157895e-06	-10
3.913332235e-06	5.263157895e-06	-10
3.913332235e-06	5.263157895e-06	-10
3.913332235e-06	5.263157895e-06	0
3.894535242e-06	5.263157895e-06	0
3.87573825e-06	5.263157895e-06	0
3.856941257e-06	5.263157895e-06	0
3.838144265e-06	5.263157895e-06	0
3.838144265e-06	5.263157895e-06	-10
3.838144265e-06	5.263157895e-06	-10
3.838144265e-06	5.263157895e-06	-10
3.838144265e-06	5.263157895e-06	-10
3.838144265e-06	5.263157895e-06	-10
3.838144265e-06	5.263157895e-06	-10
3.838144265e-06	5.263157895e-06	-10
3.838144265e-06	5.263157895e-06	-10
3.838144265e-06	5.263157895e-06	-10
3.838144265e-06	5.263157895e-06	-10
3.838144265e-06	5.263157895e-06	-10
3.838144265e-06	5.263157895e-06	-10
3.838144265e-06	5.263157895e-06	-10
3.838144265e-06	5.263157895e-06	-10
3.838144265e-06	5.263157895e-06	-10
3.838144265e-06	5.263157895e-06	-10
3.838144265e-06	5.263157895e-06	-10
3.838144265e-06	5.263157895e-06	-10
3.838144265e-06	5.263157895e-06	-10
3.838144265e-06	5.263157895e-06	-10
3.838144265e-06	5.263157895e-06	-10
3.838144265e-06	5.263157895e-06	-10
3.838144265e-06	5.263157895e-06	-10
3.838144265e-06	5.263157895e-06	-10
3.838144265e-06	5.263157895e-06	-10
3.838144265e-06	5.263157895e-06	0
3.819347272e-06	5.263157895e-06	0
3.80055028e-06	5.263157895e-06	0
3.781753288e-06	5.263157895e-06	0
3.762956295e-06	5.263157895e-06	0
3.762956295e-06	5.263157895e-06	-10
3.762956295e-06	5.263157895e-06	-10
3.762956295e-06	5.263157895e-06	-10
3.762956295e-06	5.263157895e-06	-10
3.762956295e-06	5.263157895e-06	-10
3.762956295e-06	5.263157895e-06	-10
3.762956295e-06	5.263157895e-06	-10
3.762956295e-06	5.263157895e-06	-10
3.762956295e-06	5.263157895e-06	-10
3.762956295e-06	5.263157895e-06	-10
3.762956295e-06	5.263157895e-06	-10
3.762956295e-06	5.263157895e-06	-10
3.762956295e-06	5.263157895e-06	-10
3.762956295e-06	5.263157895e-06	-10
3.762956295e-06	5.263157895e-06	-10
3.762956295e-06	5.263157895e-06	-10
3.762956295e-06	5.263157895e-06	-10
3.762956295e-06	5.263157895e-06	-10
3.762956295e-06	5.263157895e-06	-10
3.762956295e-06	5.263157895e-06	-10
3.762956295e-06	5.263157895e-06	-10
3.762956295e-06	5.263157895e-06	-10
3.762956295e-06	5.263157895e-06	-10
3.762956295e-06	5.263157895e-06	-10
3.762956295e-06	5.263157895e-06	-10
3.762956295e-06	5.263157895e-06	0
3.744159303e-06	5.263157895e-06	0
3.72536231e-06	5.263157895e-06	0
3.706565318e-06	5.263157895e-06	0
3.687768325e-06	5.263157895e-06	0
3.687768325e-06	5.263157895e-06	-10
3.687768325e-06	5.263157895e-06	-10
3.687768325e-06	5.263157895e-06	-10
3.687768325e-06	5.263157895e-06	-10
3.687768325e-06	5.263157895e-06	-10
3.687768325e-06	5.263157895e-06	-10
3.687768325e-06	5.263157895e-06	-10
3.687768325e-06	5.263157895e-06	-10
3.687768325e-06	5.263157895e-06	-10
3.687768325e-06	5.263157895e-06	-10
3.687768325e-06	5.263157895e-06	-10
3.687768325e-06	5.263157895e-06	-10
3.687768325e-06	5.263157895e-06	-10
3.687768325e-06	5.263157895e-06	-10
3.687768325e-06	5.263157895e-06	-10
3.687768325e-06	5.263157895e-06	-10
3.687768325e-06	5.263157895e-06	-10
3.687768325e-06	5.263157895e-06	-10
3.687768325e-06	5.263157895e-06	-10
3.687768325e-06	5.263157895e-06	-10
3.687768325e-06	5.263157895e-06	-10
3.687768325e-06	5.263157895e-06	-10
3.687768325e-06	5.263157895e-06	-10
3.687768325e-06	5.263157895e-06	-10
3.687768325e-06	5.263157895e-06	-10
3.687768325e-06	5.263157895e-06	0
3.668971333e-06	5.263157895e-06	0
3.65017434e-06	5.263157895e-06	0
3.631377348e-06	5.263157895e-06	0
3.612580355e-06	5.263157895e-06	0
3.612580355e-06	5.263157895e-06	-10
3.612580355e-06	5.263157895e-06	-10
3.612580355e-06	5.263157895e-06	-10
3.612580355e-06	5.263157895e-06	-10
3.612580355e-06	5.263157895e-06	-10
3.612580355e-06	5.263157895e-06	-10
3.612580355e-06	5.263157895e-06	-10
3.612580355e-06	5.263157895e-06	-10
3.612580355e-06	5.263157895e-06	-10
3.612580355e-06	5.263157895e-06	-10
3.612580355e-06	5.263157895e-06	-10
3.612580355e-06	5.263157895e-06	-10
3.612580355e-06	5.263157895e-06	-10
3.612580355e-06	5.263157895e-06	-10
3.612580355e-06	5.263157895e-06	-10
3.612580355e-06	5.263157895e-06	-10
3.612580355e-06	5.263157895e-06	-10
3.612580355e-06	5.263157895e-06	-10
3.612580355e-06	5.263157895e-06	-10
3.612580355e-06	5.263157895e-06	-10
3.612580355e-06	5.263157895e-06	-10
3.612580355e-06	5.263157895e-06	-10
3.612580355e-06	5.263157895e-06	-10
3.612580355e-06	5.263157895e-06	-10
3.612580355e-06	5.263157895e-06	-10
3.612580355e-06	5.263157895e-06	0
3.593783363e-06	5.263157895e-06	0
3.57498637e-06	5.263157895e-06	0
3.556189378e-06	5.263157895e-06	0
3.537392385e-06	5.263157895e-06	0
3.537392385e-06	5.263157895e-06	-10
3.537392385e-06	5.263157895e-06	-10
3.537392385e-06	5.263157895e-06	-10
3.537392385e-06	5.263157895e-06	-10
3.537392385e-06	5.263157895e-06	-10
3.537392385e-06	5.263157895e-06	-10
3.537392385e-06	5.263157895e-06	-10
3.537392385e-06	5.263157895e-06	-10
3.537392385e-06	5.263157895e-06	-10
3.537392385e-06	5.263157895e-06	-10
3.537392385e-06	5.263157895e-06	-10
3.537392385e-06	5.263157895e-06	-10
3.537392385e-06	5.263157895e-06	-10
3.537392385e-06	5.263157895e-06	-10
3.537392385e-06	5.263157895e-06	-10
3.537392385e-06	5.263157895e-06	-10
3.537392385e-06	5.263157895e-06	-10
3.537392385e-06	5.263157895e-06	-10
3.537392385e-06	5.263157895e-06	-10
3.537392385e-06	5.263157895e-06	-10
3.537392385e-06	5.263157895e-06	-10
3.537392385e-06	5.263157895e-06	-10
3.537392385e-06	5.263157895e-06	-10
3.537392385e-06	5.263157895e-06	-10
3.537392385e-06	5.263157895e-06	-10
3.537392385e-06	5.263157895e-06	0
3.518595393e-06	5.263157895e-06	0
3.4997984e-06	5.263157895e-06	0
3.481001408e-06	5.263157895e-06	0
3.462204415e-06	5.263157895e-06	0
3.462204415e-06	5.263157895e-06	-10
3.462204415e-06	5.263157895e-06	-10
3.462204415e-06	5.263157895e-06	-10
3.462204415e-06	5.263157895e-06	-10
3.462204415e-06	5.263157895e-06	-10
3.462204415e-06	5.263157895e-06	-10
3.462204415e-06	5.263157895e-06	-10
3.462204415e-06	5.263157895e-06	-10
3.462204415e-06	5.263157895e-06	-10
3.462204415e-06	5.263157895e-06	-10
3.462204415e-06	5.263157895e-06	-10
3.462204415e-06	5.263157895e-06	-10
3.462204415e-06	5.263157895e-06	-10
3.462204415e-06	5.263157895e-06	-10
3.462204415e-06	5.263157895e-06	-10
3.462204415e-06	5.263157895e-06	-10
3.462204415e-06	5.263157895e-06	-10
3.462204415e-06	5.263157895e-06	-10
3.462204415e-06	5.263157895e-06	-10
3.462204415e-06	5.263157895e-06	-10
3.462204415e-06	5.263157895e-06	-10
3.462204415e-06	5.263157895e-06	-10
3.462204415e-06	5.263157895e-06	-10
3.462204415e-06	5.263157895e-06	-10
3.462204415e-06	5.263157895e-06	-10
3.462204415e-06	5.263157895e-06	0
3.443407423e-06	5.263157895e-06	0
3.42461043e-06	5.263157895e-06	0
3.405813438e-06	5.263157895e-06	0
3.387016445e-06	5.263157895e-06	0
3.387016445e-06	5.263157895e-06	-10
3.387016445e-06	5.263157895e-06	-10
3.387016445e-06	5.263157895e-06	-10
3.387016445e-06	5.263157895e-06	-10
3.387016445e-06	5.263157895e-06	-10
3.387016445e-06	5.263157895e-06	-10
3.387016445e-06	5.263157895e-06	-10
3.387016445e-06	5.263157895e-06	-10
3.387016445e-06	5.263157895e-06	-10
3.387016445e-06	5.263157895e-06	-10
3.387016445e-06	5.263157895e-06	-10
3.387016445e-06	5.263157895e-06	-10
3.387016445e-06	5.263157895e-06	-10
3.387016445e-06	5.263157895e-06	-10
3.387016445e-06	5.263157895e-06	-10
3.387016445e-06	5.263157895e-06	-10
3.387016445e-06	5.263157895e-06	-10
3.387016445e-06	5.263157895e-06	-10
3.387016445e-06	5.263157895e-06	-10
3.387016445e-06	5.263157895e-06	-10
3.387016445e-06	5.263157895e-06	-10
3.387016445e-06	5.263157895e-06	-10
3.387016445e-06	5.263157895e-06	-10
3.387016445e-06	5.263157895e-06	-10
3.387016445e-06	5.263157895e-06	-10
3.387016445e-06	5.263157895e-06	0
3.368219453e-06	5.263157895e-06	0
3.34942246e-06	5.263157895e-06	0
3.330625468e-06	5.263157895e-06	0
3.311828475e-06	5.263157895e-06	0
3.311828475e-06	5.263157895e-06	-10
3.311828475e-06	5.263157895e-06	-10
3.311828475e-06	5.263157895e-06	-10
3.311828475e-06	5.263157895e-06	-10
3.311828475e-06	5.263157895e-06	-10
3.311828475e-06	5.263157895e-06	-10
3.311828475e-06	5.263157895e-06	-10
3.311828475e-06	5.263157895e-06	-10
3.311828475e-06	5.263157895e-06	-10
3.311828475e-06	5.263157895e-06	-10
3.311828475e-06	5.263157895e-06	-10
3.311828475e-06	5.263157895e-06	-10
3.311828475e-06	5.263157895e-06	-10
3.311828475e-06	5.263157895e-06	-10
3.311828475e-06	5.263157895e-06	-10
3.311828475e-06	5.263157895e-06	-10
3.311828475e-06	5.263157895e-06	-10
3.311828475e-06	5.263157895e-06	-10
3.311828475e-06	5.263157895e-06	-10
3.311828475e-06	5.263157895e-06	-10
3.311828475e-06	5.263157895e-06	-10
3.311828475e-06	5.263157895e-06	-10
3.311828475e-06	5.263157895e-06	-10
3.311828475e-06	5.263157895e-06	-10
3.311828475e-06	5.263157895e-06	-10
3.311828475e-06	5.263157895e-06	0
3.293031483e-06	5.263157895e-06	0
3.274234491e-06	5.263157895e-06	0
3.255437498e-06	5.263157895e-06	0
3.236640506e-06	5.263157895e-06	0
3.236640506e-06	5.263157895e-06	-10
3.236640506e-06	5.263157895e-06	-10
3.236640506e-06	5.263157895e-06	-10
3.236640506e-06	5.263157895e-06	-10
3.236640506e-06	5.263157895e-06	-10
3.236640506e-06	5.263157895e-06	-10
3.236640506e-06	5.263157895e-06	-10
3.236640506e-06	5.263157895e-06	-10
3.236640506e-06	5.263157895e-06	-10
3.236640506e-06	5.263157895e-06	-10
3.236640506e-06	5.263157895e-06	-10
3.236640506e-06	5.263157895e-06	-10
3.236640506e-06	5.263157895e-06	-10
3.236640506e-06	5.263157895e-06	-10
3.236640506e-06	5.263157895e-06	-10
3.236640506e-06	5.263157895e-06	-10
3.236640506e-06	5.263157895e-06	-10
3.236640506e-06	5.263157895e-06	-10
3.236640506e-06	5.263157895e-06	-10
3.236640506e-06	5.263157895e-06	-10
3.236640506e-06	5.263157895e-06	-10
3.236640506e-06	5.263157895e-06	-10
3.236640506e-06	5.263157895e-06	-10
3.236640506e-06	5.263157895e-06	-10
3.236640506e-06	5.263157895e-06	-10
3.236640506e-06	5.263157895e-06	0
3.217843513e-06	5.263157895e-06	0
3.199046521e-06	5.263157895e-06	0
3.180249528e-06	5.263157895e-06	0
3.161452536e-06	5.263157895e-06	0
3.161452536e-06	5.263157895e-06	-10
3.161452536e-06	5.263157895e-06	-10
3.161452536e-06	5.263157895e-06	-10
3.161452536e-06	5.263157895e-06	-10
3.161452536e-06	5.263157895e-06	-10
3.161452536e-06	5.263157895e-06	-10
3.161452536e-06	5.263157895e-06	-10
3.161452536e-06	5.263157895e-06	-10
3.161452536e-06	5.263157895e-06	-10
3.161452536e-06	5.263157895e-06	-10
3.161452536e-06	5.263157895e-06	-10
3.161452536e-06	5.263157895e-06	-10
3.161452536e-06	5.263157895e-06	-10
3.161452536e-06	5.263157895e-06	-10
3.161452536e-06	5.263157895e-06	-10
3.161452536e-06	5.263157895e-06	-10
3.161452536e-06	5.263157895e-06	-10
3.161452536e-06	5.263157895e-06	-10
3.161452536e-06	5.263157895e-06	-10
3.161452536e-06	5.263157895e-06	-10
3.161452536e-06	5.263157895e-06	-10
3.161452536e-06	5.263157895e-06	-10
3.161452536e-06	5.263157895e-06	-10
3.161452536e-06	5.263157895e-06	-10
3.161452536e-06	5.263157895e-06	-10
3.161452536e-06	5.263157895e-06	0
3.142655543e-06	5.263157895e-06	0
3.123858551e-06	5.263157895e-06	0
3.105061558e-06	5.263157895e-06	0
3.086264566e-06	5.263157895e-06	0
3.086264566e-06	5.263157895e-06	-10
3.086264566e-06	5.263157895e-06	-10
3.086264566e-06	5.263157895e-06	-10
3.086264566e-06	5.263157895e-06	-10
3.086264566e-06	5.263157895e-06	-10
3.086264566e-06	5.263157895e-06	-10
3.086264566e-06	5.263157895e-06	-10
3.086264566e-06	5.263157895e-06	-10
3.086264566e-06	5.263157895e-06	-10
3.086264566e-06	5.263157895e-06	-10
3.086264566e-06	5.263157895e-06	-10
3.086264566e-06	5.263157895e-06	-10
3.086264566e-06	5.263157895e-06	-10
3.086264566e-06	5.263157895e-06	-10
3.086264566e-06	5.263157895e-06	-10
3.086264566e-06	5.263157895e-06	-10
3.086264566e-06	5.263157895e-06	-10
3.086264566e-06	5.263157895e-06	-10
3.086264566e-06	5.263157895e-06	-10
3.086264566e-06	5.263157895e-06	-10
3.086264566e-06	5.263157895e-06	-10
3.086264566e-06	5.263157895e-06	-10
3.086264566e-06	5.263157895e-06	-10
3.086264566e-06	5.263157895e-06	-10
3.086264566e-06	5.263157895e-06	-10
3.086264566e-06	5.263157895e-06	0
3.067467573e-06	5.263157895e-06	0
3.048670581e-06	5.263157895e-06	0
3.029873588e-06	5.263157895e-06	0
3.011076596e-06	5.263157895e-06	0
3.011076596e-06	5.263157895e-06	-10
3.011076596e-06	5.263157895e-06	-10
3.011076596e-06	5.263157895e-06	-10
3.011076596e-06	5.263157895e-06	-10
3.011076596e-06	5.263157895e-06	-10
3.011076596e-06	5.263157895e-06	-10
3.011076596e-06	5.263157895e-06	-10
3.011076596e-06	5.263157895e-06	-10
3.011076596e-06	5.263157895e-06	-10
3.011076596e-06	5.263157895e-06	-10
3.011076596e-06	5.263157895e-06	-10
3.011076596e-06	5.263157895e-06	-10
3.011076596e-06	5.263157895e-06	-10
3.011076596e-06	5.263157895e-06	-10
3.011076596e-06	5.263157895e-06	-10
3.011076596e-06	5.263157895e-06	-10
3.011076596e-06	5.263157895e-06	-10
3.011076596e-06	5.263157895e-06	-10
3.011076596e-06	5.263157895e-06	-10
3.011076596e-06	5.263157895e-06	-10
3.011076596e-06	5.263157895e-06	-10
3.011076596e-06	5.263157895e-06	-10
3.011076596e-06	5.263157895e-06	-10
3.011076596e-06	5.263157895e-06	-10
3.011076596e-06	5.263157895e-06	-10
3.011076596e-06	5.263157895e-06	0
2.992279603e-06	5.263157895e-06	0
2.973482611e-06	5.263157895e-06	0
2.954685618e-06	5.263157895e-06	0
2.935888626e-06	5.263157895e-06	0
2.935888626e-06	5.263157895e-06	-10
2.935888626e-06	5.263157895e-06	-10
2.935888626e-06	5.263157895e-06	-10
2.935888626e-06	5.263157895e-06	-10
2.935888626e-06	5.263157895e-06	-10
2.935888626e-06	5.263157895e-06	-10
2.935888626e-06	5.263157895e-06	-10
2.935888626e-06	5.263157895e-06	-10
2.935888626e-06	5.263157895e-06	-10
2.935888626e-06	5.263157895e-06	-10
2.935888626e-06	5.263157895e-06	-10
2.935888626e-06	5.263157895e-06	-10
2.935888626e-06	5.263157895e-06	-10
2.935888626e-06	5.263157895e-06	-10
2.935888626e-06	5.263157895e-06	-10
2.935888626e-06	5.263157895e-06	-10
2.935888626e-06	5.263157895e-06	-10
2.935888626e-06	5.263157895e-06	-10
2.935888626e-06	5.263157895e-06	-10
2.935888626e-06	5.263157895e-06	-10
2.935888626e-06	5.263157895e-06	-10
2.935888626e-06	5.263157895e-06	-10
2.935888626e-06	5.263157895e-06	-10
2.935888626e-06	5.263157895e-06	-10
2.935888626e-06	5.263157895e-06	-10
2.935888626e-06	5.263157895e-06	0
2.917091633e-06	5.263157895e-06	0
2.898294641e-06	5.263157895e-06	0
2.879497648e-06	5.263157895e-06	0
2.860700656e-06	5.263157895e-06	0
2.860700656e-06	5.263157895e-06	-10
2.860700656e-06	5.263157895e-06	-10
2.860700656e-06	5.263157895e-06	-10
2.860700656e-06	5.263157895e-06	-10
2.860700656e-06	5.263157895e-06	-10
2.860700656e-06	5.263157895e-06	-10
2.860700656e-06	5.263157895e-06	-10
2.860700656e-06	5.263157895e-06	-10
2.860700656e-06	5.263157895e-06	-10
2.860700656e-06	5.263157895e-06	-10
2.860700656e-06	5.263157895e-06	-10
2.860700656e-06	5.263157895e-06	-10
2.860700656e-06	5.263157895e-06	-10
2.860700656e-06	5.263157895e-06	-10
2.860700656e-06	5.263157895e-06	-10
2.860700656e-06	5.263157895e-06	-10
2.860700656e-06	5.263157895e-06	-10
2.860700656e-06	5.263157895e-06	-10
2.860700656e-06	5.263157895e-06	-10
2.860700656e-06	5.263157895e-06	-10
2.860700656e-06	5.263157895e-06	-10
2.860700656e-06	5.263157895e-06	-10
2.860700656e-06	5.263157895e-06	-10
2.860700656e-06	5.263157895e-06	-10
2.860700656e-06	5.263157895e-06	-10
2.860700656e-06	5.263157895e-06	0
2.841903663e-06	5.263157895e-06	0
2.823106671e-06	5.263157895e-06	0
2.804309678e-06	5.263157895e-06	0
2.785512686e-06	5.263157895e-06	0
2.785512686e-06	5.263157895e-06	-10
2.785512686e-06	5.263157895e-06	-10
2.785512686e-06	5.263157895e-06	-10
2.785512686e-06	5.263157895e-06	-10
2.785512686e-06	5.263157895e-06	-10
2.785512686e-06	5.263157895e-06	-10
2.785512686e-06	5.263157895e-06	-10
2.785512686e-06	5.263157895e-06	-10
2.785512686e-06	5.263157895e-06	-10
2.785512686e-06	5.263157895e-06	-10
2.785512686e-06	5.263157895e-06	-10
2.785512686e-06	5.263157895e-06	-10
2.785512686e-06	5.263157895e-06	-10
2.785512686e-06	5.263157895e-06	-10
2.785512686e-06	5.263157895e-06	-10
2.785512686e-06	5.263157895e-06	-10
2.785512686e-06	5.263157895e-06	-10
2.785512686e-06	5.263157895e-06	-10
2.785512686e-06	5.263157895e-06	-10
2.785512686e-06	5.263157895e-06	-10
2.785512686e-06	5.263157895e-06	-10
2.785512686e-06	5.263157895e-06	-10
2.785512686e-06	5.263157895e-06	-10
2.785512686e-06	5.263157895e-06	-10
2.785512686e-06	5.263157895e-06	-10
2.785512686e-06	5.263157895e-06	0
2.766715694e-06	5.263157895e-06	0
2.747918701e-06	5.263157895e-06	0
2.729121709e-06	5.263157895e-06	0
2.710324716e-06	5.263157895e-06	0
2.710324716e-06	5.263157895e-06	-10
2.710324716e-06	5.263157895e-06	-10
2.710324716e-06	5.263157895e-06	-10
2.710324716e-06	5.263157895e-06	-10
2.710324716e-06	5.263157895e-06	-10
2.710324716e-06	5.263157895e-06	-10
2.710324716e-06	5.263157895e-06	-10
2.710324716e-06	5.263157895e-06	-10
2.710324716e-06	5.263157895e-06	-10
2.710324716e-06	5.263157895e-06	-10
2.710324716e-06	5.263157895e-06	-10
2.710324716e-06	5.263157895e-06	-10
2.710324716e-06	5.263157895e-06	-10
2.710324716e-06	5.263157895e-06	-10
2.710324716e-06	5.263157895e-06	-10
2.710324716e-06	5.263157895e-06	-10
2.710324716e-06	5.263157895e-06	-10
2.710324716e-06	5.263157895e-06	-10
2.710324716e-06	5.263157895e-06	-10
2.710324716e-06	5.263157895e-06	-10
2.710324716e-06	5.263157895e-06	-10
2.710324716e-06	5.263157895e-06	-10
2.710324716e-06	5.263157895e-06	-10
2.710324716e-06	5.263157895e-06	-10
2.710324716e-06	5.263157895e-06	-10
2.710324716e-06	5.263157895e-06	0
2.691527724e-06	5.263157895e-06	0
2.672730731e-06	5.263157895e-06	0
2.653933739e-06	5.263157895e-06	0
2.635136746e-06	5.263157895e-06	0
2.635136746e-06	5.263157895e-06	-10
2.635136746e-06	5.263157895e-06	-10
2.635136746e-06	5.263157895e-06	-10
2.635136746e-06	5.263157895e-06	-10
2.635136746e-06	5.263157895e-06	-10
2.635136746e-06	5.263157895e-06	-10
2.635136746e-06	5.263157895e-06	-10
2.635136746e-06	5.263157895e-06	-10
2.635136746e-06	5.263157895e-06	-10
2.635136746e-06	5.263157895e-06	-10
2.635136746e-06	5.263157895e-06	-10
2.635136746e-06	5.263157895e-06	-10
2.635136746e-06	5.263157895e-06	-10
2.635136746e-06	5.263157895e-06	-10
2.635136746e-06	5.263157895e-06	-10
2.635136746e-06	5.263157895e-06	-10
2.635136746e-06	5.263157895e-06	-10
2.635136746e-06	5.263157895e-06	-10
2.635136746e-06	5.263157895e-06	-10
2.635136746e-06	5.263157895e-06	-10
2.635136746e-06	5.263157895e-06	-10
2.635136746e-06	5.263157895e-06	-10
2.635136746e-06	5.263157895e-06	-10
2.635136746e-06	5.263157895e-06	-10
2.635136746e-06	5.263157895e-06	-10
2.635136746e-06	5.263157895e-06	0
2.616339754e-06	5.263157895e-06	0
2.597542761e-06	5.263157895e-06	0
2.578745769e-06	5.263157895e-06	0
2.559948776e-06	5.263157895e-06	0
2.559948776e-06	5.263157895e-06	-10
2.559948776e-06	5.263157895e-06	-10
2.559948776e-06	5.263157895e-06	-10
2.559948776e-06	5.263157895e-06	-10
2.559948776e-06	5.263157895e-06	-10
2.559948776e-06	5.263157895e-06	-10
2.559948776e-06	5.263157895e-06	-10
2.559948776e-06	5.263157895e-06	-10
2.559948776e-06	5.263157895e-06	-10
2.559948776e-06	5.263157895e-06	-10
2.559948776e-06	5.263157895e-06	-10
2.559948776e-06	5.263157895e-06	-10
2.559948776e-06	5.263157895e-06	-10
2.559948776e-06	5.263157895e-06	-10
2.559948776e-06	5.263157895e-06	-10
2.559948776e-06	5.263157895e-06	-10
2.559948776e-06	5.263157895e-06	-10
2.559948776e-06	5.263157895e-06	-10
2.559948776e-06	5.263157895e-06	-10
2.559948776e-06	5.263157895e-06	-10
2.559948776e-06	5.263157895e-06	-10
2.559948776e-06	5.263157895e-06	-10
2.559948776e-06	5.263157895e-06	-10
2.559948776e-06	5.263157895e-06	-10
2.559948776e-06	5.263157895e-06	-10
2.559948776e-06	5.263157895e-06	0
2.541151784e-06	5.263157895e-06	0
2.522354791e-06	5.263157895e-06	0
2.503557799e-06	5.263157895e-06	0
2.484760806e-06	5.263157895e-06	0
2.484760806e-06	5.263157895e-06	-10
2.484760806e-06	5.263157895e-06	-10
2.484760806e-06	5.263157895e-06	-10
2.484760806e-06	5.263157895e-06	-10
2.484760806e-06	5.263157895e-06	-10
2.484760806e-06	5.263157895e-06	-10
2.484760806e-06	5.263157895e-06	-10
2.484760806e-06	5.263157895e-06	-10
2.484760806e-06	5.263157895e-06	-10
2.484760806e-06	5.263157895e-06	-10
2.484760806e-06	5.263157895e-06	-10
2.484760806e-06	5.263157895e-06	-10
2.484760806e-06	5.263157895e-06	-10
2.484760806e-06	5.263157895e-06	-10
2.484760806e-06	5.263157895e-06	-10
2.484760806e-06	5.263157895e-06	-10
2.484760806e-06	5.263157895e-06	-10
2.484760806e-06	5.263157895e-06	-10
2.484760806e-06	5.263157895e-06	-10
2.484760806e-06	5.263157895e-06	-10
2.484760806e-06	5.263157895e-06	-10
2.484760806e-06	5.263157895e-06	-10
2.484760806e-06	5.263157895e-06	-10
2.484760806e-06	5.263157895e-06	-10
2.484760806e-06	5.263157895e-06	-10
2.484760806e-06	5.263157895e-06	0
2.465963814e-06	5.263157895e-06	0
2.447166821e-06	5.263157895e-06	0
2.428369829e-06	5.263157895e-06	0
2.409572836e-06	5.263157895e-06	0
2.409572836e-06	5.263157895e-06	-10
2.409572836e-06	5.263157895e-06	-10
2.409572836e-06	5.263157895e-06	-10
2.409572836e-06	5.263157895e-06	-10
2.409572836e-06	5.263157895e-06	-10
2.409572836e-06	5.263157895e-06	-10
2.409572836e-06	5.263157895e-06	-10
2.409572836e-06	5.263157895e-06	-10
2.409572836e-06	5.263157895e-06	-10
2.409572836e-06	5.263157895e-06	-10
2.409572836e-06	5.263157895e-06	-10
2.409572836e-06	5.263157895e-06	-10
2.409572836e-06	5.263157895e-06	-10
2.409572836e-06	5.263157895e-06	-10
2.409572836e-06	5.263157895e-06	-10
2.409572836e-06	5.263157895e-06	-10
2.409572836e-06	5.263157895e-06	-10
2.409572836e-06	5.263157895e-06	-10
2.409572836e-06	5.263157895e-06	-10
2.409572836e-06	5.263157895e-06	-10
2.409572836e-06	5.263157895e-06	-10
2.409572836e-06	5.263157895e-06	-10
2.409572836e-06	5.263157895e-06	-10
2.409572836e-06	5.263157895e-06	-10
2.409572836e-06	5.263157895e-06	-10
2.409572836e-06	5.263157895e-06	0
2.390775844e-06	5.263157895e-06	0
2.371978851e-06	5.263157895e-06	0
2.353181859e-06	5.263157895e-06	0
2.334384866e-06	5.263157895e-06	0
2.334384866e-06	5.263157895e-06	-10
2.334384866e-06	5.263157895e-06	-10
2.334384866e-06	5.263157895e-06	-10
2.334384866e-06	5.263157895e-06	-10
2.334384866e-06	5.263157895e-06	-10
2.334384866e-06	5.263157895e-06	-10
2.334384866e-06	5.263157895e-06	-10
2.334384866e-06	5.263157895e-06	-10
2.334384866e-06	5.263157895e-06	-10
2.334384866e-06	5.263157895e-06	-10
2.334384866e-06	5.263157895e-06	-10
2.334384866e-06	5.263157895e-06	-10
2.334384866e-06	5.263157895e-06	-10
2.334384866e-06	5.263157895e-06	-10
2.334384866e-06	5.263157895e-06	-10
2.334384866e-06	5.263157895e-06	-10
2.334384866e-06	5.263157895e-06	-10
2.334384866e-06	5.263157895e-06	-10
2.334384866e-06	5.263157895e-06	-10
2.334384866e-06	5.263157895e-06	-10
2.334384866e-06	5.263157895e-06	-10
2.334384866e-06	5.263157895e-06	-10
2.334384866e-06	5.263157895e-06	-10
2.334384866e-06	5.263157895e-06	-10
2.334384866e-06	5.263157895e-06	-10
2.334384866e-06	5.263157895e-06	0
2.334384866e-06	5.281954887e-06	0
2.334384866e-06	5.30075188e-06	0
2.334384866e-06	5.319548872e-06	0
2.334384866e-06	5.338345865e-06	0
2.334384866e-06	5.338345865e-06	10
2.334384866e-06	5.338345865e-06	10
2.334384866e-06	5.338345865e-06	10
2.334384866e-06	5.338345865e-06	10
2.334384866e-06	5.338345865e-06	10
2.334384866e-06	5.338345865e-06	10
2.334384866e-06	5.338345865e-06	10
2.334384866e-06	5.338345865e-06	10
2.334384866e-06	5.338345865e-06	10
2.334384866e-06	5.338345865e-06	10
2.334384866e-06	5.338345865e-06	10
2.334384866e-06	5.338345865e-06	10
2.334384866e-06	5.338345865e-06	10
2.334384866e-06	5.338345865e-06	10
2.334384866e-06	5.338345865e-06	10
2.334384866e-06	5.338345865e-06	10
2.334384866e-06	5.338345865e-06	10
2.334384866e-06	5.338345865e-06	10
2.334384866e-06	5.338345865e-06	10
2.334384866e-06	5.338345865e-06	10
2.334384866e-06	5.338345865e-06	10
2.334384866e-06	5.338345865e-06	10
2.334384866e-06	5.338345865e-06	10
2.334384866e-06	5.338345865e-06	10
2.334384866e-06	5.338345865e-06	10
2.334384866e-06	5.338345865e-06	0
2.353181859e-06	5.338345865e-06	0
2.371978851e-06	5.338345865e-06	0
2.390775844e-06	5.338345865e-06	0
2.409572836e-06	5.338345865e-06	0
2.409572836e-06	5.338345865e-06	10
2.409572836e-06	5.338345865e-06	10
2.409572836e-06	5.338345865e-06	10
2.409572836e-06	5.338345865e-06	10
2.409572836e-06	5.338345865e-06	10
2.409572836e-06	5.338345865e-06	10
2.409572836e-06	5.338345865e-06	10
2.409572836e-06	5.338345865e-06	10
2.409572836e-06	5.338345865e-06	10
2.409572836e-06	5.338345865e-06	10
2.409572836e-06	5.338345865e-06	10
2.409572836e-06	5.338345865e-06	10
2.409572836e-06	5.338345865e-06	10
2.409572836e-06	5.338345865e-06	10
2.409572836e-06	5.338345865e-06	10
2.409572836e-06	5.338345865e-06	10
2.409572836e-06	5.338345865e-06	10
2.409572836e-06	5.338345865e-06	10
2.409572836e-06	5.338345865e-06	10
2.409572836e-06	5.338345865e-06	10
2.409572836e-06	5.338345865e-06	10
2.409572836e-06	5.338345865e-06	10
2.409572836e-06	5.338345865e-06	10
2.409572836e-06	5.338345865e-06	10
2.409572836e-06	5.338345865e-06	10
2.409572836e-06	5.338345865e-06	0
2.428369829e-06	5.338345865e-06	0
2.447166821e-06	5.338345865e-06	0
2.465963814e-06	5.338345865e-06	0
2.484760806e-06	5.338345865e-06	0
2.484760806e-06	5.338345865e-06	10
2.484760806e-06	5.338345865e-06	10
2.484760806e-06	5.338345865e-06	10
2.484760806e-06	5.338345865e-06	10
2.484760806e-06	5.338345865e-06	10
2.484760806e-06	5.338345865e-06	10
2.484760806e-06	5.338345865e-06	10
2.484760806e-06	5.338345865e-06	10
2.484760806e-06	5.338345865e-06	10
2.484760806e-06	5.338345865e-06	10
2.484760806e-06	5.338345865e-06	10
2.484760806e-06	5.338345865e-06	10
2.484760806e-06	5.338345865e-06	10
2.484760806e-06	5.338345865e-06	10
2.484760806e-06	5.338345865e-06	10
2.484760806e-06	5.338345865e-06	10
2.484760806e-06	5.338345865e-06	10
2.484760806e-06	5.338345865e-06	10
2.484760806e-06	5.338345865e-06	10
2.484760806e-06	5.338345865e-06	10
2.484760806e-06	5.338345865e-06	10
2.484760806e-06	5.338345865e-06	10
2.484760806e-06	5.338345865e-06	10
2.484760806e-06	5.338345865e-06	10
2.484760806e-06	5.338345865e-06	10
2.484760806e-06	5.338345865e-06	0
2.503557799e-06	5.338345865e-06	0
2.522354791e-06	5.338345865e-06	0
2.541151784e-06	5.338345865e-06	0
2.559948776e-06	5.338345865e-06	0
2.559948776e-06	5.338345865e-06	10
2.559948776e-06	5.338345865e-06	10
2.559948776e-06	5.338345865e-06	10
2.559948776e-06	5.338345865e-06	10
2.559948776e-06	5.338345865e-06	10
2.559948776e-06	5.338345865e-06	10
2.559948776e-06	5.338345865e-06	10
2.559948776e-06	5.338345865e-06	10
2.559948776e-06	5.338345865e-06	10
2.559948776e-06	5.338345865e-06	10
2.559948776e-06	5.338345865e-06	10
2.559948776e-06	5.338345865e-06	10
2.559948776e-06	5.338345865e-06	10
2.559948776e-06	5.338345865e-06	10
2.559948776e-06	5.338345865e-06	10
2.559948776e-06	5.338345865e-06	10
2.559948776e-06	5.338345865e-06	10
2.559948776e-06	5.338345865e-06	10
2.559948776e-06	5.338345865e-06	10
2.559948776e-06	5.338345865e-06	10
2.559948776e-06	5.338345865e-06	10
2.559948776e-06	5.338345865e-06	10
2.559948776e-06	5.338345865e-06	10
2.559948776e-06	5.338345865e-06	10
2.559948776e-06	5.338345865e-06	10
2.559948776e-06	5.338345865e-06	0
2.578745769e-06	5.338345865e-06	0
2.597542761e-06	5.338345865e-06	0
2.616339754e-06	5.338345865e-06	0
2.635136746e-06	5.338345865e-06	0
2.635136746e-06	5.338345865e-06	10
2.635136746e-06	5.338345865e-06	10
2.635136746e-06	5.338345865e-06	10
2.635136746e-06	5.338345865e-06	10
2.635136746e-06	5.338345865e-06	10
2.635136746e-06	5.338345865e-06	10
2.635136746e-06	5.338345865e-06	10
2.635136746e-06	5.338345865e-06	10
2.635136746e-06	5.338345865e-06	10
2.635136746e-06	5.338345865e-06	10
2.635136746e-06	5.338345865e-06	10
2.635136746e-06	5.338345865e-06	10
2.635136746e-06	5.338345865e-06	10
2.635136746e-06	5.338345865e-06	10
2.635136746e-06	5.338345865e-06	10
2.635136746e-06	5.338345865e-06	10
2.635136746e-06	5.338345865e-06	10
2.635136746e-06	5.338345865e-06	10
2.635136746e-06	5.338345865e-06	10
2.635136746e-06	5.338345865e-06	10
2.635136746e-06	5.338345865e-06	10
2.635136746e-06	5.338345865e-06	10
2.635136746e-06	5.338345865e-06	10
2.635136746e-06	5.338345865e-06	10
2.635136746e-06	5.338345865e-06	10
2.635136746e-06	5.338345865e-06	0
2.653933739e-06	5.338345865e-06	0
2.672730731e-06	5.338345865e-06	0
2.691527724e-06	5.338345865e-06	0
2.710324716e-06	5.338345865e-06	0
2.710324716e-06	5.338345865e-06	10
2.710324716e-06	5.338345865e-06	10
2.710324716e-06	5.338345865e-06	10
2.710324716e-06	5.338345865e-06	10
2.710324716e-06	5.338345865e-06	10
2.710324716e-06	5.338345865e-06	10
2.710324716e-06	5.338345865e-06	10
2.710324716e-06	5.338345865e-06	10
2.710324716e-06	5.338345865e-06	10
2.710324716e-06	5.338345865e-06	10
2.710324716e-06	5.338345865e-06	10
2.710324716e-06	5.338345865e-06	10
2.710324716e-06	5.338345865e-06	10
2.710324716e-06	5.338345865e-06	10
2.710324716e-06	5.338345865e-06	10
2.710324716e-06	5.338345865e-06	10
2.710324716e-06	5.338345865e-06	10
2.710324716e-06	5.338345865e-06	10
2.710324716e-06	5.338345865e-06	10
2.710324716e-06	5.338345865e-06	10
2.710324716e-06	5.338345865e-06	10
2.710324716e-06	5.338345865e-06	10
2.710324716e-06	5.338345865e-06	10
2.710324716e-06	5.338345865e-06	10
2.710324716e-06	5.338345865e-06	10
2.710324716e-06	5.338345865e-06	0
2.729121709e-06	5.338345865e-06	0
2.747918701e-06	5.338345865e-06	0
2.766715694e-06	5.338345865e-06	0
2.785512686e-06	5.338345865e-06	0
2.785512686e-06	5.338345865e-06	10
2.785512686e-06	5.338345865e-06	10
2.785512686e-06	5.338345865e-06	10
2.785512686e-06	5.338345865e-06	10
2.785512686e-06	5.338345865e-06	10
2.785512686e-06	5.338345865e-06	10
2.785512686e-06	5.338345865e-06	10
2.785512686e-06	5.338345865e-06	10
2.785512686e-06	5.338345865e-06	10
2.785512686e-06	5.338345865e-06	10
2.785512686e-06	5.338345865e-06	10
2.785512686e-06	5.338345865e-06	10
2.785512686e-06	5.338345865e-06	10
2.785512686e-06	5.338345865e-06	10
2.785512686e-06	5.338345865e-06	10
2.785512686e-06	5.338345865e-06	10
2.785512686e-06	5.338345865e-06	10
2.785512686e-06	5.338345865e-06	10
2.785512686e-06	5.338345865e-06	10
2.785512686e-06	5.338345865e-06	10
2.785512686e-06	5.338345865e-06	10
2.785512686e-06	5.338345865e-06	10
2.785512686e-06	5.338345865e-06	10
2.785512686e-06	5.338345865e-06	10
2.785512686e-06	5.338345865e-06	10
2.785512686e-06	5.338345865e-06	0
2.804309678e-06	5.338345865e-06	0
2.823106671e-06	5.338345865e-06	0
2.841903663e-06	5.338345865e-06	0
2.860700656e-06	5.338345865e-06	0
2.860700656e-06	5.338345865e-06	10
2.860700656e-06	5.338345865e-06	10
2.860700656e-06	5.338345865e-06	10
2.860700656e-06	5.338345865e-06	10
2.860700656e-06	5.338345865e-06	10
2.860700656e-06	5.338345865e-06	10
2.860700656e-06	5.338345865e-06	10
2.860700656e-06	5.338345865e-06	10
2.860700656e-06	5.338345865e-06	10
2.860700656e-06	5.338345865e-06	10
2.860700656e-06	5.338345865e-06	10
2.860700656e-06	5.338345865e-06	10
2.860700656e-06	5.338345865e-06	10
2.860700656e-06	5.338345865e-06	10
2.860700656e-06	5.338345865e-06	10
2.860700656e-06	5.338345865e-06	10
2.860700656e-06	5.338345865e-06	10
2.860700656e-06	5.338345865e-06	10
2.860700656e-06	5.338345865e-06	10
2.860700656e-06	5.338345865e-06	10
2.860700656e-06	5.338345865e-06	10
2.860700656e-06	5.338345865e-06	10
2.860700656e-06	5.338345865e-06	10
2.860700656e-06	5.338345865e-06	10
2.860700656e-06	5.338345865e-06	10
2.860700656e-06	5.338345865e-06	0
2.879497648e-06	5.338345865e-06	0
2.898294641e-06	5.338345865e-06	0
2.917091633e-06	5.338345865e-06	0
2.935888626e-06	5.338345865e-06	0
2.935888626e-06	5.338345865e-06	10
2.935888626e-06	5.338345865e-06	10
2.935888626e-06	5.338345865e-06	10
2.935888626e-06	5.338345865e-06	10
2.935888626e-06	5.338345865e-06	10
2.935888626e-06	5.338345865e-06	10
2.935888626e-06	5.338345865e-06	10
2.935888626e-06	5.338345865e-06	10
2.935888626e-06	5.338345865e-06	10
2.935888626e-06	5.338345865e-06	10
2.935888626e-06	5.338345865e-06	10
2.935888626e-06	5.338345865e-06	10
2.935888626e-06	5.338345865e-06	10
2.935888626e-06	5.338345865e-06	10
2.935888626e-06	5.338345865e-06	10
2.935888626e-06	5.338345865e-06	10
2.935888626e-06	5.338345865e-06	10
2.935888626e-06	5.338345865e-06	10
2.935888626e-06	5.338345865e-06	10
2.935888626e-06	5.338345865e-06	10
2.935888626e-06	5.338345865e-06	10
2.935888626e-06	5.338345865e-06	10
2.935888626e-06	5.338345865e-06	10
2.935888626e-06	5.338345865e-06	10
2.935888626e-06	5.338345865e-06	10
2.935888626e-06	5.338345865e-06	0
2.954685618e-06	5.338345865e-06	0
2.973482611e-06	5.338345865e-06	0
2.992279603e-06	5.338345865e-06	0
3.011076596e-06	5.338345865e-06	0
3.011076596e-06	5.338345865e-06	10
3.011076596e-06	5.338345865e-06	10
3.011076596e-06	5.338345865e-06	10
3.011076596e-06	5.338345865e-06	10
3.011076596e-06	5.338345865e-06	10
3.011076596e-06	5.338345865e-06	10
3.011076596e-06	5.338345865e-06	10
3.011076596e-06	5.338345865e-06	10
3.011076596e-06	5.338345865e-06	10
3.011076596e-06	5.338345865e-06	10
3.011076596e-06	5.338345865e-06	10
3.011076596e-06	5.338345865e-06	10
3.011076596e-06	5.338345865e-06	10
3.011076596e-06	5.338345865e-06	10
3.011076596e-06	5.338345865e-06	10
3.011076596e-06	5.338345865e-06	10
3.011076596e-06	5.338345865e-06	10
3.011076596e-06	5.338345865e-06	10
3.011076596e-06	5.338345865e-06	10
3.011076596e-06	5.338345865e-06	10
3.011076596e-06	5.338345865e-06	10
3.011076596e-06	5.338345865e-06	10
3.011076596e-06	5.338345865e-06	10
3.011076596e-06	5.338345865e-06	10
3.011076596e-06	5.338345865e-06	10
3.011076596e-06	5.338345865e-06	0
3.029873588e-06	5.338345865e-06	0
3.048670581e-06	5.338345865e-06	0
3.067467573e-06	5.338345865e-06	0
3.086264566e-06	5.338345865e-06	0
3.086264566e-06	5.338345865e-06	10
3.086264566e-06	5.338345865e-06	10
3.086264566e-06	5.338345865e-06	10
3.086264566e-06	5.338345865e-06	10
3.086264566e-06	5.338345865e-06	10
3.086264566e-06	5.338345865e-06	10
3.086264566e-06	5.338345865e-06	10
3.086264566e-06	5.338345865e-06	10
3.086264566e-06	5.338345865e-06	10
3.086264566e-06	5.338345865e-06	10
3.086264566e-06	5.338345865e-06	10
3.086264566e-06	5.338345865e-06	10
3.086264566e-06	5.338345865e-06	10
3.086264566e-06	5.338345865e-06	10
3.086264566e-06	5.338345865e-06	10
3.086264566e-06	5.338345865e-06	10
3.086264566e-06	5.338345865e-06	10
3.086264566e-06	5.338345865e-06	10
3.086264566e-06	5.338345865e-06	10
3.086264566e-06	5.338345865e-06	10
3.086264566e-06	5.338345865e-06	10
3.086264566e-06	5.338345865e-06	10
3.086264566e-06	5.338345865e-06	10
3.086264566e-06	5.338345865e-06	10
3.086264566e-06	5.338345865e-06	10
3.086264566e-06	5.338345865e-06	0
3.105061558e-06	5.338345865e-06	0
3.123858551e-06	5.338345865e-06	0
3.142655543e-06	5.338345865e-06	0
3.161452536e-06	5.338345865e-06	0
3.161452536e-06	5.338345865e-06	10
3.161452536e-06	5.338345865e-06	10
3.161452536e-06	5.338345865e-06	10
3.161452536e-06	5.338345865e-06	10
3.161452536e-06	5.338345865e-06	10
3.161452536e-06	5.338345865e-06	10
3.161452536e-06	5.338345865e-06	10
3.161452536e-06	5.338345865e-06	10
3.161452536e-06	5.338345865e-06	10
3.161452536e-06	5.338345865e-06	10
3.161452536e-06	5.338345865e-06	10
3.161452536e-06	5.338345865e-06	10
3.161452536e-06	5.338345865e-06	10
3.161452536e-06	5.338345865e-06	10
3.161452536e-06	5.338345865e-06	10
3.161452536e-06	5.338345865e-06	10
3.161452536e-06	5.338345865e-06	10
3.161452536e-06	5.338345865e-06	10
3.161452536e-06	5.338345865e-06	10
3.161452536e-06	5.338345865e-06	10
3.161452536e-06	5.338345865e-06	10
3.161452536e-06	5.338345865e-06	10
3.161452536e-06	5.338345865e-06	10
3.161452536e-06	5.338345865e-06	10
3.161452536e-06	5.338345865e-06	10
3.161452536e-06	5.338345865e-06	0
3.180249528e-06	5.338345865e-06	0
3.199046521e-06	5.338345865e-06	0
3.217843513e-06	5.338345865e-06	0
3.236640506e-06	5.338345865e-06	0
3.236640506e-06	5.338345865e-06	10
3.236640506e-06	5.338345865e-06	10
3.236640506e-06	5.338345865e-06	10
3.236640506e-06	5.338345865e-06	10
3.236640506e-06	5.338345865e-06	10
3.236640506e-06	5.338345865e-06	10
3.236640506e-06	5.338345865e-06	10
3.236640506e-06	5.338345865e-06	10
3.236640506e-06	5.338345865e-06	10
3.236640506e-06	5.338345865e-06	10
3.236640506e-06	5.338345865e-06	10
3.236640506e-06	5.338345865e-06	10
3.236640506e-06	5.338345865e-06	10
3.236640506e-06	5.338345865e-06	10
3.236640506e-06	5.338345865e-06	10
3.236640506e-06	5.338345865e-06	10
3.236640506e-06	5.338345865e-06	10
3.236640506e-06	5.338345865e-06	10
3.236640506e-06	5.338345865e-06	10
3.236640506e-06	5.338345865e-06	10
3.236640506e-06	5.338345865e-06	10
3.236640506e-06	5.338345865e-06	10
3.236640506e-06	5.338345865e-06	10
3.236640506e-06	5.338345865e-06	10
3.236640506e-06	5.338345865e-06	10
3.236640506e-06	5.338345865e-06	0
3.255437498e-06	5.338345865e-06	0
3.274234491e-06	5.338345865e-06	0
3.293031483e-06	5.338345865e-06	0
3.311828475e-06	5.338345865e-06	0
3.311828475e-06	5.338345865e-06	10
3.311828475e-06	5.338345865e-06	10
3.311828475e-06	5.338345865e-06	10
3.311828475e-06	5.338345865e-06	10
3.311828475e-06	5.338345865e-06	10
3.311828475e-06	5.338345865e-06	10
3.311828475e-06	5.338345865e-06	10
3.311828475e-06	5.338345865e-06	10
3.311828475e-06	5.338345865e-06	10
3.311828475e-06	5.338345865e-06	10
3.311828475e-06	5.338345865e-06	10
3.311828475e-06	5.338345865e-06	10
3.311828475e-06	5.338345865e-06	10
3.311828475e-06	5.338345865e-06	10
3.311828475e-06	5.338345865e-06	10
3.311828475e-06	5.338345865e-06	10
3.311828475e-06	5.338345865e-06	10
3.311828475e-06	5.338345865e-06	10
3.311828475e-06	5.338345865e-06	10
3.311828475e-06	5.338345865e-06	10
3.311828475e-06	5.338345865e-06	10
3.311828475e-06	5.338345865e-06	10
3.311828475e-06	5.338345865e-06	10
3.311828475e-06	5.338345865e-06	10
3.311828475e-06	5.338345865e-06	10
3.311828475e-06	5.338345865e-06	0
3.330625468e-06	5.338345865e-06	0
3.34942246e-06	5.338345865e-06	0
3.368219453e-06	5.338345865e-06	0
3.387016445e-06	5.338345865e-06	0
3.387016445e-06	5.338345865e-06	10
3.387016445e-06	5.338345865e-06	10
3.387016445e-06	5.338345865e-06	10
3.387016445e-06	5.338345865e-06	10
3.387016445e-06	5.338345865e-06	10
3.387016445e-06	5.338345865e-06	10
3.387016445e-06	5.338345865e-06	10
3.387016445e-06	5.338345865e-06	10
3.387016445e-06	5.338345865e-06	10
3.387016445e-06	5.338345865e-06	10
3.387016445e-06	5.338345865e-06	10
3.387016445e-06	5.338345865e-06	10
3.387016445e-06	5.338345865e-06	10
3.387016445e-06	5.338345865e-06	10
3.387016445e-06	5.338345865e-06	10
3.387016445e-06	5.338345865e-06	10
3.387016445e-06	5.338345865e-06	10
3.387016445e-06	5.338345865e-06	10
3.387016445e-06	5.338345865e-06	10
3.387016445e-06	5.338345865e-06	10
3.387016445e-06	5.338345865e-06	10
3.387016445e-06	5.338345865e-06	10
3.387016445e-06	5.338345865e-06	10
3.387016445e-06	5.338345865e-06	10
3.387016445e-06	5.338345865e-06	10
3.387016445e-06	5.338345865e-06	0
3.405813438e-06	5.338345865e-06	0
3.42461043e-06	5.338345865e-06	0
3.443407423e-06	5.338345865e-06	0
3.462204415e-06	5.338345865e-06	0
3.462204415e-06	5.338345865e-06	10
3.462204415e-06	5.338345865e-06	10
3.462204415e-06	5.338345865e-06	10
3.462204415e-06	5.338345865e-06	10
3.462204415e-06	5.338345865e-06	10
3.462204415e-06	5.338345865e-06	10
3.462204415e-06	5.338345865e-06	10
3.462204415e-06	5.338345865e-06	10
3.462204415e-06	5.338345865e-06	10
3.462204415e-06	5.338345865e-06	10
3.462204415e-06	5.338345865e-06	10
3.462204415e-06	5.338345865e-06	10
3.462204415e-06	5.338345865e-06	10
3.462204415e-06	5.338345865e-06	10
3.462204415e-06	5.338345865e-06	10
3.462204415e-06	5.338345865e-06	10
3.462204415e-06	5.338345865e-06	10
3.462204415e-06	5.338345865e-06	10
3.462204415e-06	5.338345865e-06	10
3.462204415e-06	5.338345865e-06	10
3.462204415e-06	5.338345865e-06	10
3.462204415e-06	5.338345865e-06	10
3.462204415e-06	5.338345865e-06	10
3.462204415e-06	5.338345865e-06	10
3.462204415e-06	5.338345865e-06	10
3.462204415e-06	5.338345865e-06	0
3.481001408e-06	5.338345865e-06	0
3.4997984e-06	5.338345865e-06	0
3.518595393e-06	5.338345865e-06	0
3.537392385e-06	5.338345865e-06	0
3.537392385e-06	5.338345865e-06	10
3.537392385e-06	5.338345865e-06	10
3.537392385e-06	5.338345865e-06	10
3.537392385e-06	5.338345865e-06	10
3.537392385e-06	5.338345865e-06	10
3.537392385e-06	5.338345865e-06	10
3.537392385e-06	5.338345865e-06	10
3.537392385e-06	5.338345865e-06	10
3.537392385e-06	5.338345865e-06	10
3.537392385e-06	5.338345865e-06	10
3.537392385e-06	5.338345865e-06	10
3.537392385e-06	5.338345865e-06	10
3.537392385e-06	5.338345865e-06	10
3.537392385e-06	5.338345865e-06	10
3.537392385e-06	5.338345865e-06	10
3.537392385e-06	5.338345865e-06	10
3.537392385e-06	5.338345865e-06	10
3.537392385e-06	5.338345865e-06	10
3.537392385e-06	5.338345865e-06	10
3.537392385e-06	5.338345865e-06	10
3.537392385e-06	5.338345865e-06	10
3.537392385e-06	5.338345865e-06	10
3.537392385e-06	5.338345865e-06	10
3.537392385e-06	5.338345865e-06	10
3.537392385e-06	5.338345865e-06	10
3.537392385e-06	5.338345865e-06	0
3.556189378e-06	5.338345865e-06	0
3.57498637e-06	5.338345865e-06	0
3.593783363e-06	5.338345865e-06	0
3.612580355e-06	5.338345865e-06	0
3.612580355e-06	5.338345865e-06	10
3.612580355e-06	5.338345865e-06	10
3.612580355e-06	5.338345865e-06	10
3.612580355e-06	5.338345865e-06	10
3.612580355e-06	5.338345865e-06	10
3.612580355e-06	5.338345865e-06	10
3.612580355e-06	5.338345865e-06	10
3.612580355e-06	5.338345865e-06	10
3.612580355e-06	5.338345865e-06	10
3.612580355e-06	5.338345865e-06	10
3.612580355e-06	5.338345865e-06	10
3.612580355e-06	5.338345865e-06	10
3.612580355e-06	5.338345865e-06	10
3.612580355e-06	5.338345865e-06	10
3.612580355e-06	5.338345865e-06	10
3.612580355e-06	5.338345865e-06	10
3.612580355e-06	5.338345865e-06	10
3.612580355e-06	5.338345865e-06	10
3.612580355e-06	5.338345865e-06	10
3.612580355e-06	5.338345865e-06	10
3.612580355e-06	5.338345865e-06	10
3.612580355e-06	5.338345865e-06	10
3.612580355e-06	5.338345865e-06	10
3.612580355e-06	5.338345865e-06	10
3.612580355e-06	5.338345865e-06	10
3.612580355e-06	5.338345865e-06	0
3.631377348e-06	5.338345865e-06	0
3.65017434e-06	5.338345865e-06	0
3.668971333e-06	5.338345865e-06	0
3.687768325e-06	5.338345865e-06	0
3.687768325e-06	5.338345865e-06	10
3.687768325e-06	5.338345865e-06	10
3.687768325e-06	5.338345865e-06	10
3.687768325e-06	5.338345865e-06	10
3.687768325e-06	5.338345865e-06	10
3.687768325e-06	5.338345865e-06	10
3.687768325e-06	5.338345865e-06	10
3.687768325e-06	5.338345865e-06	10
3.687768325e-06	5.338345865e-06	10
3.687768325e-06	5.338345865e-06	10
3.687768325e-06	5.338345865e-06	10
3.687768325e-06	5.338345865e-06	10
3.687768325e-06	5.338345865e-06	10
3.687768325e-06	5.338345865e-06	10
3.687768325e-06	5.338345865e-06	10
3.687768325e-06	5.338345865e-06	10
3.687768325e-06	5.338345865e-06	10
3.687768325e-06	5.338345865e-06	10
3.687768325e-06	5.338345865e-06	10
3.687768325e-06	5.338345865e-06	10
3.687768325e-06	5.338345865e-06	10
3.687768325e-06	5.338345865e-06	10
3.687768325e-06	5.338345865e-06	10
3.687768325e-06	5.338345865e-06	10
3.687768325e-06	5.338345865e-06	10
3.687768325e-06	5.338345865e-06	0
3.706565318e-06	5.338345865e-06	0
3.72536231e-06	5.338345865e-06	0
3.744159303e-06	5.338345865e-06	0
3.762956295e-06	5.338345865e-06	0
3.762956295e-06	5.338345865e-06	10
3.762956295e-06	5.338345865e-06	10
3.762956295e-06	5.338345865e-06	10
3.762956295e-06	5.338345865e-06	10
3.762956295e-06	5.338345865e-06	10
3.762956295e-06	5.338345865e-06	10
3.762956295e-06	5.338345865e-06	10
3.762956295e-06	5.338345865e-06	10
3.762956295e-06	5.338345865e-06	10
3.762956295e-06	5.338345865e-06	10
3.762956295e-06	5.338345865e-06	10
3.762956295e-06	5.338345865e-06	10
3.762956295e-06	5.338345865e-06	10
3.762956295e-06	5.338345865e-06	10
3.762956295e-06	5.338345865e-06	10
3.762956295e-06	5.338345865e-06	10
3.762956295e-06	5.338345865e-06	10
3.762956295e-06	5.338345865e-06	10
3.762956295e-06	5.338345865e-06	10
3.762956295e-06	5.338345865e-06	10
3.762956295e-06	5.338345865e-06	10
3.762956295e-06	5.338345865e-06	10
3.762956295e-06	5.338345865e-06	10
3.762956295e-06	5.338345865e-06	10
3.762956295e-06	5.338345865e-06	10
3.762956295e-06	5.338345865e-06	0
3.781753288e-06	5.338345865e-06	0
3.80055028e-06	5.338345865e-06	0
3.819347272e-06	5.338345865e-06	0
3.838144265e-06	5.338345865e-06	0
3.838144265e-06	5.338345865e-06	10
3.838144265e-06	5.338345865e-06	10
3.838144265e-06	5.338345865e-06	10
3.838144265e-06	5.338345865e-06	10
3.838144265e-06	5.338345865e-06	10
3.838144265e-06	5.338345865e-06	10
3.838144265e-06	5.338345865e-06	10
3.838144265e-06	5.338345865e-06	10
3.838144265e-06	5.338345865e-06	10
3.838144265e-06	5.338345865e-06	10
3.838144265e-06	5.338345865e-06	10
3.838144265e-06	5.338345865e-06	10
3.838144265e-06	5.338345865e-06	10
3.838144265e-06	5.338345865e-06	10
3.838144265e-06	5.338345865e-06	10
3.838144265e-06	5.338345865e-06	10
3.838144265e-06	5.338345865e-06	10
3.838144265e-06	5.338345865e-06	10
3.838144265e-06	5.338345865e-06	10
3.838144265e-06	5.338345865e-06	10
3.838144265e-06	5.338345865e-06	10
3.838144265e-06	5.338345865e-06	10
3.838144265e-06	5.338345865e-06	10
3.838144265e-06	5.338345865e-06	10
3.838144265e-06	5.338345865e-06	10
3.838144265e-06	5.338345865e-06	0
3.856941257e-06	5.338345865e-06	0
3.87573825e-06	5.338345865e-06	0
3.894535242e-06	5.338345865e-06	0
3.913332235e-06	5.338345865e-06	0
3.913332235e-06	5.338345865e-06	10
3.913332235e-06	5.338345865e-06	10
3.913332235e-06	5.338345865e-06	10
3.913332235e-06	5.338345865e-06	10
3.913332235e-06	5.338345865e-06	10
3.913332235e-06	5.338345865e-06	10
3.913332235e-06	5.338345865e-06	10
3.913332235e-06	5.338345865e-06	10
3.913332235e-06	5.338345865e-06	10
3.913332235e-06	5.338345865e-06	10
3.913332235e-06	5.338345865e-06	10
3.913332235e-06	5.338345865e-06	10
3.913332235e-06	5.338345865e-06	10
3.913332235e-06	5.338345865e-06	10
3.913332235e-06	5.338345865e-06	10
3.913332235e-06	5.338345865e-06	10
3.913332235e-06	5.338345865e-06	10
3.913332235e-06	5.338345865e-06	10
3.913332235e-06	5.338345865e-06	10
3.913332235e-06	5.338345865e-06	10
3.913332235e-06	5.338345865e-06	10
3.913332235e-06	5.338345865e-06	10
3.913332235e-06	5.338345865e-06	10
3.913332235e-06	5.338345865e-06	10
3.913332235e-06	5.338345865e-06	10
3.913332235e-06	5.338345865e-06	0
3.932129227e-06	5.338345865e-06	0
3.95092622e-06	5.338345865e-06	0
3.969723212e-06	5.338345865e-06	0
3.988520205e-06	5.338345865e-06	0
3.988520205e-06	5.338345865e-06	10
3.988520205e-06	5.338345865e-06	10
3.988520205e-06	5.338345865e-06	10
3.988520205e-06	5.338345865e-06	10
3.988520205e-06	5.338345865e-06	10
3.988520205e-06	5.338345865e-06	10
3.988520205e-06	5.338345865e-06	10
3.988520205e-06	5.338345865e-06	10
3.988520205e-06	5.338345865e-06	10
3.988520205e-06	5.338345865e-06	10
3.988520205e-06	5.338345865e-06	10
3.988520205e-06	5.338345865e-06	10
3.988520205e-06	5.338345865e-06	10
3.988520205e-06	5.338345865e-06	10
3.988520205e-06	5.338345865e-06	10
3.988520205e-06	5.338345865e-06	10
3.988520205e-06	5.338345865e-06	10
3.988520205e-06	5.338345865e-06	10
3.988520205e-06	5.338345865e-06	10
3.988520205e-06	5.338345865e-06	10
3.988520205e-06	5.338345865e-06	10
3.988520205e-06	5.338345865e-06	10
3.988520205e-06	5.338345865e-06	10
3.988520205e-06	5.338345865e-06	10
3.988520205e-06	5.338345865e-06	10
3.988520205e-06	5.338345865e-06	0
4.007317197e-06	5.338345865e-06	0
4.02611419e-06	5.338345865e-06	0
4.044911182e-06	5.338345865e-06	0
4.063708175e-06	5.338345865e-06	0
4.063708175e-06	5.338345865e-06	10
4.063708175e-06	5.338345865e-06	10
4.063708175e-06	5.338345865e-06	10
4.063708175e-06	5.338345865e-06	10
4.063708175e-06	5.338345865e-06	10
4.063708175e-06	5.338345865e-06	10
4.063708175e-06	5.338345865e-06	10
4.063708175e-06	5.338345865e-06	10
4.063708175e-06	5.338345865e-06	10
4.063708175e-06	5.338345865e-06	10
4.063708175e-06	5.338345865e-06	10
4.063708175e-06	5.338345865e-06	10
4.063708175e-06	5.338345865e-06	10
4.063708175e-06	5.338345865e-06	10
4.063708175e-06	5.338345865e-06	10
4.063708175e-06	5.338345865e-06	10
4.063708175e-06	5.338345865e-06	10
4.063708175e-06	5.338345865e-06	10
4.063708175e-06	5.338345865e-06	10
4.063708175e-06	5.338345865e-06	10
4.063708175e-06	5.338345865e-06	10
4.063708175e-06	5.338345865e-06	10
4.063708175e-06	5.338345865e-06	10
4.063708175e-06	5.338345865e-06	10
4.063708175e-06	5.338345865e-06	10
4.063708175e-06	5.338345865e-06	0
4.063708175e-06	5.357142857e-06	0
4.063708175e-06	5.37593985e-06	0
4.063708175e-06	5.394736842e-06	0
4.063708175e-06	5.413533835e-06	0
4.063708175e-06	5.413533835e-06	10
4.063708175e-06	5.413533835e-06	10
4.063708175e-06	5.413533835e-06	10
4.063708175e-06	5.413533835e-06	10
4.063708175e-06	5.413533835e-06	10
4.063708175e-06	5.413533835e-06	10
4.063708175e-06	5.413533835e-06	10
4.063708175e-06	5.413533835e-06	10
4.063708175e-06	5.413533835e-06	10
4.063708175e-06	5.413533835e-06	10
4.063708175e-06	5.413533835e-06	10
4.063708175e-06	5.413533835e-06	10
4.063708175e-06	5.413533835e-06	10
4.063708175e-06	5.413533835e-06	10
4.063708175e-06	5.413533835e-06	10
4.063708175e-06	5.413533835e-06	10
4.063708175e-06	5.413533835e-06	10
4.063708175e-06	5.413533835e-06	10
4.063708175e-06	5.413533835e-06	10
4.063708175e-06	5.413533835e-06	10
4.063708175e-06	5.413533835e-06	10
4.063708175e-06	5.413533835e-06	10
4.063708175e-06	5.413533835e-06	10
4.063708175e-06	5.413533835e-06	10
4.063708175e-06	5.413533835e-06	10
4.063708175e-06	5.413533835e-06	0
4.044911182e-06	5.413533835e-06	0
4.02611419e-06	5.413533835e-06	0
4.007317197e-06	5.413533835e-06	0
3.988520205e-06	5.413533835e-06	0
3.988520205e-06	5.413533835e-06	10
3.988520205e-06	5.413533835e-06	10
3.988520205e-06	5.413533835e-06	10
3.988520205e-06	5.413533835e-06	10
3.988520205e-06	5.413533835e-06	10
3.988520205e-06	5.413533835e-06	10
3.988520205e-06	5.413533835e-06	10
3.988520205e-06	5.413533835e-06	10
3.988520205e-06	5.413533835e-06	10
3.988520205e-06	5.413533835e-06	10
3.988520205e-06	5.413533835e-06	10
3.988520205e-06	5.413533835e-06	10
3.988520205e-06	5.413533835e-06	10
3.988520205e-06	5.413533835e-06	10
3.988520205e-06	5.413533835e-06	10
3.988520205e-06	5.413533835e-06	10
3.988520205e-06	5.413533835e-06	10
3.988520205e-06	5.413533835e-06	10
3.988520205e-06	5.413533835e-06	10
3.988520205e-06	5.413533835e-06	10
3.988520205e-06	5.413533835e-06	10
3.988520205e-06	5.413533835e-06	10
3.988520205e-06	5.413533835e-06	10
3.988520205e-06	5.413533835e-06	10
3.988520205e-06	5.413533835e-06	10
3.988520205e-06	5.413533835e-06	0
3.969723212e-06	5.413533835e-06	0
3.95092622e-06	5.413533835e-06	0
3.932129227e-06	5.413533835e-06	0
3.913332235e-06	5.413533835e-06	0
3.913332235e-06	5.413533835e-06	10
3.913332235e-06	5.413533835e-06	10
3.913332235e-06	5.413533835e-06	10
3.913332235e-06	5.413533835e-06	10
3.913332235e-06	5.413533835e-06	10
3.913332235e-06	5.413533835e-06	10
3.913332235e-06	5.413533835e-06	10
3.913332235e-06	5.413533835e-06	10
3.913332235e-06	5.413533835e-06	10
3.913332235e-06	5.413533835e-06	10
3.913332235e-06	5.413533835e-06	10
3.913332235e-06	5.413533835e-06	10
3.913332235e-06	5.413533835e-06	10
3.913332235e-06	5.413533835e-06	10
3.913332235e-06	5.413533835e-06	10
3.913332235e-06	5.413533835e-06	10
3.913332235e-06	5.413533835e-06	10
3.913332235e-06	5.413533835e-06	10
3.913332235e-06	5.413533835e-06	10
3.913332235e-06	5.413533835e-06	10
3.913332235e-06	5.413533835e-06	10
3.913332235e-06	5.413533835e-06	10
3.913332235e-06	5.413533835e-06	10
3.913332235e-06	5.413533835e-06	10
3.913332235e-06	5.413533835e-06	10
3.913332235e-06	5.413533835e-06	0
3.894535242e-06	5.413533835e-06	0
3.87573825e-06	5.413533835e-06	0
3.856941257e-06	5.413533835e-06	0
3.838144265e-06	5.413533835e-06	0
3.838144265e-06	5.413533835e-06	10
3.838144265e-06	5.413533835e-06	10
3.838144265e-06	5.413533835e-06	10
3.838144265e-06	5.413533835e-06	10
3.838144265e-06	5.413533835e-06	10
3.838144265e-06	5.413533835e-06	10
3.838144265e-06	5.413533835e-06	10
3.838144265e-06	5.413533835e-06	10
3.838144265e-06	5.413533835e-06	10
3.838144265e-06	5.413533835e-06	10
3.838144265e-06	5.413533835e-06	10
3.838144265e-06	5.413533835e-06	10
3.838144265e-06	5.413533835e-06	10
3.838144265e-06	5.413533835e-06	10
3.838144265e-06	5.413533835e-06	10
3.838144265e-06	5.413533835e-06	10
3.838144265e-06	5.413533835e-06	10
3.838144265e-06	5.413533835e-06	10
3.838144265e-06	5.413533835e-06	10
3.838144265e-06	5.413533835e-06	10
3.838144265e-06	5.413533835e-06	10
3.838144265e-06	5.413533835e-06	10
3.838144265e-06	5.413533835e-06	10
3.838144265e-06	5.413533835e-06	10
3.838144265e-06	5.413533835e-06	10
3.838144265e-06	5.413533835e-06	0
3.819347272e-06	5.413533835e-06	0
3.80055028e-06	5.413533835e-06	0
3.781753288e-06	5.413533835e-06	0
3.762956295e-06	5.413533835e-06	0
3.762956295e-06	5.413533835e-06	10
3.762956295e-06	5.413533835e-06	10
3.762956295e-06	5.413533835e-06	10
3.762956295e-06	5.413533835e-06	10
3.762956295e-06	5.413533835e-06	10
3.762956295e-06	5.413533835e-06	10
3.762956295e-06	5.413533835e-06	10
3.762956295e-06	5.413533835e-06	10
3.762956295e-06	5.413533835e-06	10
3.762956295e-06	5.413533835e-06	10
3.762956295e-06	5.413533835e-06	10
3.762956295e-06	5.413533835e-06	10
3.762956295e-06	5.413533835e-06	10
3.762956295e-06	5.413533835e-06	10
3.762956295e-06	5.413533835e-06	10
3.762956295e-06	5.413533835e-06	10
3.762956295e-06	5.413533835e-06	10
3.762956295e-06	5.413533835e-06	10
3.762956295e-06	5.413533835e-06	10
3.762956295e-06	5.413533835e-06	10
3.762956295e-06	5.413533835e-06	10
3.762956295e-06	5.413533835e-06	10
3.762956295e-06	5.413533835e-06	10
3.762956295e-06	5.413533835e-06	10
3.762956295e-06	5.413533835e-06	10
3.762956295e-06	5.413533835e-06	0
3.744159303e-06	5.413533835e-06	0
3.72536231e-06	5.413533835e-06	0
3.706565318e-06	5.413533835e-06	0
3.687768325e-06	5.413533835e-06	0
3.687768325e-06	5.413533835e-06	10
3.687768325e-06	5.413533835e-06	10
3.687768325e-06	5.413533835e-06	10
3.687768325e-06	5.413533835e-06	10
3.687768325e-06	5.413533835e-06	10
3.687768325e-06	5.413533835e-06	10
3.687768325e-06	5.413533835e-06	10
3.687768325e-06	5.413533835e-06	10
3.687768325e-06	5.413533835e-06	10
3.687768325e-06	5.413533835e-06	10
3.687768325e-06	5.413533835e-06	10
3.687768325e-06	5.413533835e-06	10
3.687768325e-06	5.413533835e-06	10
3.687768325e-06	5.413533835e-06	10
3.687768325e-06	5.413533835e-06	10
3.687768325e-06	5.413533835e-06	10
3.687768325e-06	5.413533835e-06	10
3.687768325e-06	5.413533835e-06	10
3.687768325e-06	5.413533835e-06	10
3.687768325e-06	5.413533835e-06	10
3.687768325e-06	5.413533835e-06	10
3.687768325e-06	5.413533835e-06	10
3.687768325e-06	5.413533835e-06	10
3.687768325e-06	5.413533835e-06	10
3.687768325e-06	5.413533835e-06	10
3.687768325e-06	5.413533835e-06	0
3.668971333e-06	5.413533835e-06	0
3.65017434e-06	5.413533835e-06	0
3.631377348e-06	5.413533835e-06	0
3.612580355e-06	5.413533835e-06	0
3.612580355e-06	5.413533835e-06	10
3.612580355e-06	5.413533835e-06	10
3.612580355e-06	5.413533835e-06	10
3.612580355e-06	5.413533835e-06	10
3.612580355e-06	5.413533835e-06	10
3.612580355e-06	5.413533835e-06	10
3.612580355e-06	5.413533835e-06	10
3.612580355e-06	5.413533835e-06	10
3.612580355e-06	5.413533835e-06	10
3.612580355e-06	5.413533835e-06	10
3.612580355e-06	5.413533835e-06	10
3.612580355e-06	5.413533835e-06	10
3.612580355e-06	5.413533835e-06	10
3.612580355e-06	5.413533835e-06	10
3.612580355e-06	5.413533835e-06	10
3.612580355e-06	5.413533835e-06	10
3.612580355e-06	5.413533835e-06	10
3.612580355e-06	5.413533835e-06	10
3.612580355e-06	5.413533835e-06	10
3.612580355e-06	5.413533835e-06	10
3.612580355e-06	5.413533835e-06	10
3.612580355e-06	5.413533835e-06	10
3.612580355e-06	5.413533835e-06	10
3.612580355e-06	5.413533835e-06	10
3.612580355e-06	5.413533835e-06	10
3.612580355e-06	5.413533835e-06	0
3.593783363e-06	5.413533835e-06	0
3.57498637e-06	5.413533835e-06	0
3.556189378e-06	5.413533835e-06	0
3.537392385e-06	5.413533835e-06	0
3.537392385e-06	5.413533835e-06	10
3.537392385e-06	5.413533835e-06	10
3.537392385e-06	5.413533835e-06	10
3.537392385e-06	5.413533835e-06	10
3.537392385e-06	5.413533835e-06	10
3.537392385e-06	5.413533835e-06	10
3.537392385e-06	5.413533835e-06	10
3.537392385e-06	5.413533835e-06	10
3.537392385e-06	5.413533835e-06	10
3.537392385e-06	5.413533835e-06	10
3.537392385e-06	5.413533835e-06	10
3.537392385e-06	5.413533835e-06	10
3.537392385e-06	5.413533835e-06	10
3.537392385e-06	5.413533835e-06	10
3.537392385e-06	5.413533835e-06	10
3.537392385e-06	5.413533835e-06	10
3.537392385e-06	5.413533835e-06	10
3.537392385e-06	5.413533835e-06	10
3.537392385e-06	5.413533835e-06	10
3.537392385e-06	5.413533835e-06	10
3.537392385e-06	5.413533835e-06	10
3.537392385e-06	5.413533835e-06	10
3.537392385e-06	5.413533835e-06	10
3.537392385e-06	5.413533835e-06	10
3.537392385e-06	5.413533835e-06	10
3.537392385e-06	5.413533835e-06	0
3.518595393e-06	5.413533835e-06	0
3.4997984e-06	5.413533835e-06	0
3.481001408e-06	5.413533835e-06	0
3.462204415e-06	5.413533835e-06	0
3.462204415e-06	5.413533835e-06	10
3.462204415e-06	5.413533835e-06	10
3.462204415e-06	5.413533835e-06	10
3.462204415e-06	5.413533835e-06	10
3.462204415e-06	5.413533835e-06	10
3.462204415e-06	5.413533835e-06	10
3.462204415e-06	5.413533835e-06	10
3.462204415e-06	5.413533835e-06	10
3.462204415e-06	5.413533835e-06	10
3.462204415e-06	5.413533835e-06	10
3.462204415e-06	5.413533835e-06	10
3.462204415e-06	5.413533835e-06	10
3.462204415e-06	5.413533835e-06	10
3.462204415e-06	5.413533835e-06	10
3.462204415e-06	5.413533835e-06	10
3.462204415e-06	5.413533835e-06	10
3.462204415e-06	5.413533835e-06	10
3.462204415e-06	5.413533835e-06	10
3.462204415e-06	5.413533835e-06	10
3.462204415e-06	5.413533835e-06	10
3.462204415e-06	5.413533835e-06	10
3.462204415e-06	5.413533835e-06	10
3.462204415e-06	5.413533835e-06	10
3.462204415e-06	5.413533835e-06	10
3.462204415e-06	5.413533835e-06	10
3.462204415e-06	5.413533835e-06	0
3.443407423e-06	5.413533835e-06	0
3.42461043e-06	5.413533835e-06	0
3.405813438e-06	5.413533835e-06	0
3.387016445e-06	5.413533835e-06	0
3.387016445e-06	5.413533835e-06	10
3.387016445e-06	5.413533835e-06	10
3.387016445e-06	5.413533835e-06	10
3.387016445e-06	5.413533835e-06	10
3.387016445e-06	5.413533835e-06	10
3.387016445e-06	5.413533835e-06	10
3.387016445e-06	5.413533835e-06	10
3.387016445e-06	5.413533835e-06	10
3.387016445e-06	5.413533835e-06	10
3.387016445e-06	5.413533835e-06	10
3.387016445e-06	5.413533835e-06	10
3.387016445e-06	5.413533835e-06	10
3.387016445e-06	5.413533835e-06	10
3.387016445e-06	5.413533835e-06	10
3.387016445e-06	5.413533835e-06	10
3.387016445e-06	5.413533835e-06	10
3.387016445e-06	5.413533835e-06	10
3.387016445e-06	5.413533835e-06	10
3.387016445e-06	5.413533835e-06	10
3.387016445e-06	5.413533835e-06	10
3.387016445e-06	5.413533835e-06	10
3.387016445e-06	5.413533835e-06	10
3.387016445e-06	5.413533835e-06	10
3.387016445e-06	5.413533835e-06	10
3.387016445e-06	5.413533835e-06	10
3.387016445e-06	5.413533835e-06	0
3.368219453e-06	5.413533835e-06	0
3.34942246e-06	5.413533835e-06	0
3.330625468e-06	5.413533835e-06	0
3.311828475e-06	5.413533835e-06	0
3.311828475e-06	5.413533835e-06	10
3.311828475e-06	5.413533835e-06	10
3.311828475e-06	5.413533835e-06	10
3.311828475e-06	5.413533835e-06	10
3.311828475e-06	5.413533835e-06	10
3.311828475e-06	5.413533835e-06	10
3.311828475e-06	5.413533835e-06	10
3.311828475e-06	5.413533835e-06	10
3.311828475e-06	5.413533835e-06	10
3.311828475e-06	5.413533835e-06	10
3.311828475e-06	5.413533835e-06	10
3.311828475e-06	5.413533835e-06	10
3.311828475e-06	5.413533835e-06	10
3.311828475e-06	5.413533835e-06	10
3.311828475e-06	5.413533835e-06	10
3.311828475e-06	5.413533835e-06	10
3.311828475e-06	5.413533835e-06	10
3.311828475e-06	5.413533835e-06	10
3.311828475e-06	5.413533835e-06	10
3.311828475e-06	5.413533835e-06	10
3.311828475e-06	5.413533835e-06	10
3.311828475e-06	5.413533835e-06	10
3.311828475e-06	5.413533835e-06	10
3.311828475e-06	5.413533835e-06	10
3.311828475e-06	5.413533835e-06	10
3.311828475e-06	5.413533835e-06	0
3.293031483e-06	5.413533835e-06	0
3.274234491e-06	5.413533835e-06	0
3.255437498e-06	5.413533835e-06	0
3.236640506e-06	5.413533835e-06	0
3.236640506e-06	5.413533835e-06	10
3.236640506e-06	5.413533835e-06	10
3.236640506e-06	5.413533835e-06	10
3.236640506e-06	5.413533835e-06	10
3.236640506e-06	5.413533835e-06	10
3.236640506e-06	5.413533835e-06	10
3.236640506e-06	5.413533835e-06	10
3.236640506e-06	5.413533835e-06	10
3.236640506e-06	5.413533835e-06	10
3.236640506e-06	5.413533835e-06	10
3.236640506e-06	5.413533835e-06	10
3.236640506e-06	5.413533835e-06	10
3.236640506e-06	5.413533835e-06	10
3.236640506e-06	5.413533835e-06	10
3.236640506e-06	5.413533835e-06	10
3.236640506e-06	5.413533835e-06	10
3.236640506e-06	5.413533835e-06	10
3.236640506e-06	5.413533835e-06	10
3.236640506e-06	5.413533835e-06	10
3.236640506e-06	5.413533835e-06	10
3.236640506e-06	5.413533835e-06	10
3.236640506e-06	5.413533835e-06	10
3.236640506e-06	5.413533835e-06	10
3.236640506e-06	5.413533835e-06	10
3.236640506e-06	5.413533835e-06	10
3.236640506e-06	5.413533835e-06	0
3.217843513e-06	5.413533835e-06	0
3.199046521e-06	5.413533835e-06	0
3.180249528e-06	5.413533835e-06	0
3.161452536e-06	5.413533835e-06	0
3.161452536e-06	5.413533835e-06	10
3.161452536e-06	5.413533835e-06	10
3.161452536e-06	5.413533835e-06	10
3.161452536e-06	5.413533835e-06	10
3.161452536e-06	5.413533835e-06	10
3.161452536e-06	5.413533835e-06	10
3.161452536e-06	5.413533835e-06	10
3.161452536e-06	5.413533835e-06	10
3.161452536e-06	5.413533835e-06	10
3.161452536e-06	5.413533835e-06	10
3.161452536e-06	5.413533835e-06	10
3.161452536e-06	5.413533835e-06	10
3.161452536e-06	5.413533835e-06	10
3.161452536e-06	5.413533835e-06	10
3.161452536e-06	5.413533835e-06	10
3.161452536e-06	5.413533835e-06	10
3.161452536e-06	5.413533835e-06	10
3.161452536e-06	5.413533835e-06	10
3.161452536e-06	5.413533835e-06	10
3.161452536e-06	5.413533835e-06	10
3.161452536e-06	5.413533835e-06	10
3.161452536e-06	5.413533835e-06	10
3.161452536e-06	5.413533835e-06	10
3.161452536e-06	5.413533835e-06	10
3.161452536e-06	5.413533835e-06	10
3.161452536e-06	5.413533835e-06	0
3.142655543e-06	5.413533835e-06	0
3.123858551e-06	5.413533835e-06	0
3.105061558e-06	5.413533835e-06	0
3.086264566e-06	5.413533835e-06	0
3.086264566e-06	5.413533835e-06	10
3.086264566e-06	5.413533835e-06	10
3.086264566e-06	5.413533835e-06	10
3.086264566e-06	5.413533835e-06	10
3.086264566e-06	5.413533835e-06	10
3.086264566e-06	5.413533835e-06	10
3.086264566e-06	5.413533835e-06	10
3.086264566e-06	5.413533835e-06	10
3.086264566e-06	5.413533835e-06	10
3.086264566e-06	5.413533835e-06	10
3.086264566e-06	5.413533835e-06	10
3.086264566e-06	5.413533835e-06	10
3.086264566e-06	5.413533835e-06	10
3.086264566e-06	5.413533835e-06	10
3.086264566e-06	5.413533835e-06	10
3.086264566e-06	5.413533835e-06	10
3.086264566e-06	5.413533835e-06	10
3.086264566e-06	5.413533835e-06	10
3.086264566e-06	5.413533835e-06	10
3.086264566e-06	5.413533835e-06	10
3.086264566e-06	5.413533835e-06	10
3.086264566e-06	5.413533835e-06	10
3.086264566e-06	5.413533835e-06	10
3.086264566e-06	5.413533835e-06	10
3.086264566e-06	5.413533835e-06	10
3.086264566e-06	5.413533835e-06	0
3.067467573e-06	5.413533835e-06	0
3.048670581e-06	5.413533835e-06	0
3.029873588e-06	5.413533835e-06	0
3.011076596e-06	5.413533835e-06	0
3.011076596e-06	5.413533835e-06	10
3.011076596e-06	5.413533835e-06	10
3.011076596e-06	5.413533835e-06	10
3.011076596e-06	5.413533835e-06	10
3.011076596e-06	5.413533835e-06	10
3.011076596e-06	5.413533835e-06	10
3.011076596e-06	5.413533835e-06	10
3.011076596e-06	5.413533835e-06	10
3.011076596e-06	5.413533835e-06	10
3.011076596e-06	5.413533835e-06	10
3.011076596e-06	5.413533835e-06	10
3.011076596e-06	5.413533835e-06	10
3.011076596e-06	5.413533835e-06	10
3.011076596e-06	5.413533835e-06	10
3.011076596e-06	5.413533835e-06	10
3.011076596e-06	5.413533835e-06	10
3.011076596e-06	5.413533835e-06	10
3.011076596e-06	5.413533835e-06	10
3.011076596e-06	5.413533835e-06	10
3.011076596e-06	5.413533835e-06	10
3.011076596e-06	5.413533835e-06	10
3.011076596e-06	5.413533835e-06	10
3.011076596e-06	5.413533835e-06	10
3.011076596e-06	5.413533835e-06	10
3.011076596e-06	5.413533835e-06	10
3.011076596e-06	5.413533835e-06	0
2.992279603e-06	5.413533835e-06	0
2.973482611e-06	5.413533835e-06	0
2.954685618e-06	5.413533835e-06	0
2.935888626e-06	5.413533835e-06	0
2.935888626e-06	5.413533835e-06	10
2.935888626e-06	5.413533835e-06	10
2.935888626e-06	5.413533835e-06	10
2.935888626e-06	5.413533835e-06	10
2.935888626e-06	5.413533835e-06	10
2.935888626e-06	5.413533835e-06	10
2.935888626e-06	5.413533835e-06	10
2.935888626e-06	5.413533835e-06	10
2.935888626e-06	5.413533835e-06	10
2.935888626e-06	5.413533835e-06	10
2.935888626e-06	5.413533835e-06	10
2.935888626e-06	5.413533835e-06	10
2.935888626e-06	5.413533835e-06	10
2.935888626e-06	5.413533835e-06	10
2.935888626e-06	5.413533835e-06	10
2.935888626e-06	5.413533835e-06	10
2.935888626e-06	5.413533835e-06	10
2.935888626e-06	5.413533835e-06	10
2.935888626e-06	5.413533835e-06	10
2.935888626e-06	5.413533835e-06	10
2.935888626e-06	5.413533835e-06	10
2.935888626e-06	5.413533835e-06	10
2.935888626e-06	5.413533835e-06	10
2.935888626e-06	5.413533835e-06	10
2.935888626e-06	5.413533835e-06	10
2.935888626e-06	5.413533835e-06	0
2.917091633e-06	5.413533835e-06	0
2.898294641e-06	5.413533835e-06	0
2.879497648e-06	5.413533835e-06	0
2.860700656e-06	5.413533835e-06	0
2.860700656e-06	5.413533835e-06	10
2.860700656e-06	5.413533835e-06	10
2.860700656e-06	5.413533835e-06	10
2.860700656e-06	5.413533835e-06	10
2.860700656e-06	5.413533835e-06	10
2.860700656e-06	5.413533835e-06	10
2.860700656e-06	5.413533835e-06	10
2.860700656e-06	5.413533835e-06	10
2.860700656e-06	5.413533835e-06	10
2.860700656e-06	5.413533835e-06	10
2.860700656e-06	5.413533835e-06	10
2.860700656e-06	5.413533835e-06	10
2.860700656e-06	5.413533835e-06	10
2.860700656e-06	5.413533835e-06	10
2.860700656e-06	5.413533835e-06	10
2.860700656e-06	5.413533835e-06	10
2.860700656e-06	5.413533835e-06	10
2.860700656e-06	5.413533835e-06	10
2.860700656e-06	5.413533835e-06	10
2.860700656e-06	5.413533835e-06	10
2.860700656e-06	5.413533835e-06	10
2.860700656e-06	5.413533835e-06	10
2.860700656e-06	5.413533835e-06	10
2.860700656e-06	5.413533835e-06	10
2.860700656e-06	5.413533835e-06	10
2.860700656e-06	5.413533835e-06	0
2.841903663e-06	5.413533835e-06	0
2.823106671e-06	5.413533835e-06	0
2.804309678e-06	5.413533835e-06	0
2.785512686e-06	5.413533835e-06	0
2.785512686e-06	5.413533835e-06	10
2.785512686e-06	5.413533835e-06	10
2.785512686e-06	5.413533835e-06	10
2.785512686e-06	5.413533835e-06	10
2.785512686e-06	5.413533835e-06	10
2.785512686e-06	5.413533835e-06	10
2.785512686e-06	5.413533835e-06	10
2.785512686e-06	5.413533835e-06	10
2.785512686e-06	5.413533835e-06	10
2.785512686e-06	5.413533835e-06	10
2.785512686e-06	5.413533835e-06	10
2.785512686e-06	5.413533835e-06	10
2.785512686e-06	5.413533835e-06	10
2.785512686e-06	5.413533835e-06	10
2.785512686e-06	5.413533835e-06	10
2.785512686e-06	5.413533835e-06	10
2.785512686e-06	5.413533835e-06	10
2.785512686e-06	5.413533835e-06	10
2.785512686e-06	5.413533835e-06	10
2.785512686e-06	5.413533835e-06	10
2.785512686e-06	5.413533835e-06	10
2.785512686e-06	5.413533835e-06	10
2.785512686e-06	5.413533835e-06	10
2.785512686e-06	5.413533835e-06	10
2.785512686e-06	5.413533835e-06	10
2.785512686e-06	5.413533835e-06	0
2.766715694e-06	5.413533835e-06	0
2.747918701e-06	5.413533835e-06	0
2.729121709e-06	5.413533835e-06	0
2.710324716e-06	5.413533835e-06	0
2.710324716e-06	5.413533835e-06	10
2.710324716e-06	5.413533835e-06	10
2.710324716e-06	5.413533835e-06	10
2.710324716e-06	5.413533835e-06	10
2.710324716e-06	5.413533835e-06	10
2.710324716e-06	5.413533835e-06	10
2.710324716e-06	5.413533835e-06	10
2.710324716e-06	5.413533835e-06	10
2.710324716e-06	5.413533835e-06	10
2.710324716e-06	5.413533835e-06	10
2.710324716e-06	5.413533835e-06	10
2.710324716e-06	5.413533835e-06	10
2.710324716e-06	5.413533835e-06	10
2.710324716e-06	5.413533835e-06	10
2.710324716e-06	5.413533835e-06	10
2.710324716e-06	5.413533835e-06	10
2.710324716e-06	5.413533835e-06	10
2.710324716e-06	5.413533835e-06	10
2.710324716e-06	5.413533835e-06	10
2.710324716e-06	5.413533835e-06	10
2.710324716e-06	5.413533835e-06	10
2.710324716e-06	5.413533835e-06	10
2.710324716e-06	5.413533835e-06	10
2.710324716e-06	5.413533835e-06	10
2.710324716e-06	5.413533835e-06	10
2.710324716e-06	5.413533835e-06	0
2.691527724e-06	5.413533835e-06	0
2.672730731e-06	5.413533835e-06	0
2.653933739e-06	5.413533835e-06	0
2.635136746e-06	5.413533835e-06	0
2.635136746e-06	5.413533835e-06	10
2.635136746e-06	5.413533835e-06	10
2.635136746e-06	5.413533835e-06	10
2.635136746e-06	5.413533835e-06	10
2.635136746e-06	5.413533835e-06	10
2.635136746e-06	5.413533835e-06	10
2.635136746e-06	5.413533835e-06	10
2.635136746e-06	5.413533835e-06	10
2.635136746e-06	5.413533835e-06	10
2.635136746e-06	5.413533835e-06	10
2.635136746e-06	5.413533835e-06	10
2.635136746e-06	5.413533835e-06	10
2.635136746e-06	5.413533835e-06	10
2.635136746e-06	5.413533835e-06	10
2.635136746e-06	5.413533835e-06	10
2.635136746e-06	5.413533835e-06	10
2.635136746e-06	5.413533835e-06	10
2.635136746e-06	5.413533835e-06	10
2.635136746e-06	5.413533835e-06	10
2.635136746e-06	5.413533835e-06	10
2.635136746e-06	5.413533835e-06	10
2.635136746e-06	5.413533835e-06	10
2.635136746e-06	5.413533835e-06	10
2.635136746e-06	5.413533835e-06	10
2.635136746e-06	5.413533835e-06	10
2.635136746e-06	5.413533835e-06	0
2.616339754e-06	5.413533835e-06	0
2.597542761e-06	5.413533835e-06	0
2.578745769e-06	5.413533835e-06	0
2.559948776e-06	5.413533835e-06	0
2.559948776e-06	5.413533835e-06	10
2.559948776e-06	5.413533835e-06	10
2.559948776e-06	5.413533835e-06	10
2.559948776e-06	5.413533835e-06	10
2.559948776e-06	5.413533835e-06	10
2.559948776e-06	5.413533835e-06	10
2.559948776e-06	5.413533835e-06	10
2.559948776e-06	5.413533835e-06	10
2.559948776e-06	5.413533835e-06	10
2.559948776e-06	5.413533835e-06	10
2.559948776e-06	5.413533835e-06	10
2.559948776e-06	5.413533835e-06	10
2.559948776e-06	5.413533835e-06	10
2.559948776e-06	5.413533835e-06	10
2.559948776e-06	5.413533835e-06	10
2.559948776e-06	5.413533835e-06	10
2.559948776e-06	5.413533835e-06	10
2.559948776e-06	5.413533835e-06	10
2.559948776e-06	5.413533835e-06	10
2.559948776e-06	5.413533835e-06	10
2.559948776e-06	5.413533835e-06	10
2.559948776e-06	5.413533835e-06	10
2.559948776e-06	5.413533835e-06	10
2.559948776e-06	5.413533835e-06	10
2.559948776e-06	5.413533835e-06	10
2.559948776e-06	5.413533835e-06	0
2.541151784e-06	5.413533835e-06	0
2.522354791e-06	5.413533835e-06	0
2.503557799e-06	5.413533835e-06	0
2.484760806e-06	5.413533835e-06	0
2.484760806e-06	5.413533835e-06	10
2.484760806e-06	5.413533835e-06	10
2.484760806e-06	5.413533835e-06	10
2.484760806e-06	5.413533835e-06	10
2.484760806e-06	5.413533835e-06	10
2.484760806e-06	5.413533835e-06	10
2.484760806e-06	5.413533835e-06	10
2.484760806e-06	5.413533835e-06	10
2.484760806e-06	5.413533835e-06	10
2.484760806e-06	5.413533835e-06	10
2.484760806e-06	5.413533835e-06	10
2.484760806e-06	5.413533835e-06	10
2.484760806e-06	5.413533835e-06	10
2.484760806e-06	5.413533835e-06	10
2.484760806e-06	5.413533835e-06	10
2.484760806e-06	5.413533835e-06	10
2.484760806e-06	5.413533835e-06	10
2.484760806e-06	5.413533835e-06	10
2.484760806e-06	5.413533835e-06	10
2.484760806e-06	5.413533835e-06	10
2.484760806e-06	5.413533835e-06	10
2.484760806e-06	5.413533835e-06	10
2.484760806e-06	5.413533835e-06	10
2.484760806e-06	5.413533835e-06	10
2.484760806e-06	5.413533835e-06	10
2.484760806e-06	5.413533835e-06	0
2.465963814e-06	5.413533835e-06	0
2.447166821e-06	5.413533835e-06	0
2.428369829e-06	5.413533835e-06	0
2.409572836e-06	5.413533835e-06	0
2.409572836e-06	5.413533835e-06	10
2.409572836e-06	5.413533835e-06	10
2.409572836e-06	5.413533835e-06	10
2.409572836e-06	5.413533835e-06	10
2.409572836e-06	5.413533835e-06	10
2.409572836e-06	5.413533835e-06	10
2.409572836e-06	5.413533835e-06	10
2.409572836e-06	5.413533835e-06	10
2.409572836e-06	5.413533835e-06	10
2.409572836e-06	5.413533835e-06	10
2.409572836e-06	5.413533835e-06	10
2.409572836e-06	5.413533835e-06	10
2.409572836e-06	5.413533835e-06	10
2.409572836e-06	5.413533835e-06	10
2.409572836e-06	5.413533835e-06	10
2.409572836e-06	5.413533835e-06	10
2.409572836e-06	5.413533835e-06	10
2.409572836e-06	5.413533835e-06	10
2.409572836e-06	5.413533835e-06	10
2.409572836e-06	5.413533835e-06	10
2.409572836e-06	5.413533835e-06	10
2.409572836e-06	5.413533835e-06	10
2.409572836e-06	5.413533835e-06	10
2.409572836e-06	5.413533835e-06	10
2.409572836e-06	5.413533835e-06	10
2.409572836e-06	5.413533835e-06	0
2.390775844e-06	5.413533835e-06	0
2.371978851e-06	5.413533835e-06	0
2.353181859e-06	5.413533835e-06	0
2.334384866e-06	5.413533835e-06	0
2.334384866e-06	5.413533835e-06	10
2.334384866e-06	5.413533835e-06	10
2.334384866e-06	5.413533835e-06	10
2.334384866e-06	5.413533835e-06	10
2.334384866e-06	5.413533835e-06	10
2.334384866e-06	5.413533835e-06	10
2.334384866e-06	5.413533835e-06	10
2.334384866e-06	5.413533835e-06	10
2.334384866e-06	5.413533835e-06	10
2.334384866e-06	5.413533835e-06	10
2.334384866e-06	5.413533835e-06	10
2.334384866e-06	5.413533835e-06	10
2.334384866e-06	5.413533835e-06	10
2.334384866e-06	5.413533835e-06	10
2.334384866e-06	5.413533835e-06	10
2.334384866e-06	5.413533835e-06	10
2.334384866e-06	5.413533835e-06	10
2.334384866e-06	5.413533835e-06	10
2.334384866e-06	5.413533835e-06	10
2.334384866e-06	5.413533835e-06	10
2.334384866e-06	5.413533835e-06	10
2.334384866e-06	5.413533835e-06	10
2.334384866e-06	5.413533835e-06	10
2.334384866e-06	5.413533835e-06	10
2.334384866e-06	5.413533835e-06	10
2.334384866e-06	5.413533835e-06	0
2.334384866e-06	5.432330827e-06	0
2.334384866e-06	5.45112782e-06	0
2.334384866e-06	5.469924812e-06	0
2.334384866e-06	5.488721805e-06	0
2.334384866e-06	5.488721805e-06	-10
2.334384866e-06	5.488721805e-06	-10
2.334384866e-06	5.488721805e-06	-10
2.334384866e-06	5.488721805e-06	-10
2.334384866e-06	5.488721805e-06	-10
2.334384866e-06	5.488721805e-06	-10
2.334384866e-06	5.488721805e-06	-10
2.334384866e-06	5.488721805e-06	-10
2.334384866e-06	5.488721805e-06	-10
2.334384866e-06	5.488721805e-06	-10
2.334384866e-06	5.488721805e-06	-10
2.334384866e-06	5.488721805e-06	-10
2.334384866e-06	5.488721805e-06	-10
2.334384866e-06	5.488721805e-06	-10
2.334384866e-06	5.488721805e-06	-10
2.334384866e-06	5.488721805e-06	-10
2.334384866e-06	5.488721805e-06	-10
2.334384866e-06	5.488721805e-06	-10
2.334384866e-06	5.488721805e-06	-10
2.334384866e-06	5.488721805e-06	-10
2.334384866e-06	5.488721805e-06	-10
2.334384866e-06	5.488721805e-06	-10
2.334384866e-06	5.488721805e-06	-10
2.334384866e-06	5.488721805e-06	-10
2.334384866e-06	5.488721805e-06	-10
2.334384866e-06	5.488721805e-06	0
2.353181859e-06	5.488721805e-06	0
2.371978851e-06	5.488721805e-06	0
2.390775844e-06	5.488721805e-06	0
2.409572836e-06	5.488721805e-06	0
2.409572836e-06	5.488721805e-06	-10
2.409572836e-06	5.488721805e-06	-10
2.409572836e-06	5.488721805e-06	-10
2.409572836e-06	5.488721805e-06	-10
2.409572836e-06	5.488721805e-06	-10
2.409572836e-06	5.488721805e-06	-10
2.409572836e-06	5.488721805e-06	-10
2.409572836e-06	5.488721805e-06	-10
2.409572836e-06	5.488721805e-06	-10
2.409572836e-06	5.488721805e-06	-10
2.409572836e-06	5.488721805e-06	-10
2.409572836e-06	5.488721805e-06	-10
2.409572836e-06	5.488721805e-06	-10
2.409572836e-06	5.488721805e-06	-10
2.409572836e-06	5.488721805e-06	-10
2.409572836e-06	5.488721805e-06	-10
2.409572836e-06	5.488721805e-06	-10
2.409572836e-06	5.488721805e-06	-10
2.409572836e-06	5.488721805e-06	-10
2.409572836e-06	5.488721805e-06	-10
2.409572836e-06	5.488721805e-06	-10
2.409572836e-06	5.488721805e-06	-10
2.409572836e-06	5.488721805e-06	-10
2.409572836e-06	5.488721805e-06	-10
2.409572836e-06	5.488721805e-06	-10
2.409572836e-06	5.488721805e-06	0
2.428369829e-06	5.488721805e-06	0
2.447166821e-06	5.488721805e-06	0
2.465963814e-06	5.488721805e-06	0
2.484760806e-06	5.488721805e-06	0
2.484760806e-06	5.488721805e-06	-10
2.484760806e-06	5.488721805e-06	-10
2.484760806e-06	5.488721805e-06	-10
2.484760806e-06	5.488721805e-06	-10
2.484760806e-06	5.488721805e-06	-10
2.484760806e-06	5.488721805e-06	-10
2.484760806e-06	5.488721805e-06	-10
2.484760806e-06	5.488721805e-06	-10
2.484760806e-06	5.488721805e-06	-10
2.484760806e-06	5.488721805e-06	-10
2.484760806e-06	5.488721805e-06	-10
2.484760806e-06	5.488721805e-06	-10
2.484760806e-06	5.488721805e-06	-10
2.484760806e-06	5.488721805e-06	-10
2.484760806e-06	5.488721805e-06	-10
2.484760806e-06	5.488721805e-06	-10
2.484760806e-06	5.488721805e-06	-10
2.484760806e-06	5.488721805e-06	-10
2.484760806e-06	5.488721805e-06	-10
2.484760806e-06	5.488721805e-06	-10
2.484760806e-06	5.488721805e-06	-10
2.484760806e-06	5.488721805e-06	-10
2.484760806e-06	5.488721805e-06	-10
2.484760806e-06	5.488721805e-06	-10
2.484760806e-06	5.488721805e-06	-10
2.484760806e-06	5.488721805e-06	0
2.503557799e-06	5.488721805e-06	0
2.522354791e-06	5.488721805e-06	0
2.541151784e-06	5.488721805e-06	0
2.559948776e-06	5.488721805e-06	0
2.559948776e-06	5.488721805e-06	-10
2.559948776e-06	5.488721805e-06	-10
2.559948776e-06	5.488721805e-06	-10
2.559948776e-06	5.488721805e-06	-10
2.559948776e-06	5.488721805e-06	-10
2.559948776e-06	5.488721805e-06	-10
2.559948776e-06	5.488721805e-06	-10
2.559948776e-06	5.488721805e-06	-10
2.559948776e-06	5.488721805e-06	-10
2.559948776e-06	5.488721805e-06	-10
2.559948776e-06	5.488721805e-06	-10
2.559948776e-06	5.488721805e-06	-10
2.559948776e-06	5.488721805e-06	-10
2.559948776e-06	5.488721805e-06	-10
2.559948776e-06	5.488721805e-06	-10
2.559948776e-06	5.488721805e-06	-10
2.559948776e-06	5.488721805e-06	-10
2.559948776e-06	5.488721805e-06	-10
2.559948776e-06	5.488721805e-06	-10
2.559948776e-06	5.488721805e-06	-10
2.559948776e-06	5.488721805e-06	-10
2.559948776e-06	5.488721805e-06	-10
2.559948776e-06	5.488721805e-06	-10
2.559948776e-06	5.488721805e-06	-10
2.559948776e-06	5.488721805e-06	-10
2.559948776e-06	5.488721805e-06	0
2.578745769e-06	5.488721805e-06	0
2.597542761e-06	5.488721805e-06	0
2.616339754e-06	5.488721805e-06	0
2.635136746e-06	5.488721805e-06	0
2.635136746e-06	5.488721805e-06	-10
2.635136746e-06	5.488721805e-06	-10
2.635136746e-06	5.488721805e-06	-10
2.635136746e-06	5.488721805e-06	-10
2.635136746e-06	5.488721805e-06	-10
2.635136746e-06	5.488721805e-06	-10
2.635136746e-06	5.488721805e-06	-10
2.635136746e-06	5.488721805e-06	-10
2.635136746e-06	5.488721805e-06	-10
2.635136746e-06	5.488721805e-06	-10
2.635136746e-06	5.488721805e-06	-10
2.635136746e-06	5.488721805e-06	-10
2.635136746e-06	5.488721805e-06	-10
2.635136746e-06	5.488721805e-06	-10
2.635136746e-06	5.488721805e-06	-10
2.635136746e-06	5.488721805e-06	-10
2.635136746e-06	5.488721805e-06	-10
2.635136746e-06	5.488721805e-06	-10
2.635136746e-06	5.488721805e-06	-10
2.635136746e-06	5.488721805e-06	-10
2.635136746e-06	5.488721805e-06	-10
2.635136746e-06	5.488721805e-06	-10
2.635136746e-06	5.488721805e-06	-10
2.635136746e-06	5.488721805e-06	-10
2.635136746e-06	5.488721805e-06	-10
2.635136746e-06	5.488721805e-06	0
2.653933739e-06	5.488721805e-06	0
2.672730731e-06	5.488721805e-06	0
2.691527724e-06	5.488721805e-06	0
2.710324716e-06	5.488721805e-06	0
2.710324716e-06	5.488721805e-06	-10
2.710324716e-06	5.488721805e-06	-10
2.710324716e-06	5.488721805e-06	-10
2.710324716e-06	5.488721805e-06	-10
2.710324716e-06	5.488721805e-06	-10
2.710324716e-06	5.488721805e-06	-10
2.710324716e-06	5.488721805e-06	-10
2.710324716e-06	5.488721805e-06	-10
2.710324716e-06	5.488721805e-06	-10
2.710324716e-06	5.488721805e-06	-10
2.710324716e-06	5.488721805e-06	-10
2.710324716e-06	5.488721805e-06	-10
2.710324716e-06	5.488721805e-06	-10
2.710324716e-06	5.488721805e-06	-10
2.710324716e-06	5.488721805e-06	-10
2.710324716e-06	5.488721805e-06	-10
2.710324716e-06	5.488721805e-06	-10
2.710324716e-06	5.488721805e-06	-10
2.710324716e-06	5.488721805e-06	-10
2.710324716e-06	5.488721805e-06	-10
2.710324716e-06	5.488721805e-06	-10
2.710324716e-06	5.488721805e-06	-10
2.710324716e-06	5.488721805e-06	-10
2.710324716e-06	5.488721805e-06	-10
2.710324716e-06	5.488721805e-06	-10
2.710324716e-06	5.488721805e-06	0
2.729121709e-06	5.488721805e-06	0
2.747918701e-06	5.488721805e-06	0
2.766715694e-06	5.488721805e-06	0
2.785512686e-06	5.488721805e-06	0
2.785512686e-06	5.488721805e-06	-10
2.785512686e-06	5.488721805e-06	-10
2.785512686e-06	5.488721805e-06	-10
2.785512686e-06	5.488721805e-06	-10
2.785512686e-06	5.488721805e-06	-10
2.785512686e-06	5.488721805e-06	-10
2.785512686e-06	5.488721805e-06	-10
2.785512686e-06	5.488721805e-06	-10
2.785512686e-06	5.488721805e-06	-10
2.785512686e-06	5.488721805e-06	-10
2.785512686e-06	5.488721805e-06	-10
2.785512686e-06	5.488721805e-06	-10
2.785512686e-06	5.488721805e-06	-10
2.785512686e-06	5.488721805e-06	-10
2.785512686e-06	5.488721805e-06	-10
2.785512686e-06	5.488721805e-06	-10
2.785512686e-06	5.488721805e-06	-10
2.785512686e-06	5.488721805e-06	-10
2.785512686e-06	5.488721805e-06	-10
2.785512686e-06	5.488721805e-06	-10
2.785512686e-06	5.488721805e-06	-10
2.785512686e-06	5.488721805e-06	-10
2.785512686e-06	5.488721805e-06	-10
2.785512686e-06	5.488721805e-06	-10
2.785512686e-06	5.488721805e-06	-10
2.785512686e-06	5.488721805e-06	0
2.804309678e-06	5.488721805e-06	0
2.823106671e-06	5.488721805e-06	0
2.841903663e-06	5.488721805e-06	0
2.860700656e-06	5.488721805e-06	0
2.860700656e-06	5.488721805e-06	-10
2.860700656e-06	5.488721805e-06	-10
2.860700656e-06	5.488721805e-06	-10
2.860700656e-06	5.488721805e-06	-10
2.860700656e-06	5.488721805e-06	-10
2.860700656e-06	5.488721805e-06	-10
2.860700656e-06	5.488721805e-06	-10
2.860700656e-06	5.488721805e-06	-10
2.860700656e-06	5.488721805e-06	-10
2.860700656e-06	5.488721805e-06	-10
2.860700656e-06	5.488721805e-06	-10
2.860700656e-06	5.488721805e-06	-10
2.860700656e-06	5.488721805e-06	-10
2.860700656e-06	5.488721805e-06	-10
2.860700656e-06	5.488721805e-06	-10
2.860700656e-06	5.488721805e-06	-10
2.860700656e-06	5.488721805e-06	-10
2.860700656e-06	5.488721805e-06	-10
2.860700656e-06	5.488721805e-06	-10
2.860700656e-06	5.488721805e-06	-10
2.860700656e-06	5.488721805e-06	-10
2.860700656e-06	5.488721805e-06	-10
2.860700656e-06	5.488721805e-06	-10
2.860700656e-06	5.488721805e-06	-10
2.860700656e-06	5.488721805e-06	-10
2.860700656e-06	5.488721805e-06	0
2.879497648e-06	5.488721805e-06	0
2.898294641e-06	5.488721805e-06	0
2.917091633e-06	5.488721805e-06	0
2.935888626e-06	5.488721805e-06	0
2.935888626e-06	5.488721805e-06	-10
2.935888626e-06	5.488721805e-06	-10
2.935888626e-06	5.488721805e-06	-10
2.935888626e-06	5.488721805e-06	-10
2.935888626e-06	5.488721805e-06	-10
2.935888626e-06	5.488721805e-06	-10
2.935888626e-06	5.488721805e-06	-10
2.935888626e-06	5.488721805e-06	-10
2.935888626e-06	5.488721805e-06	-10
2.935888626e-06	5.488721805e-06	-10
2.935888626e-06	5.488721805e-06	-10
2.935888626e-06	5.488721805e-06	-10
2.935888626e-06	5.488721805e-06	-10
2.935888626e-06	5.488721805e-06	-10
2.935888626e-06	5.488721805e-06	-10
2.935888626e-06	5.488721805e-06	-10
2.935888626e-06	5.488721805e-06	-10
2.935888626e-06	5.488721805e-06	-10
2.935888626e-06	5.488721805e-06	-10
2.935888626e-06	5.488721805e-06	-10
2.935888626e-06	5.488721805e-06	-10
2.935888626e-06	5.488721805e-06	-10
2.935888626e-06	5.488721805e-06	-10
2.935888626e-06	5.488721805e-06	-10
2.935888626e-06	5.488721805e-06	-10
2.935888626e-06	5.488721805e-06	0
2.954685618e-06	5.488721805e-06	0
2.973482611e-06	5.488721805e-06	0
2.992279603e-06	5.488721805e-06	0
3.011076596e-06	5.488721805e-06	0
3.011076596e-06	5.488721805e-06	-10
3.011076596e-06	5.488721805e-06	-10
3.011076596e-06	5.488721805e-06	-10
3.011076596e-06	5.488721805e-06	-10
3.011076596e-06	5.488721805e-06	-10
3.011076596e-06	5.488721805e-06	-10
3.011076596e-06	5.488721805e-06	-10
3.011076596e-06	5.488721805e-06	-10
3.011076596e-06	5.488721805e-06	-10
3.011076596e-06	5.488721805e-06	-10
3.011076596e-06	5.488721805e-06	-10
3.011076596e-06	5.488721805e-06	-10
3.011076596e-06	5.488721805e-06	-10
3.011076596e-06	5.488721805e-06	-10
3.011076596e-06	5.488721805e-06	-10
3.011076596e-06	5.488721805e-06	-10
3.011076596e-06	5.488721805e-06	-10
3.011076596e-06	5.488721805e-06	-10
3.011076596e-06	5.488721805e-06	-10
3.011076596e-06	5.488721805e-06	-10
3.011076596e-06	5.488721805e-06	-10
3.011076596e-06	5.488721805e-06	-10
3.011076596e-06	5.488721805e-06	-10
3.011076596e-06	5.488721805e-06	-10
3.011076596e-06	5.488721805e-06	-10
3.011076596e-06	5.488721805e-06	0
3.029873588e-06	5.488721805e-06	0
3.048670581e-06	5.488721805e-06	0
3.067467573e-06	5.488721805e-06	0
3.086264566e-06	5.488721805e-06	0
3.086264566e-06	5.488721805e-06	-10
3.086264566e-06	5.488721805e-06	-10
3.086264566e-06	5.488721805e-06	-10
3.086264566e-06	5.488721805e-06	-10
3.086264566e-06	5.488721805e-06	-10
3.086264566e-06	5.488721805e-06	-10
3.086264566e-06	5.488721805e-06	-10
3.086264566e-06	5.488721805e-06	-10
3.086264566e-06	5.488721805e-06	-10
3.086264566e-06	5.488721805e-06	-10
3.086264566e-06	5.488721805e-06	-10
3.086264566e-06	5.488721805e-06	-10
3.086264566e-06	5.488721805e-06	-10
3.086264566e-06	5.488721805e-06	-10
3.086264566e-06	5.488721805e-06	-10
3.086264566e-06	5.488721805e-06	-10
3.086264566e-06	5.488721805e-06	-10
3.086264566e-06	5.488721805e-06	-10
3.086264566e-06	5.488721805e-06	-10
3.086264566e-06	5.488721805e-06	-10
3.086264566e-06	5.488721805e-06	-10
3.086264566e-06	5.488721805e-06	-10
3.086264566e-06	5.488721805e-06	-10
3.086264566e-06	5.488721805e-06	-10
3.086264566e-06	5.488721805e-06	-10
3.086264566e-06	5.488721805e-06	0
3.105061558e-06	5.488721805e-06	0
3.123858551e-06	5.488721805e-06	0
3.142655543e-06	5.488721805e-06	0
3.161452536e-06	5.488721805e-06	0
3.161452536e-06	5.488721805e-06	-10
3.161452536e-06	5.488721805e-06	-10
3.161452536e-06	5.488721805e-06	-10
3.161452536e-06	5.488721805e-06	-10
3.161452536e-06	5.488721805e-06	-10
3.161452536e-06	5.488721805e-06	-10
3.161452536e-06	5.488721805e-06	-10
3.161452536e-06	5.488721805e-06	-10
3.161452536e-06	5.488721805e-06	-10
3.161452536e-06	5.488721805e-06	-10
3.161452536e-06	5.488721805e-06	-10
3.161452536e-06	5.488721805e-06	-10
3.161452536e-06	5.488721805e-06	-10
3.161452536e-06	5.488721805e-06	-10
3.161452536e-06	5.488721805e-06	-10
3.161452536e-06	5.488721805e-06	-10
3.161452536e-06	5.488721805e-06	-10
3.161452536e-06	5.488721805e-06	-10
3.161452536e-06	5.488721805e-06	-10
3.161452536e-06	5.488721805e-06	-10
3.161452536e-06	5.488721805e-06	-10
3.161452536e-06	5.488721805e-06	-10
3.161452536e-06	5.488721805e-06	-10
3.161452536e-06	5.488721805e-06	-10
3.161452536e-06	5.488721805e-06	-10
3.161452536e-06	5.488721805e-06	0
3.180249528e-06	5.488721805e-06	0
3.199046521e-06	5.488721805e-06	0
3.217843513e-06	5.488721805e-06	0
3.236640506e-06	5.488721805e-06	0
3.236640506e-06	5.488721805e-06	-10
3.236640506e-06	5.488721805e-06	-10
3.236640506e-06	5.488721805e-06	-10
3.236640506e-06	5.488721805e-06	-10
3.236640506e-06	5.488721805e-06	-10
3.236640506e-06	5.488721805e-06	-10
3.236640506e-06	5.488721805e-06	-10
3.236640506e-06	5.488721805e-06	-10
3.236640506e-06	5.488721805e-06	-10
3.236640506e-06	5.488721805e-06	-10
3.236640506e-06	5.488721805e-06	-10
3.236640506e-06	5.488721805e-06	-10
3.236640506e-06	5.488721805e-06	-10
3.236640506e-06	5.488721805e-06	-10
3.236640506e-06	5.488721805e-06	-10
3.236640506e-06	5.488721805e-06	-10
3.236640506e-06	5.488721805e-06	-10
3.236640506e-06	5.488721805e-06	-10
3.236640506e-06	5.488721805e-06	-10
3.236640506e-06	5.488721805e-06	-10
3.236640506e-06	5.488721805e-06	-10
3.236640506e-06	5.488721805e-06	-10
3.236640506e-06	5.488721805e-06	-10
3.236640506e-06	5.488721805e-06	-10
3.236640506e-06	5.488721805e-06	-10
3.236640506e-06	5.488721805e-06	0
3.255437498e-06	5.488721805e-06	0
3.274234491e-06	5.488721805e-06	0
3.293031483e-06	5.488721805e-06	0
3.311828475e-06	5.488721805e-06	0
3.311828475e-06	5.488721805e-06	-10
3.311828475e-06	5.488721805e-06	-10
3.311828475e-06	5.488721805e-06	-10
3.311828475e-06	5.488721805e-06	-10
3.311828475e-06	5.488721805e-06	-10
3.311828475e-06	5.488721805e-06	-10
3.311828475e-06	5.488721805e-06	-10
3.311828475e-06	5.488721805e-06	-10
3.311828475e-06	5.488721805e-06	-10
3.311828475e-06	5.488721805e-06	-10
3.311828475e-06	5.488721805e-06	-10
3.311828475e-06	5.488721805e-06	-10
3.311828475e-06	5.488721805e-06	-10
3.311828475e-06	5.488721805e-06	-10
3.311828475e-06	5.488721805e-06	-10
3.311828475e-06	5.488721805e-06	-10
3.311828475e-06	5.488721805e-06	-10
3.311828475e-06	5.488721805e-06	-10
3.311828475e-06	5.488721805e-06	-10
3.311828475e-06	5.488721805e-06	-10
3.311828475e-06	5.488721805e-06	-10
3.311828475e-06	5.488721805e-06	-10
3.311828475e-06	5.488721805e-06	-10
3.311828475e-06	5.488721805e-06	-10
3.311828475e-06	5.488721805e-06	-10
3.311828475e-06	5.488721805e-06	0
3.330625468e-06	5.488721805e-06	0
3.34942246e-06	5.488721805e-06	0
3.368219453e-06	5.488721805e-06	0
3.387016445e-06	5.488721805e-06	0
3.387016445e-06	5.488721805e-06	-10
3.387016445e-06	5.488721805e-06	-10
3.387016445e-06	5.488721805e-06	-10
3.387016445e-06	5.488721805e-06	-10
3.387016445e-06	5.488721805e-06	-10
3.387016445e-06	5.488721805e-06	-10
3.387016445e-06	5.488721805e-06	-10
3.387016445e-06	5.488721805e-06	-10
3.387016445e-06	5.488721805e-06	-10
3.387016445e-06	5.488721805e-06	-10
3.387016445e-06	5.488721805e-06	-10
3.387016445e-06	5.488721805e-06	-10
3.387016445e-06	5.488721805e-06	-10
3.387016445e-06	5.488721805e-06	-10
3.387016445e-06	5.488721805e-06	-10
3.387016445e-06	5.488721805e-06	-10
3.387016445e-06	5.488721805e-06	-10
3.387016445e-06	5.488721805e-06	-10
3.387016445e-06	5.488721805e-06	-10
3.387016445e-06	5.488721805e-06	-10
3.387016445e-06	5.488721805e-06	-10
3.387016445e-06	5.488721805e-06	-10
3.387016445e-06	5.488721805e-06	-10
3.387016445e-06	5.488721805e-06	-10
3.387016445e-06	5.488721805e-06	-10
3.387016445e-06	5.488721805e-06	0
3.405813438e-06	5.488721805e-06	0
3.42461043e-06	5.488721805e-06	0
3.443407423e-06	5.488721805e-06	0
3.462204415e-06	5.488721805e-06	0
3.462204415e-06	5.488721805e-06	-10
3.462204415e-06	5.488721805e-06	-10
3.462204415e-06	5.488721805e-06	-10
3.462204415e-06	5.488721805e-06	-10
3.462204415e-06	5.488721805e-06	-10
3.462204415e-06	5.488721805e-06	-10
3.462204415e-06	5.488721805e-06	-10
3.462204415e-06	5.488721805e-06	-10
3.462204415e-06	5.488721805e-06	-10
3.462204415e-06	5.488721805e-06	-10
3.462204415e-06	5.488721805e-06	-10
3.462204415e-06	5.488721805e-06	-10
3.462204415e-06	5.488721805e-06	-10
3.462204415e-06	5.488721805e-06	-10
3.462204415e-06	5.488721805e-06	-10
3.462204415e-06	5.488721805e-06	-10
3.462204415e-06	5.488721805e-06	-10
3.462204415e-06	5.488721805e-06	-10
3.462204415e-06	5.488721805e-06	-10
3.462204415e-06	5.488721805e-06	-10
3.462204415e-06	5.488721805e-06	-10
3.462204415e-06	5.488721805e-06	-10
3.462204415e-06	5.488721805e-06	-10
3.462204415e-06	5.488721805e-06	-10
3.462204415e-06	5.488721805e-06	-10
3.462204415e-06	5.488721805e-06	0
3.481001408e-06	5.488721805e-06	0
3.4997984e-06	5.488721805e-06	0
3.518595393e-06	5.488721805e-06	0
3.537392385e-06	5.488721805e-06	0
3.537392385e-06	5.488721805e-06	-10
3.537392385e-06	5.488721805e-06	-10
3.537392385e-06	5.488721805e-06	-10
3.537392385e-06	5.488721805e-06	-10
3.537392385e-06	5.488721805e-06	-10
3.537392385e-06	5.488721805e-06	-10
3.537392385e-06	5.488721805e-06	-10
3.537392385e-06	5.488721805e-06	-10
3.537392385e-06	5.488721805e-06	-10
3.537392385e-06	5.488721805e-06	-10
3.537392385e-06	5.488721805e-06	-10
3.537392385e-06	5.488721805e-06	-10
3.537392385e-06	5.488721805e-06	-10
3.537392385e-06	5.488721805e-06	-10
3.537392385e-06	5.488721805e-06	-10
3.537392385e-06	5.488721805e-06	-10
3.537392385e-06	5.488721805e-06	-10
3.537392385e-06	5.488721805e-06	-10
3.537392385e-06	5.488721805e-06	-10
3.537392385e-06	5.488721805e-06	-10
3.537392385e-06	5.488721805e-06	-10
3.537392385e-06	5.488721805e-06	-10
3.537392385e-06	5.488721805e-06	-10
3.537392385e-06	5.488721805e-06	-10
3.537392385e-06	5.488721805e-06	-10
3.537392385e-06	5.488721805e-06	0
3.556189378e-06	5.488721805e-06	0
3.57498637e-06	5.488721805e-06	0
3.593783363e-06	5.488721805e-06	0
3.612580355e-06	5.488721805e-06	0
3.612580355e-06	5.488721805e-06	-10
3.612580355e-06	5.488721805e-06	-10
3.612580355e-06	5.488721805e-06	-10
3.612580355e-06	5.488721805e-06	-10
3.612580355e-06	5.488721805e-06	-10
3.612580355e-06	5.488721805e-06	-10
3.612580355e-06	5.488721805e-06	-10
3.612580355e-06	5.488721805e-06	-10
3.612580355e-06	5.488721805e-06	-10
3.612580355e-06	5.488721805e-06	-10
3.612580355e-06	5.488721805e-06	-10
3.612580355e-06	5.488721805e-06	-10
3.612580355e-06	5.488721805e-06	-10
3.612580355e-06	5.488721805e-06	-10
3.612580355e-06	5.488721805e-06	-10
3.612580355e-06	5.488721805e-06	-10
3.612580355e-06	5.488721805e-06	-10
3.612580355e-06	5.488721805e-06	-10
3.612580355e-06	5.488721805e-06	-10
3.612580355e-06	5.488721805e-06	-10
3.612580355e-06	5.488721805e-06	-10
3.612580355e-06	5.488721805e-06	-10
3.612580355e-06	5.488721805e-06	-10
3.612580355e-06	5.488721805e-06	-10
3.612580355e-06	5.488721805e-06	-10
3.612580355e-06	5.488721805e-06	0
3.631377348e-06	5.488721805e-06	0
3.65017434e-06	5.488721805e-06	0
3.668971333e-06	5.488721805e-06	0
3.687768325e-06	5.488721805e-06	0
3.687768325e-06	5.488721805e-06	-10
3.687768325e-06	5.488721805e-06	-10
3.687768325e-06	5.488721805e-06	-10
3.687768325e-06	5.488721805e-06	-10
3.687768325e-06	5.488721805e-06	-10
3.687768325e-06	5.488721805e-06	-10
3.687768325e-06	5.488721805e-06	-10
3.687768325e-06	5.488721805e-06	-10
3.687768325e-06	5.488721805e-06	-10
3.687768325e-06	5.488721805e-06	-10
3.687768325e-06	5.488721805e-06	-10
3.687768325e-06	5.488721805e-06	-10
3.687768325e-06	5.488721805e-06	-10
3.687768325e-06	5.488721805e-06	-10
3.687768325e-06	5.488721805e-06	-10
3.687768325e-06	5.488721805e-06	-10
3.687768325e-06	5.488721805e-06	-10
3.687768325e-06	5.488721805e-06	-10
3.687768325e-06	5.488721805e-06	-10
3.687768325e-06	5.488721805e-06	-10
3.687768325e-06	5.488721805e-06	-10
3.687768325e-06	5.488721805e-06	-10
3.687768325e-06	5.488721805e-06	-10
3.687768325e-06	5.488721805e-06	-10
3.687768325e-06	5.488721805e-06	-10
3.687768325e-06	5.488721805e-06	0
3.706565318e-06	5.488721805e-06	0
3.72536231e-06	5.488721805e-06	0
3.744159303e-06	5.488721805e-06	0
3.762956295e-06	5.488721805e-06	0
3.762956295e-06	5.488721805e-06	-10
3.762956295e-06	5.488721805e-06	-10
3.762956295e-06	5.488721805e-06	-10
3.762956295e-06	5.488721805e-06	-10
3.762956295e-06	5.488721805e-06	-10
3.762956295e-06	5.488721805e-06	-10
3.762956295e-06	5.488721805e-06	-10
3.762956295e-06	5.488721805e-06	-10
3.762956295e-06	5.488721805e-06	-10
3.762956295e-06	5.488721805e-06	-10
3.762956295e-06	5.488721805e-06	-10
3.762956295e-06	5.488721805e-06	-10
3.762956295e-06	5.488721805e-06	-10
3.762956295e-06	5.488721805e-06	-10
3.762956295e-06	5.488721805e-06	-10
3.762956295e-06	5.488721805e-06	-10
3.762956295e-06	5.488721805e-06	-10
3.762956295e-06	5.488721805e-06	-10
3.762956295e-06	5.488721805e-06	-10
3.762956295e-06	5.488721805e-06	-10
3.762956295e-06	5.488721805e-06	-10
3.762956295e-06	5.488721805e-06	-10
3.762956295e-06	5.488721805e-06	-10
3.762956295e-06	5.488721805e-06	-10
3.762956295e-06	5.488721805e-06	-10
3.762956295e-06	5.488721805e-06	0
3.781753288e-06	5.488721805e-06	0
3.80055028e-06	5.488721805e-06	0
3.819347272e-06	5.488721805e-06	0
3.838144265e-06	5.488721805e-06	0
3.838144265e-06	5.488721805e-06	-10
3.838144265e-06	5.488721805e-06	-10
3.838144265e-06	5.488721805e-06	-10
3.838144265e-06	5.488721805e-06	-10
3.838144265e-06	5.488721805e-06	-10
3.838144265e-06	5.488721805e-06	-10
3.838144265e-06	5.488721805e-06	-10
3.838144265e-06	5.488721805e-06	-10
3.838144265e-06	5.488721805e-06	-10
3.838144265e-06	5.488721805e-06	-10
3.838144265e-06	5.488721805e-06	-10
3.838144265e-06	5.488721805e-06	-10
3.838144265e-06	5.488721805e-06	-10
3.838144265e-06	5.488721805e-06	-10
3.838144265e-06	5.488721805e-06	-10
3.838144265e-06	5.488721805e-06	-10
3.838144265e-06	5.488721805e-06	-10
3.838144265e-06	5.488721805e-06	-10
3.838144265e-06	5.488721805e-06	-10
3.838144265e-06	5.488721805e-06	-10
3.838144265e-06	5.488721805e-06	-10
3.838144265e-06	5.488721805e-06	-10
3.838144265e-06	5.488721805e-06	-10
3.838144265e-06	5.488721805e-06	-10
3.838144265e-06	5.488721805e-06	-10
3.838144265e-06	5.488721805e-06	0
3.856941257e-06	5.488721805e-06	0
3.87573825e-06	5.488721805e-06	0
3.894535242e-06	5.488721805e-06	0
3.913332235e-06	5.488721805e-06	0
3.913332235e-06	5.488721805e-06	-10
3.913332235e-06	5.488721805e-06	-10
3.913332235e-06	5.488721805e-06	-10
3.913332235e-06	5.488721805e-06	-10
3.913332235e-06	5.488721805e-06	-10
3.913332235e-06	5.488721805e-06	-10
3.913332235e-06	5.488721805e-06	-10
3.913332235e-06	5.488721805e-06	-10
3.913332235e-06	5.488721805e-06	-10
3.913332235e-06	5.488721805e-06	-10
3.913332235e-06	5.488721805e-06	-10
3.913332235e-06	5.488721805e-06	-10
3.913332235e-06	5.488721805e-06	-10
3.913332235e-06	5.488721805e-06	-10
3.913332235e-06	5.488721805e-06	-10
3.913332235e-06	5.488721805e-06	-10
3.913332235e-06	5.488721805e-06	-10
3.913332235e-06	5.488721805e-06	-10
3.913332235e-06	5.488721805e-06	-10
3.913332235e-06	5.488721805e-06	-10
3.913332235e-06	5.488721805e-06	-10
3.913332235e-06	5.488721805e-06	-10
3.913332235e-06	5.488721805e-06	-10
3.913332235e-06	5.488721805e-06	-10
3.913332235e-06	5.488721805e-06	-10
3.913332235e-06	5.488721805e-06	0
3.932129227e-06	5.488721805e-06	0
3.95092622e-06	5.488721805e-06	0
3.969723212e-06	5.488721805e-06	0
3.988520205e-06	5.488721805e-06	0
3.988520205e-06	5.488721805e-06	-10
3.988520205e-06	5.488721805e-06	-10
3.988520205e-06	5.488721805e-06	-10
3.988520205e-06	5.488721805e-06	-10
3.988520205e-06	5.488721805e-06	-10
3.988520205e-06	5.488721805e-06	-10
3.988520205e-06	5.488721805e-06	-10
3.988520205e-06	5.488721805e-06	-10
3.988520205e-06	5.488721805e-06	-10
3.988520205e-06	5.488721805e-06	-10
3.988520205e-06	5.488721805e-06	-10
3.988520205e-06	5.488721805e-06	-10
3.988520205e-06	5.488721805e-06	-10
3.988520205e-06	5.488721805e-06	-10
3.988520205e-06	5.488721805e-06	-10
3.988520205e-06	5.488721805e-06	-10
3.988520205e-06	5.488721805e-06	-10
3.988520205e-06	5.488721805e-06	-10
3.988520205e-06	5.488721805e-06	-10
3.988520205e-06	5.488721805e-06	-10
3.988520205e-06	5.488721805e-06	-10
3.988520205e-06	5.488721805e-06	-10
3.988520205e-06	5.488721805e-06	-10
3.988520205e-06	5.488721805e-06	-10
3.988520205e-06	5.488721805e-06	-10
3.988520205e-06	5.488721805e-06	0
4.007317197e-06	5.488721805e-06	0
4.02611419e-06	5.488721805e-06	0
4.044911182e-06	5.488721805e-06	0
4.063708175e-06	5.488721805e-06	0
4.063708175e-06	5.488721805e-06	-10
4.063708175e-06	5.488721805e-06	-10
4.063708175e-06	5.488721805e-06	-10
4.063708175e-06	5.488721805e-06	-10
4.063708175e-06	5.488721805e-06	-10
4.063708175e-06	5.488721805e-06	-10
4.063708175e-06	5.488721805e-06	-10
4.063708175e-06	5.488721805e-06	-10
4.063708175e-06	5.488721805e-06	-10
4.063708175e-06	5.488721805e-06	-10
4.063708175e-06	5.488721805e-06	-10
4.063708175e-06	5.488721805e-06	-10
4.063708175e-06	5.488721805e-06	-10
4.063708175e-06	5.488721805e-06	-10
4.063708175e-06	5.488721805e-06	-10
4.063708175e-06	5.488721805e-06	-10
4.063708175e-06	5.488721805e-06	-10
4.063708175e-06	5.488721805e-06	-10
4.063708175e-06	5.488721805e-06	-10
4.063708175e-06	5.488721805e-06	-10
4.063708175e-06	5.488721805e-06	-10
4.063708175e-06	5.488721805e-06	-10
4.063708175e-06	5.488721805e-06	-10
4.063708175e-06	5.488721805e-06	-10
4.063708175e-06	5.488721805e-06	-10
4.063708175e-06	5.488721805e-06	0
4.063708175e-06	5.507518797e-06	0
4.063708175e-06	5.526315789e-06	0
4.063708175e-06	5.545112782e-06	0
4.063708175e-06	5.563909774e-06	0
4.063708175e-06	5.563909774e-06	-10
4.063708175e-06	5.563909774e-06	-10
4.063708175e-06	5.563909774e-06	-10
4.063708175e-06	5.563909774e-06	-10
4.063708175e-06	5.563909774e-06	-10
4.063708175e-06	5.563909774e-06	-10
4.063708175e-06	5.563909774e-06	-10
4.063708175e-06	5.563909774e-06	-10
4.063708175e-06	5.563909774e-06	-10
4.063708175e-06	5.563909774e-06	-10
4.063708175e-06	5.563909774e-06	-10
4.063708175e-06	5.563909774e-06	-10
4.063708175e-06	5.563909774e-06	-10
4.063708175e-06	5.563909774e-06	-10
4.063708175e-06	5.563909774e-06	-10
4.063708175e-06	5.563909774e-06	-10
4.063708175e-06	5.563909774e-06	-10
4.063708175e-06	5.563909774e-06	-10
4.063708175e-06	5.563909774e-06	-10
4.063708175e-06	5.563909774e-06	-10
4.063708175e-06	5.563909774e-06	-10
4.063708175e-06	5.563909774e-06	-10
4.063708175e-06	5.563909774e-06	-10
4.063708175e-06	5.563909774e-06	-10
4.063708175e-06	5.563909774e-06	-10
4.063708175e-06	5.563909774e-06	0
4.044911182e-06	5.563909774e-06	0
4.02611419e-06	5.563909774e-06	0
4.007317197e-06	5.563909774e-06	0
3.988520205e-06	5.563909774e-06	0
3.988520205e-06	5.563909774e-06	-10
3.988520205e-06	5.563909774e-06	-10
3.988520205e-06	5.563909774e-06	-10
3.988520205e-06	5.563909774e-06	-10
3.988520205e-06	5.563909774e-06	-10
3.988520205e-06	5.563909774e-06	-10
3.988520205e-06	5.563909774e-06	-10
3.988520205e-06	5.563909774e-06	-10
3.988520205e-06	5.563909774e-06	-10
3.988520205e-06	5.563909774e-06	-10
3.988520205e-06	5.563909774e-06	-10
3.988520205e-06	5.563909774e-06	-10
3.988520205e-06	5.563909774e-06	-10
3.988520205e-06	5.563909774e-06	-10
3.988520205e-06	5.563909774e-06	-10
3.988520205e-06	5.563909774e-06	-10
3.988520205e-06	5.563909774e-06	-10
3.988520205e-06	5.563909774e-06	-10
3.988520205e-06	5.563909774e-06	-10
3.988520205e-06	5.563909774e-06	-10
3.988520205e-06	5.563909774e-06	-10
3.988520205e-06	5.563909774e-06	-10
3.988520205e-06	5.563909774e-06	-10
3.988520205e-06	5.563909774e-06	-10
3.988520205e-06	5.563909774e-06	-10
3.988520205e-06	5.563909774e-06	0
3.969723212e-06	5.563909774e-06	0
3.95092622e-06	5.563909774e-06	0
3.932129227e-06	5.563909774e-06	0
3.913332235e-06	5.563909774e-06	0
3.913332235e-06	5.563909774e-06	-10
3.913332235e-06	5.563909774e-06	-10
3.913332235e-06	5.563909774e-06	-10
3.913332235e-06	5.563909774e-06	-10
3.913332235e-06	5.563909774e-06	-10
3.913332235e-06	5.563909774e-06	-10
3.913332235e-06	5.563909774e-06	-10
3.913332235e-06	5.563909774e-06	-10
3.913332235e-06	5.563909774e-06	-10
3.913332235e-06	5.563909774e-06	-10
3.913332235e-06	5.563909774e-06	-10
3.913332235e-06	5.563909774e-06	-10
3.913332235e-06	5.563909774e-06	-10
3.913332235e-06	5.563909774e-06	-10
3.913332235e-06	5.563909774e-06	-10
3.913332235e-06	5.563909774e-06	-10
3.913332235e-06	5.563909774e-06	-10
3.913332235e-06	5.563909774e-06	-10
3.913332235e-06	5.563909774e-06	-10
3.913332235e-06	5.563909774e-06	-10
3.913332235e-06	5.563909774e-06	-10
3.913332235e-06	5.563909774e-06	-10
3.913332235e-06	5.563909774e-06	-10
3.913332235e-06	5.563909774e-06	-10
3.913332235e-06	5.563909774e-06	-10
3.913332235e-06	5.563909774e-06	0
3.894535242e-06	5.563909774e-06	0
3.87573825e-06	5.563909774e-06	0
3.856941257e-06	5.563909774e-06	0
3.838144265e-06	5.563909774e-06	0
3.838144265e-06	5.563909774e-06	-10
3.838144265e-06	5.563909774e-06	-10
3.838144265e-06	5.563909774e-06	-10
3.838144265e-06	5.563909774e-06	-10
3.838144265e-06	5.563909774e-06	-10
3.838144265e-06	5.563909774e-06	-10
3.838144265e-06	5.563909774e-06	-10
3.838144265e-06	5.563909774e-06	-10
3.838144265e-06	5.563909774e-06	-10
3.838144265e-06	5.563909774e-06	-10
3.838144265e-06	5.563909774e-06	-10
3.838144265e-06	5.563909774e-06	-10
3.838144265e-06	5.563909774e-06	-10
3.838144265e-06	5.563909774e-06	-10
3.838144265e-06	5.563909774e-06	-10
3.838144265e-06	5.563909774e-06	-10
3.838144265e-06	5.563909774e-06	-10
3.838144265e-06	5.563909774e-06	-10
3.838144265e-06	5.563909774e-06	-10
3.838144265e-06	5.563909774e-06	-10
3.838144265e-06	5.563909774e-06	-10
3.838144265e-06	5.563909774e-06	-10
3.838144265e-06	5.563909774e-06	-10
3.838144265e-06	5.563909774e-06	-10
3.838144265e-06	5.563909774e-06	-10
3.838144265e-06	5.563909774e-06	0
3.819347272e-06	5.563909774e-06	0
3.80055028e-06	5.563909774e-06	0
3.781753288e-06	5.563909774e-06	0
3.762956295e-06	5.563909774e-06	0
3.762956295e-06	5.563909774e-06	-10
3.762956295e-06	5.563909774e-06	-10
3.762956295e-06	5.563909774e-06	-10
3.762956295e-06	5.563909774e-06	-10
3.762956295e-06	5.563909774e-06	-10
3.762956295e-06	5.563909774e-06	-10
3.762956295e-06	5.563909774e-06	-10
3.762956295e-06	5.563909774e-06	-10
3.762956295e-06	5.563909774e-06	-10
3.762956295e-06	5.563909774e-06	-10
3.762956295e-06	5.563909774e-06	-10
3.762956295e-06	5.563909774e-06	-10
3.762956295e-06	5.563909774e-06	-10
3.762956295e-06	5.563909774e-06	-10
3.762956295e-06	5.563909774e-06	-10
3.762956295e-06	5.563909774e-06	-10
3.762956295e-06	5.563909774e-06	-10
3.762956295e-06	5.563909774e-06	-10
3.762956295e-06	5.563909774e-06	-10
3.762956295e-06	5.563909774e-06	-10
3.762956295e-06	5.563909774e-06	-10
3.762956295e-06	5.563909774e-06	-10
3.762956295e-06	5.563909774e-06	-10
3.762956295e-06	5.563909774e-06	-10
3.762956295e-06	5.563909774e-06	-10
3.762956295e-06	5.563909774e-06	0
3.744159303e-06	5.563909774e-06	0
3.72536231e-06	5.563909774e-06	0
3.706565318e-06	5.563909774e-06	0
3.687768325e-06	5.563909774e-06	0
3.687768325e-06	5.563909774e-06	-10
3.687768325e-06	5.563909774e-06	-10
3.687768325e-06	5.563909774e-06	-10
3.687768325e-06	5.563909774e-06	-10
3.687768325e-06	5.563909774e-06	-10
3.687768325e-06	5.563909774e-06	-10
3.687768325e-06	5.563909774e-06	-10
3.687768325e-06	5.563909774e-06	-10
3.687768325e-06	5.563909774e-06	-10
3.687768325e-06	5.563909774e-06	-10
3.687768325e-06	5.563909774e-06	-10
3.687768325e-06	5.563909774e-06	-10
3.687768325e-06	5.563909774e-06	-10
3.687768325e-06	5.563909774e-06	-10
3.687768325e-06	5.563909774e-06	-10
3.687768325e-06	5.563909774e-06	-10
3.687768325e-06	5.563909774e-06	-10
3.687768325e-06	5.563909774e-06	-10
3.687768325e-06	5.563909774e-06	-10
3.687768325e-06	5.563909774e-06	-10
3.687768325e-06	5.563909774e-06	-10
3.687768325e-06	5.563909774e-06	-10
3.687768325e-06	5.563909774e-06	-10
3.687768325e-06	5.563909774e-06	-10
3.687768325e-06	5.563909774e-06	-10
3.687768325e-06	5.563909774e-06	0
3.668971333e-06	5.563909774e-06	0
3.65017434e-06	5.563909774e-06	0
3.631377348e-06	5.563909774e-06	0
3.612580355e-06	5.563909774e-06	0
3.612580355e-06	5.563909774e-06	-10
3.612580355e-06	5.563909774e-06	-10
3.612580355e-06	5.563909774e-06	-10
3.612580355e-06	5.563909774e-06	-10
3.612580355e-06	5.563909774e-06	-10
3.612580355e-06	5.563909774e-06	-10
3.612580355e-06	5.563909774e-06	-10
3.612580355e-06	5.563909774e-06	-10
3.612580355e-06	5.563909774e-06	-10
3.612580355e-06	5.563909774e-06	-10
3.612580355e-06	5.563909774e-06	-10
3.612580355e-06	5.563909774e-06	-10
3.612580355e-06	5.563909774e-06	-10
3.612580355e-06	5.563909774e-06	-10
3.612580355e-06	5.563909774e-06	-10
3.612580355e-06	5.563909774e-06	-10
3.612580355e-06	5.563909774e-06	-10
3.612580355e-06	5.563909774e-06	-10
3.612580355e-06	5.563909774e-06	-10
3.612580355e-06	5.563909774e-06	-10
3.612580355e-06	5.563909774e-06	-10
3.612580355e-06	5.563909774e-06	-10
3.612580355e-06	5.563909774e-06	-10
3.612580355e-06	5.563909774e-06	-10
3.612580355e-06	5.563909774e-06	-10
3.612580355e-06	5.563909774e-06	0
3.593783363e-06	5.563909774e-06	0
3.57498637e-06	5.563909774e-06	0
3.556189378e-06	5.563909774e-06	0
3.537392385e-06	5.563909774e-06	0
3.537392385e-06	5.563909774e-06	-10
3.537392385e-06	5.563909774e-06	-10
3.537392385e-06	5.563909774e-06	-10
3.537392385e-06	5.563909774e-06	-10
3.537392385e-06	5.563909774e-06	-10
3.537392385e-06	5.563909774e-06	-10
3.537392385e-06	5.563909774e-06	-10
3.537392385e-06	5.563909774e-06	-10
3.537392385e-06	5.563909774e-06	-10
3.537392385e-06	5.563909774e-06	-10
3.537392385e-06	5.563909774e-06	-10
3.537392385e-06	5.563909774e-06	-10
3.537392385e-06	5.563909774e-06	-10
3.537392385e-06	5.563909774e-06	-10
3.537392385e-06	5.563909774e-06	-10
3.537392385e-06	5.563909774e-06	-10
3.537392385e-06	5.563909774e-06	-10
3.537392385e-06	5.563909774e-06	-10
3.537392385e-06	5.563909774e-06	-10
3.537392385e-06	5.563909774e-06	-10
3.537392385e-06	5.563909774e-06	-10
3.537392385e-06	5.563909774e-06	-10
3.537392385e-06	5.563909774e-06	-10
3.537392385e-06	5.563909774e-06	-10
3.537392385e-06	5.563909774e-06	-10
3.537392385e-06	5.563909774e-06	0
3.518595393e-06	5.563909774e-06	0
3.4997984e-06	5.563909774e-06	0
3.481001408e-06	5.563909774e-06	0
3.462204415e-06	5.563909774e-06	0
3.462204415e-06	5.563909774e-06	-10
3.462204415e-06	5.563909774e-06	-10
3.462204415e-06	5.563909774e-06	-10
3.462204415e-06	5.563909774e-06	-10
3.462204415e-06	5.563909774e-06	-10
3.462204415e-06	5.563909774e-06	-10
3.462204415e-06	5.563909774e-06	-10
3.462204415e-06	5.563909774e-06	-10
3.462204415e-06	5.563909774e-06	-10
3.462204415e-06	5.563909774e-06	-10
3.462204415e-06	5.563909774e-06	-10
3.462204415e-06	5.563909774e-06	-10
3.462204415e-06	5.563909774e-06	-10
3.462204415e-06	5.563909774e-06	-10
3.462204415e-06	5.563909774e-06	-10
3.462204415e-06	5.563909774e-06	-10
3.462204415e-06	5.563909774e-06	-10
3.462204415e-06	5.563909774e-06	-10
3.462204415e-06	5.563909774e-06	-10
3.462204415e-06	5.563909774e-06	-10
3.462204415e-06	5.563909774e-06	-10
3.462204415e-06	5.563909774e-06	-10
3.462204415e-06	5.563909774e-06	-10
3.462204415e-06	5.563909774e-06	-10
3.462204415e-06	5.563909774e-06	-10
3.462204415e-06	5.563909774e-06	0
3.443407423e-06	5.563909774e-06	0
3.42461043e-06	5.563909774e-06	0
3.405813438e-06	5.563909774e-06	0
3.387016445e-06	5.563909774e-06	0
3.387016445e-06	5.563909774e-06	-10
3.387016445e-06	5.563909774e-06	-10
3.387016445e-06	5.563909774e-06	-10
3.387016445e-06	5.563909774e-06	-10
3.387016445e-06	5.563909774e-06	-10
3.387016445e-06	5.563909774e-06	-10
3.387016445e-06	5.563909774e-06	-10
3.387016445e-06	5.563909774e-06	-10
3.387016445e-06	5.563909774e-06	-10
3.387016445e-06	5.563909774e-06	-10
3.387016445e-06	5.563909774e-06	-10
3.387016445e-06	5.563909774e-06	-10
3.387016445e-06	5.563909774e-06	-10
3.387016445e-06	5.563909774e-06	-10
3.387016445e-06	5.563909774e-06	-10
3.387016445e-06	5.563909774e-06	-10
3.387016445e-06	5.563909774e-06	-10
3.387016445e-06	5.563909774e-06	-10
3.387016445e-06	5.563909774e-06	-10
3.387016445e-06	5.563909774e-06	-10
3.387016445e-06	5.563909774e-06	-10
3.387016445e-06	5.563909774e-06	-10
3.387016445e-06	5.563909774e-06	-10
3.387016445e-06	5.563909774e-06	-10
3.387016445e-06	5.563909774e-06	-10
3.387016445e-06	5.563909774e-06	0
3.368219453e-06	5.563909774e-06	0
3.34942246e-06	5.563909774e-06	0
3.330625468e-06	5.563909774e-06	0
3.311828475e-06	5.563909774e-06	0
3.311828475e-06	5.563909774e-06	-10
3.311828475e-06	5.563909774e-06	-10
3.311828475e-06	5.563909774e-06	-10
3.311828475e-06	5.563909774e-06	-10
3.311828475e-06	5.563909774e-06	-10
3.311828475e-06	5.563909774e-06	-10
3.311828475e-06	5.563909774e-06	-10
3.311828475e-06	5.563909774e-06	-10
3.311828475e-06	5.563909774e-06	-10
3.311828475e-06	5.563909774e-06	-10
3.311828475e-06	5.563909774e-06	-10
3.311828475e-06	5.563909774e-06	-10
3.311828475e-06	5.563909774e-06	-10
3.311828475e-06	5.563909774e-06	-10
3.311828475e-06	5.563909774e-06	-10
3.311828475e-06	5.563909774e-06	-10
3.311828475e-06	5.563909774e-06	-10
3.311828475e-06	5.563909774e-06	-10
3.311828475e-06	5.563909774e-06	-10
3.311828475e-06	5.563909774e-06	-10
3.311828475e-06	5.563909774e-06	-10
3.311828475e-06	5.563909774e-06	-10
3.311828475e-06	5.563909774e-06	-10
3.311828475e-06	5.563909774e-06	-10
3.311828475e-06	5.563909774e-06	-10
3.311828475e-06	5.563909774e-06	0
3.293031483e-06	5.563909774e-06	0
3.274234491e-06	5.563909774e-06	0
3.255437498e-06	5.563909774e-06	0
3.236640506e-06	5.563909774e-06	0
3.236640506e-06	5.563909774e-06	-10
3.236640506e-06	5.563909774e-06	-10
3.236640506e-06	5.563909774e-06	-10
3.236640506e-06	5.563909774e-06	-10
3.236640506e-06	5.563909774e-06	-10
3.236640506e-06	5.563909774e-06	-10
3.236640506e-06	5.563909774e-06	-10
3.236640506e-06	5.563909774e-06	-10
3.236640506e-06	5.563909774e-06	-10
3.236640506e-06	5.563909774e-06	-10
3.236640506e-06	5.563909774e-06	-10
3.236640506e-06	5.563909774e-06	-10
3.236640506e-06	5.563909774e-06	-10
3.236640506e-06	5.563909774e-06	-10
3.236640506e-06	5.563909774e-06	-10
3.236640506e-06	5.563909774e-06	-10
3.236640506e-06	5.563909774e-06	-10
3.236640506e-06	5.563909774e-06	-10
3.236640506e-06	5.563909774e-06	-10
3.236640506e-06	5.563909774e-06	-10
3.236640506e-06	5.563909774e-06	-10
3.236640506e-06	5.563909774e-06	-10
3.236640506e-06	5.563909774e-06	-10
3.236640506e-06	5.563909774e-06	-10
3.236640506e-06	5.563909774e-06	-10
3.236640506e-06	5.563909774e-06	0
3.217843513e-06	5.563909774e-06	0
3.199046521e-06	5.563909774e-06	0
3.180249528e-06	5.563909774e-06	0
3.161452536e-06	5.563909774e-06	0
3.161452536e-06	5.563909774e-06	-10
3.161452536e-06	5.563909774e-06	-10
3.161452536e-06	5.563909774e-06	-10
3.161452536e-06	5.563909774e-06	-10
3.161452536e-06	5.563909774e-06	-10
3.161452536e-06	5.563909774e-06	-10
3.161452536e-06	5.563909774e-06	-10
3.161452536e-06	5.563909774e-06	-10
3.161452536e-06	5.563909774e-06	-10
3.161452536e-06	5.563909774e-06	-10
3.161452536e-06	5.563909774e-06	-10
3.161452536e-06	5.563909774e-06	-10
3.161452536e-06	5.563909774e-06	-10
3.161452536e-06	5.563909774e-06	-10
3.161452536e-06	5.563909774e-06	-10
3.161452536e-06	5.563909774e-06	-10
3.161452536e-06	5.563909774e-06	-10
3.161452536e-06	5.563909774e-06	-10
3.161452536e-06	5.563909774e-06	-10
3.161452536e-06	5.563909774e-06	-10
3.161452536e-06	5.563909774e-06	-10
3.161452536e-06	5.563909774e-06	-10
3.161452536e-06	5.563909774e-06	-10
3.161452536e-06	5.563909774e-06	-10
3.161452536e-06	5.563909774e-06	-10
3.161452536e-06	5.563909774e-06	0
3.142655543e-06	5.563909774e-06	0
3.123858551e-06	5.563909774e-06	0
3.105061558e-06	5.563909774e-06	0
3.086264566e-06	5.563909774e-06	0
3.086264566e-06	5.563909774e-06	-10
3.086264566e-06	5.563909774e-06	-10
3.086264566e-06	5.563909774e-06	-10
3.086264566e-06	5.563909774e-06	-10
3.086264566e-06	5.563909774e-06	-10
3.086264566e-06	5.563909774e-06	-10
3.086264566e-06	5.563909774e-06	-10
3.086264566e-06	5.563909774e-06	-10
3.086264566e-06	5.563909774e-06	-10
3.086264566e-06	5.563909774e-06	-10
3.086264566e-06	5.563909774e-06	-10
3.086264566e-06	5.563909774e-06	-10
3.086264566e-06	5.563909774e-06	-10
3.086264566e-06	5.563909774e-06	-10
3.086264566e-06	5.563909774e-06	-10
3.086264566e-06	5.563909774e-06	-10
3.086264566e-06	5.563909774e-06	-10
3.086264566e-06	5.563909774e-06	-10
3.086264566e-06	5.563909774e-06	-10
3.086264566e-06	5.563909774e-06	-10
3.086264566e-06	5.563909774e-06	-10
3.086264566e-06	5.563909774e-06	-10
3.086264566e-06	5.563909774e-06	-10
3.086264566e-06	5.563909774e-06	-10
3.086264566e-06	5.563909774e-06	-10
3.086264566e-06	5.563909774e-06	0
3.067467573e-06	5.563909774e-06	0
3.048670581e-06	5.563909774e-06	0
3.029873588e-06	5.563909774e-06	0
3.011076596e-06	5.563909774e-06	0
3.011076596e-06	5.563909774e-06	-10
3.011076596e-06	5.563909774e-06	-10
3.011076596e-06	5.563909774e-06	-10
3.011076596e-06	5.563909774e-06	-10
3.011076596e-06	5.563909774e-06	-10
3.011076596e-06	5.563909774e-06	-10
3.011076596e-06	5.563909774e-06	-10
3.011076596e-06	5.563909774e-06	-10
3.011076596e-06	5.563909774e-06	-10
3.011076596e-06	5.563909774e-06	-10
3.011076596e-06	5.563909774e-06	-10
3.011076596e-06	5.563909774e-06	-10
3.011076596e-06	5.563909774e-06	-10
3.011076596e-06	5.563909774e-06	-10
3.011076596e-06	5.563909774e-06	-10
3.011076596e-06	5.563909774e-06	-10
3.011076596e-06	5.563909774e-06	-10
3.011076596e-06	5.563909774e-06	-10
3.011076596e-06	5.563909774e-06	-10
3.011076596e-06	5.563909774e-06	-10
3.011076596e-06	5.563909774e-06	-10
3.011076596e-06	5.563909774e-06	-10
3.011076596e-06	5.563909774e-06	-10
3.011076596e-06	5.563909774e-06	-10
3.011076596e-06	5.563909774e-06	-10
3.011076596e-06	5.563909774e-06	0
2.992279603e-06	5.563909774e-06	0
2.973482611e-06	5.563909774e-06	0
2.954685618e-06	5.563909774e-06	0
2.935888626e-06	5.563909774e-06	0
2.935888626e-06	5.563909774e-06	-10
2.935888626e-06	5.563909774e-06	-10
2.935888626e-06	5.563909774e-06	-10
2.935888626e-06	5.563909774e-06	-10
2.935888626e-06	5.563909774e-06	-10
2.935888626e-06	5.563909774e-06	-10
2.935888626e-06	5.563909774e-06	-10
2.935888626e-06	5.563909774e-06	-10
2.935888626e-06	5.563909774e-06	-10
2.935888626e-06	5.563909774e-06	-10
2.935888626e-06	5.563909774e-06	-10
2.935888626e-06	5.563909774e-06	-10
2.935888626e-06	5.563909774e-06	-10
2.935888626e-06	5.563909774e-06	-10
2.935888626e-06	5.563909774e-06	-10
2.935888626e-06	5.563909774e-06	-10
2.935888626e-06	5.563909774e-06	-10
2.935888626e-06	5.563909774e-06	-10
2.935888626e-06	5.563909774e-06	-10
2.935888626e-06	5.563909774e-06	-10
2.935888626e-06	5.563909774e-06	-10
2.935888626e-06	5.563909774e-06	-10
2.935888626e-06	5.563909774e-06	-10
2.935888626e-06	5.563909774e-06	-10
2.935888626e-06	5.563909774e-06	-10
2.935888626e-06	5.563909774e-06	0
2.917091633e-06	5.563909774e-06	0
2.898294641e-06	5.563909774e-06	0
2.879497648e-06	5.563909774e-06	0
2.860700656e-06	5.563909774e-06	0
2.860700656e-06	5.563909774e-06	-10
2.860700656e-06	5.563909774e-06	-10
2.860700656e-06	5.563909774e-06	-10
2.860700656e-06	5.563909774e-06	-10
2.860700656e-06	5.563909774e-06	-10
2.860700656e-06	5.563909774e-06	-10
2.860700656e-06	5.563909774e-06	-10
2.860700656e-06	5.563909774e-06	-10
2.860700656e-06	5.563909774e-06	-10
2.860700656e-06	5.563909774e-06	-10
2.860700656e-06	5.563909774e-06	-10
2.860700656e-06	5.563909774e-06	-10
2.860700656e-06	5.563909774e-06	-10
2.860700656e-06	5.563909774e-06	-10
2.860700656e-06	5.563909774e-06	-10
2.860700656e-06	5.563909774e-06	-10
2.860700656e-06	5.563909774e-06	-10
2.860700656e-06	5.563909774e-06	-10
2.860700656e-06	5.563909774e-06	-10
2.860700656e-06	5.563909774e-06	-10
2.860700656e-06	5.563909774e-06	-10
2.860700656e-06	5.563909774e-06	-10
2.860700656e-06	5.563909774e-06	-10
2.860700656e-06	5.563909774e-06	-10
2.860700656e-06	5.563909774e-06	-10
2.860700656e-06	5.563909774e-06	0
2.841903663e-06	5.563909774e-06	0
2.823106671e-06	5.563909774e-06	0
2.804309678e-06	5.563909774e-06	0
2.785512686e-06	5.563909774e-06	0
2.785512686e-06	5.563909774e-06	-10
2.785512686e-06	5.563909774e-06	-10
2.785512686e-06	5.563909774e-06	-10
2.785512686e-06	5.563909774e-06	-10
2.785512686e-06	5.563909774e-06	-10
2.785512686e-06	5.563909774e-06	-10
2.785512686e-06	5.563909774e-06	-10
2.785512686e-06	5.563909774e-06	-10
2.785512686e-06	5.563909774e-06	-10
2.785512686e-06	5.563909774e-06	-10
2.785512686e-06	5.563909774e-06	-10
2.785512686e-06	5.563909774e-06	-10
2.785512686e-06	5.563909774e-06	-10
2.785512686e-06	5.563909774e-06	-10
2.785512686e-06	5.563909774e-06	-10
2.785512686e-06	5.563909774e-06	-10
2.785512686e-06	5.563909774e-06	-10
2.785512686e-06	5.563909774e-06	-10
2.785512686e-06	5.563909774e-06	-10
2.785512686e-06	5.563909774e-06	-10
2.785512686e-06	5.563909774e-06	-10
2.785512686e-06	5.563909774e-06	-10
2.785512686e-06	5.563909774e-06	-10
2.785512686e-06	5.563909774e-06	-10
2.785512686e-06	5.563909774e-06	-10
2.785512686e-06	5.563909774e-06	0
2.766715694e-06	5.563909774e-06	0
2.747918701e-06	5.563909774e-06	0
2.729121709e-06	5.563909774e-06	0
2.710324716e-06	5.563909774e-06	0
2.710324716e-06	5.563909774e-06	-10
2.710324716e-06	5.563909774e-06	-10
2.710324716e-06	5.563909774e-06	-10
2.710324716e-06	5.563909774e-06	-10
2.710324716e-06	5.563909774e-06	-10
2.710324716e-06	5.563909774e-06	-10
2.710324716e-06	5.563909774e-06	-10
2.710324716e-06	5.563909774e-06	-10
2.710324716e-06	5.563909774e-06	-10
2.710324716e-06	5.563909774e-06	-10
2.710324716e-06	5.563909774e-06	-10
2.710324716e-06	5.563909774e-06	-10
2.710324716e-06	5.563909774e-06	-10
2.710324716e-06	5.563909774e-06	-10
2.710324716e-06	5.563909774e-06	-10
2.710324716e-06	5.563909774e-06	-10
2.710324716e-06	5.563909774e-06	-10
2.710324716e-06	5.563909774e-06	-10
2.710324716e-06	5.563909774e-06	-10
2.710324716e-06	5.563909774e-06	-10
2.710324716e-06	5.563909774e-06	-10
2.710324716e-06	5.563909774e-06	-10
2.710324716e-06	5.563909774e-06	-10
2.710324716e-06	5.563909774e-06	-10
2.710324716e-06	5.563909774e-06	-10
2.710324716e-06	5.563909774e-06	0
2.691527724e-06	5.563909774e-06	0
2.672730731e-06	5.563909774e-06	0
2.653933739e-06	5.563909774e-06	0
2.635136746e-06	5.563909774e-06	0
2.635136746e-06	5.563909774e-06	-10
2.635136746e-06	5.563909774e-06	-10
2.635136746e-06	5.563909774e-06	-10
2.635136746e-06	5.563909774e-06	-10
2.635136746e-06	5.563909774e-06	-10
2.635136746e-06	5.563909774e-06	-10
2.635136746e-06	5.563909774e-06	-10
2.635136746e-06	5.563909774e-06	-10
2.635136746e-06	5.563909774e-06	-10
2.635136746e-06	5.563909774e-06	-10
2.635136746e-06	5.563909774e-06	-10
2.635136746e-06	5.563909774e-06	-10
2.635136746e-06	5.563909774e-06	-10
2.635136746e-06	5.563909774e-06	-10
2.635136746e-06	5.563909774e-06	-10
2.635136746e-06	5.563909774e-06	-10
2.635136746e-06	5.563909774e-06	-10
2.635136746e-06	5.563909774e-06	-10
2.635136746e-06	5.563909774e-06	-10
2.635136746e-06	5.563909774e-06	-10
2.635136746e-06	5.563909774e-06	-10
2.635136746e-06	5.563909774e-06	-10
2.635136746e-06	5.563909774e-06	-10
2.635136746e-06	5.563909774e-06	-10
2.635136746e-06	5.563909774e-06	-10
2.635136746e-06	5.563909774e-06	0
2.616339754e-06	5.563909774e-06	0
2.597542761e-06	5.563909774e-06	0
2.578745769e-06	5.563909774e-06	0
2.559948776e-06	5.563909774e-06	0
2.559948776e-06	5.563909774e-06	-10
2.559948776e-06	5.563909774e-06	-10
2.559948776e-06	5.563909774e-06	-10
2.559948776e-06	5.563909774e-06	-10
2.559948776e-06	5.563909774e-06	-10
2.559948776e-06	5.563909774e-06	-10
2.559948776e-06	5.563909774e-06	-10
2.559948776e-06	5.563909774e-06	-10
2.559948776e-06	5.563909774e-06	-10
2.559948776e-06	5.563909774e-06	-10
2.559948776e-06	5.563909774e-06	-10
2.559948776e-06	5.563909774e-06	-10
2.559948776e-06	5.563909774e-06	-10
2.559948776e-06	5.563909774e-06	-10
2.559948776e-06	5.563909774e-06	-10
2.559948776e-06	5.563909774e-06	-10
2.559948776e-06	5.563909774e-06	-10
2.559948776e-06	5.563909774e-06	-10
2.559948776e-06	5.563909774e-06	-10
2.559948776e-06	5.563909774e-06	-10
2.559948776e-06	5.563909774e-06	-10
2.559948776e-06	5.563909774e-06	-10
2.559948776e-06	5.563909774e-06	-10
2.559948776e-06	5.563909774e-06	-10
2.559948776e-06	5.563909774e-06	-10
2.559948776e-06	5.563909774e-06	0
2.541151784e-06	5.563909774e-06	0
2.522354791e-06	5.563909774e-06	0
2.503557799e-06	5.563909774e-06	0
2.484760806e-06	5.563909774e-06	0
2.484760806e-06	5.563909774e-06	-10
2.484760806e-06	5.563909774e-06	-10
2.484760806e-06	5.563909774e-06	-10
2.484760806e-06	5.563909774e-06	-10
2.484760806e-06	5.563909774e-06	-10
2.484760806e-06	5.563909774e-06	-10
2.484760806e-06	5.563909774e-06	-10
2.484760806e-06	5.563909774e-06	-10
2.484760806e-06	5.563909774e-06	-10
2.484760806e-06	5.563909774e-06	-10
2.484760806e-06	5.563909774e-06	-10
2.484760806e-06	5.563909774e-06	-10
2.484760806e-06	5.563909774e-06	-10
2.484760806e-06	5.563909774e-06	-10
2.484760806e-06	5.563909774e-06	-10
2.484760806e-06	5.563909774e-06	-10
2.484760806e-06	5.563909774e-06	-10
2.484760806e-06	5.563909774e-06	-10
2.484760806e-06	5.563909774e-06	-10
2.484760806e-06	5.563909774e-06	-10
2.484760806e-06	5.563909774e-06	-10
2.484760806e-06	5.563909774e-06	-10
2.484760806e-06	5.563909774e-06	-10
2.484760806e-06	5.563909774e-06	-10
2.484760806e-06	5.563909774e-06	-10
2.484760806e-06	5.563909774e-06	0
2.465963814e-06	5.563909774e-06	0
2.447166821e-06	5.563909774e-06	0
2.428369829e-06	5.563909774e-06	0
2.409572836e-06	5.563909774e-06	0
2.409572836e-06	5.563909774e-06	-10
2.409572836e-06	5.563909774e-06	-10
2.409572836e-06	5.563909774e-06	-10
2.409572836e-06	5.563909774e-06	-10
2.409572836e-06	5.563909774e-06	-10
2.409572836e-06	5.563909774e-06	-10
2.409572836e-06	5.563909774e-06	-10
2.409572836e-06	5.563909774e-06	-10
2.409572836e-06	5.563909774e-06	-10
2.409572836e-06	5.563909774e-06	-10
2.409572836e-06	5.563909774e-06	-10
2.409572836e-06	5.563909774e-06	-10
2.409572836e-06	5.563909774e-06	-10
2.409572836e-06	5.563909774e-06	-10
2.409572836e-06	5.563909774e-06	-10
2.409572836e-06	5.563909774e-06	-10
2.409572836e-06	5.563909774e-06	-10
2.409572836e-06	5.563909774e-06	-10
2.409572836e-06	5.563909774e-06	-10
2.409572836e-06	5.563909774e-06	-10
2.409572836e-06	5.563909774e-06	-10
2.409572836e-06	5.563909774e-06	-10
2.409572836e-06	5.563909774e-06	-10
2.409572836e-06	5.563909774e-06	-10
2.409572836e-06	5.563909774e-06	-10
2.409572836e-06	5.563909774e-06	0
2.390775844e-06	5.563909774e-06	0
2.371978851e-06	5.563909774e-06	0
2.353181859e-06	5.563909774e-06	0
2.334384866e-06	5.563909774e-06	0
2.334384866e-06	5.563909774e-06	-10
2.334384866e-06	5.563909774e-06	-10
2.334384866e-06	5.563909774e-06	-10
2.334384866e-06	5.563909774e-06	-10
2.334384866e-06	5.563909774e-06	-10
2.334384866e-06	5.563909774e-06	-10
2.334384866e-06	5.563909774e-06	-10
2.334384866e-06	5.563909774e-06	-10
2.334384866e-06	5.563909774e-06	-10
2.334384866e-06	5.563909774e-06	-10
2.334384866e-06	5.563909774e-06	-10
2.334384866e-06	5.563909774e-06	-10
2.334384866e-06	5.563909774e-06	-10
2.334384866e-06	5.563909774e-06	-10
2.334384866e-06	5.563909774e-06	-10
2.334384866e-06	5.563909774e-06	-10
2.334384866e-06	5.563909774e-06	-10
2.334384866e-06	5.563909774e-06	-10
2.334384866e-06	5.563909774e-06	-10
2.334384866e-06	5.563909774e-06	-10
2.334384866e-06	5.563909774e-06	-10
2.334384866e-06	5.563909774e-06	-10
2.334384866e-06	5.563909774e-06	-10
2.334384866e-06	5.563909774e-06	-10
2.334384866e-06	5.563909774e-06	-10
2.334384866e-06	5.563909774e-06	0
2.334384866e-06	5.582706767e-06	0
2.334384866e-06	5.601503759e-06	0
2.334384866e-06	5.620300752e-06	0
2.334384866e-06	5.639097744e-06	0
2.334384866e-06	5.639097744e-06	10
2.334384866e-06	5.639097744e-06	10
2.334384866e-06	5.639097744e-06	10
2.334384866e-06	5.639097744e-06	10
2.334384866e-06	5.639097744e-06	10
2.334384866e-06	5.639097744e-06	10
2.334384866e-06	5.639097744e-06	10
2.334384866e-06	5.639097744e-06	10
2.334384866e-06	5.639097744e-06	10
2.334384866e-06	5.639097744e-06	10
2.334384866e-06	5.639097744e-06	10
2.334384866e-06	5.639097744e-06	10
2.334384866e-06	5.639097744e-06	10
2.334384866e-06	5.639097744e-06	10
2.334384866e-06	5.639097744e-06	10
2.334384866e-06	5.639097744e-06	10
2.334384866e-06	5.639097744e-06	10
2.334384866e-06	5.639097744e-06	10
2.334384866e-06	5.639097744e-06	10
2.334384866e-06	5.639097744e-06	10
2.334384866e-06	5.639097744e-06	10
2.334384866e-06	5.639097744e-06	10
2.334384866e-06	5.639097744e-06	10
2.334384866e-06	5.639097744e-06	10
2.334384866e-06	5.639097744e-06	10
2.334384866e-06	5.639097744e-06	0
2.353181859e-06	5.639097744e-06	0
2.371978851e-06	5.639097744e-06	0
2.390775844e-06	5.639097744e-06	0
2.409572836e-06	5.639097744e-06	0
2.409572836e-06	5.639097744e-06	10
2.409572836e-06	5.639097744e-06	10
2.409572836e-06	5.639097744e-06	10
2.409572836e-06	5.639097744e-06	10
2.409572836e-06	5.639097744e-06	10
2.409572836e-06	5.639097744e-06	10
2.409572836e-06	5.639097744e-06	10
2.409572836e-06	5.639097744e-06	10
2.409572836e-06	5.639097744e-06	10
2.409572836e-06	5.639097744e-06	10
2.409572836e-06	5.639097744e-06	10
2.409572836e-06	5.639097744e-06	10
2.409572836e-06	5.639097744e-06	10
2.409572836e-06	5.639097744e-06	10
2.409572836e-06	5.639097744e-06	10
2.409572836e-06	5.639097744e-06	10
2.409572836e-06	5.639097744e-06	10
2.409572836e-06	5.639097744e-06	10
2.409572836e-06	5.639097744e-06	10
2.409572836e-06	5.639097744e-06	10
2.409572836e-06	5.639097744e-06	10
2.409572836e-06	5.639097744e-06	10
2.409572836e-06	5.639097744e-06	10
2.409572836e-06	5.639097744e-06	10
2.409572836e-06	5.639097744e-06	10
2.409572836e-06	5.639097744e-06	0
2.428369829e-06	5.639097744e-06	0
2.447166821e-06	5.639097744e-06	0
2.465963814e-06	5.639097744e-06	0
2.484760806e-06	5.639097744e-06	0
2.484760806e-06	5.639097744e-06	10
2.484760806e-06	5.639097744e-06	10
2.484760806e-06	5.639097744e-06	10
2.484760806e-06	5.639097744e-06	10
2.484760806e-06	5.639097744e-06	10
2.484760806e-06	5.639097744e-06	10
2.484760806e-06	5.639097744e-06	10
2.484760806e-06	5.639097744e-06	10
2.484760806e-06	5.639097744e-06	10
2.484760806e-06	5.639097744e-06	10
2.484760806e-06	5.639097744e-06	10
2.484760806e-06	5.639097744e-06	10
2.484760806e-06	5.639097744e-06	10
2.484760806e-06	5.639097744e-06	10
2.484760806e-06	5.639097744e-06	10
2.484760806e-06	5.639097744e-06	10
2.484760806e-06	5.639097744e-06	10
2.484760806e-06	5.639097744e-06	10
2.484760806e-06	5.639097744e-06	10
2.484760806e-06	5.639097744e-06	10
2.484760806e-06	5.639097744e-06	10
2.484760806e-06	5.639097744e-06	10
2.484760806e-06	5.639097744e-06	10
2.484760806e-06	5.639097744e-06	10
2.484760806e-06	5.639097744e-06	10
2.484760806e-06	5.639097744e-06	0
2.503557799e-06	5.639097744e-06	0
2.522354791e-06	5.639097744e-06	0
2.541151784e-06	5.639097744e-06	0
2.559948776e-06	5.639097744e-06	0
2.559948776e-06	5.639097744e-06	10
2.559948776e-06	5.639097744e-06	10
2.559948776e-06	5.639097744e-06	10
2.559948776e-06	5.639097744e-06	10
2.559948776e-06	5.639097744e-06	10
2.559948776e-06	5.639097744e-06	10
2.559948776e-06	5.639097744e-06	10
2.559948776e-06	5.639097744e-06	10
2.559948776e-06	5.639097744e-06	10
2.559948776e-06	5.639097744e-06	10
2.559948776e-06	5.639097744e-06	10
2.559948776e-06	5.639097744e-06	10
2.559948776e-06	5.639097744e-06	10
2.559948776e-06	5.639097744e-06	10
2.559948776e-06	5.639097744e-06	10
2.559948776e-06	5.639097744e-06	10
2.559948776e-06	5.639097744e-06	10
2.559948776e-06	5.639097744e-06	10
2.559948776e-06	5.639097744e-06	10
2.559948776e-06	5.639097744e-06	10
2.559948776e-06	5.639097744e-06	10
2.559948776e-06	5.639097744e-06	10
2.559948776e-06	5.639097744e-06	10
2.559948776e-06	5.639097744e-06	10
2.559948776e-06	5.639097744e-06	10
2.559948776e-06	5.639097744e-06	0
2.578745769e-06	5.639097744e-06	0
2.597542761e-06	5.639097744e-06	0
2.616339754e-06	5.639097744e-06	0
2.635136746e-06	5.639097744e-06	0
2.635136746e-06	5.639097744e-06	10
2.635136746e-06	5.639097744e-06	10
2.635136746e-06	5.639097744e-06	10
2.635136746e-06	5.639097744e-06	10
2.635136746e-06	5.639097744e-06	10
2.635136746e-06	5.639097744e-06	10
2.635136746e-06	5.639097744e-06	10
2.635136746e-06	5.639097744e-06	10
2.635136746e-06	5.639097744e-06	10
2.635136746e-06	5.639097744e-06	10
2.635136746e-06	5.639097744e-06	10
2.635136746e-06	5.639097744e-06	10
2.635136746e-06	5.639097744e-06	10
2.635136746e-06	5.639097744e-06	10
2.635136746e-06	5.639097744e-06	10
2.635136746e-06	5.639097744e-06	10
2.635136746e-06	5.639097744e-06	10
2.635136746e-06	5.639097744e-06	10
2.635136746e-06	5.639097744e-06	10
2.635136746e-06	5.639097744e-06	10
2.635136746e-06	5.639097744e-06	10
2.635136746e-06	5.639097744e-06	10
2.635136746e-06	5.639097744e-06	10
2.635136746e-06	5.639097744e-06	10
2.635136746e-06	5.639097744e-06	10
2.635136746e-06	5.639097744e-06	0
2.653933739e-06	5.639097744e-06	0
2.672730731e-06	5.639097744e-06	0
2.691527724e-06	5.639097744e-06	0
2.710324716e-06	5.639097744e-06	0
2.710324716e-06	5.639097744e-06	10
2.710324716e-06	5.639097744e-06	10
2.710324716e-06	5.639097744e-06	10
2.710324716e-06	5.639097744e-06	10
2.710324716e-06	5.639097744e-06	10
2.710324716e-06	5.639097744e-06	10
2.710324716e-06	5.639097744e-06	10
2.710324716e-06	5.639097744e-06	10
2.710324716e-06	5.639097744e-06	10
2.710324716e-06	5.639097744e-06	10
2.710324716e-06	5.639097744e-06	10
2.710324716e-06	5.639097744e-06	10
2.710324716e-06	5.639097744e-06	10
2.710324716e-06	5.639097744e-06	10
2.710324716e-06	5.639097744e-06	10
2.710324716e-06	5.639097744e-06	10
2.710324716e-06	5.639097744e-06	10
2.710324716e-06	5.639097744e-06	10
2.710324716e-06	5.639097744e-06	10
2.710324716e-06	5.639097744e-06	10
2.710324716e-06	5.639097744e-06	10
2.710324716e-06	5.639097744e-06	10
2.710324716e-06	5.639097744e-06	10
2.710324716e-06	5.639097744e-06	10
2.710324716e-06	5.639097744e-06	10
2.710324716e-06	5.639097744e-06	0
2.729121709e-06	5.639097744e-06	0
2.747918701e-06	5.639097744e-06	0
2.766715694e-06	5.639097744e-06	0
2.785512686e-06	5.639097744e-06	0
2.785512686e-06	5.639097744e-06	10
2.785512686e-06	5.639097744e-06	10
2.785512686e-06	5.639097744e-06	10
2.785512686e-06	5.639097744e-06	10
2.785512686e-06	5.639097744e-06	10
2.785512686e-06	5.639097744e-06	10
2.785512686e-06	5.639097744e-06	10
2.785512686e-06	5.639097744e-06	10
2.785512686e-06	5.639097744e-06	10
2.785512686e-06	5.639097744e-06	10
2.785512686e-06	5.639097744e-06	10
2.785512686e-06	5.639097744e-06	10
2.785512686e-06	5.639097744e-06	10
2.785512686e-06	5.639097744e-06	10
2.785512686e-06	5.639097744e-06	10
2.785512686e-06	5.639097744e-06	10
2.785512686e-06	5.639097744e-06	10
2.785512686e-06	5.639097744e-06	10
2.785512686e-06	5.639097744e-06	10
2.785512686e-06	5.639097744e-06	10
2.785512686e-06	5.639097744e-06	10
2.785512686e-06	5.639097744e-06	10
2.785512686e-06	5.639097744e-06	10
2.785512686e-06	5.639097744e-06	10
2.785512686e-06	5.639097744e-06	10
2.785512686e-06	5.639097744e-06	0
2.804309678e-06	5.639097744e-06	0
2.823106671e-06	5.639097744e-06	0
2.841903663e-06	5.639097744e-06	0
2.860700656e-06	5.639097744e-06	0
2.860700656e-06	5.639097744e-06	10
2.860700656e-06	5.639097744e-06	10
2.860700656e-06	5.639097744e-06	10
2.860700656e-06	5.639097744e-06	10
2.860700656e-06	5.639097744e-06	10
2.860700656e-06	5.639097744e-06	10
2.860700656e-06	5.639097744e-06	10
2.860700656e-06	5.639097744e-06	10
2.860700656e-06	5.639097744e-06	10
2.860700656e-06	5.639097744e-06	10
2.860700656e-06	5.639097744e-06	10
2.860700656e-06	5.639097744e-06	10
2.860700656e-06	5.639097744e-06	10
2.860700656e-06	5.639097744e-06	10
2.860700656e-06	5.639097744e-06	10
2.860700656e-06	5.639097744e-06	10
2.860700656e-06	5.639097744e-06	10
2.860700656e-06	5.639097744e-06	10
2.860700656e-06	5.639097744e-06	10
2.860700656e-06	5.639097744e-06	10
2.860700656e-06	5.639097744e-06	10
2.860700656e-06	5.639097744e-06	10
2.860700656e-06	5.639097744e-06	10
2.860700656e-06	5.639097744e-06	10
2.860700656e-06	5.639097744e-06	10
2.860700656e-06	5.639097744e-06	0
2.879497648e-06	5.639097744e-06	0
2.898294641e-06	5.639097744e-06	0
2.917091633e-06	5.639097744e-06	0
2.935888626e-06	5.639097744e-06	0
2.935888626e-06	5.639097744e-06	10
2.935888626e-06	5.639097744e-06	10
2.935888626e-06	5.639097744e-06	10
2.935888626e-06	5.639097744e-06	10
2.935888626e-06	5.639097744e-06	10
2.935888626e-06	5.639097744e-06	10
2.935888626e-06	5.639097744e-06	10
2.935888626e-06	5.639097744e-06	10
2.935888626e-06	5.639097744e-06	10
2.935888626e-06	5.639097744e-06	10
2.935888626e-06	5.639097744e-06	10
2.935888626e-06	5.639097744e-06	10
2.935888626e-06	5.639097744e-06	10
2.935888626e-06	5.639097744e-06	10
2.935888626e-06	5.639097744e-06	10
2.935888626e-06	5.639097744e-06	10
2.935888626e-06	5.639097744e-06	10
2.935888626e-06	5.639097744e-06	10
2.935888626e-06	5.639097744e-06	10
2.935888626e-06	5.639097744e-06	10
2.935888626e-06	5.639097744e-06	10
2.935888626e-06	5.639097744e-06	10
2.935888626e-06	5.639097744e-06	10
2.935888626e-06	5.639097744e-06	10
2.935888626e-06	5.639097744e-06	10
2.935888626e-06	5.639097744e-06	0
2.954685618e-06	5.639097744e-06	0
2.973482611e-06	5.639097744e-06	0
2.992279603e-06	5.639097744e-06	0
3.011076596e-06	5.639097744e-06	0
3.011076596e-06	5.639097744e-06	10
3.011076596e-06	5.639097744e-06	10
3.011076596e-06	5.639097744e-06	10
3.011076596e-06	5.639097744e-06	10
3.011076596e-06	5.639097744e-06	10
3.011076596e-06	5.639097744e-06	10
3.011076596e-06	5.639097744e-06	10
3.011076596e-06	5.639097744e-06	10
3.011076596e-06	5.639097744e-06	10
3.011076596e-06	5.639097744e-06	10
3.011076596e-06	5.639097744e-06	10
3.011076596e-06	5.639097744e-06	10
3.011076596e-06	5.639097744e-06	10
3.011076596e-06	5.639097744e-06	10
3.011076596e-06	5.639097744e-06	10
3.011076596e-06	5.639097744e-06	10
3.011076596e-06	5.639097744e-06	10
3.011076596e-06	5.639097744e-06	10
3.011076596e-06	5.639097744e-06	10
3.011076596e-06	5.639097744e-06	10
3.011076596e-06	5.639097744e-06	10
3.011076596e-06	5.639097744e-06	10
3.011076596e-06	5.639097744e-06	10
3.011076596e-06	5.639097744e-06	10
3.011076596e-06	5.639097744e-06	10
3.011076596e-06	5.639097744e-06	0
3.029873588e-06	5.639097744e-06	0
3.048670581e-06	5.639097744e-06	0
3.067467573e-06	5.639097744e-06	0
3.086264566e-06	5.639097744e-06	0
3.086264566e-06	5.639097744e-06	10
3.086264566e-06	5.639097744e-06	10
3.086264566e-06	5.639097744e-06	10
3.086264566e-06	5.639097744e-06	10
3.086264566e-06	5.639097744e-06	10
3.086264566e-06	5.639097744e-06	10
3.086264566e-06	5.639097744e-06	10
3.086264566e-06	5.639097744e-06	10
3.086264566e-06	5.639097744e-06	10
3.086264566e-06	5.639097744e-06	10
3.086264566e-06	5.639097744e-06	10
3.086264566e-06	5.639097744e-06	10
3.086264566e-06	5.639097744e-06	10
3.086264566e-06	5.639097744e-06	10
3.086264566e-06	5.639097744e-06	10
3.086264566e-06	5.639097744e-06	10
3.086264566e-06	5.639097744e-06	10
3.086264566e-06	5.639097744e-06	10
3.086264566e-06	5.639097744e-06	10
3.086264566e-06	5.639097744e-06	10
3.086264566e-06	5.639097744e-06	10
3.086264566e-06	5.639097744e-06	10
3.086264566e-06	5.639097744e-06	10
3.086264566e-06	5.639097744e-06	10
3.086264566e-06	5.639097744e-06	10
3.086264566e-06	5.639097744e-06	0
3.105061558e-06	5.639097744e-06	0
3.123858551e-06	5.639097744e-06	0
3.142655543e-06	5.639097744e-06	0
3.161452536e-06	5.639097744e-06	0
3.161452536e-06	5.639097744e-06	10
3.161452536e-06	5.639097744e-06	10
3.161452536e-06	5.639097744e-06	10
3.161452536e-06	5.639097744e-06	10
3.161452536e-06	5.639097744e-06	10
3.161452536e-06	5.639097744e-06	10
3.161452536e-06	5.639097744e-06	10
3.161452536e-06	5.639097744e-06	10
3.161452536e-06	5.639097744e-06	10
3.161452536e-06	5.639097744e-06	10
3.161452536e-06	5.639097744e-06	10
3.161452536e-06	5.639097744e-06	10
3.161452536e-06	5.639097744e-06	10
3.161452536e-06	5.639097744e-06	10
3.161452536e-06	5.639097744e-06	10
3.161452536e-06	5.639097744e-06	10
3.161452536e-06	5.639097744e-06	10
3.161452536e-06	5.639097744e-06	10
3.161452536e-06	5.639097744e-06	10
3.161452536e-06	5.639097744e-06	10
3.161452536e-06	5.639097744e-06	10
3.161452536e-06	5.639097744e-06	10
3.161452536e-06	5.639097744e-06	10
3.161452536e-06	5.639097744e-06	10
3.161452536e-06	5.639097744e-06	10
3.161452536e-06	5.639097744e-06	0
3.180249528e-06	5.639097744e-06	0
3.199046521e-06	5.639097744e-06	0
3.217843513e-06	5.639097744e-06	0
3.236640506e-06	5.639097744e-06	0
3.236640506e-06	5.639097744e-06	10
3.236640506e-06	5.639097744e-06	10
3.236640506e-06	5.639097744e-06	10
3.236640506e-06	5.639097744e-06	10
3.236640506e-06	5.639097744e-06	10
3.236640506e-06	5.639097744e-06	10
3.236640506e-06	5.639097744e-06	10
3.236640506e-06	5.639097744e-06	10
3.236640506e-06	5.639097744e-06	10
3.236640506e-06	5.639097744e-06	10
3.236640506e-06	5.639097744e-06	10
3.236640506e-06	5.639097744e-06	10
3.236640506e-06	5.639097744e-06	10
3.236640506e-06	5.639097744e-06	10
3.236640506e-06	5.639097744e-06	10
3.236640506e-06	5.639097744e-06	10
3.236640506e-06	5.639097744e-06	10
3.236640506e-06	5.639097744e-06	10
3.236640506e-06	5.639097744e-06	10
3.236640506e-06	5.639097744e-06	10
3.236640506e-06	5.639097744e-06	10
3.236640506e-06	5.639097744e-06	10
3.236640506e-06	5.639097744e-06	10
3.236640506e-06	5.639097744e-06	10
3.236640506e-06	5.639097744e-06	10
3.236640506e-06	5.639097744e-06	0
3.255437498e-06	5.639097744e-06	0
3.274234491e-06	5.639097744e-06	0
3.293031483e-06	5.639097744e-06	0
3.311828475e-06	5.639097744e-06	0
3.311828475e-06	5.639097744e-06	10
3.311828475e-06	5.639097744e-06	10
3.311828475e-06	5.639097744e-06	10
3.311828475e-06	5.639097744e-06	10
3.311828475e-06	5.639097744e-06	10
3.311828475e-06	5.639097744e-06	10
3.311828475e-06	5.639097744e-06	10
3.311828475e-06	5.639097744e-06	10
3.311828475e-06	5.639097744e-06	10
3.311828475e-06	5.639097744e-06	10
3.311828475e-06	5.639097744e-06	10
3.311828475e-06	5.639097744e-06	10
3.311828475e-06	5.639097744e-06	10
3.311828475e-06	5.639097744e-06	10
3.311828475e-06	5.639097744e-06	10
3.311828475e-06	5.639097744e-06	10
3.311828475e-06	5.639097744e-06	10
3.311828475e-06	5.639097744e-06	10
3.311828475e-06	5.639097744e-06	10
3.311828475e-06	5.639097744e-06	10
3.311828475e-06	5.639097744e-06	10
3.311828475e-06	5.639097744e-06	10
3.311828475e-06	5.639097744e-06	10
3.311828475e-06	5.639097744e-06	10
3.311828475e-06	5.639097744e-06	10
3.311828475e-06	5.639097744e-06	0
3.330625468e-06	5.639097744e-06	0
3.34942246e-06	5.639097744e-06	0
3.368219453e-06	5.639097744e-06	0
3.387016445e-06	5.639097744e-06	0
3.387016445e-06	5.639097744e-06	10
3.387016445e-06	5.639097744e-06	10
3.387016445e-06	5.639097744e-06	10
3.387016445e-06	5.639097744e-06	10
3.387016445e-06	5.639097744e-06	10
3.387016445e-06	5.639097744e-06	10
3.387016445e-06	5.639097744e-06	10
3.387016445e-06	5.639097744e-06	10
3.387016445e-06	5.639097744e-06	10
3.387016445e-06	5.639097744e-06	10
3.387016445e-06	5.639097744e-06	10
3.387016445e-06	5.639097744e-06	10
3.387016445e-06	5.639097744e-06	10
3.387016445e-06	5.639097744e-06	10
3.387016445e-06	5.639097744e-06	10
3.387016445e-06	5.639097744e-06	10
3.387016445e-06	5.639097744e-06	10
3.387016445e-06	5.639097744e-06	10
3.387016445e-06	5.639097744e-06	10
3.387016445e-06	5.639097744e-06	10
3.387016445e-06	5.639097744e-06	10
3.387016445e-06	5.639097744e-06	10
3.387016445e-06	5.639097744e-06	10
3.387016445e-06	5.639097744e-06	10
3.387016445e-06	5.639097744e-06	10
3.387016445e-06	5.639097744e-06	0
3.405813438e-06	5.639097744e-06	0
3.42461043e-06	5.639097744e-06	0
3.443407423e-06	5.639097744e-06	0
3.462204415e-06	5.639097744e-06	0
3.462204415e-06	5.639097744e-06	10
3.462204415e-06	5.639097744e-06	10
3.462204415e-06	5.639097744e-06	10
3.462204415e-06	5.639097744e-06	10
3.462204415e-06	5.639097744e-06	10
3.462204415e-06	5.639097744e-06	10
3.462204415e-06	5.639097744e-06	10
3.462204415e-06	5.639097744e-06	10
3.462204415e-06	5.639097744e-06	10
3.462204415e-06	5.639097744e-06	10
3.462204415e-06	5.639097744e-06	10
3.462204415e-06	5.639097744e-06	10
3.462204415e-06	5.639097744e-06	10
3.462204415e-06	5.639097744e-06	10
3.462204415e-06	5.639097744e-06	10
3.462204415e-06	5.639097744e-06	10
3.462204415e-06	5.639097744e-06	10
3.462204415e-06	5.639097744e-06	10
3.462204415e-06	5.639097744e-06	10
3.462204415e-06	5.639097744e-06	10
3.462204415e-06	5.639097744e-06	10
3.462204415e-06	5.639097744e-06	10
3.462204415e-06	5.639097744e-06	10
3.462204415e-06	5.639097744e-06	10
3.462204415e-06	5.639097744e-06	10
3.462204415e-06	5.639097744e-06	0
3.481001408e-06	5.639097744e-06	0
3.4997984e-06	5.639097744e-06	0
3.518595393e-06	5.639097744e-06	0
3.537392385e-06	5.639097744e-06	0
3.537392385e-06	5.639097744e-06	10
3.537392385e-06	5.639097744e-06	10
3.537392385e-06	5.639097744e-06	10
3.537392385e-06	5.639097744e-06	10
3.537392385e-06	5.639097744e-06	10
3.537392385e-06	5.639097744e-06	10
3.537392385e-06	5.639097744e-06	10
3.537392385e-06	5.639097744e-06	10
3.537392385e-06	5.639097744e-06	10
3.537392385e-06	5.639097744e-06	10
3.537392385e-06	5.639097744e-06	10
3.537392385e-06	5.639097744e-06	10
3.537392385e-06	5.639097744e-06	10
3.537392385e-06	5.639097744e-06	10
3.537392385e-06	5.639097744e-06	10
3.537392385e-06	5.639097744e-06	10
3.537392385e-06	5.639097744e-06	10
3.537392385e-06	5.639097744e-06	10
3.537392385e-06	5.639097744e-06	10
3.537392385e-06	5.639097744e-06	10
3.537392385e-06	5.639097744e-06	10
3.537392385e-06	5.639097744e-06	10
3.537392385e-06	5.639097744e-06	10
3.537392385e-06	5.639097744e-06	10
3.537392385e-06	5.639097744e-06	10
3.537392385e-06	5.639097744e-06	0
3.556189378e-06	5.639097744e-06	0
3.57498637e-06	5.639097744e-06	0
3.593783363e-06	5.639097744e-06	0
3.612580355e-06	5.639097744e-06	0
3.612580355e-06	5.639097744e-06	10
3.612580355e-06	5.639097744e-06	10
3.612580355e-06	5.639097744e-06	10
3.612580355e-06	5.639097744e-06	10
3.612580355e-06	5.639097744e-06	10
3.612580355e-06	5.639097744e-06	10
3.612580355e-06	5.639097744e-06	10
3.612580355e-06	5.639097744e-06	10
3.612580355e-06	5.639097744e-06	10
3.612580355e-06	5.639097744e-06	10
3.612580355e-06	5.639097744e-06	10
3.612580355e-06	5.639097744e-06	10
3.612580355e-06	5.639097744e-06	10
3.612580355e-06	5.639097744e-06	10
3.612580355e-06	5.639097744e-06	10
3.612580355e-06	5.639097744e-06	10
3.612580355e-06	5.639097744e-06	10
3.612580355e-06	5.639097744e-06	10
3.612580355e-06	5.639097744e-06	10
3.612580355e-06	5.639097744e-06	10
3.612580355e-06	5.639097744e-06	10
3.612580355e-06	5.639097744e-06	10
3.612580355e-06	5.639097744e-06	10
3.612580355e-06	5.639097744e-06	10
3.612580355e-06	5.639097744e-06	10
3.612580355e-06	5.639097744e-06	0
3.631377348e-06	5.639097744e-06	0
3.65017434e-06	5.639097744e-06	0
3.668971333e-06	5.639097744e-06	0
3.687768325e-06	5.639097744e-06	0
3.687768325e-06	5.639097744e-06	10
3.687768325e-06	5.639097744e-06	10
3.687768325e-06	5.639097744e-06	10
3.687768325e-06	5.639097744e-06	10
3.687768325e-06	5.639097744e-06	10
3.687768325e-06	5.639097744e-06	10
3.687768325e-06	5.639097744e-06	10
3.687768325e-06	5.639097744e-06	10
3.687768325e-06	5.639097744e-06	10
3.687768325e-06	5.639097744e-06	10
3.687768325e-06	5.639097744e-06	10
3.687768325e-06	5.639097744e-06	10
3.687768325e-06	5.639097744e-06	10
3.687768325e-06	5.639097744e-06	10
3.687768325e-06	5.639097744e-06	10
3.687768325e-06	5.639097744e-06	10
3.687768325e-06	5.639097744e-06	10
3.687768325e-06	5.639097744e-06	10
3.687768325e-06	5.639097744e-06	10
3.687768325e-06	5.639097744e-06	10
3.687768325e-06	5.639097744e-06	10
3.687768325e-06	5.639097744e-06	10
3.687768325e-06	5.639097744e-06	10
3.687768325e-06	5.639097744e-06	10
3.687768325e-06	5.639097744e-06	10
3.687768325e-06	5.639097744e-06	0
3.706565318e-06	5.639097744e-06	0
3.72536231e-06	5.639097744e-06	0
3.744159303e-06	5.639097744e-06	0
3.762956295e-06	5.639097744e-06	0
3.762956295e-06	5.639097744e-06	10
3.762956295e-06	5.639097744e-06	10
3.762956295e-06	5.639097744e-06	10
3.762956295e-06	5.639097744e-06	10
3.762956295e-06	5.639097744e-06	10
3.762956295e-06	5.639097744e-06	10
3.762956295e-06	5.639097744e-06	10
3.762956295e-06	5.639097744e-06	10
3.762956295e-06	5.639097744e-06	10
3.762956295e-06	5.639097744e-06	10
3.762956295e-06	5.639097744e-06	10
3.762956295e-06	5.639097744e-06	10
3.762956295e-06	5.639097744e-06	10
3.762956295e-06	5.639097744e-06	10
3.762956295e-06	5.639097744e-06	10
3.762956295e-06	5.639097744e-06	10
3.762956295e-06	5.639097744e-06	10
3.762956295e-06	5.639097744e-06	10
3.762956295e-06	5.639097744e-06	10
3.762956295e-06	5.639097744e-06	10
3.762956295e-06	5.639097744e-06	10
3.762956295e-06	5.639097744e-06	10
3.762956295e-06	5.639097744e-06	10
3.762956295e-06	5.639097744e-06	10
3.762956295e-06	5.639097744e-06	10
3.762956295e-06	5.639097744e-06	0
3.781753288e-06	5.639097744e-06	0
3.80055028e-06	5.639097744e-06	0
3.819347272e-06	5.639097744e-06	0
3.838144265e-06	5.639097744e-06	0
3.838144265e-06	5.639097744e-06	10
3.838144265e-06	5.639097744e-06	10
3.838144265e-06	5.639097744e-06	10
3.838144265e-06	5.639097744e-06	10
3.838144265e-06	5.639097744e-06	10
3.838144265e-06	5.639097744e-06	10
3.838144265e-06	5.639097744e-06	10
3.838144265e-06	5.639097744e-06	10
3.838144265e-06	5.639097744e-06	10
3.838144265e-06	5.639097744e-06	10
3.838144265e-06	5.639097744e-06	10
3.838144265e-06	5.639097744e-06	10
3.838144265e-06	5.639097744e-06	10
3.838144265e-06	5.639097744e-06	10
3.838144265e-06	5.639097744e-06	10
3.838144265e-06	5.639097744e-06	10
3.838144265e-06	5.639097744e-06	10
3.838144265e-06	5.639097744e-06	10
3.838144265e-06	5.639097744e-06	10
3.838144265e-06	5.639097744e-06	10
3.838144265e-06	5.639097744e-06	10
3.838144265e-06	5.639097744e-06	10
3.838144265e-06	5.639097744e-06	10
3.838144265e-06	5.639097744e-06	10
3.838144265e-06	5.639097744e-06	10
3.838144265e-06	5.639097744e-06	0
3.856941257e-06	5.639097744e-06	0
3.87573825e-06	5.639097744e-06	0
3.894535242e-06	5.639097744e-06	0
3.913332235e-06	5.639097744e-06	0
3.913332235e-06	5.639097744e-06	10
3.913332235e-06	5.639097744e-06	10
3.913332235e-06	5.639097744e-06	10
3.913332235e-06	5.639097744e-06	10
3.913332235e-06	5.639097744e-06	10
3.913332235e-06	5.639097744e-06	10
3.913332235e-06	5.639097744e-06	10
3.913332235e-06	5.639097744e-06	10
3.913332235e-06	5.639097744e-06	10
3.913332235e-06	5.639097744e-06	10
3.913332235e-06	5.639097744e-06	10
3.913332235e-06	5.639097744e-06	10
3.913332235e-06	5.639097744e-06	10
3.913332235e-06	5.639097744e-06	10
3.913332235e-06	5.639097744e-06	10
3.913332235e-06	5.639097744e-06	10
3.913332235e-06	5.639097744e-06	10
3.913332235e-06	5.639097744e-06	10
3.913332235e-06	5.639097744e-06	10
3.913332235e-06	5.639097744e-06	10
3.913332235e-06	5.639097744e-06	10
3.913332235e-06	5.639097744e-06	10
3.913332235e-06	5.639097744e-06	10
3.913332235e-06	5.639097744e-06	10
3.913332235e-06	5.639097744e-06	10
3.913332235e-06	5.639097744e-06	0
3.932129227e-06	5.639097744e-06	0
3.95092622e-06	5.639097744e-06	0
3.969723212e-06	5.639097744e-06	0
3.988520205e-06	5.639097744e-06	0
3.988520205e-06	5.639097744e-06	10
3.988520205e-06	5.639097744e-06	10
3.988520205e-06	5.639097744e-06	10
3.988520205e-06	5.639097744e-06	10
3.988520205e-06	5.639097744e-06	10
3.988520205e-06	5.639097744e-06	10
3.988520205e-06	5.639097744e-06	10
3.988520205e-06	5.639097744e-06	10
3.988520205e-06	5.639097744e-06	10
3.988520205e-06	5.639097744e-06	10
3.988520205e-06	5.639097744e-06	10
3.988520205e-06	5.639097744e-06	10
3.988520205e-06	5.639097744e-06	10
3.988520205e-06	5.639097744e-06	10
3.988520205e-06	5.639097744e-06	10
3.988520205e-06	5.639097744e-06	10
3.988520205e-06	5.639097744e-06	10
3.988520205e-06	5.639097744e-06	10
3.988520205e-06	5.639097744e-06	10
3.988520205e-06	5.639097744e-06	10
3.988520205e-06	5.639097744e-06	10
3.988520205e-06	5.639097744e-06	10
3.988520205e-06	5.639097744e-06	10
3.988520205e-06	5.639097744e-06	10
3.988520205e-06	5.639097744e-06	10
3.988520205e-06	5.639097744e-06	0
4.007317197e-06	5.639097744e-06	0
4.02611419e-06	5.639097744e-06	0
4.044911182e-06	5.639097744e-06	0
4.063708175e-06	5.639097744e-06	0
4.063708175e-06	5.639097744e-06	10
4.063708175e-06	5.639097744e-06	10
4.063708175e-06	5.639097744e-06	10
4.063708175e-06	5.639097744e-06	10
4.063708175e-06	5.639097744e-06	10
4.063708175e-06	5.639097744e-06	10
4.063708175e-06	5.639097744e-06	10
4.063708175e-06	5.639097744e-06	10
4.063708175e-06	5.639097744e-06	10
4.063708175e-06	5.639097744e-06	10
4.063708175e-06	5.639097744e-06	10
4.063708175e-06	5.639097744e-06	10
4.063708175e-06	5.639097744e-06	10
4.063708175e-06	5.639097744e-06	10
4.063708175e-06	5.639097744e-06	10
4.063708175e-06	5.639097744e-06	10
4.063708175e-06	5.639097744e-06	10
4.063708175e-06	5.639097744e-06	10
4.063708175e-06	5.639097744e-06	10
4.063708175e-06	5.639097744e-06	10
4.063708175e-06	5.639097744e-06	10
4.063708175e-06	5.639097744e-06	10
4.063708175e-06	5.639097744e-06	10
4.063708175e-06	5.639097744e-06	10
4.063708175e-06	5.639097744e-06	10
4.063708175e-06	5.639097744e-06	0
4.063708175e-06	5.657894737e-06	0
4.063708175e-06	5.676691729e-06	0
4.063708175e-06	5.695488722e-06	0
4.063708175e-06	5.714285714e-06	0
4.063708175e-06	5.714285714e-06	10
4.063708175e-06	5.714285714e-06	10
4.063708175e-06	5.714285714e-06	10
4.063708175e-06	5.714285714e-06	10
4.063708175e-06	5.714285714e-06	10
4.063708175e-06	5.714285714e-06	10
4.063708175e-06	5.714285714e-06	10
4.063708175e-06	5.714285714e-06	10
4.063708175e-06	5.714285714e-06	10
4.063708175e-06	5.714285714e-06	10
4.063708175e-06	5.714285714e-06	10
4.063708175e-06	5.714285714e-06	10
4.063708175e-06	5.714285714e-06	10
4.063708175e-06	5.714285714e-06	10
4.063708175e-06	5.714285714e-06	10
4.063708175e-06	5.714285714e-06	10
4.063708175e-06	5.714285714e-06	10
4.063708175e-06	5.714285714e-06	10
4.063708175e-06	5.714285714e-06	10
4.063708175e-06	5.714285714e-06	10
4.063708175e-06	5.714285714e-06	10
4.063708175e-06	5.714285714e-06	10
4.063708175e-06	5.714285714e-06	10
4.063708175e-06	5.714285714e-06	10
4.063708175e-06	5.714285714e-06	10
4.063708175e-06	5.714285714e-06	0
4.044911182e-06	5.714285714e-06	0
4.02611419e-06	5.714285714e-06	0
4.007317197e-06	5.714285714e-06	0
3.988520205e-06	5.714285714e-06	0
3.988520205e-06	5.714285714e-06	10
3.988520205e-06	5.714285714e-06	10
3.988520205e-06	5.714285714e-06	10
3.988520205e-06	5.714285714e-06	10
3.988520205e-06	5.714285714e-06	10
3.988520205e-06	5.714285714e-06	10
3.988520205e-06	5.714285714e-06	10
3.988520205e-06	5.714285714e-06	10
3.988520205e-06	5.714285714e-06	10
3.988520205e-06	5.714285714e-06	10
3.988520205e-06	5.714285714e-06	10
3.988520205e-06	5.714285714e-06	10
3.988520205e-06	5.714285714e-06	10
3.988520205e-06	5.714285714e-06	10
3.988520205e-06	5.714285714e-06	10
3.988520205e-06	5.714285714e-06	10
3.988520205e-06	5.714285714e-06	10
3.988520205e-06	5.714285714e-06	10
3.988520205e-06	5.714285714e-06	10
3.988520205e-06	5.714285714e-06	10
3.988520205e-06	5.714285714e-06	10
3.988520205e-06	5.714285714e-06	10
3.988520205e-06	5.714285714e-06	10
3.988520205e-06	5.714285714e-06	10
3.988520205e-06	5.714285714e-06	10
3.988520205e-06	5.714285714e-06	0
3.969723212e-06	5.714285714e-06	0
3.95092622e-06	5.714285714e-06	0
3.932129227e-06	5.714285714e-06	0
3.913332235e-06	5.714285714e-06	0
3.913332235e-06	5.714285714e-06	10
3.913332235e-06	5.714285714e-06	10
3.913332235e-06	5.714285714e-06	10
3.913332235e-06	5.714285714e-06	10
3.913332235e-06	5.714285714e-06	10
3.913332235e-06	5.714285714e-06	10
3.913332235e-06	5.714285714e-06	10
3.913332235e-06	5.714285714e-06	10
3.913332235e-06	5.714285714e-06	10
3.913332235e-06	5.714285714e-06	10
3.913332235e-06	5.714285714e-06	10
3.913332235e-06	5.714285714e-06	10
3.913332235e-06	5.714285714e-06	10
3.913332235e-06	5.714285714e-06	10
3.913332235e-06	5.714285714e-06	10
3.913332235e-06	5.714285714e-06	10
3.913332235e-06	5.714285714e-06	10
3.913332235e-06	5.714285714e-06	10
3.913332235e-06	5.714285714e-06	10
3.913332235e-06	5.714285714e-06	10
3.913332235e-06	5.714285714e-06	10
3.913332235e-06	5.714285714e-06	10
3.913332235e-06	5.714285714e-06	10
3.913332235e-06	5.714285714e-06	10
3.913332235e-06	5.714285714e-06	10
3.913332235e-06	5.714285714e-06	0
3.894535242e-06	5.714285714e-06	0
3.87573825e-06	5.714285714e-06	0
3.856941257e-06	5.714285714e-06	0
3.838144265e-06	5.714285714e-06	0
3.838144265e-06	5.714285714e-06	10
3.838144265e-06	5.714285714e-06	10
3.838144265e-06	5.714285714e-06	10
3.838144265e-06	5.714285714e-06	10
3.838144265e-06	5.714285714e-06	10
3.838144265e-06	5.714285714e-06	10
3.838144265e-06	5.714285714e-06	10
3.838144265e-06	5.714285714e-06	10
3.838144265e-06	5.714285714e-06	10
3.838144265e-06	5.714285714e-06	10
3.838144265e-06	5.714285714e-06	10
3.838144265e-06	5.714285714e-06	10
3.838144265e-06	5.714285714e-06	10
3.838144265e-06	5.714285714e-06	10
3.838144265e-06	5.714285714e-06	10
3.838144265e-06	5.714285714e-06	10
3.838144265e-06	5.714285714e-06	10
3.838144265e-06	5.714285714e-06	10
3.838144265e-06	5.714285714e-06	10
3.838144265e-06	5.714285714e-06	10
3.838144265e-06	5.714285714e-06	10
3.838144265e-06	5.714285714e-06	10
3.838144265e-06	5.714285714e-06	10
3.838144265e-06	5.714285714e-06	10
3.838144265e-06	5.714285714e-06	10
3.838144265e-06	5.714285714e-06	0
3.819347272e-06	5.714285714e-06	0
3.80055028e-06	5.714285714e-06	0
3.781753288e-06	5.714285714e-06	0
3.762956295e-06	5.714285714e-06	0
3.762956295e-06	5.714285714e-06	10
3.762956295e-06	5.714285714e-06	10
3.762956295e-06	5.714285714e-06	10
3.762956295e-06	5.714285714e-06	10
3.762956295e-06	5.714285714e-06	10
3.762956295e-06	5.714285714e-06	10
3.762956295e-06	5.714285714e-06	10
3.762956295e-06	5.714285714e-06	10
3.762956295e-06	5.714285714e-06	10
3.762956295e-06	5.714285714e-06	10
3.762956295e-06	5.714285714e-06	10
3.762956295e-06	5.714285714e-06	10
3.762956295e-06	5.714285714e-06	10
3.762956295e-06	5.714285714e-06	10
3.762956295e-06	5.714285714e-06	10
3.762956295e-06	5.714285714e-06	10
3.762956295e-06	5.714285714e-06	10
3.762956295e-06	5.714285714e-06	10
3.762956295e-06	5.714285714e-06	10
3.762956295e-06	5.714285714e-06	10
3.762956295e-06	5.714285714e-06	10
3.762956295e-06	5.714285714e-06	10
3.762956295e-06	5.714285714e-06	10
3.762956295e-06	5.714285714e-06	10
3.762956295e-06	5.714285714e-06	10
3.762956295e-06	5.714285714e-06	0
3.744159303e-06	5.714285714e-06	0
3.72536231e-06	5.714285714e-06	0
3.706565318e-06	5.714285714e-06	0
3.687768325e-06	5.714285714e-06	0
3.687768325e-06	5.714285714e-06	10
3.687768325e-06	5.714285714e-06	10
3.687768325e-06	5.714285714e-06	10
3.687768325e-06	5.714285714e-06	10
3.687768325e-06	5.714285714e-06	10
3.687768325e-06	5.714285714e-06	10
3.687768325e-06	5.714285714e-06	10
3.687768325e-06	5.714285714e-06	10
3.687768325e-06	5.714285714e-06	10
3.687768325e-06	5.714285714e-06	10
3.687768325e-06	5.714285714e-06	10
3.687768325e-06	5.714285714e-06	10
3.687768325e-06	5.714285714e-06	10
3.687768325e-06	5.714285714e-06	10
3.687768325e-06	5.714285714e-06	10
3.687768325e-06	5.714285714e-06	10
3.687768325e-06	5.714285714e-06	10
3.687768325e-06	5.714285714e-06	10
3.687768325e-06	5.714285714e-06	10
3.687768325e-06	5.714285714e-06	10
3.687768325e-06	5.714285714e-06	10
3.687768325e-06	5.714285714e-06	10
3.687768325e-06	5.714285714e-06	10
3.687768325e-06	5.714285714e-06	10
3.687768325e-06	5.714285714e-06	10
3.687768325e-06	5.714285714e-06	0
3.668971333e-06	5.714285714e-06	0
3.65017434e-06	5.714285714e-06	0
3.631377348e-06	5.714285714e-06	0
3.612580355e-06	5.714285714e-06	0
3.612580355e-06	5.714285714e-06	10
3.612580355e-06	5.714285714e-06	10
3.612580355e-06	5.714285714e-06	10
3.612580355e-06	5.714285714e-06	10
3.612580355e-06	5.714285714e-06	10
3.612580355e-06	5.714285714e-06	10
3.612580355e-06	5.714285714e-06	10
3.612580355e-06	5.714285714e-06	10
3.612580355e-06	5.714285714e-06	10
3.612580355e-06	5.714285714e-06	10
3.612580355e-06	5.714285714e-06	10
3.612580355e-06	5.714285714e-06	10
3.612580355e-06	5.714285714e-06	10
3.612580355e-06	5.714285714e-06	10
3.612580355e-06	5.714285714e-06	10
3.612580355e-06	5.714285714e-06	10
3.612580355e-06	5.714285714e-06	10
3.612580355e-06	5.714285714e-06	10
3.612580355e-06	5.714285714e-06	10
3.612580355e-06	5.714285714e-06	10
3.612580355e-06	5.714285714e-06	10
3.612580355e-06	5.714285714e-06	10
3.612580355e-06	5.714285714e-06	10
3.612580355e-06	5.714285714e-06	10
3.612580355e-06	5.714285714e-06	10
3.612580355e-06	5.714285714e-06	0
3.593783363e-06	5.714285714e-06	0
3.57498637e-06	5.714285714e-06	0
3.556189378e-06	5.714285714e-06	0
3.537392385e-06	5.714285714e-06	0
3.537392385e-06	5.714285714e-06	10
3.537392385e-06	5.714285714e-06	10
3.537392385e-06	5.714285714e-06	10
3.537392385e-06	5.714285714e-06	10
3.537392385e-06	5.714285714e-06	10
3.537392385e-06	5.714285714e-06	10
3.537392385e-06	5.714285714e-06	10
3.537392385e-06	5.714285714e-06	10
3.537392385e-06	5.714285714e-06	10
3.537392385e-06	5.714285714e-06	10
3.537392385e-06	5.714285714e-06	10
3.537392385e-06	5.714285714e-06	10
3.537392385e-06	5.714285714e-06	10
3.537392385e-06	5.714285714e-06	10
3.537392385e-06	5.714285714e-06	10
3.537392385e-06	5.714285714e-06	10
3.537392385e-06	5.714285714e-06	10
3.537392385e-06	5.714285714e-06	10
3.537392385e-06	5.714285714e-06	10
3.537392385e-06	5.714285714e-06	10
3.537392385e-06	5.714285714e-06	10
3.537392385e-06	5.714285714e-06	10
3.537392385e-06	5.714285714e-06	10
3.537392385e-06	5.714285714e-06	10
3.537392385e-06	5.714285714e-06	10
3.537392385e-06	5.714285714e-06	0
3.518595393e-06	5.714285714e-06	0
3.4997984e-06	5.714285714e-06	0
3.481001408e-06	5.714285714e-06	0
3.462204415e-06	5.714285714e-06	0
3.462204415e-06	5.714285714e-06	10
3.462204415e-06	5.714285714e-06	10
3.462204415e-06	5.714285714e-06	10
3.462204415e-06	5.714285714e-06	10
3.462204415e-06	5.714285714e-06	10
3.462204415e-06	5.714285714e-06	10
3.462204415e-06	5.714285714e-06	10
3.462204415e-06	5.714285714e-06	10
3.462204415e-06	5.714285714e-06	10
3.462204415e-06	5.714285714e-06	10
3.462204415e-06	5.714285714e-06	10
3.462204415e-06	5.714285714e-06	10
3.462204415e-06	5.714285714e-06	10
3.462204415e-06	5.714285714e-06	10
3.462204415e-06	5.714285714e-06	10
3.462204415e-06	5.714285714e-06	10
3.462204415e-06	5.714285714e-06	10
3.462204415e-06	5.714285714e-06	10
3.462204415e-06	5.714285714e-06	10
3.462204415e-06	5.714285714e-06	10
3.462204415e-06	5.714285714e-06	10
3.462204415e-06	5.714285714e-06	10
3.462204415e-06	5.714285714e-06	10
3.462204415e-06	5.714285714e-06	10
3.462204415e-06	5.714285714e-06	10
3.462204415e-06	5.714285714e-06	0
3.443407423e-06	5.714285714e-06	0
3.42461043e-06	5.714285714e-06	0
3.405813438e-06	5.714285714e-06	0
3.387016445e-06	5.714285714e-06	0
3.387016445e-06	5.714285714e-06	10
3.387016445e-06	5.714285714e-06	10
3.387016445e-06	5.714285714e-06	10
3.387016445e-06	5.714285714e-06	10
3.387016445e-06	5.714285714e-06	10
3.387016445e-06	5.714285714e-06	10
3.387016445e-06	5.714285714e-06	10
3.387016445e-06	5.714285714e-06	10
3.387016445e-06	5.714285714e-06	10
3.387016445e-06	5.714285714e-06	10
3.387016445e-06	5.714285714e-06	10
3.387016445e-06	5.714285714e-06	10
3.387016445e-06	5.714285714e-06	10
3.387016445e-06	5.714285714e-06	10
3.387016445e-06	5.714285714e-06	10
3.387016445e-06	5.714285714e-06	10
3.387016445e-06	5.714285714e-06	10
3.387016445e-06	5.714285714e-06	10
3.387016445e-06	5.714285714e-06	10
3.387016445e-06	5.714285714e-06	10
3.387016445e-06	5.714285714e-06	10
3.387016445e-06	5.714285714e-06	10
3.387016445e-06	5.714285714e-06	10
3.387016445e-06	5.714285714e-06	10
3.387016445e-06	5.714285714e-06	10
3.387016445e-06	5.714285714e-06	0
3.368219453e-06	5.714285714e-06	0
3.34942246e-06	5.714285714e-06	0
3.330625468e-06	5.714285714e-06	0
3.311828475e-06	5.714285714e-06	0
3.311828475e-06	5.714285714e-06	10
3.311828475e-06	5.714285714e-06	10
3.311828475e-06	5.714285714e-06	10
3.311828475e-06	5.714285714e-06	10
3.311828475e-06	5.714285714e-06	10
3.311828475e-06	5.714285714e-06	10
3.311828475e-06	5.714285714e-06	10
3.311828475e-06	5.714285714e-06	10
3.311828475e-06	5.714285714e-06	10
3.311828475e-06	5.714285714e-06	10
3.311828475e-06	5.714285714e-06	10
3.311828475e-06	5.714285714e-06	10
3.311828475e-06	5.714285714e-06	10
3.311828475e-06	5.714285714e-06	10
3.311828475e-06	5.714285714e-06	10
3.311828475e-06	5.714285714e-06	10
3.311828475e-06	5.714285714e-06	10
3.311828475e-06	5.714285714e-06	10
3.311828475e-06	5.714285714e-06	10
3.311828475e-06	5.714285714e-06	10
3.311828475e-06	5.714285714e-06	10
3.311828475e-06	5.714285714e-06	10
3.311828475e-06	5.714285714e-06	10
3.311828475e-06	5.714285714e-06	10
3.311828475e-06	5.714285714e-06	10
3.311828475e-06	5.714285714e-06	0
3.293031483e-06	5.714285714e-06	0
3.274234491e-06	5.714285714e-06	0
3.255437498e-06	5.714285714e-06	0
3.236640506e-06	5.714285714e-06	0
3.236640506e-06	5.714285714e-06	10
3.236640506e-06	5.714285714e-06	10
3.236640506e-06	5.714285714e-06	10
3.236640506e-06	5.714285714e-06	10
3.236640506e-06	5.714285714e-06	10
3.236640506e-06	5.714285714e-06	10
3.236640506e-06	5.714285714e-06	10
3.236640506e-06	5.714285714e-06	10
3.236640506e-06	5.714285714e-06	10
3.236640506e-06	5.714285714e-06	10
3.236640506e-06	5.714285714e-06	10
3.236640506e-06	5.714285714e-06	10
3.236640506e-06	5.714285714e-06	10
3.236640506e-06	5.714285714e-06	10
3.236640506e-06	5.714285714e-06	10
3.236640506e-06	5.714285714e-06	10
3.236640506e-06	5.714285714e-06	10
3.236640506e-06	5.714285714e-06	10
3.236640506e-06	5.714285714e-06	10
3.236640506e-06	5.714285714e-06	10
3.236640506e-06	5.714285714e-06	10
3.236640506e-06	5.714285714e-06	10
3.236640506e-06	5.714285714e-06	10
3.236640506e-06	5.714285714e-06	10
3.236640506e-06	5.714285714e-06	10
3.236640506e-06	5.714285714e-06	0
3.217843513e-06	5.714285714e-06	0
3.199046521e-06	5.714285714e-06	0
3.180249528e-06	5.714285714e-06	0
3.161452536e-06	5.714285714e-06	0
3.161452536e-06	5.714285714e-06	10
3.161452536e-06	5.714285714e-06	10
3.161452536e-06	5.714285714e-06	10
3.161452536e-06	5.714285714e-06	10
3.161452536e-06	5.714285714e-06	10
3.161452536e-06	5.714285714e-06	10
3.161452536e-06	5.714285714e-06	10
3.161452536e-06	5.714285714e-06	10
3.161452536e-06	5.714285714e-06	10
3.161452536e-06	5.714285714e-06	10
3.161452536e-06	5.714285714e-06	10
3.161452536e-06	5.714285714e-06	10
3.161452536e-06	5.714285714e-06	10
3.161452536e-06	5.714285714e-06	10
3.161452536e-06	5.714285714e-06	10
3.161452536e-06	5.714285714e-06	10
3.161452536e-06	5.714285714e-06	10
3.161452536e-06	5.714285714e-06	10
3.161452536e-06	5.714285714e-06	10
3.161452536e-06	5.714285714e-06	10
3.161452536e-06	5.714285714e-06	10
3.161452536e-06	5.714285714e-06	10
3.161452536e-06	5.714285714e-06	10
3.161452536e-06	5.714285714e-06	10
3.161452536e-06	5.714285714e-06	10
3.161452536e-06	5.714285714e-06	0
3.142655543e-06	5.714285714e-06	0
3.123858551e-06	5.714285714e-06	0
3.105061558e-06	5.714285714e-06	0
3.086264566e-06	5.714285714e-06	0
3.086264566e-06	5.714285714e-06	10
3.086264566e-06	5.714285714e-06	10
3.086264566e-06	5.714285714e-06	10
3.086264566e-06	5.714285714e-06	10
3.086264566e-06	5.714285714e-06	10
3.086264566e-06	5.714285714e-06	10
3.086264566e-06	5.714285714e-06	10
3.086264566e-06	5.714285714e-06	10
3.086264566e-06	5.714285714e-06	10
3.086264566e-06	5.714285714e-06	10
3.086264566e-06	5.714285714e-06	10
3.086264566e-06	5.714285714e-06	10
3.086264566e-06	5.714285714e-06	10
3.086264566e-06	5.714285714e-06	10
3.086264566e-06	5.714285714e-06	10
3.086264566e-06	5.714285714e-06	10
3.086264566e-06	5.714285714e-06	10
3.086264566e-06	5.714285714e-06	10
3.086264566e-06	5.714285714e-06	10
3.086264566e-06	5.714285714e-06	10
3.086264566e-06	5.714285714e-06	10
3.086264566e-06	5.714285714e-06	10
3.086264566e-06	5.714285714e-06	10
3.086264566e-06	5.714285714e-06	10
3.086264566e-06	5.714285714e-06	10
3.086264566e-06	5.714285714e-06	0
3.067467573e-06	5.714285714e-06	0
3.048670581e-06	5.714285714e-06	0
3.029873588e-06	5.714285714e-06	0
3.011076596e-06	5.714285714e-06	0
3.011076596e-06	5.714285714e-06	10
3.011076596e-06	5.714285714e-06	10
3.011076596e-06	5.714285714e-06	10
3.011076596e-06	5.714285714e-06	10
3.011076596e-06	5.714285714e-06	10
3.011076596e-06	5.714285714e-06	10
3.011076596e-06	5.714285714e-06	10
3.011076596e-06	5.714285714e-06	10
3.011076596e-06	5.714285714e-06	10
3.011076596e-06	5.714285714e-06	10
3.011076596e-06	5.714285714e-06	10
3.011076596e-06	5.714285714e-06	10
3.011076596e-06	5.714285714e-06	10
3.011076596e-06	5.714285714e-06	10
3.011076596e-06	5.714285714e-06	10
3.011076596e-06	5.714285714e-06	10
3.011076596e-06	5.714285714e-06	10
3.011076596e-06	5.714285714e-06	10
3.011076596e-06	5.714285714e-06	10
3.011076596e-06	5.714285714e-06	10
3.011076596e-06	5.714285714e-06	10
3.011076596e-06	5.714285714e-06	10
3.011076596e-06	5.714285714e-06	10
3.011076596e-06	5.714285714e-06	10
3.011076596e-06	5.714285714e-06	10
3.011076596e-06	5.714285714e-06	0
2.992279603e-06	5.714285714e-06	0
2.973482611e-06	5.714285714e-06	0
2.954685618e-06	5.714285714e-06	0
2.935888626e-06	5.714285714e-06	0
2.935888626e-06	5.714285714e-06	10
2.935888626e-06	5.714285714e-06	10
2.935888626e-06	5.714285714e-06	10
2.935888626e-06	5.714285714e-06	10
2.935888626e-06	5.714285714e-06	10
2.935888626e-06	5.714285714e-06	10
2.935888626e-06	5.714285714e-06	10
2.935888626e-06	5.714285714e-06	10
2.935888626e-06	5.714285714e-06	10
2.935888626e-06	5.714285714e-06	10
2.935888626e-06	5.714285714e-06	10
2.935888626e-06	5.714285714e-06	10
2.935888626e-06	5.714285714e-06	10
2.935888626e-06	5.714285714e-06	10
2.935888626e-06	5.714285714e-06	10
2.935888626e-06	5.714285714e-06	10
2.935888626e-06	5.714285714e-06	10
2.935888626e-06	5.714285714e-06	10
2.935888626e-06	5.714285714e-06	10
2.935888626e-06	5.714285714e-06	10
2.935888626e-06	5.714285714e-06	10
2.935888626e-06	5.714285714e-06	10
2.935888626e-06	5.714285714e-06	10
2.935888626e-06	5.714285714e-06	10
2.935888626e-06	5.714285714e-06	10
2.935888626e-06	5.714285714e-06	0
2.917091633e-06	5.714285714e-06	0
2.898294641e-06	5.714285714e-06	0
2.879497648e-06	5.714285714e-06	0
2.860700656e-06	5.714285714e-06	0
2.860700656e-06	5.714285714e-06	10
2.860700656e-06	5.714285714e-06	10
2.860700656e-06	5.714285714e-06	10
2.860700656e-06	5.714285714e-06	10
2.860700656e-06	5.714285714e-06	10
2.860700656e-06	5.714285714e-06	10
2.860700656e-06	5.714285714e-06	10
2.860700656e-06	5.714285714e-06	10
2.860700656e-06	5.714285714e-06	10
2.860700656e-06	5.714285714e-06	10
2.860700656e-06	5.714285714e-06	10
2.860700656e-06	5.714285714e-06	10
2.860700656e-06	5.714285714e-06	10
2.860700656e-06	5.714285714e-06	10
2.860700656e-06	5.714285714e-06	10
2.860700656e-06	5.714285714e-06	10
2.860700656e-06	5.714285714e-06	10
2.860700656e-06	5.714285714e-06	10
2.860700656e-06	5.714285714e-06	10
2.860700656e-06	5.714285714e-06	10
2.860700656e-06	5.714285714e-06	10
2.860700656e-06	5.714285714e-06	10
2.860700656e-06	5.714285714e-06	10
2.860700656e-06	5.714285714e-06	10
2.860700656e-06	5.714285714e-06	10
2.860700656e-06	5.714285714e-06	0
2.841903663e-06	5.714285714e-06	0
2.823106671e-06	5.714285714e-06	0
2.804309678e-06	5.714285714e-06	0
2.785512686e-06	5.714285714e-06	0
2.785512686e-06	5.714285714e-06	10
2.785512686e-06	5.714285714e-06	10
2.785512686e-06	5.714285714e-06	10
2.785512686e-06	5.714285714e-06	10
2.785512686e-06	5.714285714e-06	10
2.785512686e-06	5.714285714e-06	10
2.785512686e-06	5.714285714e-06	10
2.785512686e-06	5.714285714e-06	10
2.785512686e-06	5.714285714e-06	10
2.785512686e-06	5.714285714e-06	10
2.785512686e-06	5.714285714e-06	10
2.785512686e-06	5.714285714e-06	10
2.785512686e-06	5.714285714e-06	10
2.785512686e-06	5.714285714e-06	10
2.785512686e-06	5.714285714e-06	10
2.785512686e-06	5.714285714e-06	10
2.785512686e-06	5.714285714e-06	10
2.785512686e-06	5.714285714e-06	10
2.785512686e-06	5.714285714e-06	10
2.785512686e-06	5.714285714e-06	10
2.785512686e-06	5.714285714e-06	10
2.785512686e-06	5.714285714e-06	10
2.785512686e-06	5.714285714e-06	10
2.785512686e-06	5.714285714e-06	10
2.785512686e-06	5.714285714e-06	10
2.785512686e-06	5.714285714e-06	0
2.766715694e-06	5.714285714e-06	0
2.747918701e-06	5.714285714e-06	0
2.729121709e-06	5.714285714e-06	0
2.710324716e-06	5.714285714e-06	0
2.710324716e-06	5.714285714e-06	10
2.710324716e-06	5.714285714e-06	10
2.710324716e-06	5.714285714e-06	10
2.710324716e-06	5.714285714e-06	10
2.710324716e-06	5.714285714e-06	10
2.710324716e-06	5.714285714e-06	10
2.710324716e-06	5.714285714e-06	10
2.710324716e-06	5.714285714e-06	10
2.710324716e-06	5.714285714e-06	10
2.710324716e-06	5.714285714e-06	10
2.710324716e-06	5.714285714e-06	10
2.710324716e-06	5.714285714e-06	10
2.710324716e-06	5.714285714e-06	10
2.710324716e-06	5.714285714e-06	10
2.710324716e-06	5.714285714e-06	10
2.710324716e-06	5.714285714e-06	10
2.710324716e-06	5.714285714e-06	10
2.710324716e-06	5.714285714e-06	10
2.710324716e-06	5.714285714e-06	10
2.710324716e-06	5.714285714e-06	10
2.710324716e-06	5.714285714e-06	10
2.710324716e-06	5.714285714e-06	10
2.710324716e-06	5.714285714e-06	10
2.710324716e-06	5.714285714e-06	10
2.710324716e-06	5.714285714e-06	10
2.710324716e-06	5.714285714e-06	0
2.691527724e-06	5.714285714e-06	0
2.672730731e-06	5.714285714e-06	0
2.653933739e-06	5.714285714e-06	0
2.635136746e-06	5.714285714e-06	0
2.635136746e-06	5.714285714e-06	10
2.635136746e-06	5.714285714e-06	10
2.635136746e-06	5.714285714e-06	10
2.635136746e-06	5.714285714e-06	10
2.635136746e-06	5.714285714e-06	10
2.635136746e-06	5.714285714e-06	10
2.635136746e-06	5.714285714e-06	10
2.635136746e-06	5.714285714e-06	10
2.635136746e-06	5.714285714e-06	10
2.635136746e-06	5.714285714e-06	10
2.635136746e-06	5.714285714e-06	10
2.635136746e-06	5.714285714e-06	10
2.635136746e-06	5.714285714e-06	10
2.635136746e-06	5.714285714e-06	10
2.635136746e-06	5.714285714e-06	10
2.635136746e-06	5.714285714e-06	10
2.635136746e-06	5.714285714e-06	10
2.635136746e-06	5.714285714e-06	10
2.635136746e-06	5.714285714e-06	10
2.635136746e-06	5.714285714e-06	10
2.635136746e-06	5.714285714e-06	10
2.635136746e-06	5.714285714e-06	10
2.635136746e-06	5.714285714e-06	10
2.635136746e-06	5.714285714e-06	10
2.635136746e-06	5.714285714e-06	10
2.635136746e-06	5.714285714e-06	0
2.616339754e-06	5.714285714e-06	0
2.597542761e-06	5.714285714e-06	0
2.578745769e-06	5.714285714e-06	0
2.559948776e-06	5.714285714e-06	0
2.559948776e-06	5.714285714e-06	10
2.559948776e-06	5.714285714e-06	10
2.559948776e-06	5.714285714e-06	10
2.559948776e-06	5.714285714e-06	10
2.559948776e-06	5.714285714e-06	10
2.559948776e-06	5.714285714e-06	10
2.559948776e-06	5.714285714e-06	10
2.559948776e-06	5.714285714e-06	10
2.559948776e-06	5.714285714e-06	10
2.559948776e-06	5.714285714e-06	10
2.559948776e-06	5.714285714e-06	10
2.559948776e-06	5.714285714e-06	10
2.559948776e-06	5.714285714e-06	10
2.559948776e-06	5.714285714e-06	10
2.559948776e-06	5.714285714e-06	10
2.559948776e-06	5.714285714e-06	10
2.559948776e-06	5.714285714e-06	10
2.559948776e-06	5.714285714e-06	10
2.559948776e-06	5.714285714e-06	10
2.559948776e-06	5.714285714e-06	10
2.559948776e-06	5.714285714e-06	10
2.559948776e-06	5.714285714e-06	10
2.559948776e-06	5.714285714e-06	10
2.559948776e-06	5.714285714e-06	10
2.559948776e-06	5.714285714e-06	10
2.559948776e-06	5.714285714e-06	0
2.541151784e-06	5.714285714e-06	0
2.522354791e-06	5.714285714e-06	0
2.503557799e-06	5.714285714e-06	0
2.484760806e-06	5.714285714e-06	0
2.484760806e-06	5.714285714e-06	10
2.484760806e-06	5.714285714e-06	10
2.484760806e-06	5.714285714e-06	10
2.484760806e-06	5.714285714e-06	10
2.484760806e-06	5.714285714e-06	10
2.484760806e-06	5.714285714e-06	10
2.484760806e-06	5.714285714e-06	10
2.484760806e-06	5.714285714e-06	10
2.484760806e-06	5.714285714e-06	10
2.484760806e-06	5.714285714e-06	10
2.484760806e-06	5.714285714e-06	10
2.484760806e-06	5.714285714e-06	10
2.484760806e-06	5.714285714e-06	10
2.484760806e-06	5.714285714e-06	10
2.484760806e-06	5.714285714e-06	10
2.484760806e-06	5.714285714e-06	10
2.484760806e-06	5.714285714e-06	10
2.484760806e-06	5.714285714e-06	10
2.484760806e-06	5.714285714e-06	10
2.484760806e-06	5.714285714e-06	10
2.484760806e-06	5.714285714e-06	10
2.484760806e-06	5.714285714e-06	10
2.484760806e-06	5.714285714e-06	10
2.484760806e-06	5.714285714e-06	10
2.484760806e-06	5.714285714e-06	10
2.484760806e-06	5.714285714e-06	0
2.465963814e-06	5.714285714e-06	0
2.447166821e-06	5.714285714e-06	0
2.428369829e-06	5.714285714e-06	0
2.409572836e-06	5.714285714e-06	0
2.409572836e-06	5.714285714e-06	10
2.409572836e-06	5.714285714e-06	10
2.409572836e-06	5.714285714e-06	10
2.409572836e-06	5.714285714e-06	10
2.409572836e-06	5.714285714e-06	10
2.409572836e-06	5.714285714e-06	10
2.409572836e-06	5.714285714e-06	10
2.409572836e-06	5.714285714e-06	10
2.409572836e-06	5.714285714e-06	10
2.409572836e-06	5.714285714e-06	10
2.409572836e-06	5.714285714e-06	10
2.409572836e-06	5.714285714e-06	10
2.409572836e-06	5.714285714e-06	10
2.409572836e-06	5.714285714e-06	10
2.409572836e-06	5.714285714e-06	10
2.409572836e-06	5.714285714e-06	10
2.409572836e-06	5.714285714e-06	10
2.409572836e-06	5.714285714e-06	10
2.409572836e-06	5.714285714e-06	10
2.409572836e-06	5.714285714e-06	10
2.409572836e-06	5.714285714e-06	10
2.409572836e-06	5.714285714e-06	10
2.409572836e-06	5.714285714e-06	10
2.409572836e-06	5.714285714e-06	10
2.409572836e-06	5.714285714e-06	10
2.409572836e-06	5.714285714e-06	0
2.390775844e-06	5.714285714e-06	0
2.371978851e-06	5.714285714e-06	0
2.353181859e-06	5.714285714e-06	0
2.334384866e-06	5.714285714e-06	0
2.334384866e-06	5.714285714e-06	10
2.334384866e-06	5.714285714e-06	10
2.334384866e-06	5.714285714e-06	10
2.334384866e-06	5.714285714e-06	10
2.334384866e-06	5.714285714e-06	10
2.334384866e-06	5.714285714e-06	10
2.334384866e-06	5.714285714e-06	10
2.334384866e-06	5.714285714e-06	10
2.334384866e-06	5.714285714e-06	10
2.334384866e-06	5.714285714e-06	10
2.334384866e-06	5.714285714e-06	10
2.334384866e-06	5.714285714e-06	10
2.334384866e-06	5.714285714e-06	10
2.334384866e-06	5.714285714e-06	10
2.334384866e-06	5.714285714e-06	10
2.334384866e-06	5.714285714e-06	10
2.334384866e-06	5.714285714e-06	10
2.334384866e-06	5.714285714e-06	10
2.334384866e-06	5.714285714e-06	10
2.334384866e-06	5.714285714e-06	10
2.334384866e-06	5.714285714e-06	10
2.334384866e-06	5.714285714e-06	10
2.334384866e-06	5.714285714e-06	10
2.334384866e-06	5.714285714e-06	10
2.334384866e-06	5.714285714e-06	10
2.334384866e-06	5.714285714e-06	0
2.334384866e-06	5.733082707e-06	0
2.334384866e-06	5.751879699e-06	0
2.334384866e-06	5.770676692e-06	0
2.334384866e-06	5.789473684e-06	0
2.334384866e-06	5.789473684e-06	-10
2.334384866e-06	5.789473684e-06	-10
2.334384866e-06	5.789473684e-06	-10
2.334384866e-06	5.789473684e-06	-10
2.334384866e-06	5.789473684e-06	-10
2.334384866e-06	5.789473684e-06	-10
2.334384866e-06	5.789473684e-06	-10
2.334384866e-06	5.789473684e-06	-10
2.334384866e-06	5.789473684e-06	-10
2.334384866e-06	5.789473684e-06	-10
2.334384866e-06	5.789473684e-06	-10
2.334384866e-06	5.789473684e-06	-10
2.334384866e-06	5.789473684e-06	-10
2.334384866e-06	5.789473684e-06	-10
2.334384866e-06	5.789473684e-06	-10
2.334384866e-06	5.789473684e-06	-10
2.334384866e-06	5.789473684e-06	-10
2.334384866e-06	5.789473684e-06	-10
2.334384866e-06	5.789473684e-06	-10
2.334384866e-06	5.789473684e-06	-10
2.334384866e-06	5.789473684e-06	-10
2.334384866e-06	5.789473684e-06	-10
2.334384866e-06	5.789473684e-06	-10
2.334384866e-06	5.789473684e-06	-10
2.334384866e-06	5.789473684e-06	-10
2.334384866e-06	5.789473684e-06	0
2.353181859e-06	5.789473684e-06	0
2.371978851e-06	5.789473684e-06	0
2.390775844e-06	5.789473684e-06	0
2.409572836e-06	5.789473684e-06	0
2.409572836e-06	5.789473684e-06	-10
2.409572836e-06	5.789473684e-06	-10
2.409572836e-06	5.789473684e-06	-10
2.409572836e-06	5.789473684e-06	-10
2.409572836e-06	5.789473684e-06	-10
2.409572836e-06	5.789473684e-06	-10
2.409572836e-06	5.789473684e-06	-10
2.409572836e-06	5.789473684e-06	-10
2.409572836e-06	5.789473684e-06	-10
2.409572836e-06	5.789473684e-06	-10
2.409572836e-06	5.789473684e-06	-10
2.409572836e-06	5.789473684e-06	-10
2.409572836e-06	5.789473684e-06	-10
2.409572836e-06	5.789473684e-06	-10
2.409572836e-06	5.789473684e-06	-10
2.409572836e-06	5.789473684e-06	-10
2.409572836e-06	5.789473684e-06	-10
2.409572836e-06	5.789473684e-06	-10
2.409572836e-06	5.789473684e-06	-10
2.409572836e-06	5.789473684e-06	-10
2.409572836e-06	5.789473684e-06	-10
2.409572836e-06	5.789473684e-06	-10
2.409572836e-06	5.789473684e-06	-10
2.409572836e-06	5.789473684e-06	-10
2.409572836e-06	5.789473684e-06	-10
2.409572836e-06	5.789473684e-06	0
2.428369829e-06	5.789473684e-06	0
2.447166821e-06	5.789473684e-06	0
2.465963814e-06	5.789473684e-06	0
2.484760806e-06	5.789473684e-06	0
2.484760806e-06	5.789473684e-06	-10
2.484760806e-06	5.789473684e-06	-10
2.484760806e-06	5.789473684e-06	-10
2.484760806e-06	5.789473684e-06	-10
2.484760806e-06	5.789473684e-06	-10
2.484760806e-06	5.789473684e-06	-10
2.484760806e-06	5.789473684e-06	-10
2.484760806e-06	5.789473684e-06	-10
2.484760806e-06	5.789473684e-06	-10
2.484760806e-06	5.789473684e-06	-10
2.484760806e-06	5.789473684e-06	-10
2.484760806e-06	5.789473684e-06	-10
2.484760806e-06	5.789473684e-06	-10
2.484760806e-06	5.789473684e-06	-10
2.484760806e-06	5.789473684e-06	-10
2.484760806e-06	5.789473684e-06	-10
2.484760806e-06	5.789473684e-06	-10
2.484760806e-06	5.789473684e-06	-10
2.484760806e-06	5.789473684e-06	-10
2.484760806e-06	5.789473684e-06	-10
2.484760806e-06	5.789473684e-06	-10
2.484760806e-06	5.789473684e-06	-10
2.484760806e-06	5.789473684e-06	-10
2.484760806e-06	5.789473684e-06	-10
2.484760806e-06	5.789473684e-06	-10
2.484760806e-06	5.789473684e-06	0
2.503557799e-06	5.789473684e-06	0
2.522354791e-06	5.789473684e-06	0
2.541151784e-06	5.789473684e-06	0
2.559948776e-06	5.789473684e-06	0
2.559948776e-06	5.789473684e-06	-10
2.559948776e-06	5.789473684e-06	-10
2.559948776e-06	5.789473684e-06	-10
2.559948776e-06	5.789473684e-06	-10
2.559948776e-06	5.789473684e-06	-10
2.559948776e-06	5.789473684e-06	-10
2.559948776e-06	5.789473684e-06	-10
2.559948776e-06	5.789473684e-06	-10
2.559948776e-06	5.789473684e-06	-10
2.559948776e-06	5.789473684e-06	-10
2.559948776e-06	5.789473684e-06	-10
2.559948776e-06	5.789473684e-06	-10
2.559948776e-06	5.789473684e-06	-10
2.559948776e-06	5.789473684e-06	-10
2.559948776e-06	5.789473684e-06	-10
2.559948776e-06	5.789473684e-06	-10
2.559948776e-06	5.789473684e-06	-10
2.559948776e-06	5.789473684e-06	-10
2.559948776e-06	5.789473684e-06	-10
2.559948776e-06	5.789473684e-06	-10
2.559948776e-06	5.789473684e-06	-10
2.559948776e-06	5.789473684e-06	-10
2.559948776e-06	5.789473684e-06	-10
2.559948776e-06	5.789473684e-06	-10
2.559948776e-06	5.789473684e-06	-10
2.559948776e-06	5.789473684e-06	0
2.578745769e-06	5.789473684e-06	0
2.597542761e-06	5.789473684e-06	0
2.616339754e-06	5.789473684e-06	0
2.635136746e-06	5.789473684e-06	0
2.635136746e-06	5.789473684e-06	-10
2.635136746e-06	5.789473684e-06	-10
2.635136746e-06	5.789473684e-06	-10
2.635136746e-06	5.789473684e-06	-10
2.635136746e-06	5.789473684e-06	-10
2.635136746e-06	5.789473684e-06	-10
2.635136746e-06	5.789473684e-06	-10
2.635136746e-06	5.789473684e-06	-10
2.635136746e-06	5.789473684e-06	-10
2.635136746e-06	5.789473684e-06	-10
2.635136746e-06	5.789473684e-06	-10
2.635136746e-06	5.789473684e-06	-10
2.635136746e-06	5.789473684e-06	-10
2.635136746e-06	5.789473684e-06	-10
2.635136746e-06	5.789473684e-06	-10
2.635136746e-06	5.789473684e-06	-10
2.635136746e-06	5.789473684e-06	-10
2.635136746e-06	5.789473684e-06	-10
2.635136746e-06	5.789473684e-06	-10
2.635136746e-06	5.789473684e-06	-10
2.635136746e-06	5.789473684e-06	-10
2.635136746e-06	5.789473684e-06	-10
2.635136746e-06	5.789473684e-06	-10
2.635136746e-06	5.789473684e-06	-10
2.635136746e-06	5.789473684e-06	-10
2.635136746e-06	5.789473684e-06	0
2.653933739e-06	5.789473684e-06	0
2.672730731e-06	5.789473684e-06	0
2.691527724e-06	5.789473684e-06	0
2.710324716e-06	5.789473684e-06	0
2.710324716e-06	5.789473684e-06	-10
2.710324716e-06	5.789473684e-06	-10
2.710324716e-06	5.789473684e-06	-10
2.710324716e-06	5.789473684e-06	-10
2.710324716e-06	5.789473684e-06	-10
2.710324716e-06	5.789473684e-06	-10
2.710324716e-06	5.789473684e-06	-10
2.710324716e-06	5.789473684e-06	-10
2.710324716e-06	5.789473684e-06	-10
2.710324716e-06	5.789473684e-06	-10
2.710324716e-06	5.789473684e-06	-10
2.710324716e-06	5.789473684e-06	-10
2.710324716e-06	5.789473684e-06	-10
2.710324716e-06	5.789473684e-06	-10
2.710324716e-06	5.789473684e-06	-10
2.710324716e-06	5.789473684e-06	-10
2.710324716e-06	5.789473684e-06	-10
2.710324716e-06	5.789473684e-06	-10
2.710324716e-06	5.789473684e-06	-10
2.710324716e-06	5.789473684e-06	-10
2.710324716e-06	5.789473684e-06	-10
2.710324716e-06	5.789473684e-06	-10
2.710324716e-06	5.789473684e-06	-10
2.710324716e-06	5.789473684e-06	-10
2.710324716e-06	5.789473684e-06	-10
2.710324716e-06	5.789473684e-06	0
2.729121709e-06	5.789473684e-06	0
2.747918701e-06	5.789473684e-06	0
2.766715694e-06	5.789473684e-06	0
2.785512686e-06	5.789473684e-06	0
2.785512686e-06	5.789473684e-06	-10
2.785512686e-06	5.789473684e-06	-10
2.785512686e-06	5.789473684e-06	-10
2.785512686e-06	5.789473684e-06	-10
2.785512686e-06	5.789473684e-06	-10
2.785512686e-06	5.789473684e-06	-10
2.785512686e-06	5.789473684e-06	-10
2.785512686e-06	5.789473684e-06	-10
2.785512686e-06	5.789473684e-06	-10
2.785512686e-06	5.789473684e-06	-10
2.785512686e-06	5.789473684e-06	-10
2.785512686e-06	5.789473684e-06	-10
2.785512686e-06	5.789473684e-06	-10
2.785512686e-06	5.789473684e-06	-10
2.785512686e-06	5.789473684e-06	-10
2.785512686e-06	5.789473684e-06	-10
2.785512686e-06	5.789473684e-06	-10
2.785512686e-06	5.789473684e-06	-10
2.785512686e-06	5.789473684e-06	-10
2.785512686e-06	5.789473684e-06	-10
2.785512686e-06	5.789473684e-06	-10
2.785512686e-06	5.789473684e-06	-10
2.785512686e-06	5.789473684e-06	-10
2.785512686e-06	5.789473684e-06	-10
2.785512686e-06	5.789473684e-06	-10
2.785512686e-06	5.789473684e-06	0
2.804309678e-06	5.789473684e-06	0
2.823106671e-06	5.789473684e-06	0
2.841903663e-06	5.789473684e-06	0
2.860700656e-06	5.789473684e-06	0
2.860700656e-06	5.789473684e-06	-10
2.860700656e-06	5.789473684e-06	-10
2.860700656e-06	5.789473684e-06	-10
2.860700656e-06	5.789473684e-06	-10
2.860700656e-06	5.789473684e-06	-10
2.860700656e-06	5.789473684e-06	-10
2.860700656e-06	5.789473684e-06	-10
2.860700656e-06	5.789473684e-06	-10
2.860700656e-06	5.789473684e-06	-10
2.860700656e-06	5.789473684e-06	-10
2.860700656e-06	5.789473684e-06	-10
2.860700656e-06	5.789473684e-06	-10
2.860700656e-06	5.789473684e-06	-10
2.860700656e-06	5.789473684e-06	-10
2.860700656e-06	5.789473684e-06	-10
2.860700656e-06	5.789473684e-06	-10
2.860700656e-06	5.789473684e-06	-10
2.860700656e-06	5.789473684e-06	-10
2.860700656e-06	5.789473684e-06	-10
2.860700656e-06	5.789473684e-06	-10
2.860700656e-06	5.789473684e-06	-10
2.860700656e-06	5.789473684e-06	-10
2.860700656e-06	5.789473684e-06	-10
2.860700656e-06	5.789473684e-06	-10
2.860700656e-06	5.789473684e-06	-10
2.860700656e-06	5.789473684e-06	0
2.879497648e-06	5.789473684e-06	0
2.898294641e-06	5.789473684e-06	0
2.917091633e-06	5.789473684e-06	0
2.935888626e-06	5.789473684e-06	0
2.935888626e-06	5.789473684e-06	-10
2.935888626e-06	5.789473684e-06	-10
2.935888626e-06	5.789473684e-06	-10
2.935888626e-06	5.789473684e-06	-10
2.935888626e-06	5.789473684e-06	-10
2.935888626e-06	5.789473684e-06	-10
2.935888626e-06	5.789473684e-06	-10
2.935888626e-06	5.789473684e-06	-10
2.935888626e-06	5.789473684e-06	-10
2.935888626e-06	5.789473684e-06	-10
2.935888626e-06	5.789473684e-06	-10
2.935888626e-06	5.789473684e-06	-10
2.935888626e-06	5.789473684e-06	-10
2.935888626e-06	5.789473684e-06	-10
2.935888626e-06	5.789473684e-06	-10
2.935888626e-06	5.789473684e-06	-10
2.935888626e-06	5.789473684e-06	-10
2.935888626e-06	5.789473684e-06	-10
2.935888626e-06	5.789473684e-06	-10
2.935888626e-06	5.789473684e-06	-10
2.935888626e-06	5.789473684e-06	-10
2.935888626e-06	5.789473684e-06	-10
2.935888626e-06	5.789473684e-06	-10
2.935888626e-06	5.789473684e-06	-10
2.935888626e-06	5.789473684e-06	-10
2.935888626e-06	5.789473684e-06	0
2.954685618e-06	5.789473684e-06	0
2.973482611e-06	5.789473684e-06	0
2.992279603e-06	5.789473684e-06	0
3.011076596e-06	5.789473684e-06	0
3.011076596e-06	5.789473684e-06	-10
3.011076596e-06	5.789473684e-06	-10
3.011076596e-06	5.789473684e-06	-10
3.011076596e-06	5.789473684e-06	-10
3.011076596e-06	5.789473684e-06	-10
3.011076596e-06	5.789473684e-06	-10
3.011076596e-06	5.789473684e-06	-10
3.011076596e-06	5.789473684e-06	-10
3.011076596e-06	5.789473684e-06	-10
3.011076596e-06	5.789473684e-06	-10
3.011076596e-06	5.789473684e-06	-10
3.011076596e-06	5.789473684e-06	-10
3.011076596e-06	5.789473684e-06	-10
3.011076596e-06	5.789473684e-06	-10
3.011076596e-06	5.789473684e-06	-10
3.011076596e-06	5.789473684e-06	-10
3.011076596e-06	5.789473684e-06	-10
3.011076596e-06	5.789473684e-06	-10
3.011076596e-06	5.789473684e-06	-10
3.011076596e-06	5.789473684e-06	-10
3.011076596e-06	5.789473684e-06	-10
3.011076596e-06	5.789473684e-06	-10
3.011076596e-06	5.789473684e-06	-10
3.011076596e-06	5.789473684e-06	-10
3.011076596e-06	5.789473684e-06	-10
3.011076596e-06	5.789473684e-06	0
3.029873588e-06	5.789473684e-06	0
3.048670581e-06	5.789473684e-06	0
3.067467573e-06	5.789473684e-06	0
3.086264566e-06	5.789473684e-06	0
3.086264566e-06	5.789473684e-06	-10
3.086264566e-06	5.789473684e-06	-10
3.086264566e-06	5.789473684e-06	-10
3.086264566e-06	5.789473684e-06	-10
3.086264566e-06	5.789473684e-06	-10
3.086264566e-06	5.789473684e-06	-10
3.086264566e-06	5.789473684e-06	-10
3.086264566e-06	5.789473684e-06	-10
3.086264566e-06	5.789473684e-06	-10
3.086264566e-06	5.789473684e-06	-10
3.086264566e-06	5.789473684e-06	-10
3.086264566e-06	5.789473684e-06	-10
3.086264566e-06	5.789473684e-06	-10
3.086264566e-06	5.789473684e-06	-10
3.086264566e-06	5.789473684e-06	-10
3.086264566e-06	5.789473684e-06	-10
3.086264566e-06	5.789473684e-06	-10
3.086264566e-06	5.789473684e-06	-10
3.086264566e-06	5.789473684e-06	-10
3.086264566e-06	5.789473684e-06	-10
3.086264566e-06	5.789473684e-06	-10
3.086264566e-06	5.789473684e-06	-10
3.086264566e-06	5.789473684e-06	-10
3.086264566e-06	5.789473684e-06	-10
3.086264566e-06	5.789473684e-06	-10
3.086264566e-06	5.789473684e-06	0
3.105061558e-06	5.789473684e-06	0
3.123858551e-06	5.789473684e-06	0
3.142655543e-06	5.789473684e-06	0
3.161452536e-06	5.789473684e-06	0
3.161452536e-06	5.789473684e-06	-10
3.161452536e-06	5.789473684e-06	-10
3.161452536e-06	5.789473684e-06	-10
3.161452536e-06	5.789473684e-06	-10
3.161452536e-06	5.789473684e-06	-10
3.161452536e-06	5.789473684e-06	-10
3.161452536e-06	5.789473684e-06	-10
3.161452536e-06	5.789473684e-06	-10
3.161452536e-06	5.789473684e-06	-10
3.161452536e-06	5.789473684e-06	-10
3.161452536e-06	5.789473684e-06	-10
3.161452536e-06	5.789473684e-06	-10
3.161452536e-06	5.789473684e-06	-10
3.161452536e-06	5.789473684e-06	-10
3.161452536e-06	5.789473684e-06	-10
3.161452536e-06	5.789473684e-06	-10
3.161452536e-06	5.789473684e-06	-10
3.161452536e-06	5.789473684e-06	-10
3.161452536e-06	5.789473684e-06	-10
3.161452536e-06	5.789473684e-06	-10
3.161452536e-06	5.789473684e-06	-10
3.161452536e-06	5.789473684e-06	-10
3.161452536e-06	5.789473684e-06	-10
3.161452536e-06	5.789473684e-06	-10
3.161452536e-06	5.789473684e-06	-10
3.161452536e-06	5.789473684e-06	0
3.180249528e-06	5.789473684e-06	0
3.199046521e-06	5.789473684e-06	0
3.217843513e-06	5.789473684e-06	0
3.236640506e-06	5.789473684e-06	0
3.236640506e-06	5.789473684e-06	-10
3.236640506e-06	5.789473684e-06	-10
3.236640506e-06	5.789473684e-06	-10
3.236640506e-06	5.789473684e-06	-10
3.236640506e-06	5.789473684e-06	-10
3.236640506e-06	5.789473684e-06	-10
3.236640506e-06	5.789473684e-06	-10
3.236640506e-06	5.789473684e-06	-10
3.236640506e-06	5.789473684e-06	-10
3.236640506e-06	5.789473684e-06	-10
3.236640506e-06	5.789473684e-06	-10
3.236640506e-06	5.789473684e-06	-10
3.236640506e-06	5.789473684e-06	-10
3.236640506e-06	5.789473684e-06	-10
3.236640506e-06	5.789473684e-06	-10
3.236640506e-06	5.789473684e-06	-10
3.236640506e-06	5.789473684e-06	-10
3.236640506e-06	5.789473684e-06	-10
3.236640506e-06	5.789473684e-06	-10
3.236640506e-06	5.789473684e-06	-10
3.236640506e-06	5.789473684e-06	-10
3.236640506e-06	5.789473684e-06	-10
3.236640506e-06	5.789473684e-06	-10
3.236640506e-06	5.789473684e-06	-10
3.236640506e-06	5.789473684e-06	-10
3.236640506e-06	5.789473684e-06	0
3.255437498e-06	5.789473684e-06	0
3.274234491e-06	5.789473684e-06	0
3.293031483e-06	5.789473684e-06	0
3.311828475e-06	5.789473684e-06	0
3.311828475e-06	5.789473684e-06	-10
3.311828475e-06	5.789473684e-06	-10
3.311828475e-06	5.789473684e-06	-10
3.311828475e-06	5.789473684e-06	-10
3.311828475e-06	5.789473684e-06	-10
3.311828475e-06	5.789473684e-06	-10
3.311828475e-06	5.789473684e-06	-10
3.311828475e-06	5.789473684e-06	-10
3.311828475e-06	5.789473684e-06	-10
3.311828475e-06	5.789473684e-06	-10
3.311828475e-06	5.789473684e-06	-10
3.311828475e-06	5.789473684e-06	-10
3.311828475e-06	5.789473684e-06	-10
3.311828475e-06	5.789473684e-06	-10
3.311828475e-06	5.789473684e-06	-10
3.311828475e-06	5.789473684e-06	-10
3.311828475e-06	5.789473684e-06	-10
3.311828475e-06	5.789473684e-06	-10
3.311828475e-06	5.789473684e-06	-10
3.311828475e-06	5.789473684e-06	-10
3.311828475e-06	5.789473684e-06	-10
3.311828475e-06	5.789473684e-06	-10
3.311828475e-06	5.789473684e-06	-10
3.311828475e-06	5.789473684e-06	-10
3.311828475e-06	5.789473684e-06	-10
3.311828475e-06	5.789473684e-06	0
3.330625468e-06	5.789473684e-06	0
3.34942246e-06	5.789473684e-06	0
3.368219453e-06	5.789473684e-06	0
3.387016445e-06	5.789473684e-06	0
3.387016445e-06	5.789473684e-06	-10
3.387016445e-06	5.789473684e-06	-10
3.387016445e-06	5.789473684e-06	-10
3.387016445e-06	5.789473684e-06	-10
3.387016445e-06	5.789473684e-06	-10
3.387016445e-06	5.789473684e-06	-10
3.387016445e-06	5.789473684e-06	-10
3.387016445e-06	5.789473684e-06	-10
3.387016445e-06	5.789473684e-06	-10
3.387016445e-06	5.789473684e-06	-10
3.387016445e-06	5.789473684e-06	-10
3.387016445e-06	5.789473684e-06	-10
3.387016445e-06	5.789473684e-06	-10
3.387016445e-06	5.789473684e-06	-10
3.387016445e-06	5.789473684e-06	-10
3.387016445e-06	5.789473684e-06	-10
3.387016445e-06	5.789473684e-06	-10
3.387016445e-06	5.789473684e-06	-10
3.387016445e-06	5.789473684e-06	-10
3.387016445e-06	5.789473684e-06	-10
3.387016445e-06	5.789473684e-06	-10
3.387016445e-06	5.789473684e-06	-10
3.387016445e-06	5.789473684e-06	-10
3.387016445e-06	5.789473684e-06	-10
3.387016445e-06	5.789473684e-06	-10
3.387016445e-06	5.789473684e-06	0
3.405813438e-06	5.789473684e-06	0
3.42461043e-06	5.789473684e-06	0
3.443407423e-06	5.789473684e-06	0
3.462204415e-06	5.789473684e-06	0
3.462204415e-06	5.789473684e-06	-10
3.462204415e-06	5.789473684e-06	-10
3.462204415e-06	5.789473684e-06	-10
3.462204415e-06	5.789473684e-06	-10
3.462204415e-06	5.789473684e-06	-10
3.462204415e-06	5.789473684e-06	-10
3.462204415e-06	5.789473684e-06	-10
3.462204415e-06	5.789473684e-06	-10
3.462204415e-06	5.789473684e-06	-10
3.462204415e-06	5.789473684e-06	-10
3.462204415e-06	5.789473684e-06	-10
3.462204415e-06	5.789473684e-06	-10
3.462204415e-06	5.789473684e-06	-10
3.462204415e-06	5.789473684e-06	-10
3.462204415e-06	5.789473684e-06	-10
3.462204415e-06	5.789473684e-06	-10
3.462204415e-06	5.789473684e-06	-10
3.462204415e-06	5.789473684e-06	-10
3.462204415e-06	5.789473684e-06	-10
3.462204415e-06	5.789473684e-06	-10
3.462204415e-06	5.789473684e-06	-10
3.462204415e-06	5.789473684e-06	-10
3.462204415e-06	5.789473684e-06	-10
3.462204415e-06	5.789473684e-06	-10
3.462204415e-06	5.789473684e-06	-10
3.462204415e-06	5.789473684e-06	0
3.481001408e-06	5.789473684e-06	0
3.4997984e-06	5.789473684e-06	0
3.518595393e-06	5.789473684e-06	0
3.537392385e-06	5.789473684e-06	0
3.537392385e-06	5.789473684e-06	-10
3.537392385e-06	5.789473684e-06	-10
3.537392385e-06	5.789473684e-06	-10
3.537392385e-06	5.789473684e-06	-10
3.537392385e-06	5.789473684e-06	-10
3.537392385e-06	5.789473684e-06	-10
3.537392385e-06	5.789473684e-06	-10
3.537392385e-06	5.789473684e-06	-10
3.537392385e-06	5.789473684e-06	-10
3.537392385e-06	5.789473684e-06	-10
3.537392385e-06	5.789473684e-06	-10
3.537392385e-06	5.789473684e-06	-10
3.537392385e-06	5.789473684e-06	-10
3.537392385e-06	5.789473684e-06	-10
3.537392385e-06	5.789473684e-06	-10
3.537392385e-06	5.789473684e-06	-10
3.537392385e-06	5.789473684e-06	-10
3.537392385e-06	5.789473684e-06	-10
3.537392385e-06	5.789473684e-06	-10
3.537392385e-06	5.789473684e-06	-10
3.537392385e-06	5.789473684e-06	-10
3.537392385e-06	5.789473684e-06	-10
3.537392385e-06	5.789473684e-06	-10
3.537392385e-06	5.789473684e-06	-10
3.537392385e-06	5.789473684e-06	-10
3.537392385e-06	5.789473684e-06	0
3.556189378e-06	5.789473684e-06	0
3.57498637e-06	5.789473684e-06	0
3.593783363e-06	5.789473684e-06	0
3.612580355e-06	5.789473684e-06	0
3.612580355e-06	5.789473684e-06	-10
3.612580355e-06	5.789473684e-06	-10
3.612580355e-06	5.789473684e-06	-10
3.612580355e-06	5.789473684e-06	-10
3.612580355e-06	5.789473684e-06	-10
3.612580355e-06	5.789473684e-06	-10
3.612580355e-06	5.789473684e-06	-10
3.612580355e-06	5.789473684e-06	-10
3.612580355e-06	5.789473684e-06	-10
3.612580355e-06	5.789473684e-06	-10
3.612580355e-06	5.789473684e-06	-10
3.612580355e-06	5.789473684e-06	-10
3.612580355e-06	5.789473684e-06	-10
3.612580355e-06	5.789473684e-06	-10
3.612580355e-06	5.789473684e-06	-10
3.612580355e-06	5.789473684e-06	-10
3.612580355e-06	5.789473684e-06	-10
3.612580355e-06	5.789473684e-06	-10
3.612580355e-06	5.789473684e-06	-10
3.612580355e-06	5.789473684e-06	-10
3.612580355e-06	5.789473684e-06	-10
3.612580355e-06	5.789473684e-06	-10
3.612580355e-06	5.789473684e-06	-10
3.612580355e-06	5.789473684e-06	-10
3.612580355e-06	5.789473684e-06	-10
3.612580355e-06	5.789473684e-06	0
3.631377348e-06	5.789473684e-06	0
3.65017434e-06	5.789473684e-06	0
3.668971333e-06	5.789473684e-06	0
3.687768325e-06	5.789473684e-06	0
3.687768325e-06	5.789473684e-06	-10
3.687768325e-06	5.789473684e-06	-10
3.687768325e-06	5.789473684e-06	-10
3.687768325e-06	5.789473684e-06	-10
3.687768325e-06	5.789473684e-06	-10
3.687768325e-06	5.789473684e-06	-10
3.687768325e-06	5.789473684e-06	-10
3.687768325e-06	5.789473684e-06	-10
3.687768325e-06	5.789473684e-06	-10
3.687768325e-06	5.789473684e-06	-10
3.687768325e-06	5.789473684e-06	-10
3.687768325e-06	5.789473684e-06	-10
3.687768325e-06	5.789473684e-06	-10
3.687768325e-06	5.789473684e-06	-10
3.687768325e-06	5.789473684e-06	-10
3.687768325e-06	5.789473684e-06	-10
3.687768325e-06	5.789473684e-06	-10
3.687768325e-06	5.789473684e-06	-10
3.687768325e-06	5.789473684e-06	-10
3.687768325e-06	5.789473684e-06	-10
3.687768325e-06	5.789473684e-06	-10
3.687768325e-06	5.789473684e-06	-10
3.687768325e-06	5.789473684e-06	-10
3.687768325e-06	5.789473684e-06	-10
3.687768325e-06	5.789473684e-06	-10
3.687768325e-06	5.789473684e-06	0
3.706565318e-06	5.789473684e-06	0
3.72536231e-06	5.789473684e-06	0
3.744159303e-06	5.789473684e-06	0
3.762956295e-06	5.789473684e-06	0
3.762956295e-06	5.789473684e-06	-10
3.762956295e-06	5.789473684e-06	-10
3.762956295e-06	5.789473684e-06	-10
3.762956295e-06	5.789473684e-06	-10
3.762956295e-06	5.789473684e-06	-10
3.762956295e-06	5.789473684e-06	-10
3.762956295e-06	5.789473684e-06	-10
3.762956295e-06	5.789473684e-06	-10
3.762956295e-06	5.789473684e-06	-10
3.762956295e-06	5.789473684e-06	-10
3.762956295e-06	5.789473684e-06	-10
3.762956295e-06	5.789473684e-06	-10
3.762956295e-06	5.789473684e-06	-10
3.762956295e-06	5.789473684e-06	-10
3.762956295e-06	5.789473684e-06	-10
3.762956295e-06	5.789473684e-06	-10
3.762956295e-06	5.789473684e-06	-10
3.762956295e-06	5.789473684e-06	-10
3.762956295e-06	5.789473684e-06	-10
3.762956295e-06	5.789473684e-06	-10
3.762956295e-06	5.789473684e-06	-10
3.762956295e-06	5.789473684e-06	-10
3.762956295e-06	5.789473684e-06	-10
3.762956295e-06	5.789473684e-06	-10
3.762956295e-06	5.789473684e-06	-10
3.762956295e-06	5.789473684e-06	0
3.781753288e-06	5.789473684e-06	0
3.80055028e-06	5.789473684e-06	0
3.819347272e-06	5.789473684e-06	0
3.838144265e-06	5.789473684e-06	0
3.838144265e-06	5.789473684e-06	-10
3.838144265e-06	5.789473684e-06	-10
3.838144265e-06	5.789473684e-06	-10
3.838144265e-06	5.789473684e-06	-10
3.838144265e-06	5.789473684e-06	-10
3.838144265e-06	5.789473684e-06	-10
3.838144265e-06	5.789473684e-06	-10
3.838144265e-06	5.789473684e-06	-10
3.838144265e-06	5.789473684e-06	-10
3.838144265e-06	5.789473684e-06	-10
3.838144265e-06	5.789473684e-06	-10
3.838144265e-06	5.789473684e-06	-10
3.838144265e-06	5.789473684e-06	-10
3.838144265e-06	5.789473684e-06	-10
3.838144265e-06	5.789473684e-06	-10
3.838144265e-06	5.789473684e-06	-10
3.838144265e-06	5.789473684e-06	-10
3.838144265e-06	5.789473684e-06	-10
3.838144265e-06	5.789473684e-06	-10
3.838144265e-06	5.789473684e-06	-10
3.838144265e-06	5.789473684e-06	-10
3.838144265e-06	5.789473684e-06	-10
3.838144265e-06	5.789473684e-06	-10
3.838144265e-06	5.789473684e-06	-10
3.838144265e-06	5.789473684e-06	-10
3.838144265e-06	5.789473684e-06	0
3.856941257e-06	5.789473684e-06	0
3.87573825e-06	5.789473684e-06	0
3.894535242e-06	5.789473684e-06	0
3.913332235e-06	5.789473684e-06	0
3.913332235e-06	5.789473684e-06	-10
3.913332235e-06	5.789473684e-06	-10
3.913332235e-06	5.789473684e-06	-10
3.913332235e-06	5.789473684e-06	-10
3.913332235e-06	5.789473684e-06	-10
3.913332235e-06	5.789473684e-06	-10
3.913332235e-06	5.789473684e-06	-10
3.913332235e-06	5.789473684e-06	-10
3.913332235e-06	5.789473684e-06	-10
3.913332235e-06	5.789473684e-06	-10
3.913332235e-06	5.789473684e-06	-10
3.913332235e-06	5.789473684e-06	-10
3.913332235e-06	5.789473684e-06	-10
3.913332235e-06	5.789473684e-06	-10
3.913332235e-06	5.789473684e-06	-10
3.913332235e-06	5.789473684e-06	-10
3.913332235e-06	5.789473684e-06	-10
3.913332235e-06	5.789473684e-06	-10
3.913332235e-06	5.789473684e-06	-10
3.913332235e-06	5.789473684e-06	-10
3.913332235e-06	5.789473684e-06	-10
3.913332235e-06	5.789473684e-06	-10
3.913332235e-06	5.789473684e-06	-10
3.913332235e-06	5.789473684e-06	-10
3.913332235e-06	5.789473684e-06	-10
3.913332235e-06	5.789473684e-06	0
3.932129227e-06	5.789473684e-06	0
3.95092622e-06	5.789473684e-06	0
3.969723212e-06	5.789473684e-06	0
3.988520205e-06	5.789473684e-06	0
3.988520205e-06	5.789473684e-06	-10
3.988520205e-06	5.789473684e-06	-10
3.988520205e-06	5.789473684e-06	-10
3.988520205e-06	5.789473684e-06	-10
3.988520205e-06	5.789473684e-06	-10
3.988520205e-06	5.789473684e-06	-10
3.988520205e-06	5.789473684e-06	-10
3.988520205e-06	5.789473684e-06	-10
3.988520205e-06	5.789473684e-06	-10
3.988520205e-06	5.789473684e-06	-10
3.988520205e-06	5.789473684e-06	-10
3.988520205e-06	5.789473684e-06	-10
3.988520205e-06	5.789473684e-06	-10
3.988520205e-06	5.789473684e-06	-10
3.988520205e-06	5.789473684e-06	-10
3.988520205e-06	5.789473684e-06	-10
3.988520205e-06	5.789473684e-06	-10
3.988520205e-06	5.789473684e-06	-10
3.988520205e-06	5.789473684e-06	-10
3.988520205e-06	5.789473684e-06	-10
3.988520205e-06	5.789473684e-06	-10
3.988520205e-06	5.789473684e-06	-10
3.988520205e-06	5.789473684e-06	-10
3.988520205e-06	5.789473684e-06	-10
3.988520205e-06	5.789473684e-06	-10
3.988520205e-06	5.789473684e-06	0
4.007317197e-06	5.789473684e-06	0
4.02611419e-06	5.789473684e-06	0
4.044911182e-06	5.789473684e-06	0
4.063708175e-06	5.789473684e-06	0
4.063708175e-06	5.789473684e-06	-10
4.063708175e-06	5.789473684e-06	-10
4.063708175e-06	5.789473684e-06	-10
4.063708175e-06	5.789473684e-06	-10
4.063708175e-06	5.789473684e-06	-10
4.063708175e-06	5.789473684e-06	-10
4.063708175e-06	5.789473684e-06	-10
4.063708175e-06	5.789473684e-06	-10
4.063708175e-06	5.789473684e-06	-10
4.063708175e-06	5.789473684e-06	-10
4.063708175e-06	5.789473684e-06	-10
4.063708175e-06	5.789473684e-06	-10
4.063708175e-06	5.789473684e-06	-10
4.063708175e-06	5.789473684e-06	-10
4.063708175e-06	5.789473684e-06	-10
4.063708175e-06	5.789473684e-06	-10
4.063708175e-06	5.789473684e-06	-10
4.063708175e-06	5.789473684e-06	-10
4.063708175e-06	5.789473684e-06	-10
4.063708175e-06	5.789473684e-06	-10
4.063708175e-06	5.789473684e-06	-10
4.063708175e-06	5.789473684e-06	-10
4.063708175e-06	5.789473684e-06	-10
4.063708175e-06	5.789473684e-06	-10
4.063708175e-06	5.789473684e-06	-10
4.063708175e-06	5.789473684e-06	0
4.063708175e-06	5.808270677e-06	0
4.063708175e-06	5.827067669e-06	0
4.063708175e-06	5.845864662e-06	0
4.063708175e-06	5.864661654e-06	0
4.063708175e-06	5.864661654e-06	-10
4.063708175e-06	5.864661654e-06	-10
4.063708175e-06	5.864661654e-06	-10
4.063708175e-06	5.864661654e-06	-10
4.063708175e-06	5.864661654e-06	-10
4.063708175e-06	5.864661654e-06	-10
4.063708175e-06	5.864661654e-06	-10
4.063708175e-06	5.864661654e-06	-10
4.063708175e-06	5.864661654e-06	-10
4.063708175e-06	5.864661654e-06	-10
4.063708175e-06	5.864661654e-06	-10
4.063708175e-06	5.864661654e-06	-10
4.063708175e-06	5.864661654e-06	-10
4.063708175e-06	5.864661654e-06	-10
4.063708175e-06	5.864661654e-06	-10
4.063708175e-06	5.864661654e-06	-10
4.063708175e-06	5.864661654e-06	-10
4.063708175e-06	5.864661654e-06	-10
4.063708175e-06	5.864661654e-06	-10
4.063708175e-06	5.864661654e-06	-10
4.063708175e-06	5.864661654e-06	-10
4.063708175e-06	5.864661654e-06	-10
4.063708175e-06	5.864661654e-06	-10
4.063708175e-06	5.864661654e-06	-10
4.063708175e-06	5.864661654e-06	-10
4.063708175e-06	5.864661654e-06	0
4.044911182e-06	5.864661654e-06	0
4.02611419e-06	5.864661654e-06	0
4.007317197e-06	5.864661654e-06	0
3.988520205e-06	5.864661654e-06	0
3.988520205e-06	5.864661654e-06	-10
3.988520205e-06	5.864661654e-06	-10
3.988520205e-06	5.864661654e-06	-10
3.988520205e-06	5.864661654e-06	-10
3.988520205e-06	5.864661654e-06	-10
3.988520205e-06	5.864661654e-06	-10
3.988520205e-06	5.864661654e-06	-10
3.988520205e-06	5.864661654e-06	-10
3.988520205e-06	5.864661654e-06	-10
3.988520205e-06	5.864661654e-06	-10
3.988520205e-06	5.864661654e-06	-10
3.988520205e-06	5.864661654e-06	-10
3.988520205e-06	5.864661654e-06	-10
3.988520205e-06	5.864661654e-06	-10
3.988520205e-06	5.864661654e-06	-10
3.988520205e-06	5.864661654e-06	-10
3.988520205e-06	5.864661654e-06	-10
3.988520205e-06	5.864661654e-06	-10
3.988520205e-06	5.864661654e-06	-10
3.988520205e-06	5.864661654e-06	-10
3.988520205e-06	5.864661654e-06	-10
3.988520205e-06	5.864661654e-06	-10
3.988520205e-06	5.864661654e-06	-10
3.988520205e-06	5.864661654e-06	-10
3.988520205e-06	5.864661654e-06	-10
3.988520205e-06	5.864661654e-06	0
3.969723212e-06	5.864661654e-06	0
3.95092622e-06	5.864661654e-06	0
3.932129227e-06	5.864661654e-06	0
3.913332235e-06	5.864661654e-06	0
3.913332235e-06	5.864661654e-06	-10
3.913332235e-06	5.864661654e-06	-10
3.913332235e-06	5.864661654e-06	-10
3.913332235e-06	5.864661654e-06	-10
3.913332235e-06	5.864661654e-06	-10
3.913332235e-06	5.864661654e-06	-10
3.913332235e-06	5.864661654e-06	-10
3.913332235e-06	5.864661654e-06	-10
3.913332235e-06	5.864661654e-06	-10
3.913332235e-06	5.864661654e-06	-10
3.913332235e-06	5.864661654e-06	-10
3.913332235e-06	5.864661654e-06	-10
3.913332235e-06	5.864661654e-06	-10
3.913332235e-06	5.864661654e-06	-10
3.913332235e-06	5.864661654e-06	-10
3.913332235e-06	5.864661654e-06	-10
3.913332235e-06	5.864661654e-06	-10
3.913332235e-06	5.864661654e-06	-10
3.913332235e-06	5.864661654e-06	-10
3.913332235e-06	5.864661654e-06	-10
3.913332235e-06	5.864661654e-06	-10
3.913332235e-06	5.864661654e-06	-10
3.913332235e-06	5.864661654e-06	-10
3.913332235e-06	5.864661654e-06	-10
3.913332235e-06	5.864661654e-06	-10
3.913332235e-06	5.864661654e-06	0
3.894535242e-06	5.864661654e-06	0
3.87573825e-06	5.864661654e-06	0
3.856941257e-06	5.864661654e-06	0
3.838144265e-06	5.864661654e-06	0
3.838144265e-06	5.864661654e-06	-10
3.838144265e-06	5.864661654e-06	-10
3.838144265e-06	5.864661654e-06	-10
3.838144265e-06	5.864661654e-06	-10
3.838144265e-06	5.864661654e-06	-10
3.838144265e-06	5.864661654e-06	-10
3.838144265e-06	5.864661654e-06	-10
3.838144265e-06	5.864661654e-06	-10
3.838144265e-06	5.864661654e-06	-10
3.838144265e-06	5.864661654e-06	-10
3.838144265e-06	5.864661654e-06	-10
3.838144265e-06	5.864661654e-06	-10
3.838144265e-06	5.864661654e-06	-10
3.838144265e-06	5.864661654e-06	-10
3.838144265e-06	5.864661654e-06	-10
3.838144265e-06	5.864661654e-06	-10
3.838144265e-06	5.864661654e-06	-10
3.838144265e-06	5.864661654e-06	-10
3.838144265e-06	5.864661654e-06	-10
3.838144265e-06	5.864661654e-06	-10
3.838144265e-06	5.864661654e-06	-10
3.838144265e-06	5.864661654e-06	-10
3.838144265e-06	5.864661654e-06	-10
3.838144265e-06	5.864661654e-06	-10
3.838144265e-06	5.864661654e-06	-10
3.838144265e-06	5.864661654e-06	0
3.819347272e-06	5.864661654e-06	0
3.80055028e-06	5.864661654e-06	0
3.781753288e-06	5.864661654e-06	0
3.762956295e-06	5.864661654e-06	0
3.762956295e-06	5.864661654e-06	-10
3.762956295e-06	5.864661654e-06	-10
3.762956295e-06	5.864661654e-06	-10
3.762956295e-06	5.864661654e-06	-10
3.762956295e-06	5.864661654e-06	-10
3.762956295e-06	5.864661654e-06	-10
3.762956295e-06	5.864661654e-06	-10
3.762956295e-06	5.864661654e-06	-10
3.762956295e-06	5.864661654e-06	-10
3.762956295e-06	5.864661654e-06	-10
3.762956295e-06	5.864661654e-06	-10
3.762956295e-06	5.864661654e-06	-10
3.762956295e-06	5.864661654e-06	-10
3.762956295e-06	5.864661654e-06	-10
3.762956295e-06	5.864661654e-06	-10
3.762956295e-06	5.864661654e-06	-10
3.762956295e-06	5.864661654e-06	-10
3.762956295e-06	5.864661654e-06	-10
3.762956295e-06	5.864661654e-06	-10
3.762956295e-06	5.864661654e-06	-10
3.762956295e-06	5.864661654e-06	-10
3.762956295e-06	5.864661654e-06	-10
3.762956295e-06	5.864661654e-06	-10
3.762956295e-06	5.864661654e-06	-10
3.762956295e-06	5.864661654e-06	-10
3.762956295e-06	5.864661654e-06	0
3.744159303e-06	5.864661654e-06	0
3.72536231e-06	5.864661654e-06	0
3.706565318e-06	5.864661654e-06	0
3.687768325e-06	5.864661654e-06	0
3.687768325e-06	5.864661654e-06	-10
3.687768325e-06	5.864661654e-06	-10
3.687768325e-06	5.864661654e-06	-10
3.687768325e-06	5.864661654e-06	-10
3.687768325e-06	5.864661654e-06	-10
3.687768325e-06	5.864661654e-06	-10
3.687768325e-06	5.864661654e-06	-10
3.687768325e-06	5.864661654e-06	-10
3.687768325e-06	5.864661654e-06	-10
3.687768325e-06	5.864661654e-06	-10
3.687768325e-06	5.864661654e-06	-10
3.687768325e-06	5.864661654e-06	-10
3.687768325e-06	5.864661654e-06	-10
3.687768325e-06	5.864661654e-06	-10
3.687768325e-06	5.864661654e-06	-10
3.687768325e-06	5.864661654e-06	-10
3.687768325e-06	5.864661654e-06	-10
3.687768325e-06	5.864661654e-06	-10
3.687768325e-06	5.864661654e-06	-10
3.687768325e-06	5.864661654e-06	-10
3.687768325e-06	5.864661654e-06	-10
3.687768325e-06	5.864661654e-06	-10
3.687768325e-06	5.864661654e-06	-10
3.687768325e-06	5.864661654e-06	-10
3.687768325e-06	5.864661654e-06	-10
3.687768325e-06	5.864661654e-06	0
3.668971333e-06	5.864661654e-06	0
3.65017434e-06	5.864661654e-06	0
3.631377348e-06	5.864661654e-06	0
3.612580355e-06	5.864661654e-06	0
3.612580355e-06	5.864661654e-06	-10
3.612580355e-06	5.864661654e-06	-10
3.612580355e-06	5.864661654e-06	-10
3.612580355e-06	5.864661654e-06	-10
3.612580355e-06	5.864661654e-06	-10
3.612580355e-06	5.864661654e-06	-10
3.612580355e-06	5.864661654e-06	-10
3.612580355e-06	5.864661654e-06	-10
3.612580355e-06	5.864661654e-06	-10
3.612580355e-06	5.864661654e-06	-10
3.612580355e-06	5.864661654e-06	-10
3.612580355e-06	5.864661654e-06	-10
3.612580355e-06	5.864661654e-06	-10
3.612580355e-06	5.864661654e-06	-10
3.612580355e-06	5.864661654e-06	-10
3.612580355e-06	5.864661654e-06	-10
3.612580355e-06	5.864661654e-06	-10
3.612580355e-06	5.864661654e-06	-10
3.612580355e-06	5.864661654e-06	-10
3.612580355e-06	5.864661654e-06	-10
3.612580355e-06	5.864661654e-06	-10
3.612580355e-06	5.864661654e-06	-10
3.612580355e-06	5.864661654e-06	-10
3.612580355e-06	5.864661654e-06	-10
3.612580355e-06	5.864661654e-06	-10
3.612580355e-06	5.864661654e-06	0
3.593783363e-06	5.864661654e-06	0
3.57498637e-06	5.864661654e-06	0
3.556189378e-06	5.864661654e-06	0
3.537392385e-06	5.864661654e-06	0
3.537392385e-06	5.864661654e-06	-10
3.537392385e-06	5.864661654e-06	-10
3.537392385e-06	5.864661654e-06	-10
3.537392385e-06	5.864661654e-06	-10
3.537392385e-06	5.864661654e-06	-10
3.537392385e-06	5.864661654e-06	-10
3.537392385e-06	5.864661654e-06	-10
3.537392385e-06	5.864661654e-06	-10
3.537392385e-06	5.864661654e-06	-10
3.537392385e-06	5.864661654e-06	-10
3.537392385e-06	5.864661654e-06	-10
3.537392385e-06	5.864661654e-06	-10
3.537392385e-06	5.864661654e-06	-10
3.537392385e-06	5.864661654e-06	-10
3.537392385e-06	5.864661654e-06	-10
3.537392385e-06	5.864661654e-06	-10
3.537392385e-06	5.864661654e-06	-10
3.537392385e-06	5.864661654e-06	-10
3.537392385e-06	5.864661654e-06	-10
3.537392385e-06	5.864661654e-06	-10
3.537392385e-06	5.864661654e-06	-10
3.537392385e-06	5.864661654e-06	-10
3.537392385e-06	5.864661654e-06	-10
3.537392385e-06	5.864661654e-06	-10
3.537392385e-06	5.864661654e-06	-10
3.537392385e-06	5.864661654e-06	0
3.518595393e-06	5.864661654e-06	0
3.4997984e-06	5.864661654e-06	0
3.481001408e-06	5.864661654e-06	0
3.462204415e-06	5.864661654e-06	0
3.462204415e-06	5.864661654e-06	-10
3.462204415e-06	5.864661654e-06	-10
3.462204415e-06	5.864661654e-06	-10
3.462204415e-06	5.864661654e-06	-10
3.462204415e-06	5.864661654e-06	-10
3.462204415e-06	5.864661654e-06	-10
3.462204415e-06	5.864661654e-06	-10
3.462204415e-06	5.864661654e-06	-10
3.462204415e-06	5.864661654e-06	-10
3.462204415e-06	5.864661654e-06	-10
3.462204415e-06	5.864661654e-06	-10
3.462204415e-06	5.864661654e-06	-10
3.462204415e-06	5.864661654e-06	-10
3.462204415e-06	5.864661654e-06	-10
3.462204415e-06	5.864661654e-06	-10
3.462204415e-06	5.864661654e-06	-10
3.462204415e-06	5.864661654e-06	-10
3.462204415e-06	5.864661654e-06	-10
3.462204415e-06	5.864661654e-06	-10
3.462204415e-06	5.864661654e-06	-10
3.462204415e-06	5.864661654e-06	-10
3.462204415e-06	5.864661654e-06	-10
3.462204415e-06	5.864661654e-06	-10
3.462204415e-06	5.864661654e-06	-10
3.462204415e-06	5.864661654e-06	-10
3.462204415e-06	5.864661654e-06	0
3.443407423e-06	5.864661654e-06	0
3.42461043e-06	5.864661654e-06	0
3.405813438e-06	5.864661654e-06	0
3.387016445e-06	5.864661654e-06	0
3.387016445e-06	5.864661654e-06	-10
3.387016445e-06	5.864661654e-06	-10
3.387016445e-06	5.864661654e-06	-10
3.387016445e-06	5.864661654e-06	-10
3.387016445e-06	5.864661654e-06	-10
3.387016445e-06	5.864661654e-06	-10
3.387016445e-06	5.864661654e-06	-10
3.387016445e-06	5.864661654e-06	-10
3.387016445e-06	5.864661654e-06	-10
3.387016445e-06	5.864661654e-06	-10
3.387016445e-06	5.864661654e-06	-10
3.387016445e-06	5.864661654e-06	-10
3.387016445e-06	5.864661654e-06	-10
3.387016445e-06	5.864661654e-06	-10
3.387016445e-06	5.864661654e-06	-10
3.387016445e-06	5.864661654e-06	-10
3.387016445e-06	5.864661654e-06	-10
3.387016445e-06	5.864661654e-06	-10
3.387016445e-06	5.864661654e-06	-10
3.387016445e-06	5.864661654e-06	-10
3.387016445e-06	5.864661654e-06	-10
3.387016445e-06	5.864661654e-06	-10
3.387016445e-06	5.864661654e-06	-10
3.387016445e-06	5.864661654e-06	-10
3.387016445e-06	5.864661654e-06	-10
3.387016445e-06	5.864661654e-06	0
3.368219453e-06	5.864661654e-06	0
3.34942246e-06	5.864661654e-06	0
3.330625468e-06	5.864661654e-06	0
3.311828475e-06	5.864661654e-06	0
3.311828475e-06	5.864661654e-06	-10
3.311828475e-06	5.864661654e-06	-10
3.311828475e-06	5.864661654e-06	-10
3.311828475e-06	5.864661654e-06	-10
3.311828475e-06	5.864661654e-06	-10
3.311828475e-06	5.864661654e-06	-10
3.311828475e-06	5.864661654e-06	-10
3.311828475e-06	5.864661654e-06	-10
3.311828475e-06	5.864661654e-06	-10
3.311828475e-06	5.864661654e-06	-10
3.311828475e-06	5.864661654e-06	-10
3.311828475e-06	5.864661654e-06	-10
3.311828475e-06	5.864661654e-06	-10
3.311828475e-06	5.864661654e-06	-10
3.311828475e-06	5.864661654e-06	-10
3.311828475e-06	5.864661654e-06	-10
3.311828475e-06	5.864661654e-06	-10
3.311828475e-06	5.864661654e-06	-10
3.311828475e-06	5.864661654e-06	-10
3.311828475e-06	5.864661654e-06	-10
3.311828475e-06	5.864661654e-06	-10
3.311828475e-06	5.864661654e-06	-10
3.311828475e-06	5.864661654e-06	-10
3.311828475e-06	5.864661654e-06	-10
3.311828475e-06	5.864661654e-06	-10
3.311828475e-06	5.864661654e-06	0
3.293031483e-06	5.864661654e-06	0
3.274234491e-06	5.864661654e-06	0
3.255437498e-06	5.864661654e-06	0
3.236640506e-06	5.864661654e-06	0
3.236640506e-06	5.864661654e-06	-10
3.236640506e-06	5.864661654e-06	-10
3.236640506e-06	5.864661654e-06	-10
3.236640506e-06	5.864661654e-06	-10
3.236640506e-06	5.864661654e-06	-10
3.236640506e-06	5.864661654e-06	-10
3.236640506e-06	5.864661654e-06	-10
3.236640506e-06	5.864661654e-06	-10
3.236640506e-06	5.864661654e-06	-10
3.236640506e-06	5.864661654e-06	-10
3.236640506e-06	5.864661654e-06	-10
3.236640506e-06	5.864661654e-06	-10
3.236640506e-06	5.864661654e-06	-10
3.236640506e-06	5.864661654e-06	-10
3.236640506e-06	5.864661654e-06	-10
3.236640506e-06	5.864661654e-06	-10
3.236640506e-06	5.864661654e-06	-10
3.236640506e-06	5.864661654e-06	-10
3.236640506e-06	5.864661654e-06	-10
3.236640506e-06	5.864661654e-06	-10
3.236640506e-06	5.864661654e-06	-10
3.236640506e-06	5.864661654e-06	-10
3.236640506e-06	5.864661654e-06	-10
3.236640506e-06	5.864661654e-06	-10
3.236640506e-06	5.864661654e-06	-10
3.236640506e-06	5.864661654e-06	0
3.217843513e-06	5.864661654e-06	0
3.199046521e-06	5.864661654e-06	0
3.180249528e-06	5.864661654e-06	0
3.161452536e-06	5.864661654e-06	0
3.161452536e-06	5.864661654e-06	-10
3.161452536e-06	5.864661654e-06	-10
3.161452536e-06	5.864661654e-06	-10
3.161452536e-06	5.864661654e-06	-10
3.161452536e-06	5.864661654e-06	-10
3.161452536e-06	5.864661654e-06	-10
3.161452536e-06	5.864661654e-06	-10
3.161452536e-06	5.864661654e-06	-10
3.161452536e-06	5.864661654e-06	-10
3.161452536e-06	5.864661654e-06	-10
3.161452536e-06	5.864661654e-06	-10
3.161452536e-06	5.864661654e-06	-10
3.161452536e-06	5.864661654e-06	-10
3.161452536e-06	5.864661654e-06	-10
3.161452536e-06	5.864661654e-06	-10
3.161452536e-06	5.864661654e-06	-10
3.161452536e-06	5.864661654e-06	-10
3.161452536e-06	5.864661654e-06	-10
3.161452536e-06	5.864661654e-06	-10
3.161452536e-06	5.864661654e-06	-10
3.161452536e-06	5.864661654e-06	-10
3.161452536e-06	5.864661654e-06	-10
3.161452536e-06	5.864661654e-06	-10
3.161452536e-06	5.864661654e-06	-10
3.161452536e-06	5.864661654e-06	-10
3.161452536e-06	5.864661654e-06	0
3.142655543e-06	5.864661654e-06	0
3.123858551e-06	5.864661654e-06	0
3.105061558e-06	5.864661654e-06	0
3.086264566e-06	5.864661654e-06	0
3.086264566e-06	5.864661654e-06	-10
3.086264566e-06	5.864661654e-06	-10
3.086264566e-06	5.864661654e-06	-10
3.086264566e-06	5.864661654e-06	-10
3.086264566e-06	5.864661654e-06	-10
3.086264566e-06	5.864661654e-06	-10
3.086264566e-06	5.864661654e-06	-10
3.086264566e-06	5.864661654e-06	-10
3.086264566e-06	5.864661654e-06	-10
3.086264566e-06	5.864661654e-06	-10
3.086264566e-06	5.864661654e-06	-10
3.086264566e-06	5.864661654e-06	-10
3.086264566e-06	5.864661654e-06	-10
3.086264566e-06	5.864661654e-06	-10
3.086264566e-06	5.864661654e-06	-10
3.086264566e-06	5.864661654e-06	-10
3.086264566e-06	5.864661654e-06	-10
3.086264566e-06	5.864661654e-06	-10
3.086264566e-06	5.864661654e-06	-10
3.086264566e-06	5.864661654e-06	-10
3.086264566e-06	5.864661654e-06	-10
3.086264566e-06	5.864661654e-06	-10
3.086264566e-06	5.864661654e-06	-10
3.086264566e-06	5.864661654e-06	-10
3.086264566e-06	5.864661654e-06	-10
3.086264566e-06	5.864661654e-06	0
3.067467573e-06	5.864661654e-06	0
3.048670581e-06	5.864661654e-06	0
3.029873588e-06	5.864661654e-06	0
3.011076596e-06	5.864661654e-06	0
3.011076596e-06	5.864661654e-06	-10
3.011076596e-06	5.864661654e-06	-10
3.011076596e-06	5.864661654e-06	-10
3.011076596e-06	5.864661654e-06	-10
3.011076596e-06	5.864661654e-06	-10
3.011076596e-06	5.864661654e-06	-10
3.011076596e-06	5.864661654e-06	-10
3.011076596e-06	5.864661654e-06	-10
3.011076596e-06	5.864661654e-06	-10
3.011076596e-06	5.864661654e-06	-10
3.011076596e-06	5.864661654e-06	-10
3.011076596e-06	5.864661654e-06	-10
3.011076596e-06	5.864661654e-06	-10
3.011076596e-06	5.864661654e-06	-10
3.011076596e-06	5.864661654e-06	-10
3.011076596e-06	5.864661654e-06	-10
3.011076596e-06	5.864661654e-06	-10
3.011076596e-06	5.864661654e-06	-10
3.011076596e-06	5.864661654e-06	-10
3.011076596e-06	5.864661654e-06	-10
3.011076596e-06	5.864661654e-06	-10
3.011076596e-06	5.864661654e-06	-10
3.011076596e-06	5.864661654e-06	-10
3.011076596e-06	5.864661654e-06	-10
3.011076596e-06	5.864661654e-06	-10
3.011076596e-06	5.864661654e-06	0
2.992279603e-06	5.864661654e-06	0
2.973482611e-06	5.864661654e-06	0
2.954685618e-06	5.864661654e-06	0
2.935888626e-06	5.864661654e-06	0
2.935888626e-06	5.864661654e-06	-10
2.935888626e-06	5.864661654e-06	-10
2.935888626e-06	5.864661654e-06	-10
2.935888626e-06	5.864661654e-06	-10
2.935888626e-06	5.864661654e-06	-10
2.935888626e-06	5.864661654e-06	-10
2.935888626e-06	5.864661654e-06	-10
2.935888626e-06	5.864661654e-06	-10
2.935888626e-06	5.864661654e-06	-10
2.935888626e-06	5.864661654e-06	-10
2.935888626e-06	5.864661654e-06	-10
2.935888626e-06	5.864661654e-06	-10
2.935888626e-06	5.864661654e-06	-10
2.935888626e-06	5.864661654e-06	-10
2.935888626e-06	5.864661654e-06	-10
2.935888626e-06	5.864661654e-06	-10
2.935888626e-06	5.864661654e-06	-10
2.935888626e-06	5.864661654e-06	-10
2.935888626e-06	5.864661654e-06	-10
2.935888626e-06	5.864661654e-06	-10
2.935888626e-06	5.864661654e-06	-10
2.935888626e-06	5.864661654e-06	-10
2.935888626e-06	5.864661654e-06	-10
2.935888626e-06	5.864661654e-06	-10
2.935888626e-06	5.864661654e-06	-10
2.935888626e-06	5.864661654e-06	0
2.917091633e-06	5.864661654e-06	0
2.898294641e-06	5.864661654e-06	0
2.879497648e-06	5.864661654e-06	0
2.860700656e-06	5.864661654e-06	0
2.860700656e-06	5.864661654e-06	-10
2.860700656e-06	5.864661654e-06	-10
2.860700656e-06	5.864661654e-06	-10
2.860700656e-06	5.864661654e-06	-10
2.860700656e-06	5.864661654e-06	-10
2.860700656e-06	5.864661654e-06	-10
2.860700656e-06	5.864661654e-06	-10
2.860700656e-06	5.864661654e-06	-10
2.860700656e-06	5.864661654e-06	-10
2.860700656e-06	5.864661654e-06	-10
2.860700656e-06	5.864661654e-06	-10
2.860700656e-06	5.864661654e-06	-10
2.860700656e-06	5.864661654e-06	-10
2.860700656e-06	5.864661654e-06	-10
2.860700656e-06	5.864661654e-06	-10
2.860700656e-06	5.864661654e-06	-10
2.860700656e-06	5.864661654e-06	-10
2.860700656e-06	5.864661654e-06	-10
2.860700656e-06	5.864661654e-06	-10
2.860700656e-06	5.864661654e-06	-10
2.860700656e-06	5.864661654e-06	-10
2.860700656e-06	5.864661654e-06	-10
2.860700656e-06	5.864661654e-06	-10
2.860700656e-06	5.864661654e-06	-10
2.860700656e-06	5.864661654e-06	-10
2.860700656e-06	5.864661654e-06	0
2.841903663e-06	5.864661654e-06	0
2.823106671e-06	5.864661654e-06	0
2.804309678e-06	5.864661654e-06	0
2.785512686e-06	5.864661654e-06	0
2.785512686e-06	5.864661654e-06	-10
2.785512686e-06	5.864661654e-06	-10
2.785512686e-06	5.864661654e-06	-10
2.785512686e-06	5.864661654e-06	-10
2.785512686e-06	5.864661654e-06	-10
2.785512686e-06	5.864661654e-06	-10
2.785512686e-06	5.864661654e-06	-10
2.785512686e-06	5.864661654e-06	-10
2.785512686e-06	5.864661654e-06	-10
2.785512686e-06	5.864661654e-06	-10
2.785512686e-06	5.864661654e-06	-10
2.785512686e-06	5.864661654e-06	-10
2.785512686e-06	5.864661654e-06	-10
2.785512686e-06	5.864661654e-06	-10
2.785512686e-06	5.864661654e-06	-10
2.785512686e-06	5.864661654e-06	-10
2.785512686e-06	5.864661654e-06	-10
2.785512686e-06	5.864661654e-06	-10
2.785512686e-06	5.864661654e-06	-10
2.785512686e-06	5.864661654e-06	-10
2.785512686e-06	5.864661654e-06	-10
2.785512686e-06	5.864661654e-06	-10
2.785512686e-06	5.864661654e-06	-10
2.785512686e-06	5.864661654e-06	-10
2.785512686e-06	5.864661654e-06	-10
2.785512686e-06	5.864661654e-06	0
2.766715694e-06	5.864661654e-06	0
2.747918701e-06	5.864661654e-06	0
2.729121709e-06	5.864661654e-06	0
2.710324716e-06	5.864661654e-06	0
2.710324716e-06	5.864661654e-06	-10
2.710324716e-06	5.864661654e-06	-10
2.710324716e-06	5.864661654e-06	-10
2.710324716e-06	5.864661654e-06	-10
2.710324716e-06	5.864661654e-06	-10
2.710324716e-06	5.864661654e-06	-10
2.710324716e-06	5.864661654e-06	-10
2.710324716e-06	5.864661654e-06	-10
2.710324716e-06	5.864661654e-06	-10
2.710324716e-06	5.864661654e-06	-10
2.710324716e-06	5.864661654e-06	-10
2.710324716e-06	5.864661654e-06	-10
2.710324716e-06	5.864661654e-06	-10
2.710324716e-06	5.864661654e-06	-10
2.710324716e-06	5.864661654e-06	-10
2.710324716e-06	5.864661654e-06	-10
2.710324716e-06	5.864661654e-06	-10
2.710324716e-06	5.864661654e-06	-10
2.710324716e-06	5.864661654e-06	-10
2.710324716e-06	5.864661654e-06	-10
2.710324716e-06	5.864661654e-06	-10
2.710324716e-06	5.864661654e-06	-10
2.710324716e-06	5.864661654e-06	-10
2.710324716e-06	5.864661654e-06	-10
2.710324716e-06	5.864661654e-06	-10
2.710324716e-06	5.864661654e-06	0
2.691527724e-06	5.864661654e-06	0
2.672730731e-06	5.864661654e-06	0
2.653933739e-06	5.864661654e-06	0
2.635136746e-06	5.864661654e-06	0
2.635136746e-06	5.864661654e-06	-10
2.635136746e-06	5.864661654e-06	-10
2.635136746e-06	5.864661654e-06	-10
2.635136746e-06	5.864661654e-06	-10
2.635136746e-06	5.864661654e-06	-10
2.635136746e-06	5.864661654e-06	-10
2.635136746e-06	5.864661654e-06	-10
2.635136746e-06	5.864661654e-06	-10
2.635136746e-06	5.864661654e-06	-10
2.635136746e-06	5.864661654e-06	-10
2.635136746e-06	5.864661654e-06	-10
2.635136746e-06	5.864661654e-06	-10
2.635136746e-06	5.864661654e-06	-10
2.635136746e-06	5.864661654e-06	-10
2.635136746e-06	5.864661654e-06	-10
2.635136746e-06	5.864661654e-06	-10
2.635136746e-06	5.864661654e-06	-10
2.635136746e-06	5.864661654e-06	-10
2.635136746e-06	5.864661654e-06	-10
2.635136746e-06	5.864661654e-06	-10
2.635136746e-06	5.864661654e-06	-10
2.635136746e-06	5.864661654e-06	-10
2.635136746e-06	5.864661654e-06	-10
2.635136746e-06	5.864661654e-06	-10
2.635136746e-06	5.864661654e-06	-10
2.635136746e-06	5.864661654e-06	0
2.616339754e-06	5.864661654e-06	0
2.597542761e-06	5.864661654e-06	0
2.578745769e-06	5.864661654e-06	0
2.559948776e-06	5.864661654e-06	0
2.559948776e-06	5.864661654e-06	-10
2.559948776e-06	5.864661654e-06	-10
2.559948776e-06	5.864661654e-06	-10
2.559948776e-06	5.864661654e-06	-10
2.559948776e-06	5.864661654e-06	-10
2.559948776e-06	5.864661654e-06	-10
2.559948776e-06	5.864661654e-06	-10
2.559948776e-06	5.864661654e-06	-10
2.559948776e-06	5.864661654e-06	-10
2.559948776e-06	5.864661654e-06	-10
2.559948776e-06	5.864661654e-06	-10
2.559948776e-06	5.864661654e-06	-10
2.559948776e-06	5.864661654e-06	-10
2.559948776e-06	5.864661654e-06	-10
2.559948776e-06	5.864661654e-06	-10
2.559948776e-06	5.864661654e-06	-10
2.559948776e-06	5.864661654e-06	-10
2.559948776e-06	5.864661654e-06	-10
2.559948776e-06	5.864661654e-06	-10
2.559948776e-06	5.864661654e-06	-10
2.559948776e-06	5.864661654e-06	-10
2.559948776e-06	5.864661654e-06	-10
2.559948776e-06	5.864661654e-06	-10
2.559948776e-06	5.864661654e-06	-10
2.559948776e-06	5.864661654e-06	-10
2.559948776e-06	5.864661654e-06	0
2.541151784e-06	5.864661654e-06	0
2.522354791e-06	5.864661654e-06	0
2.503557799e-06	5.864661654e-06	0
2.484760806e-06	5.864661654e-06	0
2.484760806e-06	5.864661654e-06	-10
2.484760806e-06	5.864661654e-06	-10
2.484760806e-06	5.864661654e-06	-10
2.484760806e-06	5.864661654e-06	-10
2.484760806e-06	5.864661654e-06	-10
2.484760806e-06	5.864661654e-06	-10
2.484760806e-06	5.864661654e-06	-10
2.484760806e-06	5.864661654e-06	-10
2.484760806e-06	5.864661654e-06	-10
2.484760806e-06	5.864661654e-06	-10
2.484760806e-06	5.864661654e-06	-10
2.484760806e-06	5.864661654e-06	-10
2.484760806e-06	5.864661654e-06	-10
2.484760806e-06	5.864661654e-06	-10
2.484760806e-06	5.864661654e-06	-10
2.484760806e-06	5.864661654e-06	-10
2.484760806e-06	5.864661654e-06	-10
2.484760806e-06	5.864661654e-06	-10
2.484760806e-06	5.864661654e-06	-10
2.484760806e-06	5.864661654e-06	-10
2.484760806e-06	5.864661654e-06	-10
2.484760806e-06	5.864661654e-06	-10
2.484760806e-06	5.864661654e-06	-10
2.484760806e-06	5.864661654e-06	-10
2.484760806e-06	5.864661654e-06	-10
2.484760806e-06	5.864661654e-06	0
2.465963814e-06	5.864661654e-06	0
2.447166821e-06	5.864661654e-06	0
2.428369829e-06	5.864661654e-06	0
2.409572836e-06	5.864661654e-06	0
2.409572836e-06	5.864661654e-06	-10
2.409572836e-06	5.864661654e-06	-10
2.409572836e-06	5.864661654e-06	-10
2.409572836e-06	5.864661654e-06	-10
2.409572836e-06	5.864661654e-06	-10
2.409572836e-06	5.864661654e-06	-10
2.409572836e-06	5.864661654e-06	-10
2.409572836e-06	5.864661654e-06	-10
2.409572836e-06	5.864661654e-06	-10
2.409572836e-06	5.864661654e-06	-10
2.409572836e-06	5.864661654e-06	-10
2.409572836e-06	5.864661654e-06	-10
2.409572836e-06	5.864661654e-06	-10
2.409572836e-06	5.864661654e-06	-10
2.409572836e-06	5.864661654e-06	-10
2.409572836e-06	5.864661654e-06	-10
2.409572836e-06	5.864661654e-06	-10
2.409572836e-06	5.864661654e-06	-10
2.409572836e-06	5.864661654e-06	-10
2.409572836e-06	5.864661654e-06	-10
2.409572836e-06	5.864661654e-06	-10
2.409572836e-06	5.864661654e-06	-10
2.409572836e-06	5.864661654e-06	-10
2.409572836e-06	5.864661654e-06	-10
2.409572836e-06	5.864661654e-06	-10
2.409572836e-06	5.864661654e-06	0
2.390775844e-06	5.864661654e-06	0
2.371978851e-06	5.864661654e-06	0
2.353181859e-06	5.864661654e-06	0
2.334384866e-06	5.864661654e-06	0
2.334384866e-06	5.864661654e-06	-10
2.334384866e-06	5.864661654e-06	-10
2.334384866e-06	5.864661654e-06	-10
2.334384866e-06	5.864661654e-06	-10
2.334384866e-06	5.864661654e-06	-10
2.334384866e-06	5.864661654e-06	-10
2.334384866e-06	5.864661654e-06	-10
2.334384866e-06	5.864661654e-06	-10
2.334384866e-06	5.864661654e-06	-10
2.334384866e-06	5.864661654e-06	-10
2.334384866e-06	5.864661654e-06	-10
2.334384866e-06	5.864661654e-06	-10
2.334384866e-06	5.864661654e-06	-10
2.334384866e-06	5.864661654e-06	-10
2.334384866e-06	5.864661654e-06	-10
2.334384866e-06	5.864661654e-06	-10
2.334384866e-06	5.864661654e-06	-10
2.334384866e-06	5.864661654e-06	-10
2.334384866e-06	5.864661654e-06	-10
2.334384866e-06	5.864661654e-06	-10
2.334384866e-06	5.864661654e-06	-10
2.334384866e-06	5.864661654e-06	-10
2.334384866e-06	5.864661654e-06	-10
2.334384866e-06	5.864661654e-06	-10
2.334384866e-06	5.864661654e-06	-10
2.334384866e-06	5.864661654e-06	0
2.352481524e-06	5.856218937e-06	0
2.370578181e-06	5.84777622e-06	0
2.388674838e-06	5.839333503e-06	0
2.406771495e-06	5.830890786e-06	0
2.424868152e-06	5.822448069e-06	0
2.442964809e-06	5.814005352e-06	0
2.461061467e-06	5.805562635e-06	0
2.479158124e-06	5.797119918e-06	0
2.497254781e-06	5.788677201e-06	0
2.515351438e-06	5.780234485e-06	0
2.533448095e-06	5.771791768e-06	0
2.551544752e-06	5.763349051e-06	0
2.56964141e-06	5.754906334e-06	0
2.587738067e-06	5.746463617e-06	0
2.605834724e-06	5.7380209e-06	0
2.623931381e-06	5.729578183e-06	0
2.642028038e-06	5.721135466e-06	0
2.660124695e-06	5.712692749e-06	0
2.678221353e-06	5.704250032e-06	0
2.69631801e-06	5.695807315e-06	0
2.714414667e-06	5.687364598e-06	0
2.732511324e-06	5.678921881e-06	0
2.750607981e-06	5.670479164e-06	0
2.768704638e-06	5.662036447e-06	0
2.786801296e-06	5.65359373e-06	0
2.804897953e-06	5.645151013e-06	0
2.82299461e-06	5.636708296e-06	0
2.841091267e-06	5.628265579e-06	0
2.859187924e-06	5.619822862e-06	0
2.877284581e-06	5.611380145e-06	0
2.895381239e-06	5.602937428e-06	0
2.913477896e-06	5.594494711e-06	0
2.931574553e-06	5.586051994e-06	0
2.94967121e-06	5.577609277e-06	0
2.967767867e-06	5.56916656e-06	0
2.985864524e-06	5.560723844e-06	0
3.003961182e-06	5.552281127e-06	0
3.022057839e-06	5.54383841e-06	0
3.040154496e-06	5.535395693e-06	0
3.058251153e-06	5.526952976e-06	0
3.07634781e-06	5.518510259e-06	0
3.094444468e-06	5.510067542e-06	0
3.112541125e-06	5.501624825e-06	0
3.130637782e-06	5.493182108e-06	0
3.148734439e-06	5.484739391e-06	0
3.166831096e-06	5.476296674e-06	0
3.184927753e-06	5.467853957e-06	0
3.203024411e-06	5.45941124e-06	0
3.221121068e-06	5.450968523e-06	0
3.239217725e-06	5.442525806e-06	0
3.257314382e-06	5.434083089e-06	0
3.275411039e-06	5.425640372e-06	0
3.293507696e-06	5.417197655e-06	0
3.311604354e-06	5.408754938e-06	0
3.329701011e-06	5.400312221e-06	0
3.347797668e-06	5.391869504e-06	0
3.365894325e-06	5.383426787e-06	0
3.383990982e-06	5.37498407e-06	0
3.402087639e-06	5.366541353e-06	0
3.420184297e-06	5.358098636e-06	0
3.438280954e-06	5.349655919e-06	0
3.456377611e-06	5.341213202e-06	0
3.474474268e-06	5.332770486e-06	0
3.492570925e-06	5.324327769e-06	0
3.510667582e-06	5.315885052e-06	0
3.52876424e-06	5.307442335e-06	0
3.546860897e-06	5.298999618e-06	0
3.564957554e-06	5.290556901e-06	0
3.583054211e-06	5.282114184e-06	0
3.601150868e-06	5.273671467e-06	0
3.619247525e-06	5.26522875e-06	0
3.637344183e-06	5.256786033e-06	0
3.65544084e-06	5.248343316e-06	0
3.673537497e-06	5.239900599e-06	0
3.691634154e-06	5.231457882e-06	0
3.709730811e-06	5.223015165e-06	0
3.727827468e-06	5.214572448e-06	0
3.745924126e-06	5.206129731e-06	0
3.764020783e-06	5.197687014e-06	0
3.78211744e-06	5.189244297e-06	0
3.800214097e-06	5.18080158e-06	0
3.818310754e-06	5.172358863e-06	0
3.836407411e-06	5.163916146e-06	0
3.854504069e-06	5.155473429e-06	0
3.872600726e-06	5.147030712e-06	0
3.890697383e-06	5.138587995e-06	0
3.90879404e-06	5.130145278e-06	0
3.926890697e-06	5.121702561e-06	0
3.944987354e-06	5.113259845e-06	0
3.963084012e-06	5.104817128e-06	0
3.981180669e-06	5.096374411e-06	0
3.999277326e-06	5.087931694e-06	0
4.017373983e-06	5.079488977e-06	0
4.03547064e-06	5.07104626e-06	0
4.053567297e-06	5.062603543e-06	0
4.071663955e-06	5.054160826e-06	0
4.089760612e-06	5.045718109e-06	0
4.107857269e-06	5.037275392e-06	0
4.125953926e-06	5.028832675e-06	0
4.144050583e-06	5.020389958e-06	0
4.16214724e-06	5.011947241e-06	0
4.180243898e-06	5.003504524e-06	0
4.198340555e-06	4.995061807e-06	0
4.216437212e-06	4.98661909e-06	0
4.234533869e-06	4.978176373e-06	0
4.252630526e-06	4.969733656e-06	0
4.270727183e-06	4.961290939e-06	0
4.288823841e-06	4.952848222e-06	0
4.306920498e-06	4.944405505e-06	0
4.325017155e-06	4.935962788e-06	0
4.343113812e-06	4.927520071e-06	0
4.361210469e-06	4.919077354e-06	0
4.379307126e-06	4.910634637e-06	0
4.397403784e-06	4.90219192e-06	0
4.415500441e-06	4.893749204e-06	0
4.433597098e-06	4.885306487e-06	0
4.451693755e-06	4.87686377e-06	0
4.469790412e-06	4.868421053e-06	0
4.487887069e-06	4.859978336e-06	0
4.505983727e-06	4.851535619e-06	0
4.524080384e-06	4.843092902e-06	0
4.542177041e-06	4.834650185e-06	0
4.560273698e-06	4.826207468e-06	0
4.578370355e-06	4.817764751e-06	0
4.596467012e-06	4.809322034e-06	0
4.61456367e-06	4.800879317e-06	0
4.632660327e-06	4.7924366e-06	0
4.650756984e-06	4.783993883e-06	0
4.668853641e-06	4.775551166e-06	0
4.686950298e-06	4.767108449e-06	0
4.705046955e-06	4.758665732e-06	0
4.723143613e-06	4.750223015e-06	0
4.74124027e-06	4.741780298e-06	0
4.759336927e-06	4.733337581e-06	0
4.777433584e-06	4.724894864e-06	0
4.795530241e-06	4.716452147e-06	0
4.813626898e-06	4.70800943e-06	0
4.831723556e-06	4.699566713e-06	0
4.849820213e-06	4.691123996e-06	0
4.86791687e-06	4.682681279e-06	0
4.886013527e-06	4.674238563e-06	0
4.904110184e-06	4.665795846e-06	0
4.922206841e-06	4.657353129e-06	0
4.940303499e-06	4.648910412e-06	0
4.958400156e-06	4.640467695e-06	0
4.976496813e-06	4.632024978e-06	0
4.99459347e-06	4.623582261e-06	0
5.012690127e-06	4.615139544e-06	0
5.030786784e-06	4.606696827e-06	0
5.048883442e-06	4.59825411e-06	0
5.066980099e-06	4.589811393e-06	0
5.085076756e-06	4.581368676e-06	0
5.103173413e-06	4.572925959e-06	0
5.12127007e-06	4.564483242e-06	0
5.139366727e-06	4.556040525e-06	0
5.157463385e-06	4.547597808e-06	0
5.175560042e-06	4.539155091e-06	0
5.193656699e-06	4.530712374e-06	0
5.211753356e-06	4.522269657e-06	0
5.229850013e-06	4.51382694e-06	0
5.24794667e-06	4.505384223e-06	0
5.266043328e-06	4.496941506e-06	0
5.284139985e-06	4.488498789e-06	0
5.302236642e-06	4.480056072e-06	0
5.320333299e-06	4.471613355e-06	0
5.338429956e-06	4.463170638e-06	0
5.356526613e-06	4.454727921e-06	0
5.374623271e-06	4.446285205e-06	0
5.392719928e-06	4.437842488e-06	0
5.410816585e-06	4.429399771e-06	0
5.428913242e-06	4.420957054e-06	0
5.447009899e-06	4.412514337e-06	0
5.465106556e-06	4.40407162e-06	0
5.483203214e-06	4.395628903e-06	0
5.501299871e-06	4.387186186e-06	0
5.519396528e-06	4.378743469e-06	0
5.537493185e-06	4.370300752e-06	0
5.555589842e-06	4.361858035e-06	0
5.573686499e-06	4.353415318e-06	0
5.591783157e-06	4.344972601e-06	0
5.609879814e-06	4.336529884e-06	0
5.627976471e-06	4.328087167e-06	0
5.646073128e-06	4.31964445e-06	0
5.664169785e-06	4.311201733e-06	0
5.682266442e-06	4.302759016e-06	0
5.7003631e-06	4.294316299e-06	0
5.718459757e-06	4.285873582e-06	0
5.736556414e-06	4.277430865e-06	0
5.754653071e-06	4.268988148e-06	0
5.772749728e-06	4.260545431e-06	0
5.790846385e-06	4.252102714e-06	0
5.808943043e-06	4.243659997e-06	0
5.8270397e-06	4.23521728e-06	0
5.845136357e-06	4.226774564e-06	0
5.863233014e-06	4.218331847e-06	0
5.881329671e-06	4.20988913e-06	0
5.899426328e-06	4.201446413e-06	0
5.917522986e-06	4.193003696e-06	0
5.935619643e-06	4.184560979e-06	0
5.9537163e-06	4.176118262e-06	0
5.971812957e-06	4.167675545e-06	0
5.989909614e-06	4.159232828e-06	0
6.008006271e-06	4.150790111e-06	0
6.026102929e-06	4.142347394e-06	0
6.044199586e-06	4.133904677e-06	0
6.062296243e-06	4.12546196e-06	0
6.0803929e-06	4.117019243e-06	0
6.098489557e-06	4.108576526e-06	0
6.116586214e-06	4.100133809e-06	0
6.134682872e-06	4.091691092e-06	0
6.152779529e-06	4.083248375e-06	0
6.170876186e-06	4.074805658e-06	0
6.188972843e-06	4.066362941e-06	0
6.2070695e-06	4.057920224e-06	0
6.225166157e-06	4.049477507e-06	0
6.243262815e-06	4.04103479e-06	0
6.261359472e-06	4.032592073e-06	0
6.279456129e-06	4.024149356e-06	0
6.297552786e-06	4.015706639e-06	0
6.315649443e-06	4.007263923e-06	0
6.3337461e-06	3.998821206e-06	0
6.351842758e-06	3.990378489e-06	0
6.369939415e-06	3.981935772e-06	0
6.388036072e-06	3.973493055e-06	0
6.406132729e-06	3.965050338e-06	0
6.424229386e-06	3.956607621e-06	0
6.442326043e-06	3.948164904e-06	0
6.460422701e-06	3.939722187e-06	0
6.478519358e-06	3.93127947e-06	0
6.496616015e-06	3.922836753e-06	0
6.514712672e-06	3.914394036e-06	0
6.532809329e-06	3.905951319e-06	0
6.550905986e-06	3.897508602e-06	0
6.569002644e-06	3.889065885e-06	0
6.587099301e-06	3.880623168e-06	0
6.605195958e-06	3.872180451e-06	0
6.605195958e-06	3.872180451e-06	10
6.605195958e-06	3.872180451e-06	10
6.605195958e-06	3.872180451e-06	10
6.605195958e-06	3.872180451e-06	10
6.605195958e-06	3.872180451e-06	10
6.605195958e-06	3.872180451e-06	10
6.605195958e-06	3.872180451e-06	10
6.605195958e-06	3.872180451e-06	10
6.605195958e-06	3.872180451e-06	10
6.605195958e-06	3.872180451e-06	10
6.605195958e-06	3.872180451e-06	10
6.605195958e-06	3.872180451e-06	10
6.605195958e-06	3.872180451e-06	10
6.605195958e-06	3.872180451e-06	10
6.605195958e-06	3.872180451e-06	10
6.605195958e-06	3.872180451e-06	10
6.605195958e-06	3.872180451e-06	10
6.605195958e-06	3.872180451e-06	10
6.605195958e-06	3.872180451e-06	10
6.605195958e-06	3.872180451e-06	10
6.605195958e-06	3.872180451e-06	10
6.605195958e-06	3.872180451e-06	10
6.605195958e-06	3.872180451e-06	10
6.605195958e-06	3.872180451e-06	10
6.605195958e-06	3.872180451e-06	10
6.605195958e-06	3.872180451e-06	0
6.62399295e-06	3.872180451e-06	0
6.642789943e-06	3.872180451e-06	0
6.661586935e-06	3.872180451e-06	0
6.680383928e-06	3.872180451e-06	0
6.69918092e-06	3.872180451e-06	0
6.717977913e-06	3.872180451e-06	0
6.736774905e-06	3.872180451e-06	0
6.755571898e-06	3.872180451e-06	0
6.755571898e-06	3.872180451e-06	10
6.755571898e-06	3.872180451e-06	10
6.755571898e-06	3.872180451e-06	10
6.755571898e-06	3.872180451e-06	10
6.755571898e-06	3.872180451e-06	10
6.755571898e-06	3.872180451e-06	10
6.755571898e-06	3.872180451e-06	10
6.755571898e-06	3.872180451e-06	10
6.755571898e-06	3.872180451e-06	10
6.755571898e-06	3.872180451e-06	10
6.755571898e-06	3.872180451e-06	10
6.755571898e-06	3.872180451e-06	10
6.755571898e-06	3.872180451e-06	10
6.755571898e-06	3.872180451e-06	10
6.755571898e-06	3.872180451e-06	10
6.755571898e-06	3.872180451e-06	10
6.755571898e-06	3.872180451e-06	10
6.755571898e-06	3.872180451e-06	10
6.755571898e-06	3.872180451e-06	10
6.755571898e-06	3.872180451e-06	10
6.755571898e-06	3.872180451e-06	10
6.755571898e-06	3.872180451e-06	10
6.755571898e-06	3.872180451e-06	10
6.755571898e-06	3.872180451e-06	10
6.755571898e-06	3.872180451e-06	10
6.755571898e-06	3.872180451e-06	0
6.77436889e-06	3.872180451e-06	0
6.793165883e-06	3.872180451e-06	0
6.811962875e-06	3.872180451e-06	0
6.830759868e-06	3.872180451e-06	0
6.84955686e-06	3.872180451e-06	0
6.868353853e-06	3.872180451e-06	0
6.887150845e-06	3.872180451e-06	0
6.905947838e-06	3.872180451e-06	0
6.905947838e-06	3.872180451e-06	10
6.905947838e-06	3.872180451e-06	10
6.905947838e-06	3.872180451e-06	10
6.905947838e-06	3.872180451e-06	10
6.905947838e-06	3.872180451e-06	10
6.905947838e-06	3.872180451e-06	10
6.905947838e-06	3.872180451e-06	10
6.905947838e-06	3.872180451e-06	10
6.905947838e-06	3.872180451e-06	10
6.905947838e-06	3.872180451e-06	10
6.905947838e-06	3.872180451e-06	10
6.905947838e-06	3.872180451e-06	10
6.905947838e-06	3.872180451e-06	10
6.905947838e-06	3.872180451e-06	10
6.905947838e-06	3.872180451e-06	10
6.905947838e-06	3.872180451e-06	10
6.905947838e-06	3.872180451e-06	10
6.905947838e-06	3.872180451e-06	10
6.905947838e-06	3.872180451e-06	10
6.905947838e-06	3.872180451e-06	10
6.905947838e-06	3.872180451e-06	10
6.905947838e-06	3.872180451e-06	10
6.905947838e-06	3.872180451e-06	10
6.905947838e-06	3.872180451e-06	10
6.905947838e-06	3.872180451e-06	10
6.905947838e-06	3.872180451e-06	0
6.92474483e-06	3.872180451e-06	0
6.943541823e-06	3.872180451e-06	0
6.962338815e-06	3.872180451e-06	0
6.981135808e-06	3.872180451e-06	0
6.9999328e-06	3.872180451e-06	0
7.018729793e-06	3.872180451e-06	0
7.037526785e-06	3.872180451e-06	0
7.056323778e-06	3.872180451e-06	0
7.056323778e-06	3.872180451e-06	10
7.056323778e-06	3.872180451e-06	10
7.056323778e-06	3.872180451e-06	10
7.056323778e-06	3.872180451e-06	10
7.056323778e-06	3.872180451e-06	10
7.056323778e-06	3.872180451e-06	10
7.056323778e-06	3.872180451e-06	10
7.056323778e-06	3.872180451e-06	10
7.056323778e-06	3.872180451e-06	10
7.056323778e-06	3.872180451e-06	10
7.056323778e-06	3.872180451e-06	10
7.056323778e-06	3.872180451e-06	10
7.056323778e-06	3.872180451e-06	10
7.056323778e-06	3.872180451e-06	10
7.056323778e-06	3.872180451e-06	10
7.056323778e-06	3.872180451e-06	10
7.056323778e-06	3.872180451e-06	10
7.056323778e-06	3.872180451e-06	10
7.056323778e-06	3.872180451e-06	10
7.056323778e-06	3.872180451e-06	10
7.056323778e-06	3.872180451e-06	10
7.056323778e-06	3.872180451e-06	10
7.056323778e-06	3.872180451e-06	10
7.056323778e-06	3.872180451e-06	10
7.056323778e-06	3.872180451e-06	10
7.056323778e-06	3.872180451e-06	0
7.07512077e-06	3.872180451e-06	0
7.093917763e-06	3.872180451e-06	0
7.112714755e-06	3.872180451e-06	0
7.131511747e-06	3.872180451e-06	0
7.15030874e-06	3.872180451e-06	0
7.169105732e-06	3.872180451e-06	0
7.187902725e-06	3.872180451e-06	0
7.206699717e-06	3.872180451e-06	0
7.206699717e-06	3.872180451e-06	10
7.206699717e-06	3.872180451e-06	10
7.206699717e-06	3.872180451e-06	10
7.206699717e-06	3.872180451e-06	10
7.206699717e-06	3.872180451e-06	10
7.206699717e-06	3.872180451e-06	10
7.206699717e-06	3.872180451e-06	10
7.206699717e-06	3.872180451e-06	10
7.206699717e-06	3.872180451e-06	10
7.206699717e-06	3.872180451e-06	10
7.206699717e-06	3.872180451e-06	10
7.206699717e-06	3.872180451e-06	10
7.206699717e-06	3.872180451e-06	10
7.206699717e-06	3.872180451e-06	10
7.206699717e-06	3.872180451e-06	10
7.206699717e-06	3.872180451e-06	10
7.206699717e-06	3.872180451e-06	10
7.206699717e-06	3.872180451e-06	10
7.206699717e-06	3.872180451e-06	10
7.206699717e-06	3.872180451e-06	10
7.206699717e-06	3.872180451e-06	10
7.206699717e-06	3.872180451e-06	10
7.206699717e-06	3.872180451e-06	10
7.206699717e-06	3.872180451e-06	10
7.206699717e-06	3.872180451e-06	10
7.206699717e-06	3.872180451e-06	0
7.22549671e-06	3.872180451e-06	0
7.244293702e-06	3.872180451e-06	0
7.263090695e-06	3.872180451e-06	0
7.281887687e-06	3.872180451e-06	0
7.30068468e-06	3.872180451e-06	0
7.319481672e-06	3.872180451e-06	0
7.338278665e-06	3.872180451e-06	0
7.357075657e-06	3.872180451e-06	0
7.357075657e-06	3.872180451e-06	10
7.357075657e-06	3.872180451e-06	10
7.357075657e-06	3.872180451e-06	10
7.357075657e-06	3.872180451e-06	10
7.357075657e-06	3.872180451e-06	10
7.357075657e-06	3.872180451e-06	10
7.357075657e-06	3.872180451e-06	10
7.357075657e-06	3.872180451e-06	10
7.357075657e-06	3.872180451e-06	10
7.357075657e-06	3.872180451e-06	10
7.357075657e-06	3.872180451e-06	10
7.357075657e-06	3.872180451e-06	10
7.357075657e-06	3.872180451e-06	10
7.357075657e-06	3.872180451e-06	10
7.357075657e-06	3.872180451e-06	10
7.357075657e-06	3.872180451e-06	10
7.357075657e-06	3.872180451e-06	10
7.357075657e-06	3.872180451e-06	10
7.357075657e-06	3.872180451e-06	10
7.357075657e-06	3.872180451e-06	10
7.357075657e-06	3.872180451e-06	10
7.357075657e-06	3.872180451e-06	10
7.357075657e-06	3.872180451e-06	10
7.357075657e-06	3.872180451e-06	10
7.357075657e-06	3.872180451e-06	10
7.357075657e-06	3.872180451e-06	0
7.37587265e-06	3.872180451e-06	0
7.394669642e-06	3.872180451e-06	0
7.413466635e-06	3.872180451e-06	0
7.432263627e-06	3.872180451e-06	0
7.45106062e-06	3.872180451e-06	0
7.469857612e-06	3.872180451e-06	0
7.488654605e-06	3.872180451e-06	0
7.507451597e-06	3.872180451e-06	0
7.507451597e-06	3.872180451e-06	10
7.507451597e-06	3.872180451e-06	10
7.507451597e-06	3.872180451e-06	10
7.507451597e-06	3.872180451e-06	10
7.507451597e-06	3.872180451e-06	10
7.507451597e-06	3.872180451e-06	10
7.507451597e-06	3.872180451e-06	10
7.507451597e-06	3.872180451e-06	10
7.507451597e-06	3.872180451e-06	10
7.507451597e-06	3.872180451e-06	10
7.507451597e-06	3.872180451e-06	10
7.507451597e-06	3.872180451e-06	10
7.507451597e-06	3.872180451e-06	10
7.507451597e-06	3.872180451e-06	10
7.507451597e-06	3.872180451e-06	10
7.507451597e-06	3.872180451e-06	10
7.507451597e-06	3.872180451e-06	10
7.507451597e-06	3.872180451e-06	10
7.507451597e-06	3.872180451e-06	10
7.507451597e-06	3.872180451e-06	10
7.507451597e-06	3.872180451e-06	10
7.507451597e-06	3.872180451e-06	10
7.507451597e-06	3.872180451e-06	10
7.507451597e-06	3.872180451e-06	10
7.507451597e-06	3.872180451e-06	10
7.507451597e-06	3.872180451e-06	0
7.52624859e-06	3.872180451e-06	0
7.545045582e-06	3.872180451e-06	0
7.563842575e-06	3.872180451e-06	0
7.582639567e-06	3.872180451e-06	0
7.601436559e-06	3.872180451e-06	0
7.620233552e-06	3.872180451e-06	0
7.639030544e-06	3.872180451e-06	0
7.657827537e-06	3.872180451e-06	0
7.657827537e-06	3.872180451e-06	10
7.657827537e-06	3.872180451e-06	10
7.657827537e-06	3.872180451e-06	10
7.657827537e-06	3.872180451e-06	10
7.657827537e-06	3.872180451e-06	10
7.657827537e-06	3.872180451e-06	10
7.657827537e-06	3.872180451e-06	10
7.657827537e-06	3.872180451e-06	10
7.657827537e-06	3.872180451e-06	10
7.657827537e-06	3.872180451e-06	10
7.657827537e-06	3.872180451e-06	10
7.657827537e-06	3.872180451e-06	10
7.657827537e-06	3.872180451e-06	10
7.657827537e-06	3.872180451e-06	10
7.657827537e-06	3.872180451e-06	10
7.657827537e-06	3.872180451e-06	10
7.657827537e-06	3.872180451e-06	10
7.657827537e-06	3.872180451e-06	10
7.657827537e-06	3.872180451e-06	10
7.657827537e-06	3.872180451e-06	10
7.657827537e-06	3.872180451e-06	10
7.657827537e-06	3.872180451e-06	10
7.657827537e-06	3.872180451e-06	10
7.657827537e-06	3.872180451e-06	10
7.657827537e-06	3.872180451e-06	10
7.657827537e-06	3.872180451e-06	0
7.676624529e-06	3.872180451e-06	0
7.695421522e-06	3.872180451e-06	0
7.714218514e-06	3.872180451e-06	0
7.733015507e-06	3.872180451e-06	0
7.751812499e-06	3.872180451e-06	0
7.770609492e-06	3.872180451e-06	0
7.789406484e-06	3.872180451e-06	0
7.808203477e-06	3.872180451e-06	0
7.808203477e-06	3.872180451e-06	10
7.808203477e-06	3.872180451e-06	10
7.808203477e-06	3.872180451e-06	10
7.808203477e-06	3.872180451e-06	10
7.808203477e-06	3.872180451e-06	10
7.808203477e-06	3.872180451e-06	10
7.808203477e-06	3.872180451e-06	10
7.808203477e-06	3.872180451e-06	10
7.808203477e-06	3.872180451e-06	10
7.808203477e-06	3.872180451e-06	10
7.808203477e-06	3.872180451e-06	10
7.808203477e-06	3.872180451e-06	10
7.808203477e-06	3.872180451e-06	10
7.808203477e-06	3.872180451e-06	10
7.808203477e-06	3.872180451e-06	10
7.808203477e-06	3.872180451e-06	10
7.808203477e-06	3.872180451e-06	10
7.808203477e-06	3.872180451e-06	10
7.808203477e-06	3.872180451e-06	10
7.808203477e-06	3.872180451e-06	10
7.808203477e-06	3.872180451e-06	10
7.808203477e-06	3.872180451e-06	10
7.808203477e-06	3.872180451e-06	10
7.808203477e-06	3.872180451e-06	10
7.808203477e-06	3.872180451e-06	10
7.808203477e-06	3.872180451e-06	0
7.827000469e-06	3.872180451e-06	0
7.845797462e-06	3.872180451e-06	0
7.864594454e-06	3.872180451e-06	0
7.883391447e-06	3.872180451e-06	0
7.902188439e-06	3.872180451e-06	0
7.920985432e-06	3.872180451e-06	0
7.939782424e-06	3.872180451e-06	0
7.958579417e-06	3.872180451e-06	0
7.958579417e-06	3.872180451e-06	10
7.958579417e-06	3.872180451e-06	10
7.958579417e-06	3.872180451e-06	10
7.958579417e-06	3.872180451e-06	10
7.958579417e-06	3.872180451e-06	10
7.958579417e-06	3.872180451e-06	10
7.958579417e-06	3.872180451e-06	10
7.958579417e-06	3.872180451e-06	10
7.958579417e-06	3.872180451e-06	10
7.958579417e-06	3.872180451e-06	10
7.958579417e-06	3.872180451e-06	10
7.958579417e-06	3.872180451e-06	10
7.958579417e-06	3.872180451e-06	10
7.958579417e-06	3.872180451e-06	10
7.958579417e-06	3.872180451e-06	10
7.958579417e-06	3.872180451e-06	10
7.958579417e-06	3.872180451e-06	10
7.958579417e-06	3.872180451e-06	10
7.958579417e-06	3.872180451e-06	10
7.958579417e-06	3.872180451e-06	10
7.958579417e-06	3.872180451e-06	10
7.958579417e-06	3.872180451e-06	10
7.958579417e-06	3.872180451e-06	10
7.958579417e-06	3.872180451e-06	10
7.958579417e-06	3.872180451e-06	10
7.958579417e-06	3.872180451e-06	0
7.977376409e-06	3.872180451e-06	0
7.996173402e-06	3.872180451e-06	0
8.014970394e-06	3.872180451e-06	0
8.033767387e-06	3.872180451e-06	0
8.052564379e-06	3.872180451e-06	0
8.071361372e-06	3.872180451e-06	0
8.090158364e-06	3.872180451e-06	0
8.108955356e-06	3.872180451e-06	0
8.108955356e-06	3.872180451e-06	10
8.108955356e-06	3.872180451e-06	10
8.108955356e-06	3.872180451e-06	10
8.108955356e-06	3.872180451e-06	10
8.108955356e-06	3.872180451e-06	10
8.108955356e-06	3.872180451e-06	10
8.108955356e-06	3.872180451e-06	10
8.108955356e-06	3.872180451e-06	10
8.108955356e-06	3.872180451e-06	10
8.108955356e-06	3.872180451e-06	10
8.108955356e-06	3.872180451e-06	10
8.108955356e-06	3.872180451e-06	10
8.108955356e-06	3.872180451e-06	10
8.108955356e-06	3.872180451e-06	10
8.108955356e-06	3.872180451e-06	10
8.108955356e-06	3.872180451e-06	10
8.108955356e-06	3.872180451e-06	10
8.108955356e-06	3.872180451e-06	10
8.108955356e-06	3.872180451e-06	10
8.108955356e-06	3.872180451e-06	10
8.108955356e-06	3.872180451e-06	10
8.108955356e-06	3.872180451e-06	10
8.108955356e-06	3.872180451e-06	10
8.108955356e-06	3.872180451e-06	10
8.108955356e-06	3.872180451e-06	10
8.108955356e-06	3.872180451e-06	0
8.127752349e-06	3.872180451e-06	0
8.146549341e-06	3.872180451e-06	0
8.165346334e-06	3.872180451e-06	0
8.184143326e-06	3.872180451e-06	0
8.202940319e-06	3.872180451e-06	0
8.221737311e-06	3.872180451e-06	0
8.240534304e-06	3.872180451e-06	0
8.259331296e-06	3.872180451e-06	0
8.259331296e-06	3.872180451e-06	10
8.259331296e-06	3.872180451e-06	10
8.259331296e-06	3.872180451e-06	10
8.259331296e-06	3.872180451e-06	10
8.259331296e-06	3.872180451e-06	10
8.259331296e-06	3.872180451e-06	10
8.259331296e-06	3.872180451e-06	10
8.259331296e-06	3.872180451e-06	10
8.259331296e-06	3.872180451e-06	10
8.259331296e-06	3.872180451e-06	10
8.259331296e-06	3.872180451e-06	10
8.259331296e-06	3.872180451e-06	10
8.259331296e-06	3.872180451e-06	10
8.259331296e-06	3.872180451e-06	10
8.259331296e-06	3.872180451e-06	10
8.259331296e-06	3.872180451e-06	10
8.259331296e-06	3.872180451e-06	10
8.259331296e-06	3.872180451e-06	10
8.259331296e-06	3.872180451e-06	10
8.259331296e-06	3.872180451e-06	10
8.259331296e-06	3.872180451e-06	10
8.259331296e-06	3.872180451e-06	10
8.259331296e-06	3.872180451e-06	10
8.259331296e-06	3.872180451e-06	10
8.259331296e-06	3.872180451e-06	10
8.259331296e-06	3.872180451e-06	0
8.278128289e-06	3.872180451e-06	0
8.296925281e-06	3.872180451e-06	0
8.315722274e-06	3.872180451e-06	0
8.334519266e-06	3.872180451e-06	0
8.353316259e-06	3.872180451e-06	0
8.372113251e-06	3.872180451e-06	0
8.390910244e-06	3.872180451e-06	0
8.409707236e-06	3.872180451e-06	0
8.409707236e-06	3.872180451e-06	10
8.409707236e-06	3.872180451e-06	10
8.409707236e-06	3.872180451e-06	10
8.409707236e-06	3.872180451e-06	10
8.409707236e-06	3.872180451e-06	10
8.409707236e-06	3.872180451e-06	10
8.409707236e-06	3.872180451e-06	10
8.409707236e-06	3.872180451e-06	10
8.409707236e-06	3.872180451e-06	10
8.409707236e-06	3.872180451e-06	10
8.409707236e-06	3.872180451e-06	10
8.409707236e-06	3.872180451e-06	10
8.409707236e-06	3.872180451e-06	10
8.409707236e-06	3.872180451e-06	10
8.409707236e-06	3.872180451e-06	10
8.409707236e-06	3.872180451e-06	10
8.409707236e-06	3.872180451e-06	10
8.409707236e-06	3.872180451e-06	10
8.409707236e-06	3.872180451e-06	10
8.409707236e-06	3.872180451e-06	10
8.409707236e-06	3.872180451e-06	10
8.409707236e-06	3.872180451e-06	10
8.409707236e-06	3.872180451e-06	10
8.409707236e-06	3.872180451e-06	10
8.409707236e-06	3.872180451e-06	10
8.409707236e-06	3.872180451e-06	0
8.428504229e-06	3.872180451e-06	0
8.447301221e-06	3.872180451e-06	0
8.466098214e-06	3.872180451e-06	0
8.484895206e-06	3.872180451e-06	0
8.503692199e-06	3.872180451e-06	0
8.522489191e-06	3.872180451e-06	0
8.541286184e-06	3.872180451e-06	0
8.560083176e-06	3.872180451e-06	0
8.560083176e-06	3.872180451e-06	10
8.560083176e-06	3.872180451e-06	10
8.560083176e-06	3.872180451e-06	10
8.560083176e-06	3.872180451e-06	10
8.560083176e-06	3.872180451e-06	10
8.560083176e-06	3.872180451e-06	10
8.560083176e-06	3.872180451e-06	10
8.560083176e-06	3.872180451e-06	10
8.560083176e-06	3.872180451e-06	10
8.560083176e-06	3.872180451e-06	10
8.560083176e-06	3.872180451e-06	10
8.560083176e-06	3.872180451e-06	10
8.560083176e-06	3.872180451e-06	10
8.560083176e-06	3.872180451e-06	10
8.560083176e-06	3.872180451e-06	10
8.560083176e-06	3.872180451e-06	10
8.560083176e-06	3.872180451e-06	10
8.560083176e-06	3.872180451e-06	10
8.560083176e-06	3.872180451e-06	10
8.560083176e-06	3.872180451e-06	10
8.560083176e-06	3.872180451e-06	10
8.560083176e-06	3.872180451e-06	10
8.560083176e-06	3.872180451e-06	10
8.560083176e-06	3.872180451e-06	10
8.560083176e-06	3.872180451e-06	10
8.560083176e-06	3.872180451e-06	0
8.578880169e-06	3.872180451e-06	0
8.597677161e-06	3.872180451e-06	0
8.616474153e-06	3.872180451e-06	0
8.635271146e-06	3.872180451e-06	0
8.654068138e-06	3.872180451e-06	0
8.672865131e-06	3.872180451e-06	0
8.691662123e-06	3.872180451e-06	0
8.710459116e-06	3.872180451e-06	0
8.710459116e-06	3.872180451e-06	10
8.710459116e-06	3.872180451e-06	10
8.710459116e-06	3.872180451e-06	10
8.710459116e-06	3.872180451e-06	10
8.710459116e-06	3.872180451e-06	10
8.710459116e-06	3.872180451e-06	10
8.710459116e-06	3.872180451e-06	10
8.710459116e-06	3.872180451e-06	10
8.710459116e-06	3.872180451e-06	10
8.710459116e-06	3.872180451e-06	10
8.710459116e-06	3.872180451e-06	10
8.710459116e-06	3.872180451e-06	10
8.710459116e-06	3.872180451e-06	10
8.710459116e-06	3.872180451e-06	10
8.710459116e-06	3.872180451e-06	10
8.710459116e-06	3.872180451e-06	10
8.710459116e-06	3.872180451e-06	10
8.710459116e-06	3.872180451e-06	10
8.710459116e-06	3.872180451e-06	10
8.710459116e-06	3.872180451e-06	10
8.710459116e-06	3.872180451e-06	10
8.710459116e-06	3.872180451e-06	10
8.710459116e-06	3.872180451e-06	10
8.710459116e-06	3.872180451e-06	10
8.710459116e-06	3.872180451e-06	10
8.710459116e-06	3.872180451e-06	0
8.729256108e-06	3.872180451e-06	0
8.748053101e-06	3.872180451e-06	0
8.766850093e-06	3.872180451e-06	0
8.785647086e-06	3.872180451e-06	0
8.804444078e-06	3.872180451e-06	0
8.823241071e-06	3.872180451e-06	0
8.842038063e-06	3.872180451e-06	0
8.860835056e-06	3.872180451e-06	0
8.860835056e-06	3.872180451e-06	10
8.860835056e-06	3.872180451e-06	10
8.860835056e-06	3.872180451e-06	10
8.860835056e-06	3.872180451e-06	10
8.860835056e-06	3.872180451e-06	10
8.860835056e-06	3.872180451e-06	10
8.860835056e-06	3.872180451e-06	10
8.860835056e-06	3.872180451e-06	10
8.860835056e-06	3.872180451e-06	10
8.860835056e-06	3.872180451e-06	10
8.860835056e-06	3.872180451e-06	10
8.860835056e-06	3.872180451e-06	10
8.860835056e-06	3.872180451e-06	10
8.860835056e-06	3.872180451e-06	10
8.860835056e-06	3.872180451e-06	10
8.860835056e-06	3.872180451e-06	10
8.860835056e-06	3.872180451e-06	10
8.860835056e-06	3.872180451e-06	10
8.860835056e-06	3.872180451e-06	10
8.860835056e-06	3.872180451e-06	10
8.860835056e-06	3.872180451e-06	10
8.860835056e-06	3.872180451e-06	10
8.860835056e-06	3.872180451e-06	10
8.860835056e-06	3.872180451e-06	10
8.860835056e-06	3.872180451e-06	10
8.860835056e-06	3.872180451e-06	0
8.860835056e-06	3.890977444e-06	0
8.860835056e-06	3.909774436e-06	0
8.860835056e-06	3.928571429e-06	0
8.860835056e-06	3.947368421e-06	0
8.860835056e-06	3.966165414e-06	0
8.860835056e-06	3.984962406e-06	0
8.860835056e-06	4.003759398e-06	0
8.860835056e-06	4.022556391e-06	0
8.860835056e-06	4.022556391e-06	-10
8.860835056e-06	4.022556391e-06	-10
8.860835056e-06	4.022556391e-06	-10
8.860835056e-06	4.022556391e-06	-10
8.860835056e-06	4.022556391e-06	-10
8.860835056e-06	4.022556391e-06	-10
8.860835056e-06	4.022556391e-06	-10
8.860835056e-06	4.022556391e-06	-10
8.860835056e-06	4.022556391e-06	-10
8.860835056e-06	4.022556391e-06	-10
8.860835056e-06	4.022556391e-06	-10
8.860835056e-06	4.022556391e-06	-10
8.860835056e-06	4.022556391e-06	-10
8.860835056e-06	4.022556391e-06	-10
8.860835056e-06	4.022556391e-06	-10
8.860835056e-06	4.022556391e-06	-10
8.860835056e-06	4.022556391e-06	-10
8.860835056e-06	4.022556391e-06	-10
8.860835056e-06	4.022556391e-06	-10
8.860835056e-06	4.022556391e-06	-10
8.860835056e-06	4.022556391e-06	-10
8.860835056e-06	4.022556391e-06	-10
8.860835056e-06	4.022556391e-06	-10
8.860835056e-06	4.022556391e-06	-10
8.860835056e-06	4.022556391e-06	-10
8.860835056e-06	4.022556391e-06	0
8.842038063e-06	4.022556391e-06	0
8.823241071e-06	4.022556391e-06	0
8.804444078e-06	4.022556391e-06	0
8.785647086e-06	4.022556391e-06	0
8.766850093e-06	4.022556391e-06	0
8.748053101e-06	4.022556391e-06	0
8.729256108e-06	4.022556391e-06	0
8.710459116e-06	4.022556391e-06	0
8.710459116e-06	4.022556391e-06	-10
8.710459116e-06	4.022556391e-06	-10
8.710459116e-06	4.022556391e-06	-10
8.710459116e-06	4.022556391e-06	-10
8.710459116e-06	4.022556391e-06	-10
8.710459116e-06	4.022556391e-06	-10
8.710459116e-06	4.022556391e-06	-10
8.710459116e-06	4.022556391e-06	-10
8.710459116e-06	4.022556391e-06	-10
8.710459116e-06	4.022556391e-06	-10
8.710459116e-06	4.022556391e-06	-10
8.710459116e-06	4.022556391e-06	-10
8.710459116e-06	4.022556391e-06	-10
8.710459116e-06	4.022556391e-06	-10
8.710459116e-06	4.022556391e-06	-10
8.710459116e-06	4.022556391e-06	-10
8.710459116e-06	4.022556391e-06	-10
8.710459116e-06	4.022556391e-06	-10
8.710459116e-06	4.022556391e-06	-10
8.710459116e-06	4.022556391e-06	-10
8.710459116e-06	4.022556391e-06	-10
8.710459116e-06	4.022556391e-06	-10
8.710459116e-06	4.022556391e-06	-10
8.710459116e-06	4.022556391e-06	-10
8.710459116e-06	4.022556391e-06	-10
8.710459116e-06	4.022556391e-06	0
8.691662123e-06	4.022556391e-06	0
8.672865131e-06	4.022556391e-06	0
8.654068138e-06	4.022556391e-06	0
8.635271146e-06	4.022556391e-06	0
8.616474153e-06	4.022556391e-06	0
8.597677161e-06	4.022556391e-06	0
8.578880169e-06	4.022556391e-06	0
8.560083176e-06	4.022556391e-06	0
8.560083176e-06	4.022556391e-06	-10
8.560083176e-06	4.022556391e-06	-10
8.560083176e-06	4.022556391e-06	-10
8.560083176e-06	4.022556391e-06	-10
8.560083176e-06	4.022556391e-06	-10
8.560083176e-06	4.022556391e-06	-10
8.560083176e-06	4.022556391e-06	-10
8.560083176e-06	4.022556391e-06	-10
8.560083176e-06	4.022556391e-06	-10
8.560083176e-06	4.022556391e-06	-10
8.560083176e-06	4.022556391e-06	-10
8.560083176e-06	4.022556391e-06	-10
8.560083176e-06	4.022556391e-06	-10
8.560083176e-06	4.022556391e-06	-10
8.560083176e-06	4.022556391e-06	-10
8.560083176e-06	4.022556391e-06	-10
8.560083176e-06	4.022556391e-06	-10
8.560083176e-06	4.022556391e-06	-10
8.560083176e-06	4.022556391e-06	-10
8.560083176e-06	4.022556391e-06	-10
8.560083176e-06	4.022556391e-06	-10
8.560083176e-06	4.022556391e-06	-10
8.560083176e-06	4.022556391e-06	-10
8.560083176e-06	4.022556391e-06	-10
8.560083176e-06	4.022556391e-06	-10
8.560083176e-06	4.022556391e-06	0
8.541286184e-06	4.022556391e-06	0
8.522489191e-06	4.022556391e-06	0
8.503692199e-06	4.022556391e-06	0
8.484895206e-06	4.022556391e-06	0
8.466098214e-06	4.022556391e-06	0
8.447301221e-06	4.022556391e-06	0
8.428504229e-06	4.022556391e-06	0
8.409707236e-06	4.022556391e-06	0
8.409707236e-06	4.022556391e-06	-10
8.409707236e-06	4.022556391e-06	-10
8.409707236e-06	4.022556391e-06	-10
8.409707236e-06	4.022556391e-06	-10
8.409707236e-06	4.022556391e-06	-10
8.409707236e-06	4.022556391e-06	-10
8.409707236e-06	4.022556391e-06	-10
8.409707236e-06	4.022556391e-06	-10
8.409707236e-06	4.022556391e-06	-10
8.409707236e-06	4.022556391e-06	-10
8.409707236e-06	4.022556391e-06	-10
8.409707236e-06	4.022556391e-06	-10
8.409707236e-06	4.022556391e-06	-10
8.409707236e-06	4.022556391e-06	-10
8.409707236e-06	4.022556391e-06	-10
8.409707236e-06	4.022556391e-06	-10
8.409707236e-06	4.022556391e-06	-10
8.409707236e-06	4.022556391e-06	-10
8.409707236e-06	4.022556391e-06	-10
8.409707236e-06	4.022556391e-06	-10
8.409707236e-06	4.022556391e-06	-10
8.409707236e-06	4.022556391e-06	-10
8.409707236e-06	4.022556391e-06	-10
8.409707236e-06	4.022556391e-06	-10
8.409707236e-06	4.022556391e-06	-10
8.409707236e-06	4.022556391e-06	0
8.390910244e-06	4.022556391e-06	0
8.372113251e-06	4.022556391e-06	0
8.353316259e-06	4.022556391e-06	0
8.334519266e-06	4.022556391e-06	0
8.315722274e-06	4.022556391e-06	0
8.296925281e-06	4.022556391e-06	0
8.278128289e-06	4.022556391e-06	0
8.259331296e-06	4.022556391e-06	0
8.259331296e-06	4.022556391e-06	-10
8.259331296e-06	4.022556391e-06	-10
8.259331296e-06	4.022556391e-06	-10
8.259331296e-06	4.022556391e-06	-10
8.259331296e-06	4.022556391e-06	-10
8.259331296e-06	4.022556391e-06	-10
8.259331296e-06	4.022556391e-06	-10
8.259331296e-06	4.022556391e-06	-10
8.259331296e-06	4.022556391e-06	-10
8.259331296e-06	4.022556391e-06	-10
8.259331296e-06	4.022556391e-06	-10
8.259331296e-06	4.022556391e-06	-10
8.259331296e-06	4.022556391e-06	-10
8.259331296e-06	4.022556391e-06	-10
8.259331296e-06	4.022556391e-06	-10
8.259331296e-06	4.022556391e-06	-10
8.259331296e-06	4.022556391e-06	-10
8.259331296e-06	4.022556391e-06	-10
8.259331296e-06	4.022556391e-06	-10
8.259331296e-06	4.022556391e-06	-10
8.259331296e-06	4.022556391e-06	-10
8.259331296e-06	4.022556391e-06	-10
8.259331296e-06	4.022556391e-06	-10
8.259331296e-06	4.022556391e-06	-10
8.259331296e-06	4.022556391e-06	-10
8.259331296e-06	4.022556391e-06	0
8.240534304e-06	4.022556391e-06	0
8.221737311e-06	4.022556391e-06	0
8.202940319e-06	4.022556391e-06	0
8.184143326e-06	4.022556391e-06	0
8.165346334e-06	4.022556391e-06	0
8.146549341e-06	4.022556391e-06	0
8.127752349e-06	4.022556391e-06	0
8.108955356e-06	4.022556391e-06	0
8.108955356e-06	4.022556391e-06	-10
8.108955356e-06	4.022556391e-06	-10
8.108955356e-06	4.022556391e-06	-10
8.108955356e-06	4.022556391e-06	-10
8.108955356e-06	4.022556391e-06	-10
8.108955356e-06	4.022556391e-06	-10
8.108955356e-06	4.022556391e-06	-10
8.108955356e-06	4.022556391e-06	-10
8.108955356e-06	4.022556391e-06	-10
8.108955356e-06	4.022556391e-06	-10
8.108955356e-06	4.022556391e-06	-10
8.108955356e-06	4.022556391e-06	-10
8.108955356e-06	4.022556391e-06	-10
8.108955356e-06	4.022556391e-06	-10
8.108955356e-06	4.022556391e-06	-10
8.108955356e-06	4.022556391e-06	-10
8.108955356e-06	4.022556391e-06	-10
8.108955356e-06	4.022556391e-06	-10
8.108955356e-06	4.022556391e-06	-10
8.108955356e-06	4.022556391e-06	-10
8.108955356e-06	4.022556391e-06	-10
8.108955356e-06	4.022556391e-06	-10
8.108955356e-06	4.022556391e-06	-10
8.108955356e-06	4.022556391e-06	-10
8.108955356e-06	4.022556391e-06	-10
8.108955356e-06	4.022556391e-06	0
8.090158364e-06	4.022556391e-06	0
8.071361372e-06	4.022556391e-06	0
8.052564379e-06	4.022556391e-06	0
8.033767387e-06	4.022556391e-06	0
8.014970394e-06	4.022556391e-06	0
7.996173402e-06	4.022556391e-06	0
7.977376409e-06	4.022556391e-06	0
7.958579417e-06	4.022556391e-06	0
7.958579417e-06	4.022556391e-06	-10
7.958579417e-06	4.022556391e-06	-10
7.958579417e-06	4.022556391e-06	-10
7.958579417e-06	4.022556391e-06	-10
7.958579417e-06	4.022556391e-06	-10
7.958579417e-06	4.022556391e-06	-10
7.958579417e-06	4.022556391e-06	-10
7.958579417e-06	4.022556391e-06	-10
7.958579417e-06	4.022556391e-06	-10
7.958579417e-06	4.022556391e-06	-10
7.958579417e-06	4.022556391e-06	-10
7.958579417e-06	4.022556391e-06	-10
7.958579417e-06	4.022556391e-06	-10
7.958579417e-06	4.022556391e-06	-10
7.958579417e-06	4.022556391e-06	-10
7.958579417e-06	4.022556391e-06	-10
7.958579417e-06	4.022556391e-06	-10
7.958579417e-06	4.022556391e-06	-10
7.958579417e-06	4.022556391e-06	-10
7.958579417e-06	4.022556391e-06	-10
7.958579417e-06	4.022556391e-06	-10
7.958579417e-06	4.022556391e-06	-10
7.958579417e-06	4.022556391e-06	-10
7.958579417e-06	4.022556391e-06	-10
7.958579417e-06	4.022556391e-06	-10
7.958579417e-06	4.022556391e-06	0
7.939782424e-06	4.022556391e-06	0
7.920985432e-06	4.022556391e-06	0
7.902188439e-06	4.022556391e-06	0
7.883391447e-06	4.022556391e-06	0
7.864594454e-06	4.022556391e-06	0
7.845797462e-06	4.022556391e-06	0
7.827000469e-06	4.022556391e-06	0
7.808203477e-06	4.022556391e-06	0
7.808203477e-06	4.022556391e-06	-10
7.808203477e-06	4.022556391e-06	-10
7.808203477e-06	4.022556391e-06	-10
7.808203477e-06	4.022556391e-06	-10
7.808203477e-06	4.022556391e-06	-10
7.808203477e-06	4.022556391e-06	-10
7.808203477e-06	4.022556391e-06	-10
7.808203477e-06	4.022556391e-06	-10
7.808203477e-06	4.022556391e-06	-10
7.808203477e-06	4.022556391e-06	-10
7.808203477e-06	4.022556391e-06	-10
7.808203477e-06	4.022556391e-06	-10
7.808203477e-06	4.022556391e-06	-10
7.808203477e-06	4.022556391e-06	-10
7.808203477e-06	4.022556391e-06	-10
7.808203477e-06	4.022556391e-06	-10
7.808203477e-06	4.022556391e-06	-10
7.808203477e-06	4.022556391e-06	-10
7.808203477e-06	4.022556391e-06	-10
7.808203477e-06	4.022556391e-06	-10
7.808203477e-06	4.022556391e-06	-10
7.808203477e-06	4.022556391e-06	-10
7.808203477e-06	4.022556391e-06	-10
7.808203477e-06	4.022556391e-06	-10
7.808203477e-06	4.022556391e-06	-10
7.808203477e-06	4.022556391e-06	0
7.789406484e-06	4.022556391e-06	0
7.770609492e-06	4.022556391e-06	0
7.751812499e-06	4.022556391e-06	0
7.733015507e-06	4.022556391e-06	0
7.714218514e-06	4.022556391e-06	0
7.695421522e-06	4.022556391e-06	0
7.676624529e-06	4.022556391e-06	0
7.657827537e-06	4.022556391e-06	0
7.657827537e-06	4.022556391e-06	-10
7.657827537e-06	4.022556391e-06	-10
7.657827537e-06	4.022556391e-06	-10
7.657827537e-06	4.022556391e-06	-10
7.657827537e-06	4.022556391e-06	-10
7.657827537e-06	4.022556391e-06	-10
7.657827537e-06	4.022556391e-06	-10
7.657827537e-06	4.022556391e-06	-10
7.657827537e-06	4.022556391e-06	-10
7.657827537e-06	4.022556391e-06	-10
7.657827537e-06	4.022556391e-06	-10
7.657827537e-06	4.022556391e-06	-10
7.657827537e-06	4.022556391e-06	-10
7.657827537e-06	4.022556391e-06	-10
7.657827537e-06	4.022556391e-06	-10
7.657827537e-06	4.022556391e-06	-10
7.657827537e-06	4.022556391e-06	-10
7.657827537e-06	4.022556391e-06	-10
7.657827537e-06	4.022556391e-06	-10
7.657827537e-06	4.022556391e-06	-10
7.657827537e-06	4.022556391e-06	-10
7.657827537e-06	4.022556391e-06	-10
7.657827537e-06	4.022556391e-06	-10
7.657827537e-06	4.022556391e-06	-10
7.657827537e-06	4.022556391e-06	-10
7.657827537e-06	4.022556391e-06	0
7.639030544e-06	4.022556391e-06	0
7.620233552e-06	4.022556391e-06	0
7.601436559e-06	4.022556391e-06	0
7.582639567e-06	4.022556391e-06	0
7.563842575e-06	4.022556391e-06	0
7.545045582e-06	4.022556391e-06	0
7.52624859e-06	4.022556391e-06	0
7.507451597e-06	4.022556391e-06	0
7.507451597e-06	4.022556391e-06	-10
7.507451597e-06	4.022556391e-06	-10
7.507451597e-06	4.022556391e-06	-10
7.507451597e-06	4.022556391e-06	-10
7.507451597e-06	4.022556391e-06	-10
7.507451597e-06	4.022556391e-06	-10
7.507451597e-06	4.022556391e-06	-10
7.507451597e-06	4.022556391e-06	-10
7.507451597e-06	4.022556391e-06	-10
7.507451597e-06	4.022556391e-06	-10
7.507451597e-06	4.022556391e-06	-10
7.507451597e-06	4.022556391e-06	-10
7.507451597e-06	4.022556391e-06	-10
7.507451597e-06	4.022556391e-06	-10
7.507451597e-06	4.022556391e-06	-10
7.507451597e-06	4.022556391e-06	-10
7.507451597e-06	4.022556391e-06	-10
7.507451597e-06	4.022556391e-06	-10
7.507451597e-06	4.022556391e-06	-10
7.507451597e-06	4.022556391e-06	-10
7.507451597e-06	4.022556391e-06	-10
7.507451597e-06	4.022556391e-06	-10
7.507451597e-06	4.022556391e-06	-10
7.507451597e-06	4.022556391e-06	-10
7.507451597e-06	4.022556391e-06	-10
7.507451597e-06	4.022556391e-06	0
7.488654605e-06	4.022556391e-06	0
7.469857612e-06	4.022556391e-06	0
7.45106062e-06	4.022556391e-06	0
7.432263627e-06	4.022556391e-06	0
7.413466635e-06	4.022556391e-06	0
7.394669642e-06	4.022556391e-06	0
7.37587265e-06	4.022556391e-06	0
7.357075657e-06	4.022556391e-06	0
7.357075657e-06	4.022556391e-06	-10
7.357075657e-06	4.022556391e-06	-10
7.357075657e-06	4.022556391e-06	-10
7.357075657e-06	4.022556391e-06	-10
7.357075657e-06	4.022556391e-06	-10
7.357075657e-06	4.022556391e-06	-10
7.357075657e-06	4.022556391e-06	-10
7.357075657e-06	4.022556391e-06	-10
7.357075657e-06	4.022556391e-06	-10
7.357075657e-06	4.022556391e-06	-10
7.357075657e-06	4.022556391e-06	-10
7.357075657e-06	4.022556391e-06	-10
7.357075657e-06	4.022556391e-06	-10
7.357075657e-06	4.022556391e-06	-10
7.357075657e-06	4.022556391e-06	-10
7.357075657e-06	4.022556391e-06	-10
7.357075657e-06	4.022556391e-06	-10
7.357075657e-06	4.022556391e-06	-10
7.357075657e-06	4.022556391e-06	-10
7.357075657e-06	4.022556391e-06	-10
7.357075657e-06	4.022556391e-06	-10
7.357075657e-06	4.022556391e-06	-10
7.357075657e-06	4.022556391e-06	-10
7.357075657e-06	4.022556391e-06	-10
7.357075657e-06	4.022556391e-06	-10
7.357075657e-06	4.022556391e-06	0
7.338278665e-06	4.022556391e-06	0
7.319481672e-06	4.022556391e-06	0
7.30068468e-06	4.022556391e-06	0
7.281887687e-06	4.022556391e-06	0
7.263090695e-06	4.022556391e-06	0
7.244293702e-06	4.022556391e-06	0
7.22549671e-06	4.022556391e-06	0
7.206699717e-06	4.022556391e-06	0
7.206699717e-06	4.022556391e-06	-10
7.206699717e-06	4.022556391e-06	-10
7.206699717e-06	4.022556391e-06	-10
7.206699717e-06	4.022556391e-06	-10
7.206699717e-06	4.022556391e-06	-10
7.206699717e-06	4.022556391e-06	-10
7.206699717e-06	4.022556391e-06	-10
7.206699717e-06	4.022556391e-06	-10
7.206699717e-06	4.022556391e-06	-10
7.206699717e-06	4.022556391e-06	-10
7.206699717e-06	4.022556391e-06	-10
7.206699717e-06	4.022556391e-06	-10
7.206699717e-06	4.022556391e-06	-10
7.206699717e-06	4.022556391e-06	-10
7.206699717e-06	4.022556391e-06	-10
7.206699717e-06	4.022556391e-06	-10
7.206699717e-06	4.022556391e-06	-10
7.206699717e-06	4.022556391e-06	-10
7.206699717e-06	4.022556391e-06	-10
7.206699717e-06	4.022556391e-06	-10
7.206699717e-06	4.022556391e-06	-10
7.206699717e-06	4.022556391e-06	-10
7.206699717e-06	4.022556391e-06	-10
7.206699717e-06	4.022556391e-06	-10
7.206699717e-06	4.022556391e-06	-10
7.206699717e-06	4.022556391e-06	0
7.187902725e-06	4.022556391e-06	0
7.169105732e-06	4.022556391e-06	0
7.15030874e-06	4.022556391e-06	0
7.131511747e-06	4.022556391e-06	0
7.112714755e-06	4.022556391e-06	0
7.093917763e-06	4.022556391e-06	0
7.07512077e-06	4.022556391e-06	0
7.056323778e-06	4.022556391e-06	0
7.056323778e-06	4.022556391e-06	-10
7.056323778e-06	4.022556391e-06	-10
7.056323778e-06	4.022556391e-06	-10
7.056323778e-06	4.022556391e-06	-10
7.056323778e-06	4.022556391e-06	-10
7.056323778e-06	4.022556391e-06	-10
7.056323778e-06	4.022556391e-06	-10
7.056323778e-06	4.022556391e-06	-10
7.056323778e-06	4.022556391e-06	-10
7.056323778e-06	4.022556391e-06	-10
7.056323778e-06	4.022556391e-06	-10
7.056323778e-06	4.022556391e-06	-10
7.056323778e-06	4.022556391e-06	-10
7.056323778e-06	4.022556391e-06	-10
7.056323778e-06	4.022556391e-06	-10
7.056323778e-06	4.022556391e-06	-10
7.056323778e-06	4.022556391e-06	-10
7.056323778e-06	4.022556391e-06	-10
7.056323778e-06	4.022556391e-06	-10
7.056323778e-06	4.022556391e-06	-10
7.056323778e-06	4.022556391e-06	-10
7.056323778e-06	4.022556391e-06	-10
7.056323778e-06	4.022556391e-06	-10
7.056323778e-06	4.022556391e-06	-10
7.056323778e-06	4.022556391e-06	-10
7.056323778e-06	4.022556391e-06	0
7.037526785e-06	4.022556391e-06	0
7.018729793e-06	4.022556391e-06	0
6.9999328e-06	4.022556391e-06	0
6.981135808e-06	4.022556391e-06	0
6.962338815e-06	4.022556391e-06	0
6.943541823e-06	4.022556391e-06	0
6.92474483e-06	4.022556391e-06	0
6.905947838e-06	4.022556391e-06	0
6.905947838e-06	4.022556391e-06	-10
6.905947838e-06	4.022556391e-06	-10
6.905947838e-06	4.022556391e-06	-10
6.905947838e-06	4.022556391e-06	-10
6.905947838e-06	4.022556391e-06	-10
6.905947838e-06	4.022556391e-06	-10
6.905947838e-06	4.022556391e-06	-10
6.905947838e-06	4.022556391e-06	-10
6.905947838e-06	4.022556391e-06	-10
6.905947838e-06	4.022556391e-06	-10
6.905947838e-06	4.022556391e-06	-10
6.905947838e-06	4.022556391e-06	-10
6.905947838e-06	4.022556391e-06	-10
6.905947838e-06	4.022556391e-06	-10
6.905947838e-06	4.022556391e-06	-10
6.905947838e-06	4.022556391e-06	-10
6.905947838e-06	4.022556391e-06	-10
6.905947838e-06	4.022556391e-06	-10
6.905947838e-06	4.022556391e-06	-10
6.905947838e-06	4.022556391e-06	-10
6.905947838e-06	4.022556391e-06	-10
6.905947838e-06	4.022556391e-06	-10
6.905947838e-06	4.022556391e-06	-10
6.905947838e-06	4.022556391e-06	-10
6.905947838e-06	4.022556391e-06	-10
6.905947838e-06	4.022556391e-06	0
6.887150845e-06	4.022556391e-06	0
6.868353853e-06	4.022556391e-06	0
6.84955686e-06	4.022556391e-06	0
6.830759868e-06	4.022556391e-06	0
6.811962875e-06	4.022556391e-06	0
6.793165883e-06	4.022556391e-06	0
6.77436889e-06	4.022556391e-06	0
6.755571898e-06	4.022556391e-06	0
6.755571898e-06	4.022556391e-06	-10
6.755571898e-06	4.022556391e-06	-10
6.755571898e-06	4.022556391e-06	-10
6.755571898e-06	4.022556391e-06	-10
6.755571898e-06	4.022556391e-06	-10
6.755571898e-06	4.022556391e-06	-10
6.755571898e-06	4.022556391e-06	-10
6.755571898e-06	4.022556391e-06	-10
6.755571898e-06	4.022556391e-06	-10
6.755571898e-06	4.022556391e-06	-10
6.755571898e-06	4.022556391e-06	-10
6.755571898e-06	4.022556391e-06	-10
6.755571898e-06	4.022556391e-06	-10
6.755571898e-06	4.022556391e-06	-10
6.755571898e-06	4.022556391e-06	-10
6.755571898e-06	4.022556391e-06	-10
6.755571898e-06	4.022556391e-06	-10
6.755571898e-06	4.022556391e-06	-10
6.755571898e-06	4.022556391e-06	-10
6.755571898e-06	4.022556391e-06	-10
6.755571898e-06	4.022556391e-06	-10
6.755571898e-06	4.022556391e-06	-10
6.755571898e-06	4.022556391e-06	-10
6.755571898e-06	4.022556391e-06	-10
6.755571898e-06	4.022556391e-06	-10
6.755571898e-06	4.022556391e-06	0
6.736774905e-06	4.022556391e-06	0
6.717977913e-06	4.022556391e-06	0
6.69918092e-06	4.022556391e-06	0
6.680383928e-06	4.022556391e-06	0
6.661586935e-06	4.022556391e-06	0
6.642789943e-06	4.022556391e-06	0
6.62399295e-06	4.022556391e-06	0
6.605195958e-06	4.022556391e-06	0
6.605195958e-06	4.022556391e-06	-10
6.605195958e-06	4.022556391e-06	-10
6.605195958e-06	4.022556391e-06	-10
6.605195958e-06	4.022556391e-06	-10
6.605195958e-06	4.022556391e-06	-10
6.605195958e-06	4.022556391e-06	-10
6.605195958e-06	4.022556391e-06	-10
6.605195958e-06	4.022556391e-06	-10
6.605195958e-06	4.022556391e-06	-10
6.605195958e-06	4.022556391e-06	-10
6.605195958e-06	4.022556391e-06	-10
6.605195958e-06	4.022556391e-06	-10
6.605195958e-06	4.022556391e-06	-10
6.605195958e-06	4.022556391e-06	-10
6.605195958e-06	4.022556391e-06	-10
6.605195958e-06	4.022556391e-06	-10
6.605195958e-06	4.022556391e-06	-10
6.605195958e-06	4.022556391e-06	-10
6.605195958e-06	4.022556391e-06	-10
6.605195958e-06	4.022556391e-06	-10
6.605195958e-06	4.022556391e-06	-10
6.605195958e-06	4.022556391e-06	-10
6.605195958e-06	4.022556391e-06	-10
6.605195958e-06	4.022556391e-06	-10
6.605195958e-06	4.022556391e-06	-10
6.605195958e-06	4.022556391e-06	0
6.605195958e-06	4.041353383e-06	0
6.605195958e-06	4.060150376e-06	0
6.605195958e-06	4.078947368e-06	0
6.605195958e-06	4.097744361e-06	0
6.605195958e-06	4.116541353e-06	0
6.605195958e-06	4.135338346e-06	0
6.605195958e-06	4.154135338e-06	0
6.605195958e-06	4.172932331e-06	0
6.605195958e-06	4.172932331e-06	10
6.605195958e-06	4.172932331e-06	10
6.605195958e-06	4.172932331e-06	10
6.605195958e-06	4.172932331e-06	10
6.605195958e-06	4.172932331e-06	10
6.605195958e-06	4.172932331e-06	10
6.605195958e-06	4.172932331e-06	10
6.605195958e-06	4.172932331e-06	10
6.605195958e-06	4.172932331e-06	10
6.605195958e-06	4.172932331e-06	10
6.605195958e-06	4.172932331e-06	10
6.605195958e-06	4.172932331e-06	10
6.605195958e-06	4.172932331e-06	10
6.605195958e-06	4.172932331e-06	10
6.605195958e-06	4.172932331e-06	10
6.605195958e-06	4.172932331e-06	10
6.605195958e-06	4.172932331e-06	10
6.605195958e-06	4.172932331e-06	10
6.605195958e-06	4.172932331e-06	10
6.605195958e-06	4.172932331e-06	10
6.605195958e-06	4.172932331e-06	10
6.605195958e-06	4.172932331e-06	10
6.605195958e-06	4.172932331e-06	10
6.605195958e-06	4.172932331e-06	10
6.605195958e-06	4.172932331e-06	10
6.605195958e-06	4.172932331e-06	0
6.62399295e-06	4.172932331e-06	0
6.642789943e-06	4.172932331e-06	0
6.661586935e-06	4.172932331e-06	0
6.680383928e-06	4.172932331e-06	0
6.69918092e-06	4.172932331e-06	0
6.717977913e-06	4.172932331e-06	0
6.736774905e-06	4.172932331e-06	0
6.755571898e-06	4.172932331e-06	0
6.755571898e-06	4.172932331e-06	10
6.755571898e-06	4.172932331e-06	10
6.755571898e-06	4.172932331e-06	10
6.755571898e-06	4.172932331e-06	10
6.755571898e-06	4.172932331e-06	10
6.755571898e-06	4.172932331e-06	10
6.755571898e-06	4.172932331e-06	10
6.755571898e-06	4.172932331e-06	10
6.755571898e-06	4.172932331e-06	10
6.755571898e-06	4.172932331e-06	10
6.755571898e-06	4.172932331e-06	10
6.755571898e-06	4.172932331e-06	10
6.755571898e-06	4.172932331e-06	10
6.755571898e-06	4.172932331e-06	10
6.755571898e-06	4.172932331e-06	10
6.755571898e-06	4.172932331e-06	10
6.755571898e-06	4.172932331e-06	10
6.755571898e-06	4.172932331e-06	10
6.755571898e-06	4.172932331e-06	10
6.755571898e-06	4.172932331e-06	10
6.755571898e-06	4.172932331e-06	10
6.755571898e-06	4.172932331e-06	10
6.755571898e-06	4.172932331e-06	10
6.755571898e-06	4.172932331e-06	10
6.755571898e-06	4.172932331e-06	10
6.755571898e-06	4.172932331e-06	0
6.77436889e-06	4.172932331e-06	0
6.793165883e-06	4.172932331e-06	0
6.811962875e-06	4.172932331e-06	0
6.830759868e-06	4.172932331e-06	0
6.84955686e-06	4.172932331e-06	0
6.868353853e-06	4.172932331e-06	0
6.887150845e-06	4.172932331e-06	0
6.905947838e-06	4.172932331e-06	0
6.905947838e-06	4.172932331e-06	10
6.905947838e-06	4.172932331e-06	10
6.905947838e-06	4.172932331e-06	10
6.905947838e-06	4.172932331e-06	10
6.905947838e-06	4.172932331e-06	10
6.905947838e-06	4.172932331e-06	10
6.905947838e-06	4.172932331e-06	10
6.905947838e-06	4.172932331e-06	10
6.905947838e-06	4.172932331e-06	10
6.905947838e-06	4.172932331e-06	10
6.905947838e-06	4.172932331e-06	10
6.905947838e-06	4.172932331e-06	10
6.905947838e-06	4.172932331e-06	10
6.905947838e-06	4.172932331e-06	10
6.905947838e-06	4.172932331e-06	10
6.905947838e-06	4.172932331e-06	10
6.905947838e-06	4.172932331e-06	10
6.905947838e-06	4.172932331e-06	10
6.905947838e-06	4.172932331e-06	10
6.905947838e-06	4.172932331e-06	10
6.905947838e-06	4.172932331e-06	10
6.905947838e-06	4.172932331e-06	10
6.905947838e-06	4.172932331e-06	10
6.905947838e-06	4.172932331e-06	10
6.905947838e-06	4.172932331e-06	10
6.905947838e-06	4.172932331e-06	0
6.92474483e-06	4.172932331e-06	0
6.943541823e-06	4.172932331e-06	0
6.962338815e-06	4.172932331e-06	0
6.981135808e-06	4.172932331e-06	0
6.9999328e-06	4.172932331e-06	0
7.018729793e-06	4.172932331e-06	0
7.037526785e-06	4.172932331e-06	0
7.056323778e-06	4.172932331e-06	0
7.056323778e-06	4.172932331e-06	10
7.056323778e-06	4.172932331e-06	10
7.056323778e-06	4.172932331e-06	10
7.056323778e-06	4.172932331e-06	10
7.056323778e-06	4.172932331e-06	10
7.056323778e-06	4.172932331e-06	10
7.056323778e-06	4.172932331e-06	10
7.056323778e-06	4.172932331e-06	10
7.056323778e-06	4.172932331e-06	10
7.056323778e-06	4.172932331e-06	10
7.056323778e-06	4.172932331e-06	10
7.056323778e-06	4.172932331e-06	10
7.056323778e-06	4.172932331e-06	10
7.056323778e-06	4.172932331e-06	10
7.056323778e-06	4.172932331e-06	10
7.056323778e-06	4.172932331e-06	10
7.056323778e-06	4.172932331e-06	10
7.056323778e-06	4.172932331e-06	10
7.056323778e-06	4.172932331e-06	10
7.056323778e-06	4.172932331e-06	10
7.056323778e-06	4.172932331e-06	10
7.056323778e-06	4.172932331e-06	10
7.056323778e-06	4.172932331e-06	10
7.056323778e-06	4.172932331e-06	10
7.056323778e-06	4.172932331e-06	10
7.056323778e-06	4.172932331e-06	0
7.07512077e-06	4.172932331e-06	0
7.093917763e-06	4.172932331e-06	0
7.112714755e-06	4.172932331e-06	0
7.131511747e-06	4.172932331e-06	0
7.15030874e-06	4.172932331e-06	0
7.169105732e-06	4.172932331e-06	0
7.187902725e-06	4.172932331e-06	0
7.206699717e-06	4.172932331e-06	0
7.206699717e-06	4.172932331e-06	10
7.206699717e-06	4.172932331e-06	10
7.206699717e-06	4.172932331e-06	10
7.206699717e-06	4.172932331e-06	10
7.206699717e-06	4.172932331e-06	10
7.206699717e-06	4.172932331e-06	10
7.206699717e-06	4.172932331e-06	10
7.206699717e-06	4.172932331e-06	10
7.206699717e-06	4.172932331e-06	10
7.206699717e-06	4.172932331e-06	10
7.206699717e-06	4.172932331e-06	10
7.206699717e-06	4.172932331e-06	10
7.206699717e-06	4.172932331e-06	10
7.206699717e-06	4.172932331e-06	10
7.206699717e-06	4.172932331e-06	10
7.206699717e-06	4.172932331e-06	10
7.206699717e-06	4.172932331e-06	10
7.206699717e-06	4.172932331e-06	10
7.206699717e-06	4.172932331e-06	10
7.206699717e-06	4.172932331e-06	10
7.206699717e-06	4.172932331e-06	10
7.206699717e-06	4.172932331e-06	10
7.206699717e-06	4.172932331e-06	10
7.206699717e-06	4.172932331e-06	10
7.206699717e-06	4.172932331e-06	10
7.206699717e-06	4.172932331e-06	0
7.22549671e-06	4.172932331e-06	0
7.244293702e-06	4.172932331e-06	0
7.263090695e-06	4.172932331e-06	0
7.281887687e-06	4.172932331e-06	0
7.30068468e-06	4.172932331e-06	0
7.319481672e-06	4.172932331e-06	0
7.338278665e-06	4.172932331e-06	0
7.357075657e-06	4.172932331e-06	0
7.357075657e-06	4.172932331e-06	10
7.357075657e-06	4.172932331e-06	10
7.357075657e-06	4.172932331e-06	10
7.357075657e-06	4.172932331e-06	10
7.357075657e-06	4.172932331e-06	10
7.357075657e-06	4.172932331e-06	10
7.357075657e-06	4.172932331e-06	10
7.357075657e-06	4.172932331e-06	10
7.357075657e-06	4.172932331e-06	10
7.357075657e-06	4.172932331e-06	10
7.357075657e-06	4.172932331e-06	10
7.357075657e-06	4.172932331e-06	10
7.357075657e-06	4.172932331e-06	10
7.357075657e-06	4.172932331e-06	10
7.357075657e-06	4.172932331e-06	10
7.357075657e-06	4.172932331e-06	10
7.357075657e-06	4.172932331e-06	10
7.357075657e-06	4.172932331e-06	10
7.357075657e-06	4.172932331e-06	10
7.357075657e-06	4.172932331e-06	10
7.357075657e-06	4.172932331e-06	10
7.357075657e-06	4.172932331e-06	10
7.357075657e-06	4.172932331e-06	10
7.357075657e-06	4.172932331e-06	10
7.357075657e-06	4.172932331e-06	10
7.357075657e-06	4.172932331e-06	0
7.37587265e-06	4.172932331e-06	0
7.394669642e-06	4.172932331e-06	0
7.413466635e-06	4.172932331e-06	0
7.432263627e-06	4.172932331e-06	0
7.45106062e-06	4.172932331e-06	0
7.469857612e-06	4.172932331e-06	0
7.488654605e-06	4.172932331e-06	0
7.507451597e-06	4.172932331e-06	0
7.507451597e-06	4.172932331e-06	10
7.507451597e-06	4.172932331e-06	10
7.507451597e-06	4.172932331e-06	10
7.507451597e-06	4.172932331e-06	10
7.507451597e-06	4.172932331e-06	10
7.507451597e-06	4.172932331e-06	10
7.507451597e-06	4.172932331e-06	10
7.507451597e-06	4.172932331e-06	10
7.507451597e-06	4.172932331e-06	10
7.507451597e-06	4.172932331e-06	10
7.507451597e-06	4.172932331e-06	10
7.507451597e-06	4.172932331e-06	10
7.507451597e-06	4.172932331e-06	10
7.507451597e-06	4.172932331e-06	10
7.507451597e-06	4.172932331e-06	10
7.507451597e-06	4.172932331e-06	10
7.507451597e-06	4.172932331e-06	10
7.507451597e-06	4.172932331e-06	10
7.507451597e-06	4.172932331e-06	10
7.507451597e-06	4.172932331e-06	10
7.507451597e-06	4.172932331e-06	10
7.507451597e-06	4.172932331e-06	10
7.507451597e-06	4.172932331e-06	10
7.507451597e-06	4.172932331e-06	10
7.507451597e-06	4.172932331e-06	10
7.507451597e-06	4.172932331e-06	0
7.52624859e-06	4.172932331e-06	0
7.545045582e-06	4.172932331e-06	0
7.563842575e-06	4.172932331e-06	0
7.582639567e-06	4.172932331e-06	0
7.601436559e-06	4.172932331e-06	0
7.620233552e-06	4.172932331e-06	0
7.639030544e-06	4.172932331e-06	0
7.657827537e-06	4.172932331e-06	0
7.657827537e-06	4.172932331e-06	10
7.657827537e-06	4.172932331e-06	10
7.657827537e-06	4.172932331e-06	10
7.657827537e-06	4.172932331e-06	10
7.657827537e-06	4.172932331e-06	10
7.657827537e-06	4.172932331e-06	10
7.657827537e-06	4.172932331e-06	10
7.657827537e-06	4.172932331e-06	10
7.657827537e-06	4.172932331e-06	10
7.657827537e-06	4.172932331e-06	10
7.657827537e-06	4.172932331e-06	10
7.657827537e-06	4.172932331e-06	10
7.657827537e-06	4.172932331e-06	10
7.657827537e-06	4.172932331e-06	10
7.657827537e-06	4.172932331e-06	10
7.657827537e-06	4.172932331e-06	10
7.657827537e-06	4.172932331e-06	10
7.657827537e-06	4.172932331e-06	10
7.657827537e-06	4.172932331e-06	10
7.657827537e-06	4.172932331e-06	10
7.657827537e-06	4.172932331e-06	10
7.657827537e-06	4.172932331e-06	10
7.657827537e-06	4.172932331e-06	10
7.657827537e-06	4.172932331e-06	10
7.657827537e-06	4.172932331e-06	10
7.657827537e-06	4.172932331e-06	0
7.676624529e-06	4.172932331e-06	0
7.695421522e-06	4.172932331e-06	0
7.714218514e-06	4.172932331e-06	0
7.733015507e-06	4.172932331e-06	0
7.751812499e-06	4.172932331e-06	0
7.770609492e-06	4.172932331e-06	0
7.789406484e-06	4.172932331e-06	0
7.808203477e-06	4.172932331e-06	0
7.808203477e-06	4.172932331e-06	10
7.808203477e-06	4.172932331e-06	10
7.808203477e-06	4.172932331e-06	10
7.808203477e-06	4.172932331e-06	10
7.808203477e-06	4.172932331e-06	10
7.808203477e-06	4.172932331e-06	10
7.808203477e-06	4.172932331e-06	10
7.808203477e-06	4.172932331e-06	10
7.808203477e-06	4.172932331e-06	10
7.808203477e-06	4.172932331e-06	10
7.808203477e-06	4.172932331e-06	10
7.808203477e-06	4.172932331e-06	10
7.808203477e-06	4.172932331e-06	10
7.808203477e-06	4.172932331e-06	10
7.808203477e-06	4.172932331e-06	10
7.808203477e-06	4.172932331e-06	10
7.808203477e-06	4.172932331e-06	10
7.808203477e-06	4.172932331e-06	10
7.808203477e-06	4.172932331e-06	10
7.808203477e-06	4.172932331e-06	10
7.808203477e-06	4.172932331e-06	10
7.808203477e-06	4.172932331e-06	10
7.808203477e-06	4.172932331e-06	10
7.808203477e-06	4.172932331e-06	10
7.808203477e-06	4.172932331e-06	10
7.808203477e-06	4.172932331e-06	0
7.827000469e-06	4.172932331e-06	0
7.845797462e-06	4.172932331e-06	0
7.864594454e-06	4.172932331e-06	0
7.883391447e-06	4.172932331e-06	0
7.902188439e-06	4.172932331e-06	0
7.920985432e-06	4.172932331e-06	0
7.939782424e-06	4.172932331e-06	0
7.958579417e-06	4.172932331e-06	0
7.958579417e-06	4.172932331e-06	10
7.958579417e-06	4.172932331e-06	10
7.958579417e-06	4.172932331e-06	10
7.958579417e-06	4.172932331e-06	10
7.958579417e-06	4.172932331e-06	10
7.958579417e-06	4.172932331e-06	10
7.958579417e-06	4.172932331e-06	10
7.958579417e-06	4.172932331e-06	10
7.958579417e-06	4.172932331e-06	10
7.958579417e-06	4.172932331e-06	10
7.958579417e-06	4.172932331e-06	10
7.958579417e-06	4.172932331e-06	10
7.958579417e-06	4.172932331e-06	10
7.958579417e-06	4.172932331e-06	10
7.958579417e-06	4.172932331e-06	10
7.958579417e-06	4.172932331e-06	10
7.958579417e-06	4.172932331e-06	10
7.958579417e-06	4.172932331e-06	10
7.958579417e-06	4.172932331e-06	10
7.958579417e-06	4.172932331e-06	10
7.958579417e-06	4.172932331e-06	10
7.958579417e-06	4.172932331e-06	10
7.958579417e-06	4.172932331e-06	10
7.958579417e-06	4.172932331e-06	10
7.958579417e-06	4.172932331e-06	10
7.958579417e-06	4.172932331e-06	0
7.977376409e-06	4.172932331e-06	0
7.996173402e-06	4.172932331e-06	0
8.014970394e-06	4.172932331e-06	0
8.033767387e-06	4.172932331e-06	0
8.052564379e-06	4.172932331e-06	0
8.071361372e-06	4.172932331e-06	0
8.090158364e-06	4.172932331e-06	0
8.108955356e-06	4.172932331e-06	0
8.108955356e-06	4.172932331e-06	10
8.108955356e-06	4.172932331e-06	10
8.108955356e-06	4.172932331e-06	10
8.108955356e-06	4.172932331e-06	10
8.108955356e-06	4.172932331e-06	10
8.108955356e-06	4.172932331e-06	10
8.108955356e-06	4.172932331e-06	10
8.108955356e-06	4.172932331e-06	10
8.108955356e-06	4.172932331e-06	10
8.108955356e-06	4.172932331e-06	10
8.108955356e-06	4.172932331e-06	10
8.108955356e-06	4.172932331e-06	10
8.108955356e-06	4.172932331e-06	10
8.108955356e-06	4.172932331e-06	10
8.108955356e-06	4.172932331e-06	10
8.108955356e-06	4.172932331e-06	10
8.108955356e-06	4.172932331e-06	10
8.108955356e-06	4.172932331e-06	10
8.108955356e-06	4.172932331e-06	10
8.108955356e-06	4.172932331e-06	10
8.108955356e-06	4.172932331e-06	10
8.108955356e-06	4.172932331e-06	10
8.108955356e-06	4.172932331e-06	10
8.108955356e-06	4.172932331e-06	10
8.108955356e-06	4.172932331e-06	10
8.108955356e-06	4.172932331e-06	0
8.127752349e-06	4.172932331e-06	0
8.146549341e-06	4.172932331e-06	0
8.165346334e-06	4.172932331e-06	0
8.184143326e-06	4.172932331e-06	0
8.202940319e-06	4.172932331e-06	0
8.221737311e-06	4.172932331e-06	0
8.240534304e-06	4.172932331e-06	0
8.259331296e-06	4.172932331e-06	0
8.259331296e-06	4.172932331e-06	10
8.259331296e-06	4.172932331e-06	10
8.259331296e-06	4.172932331e-06	10
8.259331296e-06	4.172932331e-06	10
8.259331296e-06	4.172932331e-06	10
8.259331296e-06	4.172932331e-06	10
8.259331296e-06	4.172932331e-06	10
8.259331296e-06	4.172932331e-06	10
8.259331296e-06	4.172932331e-06	10
8.259331296e-06	4.172932331e-06	10
8.259331296e-06	4.172932331e-06	10
8.259331296e-06	4.172932331e-06	10
8.259331296e-06	4.172932331e-06	10
8.259331296e-06	4.172932331e-06	10
8.259331296e-06	4.172932331e-06	10
8.259331296e-06	4.172932331e-06	10
8.259331296e-06	4.172932331e-06	10
8.259331296e-06	4.172932331e-06	10
8.259331296e-06	4.172932331e-06	10
8.259331296e-06	4.172932331e-06	10
8.259331296e-06	4.172932331e-06	10
8.259331296e-06	4.172932331e-06	10
8.259331296e-06	4.172932331e-06	10
8.259331296e-06	4.172932331e-06	10
8.259331296e-06	4.172932331e-06	10
8.259331296e-06	4.172932331e-06	0
8.278128289e-06	4.172932331e-06	0
8.296925281e-06	4.172932331e-06	0
8.315722274e-06	4.172932331e-06	0
8.334519266e-06	4.172932331e-06	0
8.353316259e-06	4.172932331e-06	0
8.372113251e-06	4.172932331e-06	0
8.390910244e-06	4.172932331e-06	0
8.409707236e-06	4.172932331e-06	0
8.409707236e-06	4.172932331e-06	10
8.409707236e-06	4.172932331e-06	10
8.409707236e-06	4.172932331e-06	10
8.409707236e-06	4.172932331e-06	10
8.409707236e-06	4.172932331e-06	10
8.409707236e-06	4.172932331e-06	10
8.409707236e-06	4.172932331e-06	10
8.409707236e-06	4.172932331e-06	10
8.409707236e-06	4.172932331e-06	10
8.409707236e-06	4.172932331e-06	10
8.409707236e-06	4.172932331e-06	10
8.409707236e-06	4.172932331e-06	10
8.409707236e-06	4.172932331e-06	10
8.409707236e-06	4.172932331e-06	10
8.409707236e-06	4.172932331e-06	10
8.409707236e-06	4.172932331e-06	10
8.409707236e-06	4.172932331e-06	10
8.409707236e-06	4.172932331e-06	10
8.409707236e-06	4.172932331e-06	10
8.409707236e-06	4.172932331e-06	10
8.409707236e-06	4.172932331e-06	10
8.409707236e-06	4.172932331e-06	10
8.409707236e-06	4.172932331e-06	10
8.409707236e-06	4.172932331e-06	10
8.409707236e-06	4.172932331e-06	10
8.409707236e-06	4.172932331e-06	0
8.428504229e-06	4.172932331e-06	0
8.447301221e-06	4.172932331e-06	0
8.466098214e-06	4.172932331e-06	0
8.484895206e-06	4.172932331e-06	0
8.503692199e-06	4.172932331e-06	0
8.522489191e-06	4.172932331e-06	0
8.541286184e-06	4.172932331e-06	0
8.560083176e-06	4.172932331e-06	0
8.560083176e-06	4.172932331e-06	10
8.560083176e-06	4.172932331e-06	10
8.560083176e-06	4.172932331e-06	10
8.560083176e-06	4.172932331e-06	10
8.560083176e-06	4.172932331e-06	10
8.560083176e-06	4.172932331e-06	10
8.560083176e-06	4.172932331e-06	10
8.560083176e-06	4.172932331e-06	10
8.560083176e-06	4.172932331e-06	10
8.560083176e-06	4.172932331e-06	10
8.560083176e-06	4.172932331e-06	10
8.560083176e-06	4.172932331e-06	10
8.560083176e-06	4.172932331e-06	10
8.560083176e-06	4.172932331e-06	10
8.560083176e-06	4.172932331e-06	10
8.560083176e-06	4.172932331e-06	10
8.560083176e-06	4.172932331e-06	10
8.560083176e-06	4.172932331e-06	10
8.560083176e-06	4.172932331e-06	10
8.560083176e-06	4.172932331e-06	10
8.560083176e-06	4.172932331e-06	10
8.560083176e-06	4.172932331e-06	10
8.560083176e-06	4.172932331e-06	10
8.560083176e-06	4.172932331e-06	10
8.560083176e-06	4.172932331e-06	10
8.560083176e-06	4.172932331e-06	0
8.578880169e-06	4.172932331e-06	0
8.597677161e-06	4.172932331e-06	0
8.616474153e-06	4.172932331e-06	0
8.635271146e-06	4.172932331e-06	0
8.654068138e-06	4.172932331e-06	0
8.672865131e-06	4.172932331e-06	0
8.691662123e-06	4.172932331e-06	0
8.710459116e-06	4.172932331e-06	0
8.710459116e-06	4.172932331e-06	10
8.710459116e-06	4.172932331e-06	10
8.710459116e-06	4.172932331e-06	10
8.710459116e-06	4.172932331e-06	10
8.710459116e-06	4.172932331e-06	10
8.710459116e-06	4.172932331e-06	10
8.710459116e-06	4.172932331e-06	10
8.710459116e-06	4.172932331e-06	10
8.710459116e-06	4.172932331e-06	10
8.710459116e-06	4.172932331e-06	10
8.710459116e-06	4.172932331e-06	10
8.710459116e-06	4.172932331e-06	10
8.710459116e-06	4.172932331e-06	10
8.710459116e-06	4.172932331e-06	10
8.710459116e-06	4.172932331e-06	10
8.710459116e-06	4.172932331e-06	10
8.710459116e-06	4.172932331e-06	10
8.710459116e-06	4.172932331e-06	10
8.710459116e-06	4.172932331e-06	10
8.710459116e-06	4.172932331e-06	10
8.710459116e-06	4.172932331e-06	10
8.710459116e-06	4.172932331e-06	10
8.710459116e-06	4.172932331e-06	10
8.710459116e-06	4.172932331e-06	10
8.710459116e-06	4.172932331e-06	10
8.710459116e-06	4.172932331e-06	0
8.729256108e-06	4.172932331e-06	0
8.748053101e-06	4.172932331e-06	0
8.766850093e-06	4.172932331e-06	0
8.785647086e-06	4.172932331e-06	0
8.804444078e-06	4.172932331e-06	0
8.823241071e-06	4.172932331e-06	0
8.842038063e-06	4.172932331e-06	0
8.860835056e-06	4.172932331e-06	0
8.860835056e-06	4.172932331e-06	10
8.860835056e-06	4.172932331e-06	10
8.860835056e-06	4.172932331e-06	10
8.860835056e-06	4.172932331e-06	10
8.860835056e-06	4.172932331e-06	10
8.860835056e-06	4.172932331e-06	10
8.860835056e-06	4.172932331e-06	10
8.860835056e-06	4.172932331e-06	10
8.860835056e-06	4.172932331e-06	10
8.860835056e-06	4.172932331e-06	10
8.860835056e-06	4.172932331e-06	10
8.860835056e-06	4.172932331e-06	10
8.860835056e-06	4.172932331e-06	10
8.860835056e-06	4.172932331e-06	10
8.860835056e-06	4.172932331e-06	10
8.860835056e-06	4.172932331e-06	10
8.860835056e-06	4.172932331e-06	10
8.860835056e-06	4.172932331e-06	10
8.860835056e-06	4.172932331e-06	10
8.860835056e-06	4.172932331e-06	10
8.860835056e-06	4.172932331e-06	10
8.860835056e-06	4.172932331e-06	10
8.860835056e-06	4.172932331e-06	10
8.860835056e-06	4.172932331e-06	10
8.860835056e-06	4.172932331e-06	10
8.860835056e-06	4.172932331e-06	0
8.860835056e-06	4.191729323e-06	0
8.860835056e-06	4.210526316e-06	0
8.860835056e-06	4.229323308e-06	0
8.860835056e-06	4.248120301e-06	0
8.860835056e-06	4.266917293e-06	0
8.860835056e-06	4.285714286e-06	0
8.860835056e-06	4.304511278e-06	0
8.860835056e-06	4.323308271e-06	0
8.860835056e-06	4.323308271e-06	-10
8.860835056e-06	4.323308271e-06	-10
8.860835056e-06	4.323308271e-06	-10
8.860835056e-06	4.323308271e-06	-10
8.860835056e-06	4.323308271e-06	-10
8.860835056e-06	4.323308271e-06	-10
8.860835056e-06	4.323308271e-06	-10
8.860835056e-06	4.323308271e-06	-10
8.860835056e-06	4.323308271e-06	-10
8.860835056e-06	4.323308271e-06	-10
8.860835056e-06	4.323308271e-06	-10
8.860835056e-06	4.323308271e-06	-10
8.860835056e-06	4.323308271e-06	-10
8.860835056e-06	4.323308271e-06	-10
8.860835056e-06	4.323308271e-06	-10
8.860835056e-06	4.323308271e-06	-10
8.860835056e-06	4.323308271e-06	-10
8.860835056e-06	4.323308271e-06	-10
8.860835056e-06	4.323308271e-06	-10
8.860835056e-06	4.323308271e-06	-10
8.860835056e-06	4.323308271e-06	-10
8.860835056e-06	4.323308271e-06	-10
8.860835056e-06	4.323308271e-06	-10
8.860835056e-06	4.323308271e-06	-10
8.860835056e-06	4.323308271e-06	-10
8.860835056e-06	4.323308271e-06	0
8.842038063e-06	4.323308271e-06	0
8.823241071e-06	4.323308271e-06	0
8.804444078e-06	4.323308271e-06	0
8.785647086e-06	4.323308271e-06	0
8.766850093e-06	4.323308271e-06	0
8.748053101e-06	4.323308271e-06	0
8.729256108e-06	4.323308271e-06	0
8.710459116e-06	4.323308271e-06	0
8.710459116e-06	4.323308271e-06	-10
8.710459116e-06	4.323308271e-06	-10
8.710459116e-06	4.323308271e-06	-10
8.710459116e-06	4.323308271e-06	-10
8.710459116e-06	4.323308271e-06	-10
8.710459116e-06	4.323308271e-06	-10
8.710459116e-06	4.323308271e-06	-10
8.710459116e-06	4.323308271e-06	-10
8.710459116e-06	4.323308271e-06	-10
8.710459116e-06	4.323308271e-06	-10
8.710459116e-06	4.323308271e-06	-10
8.710459116e-06	4.323308271e-06	-10
8.710459116e-06	4.323308271e-06	-10
8.710459116e-06	4.323308271e-06	-10
8.710459116e-06	4.323308271e-06	-10
8.710459116e-06	4.323308271e-06	-10
8.710459116e-06	4.323308271e-06	-10
8.710459116e-06	4.323308271e-06	-10
8.710459116e-06	4.323308271e-06	-10
8.710459116e-06	4.323308271e-06	-10
8.710459116e-06	4.323308271e-06	-10
8.710459116e-06	4.323308271e-06	-10
8.710459116e-06	4.323308271e-06	-10
8.710459116e-06	4.323308271e-06	-10
8.710459116e-06	4.323308271e-06	-10
8.710459116e-06	4.323308271e-06	0
8.691662123e-06	4.323308271e-06	0
8.672865131e-06	4.323308271e-06	0
8.654068138e-06	4.323308271e-06	0
8.635271146e-06	4.323308271e-06	0
8.616474153e-06	4.323308271e-06	0
8.597677161e-06	4.323308271e-06	0
8.578880169e-06	4.323308271e-06	0
8.560083176e-06	4.323308271e-06	0
8.560083176e-06	4.323308271e-06	-10
8.560083176e-06	4.323308271e-06	-10
8.560083176e-06	4.323308271e-06	-10
8.560083176e-06	4.323308271e-06	-10
8.560083176e-06	4.323308271e-06	-10
8.560083176e-06	4.323308271e-06	-10
8.560083176e-06	4.323308271e-06	-10
8.560083176e-06	4.323308271e-06	-10
8.560083176e-06	4.323308271e-06	-10
8.560083176e-06	4.323308271e-06	-10
8.560083176e-06	4.323308271e-06	-10
8.560083176e-06	4.323308271e-06	-10
8.560083176e-06	4.323308271e-06	-10
8.560083176e-06	4.323308271e-06	-10
8.560083176e-06	4.323308271e-06	-10
8.560083176e-06	4.323308271e-06	-10
8.560083176e-06	4.323308271e-06	-10
8.560083176e-06	4.323308271e-06	-10
8.560083176e-06	4.323308271e-06	-10
8.560083176e-06	4.323308271e-06	-10
8.560083176e-06	4.323308271e-06	-10
8.560083176e-06	4.323308271e-06	-10
8.560083176e-06	4.323308271e-06	-10
8.560083176e-06	4.323308271e-06	-10
8.560083176e-06	4.323308271e-06	-10
8.560083176e-06	4.323308271e-06	0
8.541286184e-06	4.323308271e-06	0
8.522489191e-06	4.323308271e-06	0
8.503692199e-06	4.323308271e-06	0
8.484895206e-06	4.323308271e-06	0
8.466098214e-06	4.323308271e-06	0
8.447301221e-06	4.323308271e-06	0
8.428504229e-06	4.323308271e-06	0
8.409707236e-06	4.323308271e-06	0
8.409707236e-06	4.323308271e-06	-10
8.409707236e-06	4.323308271e-06	-10
8.409707236e-06	4.323308271e-06	-10
8.409707236e-06	4.323308271e-06	-10
8.409707236e-06	4.323308271e-06	-10
8.409707236e-06	4.323308271e-06	-10
8.409707236e-06	4.323308271e-06	-10
8.409707236e-06	4.323308271e-06	-10
8.409707236e-06	4.323308271e-06	-10
8.409707236e-06	4.323308271e-06	-10
8.409707236e-06	4.323308271e-06	-10
8.409707236e-06	4.323308271e-06	-10
8.409707236e-06	4.323308271e-06	-10
8.409707236e-06	4.323308271e-06	-10
8.409707236e-06	4.323308271e-06	-10
8.409707236e-06	4.323308271e-06	-10
8.409707236e-06	4.323308271e-06	-10
8.409707236e-06	4.323308271e-06	-10
8.409707236e-06	4.323308271e-06	-10
8.409707236e-06	4.323308271e-06	-10
8.409707236e-06	4.323308271e-06	-10
8.409707236e-06	4.323308271e-06	-10
8.409707236e-06	4.323308271e-06	-10
8.409707236e-06	4.323308271e-06	-10
8.409707236e-06	4.323308271e-06	-10
8.409707236e-06	4.323308271e-06	0
8.390910244e-06	4.323308271e-06	0
8.372113251e-06	4.323308271e-06	0
8.353316259e-06	4.323308271e-06	0
8.334519266e-06	4.323308271e-06	0
8.315722274e-06	4.323308271e-06	0
8.296925281e-06	4.323308271e-06	0
8.278128289e-06	4.323308271e-06	0
8.259331296e-06	4.323308271e-06	0
8.259331296e-06	4.323308271e-06	-10
8.259331296e-06	4.323308271e-06	-10
8.259331296e-06	4.323308271e-06	-10
8.259331296e-06	4.323308271e-06	-10
8.259331296e-06	4.323308271e-06	-10
8.259331296e-06	4.323308271e-06	-10
8.259331296e-06	4.323308271e-06	-10
8.259331296e-06	4.323308271e-06	-10
8.259331296e-06	4.323308271e-06	-10
8.259331296e-06	4.323308271e-06	-10
8.259331296e-06	4.323308271e-06	-10
8.259331296e-06	4.323308271e-06	-10
8.259331296e-06	4.323308271e-06	-10
8.259331296e-06	4.323308271e-06	-10
8.259331296e-06	4.323308271e-06	-10
8.259331296e-06	4.323308271e-06	-10
8.259331296e-06	4.323308271e-06	-10
8.259331296e-06	4.323308271e-06	-10
8.259331296e-06	4.323308271e-06	-10
8.259331296e-06	4.323308271e-06	-10
8.259331296e-06	4.323308271e-06	-10
8.259331296e-06	4.323308271e-06	-10
8.259331296e-06	4.323308271e-06	-10
8.259331296e-06	4.323308271e-06	-10
8.259331296e-06	4.323308271e-06	-10
8.259331296e-06	4.323308271e-06	0
8.240534304e-06	4.323308271e-06	0
8.221737311e-06	4.323308271e-06	0
8.202940319e-06	4.323308271e-06	0
8.184143326e-06	4.323308271e-06	0
8.165346334e-06	4.323308271e-06	0
8.146549341e-06	4.323308271e-06	0
8.127752349e-06	4.323308271e-06	0
8.108955356e-06	4.323308271e-06	0
8.108955356e-06	4.323308271e-06	-10
8.108955356e-06	4.323308271e-06	-10
8.108955356e-06	4.323308271e-06	-10
8.108955356e-06	4.323308271e-06	-10
8.108955356e-06	4.323308271e-06	-10
8.108955356e-06	4.323308271e-06	-10
8.108955356e-06	4.323308271e-06	-10
8.108955356e-06	4.323308271e-06	-10
8.108955356e-06	4.323308271e-06	-10
8.108955356e-06	4.323308271e-06	-10
8.108955356e-06	4.323308271e-06	-10
8.108955356e-06	4.323308271e-06	-10
8.108955356e-06	4.323308271e-06	-10
8.108955356e-06	4.323308271e-06	-10
8.108955356e-06	4.323308271e-06	-10
8.108955356e-06	4.323308271e-06	-10
8.108955356e-06	4.323308271e-06	-10
8.108955356e-06	4.323308271e-06	-10
8.108955356e-06	4.323308271e-06	-10
8.108955356e-06	4.323308271e-06	-10
8.108955356e-06	4.323308271e-06	-10
8.108955356e-06	4.323308271e-06	-10
8.108955356e-06	4.323308271e-06	-10
8.108955356e-06	4.323308271e-06	-10
8.108955356e-06	4.323308271e-06	-10
8.108955356e-06	4.323308271e-06	0
8.090158364e-06	4.323308271e-06	0
8.071361372e-06	4.323308271e-06	0
8.052564379e-06	4.323308271e-06	0
8.033767387e-06	4.323308271e-06	0
8.014970394e-06	4.323308271e-06	0
7.996173402e-06	4.323308271e-06	0
7.977376409e-06	4.323308271e-06	0
7.958579417e-06	4.323308271e-06	0
7.958579417e-06	4.323308271e-06	-10
7.958579417e-06	4.323308271e-06	-10
7.958579417e-06	4.323308271e-06	-10
7.958579417e-06	4.323308271e-06	-10
7.958579417e-06	4.323308271e-06	-10
7.958579417e-06	4.323308271e-06	-10
7.958579417e-06	4.323308271e-06	-10
7.958579417e-06	4.323308271e-06	-10
7.958579417e-06	4.323308271e-06	-10
7.958579417e-06	4.323308271e-06	-10
7.958579417e-06	4.323308271e-06	-10
7.958579417e-06	4.323308271e-06	-10
7.958579417e-06	4.323308271e-06	-10
7.958579417e-06	4.323308271e-06	-10
7.958579417e-06	4.323308271e-06	-10
7.958579417e-06	4.323308271e-06	-10
7.958579417e-06	4.323308271e-06	-10
7.958579417e-06	4.323308271e-06	-10
7.958579417e-06	4.323308271e-06	-10
7.958579417e-06	4.323308271e-06	-10
7.958579417e-06	4.323308271e-06	-10
7.958579417e-06	4.323308271e-06	-10
7.958579417e-06	4.323308271e-06	-10
7.958579417e-06	4.323308271e-06	-10
7.958579417e-06	4.323308271e-06	-10
7.958579417e-06	4.323308271e-06	0
7.939782424e-06	4.323308271e-06	0
7.920985432e-06	4.323308271e-06	0
7.902188439e-06	4.323308271e-06	0
7.883391447e-06	4.323308271e-06	0
7.864594454e-06	4.323308271e-06	0
7.845797462e-06	4.323308271e-06	0
7.827000469e-06	4.323308271e-06	0
7.808203477e-06	4.323308271e-06	0
7.808203477e-06	4.323308271e-06	-10
7.808203477e-06	4.323308271e-06	-10
7.808203477e-06	4.323308271e-06	-10
7.808203477e-06	4.323308271e-06	-10
7.808203477e-06	4.323308271e-06	-10
7.808203477e-06	4.323308271e-06	-10
7.808203477e-06	4.323308271e-06	-10
7.808203477e-06	4.323308271e-06	-10
7.808203477e-06	4.323308271e-06	-10
7.808203477e-06	4.323308271e-06	-10
7.808203477e-06	4.323308271e-06	-10
7.808203477e-06	4.323308271e-06	-10
7.808203477e-06	4.323308271e-06	-10
7.808203477e-06	4.323308271e-06	-10
7.808203477e-06	4.323308271e-06	-10
7.808203477e-06	4.323308271e-06	-10
7.808203477e-06	4.323308271e-06	-10
7.808203477e-06	4.323308271e-06	-10
7.808203477e-06	4.323308271e-06	-10
7.808203477e-06	4.323308271e-06	-10
7.808203477e-06	4.323308271e-06	-10
7.808203477e-06	4.323308271e-06	-10
7.808203477e-06	4.323308271e-06	-10
7.808203477e-06	4.323308271e-06	-10
7.808203477e-06	4.323308271e-06	-10
7.808203477e-06	4.323308271e-06	0
7.789406484e-06	4.323308271e-06	0
7.770609492e-06	4.323308271e-06	0
7.751812499e-06	4.323308271e-06	0
7.733015507e-06	4.323308271e-06	0
7.714218514e-06	4.323308271e-06	0
7.695421522e-06	4.323308271e-06	0
7.676624529e-06	4.323308271e-06	0
7.657827537e-06	4.323308271e-06	0
7.657827537e-06	4.323308271e-06	-10
7.657827537e-06	4.323308271e-06	-10
7.657827537e-06	4.323308271e-06	-10
7.657827537e-06	4.323308271e-06	-10
7.657827537e-06	4.323308271e-06	-10
7.657827537e-06	4.323308271e-06	-10
7.657827537e-06	4.323308271e-06	-10
7.657827537e-06	4.323308271e-06	-10
7.657827537e-06	4.323308271e-06	-10
7.657827537e-06	4.323308271e-06	-10
7.657827537e-06	4.323308271e-06	-10
7.657827537e-06	4.323308271e-06	-10
7.657827537e-06	4.323308271e-06	-10
7.657827537e-06	4.323308271e-06	-10
7.657827537e-06	4.323308271e-06	-10
7.657827537e-06	4.323308271e-06	-10
7.657827537e-06	4.323308271e-06	-10
7.657827537e-06	4.323308271e-06	-10
7.657827537e-06	4.323308271e-06	-10
7.657827537e-06	4.323308271e-06	-10
7.657827537e-06	4.323308271e-06	-10
7.657827537e-06	4.323308271e-06	-10
7.657827537e-06	4.323308271e-06	-10
7.657827537e-06	4.323308271e-06	-10
7.657827537e-06	4.323308271e-06	-10
7.657827537e-06	4.323308271e-06	0
7.639030544e-06	4.323308271e-06	0
7.620233552e-06	4.323308271e-06	0
7.601436559e-06	4.323308271e-06	0
7.582639567e-06	4.323308271e-06	0
7.563842575e-06	4.323308271e-06	0
7.545045582e-06	4.323308271e-06	0
7.52624859e-06	4.323308271e-06	0
7.507451597e-06	4.323308271e-06	0
7.507451597e-06	4.323308271e-06	-10
7.507451597e-06	4.323308271e-06	-10
7.507451597e-06	4.323308271e-06	-10
7.507451597e-06	4.323308271e-06	-10
7.507451597e-06	4.323308271e-06	-10
7.507451597e-06	4.323308271e-06	-10
7.507451597e-06	4.323308271e-06	-10
7.507451597e-06	4.323308271e-06	-10
7.507451597e-06	4.323308271e-06	-10
7.507451597e-06	4.323308271e-06	-10
7.507451597e-06	4.323308271e-06	-10
7.507451597e-06	4.323308271e-06	-10
7.507451597e-06	4.323308271e-06	-10
7.507451597e-06	4.323308271e-06	-10
7.507451597e-06	4.323308271e-06	-10
7.507451597e-06	4.323308271e-06	-10
7.507451597e-06	4.323308271e-06	-10
7.507451597e-06	4.323308271e-06	-10
7.507451597e-06	4.323308271e-06	-10
7.507451597e-06	4.323308271e-06	-10
7.507451597e-06	4.323308271e-06	-10
7.507451597e-06	4.323308271e-06	-10
7.507451597e-06	4.323308271e-06	-10
7.507451597e-06	4.323308271e-06	-10
7.507451597e-06	4.323308271e-06	-10
7.507451597e-06	4.323308271e-06	0
7.488654605e-06	4.323308271e-06	0
7.469857612e-06	4.323308271e-06	0
7.45106062e-06	4.323308271e-06	0
7.432263627e-06	4.323308271e-06	0
7.413466635e-06	4.323308271e-06	0
7.394669642e-06	4.323308271e-06	0
7.37587265e-06	4.323308271e-06	0
7.357075657e-06	4.323308271e-06	0
7.357075657e-06	4.323308271e-06	-10
7.357075657e-06	4.323308271e-06	-10
7.357075657e-06	4.323308271e-06	-10
7.357075657e-06	4.323308271e-06	-10
7.357075657e-06	4.323308271e-06	-10
7.357075657e-06	4.323308271e-06	-10
7.357075657e-06	4.323308271e-06	-10
7.357075657e-06	4.323308271e-06	-10
7.357075657e-06	4.323308271e-06	-10
7.357075657e-06	4.323308271e-06	-10
7.357075657e-06	4.323308271e-06	-10
7.357075657e-06	4.323308271e-06	-10
7.357075657e-06	4.323308271e-06	-10
7.357075657e-06	4.323308271e-06	-10
7.357075657e-06	4.323308271e-06	-10
7.357075657e-06	4.323308271e-06	-10
7.357075657e-06	4.323308271e-06	-10
7.357075657e-06	4.323308271e-06	-10
7.357075657e-06	4.323308271e-06	-10
7.357075657e-06	4.323308271e-06	-10
7.357075657e-06	4.323308271e-06	-10
7.357075657e-06	4.323308271e-06	-10
7.357075657e-06	4.323308271e-06	-10
7.357075657e-06	4.323308271e-06	-10
7.357075657e-06	4.323308271e-06	-10
7.357075657e-06	4.323308271e-06	0
7.338278665e-06	4.323308271e-06	0
7.319481672e-06	4.323308271e-06	0
7.30068468e-06	4.323308271e-06	0
7.281887687e-06	4.323308271e-06	0
7.263090695e-06	4.323308271e-06	0
7.244293702e-06	4.323308271e-06	0
7.22549671e-06	4.323308271e-06	0
7.206699717e-06	4.323308271e-06	0
7.206699717e-06	4.323308271e-06	-10
7.206699717e-06	4.323308271e-06	-10
7.206699717e-06	4.323308271e-06	-10
7.206699717e-06	4.323308271e-06	-10
7.206699717e-06	4.323308271e-06	-10
7.206699717e-06	4.323308271e-06	-10
7.206699717e-06	4.323308271e-06	-10
7.206699717e-06	4.323308271e-06	-10
7.206699717e-06	4.323308271e-06	-10
7.206699717e-06	4.323308271e-06	-10
7.206699717e-06	4.323308271e-06	-10
7.206699717e-06	4.323308271e-06	-10
7.206699717e-06	4.323308271e-06	-10
7.206699717e-06	4.323308271e-06	-10
7.206699717e-06	4.323308271e-06	-10
7.206699717e-06	4.323308271e-06	-10
7.206699717e-06	4.323308271e-06	-10
7.206699717e-06	4.323308271e-06	-10
7.206699717e-06	4.323308271e-06	-10
7.206699717e-06	4.323308271e-06	-10
7.206699717e-06	4.323308271e-06	-10
7.206699717e-06	4.323308271e-06	-10
7.206699717e-06	4.323308271e-06	-10
7.206699717e-06	4.323308271e-06	-10
7.206699717e-06	4.323308271e-06	-10
7.206699717e-06	4.323308271e-06	0
7.187902725e-06	4.323308271e-06	0
7.169105732e-06	4.323308271e-06	0
7.15030874e-06	4.323308271e-06	0
7.131511747e-06	4.323308271e-06	0
7.112714755e-06	4.323308271e-06	0
7.093917763e-06	4.323308271e-06	0
7.07512077e-06	4.323308271e-06	0
7.056323778e-06	4.323308271e-06	0
7.056323778e-06	4.323308271e-06	-10
7.056323778e-06	4.323308271e-06	-10
7.056323778e-06	4.323308271e-06	-10
7.056323778e-06	4.323308271e-06	-10
7.056323778e-06	4.323308271e-06	-10
7.056323778e-06	4.323308271e-06	-10
7.056323778e-06	4.323308271e-06	-10
7.056323778e-06	4.323308271e-06	-10
7.056323778e-06	4.323308271e-06	-10
7.056323778e-06	4.323308271e-06	-10
7.056323778e-06	4.323308271e-06	-10
7.056323778e-06	4.323308271e-06	-10
7.056323778e-06	4.323308271e-06	-10
7.056323778e-06	4.323308271e-06	-10
7.056323778e-06	4.323308271e-06	-10
7.056323778e-06	4.323308271e-06	-10
7.056323778e-06	4.323308271e-06	-10
7.056323778e-06	4.323308271e-06	-10
7.056323778e-06	4.323308271e-06	-10
7.056323778e-06	4.323308271e-06	-10
7.056323778e-06	4.323308271e-06	-10
7.056323778e-06	4.323308271e-06	-10
7.056323778e-06	4.323308271e-06	-10
7.056323778e-06	4.323308271e-06	-10
7.056323778e-06	4.323308271e-06	-10
7.056323778e-06	4.323308271e-06	0
7.037526785e-06	4.323308271e-06	0
7.018729793e-06	4.323308271e-06	0
6.9999328e-06	4.323308271e-06	0
6.981135808e-06	4.323308271e-06	0
6.962338815e-06	4.323308271e-06	0
6.943541823e-06	4.323308271e-06	0
6.92474483e-06	4.323308271e-06	0
6.905947838e-06	4.323308271e-06	0
6.905947838e-06	4.323308271e-06	-10
6.905947838e-06	4.323308271e-06	-10
6.905947838e-06	4.323308271e-06	-10
6.905947838e-06	4.323308271e-06	-10
6.905947838e-06	4.323308271e-06	-10
6.905947838e-06	4.323308271e-06	-10
6.905947838e-06	4.323308271e-06	-10
6.905947838e-06	4.323308271e-06	-10
6.905947838e-06	4.323308271e-06	-10
6.905947838e-06	4.323308271e-06	-10
6.905947838e-06	4.323308271e-06	-10
6.905947838e-06	4.323308271e-06	-10
6.905947838e-06	4.323308271e-06	-10
6.905947838e-06	4.323308271e-06	-10
6.905947838e-06	4.323308271e-06	-10
6.905947838e-06	4.323308271e-06	-10
6.905947838e-06	4.323308271e-06	-10
6.905947838e-06	4.323308271e-06	-10
6.905947838e-06	4.323308271e-06	-10
6.905947838e-06	4.323308271e-06	-10
6.905947838e-06	4.323308271e-06	-10
6.905947838e-06	4.323308271e-06	-10
6.905947838e-06	4.323308271e-06	-10
6.905947838e-06	4.323308271e-06	-10
6.905947838e-06	4.323308271e-06	-10
6.905947838e-06	4.323308271e-06	0
6.887150845e-06	4.323308271e-06	0
6.868353853e-06	4.323308271e-06	0
6.84955686e-06	4.323308271e-06	0
6.830759868e-06	4.323308271e-06	0
6.811962875e-06	4.323308271e-06	0
6.793165883e-06	4.323308271e-06	0
6.77436889e-06	4.323308271e-06	0
6.755571898e-06	4.323308271e-06	0
6.755571898e-06	4.323308271e-06	-10
6.755571898e-06	4.323308271e-06	-10
6.755571898e-06	4.323308271e-06	-10
6.755571898e-06	4.323308271e-06	-10
6.755571898e-06	4.323308271e-06	-10
6.755571898e-06	4.323308271e-06	-10
6.755571898e-06	4.323308271e-06	-10
6.755571898e-06	4.323308271e-06	-10
6.755571898e-06	4.323308271e-06	-10
6.755571898e-06	4.323308271e-06	-10
6.755571898e-06	4.323308271e-06	-10
6.755571898e-06	4.323308271e-06	-10
6.755571898e-06	4.323308271e-06	-10
6.755571898e-06	4.323308271e-06	-10
6.755571898e-06	4.323308271e-06	-10
6.755571898e-06	4.323308271e-06	-10
6.755571898e-06	4.323308271e-06	-10
6.755571898e-06	4.323308271e-06	-10
6.755571898e-06	4.323308271e-06	-10
6.755571898e-06	4.323308271e-06	-10
6.755571898e-06	4.323308271e-06	-10
6.755571898e-06	4.323308271e-06	-10
6.755571898e-06	4.323308271e-06	-10
6.755571898e-06	4.323308271e-06	-10
6.755571898e-06	4.323308271e-06	-10
6.755571898e-06	4.323308271e-06	0
6.736774905e-06	4.323308271e-06	0
6.717977913e-06	4.323308271e-06	0
6.69918092e-06	4.323308271e-06	0
6.680383928e-06	4.323308271e-06	0
6.661586935e-06	4.323308271e-06	0
6.642789943e-06	4.323308271e-06	0
6.62399295e-06	4.323308271e-06	0
6.605195958e-06	4.323308271e-06	0
6.605195958e-06	4.323308271e-06	-10
6.605195958e-06	4.323308271e-06	-10
6.605195958e-06	4.323308271e-06	-10
6.605195958e-06	4.323308271e-06	-10
6.605195958e-06	4.323308271e-06	-10
6.605195958e-06	4.323308271e-06	-10
6.605195958e-06	4.323308271e-06	-10
6.605195958e-06	4.323308271e-06	-10
6.605195958e-06	4.323308271e-06	-10
6.605195958e-06	4.323308271e-06	-10
6.605195958e-06	4.323308271e-06	-10
6.605195958e-06	4.323308271e-06	-10
6.605195958e-06	4.323308271e-06	-10
6.605195958e-06	4.323308271e-06	-10
6.605195958e-06	4.323308271e-06	-10
6.605195958e-06	4.323308271e-06	-10
6.605195958e-06	4.323308271e-06	-10
6.605195958e-06	4.323308271e-06	-10
6.605195958e-06	4.323308271e-06	-10
6.605195958e-06	4.323308271e-06	-10
6.605195958e-06	4.323308271e-06	-10
6.605195958e-06	4.323308271e-06	-10
6.605195958e-06	4.323308271e-06	-10
6.605195958e-06	4.323308271e-06	-10
6.605195958e-06	4.323308271e-06	-10
6.605195958e-06	4.323308271e-06	0
6.605195958e-06	4.342105263e-06	0
6.605195958e-06	4.360902256e-06	0
6.605195958e-06	4.379699248e-06	0
6.605195958e-06	4.398496241e-06	0
6.605195958e-06	4.417293233e-06	0
6.605195958e-06	4.436090226e-06	0
6.605195958e-06	4.454887218e-06	0
6.605195958e-06	4.473684211e-06	0
6.605195958e-06	4.473684211e-06	10
6.605195958e-06	4.473684211e-06	10
6.605195958e-06	4.473684211e-06	10
6.605195958e-06	4.473684211e-06	10
6.605195958e-06	4.473684211e-06	10
6.605195958e-06	4.473684211e-06	10
6.605195958e-06	4.473684211e-06	10
6.605195958e-06	4.473684211e-06	10
6.605195958e-06	4.473684211e-06	10
6.605195958e-06	4.473684211e-06	10
6.605195958e-06	4.473684211e-06	10
6.605195958e-06	4.473684211e-06	10
6.605195958e-06	4.473684211e-06	10
6.605195958e-06	4.473684211e-06	10
6.605195958e-06	4.473684211e-06	10
6.605195958e-06	4.473684211e-06	10
6.605195958e-06	4.473684211e-06	10
6.605195958e-06	4.473684211e-06	10
6.605195958e-06	4.473684211e-06	10
6.605195958e-06	4.473684211e-06	10
6.605195958e-06	4.473684211e-06	10
6.605195958e-06	4.473684211e-06	10
6.605195958e-06	4.473684211e-06	10
6.605195958e-06	4.473684211e-06	10
6.605195958e-06	4.473684211e-06	10
6.605195958e-06	4.473684211e-06	0
6.62399295e-06	4.473684211e-06	0
6.642789943e-06	4.473684211e-06	0
6.661586935e-06	4.473684211e-06	0
6.680383928e-06	4.473684211e-06	0
6.69918092e-06	4.473684211e-06	0
6.717977913e-06	4.473684211e-06	0
6.736774905e-06	4.473684211e-06	0
6.755571898e-06	4.473684211e-06	0
6.755571898e-06	4.473684211e-06	10
6.755571898e-06	4.473684211e-06	10
6.755571898e-06	4.473684211e-06	10
6.755571898e-06	4.473684211e-06	10
6.755571898e-06	4.473684211e-06	10
6.755571898e-06	4.473684211e-06	10
6.755571898e-06	4.473684211e-06	10
6.755571898e-06	4.473684211e-06	10
6.755571898e-06	4.473684211e-06	10
6.755571898e-06	4.473684211e-06	10
6.755571898e-06	4.473684211e-06	10
6.755571898e-06	4.473684211e-06	10
6.755571898e-06	4.473684211e-06	10
6.755571898e-06	4.473684211e-06	10
6.755571898e-06	4.473684211e-06	10
6.755571898e-06	4.473684211e-06	10
6.755571898e-06	4.473684211e-06	10
6.755571898e-06	4.473684211e-06	10
6.755571898e-06	4.473684211e-06	10
6.755571898e-06	4.473684211e-06	10
6.755571898e-06	4.473684211e-06	10
6.755571898e-06	4.473684211e-06	10
6.755571898e-06	4.473684211e-06	10
6.755571898e-06	4.473684211e-06	10
6.755571898e-06	4.473684211e-06	10
6.755571898e-06	4.473684211e-06	0
6.77436889e-06	4.473684211e-06	0
6.793165883e-06	4.473684211e-06	0
6.811962875e-06	4.473684211e-06	0
6.830759868e-06	4.473684211e-06	0
6.84955686e-06	4.473684211e-06	0
6.868353853e-06	4.473684211e-06	0
6.887150845e-06	4.473684211e-06	0
6.905947838e-06	4.473684211e-06	0
6.905947838e-06	4.473684211e-06	10
6.905947838e-06	4.473684211e-06	10
6.905947838e-06	4.473684211e-06	10
6.905947838e-06	4.473684211e-06	10
6.905947838e-06	4.473684211e-06	10
6.905947838e-06	4.473684211e-06	10
6.905947838e-06	4.473684211e-06	10
6.905947838e-06	4.473684211e-06	10
6.905947838e-06	4.473684211e-06	10
6.905947838e-06	4.473684211e-06	10
6.905947838e-06	4.473684211e-06	10
6.905947838e-06	4.473684211e-06	10
6.905947838e-06	4.473684211e-06	10
6.905947838e-06	4.473684211e-06	10
6.905947838e-06	4.473684211e-06	10
6.905947838e-06	4.473684211e-06	10
6.905947838e-06	4.473684211e-06	10
6.905947838e-06	4.473684211e-06	10
6.905947838e-06	4.473684211e-06	10
6.905947838e-06	4.473684211e-06	10
6.905947838e-06	4.473684211e-06	10
6.905947838e-06	4.473684211e-06	10
6.905947838e-06	4.473684211e-06	10
6.905947838e-06	4.473684211e-06	10
6.905947838e-06	4.473684211e-06	10
6.905947838e-06	4.473684211e-06	0
6.92474483e-06	4.473684211e-06	0
6.943541823e-06	4.473684211e-06	0
6.962338815e-06	4.473684211e-06	0
6.981135808e-06	4.473684211e-06	0
6.9999328e-06	4.473684211e-06	0
7.018729793e-06	4.473684211e-06	0
7.037526785e-06	4.473684211e-06	0
7.056323778e-06	4.473684211e-06	0
7.056323778e-06	4.473684211e-06	10
7.056323778e-06	4.473684211e-06	10
7.056323778e-06	4.473684211e-06	10
7.056323778e-06	4.473684211e-06	10
7.056323778e-06	4.473684211e-06	10
7.056323778e-06	4.473684211e-06	10
7.056323778e-06	4.473684211e-06	10
7.056323778e-06	4.473684211e-06	10
7.056323778e-06	4.473684211e-06	10
7.056323778e-06	4.473684211e-06	10
7.056323778e-06	4.473684211e-06	10
7.056323778e-06	4.473684211e-06	10
7.056323778e-06	4.473684211e-06	10
7.056323778e-06	4.473684211e-06	10
7.056323778e-06	4.473684211e-06	10
7.056323778e-06	4.473684211e-06	10
7.056323778e-06	4.473684211e-06	10
7.056323778e-06	4.473684211e-06	10
7.056323778e-06	4.473684211e-06	10
7.056323778e-06	4.473684211e-06	10
7.056323778e-06	4.473684211e-06	10
7.056323778e-06	4.473684211e-06	10
7.056323778e-06	4.473684211e-06	10
7.056323778e-06	4.473684211e-06	10
7.056323778e-06	4.473684211e-06	10
7.056323778e-06	4.473684211e-06	0
7.07512077e-06	4.473684211e-06	0
7.093917763e-06	4.473684211e-06	0
7.112714755e-06	4.473684211e-06	0
7.131511747e-06	4.473684211e-06	0
7.15030874e-06	4.473684211e-06	0
7.169105732e-06	4.473684211e-06	0
7.187902725e-06	4.473684211e-06	0
7.206699717e-06	4.473684211e-06	0
7.206699717e-06	4.473684211e-06	10
7.206699717e-06	4.473684211e-06	10
7.206699717e-06	4.473684211e-06	10
7.206699717e-06	4.473684211e-06	10
7.206699717e-06	4.473684211e-06	10
7.206699717e-06	4.473684211e-06	10
7.206699717e-06	4.473684211e-06	10
7.206699717e-06	4.473684211e-06	10
7.206699717e-06	4.473684211e-06	10
7.206699717e-06	4.473684211e-06	10
7.206699717e-06	4.473684211e-06	10
7.206699717e-06	4.473684211e-06	10
7.206699717e-06	4.473684211e-06	10
7.206699717e-06	4.473684211e-06	10
7.206699717e-06	4.473684211e-06	10
7.206699717e-06	4.473684211e-06	10
7.206699717e-06	4.473684211e-06	10
7.206699717e-06	4.473684211e-06	10
7.206699717e-06	4.473684211e-06	10
7.206699717e-06	4.473684211e-06	10
7.206699717e-06	4.473684211e-06	10
7.206699717e-06	4.473684211e-06	10
7.206699717e-06	4.473684211e-06	10
7.206699717e-06	4.473684211e-06	10
7.206699717e-06	4.473684211e-06	10
7.206699717e-06	4.473684211e-06	0
7.22549671e-06	4.473684211e-06	0
7.244293702e-06	4.473684211e-06	0
7.263090695e-06	4.473684211e-06	0
7.281887687e-06	4.473684211e-06	0
7.30068468e-06	4.473684211e-06	0
7.319481672e-06	4.473684211e-06	0
7.338278665e-06	4.473684211e-06	0
7.357075657e-06	4.473684211e-06	0
7.357075657e-06	4.473684211e-06	10
7.357075657e-06	4.473684211e-06	10
7.357075657e-06	4.473684211e-06	10
7.357075657e-06	4.473684211e-06	10
7.357075657e-06	4.473684211e-06	10
7.357075657e-06	4.473684211e-06	10
7.357075657e-06	4.473684211e-06	10
7.357075657e-06	4.473684211e-06	10
7.357075657e-06	4.473684211e-06	10
7.357075657e-06	4.473684211e-06	10
7.357075657e-06	4.473684211e-06	10
7.357075657e-06	4.473684211e-06	10
7.357075657e-06	4.473684211e-06	10
7.357075657e-06	4.473684211e-06	10
7.357075657e-06	4.473684211e-06	10
7.357075657e-06	4.473684211e-06	10
7.357075657e-06	4.473684211e-06	10
7.357075657e-06	4.473684211e-06	10
7.357075657e-06	4.473684211e-06	10
7.357075657e-06	4.473684211e-06	10
7.357075657e-06	4.473684211e-06	10
7.357075657e-06	4.473684211e-06	10
7.357075657e-06	4.473684211e-06	10
7.357075657e-06	4.473684211e-06	10
7.357075657e-06	4.473684211e-06	10
7.357075657e-06	4.473684211e-06	0
7.37587265e-06	4.473684211e-06	0
7.394669642e-06	4.473684211e-06	0
7.413466635e-06	4.473684211e-06	0
7.432263627e-06	4.473684211e-06	0
7.45106062e-06	4.473684211e-06	0
7.469857612e-06	4.473684211e-06	0
7.488654605e-06	4.473684211e-06	0
7.507451597e-06	4.473684211e-06	0
7.507451597e-06	4.473684211e-06	10
7.507451597e-06	4.473684211e-06	10
7.507451597e-06	4.473684211e-06	10
7.507451597e-06	4.473684211e-06	10
7.507451597e-06	4.473684211e-06	10
7.507451597e-06	4.473684211e-06	10
7.507451597e-06	4.473684211e-06	10
7.507451597e-06	4.473684211e-06	10
7.507451597e-06	4.473684211e-06	10
7.507451597e-06	4.473684211e-06	10
7.507451597e-06	4.473684211e-06	10
7.507451597e-06	4.473684211e-06	10
7.507451597e-06	4.473684211e-06	10
7.507451597e-06	4.473684211e-06	10
7.507451597e-06	4.473684211e-06	10
7.507451597e-06	4.473684211e-06	10
7.507451597e-06	4.473684211e-06	10
7.507451597e-06	4.473684211e-06	10
7.507451597e-06	4.473684211e-06	10
7.507451597e-06	4.473684211e-06	10
7.507451597e-06	4.473684211e-06	10
7.507451597e-06	4.473684211e-06	10
7.507451597e-06	4.473684211e-06	10
7.507451597e-06	4.473684211e-06	10
7.507451597e-06	4.473684211e-06	10
7.507451597e-06	4.473684211e-06	0
7.52624859e-06	4.473684211e-06	0
7.545045582e-06	4.473684211e-06	0
7.563842575e-06	4.473684211e-06	0
7.582639567e-06	4.473684211e-06	0
7.601436559e-06	4.473684211e-06	0
7.620233552e-06	4.473684211e-06	0
7.639030544e-06	4.473684211e-06	0
7.657827537e-06	4.473684211e-06	0
7.657827537e-06	4.473684211e-06	10
7.657827537e-06	4.473684211e-06	10
7.657827537e-06	4.473684211e-06	10
7.657827537e-06	4.473684211e-06	10
7.657827537e-06	4.473684211e-06	10
7.657827537e-06	4.473684211e-06	10
7.657827537e-06	4.473684211e-06	10
7.657827537e-06	4.473684211e-06	10
7.657827537e-06	4.473684211e-06	10
7.657827537e-06	4.473684211e-06	10
7.657827537e-06	4.473684211e-06	10
7.657827537e-06	4.473684211e-06	10
7.657827537e-06	4.473684211e-06	10
7.657827537e-06	4.473684211e-06	10
7.657827537e-06	4.473684211e-06	10
7.657827537e-06	4.473684211e-06	10
7.657827537e-06	4.473684211e-06	10
7.657827537e-06	4.473684211e-06	10
7.657827537e-06	4.473684211e-06	10
7.657827537e-06	4.473684211e-06	10
7.657827537e-06	4.473684211e-06	10
7.657827537e-06	4.473684211e-06	10
7.657827537e-06	4.473684211e-06	10
7.657827537e-06	4.473684211e-06	10
7.657827537e-06	4.473684211e-06	10
7.657827537e-06	4.473684211e-06	0
7.676624529e-06	4.473684211e-06	0
7.695421522e-06	4.473684211e-06	0
7.714218514e-06	4.473684211e-06	0
7.733015507e-06	4.473684211e-06	0
7.751812499e-06	4.473684211e-06	0
7.770609492e-06	4.473684211e-06	0
7.789406484e-06	4.473684211e-06	0
7.808203477e-06	4.473684211e-06	0
7.808203477e-06	4.473684211e-06	10
7.808203477e-06	4.473684211e-06	10
7.808203477e-06	4.473684211e-06	10
7.808203477e-06	4.473684211e-06	10
7.808203477e-06	4.473684211e-06	10
7.808203477e-06	4.473684211e-06	10
7.808203477e-06	4.473684211e-06	10
7.808203477e-06	4.473684211e-06	10
7.808203477e-06	4.473684211e-06	10
7.808203477e-06	4.473684211e-06	10
7.808203477e-06	4.473684211e-06	10
7.808203477e-06	4.473684211e-06	10
7.808203477e-06	4.473684211e-06	10
7.808203477e-06	4.473684211e-06	10
7.808203477e-06	4.473684211e-06	10
7.808203477e-06	4.473684211e-06	10
7.808203477e-06	4.473684211e-06	10
7.808203477e-06	4.473684211e-06	10
7.808203477e-06	4.473684211e-06	10
7.808203477e-06	4.473684211e-06	10
7.808203477e-06	4.473684211e-06	10
7.808203477e-06	4.473684211e-06	10
7.808203477e-06	4.473684211e-06	10
7.808203477e-06	4.473684211e-06	10
7.808203477e-06	4.473684211e-06	10
7.808203477e-06	4.473684211e-06	0
7.827000469e-06	4.473684211e-06	0
7.845797462e-06	4.473684211e-06	0
7.864594454e-06	4.473684211e-06	0
7.883391447e-06	4.473684211e-06	0
7.902188439e-06	4.473684211e-06	0
7.920985432e-06	4.473684211e-06	0
7.939782424e-06	4.473684211e-06	0
7.958579417e-06	4.473684211e-06	0
7.958579417e-06	4.473684211e-06	10
7.958579417e-06	4.473684211e-06	10
7.958579417e-06	4.473684211e-06	10
7.958579417e-06	4.473684211e-06	10
7.958579417e-06	4.473684211e-06	10
7.958579417e-06	4.473684211e-06	10
7.958579417e-06	4.473684211e-06	10
7.958579417e-06	4.473684211e-06	10
7.958579417e-06	4.473684211e-06	10
7.958579417e-06	4.473684211e-06	10
7.958579417e-06	4.473684211e-06	10
7.958579417e-06	4.473684211e-06	10
7.958579417e-06	4.473684211e-06	10
7.958579417e-06	4.473684211e-06	10
7.958579417e-06	4.473684211e-06	10
7.958579417e-06	4.473684211e-06	10
7.958579417e-06	4.473684211e-06	10
7.958579417e-06	4.473684211e-06	10
7.958579417e-06	4.473684211e-06	10
7.958579417e-06	4.473684211e-06	10
7.958579417e-06	4.473684211e-06	10
7.958579417e-06	4.473684211e-06	10
7.958579417e-06	4.473684211e-06	10
7.958579417e-06	4.473684211e-06	10
7.958579417e-06	4.473684211e-06	10
7.958579417e-06	4.473684211e-06	0
7.977376409e-06	4.473684211e-06	0
7.996173402e-06	4.473684211e-06	0
8.014970394e-06	4.473684211e-06	0
8.033767387e-06	4.473684211e-06	0
8.052564379e-06	4.473684211e-06	0
8.071361372e-06	4.473684211e-06	0
8.090158364e-06	4.473684211e-06	0
8.108955356e-06	4.473684211e-06	0
8.108955356e-06	4.473684211e-06	10
8.108955356e-06	4.473684211e-06	10
8.108955356e-06	4.473684211e-06	10
8.108955356e-06	4.473684211e-06	10
8.108955356e-06	4.473684211e-06	10
8.108955356e-06	4.473684211e-06	10
8.108955356e-06	4.473684211e-06	10
8.108955356e-06	4.473684211e-06	10
8.108955356e-06	4.473684211e-06	10
8.108955356e-06	4.473684211e-06	10
8.108955356e-06	4.473684211e-06	10
8.108955356e-06	4.473684211e-06	10
8.108955356e-06	4.473684211e-06	10
8.108955356e-06	4.473684211e-06	10
8.108955356e-06	4.473684211e-06	10
8.108955356e-06	4.473684211e-06	10
8.108955356e-06	4.473684211e-06	10
8.108955356e-06	4.473684211e-06	10
8.108955356e-06	4.473684211e-06	10
8.108955356e-06	4.473684211e-06	10
8.108955356e-06	4.473684211e-06	10
8.108955356e-06	4.473684211e-06	10
8.108955356e-06	4.473684211e-06	10
8.108955356e-06	4.473684211e-06	10
8.108955356e-06	4.473684211e-06	10
8.108955356e-06	4.473684211e-06	0
8.127752349e-06	4.473684211e-06	0
8.146549341e-06	4.473684211e-06	0
8.165346334e-06	4.473684211e-06	0
8.184143326e-06	4.473684211e-06	0
8.202940319e-06	4.473684211e-06	0
8.221737311e-06	4.473684211e-06	0
8.240534304e-06	4.473684211e-06	0
8.259331296e-06	4.473684211e-06	0
8.259331296e-06	4.473684211e-06	10
8.259331296e-06	4.473684211e-06	10
8.259331296e-06	4.473684211e-06	10
8.259331296e-06	4.473684211e-06	10
8.259331296e-06	4.473684211e-06	10
8.259331296e-06	4.473684211e-06	10
8.259331296e-06	4.473684211e-06	10
8.259331296e-06	4.473684211e-06	10
8.259331296e-06	4.473684211e-06	10
8.259331296e-06	4.473684211e-06	10
8.259331296e-06	4.473684211e-06	10
8.259331296e-06	4.473684211e-06	10
8.259331296e-06	4.473684211e-06	10
8.259331296e-06	4.473684211e-06	10
8.259331296e-06	4.473684211e-06	10
8.259331296e-06	4.473684211e-06	10
8.259331296e-06	4.473684211e-06	10
8.259331296e-06	4.473684211e-06	10
8.259331296e-06	4.473684211e-06	10
8.259331296e-06	4.473684211e-06	10
8.259331296e-06	4.473684211e-06	10
8.259331296e-06	4.473684211e-06	10
8.259331296e-06	4.473684211e-06	10
8.259331296e-06	4.473684211e-06	10
8.259331296e-06	4.473684211e-06	10
8.259331296e-06	4.473684211e-06	0
8.278128289e-06	4.473684211e-06	0
8.296925281e-06	4.473684211e-06	0
8.315722274e-06	4.473684211e-06	0
8.334519266e-06	4.473684211e-06	0
8.353316259e-06	4.473684211e-06	0
8.372113251e-06	4.473684211e-06	0
8.390910244e-06	4.473684211e-06	0
8.409707236e-06	4.473684211e-06	0
8.409707236e-06	4.473684211e-06	10
8.409707236e-06	4.473684211e-06	10
8.409707236e-06	4.473684211e-06	10
8.409707236e-06	4.473684211e-06	10
8.409707236e-06	4.473684211e-06	10
8.409707236e-06	4.473684211e-06	10
8.409707236e-06	4.473684211e-06	10
8.409707236e-06	4.473684211e-06	10
8.409707236e-06	4.473684211e-06	10
8.409707236e-06	4.473684211e-06	10
8.409707236e-06	4.473684211e-06	10
8.409707236e-06	4.473684211e-06	10
8.409707236e-06	4.473684211e-06	10
8.409707236e-06	4.473684211e-06	10
8.409707236e-06	4.473684211e-06	10
8.409707236e-06	4.473684211e-06	10
8.409707236e-06	4.473684211e-06	10
8.409707236e-06	4.473684211e-06	10
8.409707236e-06	4.473684211e-06	10
8.409707236e-06	4.473684211e-06	10
8.409707236e-06	4.473684211e-06	10
8.409707236e-06	4.473684211e-06	10
8.409707236e-06	4.473684211e-06	10
8.409707236e-06	4.473684211e-06	10
8.409707236e-06	4.473684211e-06	10
8.409707236e-06	4.473684211e-06	0
8.428504229e-06	4.473684211e-06	0
8.447301221e-06	4.473684211e-06	0
8.466098214e-06	4.473684211e-06	0
8.484895206e-06	4.473684211e-06	0
8.503692199e-06	4.473684211e-06	0
8.522489191e-06	4.473684211e-06	0
8.541286184e-06	4.473684211e-06	0
8.560083176e-06	4.473684211e-06	0
8.560083176e-06	4.473684211e-06	10
8.560083176e-06	4.473684211e-06	10
8.560083176e-06	4.473684211e-06	10
8.560083176e-06	4.473684211e-06	10
8.560083176e-06	4.473684211e-06	10
8.560083176e-06	4.473684211e-06	10
8.560083176e-06	4.473684211e-06	10
8.560083176e-06	4.473684211e-06	10
8.560083176e-06	4.473684211e-06	10
8.560083176e-06	4.473684211e-06	10
8.560083176e-06	4.473684211e-06	10
8.560083176e-06	4.473684211e-06	10
8.560083176e-06	4.473684211e-06	10
8.560083176e-06	4.473684211e-06	10
8.560083176e-06	4.473684211e-06	10
8.560083176e-06	4.473684211e-06	10
8.560083176e-06	4.473684211e-06	10
8.560083176e-06	4.473684211e-06	10
8.560083176e-06	4.473684211e-06	10
8.560083176e-06	4.473684211e-06	10
8.560083176e-06	4.473684211e-06	10
8.560083176e-06	4.473684211e-06	10
8.560083176e-06	4.473684211e-06	10
8.560083176e-06	4.473684211e-06	10
8.560083176e-06	4.473684211e-06	10
8.560083176e-06	4.473684211e-06	0
8.578880169e-06	4.473684211e-06	0
8.597677161e-06	4.473684211e-06	0
8.616474153e-06	4.473684211e-06	0
8.635271146e-06	4.473684211e-06	0
8.654068138e-06	4.473684211e-06	0
8.672865131e-06	4.473684211e-06	0
8.691662123e-06	4.473684211e-06	0
8.710459116e-06	4.473684211e-06	0
8.710459116e-06	4.473684211e-06	10
8.710459116e-06	4.473684211e-06	10
8.710459116e-06	4.473684211e-06	10
8.710459116e-06	4.473684211e-06	10
8.710459116e-06	4.473684211e-06	10
8.710459116e-06	4.473684211e-06	10
8.710459116e-06	4.473684211e-06	10
8.710459116e-06	4.473684211e-06	10
8.710459116e-06	4.473684211e-06	10
8.710459116e-06	4.473684211e-06	10
8.710459116e-06	4.473684211e-06	10
8.710459116e-06	4.473684211e-06	10
8.710459116e-06	4.473684211e-06	10
8.710459116e-06	4.473684211e-06	10
8.710459116e-06	4.473684211e-06	10
8.710459116e-06	4.473684211e-06	10
8.710459116e-06	4.473684211e-06	10
8.710459116e-06	4.473684211e-06	10
8.710459116e-06	4.473684211e-06	10
8.710459116e-06	4.473684211e-06	10
8.710459116e-06	4.473684211e-06	10
8.710459116e-06	4.473684211e-06	10
8.710459116e-06	4.473684211e-06	10
8.710459116e-06	4.473684211e-06	10
8.710459116e-06	4.473684211e-06	10
8.710459116e-06	4.473684211e-06	0
8.729256108e-06	4.473684211e-06	0
8.748053101e-06	4.473684211e-06	0
8.766850093e-06	4.473684211e-06	0
8.785647086e-06	4.473684211e-06	0
8.804444078e-06	4.473684211e-06	0
8.823241071e-06	4.473684211e-06	0
8.842038063e-06	4.473684211e-06	0
8.860835056e-06	4.473684211e-06	0
8.860835056e-06	4.473684211e-06	10
8.860835056e-06	4.473684211e-06	10
8.860835056e-06	4.473684211e-06	10
8.860835056e-06	4.473684211e-06	10
8.860835056e-06	4.473684211e-06	10
8.860835056e-06	4.473684211e-06	10
8.860835056e-06	4.473684211e-06	10
8.860835056e-06	4.473684211e-06	10
8.860835056e-06	4.473684211e-06	10
8.860835056e-06	4.473684211e-06	10
8.860835056e-06	4.473684211e-06	10
8.860835056e-06	4.473684211e-06	10
8.860835056e-06	4.473684211e-06	10
8.860835056e-06	4.473684211e-06	10
8.860835056e-06	4.473684211e-06	10
8.860835056e-06	4.473684211e-06	10
8.860835056e-06	4.473684211e-06	10
8.860835056e-06	4.473684211e-06	10
8.860835056e-06	4.473684211e-06	10
8.860835056e-06	4.473684211e-06	10
8.860835056e-06	4.473684211e-06	10
8.860835056e-06	4.473684211e-06	10
8.860835056e-06	4.473684211e-06	10
8.860835056e-06	4.473684211e-06	10
8.860835056e-06	4.473684211e-06	10
8.860835056e-06	4.473684211e-06	0
8.860835056e-06	4.492481203e-06	0
8.860835056e-06	4.511278195e-06	0
8.860835056e-06	4.530075188e-06	0
8.860835056e-06	4.54887218e-06	0
8.860835056e-06	4.567669173e-06	0
8.860835056e-06	4.586466165e-06	0
8.860835056e-06	4.605263158e-06	0
8.860835056e-06	4.62406015e-06	0
8.860835056e-06	4.62406015e-06	-10
8.860835056e-06	4.62406015e-06	-10
8.860835056e-06	4.62406015e-06	-10
8.860835056e-06	4.62406015e-06	-10
8.860835056e-06	4.62406015e-06	-10
8.860835056e-06	4.62406015e-06	-10
8.860835056e-06	4.62406015e-06	-10
8.860835056e-06	4.62406015e-06	-10
8.860835056e-06	4.62406015e-06	-10
8.860835056e-06	4.62406015e-06	-10
8.860835056e-06	4.62406015e-06	-10
8.860835056e-06	4.62406015e-06	-10
8.860835056e-06	4.62406015e-06	-10
8.860835056e-06	4.62406015e-06	-10
8.860835056e-06	4.62406015e-06	-10
8.860835056e-06	4.62406015e-06	-10
8.860835056e-06	4.62406015e-06	-10
8.860835056e-06	4.62406015e-06	-10
8.860835056e-06	4.62406015e-06	-10
8.860835056e-06	4.62406015e-06	-10
8.860835056e-06	4.62406015e-06	-10
8.860835056e-06	4.62406015e-06	-10
8.860835056e-06	4.62406015e-06	-10
8.860835056e-06	4.62406015e-06	-10
8.860835056e-06	4.62406015e-06	-10
8.860835056e-06	4.62406015e-06	0
8.842038063e-06	4.62406015e-06	0
8.823241071e-06	4.62406015e-06	0
8.804444078e-06	4.62406015e-06	0
8.785647086e-06	4.62406015e-06	0
8.766850093e-06	4.62406015e-06	0
8.748053101e-06	4.62406015e-06	0
8.729256108e-06	4.62406015e-06	0
8.710459116e-06	4.62406015e-06	0
8.710459116e-06	4.62406015e-06	-10
8.710459116e-06	4.62406015e-06	-10
8.710459116e-06	4.62406015e-06	-10
8.710459116e-06	4.62406015e-06	-10
8.710459116e-06	4.62406015e-06	-10
8.710459116e-06	4.62406015e-06	-10
8.710459116e-06	4.62406015e-06	-10
8.710459116e-06	4.62406015e-06	-10
8.710459116e-06	4.62406015e-06	-10
8.710459116e-06	4.62406015e-06	-10
8.710459116e-06	4.62406015e-06	-10
8.710459116e-06	4.62406015e-06	-10
8.710459116e-06	4.62406015e-06	-10
8.710459116e-06	4.62406015e-06	-10
8.710459116e-06	4.62406015e-06	-10
8.710459116e-06	4.62406015e-06	-10
8.710459116e-06	4.62406015e-06	-10
8.710459116e-06	4.62406015e-06	-10
8.710459116e-06	4.62406015e-06	-10
8.710459116e-06	4.62406015e-06	-10
8.710459116e-06	4.62406015e-06	-10
8.710459116e-06	4.62406015e-06	-10
8.710459116e-06	4.62406015e-06	-10
8.710459116e-06	4.62406015e-06	-10
8.710459116e-06	4.62406015e-06	-10
8.710459116e-06	4.62406015e-06	0
8.691662123e-06	4.62406015e-06	0
8.672865131e-06	4.62406015e-06	0
8.654068138e-06	4.62406015e-06	0
8.635271146e-06	4.62406015e-06	0
8.616474153e-06	4.62406015e-06	0
8.597677161e-06	4.62406015e-06	0
8.578880169e-06	4.62406015e-06	0
8.560083176e-06	4.62406015e-06	0
8.560083176e-06	4.62406015e-06	-10
8.560083176e-06	4.62406015e-06	-10
8.560083176e-06	4.62406015e-06	-10
8.560083176e-06	4.62406015e-06	-10
8.560083176e-06	4.62406015e-06	-10
8.560083176e-06	4.62406015e-06	-10
8.560083176e-06	4.62406015e-06	-10
8.560083176e-06	4.62406015e-06	-10
8.560083176e-06	4.62406015e-06	-10
8.560083176e-06	4.62406015e-06	-10
8.560083176e-06	4.62406015e-06	-10
8.560083176e-06	4.62406015e-06	-10
8.560083176e-06	4.62406015e-06	-10
8.560083176e-06	4.62406015e-06	-10
8.560083176e-06	4.62406015e-06	-10
8.560083176e-06	4.62406015e-06	-10
8.560083176e-06	4.62406015e-06	-10
8.560083176e-06	4.62406015e-06	-10
8.560083176e-06	4.62406015e-06	-10
8.560083176e-06	4.62406015e-06	-10
8.560083176e-06	4.62406015e-06	-10
8.560083176e-06	4.62406015e-06	-10
8.560083176e-06	4.62406015e-06	-10
8.560083176e-06	4.62406015e-06	-10
8.560083176e-06	4.62406015e-06	-10
8.560083176e-06	4.62406015e-06	0
8.541286184e-06	4.62406015e-06	0
8.522489191e-06	4.62406015e-06	0
8.503692199e-06	4.62406015e-06	0
8.484895206e-06	4.62406015e-06	0
8.466098214e-06	4.62406015e-06	0
8.447301221e-06	4.62406015e-06	0
8.428504229e-06	4.62406015e-06	0
8.409707236e-06	4.62406015e-06	0
8.409707236e-06	4.62406015e-06	-10
8.409707236e-06	4.62406015e-06	-10
8.409707236e-06	4.62406015e-06	-10
8.409707236e-06	4.62406015e-06	-10
8.409707236e-06	4.62406015e-06	-10
8.409707236e-06	4.62406015e-06	-10
8.409707236e-06	4.62406015e-06	-10
8.409707236e-06	4.62406015e-06	-10
8.409707236e-06	4.62406015e-06	-10
8.409707236e-06	4.62406015e-06	-10
8.409707236e-06	4.62406015e-06	-10
8.409707236e-06	4.62406015e-06	-10
8.409707236e-06	4.62406015e-06	-10
8.409707236e-06	4.62406015e-06	-10
8.409707236e-06	4.62406015e-06	-10
8.409707236e-06	4.62406015e-06	-10
8.409707236e-06	4.62406015e-06	-10
8.409707236e-06	4.62406015e-06	-10
8.409707236e-06	4.62406015e-06	-10
8.409707236e-06	4.62406015e-06	-10
8.409707236e-06	4.62406015e-06	-10
8.409707236e-06	4.62406015e-06	-10
8.409707236e-06	4.62406015e-06	-10
8.409707236e-06	4.62406015e-06	-10
8.409707236e-06	4.62406015e-06	-10
8.409707236e-06	4.62406015e-06	0
8.390910244e-06	4.62406015e-06	0
8.372113251e-06	4.62406015e-06	0
8.353316259e-06	4.62406015e-06	0
8.334519266e-06	4.62406015e-06	0
8.315722274e-06	4.62406015e-06	0
8.296925281e-06	4.62406015e-06	0
8.278128289e-06	4.62406015e-06	0
8.259331296e-06	4.62406015e-06	0
8.259331296e-06	4.62406015e-06	-10
8.259331296e-06	4.62406015e-06	-10
8.259331296e-06	4.62406015e-06	-10
8.259331296e-06	4.62406015e-06	-10
8.259331296e-06	4.62406015e-06	-10
8.259331296e-06	4.62406015e-06	-10
8.259331296e-06	4.62406015e-06	-10
8.259331296e-06	4.62406015e-06	-10
8.259331296e-06	4.62406015e-06	-10
8.259331296e-06	4.62406015e-06	-10
8.259331296e-06	4.62406015e-06	-10
8.259331296e-06	4.62406015e-06	-10
8.259331296e-06	4.62406015e-06	-10
8.259331296e-06	4.62406015e-06	-10
8.259331296e-06	4.62406015e-06	-10
8.259331296e-06	4.62406015e-06	-10
8.259331296e-06	4.62406015e-06	-10
8.259331296e-06	4.62406015e-06	-10
8.259331296e-06	4.62406015e-06	-10
8.259331296e-06	4.62406015e-06	-10
8.259331296e-06	4.62406015e-06	-10
8.259331296e-06	4.62406015e-06	-10
8.259331296e-06	4.62406015e-06	-10
8.259331296e-06	4.62406015e-06	-10
8.259331296e-06	4.62406015e-06	-10
8.259331296e-06	4.62406015e-06	0
8.240534304e-06	4.62406015e-06	0
8.221737311e-06	4.62406015e-06	0
8.202940319e-06	4.62406015e-06	0
8.184143326e-06	4.62406015e-06	0
8.165346334e-06	4.62406015e-06	0
8.146549341e-06	4.62406015e-06	0
8.127752349e-06	4.62406015e-06	0
8.108955356e-06	4.62406015e-06	0
8.108955356e-06	4.62406015e-06	-10
8.108955356e-06	4.62406015e-06	-10
8.108955356e-06	4.62406015e-06	-10
8.108955356e-06	4.62406015e-06	-10
8.108955356e-06	4.62406015e-06	-10
8.108955356e-06	4.62406015e-06	-10
8.108955356e-06	4.62406015e-06	-10
8.108955356e-06	4.62406015e-06	-10
8.108955356e-06	4.62406015e-06	-10
8.108955356e-06	4.62406015e-06	-10
8.108955356e-06	4.62406015e-06	-10
8.108955356e-06	4.62406015e-06	-10
8.108955356e-06	4.62406015e-06	-10
8.108955356e-06	4.62406015e-06	-10
8.108955356e-06	4.62406015e-06	-10
8.108955356e-06	4.62406015e-06	-10
8.108955356e-06	4.62406015e-06	-10
8.108955356e-06	4.62406015e-06	-10
8.108955356e-06	4.62406015e-06	-10
8.108955356e-06	4.62406015e-06	-10
8.108955356e-06	4.62406015e-06	-10
8.108955356e-06	4.62406015e-06	-10
8.108955356e-06	4.62406015e-06	-10
8.108955356e-06	4.62406015e-06	-10
8.108955356e-06	4.62406015e-06	-10
8.108955356e-06	4.62406015e-06	0
8.090158364e-06	4.62406015e-06	0
8.071361372e-06	4.62406015e-06	0
8.052564379e-06	4.62406015e-06	0
8.033767387e-06	4.62406015e-06	0
8.014970394e-06	4.62406015e-06	0
7.996173402e-06	4.62406015e-06	0
7.977376409e-06	4.62406015e-06	0
7.958579417e-06	4.62406015e-06	0
7.958579417e-06	4.62406015e-06	-10
7.958579417e-06	4.62406015e-06	-10
7.958579417e-06	4.62406015e-06	-10
7.958579417e-06	4.62406015e-06	-10
7.958579417e-06	4.62406015e-06	-10
7.958579417e-06	4.62406015e-06	-10
7.958579417e-06	4.62406015e-06	-10
7.958579417e-06	4.62406015e-06	-10
7.958579417e-06	4.62406015e-06	-10
7.958579417e-06	4.62406015e-06	-10
7.958579417e-06	4.62406015e-06	-10
7.958579417e-06	4.62406015e-06	-10
7.958579417e-06	4.62406015e-06	-10
7.958579417e-06	4.62406015e-06	-10
7.958579417e-06	4.62406015e-06	-10
7.958579417e-06	4.62406015e-06	-10
7.958579417e-06	4.62406015e-06	-10
7.958579417e-06	4.62406015e-06	-10
7.958579417e-06	4.62406015e-06	-10
7.958579417e-06	4.62406015e-06	-10
7.958579417e-06	4.62406015e-06	-10
7.958579417e-06	4.62406015e-06	-10
7.958579417e-06	4.62406015e-06	-10
7.958579417e-06	4.62406015e-06	-10
7.958579417e-06	4.62406015e-06	-10
7.958579417e-06	4.62406015e-06	0
7.939782424e-06	4.62406015e-06	0
7.920985432e-06	4.62406015e-06	0
7.902188439e-06	4.62406015e-06	0
7.883391447e-06	4.62406015e-06	0
7.864594454e-06	4.62406015e-06	0
7.845797462e-06	4.62406015e-06	0
7.827000469e-06	4.62406015e-06	0
7.808203477e-06	4.62406015e-06	0
7.808203477e-06	4.62406015e-06	-10
7.808203477e-06	4.62406015e-06	-10
7.808203477e-06	4.62406015e-06	-10
7.808203477e-06	4.62406015e-06	-10
7.808203477e-06	4.62406015e-06	-10
7.808203477e-06	4.62406015e-06	-10
7.808203477e-06	4.62406015e-06	-10
7.808203477e-06	4.62406015e-06	-10
7.808203477e-06	4.62406015e-06	-10
7.808203477e-06	4.62406015e-06	-10
7.808203477e-06	4.62406015e-06	-10
7.808203477e-06	4.62406015e-06	-10
7.808203477e-06	4.62406015e-06	-10
7.808203477e-06	4.62406015e-06	-10
7.808203477e-06	4.62406015e-06	-10
7.808203477e-06	4.62406015e-06	-10
7.808203477e-06	4.62406015e-06	-10
7.808203477e-06	4.62406015e-06	-10
7.808203477e-06	4.62406015e-06	-10
7.808203477e-06	4.62406015e-06	-10
7.808203477e-06	4.62406015e-06	-10
7.808203477e-06	4.62406015e-06	-10
7.808203477e-06	4.62406015e-06	-10
7.808203477e-06	4.62406015e-06	-10
7.808203477e-06	4.62406015e-06	-10
7.808203477e-06	4.62406015e-06	0
7.789406484e-06	4.62406015e-06	0
7.770609492e-06	4.62406015e-06	0
7.751812499e-06	4.62406015e-06	0
7.733015507e-06	4.62406015e-06	0
7.714218514e-06	4.62406015e-06	0
7.695421522e-06	4.62406015e-06	0
7.676624529e-06	4.62406015e-06	0
7.657827537e-06	4.62406015e-06	0
7.657827537e-06	4.62406015e-06	-10
7.657827537e-06	4.62406015e-06	-10
7.657827537e-06	4.62406015e-06	-10
7.657827537e-06	4.62406015e-06	-10
7.657827537e-06	4.62406015e-06	-10
7.657827537e-06	4.62406015e-06	-10
7.657827537e-06	4.62406015e-06	-10
7.657827537e-06	4.62406015e-06	-10
7.657827537e-06	4.62406015e-06	-10
7.657827537e-06	4.62406015e-06	-10
7.657827537e-06	4.62406015e-06	-10
7.657827537e-06	4.62406015e-06	-10
7.657827537e-06	4.62406015e-06	-10
7.657827537e-06	4.62406015e-06	-10
7.657827537e-06	4.62406015e-06	-10
7.657827537e-06	4.62406015e-06	-10
7.657827537e-06	4.62406015e-06	-10
7.657827537e-06	4.62406015e-06	-10
7.657827537e-06	4.62406015e-06	-10
7.657827537e-06	4.62406015e-06	-10
7.657827537e-06	4.62406015e-06	-10
7.657827537e-06	4.62406015e-06	-10
7.657827537e-06	4.62406015e-06	-10
7.657827537e-06	4.62406015e-06	-10
7.657827537e-06	4.62406015e-06	-10
7.657827537e-06	4.62406015e-06	0
7.639030544e-06	4.62406015e-06	0
7.620233552e-06	4.62406015e-06	0
7.601436559e-06	4.62406015e-06	0
7.582639567e-06	4.62406015e-06	0
7.563842575e-06	4.62406015e-06	0
7.545045582e-06	4.62406015e-06	0
7.52624859e-06	4.62406015e-06	0
7.507451597e-06	4.62406015e-06	0
7.507451597e-06	4.62406015e-06	-10
7.507451597e-06	4.62406015e-06	-10
7.507451597e-06	4.62406015e-06	-10
7.507451597e-06	4.62406015e-06	-10
7.507451597e-06	4.62406015e-06	-10
7.507451597e-06	4.62406015e-06	-10
7.507451597e-06	4.62406015e-06	-10
7.507451597e-06	4.62406015e-06	-10
7.507451597e-06	4.62406015e-06	-10
7.507451597e-06	4.62406015e-06	-10
7.507451597e-06	4.62406015e-06	-10
7.507451597e-06	4.62406015e-06	-10
7.507451597e-06	4.62406015e-06	-10
7.507451597e-06	4.62406015e-06	-10
7.507451597e-06	4.62406015e-06	-10
7.507451597e-06	4.62406015e-06	-10
7.507451597e-06	4.62406015e-06	-10
7.507451597e-06	4.62406015e-06	-10
7.507451597e-06	4.62406015e-06	-10
7.507451597e-06	4.62406015e-06	-10
7.507451597e-06	4.62406015e-06	-10
7.507451597e-06	4.62406015e-06	-10
7.507451597e-06	4.62406015e-06	-10
7.507451597e-06	4.62406015e-06	-10
7.507451597e-06	4.62406015e-06	-10
7.507451597e-06	4.62406015e-06	0
7.488654605e-06	4.62406015e-06	0
7.469857612e-06	4.62406015e-06	0
7.45106062e-06	4.62406015e-06	0
7.432263627e-06	4.62406015e-06	0
7.413466635e-06	4.62406015e-06	0
7.394669642e-06	4.62406015e-06	0
7.37587265e-06	4.62406015e-06	0
7.357075657e-06	4.62406015e-06	0
7.357075657e-06	4.62406015e-06	-10
7.357075657e-06	4.62406015e-06	-10
7.357075657e-06	4.62406015e-06	-10
7.357075657e-06	4.62406015e-06	-10
7.357075657e-06	4.62406015e-06	-10
7.357075657e-06	4.62406015e-06	-10
7.357075657e-06	4.62406015e-06	-10
7.357075657e-06	4.62406015e-06	-10
7.357075657e-06	4.62406015e-06	-10
7.357075657e-06	4.62406015e-06	-10
7.357075657e-06	4.62406015e-06	-10
7.357075657e-06	4.62406015e-06	-10
7.357075657e-06	4.62406015e-06	-10
7.357075657e-06	4.62406015e-06	-10
7.357075657e-06	4.62406015e-06	-10
7.357075657e-06	4.62406015e-06	-10
7.357075657e-06	4.62406015e-06	-10
7.357075657e-06	4.62406015e-06	-10
7.357075657e-06	4.62406015e-06	-10
7.357075657e-06	4.62406015e-06	-10
7.357075657e-06	4.62406015e-06	-10
7.357075657e-06	4.62406015e-06	-10
7.357075657e-06	4.62406015e-06	-10
7.357075657e-06	4.62406015e-06	-10
7.357075657e-06	4.62406015e-06	-10
7.357075657e-06	4.62406015e-06	0
7.338278665e-06	4.62406015e-06	0
7.319481672e-06	4.62406015e-06	0
7.30068468e-06	4.62406015e-06	0
7.281887687e-06	4.62406015e-06	0
7.263090695e-06	4.62406015e-06	0
7.244293702e-06	4.62406015e-06	0
7.22549671e-06	4.62406015e-06	0
7.206699717e-06	4.62406015e-06	0
7.206699717e-06	4.62406015e-06	-10
7.206699717e-06	4.62406015e-06	-10
7.206699717e-06	4.62406015e-06	-10
7.206699717e-06	4.62406015e-06	-10
7.206699717e-06	4.62406015e-06	-10
7.206699717e-06	4.62406015e-06	-10
7.206699717e-06	4.62406015e-06	-10
7.206699717e-06	4.62406015e-06	-10
7.206699717e-06	4.62406015e-06	-10
7.206699717e-06	4.62406015e-06	-10
7.206699717e-06	4.62406015e-06	-10
7.206699717e-06	4.62406015e-06	-10
7.206699717e-06	4.62406015e-06	-10
7.206699717e-06	4.62406015e-06	-10
7.206699717e-06	4.62406015e-06	-10
7.206699717e-06	4.62406015e-06	-10
7.206699717e-06	4.62406015e-06	-10
7.206699717e-06	4.62406015e-06	-10
7.206699717e-06	4.62406015e-06	-10
7.206699717e-06	4.62406015e-06	-10
7.206699717e-06	4.62406015e-06	-10
7.206699717e-06	4.62406015e-06	-10
7.206699717e-06	4.62406015e-06	-10
7.206699717e-06	4.62406015e-06	-10
7.206699717e-06	4.62406015e-06	-10
7.206699717e-06	4.62406015e-06	0
7.187902725e-06	4.62406015e-06	0
7.169105732e-06	4.62406015e-06	0
7.15030874e-06	4.62406015e-06	0
7.131511747e-06	4.62406015e-06	0
7.112714755e-06	4.62406015e-06	0
7.093917763e-06	4.62406015e-06	0
7.07512077e-06	4.62406015e-06	0
7.056323778e-06	4.62406015e-06	0
7.056323778e-06	4.62406015e-06	-10
7.056323778e-06	4.62406015e-06	-10
7.056323778e-06	4.62406015e-06	-10
7.056323778e-06	4.62406015e-06	-10
7.056323778e-06	4.62406015e-06	-10
7.056323778e-06	4.62406015e-06	-10
7.056323778e-06	4.62406015e-06	-10
7.056323778e-06	4.62406015e-06	-10
7.056323778e-06	4.62406015e-06	-10
7.056323778e-06	4.62406015e-06	-10
7.056323778e-06	4.62406015e-06	-10
7.056323778e-06	4.62406015e-06	-10
7.056323778e-06	4.62406015e-06	-10
7.056323778e-06	4.62406015e-06	-10
7.056323778e-06	4.62406015e-06	-10
7.056323778e-06	4.62406015e-06	-10
7.056323778e-06	4.62406015e-06	-10
7.056323778e-06	4.62406015e-06	-10
7.056323778e-06	4.62406015e-06	-10
7.056323778e-06	4.62406015e-06	-10
7.056323778e-06	4.62406015e-06	-10
7.056323778e-06	4.62406015e-06	-10
7.056323778e-06	4.62406015e-06	-10
7.056323778e-06	4.62406015e-06	-10
7.056323778e-06	4.62406015e-06	-10
7.056323778e-06	4.62406015e-06	0
7.037526785e-06	4.62406015e-06	0
7.018729793e-06	4.62406015e-06	0
6.9999328e-06	4.62406015e-06	0
6.981135808e-06	4.62406015e-06	0
6.962338815e-06	4.62406015e-06	0
6.943541823e-06	4.62406015e-06	0
6.92474483e-06	4.62406015e-06	0
6.905947838e-06	4.62406015e-06	0
6.905947838e-06	4.62406015e-06	-10
6.905947838e-06	4.62406015e-06	-10
6.905947838e-06	4.62406015e-06	-10
6.905947838e-06	4.62406015e-06	-10
6.905947838e-06	4.62406015e-06	-10
6.905947838e-06	4.62406015e-06	-10
6.905947838e-06	4.62406015e-06	-10
6.905947838e-06	4.62406015e-06	-10
6.905947838e-06	4.62406015e-06	-10
6.905947838e-06	4.62406015e-06	-10
6.905947838e-06	4.62406015e-06	-10
6.905947838e-06	4.62406015e-06	-10
6.905947838e-06	4.62406015e-06	-10
6.905947838e-06	4.62406015e-06	-10
6.905947838e-06	4.62406015e-06	-10
6.905947838e-06	4.62406015e-06	-10
6.905947838e-06	4.62406015e-06	-10
6.905947838e-06	4.62406015e-06	-10
6.905947838e-06	4.62406015e-06	-10
6.905947838e-06	4.62406015e-06	-10
6.905947838e-06	4.62406015e-06	-10
6.905947838e-06	4.62406015e-06	-10
6.905947838e-06	4.62406015e-06	-10
6.905947838e-06	4.62406015e-06	-10
6.905947838e-06	4.62406015e-06	-10
6.905947838e-06	4.62406015e-06	0
6.887150845e-06	4.62406015e-06	0
6.868353853e-06	4.62406015e-06	0
6.84955686e-06	4.62406015e-06	0
6.830759868e-06	4.62406015e-06	0
6.811962875e-06	4.62406015e-06	0
6.793165883e-06	4.62406015e-06	0
6.77436889e-06	4.62406015e-06	0
6.755571898e-06	4.62406015e-06	0
6.755571898e-06	4.62406015e-06	-10
6.755571898e-06	4.62406015e-06	-10
6.755571898e-06	4.62406015e-06	-10
6.755571898e-06	4.62406015e-06	-10
6.755571898e-06	4.62406015e-06	-10
6.755571898e-06	4.62406015e-06	-10
6.755571898e-06	4.62406015e-06	-10
6.755571898e-06	4.62406015e-06	-10
6.755571898e-06	4.62406015e-06	-10
6.755571898e-06	4.62406015e-06	-10
6.755571898e-06	4.62406015e-06	-10
6.755571898e-06	4.62406015e-06	-10
6.755571898e-06	4.62406015e-06	-10
6.755571898e-06	4.62406015e-06	-10
6.755571898e-06	4.62406015e-06	-10
6.755571898e-06	4.62406015e-06	-10
6.755571898e-06	4.62406015e-06	-10
6.755571898e-06	4.62406015e-06	-10
6.755571898e-06	4.62406015e-06	-10
6.755571898e-06	4.62406015e-06	-10
6.755571898e-06	4.62406015e-06	-10
6.755571898e-06	4.62406015e-06	-10
6.755571898e-06	4.62406015e-06	-10
6.755571898e-06	4.62406015e-06	-10
6.755571898e-06	4.62406015e-06	-10
6.755571898e-06	4.62406015e-06	0
6.736774905e-06	4.62406015e-06	0
6.717977913e-06	4.62406015e-06	0
6.69918092e-06	4.62406015e-06	0
6.680383928e-06	4.62406015e-06	0
6.661586935e-06	4.62406015e-06	0
6.642789943e-06	4.62406015e-06	0
6.62399295e-06	4.62406015e-06	0
6.605195958e-06	4.62406015e-06	0
6.605195958e-06	4.62406015e-06	-10
6.605195958e-06	4.62406015e-06	-10
6.605195958e-06	4.62406015e-06	-10
6.605195958e-06	4.62406015e-06	-10
6.605195958e-06	4.62406015e-06	-10
6.605195958e-06	4.62406015e-06	-10
6.605195958e-06	4.62406015e-06	-10
6.605195958e-06	4.62406015e-06	-10
6.605195958e-06	4.62406015e-06	-10
6.605195958e-06	4.62406015e-06	-10
6.605195958e-06	4.62406015e-06	-10
6.605195958e-06	4.62406015e-06	-10
6.605195958e-06	4.62406015e-06	-10
6.605195958e-06	4.62406015e-06	-10
6.605195958e-06	4.62406015e-06	-10
6.605195958e-06	4.62406015e-06	-10
6.605195958e-06	4.62406015e-06	-10
6.605195958e-06	4.62406015e-06	-10
6.605195958e-06	4.62406015e-06	-10
6.605195958e-06	4.62406015e-06	-10
6.605195958e-06	4.62406015e-06	-10
6.605195958e-06	4.62406015e-06	-10
6.605195958e-06	4.62406015e-06	-10
6.605195958e-06	4.62406015e-06	-10
6.605195958e-06	4.62406015e-06	-10
6.605195958e-06	4.62406015e-06	0
6.605195958e-06	4.642857143e-06	0
6.605195958e-06	4.661654135e-06	0
6.605195958e-06	4.680451128e-06	0
6.605195958e-06	4.69924812e-06	0
6.605195958e-06	4.718045113e-06	0
6.605195958e-06	4.736842105e-06	0
6.605195958e-06	4.755639098e-06	0
6.605195958e-06	4.77443609e-06	0
6.605195958e-06	4.77443609e-06	10
6.605195958e-06	4.77443609e-06	10
6.605195958e-06	4.77443609e-06	10
6.605195958e-06	4.77443609e-06	10
6.605195958e-06	4.77443609e-06	10
6.605195958e-06	4.77443609e-06	10
6.605195958e-06	4.77443609e-06	10
6.605195958e-06	4.77443609e-06	10
6.605195958e-06	4.77443609e-06	10
6.605195958e-06	4.77443609e-06	10
6.605195958e-06	4.77443609e-06	10
6.605195958e-06	4.77443609e-06	10
6.605195958e-06	4.77443609e-06	10
6.605195958e-06	4.77443609e-06	10
6.605195958e-06	4.77443609e-06	10
6.605195958e-06	4.77443609e-06	10
6.605195958e-06	4.77443609e-06	10
6.605195958e-06	4.77443609e-06	10
6.605195958e-06	4.77443609e-06	10
6.605195958e-06	4.77443609e-06	10
6.605195958e-06	4.77443609e-06	10
6.605195958e-06	4.77443609e-06	10
6.605195958e-06	4.77443609e-06	10
6.605195958e-06	4.77443609e-06	10
6.605195958e-06	4.77443609e-06	10
6.605195958e-06	4.77443609e-06	0
6.62399295e-06	4.77443609e-06	0
6.642789943e-06	4.77443609e-06	0
6.661586935e-06	4.77443609e-06	0
6.680383928e-06	4.77443609e-06	0
6.69918092e-06	4.77443609e-06	0
6.717977913e-06	4.77443609e-06	0
6.736774905e-06	4.77443609e-06	0
6.755571898e-06	4.77443609e-06	0
6.755571898e-06	4.77443609e-06	10
6.755571898e-06	4.77443609e-06	10
6.755571898e-06	4.77443609e-06	10
6.755571898e-06	4.77443609e-06	10
6.755571898e-06	4.77443609e-06	10
6.755571898e-06	4.77443609e-06	10
6.755571898e-06	4.77443609e-06	10
6.755571898e-06	4.77443609e-06	10
6.755571898e-06	4.77443609e-06	10
6.755571898e-06	4.77443609e-06	10
6.755571898e-06	4.77443609e-06	10
6.755571898e-06	4.77443609e-06	10
6.755571898e-06	4.77443609e-06	10
6.755571898e-06	4.77443609e-06	10
6.755571898e-06	4.77443609e-06	10
6.755571898e-06	4.77443609e-06	10
6.755571898e-06	4.77443609e-06	10
6.755571898e-06	4.77443609e-06	10
6.755571898e-06	4.77443609e-06	10
6.755571898e-06	4.77443609e-06	10
6.755571898e-06	4.77443609e-06	10
6.755571898e-06	4.77443609e-06	10
6.755571898e-06	4.77443609e-06	10
6.755571898e-06	4.77443609e-06	10
6.755571898e-06	4.77443609e-06	10
6.755571898e-06	4.77443609e-06	0
6.77436889e-06	4.77443609e-06	0
6.793165883e-06	4.77443609e-06	0
6.811962875e-06	4.77443609e-06	0
6.830759868e-06	4.77443609e-06	0
6.84955686e-06	4.77443609e-06	0
6.868353853e-06	4.77443609e-06	0
6.887150845e-06	4.77443609e-06	0
6.905947838e-06	4.77443609e-06	0
6.905947838e-06	4.77443609e-06	10
6.905947838e-06	4.77443609e-06	10
6.905947838e-06	4.77443609e-06	10
6.905947838e-06	4.77443609e-06	10
6.905947838e-06	4.77443609e-06	10
6.905947838e-06	4.77443609e-06	10
6.905947838e-06	4.77443609e-06	10
6.905947838e-06	4.77443609e-06	10
6.905947838e-06	4.77443609e-06	10
6.905947838e-06	4.77443609e-06	10
6.905947838e-06	4.77443609e-06	10
6.905947838e-06	4.77443609e-06	10
6.905947838e-06	4.77443609e-06	10
6.905947838e-06	4.77443609e-06	10
6.905947838e-06	4.77443609e-06	10
6.905947838e-06	4.77443609e-06	10
6.905947838e-06	4.77443609e-06	10
6.905947838e-06	4.77443609e-06	10
6.905947838e-06	4.77443609e-06	10
6.905947838e-06	4.77443609e-06	10
6.905947838e-06	4.77443609e-06	10
6.905947838e-06	4.77443609e-06	10
6.905947838e-06	4.77443609e-06	10
6.905947838e-06	4.77443609e-06	10
6.905947838e-06	4.77443609e-06	10
6.905947838e-06	4.77443609e-06	0
6.92474483e-06	4.77443609e-06	0
6.943541823e-06	4.77443609e-06	0
6.962338815e-06	4.77443609e-06	0
6.981135808e-06	4.77443609e-06	0
6.9999328e-06	4.77443609e-06	0
7.018729793e-06	4.77443609e-06	0
7.037526785e-06	4.77443609e-06	0
7.056323778e-06	4.77443609e-06	0
7.056323778e-06	4.77443609e-06	10
7.056323778e-06	4.77443609e-06	10
7.056323778e-06	4.77443609e-06	10
7.056323778e-06	4.77443609e-06	10
7.056323778e-06	4.77443609e-06	10
7.056323778e-06	4.77443609e-06	10
7.056323778e-06	4.77443609e-06	10
7.056323778e-06	4.77443609e-06	10
7.056323778e-06	4.77443609e-06	10
7.056323778e-06	4.77443609e-06	10
7.056323778e-06	4.77443609e-06	10
7.056323778e-06	4.77443609e-06	10
7.056323778e-06	4.77443609e-06	10
7.056323778e-06	4.77443609e-06	10
7.056323778e-06	4.77443609e-06	10
7.056323778e-06	4.77443609e-06	10
7.056323778e-06	4.77443609e-06	10
7.056323778e-06	4.77443609e-06	10
7.056323778e-06	4.77443609e-06	10
7.056323778e-06	4.77443609e-06	10
7.056323778e-06	4.77443609e-06	10
7.056323778e-06	4.77443609e-06	10
7.056323778e-06	4.77443609e-06	10
7.056323778e-06	4.77443609e-06	10
7.056323778e-06	4.77443609e-06	10
7.056323778e-06	4.77443609e-06	0
7.07512077e-06	4.77443609e-06	0
7.093917763e-06	4.77443609e-06	0
7.112714755e-06	4.77443609e-06	0
7.131511747e-06	4.77443609e-06	0
7.15030874e-06	4.77443609e-06	0
7.169105732e-06	4.77443609e-06	0
7.187902725e-06	4.77443609e-06	0
7.206699717e-06	4.77443609e-06	0
7.206699717e-06	4.77443609e-06	10
7.206699717e-06	4.77443609e-06	10
7.206699717e-06	4.77443609e-06	10
7.206699717e-06	4.77443609e-06	10
7.206699717e-06	4.77443609e-06	10
7.206699717e-06	4.77443609e-06	10
7.206699717e-06	4.77443609e-06	10
7.206699717e-06	4.77443609e-06	10
7.206699717e-06	4.77443609e-06	10
7.206699717e-06	4.77443609e-06	10
7.206699717e-06	4.77443609e-06	10
7.206699717e-06	4.77443609e-06	10
7.206699717e-06	4.77443609e-06	10
7.206699717e-06	4.77443609e-06	10
7.206699717e-06	4.77443609e-06	10
7.206699717e-06	4.77443609e-06	10
7.206699717e-06	4.77443609e-06	10
7.206699717e-06	4.77443609e-06	10
7.206699717e-06	4.77443609e-06	10
7.206699717e-06	4.77443609e-06	10
7.206699717e-06	4.77443609e-06	10
7.206699717e-06	4.77443609e-06	10
7.206699717e-06	4.77443609e-06	10
7.206699717e-06	4.77443609e-06	10
7.206699717e-06	4.77443609e-06	10
7.206699717e-06	4.77443609e-06	0
7.22549671e-06	4.77443609e-06	0
7.244293702e-06	4.77443609e-06	0
7.263090695e-06	4.77443609e-06	0
7.281887687e-06	4.77443609e-06	0
7.30068468e-06	4.77443609e-06	0
7.319481672e-06	4.77443609e-06	0
7.338278665e-06	4.77443609e-06	0
7.357075657e-06	4.77443609e-06	0
7.357075657e-06	4.77443609e-06	10
7.357075657e-06	4.77443609e-06	10
7.357075657e-06	4.77443609e-06	10
7.357075657e-06	4.77443609e-06	10
7.357075657e-06	4.77443609e-06	10
7.357075657e-06	4.77443609e-06	10
7.357075657e-06	4.77443609e-06	10
7.357075657e-06	4.77443609e-06	10
7.357075657e-06	4.77443609e-06	10
7.357075657e-06	4.77443609e-06	10
7.357075657e-06	4.77443609e-06	10
7.357075657e-06	4.77443609e-06	10
7.357075657e-06	4.77443609e-06	10
7.357075657e-06	4.77443609e-06	10
7.357075657e-06	4.77443609e-06	10
7.357075657e-06	4.77443609e-06	10
7.357075657e-06	4.77443609e-06	10
7.357075657e-06	4.77443609e-06	10
7.357075657e-06	4.77443609e-06	10
7.357075657e-06	4.77443609e-06	10
7.357075657e-06	4.77443609e-06	10
7.357075657e-06	4.77443609e-06	10
7.357075657e-06	4.77443609e-06	10
7.357075657e-06	4.77443609e-06	10
7.357075657e-06	4.77443609e-06	10
7.357075657e-06	4.77443609e-06	0
7.37587265e-06	4.77443609e-06	0
7.394669642e-06	4.77443609e-06	0
7.413466635e-06	4.77443609e-06	0
7.432263627e-06	4.77443609e-06	0
7.45106062e-06	4.77443609e-06	0
7.469857612e-06	4.77443609e-06	0
7.488654605e-06	4.77443609e-06	0
7.507451597e-06	4.77443609e-06	0
7.507451597e-06	4.77443609e-06	10
7.507451597e-06	4.77443609e-06	10
7.507451597e-06	4.77443609e-06	10
7.507451597e-06	4.77443609e-06	10
7.507451597e-06	4.77443609e-06	10
7.507451597e-06	4.77443609e-06	10
7.507451597e-06	4.77443609e-06	10
7.507451597e-06	4.77443609e-06	10
7.507451597e-06	4.77443609e-06	10
7.507451597e-06	4.77443609e-06	10
7.507451597e-06	4.77443609e-06	10
7.507451597e-06	4.77443609e-06	10
7.507451597e-06	4.77443609e-06	10
7.507451597e-06	4.77443609e-06	10
7.507451597e-06	4.77443609e-06	10
7.507451597e-06	4.77443609e-06	10
7.507451597e-06	4.77443609e-06	10
7.507451597e-06	4.77443609e-06	10
7.507451597e-06	4.77443609e-06	10
7.507451597e-06	4.77443609e-06	10
7.507451597e-06	4.77443609e-06	10
7.507451597e-06	4.77443609e-06	10
7.507451597e-06	4.77443609e-06	10
7.507451597e-06	4.77443609e-06	10
7.507451597e-06	4.77443609e-06	10
7.507451597e-06	4.77443609e-06	0
7.52624859e-06	4.77443609e-06	0
7.545045582e-06	4.77443609e-06	0
7.563842575e-06	4.77443609e-06	0
7.582639567e-06	4.77443609e-06	0
7.601436559e-06	4.77443609e-06	0
7.620233552e-06	4.77443609e-06	0
7.639030544e-06	4.77443609e-06	0
7.657827537e-06	4.77443609e-06	0
7.657827537e-06	4.77443609e-06	10
7.657827537e-06	4.77443609e-06	10
7.657827537e-06	4.77443609e-06	10
7.657827537e-06	4.77443609e-06	10
7.657827537e-06	4.77443609e-06	10
7.657827537e-06	4.77443609e-06	10
7.657827537e-06	4.77443609e-06	10
7.657827537e-06	4.77443609e-06	10
7.657827537e-06	4.77443609e-06	10
7.657827537e-06	4.77443609e-06	10
7.657827537e-06	4.77443609e-06	10
7.657827537e-06	4.77443609e-06	10
7.657827537e-06	4.77443609e-06	10
7.657827537e-06	4.77443609e-06	10
7.657827537e-06	4.77443609e-06	10
7.657827537e-06	4.77443609e-06	10
7.657827537e-06	4.77443609e-06	10
7.657827537e-06	4.77443609e-06	10
7.657827537e-06	4.77443609e-06	10
7.657827537e-06	4.77443609e-06	10
7.657827537e-06	4.77443609e-06	10
7.657827537e-06	4.77443609e-06	10
7.657827537e-06	4.77443609e-06	10
7.657827537e-06	4.77443609e-06	10
7.657827537e-06	4.77443609e-06	10
7.657827537e-06	4.77443609e-06	0
7.676624529e-06	4.77443609e-06	0
7.695421522e-06	4.77443609e-06	0
7.714218514e-06	4.77443609e-06	0
7.733015507e-06	4.77443609e-06	0
7.751812499e-06	4.77443609e-06	0
7.770609492e-06	4.77443609e-06	0
7.789406484e-06	4.77443609e-06	0
7.808203477e-06	4.77443609e-06	0
7.808203477e-06	4.77443609e-06	10
7.808203477e-06	4.77443609e-06	10
7.808203477e-06	4.77443609e-06	10
7.808203477e-06	4.77443609e-06	10
7.808203477e-06	4.77443609e-06	10
7.808203477e-06	4.77443609e-06	10
7.808203477e-06	4.77443609e-06	10
7.808203477e-06	4.77443609e-06	10
7.808203477e-06	4.77443609e-06	10
7.808203477e-06	4.77443609e-06	10
7.808203477e-06	4.77443609e-06	10
7.808203477e-06	4.77443609e-06	10
7.808203477e-06	4.77443609e-06	10
7.808203477e-06	4.77443609e-06	10
7.808203477e-06	4.77443609e-06	10
7.808203477e-06	4.77443609e-06	10
7.808203477e-06	4.77443609e-06	10
7.808203477e-06	4.77443609e-06	10
7.808203477e-06	4.77443609e-06	10
7.808203477e-06	4.77443609e-06	10
7.808203477e-06	4.77443609e-06	10
7.808203477e-06	4.77443609e-06	10
7.808203477e-06	4.77443609e-06	10
7.808203477e-06	4.77443609e-06	10
7.808203477e-06	4.77443609e-06	10
7.808203477e-06	4.77443609e-06	0
7.827000469e-06	4.77443609e-06	0
7.845797462e-06	4.77443609e-06	0
7.864594454e-06	4.77443609e-06	0
7.883391447e-06	4.77443609e-06	0
7.902188439e-06	4.77443609e-06	0
7.920985432e-06	4.77443609e-06	0
7.939782424e-06	4.77443609e-06	0
7.958579417e-06	4.77443609e-06	0
7.958579417e-06	4.77443609e-06	10
7.958579417e-06	4.77443609e-06	10
7.958579417e-06	4.77443609e-06	10
7.958579417e-06	4.77443609e-06	10
7.958579417e-06	4.77443609e-06	10
7.958579417e-06	4.77443609e-06	10
7.958579417e-06	4.77443609e-06	10
7.958579417e-06	4.77443609e-06	10
7.958579417e-06	4.77443609e-06	10
7.958579417e-06	4.77443609e-06	10
7.958579417e-06	4.77443609e-06	10
7.958579417e-06	4.77443609e-06	10
7.958579417e-06	4.77443609e-06	10
7.958579417e-06	4.77443609e-06	10
7.958579417e-06	4.77443609e-06	10
7.958579417e-06	4.77443609e-06	10
7.958579417e-06	4.77443609e-06	10
7.958579417e-06	4.77443609e-06	10
7.958579417e-06	4.77443609e-06	10
7.958579417e-06	4.77443609e-06	10
7.958579417e-06	4.77443609e-06	10
7.958579417e-06	4.77443609e-06	10
7.958579417e-06	4.77443609e-06	10
7.958579417e-06	4.77443609e-06	10
7.958579417e-06	4.77443609e-06	10
7.958579417e-06	4.77443609e-06	0
7.977376409e-06	4.77443609e-06	0
7.996173402e-06	4.77443609e-06	0
8.014970394e-06	4.77443609e-06	0
8.033767387e-06	4.77443609e-06	0
8.052564379e-06	4.77443609e-06	0
8.071361372e-06	4.77443609e-06	0
8.090158364e-06	4.77443609e-06	0
8.108955356e-06	4.77443609e-06	0
8.108955356e-06	4.77443609e-06	10
8.108955356e-06	4.77443609e-06	10
8.108955356e-06	4.77443609e-06	10
8.108955356e-06	4.77443609e-06	10
8.108955356e-06	4.77443609e-06	10
8.108955356e-06	4.77443609e-06	10
8.108955356e-06	4.77443609e-06	10
8.108955356e-06	4.77443609e-06	10
8.108955356e-06	4.77443609e-06	10
8.108955356e-06	4.77443609e-06	10
8.108955356e-06	4.77443609e-06	10
8.108955356e-06	4.77443609e-06	10
8.108955356e-06	4.77443609e-06	10
8.108955356e-06	4.77443609e-06	10
8.108955356e-06	4.77443609e-06	10
8.108955356e-06	4.77443609e-06	10
8.108955356e-06	4.77443609e-06	10
8.108955356e-06	4.77443609e-06	10
8.108955356e-06	4.77443609e-06	10
8.108955356e-06	4.77443609e-06	10
8.108955356e-06	4.77443609e-06	10
8.108955356e-06	4.77443609e-06	10
8.108955356e-06	4.77443609e-06	10
8.108955356e-06	4.77443609e-06	10
8.108955356e-06	4.77443609e-06	10
8.108955356e-06	4.77443609e-06	0
8.127752349e-06	4.77443609e-06	0
8.146549341e-06	4.77443609e-06	0
8.165346334e-06	4.77443609e-06	0
8.184143326e-06	4.77443609e-06	0
8.202940319e-06	4.77443609e-06	0
8.221737311e-06	4.77443609e-06	0
8.240534304e-06	4.77443609e-06	0
8.259331296e-06	4.77443609e-06	0
8.259331296e-06	4.77443609e-06	10
8.259331296e-06	4.77443609e-06	10
8.259331296e-06	4.77443609e-06	10
8.259331296e-06	4.77443609e-06	10
8.259331296e-06	4.77443609e-06	10
8.259331296e-06	4.77443609e-06	10
8.259331296e-06	4.77443609e-06	10
8.259331296e-06	4.77443609e-06	10
8.259331296e-06	4.77443609e-06	10
8.259331296e-06	4.77443609e-06	10
8.259331296e-06	4.77443609e-06	10
8.259331296e-06	4.77443609e-06	10
8.259331296e-06	4.77443609e-06	10
8.259331296e-06	4.77443609e-06	10
8.259331296e-06	4.77443609e-06	10
8.259331296e-06	4.77443609e-06	10
8.259331296e-06	4.77443609e-06	10
8.259331296e-06	4.77443609e-06	10
8.259331296e-06	4.77443609e-06	10
8.259331296e-06	4.77443609e-06	10
8.259331296e-06	4.77443609e-06	10
8.259331296e-06	4.77443609e-06	10
8.259331296e-06	4.77443609e-06	10
8.259331296e-06	4.77443609e-06	10
8.259331296e-06	4.77443609e-06	10
8.259331296e-06	4.77443609e-06	0
8.278128289e-06	4.77443609e-06	0
8.296925281e-06	4.77443609e-06	0
8.315722274e-06	4.77443609e-06	0
8.334519266e-06	4.77443609e-06	0
8.353316259e-06	4.77443609e-06	0
8.372113251e-06	4.77443609e-06	0
8.390910244e-06	4.77443609e-06	0
8.409707236e-06	4.77443609e-06	0
8.409707236e-06	4.77443609e-06	10
8.409707236e-06	4.77443609e-06	10
8.409707236e-06	4.77443609e-06	10
8.409707236e-06	4.77443609e-06	10
8.409707236e-06	4.77443609e-06	10
8.409707236e-06	4.77443609e-06	10
8.409707236e-06	4.77443609e-06	10
8.409707236e-06	4.77443609e-06	10
8.409707236e-06	4.77443609e-06	10
8.409707236e-06	4.77443609e-06	10
8.409707236e-06	4.77443609e-06	10
8.409707236e-06	4.77443609e-06	10
8.409707236e-06	4.77443609e-06	10
8.409707236e-06	4.77443609e-06	10
8.409707236e-06	4.77443609e-06	10
8.409707236e-06	4.77443609e-06	10
8.409707236e-06	4.77443609e-06	10
8.409707236e-06	4.77443609e-06	10
8.409707236e-06	4.77443609e-06	10
8.409707236e-06	4.77443609e-06	10
8.409707236e-06	4.77443609e-06	10
8.409707236e-06	4.77443609e-06	10
8.409707236e-06	4.77443609e-06	10
8.409707236e-06	4.77443609e-06	10
8.409707236e-06	4.77443609e-06	10
8.409707236e-06	4.77443609e-06	0
8.428504229e-06	4.77443609e-06	0
8.447301221e-06	4.77443609e-06	0
8.466098214e-06	4.77443609e-06	0
8.484895206e-06	4.77443609e-06	0
8.503692199e-06	4.77443609e-06	0
8.522489191e-06	4.77443609e-06	0
8.541286184e-06	4.77443609e-06	0
8.560083176e-06	4.77443609e-06	0
8.560083176e-06	4.77443609e-06	10
8.560083176e-06	4.77443609e-06	10
8.560083176e-06	4.77443609e-06	10
8.560083176e-06	4.77443609e-06	10
8.560083176e-06	4.77443609e-06	10
8.560083176e-06	4.77443609e-06	10
8.560083176e-06	4.77443609e-06	10
8.560083176e-06	4.77443609e-06	10
8.560083176e-06	4.77443609e-06	10
8.560083176e-06	4.77443609e-06	10
8.560083176e-06	4.77443609e-06	10
8.560083176e-06	4.77443609e-06	10
8.560083176e-06	4.77443609e-06	10
8.560083176e-06	4.77443609e-06	10
8.560083176e-06	4.77443609e-06	10
8.560083176e-06	4.77443609e-06	10
8.560083176e-06	4.77443609e-06	10
8.560083176e-06	4.77443609e-06	10
8.560083176e-06	4.77443609e-06	10
8.560083176e-06	4.77443609e-06	10
8.560083176e-06	4.77443609e-06	10
8.560083176e-06	4.77443609e-06	10
8.560083176e-06	4.77443609e-06	10
8.560083176e-06	4.77443609e-06	10
8.560083176e-06	4.77443609e-06	10
8.560083176e-06	4.77443609e-06	0
8.578880169e-06	4.77443609e-06	0
8.597677161e-06	4.77443609e-06	0
8.616474153e-06	4.77443609e-06	0
8.635271146e-06	4.77443609e-06	0
8.654068138e-06	4.77443609e-06	0
8.672865131e-06	4.77443609e-06	0
8.691662123e-06	4.77443609e-06	0
8.710459116e-06	4.77443609e-06	0
8.710459116e-06	4.77443609e-06	10
8.710459116e-06	4.77443609e-06	10
8.710459116e-06	4.77443609e-06	10
8.710459116e-06	4.77443609e-06	10
8.710459116e-06	4.77443609e-06	10
8.710459116e-06	4.77443609e-06	10
8.710459116e-06	4.77443609e-06	10
8.710459116e-06	4.77443609e-06	10
8.710459116e-06	4.77443609e-06	10
8.710459116e-06	4.77443609e-06	10
8.710459116e-06	4.77443609e-06	10
8.710459116e-06	4.77443609e-06	10
8.710459116e-06	4.77443609e-06	10
8.710459116e-06	4.77443609e-06	10
8.710459116e-06	4.77443609e-06	10
8.710459116e-06	4.77443609e-06	10
8.710459116e-06	4.77443609e-06	10
8.710459116e-06	4.77443609e-06	10
8.710459116e-06	4.77443609e-06	10
8.710459116e-06	4.77443609e-06	10
8.710459116e-06	4.77443609e-06	10
8.710459116e-06	4.77443609e-06	10
8.710459116e-06	4.77443609e-06	10
8.710459116e-06	4.77443609e-06	10
8.710459116e-06	4.77443609e-06	10
8.710459116e-06	4.77443609e-06	0
8.729256108e-06	4.77443609e-06	0
8.748053101e-06	4.77443609e-06	0
8.766850093e-06	4.77443609e-06	0
8.785647086e-06	4.77443609e-06	0
8.804444078e-06	4.77443609e-06	0
8.823241071e-06	4.77443609e-06	0
8.842038063e-06	4.77443609e-06	0
8.860835056e-06	4.77443609e-06	0
8.860835056e-06	4.77443609e-06	10
8.860835056e-06	4.77443609e-06	10
8.860835056e-06	4.77443609e-06	10
8.860835056e-06	4.77443609e-06	10
8.860835056e-06	4.77443609e-06	10
8.860835056e-06	4.77443609e-06	10
8.860835056e-06	4.77443609e-06	10
8.860835056e-06	4.77443609e-06	10
8.860835056e-06	4.77443609e-06	10
8.860835056e-06	4.77443609e-06	10
8.860835056e-06	4.77443609e-06	10
8.860835056e-06	4.77443609e-06	10
8.860835056e-06	4.77443609e-06	10
8.860835056e-06	4.77443609e-06	10
8.860835056e-06	4.77443609e-06	10
8.860835056e-06	4.77443609e-06	10
8.860835056e-06	4.77443609e-06	10
8.860835056e-06	4.77443609e-06	10
8.860835056e-06	4.77443609e-06	10
8.860835056e-06	4.77443609e-06	10
8.860835056e-06	4.77443609e-06	10
8.860835056e-06	4.77443609e-06	10
8.860835056e-06	4.77443609e-06	10
8.860835056e-06	4.77443609e-06	10
8.860835056e-06	4.77443609e-06	10
8.860835056e-06	4.77443609e-06	0
8.860835056e-06	4.793233083e-06	0
8.860835056e-06	4.812030075e-06	0
8.860835056e-06	4.830827068e-06	0
8.860835056e-06	4.84962406e-06	0
8.860835056e-06	4.868421053e-06	0
8.860835056e-06	4.887218045e-06	0
8.860835056e-06	4.906015038e-06	0
8.860835056e-06	4.92481203e-06	0
8.860835056e-06	4.92481203e-06	-10
8.860835056e-06	4.92481203e-06	-10
8.860835056e-06	4.92481203e-06	-10
8.860835056e-06	4.92481203e-06	-10
8.860835056e-06	4.92481203e-06	-10
8.860835056e-06	4.92481203e-06	-10
8.860835056e-06	4.92481203e-06	-10
8.860835056e-06	4.92481203e-06	-10
8.860835056e-06	4.92481203e-06	-10
8.860835056e-06	4.92481203e-06	-10
8.860835056e-06	4.92481203e-06	-10
8.860835056e-06	4.92481203e-06	-10
8.860835056e-06	4.92481203e-06	-10
8.860835056e-06	4.92481203e-06	-10
8.860835056e-06	4.92481203e-06	-10
8.860835056e-06	4.92481203e-06	-10
8.860835056e-06	4.92481203e-06	-10
8.860835056e-06	4.92481203e-06	-10
8.860835056e-06	4.92481203e-06	-10
8.860835056e-06	4.92481203e-06	-10
8.860835056e-06	4.92481203e-06	-10
8.860835056e-06	4.92481203e-06	-10
8.860835056e-06	4.92481203e-06	-10
8.860835056e-06	4.92481203e-06	-10
8.860835056e-06	4.92481203e-06	-10
8.860835056e-06	4.92481203e-06	0
8.842038063e-06	4.92481203e-06	0
8.823241071e-06	4.92481203e-06	0
8.804444078e-06	4.92481203e-06	0
8.785647086e-06	4.92481203e-06	0
8.766850093e-06	4.92481203e-06	0
8.748053101e-06	4.92481203e-06	0
8.729256108e-06	4.92481203e-06	0
8.710459116e-06	4.92481203e-06	0
8.710459116e-06	4.92481203e-06	-10
8.710459116e-06	4.92481203e-06	-10
8.710459116e-06	4.92481203e-06	-10
8.710459116e-06	4.92481203e-06	-10
8.710459116e-06	4.92481203e-06	-10
8.710459116e-06	4.92481203e-06	-10
8.710459116e-06	4.92481203e-06	-10
8.710459116e-06	4.92481203e-06	-10
8.710459116e-06	4.92481203e-06	-10
8.710459116e-06	4.92481203e-06	-10
8.710459116e-06	4.92481203e-06	-10
8.710459116e-06	4.92481203e-06	-10
8.710459116e-06	4.92481203e-06	-10
8.710459116e-06	4.92481203e-06	-10
8.710459116e-06	4.92481203e-06	-10
8.710459116e-06	4.92481203e-06	-10
8.710459116e-06	4.92481203e-06	-10
8.710459116e-06	4.92481203e-06	-10
8.710459116e-06	4.92481203e-06	-10
8.710459116e-06	4.92481203e-06	-10
8.710459116e-06	4.92481203e-06	-10
8.710459116e-06	4.92481203e-06	-10
8.710459116e-06	4.92481203e-06	-10
8.710459116e-06	4.92481203e-06	-10
8.710459116e-06	4.92481203e-06	-10
8.710459116e-06	4.92481203e-06	0
8.691662123e-06	4.92481203e-06	0
8.672865131e-06	4.92481203e-06	0
8.654068138e-06	4.92481203e-06	0
8.635271146e-06	4.92481203e-06	0
8.616474153e-06	4.92481203e-06	0
8.597677161e-06	4.92481203e-06	0
8.578880169e-06	4.92481203e-06	0
8.560083176e-06	4.92481203e-06	0
8.560083176e-06	4.92481203e-06	-10
8.560083176e-06	4.92481203e-06	-10
8.560083176e-06	4.92481203e-06	-10
8.560083176e-06	4.92481203e-06	-10
8.560083176e-06	4.92481203e-06	-10
8.560083176e-06	4.92481203e-06	-10
8.560083176e-06	4.92481203e-06	-10
8.560083176e-06	4.92481203e-06	-10
8.560083176e-06	4.92481203e-06	-10
8.560083176e-06	4.92481203e-06	-10
8.560083176e-06	4.92481203e-06	-10
8.560083176e-06	4.92481203e-06	-10
8.560083176e-06	4.92481203e-06	-10
8.560083176e-06	4.92481203e-06	-10
8.560083176e-06	4.92481203e-06	-10
8.560083176e-06	4.92481203e-06	-10
8.560083176e-06	4.92481203e-06	-10
8.560083176e-06	4.92481203e-06	-10
8.560083176e-06	4.92481203e-06	-10
8.560083176e-06	4.92481203e-06	-10
8.560083176e-06	4.92481203e-06	-10
8.560083176e-06	4.92481203e-06	-10
8.560083176e-06	4.92481203e-06	-10
8.560083176e-06	4.92481203e-06	-10
8.560083176e-06	4.92481203e-06	-10
8.560083176e-06	4.92481203e-06	0
8.541286184e-06	4.92481203e-06	0
8.522489191e-06	4.92481203e-06	0
8.503692199e-06	4.92481203e-06	0
8.484895206e-06	4.92481203e-06	0
8.466098214e-06	4.92481203e-06	0
8.447301221e-06	4.92481203e-06	0
8.428504229e-06	4.92481203e-06	0
8.409707236e-06	4.92481203e-06	0
8.409707236e-06	4.92481203e-06	-10
8.409707236e-06	4.92481203e-06	-10
8.409707236e-06	4.92481203e-06	-10
8.409707236e-06	4.92481203e-06	-10
8.409707236e-06	4.92481203e-06	-10
8.409707236e-06	4.92481203e-06	-10
8.409707236e-06	4.92481203e-06	-10
8.409707236e-06	4.92481203e-06	-10
8.409707236e-06	4.92481203e-06	-10
8.409707236e-06	4.92481203e-06	-10
8.409707236e-06	4.92481203e-06	-10
8.409707236e-06	4.92481203e-06	-10
8.409707236e-06	4.92481203e-06	-10
8.409707236e-06	4.92481203e-06	-10
8.409707236e-06	4.92481203e-06	-10
8.409707236e-06	4.92481203e-06	-10
8.409707236e-06	4.92481203e-06	-10
8.409707236e-06	4.92481203e-06	-10
8.409707236e-06	4.92481203e-06	-10
8.409707236e-06	4.92481203e-06	-10
8.409707236e-06	4.92481203e-06	-10
8.409707236e-06	4.92481203e-06	-10
8.409707236e-06	4.92481203e-06	-10
8.409707236e-06	4.92481203e-06	-10
8.409707236e-06	4.92481203e-06	-10
8.409707236e-06	4.92481203e-06	0
8.390910244e-06	4.92481203e-06	0
8.372113251e-06	4.92481203e-06	0
8.353316259e-06	4.92481203e-06	0
8.334519266e-06	4.92481203e-06	0
8.315722274e-06	4.92481203e-06	0
8.296925281e-06	4.92481203e-06	0
8.278128289e-06	4.92481203e-06	0
8.259331296e-06	4.92481203e-06	0
8.259331296e-06	4.92481203e-06	-10
8.259331296e-06	4.92481203e-06	-10
8.259331296e-06	4.92481203e-06	-10
8.259331296e-06	4.92481203e-06	-10
8.259331296e-06	4.92481203e-06	-10
8.259331296e-06	4.92481203e-06	-10
8.259331296e-06	4.92481203e-06	-10
8.259331296e-06	4.92481203e-06	-10
8.259331296e-06	4.92481203e-06	-10
8.259331296e-06	4.92481203e-06	-10
8.259331296e-06	4.92481203e-06	-10
8.259331296e-06	4.92481203e-06	-10
8.259331296e-06	4.92481203e-06	-10
8.259331296e-06	4.92481203e-06	-10
8.259331296e-06	4.92481203e-06	-10
8.259331296e-06	4.92481203e-06	-10
8.259331296e-06	4.92481203e-06	-10
8.259331296e-06	4.92481203e-06	-10
8.259331296e-06	4.92481203e-06	-10
8.259331296e-06	4.92481203e-06	-10
8.259331296e-06	4.92481203e-06	-10
8.259331296e-06	4.92481203e-06	-10
8.259331296e-06	4.92481203e-06	-10
8.259331296e-06	4.92481203e-06	-10
8.259331296e-06	4.92481203e-06	-10
8.259331296e-06	4.92481203e-06	0
8.240534304e-06	4.92481203e-06	0
8.221737311e-06	4.92481203e-06	0
8.202940319e-06	4.92481203e-06	0
8.184143326e-06	4.92481203e-06	0
8.165346334e-06	4.92481203e-06	0
8.146549341e-06	4.92481203e-06	0
8.127752349e-06	4.92481203e-06	0
8.108955356e-06	4.92481203e-06	0
8.108955356e-06	4.92481203e-06	-10
8.108955356e-06	4.92481203e-06	-10
8.108955356e-06	4.92481203e-06	-10
8.108955356e-06	4.92481203e-06	-10
8.108955356e-06	4.92481203e-06	-10
8.108955356e-06	4.92481203e-06	-10
8.108955356e-06	4.92481203e-06	-10
8.108955356e-06	4.92481203e-06	-10
8.108955356e-06	4.92481203e-06	-10
8.108955356e-06	4.92481203e-06	-10
8.108955356e-06	4.92481203e-06	-10
8.108955356e-06	4.92481203e-06	-10
8.108955356e-06	4.92481203e-06	-10
8.108955356e-06	4.92481203e-06	-10
8.108955356e-06	4.92481203e-06	-10
8.108955356e-06	4.92481203e-06	-10
8.108955356e-06	4.92481203e-06	-10
8.108955356e-06	4.92481203e-06	-10
8.108955356e-06	4.92481203e-06	-10
8.108955356e-06	4.92481203e-06	-10
8.108955356e-06	4.92481203e-06	-10
8.108955356e-06	4.92481203e-06	-10
8.108955356e-06	4.92481203e-06	-10
8.108955356e-06	4.92481203e-06	-10
8.108955356e-06	4.92481203e-06	-10
8.108955356e-06	4.92481203e-06	0
8.090158364e-06	4.92481203e-06	0
8.071361372e-06	4.92481203e-06	0
8.052564379e-06	4.92481203e-06	0
8.033767387e-06	4.92481203e-06	0
8.014970394e-06	4.92481203e-06	0
7.996173402e-06	4.92481203e-06	0
7.977376409e-06	4.92481203e-06	0
7.958579417e-06	4.92481203e-06	0
7.958579417e-06	4.92481203e-06	-10
7.958579417e-06	4.92481203e-06	-10
7.958579417e-06	4.92481203e-06	-10
7.958579417e-06	4.92481203e-06	-10
7.958579417e-06	4.92481203e-06	-10
7.958579417e-06	4.92481203e-06	-10
7.958579417e-06	4.92481203e-06	-10
7.958579417e-06	4.92481203e-06	-10
7.958579417e-06	4.92481203e-06	-10
7.958579417e-06	4.92481203e-06	-10
7.958579417e-06	4.92481203e-06	-10
7.958579417e-06	4.92481203e-06	-10
7.958579417e-06	4.92481203e-06	-10
7.958579417e-06	4.92481203e-06	-10
7.958579417e-06	4.92481203e-06	-10
7.958579417e-06	4.92481203e-06	-10
7.958579417e-06	4.92481203e-06	-10
7.958579417e-06	4.92481203e-06	-10
7.958579417e-06	4.92481203e-06	-10
7.958579417e-06	4.92481203e-06	-10
7.958579417e-06	4.92481203e-06	-10
7.958579417e-06	4.92481203e-06	-10
7.958579417e-06	4.92481203e-06	-10
7.958579417e-06	4.92481203e-06	-10
7.958579417e-06	4.92481203e-06	-10
7.958579417e-06	4.92481203e-06	0
7.939782424e-06	4.92481203e-06	0
7.920985432e-06	4.92481203e-06	0
7.902188439e-06	4.92481203e-06	0
7.883391447e-06	4.92481203e-06	0
7.864594454e-06	4.92481203e-06	0
7.845797462e-06	4.92481203e-06	0
7.827000469e-06	4.92481203e-06	0
7.808203477e-06	4.92481203e-06	0
7.808203477e-06	4.92481203e-06	-10
7.808203477e-06	4.92481203e-06	-10
7.808203477e-06	4.92481203e-06	-10
7.808203477e-06	4.92481203e-06	-10
7.808203477e-06	4.92481203e-06	-10
7.808203477e-06	4.92481203e-06	-10
7.808203477e-06	4.92481203e-06	-10
7.808203477e-06	4.92481203e-06	-10
7.808203477e-06	4.92481203e-06	-10
7.808203477e-06	4.92481203e-06	-10
7.808203477e-06	4.92481203e-06	-10
7.808203477e-06	4.92481203e-06	-10
7.808203477e-06	4.92481203e-06	-10
7.808203477e-06	4.92481203e-06	-10
7.808203477e-06	4.92481203e-06	-10
7.808203477e-06	4.92481203e-06	-10
7.808203477e-06	4.92481203e-06	-10
7.808203477e-06	4.92481203e-06	-10
7.808203477e-06	4.92481203e-06	-10
7.808203477e-06	4.92481203e-06	-10
7.808203477e-06	4.92481203e-06	-10
7.808203477e-06	4.92481203e-06	-10
7.808203477e-06	4.92481203e-06	-10
7.808203477e-06	4.92481203e-06	-10
7.808203477e-06	4.92481203e-06	-10
7.808203477e-06	4.92481203e-06	0
7.789406484e-06	4.92481203e-06	0
7.770609492e-06	4.92481203e-06	0
7.751812499e-06	4.92481203e-06	0
7.733015507e-06	4.92481203e-06	0
7.714218514e-06	4.92481203e-06	0
7.695421522e-06	4.92481203e-06	0
7.676624529e-06	4.92481203e-06	0
7.657827537e-06	4.92481203e-06	0
7.657827537e-06	4.92481203e-06	-10
7.657827537e-06	4.92481203e-06	-10
7.657827537e-06	4.92481203e-06	-10
7.657827537e-06	4.92481203e-06	-10
7.657827537e-06	4.92481203e-06	-10
7.657827537e-06	4.92481203e-06	-10
7.657827537e-06	4.92481203e-06	-10
7.657827537e-06	4.92481203e-06	-10
7.657827537e-06	4.92481203e-06	-10
7.657827537e-06	4.92481203e-06	-10
7.657827537e-06	4.92481203e-06	-10
7.657827537e-06	4.92481203e-06	-10
7.657827537e-06	4.92481203e-06	-10
7.657827537e-06	4.92481203e-06	-10
7.657827537e-06	4.92481203e-06	-10
7.657827537e-06	4.92481203e-06	-10
7.657827537e-06	4.92481203e-06	-10
7.657827537e-06	4.92481203e-06	-10
7.657827537e-06	4.92481203e-06	-10
7.657827537e-06	4.92481203e-06	-10
7.657827537e-06	4.92481203e-06	-10
7.657827537e-06	4.92481203e-06	-10
7.657827537e-06	4.92481203e-06	-10
7.657827537e-06	4.92481203e-06	-10
7.657827537e-06	4.92481203e-06	-10
7.657827537e-06	4.92481203e-06	0
7.639030544e-06	4.92481203e-06	0
7.620233552e-06	4.92481203e-06	0
7.601436559e-06	4.92481203e-06	0
7.582639567e-06	4.92481203e-06	0
7.563842575e-06	4.92481203e-06	0
7.545045582e-06	4.92481203e-06	0
7.52624859e-06	4.92481203e-06	0
7.507451597e-06	4.92481203e-06	0
7.507451597e-06	4.92481203e-06	-10
7.507451597e-06	4.92481203e-06	-10
7.507451597e-06	4.92481203e-06	-10
7.507451597e-06	4.92481203e-06	-10
7.507451597e-06	4.92481203e-06	-10
7.507451597e-06	4.92481203e-06	-10
7.507451597e-06	4.92481203e-06	-10
7.507451597e-06	4.92481203e-06	-10
7.507451597e-06	4.92481203e-06	-10
7.507451597e-06	4.92481203e-06	-10
7.507451597e-06	4.92481203e-06	-10
7.507451597e-06	4.92481203e-06	-10
7.507451597e-06	4.92481203e-06	-10
7.507451597e-06	4.92481203e-06	-10
7.507451597e-06	4.92481203e-06	-10
7.507451597e-06	4.92481203e-06	-10
7.507451597e-06	4.92481203e-06	-10
7.507451597e-06	4.92481203e-06	-10
7.507451597e-06	4.92481203e-06	-10
7.507451597e-06	4.92481203e-06	-10
7.507451597e-06	4.92481203e-06	-10
7.507451597e-06	4.92481203e-06	-10
7.507451597e-06	4.92481203e-06	-10
7.507451597e-06	4.92481203e-06	-10
7.507451597e-06	4.92481203e-06	-10
7.507451597e-06	4.92481203e-06	0
7.488654605e-06	4.92481203e-06	0
7.469857612e-06	4.92481203e-06	0
7.45106062e-06	4.92481203e-06	0
7.432263627e-06	4.92481203e-06	0
7.413466635e-06	4.92481203e-06	0
7.394669642e-06	4.92481203e-06	0
7.37587265e-06	4.92481203e-06	0
7.357075657e-06	4.92481203e-06	0
7.357075657e-06	4.92481203e-06	-10
7.357075657e-06	4.92481203e-06	-10
7.357075657e-06	4.92481203e-06	-10
7.357075657e-06	4.92481203e-06	-10
7.357075657e-06	4.92481203e-06	-10
7.357075657e-06	4.92481203e-06	-10
7.357075657e-06	4.92481203e-06	-10
7.357075657e-06	4.92481203e-06	-10
7.357075657e-06	4.92481203e-06	-10
7.357075657e-06	4.92481203e-06	-10
7.357075657e-06	4.92481203e-06	-10
7.357075657e-06	4.92481203e-06	-10
7.357075657e-06	4.92481203e-06	-10
7.357075657e-06	4.92481203e-06	-10
7.357075657e-06	4.92481203e-06	-10
7.357075657e-06	4.92481203e-06	-10
7.357075657e-06	4.92481203e-06	-10
7.357075657e-06	4.92481203e-06	-10
7.357075657e-06	4.92481203e-06	-10
7.357075657e-06	4.92481203e-06	-10
7.357075657e-06	4.92481203e-06	-10
7.357075657e-06	4.92481203e-06	-10
7.357075657e-06	4.92481203e-06	-10
7.357075657e-06	4.92481203e-06	-10
7.357075657e-06	4.92481203e-06	-10
7.357075657e-06	4.92481203e-06	0
7.338278665e-06	4.92481203e-06	0
7.319481672e-06	4.92481203e-06	0
7.30068468e-06	4.92481203e-06	0
7.281887687e-06	4.92481203e-06	0
7.263090695e-06	4.92481203e-06	0
7.244293702e-06	4.92481203e-06	0
7.22549671e-06	4.92481203e-06	0
7.206699717e-06	4.92481203e-06	0
7.206699717e-06	4.92481203e-06	-10
7.206699717e-06	4.92481203e-06	-10
7.206699717e-06	4.92481203e-06	-10
7.206699717e-06	4.92481203e-06	-10
7.206699717e-06	4.92481203e-06	-10
7.206699717e-06	4.92481203e-06	-10
7.206699717e-06	4.92481203e-06	-10
7.206699717e-06	4.92481203e-06	-10
7.206699717e-06	4.92481203e-06	-10
7.206699717e-06	4.92481203e-06	-10
7.206699717e-06	4.92481203e-06	-10
7.206699717e-06	4.92481203e-06	-10
7.206699717e-06	4.92481203e-06	-10
7.206699717e-06	4.92481203e-06	-10
7.206699717e-06	4.92481203e-06	-10
7.206699717e-06	4.92481203e-06	-10
7.206699717e-06	4.92481203e-06	-10
7.206699717e-06	4.92481203e-06	-10
7.206699717e-06	4.92481203e-06	-10
7.206699717e-06	4.92481203e-06	-10
7.206699717e-06	4.92481203e-06	-10
7.206699717e-06	4.92481203e-06	-10
7.206699717e-06	4.92481203e-06	-10
7.206699717e-06	4.92481203e-06	-10
7.206699717e-06	4.92481203e-06	-10
7.206699717e-06	4.92481203e-06	0
7.187902725e-06	4.92481203e-06	0
7.169105732e-06	4.92481203e-06	0
7.15030874e-06	4.92481203e-06	0
7.131511747e-06	4.92481203e-06	0
7.112714755e-06	4.92481203e-06	0
7.093917763e-06	4.92481203e-06	0
7.07512077e-06	4.92481203e-06	0
7.056323778e-06	4.92481203e-06	0
7.056323778e-06	4.92481203e-06	-10
7.056323778e-06	4.92481203e-06	-10
7.056323778e-06	4.92481203e-06	-10
7.056323778e-06	4.92481203e-06	-10
7.056323778e-06	4.92481203e-06	-10
7.056323778e-06	4.92481203e-06	-10
7.056323778e-06	4.92481203e-06	-10
7.056323778e-06	4.92481203e-06	-10
7.056323778e-06	4.92481203e-06	-10
7.056323778e-06	4.92481203e-06	-10
7.056323778e-06	4.92481203e-06	-10
7.056323778e-06	4.92481203e-06	-10
7.056323778e-06	4.92481203e-06	-10
7.056323778e-06	4.92481203e-06	-10
7.056323778e-06	4.92481203e-06	-10
7.056323778e-06	4.92481203e-06	-10
7.056323778e-06	4.92481203e-06	-10
7.056323778e-06	4.92481203e-06	-10
7.056323778e-06	4.92481203e-06	-10
7.056323778e-06	4.92481203e-06	-10
7.056323778e-06	4.92481203e-06	-10
7.056323778e-06	4.92481203e-06	-10
7.056323778e-06	4.92481203e-06	-10
7.056323778e-06	4.92481203e-06	-10
7.056323778e-06	4.92481203e-06	-10
7.056323778e-06	4.92481203e-06	0
7.037526785e-06	4.92481203e-06	0
7.018729793e-06	4.92481203e-06	0
6.9999328e-06	4.92481203e-06	0
6.981135808e-06	4.92481203e-06	0
6.962338815e-06	4.92481203e-06	0
6.943541823e-06	4.92481203e-06	0
6.92474483e-06	4.92481203e-06	0
6.905947838e-06	4.92481203e-06	0
6.905947838e-06	4.92481203e-06	-10
6.905947838e-06	4.92481203e-06	-10
6.905947838e-06	4.92481203e-06	-10
6.905947838e-06	4.92481203e-06	-10
6.905947838e-06	4.92481203e-06	-10
6.905947838e-06	4.92481203e-06	-10
6.905947838e-06	4.92481203e-06	-10
6.905947838e-06	4.92481203e-06	-10
6.905947838e-06	4.92481203e-06	-10
6.905947838e-06	4.92481203e-06	-10
6.905947838e-06	4.92481203e-06	-10
6.905947838e-06	4.92481203e-06	-10
6.905947838e-06	4.92481203e-06	-10
6.905947838e-06	4.92481203e-06	-10
6.905947838e-06	4.92481203e-06	-10
6.905947838e-06	4.92481203e-06	-10
6.905947838e-06	4.92481203e-06	-10
6.905947838e-06	4.92481203e-06	-10
6.905947838e-06	4.92481203e-06	-10
6.905947838e-06	4.92481203e-06	-10
6.905947838e-06	4.92481203e-06	-10
6.905947838e-06	4.92481203e-06	-10
6.905947838e-06	4.92481203e-06	-10
6.905947838e-06	4.92481203e-06	-10
6.905947838e-06	4.92481203e-06	-10
6.905947838e-06	4.92481203e-06	0
6.887150845e-06	4.92481203e-06	0
6.868353853e-06	4.92481203e-06	0
6.84955686e-06	4.92481203e-06	0
6.830759868e-06	4.92481203e-06	0
6.811962875e-06	4.92481203e-06	0
6.793165883e-06	4.92481203e-06	0
6.77436889e-06	4.92481203e-06	0
6.755571898e-06	4.92481203e-06	0
6.755571898e-06	4.92481203e-06	-10
6.755571898e-06	4.92481203e-06	-10
6.755571898e-06	4.92481203e-06	-10
6.755571898e-06	4.92481203e-06	-10
6.755571898e-06	4.92481203e-06	-10
6.755571898e-06	4.92481203e-06	-10
6.755571898e-06	4.92481203e-06	-10
6.755571898e-06	4.92481203e-06	-10
6.755571898e-06	4.92481203e-06	-10
6.755571898e-06	4.92481203e-06	-10
6.755571898e-06	4.92481203e-06	-10
6.755571898e-06	4.92481203e-06	-10
6.755571898e-06	4.92481203e-06	-10
6.755571898e-06	4.92481203e-06	-10
6.755571898e-06	4.92481203e-06	-10
6.755571898e-06	4.92481203e-06	-10
6.755571898e-06	4.92481203e-06	-10
6.755571898e-06	4.92481203e-06	-10
6.755571898e-06	4.92481203e-06	-10
6.755571898e-06	4.92481203e-06	-10
6.755571898e-06	4.92481203e-06	-10
6.755571898e-06	4.92481203e-06	-10
6.755571898e-06	4.92481203e-06	-10
6.755571898e-06	4.92481203e-06	-10
6.755571898e-06	4.92481203e-06	-10
6.755571898e-06	4.92481203e-06	0
6.736774905e-06	4.92481203e-06	0
6.717977913e-06	4.92481203e-06	0
6.69918092e-06	4.92481203e-06	0
6.680383928e-06	4.92481203e-06	0
6.661586935e-06	4.92481203e-06	0
6.642789943e-06	4.92481203e-06	0
6.62399295e-06	4.92481203e-06	0
6.605195958e-06	4.92481203e-06	0
6.605195958e-06	4.92481203e-06	-10
6.605195958e-06	4.92481203e-06	-10
6.605195958e-06	4.92481203e-06	-10
6.605195958e-06	4.92481203e-06	-10
6.605195958e-06	4.92481203e-06	-10
6.605195958e-06	4.92481203e-06	-10
6.605195958e-06	4.92481203e-06	-10
6.605195958e-06	4.92481203e-06	-10
6.605195958e-06	4.92481203e-06	-10
6.605195958e-06	4.92481203e-06	-10
6.605195958e-06	4.92481203e-06	-10
6.605195958e-06	4.92481203e-06	-10
6.605195958e-06	4.92481203e-06	-10
6.605195958e-06	4.92481203e-06	-10
6.605195958e-06	4.92481203e-06	-10
6.605195958e-06	4.92481203e-06	-10
6.605195958e-06	4.92481203e-06	-10
6.605195958e-06	4.92481203e-06	-10
6.605195958e-06	4.92481203e-06	-10
6.605195958e-06	4.92481203e-06	-10
6.605195958e-06	4.92481203e-06	-10
6.605195958e-06	4.92481203e-06	-10
6.605195958e-06	4.92481203e-06	-10
6.605195958e-06	4.92481203e-06	-10
6.605195958e-06	4.92481203e-06	-10
6.605195958e-06	4.92481203e-06	0
6.605195958e-06	4.943609023e-06	0
6.605195958e-06	4.962406015e-06	0
6.605195958e-06	4.981203008e-06	0
6.605195958e-06	5e-06	0
6.605195958e-06	5.018796992e-06	0
6.605195958e-06	5.037593985e-06	0
6.605195958e-06	5.056390977e-06	0
6.605195958e-06	5.07518797e-06	0
6.605195958e-06	5.07518797e-06	10
6.605195958e-06	5.07518797e-06	10
6.605195958e-06	5.07518797e-06	10
6.605195958e-06	5.07518797e-06	10
6.605195958e-06	5.07518797e-06	10
6.605195958e-06	5.07518797e-06	10
6.605195958e-06	5.07518797e-06	10
6.605195958e-06	5.07518797e-06	10
6.605195958e-06	5.07518797e-06	10
6.605195958e-06	5.07518797e-06	10
6.605195958e-06	5.07518797e-06	10
6.605195958e-06	5.07518797e-06	10
6.605195958e-06	5.07518797e-06	10
6.605195958e-06	5.07518797e-06	10
6.605195958e-06	5.07518797e-06	10
6.605195958e-06	5.07518797e-06	10
6.605195958e-06	5.07518797e-06	10
6.605195958e-06	5.07518797e-06	10
6.605195958e-06	5.07518797e-06	10
6.605195958e-06	5.07518797e-06	10
6.605195958e-06	5.07518797e-06	10
6.605195958e-06	5.07518797e-06	10
6.605195958e-06	5.07518797e-06	10
6.605195958e-06	5.07518797e-06	10
6.605195958e-06	5.07518797e-06	10
6.605195958e-06	5.07518797e-06	0
6.62399295e-06	5.07518797e-06	0
6.642789943e-06	5.07518797e-06	0
6.661586935e-06	5.07518797e-06	0
6.680383928e-06	5.07518797e-06	0
6.69918092e-06	5.07518797e-06	0
6.717977913e-06	5.07518797e-06	0
6.736774905e-06	5.07518797e-06	0
6.755571898e-06	5.07518797e-06	0
6.755571898e-06	5.07518797e-06	10
6.755571898e-06	5.07518797e-06	10
6.755571898e-06	5.07518797e-06	10
6.755571898e-06	5.07518797e-06	10
6.755571898e-06	5.07518797e-06	10
6.755571898e-06	5.07518797e-06	10
6.755571898e-06	5.07518797e-06	10
6.755571898e-06	5.07518797e-06	10
6.755571898e-06	5.07518797e-06	10
6.755571898e-06	5.07518797e-06	10
6.755571898e-06	5.07518797e-06	10
6.755571898e-06	5.07518797e-06	10
6.755571898e-06	5.07518797e-06	10
6.755571898e-06	5.07518797e-06	10
6.755571898e-06	5.07518797e-06	10
6.755571898e-06	5.07518797e-06	10
6.755571898e-06	5.07518797e-06	10
6.755571898e-06	5.07518797e-06	10
6.755571898e-06	5.07518797e-06	10
6.755571898e-06	5.07518797e-06	10
6.755571898e-06	5.07518797e-06	10
6.755571898e-06	5.07518797e-06	10
6.755571898e-06	5.07518797e-06	10
6.755571898e-06	5.07518797e-06	10
6.755571898e-06	5.07518797e-06	10
6.755571898e-06	5.07518797e-06	0
6.77436889e-06	5.07518797e-06	0
6.793165883e-06	5.07518797e-06	0
6.811962875e-06	5.07518797e-06	0
6.830759868e-06	5.07518797e-06	0
6.84955686e-06	5.07518797e-06	0
6.868353853e-06	5.07518797e-06	0
6.887150845e-06	5.07518797e-06	0
6.905947838e-06	5.07518797e-06	0
6.905947838e-06	5.07518797e-06	10
6.905947838e-06	5.07518797e-06	10
6.905947838e-06	5.07518797e-06	10
6.905947838e-06	5.07518797e-06	10
6.905947838e-06	5.07518797e-06	10
6.905947838e-06	5.07518797e-06	10
6.905947838e-06	5.07518797e-06	10
6.905947838e-06	5.07518797e-06	10
6.905947838e-06	5.07518797e-06	10
6.905947838e-06	5.07518797e-06	10
6.905947838e-06	5.07518797e-06	10
6.905947838e-06	5.07518797e-06	10
6.905947838e-06	5.07518797e-06	10
6.905947838e-06	5.07518797e-06	10
6.905947838e-06	5.07518797e-06	10
6.905947838e-06	5.07518797e-06	10
6.905947838e-06	5.07518797e-06	10
6.905947838e-06	5.07518797e-06	10
6.905947838e-06	5.07518797e-06	10
6.905947838e-06	5.07518797e-06	10
6.905947838e-06	5.07518797e-06	10
6.905947838e-06	5.07518797e-06	10
6.905947838e-06	5.07518797e-06	10
6.905947838e-06	5.07518797e-06	10
6.905947838e-06	5.07518797e-06	10
6.905947838e-06	5.07518797e-06	0
6.92474483e-06	5.07518797e-06	0
6.943541823e-06	5.07518797e-06	0
6.962338815e-06	5.07518797e-06	0
6.981135808e-06	5.07518797e-06	0
6.9999328e-06	5.07518797e-06	0
7.018729793e-06	5.07518797e-06	0
7.037526785e-06	5.07518797e-06	0
7.056323778e-06	5.07518797e-06	0
7.056323778e-06	5.07518797e-06	10
7.056323778e-06	5.07518797e-06	10
7.056323778e-06	5.07518797e-06	10
7.056323778e-06	5.07518797e-06	10
7.056323778e-06	5.07518797e-06	10
7.056323778e-06	5.07518797e-06	10
7.056323778e-06	5.07518797e-06	10
7.056323778e-06	5.07518797e-06	10
7.056323778e-06	5.07518797e-06	10
7.056323778e-06	5.07518797e-06	10
7.056323778e-06	5.07518797e-06	10
7.056323778e-06	5.07518797e-06	10
7.056323778e-06	5.07518797e-06	10
7.056323778e-06	5.07518797e-06	10
7.056323778e-06	5.07518797e-06	10
7.056323778e-06	5.07518797e-06	10
7.056323778e-06	5.07518797e-06	10
7.056323778e-06	5.07518797e-06	10
7.056323778e-06	5.07518797e-06	10
7.056323778e-06	5.07518797e-06	10
7.056323778e-06	5.07518797e-06	10
7.056323778e-06	5.07518797e-06	10
7.056323778e-06	5.07518797e-06	10
7.056323778e-06	5.07518797e-06	10
7.056323778e-06	5.07518797e-06	10
7.056323778e-06	5.07518797e-06	0
7.07512077e-06	5.07518797e-06	0
7.093917763e-06	5.07518797e-06	0
7.112714755e-06	5.07518797e-06	0
7.131511747e-06	5.07518797e-06	0
7.15030874e-06	5.07518797e-06	0
7.169105732e-06	5.07518797e-06	0
7.187902725e-06	5.07518797e-06	0
7.206699717e-06	5.07518797e-06	0
7.206699717e-06	5.07518797e-06	10
7.206699717e-06	5.07518797e-06	10
7.206699717e-06	5.07518797e-06	10
7.206699717e-06	5.07518797e-06	10
7.206699717e-06	5.07518797e-06	10
7.206699717e-06	5.07518797e-06	10
7.206699717e-06	5.07518797e-06	10
7.206699717e-06	5.07518797e-06	10
7.206699717e-06	5.07518797e-06	10
7.206699717e-06	5.07518797e-06	10
7.206699717e-06	5.07518797e-06	10
7.206699717e-06	5.07518797e-06	10
7.206699717e-06	5.07518797e-06	10
7.206699717e-06	5.07518797e-06	10
7.206699717e-06	5.07518797e-06	10
7.206699717e-06	5.07518797e-06	10
7.206699717e-06	5.07518797e-06	10
7.206699717e-06	5.07518797e-06	10
7.206699717e-06	5.07518797e-06	10
7.206699717e-06	5.07518797e-06	10
7.206699717e-06	5.07518797e-06	10
7.206699717e-06	5.07518797e-06	10
7.206699717e-06	5.07518797e-06	10
7.206699717e-06	5.07518797e-06	10
7.206699717e-06	5.07518797e-06	10
7.206699717e-06	5.07518797e-06	0
7.22549671e-06	5.07518797e-06	0
7.244293702e-06	5.07518797e-06	0
7.263090695e-06	5.07518797e-06	0
7.281887687e-06	5.07518797e-06	0
7.30068468e-06	5.07518797e-06	0
7.319481672e-06	5.07518797e-06	0
7.338278665e-06	5.07518797e-06	0
7.357075657e-06	5.07518797e-06	0
7.357075657e-06	5.07518797e-06	10
7.357075657e-06	5.07518797e-06	10
7.357075657e-06	5.07518797e-06	10
7.357075657e-06	5.07518797e-06	10
7.357075657e-06	5.07518797e-06	10
7.357075657e-06	5.07518797e-06	10
7.357075657e-06	5.07518797e-06	10
7.357075657e-06	5.07518797e-06	10
7.357075657e-06	5.07518797e-06	10
7.357075657e-06	5.07518797e-06	10
7.357075657e-06	5.07518797e-06	10
7.357075657e-06	5.07518797e-06	10
7.357075657e-06	5.07518797e-06	10
7.357075657e-06	5.07518797e-06	10
7.357075657e-06	5.07518797e-06	10
7.357075657e-06	5.07518797e-06	10
7.357075657e-06	5.07518797e-06	10
7.357075657e-06	5.07518797e-06	10
7.357075657e-06	5.07518797e-06	10
7.357075657e-06	5.07518797e-06	10
7.357075657e-06	5.07518797e-06	10
7.357075657e-06	5.07518797e-06	10
7.357075657e-06	5.07518797e-06	10
7.357075657e-06	5.07518797e-06	10
7.357075657e-06	5.07518797e-06	10
7.357075657e-06	5.07518797e-06	0
7.37587265e-06	5.07518797e-06	0
7.394669642e-06	5.07518797e-06	0
7.413466635e-06	5.07518797e-06	0
7.432263627e-06	5.07518797e-06	0
7.45106062e-06	5.07518797e-06	0
7.469857612e-06	5.07518797e-06	0
7.488654605e-06	5.07518797e-06	0
7.507451597e-06	5.07518797e-06	0
7.507451597e-06	5.07518797e-06	10
7.507451597e-06	5.07518797e-06	10
7.507451597e-06	5.07518797e-06	10
7.507451597e-06	5.07518797e-06	10
7.507451597e-06	5.07518797e-06	10
7.507451597e-06	5.07518797e-06	10
7.507451597e-06	5.07518797e-06	10
7.507451597e-06	5.07518797e-06	10
7.507451597e-06	5.07518797e-06	10
7.507451597e-06	5.07518797e-06	10
7.507451597e-06	5.07518797e-06	10
7.507451597e-06	5.07518797e-06	10
7.507451597e-06	5.07518797e-06	10
7.507451597e-06	5.07518797e-06	10
7.507451597e-06	5.07518797e-06	10
7.507451597e-06	5.07518797e-06	10
7.507451597e-06	5.07518797e-06	10
7.507451597e-06	5.07518797e-06	10
7.507451597e-06	5.07518797e-06	10
7.507451597e-06	5.07518797e-06	10
7.507451597e-06	5.07518797e-06	10
7.507451597e-06	5.07518797e-06	10
7.507451597e-06	5.07518797e-06	10
7.507451597e-06	5.07518797e-06	10
7.507451597e-06	5.07518797e-06	10
7.507451597e-06	5.07518797e-06	0
7.52624859e-06	5.07518797e-06	0
7.545045582e-06	5.07518797e-06	0
7.563842575e-06	5.07518797e-06	0
7.582639567e-06	5.07518797e-06	0
7.601436559e-06	5.07518797e-06	0
7.620233552e-06	5.07518797e-06	0
7.639030544e-06	5.07518797e-06	0
7.657827537e-06	5.07518797e-06	0
7.657827537e-06	5.07518797e-06	10
7.657827537e-06	5.07518797e-06	10
7.657827537e-06	5.07518797e-06	10
7.657827537e-06	5.07518797e-06	10
7.657827537e-06	5.07518797e-06	10
7.657827537e-06	5.07518797e-06	10
7.657827537e-06	5.07518797e-06	10
7.657827537e-06	5.07518797e-06	10
7.657827537e-06	5.07518797e-06	10
7.657827537e-06	5.07518797e-06	10
7.657827537e-06	5.07518797e-06	10
7.657827537e-06	5.07518797e-06	10
7.657827537e-06	5.07518797e-06	10
7.657827537e-06	5.07518797e-06	10
7.657827537e-06	5.07518797e-06	10
7.657827537e-06	5.07518797e-06	10
7.657827537e-06	5.07518797e-06	10
7.657827537e-06	5.07518797e-06	10
7.657827537e-06	5.07518797e-06	10
7.657827537e-06	5.07518797e-06	10
7.657827537e-06	5.07518797e-06	10
7.657827537e-06	5.07518797e-06	10
7.657827537e-06	5.07518797e-06	10
7.657827537e-06	5.07518797e-06	10
7.657827537e-06	5.07518797e-06	10
7.657827537e-06	5.07518797e-06	0
7.676624529e-06	5.07518797e-06	0
7.695421522e-06	5.07518797e-06	0
7.714218514e-06	5.07518797e-06	0
7.733015507e-06	5.07518797e-06	0
7.751812499e-06	5.07518797e-06	0
7.770609492e-06	5.07518797e-06	0
7.789406484e-06	5.07518797e-06	0
7.808203477e-06	5.07518797e-06	0
7.808203477e-06	5.07518797e-06	10
7.808203477e-06	5.07518797e-06	10
7.808203477e-06	5.07518797e-06	10
7.808203477e-06	5.07518797e-06	10
7.808203477e-06	5.07518797e-06	10
7.808203477e-06	5.07518797e-06	10
7.808203477e-06	5.07518797e-06	10
7.808203477e-06	5.07518797e-06	10
7.808203477e-06	5.07518797e-06	10
7.808203477e-06	5.07518797e-06	10
7.808203477e-06	5.07518797e-06	10
7.808203477e-06	5.07518797e-06	10
7.808203477e-06	5.07518797e-06	10
7.808203477e-06	5.07518797e-06	10
7.808203477e-06	5.07518797e-06	10
7.808203477e-06	5.07518797e-06	10
7.808203477e-06	5.07518797e-06	10
7.808203477e-06	5.07518797e-06	10
7.808203477e-06	5.07518797e-06	10
7.808203477e-06	5.07518797e-06	10
7.808203477e-06	5.07518797e-06	10
7.808203477e-06	5.07518797e-06	10
7.808203477e-06	5.07518797e-06	10
7.808203477e-06	5.07518797e-06	10
7.808203477e-06	5.07518797e-06	10
7.808203477e-06	5.07518797e-06	0
7.827000469e-06	5.07518797e-06	0
7.845797462e-06	5.07518797e-06	0
7.864594454e-06	5.07518797e-06	0
7.883391447e-06	5.07518797e-06	0
7.902188439e-06	5.07518797e-06	0
7.920985432e-06	5.07518797e-06	0
7.939782424e-06	5.07518797e-06	0
7.958579417e-06	5.07518797e-06	0
7.958579417e-06	5.07518797e-06	10
7.958579417e-06	5.07518797e-06	10
7.958579417e-06	5.07518797e-06	10
7.958579417e-06	5.07518797e-06	10
7.958579417e-06	5.07518797e-06	10
7.958579417e-06	5.07518797e-06	10
7.958579417e-06	5.07518797e-06	10
7.958579417e-06	5.07518797e-06	10
7.958579417e-06	5.07518797e-06	10
7.958579417e-06	5.07518797e-06	10
7.958579417e-06	5.07518797e-06	10
7.958579417e-06	5.07518797e-06	10
7.958579417e-06	5.07518797e-06	10
7.958579417e-06	5.07518797e-06	10
7.958579417e-06	5.07518797e-06	10
7.958579417e-06	5.07518797e-06	10
7.958579417e-06	5.07518797e-06	10
7.958579417e-06	5.07518797e-06	10
7.958579417e-06	5.07518797e-06	10
7.958579417e-06	5.07518797e-06	10
7.958579417e-06	5.07518797e-06	10
7.958579417e-06	5.07518797e-06	10
7.958579417e-06	5.07518797e-06	10
7.958579417e-06	5.07518797e-06	10
7.958579417e-06	5.07518797e-06	10
7.958579417e-06	5.07518797e-06	0
7.977376409e-06	5.07518797e-06	0
7.996173402e-06	5.07518797e-06	0
8.014970394e-06	5.07518797e-06	0
8.033767387e-06	5.07518797e-06	0
8.052564379e-06	5.07518797e-06	0
8.071361372e-06	5.07518797e-06	0
8.090158364e-06	5.07518797e-06	0
8.108955356e-06	5.07518797e-06	0
8.108955356e-06	5.07518797e-06	10
8.108955356e-06	5.07518797e-06	10
8.108955356e-06	5.07518797e-06	10
8.108955356e-06	5.07518797e-06	10
8.108955356e-06	5.07518797e-06	10
8.108955356e-06	5.07518797e-06	10
8.108955356e-06	5.07518797e-06	10
8.108955356e-06	5.07518797e-06	10
8.108955356e-06	5.07518797e-06	10
8.108955356e-06	5.07518797e-06	10
8.108955356e-06	5.07518797e-06	10
8.108955356e-06	5.07518797e-06	10
8.108955356e-06	5.07518797e-06	10
8.108955356e-06	5.07518797e-06	10
8.108955356e-06	5.07518797e-06	10
8.108955356e-06	5.07518797e-06	10
8.108955356e-06	5.07518797e-06	10
8.108955356e-06	5.07518797e-06	10
8.108955356e-06	5.07518797e-06	10
8.108955356e-06	5.07518797e-06	10
8.108955356e-06	5.07518797e-06	10
8.108955356e-06	5.07518797e-06	10
8.108955356e-06	5.07518797e-06	10
8.108955356e-06	5.07518797e-06	10
8.108955356e-06	5.07518797e-06	10
8.108955356e-06	5.07518797e-06	0
8.127752349e-06	5.07518797e-06	0
8.146549341e-06	5.07518797e-06	0
8.165346334e-06	5.07518797e-06	0
8.184143326e-06	5.07518797e-06	0
8.202940319e-06	5.07518797e-06	0
8.221737311e-06	5.07518797e-06	0
8.240534304e-06	5.07518797e-06	0
8.259331296e-06	5.07518797e-06	0
8.259331296e-06	5.07518797e-06	10
8.259331296e-06	5.07518797e-06	10
8.259331296e-06	5.07518797e-06	10
8.259331296e-06	5.07518797e-06	10
8.259331296e-06	5.07518797e-06	10
8.259331296e-06	5.07518797e-06	10
8.259331296e-06	5.07518797e-06	10
8.259331296e-06	5.07518797e-06	10
8.259331296e-06	5.07518797e-06	10
8.259331296e-06	5.07518797e-06	10
8.259331296e-06	5.07518797e-06	10
8.259331296e-06	5.07518797e-06	10
8.259331296e-06	5.07518797e-06	10
8.259331296e-06	5.07518797e-06	10
8.259331296e-06	5.07518797e-06	10
8.259331296e-06	5.07518797e-06	10
8.259331296e-06	5.07518797e-06	10
8.259331296e-06	5.07518797e-06	10
8.259331296e-06	5.07518797e-06	10
8.259331296e-06	5.07518797e-06	10
8.259331296e-06	5.07518797e-06	10
8.259331296e-06	5.07518797e-06	10
8.259331296e-06	5.07518797e-06	10
8.259331296e-06	5.07518797e-06	10
8.259331296e-06	5.07518797e-06	10
8.259331296e-06	5.07518797e-06	0
8.278128289e-06	5.07518797e-06	0
8.296925281e-06	5.07518797e-06	0
8.315722274e-06	5.07518797e-06	0
8.334519266e-06	5.07518797e-06	0
8.353316259e-06	5.07518797e-06	0
8.372113251e-06	5.07518797e-06	0
8.390910244e-06	5.07518797e-06	0
8.409707236e-06	5.07518797e-06	0
8.409707236e-06	5.07518797e-06	10
8.409707236e-06	5.07518797e-06	10
8.409707236e-06	5.07518797e-06	10
8.409707236e-06	5.07518797e-06	10
8.409707236e-06	5.07518797e-06	10
8.409707236e-06	5.07518797e-06	10
8.409707236e-06	5.07518797e-06	10
8.409707236e-06	5.07518797e-06	10
8.409707236e-06	5.07518797e-06	10
8.409707236e-06	5.07518797e-06	10
8.409707236e-06	5.07518797e-06	10
8.409707236e-06	5.07518797e-06	10
8.409707236e-06	5.07518797e-06	10
8.409707236e-06	5.07518797e-06	10
8.409707236e-06	5.07518797e-06	10
8.409707236e-06	5.07518797e-06	10
8.409707236e-06	5.07518797e-06	10
8.409707236e-06	5.07518797e-06	10
8.409707236e-06	5.07518797e-06	10
8.409707236e-06	5.07518797e-06	10
8.409707236e-06	5.07518797e-06	10
8.409707236e-06	5.07518797e-06	10
8.409707236e-06	5.07518797e-06	10
8.409707236e-06	5.07518797e-06	10
8.409707236e-06	5.07518797e-06	10
8.409707236e-06	5.07518797e-06	0
8.428504229e-06	5.07518797e-06	0
8.447301221e-06	5.07518797e-06	0
8.466098214e-06	5.07518797e-06	0
8.484895206e-06	5.07518797e-06	0
8.503692199e-06	5.07518797e-06	0
8.522489191e-06	5.07518797e-06	0
8.541286184e-06	5.07518797e-06	0
8.560083176e-06	5.07518797e-06	0
8.560083176e-06	5.07518797e-06	10
8.560083176e-06	5.07518797e-06	10
8.560083176e-06	5.07518797e-06	10
8.560083176e-06	5.07518797e-06	10
8.560083176e-06	5.07518797e-06	10
8.560083176e-06	5.07518797e-06	10
8.560083176e-06	5.07518797e-06	10
8.560083176e-06	5.07518797e-06	10
8.560083176e-06	5.07518797e-06	10
8.560083176e-06	5.07518797e-06	10
8.560083176e-06	5.07518797e-06	10
8.560083176e-06	5.07518797e-06	10
8.560083176e-06	5.07518797e-06	10
8.560083176e-06	5.07518797e-06	10
8.560083176e-06	5.07518797e-06	10
8.560083176e-06	5.07518797e-06	10
8.560083176e-06	5.07518797e-06	10
8.560083176e-06	5.07518797e-06	10
8.560083176e-06	5.07518797e-06	10
8.560083176e-06	5.07518797e-06	10
8.560083176e-06	5.07518797e-06	10
8.560083176e-06	5.07518797e-06	10
8.560083176e-06	5.07518797e-06	10
8.560083176e-06	5.07518797e-06	10
8.560083176e-06	5.07518797e-06	10
8.560083176e-06	5.07518797e-06	0
8.578880169e-06	5.07518797e-06	0
8.597677161e-06	5.07518797e-06	0
8.616474153e-06	5.07518797e-06	0
8.635271146e-06	5.07518797e-06	0
8.654068138e-06	5.07518797e-06	0
8.672865131e-06	5.07518797e-06	0
8.691662123e-06	5.07518797e-06	0
8.710459116e-06	5.07518797e-06	0
8.710459116e-06	5.07518797e-06	10
8.710459116e-06	5.07518797e-06	10
8.710459116e-06	5.07518797e-06	10
8.710459116e-06	5.07518797e-06	10
8.710459116e-06	5.07518797e-06	10
8.710459116e-06	5.07518797e-06	10
8.710459116e-06	5.07518797e-06	10
8.710459116e-06	5.07518797e-06	10
8.710459116e-06	5.07518797e-06	10
8.710459116e-06	5.07518797e-06	10
8.710459116e-06	5.07518797e-06	10
8.710459116e-06	5.07518797e-06	10
8.710459116e-06	5.07518797e-06	10
8.710459116e-06	5.07518797e-06	10
8.710459116e-06	5.07518797e-06	10
8.710459116e-06	5.07518797e-06	10
8.710459116e-06	5.07518797e-06	10
8.710459116e-06	5.07518797e-06	10
8.710459116e-06	5.07518797e-06	10
8.710459116e-06	5.07518797e-06	10
8.710459116e-06	5.07518797e-06	10
8.710459116e-06	5.07518797e-06	10
8.710459116e-06	5.07518797e-06	10
8.710459116e-06	5.07518797e-06	10
8.710459116e-06	5.07518797e-06	10
8.710459116e-06	5.07518797e-06	0
8.729256108e-06	5.07518797e-06	0
8.748053101e-06	5.07518797e-06	0
8.766850093e-06	5.07518797e-06	0
8.785647086e-06	5.07518797e-06	0
8.804444078e-06	5.07518797e-06	0
8.823241071e-06	5.07518797e-06	0
8.842038063e-06	5.07518797e-06	0
8.860835056e-06	5.07518797e-06	0
8.860835056e-06	5.07518797e-06	10
8.860835056e-06	5.07518797e-06	10
8.860835056e-06	5.07518797e-06	10
8.860835056e-06	5.07518797e-06	10
8.860835056e-06	5.07518797e-06	10
8.860835056e-06	5.07518797e-06	10
8.860835056e-06	5.07518797e-06	10
8.860835056e-06	5.07518797e-06	10
8.860835056e-06	5.07518797e-06	10
8.860835056e-06	5.07518797e-06	10
8.860835056e-06	5.07518797e-06	10
8.860835056e-06	5.07518797e-06	10
8.860835056e-06	5.07518797e-06	10
8.860835056e-06	5.07518797e-06	10
8.860835056e-06	5.07518797e-06	10
8.860835056e-06	5.07518797e-06	10
8.860835056e-06	5.07518797e-06	10
8.860835056e-06	5.07518797e-06	10
8.860835056e-06	5.07518797e-06	10
8.860835056e-06	5.07518797e-06	10
8.860835056e-06	5.07518797e-06	10
8.860835056e-06	5.07518797e-06	10
8.860835056e-06	5.07518797e-06	10
8.860835056e-06	5.07518797e-06	10
8.860835056e-06	5.07518797e-06	10
8.860835056e-06	5.07518797e-06	0
8.860835056e-06	5.093984962e-06	0
8.860835056e-06	5.112781955e-06	0
8.860835056e-06	5.131578947e-06	0
8.860835056e-06	5.15037594e-06	0
8.860835056e-06	5.169172932e-06	0
8.860835056e-06	5.187969925e-06	0
8.860835056e-06	5.206766917e-06	0
8.860835056e-06	5.22556391e-06	0
8.860835056e-06	5.22556391e-06	-10
8.860835056e-06	5.22556391e-06	-10
8.860835056e-06	5.22556391e-06	-10
8.860835056e-06	5.22556391e-06	-10
8.860835056e-06	5.22556391e-06	-10
8.860835056e-06	5.22556391e-06	-10
8.860835056e-06	5.22556391e-06	-10
8.860835056e-06	5.22556391e-06	-10
8.860835056e-06	5.22556391e-06	-10
8.860835056e-06	5.22556391e-06	-10
8.860835056e-06	5.22556391e-06	-10
8.860835056e-06	5.22556391e-06	-10
8.860835056e-06	5.22556391e-06	-10
8.860835056e-06	5.22556391e-06	-10
8.860835056e-06	5.22556391e-06	-10
8.860835056e-06	5.22556391e-06	-10
8.860835056e-06	5.22556391e-06	-10
8.860835056e-06	5.22556391e-06	-10
8.860835056e-06	5.22556391e-06	-10
8.860835056e-06	5.22556391e-06	-10
8.860835056e-06	5.22556391e-06	-10
8.860835056e-06	5.22556391e-06	-10
8.860835056e-06	5.22556391e-06	-10
8.860835056e-06	5.22556391e-06	-10
8.860835056e-06	5.22556391e-06	-10
8.860835056e-06	5.22556391e-06	0
8.842038063e-06	5.22556391e-06	0
8.823241071e-06	5.22556391e-06	0
8.804444078e-06	5.22556391e-06	0
8.785647086e-06	5.22556391e-06	0
8.766850093e-06	5.22556391e-06	0
8.748053101e-06	5.22556391e-06	0
8.729256108e-06	5.22556391e-06	0
8.710459116e-06	5.22556391e-06	0
8.710459116e-06	5.22556391e-06	-10
8.710459116e-06	5.22556391e-06	-10
8.710459116e-06	5.22556391e-06	-10
8.710459116e-06	5.22556391e-06	-10
8.710459116e-06	5.22556391e-06	-10
8.710459116e-06	5.22556391e-06	-10
8.710459116e-06	5.22556391e-06	-10
8.710459116e-06	5.22556391e-06	-10
8.710459116e-06	5.22556391e-06	-10
8.710459116e-06	5.22556391e-06	-10
8.710459116e-06	5.22556391e-06	-10
8.710459116e-06	5.22556391e-06	-10
8.710459116e-06	5.22556391e-06	-10
8.710459116e-06	5.22556391e-06	-10
8.710459116e-06	5.22556391e-06	-10
8.710459116e-06	5.22556391e-06	-10
8.710459116e-06	5.22556391e-06	-10
8.710459116e-06	5.22556391e-06	-10
8.710459116e-06	5.22556391e-06	-10
8.710459116e-06	5.22556391e-06	-10
8.710459116e-06	5.22556391e-06	-10
8.710459116e-06	5.22556391e-06	-10
8.710459116e-06	5.22556391e-06	-10
8.710459116e-06	5.22556391e-06	-10
8.710459116e-06	5.22556391e-06	-10
8.710459116e-06	5.22556391e-06	0
8.691662123e-06	5.22556391e-06	0
8.672865131e-06	5.22556391e-06	0
8.654068138e-06	5.22556391e-06	0
8.635271146e-06	5.22556391e-06	0
8.616474153e-06	5.22556391e-06	0
8.597677161e-06	5.22556391e-06	0
8.578880169e-06	5.22556391e-06	0
8.560083176e-06	5.22556391e-06	0
8.560083176e-06	5.22556391e-06	-10
8.560083176e-06	5.22556391e-06	-10
8.560083176e-06	5.22556391e-06	-10
8.560083176e-06	5.22556391e-06	-10
8.560083176e-06	5.22556391e-06	-10
8.560083176e-06	5.22556391e-06	-10
8.560083176e-06	5.22556391e-06	-10
8.560083176e-06	5.22556391e-06	-10
8.560083176e-06	5.22556391e-06	-10
8.560083176e-06	5.22556391e-06	-10
8.560083176e-06	5.22556391e-06	-10
8.560083176e-06	5.22556391e-06	-10
8.560083176e-06	5.22556391e-06	-10
8.560083176e-06	5.22556391e-06	-10
8.560083176e-06	5.22556391e-06	-10
8.560083176e-06	5.22556391e-06	-10
8.560083176e-06	5.22556391e-06	-10
8.560083176e-06	5.22556391e-06	-10
8.560083176e-06	5.22556391e-06	-10
8.560083176e-06	5.22556391e-06	-10
8.560083176e-06	5.22556391e-06	-10
8.560083176e-06	5.22556391e-06	-10
8.560083176e-06	5.22556391e-06	-10
8.560083176e-06	5.22556391e-06	-10
8.560083176e-06	5.22556391e-06	-10
8.560083176e-06	5.22556391e-06	0
8.541286184e-06	5.22556391e-06	0
8.522489191e-06	5.22556391e-06	0
8.503692199e-06	5.22556391e-06	0
8.484895206e-06	5.22556391e-06	0
8.466098214e-06	5.22556391e-06	0
8.447301221e-06	5.22556391e-06	0
8.428504229e-06	5.22556391e-06	0
8.409707236e-06	5.22556391e-06	0
8.409707236e-06	5.22556391e-06	-10
8.409707236e-06	5.22556391e-06	-10
8.409707236e-06	5.22556391e-06	-10
8.409707236e-06	5.22556391e-06	-10
8.409707236e-06	5.22556391e-06	-10
8.409707236e-06	5.22556391e-06	-10
8.409707236e-06	5.22556391e-06	-10
8.409707236e-06	5.22556391e-06	-10
8.409707236e-06	5.22556391e-06	-10
8.409707236e-06	5.22556391e-06	-10
8.409707236e-06	5.22556391e-06	-10
8.409707236e-06	5.22556391e-06	-10
8.409707236e-06	5.22556391e-06	-10
8.409707236e-06	5.22556391e-06	-10
8.409707236e-06	5.22556391e-06	-10
8.409707236e-06	5.22556391e-06	-10
8.409707236e-06	5.22556391e-06	-10
8.409707236e-06	5.22556391e-06	-10
8.409707236e-06	5.22556391e-06	-10
8.409707236e-06	5.22556391e-06	-10
8.409707236e-06	5.22556391e-06	-10
8.409707236e-06	5.22556391e-06	-10
8.409707236e-06	5.22556391e-06	-10
8.409707236e-06	5.22556391e-06	-10
8.409707236e-06	5.22556391e-06	-10
8.409707236e-06	5.22556391e-06	0
8.390910244e-06	5.22556391e-06	0
8.372113251e-06	5.22556391e-06	0
8.353316259e-06	5.22556391e-06	0
8.334519266e-06	5.22556391e-06	0
8.315722274e-06	5.22556391e-06	0
8.296925281e-06	5.22556391e-06	0
8.278128289e-06	5.22556391e-06	0
8.259331296e-06	5.22556391e-06	0
8.259331296e-06	5.22556391e-06	-10
8.259331296e-06	5.22556391e-06	-10
8.259331296e-06	5.22556391e-06	-10
8.259331296e-06	5.22556391e-06	-10
8.259331296e-06	5.22556391e-06	-10
8.259331296e-06	5.22556391e-06	-10
8.259331296e-06	5.22556391e-06	-10
8.259331296e-06	5.22556391e-06	-10
8.259331296e-06	5.22556391e-06	-10
8.259331296e-06	5.22556391e-06	-10
8.259331296e-06	5.22556391e-06	-10
8.259331296e-06	5.22556391e-06	-10
8.259331296e-06	5.22556391e-06	-10
8.259331296e-06	5.22556391e-06	-10
8.259331296e-06	5.22556391e-06	-10
8.259331296e-06	5.22556391e-06	-10
8.259331296e-06	5.22556391e-06	-10
8.259331296e-06	5.22556391e-06	-10
8.259331296e-06	5.22556391e-06	-10
8.259331296e-06	5.22556391e-06	-10
8.259331296e-06	5.22556391e-06	-10
8.259331296e-06	5.22556391e-06	-10
8.259331296e-06	5.22556391e-06	-10
8.259331296e-06	5.22556391e-06	-10
8.259331296e-06	5.22556391e-06	-10
8.259331296e-06	5.22556391e-06	0
8.240534304e-06	5.22556391e-06	0
8.221737311e-06	5.22556391e-06	0
8.202940319e-06	5.22556391e-06	0
8.184143326e-06	5.22556391e-06	0
8.165346334e-06	5.22556391e-06	0
8.146549341e-06	5.22556391e-06	0
8.127752349e-06	5.22556391e-06	0
8.108955356e-06	5.22556391e-06	0
8.108955356e-06	5.22556391e-06	-10
8.108955356e-06	5.22556391e-06	-10
8.108955356e-06	5.22556391e-06	-10
8.108955356e-06	5.22556391e-06	-10
8.108955356e-06	5.22556391e-06	-10
8.108955356e-06	5.22556391e-06	-10
8.108955356e-06	5.22556391e-06	-10
8.108955356e-06	5.22556391e-06	-10
8.108955356e-06	5.22556391e-06	-10
8.108955356e-06	5.22556391e-06	-10
8.108955356e-06	5.22556391e-06	-10
8.108955356e-06	5.22556391e-06	-10
8.108955356e-06	5.22556391e-06	-10
8.108955356e-06	5.22556391e-06	-10
8.108955356e-06	5.22556391e-06	-10
8.108955356e-06	5.22556391e-06	-10
8.108955356e-06	5.22556391e-06	-10
8.108955356e-06	5.22556391e-06	-10
8.108955356e-06	5.22556391e-06	-10
8.108955356e-06	5.22556391e-06	-10
8.108955356e-06	5.22556391e-06	-10
8.108955356e-06	5.22556391e-06	-10
8.108955356e-06	5.22556391e-06	-10
8.108955356e-06	5.22556391e-06	-10
8.108955356e-06	5.22556391e-06	-10
8.108955356e-06	5.22556391e-06	0
8.090158364e-06	5.22556391e-06	0
8.071361372e-06	5.22556391e-06	0
8.052564379e-06	5.22556391e-06	0
8.033767387e-06	5.22556391e-06	0
8.014970394e-06	5.22556391e-06	0
7.996173402e-06	5.22556391e-06	0
7.977376409e-06	5.22556391e-06	0
7.958579417e-06	5.22556391e-06	0
7.958579417e-06	5.22556391e-06	-10
7.958579417e-06	5.22556391e-06	-10
7.958579417e-06	5.22556391e-06	-10
7.958579417e-06	5.22556391e-06	-10
7.958579417e-06	5.22556391e-06	-10
7.958579417e-06	5.22556391e-06	-10
7.958579417e-06	5.22556391e-06	-10
7.958579417e-06	5.22556391e-06	-10
7.958579417e-06	5.22556391e-06	-10
7.958579417e-06	5.22556391e-06	-10
7.958579417e-06	5.22556391e-06	-10
7.958579417e-06	5.22556391e-06	-10
7.958579417e-06	5.22556391e-06	-10
7.958579417e-06	5.22556391e-06	-10
7.958579417e-06	5.22556391e-06	-10
7.958579417e-06	5.22556391e-06	-10
7.958579417e-06	5.22556391e-06	-10
7.958579417e-06	5.22556391e-06	-10
7.958579417e-06	5.22556391e-06	-10
7.958579417e-06	5.22556391e-06	-10
7.958579417e-06	5.22556391e-06	-10
7.958579417e-06	5.22556391e-06	-10
7.958579417e-06	5.22556391e-06	-10
7.958579417e-06	5.22556391e-06	-10
7.958579417e-06	5.22556391e-06	-10
7.958579417e-06	5.22556391e-06	0
7.939782424e-06	5.22556391e-06	0
7.920985432e-06	5.22556391e-06	0
7.902188439e-06	5.22556391e-06	0
7.883391447e-06	5.22556391e-06	0
7.864594454e-06	5.22556391e-06	0
7.845797462e-06	5.22556391e-06	0
7.827000469e-06	5.22556391e-06	0
7.808203477e-06	5.22556391e-06	0
7.808203477e-06	5.22556391e-06	-10
7.808203477e-06	5.22556391e-06	-10
7.808203477e-06	5.22556391e-06	-10
7.808203477e-06	5.22556391e-06	-10
7.808203477e-06	5.22556391e-06	-10
7.808203477e-06	5.22556391e-06	-10
7.808203477e-06	5.22556391e-06	-10
7.808203477e-06	5.22556391e-06	-10
7.808203477e-06	5.22556391e-06	-10
7.808203477e-06	5.22556391e-06	-10
7.808203477e-06	5.22556391e-06	-10
7.808203477e-06	5.22556391e-06	-10
7.808203477e-06	5.22556391e-06	-10
7.808203477e-06	5.22556391e-06	-10
7.808203477e-06	5.22556391e-06	-10
7.808203477e-06	5.22556391e-06	-10
7.808203477e-06	5.22556391e-06	-10
7.808203477e-06	5.22556391e-06	-10
7.808203477e-06	5.22556391e-06	-10
7.808203477e-06	5.22556391e-06	-10
7.808203477e-06	5.22556391e-06	-10
7.808203477e-06	5.22556391e-06	-10
7.808203477e-06	5.22556391e-06	-10
7.808203477e-06	5.22556391e-06	-10
7.808203477e-06	5.22556391e-06	-10
7.808203477e-06	5.22556391e-06	0
7.789406484e-06	5.22556391e-06	0
7.770609492e-06	5.22556391e-06	0
7.751812499e-06	5.22556391e-06	0
7.733015507e-06	5.22556391e-06	0
7.714218514e-06	5.22556391e-06	0
7.695421522e-06	5.22556391e-06	0
7.676624529e-06	5.22556391e-06	0
7.657827537e-06	5.22556391e-06	0
7.657827537e-06	5.22556391e-06	-10
7.657827537e-06	5.22556391e-06	-10
7.657827537e-06	5.22556391e-06	-10
7.657827537e-06	5.22556391e-06	-10
7.657827537e-06	5.22556391e-06	-10
7.657827537e-06	5.22556391e-06	-10
7.657827537e-06	5.22556391e-06	-10
7.657827537e-06	5.22556391e-06	-10
7.657827537e-06	5.22556391e-06	-10
7.657827537e-06	5.22556391e-06	-10
7.657827537e-06	5.22556391e-06	-10
7.657827537e-06	5.22556391e-06	-10
7.657827537e-06	5.22556391e-06	-10
7.657827537e-06	5.22556391e-06	-10
7.657827537e-06	5.22556391e-06	-10
7.657827537e-06	5.22556391e-06	-10
7.657827537e-06	5.22556391e-06	-10
7.657827537e-06	5.22556391e-06	-10
7.657827537e-06	5.22556391e-06	-10
7.657827537e-06	5.22556391e-06	-10
7.657827537e-06	5.22556391e-06	-10
7.657827537e-06	5.22556391e-06	-10
7.657827537e-06	5.22556391e-06	-10
7.657827537e-06	5.22556391e-06	-10
7.657827537e-06	5.22556391e-06	-10
7.657827537e-06	5.22556391e-06	0
7.639030544e-06	5.22556391e-06	0
7.620233552e-06	5.22556391e-06	0
7.601436559e-06	5.22556391e-06	0
7.582639567e-06	5.22556391e-06	0
7.563842575e-06	5.22556391e-06	0
7.545045582e-06	5.22556391e-06	0
7.52624859e-06	5.22556391e-06	0
7.507451597e-06	5.22556391e-06	0
7.507451597e-06	5.22556391e-06	-10
7.507451597e-06	5.22556391e-06	-10
7.507451597e-06	5.22556391e-06	-10
7.507451597e-06	5.22556391e-06	-10
7.507451597e-06	5.22556391e-06	-10
7.507451597e-06	5.22556391e-06	-10
7.507451597e-06	5.22556391e-06	-10
7.507451597e-06	5.22556391e-06	-10
7.507451597e-06	5.22556391e-06	-10
7.507451597e-06	5.22556391e-06	-10
7.507451597e-06	5.22556391e-06	-10
7.507451597e-06	5.22556391e-06	-10
7.507451597e-06	5.22556391e-06	-10
7.507451597e-06	5.22556391e-06	-10
7.507451597e-06	5.22556391e-06	-10
7.507451597e-06	5.22556391e-06	-10
7.507451597e-06	5.22556391e-06	-10
7.507451597e-06	5.22556391e-06	-10
7.507451597e-06	5.22556391e-06	-10
7.507451597e-06	5.22556391e-06	-10
7.507451597e-06	5.22556391e-06	-10
7.507451597e-06	5.22556391e-06	-10
7.507451597e-06	5.22556391e-06	-10
7.507451597e-06	5.22556391e-06	-10
7.507451597e-06	5.22556391e-06	-10
7.507451597e-06	5.22556391e-06	0
7.488654605e-06	5.22556391e-06	0
7.469857612e-06	5.22556391e-06	0
7.45106062e-06	5.22556391e-06	0
7.432263627e-06	5.22556391e-06	0
7.413466635e-06	5.22556391e-06	0
7.394669642e-06	5.22556391e-06	0
7.37587265e-06	5.22556391e-06	0
7.357075657e-06	5.22556391e-06	0
7.357075657e-06	5.22556391e-06	-10
7.357075657e-06	5.22556391e-06	-10
7.357075657e-06	5.22556391e-06	-10
7.357075657e-06	5.22556391e-06	-10
7.357075657e-06	5.22556391e-06	-10
7.357075657e-06	5.22556391e-06	-10
7.357075657e-06	5.22556391e-06	-10
7.357075657e-06	5.22556391e-06	-10
7.357075657e-06	5.22556391e-06	-10
7.357075657e-06	5.22556391e-06	-10
7.357075657e-06	5.22556391e-06	-10
7.357075657e-06	5.22556391e-06	-10
7.357075657e-06	5.22556391e-06	-10
7.357075657e-06	5.22556391e-06	-10
7.357075657e-06	5.22556391e-06	-10
7.357075657e-06	5.22556391e-06	-10
7.357075657e-06	5.22556391e-06	-10
7.357075657e-06	5.22556391e-06	-10
7.357075657e-06	5.22556391e-06	-10
7.357075657e-06	5.22556391e-06	-10
7.357075657e-06	5.22556391e-06	-10
7.357075657e-06	5.22556391e-06	-10
7.357075657e-06	5.22556391e-06	-10
7.357075657e-06	5.22556391e-06	-10
7.357075657e-06	5.22556391e-06	-10
7.357075657e-06	5.22556391e-06	0
7.338278665e-06	5.22556391e-06	0
7.319481672e-06	5.22556391e-06	0
7.30068468e-06	5.22556391e-06	0
7.281887687e-06	5.22556391e-06	0
7.263090695e-06	5.22556391e-06	0
7.244293702e-06	5.22556391e-06	0
7.22549671e-06	5.22556391e-06	0
7.206699717e-06	5.22556391e-06	0
7.206699717e-06	5.22556391e-06	-10
7.206699717e-06	5.22556391e-06	-10
7.206699717e-06	5.22556391e-06	-10
7.206699717e-06	5.22556391e-06	-10
7.206699717e-06	5.22556391e-06	-10
7.206699717e-06	5.22556391e-06	-10
7.206699717e-06	5.22556391e-06	-10
7.206699717e-06	5.22556391e-06	-10
7.206699717e-06	5.22556391e-06	-10
7.206699717e-06	5.22556391e-06	-10
7.206699717e-06	5.22556391e-06	-10
7.206699717e-06	5.22556391e-06	-10
7.206699717e-06	5.22556391e-06	-10
7.206699717e-06	5.22556391e-06	-10
7.206699717e-06	5.22556391e-06	-10
7.206699717e-06	5.22556391e-06	-10
7.206699717e-06	5.22556391e-06	-10
7.206699717e-06	5.22556391e-06	-10
7.206699717e-06	5.22556391e-06	-10
7.206699717e-06	5.22556391e-06	-10
7.206699717e-06	5.22556391e-06	-10
7.206699717e-06	5.22556391e-06	-10
7.206699717e-06	5.22556391e-06	-10
7.206699717e-06	5.22556391e-06	-10
7.206699717e-06	5.22556391e-06	-10
7.206699717e-06	5.22556391e-06	0
7.187902725e-06	5.22556391e-06	0
7.169105732e-06	5.22556391e-06	0
7.15030874e-06	5.22556391e-06	0
7.131511747e-06	5.22556391e-06	0
7.112714755e-06	5.22556391e-06	0
7.093917763e-06	5.22556391e-06	0
7.07512077e-06	5.22556391e-06	0
7.056323778e-06	5.22556391e-06	0
7.056323778e-06	5.22556391e-06	-10
7.056323778e-06	5.22556391e-06	-10
7.056323778e-06	5.22556391e-06	-10
7.056323778e-06	5.22556391e-06	-10
7.056323778e-06	5.22556391e-06	-10
7.056323778e-06	5.22556391e-06	-10
7.056323778e-06	5.22556391e-06	-10
7.056323778e-06	5.22556391e-06	-10
7.056323778e-06	5.22556391e-06	-10
7.056323778e-06	5.22556391e-06	-10
7.056323778e-06	5.22556391e-06	-10
7.056323778e-06	5.22556391e-06	-10
7.056323778e-06	5.22556391e-06	-10
7.056323778e-06	5.22556391e-06	-10
7.056323778e-06	5.22556391e-06	-10
7.056323778e-06	5.22556391e-06	-10
7.056323778e-06	5.22556391e-06	-10
7.056323778e-06	5.22556391e-06	-10
7.056323778e-06	5.22556391e-06	-10
7.056323778e-06	5.22556391e-06	-10
7.056323778e-06	5.22556391e-06	-10
7.056323778e-06	5.22556391e-06	-10
7.056323778e-06	5.22556391e-06	-10
7.056323778e-06	5.22556391e-06	-10
7.056323778e-06	5.22556391e-06	-10
7.056323778e-06	5.22556391e-06	0
7.037526785e-06	5.22556391e-06	0
7.018729793e-06	5.22556391e-06	0
6.9999328e-06	5.22556391e-06	0
6.981135808e-06	5.22556391e-06	0
6.962338815e-06	5.22556391e-06	0
6.943541823e-06	5.22556391e-06	0
6.92474483e-06	5.22556391e-06	0
6.905947838e-06	5.22556391e-06	0
6.905947838e-06	5.22556391e-06	-10
6.905947838e-06	5.22556391e-06	-10
6.905947838e-06	5.22556391e-06	-10
6.905947838e-06	5.22556391e-06	-10
6.905947838e-06	5.22556391e-06	-10
6.905947838e-06	5.22556391e-06	-10
6.905947838e-06	5.22556391e-06	-10
6.905947838e-06	5.22556391e-06	-10
6.905947838e-06	5.22556391e-06	-10
6.905947838e-06	5.22556391e-06	-10
6.905947838e-06	5.22556391e-06	-10
6.905947838e-06	5.22556391e-06	-10
6.905947838e-06	5.22556391e-06	-10
6.905947838e-06	5.22556391e-06	-10
6.905947838e-06	5.22556391e-06	-10
6.905947838e-06	5.22556391e-06	-10
6.905947838e-06	5.22556391e-06	-10
6.905947838e-06	5.22556391e-06	-10
6.905947838e-06	5.22556391e-06	-10
6.905947838e-06	5.22556391e-06	-10
6.905947838e-06	5.22556391e-06	-10
6.905947838e-06	5.22556391e-06	-10
6.905947838e-06	5.22556391e-06	-10
6.905947838e-06	5.22556391e-06	-10
6.905947838e-06	5.22556391e-06	-10
6.905947838e-06	5.22556391e-06	0
6.887150845e-06	5.22556391e-06	0
6.868353853e-06	5.22556391e-06	0
6.84955686e-06	5.22556391e-06	0
6.830759868e-06	5.22556391e-06	0
6.811962875e-06	5.22556391e-06	0
6.793165883e-06	5.22556391e-06	0
6.77436889e-06	5.22556391e-06	0
6.755571898e-06	5.22556391e-06	0
6.755571898e-06	5.22556391e-06	-10
6.755571898e-06	5.22556391e-06	-10
6.755571898e-06	5.22556391e-06	-10
6.755571898e-06	5.22556391e-06	-10
6.755571898e-06	5.22556391e-06	-10
6.755571898e-06	5.22556391e-06	-10
6.755571898e-06	5.22556391e-06	-10
6.755571898e-06	5.22556391e-06	-10
6.755571898e-06	5.22556391e-06	-10
6.755571898e-06	5.22556391e-06	-10
6.755571898e-06	5.22556391e-06	-10
6.755571898e-06	5.22556391e-06	-10
6.755571898e-06	5.22556391e-06	-10
6.755571898e-06	5.22556391e-06	-10
6.755571898e-06	5.22556391e-06	-10
6.755571898e-06	5.22556391e-06	-10
6.755571898e-06	5.22556391e-06	-10
6.755571898e-06	5.22556391e-06	-10
6.755571898e-06	5.22556391e-06	-10
6.755571898e-06	5.22556391e-06	-10
6.755571898e-06	5.22556391e-06	-10
6.755571898e-06	5.22556391e-06	-10
6.755571898e-06	5.22556391e-06	-10
6.755571898e-06	5.22556391e-06	-10
6.755571898e-06	5.22556391e-06	-10
6.755571898e-06	5.22556391e-06	0
6.736774905e-06	5.22556391e-06	0
6.717977913e-06	5.22556391e-06	0
6.69918092e-06	5.22556391e-06	0
6.680383928e-06	5.22556391e-06	0
6.661586935e-06	5.22556391e-06	0
6.642789943e-06	5.22556391e-06	0
6.62399295e-06	5.22556391e-06	0
6.605195958e-06	5.22556391e-06	0
6.605195958e-06	5.22556391e-06	-10
6.605195958e-06	5.22556391e-06	-10
6.605195958e-06	5.22556391e-06	-10
6.605195958e-06	5.22556391e-06	-10
6.605195958e-06	5.22556391e-06	-10
6.605195958e-06	5.22556391e-06	-10
6.605195958e-06	5.22556391e-06	-10
6.605195958e-06	5.22556391e-06	-10
6.605195958e-06	5.22556391e-06	-10
6.605195958e-06	5.22556391e-06	-10
6.605195958e-06	5.22556391e-06	-10
6.605195958e-06	5.22556391e-06	-10
6.605195958e-06	5.22556391e-06	-10
6.605195958e-06	5.22556391e-06	-10
6.605195958e-06	5.22556391e-06	-10
6.605195958e-06	5.22556391e-06	-10
6.605195958e-06	5.22556391e-06	-10
6.605195958e-06	5.22556391e-06	-10
6.605195958e-06	5.22556391e-06	-10
6.605195958e-06	5.22556391e-06	-10
6.605195958e-06	5.22556391e-06	-10
6.605195958e-06	5.22556391e-06	-10
6.605195958e-06	5.22556391e-06	-10
6.605195958e-06	5.22556391e-06	-10
6.605195958e-06	5.22556391e-06	-10
6.605195958e-06	5.22556391e-06	0
6.605195958e-06	5.244360902e-06	0
6.605195958e-06	5.263157895e-06	0
6.605195958e-06	5.281954887e-06	0
6.605195958e-06	5.30075188e-06	0
6.605195958e-06	5.319548872e-06	0
6.605195958e-06	5.338345865e-06	0
6.605195958e-06	5.357142857e-06	0
6.605195958e-06	5.37593985e-06	0
6.605195958e-06	5.37593985e-06	10
6.605195958e-06	5.37593985e-06	10
6.605195958e-06	5.37593985e-06	10
6.605195958e-06	5.37593985e-06	10
6.605195958e-06	5.37593985e-06	10
6.605195958e-06	5.37593985e-06	10
6.605195958e-06	5.37593985e-06	10
6.605195958e-06	5.37593985e-06	10
6.605195958e-06	5.37593985e-06	10
6.605195958e-06	5.37593985e-06	10
6.605195958e-06	5.37593985e-06	10
6.605195958e-06	5.37593985e-06	10
6.605195958e-06	5.37593985e-06	10
6.605195958e-06	5.37593985e-06	10
6.605195958e-06	5.37593985e-06	10
6.605195958e-06	5.37593985e-06	10
6.605195958e-06	5.37593985e-06	10
6.605195958e-06	5.37593985e-06	10
6.605195958e-06	5.37593985e-06	10
6.605195958e-06	5.37593985e-06	10
6.605195958e-06	5.37593985e-06	10
6.605195958e-06	5.37593985e-06	10
6.605195958e-06	5.37593985e-06	10
6.605195958e-06	5.37593985e-06	10
6.605195958e-06	5.37593985e-06	10
6.605195958e-06	5.37593985e-06	0
6.62399295e-06	5.37593985e-06	0
6.642789943e-06	5.37593985e-06	0
6.661586935e-06	5.37593985e-06	0
6.680383928e-06	5.37593985e-06	0
6.69918092e-06	5.37593985e-06	0
6.717977913e-06	5.37593985e-06	0
6.736774905e-06	5.37593985e-06	0
6.755571898e-06	5.37593985e-06	0
6.755571898e-06	5.37593985e-06	10
6.755571898e-06	5.37593985e-06	10
6.755571898e-06	5.37593985e-06	10
6.755571898e-06	5.37593985e-06	10
6.755571898e-06	5.37593985e-06	10
6.755571898e-06	5.37593985e-06	10
6.755571898e-06	5.37593985e-06	10
6.755571898e-06	5.37593985e-06	10
6.755571898e-06	5.37593985e-06	10
6.755571898e-06	5.37593985e-06	10
6.755571898e-06	5.37593985e-06	10
6.755571898e-06	5.37593985e-06	10
6.755571898e-06	5.37593985e-06	10
6.755571898e-06	5.37593985e-06	10
6.755571898e-06	5.37593985e-06	10
6.755571898e-06	5.37593985e-06	10
6.755571898e-06	5.37593985e-06	10
6.755571898e-06	5.37593985e-06	10
6.755571898e-06	5.37593985e-06	10
6.755571898e-06	5.37593985e-06	10
6.755571898e-06	5.37593985e-06	10
6.755571898e-06	5.37593985e-06	10
6.755571898e-06	5.37593985e-06	10
6.755571898e-06	5.37593985e-06	10
6.755571898e-06	5.37593985e-06	10
6.755571898e-06	5.37593985e-06	0
6.77436889e-06	5.37593985e-06	0
6.793165883e-06	5.37593985e-06	0
6.811962875e-06	5.37593985e-06	0
6.830759868e-06	5.37593985e-06	0
6.84955686e-06	5.37593985e-06	0
6.868353853e-06	5.37593985e-06	0
6.887150845e-06	5.37593985e-06	0
6.905947838e-06	5.37593985e-06	0
6.905947838e-06	5.37593985e-06	10
6.905947838e-06	5.37593985e-06	10
6.905947838e-06	5.37593985e-06	10
6.905947838e-06	5.37593985e-06	10
6.905947838e-06	5.37593985e-06	10
6.905947838e-06	5.37593985e-06	10
6.905947838e-06	5.37593985e-06	10
6.905947838e-06	5.37593985e-06	10
6.905947838e-06	5.37593985e-06	10
6.905947838e-06	5.37593985e-06	10
6.905947838e-06	5.37593985e-06	10
6.905947838e-06	5.37593985e-06	10
6.905947838e-06	5.37593985e-06	10
6.905947838e-06	5.37593985e-06	10
6.905947838e-06	5.37593985e-06	10
6.905947838e-06	5.37593985e-06	10
6.905947838e-06	5.37593985e-06	10
6.905947838e-06	5.37593985e-06	10
6.905947838e-06	5.37593985e-06	10
6.905947838e-06	5.37593985e-06	10
6.905947838e-06	5.37593985e-06	10
6.905947838e-06	5.37593985e-06	10
6.905947838e-06	5.37593985e-06	10
6.905947838e-06	5.37593985e-06	10
6.905947838e-06	5.37593985e-06	10
6.905947838e-06	5.37593985e-06	0
6.92474483e-06	5.37593985e-06	0
6.943541823e-06	5.37593985e-06	0
6.962338815e-06	5.37593985e-06	0
6.981135808e-06	5.37593985e-06	0
6.9999328e-06	5.37593985e-06	0
7.018729793e-06	5.37593985e-06	0
7.037526785e-06	5.37593985e-06	0
7.056323778e-06	5.37593985e-06	0
7.056323778e-06	5.37593985e-06	10
7.056323778e-06	5.37593985e-06	10
7.056323778e-06	5.37593985e-06	10
7.056323778e-06	5.37593985e-06	10
7.056323778e-06	5.37593985e-06	10
7.056323778e-06	5.37593985e-06	10
7.056323778e-06	5.37593985e-06	10
7.056323778e-06	5.37593985e-06	10
7.056323778e-06	5.37593985e-06	10
7.056323778e-06	5.37593985e-06	10
7.056323778e-06	5.37593985e-06	10
7.056323778e-06	5.37593985e-06	10
7.056323778e-06	5.37593985e-06	10
7.056323778e-06	5.37593985e-06	10
7.056323778e-06	5.37593985e-06	10
7.056323778e-06	5.37593985e-06	10
7.056323778e-06	5.37593985e-06	10
7.056323778e-06	5.37593985e-06	10
7.056323778e-06	5.37593985e-06	10
7.056323778e-06	5.37593985e-06	10
7.056323778e-06	5.37593985e-06	10
7.056323778e-06	5.37593985e-06	10
7.056323778e-06	5.37593985e-06	10
7.056323778e-06	5.37593985e-06	10
7.056323778e-06	5.37593985e-06	10
7.056323778e-06	5.37593985e-06	0
7.07512077e-06	5.37593985e-06	0
7.093917763e-06	5.37593985e-06	0
7.112714755e-06	5.37593985e-06	0
7.131511747e-06	5.37593985e-06	0
7.15030874e-06	5.37593985e-06	0
7.169105732e-06	5.37593985e-06	0
7.187902725e-06	5.37593985e-06	0
7.206699717e-06	5.37593985e-06	0
7.206699717e-06	5.37593985e-06	10
7.206699717e-06	5.37593985e-06	10
7.206699717e-06	5.37593985e-06	10
7.206699717e-06	5.37593985e-06	10
7.206699717e-06	5.37593985e-06	10
7.206699717e-06	5.37593985e-06	10
7.206699717e-06	5.37593985e-06	10
7.206699717e-06	5.37593985e-06	10
7.206699717e-06	5.37593985e-06	10
7.206699717e-06	5.37593985e-06	10
7.206699717e-06	5.37593985e-06	10
7.206699717e-06	5.37593985e-06	10
7.206699717e-06	5.37593985e-06	10
7.206699717e-06	5.37593985e-06	10
7.206699717e-06	5.37593985e-06	10
7.206699717e-06	5.37593985e-06	10
7.206699717e-06	5.37593985e-06	10
7.206699717e-06	5.37593985e-06	10
7.206699717e-06	5.37593985e-06	10
7.206699717e-06	5.37593985e-06	10
7.206699717e-06	5.37593985e-06	10
7.206699717e-06	5.37593985e-06	10
7.206699717e-06	5.37593985e-06	10
7.206699717e-06	5.37593985e-06	10
7.206699717e-06	5.37593985e-06	10
7.206699717e-06	5.37593985e-06	0
7.22549671e-06	5.37593985e-06	0
7.244293702e-06	5.37593985e-06	0
7.263090695e-06	5.37593985e-06	0
7.281887687e-06	5.37593985e-06	0
7.30068468e-06	5.37593985e-06	0
7.319481672e-06	5.37593985e-06	0
7.338278665e-06	5.37593985e-06	0
7.357075657e-06	5.37593985e-06	0
7.357075657e-06	5.37593985e-06	10
7.357075657e-06	5.37593985e-06	10
7.357075657e-06	5.37593985e-06	10
7.357075657e-06	5.37593985e-06	10
7.357075657e-06	5.37593985e-06	10
7.357075657e-06	5.37593985e-06	10
7.357075657e-06	5.37593985e-06	10
7.357075657e-06	5.37593985e-06	10
7.357075657e-06	5.37593985e-06	10
7.357075657e-06	5.37593985e-06	10
7.357075657e-06	5.37593985e-06	10
7.357075657e-06	5.37593985e-06	10
7.357075657e-06	5.37593985e-06	10
7.357075657e-06	5.37593985e-06	10
7.357075657e-06	5.37593985e-06	10
7.357075657e-06	5.37593985e-06	10
7.357075657e-06	5.37593985e-06	10
7.357075657e-06	5.37593985e-06	10
7.357075657e-06	5.37593985e-06	10
7.357075657e-06	5.37593985e-06	10
7.357075657e-06	5.37593985e-06	10
7.357075657e-06	5.37593985e-06	10
7.357075657e-06	5.37593985e-06	10
7.357075657e-06	5.37593985e-06	10
7.357075657e-06	5.37593985e-06	10
7.357075657e-06	5.37593985e-06	0
7.37587265e-06	5.37593985e-06	0
7.394669642e-06	5.37593985e-06	0
7.413466635e-06	5.37593985e-06	0
7.432263627e-06	5.37593985e-06	0
7.45106062e-06	5.37593985e-06	0
7.469857612e-06	5.37593985e-06	0
7.488654605e-06	5.37593985e-06	0
7.507451597e-06	5.37593985e-06	0
7.507451597e-06	5.37593985e-06	10
7.507451597e-06	5.37593985e-06	10
7.507451597e-06	5.37593985e-06	10
7.507451597e-06	5.37593985e-06	10
7.507451597e-06	5.37593985e-06	10
7.507451597e-06	5.37593985e-06	10
7.507451597e-06	5.37593985e-06	10
7.507451597e-06	5.37593985e-06	10
7.507451597e-06	5.37593985e-06	10
7.507451597e-06	5.37593985e-06	10
7.507451597e-06	5.37593985e-06	10
7.507451597e-06	5.37593985e-06	10
7.507451597e-06	5.37593985e-06	10
7.507451597e-06	5.37593985e-06	10
7.507451597e-06	5.37593985e-06	10
7.507451597e-06	5.37593985e-06	10
7.507451597e-06	5.37593985e-06	10
7.507451597e-06	5.37593985e-06	10
7.507451597e-06	5.37593985e-06	10
7.507451597e-06	5.37593985e-06	10
7.507451597e-06	5.37593985e-06	10
7.507451597e-06	5.37593985e-06	10
7.507451597e-06	5.37593985e-06	10
7.507451597e-06	5.37593985e-06	10
7.507451597e-06	5.37593985e-06	10
7.507451597e-06	5.37593985e-06	0
7.52624859e-06	5.37593985e-06	0
7.545045582e-06	5.37593985e-06	0
7.563842575e-06	5.37593985e-06	0
7.582639567e-06	5.37593985e-06	0
7.601436559e-06	5.37593985e-06	0
7.620233552e-06	5.37593985e-06	0
7.639030544e-06	5.37593985e-06	0
7.657827537e-06	5.37593985e-06	0
7.657827537e-06	5.37593985e-06	10
7.657827537e-06	5.37593985e-06	10
7.657827537e-06	5.37593985e-06	10
7.657827537e-06	5.37593985e-06	10
7.657827537e-06	5.37593985e-06	10
7.657827537e-06	5.37593985e-06	10
7.657827537e-06	5.37593985e-06	10
7.657827537e-06	5.37593985e-06	10
7.657827537e-06	5.37593985e-06	10
7.657827537e-06	5.37593985e-06	10
7.657827537e-06	5.37593985e-06	10
7.657827537e-06	5.37593985e-06	10
7.657827537e-06	5.37593985e-06	10
7.657827537e-06	5.37593985e-06	10
7.657827537e-06	5.37593985e-06	10
7.657827537e-06	5.37593985e-06	10
7.657827537e-06	5.37593985e-06	10
7.657827537e-06	5.37593985e-06	10
7.657827537e-06	5.37593985e-06	10
7.657827537e-06	5.37593985e-06	10
7.657827537e-06	5.37593985e-06	10
7.657827537e-06	5.37593985e-06	10
7.657827537e-06	5.37593985e-06	10
7.657827537e-06	5.37593985e-06	10
7.657827537e-06	5.37593985e-06	10
7.657827537e-06	5.37593985e-06	0
7.676624529e-06	5.37593985e-06	0
7.695421522e-06	5.37593985e-06	0
7.714218514e-06	5.37593985e-06	0
7.733015507e-06	5.37593985e-06	0
7.751812499e-06	5.37593985e-06	0
7.770609492e-06	5.37593985e-06	0
7.789406484e-06	5.37593985e-06	0
7.808203477e-06	5.37593985e-06	0
7.808203477e-06	5.37593985e-06	10
7.808203477e-06	5.37593985e-06	10
7.808203477e-06	5.37593985e-06	10
7.808203477e-06	5.37593985e-06	10
7.808203477e-06	5.37593985e-06	10
7.808203477e-06	5.37593985e-06	10
7.808203477e-06	5.37593985e-06	10
7.808203477e-06	5.37593985e-06	10
7.808203477e-06	5.37593985e-06	10
7.808203477e-06	5.37593985e-06	10
7.808203477e-06	5.37593985e-06	10
7.808203477e-06	5.37593985e-06	10
7.808203477e-06	5.37593985e-06	10
7.808203477e-06	5.37593985e-06	10
7.808203477e-06	5.37593985e-06	10
7.808203477e-06	5.37593985e-06	10
7.808203477e-06	5.37593985e-06	10
7.808203477e-06	5.37593985e-06	10
7.808203477e-06	5.37593985e-06	10
7.808203477e-06	5.37593985e-06	10
7.808203477e-06	5.37593985e-06	10
7.808203477e-06	5.37593985e-06	10
7.808203477e-06	5.37593985e-06	10
7.808203477e-06	5.37593985e-06	10
7.808203477e-06	5.37593985e-06	10
7.808203477e-06	5.37593985e-06	0
7.827000469e-06	5.37593985e-06	0
7.845797462e-06	5.37593985e-06	0
7.864594454e-06	5.37593985e-06	0
7.883391447e-06	5.37593985e-06	0
7.902188439e-06	5.37593985e-06	0
7.920985432e-06	5.37593985e-06	0
7.939782424e-06	5.37593985e-06	0
7.958579417e-06	5.37593985e-06	0
7.958579417e-06	5.37593985e-06	10
7.958579417e-06	5.37593985e-06	10
7.958579417e-06	5.37593985e-06	10
7.958579417e-06	5.37593985e-06	10
7.958579417e-06	5.37593985e-06	10
7.958579417e-06	5.37593985e-06	10
7.958579417e-06	5.37593985e-06	10
7.958579417e-06	5.37593985e-06	10
7.958579417e-06	5.37593985e-06	10
7.958579417e-06	5.37593985e-06	10
7.958579417e-06	5.37593985e-06	10
7.958579417e-06	5.37593985e-06	10
7.958579417e-06	5.37593985e-06	10
7.958579417e-06	5.37593985e-06	10
7.958579417e-06	5.37593985e-06	10
7.958579417e-06	5.37593985e-06	10
7.958579417e-06	5.37593985e-06	10
7.958579417e-06	5.37593985e-06	10
7.958579417e-06	5.37593985e-06	10
7.958579417e-06	5.37593985e-06	10
7.958579417e-06	5.37593985e-06	10
7.958579417e-06	5.37593985e-06	10
7.958579417e-06	5.37593985e-06	10
7.958579417e-06	5.37593985e-06	10
7.958579417e-06	5.37593985e-06	10
7.958579417e-06	5.37593985e-06	0
7.977376409e-06	5.37593985e-06	0
7.996173402e-06	5.37593985e-06	0
8.014970394e-06	5.37593985e-06	0
8.033767387e-06	5.37593985e-06	0
8.052564379e-06	5.37593985e-06	0
8.071361372e-06	5.37593985e-06	0
8.090158364e-06	5.37593985e-06	0
8.108955356e-06	5.37593985e-06	0
8.108955356e-06	5.37593985e-06	10
8.108955356e-06	5.37593985e-06	10
8.108955356e-06	5.37593985e-06	10
8.108955356e-06	5.37593985e-06	10
8.108955356e-06	5.37593985e-06	10
8.108955356e-06	5.37593985e-06	10
8.108955356e-06	5.37593985e-06	10
8.108955356e-06	5.37593985e-06	10
8.108955356e-06	5.37593985e-06	10
8.108955356e-06	5.37593985e-06	10
8.108955356e-06	5.37593985e-06	10
8.108955356e-06	5.37593985e-06	10
8.108955356e-06	5.37593985e-06	10
8.108955356e-06	5.37593985e-06	10
8.108955356e-06	5.37593985e-06	10
8.108955356e-06	5.37593985e-06	10
8.108955356e-06	5.37593985e-06	10
8.108955356e-06	5.37593985e-06	10
8.108955356e-06	5.37593985e-06	10
8.108955356e-06	5.37593985e-06	10
8.108955356e-06	5.37593985e-06	10
8.108955356e-06	5.37593985e-06	10
8.108955356e-06	5.37593985e-06	10
8.108955356e-06	5.37593985e-06	10
8.108955356e-06	5.37593985e-06	10
8.108955356e-06	5.37593985e-06	0
8.127752349e-06	5.37593985e-06	0
8.146549341e-06	5.37593985e-06	0
8.165346334e-06	5.37593985e-06	0
8.184143326e-06	5.37593985e-06	0
8.202940319e-06	5.37593985e-06	0
8.221737311e-06	5.37593985e-06	0
8.240534304e-06	5.37593985e-06	0
8.259331296e-06	5.37593985e-06	0
8.259331296e-06	5.37593985e-06	10
8.259331296e-06	5.37593985e-06	10
8.259331296e-06	5.37593985e-06	10
8.259331296e-06	5.37593985e-06	10
8.259331296e-06	5.37593985e-06	10
8.259331296e-06	5.37593985e-06	10
8.259331296e-06	5.37593985e-06	10
8.259331296e-06	5.37593985e-06	10
8.259331296e-06	5.37593985e-06	10
8.259331296e-06	5.37593985e-06	10
8.259331296e-06	5.37593985e-06	10
8.259331296e-06	5.37593985e-06	10
8.259331296e-06	5.37593985e-06	10
8.259331296e-06	5.37593985e-06	10
8.259331296e-06	5.37593985e-06	10
8.259331296e-06	5.37593985e-06	10
8.259331296e-06	5.37593985e-06	10
8.259331296e-06	5.37593985e-06	10
8.259331296e-06	5.37593985e-06	10
8.259331296e-06	5.37593985e-06	10
8.259331296e-06	5.37593985e-06	10
8.259331296e-06	5.37593985e-06	10
8.259331296e-06	5.37593985e-06	10
8.259331296e-06	5.37593985e-06	10
8.259331296e-06	5.37593985e-06	10
8.259331296e-06	5.37593985e-06	0
8.278128289e-06	5.37593985e-06	0
8.296925281e-06	5.37593985e-06	0
8.315722274e-06	5.37593985e-06	0
8.334519266e-06	5.37593985e-06	0
8.353316259e-06	5.37593985e-06	0
8.372113251e-06	5.37593985e-06	0
8.390910244e-06	5.37593985e-06	0
8.409707236e-06	5.37593985e-06	0
8.409707236e-06	5.37593985e-06	10
8.409707236e-06	5.37593985e-06	10
8.409707236e-06	5.37593985e-06	10
8.409707236e-06	5.37593985e-06	10
8.409707236e-06	5.37593985e-06	10
8.409707236e-06	5.37593985e-06	10
8.409707236e-06	5.37593985e-06	10
8.409707236e-06	5.37593985e-06	10
8.409707236e-06	5.37593985e-06	10
8.409707236e-06	5.37593985e-06	10
8.409707236e-06	5.37593985e-06	10
8.409707236e-06	5.37593985e-06	10
8.409707236e-06	5.37593985e-06	10
8.409707236e-06	5.37593985e-06	10
8.409707236e-06	5.37593985e-06	10
8.409707236e-06	5.37593985e-06	10
8.409707236e-06	5.37593985e-06	10
8.409707236e-06	5.37593985e-06	10
8.409707236e-06	5.37593985e-06	10
8.409707236e-06	5.37593985e-06	10
8.409707236e-06	5.37593985e-06	10
8.409707236e-06	5.37593985e-06	10
8.409707236e-06	5.37593985e-06	10
8.409707236e-06	5.37593985e-06	10
8.409707236e-06	5.37593985e-06	10
8.409707236e-06	5.37593985e-06	0
8.428504229e-06	5.37593985e-06	0
8.447301221e-06	5.37593985e-06	0
8.466098214e-06	5.37593985e-06	0
8.484895206e-06	5.37593985e-06	0
8.503692199e-06	5.37593985e-06	0
8.522489191e-06	5.37593985e-06	0
8.541286184e-06	5.37593985e-06	0
8.560083176e-06	5.37593985e-06	0
8.560083176e-06	5.37593985e-06	10
8.560083176e-06	5.37593985e-06	10
8.560083176e-06	5.37593985e-06	10
8.560083176e-06	5.37593985e-06	10
8.560083176e-06	5.37593985e-06	10
8.560083176e-06	5.37593985e-06	10
8.560083176e-06	5.37593985e-06	10
8.560083176e-06	5.37593985e-06	10
8.560083176e-06	5.37593985e-06	10
8.560083176e-06	5.37593985e-06	10
8.560083176e-06	5.37593985e-06	10
8.560083176e-06	5.37593985e-06	10
8.560083176e-06	5.37593985e-06	10
8.560083176e-06	5.37593985e-06	10
8.560083176e-06	5.37593985e-06	10
8.560083176e-06	5.37593985e-06	10
8.560083176e-06	5.37593985e-06	10
8.560083176e-06	5.37593985e-06	10
8.560083176e-06	5.37593985e-06	10
8.560083176e-06	5.37593985e-06	10
8.560083176e-06	5.37593985e-06	10
8.560083176e-06	5.37593985e-06	10
8.560083176e-06	5.37593985e-06	10
8.560083176e-06	5.37593985e-06	10
8.560083176e-06	5.37593985e-06	10
8.560083176e-06	5.37593985e-06	0
8.578880169e-06	5.37593985e-06	0
8.597677161e-06	5.37593985e-06	0
8.616474153e-06	5.37593985e-06	0
8.635271146e-06	5.37593985e-06	0
8.654068138e-06	5.37593985e-06	0
8.672865131e-06	5.37593985e-06	0
8.691662123e-06	5.37593985e-06	0
8.710459116e-06	5.37593985e-06	0
8.710459116e-06	5.37593985e-06	10
8.710459116e-06	5.37593985e-06	10
8.710459116e-06	5.37593985e-06	10
8.710459116e-06	5.37593985e-06	10
8.710459116e-06	5.37593985e-06	10
8.710459116e-06	5.37593985e-06	10
8.710459116e-06	5.37593985e-06	10
8.710459116e-06	5.37593985e-06	10
8.710459116e-06	5.37593985e-06	10
8.710459116e-06	5.37593985e-06	10
8.710459116e-06	5.37593985e-06	10
8.710459116e-06	5.37593985e-06	10
8.710459116e-06	5.37593985e-06	10
8.710459116e-06	5.37593985e-06	10
8.710459116e-06	5.37593985e-06	10
8.710459116e-06	5.37593985e-06	10
8.710459116e-06	5.37593985e-06	10
8.710459116e-06	5.37593985e-06	10
8.710459116e-06	5.37593985e-06	10
8.710459116e-06	5.37593985e-06	10
8.710459116e-06	5.37593985e-06	10
8.710459116e-06	5.37593985e-06	10
8.710459116e-06	5.37593985e-06	10
8.710459116e-06	5.37593985e-06	10
8.710459116e-06	5.37593985e-06	10
8.710459116e-06	5.37593985e-06	0
8.729256108e-06	5.37593985e-06	0
8.748053101e-06	5.37593985e-06	0
8.766850093e-06	5.37593985e-06	0
8.785647086e-06	5.37593985e-06	0
8.804444078e-06	5.37593985e-06	0
8.823241071e-06	5.37593985e-06	0
8.842038063e-06	5.37593985e-06	0
8.860835056e-06	5.37593985e-06	0
8.860835056e-06	5.37593985e-06	10
8.860835056e-06	5.37593985e-06	10
8.860835056e-06	5.37593985e-06	10
8.860835056e-06	5.37593985e-06	10
8.860835056e-06	5.37593985e-06	10
8.860835056e-06	5.37593985e-06	10
8.860835056e-06	5.37593985e-06	10
8.860835056e-06	5.37593985e-06	10
8.860835056e-06	5.37593985e-06	10
8.860835056e-06	5.37593985e-06	10
8.860835056e-06	5.37593985e-06	10
8.860835056e-06	5.37593985e-06	10
8.860835056e-06	5.37593985e-06	10
8.860835056e-06	5.37593985e-06	10
8.860835056e-06	5.37593985e-06	10
8.860835056e-06	5.37593985e-06	10
8.860835056e-06	5.37593985e-06	10
8.860835056e-06	5.37593985e-06	10
8.860835056e-06	5.37593985e-06	10
8.860835056e-06	5.37593985e-06	10
8.860835056e-06	5.37593985e-06	10
8.860835056e-06	5.37593985e-06	10
8.860835056e-06	5.37593985e-06	10
8.860835056e-06	5.37593985e-06	10
8.860835056e-06	5.37593985e-06	10
8.860835056e-06	5.37593985e-06	0
8.860835056e-06	5.394736842e-06	0
8.860835056e-06	5.413533835e-06	0
8.860835056e-06	5.432330827e-06	0
8.860835056e-06	5.45112782e-06	0
8.860835056e-06	5.469924812e-06	0
8.860835056e-06	5.488721805e-06	0
8.860835056e-06	5.507518797e-06	0
8.860835056e-06	5.526315789e-06	0
8.860835056e-06	5.526315789e-06	-10
8.860835056e-06	5.526315789e-06	-10
8.860835056e-06	5.526315789e-06	-10
8.860835056e-06	5.526315789e-06	-10
8.860835056e-06	5.526315789e-06	-10
8.860835056e-06	5.526315789e-06	-10
8.860835056e-06	5.526315789e-06	-10
8.860835056e-06	5.526315789e-06	-10
8.860835056e-06	5.526315789e-06	-10
8.860835056e-06	5.526315789e-06	-10
8.860835056e-06	5.526315789e-06	-10
8.860835056e-06	5.526315789e-06	-10
8.860835056e-06	5.526315789e-06	-10
8.860835056e-06	5.526315789e-06	-10
8.860835056e-06	5.526315789e-06	-10
8.860835056e-06	5.526315789e-06	-10
8.860835056e-06	5.526315789e-06	-10
8.860835056e-06	5.526315789e-06	-10
8.860835056e-06	5.526315789e-06	-10
8.860835056e-06	5.526315789e-06	-10
8.860835056e-06	5.526315789e-06	-10
8.860835056e-06	5.526315789e-06	-10
8.860835056e-06	5.526315789e-06	-10
8.860835056e-06	5.526315789e-06	-10
8.860835056e-06	5.526315789e-06	-10
8.860835056e-06	5.526315789e-06	0
8.842038063e-06	5.526315789e-06	0
8.823241071e-06	5.526315789e-06	0
8.804444078e-06	5.526315789e-06	0
8.785647086e-06	5.526315789e-06	0
8.766850093e-06	5.526315789e-06	0
8.748053101e-06	5.526315789e-06	0
8.729256108e-06	5.526315789e-06	0
8.710459116e-06	5.526315789e-06	0
8.710459116e-06	5.526315789e-06	-10
8.710459116e-06	5.526315789e-06	-10
8.710459116e-06	5.526315789e-06	-10
8.710459116e-06	5.526315789e-06	-10
8.710459116e-06	5.526315789e-06	-10
8.710459116e-06	5.526315789e-06	-10
8.710459116e-06	5.526315789e-06	-10
8.710459116e-06	5.526315789e-06	-10
8.710459116e-06	5.526315789e-06	-10
8.710459116e-06	5.526315789e-06	-10
8.710459116e-06	5.526315789e-06	-10
8.710459116e-06	5.526315789e-06	-10
8.710459116e-06	5.526315789e-06	-10
8.710459116e-06	5.526315789e-06	-10
8.710459116e-06	5.526315789e-06	-10
8.710459116e-06	5.526315789e-06	-10
8.710459116e-06	5.526315789e-06	-10
8.710459116e-06	5.526315789e-06	-10
8.710459116e-06	5.526315789e-06	-10
8.710459116e-06	5.526315789e-06	-10
8.710459116e-06	5.526315789e-06	-10
8.710459116e-06	5.526315789e-06	-10
8.710459116e-06	5.526315789e-06	-10
8.710459116e-06	5.526315789e-06	-10
8.710459116e-06	5.526315789e-06	-10
8.710459116e-06	5.526315789e-06	0
8.691662123e-06	5.526315789e-06	0
8.672865131e-06	5.526315789e-06	0
8.654068138e-06	5.526315789e-06	0
8.635271146e-06	5.526315789e-06	0
8.616474153e-06	5.526315789e-06	0
8.597677161e-06	5.526315789e-06	0
8.578880169e-06	5.526315789e-06	0
8.560083176e-06	5.526315789e-06	0
8.560083176e-06	5.526315789e-06	-10
8.560083176e-06	5.526315789e-06	-10
8.560083176e-06	5.526315789e-06	-10
8.560083176e-06	5.526315789e-06	-10
8.560083176e-06	5.526315789e-06	-10
8.560083176e-06	5.526315789e-06	-10
8.560083176e-06	5.526315789e-06	-10
8.560083176e-06	5.526315789e-06	-10
8.560083176e-06	5.526315789e-06	-10
8.560083176e-06	5.526315789e-06	-10
8.560083176e-06	5.526315789e-06	-10
8.560083176e-06	5.526315789e-06	-10
8.560083176e-06	5.526315789e-06	-10
8.560083176e-06	5.526315789e-06	-10
8.560083176e-06	5.526315789e-06	-10
8.560083176e-06	5.526315789e-06	-10
8.560083176e-06	5.526315789e-06	-10
8.560083176e-06	5.526315789e-06	-10
8.560083176e-06	5.526315789e-06	-10
8.560083176e-06	5.526315789e-06	-10
8.560083176e-06	5.526315789e-06	-10
8.560083176e-06	5.526315789e-06	-10
8.560083176e-06	5.526315789e-06	-10
8.560083176e-06	5.526315789e-06	-10
8.560083176e-06	5.526315789e-06	-10
8.560083176e-06	5.526315789e-06	0
8.541286184e-06	5.526315789e-06	0
8.522489191e-06	5.526315789e-06	0
8.503692199e-06	5.526315789e-06	0
8.484895206e-06	5.526315789e-06	0
8.466098214e-06	5.526315789e-06	0
8.447301221e-06	5.526315789e-06	0
8.428504229e-06	5.526315789e-06	0
8.409707236e-06	5.526315789e-06	0
8.409707236e-06	5.526315789e-06	-10
8.409707236e-06	5.526315789e-06	-10
8.409707236e-06	5.526315789e-06	-10
8.409707236e-06	5.526315789e-06	-10
8.409707236e-06	5.526315789e-06	-10
8.409707236e-06	5.526315789e-06	-10
8.409707236e-06	5.526315789e-06	-10
8.409707236e-06	5.526315789e-06	-10
8.409707236e-06	5.526315789e-06	-10
8.409707236e-06	5.526315789e-06	-10
8.409707236e-06	5.526315789e-06	-10
8.409707236e-06	5.526315789e-06	-10
8.409707236e-06	5.526315789e-06	-10
8.409707236e-06	5.526315789e-06	-10
8.409707236e-06	5.526315789e-06	-10
8.409707236e-06	5.526315789e-06	-10
8.409707236e-06	5.526315789e-06	-10
8.409707236e-06	5.526315789e-06	-10
8.409707236e-06	5.526315789e-06	-10
8.409707236e-06	5.526315789e-06	-10
8.409707236e-06	5.526315789e-06	-10
8.409707236e-06	5.526315789e-06	-10
8.409707236e-06	5.526315789e-06	-10
8.409707236e-06	5.526315789e-06	-10
8.409707236e-06	5.526315789e-06	-10
8.409707236e-06	5.526315789e-06	0
8.390910244e-06	5.526315789e-06	0
8.372113251e-06	5.526315789e-06	0
8.353316259e-06	5.526315789e-06	0
8.334519266e-06	5.526315789e-06	0
8.315722274e-06	5.526315789e-06	0
8.296925281e-06	5.526315789e-06	0
8.278128289e-06	5.526315789e-06	0
8.259331296e-06	5.526315789e-06	0
8.259331296e-06	5.526315789e-06	-10
8.259331296e-06	5.526315789e-06	-10
8.259331296e-06	5.526315789e-06	-10
8.259331296e-06	5.526315789e-06	-10
8.259331296e-06	5.526315789e-06	-10
8.259331296e-06	5.526315789e-06	-10
8.259331296e-06	5.526315789e-06	-10
8.259331296e-06	5.526315789e-06	-10
8.259331296e-06	5.526315789e-06	-10
8.259331296e-06	5.526315789e-06	-10
8.259331296e-06	5.526315789e-06	-10
8.259331296e-06	5.526315789e-06	-10
8.259331296e-06	5.526315789e-06	-10
8.259331296e-06	5.526315789e-06	-10
8.259331296e-06	5.526315789e-06	-10
8.259331296e-06	5.526315789e-06	-10
8.259331296e-06	5.526315789e-06	-10
8.259331296e-06	5.526315789e-06	-10
8.259331296e-06	5.526315789e-06	-10
8.259331296e-06	5.526315789e-06	-10
8.259331296e-06	5.526315789e-06	-10
8.259331296e-06	5.526315789e-06	-10
8.259331296e-06	5.526315789e-06	-10
8.259331296e-06	5.526315789e-06	-10
8.259331296e-06	5.526315789e-06	-10
8.259331296e-06	5.526315789e-06	0
8.240534304e-06	5.526315789e-06	0
8.221737311e-06	5.526315789e-06	0
8.202940319e-06	5.526315789e-06	0
8.184143326e-06	5.526315789e-06	0
8.165346334e-06	5.526315789e-06	0
8.146549341e-06	5.526315789e-06	0
8.127752349e-06	5.526315789e-06	0
8.108955356e-06	5.526315789e-06	0
8.108955356e-06	5.526315789e-06	-10
8.108955356e-06	5.526315789e-06	-10
8.108955356e-06	5.526315789e-06	-10
8.108955356e-06	5.526315789e-06	-10
8.108955356e-06	5.526315789e-06	-10
8.108955356e-06	5.526315789e-06	-10
8.108955356e-06	5.526315789e-06	-10
8.108955356e-06	5.526315789e-06	-10
8.108955356e-06	5.526315789e-06	-10
8.108955356e-06	5.526315789e-06	-10
8.108955356e-06	5.526315789e-06	-10
8.108955356e-06	5.526315789e-06	-10
8.108955356e-06	5.526315789e-06	-10
8.108955356e-06	5.526315789e-06	-10
8.108955356e-06	5.526315789e-06	-10
8.108955356e-06	5.526315789e-06	-10
8.108955356e-06	5.526315789e-06	-10
8.108955356e-06	5.526315789e-06	-10
8.108955356e-06	5.526315789e-06	-10
8.108955356e-06	5.526315789e-06	-10
8.108955356e-06	5.526315789e-06	-10
8.108955356e-06	5.526315789e-06	-10
8.108955356e-06	5.526315789e-06	-10
8.108955356e-06	5.526315789e-06	-10
8.108955356e-06	5.526315789e-06	-10
8.108955356e-06	5.526315789e-06	0
8.090158364e-06	5.526315789e-06	0
8.071361372e-06	5.526315789e-06	0
8.052564379e-06	5.526315789e-06	0
8.033767387e-06	5.526315789e-06	0
8.014970394e-06	5.526315789e-06	0
7.996173402e-06	5.526315789e-06	0
7.977376409e-06	5.526315789e-06	0
7.958579417e-06	5.526315789e-06	0
7.958579417e-06	5.526315789e-06	-10
7.958579417e-06	5.526315789e-06	-10
7.958579417e-06	5.526315789e-06	-10
7.958579417e-06	5.526315789e-06	-10
7.958579417e-06	5.526315789e-06	-10
7.958579417e-06	5.526315789e-06	-10
7.958579417e-06	5.526315789e-06	-10
7.958579417e-06	5.526315789e-06	-10
7.958579417e-06	5.526315789e-06	-10
7.958579417e-06	5.526315789e-06	-10
7.958579417e-06	5.526315789e-06	-10
7.958579417e-06	5.526315789e-06	-10
7.958579417e-06	5.526315789e-06	-10
7.958579417e-06	5.526315789e-06	-10
7.958579417e-06	5.526315789e-06	-10
7.958579417e-06	5.526315789e-06	-10
7.958579417e-06	5.526315789e-06	-10
7.958579417e-06	5.526315789e-06	-10
7.958579417e-06	5.526315789e-06	-10
7.958579417e-06	5.526315789e-06	-10
7.958579417e-06	5.526315789e-06	-10
7.958579417e-06	5.526315789e-06	-10
7.958579417e-06	5.526315789e-06	-10
7.958579417e-06	5.526315789e-06	-10
7.958579417e-06	5.526315789e-06	-10
7.958579417e-06	5.526315789e-06	0
7.939782424e-06	5.526315789e-06	0
7.920985432e-06	5.526315789e-06	0
7.902188439e-06	5.526315789e-06	0
7.883391447e-06	5.526315789e-06	0
7.864594454e-06	5.526315789e-06	0
7.845797462e-06	5.526315789e-06	0
7.827000469e-06	5.526315789e-06	0
7.808203477e-06	5.526315789e-06	0
7.808203477e-06	5.526315789e-06	-10
7.808203477e-06	5.526315789e-06	-10
7.808203477e-06	5.526315789e-06	-10
7.808203477e-06	5.526315789e-06	-10
7.808203477e-06	5.526315789e-06	-10
7.808203477e-06	5.526315789e-06	-10
7.808203477e-06	5.526315789e-06	-10
7.808203477e-06	5.526315789e-06	-10
7.808203477e-06	5.526315789e-06	-10
7.808203477e-06	5.526315789e-06	-10
7.808203477e-06	5.526315789e-06	-10
7.808203477e-06	5.526315789e-06	-10
7.808203477e-06	5.526315789e-06	-10
7.808203477e-06	5.526315789e-06	-10
7.808203477e-06	5.526315789e-06	-10
7.808203477e-06	5.526315789e-06	-10
7.808203477e-06	5.526315789e-06	-10
7.808203477e-06	5.526315789e-06	-10
7.808203477e-06	5.526315789e-06	-10
7.808203477e-06	5.526315789e-06	-10
7.808203477e-06	5.526315789e-06	-10
7.808203477e-06	5.526315789e-06	-10
7.808203477e-06	5.526315789e-06	-10
7.808203477e-06	5.526315789e-06	-10
7.808203477e-06	5.526315789e-06	-10
7.808203477e-06	5.526315789e-06	0
7.789406484e-06	5.526315789e-06	0
7.770609492e-06	5.526315789e-06	0
7.751812499e-06	5.526315789e-06	0
7.733015507e-06	5.526315789e-06	0
7.714218514e-06	5.526315789e-06	0
7.695421522e-06	5.526315789e-06	0
7.676624529e-06	5.526315789e-06	0
7.657827537e-06	5.526315789e-06	0
7.657827537e-06	5.526315789e-06	-10
7.657827537e-06	5.526315789e-06	-10
7.657827537e-06	5.526315789e-06	-10
7.657827537e-06	5.526315789e-06	-10
7.657827537e-06	5.526315789e-06	-10
7.657827537e-06	5.526315789e-06	-10
7.657827537e-06	5.526315789e-06	-10
7.657827537e-06	5.526315789e-06	-10
7.657827537e-06	5.526315789e-06	-10
7.657827537e-06	5.526315789e-06	-10
7.657827537e-06	5.526315789e-06	-10
7.657827537e-06	5.526315789e-06	-10
7.657827537e-06	5.526315789e-06	-10
7.657827537e-06	5.526315789e-06	-10
7.657827537e-06	5.526315789e-06	-10
7.657827537e-06	5.526315789e-06	-10
7.657827537e-06	5.526315789e-06	-10
7.657827537e-06	5.526315789e-06	-10
7.657827537e-06	5.526315789e-06	-10
7.657827537e-06	5.526315789e-06	-10
7.657827537e-06	5.526315789e-06	-10
7.657827537e-06	5.526315789e-06	-10
7.657827537e-06	5.526315789e-06	-10
7.657827537e-06	5.526315789e-06	-10
7.657827537e-06	5.526315789e-06	-10
7.657827537e-06	5.526315789e-06	0
7.639030544e-06	5.526315789e-06	0
7.620233552e-06	5.526315789e-06	0
7.601436559e-06	5.526315789e-06	0
7.582639567e-06	5.526315789e-06	0
7.563842575e-06	5.526315789e-06	0
7.545045582e-06	5.526315789e-06	0
7.52624859e-06	5.526315789e-06	0
7.507451597e-06	5.526315789e-06	0
7.507451597e-06	5.526315789e-06	-10
7.507451597e-06	5.526315789e-06	-10
7.507451597e-06	5.526315789e-06	-10
7.507451597e-06	5.526315789e-06	-10
7.507451597e-06	5.526315789e-06	-10
7.507451597e-06	5.526315789e-06	-10
7.507451597e-06	5.526315789e-06	-10
7.507451597e-06	5.526315789e-06	-10
7.507451597e-06	5.526315789e-06	-10
7.507451597e-06	5.526315789e-06	-10
7.507451597e-06	5.526315789e-06	-10
7.507451597e-06	5.526315789e-06	-10
7.507451597e-06	5.526315789e-06	-10
7.507451597e-06	5.526315789e-06	-10
7.507451597e-06	5.526315789e-06	-10
7.507451597e-06	5.526315789e-06	-10
7.507451597e-06	5.526315789e-06	-10
7.507451597e-06	5.526315789e-06	-10
7.507451597e-06	5.526315789e-06	-10
7.507451597e-06	5.526315789e-06	-10
7.507451597e-06	5.526315789e-06	-10
7.507451597e-06	5.526315789e-06	-10
7.507451597e-06	5.526315789e-06	-10
7.507451597e-06	5.526315789e-06	-10
7.507451597e-06	5.526315789e-06	-10
7.507451597e-06	5.526315789e-06	0
7.488654605e-06	5.526315789e-06	0
7.469857612e-06	5.526315789e-06	0
7.45106062e-06	5.526315789e-06	0
7.432263627e-06	5.526315789e-06	0
7.413466635e-06	5.526315789e-06	0
7.394669642e-06	5.526315789e-06	0
7.37587265e-06	5.526315789e-06	0
7.357075657e-06	5.526315789e-06	0
7.357075657e-06	5.526315789e-06	-10
7.357075657e-06	5.526315789e-06	-10
7.357075657e-06	5.526315789e-06	-10
7.357075657e-06	5.526315789e-06	-10
7.357075657e-06	5.526315789e-06	-10
7.357075657e-06	5.526315789e-06	-10
7.357075657e-06	5.526315789e-06	-10
7.357075657e-06	5.526315789e-06	-10
7.357075657e-06	5.526315789e-06	-10
7.357075657e-06	5.526315789e-06	-10
7.357075657e-06	5.526315789e-06	-10
7.357075657e-06	5.526315789e-06	-10
7.357075657e-06	5.526315789e-06	-10
7.357075657e-06	5.526315789e-06	-10
7.357075657e-06	5.526315789e-06	-10
7.357075657e-06	5.526315789e-06	-10
7.357075657e-06	5.526315789e-06	-10
7.357075657e-06	5.526315789e-06	-10
7.357075657e-06	5.526315789e-06	-10
7.357075657e-06	5.526315789e-06	-10
7.357075657e-06	5.526315789e-06	-10
7.357075657e-06	5.526315789e-06	-10
7.357075657e-06	5.526315789e-06	-10
7.357075657e-06	5.526315789e-06	-10
7.357075657e-06	5.526315789e-06	-10
7.357075657e-06	5.526315789e-06	0
7.338278665e-06	5.526315789e-06	0
7.319481672e-06	5.526315789e-06	0
7.30068468e-06	5.526315789e-06	0
7.281887687e-06	5.526315789e-06	0
7.263090695e-06	5.526315789e-06	0
7.244293702e-06	5.526315789e-06	0
7.22549671e-06	5.526315789e-06	0
7.206699717e-06	5.526315789e-06	0
7.206699717e-06	5.526315789e-06	-10
7.206699717e-06	5.526315789e-06	-10
7.206699717e-06	5.526315789e-06	-10
7.206699717e-06	5.526315789e-06	-10
7.206699717e-06	5.526315789e-06	-10
7.206699717e-06	5.526315789e-06	-10
7.206699717e-06	5.526315789e-06	-10
7.206699717e-06	5.526315789e-06	-10
7.206699717e-06	5.526315789e-06	-10
7.206699717e-06	5.526315789e-06	-10
7.206699717e-06	5.526315789e-06	-10
7.206699717e-06	5.526315789e-06	-10
7.206699717e-06	5.526315789e-06	-10
7.206699717e-06	5.526315789e-06	-10
7.206699717e-06	5.526315789e-06	-10
7.206699717e-06	5.526315789e-06	-10
7.206699717e-06	5.526315789e-06	-10
7.206699717e-06	5.526315789e-06	-10
7.206699717e-06	5.526315789e-06	-10
7.206699717e-06	5.526315789e-06	-10
7.206699717e-06	5.526315789e-06	-10
7.206699717e-06	5.526315789e-06	-10
7.206699717e-06	5.526315789e-06	-10
7.206699717e-06	5.526315789e-06	-10
7.206699717e-06	5.526315789e-06	-10
7.206699717e-06	5.526315789e-06	0
7.187902725e-06	5.526315789e-06	0
7.169105732e-06	5.526315789e-06	0
7.15030874e-06	5.526315789e-06	0
7.131511747e-06	5.526315789e-06	0
7.112714755e-06	5.526315789e-06	0
7.093917763e-06	5.526315789e-06	0
7.07512077e-06	5.526315789e-06	0
7.056323778e-06	5.526315789e-06	0
7.056323778e-06	5.526315789e-06	-10
7.056323778e-06	5.526315789e-06	-10
7.056323778e-06	5.526315789e-06	-10
7.056323778e-06	5.526315789e-06	-10
7.056323778e-06	5.526315789e-06	-10
7.056323778e-06	5.526315789e-06	-10
7.056323778e-06	5.526315789e-06	-10
7.056323778e-06	5.526315789e-06	-10
7.056323778e-06	5.526315789e-06	-10
7.056323778e-06	5.526315789e-06	-10
7.056323778e-06	5.526315789e-06	-10
7.056323778e-06	5.526315789e-06	-10
7.056323778e-06	5.526315789e-06	-10
7.056323778e-06	5.526315789e-06	-10
7.056323778e-06	5.526315789e-06	-10
7.056323778e-06	5.526315789e-06	-10
7.056323778e-06	5.526315789e-06	-10
7.056323778e-06	5.526315789e-06	-10
7.056323778e-06	5.526315789e-06	-10
7.056323778e-06	5.526315789e-06	-10
7.056323778e-06	5.526315789e-06	-10
7.056323778e-06	5.526315789e-06	-10
7.056323778e-06	5.526315789e-06	-10
7.056323778e-06	5.526315789e-06	-10
7.056323778e-06	5.526315789e-06	-10
7.056323778e-06	5.526315789e-06	0
7.037526785e-06	5.526315789e-06	0
7.018729793e-06	5.526315789e-06	0
6.9999328e-06	5.526315789e-06	0
6.981135808e-06	5.526315789e-06	0
6.962338815e-06	5.526315789e-06	0
6.943541823e-06	5.526315789e-06	0
6.92474483e-06	5.526315789e-06	0
6.905947838e-06	5.526315789e-06	0
6.905947838e-06	5.526315789e-06	-10
6.905947838e-06	5.526315789e-06	-10
6.905947838e-06	5.526315789e-06	-10
6.905947838e-06	5.526315789e-06	-10
6.905947838e-06	5.526315789e-06	-10
6.905947838e-06	5.526315789e-06	-10
6.905947838e-06	5.526315789e-06	-10
6.905947838e-06	5.526315789e-06	-10
6.905947838e-06	5.526315789e-06	-10
6.905947838e-06	5.526315789e-06	-10
6.905947838e-06	5.526315789e-06	-10
6.905947838e-06	5.526315789e-06	-10
6.905947838e-06	5.526315789e-06	-10
6.905947838e-06	5.526315789e-06	-10
6.905947838e-06	5.526315789e-06	-10
6.905947838e-06	5.526315789e-06	-10
6.905947838e-06	5.526315789e-06	-10
6.905947838e-06	5.526315789e-06	-10
6.905947838e-06	5.526315789e-06	-10
6.905947838e-06	5.526315789e-06	-10
6.905947838e-06	5.526315789e-06	-10
6.905947838e-06	5.526315789e-06	-10
6.905947838e-06	5.526315789e-06	-10
6.905947838e-06	5.526315789e-06	-10
6.905947838e-06	5.526315789e-06	-10
6.905947838e-06	5.526315789e-06	0
6.887150845e-06	5.526315789e-06	0
6.868353853e-06	5.526315789e-06	0
6.84955686e-06	5.526315789e-06	0
6.830759868e-06	5.526315789e-06	0
6.811962875e-06	5.526315789e-06	0
6.793165883e-06	5.526315789e-06	0
6.77436889e-06	5.526315789e-06	0
6.755571898e-06	5.526315789e-06	0
6.755571898e-06	5.526315789e-06	-10
6.755571898e-06	5.526315789e-06	-10
6.755571898e-06	5.526315789e-06	-10
6.755571898e-06	5.526315789e-06	-10
6.755571898e-06	5.526315789e-06	-10
6.755571898e-06	5.526315789e-06	-10
6.755571898e-06	5.526315789e-06	-10
6.755571898e-06	5.526315789e-06	-10
6.755571898e-06	5.526315789e-06	-10
6.755571898e-06	5.526315789e-06	-10
6.755571898e-06	5.526315789e-06	-10
6.755571898e-06	5.526315789e-06	-10
6.755571898e-06	5.526315789e-06	-10
6.755571898e-06	5.526315789e-06	-10
6.755571898e-06	5.526315789e-06	-10
6.755571898e-06	5.526315789e-06	-10
6.755571898e-06	5.526315789e-06	-10
6.755571898e-06	5.526315789e-06	-10
6.755571898e-06	5.526315789e-06	-10
6.755571898e-06	5.526315789e-06	-10
6.755571898e-06	5.526315789e-06	-10
6.755571898e-06	5.526315789e-06	-10
6.755571898e-06	5.526315789e-06	-10
6.755571898e-06	5.526315789e-06	-10
6.755571898e-06	5.526315789e-06	-10
6.755571898e-06	5.526315789e-06	0
6.736774905e-06	5.526315789e-06	0
6.717977913e-06	5.526315789e-06	0
6.69918092e-06	5.526315789e-06	0
6.680383928e-06	5.526315789e-06	0
6.661586935e-06	5.526315789e-06	0
6.642789943e-06	5.526315789e-06	0
6.62399295e-06	5.526315789e-06	0
6.605195958e-06	5.526315789e-06	0
6.605195958e-06	5.526315789e-06	-10
6.605195958e-06	5.526315789e-06	-10
6.605195958e-06	5.526315789e-06	-10
6.605195958e-06	5.526315789e-06	-10
6.605195958e-06	5.526315789e-06	-10
6.605195958e-06	5.526315789e-06	-10
6.605195958e-06	5.526315789e-06	-10
6.605195958e-06	5.526315789e-06	-10
6.605195958e-06	5.526315789e-06	-10
6.605195958e-06	5.526315789e-06	-10
6.605195958e-06	5.526315789e-06	-10
6.605195958e-06	5.526315789e-06	-10
6.605195958e-06	5.526315789e-06	-10
6.605195958e-06	5.526315789e-06	-10
6.605195958e-06	5.526315789e-06	-10
6.605195958e-06	5.526315789e-06	-10
6.605195958e-06	5.526315789e-06	-10
6.605195958e-06	5.526315789e-06	-10
6.605195958e-06	5.526315789e-06	-10
6.605195958e-06	5.526315789e-06	-10
6.605195958e-06	5.526315789e-06	-10
6.605195958e-06	5.526315789e-06	-10
6.605195958e-06	5.526315789e-06	-10
6.605195958e-06	5.526315789e-06	-10
6.605195958e-06	5.526315789e-06	-10
6.605195958e-06	5.526315789e-06	0
6.605195958e-06	5.545112782e-06	0
6.605195958e-06	5.563909774e-06	0
6.605195958e-06	5.582706767e-06	0
6.605195958e-06	5.601503759e-06	0
6.605195958e-06	5.620300752e-06	0
6.605195958e-06	5.639097744e-06	0
6.605195958e-06	5.657894737e-06	0
6.605195958e-06	5.676691729e-06	0
6.605195958e-06	5.676691729e-06	10
6.605195958e-06	5.676691729e-06	10
6.605195958e-06	5.676691729e-06	10
6.605195958e-06	5.676691729e-06	10
6.605195958e-06	5.676691729e-06	10
6.605195958e-06	5.676691729e-06	10
6.605195958e-06	5.676691729e-06	10
6.605195958e-06	5.676691729e-06	10
6.605195958e-06	5.676691729e-06	10
6.605195958e-06	5.676691729e-06	10
6.605195958e-06	5.676691729e-06	10
6.605195958e-06	5.676691729e-06	10
6.605195958e-06	5.676691729e-06	10
6.605195958e-06	5.676691729e-06	10
6.605195958e-06	5.676691729e-06	10
6.605195958e-06	5.676691729e-06	10
6.605195958e-06	5.676691729e-06	10
6.605195958e-06	5.676691729e-06	10
6.605195958e-06	5.676691729e-06	10
6.605195958e-06	5.676691729e-06	10
6.605195958e-06	5.676691729e-06	10
6.605195958e-06	5.676691729e-06	10
6.605195958e-06	5.676691729e-06	10
6.605195958e-06	5.676691729e-06	10
6.605195958e-06	5.676691729e-06	10
6.605195958e-06	5.676691729e-06	0
6.62399295e-06	5.676691729e-06	0
6.642789943e-06	5.676691729e-06	0
6.661586935e-06	5.676691729e-06	0
6.680383928e-06	5.676691729e-06	0
6.69918092e-06	5.676691729e-06	0
6.717977913e-06	5.676691729e-06	0
6.736774905e-06	5.676691729e-06	0
6.755571898e-06	5.676691729e-06	0
6.755571898e-06	5.676691729e-06	10
6.755571898e-06	5.676691729e-06	10
6.755571898e-06	5.676691729e-06	10
6.755571898e-06	5.676691729e-06	10
6.755571898e-06	5.676691729e-06	10
6.755571898e-06	5.676691729e-06	10
6.755571898e-06	5.676691729e-06	10
6.755571898e-06	5.676691729e-06	10
6.755571898e-06	5.676691729e-06	10
6.755571898e-06	5.676691729e-06	10
6.755571898e-06	5.676691729e-06	10
6.755571898e-06	5.676691729e-06	10
6.755571898e-06	5.676691729e-06	10
6.755571898e-06	5.676691729e-06	10
6.755571898e-06	5.676691729e-06	10
6.755571898e-06	5.676691729e-06	10
6.755571898e-06	5.676691729e-06	10
6.755571898e-06	5.676691729e-06	10
6.755571898e-06	5.676691729e-06	10
6.755571898e-06	5.676691729e-06	10
6.755571898e-06	5.676691729e-06	10
6.755571898e-06	5.676691729e-06	10
6.755571898e-06	5.676691729e-06	10
6.755571898e-06	5.676691729e-06	10
6.755571898e-06	5.676691729e-06	10
6.755571898e-06	5.676691729e-06	0
6.77436889e-06	5.676691729e-06	0
6.793165883e-06	5.676691729e-06	0
6.811962875e-06	5.676691729e-06	0
6.830759868e-06	5.676691729e-06	0
6.84955686e-06	5.676691729e-06	0
6.868353853e-06	5.676691729e-06	0
6.887150845e-06	5.676691729e-06	0
6.905947838e-06	5.676691729e-06	0
6.905947838e-06	5.676691729e-06	10
6.905947838e-06	5.676691729e-06	10
6.905947838e-06	5.676691729e-06	10
6.905947838e-06	5.676691729e-06	10
6.905947838e-06	5.676691729e-06	10
6.905947838e-06	5.676691729e-06	10
6.905947838e-06	5.676691729e-06	10
6.905947838e-06	5.676691729e-06	10
6.905947838e-06	5.676691729e-06	10
6.905947838e-06	5.676691729e-06	10
6.905947838e-06	5.676691729e-06	10
6.905947838e-06	5.676691729e-06	10
6.905947838e-06	5.676691729e-06	10
6.905947838e-06	5.676691729e-06	10
6.905947838e-06	5.676691729e-06	10
6.905947838e-06	5.676691729e-06	10
6.905947838e-06	5.676691729e-06	10
6.905947838e-06	5.676691729e-06	10
6.905947838e-06	5.676691729e-06	10
6.905947838e-06	5.676691729e-06	10
6.905947838e-06	5.676691729e-06	10
6.905947838e-06	5.676691729e-06	10
6.905947838e-06	5.676691729e-06	10
6.905947838e-06	5.676691729e-06	10
6.905947838e-06	5.676691729e-06	10
6.905947838e-06	5.676691729e-06	0
6.92474483e-06	5.676691729e-06	0
6.943541823e-06	5.676691729e-06	0
6.962338815e-06	5.676691729e-06	0
6.981135808e-06	5.676691729e-06	0
6.9999328e-06	5.676691729e-06	0
7.018729793e-06	5.676691729e-06	0
7.037526785e-06	5.676691729e-06	0
7.056323778e-06	5.676691729e-06	0
7.056323778e-06	5.676691729e-06	10
7.056323778e-06	5.676691729e-06	10
7.056323778e-06	5.676691729e-06	10
7.056323778e-06	5.676691729e-06	10
7.056323778e-06	5.676691729e-06	10
7.056323778e-06	5.676691729e-06	10
7.056323778e-06	5.676691729e-06	10
7.056323778e-06	5.676691729e-06	10
7.056323778e-06	5.676691729e-06	10
7.056323778e-06	5.676691729e-06	10
7.056323778e-06	5.676691729e-06	10
7.056323778e-06	5.676691729e-06	10
7.056323778e-06	5.676691729e-06	10
7.056323778e-06	5.676691729e-06	10
7.056323778e-06	5.676691729e-06	10
7.056323778e-06	5.676691729e-06	10
7.056323778e-06	5.676691729e-06	10
7.056323778e-06	5.676691729e-06	10
7.056323778e-06	5.676691729e-06	10
7.056323778e-06	5.676691729e-06	10
7.056323778e-06	5.676691729e-06	10
7.056323778e-06	5.676691729e-06	10
7.056323778e-06	5.676691729e-06	10
7.056323778e-06	5.676691729e-06	10
7.056323778e-06	5.676691729e-06	10
7.056323778e-06	5.676691729e-06	0
7.07512077e-06	5.676691729e-06	0
7.093917763e-06	5.676691729e-06	0
7.112714755e-06	5.676691729e-06	0
7.131511747e-06	5.676691729e-06	0
7.15030874e-06	5.676691729e-06	0
7.169105732e-06	5.676691729e-06	0
7.187902725e-06	5.676691729e-06	0
7.206699717e-06	5.676691729e-06	0
7.206699717e-06	5.676691729e-06	10
7.206699717e-06	5.676691729e-06	10
7.206699717e-06	5.676691729e-06	10
7.206699717e-06	5.676691729e-06	10
7.206699717e-06	5.676691729e-06	10
7.206699717e-06	5.676691729e-06	10
7.206699717e-06	5.676691729e-06	10
7.206699717e-06	5.676691729e-06	10
7.206699717e-06	5.676691729e-06	10
7.206699717e-06	5.676691729e-06	10
7.206699717e-06	5.676691729e-06	10
7.206699717e-06	5.676691729e-06	10
7.206699717e-06	5.676691729e-06	10
7.206699717e-06	5.676691729e-06	10
7.206699717e-06	5.676691729e-06	10
7.206699717e-06	5.676691729e-06	10
7.206699717e-06	5.676691729e-06	10
7.206699717e-06	5.676691729e-06	10
7.206699717e-06	5.676691729e-06	10
7.206699717e-06	5.676691729e-06	10
7.206699717e-06	5.676691729e-06	10
7.206699717e-06	5.676691729e-06	10
7.206699717e-06	5.676691729e-06	10
7.206699717e-06	5.676691729e-06	10
7.206699717e-06	5.676691729e-06	10
7.206699717e-06	5.676691729e-06	0
7.22549671e-06	5.676691729e-06	0
7.244293702e-06	5.676691729e-06	0
7.263090695e-06	5.676691729e-06	0
7.281887687e-06	5.676691729e-06	0
7.30068468e-06	5.676691729e-06	0
7.319481672e-06	5.676691729e-06	0
7.338278665e-06	5.676691729e-06	0
7.357075657e-06	5.676691729e-06	0
7.357075657e-06	5.676691729e-06	10
7.357075657e-06	5.676691729e-06	10
7.357075657e-06	5.676691729e-06	10
7.357075657e-06	5.676691729e-06	10
7.357075657e-06	5.676691729e-06	10
7.357075657e-06	5.676691729e-06	10
7.357075657e-06	5.676691729e-06	10
7.357075657e-06	5.676691729e-06	10
7.357075657e-06	5.676691729e-06	10
7.357075657e-06	5.676691729e-06	10
7.357075657e-06	5.676691729e-06	10
7.357075657e-06	5.676691729e-06	10
7.357075657e-06	5.676691729e-06	10
7.357075657e-06	5.676691729e-06	10
7.357075657e-06	5.676691729e-06	10
7.357075657e-06	5.676691729e-06	10
7.357075657e-06	5.676691729e-06	10
7.357075657e-06	5.676691729e-06	10
7.357075657e-06	5.676691729e-06	10
7.357075657e-06	5.676691729e-06	10
7.357075657e-06	5.676691729e-06	10
7.357075657e-06	5.676691729e-06	10
7.357075657e-06	5.676691729e-06	10
7.357075657e-06	5.676691729e-06	10
7.357075657e-06	5.676691729e-06	10
7.357075657e-06	5.676691729e-06	0
7.37587265e-06	5.676691729e-06	0
7.394669642e-06	5.676691729e-06	0
7.413466635e-06	5.676691729e-06	0
7.432263627e-06	5.676691729e-06	0
7.45106062e-06	5.676691729e-06	0
7.469857612e-06	5.676691729e-06	0
7.488654605e-06	5.676691729e-06	0
7.507451597e-06	5.676691729e-06	0
7.507451597e-06	5.676691729e-06	10
7.507451597e-06	5.676691729e-06	10
7.507451597e-06	5.676691729e-06	10
7.507451597e-06	5.676691729e-06	10
7.507451597e-06	5.676691729e-06	10
7.507451597e-06	5.676691729e-06	10
7.507451597e-06	5.676691729e-06	10
7.507451597e-06	5.676691729e-06	10
7.507451597e-06	5.676691729e-06	10
7.507451597e-06	5.676691729e-06	10
7.507451597e-06	5.676691729e-06	10
7.507451597e-06	5.676691729e-06	10
7.507451597e-06	5.676691729e-06	10
7.507451597e-06	5.676691729e-06	10
7.507451597e-06	5.676691729e-06	10
7.507451597e-06	5.676691729e-06	10
7.507451597e-06	5.676691729e-06	10
7.507451597e-06	5.676691729e-06	10
7.507451597e-06	5.676691729e-06	10
7.507451597e-06	5.676691729e-06	10
7.507451597e-06	5.676691729e-06	10
7.507451597e-06	5.676691729e-06	10
7.507451597e-06	5.676691729e-06	10
7.507451597e-06	5.676691729e-06	10
7.507451597e-06	5.676691729e-06	10
7.507451597e-06	5.676691729e-06	0
7.52624859e-06	5.676691729e-06	0
7.545045582e-06	5.676691729e-06	0
7.563842575e-06	5.676691729e-06	0
7.582639567e-06	5.676691729e-06	0
7.601436559e-06	5.676691729e-06	0
7.620233552e-06	5.676691729e-06	0
7.639030544e-06	5.676691729e-06	0
7.657827537e-06	5.676691729e-06	0
7.657827537e-06	5.676691729e-06	10
7.657827537e-06	5.676691729e-06	10
7.657827537e-06	5.676691729e-06	10
7.657827537e-06	5.676691729e-06	10
7.657827537e-06	5.676691729e-06	10
7.657827537e-06	5.676691729e-06	10
7.657827537e-06	5.676691729e-06	10
7.657827537e-06	5.676691729e-06	10
7.657827537e-06	5.676691729e-06	10
7.657827537e-06	5.676691729e-06	10
7.657827537e-06	5.676691729e-06	10
7.657827537e-06	5.676691729e-06	10
7.657827537e-06	5.676691729e-06	10
7.657827537e-06	5.676691729e-06	10
7.657827537e-06	5.676691729e-06	10
7.657827537e-06	5.676691729e-06	10
7.657827537e-06	5.676691729e-06	10
7.657827537e-06	5.676691729e-06	10
7.657827537e-06	5.676691729e-06	10
7.657827537e-06	5.676691729e-06	10
7.657827537e-06	5.676691729e-06	10
7.657827537e-06	5.676691729e-06	10
7.657827537e-06	5.676691729e-06	10
7.657827537e-06	5.676691729e-06	10
7.657827537e-06	5.676691729e-06	10
7.657827537e-06	5.676691729e-06	0
7.676624529e-06	5.676691729e-06	0
7.695421522e-06	5.676691729e-06	0
7.714218514e-06	5.676691729e-06	0
7.733015507e-06	5.676691729e-06	0
7.751812499e-06	5.676691729e-06	0
7.770609492e-06	5.676691729e-06	0
7.789406484e-06	5.676691729e-06	0
7.808203477e-06	5.676691729e-06	0
7.808203477e-06	5.676691729e-06	10
7.808203477e-06	5.676691729e-06	10
7.808203477e-06	5.676691729e-06	10
7.808203477e-06	5.676691729e-06	10
7.808203477e-06	5.676691729e-06	10
7.808203477e-06	5.676691729e-06	10
7.808203477e-06	5.676691729e-06	10
7.808203477e-06	5.676691729e-06	10
7.808203477e-06	5.676691729e-06	10
7.808203477e-06	5.676691729e-06	10
7.808203477e-06	5.676691729e-06	10
7.808203477e-06	5.676691729e-06	10
7.808203477e-06	5.676691729e-06	10
7.808203477e-06	5.676691729e-06	10
7.808203477e-06	5.676691729e-06	10
7.808203477e-06	5.676691729e-06	10
7.808203477e-06	5.676691729e-06	10
7.808203477e-06	5.676691729e-06	10
7.808203477e-06	5.676691729e-06	10
7.808203477e-06	5.676691729e-06	10
7.808203477e-06	5.676691729e-06	10
7.808203477e-06	5.676691729e-06	10
7.808203477e-06	5.676691729e-06	10
7.808203477e-06	5.676691729e-06	10
7.808203477e-06	5.676691729e-06	10
7.808203477e-06	5.676691729e-06	0
7.827000469e-06	5.676691729e-06	0
7.845797462e-06	5.676691729e-06	0
7.864594454e-06	5.676691729e-06	0
7.883391447e-06	5.676691729e-06	0
7.902188439e-06	5.676691729e-06	0
7.920985432e-06	5.676691729e-06	0
7.939782424e-06	5.676691729e-06	0
7.958579417e-06	5.676691729e-06	0
7.958579417e-06	5.676691729e-06	10
7.958579417e-06	5.676691729e-06	10
7.958579417e-06	5.676691729e-06	10
7.958579417e-06	5.676691729e-06	10
7.958579417e-06	5.676691729e-06	10
7.958579417e-06	5.676691729e-06	10
7.958579417e-06	5.676691729e-06	10
7.958579417e-06	5.676691729e-06	10
7.958579417e-06	5.676691729e-06	10
7.958579417e-06	5.676691729e-06	10
7.958579417e-06	5.676691729e-06	10
7.958579417e-06	5.676691729e-06	10
7.958579417e-06	5.676691729e-06	10
7.958579417e-06	5.676691729e-06	10
7.958579417e-06	5.676691729e-06	10
7.958579417e-06	5.676691729e-06	10
7.958579417e-06	5.676691729e-06	10
7.958579417e-06	5.676691729e-06	10
7.958579417e-06	5.676691729e-06	10
7.958579417e-06	5.676691729e-06	10
7.958579417e-06	5.676691729e-06	10
7.958579417e-06	5.676691729e-06	10
7.958579417e-06	5.676691729e-06	10
7.958579417e-06	5.676691729e-06	10
7.958579417e-06	5.676691729e-06	10
7.958579417e-06	5.676691729e-06	0
7.977376409e-06	5.676691729e-06	0
7.996173402e-06	5.676691729e-06	0
8.014970394e-06	5.676691729e-06	0
8.033767387e-06	5.676691729e-06	0
8.052564379e-06	5.676691729e-06	0
8.071361372e-06	5.676691729e-06	0
8.090158364e-06	5.676691729e-06	0
8.108955356e-06	5.676691729e-06	0
8.108955356e-06	5.676691729e-06	10
8.108955356e-06	5.676691729e-06	10
8.108955356e-06	5.676691729e-06	10
8.108955356e-06	5.676691729e-06	10
8.108955356e-06	5.676691729e-06	10
8.108955356e-06	5.676691729e-06	10
8.108955356e-06	5.676691729e-06	10
8.108955356e-06	5.676691729e-06	10
8.108955356e-06	5.676691729e-06	10
8.108955356e-06	5.676691729e-06	10
8.108955356e-06	5.676691729e-06	10
8.108955356e-06	5.676691729e-06	10
8.108955356e-06	5.676691729e-06	10
8.108955356e-06	5.676691729e-06	10
8.108955356e-06	5.676691729e-06	10
8.108955356e-06	5.676691729e-06	10
8.108955356e-06	5.676691729e-06	10
8.108955356e-06	5.676691729e-06	10
8.108955356e-06	5.676691729e-06	10
8.108955356e-06	5.676691729e-06	10
8.108955356e-06	5.676691729e-06	10
8.108955356e-06	5.676691729e-06	10
8.108955356e-06	5.676691729e-06	10
8.108955356e-06	5.676691729e-06	10
8.108955356e-06	5.676691729e-06	10
8.108955356e-06	5.676691729e-06	0
8.127752349e-06	5.676691729e-06	0
8.146549341e-06	5.676691729e-06	0
8.165346334e-06	5.676691729e-06	0
8.184143326e-06	5.676691729e-06	0
8.202940319e-06	5.676691729e-06	0
8.221737311e-06	5.676691729e-06	0
8.240534304e-06	5.676691729e-06	0
8.259331296e-06	5.676691729e-06	0
8.259331296e-06	5.676691729e-06	10
8.259331296e-06	5.676691729e-06	10
8.259331296e-06	5.676691729e-06	10
8.259331296e-06	5.676691729e-06	10
8.259331296e-06	5.676691729e-06	10
8.259331296e-06	5.676691729e-06	10
8.259331296e-06	5.676691729e-06	10
8.259331296e-06	5.676691729e-06	10
8.259331296e-06	5.676691729e-06	10
8.259331296e-06	5.676691729e-06	10
8.259331296e-06	5.676691729e-06	10
8.259331296e-06	5.676691729e-06	10
8.259331296e-06	5.676691729e-06	10
8.259331296e-06	5.676691729e-06	10
8.259331296e-06	5.676691729e-06	10
8.259331296e-06	5.676691729e-06	10
8.259331296e-06	5.676691729e-06	10
8.259331296e-06	5.676691729e-06	10
8.259331296e-06	5.676691729e-06	10
8.259331296e-06	5.676691729e-06	10
8.259331296e-06	5.676691729e-06	10
8.259331296e-06	5.676691729e-06	10
8.259331296e-06	5.676691729e-06	10
8.259331296e-06	5.676691729e-06	10
8.259331296e-06	5.676691729e-06	10
8.259331296e-06	5.676691729e-06	0
8.278128289e-06	5.676691729e-06	0
8.296925281e-06	5.676691729e-06	0
8.315722274e-06	5.676691729e-06	0
8.334519266e-06	5.676691729e-06	0
8.353316259e-06	5.676691729e-06	0
8.372113251e-06	5.676691729e-06	0
8.390910244e-06	5.676691729e-06	0
8.409707236e-06	5.676691729e-06	0
8.409707236e-06	5.676691729e-06	10
8.409707236e-06	5.676691729e-06	10
8.409707236e-06	5.676691729e-06	10
8.409707236e-06	5.676691729e-06	10
8.409707236e-06	5.676691729e-06	10
8.409707236e-06	5.676691729e-06	10
8.409707236e-06	5.676691729e-06	10
8.409707236e-06	5.676691729e-06	10
8.409707236e-06	5.676691729e-06	10
8.409707236e-06	5.676691729e-06	10
8.409707236e-06	5.676691729e-06	10
8.409707236e-06	5.676691729e-06	10
8.409707236e-06	5.676691729e-06	10
8.409707236e-06	5.676691729e-06	10
8.409707236e-06	5.676691729e-06	10
8.409707236e-06	5.676691729e-06	10
8.409707236e-06	5.676691729e-06	10
8.409707236e-06	5.676691729e-06	10
8.409707236e-06	5.676691729e-06	10
8.409707236e-06	5.676691729e-06	10
8.409707236e-06	5.676691729e-06	10
8.409707236e-06	5.676691729e-06	10
8.409707236e-06	5.676691729e-06	10
8.409707236e-06	5.676691729e-06	10
8.409707236e-06	5.676691729e-06	10
8.409707236e-06	5.676691729e-06	0
8.428504229e-06	5.676691729e-06	0
8.447301221e-06	5.676691729e-06	0
8.466098214e-06	5.676691729e-06	0
8.484895206e-06	5.676691729e-06	0
8.503692199e-06	5.676691729e-06	0
8.522489191e-06	5.676691729e-06	0
8.541286184e-06	5.676691729e-06	0
8.560083176e-06	5.676691729e-06	0
8.560083176e-06	5.676691729e-06	10
8.560083176e-06	5.676691729e-06	10
8.560083176e-06	5.676691729e-06	10
8.560083176e-06	5.676691729e-06	10
8.560083176e-06	5.676691729e-06	10
8.560083176e-06	5.676691729e-06	10
8.560083176e-06	5.676691729e-06	10
8.560083176e-06	5.676691729e-06	10
8.560083176e-06	5.676691729e-06	10
8.560083176e-06	5.676691729e-06	10
8.560083176e-06	5.676691729e-06	10
8.560083176e-06	5.676691729e-06	10
8.560083176e-06	5.676691729e-06	10
8.560083176e-06	5.676691729e-06	10
8.560083176e-06	5.676691729e-06	10
8.560083176e-06	5.676691729e-06	10
8.560083176e-06	5.676691729e-06	10
8.560083176e-06	5.676691729e-06	10
8.560083176e-06	5.676691729e-06	10
8.560083176e-06	5.676691729e-06	10
8.560083176e-06	5.676691729e-06	10
8.560083176e-06	5.676691729e-06	10
8.560083176e-06	5.676691729e-06	10
8.560083176e-06	5.676691729e-06	10
8.560083176e-06	5.676691729e-06	10
8.560083176e-06	5.676691729e-06	0
8.578880169e-06	5.676691729e-06	0
8.597677161e-06	5.676691729e-06	0
8.616474153e-06	5.676691729e-06	0
8.635271146e-06	5.676691729e-06	0
8.654068138e-06	5.676691729e-06	0
8.672865131e-06	5.676691729e-06	0
8.691662123e-06	5.676691729e-06	0
8.710459116e-06	5.676691729e-06	0
8.710459116e-06	5.676691729e-06	10
8.710459116e-06	5.676691729e-06	10
8.710459116e-06	5.676691729e-06	10
8.710459116e-06	5.676691729e-06	10
8.710459116e-06	5.676691729e-06	10
8.710459116e-06	5.676691729e-06	10
8.710459116e-06	5.676691729e-06	10
8.710459116e-06	5.676691729e-06	10
8.710459116e-06	5.676691729e-06	10
8.710459116e-06	5.676691729e-06	10
8.710459116e-06	5.676691729e-06	10
8.710459116e-06	5.676691729e-06	10
8.710459116e-06	5.676691729e-06	10
8.710459116e-06	5.676691729e-06	10
8.710459116e-06	5.676691729e-06	10
8.710459116e-06	5.676691729e-06	10
8.710459116e-06	5.676691729e-06	10
8.710459116e-06	5.676691729e-06	10
8.710459116e-06	5.676691729e-06	10
8.710459116e-06	5.676691729e-06	10
8.710459116e-06	5.676691729e-06	10
8.710459116e-06	5.676691729e-06	10
8.710459116e-06	5.676691729e-06	10
8.710459116e-06	5.676691729e-06	10
8.710459116e-06	5.676691729e-06	10
8.710459116e-06	5.676691729e-06	0
8.729256108e-06	5.676691729e-06	0
8.748053101e-06	5.676691729e-06	0
8.766850093e-06	5.676691729e-06	0
8.785647086e-06	5.676691729e-06	0
8.804444078e-06	5.676691729e-06	0
8.823241071e-06	5.676691729e-06	0
8.842038063e-06	5.676691729e-06	0
8.860835056e-06	5.676691729e-06	0
8.860835056e-06	5.676691729e-06	10
8.860835056e-06	5.676691729e-06	10
8.860835056e-06	5.676691729e-06	10
8.860835056e-06	5.676691729e-06	10
8.860835056e-06	5.676691729e-06	10
8.860835056e-06	5.676691729e-06	10
8.860835056e-06	5.676691729e-06	10
8.860835056e-06	5.676691729e-06	10
8.860835056e-06	5.676691729e-06	10
8.860835056e-06	5.676691729e-06	10
8.860835056e-06	5.676691729e-06	10
8.860835056e-06	5.676691729e-06	10
8.860835056e-06	5.676691729e-06	10
8.860835056e-06	5.676691729e-06	10
8.860835056e-06	5.676691729e-06	10
8.860835056e-06	5.676691729e-06	10
8.860835056e-06	5.676691729e-06	10
8.860835056e-06	5.676691729e-06	10
8.860835056e-06	5.676691729e-06	10
8.860835056e-06	5.676691729e-06	10
8.860835056e-06	5.676691729e-06	10
8.860835056e-06	5.676691729e-06	10
8.860835056e-06	5.676691729e-06	10
8.860835056e-06	5.676691729e-06	10
8.860835056e-06	5.676691729e-06	10
8.860835056e-06	5.676691729e-06	0
8.860835056e-06	5.695488722e-06	0
8.860835056e-06	5.714285714e-06	0
8.860835056e-06	5.733082707e-06	0
8.860835056e-06	5.751879699e-06	0
8.860835056e-06	5.770676692e-06	0
8.860835056e-06	5.789473684e-06	0
8.860835056e-06	5.808270677e-06	0
8.860835056e-06	5.827067669e-06	0
8.860835056e-06	5.827067669e-06	-10
8.860835056e-06	5.827067669e-06	-10
8.860835056e-06	5.827067669e-06	-10
8.860835056e-06	5.827067669e-06	-10
8.860835056e-06	5.827067669e-06	-10
8.860835056e-06	5.827067669e-06	-10
8.860835056e-06	5.827067669e-06	-10
8.860835056e-06	5.827067669e-06	-10
8.860835056e-06	5.827067669e-06	-10
8.860835056e-06	5.827067669e-06	-10
8.860835056e-06	5.827067669e-06	-10
8.860835056e-06	5.827067669e-06	-10
8.860835056e-06	5.827067669e-06	-10
8.860835056e-06	5.827067669e-06	-10
8.860835056e-06	5.827067669e-06	-10
8.860835056e-06	5.827067669e-06	-10
8.860835056e-06	5.827067669e-06	-10
8.860835056e-06	5.827067669e-06	-10
8.860835056e-06	5.827067669e-06	-10
8.860835056e-06	5.827067669e-06	-10
8.860835056e-06	5.827067669e-06	-10
8.860835056e-06	5.827067669e-06	-10
8.860835056e-06	5.827067669e-06	-10
8.860835056e-06	5.827067669e-06	-10
8.860835056e-06	5.827067669e-06	-10
8.860835056e-06	5.827067669e-06	0
8.842038063e-06	5.827067669e-06	0
8.823241071e-06	5.827067669e-06	0
8.804444078e-06	5.827067669e-06	0
8.785647086e-06	5.827067669e-06	0
8.766850093e-06	5.827067669e-06	0
8.748053101e-06	5.827067669e-06	0
8.729256108e-06	5.827067669e-06	0
8.710459116e-06	5.827067669e-06	0
8.710459116e-06	5.827067669e-06	-10
8.710459116e-06	5.827067669e-06	-10
8.710459116e-06	5.827067669e-06	-10
8.710459116e-06	5.827067669e-06	-10
8.710459116e-06	5.827067669e-06	-10
8.710459116e-06	5.827067669e-06	-10
8.710459116e-06	5.827067669e-06	-10
8.710459116e-06	5.827067669e-06	-10
8.710459116e-06	5.827067669e-06	-10
8.710459116e-06	5.827067669e-06	-10
8.710459116e-06	5.827067669e-06	-10
8.710459116e-06	5.827067669e-06	-10
8.710459116e-06	5.827067669e-06	-10
8.710459116e-06	5.827067669e-06	-10
8.710459116e-06	5.827067669e-06	-10
8.710459116e-06	5.827067669e-06	-10
8.710459116e-06	5.827067669e-06	-10
8.710459116e-06	5.827067669e-06	-10
8.710459116e-06	5.827067669e-06	-10
8.710459116e-06	5.827067669e-06	-10
8.710459116e-06	5.827067669e-06	-10
8.710459116e-06	5.827067669e-06	-10
8.710459116e-06	5.827067669e-06	-10
8.710459116e-06	5.827067669e-06	-10
8.710459116e-06	5.827067669e-06	-10
8.710459116e-06	5.827067669e-06	0
8.691662123e-06	5.827067669e-06	0
8.672865131e-06	5.827067669e-06	0
8.654068138e-06	5.827067669e-06	0
8.635271146e-06	5.827067669e-06	0
8.616474153e-06	5.827067669e-06	0
8.597677161e-06	5.827067669e-06	0
8.578880169e-06	5.827067669e-06	0
8.560083176e-06	5.827067669e-06	0
8.560083176e-06	5.827067669e-06	-10
8.560083176e-06	5.827067669e-06	-10
8.560083176e-06	5.827067669e-06	-10
8.560083176e-06	5.827067669e-06	-10
8.560083176e-06	5.827067669e-06	-10
8.560083176e-06	5.827067669e-06	-10
8.560083176e-06	5.827067669e-06	-10
8.560083176e-06	5.827067669e-06	-10
8.560083176e-06	5.827067669e-06	-10
8.560083176e-06	5.827067669e-06	-10
8.560083176e-06	5.827067669e-06	-10
8.560083176e-06	5.827067669e-06	-10
8.560083176e-06	5.827067669e-06	-10
8.560083176e-06	5.827067669e-06	-10
8.560083176e-06	5.827067669e-06	-10
8.560083176e-06	5.827067669e-06	-10
8.560083176e-06	5.827067669e-06	-10
8.560083176e-06	5.827067669e-06	-10
8.560083176e-06	5.827067669e-06	-10
8.560083176e-06	5.827067669e-06	-10
8.560083176e-06	5.827067669e-06	-10
8.560083176e-06	5.827067669e-06	-10
8.560083176e-06	5.827067669e-06	-10
8.560083176e-06	5.827067669e-06	-10
8.560083176e-06	5.827067669e-06	-10
8.560083176e-06	5.827067669e-06	0
8.541286184e-06	5.827067669e-06	0
8.522489191e-06	5.827067669e-06	0
8.503692199e-06	5.827067669e-06	0
8.484895206e-06	5.827067669e-06	0
8.466098214e-06	5.827067669e-06	0
8.447301221e-06	5.827067669e-06	0
8.428504229e-06	5.827067669e-06	0
8.409707236e-06	5.827067669e-06	0
8.409707236e-06	5.827067669e-06	-10
8.409707236e-06	5.827067669e-06	-10
8.409707236e-06	5.827067669e-06	-10
8.409707236e-06	5.827067669e-06	-10
8.409707236e-06	5.827067669e-06	-10
8.409707236e-06	5.827067669e-06	-10
8.409707236e-06	5.827067669e-06	-10
8.409707236e-06	5.827067669e-06	-10
8.409707236e-06	5.827067669e-06	-10
8.409707236e-06	5.827067669e-06	-10
8.409707236e-06	5.827067669e-06	-10
8.409707236e-06	5.827067669e-06	-10
8.409707236e-06	5.827067669e-06	-10
8.409707236e-06	5.827067669e-06	-10
8.409707236e-06	5.827067669e-06	-10
8.409707236e-06	5.827067669e-06	-10
8.409707236e-06	5.827067669e-06	-10
8.409707236e-06	5.827067669e-06	-10
8.409707236e-06	5.827067669e-06	-10
8.409707236e-06	5.827067669e-06	-10
8.409707236e-06	5.827067669e-06	-10
8.409707236e-06	5.827067669e-06	-10
8.409707236e-06	5.827067669e-06	-10
8.409707236e-06	5.827067669e-06	-10
8.409707236e-06	5.827067669e-06	-10
8.409707236e-06	5.827067669e-06	0
8.390910244e-06	5.827067669e-06	0
8.372113251e-06	5.827067669e-06	0
8.353316259e-06	5.827067669e-06	0
8.334519266e-06	5.827067669e-06	0
8.315722274e-06	5.827067669e-06	0
8.296925281e-06	5.827067669e-06	0
8.278128289e-06	5.827067669e-06	0
8.259331296e-06	5.827067669e-06	0
8.259331296e-06	5.827067669e-06	-10
8.259331296e-06	5.827067669e-06	-10
8.259331296e-06	5.827067669e-06	-10
8.259331296e-06	5.827067669e-06	-10
8.259331296e-06	5.827067669e-06	-10
8.259331296e-06	5.827067669e-06	-10
8.259331296e-06	5.827067669e-06	-10
8.259331296e-06	5.827067669e-06	-10
8.259331296e-06	5.827067669e-06	-10
8.259331296e-06	5.827067669e-06	-10
8.259331296e-06	5.827067669e-06	-10
8.259331296e-06	5.827067669e-06	-10
8.259331296e-06	5.827067669e-06	-10
8.259331296e-06	5.827067669e-06	-10
8.259331296e-06	5.827067669e-06	-10
8.259331296e-06	5.827067669e-06	-10
8.259331296e-06	5.827067669e-06	-10
8.259331296e-06	5.827067669e-06	-10
8.259331296e-06	5.827067669e-06	-10
8.259331296e-06	5.827067669e-06	-10
8.259331296e-06	5.827067669e-06	-10
8.259331296e-06	5.827067669e-06	-10
8.259331296e-06	5.827067669e-06	-10
8.259331296e-06	5.827067669e-06	-10
8.259331296e-06	5.827067669e-06	-10
8.259331296e-06	5.827067669e-06	0
8.240534304e-06	5.827067669e-06	0
8.221737311e-06	5.827067669e-06	0
8.202940319e-06	5.827067669e-06	0
8.184143326e-06	5.827067669e-06	0
8.165346334e-06	5.827067669e-06	0
8.146549341e-06	5.827067669e-06	0
8.127752349e-06	5.827067669e-06	0
8.108955356e-06	5.827067669e-06	0
8.108955356e-06	5.827067669e-06	-10
8.108955356e-06	5.827067669e-06	-10
8.108955356e-06	5.827067669e-06	-10
8.108955356e-06	5.827067669e-06	-10
8.108955356e-06	5.827067669e-06	-10
8.108955356e-06	5.827067669e-06	-10
8.108955356e-06	5.827067669e-06	-10
8.108955356e-06	5.827067669e-06	-10
8.108955356e-06	5.827067669e-06	-10
8.108955356e-06	5.827067669e-06	-10
8.108955356e-06	5.827067669e-06	-10
8.108955356e-06	5.827067669e-06	-10
8.108955356e-06	5.827067669e-06	-10
8.108955356e-06	5.827067669e-06	-10
8.108955356e-06	5.827067669e-06	-10
8.108955356e-06	5.827067669e-06	-10
8.108955356e-06	5.827067669e-06	-10
8.108955356e-06	5.827067669e-06	-10
8.108955356e-06	5.827067669e-06	-10
8.108955356e-06	5.827067669e-06	-10
8.108955356e-06	5.827067669e-06	-10
8.108955356e-06	5.827067669e-06	-10
8.108955356e-06	5.827067669e-06	-10
8.108955356e-06	5.827067669e-06	-10
8.108955356e-06	5.827067669e-06	-10
8.108955356e-06	5.827067669e-06	0
8.090158364e-06	5.827067669e-06	0
8.071361372e-06	5.827067669e-06	0
8.052564379e-06	5.827067669e-06	0
8.033767387e-06	5.827067669e-06	0
8.014970394e-06	5.827067669e-06	0
7.996173402e-06	5.827067669e-06	0
7.977376409e-06	5.827067669e-06	0
7.958579417e-06	5.827067669e-06	0
7.958579417e-06	5.827067669e-06	-10
7.958579417e-06	5.827067669e-06	-10
7.958579417e-06	5.827067669e-06	-10
7.958579417e-06	5.827067669e-06	-10
7.958579417e-06	5.827067669e-06	-10
7.958579417e-06	5.827067669e-06	-10
7.958579417e-06	5.827067669e-06	-10
7.958579417e-06	5.827067669e-06	-10
7.958579417e-06	5.827067669e-06	-10
7.958579417e-06	5.827067669e-06	-10
7.958579417e-06	5.827067669e-06	-10
7.958579417e-06	5.827067669e-06	-10
7.958579417e-06	5.827067669e-06	-10
7.958579417e-06	5.827067669e-06	-10
7.958579417e-06	5.827067669e-06	-10
7.958579417e-06	5.827067669e-06	-10
7.958579417e-06	5.827067669e-06	-10
7.958579417e-06	5.827067669e-06	-10
7.958579417e-06	5.827067669e-06	-10
7.958579417e-06	5.827067669e-06	-10
7.958579417e-06	5.827067669e-06	-10
7.958579417e-06	5.827067669e-06	-10
7.958579417e-06	5.827067669e-06	-10
7.958579417e-06	5.827067669e-06	-10
7.958579417e-06	5.827067669e-06	-10
7.958579417e-06	5.827067669e-06	0
7.939782424e-06	5.827067669e-06	0
7.920985432e-06	5.827067669e-06	0
7.902188439e-06	5.827067669e-06	0
7.883391447e-06	5.827067669e-06	0
7.864594454e-06	5.827067669e-06	0
7.845797462e-06	5.827067669e-06	0
7.827000469e-06	5.827067669e-06	0
7.808203477e-06	5.827067669e-06	0
7.808203477e-06	5.827067669e-06	-10
7.808203477e-06	5.827067669e-06	-10
7.808203477e-06	5.827067669e-06	-10
7.808203477e-06	5.827067669e-06	-10
7.808203477e-06	5.827067669e-06	-10
7.808203477e-06	5.827067669e-06	-10
7.808203477e-06	5.827067669e-06	-10
7.808203477e-06	5.827067669e-06	-10
7.808203477e-06	5.827067669e-06	-10
7.808203477e-06	5.827067669e-06	-10
7.808203477e-06	5.827067669e-06	-10
7.808203477e-06	5.827067669e-06	-10
7.808203477e-06	5.827067669e-06	-10
7.808203477e-06	5.827067669e-06	-10
7.808203477e-06	5.827067669e-06	-10
7.808203477e-06	5.827067669e-06	-10
7.808203477e-06	5.827067669e-06	-10
7.808203477e-06	5.827067669e-06	-10
7.808203477e-06	5.827067669e-06	-10
7.808203477e-06	5.827067669e-06	-10
7.808203477e-06	5.827067669e-06	-10
7.808203477e-06	5.827067669e-06	-10
7.808203477e-06	5.827067669e-06	-10
7.808203477e-06	5.827067669e-06	-10
7.808203477e-06	5.827067669e-06	-10
7.808203477e-06	5.827067669e-06	0
7.789406484e-06	5.827067669e-06	0
7.770609492e-06	5.827067669e-06	0
7.751812499e-06	5.827067669e-06	0
7.733015507e-06	5.827067669e-06	0
7.714218514e-06	5.827067669e-06	0
7.695421522e-06	5.827067669e-06	0
7.676624529e-06	5.827067669e-06	0
7.657827537e-06	5.827067669e-06	0
7.657827537e-06	5.827067669e-06	-10
7.657827537e-06	5.827067669e-06	-10
7.657827537e-06	5.827067669e-06	-10
7.657827537e-06	5.827067669e-06	-10
7.657827537e-06	5.827067669e-06	-10
7.657827537e-06	5.827067669e-06	-10
7.657827537e-06	5.827067669e-06	-10
7.657827537e-06	5.827067669e-06	-10
7.657827537e-06	5.827067669e-06	-10
7.657827537e-06	5.827067669e-06	-10
7.657827537e-06	5.827067669e-06	-10
7.657827537e-06	5.827067669e-06	-10
7.657827537e-06	5.827067669e-06	-10
7.657827537e-06	5.827067669e-06	-10
7.657827537e-06	5.827067669e-06	-10
7.657827537e-06	5.827067669e-06	-10
7.657827537e-06	5.827067669e-06	-10
7.657827537e-06	5.827067669e-06	-10
7.657827537e-06	5.827067669e-06	-10
7.657827537e-06	5.827067669e-06	-10
7.657827537e-06	5.827067669e-06	-10
7.657827537e-06	5.827067669e-06	-10
7.657827537e-06	5.827067669e-06	-10
7.657827537e-06	5.827067669e-06	-10
7.657827537e-06	5.827067669e-06	-10
7.657827537e-06	5.827067669e-06	0
7.639030544e-06	5.827067669e-06	0
7.620233552e-06	5.827067669e-06	0
7.601436559e-06	5.827067669e-06	0
7.582639567e-06	5.827067669e-06	0
7.563842575e-06	5.827067669e-06	0
7.545045582e-06	5.827067669e-06	0
7.52624859e-06	5.827067669e-06	0
7.507451597e-06	5.827067669e-06	0
7.507451597e-06	5.827067669e-06	-10
7.507451597e-06	5.827067669e-06	-10
7.507451597e-06	5.827067669e-06	-10
7.507451597e-06	5.827067669e-06	-10
7.507451597e-06	5.827067669e-06	-10
7.507451597e-06	5.827067669e-06	-10
7.507451597e-06	5.827067669e-06	-10
7.507451597e-06	5.827067669e-06	-10
7.507451597e-06	5.827067669e-06	-10
7.507451597e-06	5.827067669e-06	-10
7.507451597e-06	5.827067669e-06	-10
7.507451597e-06	5.827067669e-06	-10
7.507451597e-06	5.827067669e-06	-10
7.507451597e-06	5.827067669e-06	-10
7.507451597e-06	5.827067669e-06	-10
7.507451597e-06	5.827067669e-06	-10
7.507451597e-06	5.827067669e-06	-10
7.507451597e-06	5.827067669e-06	-10
7.507451597e-06	5.827067669e-06	-10
7.507451597e-06	5.827067669e-06	-10
7.507451597e-06	5.827067669e-06	-10
7.507451597e-06	5.827067669e-06	-10
7.507451597e-06	5.827067669e-06	-10
7.507451597e-06	5.827067669e-06	-10
7.507451597e-06	5.827067669e-06	-10
7.507451597e-06	5.827067669e-06	0
7.488654605e-06	5.827067669e-06	0
7.469857612e-06	5.827067669e-06	0
7.45106062e-06	5.827067669e-06	0
7.432263627e-06	5.827067669e-06	0
7.413466635e-06	5.827067669e-06	0
7.394669642e-06	5.827067669e-06	0
7.37587265e-06	5.827067669e-06	0
7.357075657e-06	5.827067669e-06	0
7.357075657e-06	5.827067669e-06	-10
7.357075657e-06	5.827067669e-06	-10
7.357075657e-06	5.827067669e-06	-10
7.357075657e-06	5.827067669e-06	-10
7.357075657e-06	5.827067669e-06	-10
7.357075657e-06	5.827067669e-06	-10
7.357075657e-06	5.827067669e-06	-10
7.357075657e-06	5.827067669e-06	-10
7.357075657e-06	5.827067669e-06	-10
7.357075657e-06	5.827067669e-06	-10
7.357075657e-06	5.827067669e-06	-10
7.357075657e-06	5.827067669e-06	-10
7.357075657e-06	5.827067669e-06	-10
7.357075657e-06	5.827067669e-06	-10
7.357075657e-06	5.827067669e-06	-10
7.357075657e-06	5.827067669e-06	-10
7.357075657e-06	5.827067669e-06	-10
7.357075657e-06	5.827067669e-06	-10
7.357075657e-06	5.827067669e-06	-10
7.357075657e-06	5.827067669e-06	-10
7.357075657e-06	5.827067669e-06	-10
7.357075657e-06	5.827067669e-06	-10
7.357075657e-06	5.827067669e-06	-10
7.357075657e-06	5.827067669e-06	-10
7.357075657e-06	5.827067669e-06	-10
7.357075657e-06	5.827067669e-06	0
7.338278665e-06	5.827067669e-06	0
7.319481672e-06	5.827067669e-06	0
7.30068468e-06	5.827067669e-06	0
7.281887687e-06	5.827067669e-06	0
7.263090695e-06	5.827067669e-06	0
7.244293702e-06	5.827067669e-06	0
7.22549671e-06	5.827067669e-06	0
7.206699717e-06	5.827067669e-06	0
7.206699717e-06	5.827067669e-06	-10
7.206699717e-06	5.827067669e-06	-10
7.206699717e-06	5.827067669e-06	-10
7.206699717e-06	5.827067669e-06	-10
7.206699717e-06	5.827067669e-06	-10
7.206699717e-06	5.827067669e-06	-10
7.206699717e-06	5.827067669e-06	-10
7.206699717e-06	5.827067669e-06	-10
7.206699717e-06	5.827067669e-06	-10
7.206699717e-06	5.827067669e-06	-10
7.206699717e-06	5.827067669e-06	-10
7.206699717e-06	5.827067669e-06	-10
7.206699717e-06	5.827067669e-06	-10
7.206699717e-06	5.827067669e-06	-10
7.206699717e-06	5.827067669e-06	-10
7.206699717e-06	5.827067669e-06	-10
7.206699717e-06	5.827067669e-06	-10
7.206699717e-06	5.827067669e-06	-10
7.206699717e-06	5.827067669e-06	-10
7.206699717e-06	5.827067669e-06	-10
7.206699717e-06	5.827067669e-06	-10
7.206699717e-06	5.827067669e-06	-10
7.206699717e-06	5.827067669e-06	-10
7.206699717e-06	5.827067669e-06	-10
7.206699717e-06	5.827067669e-06	-10
7.206699717e-06	5.827067669e-06	0
7.187902725e-06	5.827067669e-06	0
7.169105732e-06	5.827067669e-06	0
7.15030874e-06	5.827067669e-06	0
7.131511747e-06	5.827067669e-06	0
7.112714755e-06	5.827067669e-06	0
7.093917763e-06	5.827067669e-06	0
7.07512077e-06	5.827067669e-06	0
7.056323778e-06	5.827067669e-06	0
7.056323778e-06	5.827067669e-06	-10
7.056323778e-06	5.827067669e-06	-10
7.056323778e-06	5.827067669e-06	-10
7.056323778e-06	5.827067669e-06	-10
7.056323778e-06	5.827067669e-06	-10
7.056323778e-06	5.827067669e-06	-10
7.056323778e-06	5.827067669e-06	-10
7.056323778e-06	5.827067669e-06	-10
7.056323778e-06	5.827067669e-06	-10
7.056323778e-06	5.827067669e-06	-10
7.056323778e-06	5.827067669e-06	-10
7.056323778e-06	5.827067669e-06	-10
7.056323778e-06	5.827067669e-06	-10
7.056323778e-06	5.827067669e-06	-10
7.056323778e-06	5.827067669e-06	-10
7.056323778e-06	5.827067669e-06	-10
7.056323778e-06	5.827067669e-06	-10
7.056323778e-06	5.827067669e-06	-10
7.056323778e-06	5.827067669e-06	-10
7.056323778e-06	5.827067669e-06	-10
7.056323778e-06	5.827067669e-06	-10
7.056323778e-06	5.827067669e-06	-10
7.056323778e-06	5.827067669e-06	-10
7.056323778e-06	5.827067669e-06	-10
7.056323778e-06	5.827067669e-06	-10
7.056323778e-06	5.827067669e-06	0
7.037526785e-06	5.827067669e-06	0
7.018729793e-06	5.827067669e-06	0
6.9999328e-06	5.827067669e-06	0
6.981135808e-06	5.827067669e-06	0
6.962338815e-06	5.827067669e-06	0
6.943541823e-06	5.827067669e-06	0
6.92474483e-06	5.827067669e-06	0
6.905947838e-06	5.827067669e-06	0
6.905947838e-06	5.827067669e-06	-10
6.905947838e-06	5.827067669e-06	-10
6.905947838e-06	5.827067669e-06	-10
6.905947838e-06	5.827067669e-06	-10
6.905947838e-06	5.827067669e-06	-10
6.905947838e-06	5.827067669e-06	-10
6.905947838e-06	5.827067669e-06	-10
6.905947838e-06	5.827067669e-06	-10
6.905947838e-06	5.827067669e-06	-10
6.905947838e-06	5.827067669e-06	-10
6.905947838e-06	5.827067669e-06	-10
6.905947838e-06	5.827067669e-06	-10
6.905947838e-06	5.827067669e-06	-10
6.905947838e-06	5.827067669e-06	-10
6.905947838e-06	5.827067669e-06	-10
6.905947838e-06	5.827067669e-06	-10
6.905947838e-06	5.827067669e-06	-10
6.905947838e-06	5.827067669e-06	-10
6.905947838e-06	5.827067669e-06	-10
6.905947838e-06	5.827067669e-06	-10
6.905947838e-06	5.827067669e-06	-10
6.905947838e-06	5.827067669e-06	-10
6.905947838e-06	5.827067669e-06	-10
6.905947838e-06	5.827067669e-06	-10
6.905947838e-06	5.827067669e-06	-10
6.905947838e-06	5.827067669e-06	0
6.887150845e-06	5.827067669e-06	0
6.868353853e-06	5.827067669e-06	0
6.84955686e-06	5.827067669e-06	0
6.830759868e-06	5.827067669e-06	0
6.811962875e-06	5.827067669e-06	0
6.793165883e-06	5.827067669e-06	0
6.77436889e-06	5.827067669e-06	0
6.755571898e-06	5.827067669e-06	0
6.755571898e-06	5.827067669e-06	-10
6.755571898e-06	5.827067669e-06	-10
6.755571898e-06	5.827067669e-06	-10
6.755571898e-06	5.827067669e-06	-10
6.755571898e-06	5.827067669e-06	-10
6.755571898e-06	5.827067669e-06	-10
6.755571898e-06	5.827067669e-06	-10
6.755571898e-06	5.827067669e-06	-10
6.755571898e-06	5.827067669e-06	-10
6.755571898e-06	5.827067669e-06	-10
6.755571898e-06	5.827067669e-06	-10
6.755571898e-06	5.827067669e-06	-10
6.755571898e-06	5.827067669e-06	-10
6.755571898e-06	5.827067669e-06	-10
6.755571898e-06	5.827067669e-06	-10
6.755571898e-06	5.827067669e-06	-10
6.755571898e-06	5.827067669e-06	-10
6.755571898e-06	5.827067669e-06	-10
6.755571898e-06	5.827067669e-06	-10
6.755571898e-06	5.827067669e-06	-10
6.755571898e-06	5.827067669e-06	-10
6.755571898e-06	5.827067669e-06	-10
6.755571898e-06	5.827067669e-06	-10
6.755571898e-06	5.827067669e-06	-10
6.755571898e-06	5.827067669e-06	-10
6.755571898e-06	5.827067669e-06	0
6.736774905e-06	5.827067669e-06	0
6.717977913e-06	5.827067669e-06	0
6.69918092e-06	5.827067669e-06	0
6.680383928e-06	5.827067669e-06	0
6.661586935e-06	5.827067669e-06	0
6.642789943e-06	5.827067669e-06	0
6.62399295e-06	5.827067669e-06	0
6.605195958e-06	5.827067669e-06	0
6.605195958e-06	5.827067669e-06	-10
6.605195958e-06	5.827067669e-06	-10
6.605195958e-06	5.827067669e-06	-10
6.605195958e-06	5.827067669e-06	-10
6.605195958e-06	5.827067669e-06	-10
6.605195958e-06	5.827067669e-06	-10
6.605195958e-06	5.827067669e-06	-10
6.605195958e-06	5.827067669e-06	-10
6.605195958e-06	5.827067669e-06	-10
6.605195958e-06	5.827067669e-06	-10
6.605195958e-06	5.827067669e-06	-10
6.605195958e-06	5.827067669e-06	-10
6.605195958e-06	5.827067669e-06	-10
6.605195958e-06	5.827067669e-06	-10
6.605195958e-06	5.827067669e-06	-10
6.605195958e-06	5.827067669e-06	-10
6.605195958e-06	5.827067669e-06	-10
6.605195958e-06	5.827067669e-06	-10
6.605195958e-06	5.827067669e-06	-10
6.605195958e-06	5.827067669e-06	-10
6.605195958e-06	5.827067669e-06	-10
6.605195958e-06	5.827067669e-06	-10
6.605195958e-06	5.827067669e-06	-10
6.605195958e-06	5.827067669e-06	-10
6.605195958e-06	5.827067669e-06	-10
6.605195958e-06	5.827067669e-06	0
6.605195958e-06	5.845864662e-06	0
6.605195958e-06	5.864661654e-06	0
6.605195958e-06	5.883458647e-06	0
6.605195958e-06	5.902255639e-06	0
6.605195958e-06	5.921052632e-06	0
6.605195958e-06	5.939849624e-06	0
6.605195958e-06	5.958646617e-06	0
6.605195958e-06	5.977443609e-06	0
6.605195958e-06	5.977443609e-06	10
6.605195958e-06	5.977443609e-06	10
6.605195958e-06	5.977443609e-06	10
6.605195958e-06	5.977443609e-06	10
6.605195958e-06	5.977443609e-06	10
6.605195958e-06	5.977443609e-06	10
6.605195958e-06	5.977443609e-06	10
6.605195958e-06	5.977443609e-06	10
6.605195958e-06	5.977443609e-06	10
6.605195958e-06	5.977443609e-06	10
6.605195958e-06	5.977443609e-06	10
6.605195958e-06	5.977443609e-06	10
6.605195958e-06	5.977443609e-06	10
6.605195958e-06	5.977443609e-06	10
6.605195958e-06	5.977443609e-06	10
6.605195958e-06	5.977443609e-06	10
6.605195958e-06	5.977443609e-06	10
6.605195958e-06	5.977443609e-06	10
6.605195958e-06	5.977443609e-06	10
6.605195958e-06	5.977443609e-06	10
6.605195958e-06	5.977443609e-06	10
6.605195958e-06	5.977443609e-06	10
6.605195958e-06	5.977443609e-06	10
6.605195958e-06	5.977443609e-06	10
6.605195958e-06	5.977443609e-06	10
6.605195958e-06	5.977443609e-06	0
6.62399295e-06	5.977443609e-06	0
6.642789943e-06	5.977443609e-06	0
6.661586935e-06	5.977443609e-06	0
6.680383928e-06	5.977443609e-06	0
6.69918092e-06	5.977443609e-06	0
6.717977913e-06	5.977443609e-06	0
6.736774905e-06	5.977443609e-06	0
6.755571898e-06	5.977443609e-06	0
6.755571898e-06	5.977443609e-06	10
6.755571898e-06	5.977443609e-06	10
6.755571898e-06	5.977443609e-06	10
6.755571898e-06	5.977443609e-06	10
6.755571898e-06	5.977443609e-06	10
6.755571898e-06	5.977443609e-06	10
6.755571898e-06	5.977443609e-06	10
6.755571898e-06	5.977443609e-06	10
6.755571898e-06	5.977443609e-06	10
6.755571898e-06	5.977443609e-06	10
6.755571898e-06	5.977443609e-06	10
6.755571898e-06	5.977443609e-06	10
6.755571898e-06	5.977443609e-06	10
6.755571898e-06	5.977443609e-06	10
6.755571898e-06	5.977443609e-06	10
6.755571898e-06	5.977443609e-06	10
6.755571898e-06	5.977443609e-06	10
6.755571898e-06	5.977443609e-06	10
6.755571898e-06	5.977443609e-06	10
6.755571898e-06	5.977443609e-06	10
6.755571898e-06	5.977443609e-06	10
6.755571898e-06	5.977443609e-06	10
6.755571898e-06	5.977443609e-06	10
6.755571898e-06	5.977443609e-06	10
6.755571898e-06	5.977443609e-06	10
6.755571898e-06	5.977443609e-06	0
6.77436889e-06	5.977443609e-06	0
6.793165883e-06	5.977443609e-06	0
6.811962875e-06	5.977443609e-06	0
6.830759868e-06	5.977443609e-06	0
6.84955686e-06	5.977443609e-06	0
6.868353853e-06	5.977443609e-06	0
6.887150845e-06	5.977443609e-06	0
6.905947838e-06	5.977443609e-06	0
6.905947838e-06	5.977443609e-06	10
6.905947838e-06	5.977443609e-06	10
6.905947838e-06	5.977443609e-06	10
6.905947838e-06	5.977443609e-06	10
6.905947838e-06	5.977443609e-06	10
6.905947838e-06	5.977443609e-06	10
6.905947838e-06	5.977443609e-06	10
6.905947838e-06	5.977443609e-06	10
6.905947838e-06	5.977443609e-06	10
6.905947838e-06	5.977443609e-06	10
6.905947838e-06	5.977443609e-06	10
6.905947838e-06	5.977443609e-06	10
6.905947838e-06	5.977443609e-06	10
6.905947838e-06	5.977443609e-06	10
6.905947838e-06	5.977443609e-06	10
6.905947838e-06	5.977443609e-06	10
6.905947838e-06	5.977443609e-06	10
6.905947838e-06	5.977443609e-06	10
6.905947838e-06	5.977443609e-06	10
6.905947838e-06	5.977443609e-06	10
6.905947838e-06	5.977443609e-06	10
6.905947838e-06	5.977443609e-06	10
6.905947838e-06	5.977443609e-06	10
6.905947838e-06	5.977443609e-06	10
6.905947838e-06	5.977443609e-06	10
6.905947838e-06	5.977443609e-06	0
6.92474483e-06	5.977443609e-06	0
6.943541823e-06	5.977443609e-06	0
6.962338815e-06	5.977443609e-06	0
6.981135808e-06	5.977443609e-06	0
6.9999328e-06	5.977443609e-06	0
7.018729793e-06	5.977443609e-06	0
7.037526785e-06	5.977443609e-06	0
7.056323778e-06	5.977443609e-06	0
7.056323778e-06	5.977443609e-06	10
7.056323778e-06	5.977443609e-06	10
7.056323778e-06	5.977443609e-06	10
7.056323778e-06	5.977443609e-06	10
7.056323778e-06	5.977443609e-06	10
7.056323778e-06	5.977443609e-06	10
7.056323778e-06	5.977443609e-06	10
7.056323778e-06	5.977443609e-06	10
7.056323778e-06	5.977443609e-06	10
7.056323778e-06	5.977443609e-06	10
7.056323778e-06	5.977443609e-06	10
7.056323778e-06	5.977443609e-06	10
7.056323778e-06	5.977443609e-06	10
7.056323778e-06	5.977443609e-06	10
7.056323778e-06	5.977443609e-06	10
7.056323778e-06	5.977443609e-06	10
7.056323778e-06	5.977443609e-06	10
7.056323778e-06	5.977443609e-06	10
7.056323778e-06	5.977443609e-06	10
7.056323778e-06	5.977443609e-06	10
7.056323778e-06	5.977443609e-06	10
7.056323778e-06	5.977443609e-06	10
7.056323778e-06	5.977443609e-06	10
7.056323778e-06	5.977443609e-06	10
7.056323778e-06	5.977443609e-06	10
7.056323778e-06	5.977443609e-06	0
7.07512077e-06	5.977443609e-06	0
7.093917763e-06	5.977443609e-06	0
7.112714755e-06	5.977443609e-06	0
7.131511747e-06	5.977443609e-06	0
7.15030874e-06	5.977443609e-06	0
7.169105732e-06	5.977443609e-06	0
7.187902725e-06	5.977443609e-06	0
7.206699717e-06	5.977443609e-06	0
7.206699717e-06	5.977443609e-06	10
7.206699717e-06	5.977443609e-06	10
7.206699717e-06	5.977443609e-06	10
7.206699717e-06	5.977443609e-06	10
7.206699717e-06	5.977443609e-06	10
7.206699717e-06	5.977443609e-06	10
7.206699717e-06	5.977443609e-06	10
7.206699717e-06	5.977443609e-06	10
7.206699717e-06	5.977443609e-06	10
7.206699717e-06	5.977443609e-06	10
7.206699717e-06	5.977443609e-06	10
7.206699717e-06	5.977443609e-06	10
7.206699717e-06	5.977443609e-06	10
7.206699717e-06	5.977443609e-06	10
7.206699717e-06	5.977443609e-06	10
7.206699717e-06	5.977443609e-06	10
7.206699717e-06	5.977443609e-06	10
7.206699717e-06	5.977443609e-06	10
7.206699717e-06	5.977443609e-06	10
7.206699717e-06	5.977443609e-06	10
7.206699717e-06	5.977443609e-06	10
7.206699717e-06	5.977443609e-06	10
7.206699717e-06	5.977443609e-06	10
7.206699717e-06	5.977443609e-06	10
7.206699717e-06	5.977443609e-06	10
7.206699717e-06	5.977443609e-06	0
7.22549671e-06	5.977443609e-06	0
7.244293702e-06	5.977443609e-06	0
7.263090695e-06	5.977443609e-06	0
7.281887687e-06	5.977443609e-06	0
7.30068468e-06	5.977443609e-06	0
7.319481672e-06	5.977443609e-06	0
7.338278665e-06	5.977443609e-06	0
7.357075657e-06	5.977443609e-06	0
7.357075657e-06	5.977443609e-06	10
7.357075657e-06	5.977443609e-06	10
7.357075657e-06	5.977443609e-06	10
7.357075657e-06	5.977443609e-06	10
7.357075657e-06	5.977443609e-06	10
7.357075657e-06	5.977443609e-06	10
7.357075657e-06	5.977443609e-06	10
7.357075657e-06	5.977443609e-06	10
7.357075657e-06	5.977443609e-06	10
7.357075657e-06	5.977443609e-06	10
7.357075657e-06	5.977443609e-06	10
7.357075657e-06	5.977443609e-06	10
7.357075657e-06	5.977443609e-06	10
7.357075657e-06	5.977443609e-06	10
7.357075657e-06	5.977443609e-06	10
7.357075657e-06	5.977443609e-06	10
7.357075657e-06	5.977443609e-06	10
7.357075657e-06	5.977443609e-06	10
7.357075657e-06	5.977443609e-06	10
7.357075657e-06	5.977443609e-06	10
7.357075657e-06	5.977443609e-06	10
7.357075657e-06	5.977443609e-06	10
7.357075657e-06	5.977443609e-06	10
7.357075657e-06	5.977443609e-06	10
7.357075657e-06	5.977443609e-06	10
7.357075657e-06	5.977443609e-06	0
7.37587265e-06	5.977443609e-06	0
7.394669642e-06	5.977443609e-06	0
7.413466635e-06	5.977443609e-06	0
7.432263627e-06	5.977443609e-06	0
7.45106062e-06	5.977443609e-06	0
7.469857612e-06	5.977443609e-06	0
7.488654605e-06	5.977443609e-06	0
7.507451597e-06	5.977443609e-06	0
7.507451597e-06	5.977443609e-06	10
7.507451597e-06	5.977443609e-06	10
7.507451597e-06	5.977443609e-06	10
7.507451597e-06	5.977443609e-06	10
7.507451597e-06	5.977443609e-06	10
7.507451597e-06	5.977443609e-06	10
7.507451597e-06	5.977443609e-06	10
7.507451597e-06	5.977443609e-06	10
7.507451597e-06	5.977443609e-06	10
7.507451597e-06	5.977443609e-06	10
7.507451597e-06	5.977443609e-06	10
7.507451597e-06	5.977443609e-06	10
7.507451597e-06	5.977443609e-06	10
7.507451597e-06	5.977443609e-06	10
7.507451597e-06	5.977443609e-06	10
7.507451597e-06	5.977443609e-06	10
7.507451597e-06	5.977443609e-06	10
7.507451597e-06	5.977443609e-06	10
7.507451597e-06	5.977443609e-06	10
7.507451597e-06	5.977443609e-06	10
7.507451597e-06	5.977443609e-06	10
7.507451597e-06	5.977443609e-06	10
7.507451597e-06	5.977443609e-06	10
7.507451597e-06	5.977443609e-06	10
7.507451597e-06	5.977443609e-06	10
7.507451597e-06	5.977443609e-06	0
7.52624859e-06	5.977443609e-06	0
7.545045582e-06	5.977443609e-06	0
7.563842575e-06	5.977443609e-06	0
7.582639567e-06	5.977443609e-06	0
7.601436559e-06	5.977443609e-06	0
7.620233552e-06	5.977443609e-06	0
7.639030544e-06	5.977443609e-06	0
7.657827537e-06	5.977443609e-06	0
7.657827537e-06	5.977443609e-06	10
7.657827537e-06	5.977443609e-06	10
7.657827537e-06	5.977443609e-06	10
7.657827537e-06	5.977443609e-06	10
7.657827537e-06	5.977443609e-06	10
7.657827537e-06	5.977443609e-06	10
7.657827537e-06	5.977443609e-06	10
7.657827537e-06	5.977443609e-06	10
7.657827537e-06	5.977443609e-06	10
7.657827537e-06	5.977443609e-06	10
7.657827537e-06	5.977443609e-06	10
7.657827537e-06	5.977443609e-06	10
7.657827537e-06	5.977443609e-06	10
7.657827537e-06	5.977443609e-06	10
7.657827537e-06	5.977443609e-06	10
7.657827537e-06	5.977443609e-06	10
7.657827537e-06	5.977443609e-06	10
7.657827537e-06	5.977443609e-06	10
7.657827537e-06	5.977443609e-06	10
7.657827537e-06	5.977443609e-06	10
7.657827537e-06	5.977443609e-06	10
7.657827537e-06	5.977443609e-06	10
7.657827537e-06	5.977443609e-06	10
7.657827537e-06	5.977443609e-06	10
7.657827537e-06	5.977443609e-06	10
7.657827537e-06	5.977443609e-06	0
7.676624529e-06	5.977443609e-06	0
7.695421522e-06	5.977443609e-06	0
7.714218514e-06	5.977443609e-06	0
7.733015507e-06	5.977443609e-06	0
7.751812499e-06	5.977443609e-06	0
7.770609492e-06	5.977443609e-06	0
7.789406484e-06	5.977443609e-06	0
7.808203477e-06	5.977443609e-06	0
7.808203477e-06	5.977443609e-06	10
7.808203477e-06	5.977443609e-06	10
7.808203477e-06	5.977443609e-06	10
7.808203477e-06	5.977443609e-06	10
7.808203477e-06	5.977443609e-06	10
7.808203477e-06	5.977443609e-06	10
7.808203477e-06	5.977443609e-06	10
7.808203477e-06	5.977443609e-06	10
7.808203477e-06	5.977443609e-06	10
7.808203477e-06	5.977443609e-06	10
7.808203477e-06	5.977443609e-06	10
7.808203477e-06	5.977443609e-06	10
7.808203477e-06	5.977443609e-06	10
7.808203477e-06	5.977443609e-06	10
7.808203477e-06	5.977443609e-06	10
7.808203477e-06	5.977443609e-06	10
7.808203477e-06	5.977443609e-06	10
7.808203477e-06	5.977443609e-06	10
7.808203477e-06	5.977443609e-06	10
7.808203477e-06	5.977443609e-06	10
7.808203477e-06	5.977443609e-06	10
7.808203477e-06	5.977443609e-06	10
7.808203477e-06	5.977443609e-06	10
7.808203477e-06	5.977443609e-06	10
7.808203477e-06	5.977443609e-06	10
7.808203477e-06	5.977443609e-06	0
7.827000469e-06	5.977443609e-06	0
7.845797462e-06	5.977443609e-06	0
7.864594454e-06	5.977443609e-06	0
7.883391447e-06	5.977443609e-06	0
7.902188439e-06	5.977443609e-06	0
7.920985432e-06	5.977443609e-06	0
7.939782424e-06	5.977443609e-06	0
7.958579417e-06	5.977443609e-06	0
7.958579417e-06	5.977443609e-06	10
7.958579417e-06	5.977443609e-06	10
7.958579417e-06	5.977443609e-06	10
7.958579417e-06	5.977443609e-06	10
7.958579417e-06	5.977443609e-06	10
7.958579417e-06	5.977443609e-06	10
7.958579417e-06	5.977443609e-06	10
7.958579417e-06	5.977443609e-06	10
7.958579417e-06	5.977443609e-06	10
7.958579417e-06	5.977443609e-06	10
7.958579417e-06	5.977443609e-06	10
7.958579417e-06	5.977443609e-06	10
7.958579417e-06	5.977443609e-06	10
7.958579417e-06	5.977443609e-06	10
7.958579417e-06	5.977443609e-06	10
7.958579417e-06	5.977443609e-06	10
7.958579417e-06	5.977443609e-06	10
7.958579417e-06	5.977443609e-06	10
7.958579417e-06	5.977443609e-06	10
7.958579417e-06	5.977443609e-06	10
7.958579417e-06	5.977443609e-06	10
7.958579417e-06	5.977443609e-06	10
7.958579417e-06	5.977443609e-06	10
7.958579417e-06	5.977443609e-06	10
7.958579417e-06	5.977443609e-06	10
7.958579417e-06	5.977443609e-06	0
7.977376409e-06	5.977443609e-06	0
7.996173402e-06	5.977443609e-06	0
8.014970394e-06	5.977443609e-06	0
8.033767387e-06	5.977443609e-06	0
8.052564379e-06	5.977443609e-06	0
8.071361372e-06	5.977443609e-06	0
8.090158364e-06	5.977443609e-06	0
8.108955356e-06	5.977443609e-06	0
8.108955356e-06	5.977443609e-06	10
8.108955356e-06	5.977443609e-06	10
8.108955356e-06	5.977443609e-06	10
8.108955356e-06	5.977443609e-06	10
8.108955356e-06	5.977443609e-06	10
8.108955356e-06	5.977443609e-06	10
8.108955356e-06	5.977443609e-06	10
8.108955356e-06	5.977443609e-06	10
8.108955356e-06	5.977443609e-06	10
8.108955356e-06	5.977443609e-06	10
8.108955356e-06	5.977443609e-06	10
8.108955356e-06	5.977443609e-06	10
8.108955356e-06	5.977443609e-06	10
8.108955356e-06	5.977443609e-06	10
8.108955356e-06	5.977443609e-06	10
8.108955356e-06	5.977443609e-06	10
8.108955356e-06	5.977443609e-06	10
8.108955356e-06	5.977443609e-06	10
8.108955356e-06	5.977443609e-06	10
8.108955356e-06	5.977443609e-06	10
8.108955356e-06	5.977443609e-06	10
8.108955356e-06	5.977443609e-06	10
8.108955356e-06	5.977443609e-06	10
8.108955356e-06	5.977443609e-06	10
8.108955356e-06	5.977443609e-06	10
8.108955356e-06	5.977443609e-06	0
8.127752349e-06	5.977443609e-06	0
8.146549341e-06	5.977443609e-06	0
8.165346334e-06	5.977443609e-06	0
8.184143326e-06	5.977443609e-06	0
8.202940319e-06	5.977443609e-06	0
8.221737311e-06	5.977443609e-06	0
8.240534304e-06	5.977443609e-06	0
8.259331296e-06	5.977443609e-06	0
8.259331296e-06	5.977443609e-06	10
8.259331296e-06	5.977443609e-06	10
8.259331296e-06	5.977443609e-06	10
8.259331296e-06	5.977443609e-06	10
8.259331296e-06	5.977443609e-06	10
8.259331296e-06	5.977443609e-06	10
8.259331296e-06	5.977443609e-06	10
8.259331296e-06	5.977443609e-06	10
8.259331296e-06	5.977443609e-06	10
8.259331296e-06	5.977443609e-06	10
8.259331296e-06	5.977443609e-06	10
8.259331296e-06	5.977443609e-06	10
8.259331296e-06	5.977443609e-06	10
8.259331296e-06	5.977443609e-06	10
8.259331296e-06	5.977443609e-06	10
8.259331296e-06	5.977443609e-06	10
8.259331296e-06	5.977443609e-06	10
8.259331296e-06	5.977443609e-06	10
8.259331296e-06	5.977443609e-06	10
8.259331296e-06	5.977443609e-06	10
8.259331296e-06	5.977443609e-06	10
8.259331296e-06	5.977443609e-06	10
8.259331296e-06	5.977443609e-06	10
8.259331296e-06	5.977443609e-06	10
8.259331296e-06	5.977443609e-06	10
8.259331296e-06	5.977443609e-06	0
8.278128289e-06	5.977443609e-06	0
8.296925281e-06	5.977443609e-06	0
8.315722274e-06	5.977443609e-06	0
8.334519266e-06	5.977443609e-06	0
8.353316259e-06	5.977443609e-06	0
8.372113251e-06	5.977443609e-06	0
8.390910244e-06	5.977443609e-06	0
8.409707236e-06	5.977443609e-06	0
8.409707236e-06	5.977443609e-06	10
8.409707236e-06	5.977443609e-06	10
8.409707236e-06	5.977443609e-06	10
8.409707236e-06	5.977443609e-06	10
8.409707236e-06	5.977443609e-06	10
8.409707236e-06	5.977443609e-06	10
8.409707236e-06	5.977443609e-06	10
8.409707236e-06	5.977443609e-06	10
8.409707236e-06	5.977443609e-06	10
8.409707236e-06	5.977443609e-06	10
8.409707236e-06	5.977443609e-06	10
8.409707236e-06	5.977443609e-06	10
8.409707236e-06	5.977443609e-06	10
8.409707236e-06	5.977443609e-06	10
8.409707236e-06	5.977443609e-06	10
8.409707236e-06	5.977443609e-06	10
8.409707236e-06	5.977443609e-06	10
8.409707236e-06	5.977443609e-06	10
8.409707236e-06	5.977443609e-06	10
8.409707236e-06	5.977443609e-06	10
8.409707236e-06	5.977443609e-06	10
8.409707236e-06	5.977443609e-06	10
8.409707236e-06	5.977443609e-06	10
8.409707236e-06	5.977443609e-06	10
8.409707236e-06	5.977443609e-06	10
8.409707236e-06	5.977443609e-06	0
8.428504229e-06	5.977443609e-06	0
8.447301221e-06	5.977443609e-06	0
8.466098214e-06	5.977443609e-06	0
8.484895206e-06	5.977443609e-06	0
8.503692199e-06	5.977443609e-06	0
8.522489191e-06	5.977443609e-06	0
8.541286184e-06	5.977443609e-06	0
8.560083176e-06	5.977443609e-06	0
8.560083176e-06	5.977443609e-06	10
8.560083176e-06	5.977443609e-06	10
8.560083176e-06	5.977443609e-06	10
8.560083176e-06	5.977443609e-06	10
8.560083176e-06	5.977443609e-06	10
8.560083176e-06	5.977443609e-06	10
8.560083176e-06	5.977443609e-06	10
8.560083176e-06	5.977443609e-06	10
8.560083176e-06	5.977443609e-06	10
8.560083176e-06	5.977443609e-06	10
8.560083176e-06	5.977443609e-06	10
8.560083176e-06	5.977443609e-06	10
8.560083176e-06	5.977443609e-06	10
8.560083176e-06	5.977443609e-06	10
8.560083176e-06	5.977443609e-06	10
8.560083176e-06	5.977443609e-06	10
8.560083176e-06	5.977443609e-06	10
8.560083176e-06	5.977443609e-06	10
8.560083176e-06	5.977443609e-06	10
8.560083176e-06	5.977443609e-06	10
8.560083176e-06	5.977443609e-06	10
8.560083176e-06	5.977443609e-06	10
8.560083176e-06	5.977443609e-06	10
8.560083176e-06	5.977443609e-06	10
8.560083176e-06	5.977443609e-06	10
8.560083176e-06	5.977443609e-06	0
8.578880169e-06	5.977443609e-06	0
8.597677161e-06	5.977443609e-06	0
8.616474153e-06	5.977443609e-06	0
8.635271146e-06	5.977443609e-06	0
8.654068138e-06	5.977443609e-06	0
8.672865131e-06	5.977443609e-06	0
8.691662123e-06	5.977443609e-06	0
8.710459116e-06	5.977443609e-06	0
8.710459116e-06	5.977443609e-06	10
8.710459116e-06	5.977443609e-06	10
8.710459116e-06	5.977443609e-06	10
8.710459116e-06	5.977443609e-06	10
8.710459116e-06	5.977443609e-06	10
8.710459116e-06	5.977443609e-06	10
8.710459116e-06	5.977443609e-06	10
8.710459116e-06	5.977443609e-06	10
8.710459116e-06	5.977443609e-06	10
8.710459116e-06	5.977443609e-06	10
8.710459116e-06	5.977443609e-06	10
8.710459116e-06	5.977443609e-06	10
8.710459116e-06	5.977443609e-06	10
8.710459116e-06	5.977443609e-06	10
8.710459116e-06	5.977443609e-06	10
8.710459116e-06	5.977443609e-06	10
8.710459116e-06	5.977443609e-06	10
8.710459116e-06	5.977443609e-06	10
8.710459116e-06	5.977443609e-06	10
8.710459116e-06	5.977443609e-06	10
8.710459116e-06	5.977443609e-06	10
8.710459116e-06	5.977443609e-06	10
8.710459116e-06	5.977443609e-06	10
8.710459116e-06	5.977443609e-06	10
8.710459116e-06	5.977443609e-06	10
8.710459116e-06	5.977443609e-06	0
8.729256108e-06	5.977443609e-06	0
8.748053101e-06	5.977443609e-06	0
8.766850093e-06	5.977443609e-06	0
8.785647086e-06	5.977443609e-06	0
8.804444078e-06	5.977443609e-06	0
8.823241071e-06	5.977443609e-06	0
8.842038063e-06	5.977443609e-06	0
8.860835056e-06	5.977443609e-06	0
8.860835056e-06	5.977443609e-06	10
8.860835056e-06	5.977443609e-06	10
8.860835056e-06	5.977443609e-06	10
8.860835056e-06	5.977443609e-06	10
8.860835056e-06	5.977443609e-06	10
8.860835056e-06	5.977443609e-06	10
8.860835056e-06	5.977443609e-06	10
8.860835056e-06	5.977443609e-06	10
8.860835056e-06	5.977443609e-06	10
8.860835056e-06	5.977443609e-06	10
8.860835056e-06	5.977443609e-06	10
8.860835056e-06	5.977443609e-06	10
8.860835056e-06	5.977443609e-06	10
8.860835056e-06	5.977443609e-06	10
8.860835056e-06	5.977443609e-06	10
8.860835056e-06	5.977443609e-06	10
8.860835056e-06	5.977443609e-06	10
8.860835056e-06	5.977443609e-06	10
8.860835056e-06	5.977443609e-06	10
8.860835056e-06	5.977443609e-06	10
8.860835056e-06	5.977443609e-06	10
8.860835056e-06	5.977443609e-06	10
8.860835056e-06	5.977443609e-06	10
8.860835056e-06	5.977443609e-06	10
8.860835056e-06	5.977443609e-06	10
8.860835056e-06	5.977443609e-06	0
8.860835056e-06	5.996240602e-06	0
8.860835056e-06	6.015037594e-06	0
8.860835056e-06	6.033834586e-06	0
8.860835056e-06	6.052631579e-06	0
8.860835056e-06	6.071428571e-06	0
8.860835056e-06	6.090225564e-06	0
8.860835056e-06	6.109022556e-06	0
8.860835056e-06	6.127819549e-06	0
8.860835056e-06	6.127819549e-06	-10
8.860835056e-06	6.127819549e-06	-10
8.860835056e-06	6.127819549e-06	-10
8.860835056e-06	6.127819549e-06	-10
8.860835056e-06	6.127819549e-06	-10
8.860835056e-06	6.127819549e-06	-10
8.860835056e-06	6.127819549e-06	-10
8.860835056e-06	6.127819549e-06	-10
8.860835056e-06	6.127819549e-06	-10
8.860835056e-06	6.127819549e-06	-10
8.860835056e-06	6.127819549e-06	-10
8.860835056e-06	6.127819549e-06	-10
8.860835056e-06	6.127819549e-06	-10
8.860835056e-06	6.127819549e-06	-10
8.860835056e-06	6.127819549e-06	-10
8.860835056e-06	6.127819549e-06	-10
8.860835056e-06	6.127819549e-06	-10
8.860835056e-06	6.127819549e-06	-10
8.860835056e-06	6.127819549e-06	-10
8.860835056e-06	6.127819549e-06	-10
8.860835056e-06	6.127819549e-06	-10
8.860835056e-06	6.127819549e-06	-10
8.860835056e-06	6.127819549e-06	-10
8.860835056e-06	6.127819549e-06	-10
8.860835056e-06	6.127819549e-06	-10
8.860835056e-06	6.127819549e-06	0
8.842038063e-06	6.127819549e-06	0
8.823241071e-06	6.127819549e-06	0
8.804444078e-06	6.127819549e-06	0
8.785647086e-06	6.127819549e-06	0
8.766850093e-06	6.127819549e-06	0
8.748053101e-06	6.127819549e-06	0
8.729256108e-06	6.127819549e-06	0
8.710459116e-06	6.127819549e-06	0
8.710459116e-06	6.127819549e-06	-10
8.710459116e-06	6.127819549e-06	-10
8.710459116e-06	6.127819549e-06	-10
8.710459116e-06	6.127819549e-06	-10
8.710459116e-06	6.127819549e-06	-10
8.710459116e-06	6.127819549e-06	-10
8.710459116e-06	6.127819549e-06	-10
8.710459116e-06	6.127819549e-06	-10
8.710459116e-06	6.127819549e-06	-10
8.710459116e-06	6.127819549e-06	-10
8.710459116e-06	6.127819549e-06	-10
8.710459116e-06	6.127819549e-06	-10
8.710459116e-06	6.127819549e-06	-10
8.710459116e-06	6.127819549e-06	-10
8.710459116e-06	6.127819549e-06	-10
8.710459116e-06	6.127819549e-06	-10
8.710459116e-06	6.127819549e-06	-10
8.710459116e-06	6.127819549e-06	-10
8.710459116e-06	6.127819549e-06	-10
8.710459116e-06	6.127819549e-06	-10
8.710459116e-06	6.127819549e-06	-10
8.710459116e-06	6.127819549e-06	-10
8.710459116e-06	6.127819549e-06	-10
8.710459116e-06	6.127819549e-06	-10
8.710459116e-06	6.127819549e-06	-10
8.710459116e-06	6.127819549e-06	0
8.691662123e-06	6.127819549e-06	0
8.672865131e-06	6.127819549e-06	0
8.654068138e-06	6.127819549e-06	0
8.635271146e-06	6.127819549e-06	0
8.616474153e-06	6.127819549e-06	0
8.597677161e-06	6.127819549e-06	0
8.578880169e-06	6.127819549e-06	0
8.560083176e-06	6.127819549e-06	0
8.560083176e-06	6.127819549e-06	-10
8.560083176e-06	6.127819549e-06	-10
8.560083176e-06	6.127819549e-06	-10
8.560083176e-06	6.127819549e-06	-10
8.560083176e-06	6.127819549e-06	-10
8.560083176e-06	6.127819549e-06	-10
8.560083176e-06	6.127819549e-06	-10
8.560083176e-06	6.127819549e-06	-10
8.560083176e-06	6.127819549e-06	-10
8.560083176e-06	6.127819549e-06	-10
8.560083176e-06	6.127819549e-06	-10
8.560083176e-06	6.127819549e-06	-10
8.560083176e-06	6.127819549e-06	-10
8.560083176e-06	6.127819549e-06	-10
8.560083176e-06	6.127819549e-06	-10
8.560083176e-06	6.127819549e-06	-10
8.560083176e-06	6.127819549e-06	-10
8.560083176e-06	6.127819549e-06	-10
8.560083176e-06	6.127819549e-06	-10
8.560083176e-06	6.127819549e-06	-10
8.560083176e-06	6.127819549e-06	-10
8.560083176e-06	6.127819549e-06	-10
8.560083176e-06	6.127819549e-06	-10
8.560083176e-06	6.127819549e-06	-10
8.560083176e-06	6.127819549e-06	-10
8.560083176e-06	6.127819549e-06	0
8.541286184e-06	6.127819549e-06	0
8.522489191e-06	6.127819549e-06	0
8.503692199e-06	6.127819549e-06	0
8.484895206e-06	6.127819549e-06	0
8.466098214e-06	6.127819549e-06	0
8.447301221e-06	6.127819549e-06	0
8.428504229e-06	6.127819549e-06	0
8.409707236e-06	6.127819549e-06	0
8.409707236e-06	6.127819549e-06	-10
8.409707236e-06	6.127819549e-06	-10
8.409707236e-06	6.127819549e-06	-10
8.409707236e-06	6.127819549e-06	-10
8.409707236e-06	6.127819549e-06	-10
8.409707236e-06	6.127819549e-06	-10
8.409707236e-06	6.127819549e-06	-10
8.409707236e-06	6.127819549e-06	-10
8.409707236e-06	6.127819549e-06	-10
8.409707236e-06	6.127819549e-06	-10
8.409707236e-06	6.127819549e-06	-10
8.409707236e-06	6.127819549e-06	-10
8.409707236e-06	6.127819549e-06	-10
8.409707236e-06	6.127819549e-06	-10
8.409707236e-06	6.127819549e-06	-10
8.409707236e-06	6.127819549e-06	-10
8.409707236e-06	6.127819549e-06	-10
8.409707236e-06	6.127819549e-06	-10
8.409707236e-06	6.127819549e-06	-10
8.409707236e-06	6.127819549e-06	-10
8.409707236e-06	6.127819549e-06	-10
8.409707236e-06	6.127819549e-06	-10
8.409707236e-06	6.127819549e-06	-10
8.409707236e-06	6.127819549e-06	-10
8.409707236e-06	6.127819549e-06	-10
8.409707236e-06	6.127819549e-06	0
8.390910244e-06	6.127819549e-06	0
8.372113251e-06	6.127819549e-06	0
8.353316259e-06	6.127819549e-06	0
8.334519266e-06	6.127819549e-06	0
8.315722274e-06	6.127819549e-06	0
8.296925281e-06	6.127819549e-06	0
8.278128289e-06	6.127819549e-06	0
8.259331296e-06	6.127819549e-06	0
8.259331296e-06	6.127819549e-06	-10
8.259331296e-06	6.127819549e-06	-10
8.259331296e-06	6.127819549e-06	-10
8.259331296e-06	6.127819549e-06	-10
8.259331296e-06	6.127819549e-06	-10
8.259331296e-06	6.127819549e-06	-10
8.259331296e-06	6.127819549e-06	-10
8.259331296e-06	6.127819549e-06	-10
8.259331296e-06	6.127819549e-06	-10
8.259331296e-06	6.127819549e-06	-10
8.259331296e-06	6.127819549e-06	-10
8.259331296e-06	6.127819549e-06	-10
8.259331296e-06	6.127819549e-06	-10
8.259331296e-06	6.127819549e-06	-10
8.259331296e-06	6.127819549e-06	-10
8.259331296e-06	6.127819549e-06	-10
8.259331296e-06	6.127819549e-06	-10
8.259331296e-06	6.127819549e-06	-10
8.259331296e-06	6.127819549e-06	-10
8.259331296e-06	6.127819549e-06	-10
8.259331296e-06	6.127819549e-06	-10
8.259331296e-06	6.127819549e-06	-10
8.259331296e-06	6.127819549e-06	-10
8.259331296e-06	6.127819549e-06	-10
8.259331296e-06	6.127819549e-06	-10
8.259331296e-06	6.127819549e-06	0
8.240534304e-06	6.127819549e-06	0
8.221737311e-06	6.127819549e-06	0
8.202940319e-06	6.127819549e-06	0
8.184143326e-06	6.127819549e-06	0
8.165346334e-06	6.127819549e-06	0
8.146549341e-06	6.127819549e-06	0
8.127752349e-06	6.127819549e-06	0
8.108955356e-06	6.127819549e-06	0
8.108955356e-06	6.127819549e-06	-10
8.108955356e-06	6.127819549e-06	-10
8.108955356e-06	6.127819549e-06	-10
8.108955356e-06	6.127819549e-06	-10
8.108955356e-06	6.127819549e-06	-10
8.108955356e-06	6.127819549e-06	-10
8.108955356e-06	6.127819549e-06	-10
8.108955356e-06	6.127819549e-06	-10
8.108955356e-06	6.127819549e-06	-10
8.108955356e-06	6.127819549e-06	-10
8.108955356e-06	6.127819549e-06	-10
8.108955356e-06	6.127819549e-06	-10
8.108955356e-06	6.127819549e-06	-10
8.108955356e-06	6.127819549e-06	-10
8.108955356e-06	6.127819549e-06	-10
8.108955356e-06	6.127819549e-06	-10
8.108955356e-06	6.127819549e-06	-10
8.108955356e-06	6.127819549e-06	-10
8.108955356e-06	6.127819549e-06	-10
8.108955356e-06	6.127819549e-06	-10
8.108955356e-06	6.127819549e-06	-10
8.108955356e-06	6.127819549e-06	-10
8.108955356e-06	6.127819549e-06	-10
8.108955356e-06	6.127819549e-06	-10
8.108955356e-06	6.127819549e-06	-10
8.108955356e-06	6.127819549e-06	0
8.090158364e-06	6.127819549e-06	0
8.071361372e-06	6.127819549e-06	0
8.052564379e-06	6.127819549e-06	0
8.033767387e-06	6.127819549e-06	0
8.014970394e-06	6.127819549e-06	0
7.996173402e-06	6.127819549e-06	0
7.977376409e-06	6.127819549e-06	0
7.958579417e-06	6.127819549e-06	0
7.958579417e-06	6.127819549e-06	-10
7.958579417e-06	6.127819549e-06	-10
7.958579417e-06	6.127819549e-06	-10
7.958579417e-06	6.127819549e-06	-10
7.958579417e-06	6.127819549e-06	-10
7.958579417e-06	6.127819549e-06	-10
7.958579417e-06	6.127819549e-06	-10
7.958579417e-06	6.127819549e-06	-10
7.958579417e-06	6.127819549e-06	-10
7.958579417e-06	6.127819549e-06	-10
7.958579417e-06	6.127819549e-06	-10
7.958579417e-06	6.127819549e-06	-10
7.958579417e-06	6.127819549e-06	-10
7.958579417e-06	6.127819549e-06	-10
7.958579417e-06	6.127819549e-06	-10
7.958579417e-06	6.127819549e-06	-10
7.958579417e-06	6.127819549e-06	-10
7.958579417e-06	6.127819549e-06	-10
7.958579417e-06	6.127819549e-06	-10
7.958579417e-06	6.127819549e-06	-10
7.958579417e-06	6.127819549e-06	-10
7.958579417e-06	6.127819549e-06	-10
7.958579417e-06	6.127819549e-06	-10
7.958579417e-06	6.127819549e-06	-10
7.958579417e-06	6.127819549e-06	-10
7.958579417e-06	6.127819549e-06	0
7.939782424e-06	6.127819549e-06	0
7.920985432e-06	6.127819549e-06	0
7.902188439e-06	6.127819549e-06	0
7.883391447e-06	6.127819549e-06	0
7.864594454e-06	6.127819549e-06	0
7.845797462e-06	6.127819549e-06	0
7.827000469e-06	6.127819549e-06	0
7.808203477e-06	6.127819549e-06	0
7.808203477e-06	6.127819549e-06	-10
7.808203477e-06	6.127819549e-06	-10
7.808203477e-06	6.127819549e-06	-10
7.808203477e-06	6.127819549e-06	-10
7.808203477e-06	6.127819549e-06	-10
7.808203477e-06	6.127819549e-06	-10
7.808203477e-06	6.127819549e-06	-10
7.808203477e-06	6.127819549e-06	-10
7.808203477e-06	6.127819549e-06	-10
7.808203477e-06	6.127819549e-06	-10
7.808203477e-06	6.127819549e-06	-10
7.808203477e-06	6.127819549e-06	-10
7.808203477e-06	6.127819549e-06	-10
7.808203477e-06	6.127819549e-06	-10
7.808203477e-06	6.127819549e-06	-10
7.808203477e-06	6.127819549e-06	-10
7.808203477e-06	6.127819549e-06	-10
7.808203477e-06	6.127819549e-06	-10
7.808203477e-06	6.127819549e-06	-10
7.808203477e-06	6.127819549e-06	-10
7.808203477e-06	6.127819549e-06	-10
7.808203477e-06	6.127819549e-06	-10
7.808203477e-06	6.127819549e-06	-10
7.808203477e-06	6.127819549e-06	-10
7.808203477e-06	6.127819549e-06	-10
7.808203477e-06	6.127819549e-06	0
7.789406484e-06	6.127819549e-06	0
7.770609492e-06	6.127819549e-06	0
7.751812499e-06	6.127819549e-06	0
7.733015507e-06	6.127819549e-06	0
7.714218514e-06	6.127819549e-06	0
7.695421522e-06	6.127819549e-06	0
7.676624529e-06	6.127819549e-06	0
7.657827537e-06	6.127819549e-06	0
7.657827537e-06	6.127819549e-06	-10
7.657827537e-06	6.127819549e-06	-10
7.657827537e-06	6.127819549e-06	-10
7.657827537e-06	6.127819549e-06	-10
7.657827537e-06	6.127819549e-06	-10
7.657827537e-06	6.127819549e-06	-10
7.657827537e-06	6.127819549e-06	-10
7.657827537e-06	6.127819549e-06	-10
7.657827537e-06	6.127819549e-06	-10
7.657827537e-06	6.127819549e-06	-10
7.657827537e-06	6.127819549e-06	-10
7.657827537e-06	6.127819549e-06	-10
7.657827537e-06	6.127819549e-06	-10
7.657827537e-06	6.127819549e-06	-10
7.657827537e-06	6.127819549e-06	-10
7.657827537e-06	6.127819549e-06	-10
7.657827537e-06	6.127819549e-06	-10
7.657827537e-06	6.127819549e-06	-10
7.657827537e-06	6.127819549e-06	-10
7.657827537e-06	6.127819549e-06	-10
7.657827537e-06	6.127819549e-06	-10
7.657827537e-06	6.127819549e-06	-10
7.657827537e-06	6.127819549e-06	-10
7.657827537e-06	6.127819549e-06	-10
7.657827537e-06	6.127819549e-06	-10
7.657827537e-06	6.127819549e-06	0
7.639030544e-06	6.127819549e-06	0
7.620233552e-06	6.127819549e-06	0
7.601436559e-06	6.127819549e-06	0
7.582639567e-06	6.127819549e-06	0
7.563842575e-06	6.127819549e-06	0
7.545045582e-06	6.127819549e-06	0
7.52624859e-06	6.127819549e-06	0
7.507451597e-06	6.127819549e-06	0
7.507451597e-06	6.127819549e-06	-10
7.507451597e-06	6.127819549e-06	-10
7.507451597e-06	6.127819549e-06	-10
7.507451597e-06	6.127819549e-06	-10
7.507451597e-06	6.127819549e-06	-10
7.507451597e-06	6.127819549e-06	-10
7.507451597e-06	6.127819549e-06	-10
7.507451597e-06	6.127819549e-06	-10
7.507451597e-06	6.127819549e-06	-10
7.507451597e-06	6.127819549e-06	-10
7.507451597e-06	6.127819549e-06	-10
7.507451597e-06	6.127819549e-06	-10
7.507451597e-06	6.127819549e-06	-10
7.507451597e-06	6.127819549e-06	-10
7.507451597e-06	6.127819549e-06	-10
7.507451597e-06	6.127819549e-06	-10
7.507451597e-06	6.127819549e-06	-10
7.507451597e-06	6.127819549e-06	-10
7.507451597e-06	6.127819549e-06	-10
7.507451597e-06	6.127819549e-06	-10
7.507451597e-06	6.127819549e-06	-10
7.507451597e-06	6.127819549e-06	-10
7.507451597e-06	6.127819549e-06	-10
7.507451597e-06	6.127819549e-06	-10
7.507451597e-06	6.127819549e-06	-10
7.507451597e-06	6.127819549e-06	0
7.488654605e-06	6.127819549e-06	0
7.469857612e-06	6.127819549e-06	0
7.45106062e-06	6.127819549e-06	0
7.432263627e-06	6.127819549e-06	0
7.413466635e-06	6.127819549e-06	0
7.394669642e-06	6.127819549e-06	0
7.37587265e-06	6.127819549e-06	0
7.357075657e-06	6.127819549e-06	0
7.357075657e-06	6.127819549e-06	-10
7.357075657e-06	6.127819549e-06	-10
7.357075657e-06	6.127819549e-06	-10
7.357075657e-06	6.127819549e-06	-10
7.357075657e-06	6.127819549e-06	-10
7.357075657e-06	6.127819549e-06	-10
7.357075657e-06	6.127819549e-06	-10
7.357075657e-06	6.127819549e-06	-10
7.357075657e-06	6.127819549e-06	-10
7.357075657e-06	6.127819549e-06	-10
7.357075657e-06	6.127819549e-06	-10
7.357075657e-06	6.127819549e-06	-10
7.357075657e-06	6.127819549e-06	-10
7.357075657e-06	6.127819549e-06	-10
7.357075657e-06	6.127819549e-06	-10
7.357075657e-06	6.127819549e-06	-10
7.357075657e-06	6.127819549e-06	-10
7.357075657e-06	6.127819549e-06	-10
7.357075657e-06	6.127819549e-06	-10
7.357075657e-06	6.127819549e-06	-10
7.357075657e-06	6.127819549e-06	-10
7.357075657e-06	6.127819549e-06	-10
7.357075657e-06	6.127819549e-06	-10
7.357075657e-06	6.127819549e-06	-10
7.357075657e-06	6.127819549e-06	-10
7.357075657e-06	6.127819549e-06	0
7.338278665e-06	6.127819549e-06	0
7.319481672e-06	6.127819549e-06	0
7.30068468e-06	6.127819549e-06	0
7.281887687e-06	6.127819549e-06	0
7.263090695e-06	6.127819549e-06	0
7.244293702e-06	6.127819549e-06	0
7.22549671e-06	6.127819549e-06	0
7.206699717e-06	6.127819549e-06	0
7.206699717e-06	6.127819549e-06	-10
7.206699717e-06	6.127819549e-06	-10
7.206699717e-06	6.127819549e-06	-10
7.206699717e-06	6.127819549e-06	-10
7.206699717e-06	6.127819549e-06	-10
7.206699717e-06	6.127819549e-06	-10
7.206699717e-06	6.127819549e-06	-10
7.206699717e-06	6.127819549e-06	-10
7.206699717e-06	6.127819549e-06	-10
7.206699717e-06	6.127819549e-06	-10
7.206699717e-06	6.127819549e-06	-10
7.206699717e-06	6.127819549e-06	-10
7.206699717e-06	6.127819549e-06	-10
7.206699717e-06	6.127819549e-06	-10
7.206699717e-06	6.127819549e-06	-10
7.206699717e-06	6.127819549e-06	-10
7.206699717e-06	6.127819549e-06	-10
7.206699717e-06	6.127819549e-06	-10
7.206699717e-06	6.127819549e-06	-10
7.206699717e-06	6.127819549e-06	-10
7.206699717e-06	6.127819549e-06	-10
7.206699717e-06	6.127819549e-06	-10
7.206699717e-06	6.127819549e-06	-10
7.206699717e-06	6.127819549e-06	-10
7.206699717e-06	6.127819549e-06	-10
7.206699717e-06	6.127819549e-06	0
7.187902725e-06	6.127819549e-06	0
7.169105732e-06	6.127819549e-06	0
7.15030874e-06	6.127819549e-06	0
7.131511747e-06	6.127819549e-06	0
7.112714755e-06	6.127819549e-06	0
7.093917763e-06	6.127819549e-06	0
7.07512077e-06	6.127819549e-06	0
7.056323778e-06	6.127819549e-06	0
7.056323778e-06	6.127819549e-06	-10
7.056323778e-06	6.127819549e-06	-10
7.056323778e-06	6.127819549e-06	-10
7.056323778e-06	6.127819549e-06	-10
7.056323778e-06	6.127819549e-06	-10
7.056323778e-06	6.127819549e-06	-10
7.056323778e-06	6.127819549e-06	-10
7.056323778e-06	6.127819549e-06	-10
7.056323778e-06	6.127819549e-06	-10
7.056323778e-06	6.127819549e-06	-10
7.056323778e-06	6.127819549e-06	-10
7.056323778e-06	6.127819549e-06	-10
7.056323778e-06	6.127819549e-06	-10
7.056323778e-06	6.127819549e-06	-10
7.056323778e-06	6.127819549e-06	-10
7.056323778e-06	6.127819549e-06	-10
7.056323778e-06	6.127819549e-06	-10
7.056323778e-06	6.127819549e-06	-10
7.056323778e-06	6.127819549e-06	-10
7.056323778e-06	6.127819549e-06	-10
7.056323778e-06	6.127819549e-06	-10
7.056323778e-06	6.127819549e-06	-10
7.056323778e-06	6.127819549e-06	-10
7.056323778e-06	6.127819549e-06	-10
7.056323778e-06	6.127819549e-06	-10
7.056323778e-06	6.127819549e-06	0
7.037526785e-06	6.127819549e-06	0
7.018729793e-06	6.127819549e-06	0
6.9999328e-06	6.127819549e-06	0
6.981135808e-06	6.127819549e-06	0
6.962338815e-06	6.127819549e-06	0
6.943541823e-06	6.127819549e-06	0
6.92474483e-06	6.127819549e-06	0
6.905947838e-06	6.127819549e-06	0
6.905947838e-06	6.127819549e-06	-10
6.905947838e-06	6.127819549e-06	-10
6.905947838e-06	6.127819549e-06	-10
6.905947838e-06	6.127819549e-06	-10
6.905947838e-06	6.127819549e-06	-10
6.905947838e-06	6.127819549e-06	-10
6.905947838e-06	6.127819549e-06	-10
6.905947838e-06	6.127819549e-06	-10
6.905947838e-06	6.127819549e-06	-10
6.905947838e-06	6.127819549e-06	-10
6.905947838e-06	6.127819549e-06	-10
6.905947838e-06	6.127819549e-06	-10
6.905947838e-06	6.127819549e-06	-10
6.905947838e-06	6.127819549e-06	-10
6.905947838e-06	6.127819549e-06	-10
6.905947838e-06	6.127819549e-06	-10
6.905947838e-06	6.127819549e-06	-10
6.905947838e-06	6.127819549e-06	-10
6.905947838e-06	6.127819549e-06	-10
6.905947838e-06	6.127819549e-06	-10
6.905947838e-06	6.127819549e-06	-10
6.905947838e-06	6.127819549e-06	-10
6.905947838e-06	6.127819549e-06	-10
6.905947838e-06	6.127819549e-06	-10
6.905947838e-06	6.127819549e-06	-10
6.905947838e-06	6.127819549e-06	0
6.887150845e-06	6.127819549e-06	0
6.868353853e-06	6.127819549e-06	0
6.84955686e-06	6.127819549e-06	0
6.830759868e-06	6.127819549e-06	0
6.811962875e-06	6.127819549e-06	0
6.793165883e-06	6.127819549e-06	0
6.77436889e-06	6.127819549e-06	0
6.755571898e-06	6.127819549e-06	0
6.755571898e-06	6.127819549e-06	-10
6.755571898e-06	6.127819549e-06	-10
6.755571898e-06	6.127819549e-06	-10
6.755571898e-06	6.127819549e-06	-10
6.755571898e-06	6.127819549e-06	-10
6.755571898e-06	6.127819549e-06	-10
6.755571898e-06	6.127819549e-06	-10
6.755571898e-06	6.127819549e-06	-10
6.755571898e-06	6.127819549e-06	-10
6.755571898e-06	6.127819549e-06	-10
6.755571898e-06	6.127819549e-06	-10
6.755571898e-06	6.127819549e-06	-10
6.755571898e-06	6.127819549e-06	-10
6.755571898e-06	6.127819549e-06	-10
6.755571898e-06	6.127819549e-06	-10
6.755571898e-06	6.127819549e-06	-10
6.755571898e-06	6.127819549e-06	-10
6.755571898e-06	6.127819549e-06	-10
6.755571898e-06	6.127819549e-06	-10
6.755571898e-06	6.127819549e-06	-10
6.755571898e-06	6.127819549e-06	-10
6.755571898e-06	6.127819549e-06	-10
6.755571898e-06	6.127819549e-06	-10
6.755571898e-06	6.127819549e-06	-10
6.755571898e-06	6.127819549e-06	-10
6.755571898e-06	6.127819549e-06	0
6.736774905e-06	6.127819549e-06	0
6.717977913e-06	6.127819549e-06	0
6.69918092e-06	6.127819549e-06	0
6.680383928e-06	6.127819549e-06	0
6.661586935e-06	6.127819549e-06	0
6.642789943e-06	6.127819549e-06	0
6.62399295e-06	6.127819549e-06	0
6.605195958e-06	6.127819549e-06	0
6.605195958e-06	6.127819549e-06	-10
6.605195958e-06	6.127819549e-06	-10
6.605195958e-06	6.127819549e-06	-10
6.605195958e-06	6.127819549e-06	-10
6.605195958e-06	6.127819549e-06	-10
6.605195958e-06	6.127819549e-06	-10
6.605195958e-06	6.127819549e-06	-10
6.605195958e-06	6.127819549e-06	-10
6.605195958e-06	6.127819549e-06	-10
6.605195958e-06	6.127819549e-06	-10
6.605195958e-06	6.127819549e-06	-10
6.605195958e-06	6.127819549e-06	-10
6.605195958e-06	6.127819549e-06	-10
6.605195958e-06	6.127819549e-06	-10
6.605195958e-06	6.127819549e-06	-10
6.605195958e-06	6.127819549e-06	-10
6.605195958e-06	6.127819549e-06	-10
6.605195958e-06	6.127819549e-06	-10
6.605195958e-06	6.127819549e-06	-10
6.605195958e-06	6.127819549e-06	-10
6.605195958e-06	6.127819549e-06	-10
6.605195958e-06	6.127819549e-06	-10
6.605195958e-06	6.127819549e-06	-10
6.605195958e-06	6.127819549e-06	-10
6.605195958e-06	6.127819549e-06	-10
