# X_m	Y_m	V
1.274519053e-06	-2.451905284e-08	6
1.274519053e-06	-2.451905284e-08	6
1.274519053e-06	-2.451905284e-08	6
1.274519053e-06	-2.451905284e-08	6
1.274519053e-06	-2.451905284e-08	6
1.274519053e-06	-2.451905284e-08	6
1.274519053e-06	-2.451905284e-08	6
1.274519053e-06	-2.451905284e-08	6
1.274519053e-06	-2.451905284e-08	6
1.274519053e-06	-2.451905284e-08	6
1.274519053e-06	-2.451905284e-08	6
1.284519053e-06	-7.198544763e-09	6
1.294519053e-06	1.012196331e-08	6
1.304519053e-06	2.744247139e-08	6
1.314519053e-06	4.476297946e-08	6
1.324519053e-06	6.208348754e-08	6
1.334519053e-06	7.940399562e-08	6
1.344519053e-06	9.672450369e-08	6
1.354519053e-06	1.140450118e-07	6
1.364519053e-06	1.313655198e-07	6
1.374519053e-06	1.486860279e-07	6
1.384519053e-06	1.66006536e-07	6
1.394519053e-06	1.833270441e-07	6
1.404519053e-06	2.006475521e-07	6
1.414519053e-06	2.179680602e-07	6
1.424519053e-06	2.352885683e-07	6
1.434519053e-06	2.526090764e-07	6
1.444519053e-06	2.699295844e-07	6
1.454519053e-06	2.872500925e-07	6
1.464519053e-06	3.045706006e-07	6
1.474519053e-06	3.218911087e-07	6
1.484519053e-06	3.392116168e-07	6
1.494519053e-06	3.565321248e-07	6
1.504519053e-06	3.738526329e-07	6
1.514519053e-06	3.91173141e-07	6
1.524519053e-06	4.084936491e-07	6
1.534519053e-06	4.258141571e-07	6
1.544519053e-06	4.431346652e-07	6
1.554519053e-06	4.604551733e-07	6
1.564519053e-06	4.777756814e-07	6
1.574519053e-06	4.950961894e-07	6
1.584519053e-06	5.124166975e-07	6
1.594519053e-06	5.297372056e-07	6
1.604519053e-06	5.470577137e-07	6
1.614519053e-06	5.643782217e-07	6
1.624519053e-06	5.816987298e-07	6
1.634519053e-06	5.990192379e-07	6
1.644519053e-06	6.16339746e-07	6
1.654519053e-06	6.33660254e-07	6
1.664519053e-06	6.509807621e-07	6
1.674519053e-06	6.683012702e-07	6
1.684519053e-06	6.856217783e-07	6
1.694519053e-06	7.029422863e-07	6
1.704519053e-06	7.202627944e-07	6
1.714519053e-06	7.375833025e-07	6
1.724519053e-06	7.549038106e-07	6
1.734519053e-06	7.722243186e-07	6
1.744519053e-06	7.895448267e-07	6
1.754519053e-06	8.068653348e-07	6
1.764519053e-06	8.241858429e-07	6
1.774519053e-06	8.415063509e-07	6
1.784519053e-06	8.58826859e-07	6
1.794519053e-06	8.761473671e-07	6
1.804519053e-06	8.934678752e-07	6
1.814519053e-06	9.107883832e-07	6
1.824519053e-06	9.281088913e-07	6
1.834519053e-06	9.454293994e-07	6
1.844519053e-06	9.627499075e-07	6
1.854519053e-06	9.800704156e-07	6
1.864519053e-06	9.973909236e-07	6
1.874519053e-06	1.014711432e-06	6
1.884519053e-06	1.03203194e-06	6
1.894519053e-06	1.049352448e-06	6
1.904519053e-06	1.066672956e-06	6
1.914519053e-06	1.083993464e-06	6
1.924519053e-06	1.101313972e-06	6
1.934519053e-06	1.11863448e-06	6
1.944519053e-06	1.135954988e-06	6
1.954519053e-06	1.153275496e-06	6
1.964519053e-06	1.170596004e-06	6
1.974519053e-06	1.187916512e-06	6
1.984519053e-06	1.205237021e-06	6
1.994519053e-06	1.222557529e-06	6
2.004519053e-06	1.239878037e-06	6
2.014519053e-06	1.257198545e-06	6
2.024519053e-06	1.274519053e-06	6
2.024519053e-06	1.274519053e-06	-6
2.024519053e-06	1.274519053e-06	-6
2.024519053e-06	1.274519053e-06	-6
2.024519053e-06	1.274519053e-06	-6
2.024519053e-06	1.274519053e-06	-6
2.024519053e-06	1.274519053e-06	-6
2.024519053e-06	1.274519053e-06	-6
2.024519053e-06	1.274519053e-06	-6
2.024519053e-06	1.274519053e-06	-6
2.024519053e-06	1.274519053e-06	-6
2.024519053e-06	1.274519053e-06	-6
2.014519053e-06	1.257198545e-06	-6
2.004519053e-06	1.239878037e-06	-6
1.994519053e-06	1.222557529e-06	-6
1.984519053e-06	1.205237021e-06	-6
1.974519053e-06	1.187916512e-06	-6
1.964519053e-06	1.170596004e-06	-6
1.954519053e-06	1.153275496e-06	-6
1.944519053e-06	1.135954988e-06	-6
1.934519053e-06	1.11863448e-06	-6
1.924519053e-06	1.101313972e-06	-6
1.914519053e-06	1.083993464e-06	-6
1.904519053e-06	1.066672956e-06	-6
1.894519053e-06	1.049352448e-06	-6
1.884519053e-06	1.03203194e-06	-6
1.874519053e-06	1.014711432e-06	-6
1.864519053e-06	9.973909236e-07	-6
1.854519053e-06	9.800704156e-07	-6
1.844519053e-06	9.627499075e-07	-6
1.834519053e-06	9.454293994e-07	-6
1.824519053e-06	9.281088913e-07	-6
1.814519053e-06	9.107883832e-07	-6
1.804519053e-06	8.934678752e-07	-6
1.794519053e-06	8.761473671e-07	-6
1.784519053e-06	8.58826859e-07	-6
1.774519053e-06	8.415063509e-07	-6
1.764519053e-06	8.241858429e-07	-6
1.754519053e-06	8.068653348e-07	-6
1.744519053e-06	7.895448267e-07	-6
1.734519053e-06	7.722243186e-07	-6
1.724519053e-06	7.549038106e-07	-6
1.714519053e-06	7.375833025e-07	-6
1.704519053e-06	7.202627944e-07	-6
1.694519053e-06	7.029422863e-07	-6
1.684519053e-06	6.856217783e-07	-6
1.674519053e-06	6.683012702e-07	-6
1.664519053e-06	6.509807621e-07	-6
1.654519053e-06	6.33660254e-07	-6
1.644519053e-06	6.16339746e-07	-6
1.634519053e-06	5.990192379e-07	-6
1.624519053e-06	5.816987298e-07	-6
1.614519053e-06	5.643782217e-07	-6
1.604519053e-06	5.470577137e-07	-6
1.594519053e-06	5.297372056e-07	-6
1.584519053e-06	5.124166975e-07	-6
1.574519053e-06	4.950961894e-07	-6
1.564519053e-06	4.777756814e-07	-6
1.554519053e-06	4.604551733e-07	-6
1.544519053e-06	4.431346652e-07	-6
1.534519053e-06	4.258141571e-07	-6
1.524519053e-06	4.084936491e-07	-6
1.514519053e-06	3.91173141e-07	-6
1.504519053e-06	3.738526329e-07	-6
1.494519053e-06	3.565321248e-07	-6
1.484519053e-06	3.392116168e-07	-6
1.474519053e-06	3.218911087e-07	-6
1.464519053e-06	3.045706006e-07	-6
1.454519053e-06	2.872500925e-07	-6
1.444519053e-06	2.699295844e-07	-6
1.434519053e-06	2.526090764e-07	-6
1.424519053e-06	2.352885683e-07	-6
1.414519053e-06	2.179680602e-07	-6
1.404519053e-06	2.006475521e-07	-6
1.394519053e-06	1.833270441e-07	-6
1.384519053e-06	1.66006536e-07	-6
1.374519053e-06	1.486860279e-07	-6
1.364519053e-06	1.313655198e-07	-6
1.354519053e-06	1.140450118e-07	-6
1.344519053e-06	9.672450369e-08	-6
1.334519053e-06	7.940399562e-08	-6
1.324519053e-06	6.208348754e-08	-6
1.314519053e-06	4.476297946e-08	-6
1.304519053e-06	2.744247139e-08	-6
1.294519053e-06	1.012196331e-08	-6
1.284519053e-06	-7.198544763e-09	-6
1.274519053e-06	-2.451905284e-08	-6
1.274519053e-06	-2.451905284e-08	0
1.265858799e-06	-1.951905284e-08	0
1.257198545e-06	-1.451905284e-08	0
1.257198545e-06	-1.451905284e-08	-6
1.257198545e-06	-1.451905284e-08	-6
1.257198545e-06	-1.451905284e-08	-6
1.257198545e-06	-1.451905284e-08	-6
1.257198545e-06	-1.451905284e-08	-6
1.257198545e-06	-1.451905284e-08	-6
1.257198545e-06	-1.451905284e-08	-6
1.257198545e-06	-1.451905284e-08	-6
1.257198545e-06	-1.451905284e-08	-6
1.257198545e-06	-1.451905284e-08	-6
1.257198545e-06	-1.451905284e-08	-6
1.267198545e-06	2.801455237e-09	-6
1.277198545e-06	2.012196331e-08	-6
1.287198545e-06	3.744247139e-08	-6
1.297198545e-06	5.476297946e-08	-6
1.307198545e-06	7.208348754e-08	-6
1.317198545e-06	8.940399562e-08	-6
1.327198545e-06	1.067245037e-07	-6
1.337198545e-06	1.240450118e-07	-6
1.347198545e-06	1.413655198e-07	-6
1.357198545e-06	1.586860279e-07	-6
1.367198545e-06	1.76006536e-07	-6
1.377198545e-06	1.933270441e-07	-6
1.387198545e-06	2.106475521e-07	-6
1.397198545e-06	2.279680602e-07	-6
1.407198545e-06	2.452885683e-07	-6
1.417198545e-06	2.626090764e-07	-6
1.427198545e-06	2.799295844e-07	-6
1.437198545e-06	2.972500925e-07	-6
1.447198545e-06	3.145706006e-07	-6
1.457198545e-06	3.318911087e-07	-6
1.467198545e-06	3.492116168e-07	-6
1.477198545e-06	3.665321248e-07	-6
1.487198545e-06	3.838526329e-07	-6
1.497198545e-06	4.01173141e-07	-6
1.507198545e-06	4.184936491e-07	-6
1.517198545e-06	4.358141571e-07	-6
1.527198545e-06	4.531346652e-07	-6
1.537198545e-06	4.704551733e-07	-6
1.547198545e-06	4.877756814e-07	-6
1.557198545e-06	5.050961894e-07	-6
1.567198545e-06	5.224166975e-07	-6
1.577198545e-06	5.397372056e-07	-6
1.587198545e-06	5.570577137e-07	-6
1.597198545e-06	5.743782217e-07	-6
1.607198545e-06	5.916987298e-07	-6
1.617198545e-06	6.090192379e-07	-6
1.627198545e-06	6.26339746e-07	-6
1.637198545e-06	6.43660254e-07	-6
1.647198545e-06	6.609807621e-07	-6
1.657198545e-06	6.783012702e-07	-6
1.667198545e-06	6.956217783e-07	-6
1.677198545e-06	7.129422863e-07	-6
1.687198545e-06	7.302627944e-07	-6
1.697198545e-06	7.475833025e-07	-6
1.707198545e-06	7.649038106e-07	-6
1.717198545e-06	7.822243186e-07	-6
1.727198545e-06	7.995448267e-07	-6
1.737198545e-06	8.168653348e-07	-6
1.747198545e-06	8.341858429e-07	-6
1.757198545e-06	8.515063509e-07	-6
1.767198545e-06	8.68826859e-07	-6
1.777198545e-06	8.861473671e-07	-6
1.787198545e-06	9.034678752e-07	-6
1.797198545e-06	9.207883832e-07	-6
1.807198545e-06	9.381088913e-07	-6
1.817198545e-06	9.554293994e-07	-6
1.827198545e-06	9.727499075e-07	-6
1.837198545e-06	9.900704156e-07	-6
1.847198545e-06	1.007390924e-06	-6
1.857198545e-06	1.024711432e-06	-6
1.867198545e-06	1.04203194e-06	-6
1.877198545e-06	1.059352448e-06	-6
1.887198545e-06	1.076672956e-06	-6
1.897198545e-06	1.093993464e-06	-6
1.907198545e-06	1.111313972e-06	-6
1.917198545e-06	1.12863448e-06	-6
1.927198545e-06	1.145954988e-06	-6
1.937198545e-06	1.163275496e-06	-6
1.947198545e-06	1.180596004e-06	-6
1.957198545e-06	1.197916512e-06	-6
1.967198545e-06	1.215237021e-06	-6
1.977198545e-06	1.232557529e-06	-6
1.987198545e-06	1.249878037e-06	-6
1.997198545e-06	1.267198545e-06	-6
2.007198545e-06	1.284519053e-06	-6
2.007198545e-06	1.284519053e-06	6
2.007198545e-06	1.284519053e-06	6
2.007198545e-06	1.284519053e-06	6
2.007198545e-06	1.284519053e-06	6
2.007198545e-06	1.284519053e-06	6
2.007198545e-06	1.284519053e-06	6
2.007198545e-06	1.284519053e-06	6
2.007198545e-06	1.284519053e-06	6
2.007198545e-06	1.284519053e-06	6
2.007198545e-06	1.284519053e-06	6
2.007198545e-06	1.284519053e-06	6
1.997198545e-06	1.267198545e-06	6
1.987198545e-06	1.249878037e-06	6
1.977198545e-06	1.232557529e-06	6
1.967198545e-06	1.215237021e-06	6
1.957198545e-06	1.197916512e-06	6
1.947198545e-06	1.180596004e-06	6
1.937198545e-06	1.163275496e-06	6
1.927198545e-06	1.145954988e-06	6
1.917198545e-06	1.12863448e-06	6
1.907198545e-06	1.111313972e-06	6
1.897198545e-06	1.093993464e-06	6
1.887198545e-06	1.076672956e-06	6
1.877198545e-06	1.059352448e-06	6
1.867198545e-06	1.04203194e-06	6
1.857198545e-06	1.024711432e-06	6
1.847198545e-06	1.007390924e-06	6
1.837198545e-06	9.900704156e-07	6
1.827198545e-06	9.727499075e-07	6
1.817198545e-06	9.554293994e-07	6
1.807198545e-06	9.381088913e-07	6
1.797198545e-06	9.207883832e-07	6
1.787198545e-06	9.034678752e-07	6
1.777198545e-06	8.861473671e-07	6
1.767198545e-06	8.68826859e-07	6
1.757198545e-06	8.515063509e-07	6
1.747198545e-06	8.341858429e-07	6
1.737198545e-06	8.168653348e-07	6
1.727198545e-06	7.995448267e-07	6
1.717198545e-06	7.822243186e-07	6
1.707198545e-06	7.649038106e-07	6
1.697198545e-06	7.475833025e-07	6
1.687198545e-06	7.302627944e-07	6
1.677198545e-06	7.129422863e-07	6
1.667198545e-06	6.956217783e-07	6
1.657198545e-06	6.783012702e-07	6
1.647198545e-06	6.609807621e-07	6
1.637198545e-06	6.43660254e-07	6
1.627198545e-06	6.26339746e-07	6
1.617198545e-06	6.090192379e-07	6
1.607198545e-06	5.916987298e-07	6
1.597198545e-06	5.743782217e-07	6
1.587198545e-06	5.570577137e-07	6
1.577198545e-06	5.397372056e-07	6
1.567198545e-06	5.224166975e-07	6
1.557198545e-06	5.050961894e-07	6
1.547198545e-06	4.877756814e-07	6
1.537198545e-06	4.704551733e-07	6
1.527198545e-06	4.531346652e-07	6
1.517198545e-06	4.358141571e-07	6
1.507198545e-06	4.184936491e-07	6
1.497198545e-06	4.01173141e-07	6
1.487198545e-06	3.838526329e-07	6
1.477198545e-06	3.665321248e-07	6
1.467198545e-06	3.492116168e-07	6
1.457198545e-06	3.318911087e-07	6
1.447198545e-06	3.145706006e-07	6
1.437198545e-06	2.972500925e-07	6
1.427198545e-06	2.799295844e-07	6
1.417198545e-06	2.626090764e-07	6
1.407198545e-06	2.452885683e-07	6
1.397198545e-06	2.279680602e-07	6
1.387198545e-06	2.106475521e-07	6
1.377198545e-06	1.933270441e-07	6
1.367198545e-06	1.76006536e-07	6
1.357198545e-06	1.586860279e-07	6
1.347198545e-06	1.413655198e-07	6
1.337198545e-06	1.240450118e-07	6
1.327198545e-06	1.067245037e-07	6
1.317198545e-06	8.940399562e-08	6
1.307198545e-06	7.208348754e-08	6
1.297198545e-06	5.476297946e-08	6
1.287198545e-06	3.744247139e-08	6
1.277198545e-06	2.012196331e-08	6
1.267198545e-06	2.801455237e-09	6
1.257198545e-06	-1.451905284e-08	6
1.257198545e-06	-1.451905284e-08	0
1.248538291e-06	-9.519052838e-09	0
1.239878037e-06	-4.519052838e-09	0
1.239878037e-06	-4.519052838e-09	6
1.239878037e-06	-4.519052838e-09	6
1.239878037e-06	-4.519052838e-09	6
1.239878037e-06	-4.519052838e-09	6
1.239878037e-06	-4.519052838e-09	6
1.239878037e-06	-4.519052838e-09	6
1.239878037e-06	-4.519052838e-09	6
1.239878037e-06	-4.519052838e-09	6
1.239878037e-06	-4.519052838e-09	6
1.239878037e-06	-4.519052838e-09	6
1.239878037e-06	-4.519052838e-09	6
1.249878037e-06	1.280145524e-08	6
1.259878037e-06	3.012196331e-08	6
1.269878037e-06	4.744247139e-08	6
1.279878037e-06	6.476297946e-08	6
1.289878037e-06	8.208348754e-08	6
1.299878037e-06	9.940399562e-08	6
1.309878037e-06	1.167245037e-07	6
1.319878037e-06	1.340450118e-07	6
1.329878037e-06	1.513655198e-07	6
1.339878037e-06	1.686860279e-07	6
1.349878037e-06	1.86006536e-07	6
1.359878037e-06	2.033270441e-07	6
1.369878037e-06	2.206475521e-07	6
1.379878037e-06	2.379680602e-07	6
1.389878037e-06	2.552885683e-07	6
1.399878037e-06	2.726090764e-07	6
1.409878037e-06	2.899295844e-07	6
1.419878037e-06	3.072500925e-07	6
1.429878037e-06	3.245706006e-07	6
1.439878037e-06	3.418911087e-07	6
1.449878037e-06	3.592116168e-07	6
1.459878037e-06	3.765321248e-07	6
1.469878037e-06	3.938526329e-07	6
1.479878037e-06	4.11173141e-07	6
1.489878037e-06	4.284936491e-07	6
1.499878037e-06	4.458141571e-07	6
1.509878037e-06	4.631346652e-07	6
1.519878037e-06	4.804551733e-07	6
1.529878037e-06	4.977756814e-07	6
1.539878037e-06	5.150961894e-07	6
1.549878037e-06	5.324166975e-07	6
1.559878037e-06	5.497372056e-07	6
1.569878037e-06	5.670577137e-07	6
1.579878037e-06	5.843782217e-07	6
1.589878037e-06	6.016987298e-07	6
1.599878037e-06	6.190192379e-07	6
1.609878037e-06	6.36339746e-07	6
1.619878037e-06	6.53660254e-07	6
1.629878037e-06	6.709807621e-07	6
1.639878037e-06	6.883012702e-07	6
1.649878037e-06	7.056217783e-07	6
1.659878037e-06	7.229422863e-07	6
1.669878037e-06	7.402627944e-07	6
1.679878037e-06	7.575833025e-07	6
1.689878037e-06	7.749038106e-07	6
1.699878037e-06	7.922243186e-07	6
1.709878037e-06	8.095448267e-07	6
1.719878037e-06	8.268653348e-07	6
1.729878037e-06	8.441858429e-07	6
1.739878037e-06	8.615063509e-07	6
1.749878037e-06	8.78826859e-07	6
1.759878037e-06	8.961473671e-07	6
1.769878037e-06	9.134678752e-07	6
1.779878037e-06	9.307883832e-07	6
1.789878037e-06	9.481088913e-07	6
1.799878037e-06	9.654293994e-07	6
1.809878037e-06	9.827499075e-07	6
1.819878037e-06	1.000070416e-06	6
1.829878037e-06	1.017390924e-06	6
1.839878037e-06	1.034711432e-06	6
1.849878037e-06	1.05203194e-06	6
1.859878037e-06	1.069352448e-06	6
1.869878037e-06	1.086672956e-06	6
1.879878037e-06	1.103993464e-06	6
1.889878037e-06	1.121313972e-06	6
1.899878037e-06	1.13863448e-06	6
1.909878037e-06	1.155954988e-06	6
1.919878037e-06	1.173275496e-06	6
1.929878037e-06	1.190596004e-06	6
1.939878037e-06	1.207916512e-06	6
1.949878037e-06	1.225237021e-06	6
1.959878037e-06	1.242557529e-06	6
1.969878037e-06	1.259878037e-06	6
1.979878037e-06	1.277198545e-06	6
1.989878037e-06	1.294519053e-06	6
1.989878037e-06	1.294519053e-06	-6
1.989878037e-06	1.294519053e-06	-6
1.989878037e-06	1.294519053e-06	-6
1.989878037e-06	1.294519053e-06	-6
1.989878037e-06	1.294519053e-06	-6
1.989878037e-06	1.294519053e-06	-6
1.989878037e-06	1.294519053e-06	-6
1.989878037e-06	1.294519053e-06	-6
1.989878037e-06	1.294519053e-06	-6
1.989878037e-06	1.294519053e-06	-6
1.989878037e-06	1.294519053e-06	-6
1.979878037e-06	1.277198545e-06	-6
1.969878037e-06	1.259878037e-06	-6
1.959878037e-06	1.242557529e-06	-6
1.949878037e-06	1.225237021e-06	-6
1.939878037e-06	1.207916512e-06	-6
1.929878037e-06	1.190596004e-06	-6
1.919878037e-06	1.173275496e-06	-6
1.909878037e-06	1.155954988e-06	-6
1.899878037e-06	1.13863448e-06	-6
1.889878037e-06	1.121313972e-06	-6
1.879878037e-06	1.103993464e-06	-6
1.869878037e-06	1.086672956e-06	-6
1.859878037e-06	1.069352448e-06	-6
1.849878037e-06	1.05203194e-06	-6
1.839878037e-06	1.034711432e-06	-6
1.829878037e-06	1.017390924e-06	-6
1.819878037e-06	1.000070416e-06	-6
1.809878037e-06	9.827499075e-07	-6
1.799878037e-06	9.654293994e-07	-6
1.789878037e-06	9.481088913e-07	-6
1.779878037e-06	9.307883832e-07	-6
1.769878037e-06	9.134678752e-07	-6
1.759878037e-06	8.961473671e-07	-6
1.749878037e-06	8.78826859e-07	-6
1.739878037e-06	8.615063509e-07	-6
1.729878037e-06	8.441858429e-07	-6
1.719878037e-06	8.268653348e-07	-6
1.709878037e-06	8.095448267e-07	-6
1.699878037e-06	7.922243186e-07	-6
1.689878037e-06	7.749038106e-07	-6
1.679878037e-06	7.575833025e-07	-6
1.669878037e-06	7.402627944e-07	-6
1.659878037e-06	7.229422863e-07	-6
1.649878037e-06	7.056217783e-07	-6
1.639878037e-06	6.883012702e-07	-6
1.629878037e-06	6.709807621e-07	-6
1.619878037e-06	6.53660254e-07	-6
1.609878037e-06	6.36339746e-07	-6
1.599878037e-06	6.190192379e-07	-6
1.589878037e-06	6.016987298e-07	-6
1.579878037e-06	5.843782217e-07	-6
1.569878037e-06	5.670577137e-07	-6
1.559878037e-06	5.497372056e-07	-6
1.549878037e-06	5.324166975e-07	-6
1.539878037e-06	5.150961894e-07	-6
1.529878037e-06	4.977756814e-07	-6
1.519878037e-06	4.804551733e-07	-6
1.509878037e-06	4.631346652e-07	-6
1.499878037e-06	4.458141571e-07	-6
1.489878037e-06	4.284936491e-07	-6
1.479878037e-06	4.11173141e-07	-6
1.469878037e-06	3.938526329e-07	-6
1.459878037e-06	3.765321248e-07	-6
1.449878037e-06	3.592116168e-07	-6
1.439878037e-06	3.418911087e-07	-6
1.429878037e-06	3.245706006e-07	-6
1.419878037e-06	3.072500925e-07	-6
1.409878037e-06	2.899295844e-07	-6
1.399878037e-06	2.726090764e-07	-6
1.389878037e-06	2.552885683e-07	-6
1.379878037e-06	2.379680602e-07	-6
1.369878037e-06	2.206475521e-07	-6
1.359878037e-06	2.033270441e-07	-6
1.349878037e-06	1.86006536e-07	-6
1.339878037e-06	1.686860279e-07	-6
1.329878037e-06	1.513655198e-07	-6
1.319878037e-06	1.340450118e-07	-6
1.309878037e-06	1.167245037e-07	-6
1.299878037e-06	9.940399562e-08	-6
1.289878037e-06	8.208348754e-08	-6
1.279878037e-06	6.476297946e-08	-6
1.269878037e-06	4.744247139e-08	-6
1.259878037e-06	3.012196331e-08	-6
1.249878037e-06	1.280145524e-08	-6
1.239878037e-06	-4.519052838e-09	-6
1.239878037e-06	-4.519052838e-09	0
1.231217783e-06	4.809471617e-10	0
1.222557529e-06	5.480947162e-09	0
1.222557529e-06	5.480947162e-09	-6
1.222557529e-06	5.480947162e-09	-6
1.222557529e-06	5.480947162e-09	-6
1.222557529e-06	5.480947162e-09	-6
1.222557529e-06	5.480947162e-09	-6
1.222557529e-06	5.480947162e-09	-6
1.222557529e-06	5.480947162e-09	-6
1.222557529e-06	5.480947162e-09	-6
1.222557529e-06	5.480947162e-09	-6
1.222557529e-06	5.480947162e-09	-6
1.222557529e-06	5.480947162e-09	-6
1.232557529e-06	2.280145524e-08	-6
1.242557529e-06	4.012196331e-08	-6
1.252557529e-06	5.744247139e-08	-6
1.262557529e-06	7.476297946e-08	-6
1.272557529e-06	9.208348754e-08	-6
1.282557529e-06	1.094039956e-07	-6
1.292557529e-06	1.267245037e-07	-6
1.302557529e-06	1.440450118e-07	-6
1.312557529e-06	1.613655198e-07	-6
1.322557529e-06	1.786860279e-07	-6
1.332557529e-06	1.96006536e-07	-6
1.342557529e-06	2.133270441e-07	-6
1.352557529e-06	2.306475521e-07	-6
1.362557529e-06	2.479680602e-07	-6
1.372557529e-06	2.652885683e-07	-6
1.382557529e-06	2.826090764e-07	-6
1.392557529e-06	2.999295844e-07	-6
1.402557529e-06	3.172500925e-07	-6
1.412557529e-06	3.345706006e-07	-6
1.422557529e-06	3.518911087e-07	-6
1.432557529e-06	3.692116168e-07	-6
1.442557529e-06	3.865321248e-07	-6
1.452557529e-06	4.038526329e-07	-6
1.462557529e-06	4.21173141e-07	-6
1.472557529e-06	4.384936491e-07	-6
1.482557529e-06	4.558141571e-07	-6
1.492557529e-06	4.731346652e-07	-6
1.502557529e-06	4.904551733e-07	-6
1.512557529e-06	5.077756814e-07	-6
1.522557529e-06	5.250961894e-07	-6
1.532557529e-06	5.424166975e-07	-6
1.542557529e-06	5.597372056e-07	-6
1.552557529e-06	5.770577137e-07	-6
1.562557529e-06	5.943782217e-07	-6
1.572557529e-06	6.116987298e-07	-6
1.582557529e-06	6.290192379e-07	-6
1.592557529e-06	6.46339746e-07	-6
1.602557529e-06	6.63660254e-07	-6
1.612557529e-06	6.809807621e-07	-6
1.622557529e-06	6.983012702e-07	-6
1.632557529e-06	7.156217783e-07	-6
1.642557529e-06	7.329422863e-07	-6
1.652557529e-06	7.502627944e-07	-6
1.662557529e-06	7.675833025e-07	-6
1.672557529e-06	7.849038106e-07	-6
1.682557529e-06	8.022243186e-07	-6
1.692557529e-06	8.195448267e-07	-6
1.702557529e-06	8.368653348e-07	-6
1.712557529e-06	8.541858429e-07	-6
1.722557529e-06	8.715063509e-07	-6
1.732557529e-06	8.88826859e-07	-6
1.742557529e-06	9.061473671e-07	-6
1.752557529e-06	9.234678752e-07	-6
1.762557529e-06	9.407883832e-07	-6
1.772557529e-06	9.581088913e-07	-6
1.782557529e-06	9.754293994e-07	-6
1.792557529e-06	9.927499075e-07	-6
1.802557529e-06	1.010070416e-06	-6
1.812557529e-06	1.027390924e-06	-6
1.822557529e-06	1.044711432e-06	-6
1.832557529e-06	1.06203194e-06	-6
1.842557529e-06	1.079352448e-06	-6
1.852557529e-06	1.096672956e-06	-6
1.862557529e-06	1.113993464e-06	-6
1.872557529e-06	1.131313972e-06	-6
1.882557529e-06	1.14863448e-06	-6
1.892557529e-06	1.165954988e-06	-6
1.902557529e-06	1.183275496e-06	-6
1.912557529e-06	1.200596004e-06	-6
1.922557529e-06	1.217916512e-06	-6
1.932557529e-06	1.235237021e-06	-6
1.942557529e-06	1.252557529e-06	-6
1.952557529e-06	1.269878037e-06	-6
1.962557529e-06	1.287198545e-06	-6
1.972557529e-06	1.304519053e-06	-6
1.972557529e-06	1.304519053e-06	6
1.972557529e-06	1.304519053e-06	6
1.972557529e-06	1.304519053e-06	6
1.972557529e-06	1.304519053e-06	6
1.972557529e-06	1.304519053e-06	6
1.972557529e-06	1.304519053e-06	6
1.972557529e-06	1.304519053e-06	6
1.972557529e-06	1.304519053e-06	6
1.972557529e-06	1.304519053e-06	6
1.972557529e-06	1.304519053e-06	6
1.972557529e-06	1.304519053e-06	6
1.962557529e-06	1.287198545e-06	6
1.952557529e-06	1.269878037e-06	6
1.942557529e-06	1.252557529e-06	6
1.932557529e-06	1.235237021e-06	6
1.922557529e-06	1.217916512e-06	6
1.912557529e-06	1.200596004e-06	6
1.902557529e-06	1.183275496e-06	6
1.892557529e-06	1.165954988e-06	6
1.882557529e-06	1.14863448e-06	6
1.872557529e-06	1.131313972e-06	6
1.862557529e-06	1.113993464e-06	6
1.852557529e-06	1.096672956e-06	6
1.842557529e-06	1.079352448e-06	6
1.832557529e-06	1.06203194e-06	6
1.822557529e-06	1.044711432e-06	6
1.812557529e-06	1.027390924e-06	6
1.802557529e-06	1.010070416e-06	6
1.792557529e-06	9.927499075e-07	6
1.782557529e-06	9.754293994e-07	6
1.772557529e-06	9.581088913e-07	6
1.762557529e-06	9.407883832e-07	6
1.752557529e-06	9.234678752e-07	6
1.742557529e-06	9.061473671e-07	6
1.732557529e-06	8.88826859e-07	6
1.722557529e-06	8.715063509e-07	6
1.712557529e-06	8.541858429e-07	6
1.702557529e-06	8.368653348e-07	6
1.692557529e-06	8.195448267e-07	6
1.682557529e-06	8.022243186e-07	6
1.672557529e-06	7.849038106e-07	6
1.662557529e-06	7.675833025e-07	6
1.652557529e-06	7.502627944e-07	6
1.642557529e-06	7.329422863e-07	6
1.632557529e-06	7.156217783e-07	6
1.622557529e-06	6.983012702e-07	6
1.612557529e-06	6.809807621e-07	6
1.602557529e-06	6.63660254e-07	6
1.592557529e-06	6.46339746e-07	6
1.582557529e-06	6.290192379e-07	6
1.572557529e-06	6.116987298e-07	6
1.562557529e-06	5.943782217e-07	6
1.552557529e-06	5.770577137e-07	6
1.542557529e-06	5.597372056e-07	6
1.532557529e-06	5.424166975e-07	6
1.522557529e-06	5.250961894e-07	6
1.512557529e-06	5.077756814e-07	6
1.502557529e-06	4.904551733e-07	6
1.492557529e-06	4.731346652e-07	6
1.482557529e-06	4.558141571e-07	6
1.472557529e-06	4.384936491e-07	6
1.462557529e-06	4.21173141e-07	6
1.452557529e-06	4.038526329e-07	6
1.442557529e-06	3.865321248e-07	6
1.432557529e-06	3.692116168e-07	6
1.422557529e-06	3.518911087e-07	6
1.412557529e-06	3.345706006e-07	6
1.402557529e-06	3.172500925e-07	6
1.392557529e-06	2.999295844e-07	6
1.382557529e-06	2.826090764e-07	6
1.372557529e-06	2.652885683e-07	6
1.362557529e-06	2.479680602e-07	6
1.352557529e-06	2.306475521e-07	6
1.342557529e-06	2.133270441e-07	6
1.332557529e-06	1.96006536e-07	6
1.322557529e-06	1.786860279e-07	6
1.312557529e-06	1.613655198e-07	6
1.302557529e-06	1.440450118e-07	6
1.292557529e-06	1.267245037e-07	6
1.282557529e-06	1.094039956e-07	6
1.272557529e-06	9.208348754e-08	6
1.262557529e-06	7.476297946e-08	6
1.252557529e-06	5.744247139e-08	6
1.242557529e-06	4.012196331e-08	6
1.232557529e-06	2.280145524e-08	6
1.222557529e-06	5.480947162e-09	6
1.222557529e-06	5.480947162e-09	0
1.205237021e-06	1.548094716e-08	0
1.205237021e-06	1.548094716e-08	6
1.205237021e-06	1.548094716e-08	6
1.205237021e-06	1.548094716e-08	6
1.205237021e-06	1.548094716e-08	6
1.205237021e-06	1.548094716e-08	6
1.205237021e-06	1.548094716e-08	6
1.205237021e-06	1.548094716e-08	6
1.205237021e-06	1.548094716e-08	6
1.205237021e-06	1.548094716e-08	6
1.205237021e-06	1.548094716e-08	6
1.205237021e-06	1.548094716e-08	6
1.215105442e-06	3.257355382e-08	6
1.224973863e-06	4.966616047e-08	6
1.234842284e-06	6.675876712e-08	6
1.244710705e-06	8.385137378e-08	6
1.254579126e-06	1.009439804e-07	6
1.264447547e-06	1.180365871e-07	6
1.274315968e-06	1.351291937e-07	6
1.284184389e-06	1.522218004e-07	6
1.29405281e-06	1.69314407e-07	6
1.303921231e-06	1.864070137e-07	6
1.313789652e-06	2.034996204e-07	6
1.323658073e-06	2.20592227e-07	6
1.333526494e-06	2.376848337e-07	6
1.343394915e-06	2.547774403e-07	6
1.353263336e-06	2.71870047e-07	6
1.363131757e-06	2.889626536e-07	6
1.373000178e-06	3.060552603e-07	6
1.382868599e-06	3.231478669e-07	6
1.392737021e-06	3.402404736e-07	6
1.402605442e-06	3.573330802e-07	6
1.412473863e-06	3.744256869e-07	6
1.422342284e-06	3.915182935e-07	6
1.432210705e-06	4.086109002e-07	6
1.442079126e-06	4.257035068e-07	6
1.451947547e-06	4.427961135e-07	6
1.461815968e-06	4.598887202e-07	6
1.471684389e-06	4.769813268e-07	6
1.48155281e-06	4.940739335e-07	6
1.491421231e-06	5.111665401e-07	6
1.501289652e-06	5.282591468e-07	6
1.511158073e-06	5.453517534e-07	6
1.521026494e-06	5.624443601e-07	6
1.530894915e-06	5.795369667e-07	6
1.540763336e-06	5.966295734e-07	6
1.550631757e-06	6.1372218e-07	6
1.560500178e-06	6.308147867e-07	6
1.570368599e-06	6.479073933e-07	6
1.580237021e-06	6.65e-07	6
1.590105442e-06	6.820926067e-07	6
1.599973863e-06	6.991852133e-07	6
1.609842284e-06	7.1627782e-07	6
1.619710705e-06	7.333704266e-07	6
1.629579126e-06	7.504630333e-07	6
1.639447547e-06	7.675556399e-07	6
1.649315968e-06	7.846482466e-07	6
1.659184389e-06	8.017408532e-07	6
1.66905281e-06	8.188334599e-07	6
1.678921231e-06	8.359260665e-07	6
1.688789652e-06	8.530186732e-07	6
1.698658073e-06	8.701112798e-07	6
1.708526494e-06	8.872038865e-07	6
1.718394915e-06	9.042964932e-07	6
1.728263336e-06	9.213890998e-07	6
1.738131757e-06	9.384817065e-07	6
1.748000178e-06	9.555743131e-07	6
1.757868599e-06	9.726669198e-07	6
1.767737021e-06	9.897595264e-07	6
1.777605442e-06	1.006852133e-06	6
1.787473863e-06	1.02394474e-06	6
1.797342284e-06	1.041037346e-06	6
1.807210705e-06	1.058129953e-06	6
1.817079126e-06	1.07522256e-06	6
1.826947547e-06	1.092315166e-06	6
1.836815968e-06	1.109407773e-06	6
1.846684389e-06	1.12650038e-06	6
1.85655281e-06	1.143592986e-06	6
1.866421231e-06	1.160685593e-06	6
1.876289652e-06	1.1777782e-06	6
1.886158073e-06	1.194870806e-06	6
1.896026494e-06	1.211963413e-06	6
1.905894915e-06	1.22905602e-06	6
1.915763336e-06	1.246148626e-06	6
1.925631757e-06	1.263241233e-06	6
1.935500178e-06	1.28033384e-06	6
1.945368599e-06	1.297426446e-06	6
1.955237021e-06	1.314519053e-06	6
1.955237021e-06	1.314519053e-06	-6
1.955237021e-06	1.314519053e-06	-6
1.955237021e-06	1.314519053e-06	-6
1.955237021e-06	1.314519053e-06	-6
1.955237021e-06	1.314519053e-06	-6
1.955237021e-06	1.314519053e-06	-6
1.955237021e-06	1.314519053e-06	-6
1.955237021e-06	1.314519053e-06	-6
1.955237021e-06	1.314519053e-06	-6
1.955237021e-06	1.314519053e-06	-6
1.955237021e-06	1.314519053e-06	-6
1.945368599e-06	1.297426446e-06	-6
1.935500178e-06	1.28033384e-06	-6
1.925631757e-06	1.263241233e-06	-6
1.915763336e-06	1.246148626e-06	-6
1.905894915e-06	1.22905602e-06	-6
1.896026494e-06	1.211963413e-06	-6
1.886158073e-06	1.194870806e-06	-6
1.876289652e-06	1.1777782e-06	-6
1.866421231e-06	1.160685593e-06	-6
1.85655281e-06	1.143592986e-06	-6
1.846684389e-06	1.12650038e-06	-6
1.836815968e-06	1.109407773e-06	-6
1.826947547e-06	1.092315166e-06	-6
1.817079126e-06	1.07522256e-06	-6
1.807210705e-06	1.058129953e-06	-6
1.797342284e-06	1.041037346e-06	-6
1.787473863e-06	1.02394474e-06	-6
1.777605442e-06	1.006852133e-06	-6
1.767737021e-06	9.897595264e-07	-6
1.757868599e-06	9.726669198e-07	-6
1.748000178e-06	9.555743131e-07	-6
1.738131757e-06	9.384817065e-07	-6
1.728263336e-06	9.213890998e-07	-6
1.718394915e-06	9.042964932e-07	-6
1.708526494e-06	8.872038865e-07	-6
1.698658073e-06	8.701112798e-07	-6
1.688789652e-06	8.530186732e-07	-6
1.678921231e-06	8.359260665e-07	-6
1.66905281e-06	8.188334599e-07	-6
1.659184389e-06	8.017408532e-07	-6
1.649315968e-06	7.846482466e-07	-6
1.639447547e-06	7.675556399e-07	-6
1.629579126e-06	7.504630333e-07	-6
1.619710705e-06	7.333704266e-07	-6
1.609842284e-06	7.1627782e-07	-6
1.599973863e-06	6.991852133e-07	-6
1.590105442e-06	6.820926067e-07	-6
1.580237021e-06	6.65e-07	-6
1.570368599e-06	6.479073933e-07	-6
1.560500178e-06	6.308147867e-07	-6
1.550631757e-06	6.1372218e-07	-6
1.540763336e-06	5.966295734e-07	-6
1.530894915e-06	5.795369667e-07	-6
1.521026494e-06	5.624443601e-07	-6
1.511158073e-06	5.453517534e-07	-6
1.501289652e-06	5.282591468e-07	-6
1.491421231e-06	5.111665401e-07	-6
1.48155281e-06	4.940739335e-07	-6
1.471684389e-06	4.769813268e-07	-6
1.461815968e-06	4.598887202e-07	-6
1.451947547e-06	4.427961135e-07	-6
1.442079126e-06	4.257035068e-07	-6
1.432210705e-06	4.086109002e-07	-6
1.422342284e-06	3.915182935e-07	-6
1.412473863e-06	3.744256869e-07	-6
1.402605442e-06	3.573330802e-07	-6
1.392737021e-06	3.402404736e-07	-6
1.382868599e-06	3.231478669e-07	-6
1.373000178e-06	3.060552603e-07	-6
1.363131757e-06	2.889626536e-07	-6
1.353263336e-06	2.71870047e-07	-6
1.343394915e-06	2.547774403e-07	-6
1.333526494e-06	2.376848337e-07	-6
1.323658073e-06	2.20592227e-07	-6
1.313789652e-06	2.034996204e-07	-6
1.303921231e-06	1.864070137e-07	-6
1.29405281e-06	1.69314407e-07	-6
1.284184389e-06	1.522218004e-07	-6
1.274315968e-06	1.351291937e-07	-6
1.264447547e-06	1.180365871e-07	-6
1.254579126e-06	1.009439804e-07	-6
1.244710705e-06	8.385137378e-08	-6
1.234842284e-06	6.675876712e-08	-6
1.224973863e-06	4.966616047e-08	-6
1.215105442e-06	3.257355382e-08	-6
1.205237021e-06	1.548094716e-08	-6
1.205237021e-06	1.548094716e-08	0
1.196576766e-06	2.048094716e-08	0
1.187916512e-06	2.548094716e-08	0
1.187916512e-06	2.548094716e-08	-6
1.187916512e-06	2.548094716e-08	-6
1.187916512e-06	2.548094716e-08	-6
1.187916512e-06	2.548094716e-08	-6
1.187916512e-06	2.548094716e-08	-6
1.187916512e-06	2.548094716e-08	-6
1.187916512e-06	2.548094716e-08	-6
1.187916512e-06	2.548094716e-08	-6
1.187916512e-06	2.548094716e-08	-6
1.187916512e-06	2.548094716e-08	-6
1.187916512e-06	2.548094716e-08	-6
1.197784934e-06	4.257355382e-08	-6
1.207653355e-06	5.966616047e-08	-6
1.217521776e-06	7.675876712e-08	-6
1.227390197e-06	9.385137378e-08	-6
1.237258618e-06	1.109439804e-07	-6
1.247127039e-06	1.280365871e-07	-6
1.25699546e-06	1.451291937e-07	-6
1.266863881e-06	1.622218004e-07	-6
1.276732302e-06	1.79314407e-07	-6
1.286600723e-06	1.964070137e-07	-6
1.296469144e-06	2.134996204e-07	-6
1.306337565e-06	2.30592227e-07	-6
1.316205986e-06	2.476848337e-07	-6
1.326074407e-06	2.647774403e-07	-6
1.335942828e-06	2.81870047e-07	-6
1.345811249e-06	2.989626536e-07	-6
1.35567967e-06	3.160552603e-07	-6
1.365548091e-06	3.331478669e-07	-6
1.375416512e-06	3.502404736e-07	-6
1.385284934e-06	3.673330802e-07	-6
1.395153355e-06	3.844256869e-07	-6
1.405021776e-06	4.015182935e-07	-6
1.414890197e-06	4.186109002e-07	-6
1.424758618e-06	4.357035068e-07	-6
1.434627039e-06	4.527961135e-07	-6
1.44449546e-06	4.698887202e-07	-6
1.454363881e-06	4.869813268e-07	-6
1.464232302e-06	5.040739335e-07	-6
1.474100723e-06	5.211665401e-07	-6
1.483969144e-06	5.382591468e-07	-6
1.493837565e-06	5.553517534e-07	-6
1.503705986e-06	5.724443601e-07	-6
1.513574407e-06	5.895369667e-07	-6
1.523442828e-06	6.066295734e-07	-6
1.533311249e-06	6.2372218e-07	-6
1.54317967e-06	6.408147867e-07	-6
1.553048091e-06	6.579073933e-07	-6
1.562916512e-06	6.75e-07	-6
1.572784934e-06	6.920926067e-07	-6
1.582653355e-06	7.091852133e-07	-6
1.592521776e-06	7.2627782e-07	-6
1.602390197e-06	7.433704266e-07	-6
1.612258618e-06	7.604630333e-07	-6
1.622127039e-06	7.775556399e-07	-6
1.63199546e-06	7.946482466e-07	-6
1.641863881e-06	8.117408532e-07	-6
1.651732302e-06	8.288334599e-07	-6
1.661600723e-06	8.459260665e-07	-6
1.671469144e-06	8.630186732e-07	-6
1.681337565e-06	8.801112798e-07	-6
1.691205986e-06	8.972038865e-07	-6
1.701074407e-06	9.142964932e-07	-6
1.710942828e-06	9.313890998e-07	-6
1.720811249e-06	9.484817065e-07	-6
1.73067967e-06	9.655743131e-07	-6
1.740548091e-06	9.826669198e-07	-6
1.750416512e-06	9.997595264e-07	-6
1.760284934e-06	1.016852133e-06	-6
1.770153355e-06	1.03394474e-06	-6
1.780021776e-06	1.051037346e-06	-6
1.789890197e-06	1.068129953e-06	-6
1.799758618e-06	1.08522256e-06	-6
1.809627039e-06	1.102315166e-06	-6
1.81949546e-06	1.119407773e-06	-6
1.829363881e-06	1.13650038e-06	-6
1.839232302e-06	1.153592986e-06	-6
1.849100723e-06	1.170685593e-06	-6
1.858969144e-06	1.1877782e-06	-6
1.868837565e-06	1.204870806e-06	-6
1.878705986e-06	1.221963413e-06	-6
1.888574407e-06	1.23905602e-06	-6
1.898442828e-06	1.256148626e-06	-6
1.908311249e-06	1.273241233e-06	-6
1.91817967e-06	1.29033384e-06	-6
1.928048091e-06	1.307426446e-06	-6
1.937916512e-06	1.324519053e-06	-6
1.937916512e-06	1.324519053e-06	6
1.937916512e-06	1.324519053e-06	6
1.937916512e-06	1.324519053e-06	6
1.937916512e-06	1.324519053e-06	6
1.937916512e-06	1.324519053e-06	6
1.937916512e-06	1.324519053e-06	6
1.937916512e-06	1.324519053e-06	6
1.937916512e-06	1.324519053e-06	6
1.937916512e-06	1.324519053e-06	6
1.937916512e-06	1.324519053e-06	6
1.937916512e-06	1.324519053e-06	6
1.928048091e-06	1.307426446e-06	6
1.91817967e-06	1.29033384e-06	6
1.908311249e-06	1.273241233e-06	6
1.898442828e-06	1.256148626e-06	6
1.888574407e-06	1.23905602e-06	6
1.878705986e-06	1.221963413e-06	6
1.868837565e-06	1.204870806e-06	6
1.858969144e-06	1.1877782e-06	6
1.849100723e-06	1.170685593e-06	6
1.839232302e-06	1.153592986e-06	6
1.829363881e-06	1.13650038e-06	6
1.81949546e-06	1.119407773e-06	6
1.809627039e-06	1.102315166e-06	6
1.799758618e-06	1.08522256e-06	6
1.789890197e-06	1.068129953e-06	6
1.780021776e-06	1.051037346e-06	6
1.770153355e-06	1.03394474e-06	6
1.760284934e-06	1.016852133e-06	6
1.750416512e-06	9.997595264e-07	6
1.740548091e-06	9.826669198e-07	6
1.73067967e-06	9.655743131e-07	6
1.720811249e-06	9.484817065e-07	6
1.710942828e-06	9.313890998e-07	6
1.701074407e-06	9.142964932e-07	6
1.691205986e-06	8.972038865e-07	6
1.681337565e-06	8.801112798e-07	6
1.671469144e-06	8.630186732e-07	6
1.661600723e-06	8.459260665e-07	6
1.651732302e-06	8.288334599e-07	6
1.641863881e-06	8.117408532e-07	6
1.63199546e-06	7.946482466e-07	6
1.622127039e-06	7.775556399e-07	6
1.612258618e-06	7.604630333e-07	6
1.602390197e-06	7.433704266e-07	6
1.592521776e-06	7.2627782e-07	6
1.582653355e-06	7.091852133e-07	6
1.572784934e-06	6.920926067e-07	6
1.562916512e-06	6.75e-07	6
1.553048091e-06	6.579073933e-07	6
1.54317967e-06	6.408147867e-07	6
1.533311249e-06	6.2372218e-07	6
1.523442828e-06	6.066295734e-07	6
1.513574407e-06	5.895369667e-07	6
1.503705986e-06	5.724443601e-07	6
1.493837565e-06	5.553517534e-07	6
1.483969144e-06	5.382591468e-07	6
1.474100723e-06	5.211665401e-07	6
1.464232302e-06	5.040739335e-07	6
1.454363881e-06	4.869813268e-07	6
1.44449546e-06	4.698887202e-07	6
1.434627039e-06	4.527961135e-07	6
1.424758618e-06	4.357035068e-07	6
1.414890197e-06	4.186109002e-07	6
1.405021776e-06	4.015182935e-07	6
1.395153355e-06	3.844256869e-07	6
1.385284934e-06	3.673330802e-07	6
1.375416512e-06	3.502404736e-07	6
1.365548091e-06	3.331478669e-07	6
1.35567967e-06	3.160552603e-07	6
1.345811249e-06	2.989626536e-07	6
1.335942828e-06	2.81870047e-07	6
1.326074407e-06	2.647774403e-07	6
1.316205986e-06	2.476848337e-07	6
1.306337565e-06	2.30592227e-07	6
1.296469144e-06	2.134996204e-07	6
1.286600723e-06	1.964070137e-07	6
1.276732302e-06	1.79314407e-07	6
1.266863881e-06	1.622218004e-07	6
1.25699546e-06	1.451291937e-07	6
1.247127039e-06	1.280365871e-07	6
1.237258618e-06	1.109439804e-07	6
1.227390197e-06	9.385137378e-08	6
1.217521776e-06	7.675876712e-08	6
1.207653355e-06	5.966616047e-08	6
1.197784934e-06	4.257355382e-08	6
1.187916512e-06	2.548094716e-08	6
1.187916512e-06	2.548094716e-08	0
1.170596004e-06	3.548094716e-08	0
1.170596004e-06	3.548094716e-08	6
1.170596004e-06	3.548094716e-08	6
1.170596004e-06	3.548094716e-08	6
1.170596004e-06	3.548094716e-08	6
1.170596004e-06	3.548094716e-08	6
1.170596004e-06	3.548094716e-08	6
1.170596004e-06	3.548094716e-08	6
1.170596004e-06	3.548094716e-08	6
1.170596004e-06	3.548094716e-08	6
1.170596004e-06	3.548094716e-08	6
1.170596004e-06	3.548094716e-08	6
1.180596004e-06	5.280145524e-08	6
1.190596004e-06	7.012196331e-08	6
1.200596004e-06	8.744247139e-08	6
1.210596004e-06	1.047629795e-07	6
1.220596004e-06	1.220834875e-07	6
1.230596004e-06	1.394039956e-07	6
1.240596004e-06	1.567245037e-07	6
1.250596004e-06	1.740450118e-07	6
1.260596004e-06	1.913655198e-07	6
1.270596004e-06	2.086860279e-07	6
1.280596004e-06	2.26006536e-07	6
1.290596004e-06	2.433270441e-07	6
1.300596004e-06	2.606475521e-07	6
1.310596004e-06	2.779680602e-07	6
1.320596004e-06	2.952885683e-07	6
1.330596004e-06	3.126090764e-07	6
1.340596004e-06	3.299295844e-07	6
1.350596004e-06	3.472500925e-07	6
1.360596004e-06	3.645706006e-07	6
1.370596004e-06	3.818911087e-07	6
1.380596004e-06	3.992116168e-07	6
1.390596004e-06	4.165321248e-07	6
1.400596004e-06	4.338526329e-07	6
1.410596004e-06	4.51173141e-07	6
1.420596004e-06	4.684936491e-07	6
1.430596004e-06	4.858141571e-07	6
1.440596004e-06	5.031346652e-07	6
1.450596004e-06	5.204551733e-07	6
1.460596004e-06	5.377756814e-07	6
1.470596004e-06	5.550961894e-07	6
1.480596004e-06	5.724166975e-07	6
1.490596004e-06	5.897372056e-07	6
1.500596004e-06	6.070577137e-07	6
1.510596004e-06	6.243782217e-07	6
1.520596004e-06	6.416987298e-07	6
1.530596004e-06	6.590192379e-07	6
1.540596004e-06	6.76339746e-07	6
1.550596004e-06	6.93660254e-07	6
1.560596004e-06	7.109807621e-07	6
1.570596004e-06	7.283012702e-07	6
1.580596004e-06	7.456217783e-07	6
1.590596004e-06	7.629422863e-07	6
1.600596004e-06	7.802627944e-07	6
1.610596004e-06	7.975833025e-07	6
1.620596004e-06	8.149038106e-07	6
1.630596004e-06	8.322243186e-07	6
1.640596004e-06	8.495448267e-07	6
1.650596004e-06	8.668653348e-07	6
1.660596004e-06	8.841858429e-07	6
1.670596004e-06	9.015063509e-07	6
1.680596004e-06	9.18826859e-07	6
1.690596004e-06	9.361473671e-07	6
1.700596004e-06	9.534678752e-07	6
1.710596004e-06	9.707883832e-07	6
1.720596004e-06	9.881088913e-07	6
1.730596004e-06	1.005429399e-06	6
1.740596004e-06	1.022749907e-06	6
1.750596004e-06	1.040070416e-06	6
1.760596004e-06	1.057390924e-06	6
1.770596004e-06	1.074711432e-06	6
1.780596004e-06	1.09203194e-06	6
1.790596004e-06	1.109352448e-06	6
1.800596004e-06	1.126672956e-06	6
1.810596004e-06	1.143993464e-06	6
1.820596004e-06	1.161313972e-06	6
1.830596004e-06	1.17863448e-06	6
1.840596004e-06	1.195954988e-06	6
1.850596004e-06	1.213275496e-06	6
1.860596004e-06	1.230596004e-06	6
1.870596004e-06	1.247916512e-06	6
1.880596004e-06	1.265237021e-06	6
1.890596004e-06	1.282557529e-06	6
1.900596004e-06	1.299878037e-06	6
1.910596004e-06	1.317198545e-06	6
1.920596004e-06	1.334519053e-06	6
1.920596004e-06	1.334519053e-06	-6
1.920596004e-06	1.334519053e-06	-6
1.920596004e-06	1.334519053e-06	-6
1.920596004e-06	1.334519053e-06	-6
1.920596004e-06	1.334519053e-06	-6
1.920596004e-06	1.334519053e-06	-6
1.920596004e-06	1.334519053e-06	-6
1.920596004e-06	1.334519053e-06	-6
1.920596004e-06	1.334519053e-06	-6
1.920596004e-06	1.334519053e-06	-6
1.920596004e-06	1.334519053e-06	-6
1.910596004e-06	1.317198545e-06	-6
1.900596004e-06	1.299878037e-06	-6
1.890596004e-06	1.282557529e-06	-6
1.880596004e-06	1.265237021e-06	-6
1.870596004e-06	1.247916512e-06	-6
1.860596004e-06	1.230596004e-06	-6
1.850596004e-06	1.213275496e-06	-6
1.840596004e-06	1.195954988e-06	-6
1.830596004e-06	1.17863448e-06	-6
1.820596004e-06	1.161313972e-06	-6
1.810596004e-06	1.143993464e-06	-6
1.800596004e-06	1.126672956e-06	-6
1.790596004e-06	1.109352448e-06	-6
1.780596004e-06	1.09203194e-06	-6
1.770596004e-06	1.074711432e-06	-6
1.760596004e-06	1.057390924e-06	-6
1.750596004e-06	1.040070416e-06	-6
1.740596004e-06	1.022749907e-06	-6
1.730596004e-06	1.005429399e-06	-6
1.720596004e-06	9.881088913e-07	-6
1.710596004e-06	9.707883832e-07	-6
1.700596004e-06	9.534678752e-07	-6
1.690596004e-06	9.361473671e-07	-6
1.680596004e-06	9.18826859e-07	-6
1.670596004e-06	9.015063509e-07	-6
1.660596004e-06	8.841858429e-07	-6
1.650596004e-06	8.668653348e-07	-6
1.640596004e-06	8.495448267e-07	-6
1.630596004e-06	8.322243186e-07	-6
1.620596004e-06	8.149038106e-07	-6
1.610596004e-06	7.975833025e-07	-6
1.600596004e-06	7.802627944e-07	-6
1.590596004e-06	7.629422863e-07	-6
1.580596004e-06	7.456217783e-07	-6
1.570596004e-06	7.283012702e-07	-6
1.560596004e-06	7.109807621e-07	-6
1.550596004e-06	6.93660254e-07	-6
1.540596004e-06	6.76339746e-07	-6
1.530596004e-06	6.590192379e-07	-6
1.520596004e-06	6.416987298e-07	-6
1.510596004e-06	6.243782217e-07	-6
1.500596004e-06	6.070577137e-07	-6
1.490596004e-06	5.897372056e-07	-6
1.480596004e-06	5.724166975e-07	-6
1.470596004e-06	5.550961894e-07	-6
1.460596004e-06	5.377756814e-07	-6
1.450596004e-06	5.204551733e-07	-6
1.440596004e-06	5.031346652e-07	-6
1.430596004e-06	4.858141571e-07	-6
1.420596004e-06	4.684936491e-07	-6
1.410596004e-06	4.51173141e-07	-6
1.400596004e-06	4.338526329e-07	-6
1.390596004e-06	4.165321248e-07	-6
1.380596004e-06	3.992116168e-07	-6
1.370596004e-06	3.818911087e-07	-6
1.360596004e-06	3.645706006e-07	-6
1.350596004e-06	3.472500925e-07	-6
1.340596004e-06	3.299295844e-07	-6
1.330596004e-06	3.126090764e-07	-6
1.320596004e-06	2.952885683e-07	-6
1.310596004e-06	2.779680602e-07	-6
1.300596004e-06	2.606475521e-07	-6
1.290596004e-06	2.433270441e-07	-6
1.280596004e-06	2.26006536e-07	-6
1.270596004e-06	2.086860279e-07	-6
1.260596004e-06	1.913655198e-07	-6
1.250596004e-06	1.740450118e-07	-6
1.240596004e-06	1.567245037e-07	-6
1.230596004e-06	1.394039956e-07	-6
1.220596004e-06	1.220834875e-07	-6
1.210596004e-06	1.047629795e-07	-6
1.200596004e-06	8.744247139e-08	-6
1.190596004e-06	7.012196331e-08	-6
1.180596004e-06	5.280145524e-08	-6
1.170596004e-06	3.548094716e-08	-6
1.170596004e-06	3.548094716e-08	0
1.16193575e-06	4.048094716e-08	0
1.153275496e-06	4.548094716e-08	0
1.153275496e-06	4.548094716e-08	-6
1.153275496e-06	4.548094716e-08	-6
1.153275496e-06	4.548094716e-08	-6
1.153275496e-06	4.548094716e-08	-6
1.153275496e-06	4.548094716e-08	-6
1.153275496e-06	4.548094716e-08	-6
1.153275496e-06	4.548094716e-08	-6
1.153275496e-06	4.548094716e-08	-6
1.153275496e-06	4.548094716e-08	-6
1.153275496e-06	4.548094716e-08	-6
1.153275496e-06	4.548094716e-08	-6
1.163275496e-06	6.280145524e-08	-6
1.173275496e-06	8.012196331e-08	-6
1.183275496e-06	9.744247139e-08	-6
1.193275496e-06	1.147629795e-07	-6
1.203275496e-06	1.320834875e-07	-6
1.213275496e-06	1.494039956e-07	-6
1.223275496e-06	1.667245037e-07	-6
1.233275496e-06	1.840450118e-07	-6
1.243275496e-06	2.013655198e-07	-6
1.253275496e-06	2.186860279e-07	-6
1.263275496e-06	2.36006536e-07	-6
1.273275496e-06	2.533270441e-07	-6
1.283275496e-06	2.706475521e-07	-6
1.293275496e-06	2.879680602e-07	-6
1.303275496e-06	3.052885683e-07	-6
1.313275496e-06	3.226090764e-07	-6
1.323275496e-06	3.399295844e-07	-6
1.333275496e-06	3.572500925e-07	-6
1.343275496e-06	3.745706006e-07	-6
1.353275496e-06	3.918911087e-07	-6
1.363275496e-06	4.092116168e-07	-6
1.373275496e-06	4.265321248e-07	-6
1.383275496e-06	4.438526329e-07	-6
1.393275496e-06	4.61173141e-07	-6
1.403275496e-06	4.784936491e-07	-6
1.413275496e-06	4.958141571e-07	-6
1.423275496e-06	5.131346652e-07	-6
1.433275496e-06	5.304551733e-07	-6
1.443275496e-06	5.477756814e-07	-6
1.453275496e-06	5.650961894e-07	-6
1.463275496e-06	5.824166975e-07	-6
1.473275496e-06	5.997372056e-07	-6
1.483275496e-06	6.170577137e-07	-6
1.493275496e-06	6.343782217e-07	-6
1.503275496e-06	6.516987298e-07	-6
1.513275496e-06	6.690192379e-07	-6
1.523275496e-06	6.86339746e-07	-6
1.533275496e-06	7.03660254e-07	-6
1.543275496e-06	7.209807621e-07	-6
1.553275496e-06	7.383012702e-07	-6
1.563275496e-06	7.556217783e-07	-6
1.573275496e-06	7.729422863e-07	-6
1.583275496e-06	7.902627944e-07	-6
1.593275496e-06	8.075833025e-07	-6
1.603275496e-06	8.249038106e-07	-6
1.613275496e-06	8.422243186e-07	-6
1.623275496e-06	8.595448267e-07	-6
1.633275496e-06	8.768653348e-07	-6
1.643275496e-06	8.941858429e-07	-6
1.653275496e-06	9.115063509e-07	-6
1.663275496e-06	9.28826859e-07	-6
1.673275496e-06	9.461473671e-07	-6
1.683275496e-06	9.634678752e-07	-6
1.693275496e-06	9.807883832e-07	-6
1.703275496e-06	9.981088913e-07	-6
1.713275496e-06	1.015429399e-06	-6
1.723275496e-06	1.032749907e-06	-6
1.733275496e-06	1.050070416e-06	-6
1.743275496e-06	1.067390924e-06	-6
1.753275496e-06	1.084711432e-06	-6
1.763275496e-06	1.10203194e-06	-6
1.773275496e-06	1.119352448e-06	-6
1.783275496e-06	1.136672956e-06	-6
1.793275496e-06	1.153993464e-06	-6
1.803275496e-06	1.171313972e-06	-6
1.813275496e-06	1.18863448e-06	-6
1.823275496e-06	1.205954988e-06	-6
1.833275496e-06	1.223275496e-06	-6
1.843275496e-06	1.240596004e-06	-6
1.853275496e-06	1.257916512e-06	-6
1.863275496e-06	1.275237021e-06	-6
1.873275496e-06	1.292557529e-06	-6
1.883275496e-06	1.309878037e-06	-6
1.893275496e-06	1.327198545e-06	-6
1.903275496e-06	1.344519053e-06	-6
1.903275496e-06	1.344519053e-06	6
1.903275496e-06	1.344519053e-06	6
1.903275496e-06	1.344519053e-06	6
1.903275496e-06	1.344519053e-06	6
1.903275496e-06	1.344519053e-06	6
1.903275496e-06	1.344519053e-06	6
1.903275496e-06	1.344519053e-06	6
1.903275496e-06	1.344519053e-06	6
1.903275496e-06	1.344519053e-06	6
1.903275496e-06	1.344519053e-06	6
1.903275496e-06	1.344519053e-06	6
1.893275496e-06	1.327198545e-06	6
1.883275496e-06	1.309878037e-06	6
1.873275496e-06	1.292557529e-06	6
1.863275496e-06	1.275237021e-06	6
1.853275496e-06	1.257916512e-06	6
1.843275496e-06	1.240596004e-06	6
1.833275496e-06	1.223275496e-06	6
1.823275496e-06	1.205954988e-06	6
1.813275496e-06	1.18863448e-06	6
1.803275496e-06	1.171313972e-06	6
1.793275496e-06	1.153993464e-06	6
1.783275496e-06	1.136672956e-06	6
1.773275496e-06	1.119352448e-06	6
1.763275496e-06	1.10203194e-06	6
1.753275496e-06	1.084711432e-06	6
1.743275496e-06	1.067390924e-06	6
1.733275496e-06	1.050070416e-06	6
1.723275496e-06	1.032749907e-06	6
1.713275496e-06	1.015429399e-06	6
1.703275496e-06	9.981088913e-07	6
1.693275496e-06	9.807883832e-07	6
1.683275496e-06	9.634678752e-07	6
1.673275496e-06	9.461473671e-07	6
1.663275496e-06	9.28826859e-07	6
1.653275496e-06	9.115063509e-07	6
1.643275496e-06	8.941858429e-07	6
1.633275496e-06	8.768653348e-07	6
1.623275496e-06	8.595448267e-07	6
1.613275496e-06	8.422243186e-07	6
1.603275496e-06	8.249038106e-07	6
1.593275496e-06	8.075833025e-07	6
1.583275496e-06	7.902627944e-07	6
1.573275496e-06	7.729422863e-07	6
1.563275496e-06	7.556217783e-07	6
1.553275496e-06	7.383012702e-07	6
1.543275496e-06	7.209807621e-07	6
1.533275496e-06	7.03660254e-07	6
1.523275496e-06	6.86339746e-07	6
1.513275496e-06	6.690192379e-07	6
1.503275496e-06	6.516987298e-07	6
1.493275496e-06	6.343782217e-07	6
1.483275496e-06	6.170577137e-07	6
1.473275496e-06	5.997372056e-07	6
1.463275496e-06	5.824166975e-07	6
1.453275496e-06	5.650961894e-07	6
1.443275496e-06	5.477756814e-07	6
1.433275496e-06	5.304551733e-07	6
1.423275496e-06	5.131346652e-07	6
1.413275496e-06	4.958141571e-07	6
1.403275496e-06	4.784936491e-07	6
1.393275496e-06	4.61173141e-07	6
1.383275496e-06	4.438526329e-07	6
1.373275496e-06	4.265321248e-07	6
1.363275496e-06	4.092116168e-07	6
1.353275496e-06	3.918911087e-07	6
1.343275496e-06	3.745706006e-07	6
1.333275496e-06	3.572500925e-07	6
1.323275496e-06	3.399295844e-07	6
1.313275496e-06	3.226090764e-07	6
1.303275496e-06	3.052885683e-07	6
1.293275496e-06	2.879680602e-07	6
1.283275496e-06	2.706475521e-07	6
1.273275496e-06	2.533270441e-07	6
1.263275496e-06	2.36006536e-07	6
1.253275496e-06	2.186860279e-07	6
1.243275496e-06	2.013655198e-07	6
1.233275496e-06	1.840450118e-07	6
1.223275496e-06	1.667245037e-07	6
1.213275496e-06	1.494039956e-07	6
1.203275496e-06	1.320834875e-07	6
1.193275496e-06	1.147629795e-07	6
1.183275496e-06	9.744247139e-08	6
1.173275496e-06	8.012196331e-08	6
1.163275496e-06	6.280145524e-08	6
1.153275496e-06	4.548094716e-08	6
1.153275496e-06	4.548094716e-08	0
1.144615242e-06	5.048094716e-08	0
1.135954988e-06	5.548094716e-08	0
1.135954988e-06	5.548094716e-08	6
1.135954988e-06	5.548094716e-08	6
1.135954988e-06	5.548094716e-08	6
1.135954988e-06	5.548094716e-08	6
1.135954988e-06	5.548094716e-08	6
1.135954988e-06	5.548094716e-08	6
1.135954988e-06	5.548094716e-08	6
1.135954988e-06	5.548094716e-08	6
1.135954988e-06	5.548094716e-08	6
1.135954988e-06	5.548094716e-08	6
1.135954988e-06	5.548094716e-08	6
1.145954988e-06	7.280145524e-08	6
1.155954988e-06	9.012196331e-08	6
1.165954988e-06	1.074424714e-07	6
1.175954988e-06	1.247629795e-07	6
1.185954988e-06	1.420834875e-07	6
1.195954988e-06	1.594039956e-07	6
1.205954988e-06	1.767245037e-07	6
1.215954988e-06	1.940450118e-07	6
1.225954988e-06	2.113655198e-07	6
1.235954988e-06	2.286860279e-07	6
1.245954988e-06	2.46006536e-07	6
1.255954988e-06	2.633270441e-07	6
1.265954988e-06	2.806475521e-07	6
1.275954988e-06	2.979680602e-07	6
1.285954988e-06	3.152885683e-07	6
1.295954988e-06	3.326090764e-07	6
1.305954988e-06	3.499295844e-07	6
1.315954988e-06	3.672500925e-07	6
1.325954988e-06	3.845706006e-07	6
1.335954988e-06	4.018911087e-07	6
1.345954988e-06	4.192116168e-07	6
1.355954988e-06	4.365321248e-07	6
1.365954988e-06	4.538526329e-07	6
1.375954988e-06	4.71173141e-07	6
1.385954988e-06	4.884936491e-07	6
1.395954988e-06	5.058141571e-07	6
1.405954988e-06	5.231346652e-07	6
1.415954988e-06	5.404551733e-07	6
1.425954988e-06	5.577756814e-07	6
1.435954988e-06	5.750961894e-07	6
1.445954988e-06	5.924166975e-07	6
1.455954988e-06	6.097372056e-07	6
1.465954988e-06	6.270577137e-07	6
1.475954988e-06	6.443782217e-07	6
1.485954988e-06	6.616987298e-07	6
1.495954988e-06	6.790192379e-07	6
1.505954988e-06	6.96339746e-07	6
1.515954988e-06	7.13660254e-07	6
1.525954988e-06	7.309807621e-07	6
1.535954988e-06	7.483012702e-07	6
1.545954988e-06	7.656217783e-07	6
1.555954988e-06	7.829422863e-07	6
1.565954988e-06	8.002627944e-07	6
1.575954988e-06	8.175833025e-07	6
1.585954988e-06	8.349038106e-07	6
1.595954988e-06	8.522243186e-07	6
1.605954988e-06	8.695448267e-07	6
1.615954988e-06	8.868653348e-07	6
1.625954988e-06	9.041858429e-07	6
1.635954988e-06	9.215063509e-07	6
1.645954988e-06	9.38826859e-07	6
1.655954988e-06	9.561473671e-07	6
1.665954988e-06	9.734678752e-07	6
1.675954988e-06	9.907883832e-07	6
1.685954988e-06	1.008108891e-06	6
1.695954988e-06	1.025429399e-06	6
1.705954988e-06	1.042749907e-06	6
1.715954988e-06	1.060070416e-06	6
1.725954988e-06	1.077390924e-06	6
1.735954988e-06	1.094711432e-06	6
1.745954988e-06	1.11203194e-06	6
1.755954988e-06	1.129352448e-06	6
1.765954988e-06	1.146672956e-06	6
1.775954988e-06	1.163993464e-06	6
1.785954988e-06	1.181313972e-06	6
1.795954988e-06	1.19863448e-06	6
1.805954988e-06	1.215954988e-06	6
1.815954988e-06	1.233275496e-06	6
1.825954988e-06	1.250596004e-06	6
1.835954988e-06	1.267916512e-06	6
1.845954988e-06	1.285237021e-06	6
1.855954988e-06	1.302557529e-06	6
1.865954988e-06	1.319878037e-06	6
1.875954988e-06	1.337198545e-06	6
1.885954988e-06	1.354519053e-06	6
1.885954988e-06	1.354519053e-06	-6
1.885954988e-06	1.354519053e-06	-6
1.885954988e-06	1.354519053e-06	-6
1.885954988e-06	1.354519053e-06	-6
1.885954988e-06	1.354519053e-06	-6
1.885954988e-06	1.354519053e-06	-6
1.885954988e-06	1.354519053e-06	-6
1.885954988e-06	1.354519053e-06	-6
1.885954988e-06	1.354519053e-06	-6
1.885954988e-06	1.354519053e-06	-6
1.885954988e-06	1.354519053e-06	-6
1.875954988e-06	1.337198545e-06	-6
1.865954988e-06	1.319878037e-06	-6
1.855954988e-06	1.302557529e-06	-6
1.845954988e-06	1.285237021e-06	-6
1.835954988e-06	1.267916512e-06	-6
1.825954988e-06	1.250596004e-06	-6
1.815954988e-06	1.233275496e-06	-6
1.805954988e-06	1.215954988e-06	-6
1.795954988e-06	1.19863448e-06	-6
1.785954988e-06	1.181313972e-06	-6
1.775954988e-06	1.163993464e-06	-6
1.765954988e-06	1.146672956e-06	-6
1.755954988e-06	1.129352448e-06	-6
1.745954988e-06	1.11203194e-06	-6
1.735954988e-06	1.094711432e-06	-6
1.725954988e-06	1.077390924e-06	-6
1.715954988e-06	1.060070416e-06	-6
1.705954988e-06	1.042749907e-06	-6
1.695954988e-06	1.025429399e-06	-6
1.685954988e-06	1.008108891e-06	-6
1.675954988e-06	9.907883832e-07	-6
1.665954988e-06	9.734678752e-07	-6
1.655954988e-06	9.561473671e-07	-6
1.645954988e-06	9.38826859e-07	-6
1.635954988e-06	9.215063509e-07	-6
1.625954988e-06	9.041858429e-07	-6
1.615954988e-06	8.868653348e-07	-6
1.605954988e-06	8.695448267e-07	-6
1.595954988e-06	8.522243186e-07	-6
1.585954988e-06	8.349038106e-07	-6
1.575954988e-06	8.175833025e-07	-6
1.565954988e-06	8.002627944e-07	-6
1.555954988e-06	7.829422863e-07	-6
1.545954988e-06	7.656217783e-07	-6
1.535954988e-06	7.483012702e-07	-6
1.525954988e-06	7.309807621e-07	-6
1.515954988e-06	7.13660254e-07	-6
1.505954988e-06	6.96339746e-07	-6
1.495954988e-06	6.790192379e-07	-6
1.485954988e-06	6.616987298e-07	-6
1.475954988e-06	6.443782217e-07	-6
1.465954988e-06	6.270577137e-07	-6
1.455954988e-06	6.097372056e-07	-6
1.445954988e-06	5.924166975e-07	-6
1.435954988e-06	5.750961894e-07	-6
1.425954988e-06	5.577756814e-07	-6
1.415954988e-06	5.404551733e-07	-6
1.405954988e-06	5.231346652e-07	-6
1.395954988e-06	5.058141571e-07	-6
1.385954988e-06	4.884936491e-07	-6
1.375954988e-06	4.71173141e-07	-6
1.365954988e-06	4.538526329e-07	-6
1.355954988e-06	4.365321248e-07	-6
1.345954988e-06	4.192116168e-07	-6
1.335954988e-06	4.018911087e-07	-6
1.325954988e-06	3.845706006e-07	-6
1.315954988e-06	3.672500925e-07	-6
1.305954988e-06	3.499295844e-07	-6
1.295954988e-06	3.326090764e-07	-6
1.285954988e-06	3.152885683e-07	-6
1.275954988e-06	2.979680602e-07	-6
1.265954988e-06	2.806475521e-07	-6
1.255954988e-06	2.633270441e-07	-6
1.245954988e-06	2.46006536e-07	-6
1.235954988e-06	2.286860279e-07	-6
1.225954988e-06	2.113655198e-07	-6
1.215954988e-06	1.940450118e-07	-6
1.205954988e-06	1.767245037e-07	-6
1.195954988e-06	1.594039956e-07	-6
1.185954988e-06	1.420834875e-07	-6
1.175954988e-06	1.247629795e-07	-6
1.165954988e-06	1.074424714e-07	-6
1.155954988e-06	9.012196331e-08	-6
1.145954988e-06	7.280145524e-08	-6
1.135954988e-06	5.548094716e-08	-6
1.135954988e-06	5.548094716e-08	0
1.11863448e-06	6.548094716e-08	0
1.11863448e-06	6.548094716e-08	-6
1.11863448e-06	6.548094716e-08	-6
1.11863448e-06	6.548094716e-08	-6
1.11863448e-06	6.548094716e-08	-6
1.11863448e-06	6.548094716e-08	-6
1.11863448e-06	6.548094716e-08	-6
1.11863448e-06	6.548094716e-08	-6
1.11863448e-06	6.548094716e-08	-6
1.11863448e-06	6.548094716e-08	-6
1.11863448e-06	6.548094716e-08	-6
1.11863448e-06	6.548094716e-08	-6
1.128502901e-06	8.257355382e-08	-6
1.138371322e-06	9.966616047e-08	-6
1.148239743e-06	1.167587671e-07	-6
1.158108164e-06	1.338513738e-07	-6
1.167976585e-06	1.509439804e-07	-6
1.177845006e-06	1.680365871e-07	-6
1.187713428e-06	1.851291937e-07	-6
1.197581849e-06	2.022218004e-07	-6
1.20745027e-06	2.19314407e-07	-6
1.217318691e-06	2.364070137e-07	-6
1.227187112e-06	2.534996204e-07	-6
1.237055533e-06	2.70592227e-07	-6
1.246923954e-06	2.876848337e-07	-6
1.256792375e-06	3.047774403e-07	-6
1.266660796e-06	3.21870047e-07	-6
1.276529217e-06	3.389626536e-07	-6
1.286397638e-06	3.560552603e-07	-6
1.296266059e-06	3.731478669e-07	-6
1.30613448e-06	3.902404736e-07	-6
1.316002901e-06	4.073330802e-07	-6
1.325871322e-06	4.244256869e-07	-6
1.335739743e-06	4.415182935e-07	-6
1.345608164e-06	4.586109002e-07	-6
1.355476585e-06	4.757035068e-07	-6
1.365345006e-06	4.927961135e-07	-6
1.375213428e-06	5.098887202e-07	-6
1.385081849e-06	5.269813268e-07	-6
1.39495027e-06	5.440739335e-07	-6
1.404818691e-06	5.611665401e-07	-6
1.414687112e-06	5.782591468e-07	-6
1.424555533e-06	5.953517534e-07	-6
1.434423954e-06	6.124443601e-07	-6
1.444292375e-06	6.295369667e-07	-6
1.454160796e-06	6.466295734e-07	-6
1.464029217e-06	6.6372218e-07	-6
1.473897638e-06	6.808147867e-07	-6
1.483766059e-06	6.979073933e-07	-6
1.49363448e-06	7.15e-07	-6
1.503502901e-06	7.320926067e-07	-6
1.513371322e-06	7.491852133e-07	-6
1.523239743e-06	7.6627782e-07	-6
1.533108164e-06	7.833704266e-07	-6
1.542976585e-06	8.004630333e-07	-6
1.552845006e-06	8.175556399e-07	-6
1.562713428e-06	8.346482466e-07	-6
1.572581849e-06	8.517408532e-07	-6
1.58245027e-06	8.688334599e-07	-6
1.592318691e-06	8.859260665e-07	-6
1.602187112e-06	9.030186732e-07	-6
1.612055533e-06	9.201112798e-07	-6
1.621923954e-06	9.372038865e-07	-6
1.631792375e-06	9.542964932e-07	-6
1.641660796e-06	9.713890998e-07	-6
1.651529217e-06	9.884817065e-07	-6
1.661397638e-06	1.005574313e-06	-6
1.671266059e-06	1.02266692e-06	-6
1.68113448e-06	1.039759526e-06	-6
1.691002901e-06	1.056852133e-06	-6
1.700871322e-06	1.07394474e-06	-6
1.710739743e-06	1.091037346e-06	-6
1.720608164e-06	1.108129953e-06	-6
1.730476585e-06	1.12522256e-06	-6
1.740345006e-06	1.142315166e-06	-6
1.750213428e-06	1.159407773e-06	-6
1.760081849e-06	1.17650038e-06	-6
1.76995027e-06	1.193592986e-06	-6
1.779818691e-06	1.210685593e-06	-6
1.789687112e-06	1.2277782e-06	-6
1.799555533e-06	1.244870806e-06	-6
1.809423954e-06	1.261963413e-06	-6
1.819292375e-06	1.27905602e-06	-6
1.829160796e-06	1.296148626e-06	-6
1.839029217e-06	1.313241233e-06	-6
1.848897638e-06	1.33033384e-06	-6
1.858766059e-06	1.347426446e-06	-6
1.86863448e-06	1.364519053e-06	-6
1.86863448e-06	1.364519053e-06	6
1.86863448e-06	1.364519053e-06	6
1.86863448e-06	1.364519053e-06	6
1.86863448e-06	1.364519053e-06	6
1.86863448e-06	1.364519053e-06	6
1.86863448e-06	1.364519053e-06	6
1.86863448e-06	1.364519053e-06	6
1.86863448e-06	1.364519053e-06	6
1.86863448e-06	1.364519053e-06	6
1.86863448e-06	1.364519053e-06	6
1.86863448e-06	1.364519053e-06	6
1.858766059e-06	1.347426446e-06	6
1.848897638e-06	1.33033384e-06	6
1.839029217e-06	1.313241233e-06	6
1.829160796e-06	1.296148626e-06	6
1.819292375e-06	1.27905602e-06	6
1.809423954e-06	1.261963413e-06	6
1.799555533e-06	1.244870806e-06	6
1.789687112e-06	1.2277782e-06	6
1.779818691e-06	1.210685593e-06	6
1.76995027e-06	1.193592986e-06	6
1.760081849e-06	1.17650038e-06	6
1.750213428e-06	1.159407773e-06	6
1.740345006e-06	1.142315166e-06	6
1.730476585e-06	1.12522256e-06	6
1.720608164e-06	1.108129953e-06	6
1.710739743e-06	1.091037346e-06	6
1.700871322e-06	1.07394474e-06	6
1.691002901e-06	1.056852133e-06	6
1.68113448e-06	1.039759526e-06	6
1.671266059e-06	1.02266692e-06	6
1.661397638e-06	1.005574313e-06	6
1.651529217e-06	9.884817065e-07	6
1.641660796e-06	9.713890998e-07	6
1.631792375e-06	9.542964932e-07	6
1.621923954e-06	9.372038865e-07	6
1.612055533e-06	9.201112798e-07	6
1.602187112e-06	9.030186732e-07	6
1.592318691e-06	8.859260665e-07	6
1.58245027e-06	8.688334599e-07	6
1.572581849e-06	8.517408532e-07	6
1.562713428e-06	8.346482466e-07	6
1.552845006e-06	8.175556399e-07	6
1.542976585e-06	8.004630333e-07	6
1.533108164e-06	7.833704266e-07	6
1.523239743e-06	7.6627782e-07	6
1.513371322e-06	7.491852133e-07	6
1.503502901e-06	7.320926067e-07	6
1.49363448e-06	7.15e-07	6
1.483766059e-06	6.979073933e-07	6
1.473897638e-06	6.808147867e-07	6
1.464029217e-06	6.6372218e-07	6
1.454160796e-06	6.466295734e-07	6
1.444292375e-06	6.295369667e-07	6
1.434423954e-06	6.124443601e-07	6
1.424555533e-06	5.953517534e-07	6
1.414687112e-06	5.782591468e-07	6
1.404818691e-06	5.611665401e-07	6
1.39495027e-06	5.440739335e-07	6
1.385081849e-06	5.269813268e-07	6
1.375213428e-06	5.098887202e-07	6
1.365345006e-06	4.927961135e-07	6
1.355476585e-06	4.757035068e-07	6
1.345608164e-06	4.586109002e-07	6
1.335739743e-06	4.415182935e-07	6
1.325871322e-06	4.244256869e-07	6
1.316002901e-06	4.073330802e-07	6
1.30613448e-06	3.902404736e-07	6
1.296266059e-06	3.731478669e-07	6
1.286397638e-06	3.560552603e-07	6
1.276529217e-06	3.389626536e-07	6
1.266660796e-06	3.21870047e-07	6
1.256792375e-06	3.047774403e-07	6
1.246923954e-06	2.876848337e-07	6
1.237055533e-06	2.70592227e-07	6
1.227187112e-06	2.534996204e-07	6
1.217318691e-06	2.364070137e-07	6
1.20745027e-06	2.19314407e-07	6
1.197581849e-06	2.022218004e-07	6
1.187713428e-06	1.851291937e-07	6
1.177845006e-06	1.680365871e-07	6
1.167976585e-06	1.509439804e-07	6
1.158108164e-06	1.338513738e-07	6
1.148239743e-06	1.167587671e-07	6
1.138371322e-06	9.966616047e-08	6
1.128502901e-06	8.257355382e-08	6
1.11863448e-06	6.548094716e-08	6
1.11863448e-06	6.548094716e-08	0
1.109974226e-06	7.048094716e-08	0
1.101313972e-06	7.548094716e-08	0
1.101313972e-06	7.548094716e-08	6
1.101313972e-06	7.548094716e-08	6
1.101313972e-06	7.548094716e-08	6
1.101313972e-06	7.548094716e-08	6
1.101313972e-06	7.548094716e-08	6
1.101313972e-06	7.548094716e-08	6
1.101313972e-06	7.548094716e-08	6
1.101313972e-06	7.548094716e-08	6
1.101313972e-06	7.548094716e-08	6
1.101313972e-06	7.548094716e-08	6
1.101313972e-06	7.548094716e-08	6
1.111182393e-06	9.257355382e-08	6
1.121050814e-06	1.096661605e-07	6
1.130919235e-06	1.267587671e-07	6
1.140787656e-06	1.438513738e-07	6
1.150656077e-06	1.609439804e-07	6
1.160524498e-06	1.780365871e-07	6
1.170392919e-06	1.951291937e-07	6
1.180261341e-06	2.122218004e-07	6
1.190129762e-06	2.29314407e-07	6
1.199998183e-06	2.464070137e-07	6
1.209866604e-06	2.634996204e-07	6
1.219735025e-06	2.80592227e-07	6
1.229603446e-06	2.976848337e-07	6
1.239471867e-06	3.147774403e-07	6
1.249340288e-06	3.31870047e-07	6
1.259208709e-06	3.489626536e-07	6
1.26907713e-06	3.660552603e-07	6
1.278945551e-06	3.831478669e-07	6
1.288813972e-06	4.002404736e-07	6
1.298682393e-06	4.173330802e-07	6
1.308550814e-06	4.344256869e-07	6
1.318419235e-06	4.515182935e-07	6
1.328287656e-06	4.686109002e-07	6
1.338156077e-06	4.857035068e-07	6
1.348024498e-06	5.027961135e-07	6
1.357892919e-06	5.198887202e-07	6
1.367761341e-06	5.369813268e-07	6
1.377629762e-06	5.540739335e-07	6
1.387498183e-06	5.711665401e-07	6
1.397366604e-06	5.882591468e-07	6
1.407235025e-06	6.053517534e-07	6
1.417103446e-06	6.224443601e-07	6
1.426971867e-06	6.395369667e-07	6
1.436840288e-06	6.566295734e-07	6
1.446708709e-06	6.7372218e-07	6
1.45657713e-06	6.908147867e-07	6
1.466445551e-06	7.079073933e-07	6
1.476313972e-06	7.25e-07	6
1.486182393e-06	7.420926067e-07	6
1.496050814e-06	7.591852133e-07	6
1.505919235e-06	7.7627782e-07	6
1.515787656e-06	7.933704266e-07	6
1.525656077e-06	8.104630333e-07	6
1.535524498e-06	8.275556399e-07	6
1.545392919e-06	8.446482466e-07	6
1.555261341e-06	8.617408532e-07	6
1.565129762e-06	8.788334599e-07	6
1.574998183e-06	8.959260665e-07	6
1.584866604e-06	9.130186732e-07	6
1.594735025e-06	9.301112798e-07	6
1.604603446e-06	9.472038865e-07	6
1.614471867e-06	9.642964932e-07	6
1.624340288e-06	9.813890998e-07	6
1.634208709e-06	9.984817065e-07	6
1.64407713e-06	1.015574313e-06	6
1.653945551e-06	1.03266692e-06	6
1.663813972e-06	1.049759526e-06	6
1.673682393e-06	1.066852133e-06	6
1.683550814e-06	1.08394474e-06	6
1.693419235e-06	1.101037346e-06	6
1.703287656e-06	1.118129953e-06	6
1.713156077e-06	1.13522256e-06	6
1.723024498e-06	1.152315166e-06	6
1.732892919e-06	1.169407773e-06	6
1.742761341e-06	1.18650038e-06	6
1.752629762e-06	1.203592986e-06	6
1.762498183e-06	1.220685593e-06	6
1.772366604e-06	1.2377782e-06	6
1.782235025e-06	1.254870806e-06	6
1.792103446e-06	1.271963413e-06	6
1.801971867e-06	1.28905602e-06	6
1.811840288e-06	1.306148626e-06	6
1.821708709e-06	1.323241233e-06	6
1.83157713e-06	1.34033384e-06	6
1.841445551e-06	1.357426446e-06	6
1.851313972e-06	1.374519053e-06	6
1.851313972e-06	1.374519053e-06	-6
1.851313972e-06	1.374519053e-06	-6
1.851313972e-06	1.374519053e-06	-6
1.851313972e-06	1.374519053e-06	-6
1.851313972e-06	1.374519053e-06	-6
1.851313972e-06	1.374519053e-06	-6
1.851313972e-06	1.374519053e-06	-6
1.851313972e-06	1.374519053e-06	-6
1.851313972e-06	1.374519053e-06	-6
1.851313972e-06	1.374519053e-06	-6
1.851313972e-06	1.374519053e-06	-6
1.841445551e-06	1.357426446e-06	-6
1.83157713e-06	1.34033384e-06	-6
1.821708709e-06	1.323241233e-06	-6
1.811840288e-06	1.306148626e-06	-6
1.801971867e-06	1.28905602e-06	-6
1.792103446e-06	1.271963413e-06	-6
1.782235025e-06	1.254870806e-06	-6
1.772366604e-06	1.2377782e-06	-6
1.762498183e-06	1.220685593e-06	-6
1.752629762e-06	1.203592986e-06	-6
1.742761341e-06	1.18650038e-06	-6
1.732892919e-06	1.169407773e-06	-6
1.723024498e-06	1.152315166e-06	-6
1.713156077e-06	1.13522256e-06	-6
1.703287656e-06	1.118129953e-06	-6
1.693419235e-06	1.101037346e-06	-6
1.683550814e-06	1.08394474e-06	-6
1.673682393e-06	1.066852133e-06	-6
1.663813972e-06	1.049759526e-06	-6
1.653945551e-06	1.03266692e-06	-6
1.64407713e-06	1.015574313e-06	-6
1.634208709e-06	9.984817065e-07	-6
1.624340288e-06	9.813890998e-07	-6
1.614471867e-06	9.642964932e-07	-6
1.604603446e-06	9.472038865e-07	-6
1.594735025e-06	9.301112798e-07	-6
1.584866604e-06	9.130186732e-07	-6
1.574998183e-06	8.959260665e-07	-6
1.565129762e-06	8.788334599e-07	-6
1.555261341e-06	8.617408532e-07	-6
1.545392919e-06	8.446482466e-07	-6
1.535524498e-06	8.275556399e-07	-6
1.525656077e-06	8.104630333e-07	-6
1.515787656e-06	7.933704266e-07	-6
1.505919235e-06	7.7627782e-07	-6
1.496050814e-06	7.591852133e-07	-6
1.486182393e-06	7.420926067e-07	-6
1.476313972e-06	7.25e-07	-6
1.466445551e-06	7.079073933e-07	-6
1.45657713e-06	6.908147867e-07	-6
1.446708709e-06	6.7372218e-07	-6
1.436840288e-06	6.566295734e-07	-6
1.426971867e-06	6.395369667e-07	-6
1.417103446e-06	6.224443601e-07	-6
1.407235025e-06	6.053517534e-07	-6
1.397366604e-06	5.882591468e-07	-6
1.387498183e-06	5.711665401e-07	-6
1.377629762e-06	5.540739335e-07	-6
1.367761341e-06	5.369813268e-07	-6
1.357892919e-06	5.198887202e-07	-6
1.348024498e-06	5.027961135e-07	-6
1.338156077e-06	4.857035068e-07	-6
1.328287656e-06	4.686109002e-07	-6
1.318419235e-06	4.515182935e-07	-6
1.308550814e-06	4.344256869e-07	-6
1.298682393e-06	4.173330802e-07	-6
1.288813972e-06	4.002404736e-07	-6
1.278945551e-06	3.831478669e-07	-6
1.26907713e-06	3.660552603e-07	-6
1.259208709e-06	3.489626536e-07	-6
1.249340288e-06	3.31870047e-07	-6
1.239471867e-06	3.147774403e-07	-6
1.229603446e-06	2.976848337e-07	-6
1.219735025e-06	2.80592227e-07	-6
1.209866604e-06	2.634996204e-07	-6
1.199998183e-06	2.464070137e-07	-6
1.190129762e-06	2.29314407e-07	-6
1.180261341e-06	2.122218004e-07	-6
1.170392919e-06	1.951291937e-07	-6
1.160524498e-06	1.780365871e-07	-6
1.150656077e-06	1.609439804e-07	-6
1.140787656e-06	1.438513738e-07	-6
1.130919235e-06	1.267587671e-07	-6
1.121050814e-06	1.096661605e-07	-6
1.111182393e-06	9.257355382e-08	-6
1.101313972e-06	7.548094716e-08	-6
1.101313972e-06	7.548094716e-08	0
1.083993464e-06	8.548094716e-08	0
1.083993464e-06	8.548094716e-08	-6
1.083993464e-06	8.548094716e-08	-6
1.083993464e-06	8.548094716e-08	-6
1.083993464e-06	8.548094716e-08	-6
1.083993464e-06	8.548094716e-08	-6
1.083993464e-06	8.548094716e-08	-6
1.083993464e-06	8.548094716e-08	-6
1.083993464e-06	8.548094716e-08	-6
1.083993464e-06	8.548094716e-08	-6
1.083993464e-06	8.548094716e-08	-6
1.083993464e-06	8.548094716e-08	-6
1.093993464e-06	1.028014552e-07	-6
1.103993464e-06	1.201219633e-07	-6
1.113993464e-06	1.374424714e-07	-6
1.123993464e-06	1.547629795e-07	-6
1.133993464e-06	1.720834875e-07	-6
1.143993464e-06	1.894039956e-07	-6
1.153993464e-06	2.067245037e-07	-6
1.163993464e-06	2.240450118e-07	-6
1.173993464e-06	2.413655198e-07	-6
1.183993464e-06	2.586860279e-07	-6
1.193993464e-06	2.76006536e-07	-6
1.203993464e-06	2.933270441e-07	-6
1.213993464e-06	3.106475521e-07	-6
1.223993464e-06	3.279680602e-07	-6
1.233993464e-06	3.452885683e-07	-6
1.243993464e-06	3.626090764e-07	-6
1.253993464e-06	3.799295844e-07	-6
1.263993464e-06	3.972500925e-07	-6
1.273993464e-06	4.145706006e-07	-6
1.283993464e-06	4.318911087e-07	-6
1.293993464e-06	4.492116168e-07	-6
1.303993464e-06	4.665321248e-07	-6
1.313993464e-06	4.838526329e-07	-6
1.323993464e-06	5.01173141e-07	-6
1.333993464e-06	5.184936491e-07	-6
1.343993464e-06	5.358141571e-07	-6
1.353993464e-06	5.531346652e-07	-6
1.363993464e-06	5.704551733e-07	-6
1.373993464e-06	5.877756814e-07	-6
1.383993464e-06	6.050961894e-07	-6
1.393993464e-06	6.224166975e-07	-6
1.403993464e-06	6.397372056e-07	-6
1.413993464e-06	6.570577137e-07	-6
1.423993464e-06	6.743782217e-07	-6
1.433993464e-06	6.916987298e-07	-6
1.443993464e-06	7.090192379e-07	-6
1.453993464e-06	7.26339746e-07	-6
1.463993464e-06	7.43660254e-07	-6
1.473993464e-06	7.609807621e-07	-6
1.483993464e-06	7.783012702e-07	-6
1.493993464e-06	7.956217783e-07	-6
1.503993464e-06	8.129422863e-07	-6
1.513993464e-06	8.302627944e-07	-6
1.523993464e-06	8.475833025e-07	-6
1.533993464e-06	8.649038106e-07	-6
1.543993464e-06	8.822243186e-07	-6
1.553993464e-06	8.995448267e-07	-6
1.563993464e-06	9.168653348e-07	-6
1.573993464e-06	9.341858429e-07	-6
1.583993464e-06	9.515063509e-07	-6
1.593993464e-06	9.68826859e-07	-6
1.603993464e-06	9.861473671e-07	-6
1.613993464e-06	1.003467875e-06	-6
1.623993464e-06	1.020788383e-06	-6
1.633993464e-06	1.038108891e-06	-6
1.643993464e-06	1.055429399e-06	-6
1.653993464e-06	1.072749907e-06	-6
1.663993464e-06	1.090070416e-06	-6
1.673993464e-06	1.107390924e-06	-6
1.683993464e-06	1.124711432e-06	-6
1.693993464e-06	1.14203194e-06	-6
1.703993464e-06	1.159352448e-06	-6
1.713993464e-06	1.176672956e-06	-6
1.723993464e-06	1.193993464e-06	-6
1.733993464e-06	1.211313972e-06	-6
1.743993464e-06	1.22863448e-06	-6
1.753993464e-06	1.245954988e-06	-6
1.763993464e-06	1.263275496e-06	-6
1.773993464e-06	1.280596004e-06	-6
1.783993464e-06	1.297916512e-06	-6
1.793993464e-06	1.315237021e-06	-6
1.803993464e-06	1.332557529e-06	-6
1.813993464e-06	1.349878037e-06	-6
1.823993464e-06	1.367198545e-06	-6
1.833993464e-06	1.384519053e-06	-6
1.833993464e-06	1.384519053e-06	6
1.833993464e-06	1.384519053e-06	6
1.833993464e-06	1.384519053e-06	6
1.833993464e-06	1.384519053e-06	6
1.833993464e-06	1.384519053e-06	6
1.833993464e-06	1.384519053e-06	6
1.833993464e-06	1.384519053e-06	6
1.833993464e-06	1.384519053e-06	6
1.833993464e-06	1.384519053e-06	6
1.833993464e-06	1.384519053e-06	6
1.833993464e-06	1.384519053e-06	6
1.823993464e-06	1.367198545e-06	6
1.813993464e-06	1.349878037e-06	6
1.803993464e-06	1.332557529e-06	6
1.793993464e-06	1.315237021e-06	6
1.783993464e-06	1.297916512e-06	6
1.773993464e-06	1.280596004e-06	6
1.763993464e-06	1.263275496e-06	6
1.753993464e-06	1.245954988e-06	6
1.743993464e-06	1.22863448e-06	6
1.733993464e-06	1.211313972e-06	6
1.723993464e-06	1.193993464e-06	6
1.713993464e-06	1.176672956e-06	6
1.703993464e-06	1.159352448e-06	6
1.693993464e-06	1.14203194e-06	6
1.683993464e-06	1.124711432e-06	6
1.673993464e-06	1.107390924e-06	6
1.663993464e-06	1.090070416e-06	6
1.653993464e-06	1.072749907e-06	6
1.643993464e-06	1.055429399e-06	6
1.633993464e-06	1.038108891e-06	6
1.623993464e-06	1.020788383e-06	6
1.613993464e-06	1.003467875e-06	6
1.603993464e-06	9.861473671e-07	6
1.593993464e-06	9.68826859e-07	6
1.583993464e-06	9.515063509e-07	6
1.573993464e-06	9.341858429e-07	6
1.563993464e-06	9.168653348e-07	6
1.553993464e-06	8.995448267e-07	6
1.543993464e-06	8.822243186e-07	6
1.533993464e-06	8.649038106e-07	6
1.523993464e-06	8.475833025e-07	6
1.513993464e-06	8.302627944e-07	6
1.503993464e-06	8.129422863e-07	6
1.493993464e-06	7.956217783e-07	6
1.483993464e-06	7.783012702e-07	6
1.473993464e-06	7.609807621e-07	6
1.463993464e-06	7.43660254e-07	6
1.453993464e-06	7.26339746e-07	6
1.443993464e-06	7.090192379e-07	6
1.433993464e-06	6.916987298e-07	6
1.423993464e-06	6.743782217e-07	6
1.413993464e-06	6.570577137e-07	6
1.403993464e-06	6.397372056e-07	6
1.393993464e-06	6.224166975e-07	6
1.383993464e-06	6.050961894e-07	6
1.373993464e-06	5.877756814e-07	6
1.363993464e-06	5.704551733e-07	6
1.353993464e-06	5.531346652e-07	6
1.343993464e-06	5.358141571e-07	6
1.333993464e-06	5.184936491e-07	6
1.323993464e-06	5.01173141e-07	6
1.313993464e-06	4.838526329e-07	6
1.303993464e-06	4.665321248e-07	6
1.293993464e-06	4.492116168e-07	6
1.283993464e-06	4.318911087e-07	6
1.273993464e-06	4.145706006e-07	6
1.263993464e-06	3.972500925e-07	6
1.253993464e-06	3.799295844e-07	6
1.243993464e-06	3.626090764e-07	6
1.233993464e-06	3.452885683e-07	6
1.223993464e-06	3.279680602e-07	6
1.213993464e-06	3.106475521e-07	6
1.203993464e-06	2.933270441e-07	6
1.193993464e-06	2.76006536e-07	6
1.183993464e-06	2.586860279e-07	6
1.173993464e-06	2.413655198e-07	6
1.163993464e-06	2.240450118e-07	6
1.153993464e-06	2.067245037e-07	6
1.143993464e-06	1.894039956e-07	6
1.133993464e-06	1.720834875e-07	6
1.123993464e-06	1.547629795e-07	6
1.113993464e-06	1.374424714e-07	6
1.103993464e-06	1.201219633e-07	6
1.093993464e-06	1.028014552e-07	6
1.083993464e-06	8.548094716e-08	6
1.083993464e-06	8.548094716e-08	0
1.07533321e-06	9.048094716e-08	0
1.066672956e-06	9.548094716e-08	0
1.066672956e-06	9.548094716e-08	6
1.066672956e-06	9.548094716e-08	6
1.066672956e-06	9.548094716e-08	6
1.066672956e-06	9.548094716e-08	6
1.066672956e-06	9.548094716e-08	6
1.066672956e-06	9.548094716e-08	6
1.066672956e-06	9.548094716e-08	6
1.066672956e-06	9.548094716e-08	6
1.066672956e-06	9.548094716e-08	6
1.066672956e-06	9.548094716e-08	6
1.066672956e-06	9.548094716e-08	6
1.076672956e-06	1.128014552e-07	6
1.086672956e-06	1.301219633e-07	6
1.096672956e-06	1.474424714e-07	6
1.106672956e-06	1.647629795e-07	6
1.116672956e-06	1.820834875e-07	6
1.126672956e-06	1.994039956e-07	6
1.136672956e-06	2.167245037e-07	6
1.146672956e-06	2.340450118e-07	6
1.156672956e-06	2.513655198e-07	6
1.166672956e-06	2.686860279e-07	6
1.176672956e-06	2.86006536e-07	6
1.186672956e-06	3.033270441e-07	6
1.196672956e-06	3.206475521e-07	6
1.206672956e-06	3.379680602e-07	6
1.216672956e-06	3.552885683e-07	6
1.226672956e-06	3.726090764e-07	6
1.236672956e-06	3.899295844e-07	6
1.246672956e-06	4.072500925e-07	6
1.256672956e-06	4.245706006e-07	6
1.266672956e-06	4.418911087e-07	6
1.276672956e-06	4.592116168e-07	6
1.286672956e-06	4.765321248e-07	6
1.296672956e-06	4.938526329e-07	6
1.306672956e-06	5.11173141e-07	6
1.316672956e-06	5.284936491e-07	6
1.326672956e-06	5.458141571e-07	6
1.336672956e-06	5.631346652e-07	6
1.346672956e-06	5.804551733e-07	6
1.356672956e-06	5.977756814e-07	6
1.366672956e-06	6.150961894e-07	6
1.376672956e-06	6.324166975e-07	6
1.386672956e-06	6.497372056e-07	6
1.396672956e-06	6.670577137e-07	6
1.406672956e-06	6.843782217e-07	6
1.416672956e-06	7.016987298e-07	6
1.426672956e-06	7.190192379e-07	6
1.436672956e-06	7.36339746e-07	6
1.446672956e-06	7.53660254e-07	6
1.456672956e-06	7.709807621e-07	6
1.466672956e-06	7.883012702e-07	6
1.476672956e-06	8.056217783e-07	6
1.486672956e-06	8.229422863e-07	6
1.496672956e-06	8.402627944e-07	6
1.506672956e-06	8.575833025e-07	6
1.516672956e-06	8.749038106e-07	6
1.526672956e-06	8.922243186e-07	6
1.536672956e-06	9.095448267e-07	6
1.546672956e-06	9.268653348e-07	6
1.556672956e-06	9.441858429e-07	6
1.566672956e-06	9.615063509e-07	6
1.576672956e-06	9.78826859e-07	6
1.586672956e-06	9.961473671e-07	6
1.596672956e-06	1.013467875e-06	6
1.606672956e-06	1.030788383e-06	6
1.616672956e-06	1.048108891e-06	6
1.626672956e-06	1.065429399e-06	6
1.636672956e-06	1.082749907e-06	6
1.646672956e-06	1.100070416e-06	6
1.656672956e-06	1.117390924e-06	6
1.666672956e-06	1.134711432e-06	6
1.676672956e-06	1.15203194e-06	6
1.686672956e-06	1.169352448e-06	6
1.696672956e-06	1.186672956e-06	6
1.706672956e-06	1.203993464e-06	6
1.716672956e-06	1.221313972e-06	6
1.726672956e-06	1.23863448e-06	6
1.736672956e-06	1.255954988e-06	6
1.746672956e-06	1.273275496e-06	6
1.756672956e-06	1.290596004e-06	6
1.766672956e-06	1.307916512e-06	6
1.776672956e-06	1.325237021e-06	6
1.786672956e-06	1.342557529e-06	6
1.796672956e-06	1.359878037e-06	6
1.806672956e-06	1.377198545e-06	6
1.816672956e-06	1.394519053e-06	6
1.816672956e-06	1.394519053e-06	-6
1.816672956e-06	1.394519053e-06	-6
1.816672956e-06	1.394519053e-06	-6
1.816672956e-06	1.394519053e-06	-6
1.816672956e-06	1.394519053e-06	-6
1.816672956e-06	1.394519053e-06	-6
1.816672956e-06	1.394519053e-06	-6
1.816672956e-06	1.394519053e-06	-6
1.816672956e-06	1.394519053e-06	-6
1.816672956e-06	1.394519053e-06	-6
1.816672956e-06	1.394519053e-06	-6
1.806672956e-06	1.377198545e-06	-6
1.796672956e-06	1.359878037e-06	-6
1.786672956e-06	1.342557529e-06	-6
1.776672956e-06	1.325237021e-06	-6
1.766672956e-06	1.307916512e-06	-6
1.756672956e-06	1.290596004e-06	-6
1.746672956e-06	1.273275496e-06	-6
1.736672956e-06	1.255954988e-06	-6
1.726672956e-06	1.23863448e-06	-6
1.716672956e-06	1.221313972e-06	-6
1.706672956e-06	1.203993464e-06	-6
1.696672956e-06	1.186672956e-06	-6
1.686672956e-06	1.169352448e-06	-6
1.676672956e-06	1.15203194e-06	-6
1.666672956e-06	1.134711432e-06	-6
1.656672956e-06	1.117390924e-06	-6
1.646672956e-06	1.100070416e-06	-6
1.636672956e-06	1.082749907e-06	-6
1.626672956e-06	1.065429399e-06	-6
1.616672956e-06	1.048108891e-06	-6
1.606672956e-06	1.030788383e-06	-6
1.596672956e-06	1.013467875e-06	-6
1.586672956e-06	9.961473671e-07	-6
1.576672956e-06	9.78826859e-07	-6
1.566672956e-06	9.615063509e-07	-6
1.556672956e-06	9.441858429e-07	-6
1.546672956e-06	9.268653348e-07	-6
1.536672956e-06	9.095448267e-07	-6
1.526672956e-06	8.922243186e-07	-6
1.516672956e-06	8.749038106e-07	-6
1.506672956e-06	8.575833025e-07	-6
1.496672956e-06	8.402627944e-07	-6
1.486672956e-06	8.229422863e-07	-6
1.476672956e-06	8.056217783e-07	-6
1.466672956e-06	7.883012702e-07	-6
1.456672956e-06	7.709807621e-07	-6
1.446672956e-06	7.53660254e-07	-6
1.436672956e-06	7.36339746e-07	-6
1.426672956e-06	7.190192379e-07	-6
1.416672956e-06	7.016987298e-07	-6
1.406672956e-06	6.843782217e-07	-6
1.396672956e-06	6.670577137e-07	-6
1.386672956e-06	6.497372056e-07	-6
1.376672956e-06	6.324166975e-07	-6
1.366672956e-06	6.150961894e-07	-6
1.356672956e-06	5.977756814e-07	-6
1.346672956e-06	5.804551733e-07	-6
1.336672956e-06	5.631346652e-07	-6
1.326672956e-06	5.458141571e-07	-6
1.316672956e-06	5.284936491e-07	-6
1.306672956e-06	5.11173141e-07	-6
1.296672956e-06	4.938526329e-07	-6
1.286672956e-06	4.765321248e-07	-6
1.276672956e-06	4.592116168e-07	-6
1.266672956e-06	4.418911087e-07	-6
1.256672956e-06	4.245706006e-07	-6
1.246672956e-06	4.072500925e-07	-6
1.236672956e-06	3.899295844e-07	-6
1.226672956e-06	3.726090764e-07	-6
1.216672956e-06	3.552885683e-07	-6
1.206672956e-06	3.379680602e-07	-6
1.196672956e-06	3.206475521e-07	-6
1.186672956e-06	3.033270441e-07	-6
1.176672956e-06	2.86006536e-07	-6
1.166672956e-06	2.686860279e-07	-6
1.156672956e-06	2.513655198e-07	-6
1.146672956e-06	2.340450118e-07	-6
1.136672956e-06	2.167245037e-07	-6
1.126672956e-06	1.994039956e-07	-6
1.116672956e-06	1.820834875e-07	-6
1.106672956e-06	1.647629795e-07	-6
1.096672956e-06	1.474424714e-07	-6
1.086672956e-06	1.301219633e-07	-6
1.076672956e-06	1.128014552e-07	-6
1.066672956e-06	9.548094716e-08	-6
1.066672956e-06	9.548094716e-08	0
1.058012702e-06	1.004809472e-07	0
1.049352448e-06	1.054809472e-07	0
1.049352448e-06	1.054809472e-07	-6
1.049352448e-06	1.054809472e-07	-6
1.049352448e-06	1.054809472e-07	-6
1.049352448e-06	1.054809472e-07	-6
1.049352448e-06	1.054809472e-07	-6
1.049352448e-06	1.054809472e-07	-6
1.049352448e-06	1.054809472e-07	-6
1.049352448e-06	1.054809472e-07	-6
1.049352448e-06	1.054809472e-07	-6
1.049352448e-06	1.054809472e-07	-6
1.049352448e-06	1.054809472e-07	-6
1.059220869e-06	1.225735538e-07	-6
1.06908929e-06	1.396661605e-07	-6
1.078957711e-06	1.567587671e-07	-6
1.088826132e-06	1.738513738e-07	-6
1.098694553e-06	1.909439804e-07	-6
1.108562974e-06	2.080365871e-07	-6
1.118431395e-06	2.251291937e-07	-6
1.128299816e-06	2.422218004e-07	-6
1.138168237e-06	2.59314407e-07	-6
1.148036658e-06	2.764070137e-07	-6
1.157905079e-06	2.934996204e-07	-6
1.1677735e-06	3.10592227e-07	-6
1.177641922e-06	3.276848337e-07	-6
1.187510343e-06	3.447774403e-07	-6
1.197378764e-06	3.61870047e-07	-6
1.207247185e-06	3.789626536e-07	-6
1.217115606e-06	3.960552603e-07	-6
1.226984027e-06	4.131478669e-07	-6
1.236852448e-06	4.302404736e-07	-6
1.246720869e-06	4.473330802e-07	-6
1.25658929e-06	4.644256869e-07	-6
1.266457711e-06	4.815182935e-07	-6
1.276326132e-06	4.986109002e-07	-6
1.286194553e-06	5.157035068e-07	-6
1.296062974e-06	5.327961135e-07	-6
1.305931395e-06	5.498887202e-07	-6
1.315799816e-06	5.669813268e-07	-6
1.325668237e-06	5.840739335e-07	-6
1.335536658e-06	6.011665401e-07	-6
1.345405079e-06	6.182591468e-07	-6
1.3552735e-06	6.353517534e-07	-6
1.365141922e-06	6.524443601e-07	-6
1.375010343e-06	6.695369667e-07	-6
1.384878764e-06	6.866295734e-07	-6
1.394747185e-06	7.0372218e-07	-6
1.404615606e-06	7.208147867e-07	-6
1.414484027e-06	7.379073933e-07	-6
1.424352448e-06	7.55e-07	-6
1.434220869e-06	7.720926067e-07	-6
1.44408929e-06	7.891852133e-07	-6
1.453957711e-06	8.0627782e-07	-6
1.463826132e-06	8.233704266e-07	-6
1.473694553e-06	8.404630333e-07	-6
1.483562974e-06	8.575556399e-07	-6
1.493431395e-06	8.746482466e-07	-6
1.503299816e-06	8.917408532e-07	-6
1.513168237e-06	9.088334599e-07	-6
1.523036658e-06	9.259260665e-07	-6
1.532905079e-06	9.430186732e-07	-6
1.5427735e-06	9.601112798e-07	-6
1.552641922e-06	9.772038865e-07	-6
1.562510343e-06	9.942964932e-07	-6
1.572378764e-06	1.0113891e-06	-6
1.582247185e-06	1.028481706e-06	-6
1.592115606e-06	1.045574313e-06	-6
1.601984027e-06	1.06266692e-06	-6
1.611852448e-06	1.079759526e-06	-6
1.621720869e-06	1.096852133e-06	-6
1.63158929e-06	1.11394474e-06	-6
1.641457711e-06	1.131037346e-06	-6
1.651326132e-06	1.148129953e-06	-6
1.661194553e-06	1.16522256e-06	-6
1.671062974e-06	1.182315166e-06	-6
1.680931395e-06	1.199407773e-06	-6
1.690799816e-06	1.21650038e-06	-6
1.700668237e-06	1.233592986e-06	-6
1.710536658e-06	1.250685593e-06	-6
1.720405079e-06	1.2677782e-06	-6
1.7302735e-06	1.284870806e-06	-6
1.740141922e-06	1.301963413e-06	-6
1.750010343e-06	1.31905602e-06	-6
1.759878764e-06	1.336148626e-06	-6
1.769747185e-06	1.353241233e-06	-6
1.779615606e-06	1.37033384e-06	-6
1.789484027e-06	1.387426446e-06	-6
1.799352448e-06	1.404519053e-06	-6
1.799352448e-06	1.404519053e-06	6
1.799352448e-06	1.404519053e-06	6
1.799352448e-06	1.404519053e-06	6
1.799352448e-06	1.404519053e-06	6
1.799352448e-06	1.404519053e-06	6
1.799352448e-06	1.404519053e-06	6
1.799352448e-06	1.404519053e-06	6
1.799352448e-06	1.404519053e-06	6
1.799352448e-06	1.404519053e-06	6
1.799352448e-06	1.404519053e-06	6
1.799352448e-06	1.404519053e-06	6
1.789484027e-06	1.387426446e-06	6
1.779615606e-06	1.37033384e-06	6
1.769747185e-06	1.353241233e-06	6
1.759878764e-06	1.336148626e-06	6
1.750010343e-06	1.31905602e-06	6
1.740141922e-06	1.301963413e-06	6
1.7302735e-06	1.284870806e-06	6
1.720405079e-06	1.2677782e-06	6
1.710536658e-06	1.250685593e-06	6
1.700668237e-06	1.233592986e-06	6
1.690799816e-06	1.21650038e-06	6
1.680931395e-06	1.199407773e-06	6
1.671062974e-06	1.182315166e-06	6
1.661194553e-06	1.16522256e-06	6
1.651326132e-06	1.148129953e-06	6
1.641457711e-06	1.131037346e-06	6
1.63158929e-06	1.11394474e-06	6
1.621720869e-06	1.096852133e-06	6
1.611852448e-06	1.079759526e-06	6
1.601984027e-06	1.06266692e-06	6
1.592115606e-06	1.045574313e-06	6
1.582247185e-06	1.028481706e-06	6
1.572378764e-06	1.0113891e-06	6
1.562510343e-06	9.942964932e-07	6
1.552641922e-06	9.772038865e-07	6
1.5427735e-06	9.601112798e-07	6
1.532905079e-06	9.430186732e-07	6
1.523036658e-06	9.259260665e-07	6
1.513168237e-06	9.088334599e-07	6
1.503299816e-06	8.917408532e-07	6
1.493431395e-06	8.746482466e-07	6
1.483562974e-06	8.575556399e-07	6
1.473694553e-06	8.404630333e-07	6
1.463826132e-06	8.233704266e-07	6
1.453957711e-06	8.0627782e-07	6
1.44408929e-06	7.891852133e-07	6
1.434220869e-06	7.720926067e-07	6
1.424352448e-06	7.55e-07	6
1.414484027e-06	7.379073933e-07	6
1.404615606e-06	7.208147867e-07	6
1.394747185e-06	7.0372218e-07	6
1.384878764e-06	6.866295734e-07	6
1.375010343e-06	6.695369667e-07	6
1.365141922e-06	6.524443601e-07	6
1.3552735e-06	6.353517534e-07	6
1.345405079e-06	6.182591468e-07	6
1.335536658e-06	6.011665401e-07	6
1.325668237e-06	5.840739335e-07	6
1.315799816e-06	5.669813268e-07	6
1.305931395e-06	5.498887202e-07	6
1.296062974e-06	5.327961135e-07	6
1.286194553e-06	5.157035068e-07	6
1.276326132e-06	4.986109002e-07	6
1.266457711e-06	4.815182935e-07	6
1.25658929e-06	4.644256869e-07	6
1.246720869e-06	4.473330802e-07	6
1.236852448e-06	4.302404736e-07	6
1.226984027e-06	4.131478669e-07	6
1.217115606e-06	3.960552603e-07	6
1.207247185e-06	3.789626536e-07	6
1.197378764e-06	3.61870047e-07	6
1.187510343e-06	3.447774403e-07	6
1.177641922e-06	3.276848337e-07	6
1.1677735e-06	3.10592227e-07	6
1.157905079e-06	2.934996204e-07	6
1.148036658e-06	2.764070137e-07	6
1.138168237e-06	2.59314407e-07	6
1.128299816e-06	2.422218004e-07	6
1.118431395e-06	2.251291937e-07	6
1.108562974e-06	2.080365871e-07	6
1.098694553e-06	1.909439804e-07	6
1.088826132e-06	1.738513738e-07	6
1.078957711e-06	1.567587671e-07	6
1.06908929e-06	1.396661605e-07	6
1.059220869e-06	1.225735538e-07	6
1.049352448e-06	1.054809472e-07	6
1.049352448e-06	1.054809472e-07	0
1.040692194e-06	1.104809472e-07	0
1.03203194e-06	1.154809472e-07	0
1.03203194e-06	1.154809472e-07	6
1.03203194e-06	1.154809472e-07	6
1.03203194e-06	1.154809472e-07	6
1.03203194e-06	1.154809472e-07	6
1.03203194e-06	1.154809472e-07	6
1.03203194e-06	1.154809472e-07	6
1.03203194e-06	1.154809472e-07	6
1.03203194e-06	1.154809472e-07	6
1.03203194e-06	1.154809472e-07	6
1.03203194e-06	1.154809472e-07	6
1.03203194e-06	1.154809472e-07	6
1.041900361e-06	1.325735538e-07	6
1.051768782e-06	1.496661605e-07	6
1.061637203e-06	1.667587671e-07	6
1.071505624e-06	1.838513738e-07	6
1.081374045e-06	2.009439804e-07	6
1.091242466e-06	2.180365871e-07	6
1.101110887e-06	2.351291937e-07	6
1.110979308e-06	2.522218004e-07	6
1.120847729e-06	2.69314407e-07	6
1.13071615e-06	2.864070137e-07	6
1.140584571e-06	3.034996204e-07	6
1.150452992e-06	3.20592227e-07	6
1.160321413e-06	3.376848337e-07	6
1.170189835e-06	3.547774403e-07	6
1.180058256e-06	3.71870047e-07	6
1.189926677e-06	3.889626536e-07	6
1.199795098e-06	4.060552603e-07	6
1.209663519e-06	4.231478669e-07	6
1.21953194e-06	4.402404736e-07	6
1.229400361e-06	4.573330802e-07	6
1.239268782e-06	4.744256869e-07	6
1.249137203e-06	4.915182935e-07	6
1.259005624e-06	5.086109002e-07	6
1.268874045e-06	5.257035068e-07	6
1.278742466e-06	5.427961135e-07	6
1.288610887e-06	5.598887202e-07	6
1.298479308e-06	5.769813268e-07	6
1.308347729e-06	5.940739335e-07	6
1.31821615e-06	6.111665401e-07	6
1.328084571e-06	6.282591468e-07	6
1.337952992e-06	6.453517534e-07	6
1.347821413e-06	6.624443601e-07	6
1.357689835e-06	6.795369667e-07	6
1.367558256e-06	6.966295734e-07	6
1.377426677e-06	7.1372218e-07	6
1.387295098e-06	7.308147867e-07	6
1.397163519e-06	7.479073933e-07	6
1.40703194e-06	7.65e-07	6
1.416900361e-06	7.820926067e-07	6
1.426768782e-06	7.991852133e-07	6
1.436637203e-06	8.1627782e-07	6
1.446505624e-06	8.333704266e-07	6
1.456374045e-06	8.504630333e-07	6
1.466242466e-06	8.675556399e-07	6
1.476110887e-06	8.846482466e-07	6
1.485979308e-06	9.017408532e-07	6
1.495847729e-06	9.188334599e-07	6
1.50571615e-06	9.359260665e-07	6
1.515584571e-06	9.530186732e-07	6
1.525452992e-06	9.701112798e-07	6
1.535321413e-06	9.872038865e-07	6
1.545189835e-06	1.004296493e-06	6
1.555058256e-06	1.0213891e-06	6
1.564926677e-06	1.038481706e-06	6
1.574795098e-06	1.055574313e-06	6
1.584663519e-06	1.07266692e-06	6
1.59453194e-06	1.089759526e-06	6
1.604400361e-06	1.106852133e-06	6
1.614268782e-06	1.12394474e-06	6
1.624137203e-06	1.141037346e-06	6
1.634005624e-06	1.158129953e-06	6
1.643874045e-06	1.17522256e-06	6
1.653742466e-06	1.192315166e-06	6
1.663610887e-06	1.209407773e-06	6
1.673479308e-06	1.22650038e-06	6
1.683347729e-06	1.243592986e-06	6
1.69321615e-06	1.260685593e-06	6
1.703084571e-06	1.2777782e-06	6
1.712952992e-06	1.294870806e-06	6
1.722821413e-06	1.311963413e-06	6
1.732689835e-06	1.32905602e-06	6
1.742558256e-06	1.346148626e-06	6
1.752426677e-06	1.363241233e-06	6
1.762295098e-06	1.38033384e-06	6
1.772163519e-06	1.397426446e-06	6
1.78203194e-06	1.414519053e-06	6
1.78203194e-06	1.414519053e-06	-6
1.78203194e-06	1.414519053e-06	-6
1.78203194e-06	1.414519053e-06	-6
1.78203194e-06	1.414519053e-06	-6
1.78203194e-06	1.414519053e-06	-6
1.78203194e-06	1.414519053e-06	-6
1.78203194e-06	1.414519053e-06	-6
1.78203194e-06	1.414519053e-06	-6
1.78203194e-06	1.414519053e-06	-6
1.78203194e-06	1.414519053e-06	-6
1.78203194e-06	1.414519053e-06	-6
1.772163519e-06	1.397426446e-06	-6
1.762295098e-06	1.38033384e-06	-6
1.752426677e-06	1.363241233e-06	-6
1.742558256e-06	1.346148626e-06	-6
1.732689835e-06	1.32905602e-06	-6
1.722821413e-06	1.311963413e-06	-6
1.712952992e-06	1.294870806e-06	-6
1.703084571e-06	1.2777782e-06	-6
1.69321615e-06	1.260685593e-06	-6
1.683347729e-06	1.243592986e-06	-6
1.673479308e-06	1.22650038e-06	-6
1.663610887e-06	1.209407773e-06	-6
1.653742466e-06	1.192315166e-06	-6
1.643874045e-06	1.17522256e-06	-6
1.634005624e-06	1.158129953e-06	-6
1.624137203e-06	1.141037346e-06	-6
1.614268782e-06	1.12394474e-06	-6
1.604400361e-06	1.106852133e-06	-6
1.59453194e-06	1.089759526e-06	-6
1.584663519e-06	1.07266692e-06	-6
1.574795098e-06	1.055574313e-06	-6
1.564926677e-06	1.038481706e-06	-6
1.555058256e-06	1.0213891e-06	-6
1.545189835e-06	1.004296493e-06	-6
1.535321413e-06	9.872038865e-07	-6
1.525452992e-06	9.701112798e-07	-6
1.515584571e-06	9.530186732e-07	-6
1.50571615e-06	9.359260665e-07	-6
1.495847729e-06	9.188334599e-07	-6
1.485979308e-06	9.017408532e-07	-6
1.476110887e-06	8.846482466e-07	-6
1.466242466e-06	8.675556399e-07	-6
1.456374045e-06	8.504630333e-07	-6
1.446505624e-06	8.333704266e-07	-6
1.436637203e-06	8.1627782e-07	-6
1.426768782e-06	7.991852133e-07	-6
1.416900361e-06	7.820926067e-07	-6
1.40703194e-06	7.65e-07	-6
1.397163519e-06	7.479073933e-07	-6
1.387295098e-06	7.308147867e-07	-6
1.377426677e-06	7.1372218e-07	-6
1.367558256e-06	6.966295734e-07	-6
1.357689835e-06	6.795369667e-07	-6
1.347821413e-06	6.624443601e-07	-6
1.337952992e-06	6.453517534e-07	-6
1.328084571e-06	6.282591468e-07	-6
1.31821615e-06	6.111665401e-07	-6
1.308347729e-06	5.940739335e-07	-6
1.298479308e-06	5.769813268e-07	-6
1.288610887e-06	5.598887202e-07	-6
1.278742466e-06	5.427961135e-07	-6
1.268874045e-06	5.257035068e-07	-6
1.259005624e-06	5.086109002e-07	-6
1.249137203e-06	4.915182935e-07	-6
1.239268782e-06	4.744256869e-07	-6
1.229400361e-06	4.573330802e-07	-6
1.21953194e-06	4.402404736e-07	-6
1.209663519e-06	4.231478669e-07	-6
1.199795098e-06	4.060552603e-07	-6
1.189926677e-06	3.889626536e-07	-6
1.180058256e-06	3.71870047e-07	-6
1.170189835e-06	3.547774403e-07	-6
1.160321413e-06	3.376848337e-07	-6
1.150452992e-06	3.20592227e-07	-6
1.140584571e-06	3.034996204e-07	-6
1.13071615e-06	2.864070137e-07	-6
1.120847729e-06	2.69314407e-07	-6
1.110979308e-06	2.522218004e-07	-6
1.101110887e-06	2.351291937e-07	-6
1.091242466e-06	2.180365871e-07	-6
1.081374045e-06	2.009439804e-07	-6
1.071505624e-06	1.838513738e-07	-6
1.061637203e-06	1.667587671e-07	-6
1.051768782e-06	1.496661605e-07	-6
1.041900361e-06	1.325735538e-07	-6
1.03203194e-06	1.154809472e-07	-6
1.03203194e-06	1.154809472e-07	0
1.014711432e-06	1.254809472e-07	0
1.014711432e-06	1.254809472e-07	-6
1.014711432e-06	1.254809472e-07	-6
1.014711432e-06	1.254809472e-07	-6
1.014711432e-06	1.254809472e-07	-6
1.014711432e-06	1.254809472e-07	-6
1.014711432e-06	1.254809472e-07	-6
1.014711432e-06	1.254809472e-07	-6
1.014711432e-06	1.254809472e-07	-6
1.014711432e-06	1.254809472e-07	-6
1.014711432e-06	1.254809472e-07	-6
1.014711432e-06	1.254809472e-07	-6
1.024579853e-06	1.425735538e-07	-6
1.034448274e-06	1.596661605e-07	-6
1.044316695e-06	1.767587671e-07	-6
1.054185116e-06	1.938513738e-07	-6
1.064053537e-06	2.109439804e-07	-6
1.073921958e-06	2.280365871e-07	-6
1.083790379e-06	2.451291937e-07	-6
1.0936588e-06	2.622218004e-07	-6
1.103527221e-06	2.79314407e-07	-6
1.113395642e-06	2.964070137e-07	-6
1.123264063e-06	3.134996204e-07	-6
1.133132484e-06	3.30592227e-07	-6
1.143000905e-06	3.476848337e-07	-6
1.152869326e-06	3.647774403e-07	-6
1.162737747e-06	3.81870047e-07	-6
1.172606169e-06	3.989626536e-07	-6
1.18247459e-06	4.160552603e-07	-6
1.192343011e-06	4.331478669e-07	-6
1.202211432e-06	4.502404736e-07	-6
1.212079853e-06	4.673330802e-07	-6
1.221948274e-06	4.844256869e-07	-6
1.231816695e-06	5.015182935e-07	-6
1.241685116e-06	5.186109002e-07	-6
1.251553537e-06	5.357035068e-07	-6
1.261421958e-06	5.527961135e-07	-6
1.271290379e-06	5.698887202e-07	-6
1.2811588e-06	5.869813268e-07	-6
1.291027221e-06	6.040739335e-07	-6
1.300895642e-06	6.211665401e-07	-6
1.310764063e-06	6.382591468e-07	-6
1.320632484e-06	6.553517534e-07	-6
1.330500905e-06	6.724443601e-07	-6
1.340369326e-06	6.895369667e-07	-6
1.350237747e-06	7.066295734e-07	-6
1.360106169e-06	7.2372218e-07	-6
1.36997459e-06	7.408147867e-07	-6
1.379843011e-06	7.579073933e-07	-6
1.389711432e-06	7.75e-07	-6
1.399579853e-06	7.920926067e-07	-6
1.409448274e-06	8.091852133e-07	-6
1.419316695e-06	8.2627782e-07	-6
1.429185116e-06	8.433704266e-07	-6
1.439053537e-06	8.604630333e-07	-6
1.448921958e-06	8.775556399e-07	-6
1.458790379e-06	8.946482466e-07	-6
1.4686588e-06	9.117408532e-07	-6
1.478527221e-06	9.288334599e-07	-6
1.488395642e-06	9.459260665e-07	-6
1.498264063e-06	9.630186732e-07	-6
1.508132484e-06	9.801112798e-07	-6
1.518000905e-06	9.972038865e-07	-6
1.527869326e-06	1.014296493e-06	-6
1.537737747e-06	1.0313891e-06	-6
1.547606169e-06	1.048481706e-06	-6
1.55747459e-06	1.065574313e-06	-6
1.567343011e-06	1.08266692e-06	-6
1.577211432e-06	1.099759526e-06	-6
1.587079853e-06	1.116852133e-06	-6
1.596948274e-06	1.13394474e-06	-6
1.606816695e-06	1.151037346e-06	-6
1.616685116e-06	1.168129953e-06	-6
1.626553537e-06	1.18522256e-06	-6
1.636421958e-06	1.202315166e-06	-6
1.646290379e-06	1.219407773e-06	-6
1.6561588e-06	1.23650038e-06	-6
1.666027221e-06	1.253592986e-06	-6
1.675895642e-06	1.270685593e-06	-6
1.685764063e-06	1.2877782e-06	-6
1.695632484e-06	1.304870806e-06	-6
1.705500905e-06	1.321963413e-06	-6
1.715369326e-06	1.33905602e-06	-6
1.725237747e-06	1.356148626e-06	-6
1.735106169e-06	1.373241233e-06	-6
1.74497459e-06	1.39033384e-06	-6
1.754843011e-06	1.407426446e-06	-6
1.764711432e-06	1.424519053e-06	-6
1.764711432e-06	1.424519053e-06	6
1.764711432e-06	1.424519053e-06	6
1.764711432e-06	1.424519053e-06	6
1.764711432e-06	1.424519053e-06	6
1.764711432e-06	1.424519053e-06	6
1.764711432e-06	1.424519053e-06	6
1.764711432e-06	1.424519053e-06	6
1.764711432e-06	1.424519053e-06	6
1.764711432e-06	1.424519053e-06	6
1.764711432e-06	1.424519053e-06	6
1.764711432e-06	1.424519053e-06	6
1.754843011e-06	1.407426446e-06	6
1.74497459e-06	1.39033384e-06	6
1.735106169e-06	1.373241233e-06	6
1.725237747e-06	1.356148626e-06	6
1.715369326e-06	1.33905602e-06	6
1.705500905e-06	1.321963413e-06	6
1.695632484e-06	1.304870806e-06	6
1.685764063e-06	1.2877782e-06	6
1.675895642e-06	1.270685593e-06	6
1.666027221e-06	1.253592986e-06	6
1.6561588e-06	1.23650038e-06	6
1.646290379e-06	1.219407773e-06	6
1.636421958e-06	1.202315166e-06	6
1.626553537e-06	1.18522256e-06	6
1.616685116e-06	1.168129953e-06	6
1.606816695e-06	1.151037346e-06	6
1.596948274e-06	1.13394474e-06	6
1.587079853e-06	1.116852133e-06	6
1.577211432e-06	1.099759526e-06	6
1.567343011e-06	1.08266692e-06	6
1.55747459e-06	1.065574313e-06	6
1.547606169e-06	1.048481706e-06	6
1.537737747e-06	1.0313891e-06	6
1.527869326e-06	1.014296493e-06	6
1.518000905e-06	9.972038865e-07	6
1.508132484e-06	9.801112798e-07	6
1.498264063e-06	9.630186732e-07	6
1.488395642e-06	9.459260665e-07	6
1.478527221e-06	9.288334599e-07	6
1.4686588e-06	9.117408532e-07	6
1.458790379e-06	8.946482466e-07	6
1.448921958e-06	8.775556399e-07	6
1.439053537e-06	8.604630333e-07	6
1.429185116e-06	8.433704266e-07	6
1.419316695e-06	8.2627782e-07	6
1.409448274e-06	8.091852133e-07	6
1.399579853e-06	7.920926067e-07	6
1.389711432e-06	7.75e-07	6
1.379843011e-06	7.579073933e-07	6
1.36997459e-06	7.408147867e-07	6
1.360106169e-06	7.2372218e-07	6
1.350237747e-06	7.066295734e-07	6
1.340369326e-06	6.895369667e-07	6
1.330500905e-06	6.724443601e-07	6
1.320632484e-06	6.553517534e-07	6
1.310764063e-06	6.382591468e-07	6
1.300895642e-06	6.211665401e-07	6
1.291027221e-06	6.040739335e-07	6
1.2811588e-06	5.869813268e-07	6
1.271290379e-06	5.698887202e-07	6
1.261421958e-06	5.527961135e-07	6
1.251553537e-06	5.357035068e-07	6
1.241685116e-06	5.186109002e-07	6
1.231816695e-06	5.015182935e-07	6
1.221948274e-06	4.844256869e-07	6
1.212079853e-06	4.673330802e-07	6
1.202211432e-06	4.502404736e-07	6
1.192343011e-06	4.331478669e-07	6
1.18247459e-06	4.160552603e-07	6
1.172606169e-06	3.989626536e-07	6
1.162737747e-06	3.81870047e-07	6
1.152869326e-06	3.647774403e-07	6
1.143000905e-06	3.476848337e-07	6
1.133132484e-06	3.30592227e-07	6
1.123264063e-06	3.134996204e-07	6
1.113395642e-06	2.964070137e-07	6
1.103527221e-06	2.79314407e-07	6
1.0936588e-06	2.622218004e-07	6
1.083790379e-06	2.451291937e-07	6
1.073921958e-06	2.280365871e-07	6
1.064053537e-06	2.109439804e-07	6
1.054185116e-06	1.938513738e-07	6
1.044316695e-06	1.767587671e-07	6
1.034448274e-06	1.596661605e-07	6
1.024579853e-06	1.425735538e-07	6
1.014711432e-06	1.254809472e-07	6
1.014711432e-06	1.254809472e-07	0
1.006051178e-06	1.304809472e-07	0
9.973909236e-07	1.354809472e-07	0
9.973909236e-07	1.354809472e-07	6
9.973909236e-07	1.354809472e-07	6
9.973909236e-07	1.354809472e-07	6
9.973909236e-07	1.354809472e-07	6
9.973909236e-07	1.354809472e-07	6
9.973909236e-07	1.354809472e-07	6
9.973909236e-07	1.354809472e-07	6
9.973909236e-07	1.354809472e-07	6
9.973909236e-07	1.354809472e-07	6
9.973909236e-07	1.354809472e-07	6
9.973909236e-07	1.354809472e-07	6
1.007259345e-06	1.525735538e-07	6
1.017127766e-06	1.696661605e-07	6
1.026996187e-06	1.867587671e-07	6
1.036864608e-06	2.038513738e-07	6
1.046733029e-06	2.209439804e-07	6
1.05660145e-06	2.380365871e-07	6
1.066469871e-06	2.551291937e-07	6
1.076338292e-06	2.722218004e-07	6
1.086206713e-06	2.89314407e-07	6
1.096075134e-06	3.064070137e-07	6
1.105943555e-06	3.234996204e-07	6
1.115811976e-06	3.40592227e-07	6
1.125680397e-06	3.576848337e-07	6
1.135548818e-06	3.747774403e-07	6
1.145417239e-06	3.91870047e-07	6
1.15528566e-06	4.089626536e-07	6
1.165154082e-06	4.260552603e-07	6
1.175022503e-06	4.431478669e-07	6
1.184890924e-06	4.602404736e-07	6
1.194759345e-06	4.773330802e-07	6
1.204627766e-06	4.944256869e-07	6
1.214496187e-06	5.115182935e-07	6
1.224364608e-06	5.286109002e-07	6
1.234233029e-06	5.457035068e-07	6
1.24410145e-06	5.627961135e-07	6
1.253969871e-06	5.798887202e-07	6
1.263838292e-06	5.969813268e-07	6
1.273706713e-06	6.140739335e-07	6
1.283575134e-06	6.311665401e-07	6
1.293443555e-06	6.482591468e-07	6
1.303311976e-06	6.653517534e-07	6
1.313180397e-06	6.824443601e-07	6
1.323048818e-06	6.995369667e-07	6
1.332917239e-06	7.166295734e-07	6
1.34278566e-06	7.3372218e-07	6
1.352654082e-06	7.508147867e-07	6
1.362522503e-06	7.679073933e-07	6
1.372390924e-06	7.85e-07	6
1.382259345e-06	8.020926067e-07	6
1.392127766e-06	8.191852133e-07	6
1.401996187e-06	8.3627782e-07	6
1.411864608e-06	8.533704266e-07	6
1.421733029e-06	8.704630333e-07	6
1.43160145e-06	8.875556399e-07	6
1.441469871e-06	9.046482466e-07	6
1.451338292e-06	9.217408532e-07	6
1.461206713e-06	9.388334599e-07	6
1.471075134e-06	9.559260665e-07	6
1.480943555e-06	9.730186732e-07	6
1.490811976e-06	9.901112798e-07	6
1.500680397e-06	1.007203886e-06	6
1.510548818e-06	1.024296493e-06	6
1.520417239e-06	1.0413891e-06	6
1.53028566e-06	1.058481706e-06	6
1.540154082e-06	1.075574313e-06	6
1.550022503e-06	1.09266692e-06	6
1.559890924e-06	1.109759526e-06	6
1.569759345e-06	1.126852133e-06	6
1.579627766e-06	1.14394474e-06	6
1.589496187e-06	1.161037346e-06	6
1.599364608e-06	1.178129953e-06	6
1.609233029e-06	1.19522256e-06	6
1.61910145e-06	1.212315166e-06	6
1.628969871e-06	1.229407773e-06	6
1.638838292e-06	1.24650038e-06	6
1.648706713e-06	1.263592986e-06	6
1.658575134e-06	1.280685593e-06	6
1.668443555e-06	1.2977782e-06	6
1.678311976e-06	1.314870806e-06	6
1.688180397e-06	1.331963413e-06	6
1.698048818e-06	1.34905602e-06	6
1.707917239e-06	1.366148626e-06	6
1.71778566e-06	1.383241233e-06	6
1.727654082e-06	1.40033384e-06	6
1.737522503e-06	1.417426446e-06	6
1.747390924e-06	1.434519053e-06	6
1.747390924e-06	1.434519053e-06	-6
1.747390924e-06	1.434519053e-06	-6
1.747390924e-06	1.434519053e-06	-6
1.747390924e-06	1.434519053e-06	-6
1.747390924e-06	1.434519053e-06	-6
1.747390924e-06	1.434519053e-06	-6
1.747390924e-06	1.434519053e-06	-6
1.747390924e-06	1.434519053e-06	-6
1.747390924e-06	1.434519053e-06	-6
1.747390924e-06	1.434519053e-06	-6
1.747390924e-06	1.434519053e-06	-6
1.737522503e-06	1.417426446e-06	-6
1.727654082e-06	1.40033384e-06	-6
1.71778566e-06	1.383241233e-06	-6
1.707917239e-06	1.366148626e-06	-6
1.698048818e-06	1.34905602e-06	-6
1.688180397e-06	1.331963413e-06	-6
1.678311976e-06	1.314870806e-06	-6
1.668443555e-06	1.2977782e-06	-6
1.658575134e-06	1.280685593e-06	-6
1.648706713e-06	1.263592986e-06	-6
1.638838292e-06	1.24650038e-06	-6
1.628969871e-06	1.229407773e-06	-6
1.61910145e-06	1.212315166e-06	-6
1.609233029e-06	1.19522256e-06	-6
1.599364608e-06	1.178129953e-06	-6
1.589496187e-06	1.161037346e-06	-6
1.579627766e-06	1.14394474e-06	-6
1.569759345e-06	1.126852133e-06	-6
1.559890924e-06	1.109759526e-06	-6
1.550022503e-06	1.09266692e-06	-6
1.540154082e-06	1.075574313e-06	-6
1.53028566e-06	1.058481706e-06	-6
1.520417239e-06	1.0413891e-06	-6
1.510548818e-06	1.024296493e-06	-6
1.500680397e-06	1.007203886e-06	-6
1.490811976e-06	9.901112798e-07	-6
1.480943555e-06	9.730186732e-07	-6
1.471075134e-06	9.559260665e-07	-6
1.461206713e-06	9.388334599e-07	-6
1.451338292e-06	9.217408532e-07	-6
1.441469871e-06	9.046482466e-07	-6
1.43160145e-06	8.875556399e-07	-6
1.421733029e-06	8.704630333e-07	-6
1.411864608e-06	8.533704266e-07	-6
1.401996187e-06	8.3627782e-07	-6
1.392127766e-06	8.191852133e-07	-6
1.382259345e-06	8.020926067e-07	-6
1.372390924e-06	7.85e-07	-6
1.362522503e-06	7.679073933e-07	-6
1.352654082e-06	7.508147867e-07	-6
1.34278566e-06	7.3372218e-07	-6
1.332917239e-06	7.166295734e-07	-6
1.323048818e-06	6.995369667e-07	-6
1.313180397e-06	6.824443601e-07	-6
1.303311976e-06	6.653517534e-07	-6
1.293443555e-06	6.482591468e-07	-6
1.283575134e-06	6.311665401e-07	-6
1.273706713e-06	6.140739335e-07	-6
1.263838292e-06	5.969813268e-07	-6
1.253969871e-06	5.798887202e-07	-6
1.24410145e-06	5.627961135e-07	-6
1.234233029e-06	5.457035068e-07	-6
1.224364608e-06	5.286109002e-07	-6
1.214496187e-06	5.115182935e-07	-6
1.204627766e-06	4.944256869e-07	-6
1.194759345e-06	4.773330802e-07	-6
1.184890924e-06	4.602404736e-07	-6
1.175022503e-06	4.431478669e-07	-6
1.165154082e-06	4.260552603e-07	-6
1.15528566e-06	4.089626536e-07	-6
1.145417239e-06	3.91870047e-07	-6
1.135548818e-06	3.747774403e-07	-6
1.125680397e-06	3.576848337e-07	-6
1.115811976e-06	3.40592227e-07	-6
1.105943555e-06	3.234996204e-07	-6
1.096075134e-06	3.064070137e-07	-6
1.086206713e-06	2.89314407e-07	-6
1.076338292e-06	2.722218004e-07	-6
1.066469871e-06	2.551291937e-07	-6
1.05660145e-06	2.380365871e-07	-6
1.046733029e-06	2.209439804e-07	-6
1.036864608e-06	2.038513738e-07	-6
1.026996187e-06	1.867587671e-07	-6
1.017127766e-06	1.696661605e-07	-6
1.007259345e-06	1.525735538e-07	-6
9.973909236e-07	1.354809472e-07	-6
9.973909236e-07	1.354809472e-07	0
9.800704156e-07	1.454809472e-07	0
9.800704156e-07	1.454809472e-07	-6
9.800704156e-07	1.454809472e-07	-6
9.800704156e-07	1.454809472e-07	-6
9.800704156e-07	1.454809472e-07	-6
9.800704156e-07	1.454809472e-07	-6
9.800704156e-07	1.454809472e-07	-6
9.800704156e-07	1.454809472e-07	-6
9.800704156e-07	1.454809472e-07	-6
9.800704156e-07	1.454809472e-07	-6
9.800704156e-07	1.454809472e-07	-6
9.800704156e-07	1.454809472e-07	-6
9.900704156e-07	1.628014552e-07	-6
1.000070416e-06	1.801219633e-07	-6
1.010070416e-06	1.974424714e-07	-6
1.020070416e-06	2.147629795e-07	-6
1.030070416e-06	2.320834875e-07	-6
1.040070416e-06	2.494039956e-07	-6
1.050070416e-06	2.667245037e-07	-6
1.060070416e-06	2.840450118e-07	-6
1.070070416e-06	3.013655198e-07	-6
1.080070416e-06	3.186860279e-07	-6
1.090070416e-06	3.36006536e-07	-6
1.100070416e-06	3.533270441e-07	-6
1.110070416e-06	3.706475521e-07	-6
1.120070416e-06	3.879680602e-07	-6
1.130070416e-06	4.052885683e-07	-6
1.140070416e-06	4.226090764e-07	-6
1.150070416e-06	4.399295844e-07	-6
1.160070416e-06	4.572500925e-07	-6
1.170070416e-06	4.745706006e-07	-6
1.180070416e-06	4.918911087e-07	-6
1.190070416e-06	5.092116168e-07	-6
1.200070416e-06	5.265321248e-07	-6
1.210070416e-06	5.438526329e-07	-6
1.220070416e-06	5.61173141e-07	-6
1.230070416e-06	5.784936491e-07	-6
1.240070416e-06	5.958141571e-07	-6
1.250070416e-06	6.131346652e-07	-6
1.260070416e-06	6.304551733e-07	-6
1.270070416e-06	6.477756814e-07	-6
1.280070416e-06	6.650961894e-07	-6
1.290070416e-06	6.824166975e-07	-6
1.300070416e-06	6.997372056e-07	-6
1.310070416e-06	7.170577137e-07	-6
1.320070416e-06	7.343782217e-07	-6
1.330070416e-06	7.516987298e-07	-6
1.340070416e-06	7.690192379e-07	-6
1.350070416e-06	7.86339746e-07	-6
1.360070416e-06	8.03660254e-07	-6
1.370070416e-06	8.209807621e-07	-6
1.380070416e-06	8.383012702e-07	-6
1.390070416e-06	8.556217783e-07	-6
1.400070416e-06	8.729422863e-07	-6
1.410070416e-06	8.902627944e-07	-6
1.420070416e-06	9.075833025e-07	-6
1.430070416e-06	9.249038106e-07	-6
1.440070416e-06	9.422243186e-07	-6
1.450070416e-06	9.595448267e-07	-6
1.460070416e-06	9.768653348e-07	-6
1.470070416e-06	9.941858429e-07	-6
1.480070416e-06	1.011506351e-06	-6
1.490070416e-06	1.028826859e-06	-6
1.500070416e-06	1.046147367e-06	-6
1.510070416e-06	1.063467875e-06	-6
1.520070416e-06	1.080788383e-06	-6
1.530070416e-06	1.098108891e-06	-6
1.540070416e-06	1.115429399e-06	-6
1.550070416e-06	1.132749907e-06	-6
1.560070416e-06	1.150070416e-06	-6
1.570070416e-06	1.167390924e-06	-6
1.580070416e-06	1.184711432e-06	-6
1.590070416e-06	1.20203194e-06	-6
1.600070416e-06	1.219352448e-06	-6
1.610070416e-06	1.236672956e-06	-6
1.620070416e-06	1.253993464e-06	-6
1.630070416e-06	1.271313972e-06	-6
1.640070416e-06	1.28863448e-06	-6
1.650070416e-06	1.305954988e-06	-6
1.660070416e-06	1.323275496e-06	-6
1.670070416e-06	1.340596004e-06	-6
1.680070416e-06	1.357916512e-06	-6
1.690070416e-06	1.375237021e-06	-6
1.700070416e-06	1.392557529e-06	-6
1.710070416e-06	1.409878037e-06	-6
1.720070416e-06	1.427198545e-06	-6
1.730070416e-06	1.444519053e-06	-6
1.730070416e-06	1.444519053e-06	6
1.730070416e-06	1.444519053e-06	6
1.730070416e-06	1.444519053e-06	6
1.730070416e-06	1.444519053e-06	6
1.730070416e-06	1.444519053e-06	6
1.730070416e-06	1.444519053e-06	6
1.730070416e-06	1.444519053e-06	6
1.730070416e-06	1.444519053e-06	6
1.730070416e-06	1.444519053e-06	6
1.730070416e-06	1.444519053e-06	6
1.730070416e-06	1.444519053e-06	6
1.720070416e-06	1.427198545e-06	6
1.710070416e-06	1.409878037e-06	6
1.700070416e-06	1.392557529e-06	6
1.690070416e-06	1.375237021e-06	6
1.680070416e-06	1.357916512e-06	6
1.670070416e-06	1.340596004e-06	6
1.660070416e-06	1.323275496e-06	6
1.650070416e-06	1.305954988e-06	6
1.640070416e-06	1.28863448e-06	6
1.630070416e-06	1.271313972e-06	6
1.620070416e-06	1.253993464e-06	6
1.610070416e-06	1.236672956e-06	6
1.600070416e-06	1.219352448e-06	6
1.590070416e-06	1.20203194e-06	6
1.580070416e-06	1.184711432e-06	6
1.570070416e-06	1.167390924e-06	6
1.560070416e-06	1.150070416e-06	6
1.550070416e-06	1.132749907e-06	6
1.540070416e-06	1.115429399e-06	6
1.530070416e-06	1.098108891e-06	6
1.520070416e-06	1.080788383e-06	6
1.510070416e-06	1.063467875e-06	6
1.500070416e-06	1.046147367e-06	6
1.490070416e-06	1.028826859e-06	6
1.480070416e-06	1.011506351e-06	6
1.470070416e-06	9.941858429e-07	6
1.460070416e-06	9.768653348e-07	6
1.450070416e-06	9.595448267e-07	6
1.440070416e-06	9.422243186e-07	6
1.430070416e-06	9.249038106e-07	6
1.420070416e-06	9.075833025e-07	6
1.410070416e-06	8.902627944e-07	6
1.400070416e-06	8.729422863e-07	6
1.390070416e-06	8.556217783e-07	6
1.380070416e-06	8.383012702e-07	6
1.370070416e-06	8.209807621e-07	6
1.360070416e-06	8.03660254e-07	6
1.350070416e-06	7.86339746e-07	6
1.340070416e-06	7.690192379e-07	6
1.330070416e-06	7.516987298e-07	6
1.320070416e-06	7.343782217e-07	6
1.310070416e-06	7.170577137e-07	6
1.300070416e-06	6.997372056e-07	6
1.290070416e-06	6.824166975e-07	6
1.280070416e-06	6.650961894e-07	6
1.270070416e-06	6.477756814e-07	6
1.260070416e-06	6.304551733e-07	6
1.250070416e-06	6.131346652e-07	6
1.240070416e-06	5.958141571e-07	6
1.230070416e-06	5.784936491e-07	6
1.220070416e-06	5.61173141e-07	6
1.210070416e-06	5.438526329e-07	6
1.200070416e-06	5.265321248e-07	6
1.190070416e-06	5.092116168e-07	6
1.180070416e-06	4.918911087e-07	6
1.170070416e-06	4.745706006e-07	6
1.160070416e-06	4.572500925e-07	6
1.150070416e-06	4.399295844e-07	6
1.140070416e-06	4.226090764e-07	6
1.130070416e-06	4.052885683e-07	6
1.120070416e-06	3.879680602e-07	6
1.110070416e-06	3.706475521e-07	6
1.100070416e-06	3.533270441e-07	6
1.090070416e-06	3.36006536e-07	6
1.080070416e-06	3.186860279e-07	6
1.070070416e-06	3.013655198e-07	6
1.060070416e-06	2.840450118e-07	6
1.050070416e-06	2.667245037e-07	6
1.040070416e-06	2.494039956e-07	6
1.030070416e-06	2.320834875e-07	6
1.020070416e-06	2.147629795e-07	6
1.010070416e-06	1.974424714e-07	6
1.000070416e-06	1.801219633e-07	6
9.900704156e-07	1.628014552e-07	6
9.800704156e-07	1.454809472e-07	6
9.800704156e-07	1.454809472e-07	0
9.627499075e-07	1.554809472e-07	0
9.627499075e-07	1.554809472e-07	6
9.627499075e-07	1.554809472e-07	6
9.627499075e-07	1.554809472e-07	6
9.627499075e-07	1.554809472e-07	6
9.627499075e-07	1.554809472e-07	6
9.627499075e-07	1.554809472e-07	6
9.627499075e-07	1.554809472e-07	6
9.627499075e-07	1.554809472e-07	6
9.627499075e-07	1.554809472e-07	6
9.627499075e-07	1.554809472e-07	6
9.627499075e-07	1.554809472e-07	6
9.726183285e-07	1.725735538e-07	6
9.824867496e-07	1.896661605e-07	6
9.923551706e-07	2.067587671e-07	6
1.002223592e-06	2.238513738e-07	6
1.012092013e-06	2.409439804e-07	6
1.021960434e-06	2.580365871e-07	6
1.031828855e-06	2.751291937e-07	6
1.041697276e-06	2.922218004e-07	6
1.051565697e-06	3.09314407e-07	6
1.061434118e-06	3.264070137e-07	6
1.071302539e-06	3.434996204e-07	6
1.08117096e-06	3.60592227e-07	6
1.091039381e-06	3.776848337e-07	6
1.100907802e-06	3.947774403e-07	6
1.110776223e-06	4.11870047e-07	6
1.120644644e-06	4.289626536e-07	6
1.130513065e-06	4.460552603e-07	6
1.140381486e-06	4.631478669e-07	6
1.150249907e-06	4.802404736e-07	6
1.160118329e-06	4.973330802e-07	6
1.16998675e-06	5.144256869e-07	6
1.179855171e-06	5.315182935e-07	6
1.189723592e-06	5.486109002e-07	6
1.199592013e-06	5.657035068e-07	6
1.209460434e-06	5.827961135e-07	6
1.219328855e-06	5.998887202e-07	6
1.229197276e-06	6.169813268e-07	6
1.239065697e-06	6.340739335e-07	6
1.248934118e-06	6.511665401e-07	6
1.258802539e-06	6.682591468e-07	6
1.26867096e-06	6.853517534e-07	6
1.278539381e-06	7.024443601e-07	6
1.288407802e-06	7.195369667e-07	6
1.298276223e-06	7.366295734e-07	6
1.308144644e-06	7.5372218e-07	6
1.318013065e-06	7.708147867e-07	6
1.327881486e-06	7.879073933e-07	6
1.337749907e-06	8.05e-07	6
1.347618329e-06	8.220926067e-07	6
1.35748675e-06	8.391852133e-07	6
1.367355171e-06	8.5627782e-07	6
1.377223592e-06	8.733704266e-07	6
1.387092013e-06	8.904630333e-07	6
1.396960434e-06	9.075556399e-07	6
1.406828855e-06	9.246482466e-07	6
1.416697276e-06	9.417408532e-07	6
1.426565697e-06	9.588334599e-07	6
1.436434118e-06	9.759260665e-07	6
1.446302539e-06	9.930186732e-07	6
1.45617096e-06	1.01011128e-06	6
1.466039381e-06	1.027203886e-06	6
1.475907802e-06	1.044296493e-06	6
1.485776223e-06	1.0613891e-06	6
1.495644644e-06	1.078481706e-06	6
1.505513065e-06	1.095574313e-06	6
1.515381486e-06	1.11266692e-06	6
1.525249907e-06	1.129759526e-06	6
1.535118329e-06	1.146852133e-06	6
1.54498675e-06	1.16394474e-06	6
1.554855171e-06	1.181037346e-06	6
1.564723592e-06	1.198129953e-06	6
1.574592013e-06	1.21522256e-06	6
1.584460434e-06	1.232315166e-06	6
1.594328855e-06	1.249407773e-06	6
1.604197276e-06	1.26650038e-06	6
1.614065697e-06	1.283592986e-06	6
1.623934118e-06	1.300685593e-06	6
1.633802539e-06	1.3177782e-06	6
1.64367096e-06	1.334870806e-06	6
1.653539381e-06	1.351963413e-06	6
1.663407802e-06	1.36905602e-06	6
1.673276223e-06	1.386148626e-06	6
1.683144644e-06	1.403241233e-06	6
1.693013065e-06	1.42033384e-06	6
1.702881486e-06	1.437426446e-06	6
1.712749907e-06	1.454519053e-06	6
1.712749907e-06	1.454519053e-06	-6
1.712749907e-06	1.454519053e-06	-6
1.712749907e-06	1.454519053e-06	-6
1.712749907e-06	1.454519053e-06	-6
1.712749907e-06	1.454519053e-06	-6
1.712749907e-06	1.454519053e-06	-6
1.712749907e-06	1.454519053e-06	-6
1.712749907e-06	1.454519053e-06	-6
1.712749907e-06	1.454519053e-06	-6
1.712749907e-06	1.454519053e-06	-6
1.712749907e-06	1.454519053e-06	-6
1.702881486e-06	1.437426446e-06	-6
1.693013065e-06	1.42033384e-06	-6
1.683144644e-06	1.403241233e-06	-6
1.673276223e-06	1.386148626e-06	-6
1.663407802e-06	1.36905602e-06	-6
1.653539381e-06	1.351963413e-06	-6
1.64367096e-06	1.334870806e-06	-6
1.633802539e-06	1.3177782e-06	-6
1.623934118e-06	1.300685593e-06	-6
1.614065697e-06	1.283592986e-06	-6
1.604197276e-06	1.26650038e-06	-6
1.594328855e-06	1.249407773e-06	-6
1.584460434e-06	1.232315166e-06	-6
1.574592013e-06	1.21522256e-06	-6
1.564723592e-06	1.198129953e-06	-6
1.554855171e-06	1.181037346e-06	-6
1.54498675e-06	1.16394474e-06	-6
1.535118329e-06	1.146852133e-06	-6
1.525249907e-06	1.129759526e-06	-6
1.515381486e-06	1.11266692e-06	-6
1.505513065e-06	1.095574313e-06	-6
1.495644644e-06	1.078481706e-06	-6
1.485776223e-06	1.0613891e-06	-6
1.475907802e-06	1.044296493e-06	-6
1.466039381e-06	1.027203886e-06	-6
1.45617096e-06	1.01011128e-06	-6
1.446302539e-06	9.930186732e-07	-6
1.436434118e-06	9.759260665e-07	-6
1.426565697e-06	9.588334599e-07	-6
1.416697276e-06	9.417408532e-07	-6
1.406828855e-06	9.246482466e-07	-6
1.396960434e-06	9.075556399e-07	-6
1.387092013e-06	8.904630333e-07	-6
1.377223592e-06	8.733704266e-07	-6
1.367355171e-06	8.5627782e-07	-6
1.35748675e-06	8.391852133e-07	-6
1.347618329e-06	8.220926067e-07	-6
1.337749907e-06	8.05e-07	-6
1.327881486e-06	7.879073933e-07	-6
1.318013065e-06	7.708147867e-07	-6
1.308144644e-06	7.5372218e-07	-6
1.298276223e-06	7.366295734e-07	-6
1.288407802e-06	7.195369667e-07	-6
1.278539381e-06	7.024443601e-07	-6
1.26867096e-06	6.853517534e-07	-6
1.258802539e-06	6.682591468e-07	-6
1.248934118e-06	6.511665401e-07	-6
1.239065697e-06	6.340739335e-07	-6
1.229197276e-06	6.169813268e-07	-6
1.219328855e-06	5.998887202e-07	-6
1.209460434e-06	5.827961135e-07	-6
1.199592013e-06	5.657035068e-07	-6
1.189723592e-06	5.486109002e-07	-6
1.179855171e-06	5.315182935e-07	-6
1.16998675e-06	5.144256869e-07	-6
1.160118329e-06	4.973330802e-07	-6
1.150249907e-06	4.802404736e-07	-6
1.140381486e-06	4.631478669e-07	-6
1.130513065e-06	4.460552603e-07	-6
1.120644644e-06	4.289626536e-07	-6
1.110776223e-06	4.11870047e-07	-6
1.100907802e-06	3.947774403e-07	-6
1.091039381e-06	3.776848337e-07	-6
1.08117096e-06	3.60592227e-07	-6
1.071302539e-06	3.434996204e-07	-6
1.061434118e-06	3.264070137e-07	-6
1.051565697e-06	3.09314407e-07	-6
1.041697276e-06	2.922218004e-07	-6
1.031828855e-06	2.751291937e-07	-6
1.021960434e-06	2.580365871e-07	-6
1.012092013e-06	2.409439804e-07	-6
1.002223592e-06	2.238513738e-07	-6
9.923551706e-07	2.067587671e-07	-6
9.824867496e-07	1.896661605e-07	-6
9.726183285e-07	1.725735538e-07	-6
9.627499075e-07	1.554809472e-07	-6
9.627499075e-07	1.554809472e-07	0
9.454293994e-07	1.654809472e-07	0
9.454293994e-07	1.654809472e-07	-6
9.454293994e-07	1.654809472e-07	-6
9.454293994e-07	1.654809472e-07	-6
9.454293994e-07	1.654809472e-07	-6
9.454293994e-07	1.654809472e-07	-6
9.454293994e-07	1.654809472e-07	-6
9.454293994e-07	1.654809472e-07	-6
9.454293994e-07	1.654809472e-07	-6
9.454293994e-07	1.654809472e-07	-6
9.454293994e-07	1.654809472e-07	-6
9.454293994e-07	1.654809472e-07	-6
9.554293994e-07	1.828014552e-07	-6
9.654293994e-07	2.001219633e-07	-6
9.754293994e-07	2.174424714e-07	-6
9.854293994e-07	2.347629795e-07	-6
9.954293994e-07	2.520834875e-07	-6
1.005429399e-06	2.694039956e-07	-6
1.015429399e-06	2.867245037e-07	-6
1.025429399e-06	3.040450118e-07	-6
1.035429399e-06	3.213655198e-07	-6
1.045429399e-06	3.386860279e-07	-6
1.055429399e-06	3.56006536e-07	-6
1.065429399e-06	3.733270441e-07	-6
1.075429399e-06	3.906475521e-07	-6
1.085429399e-06	4.079680602e-07	-6
1.095429399e-06	4.252885683e-07	-6
1.105429399e-06	4.426090764e-07	-6
1.115429399e-06	4.599295844e-07	-6
1.125429399e-06	4.772500925e-07	-6
1.135429399e-06	4.945706006e-07	-6
1.145429399e-06	5.118911087e-07	-6
1.155429399e-06	5.292116168e-07	-6
1.165429399e-06	5.465321248e-07	-6
1.175429399e-06	5.638526329e-07	-6
1.185429399e-06	5.81173141e-07	-6
1.195429399e-06	5.984936491e-07	-6
1.205429399e-06	6.158141571e-07	-6
1.215429399e-06	6.331346652e-07	-6
1.225429399e-06	6.504551733e-07	-6
1.235429399e-06	6.677756814e-07	-6
1.245429399e-06	6.850961894e-07	-6
1.255429399e-06	7.024166975e-07	-6
1.265429399e-06	7.197372056e-07	-6
1.275429399e-06	7.370577137e-07	-6
1.285429399e-06	7.543782217e-07	-6
1.295429399e-06	7.716987298e-07	-6
1.305429399e-06	7.890192379e-07	-6
1.315429399e-06	8.06339746e-07	-6
1.325429399e-06	8.23660254e-07	-6
1.335429399e-06	8.409807621e-07	-6
1.345429399e-06	8.583012702e-07	-6
1.355429399e-06	8.756217783e-07	-6
1.365429399e-06	8.929422863e-07	-6
1.375429399e-06	9.102627944e-07	-6
1.385429399e-06	9.275833025e-07	-6
1.395429399e-06	9.449038106e-07	-6
1.405429399e-06	9.622243186e-07	-6
1.415429399e-06	9.795448267e-07	-6
1.425429399e-06	9.968653348e-07	-6
1.435429399e-06	1.014185843e-06	-6
1.445429399e-06	1.031506351e-06	-6
1.455429399e-06	1.048826859e-06	-6
1.465429399e-06	1.066147367e-06	-6
1.475429399e-06	1.083467875e-06	-6
1.485429399e-06	1.100788383e-06	-6
1.495429399e-06	1.118108891e-06	-6
1.505429399e-06	1.135429399e-06	-6
1.515429399e-06	1.152749907e-06	-6
1.525429399e-06	1.170070416e-06	-6
1.535429399e-06	1.187390924e-06	-6
1.545429399e-06	1.204711432e-06	-6
1.555429399e-06	1.22203194e-06	-6
1.565429399e-06	1.239352448e-06	-6
1.575429399e-06	1.256672956e-06	-6
1.585429399e-06	1.273993464e-06	-6
1.595429399e-06	1.291313972e-06	-6
1.605429399e-06	1.30863448e-06	-6
1.615429399e-06	1.325954988e-06	-6
1.625429399e-06	1.343275496e-06	-6
1.635429399e-06	1.360596004e-06	-6
1.645429399e-06	1.377916512e-06	-6
1.655429399e-06	1.395237021e-06	-6
1.665429399e-06	1.412557529e-06	-6
1.675429399e-06	1.429878037e-06	-6
1.685429399e-06	1.447198545e-06	-6
1.695429399e-06	1.464519053e-06	-6
1.695429399e-06	1.464519053e-06	6
1.695429399e-06	1.464519053e-06	6
1.695429399e-06	1.464519053e-06	6
1.695429399e-06	1.464519053e-06	6
1.695429399e-06	1.464519053e-06	6
1.695429399e-06	1.464519053e-06	6
1.695429399e-06	1.464519053e-06	6
1.695429399e-06	1.464519053e-06	6
1.695429399e-06	1.464519053e-06	6
1.695429399e-06	1.464519053e-06	6
1.695429399e-06	1.464519053e-06	6
1.685429399e-06	1.447198545e-06	6
1.675429399e-06	1.429878037e-06	6
1.665429399e-06	1.412557529e-06	6
1.655429399e-06	1.395237021e-06	6
1.645429399e-06	1.377916512e-06	6
1.635429399e-06	1.360596004e-06	6
1.625429399e-06	1.343275496e-06	6
1.615429399e-06	1.325954988e-06	6
1.605429399e-06	1.30863448e-06	6
1.595429399e-06	1.291313972e-06	6
1.585429399e-06	1.273993464e-06	6
1.575429399e-06	1.256672956e-06	6
1.565429399e-06	1.239352448e-06	6
1.555429399e-06	1.22203194e-06	6
1.545429399e-06	1.204711432e-06	6
1.535429399e-06	1.187390924e-06	6
1.525429399e-06	1.170070416e-06	6
1.515429399e-06	1.152749907e-06	6
1.505429399e-06	1.135429399e-06	6
1.495429399e-06	1.118108891e-06	6
1.485429399e-06	1.100788383e-06	6
1.475429399e-06	1.083467875e-06	6
1.465429399e-06	1.066147367e-06	6
1.455429399e-06	1.048826859e-06	6
1.445429399e-06	1.031506351e-06	6
1.435429399e-06	1.014185843e-06	6
1.425429399e-06	9.968653348e-07	6
1.415429399e-06	9.795448267e-07	6
1.405429399e-06	9.622243186e-07	6
1.395429399e-06	9.449038106e-07	6
1.385429399e-06	9.275833025e-07	6
1.375429399e-06	9.102627944e-07	6
1.365429399e-06	8.929422863e-07	6
1.355429399e-06	8.756217783e-07	6
1.345429399e-06	8.583012702e-07	6
1.335429399e-06	8.409807621e-07	6
1.325429399e-06	8.23660254e-07	6
1.315429399e-06	8.06339746e-07	6
1.305429399e-06	7.890192379e-07	6
1.295429399e-06	7.716987298e-07	6
1.285429399e-06	7.543782217e-07	6
1.275429399e-06	7.370577137e-07	6
1.265429399e-06	7.197372056e-07	6
1.255429399e-06	7.024166975e-07	6
1.245429399e-06	6.850961894e-07	6
1.235429399e-06	6.677756814e-07	6
1.225429399e-06	6.504551733e-07	6
1.215429399e-06	6.331346652e-07	6
1.205429399e-06	6.158141571e-07	6
1.195429399e-06	5.984936491e-07	6
1.185429399e-06	5.81173141e-07	6
1.175429399e-06	5.638526329e-07	6
1.165429399e-06	5.465321248e-07	6
1.155429399e-06	5.292116168e-07	6
1.145429399e-06	5.118911087e-07	6
1.135429399e-06	4.945706006e-07	6
1.125429399e-06	4.772500925e-07	6
1.115429399e-06	4.599295844e-07	6
1.105429399e-06	4.426090764e-07	6
1.095429399e-06	4.252885683e-07	6
1.085429399e-06	4.079680602e-07	6
1.075429399e-06	3.906475521e-07	6
1.065429399e-06	3.733270441e-07	6
1.055429399e-06	3.56006536e-07	6
1.045429399e-06	3.386860279e-07	6
1.035429399e-06	3.213655198e-07	6
1.025429399e-06	3.040450118e-07	6
1.015429399e-06	2.867245037e-07	6
1.005429399e-06	2.694039956e-07	6
9.954293994e-07	2.520834875e-07	6
9.854293994e-07	2.347629795e-07	6
9.754293994e-07	2.174424714e-07	6
9.654293994e-07	2.001219633e-07	6
9.554293994e-07	1.828014552e-07	6
9.454293994e-07	1.654809472e-07	6
9.454293994e-07	1.654809472e-07	0
9.281088913e-07	1.754809472e-07	0
9.281088913e-07	1.754809472e-07	6
9.281088913e-07	1.754809472e-07	6
9.281088913e-07	1.754809472e-07	6
9.281088913e-07	1.754809472e-07	6
9.281088913e-07	1.754809472e-07	6
9.281088913e-07	1.754809472e-07	6
9.281088913e-07	1.754809472e-07	6
9.281088913e-07	1.754809472e-07	6
9.281088913e-07	1.754809472e-07	6
9.281088913e-07	1.754809472e-07	6
9.281088913e-07	1.754809472e-07	6
9.381088913e-07	1.928014552e-07	6
9.481088913e-07	2.101219633e-07	6
9.581088913e-07	2.274424714e-07	6
9.681088913e-07	2.447629795e-07	6
9.781088913e-07	2.620834875e-07	6
9.881088913e-07	2.794039956e-07	6
9.981088913e-07	2.967245037e-07	6
1.008108891e-06	3.140450118e-07	6
1.018108891e-06	3.313655198e-07	6
1.028108891e-06	3.486860279e-07	6
1.038108891e-06	3.66006536e-07	6
1.048108891e-06	3.833270441e-07	6
1.058108891e-06	4.006475521e-07	6
1.068108891e-06	4.179680602e-07	6
1.078108891e-06	4.352885683e-07	6
1.088108891e-06	4.526090764e-07	6
1.098108891e-06	4.699295844e-07	6
1.108108891e-06	4.872500925e-07	6
1.118108891e-06	5.045706006e-07	6
1.128108891e-06	5.218911087e-07	6
1.138108891e-06	5.392116168e-07	6
1.148108891e-06	5.565321248e-07	6
1.158108891e-06	5.738526329e-07	6
1.168108891e-06	5.91173141e-07	6
1.178108891e-06	6.084936491e-07	6
1.188108891e-06	6.258141571e-07	6
1.198108891e-06	6.431346652e-07	6
1.208108891e-06	6.604551733e-07	6
1.218108891e-06	6.777756814e-07	6
1.228108891e-06	6.950961894e-07	6
1.238108891e-06	7.124166975e-07	6
1.248108891e-06	7.297372056e-07	6
1.258108891e-06	7.470577137e-07	6
1.268108891e-06	7.643782217e-07	6
1.278108891e-06	7.816987298e-07	6
1.288108891e-06	7.990192379e-07	6
1.298108891e-06	8.16339746e-07	6
1.308108891e-06	8.33660254e-07	6
1.318108891e-06	8.509807621e-07	6
1.328108891e-06	8.683012702e-07	6
1.338108891e-06	8.856217783e-07	6
1.348108891e-06	9.029422863e-07	6
1.358108891e-06	9.202627944e-07	6
1.368108891e-06	9.375833025e-07	6
1.378108891e-06	9.549038106e-07	6
1.388108891e-06	9.722243186e-07	6
1.398108891e-06	9.895448267e-07	6
1.408108891e-06	1.006865335e-06	6
1.418108891e-06	1.024185843e-06	6
1.428108891e-06	1.041506351e-06	6
1.438108891e-06	1.058826859e-06	6
1.448108891e-06	1.076147367e-06	6
1.458108891e-06	1.093467875e-06	6
1.468108891e-06	1.110788383e-06	6
1.478108891e-06	1.128108891e-06	6
1.488108891e-06	1.145429399e-06	6
1.498108891e-06	1.162749907e-06	6
1.508108891e-06	1.180070416e-06	6
1.518108891e-06	1.197390924e-06	6
1.528108891e-06	1.214711432e-06	6
1.538108891e-06	1.23203194e-06	6
1.548108891e-06	1.249352448e-06	6
1.558108891e-06	1.266672956e-06	6
1.568108891e-06	1.283993464e-06	6
1.578108891e-06	1.301313972e-06	6
1.588108891e-06	1.31863448e-06	6
1.598108891e-06	1.335954988e-06	6
1.608108891e-06	1.353275496e-06	6
1.618108891e-06	1.370596004e-06	6
1.628108891e-06	1.387916512e-06	6
1.638108891e-06	1.405237021e-06	6
1.648108891e-06	1.422557529e-06	6
1.658108891e-06	1.439878037e-06	6
1.668108891e-06	1.457198545e-06	6
1.678108891e-06	1.474519053e-06	6
1.678108891e-06	1.474519053e-06	-6
1.678108891e-06	1.474519053e-06	-6
1.678108891e-06	1.474519053e-06	-6
1.678108891e-06	1.474519053e-06	-6
1.678108891e-06	1.474519053e-06	-6
1.678108891e-06	1.474519053e-06	-6
1.678108891e-06	1.474519053e-06	-6
1.678108891e-06	1.474519053e-06	-6
1.678108891e-06	1.474519053e-06	-6
1.678108891e-06	1.474519053e-06	-6
1.678108891e-06	1.474519053e-06	-6
1.668108891e-06	1.457198545e-06	-6
1.658108891e-06	1.439878037e-06	-6
1.648108891e-06	1.422557529e-06	-6
1.638108891e-06	1.405237021e-06	-6
1.628108891e-06	1.387916512e-06	-6
1.618108891e-06	1.370596004e-06	-6
1.608108891e-06	1.353275496e-06	-6
1.598108891e-06	1.335954988e-06	-6
1.588108891e-06	1.31863448e-06	-6
1.578108891e-06	1.301313972e-06	-6
1.568108891e-06	1.283993464e-06	-6
1.558108891e-06	1.266672956e-06	-6
1.548108891e-06	1.249352448e-06	-6
1.538108891e-06	1.23203194e-06	-6
1.528108891e-06	1.214711432e-06	-6
1.518108891e-06	1.197390924e-06	-6
1.508108891e-06	1.180070416e-06	-6
1.498108891e-06	1.162749907e-06	-6
1.488108891e-06	1.145429399e-06	-6
1.478108891e-06	1.128108891e-06	-6
1.468108891e-06	1.110788383e-06	-6
1.458108891e-06	1.093467875e-06	-6
1.448108891e-06	1.076147367e-06	-6
1.438108891e-06	1.058826859e-06	-6
1.428108891e-06	1.041506351e-06	-6
1.418108891e-06	1.024185843e-06	-6
1.408108891e-06	1.006865335e-06	-6
1.398108891e-06	9.895448267e-07	-6
1.388108891e-06	9.722243186e-07	-6
1.378108891e-06	9.549038106e-07	-6
1.368108891e-06	9.375833025e-07	-6
1.358108891e-06	9.202627944e-07	-6
1.348108891e-06	9.029422863e-07	-6
1.338108891e-06	8.856217783e-07	-6
1.328108891e-06	8.683012702e-07	-6
1.318108891e-06	8.509807621e-07	-6
1.308108891e-06	8.33660254e-07	-6
1.298108891e-06	8.16339746e-07	-6
1.288108891e-06	7.990192379e-07	-6
1.278108891e-06	7.816987298e-07	-6
1.268108891e-06	7.643782217e-07	-6
1.258108891e-06	7.470577137e-07	-6
1.248108891e-06	7.297372056e-07	-6
1.238108891e-06	7.124166975e-07	-6
1.228108891e-06	6.950961894e-07	-6
1.218108891e-06	6.777756814e-07	-6
1.208108891e-06	6.604551733e-07	-6
1.198108891e-06	6.431346652e-07	-6
1.188108891e-06	6.258141571e-07	-6
1.178108891e-06	6.084936491e-07	-6
1.168108891e-06	5.91173141e-07	-6
1.158108891e-06	5.738526329e-07	-6
1.148108891e-06	5.565321248e-07	-6
1.138108891e-06	5.392116168e-07	-6
1.128108891e-06	5.218911087e-07	-6
1.118108891e-06	5.045706006e-07	-6
1.108108891e-06	4.872500925e-07	-6
1.098108891e-06	4.699295844e-07	-6
1.088108891e-06	4.526090764e-07	-6
1.078108891e-06	4.352885683e-07	-6
1.068108891e-06	4.179680602e-07	-6
1.058108891e-06	4.006475521e-07	-6
1.048108891e-06	3.833270441e-07	-6
1.038108891e-06	3.66006536e-07	-6
1.028108891e-06	3.486860279e-07	-6
1.018108891e-06	3.313655198e-07	-6
1.008108891e-06	3.140450118e-07	-6
9.981088913e-07	2.967245037e-07	-6
9.881088913e-07	2.794039956e-07	-6
9.781088913e-07	2.620834875e-07	-6
9.681088913e-07	2.447629795e-07	-6
9.581088913e-07	2.274424714e-07	-6
9.481088913e-07	2.101219633e-07	-6
9.381088913e-07	1.928014552e-07	-6
9.281088913e-07	1.754809472e-07	-6
9.281088913e-07	1.754809472e-07	0
9.194486373e-07	1.804809472e-07	0
9.107883832e-07	1.854809472e-07	0
9.107883832e-07	1.854809472e-07	-6
9.107883832e-07	1.854809472e-07	-6
9.107883832e-07	1.854809472e-07	-6
9.107883832e-07	1.854809472e-07	-6
9.107883832e-07	1.854809472e-07	-6
9.107883832e-07	1.854809472e-07	-6
9.107883832e-07	1.854809472e-07	-6
9.107883832e-07	1.854809472e-07	-6
9.107883832e-07	1.854809472e-07	-6
9.107883832e-07	1.854809472e-07	-6
9.107883832e-07	1.854809472e-07	-6
9.206568043e-07	2.025735538e-07	-6
9.305252254e-07	2.196661605e-07	-6
9.403936464e-07	2.367587671e-07	-6
9.502620675e-07	2.538513738e-07	-6
9.601304885e-07	2.709439804e-07	-6
9.699989096e-07	2.880365871e-07	-6
9.798673306e-07	3.051291937e-07	-6
9.897357517e-07	3.222218004e-07	-6
9.996041727e-07	3.39314407e-07	-6
1.009472594e-06	3.564070137e-07	-6
1.019341015e-06	3.734996204e-07	-6
1.029209436e-06	3.90592227e-07	-6
1.039077857e-06	4.076848337e-07	-6
1.048946278e-06	4.247774403e-07	-6
1.058814699e-06	4.41870047e-07	-6
1.06868312e-06	4.589626536e-07	-6
1.078551541e-06	4.760552603e-07	-6
1.088419962e-06	4.931478669e-07	-6
1.098288383e-06	5.102404736e-07	-6
1.108156804e-06	5.273330802e-07	-6
1.118025225e-06	5.444256869e-07	-6
1.127893646e-06	5.615182935e-07	-6
1.137762067e-06	5.786109002e-07	-6
1.147630489e-06	5.957035068e-07	-6
1.15749891e-06	6.127961135e-07	-6
1.167367331e-06	6.298887202e-07	-6
1.177235752e-06	6.469813268e-07	-6
1.187104173e-06	6.640739335e-07	-6
1.196972594e-06	6.811665401e-07	-6
1.206841015e-06	6.982591468e-07	-6
1.216709436e-06	7.153517534e-07	-6
1.226577857e-06	7.324443601e-07	-6
1.236446278e-06	7.495369667e-07	-6
1.246314699e-06	7.666295734e-07	-6
1.25618312e-06	7.8372218e-07	-6
1.266051541e-06	8.008147867e-07	-6
1.275919962e-06	8.179073933e-07	-6
1.285788383e-06	8.35e-07	-6
1.295656804e-06	8.520926067e-07	-6
1.305525225e-06	8.691852133e-07	-6
1.315393646e-06	8.8627782e-07	-6
1.325262067e-06	9.033704266e-07	-6
1.335130489e-06	9.204630333e-07	-6
1.34499891e-06	9.375556399e-07	-6
1.354867331e-06	9.546482466e-07	-6
1.364735752e-06	9.717408532e-07	-6
1.374604173e-06	9.888334599e-07	-6
1.384472594e-06	1.005926067e-06	-6
1.394341015e-06	1.023018673e-06	-6
1.404209436e-06	1.04011128e-06	-6
1.414077857e-06	1.057203886e-06	-6
1.423946278e-06	1.074296493e-06	-6
1.433814699e-06	1.0913891e-06	-6
1.44368312e-06	1.108481706e-06	-6
1.453551541e-06	1.125574313e-06	-6
1.463419962e-06	1.14266692e-06	-6
1.473288383e-06	1.159759526e-06	-6
1.483156804e-06	1.176852133e-06	-6
1.493025225e-06	1.19394474e-06	-6
1.502893646e-06	1.211037346e-06	-6
1.512762067e-06	1.228129953e-06	-6
1.522630489e-06	1.24522256e-06	-6
1.53249891e-06	1.262315166e-06	-6
1.542367331e-06	1.279407773e-06	-6
1.552235752e-06	1.29650038e-06	-6
1.562104173e-06	1.313592986e-06	-6
1.571972594e-06	1.330685593e-06	-6
1.581841015e-06	1.3477782e-06	-6
1.591709436e-06	1.364870806e-06	-6
1.601577857e-06	1.381963413e-06	-6
1.611446278e-06	1.39905602e-06	-6
1.621314699e-06	1.416148626e-06	-6
1.63118312e-06	1.433241233e-06	-6
1.641051541e-06	1.45033384e-06	-6
1.650919962e-06	1.467426446e-06	-6
1.660788383e-06	1.484519053e-06	-6
1.660788383e-06	1.484519053e-06	6
1.660788383e-06	1.484519053e-06	6
1.660788383e-06	1.484519053e-06	6
1.660788383e-06	1.484519053e-06	6
1.660788383e-06	1.484519053e-06	6
1.660788383e-06	1.484519053e-06	6
1.660788383e-06	1.484519053e-06	6
1.660788383e-06	1.484519053e-06	6
1.660788383e-06	1.484519053e-06	6
1.660788383e-06	1.484519053e-06	6
1.660788383e-06	1.484519053e-06	6
1.650919962e-06	1.467426446e-06	6
1.641051541e-06	1.45033384e-06	6
1.63118312e-06	1.433241233e-06	6
1.621314699e-06	1.416148626e-06	6
1.611446278e-06	1.39905602e-06	6
1.601577857e-06	1.381963413e-06	6
1.591709436e-06	1.364870806e-06	6
1.581841015e-06	1.3477782e-06	6
1.571972594e-06	1.330685593e-06	6
1.562104173e-06	1.313592986e-06	6
1.552235752e-06	1.29650038e-06	6
1.542367331e-06	1.279407773e-06	6
1.53249891e-06	1.262315166e-06	6
1.522630489e-06	1.24522256e-06	6
1.512762067e-06	1.228129953e-06	6
1.502893646e-06	1.211037346e-06	6
1.493025225e-06	1.19394474e-06	6
1.483156804e-06	1.176852133e-06	6
1.473288383e-06	1.159759526e-06	6
1.463419962e-06	1.14266692e-06	6
1.453551541e-06	1.125574313e-06	6
1.44368312e-06	1.108481706e-06	6
1.433814699e-06	1.0913891e-06	6
1.423946278e-06	1.074296493e-06	6
1.414077857e-06	1.057203886e-06	6
1.404209436e-06	1.04011128e-06	6
1.394341015e-06	1.023018673e-06	6
1.384472594e-06	1.005926067e-06	6
1.374604173e-06	9.888334599e-07	6
1.364735752e-06	9.717408532e-07	6
1.354867331e-06	9.546482466e-07	6
1.34499891e-06	9.375556399e-07	6
1.335130489e-06	9.204630333e-07	6
1.325262067e-06	9.033704266e-07	6
1.315393646e-06	8.8627782e-07	6
1.305525225e-06	8.691852133e-07	6
1.295656804e-06	8.520926067e-07	6
1.285788383e-06	8.35e-07	6
1.275919962e-06	8.179073933e-07	6
1.266051541e-06	8.008147867e-07	6
1.25618312e-06	7.8372218e-07	6
1.246314699e-06	7.666295734e-07	6
1.236446278e-06	7.495369667e-07	6
1.226577857e-06	7.324443601e-07	6
1.216709436e-06	7.153517534e-07	6
1.206841015e-06	6.982591468e-07	6
1.196972594e-06	6.811665401e-07	6
1.187104173e-06	6.640739335e-07	6
1.177235752e-06	6.469813268e-07	6
1.167367331e-06	6.298887202e-07	6
1.15749891e-06	6.127961135e-07	6
1.147630489e-06	5.957035068e-07	6
1.137762067e-06	5.786109002e-07	6
1.127893646e-06	5.615182935e-07	6
1.118025225e-06	5.444256869e-07	6
1.108156804e-06	5.273330802e-07	6
1.098288383e-06	5.102404736e-07	6
1.088419962e-06	4.931478669e-07	6
1.078551541e-06	4.760552603e-07	6
1.06868312e-06	4.589626536e-07	6
1.058814699e-06	4.41870047e-07	6
1.048946278e-06	4.247774403e-07	6
1.039077857e-06	4.076848337e-07	6
1.029209436e-06	3.90592227e-07	6
1.019341015e-06	3.734996204e-07	6
1.009472594e-06	3.564070137e-07	6
9.996041727e-07	3.39314407e-07	6
9.897357517e-07	3.222218004e-07	6
9.798673306e-07	3.051291937e-07	6
9.699989096e-07	2.880365871e-07	6
9.601304885e-07	2.709439804e-07	6
9.502620675e-07	2.538513738e-07	6
9.403936464e-07	2.367587671e-07	6
9.305252254e-07	2.196661605e-07	6
9.206568043e-07	2.025735538e-07	6
9.107883832e-07	1.854809472e-07	6
9.107883832e-07	1.854809472e-07	0
8.934678752e-07	1.954809472e-07	0
8.934678752e-07	1.954809472e-07	6
8.934678752e-07	1.954809472e-07	6
8.934678752e-07	1.954809472e-07	6
8.934678752e-07	1.954809472e-07	6
8.934678752e-07	1.954809472e-07	6
8.934678752e-07	1.954809472e-07	6
8.934678752e-07	1.954809472e-07	6
8.934678752e-07	1.954809472e-07	6
8.934678752e-07	1.954809472e-07	6
8.934678752e-07	1.954809472e-07	6
8.934678752e-07	1.954809472e-07	6
9.034678752e-07	2.128014552e-07	6
9.134678752e-07	2.301219633e-07	6
9.234678752e-07	2.474424714e-07	6
9.334678752e-07	2.647629795e-07	6
9.434678752e-07	2.820834875e-07	6
9.534678752e-07	2.994039956e-07	6
9.634678752e-07	3.167245037e-07	6
9.734678752e-07	3.340450118e-07	6
9.834678752e-07	3.513655198e-07	6
9.934678752e-07	3.686860279e-07	6
1.003467875e-06	3.86006536e-07	6
1.013467875e-06	4.033270441e-07	6
1.023467875e-06	4.206475521e-07	6
1.033467875e-06	4.379680602e-07	6
1.043467875e-06	4.552885683e-07	6
1.053467875e-06	4.726090764e-07	6
1.063467875e-06	4.899295844e-07	6
1.073467875e-06	5.072500925e-07	6
1.083467875e-06	5.245706006e-07	6
1.093467875e-06	5.418911087e-07	6
1.103467875e-06	5.592116168e-07	6
1.113467875e-06	5.765321248e-07	6
1.123467875e-06	5.938526329e-07	6
1.133467875e-06	6.11173141e-07	6
1.143467875e-06	6.284936491e-07	6
1.153467875e-06	6.458141571e-07	6
1.163467875e-06	6.631346652e-07	6
1.173467875e-06	6.804551733e-07	6
1.183467875e-06	6.977756814e-07	6
1.193467875e-06	7.150961894e-07	6
1.203467875e-06	7.324166975e-07	6
1.213467875e-06	7.497372056e-07	6
1.223467875e-06	7.670577137e-07	6
1.233467875e-06	7.843782217e-07	6
1.243467875e-06	8.016987298e-07	6
1.253467875e-06	8.190192379e-07	6
1.263467875e-06	8.36339746e-07	6
1.273467875e-06	8.53660254e-07	6
1.283467875e-06	8.709807621e-07	6
1.293467875e-06	8.883012702e-07	6
1.303467875e-06	9.056217783e-07	6
1.313467875e-06	9.229422863e-07	6
1.323467875e-06	9.402627944e-07	6
1.333467875e-06	9.575833025e-07	6
1.343467875e-06	9.749038106e-07	6
1.353467875e-06	9.922243186e-07	6
1.363467875e-06	1.009544827e-06	6
1.373467875e-06	1.026865335e-06	6
1.383467875e-06	1.044185843e-06	6
1.393467875e-06	1.061506351e-06	6
1.403467875e-06	1.078826859e-06	6
1.413467875e-06	1.096147367e-06	6
1.423467875e-06	1.113467875e-06	6
1.433467875e-06	1.130788383e-06	6
1.443467875e-06	1.148108891e-06	6
1.453467875e-06	1.165429399e-06	6
1.463467875e-06	1.182749907e-06	6
1.473467875e-06	1.200070416e-06	6
1.483467875e-06	1.217390924e-06	6
1.493467875e-06	1.234711432e-06	6
1.503467875e-06	1.25203194e-06	6
1.513467875e-06	1.269352448e-06	6
1.523467875e-06	1.286672956e-06	6
1.533467875e-06	1.303993464e-06	6
1.543467875e-06	1.321313972e-06	6
1.553467875e-06	1.33863448e-06	6
1.563467875e-06	1.355954988e-06	6
1.573467875e-06	1.373275496e-06	6
1.583467875e-06	1.390596004e-06	6
1.593467875e-06	1.407916512e-06	6
1.603467875e-06	1.425237021e-06	6
1.613467875e-06	1.442557529e-06	6
1.623467875e-06	1.459878037e-06	6
1.633467875e-06	1.477198545e-06	6
1.643467875e-06	1.494519053e-06	6
1.643467875e-06	1.494519053e-06	-6
1.643467875e-06	1.494519053e-06	-6
1.643467875e-06	1.494519053e-06	-6
1.643467875e-06	1.494519053e-06	-6
1.643467875e-06	1.494519053e-06	-6
1.643467875e-06	1.494519053e-06	-6
1.643467875e-06	1.494519053e-06	-6
1.643467875e-06	1.494519053e-06	-6
1.643467875e-06	1.494519053e-06	-6
1.643467875e-06	1.494519053e-06	-6
1.643467875e-06	1.494519053e-06	-6
1.633467875e-06	1.477198545e-06	-6
1.623467875e-06	1.459878037e-06	-6
1.613467875e-06	1.442557529e-06	-6
1.603467875e-06	1.425237021e-06	-6
1.593467875e-06	1.407916512e-06	-6
1.583467875e-06	1.390596004e-06	-6
1.573467875e-06	1.373275496e-06	-6
1.563467875e-06	1.355954988e-06	-6
1.553467875e-06	1.33863448e-06	-6
1.543467875e-06	1.321313972e-06	-6
1.533467875e-06	1.303993464e-06	-6
1.523467875e-06	1.286672956e-06	-6
1.513467875e-06	1.269352448e-06	-6
1.503467875e-06	1.25203194e-06	-6
1.493467875e-06	1.234711432e-06	-6
1.483467875e-06	1.217390924e-06	-6
1.473467875e-06	1.200070416e-06	-6
1.463467875e-06	1.182749907e-06	-6
1.453467875e-06	1.165429399e-06	-6
1.443467875e-06	1.148108891e-06	-6
1.433467875e-06	1.130788383e-06	-6
1.423467875e-06	1.113467875e-06	-6
1.413467875e-06	1.096147367e-06	-6
1.403467875e-06	1.078826859e-06	-6
1.393467875e-06	1.061506351e-06	-6
1.383467875e-06	1.044185843e-06	-6
1.373467875e-06	1.026865335e-06	-6
1.363467875e-06	1.009544827e-06	-6
1.353467875e-06	9.922243186e-07	-6
1.343467875e-06	9.749038106e-07	-6
1.333467875e-06	9.575833025e-07	-6
1.323467875e-06	9.402627944e-07	-6
1.313467875e-06	9.229422863e-07	-6
1.303467875e-06	9.056217783e-07	-6
1.293467875e-06	8.883012702e-07	-6
1.283467875e-06	8.709807621e-07	-6
1.273467875e-06	8.53660254e-07	-6
1.263467875e-06	8.36339746e-07	-6
1.253467875e-06	8.190192379e-07	-6
1.243467875e-06	8.016987298e-07	-6
1.233467875e-06	7.843782217e-07	-6
1.223467875e-06	7.670577137e-07	-6
1.213467875e-06	7.497372056e-07	-6
1.203467875e-06	7.324166975e-07	-6
1.193467875e-06	7.150961894e-07	-6
1.183467875e-06	6.977756814e-07	-6
1.173467875e-06	6.804551733e-07	-6
1.163467875e-06	6.631346652e-07	-6
1.153467875e-06	6.458141571e-07	-6
1.143467875e-06	6.284936491e-07	-6
1.133467875e-06	6.11173141e-07	-6
1.123467875e-06	5.938526329e-07	-6
1.113467875e-06	5.765321248e-07	-6
1.103467875e-06	5.592116168e-07	-6
1.093467875e-06	5.418911087e-07	-6
1.083467875e-06	5.245706006e-07	-6
1.073467875e-06	5.072500925e-07	-6
1.063467875e-06	4.899295844e-07	-6
1.053467875e-06	4.726090764e-07	-6
1.043467875e-06	4.552885683e-07	-6
1.033467875e-06	4.379680602e-07	-6
1.023467875e-06	4.206475521e-07	-6
1.013467875e-06	4.033270441e-07	-6
1.003467875e-06	3.86006536e-07	-6
9.934678752e-07	3.686860279e-07	-6
9.834678752e-07	3.513655198e-07	-6
9.734678752e-07	3.340450118e-07	-6
9.634678752e-07	3.167245037e-07	-6
9.534678752e-07	2.994039956e-07	-6
9.434678752e-07	2.820834875e-07	-6
9.334678752e-07	2.647629795e-07	-6
9.234678752e-07	2.474424714e-07	-6
9.134678752e-07	2.301219633e-07	-6
9.034678752e-07	2.128014552e-07	-6
8.934678752e-07	1.954809472e-07	-6
8.934678752e-07	1.954809472e-07	0
8.761473671e-07	2.054809472e-07	0
8.761473671e-07	2.054809472e-07	-6
8.761473671e-07	2.054809472e-07	-6
8.761473671e-07	2.054809472e-07	-6
8.761473671e-07	2.054809472e-07	-6
8.761473671e-07	2.054809472e-07	-6
8.761473671e-07	2.054809472e-07	-6
8.761473671e-07	2.054809472e-07	-6
8.761473671e-07	2.054809472e-07	-6
8.761473671e-07	2.054809472e-07	-6
8.761473671e-07	2.054809472e-07	-6
8.761473671e-07	2.054809472e-07	-6
8.861473671e-07	2.228014552e-07	-6
8.961473671e-07	2.401219633e-07	-6
9.061473671e-07	2.574424714e-07	-6
9.161473671e-07	2.747629795e-07	-6
9.261473671e-07	2.920834875e-07	-6
9.361473671e-07	3.094039956e-07	-6
9.461473671e-07	3.267245037e-07	-6
9.561473671e-07	3.440450118e-07	-6
9.661473671e-07	3.613655198e-07	-6
9.761473671e-07	3.786860279e-07	-6
9.861473671e-07	3.96006536e-07	-6
9.961473671e-07	4.133270441e-07	-6
1.006147367e-06	4.306475521e-07	-6
1.016147367e-06	4.479680602e-07	-6
1.026147367e-06	4.652885683e-07	-6
1.036147367e-06	4.826090764e-07	-6
1.046147367e-06	4.999295844e-07	-6
1.056147367e-06	5.172500925e-07	-6
1.066147367e-06	5.345706006e-07	-6
1.076147367e-06	5.518911087e-07	-6
1.086147367e-06	5.692116168e-07	-6
1.096147367e-06	5.865321248e-07	-6
1.106147367e-06	6.038526329e-07	-6
1.116147367e-06	6.21173141e-07	-6
1.126147367e-06	6.384936491e-07	-6
1.136147367e-06	6.558141571e-07	-6
1.146147367e-06	6.731346652e-07	-6
1.156147367e-06	6.904551733e-07	-6
1.166147367e-06	7.077756814e-07	-6
1.176147367e-06	7.250961894e-07	-6
1.186147367e-06	7.424166975e-07	-6
1.196147367e-06	7.597372056e-07	-6
1.206147367e-06	7.770577137e-07	-6
1.216147367e-06	7.943782217e-07	-6
1.226147367e-06	8.116987298e-07	-6
1.236147367e-06	8.290192379e-07	-6
1.246147367e-06	8.46339746e-07	-6
1.256147367e-06	8.63660254e-07	-6
1.266147367e-06	8.809807621e-07	-6
1.276147367e-06	8.983012702e-07	-6
1.286147367e-06	9.156217783e-07	-6
1.296147367e-06	9.329422863e-07	-6
1.306147367e-06	9.502627944e-07	-6
1.316147367e-06	9.675833025e-07	-6
1.326147367e-06	9.849038106e-07	-6
1.336147367e-06	1.002224319e-06	-6
1.346147367e-06	1.019544827e-06	-6
1.356147367e-06	1.036865335e-06	-6
1.366147367e-06	1.054185843e-06	-6
1.376147367e-06	1.071506351e-06	-6
1.386147367e-06	1.088826859e-06	-6
1.396147367e-06	1.106147367e-06	-6
1.406147367e-06	1.123467875e-06	-6
1.416147367e-06	1.140788383e-06	-6
1.426147367e-06	1.158108891e-06	-6
1.436147367e-06	1.175429399e-06	-6
1.446147367e-06	1.192749907e-06	-6
1.456147367e-06	1.210070416e-06	-6
1.466147367e-06	1.227390924e-06	-6
1.476147367e-06	1.244711432e-06	-6
1.486147367e-06	1.26203194e-06	-6
1.496147367e-06	1.279352448e-06	-6
1.506147367e-06	1.296672956e-06	-6
1.516147367e-06	1.313993464e-06	-6
1.526147367e-06	1.331313972e-06	-6
1.536147367e-06	1.34863448e-06	-6
1.546147367e-06	1.365954988e-06	-6
1.556147367e-06	1.383275496e-06	-6
1.566147367e-06	1.400596004e-06	-6
1.576147367e-06	1.417916512e-06	-6
1.586147367e-06	1.435237021e-06	-6
1.596147367e-06	1.452557529e-06	-6
1.606147367e-06	1.469878037e-06	-6
1.616147367e-06	1.487198545e-06	-6
1.626147367e-06	1.504519053e-06	-6
1.626147367e-06	1.504519053e-06	6
1.626147367e-06	1.504519053e-06	6
1.626147367e-06	1.504519053e-06	6
1.626147367e-06	1.504519053e-06	6
1.626147367e-06	1.504519053e-06	6
1.626147367e-06	1.504519053e-06	6
1.626147367e-06	1.504519053e-06	6
1.626147367e-06	1.504519053e-06	6
1.626147367e-06	1.504519053e-06	6
1.626147367e-06	1.504519053e-06	6
1.626147367e-06	1.504519053e-06	6
1.616147367e-06	1.487198545e-06	6
1.606147367e-06	1.469878037e-06	6
1.596147367e-06	1.452557529e-06	6
1.586147367e-06	1.435237021e-06	6
1.576147367e-06	1.417916512e-06	6
1.566147367e-06	1.400596004e-06	6
1.556147367e-06	1.383275496e-06	6
1.546147367e-06	1.365954988e-06	6
1.536147367e-06	1.34863448e-06	6
1.526147367e-06	1.331313972e-06	6
1.516147367e-06	1.313993464e-06	6
1.506147367e-06	1.296672956e-06	6
1.496147367e-06	1.279352448e-06	6
1.486147367e-06	1.26203194e-06	6
1.476147367e-06	1.244711432e-06	6
1.466147367e-06	1.227390924e-06	6
1.456147367e-06	1.210070416e-06	6
1.446147367e-06	1.192749907e-06	6
1.436147367e-06	1.175429399e-06	6
1.426147367e-06	1.158108891e-06	6
1.416147367e-06	1.140788383e-06	6
1.406147367e-06	1.123467875e-06	6
1.396147367e-06	1.106147367e-06	6
1.386147367e-06	1.088826859e-06	6
1.376147367e-06	1.071506351e-06	6
1.366147367e-06	1.054185843e-06	6
1.356147367e-06	1.036865335e-06	6
1.346147367e-06	1.019544827e-06	6
1.336147367e-06	1.002224319e-06	6
1.326147367e-06	9.849038106e-07	6
1.316147367e-06	9.675833025e-07	6
1.306147367e-06	9.502627944e-07	6
1.296147367e-06	9.329422863e-07	6
1.286147367e-06	9.156217783e-07	6
1.276147367e-06	8.983012702e-07	6
1.266147367e-06	8.809807621e-07	6
1.256147367e-06	8.63660254e-07	6
1.246147367e-06	8.46339746e-07	6
1.236147367e-06	8.290192379e-07	6
1.226147367e-06	8.116987298e-07	6
1.216147367e-06	7.943782217e-07	6
1.206147367e-06	7.770577137e-07	6
1.196147367e-06	7.597372056e-07	6
1.186147367e-06	7.424166975e-07	6
1.176147367e-06	7.250961894e-07	6
1.166147367e-06	7.077756814e-07	6
1.156147367e-06	6.904551733e-07	6
1.146147367e-06	6.731346652e-07	6
1.136147367e-06	6.558141571e-07	6
1.126147367e-06	6.384936491e-07	6
1.116147367e-06	6.21173141e-07	6
1.106147367e-06	6.038526329e-07	6
1.096147367e-06	5.865321248e-07	6
1.086147367e-06	5.692116168e-07	6
1.076147367e-06	5.518911087e-07	6
1.066147367e-06	5.345706006e-07	6
1.056147367e-06	5.172500925e-07	6
1.046147367e-06	4.999295844e-07	6
1.036147367e-06	4.826090764e-07	6
1.026147367e-06	4.652885683e-07	6
1.016147367e-06	4.479680602e-07	6
1.006147367e-06	4.306475521e-07	6
9.961473671e-07	4.133270441e-07	6
9.861473671e-07	3.96006536e-07	6
9.761473671e-07	3.786860279e-07	6
9.661473671e-07	3.613655198e-07	6
9.561473671e-07	3.440450118e-07	6
9.461473671e-07	3.267245037e-07	6
9.361473671e-07	3.094039956e-07	6
9.261473671e-07	2.920834875e-07	6
9.161473671e-07	2.747629795e-07	6
9.061473671e-07	2.574424714e-07	6
8.961473671e-07	2.401219633e-07	6
8.861473671e-07	2.228014552e-07	6
8.761473671e-07	2.054809472e-07	6
8.761473671e-07	2.054809472e-07	0
8.58826859e-07	2.154809472e-07	0
8.58826859e-07	2.154809472e-07	6
8.58826859e-07	2.154809472e-07	6
8.58826859e-07	2.154809472e-07	6
8.58826859e-07	2.154809472e-07	6
8.58826859e-07	2.154809472e-07	6
8.58826859e-07	2.154809472e-07	6
8.58826859e-07	2.154809472e-07	6
8.58826859e-07	2.154809472e-07	6
8.58826859e-07	2.154809472e-07	6
8.58826859e-07	2.154809472e-07	6
8.58826859e-07	2.154809472e-07	6
8.68826859e-07	2.328014552e-07	6
8.78826859e-07	2.501219633e-07	6
8.88826859e-07	2.674424714e-07	6
8.98826859e-07	2.847629795e-07	6
9.08826859e-07	3.020834875e-07	6
9.18826859e-07	3.194039956e-07	6
9.28826859e-07	3.367245037e-07	6
9.38826859e-07	3.540450118e-07	6
9.48826859e-07	3.713655198e-07	6
9.58826859e-07	3.886860279e-07	6
9.68826859e-07	4.06006536e-07	6
9.78826859e-07	4.233270441e-07	6
9.88826859e-07	4.406475521e-07	6
9.98826859e-07	4.579680602e-07	6
1.008826859e-06	4.752885683e-07	6
1.018826859e-06	4.926090764e-07	6
1.028826859e-06	5.099295844e-07	6
1.038826859e-06	5.272500925e-07	6
1.048826859e-06	5.445706006e-07	6
1.058826859e-06	5.618911087e-07	6
1.068826859e-06	5.792116168e-07	6
1.078826859e-06	5.965321248e-07	6
1.088826859e-06	6.138526329e-07	6
1.098826859e-06	6.31173141e-07	6
1.108826859e-06	6.484936491e-07	6
1.118826859e-06	6.658141571e-07	6
1.128826859e-06	6.831346652e-07	6
1.138826859e-06	7.004551733e-07	6
1.148826859e-06	7.177756814e-07	6
1.158826859e-06	7.350961894e-07	6
1.168826859e-06	7.524166975e-07	6
1.178826859e-06	7.697372056e-07	6
1.188826859e-06	7.870577137e-07	6
1.198826859e-06	8.043782217e-07	6
1.208826859e-06	8.216987298e-07	6
1.218826859e-06	8.390192379e-07	6
1.228826859e-06	8.56339746e-07	6
1.238826859e-06	8.73660254e-07	6
1.248826859e-06	8.909807621e-07	6
1.258826859e-06	9.083012702e-07	6
1.268826859e-06	9.256217783e-07	6
1.278826859e-06	9.429422863e-07	6
1.288826859e-06	9.602627944e-07	6
1.298826859e-06	9.775833025e-07	6
1.308826859e-06	9.949038106e-07	6
1.318826859e-06	1.012224319e-06	6
1.328826859e-06	1.029544827e-06	6
1.338826859e-06	1.046865335e-06	6
1.348826859e-06	1.064185843e-06	6
1.358826859e-06	1.081506351e-06	6
1.368826859e-06	1.098826859e-06	6
1.378826859e-06	1.116147367e-06	6
1.388826859e-06	1.133467875e-06	6
1.398826859e-06	1.150788383e-06	6
1.408826859e-06	1.168108891e-06	6
1.418826859e-06	1.185429399e-06	6
1.428826859e-06	1.202749907e-06	6
1.438826859e-06	1.220070416e-06	6
1.448826859e-06	1.237390924e-06	6
1.458826859e-06	1.254711432e-06	6
1.468826859e-06	1.27203194e-06	6
1.478826859e-06	1.289352448e-06	6
1.488826859e-06	1.306672956e-06	6
1.498826859e-06	1.323993464e-06	6
1.508826859e-06	1.341313972e-06	6
1.518826859e-06	1.35863448e-06	6
1.528826859e-06	1.375954988e-06	6
1.538826859e-06	1.393275496e-06	6
1.548826859e-06	1.410596004e-06	6
1.558826859e-06	1.427916512e-06	6
1.568826859e-06	1.445237021e-06	6
1.578826859e-06	1.462557529e-06	6
1.588826859e-06	1.479878037e-06	6
1.598826859e-06	1.497198545e-06	6
1.608826859e-06	1.514519053e-06	6
1.608826859e-06	1.514519053e-06	-6
1.608826859e-06	1.514519053e-06	-6
1.608826859e-06	1.514519053e-06	-6
1.608826859e-06	1.514519053e-06	-6
1.608826859e-06	1.514519053e-06	-6
1.608826859e-06	1.514519053e-06	-6
1.608826859e-06	1.514519053e-06	-6
1.608826859e-06	1.514519053e-06	-6
1.608826859e-06	1.514519053e-06	-6
1.608826859e-06	1.514519053e-06	-6
1.608826859e-06	1.514519053e-06	-6
1.598826859e-06	1.497198545e-06	-6
1.588826859e-06	1.479878037e-06	-6
1.578826859e-06	1.462557529e-06	-6
1.568826859e-06	1.445237021e-06	-6
1.558826859e-06	1.427916512e-06	-6
1.548826859e-06	1.410596004e-06	-6
1.538826859e-06	1.393275496e-06	-6
1.528826859e-06	1.375954988e-06	-6
1.518826859e-06	1.35863448e-06	-6
1.508826859e-06	1.341313972e-06	-6
1.498826859e-06	1.323993464e-06	-6
1.488826859e-06	1.306672956e-06	-6
1.478826859e-06	1.289352448e-06	-6
1.468826859e-06	1.27203194e-06	-6
1.458826859e-06	1.254711432e-06	-6
1.448826859e-06	1.237390924e-06	-6
1.438826859e-06	1.220070416e-06	-6
1.428826859e-06	1.202749907e-06	-6
1.418826859e-06	1.185429399e-06	-6
1.408826859e-06	1.168108891e-06	-6
1.398826859e-06	1.150788383e-06	-6
1.388826859e-06	1.133467875e-06	-6
1.378826859e-06	1.116147367e-06	-6
1.368826859e-06	1.098826859e-06	-6
1.358826859e-06	1.081506351e-06	-6
1.348826859e-06	1.064185843e-06	-6
1.338826859e-06	1.046865335e-06	-6
1.328826859e-06	1.029544827e-06	-6
1.318826859e-06	1.012224319e-06	-6
1.308826859e-06	9.949038106e-07	-6
1.298826859e-06	9.775833025e-07	-6
1.288826859e-06	9.602627944e-07	-6
1.278826859e-06	9.429422863e-07	-6
1.268826859e-06	9.256217783e-07	-6
1.258826859e-06	9.083012702e-07	-6
1.248826859e-06	8.909807621e-07	-6
1.238826859e-06	8.73660254e-07	-6
1.228826859e-06	8.56339746e-07	-6
1.218826859e-06	8.390192379e-07	-6
1.208826859e-06	8.216987298e-07	-6
1.198826859e-06	8.043782217e-07	-6
1.188826859e-06	7.870577137e-07	-6
1.178826859e-06	7.697372056e-07	-6
1.168826859e-06	7.524166975e-07	-6
1.158826859e-06	7.350961894e-07	-6
1.148826859e-06	7.177756814e-07	-6
1.138826859e-06	7.004551733e-07	-6
1.128826859e-06	6.831346652e-07	-6
1.118826859e-06	6.658141571e-07	-6
1.108826859e-06	6.484936491e-07	-6
1.098826859e-06	6.31173141e-07	-6
1.088826859e-06	6.138526329e-07	-6
1.078826859e-06	5.965321248e-07	-6
1.068826859e-06	5.792116168e-07	-6
1.058826859e-06	5.618911087e-07	-6
1.048826859e-06	5.445706006e-07	-6
1.038826859e-06	5.272500925e-07	-6
1.028826859e-06	5.099295844e-07	-6
1.018826859e-06	4.926090764e-07	-6
1.008826859e-06	4.752885683e-07	-6
9.98826859e-07	4.579680602e-07	-6
9.88826859e-07	4.406475521e-07	-6
9.78826859e-07	4.233270441e-07	-6
9.68826859e-07	4.06006536e-07	-6
9.58826859e-07	3.886860279e-07	-6
9.48826859e-07	3.713655198e-07	-6
9.38826859e-07	3.540450118e-07	-6
9.28826859e-07	3.367245037e-07	-6
9.18826859e-07	3.194039956e-07	-6
9.08826859e-07	3.020834875e-07	-6
8.98826859e-07	2.847629795e-07	-6
8.88826859e-07	2.674424714e-07	-6
8.78826859e-07	2.501219633e-07	-6
8.68826859e-07	2.328014552e-07	-6
8.58826859e-07	2.154809472e-07	-6
8.58826859e-07	2.154809472e-07	0
8.415063509e-07	2.254809472e-07	0
8.415063509e-07	2.254809472e-07	-6
8.415063509e-07	2.254809472e-07	-6
8.415063509e-07	2.254809472e-07	-6
8.415063509e-07	2.254809472e-07	-6
8.415063509e-07	2.254809472e-07	-6
8.415063509e-07	2.254809472e-07	-6
8.415063509e-07	2.254809472e-07	-6
8.415063509e-07	2.254809472e-07	-6
8.415063509e-07	2.254809472e-07	-6
8.415063509e-07	2.254809472e-07	-6
8.415063509e-07	2.254809472e-07	-6
8.515063509e-07	2.428014552e-07	-6
8.615063509e-07	2.601219633e-07	-6
8.715063509e-07	2.774424714e-07	-6
8.815063509e-07	2.947629795e-07	-6
8.915063509e-07	3.120834875e-07	-6
9.015063509e-07	3.294039956e-07	-6
9.115063509e-07	3.467245037e-07	-6
9.215063509e-07	3.640450118e-07	-6
9.315063509e-07	3.813655198e-07	-6
9.415063509e-07	3.986860279e-07	-6
9.515063509e-07	4.16006536e-07	-6
9.615063509e-07	4.333270441e-07	-6
9.715063509e-07	4.506475521e-07	-6
9.815063509e-07	4.679680602e-07	-6
9.915063509e-07	4.852885683e-07	-6
1.001506351e-06	5.026090764e-07	-6
1.011506351e-06	5.199295844e-07	-6
1.021506351e-06	5.372500925e-07	-6
1.031506351e-06	5.545706006e-07	-6
1.041506351e-06	5.718911087e-07	-6
1.051506351e-06	5.892116168e-07	-6
1.061506351e-06	6.065321248e-07	-6
1.071506351e-06	6.238526329e-07	-6
1.081506351e-06	6.41173141e-07	-6
1.091506351e-06	6.584936491e-07	-6
1.101506351e-06	6.758141571e-07	-6
1.111506351e-06	6.931346652e-07	-6
1.121506351e-06	7.104551733e-07	-6
1.131506351e-06	7.277756814e-07	-6
1.141506351e-06	7.450961894e-07	-6
1.151506351e-06	7.624166975e-07	-6
1.161506351e-06	7.797372056e-07	-6
1.171506351e-06	7.970577137e-07	-6
1.181506351e-06	8.143782217e-07	-6
1.191506351e-06	8.316987298e-07	-6
1.201506351e-06	8.490192379e-07	-6
1.211506351e-06	8.66339746e-07	-6
1.221506351e-06	8.83660254e-07	-6
1.231506351e-06	9.009807621e-07	-6
1.241506351e-06	9.183012702e-07	-6
1.251506351e-06	9.356217783e-07	-6
1.261506351e-06	9.529422863e-07	-6
1.271506351e-06	9.702627944e-07	-6
1.281506351e-06	9.875833025e-07	-6
1.291506351e-06	1.004903811e-06	-6
1.301506351e-06	1.022224319e-06	-6
1.311506351e-06	1.039544827e-06	-6
1.321506351e-06	1.056865335e-06	-6
1.331506351e-06	1.074185843e-06	-6
1.341506351e-06	1.091506351e-06	-6
1.351506351e-06	1.108826859e-06	-6
1.361506351e-06	1.126147367e-06	-6
1.371506351e-06	1.143467875e-06	-6
1.381506351e-06	1.160788383e-06	-6
1.391506351e-06	1.178108891e-06	-6
1.401506351e-06	1.195429399e-06	-6
1.411506351e-06	1.212749907e-06	-6
1.421506351e-06	1.230070416e-06	-6
1.431506351e-06	1.247390924e-06	-6
1.441506351e-06	1.264711432e-06	-6
1.451506351e-06	1.28203194e-06	-6
1.461506351e-06	1.299352448e-06	-6
1.471506351e-06	1.316672956e-06	-6
1.481506351e-06	1.333993464e-06	-6
1.491506351e-06	1.351313972e-06	-6
1.501506351e-06	1.36863448e-06	-6
1.511506351e-06	1.385954988e-06	-6
1.521506351e-06	1.403275496e-06	-6
1.531506351e-06	1.420596004e-06	-6
1.541506351e-06	1.437916512e-06	-6
1.551506351e-06	1.455237021e-06	-6
1.561506351e-06	1.472557529e-06	-6
1.571506351e-06	1.489878037e-06	-6
1.581506351e-06	1.507198545e-06	-6
1.591506351e-06	1.524519053e-06	-6
1.591506351e-06	1.524519053e-06	6
1.591506351e-06	1.524519053e-06	6
1.591506351e-06	1.524519053e-06	6
1.591506351e-06	1.524519053e-06	6
1.591506351e-06	1.524519053e-06	6
1.591506351e-06	1.524519053e-06	6
1.591506351e-06	1.524519053e-06	6
1.591506351e-06	1.524519053e-06	6
1.591506351e-06	1.524519053e-06	6
1.591506351e-06	1.524519053e-06	6
1.591506351e-06	1.524519053e-06	6
1.581506351e-06	1.507198545e-06	6
1.571506351e-06	1.489878037e-06	6
1.561506351e-06	1.472557529e-06	6
1.551506351e-06	1.455237021e-06	6
1.541506351e-06	1.437916512e-06	6
1.531506351e-06	1.420596004e-06	6
1.521506351e-06	1.403275496e-06	6
1.511506351e-06	1.385954988e-06	6
1.501506351e-06	1.36863448e-06	6
1.491506351e-06	1.351313972e-06	6
1.481506351e-06	1.333993464e-06	6
1.471506351e-06	1.316672956e-06	6
1.461506351e-06	1.299352448e-06	6
1.451506351e-06	1.28203194e-06	6
1.441506351e-06	1.264711432e-06	6
1.431506351e-06	1.247390924e-06	6
1.421506351e-06	1.230070416e-06	6
1.411506351e-06	1.212749907e-06	6
1.401506351e-06	1.195429399e-06	6
1.391506351e-06	1.178108891e-06	6
1.381506351e-06	1.160788383e-06	6
1.371506351e-06	1.143467875e-06	6
1.361506351e-06	1.126147367e-06	6
1.351506351e-06	1.108826859e-06	6
1.341506351e-06	1.091506351e-06	6
1.331506351e-06	1.074185843e-06	6
1.321506351e-06	1.056865335e-06	6
1.311506351e-06	1.039544827e-06	6
1.301506351e-06	1.022224319e-06	6
1.291506351e-06	1.004903811e-06	6
1.281506351e-06	9.875833025e-07	6
1.271506351e-06	9.702627944e-07	6
1.261506351e-06	9.529422863e-07	6
1.251506351e-06	9.356217783e-07	6
1.241506351e-06	9.183012702e-07	6
1.231506351e-06	9.009807621e-07	6
1.221506351e-06	8.83660254e-07	6
1.211506351e-06	8.66339746e-07	6
1.201506351e-06	8.490192379e-07	6
1.191506351e-06	8.316987298e-07	6
1.181506351e-06	8.143782217e-07	6
1.171506351e-06	7.970577137e-07	6
1.161506351e-06	7.797372056e-07	6
1.151506351e-06	7.624166975e-07	6
1.141506351e-06	7.450961894e-07	6
1.131506351e-06	7.277756814e-07	6
1.121506351e-06	7.104551733e-07	6
1.111506351e-06	6.931346652e-07	6
1.101506351e-06	6.758141571e-07	6
1.091506351e-06	6.584936491e-07	6
1.081506351e-06	6.41173141e-07	6
1.071506351e-06	6.238526329e-07	6
1.061506351e-06	6.065321248e-07	6
1.051506351e-06	5.892116168e-07	6
1.041506351e-06	5.718911087e-07	6
1.031506351e-06	5.545706006e-07	6
1.021506351e-06	5.372500925e-07	6
1.011506351e-06	5.199295844e-07	6
1.001506351e-06	5.026090764e-07	6
9.915063509e-07	4.852885683e-07	6
9.815063509e-07	4.679680602e-07	6
9.715063509e-07	4.506475521e-07	6
9.615063509e-07	4.333270441e-07	6
9.515063509e-07	4.16006536e-07	6
9.415063509e-07	3.986860279e-07	6
9.315063509e-07	3.813655198e-07	6
9.215063509e-07	3.640450118e-07	6
9.115063509e-07	3.467245037e-07	6
9.015063509e-07	3.294039956e-07	6
8.915063509e-07	3.120834875e-07	6
8.815063509e-07	2.947629795e-07	6
8.715063509e-07	2.774424714e-07	6
8.615063509e-07	2.601219633e-07	6
8.515063509e-07	2.428014552e-07	6
8.415063509e-07	2.254809472e-07	6
8.415063509e-07	2.254809472e-07	0
8.328460969e-07	2.304809472e-07	0
8.241858429e-07	2.354809472e-07	0
8.241858429e-07	2.354809472e-07	6
8.241858429e-07	2.354809472e-07	6
8.241858429e-07	2.354809472e-07	6
8.241858429e-07	2.354809472e-07	6
8.241858429e-07	2.354809472e-07	6
8.241858429e-07	2.354809472e-07	6
8.241858429e-07	2.354809472e-07	6
8.241858429e-07	2.354809472e-07	6
8.241858429e-07	2.354809472e-07	6
8.241858429e-07	2.354809472e-07	6
8.241858429e-07	2.354809472e-07	6
8.340542639e-07	2.525735538e-07	6
8.43922685e-07	2.696661605e-07	6
8.53791106e-07	2.867587671e-07	6
8.636595271e-07	3.038513738e-07	6
8.735279481e-07	3.209439804e-07	6
8.833963692e-07	3.380365871e-07	6
8.932647902e-07	3.551291937e-07	6
9.031332113e-07	3.722218004e-07	6
9.130016323e-07	3.89314407e-07	6
9.228700534e-07	4.064070137e-07	6
9.327384744e-07	4.234996204e-07	6
9.426068955e-07	4.40592227e-07	6
9.524753166e-07	4.576848337e-07	6
9.623437376e-07	4.747774403e-07	6
9.722121587e-07	4.91870047e-07	6
9.820805797e-07	5.089626536e-07	6
9.919490008e-07	5.260552603e-07	6
1.001817422e-06	5.431478669e-07	6
1.011685843e-06	5.602404736e-07	6
1.021554264e-06	5.773330802e-07	6
1.031422685e-06	5.944256869e-07	6
1.041291106e-06	6.115182935e-07	6
1.051159527e-06	6.286109002e-07	6
1.061027948e-06	6.457035068e-07	6
1.070896369e-06	6.627961135e-07	6
1.08076479e-06	6.798887202e-07	6
1.090633211e-06	6.969813268e-07	6
1.100501632e-06	7.140739335e-07	6
1.110370053e-06	7.311665401e-07	6
1.120238474e-06	7.482591468e-07	6
1.130106896e-06	7.653517534e-07	6
1.139975317e-06	7.824443601e-07	6
1.149843738e-06	7.995369667e-07	6
1.159712159e-06	8.166295734e-07	6
1.16958058e-06	8.3372218e-07	6
1.179449001e-06	8.508147867e-07	6
1.189317422e-06	8.679073933e-07	6
1.199185843e-06	8.85e-07	6
1.209054264e-06	9.020926067e-07	6
1.218922685e-06	9.191852133e-07	6
1.228791106e-06	9.3627782e-07	6
1.238659527e-06	9.533704266e-07	6
1.248527948e-06	9.704630333e-07	6
1.258396369e-06	9.875556399e-07	6
1.26826479e-06	1.004648247e-06	6
1.278133211e-06	1.021740853e-06	6
1.288001632e-06	1.03883346e-06	6
1.297870053e-06	1.055926067e-06	6
1.307738474e-06	1.073018673e-06	6
1.317606896e-06	1.09011128e-06	6
1.327475317e-06	1.107203886e-06	6
1.337343738e-06	1.124296493e-06	6
1.347212159e-06	1.1413891e-06	6
1.35708058e-06	1.158481706e-06	6
1.366949001e-06	1.175574313e-06	6
1.376817422e-06	1.19266692e-06	6
1.386685843e-06	1.209759526e-06	6
1.396554264e-06	1.226852133e-06	6
1.406422685e-06	1.24394474e-06	6
1.416291106e-06	1.261037346e-06	6
1.426159527e-06	1.278129953e-06	6
1.436027948e-06	1.29522256e-06	6
1.445896369e-06	1.312315166e-06	6
1.45576479e-06	1.329407773e-06	6
1.465633211e-06	1.34650038e-06	6
1.475501632e-06	1.363592986e-06	6
1.485370053e-06	1.380685593e-06	6
1.495238474e-06	1.3977782e-06	6
1.505106896e-06	1.414870806e-06	6
1.514975317e-06	1.431963413e-06	6
1.524843738e-06	1.44905602e-06	6
1.534712159e-06	1.466148626e-06	6
1.54458058e-06	1.483241233e-06	6
1.554449001e-06	1.50033384e-06	6
1.564317422e-06	1.517426446e-06	6
1.574185843e-06	1.534519053e-06	6
1.574185843e-06	1.534519053e-06	-6
1.574185843e-06	1.534519053e-06	-6
1.574185843e-06	1.534519053e-06	-6
1.574185843e-06	1.534519053e-06	-6
1.574185843e-06	1.534519053e-06	-6
1.574185843e-06	1.534519053e-06	-6
1.574185843e-06	1.534519053e-06	-6
1.574185843e-06	1.534519053e-06	-6
1.574185843e-06	1.534519053e-06	-6
1.574185843e-06	1.534519053e-06	-6
1.574185843e-06	1.534519053e-06	-6
1.564317422e-06	1.517426446e-06	-6
1.554449001e-06	1.50033384e-06	-6
1.54458058e-06	1.483241233e-06	-6
1.534712159e-06	1.466148626e-06	-6
1.524843738e-06	1.44905602e-06	-6
1.514975317e-06	1.431963413e-06	-6
1.505106896e-06	1.414870806e-06	-6
1.495238474e-06	1.3977782e-06	-6
1.485370053e-06	1.380685593e-06	-6
1.475501632e-06	1.363592986e-06	-6
1.465633211e-06	1.34650038e-06	-6
1.45576479e-06	1.329407773e-06	-6
1.445896369e-06	1.312315166e-06	-6
1.436027948e-06	1.29522256e-06	-6
1.426159527e-06	1.278129953e-06	-6
1.416291106e-06	1.261037346e-06	-6
1.406422685e-06	1.24394474e-06	-6
1.396554264e-06	1.226852133e-06	-6
1.386685843e-06	1.209759526e-06	-6
1.376817422e-06	1.19266692e-06	-6
1.366949001e-06	1.175574313e-06	-6
1.35708058e-06	1.158481706e-06	-6
1.347212159e-06	1.1413891e-06	-6
1.337343738e-06	1.124296493e-06	-6
1.327475317e-06	1.107203886e-06	-6
1.317606896e-06	1.09011128e-06	-6
1.307738474e-06	1.073018673e-06	-6
1.297870053e-06	1.055926067e-06	-6
1.288001632e-06	1.03883346e-06	-6
1.278133211e-06	1.021740853e-06	-6
1.26826479e-06	1.004648247e-06	-6
1.258396369e-06	9.875556399e-07	-6
1.248527948e-06	9.704630333e-07	-6
1.238659527e-06	9.533704266e-07	-6
1.228791106e-06	9.3627782e-07	-6
1.218922685e-06	9.191852133e-07	-6
1.209054264e-06	9.020926067e-07	-6
1.199185843e-06	8.85e-07	-6
1.189317422e-06	8.679073933e-07	-6
1.179449001e-06	8.508147867e-07	-6
1.16958058e-06	8.3372218e-07	-6
1.159712159e-06	8.166295734e-07	-6
1.149843738e-06	7.995369667e-07	-6
1.139975317e-06	7.824443601e-07	-6
1.130106896e-06	7.653517534e-07	-6
1.120238474e-06	7.482591468e-07	-6
1.110370053e-06	7.311665401e-07	-6
1.100501632e-06	7.140739335e-07	-6
1.090633211e-06	6.969813268e-07	-6
1.08076479e-06	6.798887202e-07	-6
1.070896369e-06	6.627961135e-07	-6
1.061027948e-06	6.457035068e-07	-6
1.051159527e-06	6.286109002e-07	-6
1.041291106e-06	6.115182935e-07	-6
1.031422685e-06	5.944256869e-07	-6
1.021554264e-06	5.773330802e-07	-6
1.011685843e-06	5.602404736e-07	-6
1.001817422e-06	5.431478669e-07	-6
9.919490008e-07	5.260552603e-07	-6
9.820805797e-07	5.089626536e-07	-6
9.722121587e-07	4.91870047e-07	-6
9.623437376e-07	4.747774403e-07	-6
9.524753166e-07	4.576848337e-07	-6
9.426068955e-07	4.40592227e-07	-6
9.327384744e-07	4.234996204e-07	-6
9.228700534e-07	4.064070137e-07	-6
9.130016323e-07	3.89314407e-07	-6
9.031332113e-07	3.722218004e-07	-6
8.932647902e-07	3.551291937e-07	-6
8.833963692e-07	3.380365871e-07	-6
8.735279481e-07	3.209439804e-07	-6
8.636595271e-07	3.038513738e-07	-6
8.53791106e-07	2.867587671e-07	-6
8.43922685e-07	2.696661605e-07	-6
8.340542639e-07	2.525735538e-07	-6
8.241858429e-07	2.354809472e-07	-6
8.241858429e-07	2.354809472e-07	0
8.068653348e-07	2.454809472e-07	0
8.068653348e-07	2.454809472e-07	-6
8.068653348e-07	2.454809472e-07	-6
8.068653348e-07	2.454809472e-07	-6
8.068653348e-07	2.454809472e-07	-6
8.068653348e-07	2.454809472e-07	-6
8.068653348e-07	2.454809472e-07	-6
8.068653348e-07	2.454809472e-07	-6
8.068653348e-07	2.454809472e-07	-6
8.068653348e-07	2.454809472e-07	-6
8.068653348e-07	2.454809472e-07	-6
8.068653348e-07	2.454809472e-07	-6
8.168653348e-07	2.628014552e-07	-6
8.268653348e-07	2.801219633e-07	-6
8.368653348e-07	2.974424714e-07	-6
8.468653348e-07	3.147629795e-07	-6
8.568653348e-07	3.320834875e-07	-6
8.668653348e-07	3.494039956e-07	-6
8.768653348e-07	3.667245037e-07	-6
8.868653348e-07	3.840450118e-07	-6
8.968653348e-07	4.013655198e-07	-6
9.068653348e-07	4.186860279e-07	-6
9.168653348e-07	4.36006536e-07	-6
9.268653348e-07	4.533270441e-07	-6
9.368653348e-07	4.706475521e-07	-6
9.468653348e-07	4.879680602e-07	-6
9.568653348e-07	5.052885683e-07	-6
9.668653348e-07	5.226090764e-07	-6
9.768653348e-07	5.399295844e-07	-6
9.868653348e-07	5.572500925e-07	-6
9.968653348e-07	5.745706006e-07	-6
1.006865335e-06	5.918911087e-07	-6
1.016865335e-06	6.092116168e-07	-6
1.026865335e-06	6.265321248e-07	-6
1.036865335e-06	6.438526329e-07	-6
1.046865335e-06	6.61173141e-07	-6
1.056865335e-06	6.784936491e-07	-6
1.066865335e-06	6.958141571e-07	-6
1.076865335e-06	7.131346652e-07	-6
1.086865335e-06	7.304551733e-07	-6
1.096865335e-06	7.477756814e-07	-6
1.106865335e-06	7.650961894e-07	-6
1.116865335e-06	7.824166975e-07	-6
1.126865335e-06	7.997372056e-07	-6
1.136865335e-06	8.170577137e-07	-6
1.146865335e-06	8.343782217e-07	-6
1.156865335e-06	8.516987298e-07	-6
1.166865335e-06	8.690192379e-07	-6
1.176865335e-06	8.86339746e-07	-6
1.186865335e-06	9.03660254e-07	-6
1.196865335e-06	9.209807621e-07	-6
1.206865335e-06	9.383012702e-07	-6
1.216865335e-06	9.556217783e-07	-6
1.226865335e-06	9.729422863e-07	-6
1.236865335e-06	9.902627944e-07	-6
1.246865335e-06	1.007583302e-06	-6
1.256865335e-06	1.024903811e-06	-6
1.266865335e-06	1.042224319e-06	-6
1.276865335e-06	1.059544827e-06	-6
1.286865335e-06	1.076865335e-06	-6
1.296865335e-06	1.094185843e-06	-6
1.306865335e-06	1.111506351e-06	-6
1.316865335e-06	1.128826859e-06	-6
1.326865335e-06	1.146147367e-06	-6
1.336865335e-06	1.163467875e-06	-6
1.346865335e-06	1.180788383e-06	-6
1.356865335e-06	1.198108891e-06	-6
1.366865335e-06	1.215429399e-06	-6
1.376865335e-06	1.232749907e-06	-6
1.386865335e-06	1.250070416e-06	-6
1.396865335e-06	1.267390924e-06	-6
1.406865335e-06	1.284711432e-06	-6
1.416865335e-06	1.30203194e-06	-6
1.426865335e-06	1.319352448e-06	-6
1.436865335e-06	1.336672956e-06	-6
1.446865335e-06	1.353993464e-06	-6
1.456865335e-06	1.371313972e-06	-6
1.466865335e-06	1.38863448e-06	-6
1.476865335e-06	1.405954988e-06	-6
1.486865335e-06	1.423275496e-06	-6
1.496865335e-06	1.440596004e-06	-6
1.506865335e-06	1.457916512e-06	-6
1.516865335e-06	1.475237021e-06	-6
1.526865335e-06	1.492557529e-06	-6
1.536865335e-06	1.509878037e-06	-6
1.546865335e-06	1.527198545e-06	-6
1.556865335e-06	1.544519053e-06	-6
1.556865335e-06	1.544519053e-06	6
1.556865335e-06	1.544519053e-06	6
1.556865335e-06	1.544519053e-06	6
1.556865335e-06	1.544519053e-06	6
1.556865335e-06	1.544519053e-06	6
1.556865335e-06	1.544519053e-06	6
1.556865335e-06	1.544519053e-06	6
1.556865335e-06	1.544519053e-06	6
1.556865335e-06	1.544519053e-06	6
1.556865335e-06	1.544519053e-06	6
1.556865335e-06	1.544519053e-06	6
1.546865335e-06	1.527198545e-06	6
1.536865335e-06	1.509878037e-06	6
1.526865335e-06	1.492557529e-06	6
1.516865335e-06	1.475237021e-06	6
1.506865335e-06	1.457916512e-06	6
1.496865335e-06	1.440596004e-06	6
1.486865335e-06	1.423275496e-06	6
1.476865335e-06	1.405954988e-06	6
1.466865335e-06	1.38863448e-06	6
1.456865335e-06	1.371313972e-06	6
1.446865335e-06	1.353993464e-06	6
1.436865335e-06	1.336672956e-06	6
1.426865335e-06	1.319352448e-06	6
1.416865335e-06	1.30203194e-06	6
1.406865335e-06	1.284711432e-06	6
1.396865335e-06	1.267390924e-06	6
1.386865335e-06	1.250070416e-06	6
1.376865335e-06	1.232749907e-06	6
1.366865335e-06	1.215429399e-06	6
1.356865335e-06	1.198108891e-06	6
1.346865335e-06	1.180788383e-06	6
1.336865335e-06	1.163467875e-06	6
1.326865335e-06	1.146147367e-06	6
1.316865335e-06	1.128826859e-06	6
1.306865335e-06	1.111506351e-06	6
1.296865335e-06	1.094185843e-06	6
1.286865335e-06	1.076865335e-06	6
1.276865335e-06	1.059544827e-06	6
1.266865335e-06	1.042224319e-06	6
1.256865335e-06	1.024903811e-06	6
1.246865335e-06	1.007583302e-06	6
1.236865335e-06	9.902627944e-07	6
1.226865335e-06	9.729422863e-07	6
1.216865335e-06	9.556217783e-07	6
1.206865335e-06	9.383012702e-07	6
1.196865335e-06	9.209807621e-07	6
1.186865335e-06	9.03660254e-07	6
1.176865335e-06	8.86339746e-07	6
1.166865335e-06	8.690192379e-07	6
1.156865335e-06	8.516987298e-07	6
1.146865335e-06	8.343782217e-07	6
1.136865335e-06	8.170577137e-07	6
1.126865335e-06	7.997372056e-07	6
1.116865335e-06	7.824166975e-07	6
1.106865335e-06	7.650961894e-07	6
1.096865335e-06	7.477756814e-07	6
1.086865335e-06	7.304551733e-07	6
1.076865335e-06	7.131346652e-07	6
1.066865335e-06	6.958141571e-07	6
1.056865335e-06	6.784936491e-07	6
1.046865335e-06	6.61173141e-07	6
1.036865335e-06	6.438526329e-07	6
1.026865335e-06	6.265321248e-07	6
1.016865335e-06	6.092116168e-07	6
1.006865335e-06	5.918911087e-07	6
9.968653348e-07	5.745706006e-07	6
9.868653348e-07	5.572500925e-07	6
9.768653348e-07	5.399295844e-07	6
9.668653348e-07	5.226090764e-07	6
9.568653348e-07	5.052885683e-07	6
9.468653348e-07	4.879680602e-07	6
9.368653348e-07	4.706475521e-07	6
9.268653348e-07	4.533270441e-07	6
9.168653348e-07	4.36006536e-07	6
9.068653348e-07	4.186860279e-07	6
8.968653348e-07	4.013655198e-07	6
8.868653348e-07	3.840450118e-07	6
8.768653348e-07	3.667245037e-07	6
8.668653348e-07	3.494039956e-07	6
8.568653348e-07	3.320834875e-07	6
8.468653348e-07	3.147629795e-07	6
8.368653348e-07	2.974424714e-07	6
8.268653348e-07	2.801219633e-07	6
8.168653348e-07	2.628014552e-07	6
8.068653348e-07	2.454809472e-07	6
8.068653348e-07	2.454809472e-07	0
7.982050808e-07	2.504809472e-07	0
7.895448267e-07	2.554809472e-07	0
7.895448267e-07	2.554809472e-07	6
7.895448267e-07	2.554809472e-07	6
7.895448267e-07	2.554809472e-07	6
7.895448267e-07	2.554809472e-07	6
7.895448267e-07	2.554809472e-07	6
7.895448267e-07	2.554809472e-07	6
7.895448267e-07	2.554809472e-07	6
7.895448267e-07	2.554809472e-07	6
7.895448267e-07	2.554809472e-07	6
7.895448267e-07	2.554809472e-07	6
7.895448267e-07	2.554809472e-07	6
7.995448267e-07	2.728014552e-07	6
8.095448267e-07	2.901219633e-07	6
8.195448267e-07	3.074424714e-07	6
8.295448267e-07	3.247629795e-07	6
8.395448267e-07	3.420834875e-07	6
8.495448267e-07	3.594039956e-07	6
8.595448267e-07	3.767245037e-07	6
8.695448267e-07	3.940450118e-07	6
8.795448267e-07	4.113655198e-07	6
8.895448267e-07	4.286860279e-07	6
8.995448267e-07	4.46006536e-07	6
9.095448267e-07	4.633270441e-07	6
9.195448267e-07	4.806475521e-07	6
9.295448267e-07	4.979680602e-07	6
9.395448267e-07	5.152885683e-07	6
9.495448267e-07	5.326090764e-07	6
9.595448267e-07	5.499295844e-07	6
9.695448267e-07	5.672500925e-07	6
9.795448267e-07	5.845706006e-07	6
9.895448267e-07	6.018911087e-07	6
9.995448267e-07	6.192116168e-07	6
1.009544827e-06	6.365321248e-07	6
1.019544827e-06	6.538526329e-07	6
1.029544827e-06	6.71173141e-07	6
1.039544827e-06	6.884936491e-07	6
1.049544827e-06	7.058141571e-07	6
1.059544827e-06	7.231346652e-07	6
1.069544827e-06	7.404551733e-07	6
1.079544827e-06	7.577756814e-07	6
1.089544827e-06	7.750961894e-07	6
1.099544827e-06	7.924166975e-07	6
1.109544827e-06	8.097372056e-07	6
1.119544827e-06	8.270577137e-07	6
1.129544827e-06	8.443782217e-07	6
1.139544827e-06	8.616987298e-07	6
1.149544827e-06	8.790192379e-07	6
1.159544827e-06	8.96339746e-07	6
1.169544827e-06	9.13660254e-07	6
1.179544827e-06	9.309807621e-07	6
1.189544827e-06	9.483012702e-07	6
1.199544827e-06	9.656217783e-07	6
1.209544827e-06	9.829422863e-07	6
1.219544827e-06	1.000262794e-06	6
1.229544827e-06	1.017583302e-06	6
1.239544827e-06	1.034903811e-06	6
1.249544827e-06	1.052224319e-06	6
1.259544827e-06	1.069544827e-06	6
1.269544827e-06	1.086865335e-06	6
1.279544827e-06	1.104185843e-06	6
1.289544827e-06	1.121506351e-06	6
1.299544827e-06	1.138826859e-06	6
1.309544827e-06	1.156147367e-06	6
1.319544827e-06	1.173467875e-06	6
1.329544827e-06	1.190788383e-06	6
1.339544827e-06	1.208108891e-06	6
1.349544827e-06	1.225429399e-06	6
1.359544827e-06	1.242749907e-06	6
1.369544827e-06	1.260070416e-06	6
1.379544827e-06	1.277390924e-06	6
1.389544827e-06	1.294711432e-06	6
1.399544827e-06	1.31203194e-06	6
1.409544827e-06	1.329352448e-06	6
1.419544827e-06	1.346672956e-06	6
1.429544827e-06	1.363993464e-06	6
1.439544827e-06	1.381313972e-06	6
1.449544827e-06	1.39863448e-06	6
1.459544827e-06	1.415954988e-06	6
1.469544827e-06	1.433275496e-06	6
1.479544827e-06	1.450596004e-06	6
1.489544827e-06	1.467916512e-06	6
1.499544827e-06	1.485237021e-06	6
1.509544827e-06	1.502557529e-06	6
1.519544827e-06	1.519878037e-06	6
1.529544827e-06	1.537198545e-06	6
1.539544827e-06	1.554519053e-06	6
1.539544827e-06	1.554519053e-06	-6
1.539544827e-06	1.554519053e-06	-6
1.539544827e-06	1.554519053e-06	-6
1.539544827e-06	1.554519053e-06	-6
1.539544827e-06	1.554519053e-06	-6
1.539544827e-06	1.554519053e-06	-6
1.539544827e-06	1.554519053e-06	-6
1.539544827e-06	1.554519053e-06	-6
1.539544827e-06	1.554519053e-06	-6
1.539544827e-06	1.554519053e-06	-6
1.539544827e-06	1.554519053e-06	-6
1.529544827e-06	1.537198545e-06	-6
1.519544827e-06	1.519878037e-06	-6
1.509544827e-06	1.502557529e-06	-6
1.499544827e-06	1.485237021e-06	-6
1.489544827e-06	1.467916512e-06	-6
1.479544827e-06	1.450596004e-06	-6
1.469544827e-06	1.433275496e-06	-6
1.459544827e-06	1.415954988e-06	-6
1.449544827e-06	1.39863448e-06	-6
1.439544827e-06	1.381313972e-06	-6
1.429544827e-06	1.363993464e-06	-6
1.419544827e-06	1.346672956e-06	-6
1.409544827e-06	1.329352448e-06	-6
1.399544827e-06	1.31203194e-06	-6
1.389544827e-06	1.294711432e-06	-6
1.379544827e-06	1.277390924e-06	-6
1.369544827e-06	1.260070416e-06	-6
1.359544827e-06	1.242749907e-06	-6
1.349544827e-06	1.225429399e-06	-6
1.339544827e-06	1.208108891e-06	-6
1.329544827e-06	1.190788383e-06	-6
1.319544827e-06	1.173467875e-06	-6
1.309544827e-06	1.156147367e-06	-6
1.299544827e-06	1.138826859e-06	-6
1.289544827e-06	1.121506351e-06	-6
1.279544827e-06	1.104185843e-06	-6
1.269544827e-06	1.086865335e-06	-6
1.259544827e-06	1.069544827e-06	-6
1.249544827e-06	1.052224319e-06	-6
1.239544827e-06	1.034903811e-06	-6
1.229544827e-06	1.017583302e-06	-6
1.219544827e-06	1.000262794e-06	-6
1.209544827e-06	9.829422863e-07	-6
1.199544827e-06	9.656217783e-07	-6
1.189544827e-06	9.483012702e-07	-6
1.179544827e-06	9.309807621e-07	-6
1.169544827e-06	9.13660254e-07	-6
1.159544827e-06	8.96339746e-07	-6
1.149544827e-06	8.790192379e-07	-6
1.139544827e-06	8.616987298e-07	-6
1.129544827e-06	8.443782217e-07	-6
1.119544827e-06	8.270577137e-07	-6
1.109544827e-06	8.097372056e-07	-6
1.099544827e-06	7.924166975e-07	-6
1.089544827e-06	7.750961894e-07	-6
1.079544827e-06	7.577756814e-07	-6
1.069544827e-06	7.404551733e-07	-6
1.059544827e-06	7.231346652e-07	-6
1.049544827e-06	7.058141571e-07	-6
1.039544827e-06	6.884936491e-07	-6
1.029544827e-06	6.71173141e-07	-6
1.019544827e-06	6.538526329e-07	-6
1.009544827e-06	6.365321248e-07	-6
9.995448267e-07	6.192116168e-07	-6
9.895448267e-07	6.018911087e-07	-6
9.795448267e-07	5.845706006e-07	-6
9.695448267e-07	5.672500925e-07	-6
9.595448267e-07	5.499295844e-07	-6
9.495448267e-07	5.326090764e-07	-6
9.395448267e-07	5.152885683e-07	-6
9.295448267e-07	4.979680602e-07	-6
9.195448267e-07	4.806475521e-07	-6
9.095448267e-07	4.633270441e-07	-6
8.995448267e-07	4.46006536e-07	-6
8.895448267e-07	4.286860279e-07	-6
8.795448267e-07	4.113655198e-07	-6
8.695448267e-07	3.940450118e-07	-6
8.595448267e-07	3.767245037e-07	-6
8.495448267e-07	3.594039956e-07	-6
8.395448267e-07	3.420834875e-07	-6
8.295448267e-07	3.247629795e-07	-6
8.195448267e-07	3.074424714e-07	-6
8.095448267e-07	2.901219633e-07	-6
7.995448267e-07	2.728014552e-07	-6
7.895448267e-07	2.554809472e-07	-6
7.895448267e-07	2.554809472e-07	0
7.722243186e-07	2.654809472e-07	0
7.722243186e-07	2.654809472e-07	-6
7.722243186e-07	2.654809472e-07	-6
7.722243186e-07	2.654809472e-07	-6
7.722243186e-07	2.654809472e-07	-6
7.722243186e-07	2.654809472e-07	-6
7.722243186e-07	2.654809472e-07	-6
7.722243186e-07	2.654809472e-07	-6
7.722243186e-07	2.654809472e-07	-6
7.722243186e-07	2.654809472e-07	-6
7.722243186e-07	2.654809472e-07	-6
7.722243186e-07	2.654809472e-07	-6
7.822243186e-07	2.828014552e-07	-6
7.922243186e-07	3.001219633e-07	-6
8.022243186e-07	3.174424714e-07	-6
8.122243186e-07	3.347629795e-07	-6
8.222243186e-07	3.520834875e-07	-6
8.322243186e-07	3.694039956e-07	-6
8.422243186e-07	3.867245037e-07	-6
8.522243186e-07	4.040450118e-07	-6
8.622243186e-07	4.213655198e-07	-6
8.722243186e-07	4.386860279e-07	-6
8.822243186e-07	4.56006536e-07	-6
8.922243186e-07	4.733270441e-07	-6
9.022243186e-07	4.906475521e-07	-6
9.122243186e-07	5.079680602e-07	-6
9.222243186e-07	5.252885683e-07	-6
9.322243186e-07	5.426090764e-07	-6
9.422243186e-07	5.599295844e-07	-6
9.522243186e-07	5.772500925e-07	-6
9.622243186e-07	5.945706006e-07	-6
9.722243186e-07	6.118911087e-07	-6
9.822243186e-07	6.292116168e-07	-6
9.922243186e-07	6.465321248e-07	-6
1.002224319e-06	6.638526329e-07	-6
1.012224319e-06	6.81173141e-07	-6
1.022224319e-06	6.984936491e-07	-6
1.032224319e-06	7.158141571e-07	-6
1.042224319e-06	7.331346652e-07	-6
1.052224319e-06	7.504551733e-07	-6
1.062224319e-06	7.677756814e-07	-6
1.072224319e-06	7.850961894e-07	-6
1.082224319e-06	8.024166975e-07	-6
1.092224319e-06	8.197372056e-07	-6
1.102224319e-06	8.370577137e-07	-6
1.112224319e-06	8.543782217e-07	-6
1.122224319e-06	8.716987298e-07	-6
1.132224319e-06	8.890192379e-07	-6
1.142224319e-06	9.06339746e-07	-6
1.152224319e-06	9.23660254e-07	-6
1.162224319e-06	9.409807621e-07	-6
1.172224319e-06	9.583012702e-07	-6
1.182224319e-06	9.756217783e-07	-6
1.192224319e-06	9.929422863e-07	-6
1.202224319e-06	1.010262794e-06	-6
1.212224319e-06	1.027583302e-06	-6
1.222224319e-06	1.044903811e-06	-6
1.232224319e-06	1.062224319e-06	-6
1.242224319e-06	1.079544827e-06	-6
1.252224319e-06	1.096865335e-06	-6
1.262224319e-06	1.114185843e-06	-6
1.272224319e-06	1.131506351e-06	-6
1.282224319e-06	1.148826859e-06	-6
1.292224319e-06	1.166147367e-06	-6
1.302224319e-06	1.183467875e-06	-6
1.312224319e-06	1.200788383e-06	-6
1.322224319e-06	1.218108891e-06	-6
1.332224319e-06	1.235429399e-06	-6
1.342224319e-06	1.252749907e-06	-6
1.352224319e-06	1.270070416e-06	-6
1.362224319e-06	1.287390924e-06	-6
1.372224319e-06	1.304711432e-06	-6
1.382224319e-06	1.32203194e-06	-6
1.392224319e-06	1.339352448e-06	-6
1.402224319e-06	1.356672956e-06	-6
1.412224319e-06	1.373993464e-06	-6
1.422224319e-06	1.391313972e-06	-6
1.432224319e-06	1.40863448e-06	-6
1.442224319e-06	1.425954988e-06	-6
1.452224319e-06	1.443275496e-06	-6
1.462224319e-06	1.460596004e-06	-6
1.472224319e-06	1.477916512e-06	-6
1.482224319e-06	1.495237021e-06	-6
1.492224319e-06	1.512557529e-06	-6
1.502224319e-06	1.529878037e-06	-6
1.512224319e-06	1.547198545e-06	-6
1.522224319e-06	1.564519053e-06	-6
1.522224319e-06	1.564519053e-06	6
1.522224319e-06	1.564519053e-06	6
1.522224319e-06	1.564519053e-06	6
1.522224319e-06	1.564519053e-06	6
1.522224319e-06	1.564519053e-06	6
1.522224319e-06	1.564519053e-06	6
1.522224319e-06	1.564519053e-06	6
1.522224319e-06	1.564519053e-06	6
1.522224319e-06	1.564519053e-06	6
1.522224319e-06	1.564519053e-06	6
1.522224319e-06	1.564519053e-06	6
1.512224319e-06	1.547198545e-06	6
1.502224319e-06	1.529878037e-06	6
1.492224319e-06	1.512557529e-06	6
1.482224319e-06	1.495237021e-06	6
1.472224319e-06	1.477916512e-06	6
1.462224319e-06	1.460596004e-06	6
1.452224319e-06	1.443275496e-06	6
1.442224319e-06	1.425954988e-06	6
1.432224319e-06	1.40863448e-06	6
1.422224319e-06	1.391313972e-06	6
1.412224319e-06	1.373993464e-06	6
1.402224319e-06	1.356672956e-06	6
1.392224319e-06	1.339352448e-06	6
1.382224319e-06	1.32203194e-06	6
1.372224319e-06	1.304711432e-06	6
1.362224319e-06	1.287390924e-06	6
1.352224319e-06	1.270070416e-06	6
1.342224319e-06	1.252749907e-06	6
1.332224319e-06	1.235429399e-06	6
1.322224319e-06	1.218108891e-06	6
1.312224319e-06	1.200788383e-06	6
1.302224319e-06	1.183467875e-06	6
1.292224319e-06	1.166147367e-06	6
1.282224319e-06	1.148826859e-06	6
1.272224319e-06	1.131506351e-06	6
1.262224319e-06	1.114185843e-06	6
1.252224319e-06	1.096865335e-06	6
1.242224319e-06	1.079544827e-06	6
1.232224319e-06	1.062224319e-06	6
1.222224319e-06	1.044903811e-06	6
1.212224319e-06	1.027583302e-06	6
1.202224319e-06	1.010262794e-06	6
1.192224319e-06	9.929422863e-07	6
1.182224319e-06	9.756217783e-07	6
1.172224319e-06	9.583012702e-07	6
1.162224319e-06	9.409807621e-07	6
1.152224319e-06	9.23660254e-07	6
1.142224319e-06	9.06339746e-07	6
1.132224319e-06	8.890192379e-07	6
1.122224319e-06	8.716987298e-07	6
1.112224319e-06	8.543782217e-07	6
1.102224319e-06	8.370577137e-07	6
1.092224319e-06	8.197372056e-07	6
1.082224319e-06	8.024166975e-07	6
1.072224319e-06	7.850961894e-07	6
1.062224319e-06	7.677756814e-07	6
1.052224319e-06	7.504551733e-07	6
1.042224319e-06	7.331346652e-07	6
1.032224319e-06	7.158141571e-07	6
1.022224319e-06	6.984936491e-07	6
1.012224319e-06	6.81173141e-07	6
1.002224319e-06	6.638526329e-07	6
9.922243186e-07	6.465321248e-07	6
9.822243186e-07	6.292116168e-07	6
9.722243186e-07	6.118911087e-07	6
9.622243186e-07	5.945706006e-07	6
9.522243186e-07	5.772500925e-07	6
9.422243186e-07	5.599295844e-07	6
9.322243186e-07	5.426090764e-07	6
9.222243186e-07	5.252885683e-07	6
9.122243186e-07	5.079680602e-07	6
9.022243186e-07	4.906475521e-07	6
8.922243186e-07	4.733270441e-07	6
8.822243186e-07	4.56006536e-07	6
8.722243186e-07	4.386860279e-07	6
8.622243186e-07	4.213655198e-07	6
8.522243186e-07	4.040450118e-07	6
8.422243186e-07	3.867245037e-07	6
8.322243186e-07	3.694039956e-07	6
8.222243186e-07	3.520834875e-07	6
8.122243186e-07	3.347629795e-07	6
8.022243186e-07	3.174424714e-07	6
7.922243186e-07	3.001219633e-07	6
7.822243186e-07	2.828014552e-07	6
7.722243186e-07	2.654809472e-07	6
7.722243186e-07	2.654809472e-07	0
7.549038106e-07	2.754809472e-07	0
7.549038106e-07	2.754809472e-07	6
7.549038106e-07	2.754809472e-07	6
7.549038106e-07	2.754809472e-07	6
7.549038106e-07	2.754809472e-07	6
7.549038106e-07	2.754809472e-07	6
7.549038106e-07	2.754809472e-07	6
7.549038106e-07	2.754809472e-07	6
7.549038106e-07	2.754809472e-07	6
7.549038106e-07	2.754809472e-07	6
7.549038106e-07	2.754809472e-07	6
7.549038106e-07	2.754809472e-07	6
7.649038106e-07	2.928014552e-07	6
7.749038106e-07	3.101219633e-07	6
7.849038106e-07	3.274424714e-07	6
7.949038106e-07	3.447629795e-07	6
8.049038106e-07	3.620834875e-07	6
8.149038106e-07	3.794039956e-07	6
8.249038106e-07	3.967245037e-07	6
8.349038106e-07	4.140450118e-07	6
8.449038106e-07	4.313655198e-07	6
8.549038106e-07	4.486860279e-07	6
8.649038106e-07	4.66006536e-07	6
8.749038106e-07	4.833270441e-07	6
8.849038106e-07	5.006475521e-07	6
8.949038106e-07	5.179680602e-07	6
9.049038106e-07	5.352885683e-07	6
9.149038106e-07	5.526090764e-07	6
9.249038106e-07	5.699295844e-07	6
9.349038106e-07	5.872500925e-07	6
9.449038106e-07	6.045706006e-07	6
9.549038106e-07	6.218911087e-07	6
9.649038106e-07	6.392116168e-07	6
9.749038106e-07	6.565321248e-07	6
9.849038106e-07	6.738526329e-07	6
9.949038106e-07	6.91173141e-07	6
1.004903811e-06	7.084936491e-07	6
1.014903811e-06	7.258141571e-07	6
1.024903811e-06	7.431346652e-07	6
1.034903811e-06	7.604551733e-07	6
1.044903811e-06	7.777756814e-07	6
1.054903811e-06	7.950961894e-07	6
1.064903811e-06	8.124166975e-07	6
1.074903811e-06	8.297372056e-07	6
1.084903811e-06	8.470577137e-07	6
1.094903811e-06	8.643782217e-07	6
1.104903811e-06	8.816987298e-07	6
1.114903811e-06	8.990192379e-07	6
1.124903811e-06	9.16339746e-07	6
1.134903811e-06	9.33660254e-07	6
1.144903811e-06	9.509807621e-07	6
1.154903811e-06	9.683012702e-07	6
1.164903811e-06	9.856217783e-07	6
1.174903811e-06	1.002942286e-06	6
1.184903811e-06	1.020262794e-06	6
1.194903811e-06	1.037583302e-06	6
1.204903811e-06	1.054903811e-06	6
1.214903811e-06	1.072224319e-06	6
1.224903811e-06	1.089544827e-06	6
1.234903811e-06	1.106865335e-06	6
1.244903811e-06	1.124185843e-06	6
1.254903811e-06	1.141506351e-06	6
1.264903811e-06	1.158826859e-06	6
1.274903811e-06	1.176147367e-06	6
1.284903811e-06	1.193467875e-06	6
1.294903811e-06	1.210788383e-06	6
1.304903811e-06	1.228108891e-06	6
1.314903811e-06	1.245429399e-06	6
1.324903811e-06	1.262749907e-06	6
1.334903811e-06	1.280070416e-06	6
1.344903811e-06	1.297390924e-06	6
1.354903811e-06	1.314711432e-06	6
1.364903811e-06	1.33203194e-06	6
1.374903811e-06	1.349352448e-06	6
1.384903811e-06	1.366672956e-06	6
1.394903811e-06	1.383993464e-06	6
1.404903811e-06	1.401313972e-06	6
1.414903811e-06	1.41863448e-06	6
1.424903811e-06	1.435954988e-06	6
1.434903811e-06	1.453275496e-06	6
1.444903811e-06	1.470596004e-06	6
1.454903811e-06	1.487916512e-06	6
1.464903811e-06	1.505237021e-06	6
1.474903811e-06	1.522557529e-06	6
1.484903811e-06	1.539878037e-06	6
1.494903811e-06	1.557198545e-06	6
1.504903811e-06	1.574519053e-06	6
1.504903811e-06	1.574519053e-06	-6
1.504903811e-06	1.574519053e-06	-6
1.504903811e-06	1.574519053e-06	-6
1.504903811e-06	1.574519053e-06	-6
1.504903811e-06	1.574519053e-06	-6
1.504903811e-06	1.574519053e-06	-6
1.504903811e-06	1.574519053e-06	-6
1.504903811e-06	1.574519053e-06	-6
1.504903811e-06	1.574519053e-06	-6
1.504903811e-06	1.574519053e-06	-6
1.504903811e-06	1.574519053e-06	-6
1.494903811e-06	1.557198545e-06	-6
1.484903811e-06	1.539878037e-06	-6
1.474903811e-06	1.522557529e-06	-6
1.464903811e-06	1.505237021e-06	-6
1.454903811e-06	1.487916512e-06	-6
1.444903811e-06	1.470596004e-06	-6
1.434903811e-06	1.453275496e-06	-6
1.424903811e-06	1.435954988e-06	-6
1.414903811e-06	1.41863448e-06	-6
1.404903811e-06	1.401313972e-06	-6
1.394903811e-06	1.383993464e-06	-6
1.384903811e-06	1.366672956e-06	-6
1.374903811e-06	1.349352448e-06	-6
1.364903811e-06	1.33203194e-06	-6
1.354903811e-06	1.314711432e-06	-6
1.344903811e-06	1.297390924e-06	-6
1.334903811e-06	1.280070416e-06	-6
1.324903811e-06	1.262749907e-06	-6
1.314903811e-06	1.245429399e-06	-6
1.304903811e-06	1.228108891e-06	-6
1.294903811e-06	1.210788383e-06	-6
1.284903811e-06	1.193467875e-06	-6
1.274903811e-06	1.176147367e-06	-6
1.264903811e-06	1.158826859e-06	-6
1.254903811e-06	1.141506351e-06	-6
1.244903811e-06	1.124185843e-06	-6
1.234903811e-06	1.106865335e-06	-6
1.224903811e-06	1.089544827e-06	-6
1.214903811e-06	1.072224319e-06	-6
1.204903811e-06	1.054903811e-06	-6
1.194903811e-06	1.037583302e-06	-6
1.184903811e-06	1.020262794e-06	-6
1.174903811e-06	1.002942286e-06	-6
1.164903811e-06	9.856217783e-07	-6
1.154903811e-06	9.683012702e-07	-6
1.144903811e-06	9.509807621e-07	-6
1.134903811e-06	9.33660254e-07	-6
1.124903811e-06	9.16339746e-07	-6
1.114903811e-06	8.990192379e-07	-6
1.104903811e-06	8.816987298e-07	-6
1.094903811e-06	8.643782217e-07	-6
1.084903811e-06	8.470577137e-07	-6
1.074903811e-06	8.297372056e-07	-6
1.064903811e-06	8.124166975e-07	-6
1.054903811e-06	7.950961894e-07	-6
1.044903811e-06	7.777756814e-07	-6
1.034903811e-06	7.604551733e-07	-6
1.024903811e-06	7.431346652e-07	-6
1.014903811e-06	7.258141571e-07	-6
1.004903811e-06	7.084936491e-07	-6
9.949038106e-07	6.91173141e-07	-6
9.849038106e-07	6.738526329e-07	-6
9.749038106e-07	6.565321248e-07	-6
9.649038106e-07	6.392116168e-07	-6
9.549038106e-07	6.218911087e-07	-6
9.449038106e-07	6.045706006e-07	-6
9.349038106e-07	5.872500925e-07	-6
9.249038106e-07	5.699295844e-07	-6
9.149038106e-07	5.526090764e-07	-6
9.049038106e-07	5.352885683e-07	-6
8.949038106e-07	5.179680602e-07	-6
8.849038106e-07	5.006475521e-07	-6
8.749038106e-07	4.833270441e-07	-6
8.649038106e-07	4.66006536e-07	-6
8.549038106e-07	4.486860279e-07	-6
8.449038106e-07	4.313655198e-07	-6
8.349038106e-07	4.140450118e-07	-6
8.249038106e-07	3.967245037e-07	-6
8.149038106e-07	3.794039956e-07	-6
8.049038106e-07	3.620834875e-07	-6
7.949038106e-07	3.447629795e-07	-6
7.849038106e-07	3.274424714e-07	-6
7.749038106e-07	3.101219633e-07	-6
7.649038106e-07	2.928014552e-07	-6
7.549038106e-07	2.754809472e-07	-6
7.549038106e-07	2.754809472e-07	0
7.462435565e-07	2.804809472e-07	0
7.375833025e-07	2.854809472e-07	0
7.375833025e-07	2.854809472e-07	-6
7.375833025e-07	2.854809472e-07	-6
7.375833025e-07	2.854809472e-07	-6
7.375833025e-07	2.854809472e-07	-6
7.375833025e-07	2.854809472e-07	-6
7.375833025e-07	2.854809472e-07	-6
7.375833025e-07	2.854809472e-07	-6
7.375833025e-07	2.854809472e-07	-6
7.375833025e-07	2.854809472e-07	-6
7.375833025e-07	2.854809472e-07	-6
7.375833025e-07	2.854809472e-07	-6
7.474517235e-07	3.025735538e-07	-6
7.573201446e-07	3.196661605e-07	-6
7.671885656e-07	3.367587671e-07	-6
7.770569867e-07	3.538513738e-07	-6
7.869254078e-07	3.709439804e-07	-6
7.967938288e-07	3.880365871e-07	-6
8.066622499e-07	4.051291937e-07	-6
8.165306709e-07	4.222218004e-07	-6
8.26399092e-07	4.39314407e-07	-6
8.36267513e-07	4.564070137e-07	-6
8.461359341e-07	4.734996204e-07	-6
8.560043551e-07	4.90592227e-07	-6
8.658727762e-07	5.076848337e-07	-6
8.757411972e-07	5.247774403e-07	-6
8.856096183e-07	5.41870047e-07	-6
8.954780393e-07	5.589626536e-07	-6
9.053464604e-07	5.760552603e-07	-6
9.152148814e-07	5.931478669e-07	-6
9.250833025e-07	6.102404736e-07	-6
9.349517235e-07	6.273330802e-07	-6
9.448201446e-07	6.444256869e-07	-6
9.546885656e-07	6.615182935e-07	-6
9.645569867e-07	6.786109002e-07	-6
9.744254078e-07	6.957035068e-07	-6
9.842938288e-07	7.127961135e-07	-6
9.941622499e-07	7.298887202e-07	-6
1.004030671e-06	7.469813268e-07	-6
1.013899092e-06	7.640739335e-07	-6
1.023767513e-06	7.811665401e-07	-6
1.033635934e-06	7.982591468e-07	-6
1.043504355e-06	8.153517534e-07	-6
1.053372776e-06	8.324443601e-07	-6
1.063241197e-06	8.495369667e-07	-6
1.073109618e-06	8.666295734e-07	-6
1.082978039e-06	8.8372218e-07	-6
1.09284646e-06	9.008147867e-07	-6
1.102714881e-06	9.179073933e-07	-6
1.112583302e-06	9.35e-07	-6
1.122451724e-06	9.520926067e-07	-6
1.132320145e-06	9.691852133e-07	-6
1.142188566e-06	9.8627782e-07	-6
1.152056987e-06	1.003370427e-06	-6
1.161925408e-06	1.020463033e-06	-6
1.171793829e-06	1.03755564e-06	-6
1.18166225e-06	1.054648247e-06	-6
1.191530671e-06	1.071740853e-06	-6
1.201399092e-06	1.08883346e-06	-6
1.211267513e-06	1.105926067e-06	-6
1.221135934e-06	1.123018673e-06	-6
1.231004355e-06	1.14011128e-06	-6
1.240872776e-06	1.157203886e-06	-6
1.250741197e-06	1.174296493e-06	-6
1.260609618e-06	1.1913891e-06	-6
1.270478039e-06	1.208481706e-06	-6
1.28034646e-06	1.225574313e-06	-6
1.290214881e-06	1.24266692e-06	-6
1.300083302e-06	1.259759526e-06	-6
1.309951724e-06	1.276852133e-06	-6
1.319820145e-06	1.29394474e-06	-6
1.329688566e-06	1.311037346e-06	-6
1.339556987e-06	1.328129953e-06	-6
1.349425408e-06	1.34522256e-06	-6
1.359293829e-06	1.362315166e-06	-6
1.36916225e-06	1.379407773e-06	-6
1.379030671e-06	1.39650038e-06	-6
1.388899092e-06	1.413592986e-06	-6
1.398767513e-06	1.430685593e-06	-6
1.408635934e-06	1.4477782e-06	-6
1.418504355e-06	1.464870806e-06	-6
1.428372776e-06	1.481963413e-06	-6
1.438241197e-06	1.49905602e-06	-6
1.448109618e-06	1.516148626e-06	-6
1.457978039e-06	1.533241233e-06	-6
1.46784646e-06	1.55033384e-06	-6
1.477714881e-06	1.567426446e-06	-6
1.487583302e-06	1.584519053e-06	-6
1.487583302e-06	1.584519053e-06	6
1.487583302e-06	1.584519053e-06	6
1.487583302e-06	1.584519053e-06	6
1.487583302e-06	1.584519053e-06	6
1.487583302e-06	1.584519053e-06	6
1.487583302e-06	1.584519053e-06	6
1.487583302e-06	1.584519053e-06	6
1.487583302e-06	1.584519053e-06	6
1.487583302e-06	1.584519053e-06	6
1.487583302e-06	1.584519053e-06	6
1.487583302e-06	1.584519053e-06	6
1.477714881e-06	1.567426446e-06	6
1.46784646e-06	1.55033384e-06	6
1.457978039e-06	1.533241233e-06	6
1.448109618e-06	1.516148626e-06	6
1.438241197e-06	1.49905602e-06	6
1.428372776e-06	1.481963413e-06	6
1.418504355e-06	1.464870806e-06	6
1.408635934e-06	1.4477782e-06	6
1.398767513e-06	1.430685593e-06	6
1.388899092e-06	1.413592986e-06	6
1.379030671e-06	1.39650038e-06	6
1.36916225e-06	1.379407773e-06	6
1.359293829e-06	1.362315166e-06	6
1.349425408e-06	1.34522256e-06	6
1.339556987e-06	1.328129953e-06	6
1.329688566e-06	1.311037346e-06	6
1.319820145e-06	1.29394474e-06	6
1.309951724e-06	1.276852133e-06	6
1.300083302e-06	1.259759526e-06	6
1.290214881e-06	1.24266692e-06	6
1.28034646e-06	1.225574313e-06	6
1.270478039e-06	1.208481706e-06	6
1.260609618e-06	1.1913891e-06	6
1.250741197e-06	1.174296493e-06	6
1.240872776e-06	1.157203886e-06	6
1.231004355e-06	1.14011128e-06	6
1.221135934e-06	1.123018673e-06	6
1.211267513e-06	1.105926067e-06	6
1.201399092e-06	1.08883346e-06	6
1.191530671e-06	1.071740853e-06	6
1.18166225e-06	1.054648247e-06	6
1.171793829e-06	1.03755564e-06	6
1.161925408e-06	1.020463033e-06	6
1.152056987e-06	1.003370427e-06	6
1.142188566e-06	9.8627782e-07	6
1.132320145e-06	9.691852133e-07	6
1.122451724e-06	9.520926067e-07	6
1.112583302e-06	9.35e-07	6
1.102714881e-06	9.179073933e-07	6
1.09284646e-06	9.008147867e-07	6
1.082978039e-06	8.8372218e-07	6
1.073109618e-06	8.666295734e-07	6
1.063241197e-06	8.495369667e-07	6
1.053372776e-06	8.324443601e-07	6
1.043504355e-06	8.153517534e-07	6
1.033635934e-06	7.982591468e-07	6
1.023767513e-06	7.811665401e-07	6
1.013899092e-06	7.640739335e-07	6
1.004030671e-06	7.469813268e-07	6
9.941622499e-07	7.298887202e-07	6
9.842938288e-07	7.127961135e-07	6
9.744254078e-07	6.957035068e-07	6
9.645569867e-07	6.786109002e-07	6
9.546885656e-07	6.615182935e-07	6
9.448201446e-07	6.444256869e-07	6
9.349517235e-07	6.273330802e-07	6
9.250833025e-07	6.102404736e-07	6
9.152148814e-07	5.931478669e-07	6
9.053464604e-07	5.760552603e-07	6
8.954780393e-07	5.589626536e-07	6
8.856096183e-07	5.41870047e-07	6
8.757411972e-07	5.247774403e-07	6
8.658727762e-07	5.076848337e-07	6
8.560043551e-07	4.90592227e-07	6
8.461359341e-07	4.734996204e-07	6
8.36267513e-07	4.564070137e-07	6
8.26399092e-07	4.39314407e-07	6
8.165306709e-07	4.222218004e-07	6
8.066622499e-07	4.051291937e-07	6
7.967938288e-07	3.880365871e-07	6
7.869254078e-07	3.709439804e-07	6
7.770569867e-07	3.538513738e-07	6
7.671885656e-07	3.367587671e-07	6
7.573201446e-07	3.196661605e-07	6
7.474517235e-07	3.025735538e-07	6
7.375833025e-07	2.854809472e-07	6
7.375833025e-07	2.854809472e-07	0
7.202627944e-07	2.954809472e-07	0
7.202627944e-07	2.954809472e-07	6
7.202627944e-07	2.954809472e-07	6
7.202627944e-07	2.954809472e-07	6
7.202627944e-07	2.954809472e-07	6
7.202627944e-07	2.954809472e-07	6
7.202627944e-07	2.954809472e-07	6
7.202627944e-07	2.954809472e-07	6
7.202627944e-07	2.954809472e-07	6
7.202627944e-07	2.954809472e-07	6
7.202627944e-07	2.954809472e-07	6
7.202627944e-07	2.954809472e-07	6
7.302627944e-07	3.128014552e-07	6
7.402627944e-07	3.301219633e-07	6
7.502627944e-07	3.474424714e-07	6
7.602627944e-07	3.647629795e-07	6
7.702627944e-07	3.820834875e-07	6
7.802627944e-07	3.994039956e-07	6
7.902627944e-07	4.167245037e-07	6
8.002627944e-07	4.340450118e-07	6
8.102627944e-07	4.513655198e-07	6
8.202627944e-07	4.686860279e-07	6
8.302627944e-07	4.86006536e-07	6
8.402627944e-07	5.033270441e-07	6
8.502627944e-07	5.206475521e-07	6
8.602627944e-07	5.379680602e-07	6
8.702627944e-07	5.552885683e-07	6
8.802627944e-07	5.726090764e-07	6
8.902627944e-07	5.899295844e-07	6
9.002627944e-07	6.072500925e-07	6
9.102627944e-07	6.245706006e-07	6
9.202627944e-07	6.418911087e-07	6
9.302627944e-07	6.592116168e-07	6
9.402627944e-07	6.765321248e-07	6
9.502627944e-07	6.938526329e-07	6
9.602627944e-07	7.11173141e-07	6
9.702627944e-07	7.284936491e-07	6
9.802627944e-07	7.458141571e-07	6
9.902627944e-07	7.631346652e-07	6
1.000262794e-06	7.804551733e-07	6
1.010262794e-06	7.977756814e-07	6
1.020262794e-06	8.150961894e-07	6
1.030262794e-06	8.324166975e-07	6
1.040262794e-06	8.497372056e-07	6
1.050262794e-06	8.670577137e-07	6
1.060262794e-06	8.843782217e-07	6
1.070262794e-06	9.016987298e-07	6
1.080262794e-06	9.190192379e-07	6
1.090262794e-06	9.36339746e-07	6
1.100262794e-06	9.53660254e-07	6
1.110262794e-06	9.709807621e-07	6
1.120262794e-06	9.883012702e-07	6
1.130262794e-06	1.005621778e-06	6
1.140262794e-06	1.022942286e-06	6
1.150262794e-06	1.040262794e-06	6
1.160262794e-06	1.057583302e-06	6
1.170262794e-06	1.074903811e-06	6
1.180262794e-06	1.092224319e-06	6
1.190262794e-06	1.109544827e-06	6
1.200262794e-06	1.126865335e-06	6
1.210262794e-06	1.144185843e-06	6
1.220262794e-06	1.161506351e-06	6
1.230262794e-06	1.178826859e-06	6
1.240262794e-06	1.196147367e-06	6
1.250262794e-06	1.213467875e-06	6
1.260262794e-06	1.230788383e-06	6
1.270262794e-06	1.248108891e-06	6
1.280262794e-06	1.265429399e-06	6
1.290262794e-06	1.282749907e-06	6
1.300262794e-06	1.300070416e-06	6
1.310262794e-06	1.317390924e-06	6
1.320262794e-06	1.334711432e-06	6
1.330262794e-06	1.35203194e-06	6
1.340262794e-06	1.369352448e-06	6
1.350262794e-06	1.386672956e-06	6
1.360262794e-06	1.403993464e-06	6
1.370262794e-06	1.421313972e-06	6
1.380262794e-06	1.43863448e-06	6
1.390262794e-06	1.455954988e-06	6
1.400262794e-06	1.473275496e-06	6
1.410262794e-06	1.490596004e-06	6
1.420262794e-06	1.507916512e-06	6
1.430262794e-06	1.525237021e-06	6
1.440262794e-06	1.542557529e-06	6
1.450262794e-06	1.559878037e-06	6
1.460262794e-06	1.577198545e-06	6
1.470262794e-06	1.594519053e-06	6
1.470262794e-06	1.594519053e-06	-6
1.470262794e-06	1.594519053e-06	-6
1.470262794e-06	1.594519053e-06	-6
1.470262794e-06	1.594519053e-06	-6
1.470262794e-06	1.594519053e-06	-6
1.470262794e-06	1.594519053e-06	-6
1.470262794e-06	1.594519053e-06	-6
1.470262794e-06	1.594519053e-06	-6
1.470262794e-06	1.594519053e-06	-6
1.470262794e-06	1.594519053e-06	-6
1.470262794e-06	1.594519053e-06	-6
1.460262794e-06	1.577198545e-06	-6
1.450262794e-06	1.559878037e-06	-6
1.440262794e-06	1.542557529e-06	-6
1.430262794e-06	1.525237021e-06	-6
1.420262794e-06	1.507916512e-06	-6
1.410262794e-06	1.490596004e-06	-6
1.400262794e-06	1.473275496e-06	-6
1.390262794e-06	1.455954988e-06	-6
1.380262794e-06	1.43863448e-06	-6
1.370262794e-06	1.421313972e-06	-6
1.360262794e-06	1.403993464e-06	-6
1.350262794e-06	1.386672956e-06	-6
1.340262794e-06	1.369352448e-06	-6
1.330262794e-06	1.35203194e-06	-6
1.320262794e-06	1.334711432e-06	-6
1.310262794e-06	1.317390924e-06	-6
1.300262794e-06	1.300070416e-06	-6
1.290262794e-06	1.282749907e-06	-6
1.280262794e-06	1.265429399e-06	-6
1.270262794e-06	1.248108891e-06	-6
1.260262794e-06	1.230788383e-06	-6
1.250262794e-06	1.213467875e-06	-6
1.240262794e-06	1.196147367e-06	-6
1.230262794e-06	1.178826859e-06	-6
1.220262794e-06	1.161506351e-06	-6
1.210262794e-06	1.144185843e-06	-6
1.200262794e-06	1.126865335e-06	-6
1.190262794e-06	1.109544827e-06	-6
1.180262794e-06	1.092224319e-06	-6
1.170262794e-06	1.074903811e-06	-6
1.160262794e-06	1.057583302e-06	-6
1.150262794e-06	1.040262794e-06	-6
1.140262794e-06	1.022942286e-06	-6
1.130262794e-06	1.005621778e-06	-6
1.120262794e-06	9.883012702e-07	-6
1.110262794e-06	9.709807621e-07	-6
1.100262794e-06	9.53660254e-07	-6
1.090262794e-06	9.36339746e-07	-6
1.080262794e-06	9.190192379e-07	-6
1.070262794e-06	9.016987298e-07	-6
1.060262794e-06	8.843782217e-07	-6
1.050262794e-06	8.670577137e-07	-6
1.040262794e-06	8.497372056e-07	-6
1.030262794e-06	8.324166975e-07	-6
1.020262794e-06	8.150961894e-07	-6
1.010262794e-06	7.977756814e-07	-6
1.000262794e-06	7.804551733e-07	-6
9.902627944e-07	7.631346652e-07	-6
9.802627944e-07	7.458141571e-07	-6
9.702627944e-07	7.284936491e-07	-6
9.602627944e-07	7.11173141e-07	-6
9.502627944e-07	6.938526329e-07	-6
9.402627944e-07	6.765321248e-07	-6
9.302627944e-07	6.592116168e-07	-6
9.202627944e-07	6.418911087e-07	-6
9.102627944e-07	6.245706006e-07	-6
9.002627944e-07	6.072500925e-07	-6
8.902627944e-07	5.899295844e-07	-6
8.802627944e-07	5.726090764e-07	-6
8.702627944e-07	5.552885683e-07	-6
8.602627944e-07	5.379680602e-07	-6
8.502627944e-07	5.206475521e-07	-6
8.402627944e-07	5.033270441e-07	-6
8.302627944e-07	4.86006536e-07	-6
8.202627944e-07	4.686860279e-07	-6
8.102627944e-07	4.513655198e-07	-6
8.002627944e-07	4.340450118e-07	-6
7.902627944e-07	4.167245037e-07	-6
7.802627944e-07	3.994039956e-07	-6
7.702627944e-07	3.820834875e-07	-6
7.602627944e-07	3.647629795e-07	-6
7.502627944e-07	3.474424714e-07	-6
7.402627944e-07	3.301219633e-07	-6
7.302627944e-07	3.128014552e-07	-6
7.202627944e-07	2.954809472e-07	-6
7.202627944e-07	2.954809472e-07	0
7.116025404e-07	3.004809472e-07	0
7.029422863e-07	3.054809472e-07	0
7.029422863e-07	3.054809472e-07	-6
7.029422863e-07	3.054809472e-07	-6
7.029422863e-07	3.054809472e-07	-6
7.029422863e-07	3.054809472e-07	-6
7.029422863e-07	3.054809472e-07	-6
7.029422863e-07	3.054809472e-07	-6
7.029422863e-07	3.054809472e-07	-6
7.029422863e-07	3.054809472e-07	-6
7.029422863e-07	3.054809472e-07	-6
7.029422863e-07	3.054809472e-07	-6
7.029422863e-07	3.054809472e-07	-6
7.129422863e-07	3.228014552e-07	-6
7.229422863e-07	3.401219633e-07	-6
7.329422863e-07	3.574424714e-07	-6
7.429422863e-07	3.747629795e-07	-6
7.529422863e-07	3.920834875e-07	-6
7.629422863e-07	4.094039956e-07	-6
7.729422863e-07	4.267245037e-07	-6
7.829422863e-07	4.440450118e-07	-6
7.929422863e-07	4.613655198e-07	-6
8.029422863e-07	4.786860279e-07	-6
8.129422863e-07	4.96006536e-07	-6
8.229422863e-07	5.133270441e-07	-6
8.329422863e-07	5.306475521e-07	-6
8.429422863e-07	5.479680602e-07	-6
8.529422863e-07	5.652885683e-07	-6
8.629422863e-07	5.826090764e-07	-6
8.729422863e-07	5.999295844e-07	-6
8.829422863e-07	6.172500925e-07	-6
8.929422863e-07	6.345706006e-07	-6
9.029422863e-07	6.518911087e-07	-6
9.129422863e-07	6.692116168e-07	-6
9.229422863e-07	6.865321248e-07	-6
9.329422863e-07	7.038526329e-07	-6
9.429422863e-07	7.21173141e-07	-6
9.529422863e-07	7.384936491e-07	-6
9.629422863e-07	7.558141571e-07	-6
9.729422863e-07	7.731346652e-07	-6
9.829422863e-07	7.904551733e-07	-6
9.929422863e-07	8.077756814e-07	-6
1.002942286e-06	8.250961894e-07	-6
1.012942286e-06	8.424166975e-07	-6
1.022942286e-06	8.597372056e-07	-6
1.032942286e-06	8.770577137e-07	-6
1.042942286e-06	8.943782217e-07	-6
1.052942286e-06	9.116987298e-07	-6
1.062942286e-06	9.290192379e-07	-6
1.072942286e-06	9.46339746e-07	-6
1.082942286e-06	9.63660254e-07	-6
1.092942286e-06	9.809807621e-07	-6
1.102942286e-06	9.983012702e-07	-6
1.112942286e-06	1.015621778e-06	-6
1.122942286e-06	1.032942286e-06	-6
1.132942286e-06	1.050262794e-06	-6
1.142942286e-06	1.067583302e-06	-6
1.152942286e-06	1.084903811e-06	-6
1.162942286e-06	1.102224319e-06	-6
1.172942286e-06	1.119544827e-06	-6
1.182942286e-06	1.136865335e-06	-6
1.192942286e-06	1.154185843e-06	-6
1.202942286e-06	1.171506351e-06	-6
1.212942286e-06	1.188826859e-06	-6
1.222942286e-06	1.206147367e-06	-6
1.232942286e-06	1.223467875e-06	-6
1.242942286e-06	1.240788383e-06	-6
1.252942286e-06	1.258108891e-06	-6
1.262942286e-06	1.275429399e-06	-6
1.272942286e-06	1.292749907e-06	-6
1.282942286e-06	1.310070416e-06	-6
1.292942286e-06	1.327390924e-06	-6
1.302942286e-06	1.344711432e-06	-6
1.312942286e-06	1.36203194e-06	-6
1.322942286e-06	1.379352448e-06	-6
1.332942286e-06	1.396672956e-06	-6
1.342942286e-06	1.413993464e-06	-6
1.352942286e-06	1.431313972e-06	-6
1.362942286e-06	1.44863448e-06	-6
1.372942286e-06	1.465954988e-06	-6
1.382942286e-06	1.483275496e-06	-6
1.392942286e-06	1.500596004e-06	-6
1.402942286e-06	1.517916512e-06	-6
1.412942286e-06	1.535237021e-06	-6
1.422942286e-06	1.552557529e-06	-6
1.432942286e-06	1.569878037e-06	-6
1.442942286e-06	1.587198545e-06	-6
1.452942286e-06	1.604519053e-06	-6
1.452942286e-06	1.604519053e-06	6
1.452942286e-06	1.604519053e-06	6
1.452942286e-06	1.604519053e-06	6
1.452942286e-06	1.604519053e-06	6
1.452942286e-06	1.604519053e-06	6
1.452942286e-06	1.604519053e-06	6
1.452942286e-06	1.604519053e-06	6
1.452942286e-06	1.604519053e-06	6
1.452942286e-06	1.604519053e-06	6
1.452942286e-06	1.604519053e-06	6
1.452942286e-06	1.604519053e-06	6
1.442942286e-06	1.587198545e-06	6
1.432942286e-06	1.569878037e-06	6
1.422942286e-06	1.552557529e-06	6
1.412942286e-06	1.535237021e-06	6
1.402942286e-06	1.517916512e-06	6
1.392942286e-06	1.500596004e-06	6
1.382942286e-06	1.483275496e-06	6
1.372942286e-06	1.465954988e-06	6
1.362942286e-06	1.44863448e-06	6
1.352942286e-06	1.431313972e-06	6
1.342942286e-06	1.413993464e-06	6
1.332942286e-06	1.396672956e-06	6
1.322942286e-06	1.379352448e-06	6
1.312942286e-06	1.36203194e-06	6
1.302942286e-06	1.344711432e-06	6
1.292942286e-06	1.327390924e-06	6
1.282942286e-06	1.310070416e-06	6
1.272942286e-06	1.292749907e-06	6
1.262942286e-06	1.275429399e-06	6
1.252942286e-06	1.258108891e-06	6
1.242942286e-06	1.240788383e-06	6
1.232942286e-06	1.223467875e-06	6
1.222942286e-06	1.206147367e-06	6
1.212942286e-06	1.188826859e-06	6
1.202942286e-06	1.171506351e-06	6
1.192942286e-06	1.154185843e-06	6
1.182942286e-06	1.136865335e-06	6
1.172942286e-06	1.119544827e-06	6
1.162942286e-06	1.102224319e-06	6
1.152942286e-06	1.084903811e-06	6
1.142942286e-06	1.067583302e-06	6
1.132942286e-06	1.050262794e-06	6
1.122942286e-06	1.032942286e-06	6
1.112942286e-06	1.015621778e-06	6
1.102942286e-06	9.983012702e-07	6
1.092942286e-06	9.809807621e-07	6
1.082942286e-06	9.63660254e-07	6
1.072942286e-06	9.46339746e-07	6
1.062942286e-06	9.290192379e-07	6
1.052942286e-06	9.116987298e-07	6
1.042942286e-06	8.943782217e-07	6
1.032942286e-06	8.770577137e-07	6
1.022942286e-06	8.597372056e-07	6
1.012942286e-06	8.424166975e-07	6
1.002942286e-06	8.250961894e-07	6
9.929422863e-07	8.077756814e-07	6
9.829422863e-07	7.904551733e-07	6
9.729422863e-07	7.731346652e-07	6
9.629422863e-07	7.558141571e-07	6
9.529422863e-07	7.384936491e-07	6
9.429422863e-07	7.21173141e-07	6
9.329422863e-07	7.038526329e-07	6
9.229422863e-07	6.865321248e-07	6
9.129422863e-07	6.692116168e-07	6
9.029422863e-07	6.518911087e-07	6
8.929422863e-07	6.345706006e-07	6
8.829422863e-07	6.172500925e-07	6
8.729422863e-07	5.999295844e-07	6
8.629422863e-07	5.826090764e-07	6
8.529422863e-07	5.652885683e-07	6
8.429422863e-07	5.479680602e-07	6
8.329422863e-07	5.306475521e-07	6
8.229422863e-07	5.133270441e-07	6
8.129422863e-07	4.96006536e-07	6
8.029422863e-07	4.786860279e-07	6
7.929422863e-07	4.613655198e-07	6
7.829422863e-07	4.440450118e-07	6
7.729422863e-07	4.267245037e-07	6
7.629422863e-07	4.094039956e-07	6
7.529422863e-07	3.920834875e-07	6
7.429422863e-07	3.747629795e-07	6
7.329422863e-07	3.574424714e-07	6
7.229422863e-07	3.401219633e-07	6
7.129422863e-07	3.228014552e-07	6
7.029422863e-07	3.054809472e-07	6
7.029422863e-07	3.054809472e-07	0
6.856217783e-07	3.154809472e-07	0
6.856217783e-07	3.154809472e-07	6
6.856217783e-07	3.154809472e-07	6
6.856217783e-07	3.154809472e-07	6
6.856217783e-07	3.154809472e-07	6
6.856217783e-07	3.154809472e-07	6
6.856217783e-07	3.154809472e-07	6
6.856217783e-07	3.154809472e-07	6
6.856217783e-07	3.154809472e-07	6
6.856217783e-07	3.154809472e-07	6
6.856217783e-07	3.154809472e-07	6
6.856217783e-07	3.154809472e-07	6
6.956217783e-07	3.328014552e-07	6
7.056217783e-07	3.501219633e-07	6
7.156217783e-07	3.674424714e-07	6
7.256217783e-07	3.847629795e-07	6
7.356217783e-07	4.020834875e-07	6
7.456217783e-07	4.194039956e-07	6
7.556217783e-07	4.367245037e-07	6
7.656217783e-07	4.540450118e-07	6
7.756217783e-07	4.713655198e-07	6
7.856217783e-07	4.886860279e-07	6
7.956217783e-07	5.06006536e-07	6
8.056217783e-07	5.233270441e-07	6
8.156217783e-07	5.406475521e-07	6
8.256217783e-07	5.579680602e-07	6
8.356217783e-07	5.752885683e-07	6
8.456217783e-07	5.926090764e-07	6
8.556217783e-07	6.099295844e-07	6
8.656217783e-07	6.272500925e-07	6
8.756217783e-07	6.445706006e-07	6
8.856217783e-07	6.618911087e-07	6
8.956217783e-07	6.792116168e-07	6
9.056217783e-07	6.965321248e-07	6
9.156217783e-07	7.138526329e-07	6
9.256217783e-07	7.31173141e-07	6
9.356217783e-07	7.484936491e-07	6
9.456217783e-07	7.658141571e-07	6
9.556217783e-07	7.831346652e-07	6
9.656217783e-07	8.004551733e-07	6
9.756217783e-07	8.177756814e-07	6
9.856217783e-07	8.350961894e-07	6
9.956217783e-07	8.524166975e-07	6
1.005621778e-06	8.697372056e-07	6
1.015621778e-06	8.870577137e-07	6
1.025621778e-06	9.043782217e-07	6
1.035621778e-06	9.216987298e-07	6
1.045621778e-06	9.390192379e-07	6
1.055621778e-06	9.56339746e-07	6
1.065621778e-06	9.73660254e-07	6
1.075621778e-06	9.909807621e-07	6
1.085621778e-06	1.00830127e-06	6
1.095621778e-06	1.025621778e-06	6
1.105621778e-06	1.042942286e-06	6
1.115621778e-06	1.060262794e-06	6
1.125621778e-06	1.077583302e-06	6
1.135621778e-06	1.094903811e-06	6
1.145621778e-06	1.112224319e-06	6
1.155621778e-06	1.129544827e-06	6
1.165621778e-06	1.146865335e-06	6
1.175621778e-06	1.164185843e-06	6
1.185621778e-06	1.181506351e-06	6
1.195621778e-06	1.198826859e-06	6
1.205621778e-06	1.216147367e-06	6
1.215621778e-06	1.233467875e-06	6
1.225621778e-06	1.250788383e-06	6
1.235621778e-06	1.268108891e-06	6
1.245621778e-06	1.285429399e-06	6
1.255621778e-06	1.302749907e-06	6
1.265621778e-06	1.320070416e-06	6
1.275621778e-06	1.337390924e-06	6
1.285621778e-06	1.354711432e-06	6
1.295621778e-06	1.37203194e-06	6
1.305621778e-06	1.389352448e-06	6
1.315621778e-06	1.406672956e-06	6
1.325621778e-06	1.423993464e-06	6
1.335621778e-06	1.441313972e-06	6
1.345621778e-06	1.45863448e-06	6
1.355621778e-06	1.475954988e-06	6
1.365621778e-06	1.493275496e-06	6
1.375621778e-06	1.510596004e-06	6
1.385621778e-06	1.527916512e-06	6
1.395621778e-06	1.545237021e-06	6
1.405621778e-06	1.562557529e-06	6
1.415621778e-06	1.579878037e-06	6
1.425621778e-06	1.597198545e-06	6
1.435621778e-06	1.614519053e-06	6
1.435621778e-06	1.614519053e-06	-6
1.435621778e-06	1.614519053e-06	-6
1.435621778e-06	1.614519053e-06	-6
1.435621778e-06	1.614519053e-06	-6
1.435621778e-06	1.614519053e-06	-6
1.435621778e-06	1.614519053e-06	-6
1.435621778e-06	1.614519053e-06	-6
1.435621778e-06	1.614519053e-06	-6
1.435621778e-06	1.614519053e-06	-6
1.435621778e-06	1.614519053e-06	-6
1.435621778e-06	1.614519053e-06	-6
1.425621778e-06	1.597198545e-06	-6
1.415621778e-06	1.579878037e-06	-6
1.405621778e-06	1.562557529e-06	-6
1.395621778e-06	1.545237021e-06	-6
1.385621778e-06	1.527916512e-06	-6
1.375621778e-06	1.510596004e-06	-6
1.365621778e-06	1.493275496e-06	-6
1.355621778e-06	1.475954988e-06	-6
1.345621778e-06	1.45863448e-06	-6
1.335621778e-06	1.441313972e-06	-6
1.325621778e-06	1.423993464e-06	-6
1.315621778e-06	1.406672956e-06	-6
1.305621778e-06	1.389352448e-06	-6
1.295621778e-06	1.37203194e-06	-6
1.285621778e-06	1.354711432e-06	-6
1.275621778e-06	1.337390924e-06	-6
1.265621778e-06	1.320070416e-06	-6
1.255621778e-06	1.302749907e-06	-6
1.245621778e-06	1.285429399e-06	-6
1.235621778e-06	1.268108891e-06	-6
1.225621778e-06	1.250788383e-06	-6
1.215621778e-06	1.233467875e-06	-6
1.205621778e-06	1.216147367e-06	-6
1.195621778e-06	1.198826859e-06	-6
1.185621778e-06	1.181506351e-06	-6
1.175621778e-06	1.164185843e-06	-6
1.165621778e-06	1.146865335e-06	-6
1.155621778e-06	1.129544827e-06	-6
1.145621778e-06	1.112224319e-06	-6
1.135621778e-06	1.094903811e-06	-6
1.125621778e-06	1.077583302e-06	-6
1.115621778e-06	1.060262794e-06	-6
1.105621778e-06	1.042942286e-06	-6
1.095621778e-06	1.025621778e-06	-6
1.085621778e-06	1.00830127e-06	-6
1.075621778e-06	9.909807621e-07	-6
1.065621778e-06	9.73660254e-07	-6
1.055621778e-06	9.56339746e-07	-6
1.045621778e-06	9.390192379e-07	-6
1.035621778e-06	9.216987298e-07	-6
1.025621778e-06	9.043782217e-07	-6
1.015621778e-06	8.870577137e-07	-6
1.005621778e-06	8.697372056e-07	-6
9.956217783e-07	8.524166975e-07	-6
9.856217783e-07	8.350961894e-07	-6
9.756217783e-07	8.177756814e-07	-6
9.656217783e-07	8.004551733e-07	-6
9.556217783e-07	7.831346652e-07	-6
9.456217783e-07	7.658141571e-07	-6
9.356217783e-07	7.484936491e-07	-6
9.256217783e-07	7.31173141e-07	-6
9.156217783e-07	7.138526329e-07	-6
9.056217783e-07	6.965321248e-07	-6
8.956217783e-07	6.792116168e-07	-6
8.856217783e-07	6.618911087e-07	-6
8.756217783e-07	6.445706006e-07	-6
8.656217783e-07	6.272500925e-07	-6
8.556217783e-07	6.099295844e-07	-6
8.456217783e-07	5.926090764e-07	-6
8.356217783e-07	5.752885683e-07	-6
8.256217783e-07	5.579680602e-07	-6
8.156217783e-07	5.406475521e-07	-6
8.056217783e-07	5.233270441e-07	-6
7.956217783e-07	5.06006536e-07	-6
7.856217783e-07	4.886860279e-07	-6
7.756217783e-07	4.713655198e-07	-6
7.656217783e-07	4.540450118e-07	-6
7.556217783e-07	4.367245037e-07	-6
7.456217783e-07	4.194039956e-07	-6
7.356217783e-07	4.020834875e-07	-6
7.256217783e-07	3.847629795e-07	-6
7.156217783e-07	3.674424714e-07	-6
7.056217783e-07	3.501219633e-07	-6
6.956217783e-07	3.328014552e-07	-6
6.856217783e-07	3.154809472e-07	-6
6.856217783e-07	3.154809472e-07	0
6.683012702e-07	3.254809472e-07	0
6.683012702e-07	3.254809472e-07	-6
6.683012702e-07	3.254809472e-07	-6
6.683012702e-07	3.254809472e-07	-6
6.683012702e-07	3.254809472e-07	-6
6.683012702e-07	3.254809472e-07	-6
6.683012702e-07	3.254809472e-07	-6
6.683012702e-07	3.254809472e-07	-6
6.683012702e-07	3.254809472e-07	-6
6.683012702e-07	3.254809472e-07	-6
6.683012702e-07	3.254809472e-07	-6
6.683012702e-07	3.254809472e-07	-6
6.783012702e-07	3.428014552e-07	-6
6.883012702e-07	3.601219633e-07	-6
6.983012702e-07	3.774424714e-07	-6
7.083012702e-07	3.947629795e-07	-6
7.183012702e-07	4.120834875e-07	-6
7.283012702e-07	4.294039956e-07	-6
7.383012702e-07	4.467245037e-07	-6
7.483012702e-07	4.640450118e-07	-6
7.583012702e-07	4.813655198e-07	-6
7.683012702e-07	4.986860279e-07	-6
7.783012702e-07	5.16006536e-07	-6
7.883012702e-07	5.333270441e-07	-6
7.983012702e-07	5.506475521e-07	-6
8.083012702e-07	5.679680602e-07	-6
8.183012702e-07	5.852885683e-07	-6
8.283012702e-07	6.026090764e-07	-6
8.383012702e-07	6.199295844e-07	-6
8.483012702e-07	6.372500925e-07	-6
8.583012702e-07	6.545706006e-07	-6
8.683012702e-07	6.718911087e-07	-6
8.783012702e-07	6.892116168e-07	-6
8.883012702e-07	7.065321248e-07	-6
8.983012702e-07	7.238526329e-07	-6
9.083012702e-07	7.41173141e-07	-6
9.183012702e-07	7.584936491e-07	-6
9.283012702e-07	7.758141571e-07	-6
9.383012702e-07	7.931346652e-07	-6
9.483012702e-07	8.104551733e-07	-6
9.583012702e-07	8.277756814e-07	-6
9.683012702e-07	8.450961894e-07	-6
9.783012702e-07	8.624166975e-07	-6
9.883012702e-07	8.797372056e-07	-6
9.983012702e-07	8.970577137e-07	-6
1.00830127e-06	9.143782217e-07	-6
1.01830127e-06	9.316987298e-07	-6
1.02830127e-06	9.490192379e-07	-6
1.03830127e-06	9.66339746e-07	-6
1.04830127e-06	9.83660254e-07	-6
1.05830127e-06	1.000980762e-06	-6
1.06830127e-06	1.01830127e-06	-6
1.07830127e-06	1.035621778e-06	-6
1.08830127e-06	1.052942286e-06	-6
1.09830127e-06	1.070262794e-06	-6
1.10830127e-06	1.087583302e-06	-6
1.11830127e-06	1.104903811e-06	-6
1.12830127e-06	1.122224319e-06	-6
1.13830127e-06	1.139544827e-06	-6
1.14830127e-06	1.156865335e-06	-6
1.15830127e-06	1.174185843e-06	-6
1.16830127e-06	1.191506351e-06	-6
1.17830127e-06	1.208826859e-06	-6
1.18830127e-06	1.226147367e-06	-6
1.19830127e-06	1.243467875e-06	-6
1.20830127e-06	1.260788383e-06	-6
1.21830127e-06	1.278108891e-06	-6
1.22830127e-06	1.295429399e-06	-6
1.23830127e-06	1.312749907e-06	-6
1.24830127e-06	1.330070416e-06	-6
1.25830127e-06	1.347390924e-06	-6
1.26830127e-06	1.364711432e-06	-6
1.27830127e-06	1.38203194e-06	-6
1.28830127e-06	1.399352448e-06	-6
1.29830127e-06	1.416672956e-06	-6
1.30830127e-06	1.433993464e-06	-6
1.31830127e-06	1.451313972e-06	-6
1.32830127e-06	1.46863448e-06	-6
1.33830127e-06	1.485954988e-06	-6
1.34830127e-06	1.503275496e-06	-6
1.35830127e-06	1.520596004e-06	-6
1.36830127e-06	1.537916512e-06	-6
1.37830127e-06	1.555237021e-06	-6
1.38830127e-06	1.572557529e-06	-6
1.39830127e-06	1.589878037e-06	-6
1.40830127e-06	1.607198545e-06	-6
1.41830127e-06	1.624519053e-06	-6
1.41830127e-06	1.624519053e-06	6
1.41830127e-06	1.624519053e-06	6
1.41830127e-06	1.624519053e-06	6
1.41830127e-06	1.624519053e-06	6
1.41830127e-06	1.624519053e-06	6
1.41830127e-06	1.624519053e-06	6
1.41830127e-06	1.624519053e-06	6
1.41830127e-06	1.624519053e-06	6
1.41830127e-06	1.624519053e-06	6
1.41830127e-06	1.624519053e-06	6
1.41830127e-06	1.624519053e-06	6
1.40830127e-06	1.607198545e-06	6
1.39830127e-06	1.589878037e-06	6
1.38830127e-06	1.572557529e-06	6
1.37830127e-06	1.555237021e-06	6
1.36830127e-06	1.537916512e-06	6
1.35830127e-06	1.520596004e-06	6
1.34830127e-06	1.503275496e-06	6
1.33830127e-06	1.485954988e-06	6
1.32830127e-06	1.46863448e-06	6
1.31830127e-06	1.451313972e-06	6
1.30830127e-06	1.433993464e-06	6
1.29830127e-06	1.416672956e-06	6
1.28830127e-06	1.399352448e-06	6
1.27830127e-06	1.38203194e-06	6
1.26830127e-06	1.364711432e-06	6
1.25830127e-06	1.347390924e-06	6
1.24830127e-06	1.330070416e-06	6
1.23830127e-06	1.312749907e-06	6
1.22830127e-06	1.295429399e-06	6
1.21830127e-06	1.278108891e-06	6
1.20830127e-06	1.260788383e-06	6
1.19830127e-06	1.243467875e-06	6
1.18830127e-06	1.226147367e-06	6
1.17830127e-06	1.208826859e-06	6
1.16830127e-06	1.191506351e-06	6
1.15830127e-06	1.174185843e-06	6
1.14830127e-06	1.156865335e-06	6
1.13830127e-06	1.139544827e-06	6
1.12830127e-06	1.122224319e-06	6
1.11830127e-06	1.104903811e-06	6
1.10830127e-06	1.087583302e-06	6
1.09830127e-06	1.070262794e-06	6
1.08830127e-06	1.052942286e-06	6
1.07830127e-06	1.035621778e-06	6
1.06830127e-06	1.01830127e-06	6
1.05830127e-06	1.000980762e-06	6
1.04830127e-06	9.83660254e-07	6
1.03830127e-06	9.66339746e-07	6
1.02830127e-06	9.490192379e-07	6
1.01830127e-06	9.316987298e-07	6
1.00830127e-06	9.143782217e-07	6
9.983012702e-07	8.970577137e-07	6
9.883012702e-07	8.797372056e-07	6
9.783012702e-07	8.624166975e-07	6
9.683012702e-07	8.450961894e-07	6
9.583012702e-07	8.277756814e-07	6
9.483012702e-07	8.104551733e-07	6
9.383012702e-07	7.931346652e-07	6
9.283012702e-07	7.758141571e-07	6
9.183012702e-07	7.584936491e-07	6
9.083012702e-07	7.41173141e-07	6
8.983012702e-07	7.238526329e-07	6
8.883012702e-07	7.065321248e-07	6
8.783012702e-07	6.892116168e-07	6
8.683012702e-07	6.718911087e-07	6
8.583012702e-07	6.545706006e-07	6
8.483012702e-07	6.372500925e-07	6
8.383012702e-07	6.199295844e-07	6
8.283012702e-07	6.026090764e-07	6
8.183012702e-07	5.852885683e-07	6
8.083012702e-07	5.679680602e-07	6
7.983012702e-07	5.506475521e-07	6
7.883012702e-07	5.333270441e-07	6
7.783012702e-07	5.16006536e-07	6
7.683012702e-07	4.986860279e-07	6
7.583012702e-07	4.813655198e-07	6
7.483012702e-07	4.640450118e-07	6
7.383012702e-07	4.467245037e-07	6
7.283012702e-07	4.294039956e-07	6
7.183012702e-07	4.120834875e-07	6
7.083012702e-07	3.947629795e-07	6
6.983012702e-07	3.774424714e-07	6
6.883012702e-07	3.601219633e-07	6
6.783012702e-07	3.428014552e-07	6
6.683012702e-07	3.254809472e-07	6
6.683012702e-07	3.254809472e-07	0
6.509807621e-07	3.354809472e-07	0
6.509807621e-07	3.354809472e-07	6
6.509807621e-07	3.354809472e-07	6
6.509807621e-07	3.354809472e-07	6
6.509807621e-07	3.354809472e-07	6
6.509807621e-07	3.354809472e-07	6
6.509807621e-07	3.354809472e-07	6
6.509807621e-07	3.354809472e-07	6
6.509807621e-07	3.354809472e-07	6
6.509807621e-07	3.354809472e-07	6
6.509807621e-07	3.354809472e-07	6
6.509807621e-07	3.354809472e-07	6
6.608491832e-07	3.525735538e-07	6
6.707176042e-07	3.696661605e-07	6
6.805860253e-07	3.867587671e-07	6
6.904544463e-07	4.038513738e-07	6
7.003228674e-07	4.209439804e-07	6
7.101912884e-07	4.380365871e-07	6
7.200597095e-07	4.551291937e-07	6
7.299281305e-07	4.722218004e-07	6
7.397965516e-07	4.89314407e-07	6
7.496649726e-07	5.064070137e-07	6
7.595333937e-07	5.234996204e-07	6
7.694018147e-07	5.40592227e-07	6
7.792702358e-07	5.576848337e-07	6
7.891386569e-07	5.747774403e-07	6
7.990070779e-07	5.91870047e-07	6
8.08875499e-07	6.089626536e-07	6
8.1874392e-07	6.260552603e-07	6
8.286123411e-07	6.431478669e-07	6
8.384807621e-07	6.602404736e-07	6
8.483491832e-07	6.773330802e-07	6
8.582176042e-07	6.944256869e-07	6
8.680860253e-07	7.115182935e-07	6
8.779544463e-07	7.286109002e-07	6
8.878228674e-07	7.457035068e-07	6
8.976912884e-07	7.627961135e-07	6
9.075597095e-07	7.798887202e-07	6
9.174281305e-07	7.969813268e-07	6
9.272965516e-07	8.140739335e-07	6
9.371649726e-07	8.311665401e-07	6
9.470333937e-07	8.482591468e-07	6
9.569018147e-07	8.653517534e-07	6
9.667702358e-07	8.824443601e-07	6
9.766386569e-07	8.995369667e-07	6
9.865070779e-07	9.166295734e-07	6
9.96375499e-07	9.3372218e-07	6
1.00624392e-06	9.508147867e-07	6
1.016112341e-06	9.679073933e-07	6
1.025980762e-06	9.85e-07	6
1.035849183e-06	1.002092607e-06	6
1.045717604e-06	1.019185213e-06	6
1.055586025e-06	1.03627782e-06	6
1.065454446e-06	1.053370427e-06	6
1.075322867e-06	1.070463033e-06	6
1.085191288e-06	1.08755564e-06	6
1.095059709e-06	1.104648247e-06	6
1.104928131e-06	1.121740853e-06	6
1.114796552e-06	1.13883346e-06	6
1.124664973e-06	1.155926067e-06	6
1.134533394e-06	1.173018673e-06	6
1.144401815e-06	1.19011128e-06	6
1.154270236e-06	1.207203886e-06	6
1.164138657e-06	1.224296493e-06	6
1.174007078e-06	1.2413891e-06	6
1.183875499e-06	1.258481706e-06	6
1.19374392e-06	1.275574313e-06	6
1.203612341e-06	1.29266692e-06	6
1.213480762e-06	1.309759526e-06	6
1.223349183e-06	1.326852133e-06	6
1.233217604e-06	1.34394474e-06	6
1.243086025e-06	1.361037346e-06	6
1.252954446e-06	1.378129953e-06	6
1.262822867e-06	1.39522256e-06	6
1.272691288e-06	1.412315166e-06	6
1.282559709e-06	1.429407773e-06	6
1.292428131e-06	1.44650038e-06	6
1.302296552e-06	1.463592986e-06	6
1.312164973e-06	1.480685593e-06	6
1.322033394e-06	1.4977782e-06	6
1.331901815e-06	1.514870806e-06	6
1.341770236e-06	1.531963413e-06	6
1.351638657e-06	1.54905602e-06	6
1.361507078e-06	1.566148626e-06	6
1.371375499e-06	1.583241233e-06	6
1.38124392e-06	1.60033384e-06	6
1.391112341e-06	1.617426446e-06	6
1.400980762e-06	1.634519053e-06	6
1.400980762e-06	1.634519053e-06	-6
1.400980762e-06	1.634519053e-06	-6
1.400980762e-06	1.634519053e-06	-6
1.400980762e-06	1.634519053e-06	-6
1.400980762e-06	1.634519053e-06	-6
1.400980762e-06	1.634519053e-06	-6
1.400980762e-06	1.634519053e-06	-6
1.400980762e-06	1.634519053e-06	-6
1.400980762e-06	1.634519053e-06	-6
1.400980762e-06	1.634519053e-06	-6
1.400980762e-06	1.634519053e-06	-6
1.391112341e-06	1.617426446e-06	-6
1.38124392e-06	1.60033384e-06	-6
1.371375499e-06	1.583241233e-06	-6
1.361507078e-06	1.566148626e-06	-6
1.351638657e-06	1.54905602e-06	-6
1.341770236e-06	1.531963413e-06	-6
1.331901815e-06	1.514870806e-06	-6
1.322033394e-06	1.4977782e-06	-6
1.312164973e-06	1.480685593e-06	-6
1.302296552e-06	1.463592986e-06	-6
1.292428131e-06	1.44650038e-06	-6
1.282559709e-06	1.429407773e-06	-6
1.272691288e-06	1.412315166e-06	-6
1.262822867e-06	1.39522256e-06	-6
1.252954446e-06	1.378129953e-06	-6
1.243086025e-06	1.361037346e-06	-6
1.233217604e-06	1.34394474e-06	-6
1.223349183e-06	1.326852133e-06	-6
1.213480762e-06	1.309759526e-06	-6
1.203612341e-06	1.29266692e-06	-6
1.19374392e-06	1.275574313e-06	-6
1.183875499e-06	1.258481706e-06	-6
1.174007078e-06	1.2413891e-06	-6
1.164138657e-06	1.224296493e-06	-6
1.154270236e-06	1.207203886e-06	-6
1.144401815e-06	1.19011128e-06	-6
1.134533394e-06	1.173018673e-06	-6
1.124664973e-06	1.155926067e-06	-6
1.114796552e-06	1.13883346e-06	-6
1.104928131e-06	1.121740853e-06	-6
1.095059709e-06	1.104648247e-06	-6
1.085191288e-06	1.08755564e-06	-6
1.075322867e-06	1.070463033e-06	-6
1.065454446e-06	1.053370427e-06	-6
1.055586025e-06	1.03627782e-06	-6
1.045717604e-06	1.019185213e-06	-6
1.035849183e-06	1.002092607e-06	-6
1.025980762e-06	9.85e-07	-6
1.016112341e-06	9.679073933e-07	-6
1.00624392e-06	9.508147867e-07	-6
9.96375499e-07	9.3372218e-07	-6
9.865070779e-07	9.166295734e-07	-6
9.766386569e-07	8.995369667e-07	-6
9.667702358e-07	8.824443601e-07	-6
9.569018147e-07	8.653517534e-07	-6
9.470333937e-07	8.482591468e-07	-6
9.371649726e-07	8.311665401e-07	-6
9.272965516e-07	8.140739335e-07	-6
9.174281305e-07	7.969813268e-07	-6
9.075597095e-07	7.798887202e-07	-6
8.976912884e-07	7.627961135e-07	-6
8.878228674e-07	7.457035068e-07	-6
8.779544463e-07	7.286109002e-07	-6
8.680860253e-07	7.115182935e-07	-6
8.582176042e-07	6.944256869e-07	-6
8.483491832e-07	6.773330802e-07	-6
8.384807621e-07	6.602404736e-07	-6
8.286123411e-07	6.431478669e-07	-6
8.1874392e-07	6.260552603e-07	-6
8.08875499e-07	6.089626536e-07	-6
7.990070779e-07	5.91870047e-07	-6
7.891386569e-07	5.747774403e-07	-6
7.792702358e-07	5.576848337e-07	-6
7.694018147e-07	5.40592227e-07	-6
7.595333937e-07	5.234996204e-07	-6
7.496649726e-07	5.064070137e-07	-6
7.397965516e-07	4.89314407e-07	-6
7.299281305e-07	4.722218004e-07	-6
7.200597095e-07	4.551291937e-07	-6
7.101912884e-07	4.380365871e-07	-6
7.003228674e-07	4.209439804e-07	-6
6.904544463e-07	4.038513738e-07	-6
6.805860253e-07	3.867587671e-07	-6
6.707176042e-07	3.696661605e-07	-6
6.608491832e-07	3.525735538e-07	-6
6.509807621e-07	3.354809472e-07	-6
6.509807621e-07	3.354809472e-07	0
6.33660254e-07	3.454809472e-07	0
6.33660254e-07	3.454809472e-07	-6
6.33660254e-07	3.454809472e-07	-6
6.33660254e-07	3.454809472e-07	-6
6.33660254e-07	3.454809472e-07	-6
6.33660254e-07	3.454809472e-07	-6
6.33660254e-07	3.454809472e-07	-6
6.33660254e-07	3.454809472e-07	-6
6.33660254e-07	3.454809472e-07	-6
6.33660254e-07	3.454809472e-07	-6
6.33660254e-07	3.454809472e-07	-6
6.33660254e-07	3.454809472e-07	-6
6.43660254e-07	3.628014552e-07	-6
6.53660254e-07	3.801219633e-07	-6
6.63660254e-07	3.974424714e-07	-6
6.73660254e-07	4.147629795e-07	-6
6.83660254e-07	4.320834875e-07	-6
6.93660254e-07	4.494039956e-07	-6
7.03660254e-07	4.667245037e-07	-6
7.13660254e-07	4.840450118e-07	-6
7.23660254e-07	5.013655198e-07	-6
7.33660254e-07	5.186860279e-07	-6
7.43660254e-07	5.36006536e-07	-6
7.53660254e-07	5.533270441e-07	-6
7.63660254e-07	5.706475521e-07	-6
7.73660254e-07	5.879680602e-07	-6
7.83660254e-07	6.052885683e-07	-6
7.93660254e-07	6.226090764e-07	-6
8.03660254e-07	6.399295844e-07	-6
8.13660254e-07	6.572500925e-07	-6
8.23660254e-07	6.745706006e-07	-6
8.33660254e-07	6.918911087e-07	-6
8.43660254e-07	7.092116168e-07	-6
8.53660254e-07	7.265321248e-07	-6
8.63660254e-07	7.438526329e-07	-6
8.73660254e-07	7.61173141e-07	-6
8.83660254e-07	7.784936491e-07	-6
8.93660254e-07	7.958141571e-07	-6
9.03660254e-07	8.131346652e-07	-6
9.13660254e-07	8.304551733e-07	-6
9.23660254e-07	8.477756814e-07	-6
9.33660254e-07	8.650961894e-07	-6
9.43660254e-07	8.824166975e-07	-6
9.53660254e-07	8.997372056e-07	-6
9.63660254e-07	9.170577137e-07	-6
9.73660254e-07	9.343782217e-07	-6
9.83660254e-07	9.516987298e-07	-6
9.93660254e-07	9.690192379e-07	-6
1.003660254e-06	9.86339746e-07	-6
1.013660254e-06	1.003660254e-06	-6
1.023660254e-06	1.020980762e-06	-6
1.033660254e-06	1.03830127e-06	-6
1.043660254e-06	1.055621778e-06	-6
1.053660254e-06	1.072942286e-06	-6
1.063660254e-06	1.090262794e-06	-6
1.073660254e-06	1.107583302e-06	-6
1.083660254e-06	1.124903811e-06	-6
1.093660254e-06	1.142224319e-06	-6
1.103660254e-06	1.159544827e-06	-6
1.113660254e-06	1.176865335e-06	-6
1.123660254e-06	1.194185843e-06	-6
1.133660254e-06	1.211506351e-06	-6
1.143660254e-06	1.228826859e-06	-6
1.153660254e-06	1.246147367e-06	-6
1.163660254e-06	1.263467875e-06	-6
1.173660254e-06	1.280788383e-06	-6
1.183660254e-06	1.298108891e-06	-6
1.193660254e-06	1.315429399e-06	-6
1.203660254e-06	1.332749907e-06	-6
1.213660254e-06	1.350070416e-06	-6
1.223660254e-06	1.367390924e-06	-6
1.233660254e-06	1.384711432e-06	-6
1.243660254e-06	1.40203194e-06	-6
1.253660254e-06	1.419352448e-06	-6
1.263660254e-06	1.436672956e-06	-6
1.273660254e-06	1.453993464e-06	-6
1.283660254e-06	1.471313972e-06	-6
1.293660254e-06	1.48863448e-06	-6
1.303660254e-06	1.505954988e-06	-6
1.313660254e-06	1.523275496e-06	-6
1.323660254e-06	1.540596004e-06	-6
1.333660254e-06	1.557916512e-06	-6
1.343660254e-06	1.575237021e-06	-6
1.353660254e-06	1.592557529e-06	-6
1.363660254e-06	1.609878037e-06	-6
1.373660254e-06	1.627198545e-06	-6
1.383660254e-06	1.644519053e-06	-6
1.383660254e-06	1.644519053e-06	6
1.383660254e-06	1.644519053e-06	6
1.383660254e-06	1.644519053e-06	6
1.383660254e-06	1.644519053e-06	6
1.383660254e-06	1.644519053e-06	6
1.383660254e-06	1.644519053e-06	6
1.383660254e-06	1.644519053e-06	6
1.383660254e-06	1.644519053e-06	6
1.383660254e-06	1.644519053e-06	6
1.383660254e-06	1.644519053e-06	6
1.383660254e-06	1.644519053e-06	6
1.373660254e-06	1.627198545e-06	6
1.363660254e-06	1.609878037e-06	6
1.353660254e-06	1.592557529e-06	6
1.343660254e-06	1.575237021e-06	6
1.333660254e-06	1.557916512e-06	6
1.323660254e-06	1.540596004e-06	6
1.313660254e-06	1.523275496e-06	6
1.303660254e-06	1.505954988e-06	6
1.293660254e-06	1.48863448e-06	6
1.283660254e-06	1.471313972e-06	6
1.273660254e-06	1.453993464e-06	6
1.263660254e-06	1.436672956e-06	6
1.253660254e-06	1.419352448e-06	6
1.243660254e-06	1.40203194e-06	6
1.233660254e-06	1.384711432e-06	6
1.223660254e-06	1.367390924e-06	6
1.213660254e-06	1.350070416e-06	6
1.203660254e-06	1.332749907e-06	6
1.193660254e-06	1.315429399e-06	6
1.183660254e-06	1.298108891e-06	6
1.173660254e-06	1.280788383e-06	6
1.163660254e-06	1.263467875e-06	6
1.153660254e-06	1.246147367e-06	6
1.143660254e-06	1.228826859e-06	6
1.133660254e-06	1.211506351e-06	6
1.123660254e-06	1.194185843e-06	6
1.113660254e-06	1.176865335e-06	6
1.103660254e-06	1.159544827e-06	6
1.093660254e-06	1.142224319e-06	6
1.083660254e-06	1.124903811e-06	6
1.073660254e-06	1.107583302e-06	6
1.063660254e-06	1.090262794e-06	6
1.053660254e-06	1.072942286e-06	6
1.043660254e-06	1.055621778e-06	6
1.033660254e-06	1.03830127e-06	6
1.023660254e-06	1.020980762e-06	6
1.013660254e-06	1.003660254e-06	6
1.003660254e-06	9.86339746e-07	6
9.93660254e-07	9.690192379e-07	6
9.83660254e-07	9.516987298e-07	6
9.73660254e-07	9.343782217e-07	6
9.63660254e-07	9.170577137e-07	6
9.53660254e-07	8.997372056e-07	6
9.43660254e-07	8.824166975e-07	6
9.33660254e-07	8.650961894e-07	6
9.23660254e-07	8.477756814e-07	6
9.13660254e-07	8.304551733e-07	6
9.03660254e-07	8.131346652e-07	6
8.93660254e-07	7.958141571e-07	6
8.83660254e-07	7.784936491e-07	6
8.73660254e-07	7.61173141e-07	6
8.63660254e-07	7.438526329e-07	6
8.53660254e-07	7.265321248e-07	6
8.43660254e-07	7.092116168e-07	6
8.33660254e-07	6.918911087e-07	6
8.23660254e-07	6.745706006e-07	6
8.13660254e-07	6.572500925e-07	6
8.03660254e-07	6.399295844e-07	6
7.93660254e-07	6.226090764e-07	6
7.83660254e-07	6.052885683e-07	6
7.73660254e-07	5.879680602e-07	6
7.63660254e-07	5.706475521e-07	6
7.53660254e-07	5.533270441e-07	6
7.43660254e-07	5.36006536e-07	6
7.33660254e-07	5.186860279e-07	6
7.23660254e-07	5.013655198e-07	6
7.13660254e-07	4.840450118e-07	6
7.03660254e-07	4.667245037e-07	6
6.93660254e-07	4.494039956e-07	6
6.83660254e-07	4.320834875e-07	6
6.73660254e-07	4.147629795e-07	6
6.63660254e-07	3.974424714e-07	6
6.53660254e-07	3.801219633e-07	6
6.43660254e-07	3.628014552e-07	6
6.33660254e-07	3.454809472e-07	6
6.33660254e-07	3.454809472e-07	0
6.25e-07	3.504809472e-07	0
6.16339746e-07	3.554809472e-07	0
6.16339746e-07	3.554809472e-07	6
6.16339746e-07	3.554809472e-07	6
6.16339746e-07	3.554809472e-07	6
6.16339746e-07	3.554809472e-07	6
6.16339746e-07	3.554809472e-07	6
6.16339746e-07	3.554809472e-07	6
6.16339746e-07	3.554809472e-07	6
6.16339746e-07	3.554809472e-07	6
6.16339746e-07	3.554809472e-07	6
6.16339746e-07	3.554809472e-07	6
6.16339746e-07	3.554809472e-07	6
6.26339746e-07	3.728014552e-07	6
6.36339746e-07	3.901219633e-07	6
6.46339746e-07	4.074424714e-07	6
6.56339746e-07	4.247629795e-07	6
6.66339746e-07	4.420834875e-07	6
6.76339746e-07	4.594039956e-07	6
6.86339746e-07	4.767245037e-07	6
6.96339746e-07	4.940450118e-07	6
7.06339746e-07	5.113655198e-07	6
7.16339746e-07	5.286860279e-07	6
7.26339746e-07	5.46006536e-07	6
7.36339746e-07	5.633270441e-07	6
7.46339746e-07	5.806475521e-07	6
7.56339746e-07	5.979680602e-07	6
7.66339746e-07	6.152885683e-07	6
7.76339746e-07	6.326090764e-07	6
7.86339746e-07	6.499295844e-07	6
7.96339746e-07	6.672500925e-07	6
8.06339746e-07	6.845706006e-07	6
8.16339746e-07	7.018911087e-07	6
8.26339746e-07	7.192116168e-07	6
8.36339746e-07	7.365321248e-07	6
8.46339746e-07	7.538526329e-07	6
8.56339746e-07	7.71173141e-07	6
8.66339746e-07	7.884936491e-07	6
8.76339746e-07	8.058141571e-07	6
8.86339746e-07	8.231346652e-07	6
8.96339746e-07	8.404551733e-07	6
9.06339746e-07	8.577756814e-07	6
9.16339746e-07	8.750961894e-07	6
9.26339746e-07	8.924166975e-07	6
9.36339746e-07	9.097372056e-07	6
9.46339746e-07	9.270577137e-07	6
9.56339746e-07	9.443782217e-07	6
9.66339746e-07	9.616987298e-07	6
9.76339746e-07	9.790192379e-07	6
9.86339746e-07	9.96339746e-07	6
9.96339746e-07	1.013660254e-06	6
1.006339746e-06	1.030980762e-06	6
1.016339746e-06	1.04830127e-06	6
1.026339746e-06	1.065621778e-06	6
1.036339746e-06	1.082942286e-06	6
1.046339746e-06	1.100262794e-06	6
1.056339746e-06	1.117583302e-06	6
1.066339746e-06	1.134903811e-06	6
1.076339746e-06	1.152224319e-06	6
1.086339746e-06	1.169544827e-06	6
1.096339746e-06	1.186865335e-06	6
1.106339746e-06	1.204185843e-06	6
1.116339746e-06	1.221506351e-06	6
1.126339746e-06	1.238826859e-06	6
1.136339746e-06	1.256147367e-06	6
1.146339746e-06	1.273467875e-06	6
1.156339746e-06	1.290788383e-06	6
1.166339746e-06	1.308108891e-06	6
1.176339746e-06	1.325429399e-06	6
1.186339746e-06	1.342749907e-06	6
1.196339746e-06	1.360070416e-06	6
1.206339746e-06	1.377390924e-06	6
1.216339746e-06	1.394711432e-06	6
1.226339746e-06	1.41203194e-06	6
1.236339746e-06	1.429352448e-06	6
1.246339746e-06	1.446672956e-06	6
1.256339746e-06	1.463993464e-06	6
1.266339746e-06	1.481313972e-06	6
1.276339746e-06	1.49863448e-06	6
1.286339746e-06	1.515954988e-06	6
1.296339746e-06	1.533275496e-06	6
1.306339746e-06	1.550596004e-06	6
1.316339746e-06	1.567916512e-06	6
1.326339746e-06	1.585237021e-06	6
1.336339746e-06	1.602557529e-06	6
1.346339746e-06	1.619878037e-06	6
1.356339746e-06	1.637198545e-06	6
1.366339746e-06	1.654519053e-06	6
1.366339746e-06	1.654519053e-06	-6
1.366339746e-06	1.654519053e-06	-6
1.366339746e-06	1.654519053e-06	-6
1.366339746e-06	1.654519053e-06	-6
1.366339746e-06	1.654519053e-06	-6
1.366339746e-06	1.654519053e-06	-6
1.366339746e-06	1.654519053e-06	-6
1.366339746e-06	1.654519053e-06	-6
1.366339746e-06	1.654519053e-06	-6
1.366339746e-06	1.654519053e-06	-6
1.366339746e-06	1.654519053e-06	-6
1.356339746e-06	1.637198545e-06	-6
1.346339746e-06	1.619878037e-06	-6
1.336339746e-06	1.602557529e-06	-6
1.326339746e-06	1.585237021e-06	-6
1.316339746e-06	1.567916512e-06	-6
1.306339746e-06	1.550596004e-06	-6
1.296339746e-06	1.533275496e-06	-6
1.286339746e-06	1.515954988e-06	-6
1.276339746e-06	1.49863448e-06	-6
1.266339746e-06	1.481313972e-06	-6
1.256339746e-06	1.463993464e-06	-6
1.246339746e-06	1.446672956e-06	-6
1.236339746e-06	1.429352448e-06	-6
1.226339746e-06	1.41203194e-06	-6
1.216339746e-06	1.394711432e-06	-6
1.206339746e-06	1.377390924e-06	-6
1.196339746e-06	1.360070416e-06	-6
1.186339746e-06	1.342749907e-06	-6
1.176339746e-06	1.325429399e-06	-6
1.166339746e-06	1.308108891e-06	-6
1.156339746e-06	1.290788383e-06	-6
1.146339746e-06	1.273467875e-06	-6
1.136339746e-06	1.256147367e-06	-6
1.126339746e-06	1.238826859e-06	-6
1.116339746e-06	1.221506351e-06	-6
1.106339746e-06	1.204185843e-06	-6
1.096339746e-06	1.186865335e-06	-6
1.086339746e-06	1.169544827e-06	-6
1.076339746e-06	1.152224319e-06	-6
1.066339746e-06	1.134903811e-06	-6
1.056339746e-06	1.117583302e-06	-6
1.046339746e-06	1.100262794e-06	-6
1.036339746e-06	1.082942286e-06	-6
1.026339746e-06	1.065621778e-06	-6
1.016339746e-06	1.04830127e-06	-6
1.006339746e-06	1.030980762e-06	-6
9.96339746e-07	1.013660254e-06	-6
9.86339746e-07	9.96339746e-07	-6
9.76339746e-07	9.790192379e-07	-6
9.66339746e-07	9.616987298e-07	-6
9.56339746e-07	9.443782217e-07	-6
9.46339746e-07	9.270577137e-07	-6
9.36339746e-07	9.097372056e-07	-6
9.26339746e-07	8.924166975e-07	-6
9.16339746e-07	8.750961894e-07	-6
9.06339746e-07	8.577756814e-07	-6
8.96339746e-07	8.404551733e-07	-6
8.86339746e-07	8.231346652e-07	-6
8.76339746e-07	8.058141571e-07	-6
8.66339746e-07	7.884936491e-07	-6
8.56339746e-07	7.71173141e-07	-6
8.46339746e-07	7.538526329e-07	-6
8.36339746e-07	7.365321248e-07	-6
8.26339746e-07	7.192116168e-07	-6
8.16339746e-07	7.018911087e-07	-6
8.06339746e-07	6.845706006e-07	-6
7.96339746e-07	6.672500925e-07	-6
7.86339746e-07	6.499295844e-07	-6
7.76339746e-07	6.326090764e-07	-6
7.66339746e-07	6.152885683e-07	-6
7.56339746e-07	5.979680602e-07	-6
7.46339746e-07	5.806475521e-07	-6
7.36339746e-07	5.633270441e-07	-6
7.26339746e-07	5.46006536e-07	-6
7.16339746e-07	5.286860279e-07	-6
7.06339746e-07	5.113655198e-07	-6
6.96339746e-07	4.940450118e-07	-6
6.86339746e-07	4.767245037e-07	-6
6.76339746e-07	4.594039956e-07	-6
6.66339746e-07	4.420834875e-07	-6
6.56339746e-07	4.247629795e-07	-6
6.46339746e-07	4.074424714e-07	-6
6.36339746e-07	3.901219633e-07	-6
6.26339746e-07	3.728014552e-07	-6
6.16339746e-07	3.554809472e-07	-6
6.16339746e-07	3.554809472e-07	0
5.990192379e-07	3.654809472e-07	0
5.990192379e-07	3.654809472e-07	-6
5.990192379e-07	3.654809472e-07	-6
5.990192379e-07	3.654809472e-07	-6
5.990192379e-07	3.654809472e-07	-6
5.990192379e-07	3.654809472e-07	-6
5.990192379e-07	3.654809472e-07	-6
5.990192379e-07	3.654809472e-07	-6
5.990192379e-07	3.654809472e-07	-6
5.990192379e-07	3.654809472e-07	-6
5.990192379e-07	3.654809472e-07	-6
5.990192379e-07	3.654809472e-07	-6
6.090192379e-07	3.828014552e-07	-6
6.190192379e-07	4.001219633e-07	-6
6.290192379e-07	4.174424714e-07	-6
6.390192379e-07	4.347629795e-07	-6
6.490192379e-07	4.520834875e-07	-6
6.590192379e-07	4.694039956e-07	-6
6.690192379e-07	4.867245037e-07	-6
6.790192379e-07	5.040450118e-07	-6
6.890192379e-07	5.213655198e-07	-6
6.990192379e-07	5.386860279e-07	-6
7.090192379e-07	5.56006536e-07	-6
7.190192379e-07	5.733270441e-07	-6
7.290192379e-07	5.906475521e-07	-6
7.390192379e-07	6.079680602e-07	-6
7.490192379e-07	6.252885683e-07	-6
7.590192379e-07	6.426090764e-07	-6
7.690192379e-07	6.599295844e-07	-6
7.790192379e-07	6.772500925e-07	-6
7.890192379e-07	6.945706006e-07	-6
7.990192379e-07	7.118911087e-07	-6
8.090192379e-07	7.292116168e-07	-6
8.190192379e-07	7.465321248e-07	-6
8.290192379e-07	7.638526329e-07	-6
8.390192379e-07	7.81173141e-07	-6
8.490192379e-07	7.984936491e-07	-6
8.590192379e-07	8.158141571e-07	-6
8.690192379e-07	8.331346652e-07	-6
8.790192379e-07	8.504551733e-07	-6
8.890192379e-07	8.677756814e-07	-6
8.990192379e-07	8.850961894e-07	-6
9.090192379e-07	9.024166975e-07	-6
9.190192379e-07	9.197372056e-07	-6
9.290192379e-07	9.370577137e-07	-6
9.390192379e-07	9.543782217e-07	-6
9.490192379e-07	9.716987298e-07	-6
9.590192379e-07	9.890192379e-07	-6
9.690192379e-07	1.006339746e-06	-6
9.790192379e-07	1.023660254e-06	-6
9.890192379e-07	1.040980762e-06	-6
9.990192379e-07	1.05830127e-06	-6
1.009019238e-06	1.075621778e-06	-6
1.019019238e-06	1.092942286e-06	-6
1.029019238e-06	1.110262794e-06	-6
1.039019238e-06	1.127583302e-06	-6
1.049019238e-06	1.144903811e-06	-6
1.059019238e-06	1.162224319e-06	-6
1.069019238e-06	1.179544827e-06	-6
1.079019238e-06	1.196865335e-06	-6
1.089019238e-06	1.214185843e-06	-6
1.099019238e-06	1.231506351e-06	-6
1.109019238e-06	1.248826859e-06	-6
1.119019238e-06	1.266147367e-06	-6
1.129019238e-06	1.283467875e-06	-6
1.139019238e-06	1.300788383e-06	-6
1.149019238e-06	1.318108891e-06	-6
1.159019238e-06	1.335429399e-06	-6
1.169019238e-06	1.352749907e-06	-6
1.179019238e-06	1.370070416e-06	-6
1.189019238e-06	1.387390924e-06	-6
1.199019238e-06	1.404711432e-06	-6
1.209019238e-06	1.42203194e-06	-6
1.219019238e-06	1.439352448e-06	-6
1.229019238e-06	1.456672956e-06	-6
1.239019238e-06	1.473993464e-06	-6
1.249019238e-06	1.491313972e-06	-6
1.259019238e-06	1.50863448e-06	-6
1.269019238e-06	1.525954988e-06	-6
1.279019238e-06	1.543275496e-06	-6
1.289019238e-06	1.560596004e-06	-6
1.299019238e-06	1.577916512e-06	-6
1.309019238e-06	1.595237021e-06	-6
1.319019238e-06	1.612557529e-06	-6
1.329019238e-06	1.629878037e-06	-6
1.339019238e-06	1.647198545e-06	-6
1.349019238e-06	1.664519053e-06	-6
1.349019238e-06	1.664519053e-06	6
1.349019238e-06	1.664519053e-06	6
1.349019238e-06	1.664519053e-06	6
1.349019238e-06	1.664519053e-06	6
1.349019238e-06	1.664519053e-06	6
1.349019238e-06	1.664519053e-06	6
1.349019238e-06	1.664519053e-06	6
1.349019238e-06	1.664519053e-06	6
1.349019238e-06	1.664519053e-06	6
1.349019238e-06	1.664519053e-06	6
1.349019238e-06	1.664519053e-06	6
1.339019238e-06	1.647198545e-06	6
1.329019238e-06	1.629878037e-06	6
1.319019238e-06	1.612557529e-06	6
1.309019238e-06	1.595237021e-06	6
1.299019238e-06	1.577916512e-06	6
1.289019238e-06	1.560596004e-06	6
1.279019238e-06	1.543275496e-06	6
1.269019238e-06	1.525954988e-06	6
1.259019238e-06	1.50863448e-06	6
1.249019238e-06	1.491313972e-06	6
1.239019238e-06	1.473993464e-06	6
1.229019238e-06	1.456672956e-06	6
1.219019238e-06	1.439352448e-06	6
1.209019238e-06	1.42203194e-06	6
1.199019238e-06	1.404711432e-06	6
1.189019238e-06	1.387390924e-06	6
1.179019238e-06	1.370070416e-06	6
1.169019238e-06	1.352749907e-06	6
1.159019238e-06	1.335429399e-06	6
1.149019238e-06	1.318108891e-06	6
1.139019238e-06	1.300788383e-06	6
1.129019238e-06	1.283467875e-06	6
1.119019238e-06	1.266147367e-06	6
1.109019238e-06	1.248826859e-06	6
1.099019238e-06	1.231506351e-06	6
1.089019238e-06	1.214185843e-06	6
1.079019238e-06	1.196865335e-06	6
1.069019238e-06	1.179544827e-06	6
1.059019238e-06	1.162224319e-06	6
1.049019238e-06	1.144903811e-06	6
1.039019238e-06	1.127583302e-06	6
1.029019238e-06	1.110262794e-06	6
1.019019238e-06	1.092942286e-06	6
1.009019238e-06	1.075621778e-06	6
9.990192379e-07	1.05830127e-06	6
9.890192379e-07	1.040980762e-06	6
9.790192379e-07	1.023660254e-06	6
9.690192379e-07	1.006339746e-06	6
9.590192379e-07	9.890192379e-07	6
9.490192379e-07	9.716987298e-07	6
9.390192379e-07	9.543782217e-07	6
9.290192379e-07	9.370577137e-07	6
9.190192379e-07	9.197372056e-07	6
9.090192379e-07	9.024166975e-07	6
8.990192379e-07	8.850961894e-07	6
8.890192379e-07	8.677756814e-07	6
8.790192379e-07	8.504551733e-07	6
8.690192379e-07	8.331346652e-07	6
8.590192379e-07	8.158141571e-07	6
8.490192379e-07	7.984936491e-07	6
8.390192379e-07	7.81173141e-07	6
8.290192379e-07	7.638526329e-07	6
8.190192379e-07	7.465321248e-07	6
8.090192379e-07	7.292116168e-07	6
7.990192379e-07	7.118911087e-07	6
7.890192379e-07	6.945706006e-07	6
7.790192379e-07	6.772500925e-07	6
7.690192379e-07	6.599295844e-07	6
7.590192379e-07	6.426090764e-07	6
7.490192379e-07	6.252885683e-07	6
7.390192379e-07	6.079680602e-07	6
7.290192379e-07	5.906475521e-07	6
7.190192379e-07	5.733270441e-07	6
7.090192379e-07	5.56006536e-07	6
6.990192379e-07	5.386860279e-07	6
6.890192379e-07	5.213655198e-07	6
6.790192379e-07	5.040450118e-07	6
6.690192379e-07	4.867245037e-07	6
6.590192379e-07	4.694039956e-07	6
6.490192379e-07	4.520834875e-07	6
6.390192379e-07	4.347629795e-07	6
6.290192379e-07	4.174424714e-07	6
6.190192379e-07	4.001219633e-07	6
6.090192379e-07	3.828014552e-07	6
5.990192379e-07	3.654809472e-07	6
5.990192379e-07	3.654809472e-07	0
5.816987298e-07	3.754809472e-07	0
5.816987298e-07	3.754809472e-07	6
5.816987298e-07	3.754809472e-07	6
5.816987298e-07	3.754809472e-07	6
5.816987298e-07	3.754809472e-07	6
5.816987298e-07	3.754809472e-07	6
5.816987298e-07	3.754809472e-07	6
5.816987298e-07	3.754809472e-07	6
5.816987298e-07	3.754809472e-07	6
5.816987298e-07	3.754809472e-07	6
5.816987298e-07	3.754809472e-07	6
5.816987298e-07	3.754809472e-07	6
5.916987298e-07	3.928014552e-07	6
6.016987298e-07	4.101219633e-07	6
6.116987298e-07	4.274424714e-07	6
6.216987298e-07	4.447629795e-07	6
6.316987298e-07	4.620834875e-07	6
6.416987298e-07	4.794039956e-07	6
6.516987298e-07	4.967245037e-07	6
6.616987298e-07	5.140450118e-07	6
6.716987298e-07	5.313655198e-07	6
6.816987298e-07	5.486860279e-07	6
6.916987298e-07	5.66006536e-07	6
7.016987298e-07	5.833270441e-07	6
7.116987298e-07	6.006475521e-07	6
7.216987298e-07	6.179680602e-07	6
7.316987298e-07	6.352885683e-07	6
7.416987298e-07	6.526090764e-07	6
7.516987298e-07	6.699295844e-07	6
7.616987298e-07	6.872500925e-07	6
7.716987298e-07	7.045706006e-07	6
7.816987298e-07	7.218911087e-07	6
7.916987298e-07	7.392116168e-07	6
8.016987298e-07	7.565321248e-07	6
8.116987298e-07	7.738526329e-07	6
8.216987298e-07	7.91173141e-07	6
8.316987298e-07	8.084936491e-07	6
8.416987298e-07	8.258141571e-07	6
8.516987298e-07	8.431346652e-07	6
8.616987298e-07	8.604551733e-07	6
8.716987298e-07	8.777756814e-07	6
8.816987298e-07	8.950961894e-07	6
8.916987298e-07	9.124166975e-07	6
9.016987298e-07	9.297372056e-07	6
9.116987298e-07	9.470577137e-07	6
9.216987298e-07	9.643782217e-07	6
9.316987298e-07	9.816987298e-07	6
9.416987298e-07	9.990192379e-07	6
9.516987298e-07	1.016339746e-06	6
9.616987298e-07	1.033660254e-06	6
9.716987298e-07	1.050980762e-06	6
9.816987298e-07	1.06830127e-06	6
9.916987298e-07	1.085621778e-06	6
1.00169873e-06	1.102942286e-06	6
1.01169873e-06	1.120262794e-06	6
1.02169873e-06	1.137583302e-06	6
1.03169873e-06	1.154903811e-06	6
1.04169873e-06	1.172224319e-06	6
1.05169873e-06	1.189544827e-06	6
1.06169873e-06	1.206865335e-06	6
1.07169873e-06	1.224185843e-06	6
1.08169873e-06	1.241506351e-06	6
1.09169873e-06	1.258826859e-06	6
1.10169873e-06	1.276147367e-06	6
1.11169873e-06	1.293467875e-06	6
1.12169873e-06	1.310788383e-06	6
1.13169873e-06	1.328108891e-06	6
1.14169873e-06	1.345429399e-06	6
1.15169873e-06	1.362749907e-06	6
1.16169873e-06	1.380070416e-06	6
1.17169873e-06	1.397390924e-06	6
1.18169873e-06	1.414711432e-06	6
1.19169873e-06	1.43203194e-06	6
1.20169873e-06	1.449352448e-06	6
1.21169873e-06	1.466672956e-06	6
1.22169873e-06	1.483993464e-06	6
1.23169873e-06	1.501313972e-06	6
1.24169873e-06	1.51863448e-06	6
1.25169873e-06	1.535954988e-06	6
1.26169873e-06	1.553275496e-06	6
1.27169873e-06	1.570596004e-06	6
1.28169873e-06	1.587916512e-06	6
1.29169873e-06	1.605237021e-06	6
1.30169873e-06	1.622557529e-06	6
1.31169873e-06	1.639878037e-06	6
1.32169873e-06	1.657198545e-06	6
1.33169873e-06	1.674519053e-06	6
1.33169873e-06	1.674519053e-06	-6
1.33169873e-06	1.674519053e-06	-6
1.33169873e-06	1.674519053e-06	-6
1.33169873e-06	1.674519053e-06	-6
1.33169873e-06	1.674519053e-06	-6
1.33169873e-06	1.674519053e-06	-6
1.33169873e-06	1.674519053e-06	-6
1.33169873e-06	1.674519053e-06	-6
1.33169873e-06	1.674519053e-06	-6
1.33169873e-06	1.674519053e-06	-6
1.33169873e-06	1.674519053e-06	-6
1.32169873e-06	1.657198545e-06	-6
1.31169873e-06	1.639878037e-06	-6
1.30169873e-06	1.622557529e-06	-6
1.29169873e-06	1.605237021e-06	-6
1.28169873e-06	1.587916512e-06	-6
1.27169873e-06	1.570596004e-06	-6
1.26169873e-06	1.553275496e-06	-6
1.25169873e-06	1.535954988e-06	-6
1.24169873e-06	1.51863448e-06	-6
1.23169873e-06	1.501313972e-06	-6
1.22169873e-06	1.483993464e-06	-6
1.21169873e-06	1.466672956e-06	-6
1.20169873e-06	1.449352448e-06	-6
1.19169873e-06	1.43203194e-06	-6
1.18169873e-06	1.414711432e-06	-6
1.17169873e-06	1.397390924e-06	-6
1.16169873e-06	1.380070416e-06	-6
1.15169873e-06	1.362749907e-06	-6
1.14169873e-06	1.345429399e-06	-6
1.13169873e-06	1.328108891e-06	-6
1.12169873e-06	1.310788383e-06	-6
1.11169873e-06	1.293467875e-06	-6
1.10169873e-06	1.276147367e-06	-6
1.09169873e-06	1.258826859e-06	-6
1.08169873e-06	1.241506351e-06	-6
1.07169873e-06	1.224185843e-06	-6
1.06169873e-06	1.206865335e-06	-6
1.05169873e-06	1.189544827e-06	-6
1.04169873e-06	1.172224319e-06	-6
1.03169873e-06	1.154903811e-06	-6
1.02169873e-06	1.137583302e-06	-6
1.01169873e-06	1.120262794e-06	-6
1.00169873e-06	1.102942286e-06	-6
9.916987298e-07	1.085621778e-06	-6
9.816987298e-07	1.06830127e-06	-6
9.716987298e-07	1.050980762e-06	-6
9.616987298e-07	1.033660254e-06	-6
9.516987298e-07	1.016339746e-06	-6
9.416987298e-07	9.990192379e-07	-6
9.316987298e-07	9.816987298e-07	-6
9.216987298e-07	9.643782217e-07	-6
9.116987298e-07	9.470577137e-07	-6
9.016987298e-07	9.297372056e-07	-6
8.916987298e-07	9.124166975e-07	-6
8.816987298e-07	8.950961894e-07	-6
8.716987298e-07	8.777756814e-07	-6
8.616987298e-07	8.604551733e-07	-6
8.516987298e-07	8.431346652e-07	-6
8.416987298e-07	8.258141571e-07	-6
8.316987298e-07	8.084936491e-07	-6
8.216987298e-07	7.91173141e-07	-6
8.116987298e-07	7.738526329e-07	-6
8.016987298e-07	7.565321248e-07	-6
7.916987298e-07	7.392116168e-07	-6
7.816987298e-07	7.218911087e-07	-6
7.716987298e-07	7.045706006e-07	-6
7.616987298e-07	6.872500925e-07	-6
7.516987298e-07	6.699295844e-07	-6
7.416987298e-07	6.526090764e-07	-6
7.316987298e-07	6.352885683e-07	-6
7.216987298e-07	6.179680602e-07	-6
7.116987298e-07	6.006475521e-07	-6
7.016987298e-07	5.833270441e-07	-6
6.916987298e-07	5.66006536e-07	-6
6.816987298e-07	5.486860279e-07	-6
6.716987298e-07	5.313655198e-07	-6
6.616987298e-07	5.140450118e-07	-6
6.516987298e-07	4.967245037e-07	-6
6.416987298e-07	4.794039956e-07	-6
6.316987298e-07	4.620834875e-07	-6
6.216987298e-07	4.447629795e-07	-6
6.116987298e-07	4.274424714e-07	-6
6.016987298e-07	4.101219633e-07	-6
5.916987298e-07	3.928014552e-07	-6
5.816987298e-07	3.754809472e-07	-6
5.816987298e-07	3.754809472e-07	0
5.730384758e-07	3.804809472e-07	0
5.643782217e-07	3.854809472e-07	0
5.643782217e-07	3.854809472e-07	-6
5.643782217e-07	3.854809472e-07	-6
5.643782217e-07	3.854809472e-07	-6
5.643782217e-07	3.854809472e-07	-6
5.643782217e-07	3.854809472e-07	-6
5.643782217e-07	3.854809472e-07	-6
5.643782217e-07	3.854809472e-07	-6
5.643782217e-07	3.854809472e-07	-6
5.643782217e-07	3.854809472e-07	-6
5.643782217e-07	3.854809472e-07	-6
5.643782217e-07	3.854809472e-07	-6
5.743782217e-07	4.028014552e-07	-6
5.843782217e-07	4.201219633e-07	-6
5.943782217e-07	4.374424714e-07	-6
6.043782217e-07	4.547629795e-07	-6
6.143782217e-07	4.720834875e-07	-6
6.243782217e-07	4.894039956e-07	-6
6.343782217e-07	5.067245037e-07	-6
6.443782217e-07	5.240450118e-07	-6
6.543782217e-07	5.413655198e-07	-6
6.643782217e-07	5.586860279e-07	-6
6.743782217e-07	5.76006536e-07	-6
6.843782217e-07	5.933270441e-07	-6
6.943782217e-07	6.106475521e-07	-6
7.043782217e-07	6.279680602e-07	-6
7.143782217e-07	6.452885683e-07	-6
7.243782217e-07	6.626090764e-07	-6
7.343782217e-07	6.799295844e-07	-6
7.443782217e-07	6.972500925e-07	-6
7.543782217e-07	7.145706006e-07	-6
7.643782217e-07	7.318911087e-07	-6
7.743782217e-07	7.492116168e-07	-6
7.843782217e-07	7.665321248e-07	-6
7.943782217e-07	7.838526329e-07	-6
8.043782217e-07	8.01173141e-07	-6
8.143782217e-07	8.184936491e-07	-6
8.243782217e-07	8.358141571e-07	-6
8.343782217e-07	8.531346652e-07	-6
8.443782217e-07	8.704551733e-07	-6
8.543782217e-07	8.877756814e-07	-6
8.643782217e-07	9.050961894e-07	-6
8.743782217e-07	9.224166975e-07	-6
8.843782217e-07	9.397372056e-07	-6
8.943782217e-07	9.570577137e-07	-6
9.043782217e-07	9.743782217e-07	-6
9.143782217e-07	9.916987298e-07	-6
9.243782217e-07	1.009019238e-06	-6
9.343782217e-07	1.026339746e-06	-6
9.443782217e-07	1.043660254e-06	-6
9.543782217e-07	1.060980762e-06	-6
9.643782217e-07	1.07830127e-06	-6
9.743782217e-07	1.095621778e-06	-6
9.843782217e-07	1.112942286e-06	-6
9.943782217e-07	1.130262794e-06	-6
1.004378222e-06	1.147583302e-06	-6
1.014378222e-06	1.164903811e-06	-6
1.024378222e-06	1.182224319e-06	-6
1.034378222e-06	1.199544827e-06	-6
1.044378222e-06	1.216865335e-06	-6
1.054378222e-06	1.234185843e-06	-6
1.064378222e-06	1.251506351e-06	-6
1.074378222e-06	1.268826859e-06	-6
1.084378222e-06	1.286147367e-06	-6
1.094378222e-06	1.303467875e-06	-6
1.104378222e-06	1.320788383e-06	-6
1.114378222e-06	1.338108891e-06	-6
1.124378222e-06	1.355429399e-06	-6
1.134378222e-06	1.372749907e-06	-6
1.144378222e-06	1.390070416e-06	-6
1.154378222e-06	1.407390924e-06	-6
1.164378222e-06	1.424711432e-06	-6
1.174378222e-06	1.44203194e-06	-6
1.184378222e-06	1.459352448e-06	-6
1.194378222e-06	1.476672956e-06	-6
1.204378222e-06	1.493993464e-06	-6
1.214378222e-06	1.511313972e-06	-6
1.224378222e-06	1.52863448e-06	-6
1.234378222e-06	1.545954988e-06	-6
1.244378222e-06	1.563275496e-06	-6
1.254378222e-06	1.580596004e-06	-6
1.264378222e-06	1.597916512e-06	-6
1.274378222e-06	1.615237021e-06	-6
1.284378222e-06	1.632557529e-06	-6
1.294378222e-06	1.649878037e-06	-6
1.304378222e-06	1.667198545e-06	-6
1.314378222e-06	1.684519053e-06	-6
1.314378222e-06	1.684519053e-06	6
1.314378222e-06	1.684519053e-06	6
1.314378222e-06	1.684519053e-06	6
1.314378222e-06	1.684519053e-06	6
1.314378222e-06	1.684519053e-06	6
1.314378222e-06	1.684519053e-06	6
1.314378222e-06	1.684519053e-06	6
1.314378222e-06	1.684519053e-06	6
1.314378222e-06	1.684519053e-06	6
1.314378222e-06	1.684519053e-06	6
1.314378222e-06	1.684519053e-06	6
1.304378222e-06	1.667198545e-06	6
1.294378222e-06	1.649878037e-06	6
1.284378222e-06	1.632557529e-06	6
1.274378222e-06	1.615237021e-06	6
1.264378222e-06	1.597916512e-06	6
1.254378222e-06	1.580596004e-06	6
1.244378222e-06	1.563275496e-06	6
1.234378222e-06	1.545954988e-06	6
1.224378222e-06	1.52863448e-06	6
1.214378222e-06	1.511313972e-06	6
1.204378222e-06	1.493993464e-06	6
1.194378222e-06	1.476672956e-06	6
1.184378222e-06	1.459352448e-06	6
1.174378222e-06	1.44203194e-06	6
1.164378222e-06	1.424711432e-06	6
1.154378222e-06	1.407390924e-06	6
1.144378222e-06	1.390070416e-06	6
1.134378222e-06	1.372749907e-06	6
1.124378222e-06	1.355429399e-06	6
1.114378222e-06	1.338108891e-06	6
1.104378222e-06	1.320788383e-06	6
1.094378222e-06	1.303467875e-06	6
1.084378222e-06	1.286147367e-06	6
1.074378222e-06	1.268826859e-06	6
1.064378222e-06	1.251506351e-06	6
1.054378222e-06	1.234185843e-06	6
1.044378222e-06	1.216865335e-06	6
1.034378222e-06	1.199544827e-06	6
1.024378222e-06	1.182224319e-06	6
1.014378222e-06	1.164903811e-06	6
1.004378222e-06	1.147583302e-06	6
9.943782217e-07	1.130262794e-06	6
9.843782217e-07	1.112942286e-06	6
9.743782217e-07	1.095621778e-06	6
9.643782217e-07	1.07830127e-06	6
9.543782217e-07	1.060980762e-06	6
9.443782217e-07	1.043660254e-06	6
9.343782217e-07	1.026339746e-06	6
9.243782217e-07	1.009019238e-06	6
9.143782217e-07	9.916987298e-07	6
9.043782217e-07	9.743782217e-07	6
8.943782217e-07	9.570577137e-07	6
8.843782217e-07	9.397372056e-07	6
8.743782217e-07	9.224166975e-07	6
8.643782217e-07	9.050961894e-07	6
8.543782217e-07	8.877756814e-07	6
8.443782217e-07	8.704551733e-07	6
8.343782217e-07	8.531346652e-07	6
8.243782217e-07	8.358141571e-07	6
8.143782217e-07	8.184936491e-07	6
8.043782217e-07	8.01173141e-07	6
7.943782217e-07	7.838526329e-07	6
7.843782217e-07	7.665321248e-07	6
7.743782217e-07	7.492116168e-07	6
7.643782217e-07	7.318911087e-07	6
7.543782217e-07	7.145706006e-07	6
7.443782217e-07	6.972500925e-07	6
7.343782217e-07	6.799295844e-07	6
7.243782217e-07	6.626090764e-07	6
7.143782217e-07	6.452885683e-07	6
7.043782217e-07	6.279680602e-07	6
6.943782217e-07	6.106475521e-07	6
6.843782217e-07	5.933270441e-07	6
6.743782217e-07	5.76006536e-07	6
6.643782217e-07	5.586860279e-07	6
6.543782217e-07	5.413655198e-07	6
6.443782217e-07	5.240450118e-07	6
6.343782217e-07	5.067245037e-07	6
6.243782217e-07	4.894039956e-07	6
6.143782217e-07	4.720834875e-07	6
6.043782217e-07	4.547629795e-07	6
5.943782217e-07	4.374424714e-07	6
5.843782217e-07	4.201219633e-07	6
5.743782217e-07	4.028014552e-07	6
5.643782217e-07	3.854809472e-07	6
5.643782217e-07	3.854809472e-07	0
5.470577137e-07	3.954809472e-07	0
5.470577137e-07	3.954809472e-07	6
5.470577137e-07	3.954809472e-07	6
5.470577137e-07	3.954809472e-07	6
5.470577137e-07	3.954809472e-07	6
5.470577137e-07	3.954809472e-07	6
5.470577137e-07	3.954809472e-07	6
5.470577137e-07	3.954809472e-07	6
5.470577137e-07	3.954809472e-07	6
5.470577137e-07	3.954809472e-07	6
5.470577137e-07	3.954809472e-07	6
5.470577137e-07	3.954809472e-07	6
5.570577137e-07	4.128014552e-07	6
5.670577137e-07	4.301219633e-07	6
5.770577137e-07	4.474424714e-07	6
5.870577137e-07	4.647629795e-07	6
5.970577137e-07	4.820834875e-07	6
6.070577137e-07	4.994039956e-07	6
6.170577137e-07	5.167245037e-07	6
6.270577137e-07	5.340450118e-07	6
6.370577137e-07	5.513655198e-07	6
6.470577137e-07	5.686860279e-07	6
6.570577137e-07	5.86006536e-07	6
6.670577137e-07	6.033270441e-07	6
6.770577137e-07	6.206475521e-07	6
6.870577137e-07	6.379680602e-07	6
6.970577137e-07	6.552885683e-07	6
7.070577137e-07	6.726090764e-07	6
7.170577137e-07	6.899295844e-07	6
7.270577137e-07	7.072500925e-07	6
7.370577137e-07	7.245706006e-07	6
7.470577137e-07	7.418911087e-07	6
7.570577137e-07	7.592116168e-07	6
7.670577137e-07	7.765321248e-07	6
7.770577137e-07	7.938526329e-07	6
7.870577137e-07	8.11173141e-07	6
7.970577137e-07	8.284936491e-07	6
8.070577137e-07	8.458141571e-07	6
8.170577137e-07	8.631346652e-07	6
8.270577137e-07	8.804551733e-07	6
8.370577137e-07	8.977756814e-07	6
8.470577137e-07	9.150961894e-07	6
8.570577137e-07	9.324166975e-07	6
8.670577137e-07	9.497372056e-07	6
8.770577137e-07	9.670577137e-07	6
8.870577137e-07	9.843782217e-07	6
8.970577137e-07	1.00169873e-06	6
9.070577137e-07	1.019019238e-06	6
9.170577137e-07	1.036339746e-06	6
9.270577137e-07	1.053660254e-06	6
9.370577137e-07	1.070980762e-06	6
9.470577137e-07	1.08830127e-06	6
9.570577137e-07	1.105621778e-06	6
9.670577137e-07	1.122942286e-06	6
9.770577137e-07	1.140262794e-06	6
9.870577137e-07	1.157583302e-06	6
9.970577137e-07	1.174903811e-06	6
1.007057714e-06	1.192224319e-06	6
1.017057714e-06	1.209544827e-06	6
1.027057714e-06	1.226865335e-06	6
1.037057714e-06	1.244185843e-06	6
1.047057714e-06	1.261506351e-06	6
1.057057714e-06	1.278826859e-06	6
1.067057714e-06	1.296147367e-06	6
1.077057714e-06	1.313467875e-06	6
1.087057714e-06	1.330788383e-06	6
1.097057714e-06	1.348108891e-06	6
1.107057714e-06	1.365429399e-06	6
1.117057714e-06	1.382749907e-06	6
1.127057714e-06	1.400070416e-06	6
1.137057714e-06	1.417390924e-06	6
1.147057714e-06	1.434711432e-06	6
1.157057714e-06	1.45203194e-06	6
1.167057714e-06	1.469352448e-06	6
1.177057714e-06	1.486672956e-06	6
1.187057714e-06	1.503993464e-06	6
1.197057714e-06	1.521313972e-06	6
1.207057714e-06	1.53863448e-06	6
1.217057714e-06	1.555954988e-06	6
1.227057714e-06	1.573275496e-06	6
1.237057714e-06	1.590596004e-06	6
1.247057714e-06	1.607916512e-06	6
1.257057714e-06	1.625237021e-06	6
1.267057714e-06	1.642557529e-06	6
1.277057714e-06	1.659878037e-06	6
1.287057714e-06	1.677198545e-06	6
1.297057714e-06	1.694519053e-06	6
1.297057714e-06	1.694519053e-06	-6
1.297057714e-06	1.694519053e-06	-6
1.297057714e-06	1.694519053e-06	-6
1.297057714e-06	1.694519053e-06	-6
1.297057714e-06	1.694519053e-06	-6
1.297057714e-06	1.694519053e-06	-6
1.297057714e-06	1.694519053e-06	-6
1.297057714e-06	1.694519053e-06	-6
1.297057714e-06	1.694519053e-06	-6
1.297057714e-06	1.694519053e-06	-6
1.297057714e-06	1.694519053e-06	-6
1.287057714e-06	1.677198545e-06	-6
1.277057714e-06	1.659878037e-06	-6
1.267057714e-06	1.642557529e-06	-6
1.257057714e-06	1.625237021e-06	-6
1.247057714e-06	1.607916512e-06	-6
1.237057714e-06	1.590596004e-06	-6
1.227057714e-06	1.573275496e-06	-6
1.217057714e-06	1.555954988e-06	-6
1.207057714e-06	1.53863448e-06	-6
1.197057714e-06	1.521313972e-06	-6
1.187057714e-06	1.503993464e-06	-6
1.177057714e-06	1.486672956e-06	-6
1.167057714e-06	1.469352448e-06	-6
1.157057714e-06	1.45203194e-06	-6
1.147057714e-06	1.434711432e-06	-6
1.137057714e-06	1.417390924e-06	-6
1.127057714e-06	1.400070416e-06	-6
1.117057714e-06	1.382749907e-06	-6
1.107057714e-06	1.365429399e-06	-6
1.097057714e-06	1.348108891e-06	-6
1.087057714e-06	1.330788383e-06	-6
1.077057714e-06	1.313467875e-06	-6
1.067057714e-06	1.296147367e-06	-6
1.057057714e-06	1.278826859e-06	-6
1.047057714e-06	1.261506351e-06	-6
1.037057714e-06	1.244185843e-06	-6
1.027057714e-06	1.226865335e-06	-6
1.017057714e-06	1.209544827e-06	-6
1.007057714e-06	1.192224319e-06	-6
9.970577137e-07	1.174903811e-06	-6
9.870577137e-07	1.157583302e-06	-6
9.770577137e-07	1.140262794e-06	-6
9.670577137e-07	1.122942286e-06	-6
9.570577137e-07	1.105621778e-06	-6
9.470577137e-07	1.08830127e-06	-6
9.370577137e-07	1.070980762e-06	-6
9.270577137e-07	1.053660254e-06	-6
9.170577137e-07	1.036339746e-06	-6
9.070577137e-07	1.019019238e-06	-6
8.970577137e-07	1.00169873e-06	-6
8.870577137e-07	9.843782217e-07	-6
8.770577137e-07	9.670577137e-07	-6
8.670577137e-07	9.497372056e-07	-6
8.570577137e-07	9.324166975e-07	-6
8.470577137e-07	9.150961894e-07	-6
8.370577137e-07	8.977756814e-07	-6
8.270577137e-07	8.804551733e-07	-6
8.170577137e-07	8.631346652e-07	-6
8.070577137e-07	8.458141571e-07	-6
7.970577137e-07	8.284936491e-07	-6
7.870577137e-07	8.11173141e-07	-6
7.770577137e-07	7.938526329e-07	-6
7.670577137e-07	7.765321248e-07	-6
7.570577137e-07	7.592116168e-07	-6
7.470577137e-07	7.418911087e-07	-6
7.370577137e-07	7.245706006e-07	-6
7.270577137e-07	7.072500925e-07	-6
7.170577137e-07	6.899295844e-07	-6
7.070577137e-07	6.726090764e-07	-6
6.970577137e-07	6.552885683e-07	-6
6.870577137e-07	6.379680602e-07	-6
6.770577137e-07	6.206475521e-07	-6
6.670577137e-07	6.033270441e-07	-6
6.570577137e-07	5.86006536e-07	-6
6.470577137e-07	5.686860279e-07	-6
6.370577137e-07	5.513655198e-07	-6
6.270577137e-07	5.340450118e-07	-6
6.170577137e-07	5.167245037e-07	-6
6.070577137e-07	4.994039956e-07	-6
5.970577137e-07	4.820834875e-07	-6
5.870577137e-07	4.647629795e-07	-6
5.770577137e-07	4.474424714e-07	-6
5.670577137e-07	4.301219633e-07	-6
5.570577137e-07	4.128014552e-07	-6
5.470577137e-07	3.954809472e-07	-6
5.470577137e-07	3.954809472e-07	0
5.383974596e-07	4.004809472e-07	0
5.297372056e-07	4.054809472e-07	0
5.297372056e-07	4.054809472e-07	-6
5.297372056e-07	4.054809472e-07	-6
5.297372056e-07	4.054809472e-07	-6
5.297372056e-07	4.054809472e-07	-6
5.297372056e-07	4.054809472e-07	-6
5.297372056e-07	4.054809472e-07	-6
5.297372056e-07	4.054809472e-07	-6
5.297372056e-07	4.054809472e-07	-6
5.297372056e-07	4.054809472e-07	-6
5.297372056e-07	4.054809472e-07	-6
5.297372056e-07	4.054809472e-07	-6
5.397372056e-07	4.228014552e-07	-6
5.497372056e-07	4.401219633e-07	-6
5.597372056e-07	4.574424714e-07	-6
5.697372056e-07	4.747629795e-07	-6
5.797372056e-07	4.920834875e-07	-6
5.897372056e-07	5.094039956e-07	-6
5.997372056e-07	5.267245037e-07	-6
6.097372056e-07	5.440450118e-07	-6
6.197372056e-07	5.613655198e-07	-6
6.297372056e-07	5.786860279e-07	-6
6.397372056e-07	5.96006536e-07	-6
6.497372056e-07	6.133270441e-07	-6
6.597372056e-07	6.306475521e-07	-6
6.697372056e-07	6.479680602e-07	-6
6.797372056e-07	6.652885683e-07	-6
6.897372056e-07	6.826090764e-07	-6
6.997372056e-07	6.999295844e-07	-6
7.097372056e-07	7.172500925e-07	-6
7.197372056e-07	7.345706006e-07	-6
7.297372056e-07	7.518911087e-07	-6
7.397372056e-07	7.692116168e-07	-6
7.497372056e-07	7.865321248e-07	-6
7.597372056e-07	8.038526329e-07	-6
7.697372056e-07	8.21173141e-07	-6
7.797372056e-07	8.384936491e-07	-6
7.897372056e-07	8.558141571e-07	-6
7.997372056e-07	8.731346652e-07	-6
8.097372056e-07	8.904551733e-07	-6
8.197372056e-07	9.077756814e-07	-6
8.297372056e-07	9.250961894e-07	-6
8.397372056e-07	9.424166975e-07	-6
8.497372056e-07	9.597372056e-07	-6
8.597372056e-07	9.770577137e-07	-6
8.697372056e-07	9.943782217e-07	-6
8.797372056e-07	1.01169873e-06	-6
8.897372056e-07	1.029019238e-06	-6
8.997372056e-07	1.046339746e-06	-6
9.097372056e-07	1.063660254e-06	-6
9.197372056e-07	1.080980762e-06	-6
9.297372056e-07	1.09830127e-06	-6
9.397372056e-07	1.115621778e-06	-6
9.497372056e-07	1.132942286e-06	-6
9.597372056e-07	1.150262794e-06	-6
9.697372056e-07	1.167583302e-06	-6
9.797372056e-07	1.184903811e-06	-6
9.897372056e-07	1.202224319e-06	-6
9.997372056e-07	1.219544827e-06	-6
1.009737206e-06	1.236865335e-06	-6
1.019737206e-06	1.254185843e-06	-6
1.029737206e-06	1.271506351e-06	-6
1.039737206e-06	1.288826859e-06	-6
1.049737206e-06	1.306147367e-06	-6
1.059737206e-06	1.323467875e-06	-6
1.069737206e-06	1.340788383e-06	-6
1.079737206e-06	1.358108891e-06	-6
1.089737206e-06	1.375429399e-06	-6
1.099737206e-06	1.392749907e-06	-6
1.109737206e-06	1.410070416e-06	-6
1.119737206e-06	1.427390924e-06	-6
1.129737206e-06	1.444711432e-06	-6
1.139737206e-06	1.46203194e-06	-6
1.149737206e-06	1.479352448e-06	-6
1.159737206e-06	1.496672956e-06	-6
1.169737206e-06	1.513993464e-06	-6
1.179737206e-06	1.531313972e-06	-6
1.189737206e-06	1.54863448e-06	-6
1.199737206e-06	1.565954988e-06	-6
1.209737206e-06	1.583275496e-06	-6
1.219737206e-06	1.600596004e-06	-6
1.229737206e-06	1.617916512e-06	-6
1.239737206e-06	1.635237021e-06	-6
1.249737206e-06	1.652557529e-06	-6
1.259737206e-06	1.669878037e-06	-6
1.269737206e-06	1.687198545e-06	-6
1.279737206e-06	1.704519053e-06	-6
1.279737206e-06	1.704519053e-06	6
1.279737206e-06	1.704519053e-06	6
1.279737206e-06	1.704519053e-06	6
1.279737206e-06	1.704519053e-06	6
1.279737206e-06	1.704519053e-06	6
1.279737206e-06	1.704519053e-06	6
1.279737206e-06	1.704519053e-06	6
1.279737206e-06	1.704519053e-06	6
1.279737206e-06	1.704519053e-06	6
1.279737206e-06	1.704519053e-06	6
1.279737206e-06	1.704519053e-06	6
1.269737206e-06	1.687198545e-06	6
1.259737206e-06	1.669878037e-06	6
1.249737206e-06	1.652557529e-06	6
1.239737206e-06	1.635237021e-06	6
1.229737206e-06	1.617916512e-06	6
1.219737206e-06	1.600596004e-06	6
1.209737206e-06	1.583275496e-06	6
1.199737206e-06	1.565954988e-06	6
1.189737206e-06	1.54863448e-06	6
1.179737206e-06	1.531313972e-06	6
1.169737206e-06	1.513993464e-06	6
1.159737206e-06	1.496672956e-06	6
1.149737206e-06	1.479352448e-06	6
1.139737206e-06	1.46203194e-06	6
1.129737206e-06	1.444711432e-06	6
1.119737206e-06	1.427390924e-06	6
1.109737206e-06	1.410070416e-06	6
1.099737206e-06	1.392749907e-06	6
1.089737206e-06	1.375429399e-06	6
1.079737206e-06	1.358108891e-06	6
1.069737206e-06	1.340788383e-06	6
1.059737206e-06	1.323467875e-06	6
1.049737206e-06	1.306147367e-06	6
1.039737206e-06	1.288826859e-06	6
1.029737206e-06	1.271506351e-06	6
1.019737206e-06	1.254185843e-06	6
1.009737206e-06	1.236865335e-06	6
9.997372056e-07	1.219544827e-06	6
9.897372056e-07	1.202224319e-06	6
9.797372056e-07	1.184903811e-06	6
9.697372056e-07	1.167583302e-06	6
9.597372056e-07	1.150262794e-06	6
9.497372056e-07	1.132942286e-06	6
9.397372056e-07	1.115621778e-06	6
9.297372056e-07	1.09830127e-06	6
9.197372056e-07	1.080980762e-06	6
9.097372056e-07	1.063660254e-06	6
8.997372056e-07	1.046339746e-06	6
8.897372056e-07	1.029019238e-06	6
8.797372056e-07	1.01169873e-06	6
8.697372056e-07	9.943782217e-07	6
8.597372056e-07	9.770577137e-07	6
8.497372056e-07	9.597372056e-07	6
8.397372056e-07	9.424166975e-07	6
8.297372056e-07	9.250961894e-07	6
8.197372056e-07	9.077756814e-07	6
8.097372056e-07	8.904551733e-07	6
7.997372056e-07	8.731346652e-07	6
7.897372056e-07	8.558141571e-07	6
7.797372056e-07	8.384936491e-07	6
7.697372056e-07	8.21173141e-07	6
7.597372056e-07	8.038526329e-07	6
7.497372056e-07	7.865321248e-07	6
7.397372056e-07	7.692116168e-07	6
7.297372056e-07	7.518911087e-07	6
7.197372056e-07	7.345706006e-07	6
7.097372056e-07	7.172500925e-07	6
6.997372056e-07	6.999295844e-07	6
6.897372056e-07	6.826090764e-07	6
6.797372056e-07	6.652885683e-07	6
6.697372056e-07	6.479680602e-07	6
6.597372056e-07	6.306475521e-07	6
6.497372056e-07	6.133270441e-07	6
6.397372056e-07	5.96006536e-07	6
6.297372056e-07	5.786860279e-07	6
6.197372056e-07	5.613655198e-07	6
6.097372056e-07	5.440450118e-07	6
5.997372056e-07	5.267245037e-07	6
5.897372056e-07	5.094039956e-07	6
5.797372056e-07	4.920834875e-07	6
5.697372056e-07	4.747629795e-07	6
5.597372056e-07	4.574424714e-07	6
5.497372056e-07	4.401219633e-07	6
5.397372056e-07	4.228014552e-07	6
5.297372056e-07	4.054809472e-07	6
5.297372056e-07	4.054809472e-07	0
5.124166975e-07	4.154809472e-07	0
5.124166975e-07	4.154809472e-07	6
5.124166975e-07	4.154809472e-07	6
5.124166975e-07	4.154809472e-07	6
5.124166975e-07	4.154809472e-07	6
5.124166975e-07	4.154809472e-07	6
5.124166975e-07	4.154809472e-07	6
5.124166975e-07	4.154809472e-07	6
5.124166975e-07	4.154809472e-07	6
5.124166975e-07	4.154809472e-07	6
5.124166975e-07	4.154809472e-07	6
5.124166975e-07	4.154809472e-07	6
5.224166975e-07	4.328014552e-07	6
5.324166975e-07	4.501219633e-07	6
5.424166975e-07	4.674424714e-07	6
5.524166975e-07	4.847629795e-07	6
5.624166975e-07	5.020834875e-07	6
5.724166975e-07	5.194039956e-07	6
5.824166975e-07	5.367245037e-07	6
5.924166975e-07	5.540450118e-07	6
6.024166975e-07	5.713655198e-07	6
6.124166975e-07	5.886860279e-07	6
6.224166975e-07	6.06006536e-07	6
6.324166975e-07	6.233270441e-07	6
6.424166975e-07	6.406475521e-07	6
6.524166975e-07	6.579680602e-07	6
6.624166975e-07	6.752885683e-07	6
6.724166975e-07	6.926090764e-07	6
6.824166975e-07	7.099295844e-07	6
6.924166975e-07	7.272500925e-07	6
7.024166975e-07	7.445706006e-07	6
7.124166975e-07	7.618911087e-07	6
7.224166975e-07	7.792116168e-07	6
7.324166975e-07	7.965321248e-07	6
7.424166975e-07	8.138526329e-07	6
7.524166975e-07	8.31173141e-07	6
7.624166975e-07	8.484936491e-07	6
7.724166975e-07	8.658141571e-07	6
7.824166975e-07	8.831346652e-07	6
7.924166975e-07	9.004551733e-07	6
8.024166975e-07	9.177756814e-07	6
8.124166975e-07	9.350961894e-07	6
8.224166975e-07	9.524166975e-07	6
8.324166975e-07	9.697372056e-07	6
8.424166975e-07	9.870577137e-07	6
8.524166975e-07	1.004378222e-06	6
8.624166975e-07	1.02169873e-06	6
8.724166975e-07	1.039019238e-06	6
8.824166975e-07	1.056339746e-06	6
8.924166975e-07	1.073660254e-06	6
9.024166975e-07	1.090980762e-06	6
9.124166975e-07	1.10830127e-06	6
9.224166975e-07	1.125621778e-06	6
9.324166975e-07	1.142942286e-06	6
9.424166975e-07	1.160262794e-06	6
9.524166975e-07	1.177583302e-06	6
9.624166975e-07	1.194903811e-06	6
9.724166975e-07	1.212224319e-06	6
9.824166975e-07	1.229544827e-06	6
9.924166975e-07	1.246865335e-06	6
1.002416698e-06	1.264185843e-06	6
1.012416698e-06	1.281506351e-06	6
1.022416698e-06	1.298826859e-06	6
1.032416698e-06	1.316147367e-06	6
1.042416698e-06	1.333467875e-06	6
1.052416698e-06	1.350788383e-06	6
1.062416698e-06	1.368108891e-06	6
1.072416698e-06	1.385429399e-06	6
1.082416698e-06	1.402749907e-06	6
1.092416698e-06	1.420070416e-06	6
1.102416698e-06	1.437390924e-06	6
1.112416698e-06	1.454711432e-06	6
1.122416698e-06	1.47203194e-06	6
1.132416698e-06	1.489352448e-06	6
1.142416698e-06	1.506672956e-06	6
1.152416698e-06	1.523993464e-06	6
1.162416698e-06	1.541313972e-06	6
1.172416698e-06	1.55863448e-06	6
1.182416698e-06	1.575954988e-06	6
1.192416698e-06	1.593275496e-06	6
1.202416698e-06	1.610596004e-06	6
1.212416698e-06	1.627916512e-06	6
1.222416698e-06	1.645237021e-06	6
1.232416698e-06	1.662557529e-06	6
1.242416698e-06	1.679878037e-06	6
1.252416698e-06	1.697198545e-06	6
1.262416698e-06	1.714519053e-06	6
1.262416698e-06	1.714519053e-06	-6
1.262416698e-06	1.714519053e-06	-6
1.262416698e-06	1.714519053e-06	-6
1.262416698e-06	1.714519053e-06	-6
1.262416698e-06	1.714519053e-06	-6
1.262416698e-06	1.714519053e-06	-6
1.262416698e-06	1.714519053e-06	-6
1.262416698e-06	1.714519053e-06	-6
1.262416698e-06	1.714519053e-06	-6
1.262416698e-06	1.714519053e-06	-6
1.262416698e-06	1.714519053e-06	-6
1.252416698e-06	1.697198545e-06	-6
1.242416698e-06	1.679878037e-06	-6
1.232416698e-06	1.662557529e-06	-6
1.222416698e-06	1.645237021e-06	-6
1.212416698e-06	1.627916512e-06	-6
1.202416698e-06	1.610596004e-06	-6
1.192416698e-06	1.593275496e-06	-6
1.182416698e-06	1.575954988e-06	-6
1.172416698e-06	1.55863448e-06	-6
1.162416698e-06	1.541313972e-06	-6
1.152416698e-06	1.523993464e-06	-6
1.142416698e-06	1.506672956e-06	-6
1.132416698e-06	1.489352448e-06	-6
1.122416698e-06	1.47203194e-06	-6
1.112416698e-06	1.454711432e-06	-6
1.102416698e-06	1.437390924e-06	-6
1.092416698e-06	1.420070416e-06	-6
1.082416698e-06	1.402749907e-06	-6
1.072416698e-06	1.385429399e-06	-6
1.062416698e-06	1.368108891e-06	-6
1.052416698e-06	1.350788383e-06	-6
1.042416698e-06	1.333467875e-06	-6
1.032416698e-06	1.316147367e-06	-6
1.022416698e-06	1.298826859e-06	-6
1.012416698e-06	1.281506351e-06	-6
1.002416698e-06	1.264185843e-06	-6
9.924166975e-07	1.246865335e-06	-6
9.824166975e-07	1.229544827e-06	-6
9.724166975e-07	1.212224319e-06	-6
9.624166975e-07	1.194903811e-06	-6
9.524166975e-07	1.177583302e-06	-6
9.424166975e-07	1.160262794e-06	-6
9.324166975e-07	1.142942286e-06	-6
9.224166975e-07	1.125621778e-06	-6
9.124166975e-07	1.10830127e-06	-6
9.024166975e-07	1.090980762e-06	-6
8.924166975e-07	1.073660254e-06	-6
8.824166975e-07	1.056339746e-06	-6
8.724166975e-07	1.039019238e-06	-6
8.624166975e-07	1.02169873e-06	-6
8.524166975e-07	1.004378222e-06	-6
8.424166975e-07	9.870577137e-07	-6
8.324166975e-07	9.697372056e-07	-6
8.224166975e-07	9.524166975e-07	-6
8.124166975e-07	9.350961894e-07	-6
8.024166975e-07	9.177756814e-07	-6
7.924166975e-07	9.004551733e-07	-6
7.824166975e-07	8.831346652e-07	-6
7.724166975e-07	8.658141571e-07	-6
7.624166975e-07	8.484936491e-07	-6
7.524166975e-07	8.31173141e-07	-6
7.424166975e-07	8.138526329e-07	-6
7.324166975e-07	7.965321248e-07	-6
7.224166975e-07	7.792116168e-07	-6
7.124166975e-07	7.618911087e-07	-6
7.024166975e-07	7.445706006e-07	-6
6.924166975e-07	7.272500925e-07	-6
6.824166975e-07	7.099295844e-07	-6
6.724166975e-07	6.926090764e-07	-6
6.624166975e-07	6.752885683e-07	-6
6.524166975e-07	6.579680602e-07	-6
6.424166975e-07	6.406475521e-07	-6
6.324166975e-07	6.233270441e-07	-6
6.224166975e-07	6.06006536e-07	-6
6.124166975e-07	5.886860279e-07	-6
6.024166975e-07	5.713655198e-07	-6
5.924166975e-07	5.540450118e-07	-6
5.824166975e-07	5.367245037e-07	-6
5.724166975e-07	5.194039956e-07	-6
5.624166975e-07	5.020834875e-07	-6
5.524166975e-07	4.847629795e-07	-6
5.424166975e-07	4.674424714e-07	-6
5.324166975e-07	4.501219633e-07	-6
5.224166975e-07	4.328014552e-07	-6
5.124166975e-07	4.154809472e-07	-6
5.124166975e-07	4.154809472e-07	0
5.037564435e-07	4.204809472e-07	0
4.950961894e-07	4.254809472e-07	0
4.950961894e-07	4.254809472e-07	-6
4.950961894e-07	4.254809472e-07	-6
4.950961894e-07	4.254809472e-07	-6
4.950961894e-07	4.254809472e-07	-6
4.950961894e-07	4.254809472e-07	-6
4.950961894e-07	4.254809472e-07	-6
4.950961894e-07	4.254809472e-07	-6
4.950961894e-07	4.254809472e-07	-6
4.950961894e-07	4.254809472e-07	-6
4.950961894e-07	4.254809472e-07	-6
4.950961894e-07	4.254809472e-07	-6
5.049646105e-07	4.425735538e-07	-6
5.148330315e-07	4.596661605e-07	-6
5.247014526e-07	4.767587671e-07	-6
5.345698736e-07	4.938513738e-07	-6
5.444382947e-07	5.109439804e-07	-6
5.543067157e-07	5.280365871e-07	-6
5.641751368e-07	5.451291937e-07	-6
5.740435579e-07	5.622218004e-07	-6
5.839119789e-07	5.79314407e-07	-6
5.937804e-07	5.964070137e-07	-6
6.03648821e-07	6.134996204e-07	-6
6.135172421e-07	6.30592227e-07	-6
6.233856631e-07	6.476848337e-07	-6
6.332540842e-07	6.647774403e-07	-6
6.431225052e-07	6.81870047e-07	-6
6.529909263e-07	6.989626536e-07	-6
6.628593473e-07	7.160552603e-07	-6
6.727277684e-07	7.331478669e-07	-6
6.825961894e-07	7.502404736e-07	-6
6.924646105e-07	7.673330802e-07	-6
7.023330315e-07	7.844256869e-07	-6
7.122014526e-07	8.015182935e-07	-6
7.220698736e-07	8.186109002e-07	-6
7.319382947e-07	8.357035068e-07	-6
7.418067157e-07	8.527961135e-07	-6
7.516751368e-07	8.698887202e-07	-6
7.615435579e-07	8.869813268e-07	-6
7.714119789e-07	9.040739335e-07	-6
7.812804e-07	9.211665401e-07	-6
7.91148821e-07	9.382591468e-07	-6
8.010172421e-07	9.553517534e-07	-6
8.108856631e-07	9.724443601e-07	-6
8.207540842e-07	9.895369667e-07	-6
8.306225052e-07	1.006629573e-06	-6
8.404909263e-07	1.02372218e-06	-6
8.503593473e-07	1.040814787e-06	-6
8.602277684e-07	1.057907393e-06	-6
8.700961894e-07	1.075e-06	-6
8.799646105e-07	1.092092607e-06	-6
8.898330315e-07	1.109185213e-06	-6
8.997014526e-07	1.12627782e-06	-6
9.095698736e-07	1.143370427e-06	-6
9.194382947e-07	1.160463033e-06	-6
9.293067157e-07	1.17755564e-06	-6
9.391751368e-07	1.194648247e-06	-6
9.490435579e-07	1.211740853e-06	-6
9.589119789e-07	1.22883346e-06	-6
9.687804e-07	1.245926067e-06	-6
9.78648821e-07	1.263018673e-06	-6
9.885172421e-07	1.28011128e-06	-6
9.983856631e-07	1.297203886e-06	-6
1.008254084e-06	1.314296493e-06	-6
1.018122505e-06	1.3313891e-06	-6
1.027990926e-06	1.348481706e-06	-6
1.037859347e-06	1.365574313e-06	-6
1.047727768e-06	1.38266692e-06	-6
1.057596189e-06	1.399759526e-06	-6
1.06746461e-06	1.416852133e-06	-6
1.077333032e-06	1.43394474e-06	-6
1.087201453e-06	1.451037346e-06	-6
1.097069874e-06	1.468129953e-06	-6
1.106938295e-06	1.48522256e-06	-6
1.116806716e-06	1.502315166e-06	-6
1.126675137e-06	1.519407773e-06	-6
1.136543558e-06	1.53650038e-06	-6
1.146411979e-06	1.553592986e-06	-6
1.1562804e-06	1.570685593e-06	-6
1.166148821e-06	1.5877782e-06	-6
1.176017242e-06	1.604870806e-06	-6
1.185885663e-06	1.621963413e-06	-6
1.195754084e-06	1.63905602e-06	-6
1.205622505e-06	1.656148626e-06	-6
1.215490926e-06	1.673241233e-06	-6
1.225359347e-06	1.69033384e-06	-6
1.235227768e-06	1.707426446e-06	-6
1.245096189e-06	1.724519053e-06	-6
1.245096189e-06	1.724519053e-06	6
1.245096189e-06	1.724519053e-06	6
1.245096189e-06	1.724519053e-06	6
1.245096189e-06	1.724519053e-06	6
1.245096189e-06	1.724519053e-06	6
1.245096189e-06	1.724519053e-06	6
1.245096189e-06	1.724519053e-06	6
1.245096189e-06	1.724519053e-06	6
1.245096189e-06	1.724519053e-06	6
1.245096189e-06	1.724519053e-06	6
1.245096189e-06	1.724519053e-06	6
1.235227768e-06	1.707426446e-06	6
1.225359347e-06	1.69033384e-06	6
1.215490926e-06	1.673241233e-06	6
1.205622505e-06	1.656148626e-06	6
1.195754084e-06	1.63905602e-06	6
1.185885663e-06	1.621963413e-06	6
1.176017242e-06	1.604870806e-06	6
1.166148821e-06	1.5877782e-06	6
1.1562804e-06	1.570685593e-06	6
1.146411979e-06	1.553592986e-06	6
1.136543558e-06	1.53650038e-06	6
1.126675137e-06	1.519407773e-06	6
1.116806716e-06	1.502315166e-06	6
1.106938295e-06	1.48522256e-06	6
1.097069874e-06	1.468129953e-06	6
1.087201453e-06	1.451037346e-06	6
1.077333032e-06	1.43394474e-06	6
1.06746461e-06	1.416852133e-06	6
1.057596189e-06	1.399759526e-06	6
1.047727768e-06	1.38266692e-06	6
1.037859347e-06	1.365574313e-06	6
1.027990926e-06	1.348481706e-06	6
1.018122505e-06	1.3313891e-06	6
1.008254084e-06	1.314296493e-06	6
9.983856631e-07	1.297203886e-06	6
9.885172421e-07	1.28011128e-06	6
9.78648821e-07	1.263018673e-06	6
9.687804e-07	1.245926067e-06	6
9.589119789e-07	1.22883346e-06	6
9.490435579e-07	1.211740853e-06	6
9.391751368e-07	1.194648247e-06	6
9.293067157e-07	1.17755564e-06	6
9.194382947e-07	1.160463033e-06	6
9.095698736e-07	1.143370427e-06	6
8.997014526e-07	1.12627782e-06	6
8.898330315e-07	1.109185213e-06	6
8.799646105e-07	1.092092607e-06	6
8.700961894e-07	1.075e-06	6
8.602277684e-07	1.057907393e-06	6
8.503593473e-07	1.040814787e-06	6
8.404909263e-07	1.02372218e-06	6
8.306225052e-07	1.006629573e-06	6
8.207540842e-07	9.895369667e-07	6
8.108856631e-07	9.724443601e-07	6
8.010172421e-07	9.553517534e-07	6
7.91148821e-07	9.382591468e-07	6
7.812804e-07	9.211665401e-07	6
7.714119789e-07	9.040739335e-07	6
7.615435579e-07	8.869813268e-07	6
7.516751368e-07	8.698887202e-07	6
7.418067157e-07	8.527961135e-07	6
7.319382947e-07	8.357035068e-07	6
7.220698736e-07	8.186109002e-07	6
7.122014526e-07	8.015182935e-07	6
7.023330315e-07	7.844256869e-07	6
6.924646105e-07	7.673330802e-07	6
6.825961894e-07	7.502404736e-07	6
6.727277684e-07	7.331478669e-07	6
6.628593473e-07	7.160552603e-07	6
6.529909263e-07	6.989626536e-07	6
6.431225052e-07	6.81870047e-07	6
6.332540842e-07	6.647774403e-07	6
6.233856631e-07	6.476848337e-07	6
6.135172421e-07	6.30592227e-07	6
6.03648821e-07	6.134996204e-07	6
5.937804e-07	5.964070137e-07	6
5.839119789e-07	5.79314407e-07	6
5.740435579e-07	5.622218004e-07	6
5.641751368e-07	5.451291937e-07	6
5.543067157e-07	5.280365871e-07	6
5.444382947e-07	5.109439804e-07	6
5.345698736e-07	4.938513738e-07	6
5.247014526e-07	4.767587671e-07	6
5.148330315e-07	4.596661605e-07	6
5.049646105e-07	4.425735538e-07	6
4.950961894e-07	4.254809472e-07	6
4.950961894e-07	4.254809472e-07	0
4.864359354e-07	4.304809472e-07	0
4.777756814e-07	4.354809472e-07	0
4.777756814e-07	4.354809472e-07	6
4.777756814e-07	4.354809472e-07	6
4.777756814e-07	4.354809472e-07	6
4.777756814e-07	4.354809472e-07	6
4.777756814e-07	4.354809472e-07	6
4.777756814e-07	4.354809472e-07	6
4.777756814e-07	4.354809472e-07	6
4.777756814e-07	4.354809472e-07	6
4.777756814e-07	4.354809472e-07	6
4.777756814e-07	4.354809472e-07	6
4.777756814e-07	4.354809472e-07	6
4.877756814e-07	4.528014552e-07	6
4.977756814e-07	4.701219633e-07	6
5.077756814e-07	4.874424714e-07	6
5.177756814e-07	5.047629795e-07	6
5.277756814e-07	5.220834875e-07	6
5.377756814e-07	5.394039956e-07	6
5.477756814e-07	5.567245037e-07	6
5.577756814e-07	5.740450118e-07	6
5.677756814e-07	5.913655198e-07	6
5.777756814e-07	6.086860279e-07	6
5.877756814e-07	6.26006536e-07	6
5.977756814e-07	6.433270441e-07	6
6.077756814e-07	6.606475521e-07	6
6.177756814e-07	6.779680602e-07	6
6.277756814e-07	6.952885683e-07	6
6.377756814e-07	7.126090764e-07	6
6.477756814e-07	7.299295844e-07	6
6.577756814e-07	7.472500925e-07	6
6.677756814e-07	7.645706006e-07	6
6.777756814e-07	7.818911087e-07	6
6.877756814e-07	7.992116168e-07	6
6.977756814e-07	8.165321248e-07	6
7.077756814e-07	8.338526329e-07	6
7.177756814e-07	8.51173141e-07	6
7.277756814e-07	8.684936491e-07	6
7.377756814e-07	8.858141571e-07	6
7.477756814e-07	9.031346652e-07	6
7.577756814e-07	9.204551733e-07	6
7.677756814e-07	9.377756814e-07	6
7.777756814e-07	9.550961894e-07	6
7.877756814e-07	9.724166975e-07	6
7.977756814e-07	9.897372056e-07	6
8.077756814e-07	1.007057714e-06	6
8.177756814e-07	1.024378222e-06	6
8.277756814e-07	1.04169873e-06	6
8.377756814e-07	1.059019238e-06	6
8.477756814e-07	1.076339746e-06	6
8.577756814e-07	1.093660254e-06	6
8.677756814e-07	1.110980762e-06	6
8.777756814e-07	1.12830127e-06	6
8.877756814e-07	1.145621778e-06	6
8.977756814e-07	1.162942286e-06	6
9.077756814e-07	1.180262794e-06	6
9.177756814e-07	1.197583302e-06	6
9.277756814e-07	1.214903811e-06	6
9.377756814e-07	1.232224319e-06	6
9.477756814e-07	1.249544827e-06	6
9.577756814e-07	1.266865335e-06	6
9.677756814e-07	1.284185843e-06	6
9.777756814e-07	1.301506351e-06	6
9.877756814e-07	1.318826859e-06	6
9.977756814e-07	1.336147367e-06	6
1.007775681e-06	1.353467875e-06	6
1.017775681e-06	1.370788383e-06	6
1.027775681e-06	1.388108891e-06	6
1.037775681e-06	1.405429399e-06	6
1.047775681e-06	1.422749907e-06	6
1.057775681e-06	1.440070416e-06	6
1.067775681e-06	1.457390924e-06	6
1.077775681e-06	1.474711432e-06	6
1.087775681e-06	1.49203194e-06	6
1.097775681e-06	1.509352448e-06	6
1.107775681e-06	1.526672956e-06	6
1.117775681e-06	1.543993464e-06	6
1.127775681e-06	1.561313972e-06	6
1.137775681e-06	1.57863448e-06	6
1.147775681e-06	1.595954988e-06	6
1.157775681e-06	1.613275496e-06	6
1.167775681e-06	1.630596004e-06	6
1.177775681e-06	1.647916512e-06	6
1.187775681e-06	1.665237021e-06	6
1.197775681e-06	1.682557529e-06	6
1.207775681e-06	1.699878037e-06	6
1.217775681e-06	1.717198545e-06	6
1.227775681e-06	1.734519053e-06	6
1.227775681e-06	1.734519053e-06	-6
1.227775681e-06	1.734519053e-06	-6
1.227775681e-06	1.734519053e-06	-6
1.227775681e-06	1.734519053e-06	-6
1.227775681e-06	1.734519053e-06	-6
1.227775681e-06	1.734519053e-06	-6
1.227775681e-06	1.734519053e-06	-6
1.227775681e-06	1.734519053e-06	-6
1.227775681e-06	1.734519053e-06	-6
1.227775681e-06	1.734519053e-06	-6
1.227775681e-06	1.734519053e-06	-6
1.217775681e-06	1.717198545e-06	-6
1.207775681e-06	1.699878037e-06	-6
1.197775681e-06	1.682557529e-06	-6
1.187775681e-06	1.665237021e-06	-6
1.177775681e-06	1.647916512e-06	-6
1.167775681e-06	1.630596004e-06	-6
1.157775681e-06	1.613275496e-06	-6
1.147775681e-06	1.595954988e-06	-6
1.137775681e-06	1.57863448e-06	-6
1.127775681e-06	1.561313972e-06	-6
1.117775681e-06	1.543993464e-06	-6
1.107775681e-06	1.526672956e-06	-6
1.097775681e-06	1.509352448e-06	-6
1.087775681e-06	1.49203194e-06	-6
1.077775681e-06	1.474711432e-06	-6
1.067775681e-06	1.457390924e-06	-6
1.057775681e-06	1.440070416e-06	-6
1.047775681e-06	1.422749907e-06	-6
1.037775681e-06	1.405429399e-06	-6
1.027775681e-06	1.388108891e-06	-6
1.017775681e-06	1.370788383e-06	-6
1.007775681e-06	1.353467875e-06	-6
9.977756814e-07	1.336147367e-06	-6
9.877756814e-07	1.318826859e-06	-6
9.777756814e-07	1.301506351e-06	-6
9.677756814e-07	1.284185843e-06	-6
9.577756814e-07	1.266865335e-06	-6
9.477756814e-07	1.249544827e-06	-6
9.377756814e-07	1.232224319e-06	-6
9.277756814e-07	1.214903811e-06	-6
9.177756814e-07	1.197583302e-06	-6
9.077756814e-07	1.180262794e-06	-6
8.977756814e-07	1.162942286e-06	-6
8.877756814e-07	1.145621778e-06	-6
8.777756814e-07	1.12830127e-06	-6
8.677756814e-07	1.110980762e-06	-6
8.577756814e-07	1.093660254e-06	-6
8.477756814e-07	1.076339746e-06	-6
8.377756814e-07	1.059019238e-06	-6
8.277756814e-07	1.04169873e-06	-6
8.177756814e-07	1.024378222e-06	-6
8.077756814e-07	1.007057714e-06	-6
7.977756814e-07	9.897372056e-07	-6
7.877756814e-07	9.724166975e-07	-6
7.777756814e-07	9.550961894e-07	-6
7.677756814e-07	9.377756814e-07	-6
7.577756814e-07	9.204551733e-07	-6
7.477756814e-07	9.031346652e-07	-6
7.377756814e-07	8.858141571e-07	-6
7.277756814e-07	8.684936491e-07	-6
7.177756814e-07	8.51173141e-07	-6
7.077756814e-07	8.338526329e-07	-6
6.977756814e-07	8.165321248e-07	-6
6.877756814e-07	7.992116168e-07	-6
6.777756814e-07	7.818911087e-07	-6
6.677756814e-07	7.645706006e-07	-6
6.577756814e-07	7.472500925e-07	-6
6.477756814e-07	7.299295844e-07	-6
6.377756814e-07	7.126090764e-07	-6
6.277756814e-07	6.952885683e-07	-6
6.177756814e-07	6.779680602e-07	-6
6.077756814e-07	6.606475521e-07	-6
5.977756814e-07	6.433270441e-07	-6
5.877756814e-07	6.26006536e-07	-6
5.777756814e-07	6.086860279e-07	-6
5.677756814e-07	5.913655198e-07	-6
5.577756814e-07	5.740450118e-07	-6
5.477756814e-07	5.567245037e-07	-6
5.377756814e-07	5.394039956e-07	-6
5.277756814e-07	5.220834875e-07	-6
5.177756814e-07	5.047629795e-07	-6
5.077756814e-07	4.874424714e-07	-6
4.977756814e-07	4.701219633e-07	-6
4.877756814e-07	4.528014552e-07	-6
4.777756814e-07	4.354809472e-07	-6
4.777756814e-07	4.354809472e-07	0
4.691154273e-07	4.404809472e-07	0
4.604551733e-07	4.454809472e-07	0
4.604551733e-07	4.454809472e-07	-6
4.604551733e-07	4.454809472e-07	-6
4.604551733e-07	4.454809472e-07	-6
4.604551733e-07	4.454809472e-07	-6
4.604551733e-07	4.454809472e-07	-6
4.604551733e-07	4.454809472e-07	-6
4.604551733e-07	4.454809472e-07	-6
4.604551733e-07	4.454809472e-07	-6
4.604551733e-07	4.454809472e-07	-6
4.604551733e-07	4.454809472e-07	-6
4.604551733e-07	4.454809472e-07	-6
4.704551733e-07	4.628014552e-07	-6
4.804551733e-07	4.801219633e-07	-6
4.904551733e-07	4.974424714e-07	-6
5.004551733e-07	5.147629795e-07	-6
5.104551733e-07	5.320834875e-07	-6
5.204551733e-07	5.494039956e-07	-6
5.304551733e-07	5.667245037e-07	-6
5.404551733e-07	5.840450118e-07	-6
5.504551733e-07	6.013655198e-07	-6
5.604551733e-07	6.186860279e-07	-6
5.704551733e-07	6.36006536e-07	-6
5.804551733e-07	6.533270441e-07	-6
5.904551733e-07	6.706475521e-07	-6
6.004551733e-07	6.879680602e-07	-6
6.104551733e-07	7.052885683e-07	-6
6.204551733e-07	7.226090764e-07	-6
6.304551733e-07	7.399295844e-07	-6
6.404551733e-07	7.572500925e-07	-6
6.504551733e-07	7.745706006e-07	-6
6.604551733e-07	7.918911087e-07	-6
6.704551733e-07	8.092116168e-07	-6
6.804551733e-07	8.265321248e-07	-6
6.904551733e-07	8.438526329e-07	-6
7.004551733e-07	8.61173141e-07	-6
7.104551733e-07	8.784936491e-07	-6
7.204551733e-07	8.958141571e-07	-6
7.304551733e-07	9.131346652e-07	-6
7.404551733e-07	9.304551733e-07	-6
7.504551733e-07	9.477756814e-07	-6
7.604551733e-07	9.650961894e-07	-6
7.704551733e-07	9.824166975e-07	-6
7.804551733e-07	9.997372056e-07	-6
7.904551733e-07	1.017057714e-06	-6
8.004551733e-07	1.034378222e-06	-6
8.104551733e-07	1.05169873e-06	-6
8.204551733e-07	1.069019238e-06	-6
8.304551733e-07	1.086339746e-06	-6
8.404551733e-07	1.103660254e-06	-6
8.504551733e-07	1.120980762e-06	-6
8.604551733e-07	1.13830127e-06	-6
8.704551733e-07	1.155621778e-06	-6
8.804551733e-07	1.172942286e-06	-6
8.904551733e-07	1.190262794e-06	-6
9.004551733e-07	1.207583302e-06	-6
9.104551733e-07	1.224903811e-06	-6
9.204551733e-07	1.242224319e-06	-6
9.304551733e-07	1.259544827e-06	-6
9.404551733e-07	1.276865335e-06	-6
9.504551733e-07	1.294185843e-06	-6
9.604551733e-07	1.311506351e-06	-6
9.704551733e-07	1.328826859e-06	-6
9.804551733e-07	1.346147367e-06	-6
9.904551733e-07	1.363467875e-06	-6
1.000455173e-06	1.380788383e-06	-6
1.010455173e-06	1.398108891e-06	-6
1.020455173e-06	1.415429399e-06	-6
1.030455173e-06	1.432749907e-06	-6
1.040455173e-06	1.450070416e-06	-6
1.050455173e-06	1.467390924e-06	-6
1.060455173e-06	1.484711432e-06	-6
1.070455173e-06	1.50203194e-06	-6
1.080455173e-06	1.519352448e-06	-6
1.090455173e-06	1.536672956e-06	-6
1.100455173e-06	1.553993464e-06	-6
1.110455173e-06	1.571313972e-06	-6
1.120455173e-06	1.58863448e-06	-6
1.130455173e-06	1.605954988e-06	-6
1.140455173e-06	1.623275496e-06	-6
1.150455173e-06	1.640596004e-06	-6
1.160455173e-06	1.657916512e-06	-6
1.170455173e-06	1.675237021e-06	-6
1.180455173e-06	1.692557529e-06	-6
1.190455173e-06	1.709878037e-06	-6
1.200455173e-06	1.727198545e-06	-6
1.210455173e-06	1.744519053e-06	-6
1.210455173e-06	1.744519053e-06	6
1.210455173e-06	1.744519053e-06	6
1.210455173e-06	1.744519053e-06	6
1.210455173e-06	1.744519053e-06	6
1.210455173e-06	1.744519053e-06	6
1.210455173e-06	1.744519053e-06	6
1.210455173e-06	1.744519053e-06	6
1.210455173e-06	1.744519053e-06	6
1.210455173e-06	1.744519053e-06	6
1.210455173e-06	1.744519053e-06	6
1.210455173e-06	1.744519053e-06	6
1.200455173e-06	1.727198545e-06	6
1.190455173e-06	1.709878037e-06	6
1.180455173e-06	1.692557529e-06	6
1.170455173e-06	1.675237021e-06	6
1.160455173e-06	1.657916512e-06	6
1.150455173e-06	1.640596004e-06	6
1.140455173e-06	1.623275496e-06	6
1.130455173e-06	1.605954988e-06	6
1.120455173e-06	1.58863448e-06	6
1.110455173e-06	1.571313972e-06	6
1.100455173e-06	1.553993464e-06	6
1.090455173e-06	1.536672956e-06	6
1.080455173e-06	1.519352448e-06	6
1.070455173e-06	1.50203194e-06	6
1.060455173e-06	1.484711432e-06	6
1.050455173e-06	1.467390924e-06	6
1.040455173e-06	1.450070416e-06	6
1.030455173e-06	1.432749907e-06	6
1.020455173e-06	1.415429399e-06	6
1.010455173e-06	1.398108891e-06	6
1.000455173e-06	1.380788383e-06	6
9.904551733e-07	1.363467875e-06	6
9.804551733e-07	1.346147367e-06	6
9.704551733e-07	1.328826859e-06	6
9.604551733e-07	1.311506351e-06	6
9.504551733e-07	1.294185843e-06	6
9.404551733e-07	1.276865335e-06	6
9.304551733e-07	1.259544827e-06	6
9.204551733e-07	1.242224319e-06	6
9.104551733e-07	1.224903811e-06	6
9.004551733e-07	1.207583302e-06	6
8.904551733e-07	1.190262794e-06	6
8.804551733e-07	1.172942286e-06	6
8.704551733e-07	1.155621778e-06	6
8.604551733e-07	1.13830127e-06	6
8.504551733e-07	1.120980762e-06	6
8.404551733e-07	1.103660254e-06	6
8.304551733e-07	1.086339746e-06	6
8.204551733e-07	1.069019238e-06	6
8.104551733e-07	1.05169873e-06	6
8.004551733e-07	1.034378222e-06	6
7.904551733e-07	1.017057714e-06	6
7.804551733e-07	9.997372056e-07	6
7.704551733e-07	9.824166975e-07	6
7.604551733e-07	9.650961894e-07	6
7.504551733e-07	9.477756814e-07	6
7.404551733e-07	9.304551733e-07	6
7.304551733e-07	9.131346652e-07	6
7.204551733e-07	8.958141571e-07	6
7.104551733e-07	8.784936491e-07	6
7.004551733e-07	8.61173141e-07	6
6.904551733e-07	8.438526329e-07	6
6.804551733e-07	8.265321248e-07	6
6.704551733e-07	8.092116168e-07	6
6.604551733e-07	7.918911087e-07	6
6.504551733e-07	7.745706006e-07	6
6.404551733e-07	7.572500925e-07	6
6.304551733e-07	7.399295844e-07	6
6.204551733e-07	7.226090764e-07	6
6.104551733e-07	7.052885683e-07	6
6.004551733e-07	6.879680602e-07	6
5.904551733e-07	6.706475521e-07	6
5.804551733e-07	6.533270441e-07	6
5.704551733e-07	6.36006536e-07	6
5.604551733e-07	6.186860279e-07	6
5.504551733e-07	6.013655198e-07	6
5.404551733e-07	5.840450118e-07	6
5.304551733e-07	5.667245037e-07	6
5.204551733e-07	5.494039956e-07	6
5.104551733e-07	5.320834875e-07	6
5.004551733e-07	5.147629795e-07	6
4.904551733e-07	4.974424714e-07	6
4.804551733e-07	4.801219633e-07	6
4.704551733e-07	4.628014552e-07	6
4.604551733e-07	4.454809472e-07	6
4.604551733e-07	4.454809472e-07	0
4.431346652e-07	4.554809472e-07	0
4.431346652e-07	4.554809472e-07	6
4.431346652e-07	4.554809472e-07	6
4.431346652e-07	4.554809472e-07	6
4.431346652e-07	4.554809472e-07	6
4.431346652e-07	4.554809472e-07	6
4.431346652e-07	4.554809472e-07	6
4.431346652e-07	4.554809472e-07	6
4.431346652e-07	4.554809472e-07	6
4.431346652e-07	4.554809472e-07	6
4.431346652e-07	4.554809472e-07	6
4.431346652e-07	4.554809472e-07	6
4.531346652e-07	4.728014552e-07	6
4.631346652e-07	4.901219633e-07	6
4.731346652e-07	5.074424714e-07	6
4.831346652e-07	5.247629795e-07	6
4.931346652e-07	5.420834875e-07	6
5.031346652e-07	5.594039956e-07	6
5.131346652e-07	5.767245037e-07	6
5.231346652e-07	5.940450118e-07	6
5.331346652e-07	6.113655198e-07	6
5.431346652e-07	6.286860279e-07	6
5.531346652e-07	6.46006536e-07	6
5.631346652e-07	6.633270441e-07	6
5.731346652e-07	6.806475521e-07	6
5.831346652e-07	6.979680602e-07	6
5.931346652e-07	7.152885683e-07	6
6.031346652e-07	7.326090764e-07	6
6.131346652e-07	7.499295844e-07	6
6.231346652e-07	7.672500925e-07	6
6.331346652e-07	7.845706006e-07	6
6.431346652e-07	8.018911087e-07	6
6.531346652e-07	8.192116168e-07	6
6.631346652e-07	8.365321248e-07	6
6.731346652e-07	8.538526329e-07	6
6.831346652e-07	8.71173141e-07	6
6.931346652e-07	8.884936491e-07	6
7.031346652e-07	9.058141571e-07	6
7.131346652e-07	9.231346652e-07	6
7.231346652e-07	9.404551733e-07	6
7.331346652e-07	9.577756814e-07	6
7.431346652e-07	9.750961894e-07	6
7.531346652e-07	9.924166975e-07	6
7.631346652e-07	1.009737206e-06	6
7.731346652e-07	1.027057714e-06	6
7.831346652e-07	1.044378222e-06	6
7.931346652e-07	1.06169873e-06	6
8.031346652e-07	1.079019238e-06	6
8.131346652e-07	1.096339746e-06	6
8.231346652e-07	1.113660254e-06	6
8.331346652e-07	1.130980762e-06	6
8.431346652e-07	1.14830127e-06	6
8.531346652e-07	1.165621778e-06	6
8.631346652e-07	1.182942286e-06	6
8.731346652e-07	1.200262794e-06	6
8.831346652e-07	1.217583302e-06	6
8.931346652e-07	1.234903811e-06	6
9.031346652e-07	1.252224319e-06	6
9.131346652e-07	1.269544827e-06	6
9.231346652e-07	1.286865335e-06	6
9.331346652e-07	1.304185843e-06	6
9.431346652e-07	1.321506351e-06	6
9.531346652e-07	1.338826859e-06	6
9.631346652e-07	1.356147367e-06	6
9.731346652e-07	1.373467875e-06	6
9.831346652e-07	1.390788383e-06	6
9.931346652e-07	1.408108891e-06	6
1.003134665e-06	1.425429399e-06	6
1.013134665e-06	1.442749907e-06	6
1.023134665e-06	1.460070416e-06	6
1.033134665e-06	1.477390924e-06	6
1.043134665e-06	1.494711432e-06	6
1.053134665e-06	1.51203194e-06	6
1.063134665e-06	1.529352448e-06	6
1.073134665e-06	1.546672956e-06	6
1.083134665e-06	1.563993464e-06	6
1.093134665e-06	1.581313972e-06	6
1.103134665e-06	1.59863448e-06	6
1.113134665e-06	1.615954988e-06	6
1.123134665e-06	1.633275496e-06	6
1.133134665e-06	1.650596004e-06	6
1.143134665e-06	1.667916512e-06	6
1.153134665e-06	1.685237021e-06	6
1.163134665e-06	1.702557529e-06	6
1.173134665e-06	1.719878037e-06	6
1.183134665e-06	1.737198545e-06	6
1.193134665e-06	1.754519053e-06	6
1.193134665e-06	1.754519053e-06	-6
1.193134665e-06	1.754519053e-06	-6
1.193134665e-06	1.754519053e-06	-6
1.193134665e-06	1.754519053e-06	-6
1.193134665e-06	1.754519053e-06	-6
1.193134665e-06	1.754519053e-06	-6
1.193134665e-06	1.754519053e-06	-6
1.193134665e-06	1.754519053e-06	-6
1.193134665e-06	1.754519053e-06	-6
1.193134665e-06	1.754519053e-06	-6
1.193134665e-06	1.754519053e-06	-6
1.183134665e-06	1.737198545e-06	-6
1.173134665e-06	1.719878037e-06	-6
1.163134665e-06	1.702557529e-06	-6
1.153134665e-06	1.685237021e-06	-6
1.143134665e-06	1.667916512e-06	-6
1.133134665e-06	1.650596004e-06	-6
1.123134665e-06	1.633275496e-06	-6
1.113134665e-06	1.615954988e-06	-6
1.103134665e-06	1.59863448e-06	-6
1.093134665e-06	1.581313972e-06	-6
1.083134665e-06	1.563993464e-06	-6
1.073134665e-06	1.546672956e-06	-6
1.063134665e-06	1.529352448e-06	-6
1.053134665e-06	1.51203194e-06	-6
1.043134665e-06	1.494711432e-06	-6
1.033134665e-06	1.477390924e-06	-6
1.023134665e-06	1.460070416e-06	-6
1.013134665e-06	1.442749907e-06	-6
1.003134665e-06	1.425429399e-06	-6
9.931346652e-07	1.408108891e-06	-6
9.831346652e-07	1.390788383e-06	-6
9.731346652e-07	1.373467875e-06	-6
9.631346652e-07	1.356147367e-06	-6
9.531346652e-07	1.338826859e-06	-6
9.431346652e-07	1.321506351e-06	-6
9.331346652e-07	1.304185843e-06	-6
9.231346652e-07	1.286865335e-06	-6
9.131346652e-07	1.269544827e-06	-6
9.031346652e-07	1.252224319e-06	-6
8.931346652e-07	1.234903811e-06	-6
8.831346652e-07	1.217583302e-06	-6
8.731346652e-07	1.200262794e-06	-6
8.631346652e-07	1.182942286e-06	-6
8.531346652e-07	1.165621778e-06	-6
8.431346652e-07	1.14830127e-06	-6
8.331346652e-07	1.130980762e-06	-6
8.231346652e-07	1.113660254e-06	-6
8.131346652e-07	1.096339746e-06	-6
8.031346652e-07	1.079019238e-06	-6
7.931346652e-07	1.06169873e-06	-6
7.831346652e-07	1.044378222e-06	-6
7.731346652e-07	1.027057714e-06	-6
7.631346652e-07	1.009737206e-06	-6
7.531346652e-07	9.924166975e-07	-6
7.431346652e-07	9.750961894e-07	-6
7.331346652e-07	9.577756814e-07	-6
7.231346652e-07	9.404551733e-07	-6
7.131346652e-07	9.231346652e-07	-6
7.031346652e-07	9.058141571e-07	-6
6.931346652e-07	8.884936491e-07	-6
6.831346652e-07	8.71173141e-07	-6
6.731346652e-07	8.538526329e-07	-6
6.631346652e-07	8.365321248e-07	-6
6.531346652e-07	8.192116168e-07	-6
6.431346652e-07	8.018911087e-07	-6
6.331346652e-07	7.845706006e-07	-6
6.231346652e-07	7.672500925e-07	-6
6.131346652e-07	7.499295844e-07	-6
6.031346652e-07	7.326090764e-07	-6
5.931346652e-07	7.152885683e-07	-6
5.831346652e-07	6.979680602e-07	-6
5.731346652e-07	6.806475521e-07	-6
5.631346652e-07	6.633270441e-07	-6
5.531346652e-07	6.46006536e-07	-6
5.431346652e-07	6.286860279e-07	-6
5.331346652e-07	6.113655198e-07	-6
5.231346652e-07	5.940450118e-07	-6
5.131346652e-07	5.767245037e-07	-6
5.031346652e-07	5.594039956e-07	-6
4.931346652e-07	5.420834875e-07	-6
4.831346652e-07	5.247629795e-07	-6
4.731346652e-07	5.074424714e-07	-6
4.631346652e-07	4.901219633e-07	-6
4.531346652e-07	4.728014552e-07	-6
4.431346652e-07	4.554809472e-07	-6
4.431346652e-07	4.554809472e-07	0
4.258141571e-07	4.654809472e-07	0
4.258141571e-07	4.654809472e-07	-6
4.258141571e-07	4.654809472e-07	-6
4.258141571e-07	4.654809472e-07	-6
4.258141571e-07	4.654809472e-07	-6
4.258141571e-07	4.654809472e-07	-6
4.258141571e-07	4.654809472e-07	-6
4.258141571e-07	4.654809472e-07	-6
4.258141571e-07	4.654809472e-07	-6
4.258141571e-07	4.654809472e-07	-6
4.258141571e-07	4.654809472e-07	-6
4.258141571e-07	4.654809472e-07	-6
4.358141571e-07	4.828014552e-07	-6
4.458141571e-07	5.001219633e-07	-6
4.558141571e-07	5.174424714e-07	-6
4.658141571e-07	5.347629795e-07	-6
4.758141571e-07	5.520834875e-07	-6
4.858141571e-07	5.694039956e-07	-6
4.958141571e-07	5.867245037e-07	-6
5.058141571e-07	6.040450118e-07	-6
5.158141571e-07	6.213655198e-07	-6
5.258141571e-07	6.386860279e-07	-6
5.358141571e-07	6.56006536e-07	-6
5.458141571e-07	6.733270441e-07	-6
5.558141571e-07	6.906475521e-07	-6
5.658141571e-07	7.079680602e-07	-6
5.758141571e-07	7.252885683e-07	-6
5.858141571e-07	7.426090764e-07	-6
5.958141571e-07	7.599295844e-07	-6
6.058141571e-07	7.772500925e-07	-6
6.158141571e-07	7.945706006e-07	-6
6.258141571e-07	8.118911087e-07	-6
6.358141571e-07	8.292116168e-07	-6
6.458141571e-07	8.465321248e-07	-6
6.558141571e-07	8.638526329e-07	-6
6.658141571e-07	8.81173141e-07	-6
6.758141571e-07	8.984936491e-07	-6
6.858141571e-07	9.158141571e-07	-6
6.958141571e-07	9.331346652e-07	-6
7.058141571e-07	9.504551733e-07	-6
7.158141571e-07	9.677756814e-07	-6
7.258141571e-07	9.850961894e-07	-6
7.358141571e-07	1.002416698e-06	-6
7.458141571e-07	1.019737206e-06	-6
7.558141571e-07	1.037057714e-06	-6
7.658141571e-07	1.054378222e-06	-6
7.758141571e-07	1.07169873e-06	-6
7.858141571e-07	1.089019238e-06	-6
7.958141571e-07	1.106339746e-06	-6
8.058141571e-07	1.123660254e-06	-6
8.158141571e-07	1.140980762e-06	-6
8.258141571e-07	1.15830127e-06	-6
8.358141571e-07	1.175621778e-06	-6
8.458141571e-07	1.192942286e-06	-6
8.558141571e-07	1.210262794e-06	-6
8.658141571e-07	1.227583302e-06	-6
8.758141571e-07	1.244903811e-06	-6
8.858141571e-07	1.262224319e-06	-6
8.958141571e-07	1.279544827e-06	-6
9.058141571e-07	1.296865335e-06	-6
9.158141571e-07	1.314185843e-06	-6
9.258141571e-07	1.331506351e-06	-6
9.358141571e-07	1.348826859e-06	-6
9.458141571e-07	1.366147367e-06	-6
9.558141571e-07	1.383467875e-06	-6
9.658141571e-07	1.400788383e-06	-6
9.758141571e-07	1.418108891e-06	-6
9.858141571e-07	1.435429399e-06	-6
9.958141571e-07	1.452749907e-06	-6
1.005814157e-06	1.470070416e-06	-6
1.015814157e-06	1.487390924e-06	-6
1.025814157e-06	1.504711432e-06	-6
1.035814157e-06	1.52203194e-06	-6
1.045814157e-06	1.539352448e-06	-6
1.055814157e-06	1.556672956e-06	-6
1.065814157e-06	1.573993464e-06	-6
1.075814157e-06	1.591313972e-06	-6
1.085814157e-06	1.60863448e-06	-6
1.095814157e-06	1.625954988e-06	-6
1.105814157e-06	1.643275496e-06	-6
1.115814157e-06	1.660596004e-06	-6
1.125814157e-06	1.677916512e-06	-6
1.135814157e-06	1.695237021e-06	-6
1.145814157e-06	1.712557529e-06	-6
1.155814157e-06	1.729878037e-06	-6
1.165814157e-06	1.747198545e-06	-6
1.175814157e-06	1.764519053e-06	-6
1.175814157e-06	1.764519053e-06	6
1.175814157e-06	1.764519053e-06	6
1.175814157e-06	1.764519053e-06	6
1.175814157e-06	1.764519053e-06	6
1.175814157e-06	1.764519053e-06	6
1.175814157e-06	1.764519053e-06	6
1.175814157e-06	1.764519053e-06	6
1.175814157e-06	1.764519053e-06	6
1.175814157e-06	1.764519053e-06	6
1.175814157e-06	1.764519053e-06	6
1.175814157e-06	1.764519053e-06	6
1.165814157e-06	1.747198545e-06	6
1.155814157e-06	1.729878037e-06	6
1.145814157e-06	1.712557529e-06	6
1.135814157e-06	1.695237021e-06	6
1.125814157e-06	1.677916512e-06	6
1.115814157e-06	1.660596004e-06	6
1.105814157e-06	1.643275496e-06	6
1.095814157e-06	1.625954988e-06	6
1.085814157e-06	1.60863448e-06	6
1.075814157e-06	1.591313972e-06	6
1.065814157e-06	1.573993464e-06	6
1.055814157e-06	1.556672956e-06	6
1.045814157e-06	1.539352448e-06	6
1.035814157e-06	1.52203194e-06	6
1.025814157e-06	1.504711432e-06	6
1.015814157e-06	1.487390924e-06	6
1.005814157e-06	1.470070416e-06	6
9.958141571e-07	1.452749907e-06	6
9.858141571e-07	1.435429399e-06	6
9.758141571e-07	1.418108891e-06	6
9.658141571e-07	1.400788383e-06	6
9.558141571e-07	1.383467875e-06	6
9.458141571e-07	1.366147367e-06	6
9.358141571e-07	1.348826859e-06	6
9.258141571e-07	1.331506351e-06	6
9.158141571e-07	1.314185843e-06	6
9.058141571e-07	1.296865335e-06	6
8.958141571e-07	1.279544827e-06	6
8.858141571e-07	1.262224319e-06	6
8.758141571e-07	1.244903811e-06	6
8.658141571e-07	1.227583302e-06	6
8.558141571e-07	1.210262794e-06	6
8.458141571e-07	1.192942286e-06	6
8.358141571e-07	1.175621778e-06	6
8.258141571e-07	1.15830127e-06	6
8.158141571e-07	1.140980762e-06	6
8.058141571e-07	1.123660254e-06	6
7.958141571e-07	1.106339746e-06	6
7.858141571e-07	1.089019238e-06	6
7.758141571e-07	1.07169873e-06	6
7.658141571e-07	1.054378222e-06	6
7.558141571e-07	1.037057714e-06	6
7.458141571e-07	1.019737206e-06	6
7.358141571e-07	1.002416698e-06	6
7.258141571e-07	9.850961894e-07	6
7.158141571e-07	9.677756814e-07	6
7.058141571e-07	9.504551733e-07	6
6.958141571e-07	9.331346652e-07	6
6.858141571e-07	9.158141571e-07	6
6.758141571e-07	8.984936491e-07	6
6.658141571e-07	8.81173141e-07	6
6.558141571e-07	8.638526329e-07	6
6.458141571e-07	8.465321248e-07	6
6.358141571e-07	8.292116168e-07	6
6.258141571e-07	8.118911087e-07	6
6.158141571e-07	7.945706006e-07	6
6.058141571e-07	7.772500925e-07	6
5.958141571e-07	7.599295844e-07	6
5.858141571e-07	7.426090764e-07	6
5.758141571e-07	7.252885683e-07	6
5.658141571e-07	7.079680602e-07	6
5.558141571e-07	6.906475521e-07	6
5.458141571e-07	6.733270441e-07	6
5.358141571e-07	6.56006536e-07	6
5.258141571e-07	6.386860279e-07	6
5.158141571e-07	6.213655198e-07	6
5.058141571e-07	6.040450118e-07	6
4.958141571e-07	5.867245037e-07	6
4.858141571e-07	5.694039956e-07	6
4.758141571e-07	5.520834875e-07	6
4.658141571e-07	5.347629795e-07	6
4.558141571e-07	5.174424714e-07	6
4.458141571e-07	5.001219633e-07	6
4.358141571e-07	4.828014552e-07	6
4.258141571e-07	4.654809472e-07	6
4.258141571e-07	4.654809472e-07	0
4.171539031e-07	4.704809472e-07	0
4.084936491e-07	4.754809472e-07	0
4.084936491e-07	4.754809472e-07	6
4.084936491e-07	4.754809472e-07	6
4.084936491e-07	4.754809472e-07	6
4.084936491e-07	4.754809472e-07	6
4.084936491e-07	4.754809472e-07	6
4.084936491e-07	4.754809472e-07	6
4.084936491e-07	4.754809472e-07	6
4.084936491e-07	4.754809472e-07	6
4.084936491e-07	4.754809472e-07	6
4.084936491e-07	4.754809472e-07	6
4.084936491e-07	4.754809472e-07	6
4.183620701e-07	4.925735538e-07	6
4.282304912e-07	5.096661605e-07	6
4.380989122e-07	5.267587671e-07	6
4.479673333e-07	5.438513738e-07	6
4.578357543e-07	5.609439804e-07	6
4.677041754e-07	5.780365871e-07	6
4.775725964e-07	5.951291937e-07	6
4.874410175e-07	6.122218004e-07	6
4.973094385e-07	6.29314407e-07	6
5.071778596e-07	6.464070137e-07	6
5.170462806e-07	6.634996204e-07	6
5.269147017e-07	6.80592227e-07	6
5.367831227e-07	6.976848337e-07	6
5.466515438e-07	7.147774403e-07	6
5.565199648e-07	7.31870047e-07	6
5.663883859e-07	7.489626536e-07	6
5.762568069e-07	7.660552603e-07	6
5.86125228e-07	7.831478669e-07	6
5.959936491e-07	8.002404736e-07	6
6.058620701e-07	8.173330802e-07	6
6.157304912e-07	8.344256869e-07	6
6.255989122e-07	8.515182935e-07	6
6.354673333e-07	8.686109002e-07	6
6.453357543e-07	8.857035068e-07	6
6.552041754e-07	9.027961135e-07	6
6.650725964e-07	9.198887202e-07	6
6.749410175e-07	9.369813268e-07	6
6.848094385e-07	9.540739335e-07	6
6.946778596e-07	9.711665401e-07	6
7.045462806e-07	9.882591468e-07	6
7.144147017e-07	1.005351753e-06	6
7.242831227e-07	1.02244436e-06	6
7.341515438e-07	1.039536967e-06	6
7.440199648e-07	1.056629573e-06	6
7.538883859e-07	1.07372218e-06	6
7.637568069e-07	1.090814787e-06	6
7.73625228e-07	1.107907393e-06	6
7.834936491e-07	1.125e-06	6
7.933620701e-07	1.142092607e-06	6
8.032304912e-07	1.159185213e-06	6
8.130989122e-07	1.17627782e-06	6
8.229673333e-07	1.193370427e-06	6
8.328357543e-07	1.210463033e-06	6
8.427041754e-07	1.22755564e-06	6
8.525725964e-07	1.244648247e-06	6
8.624410175e-07	1.261740853e-06	6
8.723094385e-07	1.27883346e-06	6
8.821778596e-07	1.295926067e-06	6
8.920462806e-07	1.313018673e-06	6
9.019147017e-07	1.33011128e-06	6
9.117831227e-07	1.347203886e-06	6
9.216515438e-07	1.364296493e-06	6
9.315199648e-07	1.3813891e-06	6
9.413883859e-07	1.398481706e-06	6
9.512568069e-07	1.415574313e-06	6
9.61125228e-07	1.43266692e-06	6
9.709936491e-07	1.449759526e-06	6
9.808620701e-07	1.466852133e-06	6
9.907304912e-07	1.48394474e-06	6
1.000598912e-06	1.501037346e-06	6
1.010467333e-06	1.518129953e-06	6
1.020335754e-06	1.53522256e-06	6
1.030204175e-06	1.552315166e-06	6
1.040072596e-06	1.569407773e-06	6
1.049941017e-06	1.58650038e-06	6
1.059809439e-06	1.603592986e-06	6
1.06967786e-06	1.620685593e-06	6
1.079546281e-06	1.6377782e-06	6
1.089414702e-06	1.654870806e-06	6
1.099283123e-06	1.671963413e-06	6
1.109151544e-06	1.68905602e-06	6
1.119019965e-06	1.706148626e-06	6
1.128888386e-06	1.723241233e-06	6
1.138756807e-06	1.74033384e-06	6
1.148625228e-06	1.757426446e-06	6
1.158493649e-06	1.774519053e-06	6
1.158493649e-06	1.774519053e-06	-6
1.158493649e-06	1.774519053e-06	-6
1.158493649e-06	1.774519053e-06	-6
1.158493649e-06	1.774519053e-06	-6
1.158493649e-06	1.774519053e-06	-6
1.158493649e-06	1.774519053e-06	-6
1.158493649e-06	1.774519053e-06	-6
1.158493649e-06	1.774519053e-06	-6
1.158493649e-06	1.774519053e-06	-6
1.158493649e-06	1.774519053e-06	-6
1.158493649e-06	1.774519053e-06	-6
1.148625228e-06	1.757426446e-06	-6
1.138756807e-06	1.74033384e-06	-6
1.128888386e-06	1.723241233e-06	-6
1.119019965e-06	1.706148626e-06	-6
1.109151544e-06	1.68905602e-06	-6
1.099283123e-06	1.671963413e-06	-6
1.089414702e-06	1.654870806e-06	-6
1.079546281e-06	1.6377782e-06	-6
1.06967786e-06	1.620685593e-06	-6
1.059809439e-06	1.603592986e-06	-6
1.049941017e-06	1.58650038e-06	-6
1.040072596e-06	1.569407773e-06	-6
1.030204175e-06	1.552315166e-06	-6
1.020335754e-06	1.53522256e-06	-6
1.010467333e-06	1.518129953e-06	-6
1.000598912e-06	1.501037346e-06	-6
9.907304912e-07	1.48394474e-06	-6
9.808620701e-07	1.466852133e-06	-6
9.709936491e-07	1.449759526e-06	-6
9.61125228e-07	1.43266692e-06	-6
9.512568069e-07	1.415574313e-06	-6
9.413883859e-07	1.398481706e-06	-6
9.315199648e-07	1.3813891e-06	-6
9.216515438e-07	1.364296493e-06	-6
9.117831227e-07	1.347203886e-06	-6
9.019147017e-07	1.33011128e-06	-6
8.920462806e-07	1.313018673e-06	-6
8.821778596e-07	1.295926067e-06	-6
8.723094385e-07	1.27883346e-06	-6
8.624410175e-07	1.261740853e-06	-6
8.525725964e-07	1.244648247e-06	-6
8.427041754e-07	1.22755564e-06	-6
8.328357543e-07	1.210463033e-06	-6
8.229673333e-07	1.193370427e-06	-6
8.130989122e-07	1.17627782e-06	-6
8.032304912e-07	1.159185213e-06	-6
7.933620701e-07	1.142092607e-06	-6
7.834936491e-07	1.125e-06	-6
7.73625228e-07	1.107907393e-06	-6
7.637568069e-07	1.090814787e-06	-6
7.538883859e-07	1.07372218e-06	-6
7.440199648e-07	1.056629573e-06	-6
7.341515438e-07	1.039536967e-06	-6
7.242831227e-07	1.02244436e-06	-6
7.144147017e-07	1.005351753e-06	-6
7.045462806e-07	9.882591468e-07	-6
6.946778596e-07	9.711665401e-07	-6
6.848094385e-07	9.540739335e-07	-6
6.749410175e-07	9.369813268e-07	-6
6.650725964e-07	9.198887202e-07	-6
6.552041754e-07	9.027961135e-07	-6
6.453357543e-07	8.857035068e-07	-6
6.354673333e-07	8.686109002e-07	-6
6.255989122e-07	8.515182935e-07	-6
6.157304912e-07	8.344256869e-07	-6
6.058620701e-07	8.173330802e-07	-6
5.959936491e-07	8.002404736e-07	-6
5.86125228e-07	7.831478669e-07	-6
5.762568069e-07	7.660552603e-07	-6
5.663883859e-07	7.489626536e-07	-6
5.565199648e-07	7.31870047e-07	-6
5.466515438e-07	7.147774403e-07	-6
5.367831227e-07	6.976848337e-07	-6
5.269147017e-07	6.80592227e-07	-6
5.170462806e-07	6.634996204e-07	-6
5.071778596e-07	6.464070137e-07	-6
4.973094385e-07	6.29314407e-07	-6
4.874410175e-07	6.122218004e-07	-6
4.775725964e-07	5.951291937e-07	-6
4.677041754e-07	5.780365871e-07	-6
4.578357543e-07	5.609439804e-07	-6
4.479673333e-07	5.438513738e-07	-6
4.380989122e-07	5.267587671e-07	-6
4.282304912e-07	5.096661605e-07	-6
4.183620701e-07	4.925735538e-07	-6
4.084936491e-07	4.754809472e-07	-6
4.084936491e-07	4.754809472e-07	0
3.99833395e-07	4.804809472e-07	0
3.91173141e-07	4.854809472e-07	0
3.91173141e-07	4.854809472e-07	-6
3.91173141e-07	4.854809472e-07	-6
3.91173141e-07	4.854809472e-07	-6
3.91173141e-07	4.854809472e-07	-6
3.91173141e-07	4.854809472e-07	-6
3.91173141e-07	4.854809472e-07	-6
3.91173141e-07	4.854809472e-07	-6
3.91173141e-07	4.854809472e-07	-6
3.91173141e-07	4.854809472e-07	-6
3.91173141e-07	4.854809472e-07	-6
3.91173141e-07	4.854809472e-07	-6
4.01173141e-07	5.028014552e-07	-6
4.11173141e-07	5.201219633e-07	-6
4.21173141e-07	5.374424714e-07	-6
4.31173141e-07	5.547629795e-07	-6
4.41173141e-07	5.720834875e-07	-6
4.51173141e-07	5.894039956e-07	-6
4.61173141e-07	6.067245037e-07	-6
4.71173141e-07	6.240450118e-07	-6
4.81173141e-07	6.413655198e-07	-6
4.91173141e-07	6.586860279e-07	-6
5.01173141e-07	6.76006536e-07	-6
5.11173141e-07	6.933270441e-07	-6
5.21173141e-07	7.106475521e-07	-6
5.31173141e-07	7.279680602e-07	-6
5.41173141e-07	7.452885683e-07	-6
5.51173141e-07	7.626090764e-07	-6
5.61173141e-07	7.799295844e-07	-6
5.71173141e-07	7.972500925e-07	-6
5.81173141e-07	8.145706006e-07	-6
5.91173141e-07	8.318911087e-07	-6
6.01173141e-07	8.492116168e-07	-6
6.11173141e-07	8.665321248e-07	-6
6.21173141e-07	8.838526329e-07	-6
6.31173141e-07	9.01173141e-07	-6
6.41173141e-07	9.184936491e-07	-6
6.51173141e-07	9.358141571e-07	-6
6.61173141e-07	9.531346652e-07	-6
6.71173141e-07	9.704551733e-07	-6
6.81173141e-07	9.877756814e-07	-6
6.91173141e-07	1.005096189e-06	-6
7.01173141e-07	1.022416698e-06	-6
7.11173141e-07	1.039737206e-06	-6
7.21173141e-07	1.057057714e-06	-6
7.31173141e-07	1.074378222e-06	-6
7.41173141e-07	1.09169873e-06	-6
7.51173141e-07	1.109019238e-06	-6
7.61173141e-07	1.126339746e-06	-6
7.71173141e-07	1.143660254e-06	-6
7.81173141e-07	1.160980762e-06	-6
7.91173141e-07	1.17830127e-06	-6
8.01173141e-07	1.195621778e-06	-6
8.11173141e-07	1.212942286e-06	-6
8.21173141e-07	1.230262794e-06	-6
8.31173141e-07	1.247583302e-06	-6
8.41173141e-07	1.264903811e-06	-6
8.51173141e-07	1.282224319e-06	-6
8.61173141e-07	1.299544827e-06	-6
8.71173141e-07	1.316865335e-06	-6
8.81173141e-07	1.334185843e-06	-6
8.91173141e-07	1.351506351e-06	-6
9.01173141e-07	1.368826859e-06	-6
9.11173141e-07	1.386147367e-06	-6
9.21173141e-07	1.403467875e-06	-6
9.31173141e-07	1.420788383e-06	-6
9.41173141e-07	1.438108891e-06	-6
9.51173141e-07	1.455429399e-06	-6
9.61173141e-07	1.472749907e-06	-6
9.71173141e-07	1.490070416e-06	-6
9.81173141e-07	1.507390924e-06	-6
9.91173141e-07	1.524711432e-06	-6
1.001173141e-06	1.54203194e-06	-6
1.011173141e-06	1.559352448e-06	-6
1.021173141e-06	1.576672956e-06	-6
1.031173141e-06	1.593993464e-06	-6
1.041173141e-06	1.611313972e-06	-6
1.051173141e-06	1.62863448e-06	-6
1.061173141e-06	1.645954988e-06	-6
1.071173141e-06	1.663275496e-06	-6
1.081173141e-06	1.680596004e-06	-6
1.091173141e-06	1.697916512e-06	-6
1.101173141e-06	1.715237021e-06	-6
1.111173141e-06	1.732557529e-06	-6
1.121173141e-06	1.749878037e-06	-6
1.131173141e-06	1.767198545e-06	-6
1.141173141e-06	1.784519053e-06	-6
1.141173141e-06	1.784519053e-06	6
1.141173141e-06	1.784519053e-06	6
1.141173141e-06	1.784519053e-06	6
1.141173141e-06	1.784519053e-06	6
1.141173141e-06	1.784519053e-06	6
1.141173141e-06	1.784519053e-06	6
1.141173141e-06	1.784519053e-06	6
1.141173141e-06	1.784519053e-06	6
1.141173141e-06	1.784519053e-06	6
1.141173141e-06	1.784519053e-06	6
1.141173141e-06	1.784519053e-06	6
1.131173141e-06	1.767198545e-06	6
1.121173141e-06	1.749878037e-06	6
1.111173141e-06	1.732557529e-06	6
1.101173141e-06	1.715237021e-06	6
1.091173141e-06	1.697916512e-06	6
1.081173141e-06	1.680596004e-06	6
1.071173141e-06	1.663275496e-06	6
1.061173141e-06	1.645954988e-06	6
1.051173141e-06	1.62863448e-06	6
1.041173141e-06	1.611313972e-06	6
1.031173141e-06	1.593993464e-06	6
1.021173141e-06	1.576672956e-06	6
1.011173141e-06	1.559352448e-06	6
1.001173141e-06	1.54203194e-06	6
9.91173141e-07	1.524711432e-06	6
9.81173141e-07	1.507390924e-06	6
9.71173141e-07	1.490070416e-06	6
9.61173141e-07	1.472749907e-06	6
9.51173141e-07	1.455429399e-06	6
9.41173141e-07	1.438108891e-06	6
9.31173141e-07	1.420788383e-06	6
9.21173141e-07	1.403467875e-06	6
9.11173141e-07	1.386147367e-06	6
9.01173141e-07	1.368826859e-06	6
8.91173141e-07	1.351506351e-06	6
8.81173141e-07	1.334185843e-06	6
8.71173141e-07	1.316865335e-06	6
8.61173141e-07	1.299544827e-06	6
8.51173141e-07	1.282224319e-06	6
8.41173141e-07	1.264903811e-06	6
8.31173141e-07	1.247583302e-06	6
8.21173141e-07	1.230262794e-06	6
8.11173141e-07	1.212942286e-06	6
8.01173141e-07	1.195621778e-06	6
7.91173141e-07	1.17830127e-06	6
7.81173141e-07	1.160980762e-06	6
7.71173141e-07	1.143660254e-06	6
7.61173141e-07	1.126339746e-06	6
7.51173141e-07	1.109019238e-06	6
7.41173141e-07	1.09169873e-06	6
7.31173141e-07	1.074378222e-06	6
7.21173141e-07	1.057057714e-06	6
7.11173141e-07	1.039737206e-06	6
7.01173141e-07	1.022416698e-06	6
6.91173141e-07	1.005096189e-06	6
6.81173141e-07	9.877756814e-07	6
6.71173141e-07	9.704551733e-07	6
6.61173141e-07	9.531346652e-07	6
6.51173141e-07	9.358141571e-07	6
6.41173141e-07	9.184936491e-07	6
6.31173141e-07	9.01173141e-07	6
6.21173141e-07	8.838526329e-07	6
6.11173141e-07	8.665321248e-07	6
6.01173141e-07	8.492116168e-07	6
5.91173141e-07	8.318911087e-07	6
5.81173141e-07	8.145706006e-07	6
5.71173141e-07	7.972500925e-07	6
5.61173141e-07	7.799295844e-07	6
5.51173141e-07	7.626090764e-07	6
5.41173141e-07	7.452885683e-07	6
5.31173141e-07	7.279680602e-07	6
5.21173141e-07	7.106475521e-07	6
5.11173141e-07	6.933270441e-07	6
5.01173141e-07	6.76006536e-07	6
4.91173141e-07	6.586860279e-07	6
4.81173141e-07	6.413655198e-07	6
4.71173141e-07	6.240450118e-07	6
4.61173141e-07	6.067245037e-07	6
4.51173141e-07	5.894039956e-07	6
4.41173141e-07	5.720834875e-07	6
4.31173141e-07	5.547629795e-07	6
4.21173141e-07	5.374424714e-07	6
4.11173141e-07	5.201219633e-07	6
4.01173141e-07	5.028014552e-07	6
3.91173141e-07	4.854809472e-07	6
3.91173141e-07	4.854809472e-07	0
3.825128869e-07	4.904809472e-07	0
3.738526329e-07	4.954809472e-07	0
3.738526329e-07	4.954809472e-07	6
3.738526329e-07	4.954809472e-07	6
3.738526329e-07	4.954809472e-07	6
3.738526329e-07	4.954809472e-07	6
3.738526329e-07	4.954809472e-07	6
3.738526329e-07	4.954809472e-07	6
3.738526329e-07	4.954809472e-07	6
3.738526329e-07	4.954809472e-07	6
3.738526329e-07	4.954809472e-07	6
3.738526329e-07	4.954809472e-07	6
3.738526329e-07	4.954809472e-07	6
3.838526329e-07	5.128014552e-07	6
3.938526329e-07	5.301219633e-07	6
4.038526329e-07	5.474424714e-07	6
4.138526329e-07	5.647629795e-07	6
4.238526329e-07	5.820834875e-07	6
4.338526329e-07	5.994039956e-07	6
4.438526329e-07	6.167245037e-07	6
4.538526329e-07	6.340450118e-07	6
4.638526329e-07	6.513655198e-07	6
4.738526329e-07	6.686860279e-07	6
4.838526329e-07	6.86006536e-07	6
4.938526329e-07	7.033270441e-07	6
5.038526329e-07	7.206475521e-07	6
5.138526329e-07	7.379680602e-07	6
5.238526329e-07	7.552885683e-07	6
5.338526329e-07	7.726090764e-07	6
5.438526329e-07	7.899295844e-07	6
5.538526329e-07	8.072500925e-07	6
5.638526329e-07	8.245706006e-07	6
5.738526329e-07	8.418911087e-07	6
5.838526329e-07	8.592116168e-07	6
5.938526329e-07	8.765321248e-07	6
6.038526329e-07	8.938526329e-07	6
6.138526329e-07	9.11173141e-07	6
6.238526329e-07	9.284936491e-07	6
6.338526329e-07	9.458141571e-07	6
6.438526329e-07	9.631346652e-07	6
6.538526329e-07	9.804551733e-07	6
6.638526329e-07	9.977756814e-07	6
6.738526329e-07	1.015096189e-06	6
6.838526329e-07	1.032416698e-06	6
6.938526329e-07	1.049737206e-06	6
7.038526329e-07	1.067057714e-06	6
7.138526329e-07	1.084378222e-06	6
7.238526329e-07	1.10169873e-06	6
7.338526329e-07	1.119019238e-06	6
7.438526329e-07	1.136339746e-06	6
7.538526329e-07	1.153660254e-06	6
7.638526329e-07	1.170980762e-06	6
7.738526329e-07	1.18830127e-06	6
7.838526329e-07	1.205621778e-06	6
7.938526329e-07	1.222942286e-06	6
8.038526329e-07	1.240262794e-06	6
8.138526329e-07	1.257583302e-06	6
8.238526329e-07	1.274903811e-06	6
8.338526329e-07	1.292224319e-06	6
8.438526329e-07	1.309544827e-06	6
8.538526329e-07	1.326865335e-06	6
8.638526329e-07	1.344185843e-06	6
8.738526329e-07	1.361506351e-06	6
8.838526329e-07	1.378826859e-06	6
8.938526329e-07	1.396147367e-06	6
9.038526329e-07	1.413467875e-06	6
9.138526329e-07	1.430788383e-06	6
9.238526329e-07	1.448108891e-06	6
9.338526329e-07	1.465429399e-06	6
9.438526329e-07	1.482749907e-06	6
9.538526329e-07	1.500070416e-06	6
9.638526329e-07	1.517390924e-06	6
9.738526329e-07	1.534711432e-06	6
9.838526329e-07	1.55203194e-06	6
9.938526329e-07	1.569352448e-06	6
1.003852633e-06	1.586672956e-06	6
1.013852633e-06	1.603993464e-06	6
1.023852633e-06	1.621313972e-06	6
1.033852633e-06	1.63863448e-06	6
1.043852633e-06	1.655954988e-06	6
1.053852633e-06	1.673275496e-06	6
1.063852633e-06	1.690596004e-06	6
1.073852633e-06	1.707916512e-06	6
1.083852633e-06	1.725237021e-06	6
1.093852633e-06	1.742557529e-06	6
1.103852633e-06	1.759878037e-06	6
1.113852633e-06	1.777198545e-06	6
1.123852633e-06	1.794519053e-06	6
1.123852633e-06	1.794519053e-06	-6
1.123852633e-06	1.794519053e-06	-6
1.123852633e-06	1.794519053e-06	-6
1.123852633e-06	1.794519053e-06	-6
1.123852633e-06	1.794519053e-06	-6
1.123852633e-06	1.794519053e-06	-6
1.123852633e-06	1.794519053e-06	-6
1.123852633e-06	1.794519053e-06	-6
1.123852633e-06	1.794519053e-06	-6
1.123852633e-06	1.794519053e-06	-6
1.123852633e-06	1.794519053e-06	-6
1.113852633e-06	1.777198545e-06	-6
1.103852633e-06	1.759878037e-06	-6
1.093852633e-06	1.742557529e-06	-6
1.083852633e-06	1.725237021e-06	-6
1.073852633e-06	1.707916512e-06	-6
1.063852633e-06	1.690596004e-06	-6
1.053852633e-06	1.673275496e-06	-6
1.043852633e-06	1.655954988e-06	-6
1.033852633e-06	1.63863448e-06	-6
1.023852633e-06	1.621313972e-06	-6
1.013852633e-06	1.603993464e-06	-6
1.003852633e-06	1.586672956e-06	-6
9.938526329e-07	1.569352448e-06	-6
9.838526329e-07	1.55203194e-06	-6
9.738526329e-07	1.534711432e-06	-6
9.638526329e-07	1.517390924e-06	-6
9.538526329e-07	1.500070416e-06	-6
9.438526329e-07	1.482749907e-06	-6
9.338526329e-07	1.465429399e-06	-6
9.238526329e-07	1.448108891e-06	-6
9.138526329e-07	1.430788383e-06	-6
9.038526329e-07	1.413467875e-06	-6
8.938526329e-07	1.396147367e-06	-6
8.838526329e-07	1.378826859e-06	-6
8.738526329e-07	1.361506351e-06	-6
8.638526329e-07	1.344185843e-06	-6
8.538526329e-07	1.326865335e-06	-6
8.438526329e-07	1.309544827e-06	-6
8.338526329e-07	1.292224319e-06	-6
8.238526329e-07	1.274903811e-06	-6
8.138526329e-07	1.257583302e-06	-6
8.038526329e-07	1.240262794e-06	-6
7.938526329e-07	1.222942286e-06	-6
7.838526329e-07	1.205621778e-06	-6
7.738526329e-07	1.18830127e-06	-6
7.638526329e-07	1.170980762e-06	-6
7.538526329e-07	1.153660254e-06	-6
7.438526329e-07	1.136339746e-06	-6
7.338526329e-07	1.119019238e-06	-6
7.238526329e-07	1.10169873e-06	-6
7.138526329e-07	1.084378222e-06	-6
7.038526329e-07	1.067057714e-06	-6
6.938526329e-07	1.049737206e-06	-6
6.838526329e-07	1.032416698e-06	-6
6.738526329e-07	1.015096189e-06	-6
6.638526329e-07	9.977756814e-07	-6
6.538526329e-07	9.804551733e-07	-6
6.438526329e-07	9.631346652e-07	-6
6.338526329e-07	9.458141571e-07	-6
6.238526329e-07	9.284936491e-07	-6
6.138526329e-07	9.11173141e-07	-6
6.038526329e-07	8.938526329e-07	-6
5.938526329e-07	8.765321248e-07	-6
5.838526329e-07	8.592116168e-07	-6
5.738526329e-07	8.418911087e-07	-6
5.638526329e-07	8.245706006e-07	-6
5.538526329e-07	8.072500925e-07	-6
5.438526329e-07	7.899295844e-07	-6
5.338526329e-07	7.726090764e-07	-6
5.238526329e-07	7.552885683e-07	-6
5.138526329e-07	7.379680602e-07	-6
5.038526329e-07	7.206475521e-07	-6
4.938526329e-07	7.033270441e-07	-6
4.838526329e-07	6.86006536e-07	-6
4.738526329e-07	6.686860279e-07	-6
4.638526329e-07	6.513655198e-07	-6
4.538526329e-07	6.340450118e-07	-6
4.438526329e-07	6.167245037e-07	-6
4.338526329e-07	5.994039956e-07	-6
4.238526329e-07	5.820834875e-07	-6
4.138526329e-07	5.647629795e-07	-6
4.038526329e-07	5.474424714e-07	-6
3.938526329e-07	5.301219633e-07	-6
3.838526329e-07	5.128014552e-07	-6
3.738526329e-07	4.954809472e-07	-6
3.738526329e-07	4.954809472e-07	0
3.565321248e-07	5.054809472e-07	0
3.565321248e-07	5.054809472e-07	-6
3.565321248e-07	5.054809472e-07	-6
3.565321248e-07	5.054809472e-07	-6
3.565321248e-07	5.054809472e-07	-6
3.565321248e-07	5.054809472e-07	-6
3.565321248e-07	5.054809472e-07	-6
3.565321248e-07	5.054809472e-07	-6
3.565321248e-07	5.054809472e-07	-6
3.565321248e-07	5.054809472e-07	-6
3.565321248e-07	5.054809472e-07	-6
3.565321248e-07	5.054809472e-07	-6
3.664005459e-07	5.225735538e-07	-6
3.762689669e-07	5.396661605e-07	-6
3.86137388e-07	5.567587671e-07	-6
3.96005809e-07	5.738513738e-07	-6
4.058742301e-07	5.909439804e-07	-6
4.157426511e-07	6.080365871e-07	-6
4.256110722e-07	6.251291937e-07	-6
4.354794932e-07	6.422218004e-07	-6
4.453479143e-07	6.59314407e-07	-6
4.552163354e-07	6.764070137e-07	-6
4.650847564e-07	6.934996204e-07	-6
4.749531775e-07	7.10592227e-07	-6
4.848215985e-07	7.276848337e-07	-6
4.946900196e-07	7.447774403e-07	-6
5.045584406e-07	7.61870047e-07	-6
5.144268617e-07	7.789626536e-07	-6
5.242952827e-07	7.960552603e-07	-6
5.341637038e-07	8.131478669e-07	-6
5.440321248e-07	8.302404736e-07	-6
5.539005459e-07	8.473330802e-07	-6
5.637689669e-07	8.644256869e-07	-6
5.73637388e-07	8.815182935e-07	-6
5.83505809e-07	8.986109002e-07	-6
5.933742301e-07	9.157035068e-07	-6
6.032426511e-07	9.327961135e-07	-6
6.131110722e-07	9.498887202e-07	-6
6.229794932e-07	9.669813268e-07	-6
6.328479143e-07	9.840739335e-07	-6
6.427163354e-07	1.00116654e-06	-6
6.525847564e-07	1.018259147e-06	-6
6.624531775e-07	1.035351753e-06	-6
6.723215985e-07	1.05244436e-06	-6
6.821900196e-07	1.069536967e-06	-6
6.920584406e-07	1.086629573e-06	-6
7.019268617e-07	1.10372218e-06	-6
7.117952827e-07	1.120814787e-06	-6
7.216637038e-07	1.137907393e-06	-6
7.315321248e-07	1.155e-06	-6
7.414005459e-07	1.172092607e-06	-6
7.512689669e-07	1.189185213e-06	-6
7.61137388e-07	1.20627782e-06	-6
7.71005809e-07	1.223370427e-06	-6
7.808742301e-07	1.240463033e-06	-6
7.907426511e-07	1.25755564e-06	-6
8.006110722e-07	1.274648247e-06	-6
8.104794932e-07	1.291740853e-06	-6
8.203479143e-07	1.30883346e-06	-6
8.302163354e-07	1.325926067e-06	-6
8.400847564e-07	1.343018673e-06	-6
8.499531775e-07	1.36011128e-06	-6
8.598215985e-07	1.377203886e-06	-6
8.696900196e-07	1.394296493e-06	-6
8.795584406e-07	1.4113891e-06	-6
8.894268617e-07	1.428481706e-06	-6
8.992952827e-07	1.445574313e-06	-6
9.091637038e-07	1.46266692e-06	-6
9.190321248e-07	1.479759526e-06	-6
9.289005459e-07	1.496852133e-06	-6
9.387689669e-07	1.51394474e-06	-6
9.48637388e-07	1.531037346e-06	-6
9.58505809e-07	1.548129953e-06	-6
9.683742301e-07	1.56522256e-06	-6
9.782426511e-07	1.582315166e-06	-6
9.881110722e-07	1.599407773e-06	-6
9.979794932e-07	1.61650038e-06	-6
1.007847914e-06	1.633592986e-06	-6
1.017716335e-06	1.650685593e-06	-6
1.027584756e-06	1.6677782e-06	-6
1.037453177e-06	1.684870806e-06	-6
1.047321599e-06	1.701963413e-06	-6
1.05719002e-06	1.71905602e-06	-6
1.067058441e-06	1.736148626e-06	-6
1.076926862e-06	1.753241233e-06	-6
1.086795283e-06	1.77033384e-06	-6
1.096663704e-06	1.787426446e-06	-6
1.106532125e-06	1.804519053e-06	-6
1.106532125e-06	1.804519053e-06	6
1.106532125e-06	1.804519053e-06	6
1.106532125e-06	1.804519053e-06	6
1.106532125e-06	1.804519053e-06	6
1.106532125e-06	1.804519053e-06	6
1.106532125e-06	1.804519053e-06	6
1.106532125e-06	1.804519053e-06	6
1.106532125e-06	1.804519053e-06	6
1.106532125e-06	1.804519053e-06	6
1.106532125e-06	1.804519053e-06	6
1.106532125e-06	1.804519053e-06	6
1.096663704e-06	1.787426446e-06	6
1.086795283e-06	1.77033384e-06	6
1.076926862e-06	1.753241233e-06	6
1.067058441e-06	1.736148626e-06	6
1.05719002e-06	1.71905602e-06	6
1.047321599e-06	1.701963413e-06	6
1.037453177e-06	1.684870806e-06	6
1.027584756e-06	1.6677782e-06	6
1.017716335e-06	1.650685593e-06	6
1.007847914e-06	1.633592986e-06	6
9.979794932e-07	1.61650038e-06	6
9.881110722e-07	1.599407773e-06	6
9.782426511e-07	1.582315166e-06	6
9.683742301e-07	1.56522256e-06	6
9.58505809e-07	1.548129953e-06	6
9.48637388e-07	1.531037346e-06	6
9.387689669e-07	1.51394474e-06	6
9.289005459e-07	1.496852133e-06	6
9.190321248e-07	1.479759526e-06	6
9.091637038e-07	1.46266692e-06	6
8.992952827e-07	1.445574313e-06	6
8.894268617e-07	1.428481706e-06	6
8.795584406e-07	1.4113891e-06	6
8.696900196e-07	1.394296493e-06	6
8.598215985e-07	1.377203886e-06	6
8.499531775e-07	1.36011128e-06	6
8.400847564e-07	1.343018673e-06	6
8.302163354e-07	1.325926067e-06	6
8.203479143e-07	1.30883346e-06	6
8.104794932e-07	1.291740853e-06	6
8.006110722e-07	1.274648247e-06	6
7.907426511e-07	1.25755564e-06	6
7.808742301e-07	1.240463033e-06	6
7.71005809e-07	1.223370427e-06	6
7.61137388e-07	1.20627782e-06	6
7.512689669e-07	1.189185213e-06	6
7.414005459e-07	1.172092607e-06	6
7.315321248e-07	1.155e-06	6
7.216637038e-07	1.137907393e-06	6
7.117952827e-07	1.120814787e-06	6
7.019268617e-07	1.10372218e-06	6
6.920584406e-07	1.086629573e-06	6
6.821900196e-07	1.069536967e-06	6
6.723215985e-07	1.05244436e-06	6
6.624531775e-07	1.035351753e-06	6
6.525847564e-07	1.018259147e-06	6
6.427163354e-07	1.00116654e-06	6
6.328479143e-07	9.840739335e-07	6
6.229794932e-07	9.669813268e-07	6
6.131110722e-07	9.498887202e-07	6
6.032426511e-07	9.327961135e-07	6
5.933742301e-07	9.157035068e-07	6
5.83505809e-07	8.986109002e-07	6
5.73637388e-07	8.815182935e-07	6
5.637689669e-07	8.644256869e-07	6
5.539005459e-07	8.473330802e-07	6
5.440321248e-07	8.302404736e-07	6
5.341637038e-07	8.131478669e-07	6
5.242952827e-07	7.960552603e-07	6
5.144268617e-07	7.789626536e-07	6
5.045584406e-07	7.61870047e-07	6
4.946900196e-07	7.447774403e-07	6
4.848215985e-07	7.276848337e-07	6
4.749531775e-07	7.10592227e-07	6
4.650847564e-07	6.934996204e-07	6
4.552163354e-07	6.764070137e-07	6
4.453479143e-07	6.59314407e-07	6
4.354794932e-07	6.422218004e-07	6
4.256110722e-07	6.251291937e-07	6
4.157426511e-07	6.080365871e-07	6
4.058742301e-07	5.909439804e-07	6
3.96005809e-07	5.738513738e-07	6
3.86137388e-07	5.567587671e-07	6
3.762689669e-07	5.396661605e-07	6
3.664005459e-07	5.225735538e-07	6
3.565321248e-07	5.054809472e-07	6
3.565321248e-07	5.054809472e-07	0
3.478718708e-07	5.104809472e-07	0
3.392116168e-07	5.154809472e-07	0
3.392116168e-07	5.154809472e-07	6
3.392116168e-07	5.154809472e-07	6
3.392116168e-07	5.154809472e-07	6
3.392116168e-07	5.154809472e-07	6
3.392116168e-07	5.154809472e-07	6
3.392116168e-07	5.154809472e-07	6
3.392116168e-07	5.154809472e-07	6
3.392116168e-07	5.154809472e-07	6
3.392116168e-07	5.154809472e-07	6
3.392116168e-07	5.154809472e-07	6
3.392116168e-07	5.154809472e-07	6
3.492116168e-07	5.328014552e-07	6
3.592116168e-07	5.501219633e-07	6
3.692116168e-07	5.674424714e-07	6
3.792116168e-07	5.847629795e-07	6
3.892116168e-07	6.020834875e-07	6
3.992116168e-07	6.194039956e-07	6
4.092116168e-07	6.367245037e-07	6
4.192116168e-07	6.540450118e-07	6
4.292116168e-07	6.713655198e-07	6
4.392116168e-07	6.886860279e-07	6
4.492116168e-07	7.06006536e-07	6
4.592116168e-07	7.233270441e-07	6
4.692116168e-07	7.406475521e-07	6
4.792116168e-07	7.579680602e-07	6
4.892116168e-07	7.752885683e-07	6
4.992116168e-07	7.926090764e-07	6
5.092116168e-07	8.099295844e-07	6
5.192116168e-07	8.272500925e-07	6
5.292116168e-07	8.445706006e-07	6
5.392116168e-07	8.618911087e-07	6
5.492116168e-07	8.792116168e-07	6
5.592116168e-07	8.965321248e-07	6
5.692116168e-07	9.138526329e-07	6
5.792116168e-07	9.31173141e-07	6
5.892116168e-07	9.484936491e-07	6
5.992116168e-07	9.658141571e-07	6
6.092116168e-07	9.831346652e-07	6
6.192116168e-07	1.000455173e-06	6
6.292116168e-07	1.017775681e-06	6
6.392116168e-07	1.035096189e-06	6
6.492116168e-07	1.052416698e-06	6
6.592116168e-07	1.069737206e-06	6
6.692116168e-07	1.087057714e-06	6
6.792116168e-07	1.104378222e-06	6
6.892116168e-07	1.12169873e-06	6
6.992116168e-07	1.139019238e-06	6
7.092116168e-07	1.156339746e-06	6
7.192116168e-07	1.173660254e-06	6
7.292116168e-07	1.190980762e-06	6
7.392116168e-07	1.20830127e-06	6
7.492116168e-07	1.225621778e-06	6
7.592116168e-07	1.242942286e-06	6
7.692116168e-07	1.260262794e-06	6
7.792116168e-07	1.277583302e-06	6
7.892116168e-07	1.294903811e-06	6
7.992116168e-07	1.312224319e-06	6
8.092116168e-07	1.329544827e-06	6
8.192116168e-07	1.346865335e-06	6
8.292116168e-07	1.364185843e-06	6
8.392116168e-07	1.381506351e-06	6
8.492116168e-07	1.398826859e-06	6
8.592116168e-07	1.416147367e-06	6
8.692116168e-07	1.433467875e-06	6
8.792116168e-07	1.450788383e-06	6
8.892116168e-07	1.468108891e-06	6
8.992116168e-07	1.485429399e-06	6
9.092116168e-07	1.502749907e-06	6
9.192116168e-07	1.520070416e-06	6
9.292116168e-07	1.537390924e-06	6
9.392116168e-07	1.554711432e-06	6
9.492116168e-07	1.57203194e-06	6
9.592116168e-07	1.589352448e-06	6
9.692116168e-07	1.606672956e-06	6
9.792116168e-07	1.623993464e-06	6
9.892116168e-07	1.641313972e-06	6
9.992116168e-07	1.65863448e-06	6
1.009211617e-06	1.675954988e-06	6
1.019211617e-06	1.693275496e-06	6
1.029211617e-06	1.710596004e-06	6
1.039211617e-06	1.727916512e-06	6
1.049211617e-06	1.745237021e-06	6
1.059211617e-06	1.762557529e-06	6
1.069211617e-06	1.779878037e-06	6
1.079211617e-06	1.797198545e-06	6
1.089211617e-06	1.814519053e-06	6
1.089211617e-06	1.814519053e-06	-6
1.089211617e-06	1.814519053e-06	-6
1.089211617e-06	1.814519053e-06	-6
1.089211617e-06	1.814519053e-06	-6
1.089211617e-06	1.814519053e-06	-6
1.089211617e-06	1.814519053e-06	-6
1.089211617e-06	1.814519053e-06	-6
1.089211617e-06	1.814519053e-06	-6
1.089211617e-06	1.814519053e-06	-6
1.089211617e-06	1.814519053e-06	-6
1.089211617e-06	1.814519053e-06	-6
1.079211617e-06	1.797198545e-06	-6
1.069211617e-06	1.779878037e-06	-6
1.059211617e-06	1.762557529e-06	-6
1.049211617e-06	1.745237021e-06	-6
1.039211617e-06	1.727916512e-06	-6
1.029211617e-06	1.710596004e-06	-6
1.019211617e-06	1.693275496e-06	-6
1.009211617e-06	1.675954988e-06	-6
9.992116168e-07	1.65863448e-06	-6
9.892116168e-07	1.641313972e-06	-6
9.792116168e-07	1.623993464e-06	-6
9.692116168e-07	1.606672956e-06	-6
9.592116168e-07	1.589352448e-06	-6
9.492116168e-07	1.57203194e-06	-6
9.392116168e-07	1.554711432e-06	-6
9.292116168e-07	1.537390924e-06	-6
9.192116168e-07	1.520070416e-06	-6
9.092116168e-07	1.502749907e-06	-6
8.992116168e-07	1.485429399e-06	-6
8.892116168e-07	1.468108891e-06	-6
8.792116168e-07	1.450788383e-06	-6
8.692116168e-07	1.433467875e-06	-6
8.592116168e-07	1.416147367e-06	-6
8.492116168e-07	1.398826859e-06	-6
8.392116168e-07	1.381506351e-06	-6
8.292116168e-07	1.364185843e-06	-6
8.192116168e-07	1.346865335e-06	-6
8.092116168e-07	1.329544827e-06	-6
7.992116168e-07	1.312224319e-06	-6
7.892116168e-07	1.294903811e-06	-6
7.792116168e-07	1.277583302e-06	-6
7.692116168e-07	1.260262794e-06	-6
7.592116168e-07	1.242942286e-06	-6
7.492116168e-07	1.225621778e-06	-6
7.392116168e-07	1.20830127e-06	-6
7.292116168e-07	1.190980762e-06	-6
7.192116168e-07	1.173660254e-06	-6
7.092116168e-07	1.156339746e-06	-6
6.992116168e-07	1.139019238e-06	-6
6.892116168e-07	1.12169873e-06	-6
6.792116168e-07	1.104378222e-06	-6
6.692116168e-07	1.087057714e-06	-6
6.592116168e-07	1.069737206e-06	-6
6.492116168e-07	1.052416698e-06	-6
6.392116168e-07	1.035096189e-06	-6
6.292116168e-07	1.017775681e-06	-6
6.192116168e-07	1.000455173e-06	-6
6.092116168e-07	9.831346652e-07	-6
5.992116168e-07	9.658141571e-07	-6
5.892116168e-07	9.484936491e-07	-6
5.792116168e-07	9.31173141e-07	-6
5.692116168e-07	9.138526329e-07	-6
5.592116168e-07	8.965321248e-07	-6
5.492116168e-07	8.792116168e-07	-6
5.392116168e-07	8.618911087e-07	-6
5.292116168e-07	8.445706006e-07	-6
5.192116168e-07	8.272500925e-07	-6
5.092116168e-07	8.099295844e-07	-6
4.992116168e-07	7.926090764e-07	-6
4.892116168e-07	7.752885683e-07	-6
4.792116168e-07	7.579680602e-07	-6
4.692116168e-07	7.406475521e-07	-6
4.592116168e-07	7.233270441e-07	-6
4.492116168e-07	7.06006536e-07	-6
4.392116168e-07	6.886860279e-07	-6
4.292116168e-07	6.713655198e-07	-6
4.192116168e-07	6.540450118e-07	-6
4.092116168e-07	6.367245037e-07	-6
3.992116168e-07	6.194039956e-07	-6
3.892116168e-07	6.020834875e-07	-6
3.792116168e-07	5.847629795e-07	-6
3.692116168e-07	5.674424714e-07	-6
3.592116168e-07	5.501219633e-07	-6
3.492116168e-07	5.328014552e-07	-6
3.392116168e-07	5.154809472e-07	-6
3.392116168e-07	5.154809472e-07	0
3.305513627e-07	5.204809472e-07	0
3.218911087e-07	5.254809472e-07	0
3.218911087e-07	5.254809472e-07	-6
3.218911087e-07	5.254809472e-07	-6
3.218911087e-07	5.254809472e-07	-6
3.218911087e-07	5.254809472e-07	-6
3.218911087e-07	5.254809472e-07	-6
3.218911087e-07	5.254809472e-07	-6
3.218911087e-07	5.254809472e-07	-6
3.218911087e-07	5.254809472e-07	-6
3.218911087e-07	5.254809472e-07	-6
3.218911087e-07	5.254809472e-07	-6
3.218911087e-07	5.254809472e-07	-6
3.318911087e-07	5.428014552e-07	-6
3.418911087e-07	5.601219633e-07	-6
3.518911087e-07	5.774424714e-07	-6
3.618911087e-07	5.947629795e-07	-6
3.718911087e-07	6.120834875e-07	-6
3.818911087e-07	6.294039956e-07	-6
3.918911087e-07	6.467245037e-07	-6
4.018911087e-07	6.640450118e-07	-6
4.118911087e-07	6.813655198e-07	-6
4.218911087e-07	6.986860279e-07	-6
4.318911087e-07	7.16006536e-07	-6
4.418911087e-07	7.333270441e-07	-6
4.518911087e-07	7.506475521e-07	-6
4.618911087e-07	7.679680602e-07	-6
4.718911087e-07	7.852885683e-07	-6
4.818911087e-07	8.026090764e-07	-6
4.918911087e-07	8.199295844e-07	-6
5.018911087e-07	8.372500925e-07	-6
5.118911087e-07	8.545706006e-07	-6
5.218911087e-07	8.718911087e-07	-6
5.318911087e-07	8.892116168e-07	-6
5.418911087e-07	9.065321248e-07	-6
5.518911087e-07	9.238526329e-07	-6
5.618911087e-07	9.41173141e-07	-6
5.718911087e-07	9.584936491e-07	-6
5.818911087e-07	9.758141571e-07	-6
5.918911087e-07	9.931346652e-07	-6
6.018911087e-07	1.010455173e-06	-6
6.118911087e-07	1.027775681e-06	-6
6.218911087e-07	1.045096189e-06	-6
6.318911087e-07	1.062416698e-06	-6
6.418911087e-07	1.079737206e-06	-6
6.518911087e-07	1.097057714e-06	-6
6.618911087e-07	1.114378222e-06	-6
6.718911087e-07	1.13169873e-06	-6
6.818911087e-07	1.149019238e-06	-6
6.918911087e-07	1.166339746e-06	-6
7.018911087e-07	1.183660254e-06	-6
7.118911087e-07	1.200980762e-06	-6
7.218911087e-07	1.21830127e-06	-6
7.318911087e-07	1.235621778e-06	-6
7.418911087e-07	1.252942286e-06	-6
7.518911087e-07	1.270262794e-06	-6
7.618911087e-07	1.287583302e-06	-6
7.718911087e-07	1.304903811e-06	-6
7.818911087e-07	1.322224319e-06	-6
7.918911087e-07	1.339544827e-06	-6
8.018911087e-07	1.356865335e-06	-6
8.118911087e-07	1.374185843e-06	-6
8.218911087e-07	1.391506351e-06	-6
8.318911087e-07	1.408826859e-06	-6
8.418911087e-07	1.426147367e-06	-6
8.518911087e-07	1.443467875e-06	-6
8.618911087e-07	1.460788383e-06	-6
8.718911087e-07	1.478108891e-06	-6
8.818911087e-07	1.495429399e-06	-6
8.918911087e-07	1.512749907e-06	-6
9.018911087e-07	1.530070416e-06	-6
9.118911087e-07	1.547390924e-06	-6
9.218911087e-07	1.564711432e-06	-6
9.318911087e-07	1.58203194e-06	-6
9.418911087e-07	1.599352448e-06	-6
9.518911087e-07	1.616672956e-06	-6
9.618911087e-07	1.633993464e-06	-6
9.718911087e-07	1.651313972e-06	-6
9.818911087e-07	1.66863448e-06	-6
9.918911087e-07	1.685954988e-06	-6
1.001891109e-06	1.703275496e-06	-6
1.011891109e-06	1.720596004e-06	-6
1.021891109e-06	1.737916512e-06	-6
1.031891109e-06	1.755237021e-06	-6
1.041891109e-06	1.772557529e-06	-6
1.051891109e-06	1.789878037e-06	-6
1.061891109e-06	1.807198545e-06	-6
1.071891109e-06	1.824519053e-06	-6
1.071891109e-06	1.824519053e-06	6
1.071891109e-06	1.824519053e-06	6
1.071891109e-06	1.824519053e-06	6
1.071891109e-06	1.824519053e-06	6
1.071891109e-06	1.824519053e-06	6
1.071891109e-06	1.824519053e-06	6
1.071891109e-06	1.824519053e-06	6
1.071891109e-06	1.824519053e-06	6
1.071891109e-06	1.824519053e-06	6
1.071891109e-06	1.824519053e-06	6
1.071891109e-06	1.824519053e-06	6
1.061891109e-06	1.807198545e-06	6
1.051891109e-06	1.789878037e-06	6
1.041891109e-06	1.772557529e-06	6
1.031891109e-06	1.755237021e-06	6
1.021891109e-06	1.737916512e-06	6
1.011891109e-06	1.720596004e-06	6
1.001891109e-06	1.703275496e-06	6
9.918911087e-07	1.685954988e-06	6
9.818911087e-07	1.66863448e-06	6
9.718911087e-07	1.651313972e-06	6
9.618911087e-07	1.633993464e-06	6
9.518911087e-07	1.616672956e-06	6
9.418911087e-07	1.599352448e-06	6
9.318911087e-07	1.58203194e-06	6
9.218911087e-07	1.564711432e-06	6
9.118911087e-07	1.547390924e-06	6
9.018911087e-07	1.530070416e-06	6
8.918911087e-07	1.512749907e-06	6
8.818911087e-07	1.495429399e-06	6
8.718911087e-07	1.478108891e-06	6
8.618911087e-07	1.460788383e-06	6
8.518911087e-07	1.443467875e-06	6
8.418911087e-07	1.426147367e-06	6
8.318911087e-07	1.408826859e-06	6
8.218911087e-07	1.391506351e-06	6
8.118911087e-07	1.374185843e-06	6
8.018911087e-07	1.356865335e-06	6
7.918911087e-07	1.339544827e-06	6
7.818911087e-07	1.322224319e-06	6
7.718911087e-07	1.304903811e-06	6
7.618911087e-07	1.287583302e-06	6
7.518911087e-07	1.270262794e-06	6
7.418911087e-07	1.252942286e-06	6
7.318911087e-07	1.235621778e-06	6
7.218911087e-07	1.21830127e-06	6
7.118911087e-07	1.200980762e-06	6
7.018911087e-07	1.183660254e-06	6
6.918911087e-07	1.166339746e-06	6
6.818911087e-07	1.149019238e-06	6
6.718911087e-07	1.13169873e-06	6
6.618911087e-07	1.114378222e-06	6
6.518911087e-07	1.097057714e-06	6
6.418911087e-07	1.079737206e-06	6
6.318911087e-07	1.062416698e-06	6
6.218911087e-07	1.045096189e-06	6
6.118911087e-07	1.027775681e-06	6
6.018911087e-07	1.010455173e-06	6
5.918911087e-07	9.931346652e-07	6
5.818911087e-07	9.758141571e-07	6
5.718911087e-07	9.584936491e-07	6
5.618911087e-07	9.41173141e-07	6
5.518911087e-07	9.238526329e-07	6
5.418911087e-07	9.065321248e-07	6
5.318911087e-07	8.892116168e-07	6
5.218911087e-07	8.718911087e-07	6
5.118911087e-07	8.545706006e-07	6
5.018911087e-07	8.372500925e-07	6
4.918911087e-07	8.199295844e-07	6
4.818911087e-07	8.026090764e-07	6
4.718911087e-07	7.852885683e-07	6
4.618911087e-07	7.679680602e-07	6
4.518911087e-07	7.506475521e-07	6
4.418911087e-07	7.333270441e-07	6
4.318911087e-07	7.16006536e-07	6
4.218911087e-07	6.986860279e-07	6
4.118911087e-07	6.813655198e-07	6
4.018911087e-07	6.640450118e-07	6
3.918911087e-07	6.467245037e-07	6
3.818911087e-07	6.294039956e-07	6
3.718911087e-07	6.120834875e-07	6
3.618911087e-07	5.947629795e-07	6
3.518911087e-07	5.774424714e-07	6
3.418911087e-07	5.601219633e-07	6
3.318911087e-07	5.428014552e-07	6
3.218911087e-07	5.254809472e-07	6
3.218911087e-07	5.254809472e-07	0
3.132308546e-07	5.304809472e-07	0
3.045706006e-07	5.354809472e-07	0
3.045706006e-07	5.354809472e-07	6
3.045706006e-07	5.354809472e-07	6
3.045706006e-07	5.354809472e-07	6
3.045706006e-07	5.354809472e-07	6
3.045706006e-07	5.354809472e-07	6
3.045706006e-07	5.354809472e-07	6
3.045706006e-07	5.354809472e-07	6
3.045706006e-07	5.354809472e-07	6
3.045706006e-07	5.354809472e-07	6
3.045706006e-07	5.354809472e-07	6
3.045706006e-07	5.354809472e-07	6
3.145706006e-07	5.528014552e-07	6
3.245706006e-07	5.701219633e-07	6
3.345706006e-07	5.874424714e-07	6
3.445706006e-07	6.047629795e-07	6
3.545706006e-07	6.220834875e-07	6
3.645706006e-07	6.394039956e-07	6
3.745706006e-07	6.567245037e-07	6
3.845706006e-07	6.740450118e-07	6
3.945706006e-07	6.913655198e-07	6
4.045706006e-07	7.086860279e-07	6
4.145706006e-07	7.26006536e-07	6
4.245706006e-07	7.433270441e-07	6
4.345706006e-07	7.606475521e-07	6
4.445706006e-07	7.779680602e-07	6
4.545706006e-07	7.952885683e-07	6
4.645706006e-07	8.126090764e-07	6
4.745706006e-07	8.299295844e-07	6
4.845706006e-07	8.472500925e-07	6
4.945706006e-07	8.645706006e-07	6
5.045706006e-07	8.818911087e-07	6
5.145706006e-07	8.992116168e-07	6
5.245706006e-07	9.165321248e-07	6
5.345706006e-07	9.338526329e-07	6
5.445706006e-07	9.51173141e-07	6
5.545706006e-07	9.684936491e-07	6
5.645706006e-07	9.858141571e-07	6
5.745706006e-07	1.003134665e-06	6
5.845706006e-07	1.020455173e-06	6
5.945706006e-07	1.037775681e-06	6
6.045706006e-07	1.055096189e-06	6
6.145706006e-07	1.072416698e-06	6
6.245706006e-07	1.089737206e-06	6
6.345706006e-07	1.107057714e-06	6
6.445706006e-07	1.124378222e-06	6
6.545706006e-07	1.14169873e-06	6
6.645706006e-07	1.159019238e-06	6
6.745706006e-07	1.176339746e-06	6
6.845706006e-07	1.193660254e-06	6
6.945706006e-07	1.210980762e-06	6
7.045706006e-07	1.22830127e-06	6
7.145706006e-07	1.245621778e-06	6
7.245706006e-07	1.262942286e-06	6
7.345706006e-07	1.280262794e-06	6
7.445706006e-07	1.297583302e-06	6
7.545706006e-07	1.314903811e-06	6
7.645706006e-07	1.332224319e-06	6
7.745706006e-07	1.349544827e-06	6
7.845706006e-07	1.366865335e-06	6
7.945706006e-07	1.384185843e-06	6
8.045706006e-07	1.401506351e-06	6
8.145706006e-07	1.418826859e-06	6
8.245706006e-07	1.436147367e-06	6
8.345706006e-07	1.453467875e-06	6
8.445706006e-07	1.470788383e-06	6
8.545706006e-07	1.488108891e-06	6
8.645706006e-07	1.505429399e-06	6
8.745706006e-07	1.522749907e-06	6
8.845706006e-07	1.540070416e-06	6
8.945706006e-07	1.557390924e-06	6
9.045706006e-07	1.574711432e-06	6
9.145706006e-07	1.59203194e-06	6
9.245706006e-07	1.609352448e-06	6
9.345706006e-07	1.626672956e-06	6
9.445706006e-07	1.643993464e-06	6
9.545706006e-07	1.661313972e-06	6
9.645706006e-07	1.67863448e-06	6
9.745706006e-07	1.695954988e-06	6
9.845706006e-07	1.713275496e-06	6
9.945706006e-07	1.730596004e-06	6
1.004570601e-06	1.747916512e-06	6
1.014570601e-06	1.765237021e-06	6
1.024570601e-06	1.782557529e-06	6
1.034570601e-06	1.799878037e-06	6
1.044570601e-06	1.817198545e-06	6
1.054570601e-06	1.834519053e-06	6
1.054570601e-06	1.834519053e-06	-6
1.054570601e-06	1.834519053e-06	-6
1.054570601e-06	1.834519053e-06	-6
1.054570601e-06	1.834519053e-06	-6
1.054570601e-06	1.834519053e-06	-6
1.054570601e-06	1.834519053e-06	-6
1.054570601e-06	1.834519053e-06	-6
1.054570601e-06	1.834519053e-06	-6
1.054570601e-06	1.834519053e-06	-6
1.054570601e-06	1.834519053e-06	-6
1.054570601e-06	1.834519053e-06	-6
1.044570601e-06	1.817198545e-06	-6
1.034570601e-06	1.799878037e-06	-6
1.024570601e-06	1.782557529e-06	-6
1.014570601e-06	1.765237021e-06	-6
1.004570601e-06	1.747916512e-06	-6
9.945706006e-07	1.730596004e-06	-6
9.845706006e-07	1.713275496e-06	-6
9.745706006e-07	1.695954988e-06	-6
9.645706006e-07	1.67863448e-06	-6
9.545706006e-07	1.661313972e-06	-6
9.445706006e-07	1.643993464e-06	-6
9.345706006e-07	1.626672956e-06	-6
9.245706006e-07	1.609352448e-06	-6
9.145706006e-07	1.59203194e-06	-6
9.045706006e-07	1.574711432e-06	-6
8.945706006e-07	1.557390924e-06	-6
8.845706006e-07	1.540070416e-06	-6
8.745706006e-07	1.522749907e-06	-6
8.645706006e-07	1.505429399e-06	-6
8.545706006e-07	1.488108891e-06	-6
8.445706006e-07	1.470788383e-06	-6
8.345706006e-07	1.453467875e-06	-6
8.245706006e-07	1.436147367e-06	-6
8.145706006e-07	1.418826859e-06	-6
8.045706006e-07	1.401506351e-06	-6
7.945706006e-07	1.384185843e-06	-6
7.845706006e-07	1.366865335e-06	-6
7.745706006e-07	1.349544827e-06	-6
7.645706006e-07	1.332224319e-06	-6
7.545706006e-07	1.314903811e-06	-6
7.445706006e-07	1.297583302e-06	-6
7.345706006e-07	1.280262794e-06	-6
7.245706006e-07	1.262942286e-06	-6
7.145706006e-07	1.245621778e-06	-6
7.045706006e-07	1.22830127e-06	-6
6.945706006e-07	1.210980762e-06	-6
6.845706006e-07	1.193660254e-06	-6
6.745706006e-07	1.176339746e-06	-6
6.645706006e-07	1.159019238e-06	-6
6.545706006e-07	1.14169873e-06	-6
6.445706006e-07	1.124378222e-06	-6
6.345706006e-07	1.107057714e-06	-6
6.245706006e-07	1.089737206e-06	-6
6.145706006e-07	1.072416698e-06	-6
6.045706006e-07	1.055096189e-06	-6
5.945706006e-07	1.037775681e-06	-6
5.845706006e-07	1.020455173e-06	-6
5.745706006e-07	1.003134665e-06	-6
5.645706006e-07	9.858141571e-07	-6
5.545706006e-07	9.684936491e-07	-6
5.445706006e-07	9.51173141e-07	-6
5.345706006e-07	9.338526329e-07	-6
5.245706006e-07	9.165321248e-07	-6
5.145706006e-07	8.992116168e-07	-6
5.045706006e-07	8.818911087e-07	-6
4.945706006e-07	8.645706006e-07	-6
4.845706006e-07	8.472500925e-07	-6
4.745706006e-07	8.299295844e-07	-6
4.645706006e-07	8.126090764e-07	-6
4.545706006e-07	7.952885683e-07	-6
4.445706006e-07	7.779680602e-07	-6
4.345706006e-07	7.606475521e-07	-6
4.245706006e-07	7.433270441e-07	-6
4.145706006e-07	7.26006536e-07	-6
4.045706006e-07	7.086860279e-07	-6
3.945706006e-07	6.913655198e-07	-6
3.845706006e-07	6.740450118e-07	-6
3.745706006e-07	6.567245037e-07	-6
3.645706006e-07	6.394039956e-07	-6
3.545706006e-07	6.220834875e-07	-6
3.445706006e-07	6.047629795e-07	-6
3.345706006e-07	5.874424714e-07	-6
3.245706006e-07	5.701219633e-07	-6
3.145706006e-07	5.528014552e-07	-6
3.045706006e-07	5.354809472e-07	-6
3.045706006e-07	5.354809472e-07	0
2.872500925e-07	5.454809472e-07	0
2.872500925e-07	5.454809472e-07	-6
2.872500925e-07	5.454809472e-07	-6
2.872500925e-07	5.454809472e-07	-6
2.872500925e-07	5.454809472e-07	-6
2.872500925e-07	5.454809472e-07	-6
2.872500925e-07	5.454809472e-07	-6
2.872500925e-07	5.454809472e-07	-6
2.872500925e-07	5.454809472e-07	-6
2.872500925e-07	5.454809472e-07	-6
2.872500925e-07	5.454809472e-07	-6
2.872500925e-07	5.454809472e-07	-6
2.972500925e-07	5.628014552e-07	-6
3.072500925e-07	5.801219633e-07	-6
3.172500925e-07	5.974424714e-07	-6
3.272500925e-07	6.147629795e-07	-6
3.372500925e-07	6.320834875e-07	-6
3.472500925e-07	6.494039956e-07	-6
3.572500925e-07	6.667245037e-07	-6
3.672500925e-07	6.840450118e-07	-6
3.772500925e-07	7.013655198e-07	-6
3.872500925e-07	7.186860279e-07	-6
3.972500925e-07	7.36006536e-07	-6
4.072500925e-07	7.533270441e-07	-6
4.172500925e-07	7.706475521e-07	-6
4.272500925e-07	7.879680602e-07	-6
4.372500925e-07	8.052885683e-07	-6
4.472500925e-07	8.226090764e-07	-6
4.572500925e-07	8.399295844e-07	-6
4.672500925e-07	8.572500925e-07	-6
4.772500925e-07	8.745706006e-07	-6
4.872500925e-07	8.918911087e-07	-6
4.972500925e-07	9.092116168e-07	-6
5.072500925e-07	9.265321248e-07	-6
5.172500925e-07	9.438526329e-07	-6
5.272500925e-07	9.61173141e-07	-6
5.372500925e-07	9.784936491e-07	-6
5.472500925e-07	9.958141571e-07	-6
5.572500925e-07	1.013134665e-06	-6
5.672500925e-07	1.030455173e-06	-6
5.772500925e-07	1.047775681e-06	-6
5.872500925e-07	1.065096189e-06	-6
5.972500925e-07	1.082416698e-06	-6
6.072500925e-07	1.099737206e-06	-6
6.172500925e-07	1.117057714e-06	-6
6.272500925e-07	1.134378222e-06	-6
6.372500925e-07	1.15169873e-06	-6
6.472500925e-07	1.169019238e-06	-6
6.572500925e-07	1.186339746e-06	-6
6.672500925e-07	1.203660254e-06	-6
6.772500925e-07	1.220980762e-06	-6
6.872500925e-07	1.23830127e-06	-6
6.972500925e-07	1.255621778e-06	-6
7.072500925e-07	1.272942286e-06	-6
7.172500925e-07	1.290262794e-06	-6
7.272500925e-07	1.307583302e-06	-6
7.372500925e-07	1.324903811e-06	-6
7.472500925e-07	1.342224319e-06	-6
7.572500925e-07	1.359544827e-06	-6
7.672500925e-07	1.376865335e-06	-6
7.772500925e-07	1.394185843e-06	-6
7.872500925e-07	1.411506351e-06	-6
7.972500925e-07	1.428826859e-06	-6
8.072500925e-07	1.446147367e-06	-6
8.172500925e-07	1.463467875e-06	-6
8.272500925e-07	1.480788383e-06	-6
8.372500925e-07	1.498108891e-06	-6
8.472500925e-07	1.515429399e-06	-6
8.572500925e-07	1.532749907e-06	-6
8.672500925e-07	1.550070416e-06	-6
8.772500925e-07	1.567390924e-06	-6
8.872500925e-07	1.584711432e-06	-6
8.972500925e-07	1.60203194e-06	-6
9.072500925e-07	1.619352448e-06	-6
9.172500925e-07	1.636672956e-06	-6
9.272500925e-07	1.653993464e-06	-6
9.372500925e-07	1.671313972e-06	-6
9.472500925e-07	1.68863448e-06	-6
9.572500925e-07	1.705954988e-06	-6
9.672500925e-07	1.723275496e-06	-6
9.772500925e-07	1.740596004e-06	-6
9.872500925e-07	1.757916512e-06	-6
9.972500925e-07	1.775237021e-06	-6
1.007250093e-06	1.792557529e-06	-6
1.017250093e-06	1.809878037e-06	-6
1.027250093e-06	1.827198545e-06	-6
1.037250093e-06	1.844519053e-06	-6
1.037250093e-06	1.844519053e-06	6
1.037250093e-06	1.844519053e-06	6
1.037250093e-06	1.844519053e-06	6
1.037250093e-06	1.844519053e-06	6
1.037250093e-06	1.844519053e-06	6
1.037250093e-06	1.844519053e-06	6
1.037250093e-06	1.844519053e-06	6
1.037250093e-06	1.844519053e-06	6
1.037250093e-06	1.844519053e-06	6
1.037250093e-06	1.844519053e-06	6
1.037250093e-06	1.844519053e-06	6
1.027250093e-06	1.827198545e-06	6
1.017250093e-06	1.809878037e-06	6
1.007250093e-06	1.792557529e-06	6
9.972500925e-07	1.775237021e-06	6
9.872500925e-07	1.757916512e-06	6
9.772500925e-07	1.740596004e-06	6
9.672500925e-07	1.723275496e-06	6
9.572500925e-07	1.705954988e-06	6
9.472500925e-07	1.68863448e-06	6
9.372500925e-07	1.671313972e-06	6
9.272500925e-07	1.653993464e-06	6
9.172500925e-07	1.636672956e-06	6
9.072500925e-07	1.619352448e-06	6
8.972500925e-07	1.60203194e-06	6
8.872500925e-07	1.584711432e-06	6
8.772500925e-07	1.567390924e-06	6
8.672500925e-07	1.550070416e-06	6
8.572500925e-07	1.532749907e-06	6
8.472500925e-07	1.515429399e-06	6
8.372500925e-07	1.498108891e-06	6
8.272500925e-07	1.480788383e-06	6
8.172500925e-07	1.463467875e-06	6
8.072500925e-07	1.446147367e-06	6
7.972500925e-07	1.428826859e-06	6
7.872500925e-07	1.411506351e-06	6
7.772500925e-07	1.394185843e-06	6
7.672500925e-07	1.376865335e-06	6
7.572500925e-07	1.359544827e-06	6
7.472500925e-07	1.342224319e-06	6
7.372500925e-07	1.324903811e-06	6
7.272500925e-07	1.307583302e-06	6
7.172500925e-07	1.290262794e-06	6
7.072500925e-07	1.272942286e-06	6
6.972500925e-07	1.255621778e-06	6
6.872500925e-07	1.23830127e-06	6
6.772500925e-07	1.220980762e-06	6
6.672500925e-07	1.203660254e-06	6
6.572500925e-07	1.186339746e-06	6
6.472500925e-07	1.169019238e-06	6
6.372500925e-07	1.15169873e-06	6
6.272500925e-07	1.134378222e-06	6
6.172500925e-07	1.117057714e-06	6
6.072500925e-07	1.099737206e-06	6
5.972500925e-07	1.082416698e-06	6
5.872500925e-07	1.065096189e-06	6
5.772500925e-07	1.047775681e-06	6
5.672500925e-07	1.030455173e-06	6
5.572500925e-07	1.013134665e-06	6
5.472500925e-07	9.958141571e-07	6
5.372500925e-07	9.784936491e-07	6
5.272500925e-07	9.61173141e-07	6
5.172500925e-07	9.438526329e-07	6
5.072500925e-07	9.265321248e-07	6
4.972500925e-07	9.092116168e-07	6
4.872500925e-07	8.918911087e-07	6
4.772500925e-07	8.745706006e-07	6
4.672500925e-07	8.572500925e-07	6
4.572500925e-07	8.399295844e-07	6
4.472500925e-07	8.226090764e-07	6
4.372500925e-07	8.052885683e-07	6
4.272500925e-07	7.879680602e-07	6
4.172500925e-07	7.706475521e-07	6
4.072500925e-07	7.533270441e-07	6
3.972500925e-07	7.36006536e-07	6
3.872500925e-07	7.186860279e-07	6
3.772500925e-07	7.013655198e-07	6
3.672500925e-07	6.840450118e-07	6
3.572500925e-07	6.667245037e-07	6
3.472500925e-07	6.494039956e-07	6
3.372500925e-07	6.320834875e-07	6
3.272500925e-07	6.147629795e-07	6
3.172500925e-07	5.974424714e-07	6
3.072500925e-07	5.801219633e-07	6
2.972500925e-07	5.628014552e-07	6
2.872500925e-07	5.454809472e-07	6
2.872500925e-07	5.454809472e-07	0
2.699295844e-07	5.554809472e-07	0
2.699295844e-07	5.554809472e-07	6
2.699295844e-07	5.554809472e-07	6
2.699295844e-07	5.554809472e-07	6
2.699295844e-07	5.554809472e-07	6
2.699295844e-07	5.554809472e-07	6
2.699295844e-07	5.554809472e-07	6
2.699295844e-07	5.554809472e-07	6
2.699295844e-07	5.554809472e-07	6
2.699295844e-07	5.554809472e-07	6
2.699295844e-07	5.554809472e-07	6
2.699295844e-07	5.554809472e-07	6
2.799295844e-07	5.728014552e-07	6
2.899295844e-07	5.901219633e-07	6
2.999295844e-07	6.074424714e-07	6
3.099295844e-07	6.247629795e-07	6
3.199295844e-07	6.420834875e-07	6
3.299295844e-07	6.594039956e-07	6
3.399295844e-07	6.767245037e-07	6
3.499295844e-07	6.940450118e-07	6
3.599295844e-07	7.113655198e-07	6
3.699295844e-07	7.286860279e-07	6
3.799295844e-07	7.46006536e-07	6
3.899295844e-07	7.633270441e-07	6
3.999295844e-07	7.806475521e-07	6
4.099295844e-07	7.979680602e-07	6
4.199295844e-07	8.152885683e-07	6
4.299295844e-07	8.326090764e-07	6
4.399295844e-07	8.499295844e-07	6
4.499295844e-07	8.672500925e-07	6
4.599295844e-07	8.845706006e-07	6
4.699295844e-07	9.018911087e-07	6
4.799295844e-07	9.192116168e-07	6
4.899295844e-07	9.365321248e-07	6
4.999295844e-07	9.538526329e-07	6
5.099295844e-07	9.71173141e-07	6
5.199295844e-07	9.884936491e-07	6
5.299295844e-07	1.005814157e-06	6
5.399295844e-07	1.023134665e-06	6
5.499295844e-07	1.040455173e-06	6
5.599295844e-07	1.057775681e-06	6
5.699295844e-07	1.075096189e-06	6
5.799295844e-07	1.092416698e-06	6
5.899295844e-07	1.109737206e-06	6
5.999295844e-07	1.127057714e-06	6
6.099295844e-07	1.144378222e-06	6
6.199295844e-07	1.16169873e-06	6
6.299295844e-07	1.179019238e-06	6
6.399295844e-07	1.196339746e-06	6
6.499295844e-07	1.213660254e-06	6
6.599295844e-07	1.230980762e-06	6
6.699295844e-07	1.24830127e-06	6
6.799295844e-07	1.265621778e-06	6
6.899295844e-07	1.282942286e-06	6
6.999295844e-07	1.300262794e-06	6
7.099295844e-07	1.317583302e-06	6
7.199295844e-07	1.334903811e-06	6
7.299295844e-07	1.352224319e-06	6
7.399295844e-07	1.369544827e-06	6
7.499295844e-07	1.386865335e-06	6
7.599295844e-07	1.404185843e-06	6
7.699295844e-07	1.421506351e-06	6
7.799295844e-07	1.438826859e-06	6
7.899295844e-07	1.456147367e-06	6
7.999295844e-07	1.473467875e-06	6
8.099295844e-07	1.490788383e-06	6
8.199295844e-07	1.508108891e-06	6
8.299295844e-07	1.525429399e-06	6
8.399295844e-07	1.542749907e-06	6
8.499295844e-07	1.560070416e-06	6
8.599295844e-07	1.577390924e-06	6
8.699295844e-07	1.594711432e-06	6
8.799295844e-07	1.61203194e-06	6
8.899295844e-07	1.629352448e-06	6
8.999295844e-07	1.646672956e-06	6
9.099295844e-07	1.663993464e-06	6
9.199295844e-07	1.681313972e-06	6
9.299295844e-07	1.69863448e-06	6
9.399295844e-07	1.715954988e-06	6
9.499295844e-07	1.733275496e-06	6
9.599295844e-07	1.750596004e-06	6
9.699295844e-07	1.767916512e-06	6
9.799295844e-07	1.785237021e-06	6
9.899295844e-07	1.802557529e-06	6
9.999295844e-07	1.819878037e-06	6
1.009929584e-06	1.837198545e-06	6
1.019929584e-06	1.854519053e-06	6
1.019929584e-06	1.854519053e-06	-6
1.019929584e-06	1.854519053e-06	-6
1.019929584e-06	1.854519053e-06	-6
1.019929584e-06	1.854519053e-06	-6
1.019929584e-06	1.854519053e-06	-6
1.019929584e-06	1.854519053e-06	-6
1.019929584e-06	1.854519053e-06	-6
1.019929584e-06	1.854519053e-06	-6
1.019929584e-06	1.854519053e-06	-6
1.019929584e-06	1.854519053e-06	-6
1.019929584e-06	1.854519053e-06	-6
1.009929584e-06	1.837198545e-06	-6
9.999295844e-07	1.819878037e-06	-6
9.899295844e-07	1.802557529e-06	-6
9.799295844e-07	1.785237021e-06	-6
9.699295844e-07	1.767916512e-06	-6
9.599295844e-07	1.750596004e-06	-6
9.499295844e-07	1.733275496e-06	-6
9.399295844e-07	1.715954988e-06	-6
9.299295844e-07	1.69863448e-06	-6
9.199295844e-07	1.681313972e-06	-6
9.099295844e-07	1.663993464e-06	-6
8.999295844e-07	1.646672956e-06	-6
8.899295844e-07	1.629352448e-06	-6
8.799295844e-07	1.61203194e-06	-6
8.699295844e-07	1.594711432e-06	-6
8.599295844e-07	1.577390924e-06	-6
8.499295844e-07	1.560070416e-06	-6
8.399295844e-07	1.542749907e-06	-6
8.299295844e-07	1.525429399e-06	-6
8.199295844e-07	1.508108891e-06	-6
8.099295844e-07	1.490788383e-06	-6
7.999295844e-07	1.473467875e-06	-6
7.899295844e-07	1.456147367e-06	-6
7.799295844e-07	1.438826859e-06	-6
7.699295844e-07	1.421506351e-06	-6
7.599295844e-07	1.404185843e-06	-6
7.499295844e-07	1.386865335e-06	-6
7.399295844e-07	1.369544827e-06	-6
7.299295844e-07	1.352224319e-06	-6
7.199295844e-07	1.334903811e-06	-6
7.099295844e-07	1.317583302e-06	-6
6.999295844e-07	1.300262794e-06	-6
6.899295844e-07	1.282942286e-06	-6
6.799295844e-07	1.265621778e-06	-6
6.699295844e-07	1.24830127e-06	-6
6.599295844e-07	1.230980762e-06	-6
6.499295844e-07	1.213660254e-06	-6
6.399295844e-07	1.196339746e-06	-6
6.299295844e-07	1.179019238e-06	-6
6.199295844e-07	1.16169873e-06	-6
6.099295844e-07	1.144378222e-06	-6
5.999295844e-07	1.127057714e-06	-6
5.899295844e-07	1.109737206e-06	-6
5.799295844e-07	1.092416698e-06	-6
5.699295844e-07	1.075096189e-06	-6
5.599295844e-07	1.057775681e-06	-6
5.499295844e-07	1.040455173e-06	-6
5.399295844e-07	1.023134665e-06	-6
5.299295844e-07	1.005814157e-06	-6
5.199295844e-07	9.884936491e-07	-6
5.099295844e-07	9.71173141e-07	-6
4.999295844e-07	9.538526329e-07	-6
4.899295844e-07	9.365321248e-07	-6
4.799295844e-07	9.192116168e-07	-6
4.699295844e-07	9.018911087e-07	-6
4.599295844e-07	8.845706006e-07	-6
4.499295844e-07	8.672500925e-07	-6
4.399295844e-07	8.499295844e-07	-6
4.299295844e-07	8.326090764e-07	-6
4.199295844e-07	8.152885683e-07	-6
4.099295844e-07	7.979680602e-07	-6
3.999295844e-07	7.806475521e-07	-6
3.899295844e-07	7.633270441e-07	-6
3.799295844e-07	7.46006536e-07	-6
3.699295844e-07	7.286860279e-07	-6
3.599295844e-07	7.113655198e-07	-6
3.499295844e-07	6.940450118e-07	-6
3.399295844e-07	6.767245037e-07	-6
3.299295844e-07	6.594039956e-07	-6
3.199295844e-07	6.420834875e-07	-6
3.099295844e-07	6.247629795e-07	-6
2.999295844e-07	6.074424714e-07	-6
2.899295844e-07	5.901219633e-07	-6
2.799295844e-07	5.728014552e-07	-6
2.699295844e-07	5.554809472e-07	-6
2.699295844e-07	5.554809472e-07	0
2.526090764e-07	5.654809472e-07	0
2.526090764e-07	5.654809472e-07	-6
2.526090764e-07	5.654809472e-07	-6
2.526090764e-07	5.654809472e-07	-6
2.526090764e-07	5.654809472e-07	-6
2.526090764e-07	5.654809472e-07	-6
2.526090764e-07	5.654809472e-07	-6
2.526090764e-07	5.654809472e-07	-6
2.526090764e-07	5.654809472e-07	-6
2.526090764e-07	5.654809472e-07	-6
2.526090764e-07	5.654809472e-07	-6
2.526090764e-07	5.654809472e-07	-6
2.626090764e-07	5.828014552e-07	-6
2.726090764e-07	6.001219633e-07	-6
2.826090764e-07	6.174424714e-07	-6
2.926090764e-07	6.347629795e-07	-6
3.026090764e-07	6.520834875e-07	-6
3.126090764e-07	6.694039956e-07	-6
3.226090764e-07	6.867245037e-07	-6
3.326090764e-07	7.040450118e-07	-6
3.426090764e-07	7.213655198e-07	-6
3.526090764e-07	7.386860279e-07	-6
3.626090764e-07	7.56006536e-07	-6
3.726090764e-07	7.733270441e-07	-6
3.826090764e-07	7.906475521e-07	-6
3.926090764e-07	8.079680602e-07	-6
4.026090764e-07	8.252885683e-07	-6
4.126090764e-07	8.426090764e-07	-6
4.226090764e-07	8.599295844e-07	-6
4.326090764e-07	8.772500925e-07	-6
4.426090764e-07	8.945706006e-07	-6
4.526090764e-07	9.118911087e-07	-6
4.626090764e-07	9.292116168e-07	-6
4.726090764e-07	9.465321248e-07	-6
4.826090764e-07	9.638526329e-07	-6
4.926090764e-07	9.81173141e-07	-6
5.026090764e-07	9.984936491e-07	-6
5.126090764e-07	1.015814157e-06	-6
5.226090764e-07	1.033134665e-06	-6
5.326090764e-07	1.050455173e-06	-6
5.426090764e-07	1.067775681e-06	-6
5.526090764e-07	1.085096189e-06	-6
5.626090764e-07	1.102416698e-06	-6
5.726090764e-07	1.119737206e-06	-6
5.826090764e-07	1.137057714e-06	-6
5.926090764e-07	1.154378222e-06	-6
6.026090764e-07	1.17169873e-06	-6
6.126090764e-07	1.189019238e-06	-6
6.226090764e-07	1.206339746e-06	-6
6.326090764e-07	1.223660254e-06	-6
6.426090764e-07	1.240980762e-06	-6
6.526090764e-07	1.25830127e-06	-6
6.626090764e-07	1.275621778e-06	-6
6.726090764e-07	1.292942286e-06	-6
6.826090764e-07	1.310262794e-06	-6
6.926090764e-07	1.327583302e-06	-6
7.026090764e-07	1.344903811e-06	-6
7.126090764e-07	1.362224319e-06	-6
7.226090764e-07	1.379544827e-06	-6
7.326090764e-07	1.396865335e-06	-6
7.426090764e-07	1.414185843e-06	-6
7.526090764e-07	1.431506351e-06	-6
7.626090764e-07	1.448826859e-06	-6
7.726090764e-07	1.466147367e-06	-6
7.826090764e-07	1.483467875e-06	-6
7.926090764e-07	1.500788383e-06	-6
8.026090764e-07	1.518108891e-06	-6
8.126090764e-07	1.535429399e-06	-6
8.226090764e-07	1.552749907e-06	-6
8.326090764e-07	1.570070416e-06	-6
8.426090764e-07	1.587390924e-06	-6
8.526090764e-07	1.604711432e-06	-6
8.626090764e-07	1.62203194e-06	-6
8.726090764e-07	1.639352448e-06	-6
8.826090764e-07	1.656672956e-06	-6
8.926090764e-07	1.673993464e-06	-6
9.026090764e-07	1.691313972e-06	-6
9.126090764e-07	1.70863448e-06	-6
9.226090764e-07	1.725954988e-06	-6
9.326090764e-07	1.743275496e-06	-6
9.426090764e-07	1.760596004e-06	-6
9.526090764e-07	1.777916512e-06	-6
9.626090764e-07	1.795237021e-06	-6
9.726090764e-07	1.812557529e-06	-6
9.826090764e-07	1.829878037e-06	-6
9.926090764e-07	1.847198545e-06	-6
1.002609076e-06	1.864519053e-06	-6
1.002609076e-06	1.864519053e-06	6
1.002609076e-06	1.864519053e-06	6
1.002609076e-06	1.864519053e-06	6
1.002609076e-06	1.864519053e-06	6
1.002609076e-06	1.864519053e-06	6
1.002609076e-06	1.864519053e-06	6
1.002609076e-06	1.864519053e-06	6
1.002609076e-06	1.864519053e-06	6
1.002609076e-06	1.864519053e-06	6
1.002609076e-06	1.864519053e-06	6
1.002609076e-06	1.864519053e-06	6
9.926090764e-07	1.847198545e-06	6
9.826090764e-07	1.829878037e-06	6
9.726090764e-07	1.812557529e-06	6
9.626090764e-07	1.795237021e-06	6
9.526090764e-07	1.777916512e-06	6
9.426090764e-07	1.760596004e-06	6
9.326090764e-07	1.743275496e-06	6
9.226090764e-07	1.725954988e-06	6
9.126090764e-07	1.70863448e-06	6
9.026090764e-07	1.691313972e-06	6
8.926090764e-07	1.673993464e-06	6
8.826090764e-07	1.656672956e-06	6
8.726090764e-07	1.639352448e-06	6
8.626090764e-07	1.62203194e-06	6
8.526090764e-07	1.604711432e-06	6
8.426090764e-07	1.587390924e-06	6
8.326090764e-07	1.570070416e-06	6
8.226090764e-07	1.552749907e-06	6
8.126090764e-07	1.535429399e-06	6
8.026090764e-07	1.518108891e-06	6
7.926090764e-07	1.500788383e-06	6
7.826090764e-07	1.483467875e-06	6
7.726090764e-07	1.466147367e-06	6
7.626090764e-07	1.448826859e-06	6
7.526090764e-07	1.431506351e-06	6
7.426090764e-07	1.414185843e-06	6
7.326090764e-07	1.396865335e-06	6
7.226090764e-07	1.379544827e-06	6
7.126090764e-07	1.362224319e-06	6
7.026090764e-07	1.344903811e-06	6
6.926090764e-07	1.327583302e-06	6
6.826090764e-07	1.310262794e-06	6
6.726090764e-07	1.292942286e-06	6
6.626090764e-07	1.275621778e-06	6
6.526090764e-07	1.25830127e-06	6
6.426090764e-07	1.240980762e-06	6
6.326090764e-07	1.223660254e-06	6
6.226090764e-07	1.206339746e-06	6
6.126090764e-07	1.189019238e-06	6
6.026090764e-07	1.17169873e-06	6
5.926090764e-07	1.154378222e-06	6
5.826090764e-07	1.137057714e-06	6
5.726090764e-07	1.119737206e-06	6
5.626090764e-07	1.102416698e-06	6
5.526090764e-07	1.085096189e-06	6
5.426090764e-07	1.067775681e-06	6
5.326090764e-07	1.050455173e-06	6
5.226090764e-07	1.033134665e-06	6
5.126090764e-07	1.015814157e-06	6
5.026090764e-07	9.984936491e-07	6
4.926090764e-07	9.81173141e-07	6
4.826090764e-07	9.638526329e-07	6
4.726090764e-07	9.465321248e-07	6
4.626090764e-07	9.292116168e-07	6
4.526090764e-07	9.118911087e-07	6
4.426090764e-07	8.945706006e-07	6
4.326090764e-07	8.772500925e-07	6
4.226090764e-07	8.599295844e-07	6
4.126090764e-07	8.426090764e-07	6
4.026090764e-07	8.252885683e-07	6
3.926090764e-07	8.079680602e-07	6
3.826090764e-07	7.906475521e-07	6
3.726090764e-07	7.733270441e-07	6
3.626090764e-07	7.56006536e-07	6
3.526090764e-07	7.386860279e-07	6
3.426090764e-07	7.213655198e-07	6
3.326090764e-07	7.040450118e-07	6
3.226090764e-07	6.867245037e-07	6
3.126090764e-07	6.694039956e-07	6
3.026090764e-07	6.520834875e-07	6
2.926090764e-07	6.347629795e-07	6
2.826090764e-07	6.174424714e-07	6
2.726090764e-07	6.001219633e-07	6
2.626090764e-07	5.828014552e-07	6
2.526090764e-07	5.654809472e-07	6
2.526090764e-07	5.654809472e-07	0
2.439488223e-07	5.704809472e-07	0
2.352885683e-07	5.754809472e-07	0
2.352885683e-07	5.754809472e-07	6
2.352885683e-07	5.754809472e-07	6
2.352885683e-07	5.754809472e-07	6
2.352885683e-07	5.754809472e-07	6
2.352885683e-07	5.754809472e-07	6
2.352885683e-07	5.754809472e-07	6
2.352885683e-07	5.754809472e-07	6
2.352885683e-07	5.754809472e-07	6
2.352885683e-07	5.754809472e-07	6
2.352885683e-07	5.754809472e-07	6
2.352885683e-07	5.754809472e-07	6
2.451569893e-07	5.925735538e-07	6
2.550254104e-07	6.096661605e-07	6
2.648938315e-07	6.267587671e-07	6
2.747622525e-07	6.438513738e-07	6
2.846306736e-07	6.609439804e-07	6
2.944990946e-07	6.780365871e-07	6
3.043675157e-07	6.951291937e-07	6
3.142359367e-07	7.122218004e-07	6
3.241043578e-07	7.29314407e-07	6
3.339727788e-07	7.464070137e-07	6
3.438411999e-07	7.634996204e-07	6
3.537096209e-07	7.80592227e-07	6
3.63578042e-07	7.976848337e-07	6
3.73446463e-07	8.147774403e-07	6
3.833148841e-07	8.31870047e-07	6
3.931833051e-07	8.489626536e-07	6
4.030517262e-07	8.660552603e-07	6
4.129201472e-07	8.831478669e-07	6
4.227885683e-07	9.002404736e-07	6
4.326569893e-07	9.173330802e-07	6
4.425254104e-07	9.344256869e-07	6
4.523938315e-07	9.515182935e-07	6
4.622622525e-07	9.686109002e-07	6
4.721306736e-07	9.857035068e-07	6
4.819990946e-07	1.002796114e-06	6
4.918675157e-07	1.01988872e-06	6
5.017359367e-07	1.036981327e-06	6
5.116043578e-07	1.054073933e-06	6
5.214727788e-07	1.07116654e-06	6
5.313411999e-07	1.088259147e-06	6
5.412096209e-07	1.105351753e-06	6
5.51078042e-07	1.12244436e-06	6
5.60946463e-07	1.139536967e-06	6
5.708148841e-07	1.156629573e-06	6
5.806833051e-07	1.17372218e-06	6
5.905517262e-07	1.190814787e-06	6
6.004201472e-07	1.207907393e-06	6
6.102885683e-07	1.225e-06	6
6.201569893e-07	1.242092607e-06	6
6.300254104e-07	1.259185213e-06	6
6.398938315e-07	1.27627782e-06	6
6.497622525e-07	1.293370427e-06	6
6.596306736e-07	1.310463033e-06	6
6.694990946e-07	1.32755564e-06	6
6.793675157e-07	1.344648247e-06	6
6.892359367e-07	1.361740853e-06	6
6.991043578e-07	1.37883346e-06	6
7.089727788e-07	1.395926067e-06	6
7.188411999e-07	1.413018673e-06	6
7.287096209e-07	1.43011128e-06	6
7.38578042e-07	1.447203886e-06	6
7.48446463e-07	1.464296493e-06	6
7.583148841e-07	1.4813891e-06	6
7.681833051e-07	1.498481706e-06	6
7.780517262e-07	1.515574313e-06	6
7.879201472e-07	1.53266692e-06	6
7.977885683e-07	1.549759526e-06	6
8.076569893e-07	1.566852133e-06	6
8.175254104e-07	1.58394474e-06	6
8.273938315e-07	1.601037346e-06	6
8.372622525e-07	1.618129953e-06	6
8.471306736e-07	1.63522256e-06	6
8.569990946e-07	1.652315166e-06	6
8.668675157e-07	1.669407773e-06	6
8.767359367e-07	1.68650038e-06	6
8.866043578e-07	1.703592986e-06	6
8.964727788e-07	1.720685593e-06	6
9.063411999e-07	1.7377782e-06	6
9.162096209e-07	1.754870806e-06	6
9.26078042e-07	1.771963413e-06	6
9.35946463e-07	1.78905602e-06	6
9.458148841e-07	1.806148626e-06	6
9.556833051e-07	1.823241233e-06	6
9.655517262e-07	1.84033384e-06	6
9.754201472e-07	1.857426446e-06	6
9.852885683e-07	1.874519053e-06	6
9.852885683e-07	1.874519053e-06	-6
9.852885683e-07	1.874519053e-06	-6
9.852885683e-07	1.874519053e-06	-6
9.852885683e-07	1.874519053e-06	-6
9.852885683e-07	1.874519053e-06	-6
9.852885683e-07	1.874519053e-06	-6
9.852885683e-07	1.874519053e-06	-6
9.852885683e-07	1.874519053e-06	-6
9.852885683e-07	1.874519053e-06	-6
9.852885683e-07	1.874519053e-06	-6
9.852885683e-07	1.874519053e-06	-6
9.754201472e-07	1.857426446e-06	-6
9.655517262e-07	1.84033384e-06	-6
9.556833051e-07	1.823241233e-06	-6
9.458148841e-07	1.806148626e-06	-6
9.35946463e-07	1.78905602e-06	-6
9.26078042e-07	1.771963413e-06	-6
9.162096209e-07	1.754870806e-06	-6
9.063411999e-07	1.7377782e-06	-6
8.964727788e-07	1.720685593e-06	-6
8.866043578e-07	1.703592986e-06	-6
8.767359367e-07	1.68650038e-06	-6
8.668675157e-07	1.669407773e-06	-6
8.569990946e-07	1.652315166e-06	-6
8.471306736e-07	1.63522256e-06	-6
8.372622525e-07	1.618129953e-06	-6
8.273938315e-07	1.601037346e-06	-6
8.175254104e-07	1.58394474e-06	-6
8.076569893e-07	1.566852133e-06	-6
7.977885683e-07	1.549759526e-06	-6
7.879201472e-07	1.53266692e-06	-6
7.780517262e-07	1.515574313e-06	-6
7.681833051e-07	1.498481706e-06	-6
7.583148841e-07	1.4813891e-06	-6
7.48446463e-07	1.464296493e-06	-6
7.38578042e-07	1.447203886e-06	-6
7.287096209e-07	1.43011128e-06	-6
7.188411999e-07	1.413018673e-06	-6
7.089727788e-07	1.395926067e-06	-6
6.991043578e-07	1.37883346e-06	-6
6.892359367e-07	1.361740853e-06	-6
6.793675157e-07	1.344648247e-06	-6
6.694990946e-07	1.32755564e-06	-6
6.596306736e-07	1.310463033e-06	-6
6.497622525e-07	1.293370427e-06	-6
6.398938315e-07	1.27627782e-06	-6
6.300254104e-07	1.259185213e-06	-6
6.201569893e-07	1.242092607e-06	-6
6.102885683e-07	1.225e-06	-6
6.004201472e-07	1.207907393e-06	-6
5.905517262e-07	1.190814787e-06	-6
5.806833051e-07	1.17372218e-06	-6
5.708148841e-07	1.156629573e-06	-6
5.60946463e-07	1.139536967e-06	-6
5.51078042e-07	1.12244436e-06	-6
5.412096209e-07	1.105351753e-06	-6
5.313411999e-07	1.088259147e-06	-6
5.214727788e-07	1.07116654e-06	-6
5.116043578e-07	1.054073933e-06	-6
5.017359367e-07	1.036981327e-06	-6
4.918675157e-07	1.01988872e-06	-6
4.819990946e-07	1.002796114e-06	-6
4.721306736e-07	9.857035068e-07	-6
4.622622525e-07	9.686109002e-07	-6
4.523938315e-07	9.515182935e-07	-6
4.425254104e-07	9.344256869e-07	-6
4.326569893e-07	9.173330802e-07	-6
4.227885683e-07	9.002404736e-07	-6
4.129201472e-07	8.831478669e-07	-6
4.030517262e-07	8.660552603e-07	-6
3.931833051e-07	8.489626536e-07	-6
3.833148841e-07	8.31870047e-07	-6
3.73446463e-07	8.147774403e-07	-6
3.63578042e-07	7.976848337e-07	-6
3.537096209e-07	7.80592227e-07	-6
3.438411999e-07	7.634996204e-07	-6
3.339727788e-07	7.464070137e-07	-6
3.241043578e-07	7.29314407e-07	-6
3.142359367e-07	7.122218004e-07	-6
3.043675157e-07	6.951291937e-07	-6
2.944990946e-07	6.780365871e-07	-6
2.846306736e-07	6.609439804e-07	-6
2.747622525e-07	6.438513738e-07	-6
2.648938315e-07	6.267587671e-07	-6
2.550254104e-07	6.096661605e-07	-6
2.451569893e-07	5.925735538e-07	-6
2.352885683e-07	5.754809472e-07	-6
2.352885683e-07	5.754809472e-07	0
2.266283143e-07	5.804809472e-07	0
2.179680602e-07	5.854809472e-07	0
2.179680602e-07	5.854809472e-07	-6
2.179680602e-07	5.854809472e-07	-6
2.179680602e-07	5.854809472e-07	-6
2.179680602e-07	5.854809472e-07	-6
2.179680602e-07	5.854809472e-07	-6
2.179680602e-07	5.854809472e-07	-6
2.179680602e-07	5.854809472e-07	-6
2.179680602e-07	5.854809472e-07	-6
2.179680602e-07	5.854809472e-07	-6
2.179680602e-07	5.854809472e-07	-6
2.179680602e-07	5.854809472e-07	-6
2.279680602e-07	6.028014552e-07	-6
2.379680602e-07	6.201219633e-07	-6
2.479680602e-07	6.374424714e-07	-6
2.579680602e-07	6.547629795e-07	-6
2.679680602e-07	6.720834875e-07	-6
2.779680602e-07	6.894039956e-07	-6
2.879680602e-07	7.067245037e-07	-6
2.979680602e-07	7.240450118e-07	-6
3.079680602e-07	7.413655198e-07	-6
3.179680602e-07	7.586860279e-07	-6
3.279680602e-07	7.76006536e-07	-6
3.379680602e-07	7.933270441e-07	-6
3.479680602e-07	8.106475521e-07	-6
3.579680602e-07	8.279680602e-07	-6
3.679680602e-07	8.452885683e-07	-6
3.779680602e-07	8.626090764e-07	-6
3.879680602e-07	8.799295844e-07	-6
3.979680602e-07	8.972500925e-07	-6
4.079680602e-07	9.145706006e-07	-6
4.179680602e-07	9.318911087e-07	-6
4.279680602e-07	9.492116168e-07	-6
4.379680602e-07	9.665321248e-07	-6
4.479680602e-07	9.838526329e-07	-6
4.579680602e-07	1.001173141e-06	-6
4.679680602e-07	1.018493649e-06	-6
4.779680602e-07	1.035814157e-06	-6
4.879680602e-07	1.053134665e-06	-6
4.979680602e-07	1.070455173e-06	-6
5.079680602e-07	1.087775681e-06	-6
5.179680602e-07	1.105096189e-06	-6
5.279680602e-07	1.122416698e-06	-6
5.379680602e-07	1.139737206e-06	-6
5.479680602e-07	1.157057714e-06	-6
5.579680602e-07	1.174378222e-06	-6
5.679680602e-07	1.19169873e-06	-6
5.779680602e-07	1.209019238e-06	-6
5.879680602e-07	1.226339746e-06	-6
5.979680602e-07	1.243660254e-06	-6
6.079680602e-07	1.260980762e-06	-6
6.179680602e-07	1.27830127e-06	-6
6.279680602e-07	1.295621778e-06	-6
6.379680602e-07	1.312942286e-06	-6
6.479680602e-07	1.330262794e-06	-6
6.579680602e-07	1.347583302e-06	-6
6.679680602e-07	1.364903811e-06	-6
6.779680602e-07	1.382224319e-06	-6
6.879680602e-07	1.399544827e-06	-6
6.979680602e-07	1.416865335e-06	-6
7.079680602e-07	1.434185843e-06	-6
7.179680602e-07	1.451506351e-06	-6
7.279680602e-07	1.468826859e-06	-6
7.379680602e-07	1.486147367e-06	-6
7.479680602e-07	1.503467875e-06	-6
7.579680602e-07	1.520788383e-06	-6
7.679680602e-07	1.538108891e-06	-6
7.779680602e-07	1.555429399e-06	-6
7.879680602e-07	1.572749907e-06	-6
7.979680602e-07	1.590070416e-06	-6
8.079680602e-07	1.607390924e-06	-6
8.179680602e-07	1.624711432e-06	-6
8.279680602e-07	1.64203194e-06	-6
8.379680602e-07	1.659352448e-06	-6
8.479680602e-07	1.676672956e-06	-6
8.579680602e-07	1.693993464e-06	-6
8.679680602e-07	1.711313972e-06	-6
8.779680602e-07	1.72863448e-06	-6
8.879680602e-07	1.745954988e-06	-6
8.979680602e-07	1.763275496e-06	-6
9.079680602e-07	1.780596004e-06	-6
9.179680602e-07	1.797916512e-06	-6
9.279680602e-07	1.815237021e-06	-6
9.379680602e-07	1.832557529e-06	-6
9.479680602e-07	1.849878037e-06	-6
9.579680602e-07	1.867198545e-06	-6
9.679680602e-07	1.884519053e-06	-6
9.679680602e-07	1.884519053e-06	6
9.679680602e-07	1.884519053e-06	6
9.679680602e-07	1.884519053e-06	6
9.679680602e-07	1.884519053e-06	6
9.679680602e-07	1.884519053e-06	6
9.679680602e-07	1.884519053e-06	6
9.679680602e-07	1.884519053e-06	6
9.679680602e-07	1.884519053e-06	6
9.679680602e-07	1.884519053e-06	6
9.679680602e-07	1.884519053e-06	6
9.679680602e-07	1.884519053e-06	6
9.579680602e-07	1.867198545e-06	6
9.479680602e-07	1.849878037e-06	6
9.379680602e-07	1.832557529e-06	6
9.279680602e-07	1.815237021e-06	6
9.179680602e-07	1.797916512e-06	6
9.079680602e-07	1.780596004e-06	6
8.979680602e-07	1.763275496e-06	6
8.879680602e-07	1.745954988e-06	6
8.779680602e-07	1.72863448e-06	6
8.679680602e-07	1.711313972e-06	6
8.579680602e-07	1.693993464e-06	6
8.479680602e-07	1.676672956e-06	6
8.379680602e-07	1.659352448e-06	6
8.279680602e-07	1.64203194e-06	6
8.179680602e-07	1.624711432e-06	6
8.079680602e-07	1.607390924e-06	6
7.979680602e-07	1.590070416e-06	6
7.879680602e-07	1.572749907e-06	6
7.779680602e-07	1.555429399e-06	6
7.679680602e-07	1.538108891e-06	6
7.579680602e-07	1.520788383e-06	6
7.479680602e-07	1.503467875e-06	6
7.379680602e-07	1.486147367e-06	6
7.279680602e-07	1.468826859e-06	6
7.179680602e-07	1.451506351e-06	6
7.079680602e-07	1.434185843e-06	6
6.979680602e-07	1.416865335e-06	6
6.879680602e-07	1.399544827e-06	6
6.779680602e-07	1.382224319e-06	6
6.679680602e-07	1.364903811e-06	6
6.579680602e-07	1.347583302e-06	6
6.479680602e-07	1.330262794e-06	6
6.379680602e-07	1.312942286e-06	6
6.279680602e-07	1.295621778e-06	6
6.179680602e-07	1.27830127e-06	6
6.079680602e-07	1.260980762e-06	6
5.979680602e-07	1.243660254e-06	6
5.879680602e-07	1.226339746e-06	6
5.779680602e-07	1.209019238e-06	6
5.679680602e-07	1.19169873e-06	6
5.579680602e-07	1.174378222e-06	6
5.479680602e-07	1.157057714e-06	6
5.379680602e-07	1.139737206e-06	6
5.279680602e-07	1.122416698e-06	6
5.179680602e-07	1.105096189e-06	6
5.079680602e-07	1.087775681e-06	6
4.979680602e-07	1.070455173e-06	6
4.879680602e-07	1.053134665e-06	6
4.779680602e-07	1.035814157e-06	6
4.679680602e-07	1.018493649e-06	6
4.579680602e-07	1.001173141e-06	6
4.479680602e-07	9.838526329e-07	6
4.379680602e-07	9.665321248e-07	6
4.279680602e-07	9.492116168e-07	6
4.179680602e-07	9.318911087e-07	6
4.079680602e-07	9.145706006e-07	6
3.979680602e-07	8.972500925e-07	6
3.879680602e-07	8.799295844e-07	6
3.779680602e-07	8.626090764e-07	6
3.679680602e-07	8.452885683e-07	6
3.579680602e-07	8.279680602e-07	6
3.479680602e-07	8.106475521e-07	6
3.379680602e-07	7.933270441e-07	6
3.279680602e-07	7.76006536e-07	6
3.179680602e-07	7.586860279e-07	6
3.079680602e-07	7.413655198e-07	6
2.979680602e-07	7.240450118e-07	6
2.879680602e-07	7.067245037e-07	6
2.779680602e-07	6.894039956e-07	6
2.679680602e-07	6.720834875e-07	6
2.579680602e-07	6.547629795e-07	6
2.479680602e-07	6.374424714e-07	6
2.379680602e-07	6.201219633e-07	6
2.279680602e-07	6.028014552e-07	6
2.179680602e-07	5.854809472e-07	6
2.179680602e-07	5.854809472e-07	0
2.093078062e-07	5.904809472e-07	0
2.006475521e-07	5.954809472e-07	0
2.006475521e-07	5.954809472e-07	6
2.006475521e-07	5.954809472e-07	6
2.006475521e-07	5.954809472e-07	6
2.006475521e-07	5.954809472e-07	6
2.006475521e-07	5.954809472e-07	6
2.006475521e-07	5.954809472e-07	6
2.006475521e-07	5.954809472e-07	6
2.006475521e-07	5.954809472e-07	6
2.006475521e-07	5.954809472e-07	6
2.006475521e-07	5.954809472e-07	6
2.006475521e-07	5.954809472e-07	6
2.106475521e-07	6.128014552e-07	6
2.206475521e-07	6.301219633e-07	6
2.306475521e-07	6.474424714e-07	6
2.406475521e-07	6.647629795e-07	6
2.506475521e-07	6.820834875e-07	6
2.606475521e-07	6.994039956e-07	6
2.706475521e-07	7.167245037e-07	6
2.806475521e-07	7.340450118e-07	6
2.906475521e-07	7.513655198e-07	6
3.006475521e-07	7.686860279e-07	6
3.106475521e-07	7.86006536e-07	6
3.206475521e-07	8.033270441e-07	6
3.306475521e-07	8.206475521e-07	6
3.406475521e-07	8.379680602e-07	6
3.506475521e-07	8.552885683e-07	6
3.606475521e-07	8.726090764e-07	6
3.706475521e-07	8.899295844e-07	6
3.806475521e-07	9.072500925e-07	6
3.906475521e-07	9.245706006e-07	6
4.006475521e-07	9.418911087e-07	6
4.106475521e-07	9.592116168e-07	6
4.206475521e-07	9.765321248e-07	6
4.306475521e-07	9.938526329e-07	6
4.406475521e-07	1.011173141e-06	6
4.506475521e-07	1.028493649e-06	6
4.606475521e-07	1.045814157e-06	6
4.706475521e-07	1.063134665e-06	6
4.806475521e-07	1.080455173e-06	6
4.906475521e-07	1.097775681e-06	6
5.006475521e-07	1.115096189e-06	6
5.106475521e-07	1.132416698e-06	6
5.206475521e-07	1.149737206e-06	6
5.306475521e-07	1.167057714e-06	6
5.406475521e-07	1.184378222e-06	6
5.506475521e-07	1.20169873e-06	6
5.606475521e-07	1.219019238e-06	6
5.706475521e-07	1.236339746e-06	6
5.806475521e-07	1.253660254e-06	6
5.906475521e-07	1.270980762e-06	6
6.006475521e-07	1.28830127e-06	6
6.106475521e-07	1.305621778e-06	6
6.206475521e-07	1.322942286e-06	6
6.306475521e-07	1.340262794e-06	6
6.406475521e-07	1.357583302e-06	6
6.506475521e-07	1.374903811e-06	6
6.606475521e-07	1.392224319e-06	6
6.706475521e-07	1.409544827e-06	6
6.806475521e-07	1.426865335e-06	6
6.906475521e-07	1.444185843e-06	6
7.006475521e-07	1.461506351e-06	6
7.106475521e-07	1.478826859e-06	6
7.206475521e-07	1.496147367e-06	6
7.306475521e-07	1.513467875e-06	6
7.406475521e-07	1.530788383e-06	6
7.506475521e-07	1.548108891e-06	6
7.606475521e-07	1.565429399e-06	6
7.706475521e-07	1.582749907e-06	6
7.806475521e-07	1.600070416e-06	6
7.906475521e-07	1.617390924e-06	6
8.006475521e-07	1.634711432e-06	6
8.106475521e-07	1.65203194e-06	6
8.206475521e-07	1.669352448e-06	6
8.306475521e-07	1.686672956e-06	6
8.406475521e-07	1.703993464e-06	6
8.506475521e-07	1.721313972e-06	6
8.606475521e-07	1.73863448e-06	6
8.706475521e-07	1.755954988e-06	6
8.806475521e-07	1.773275496e-06	6
8.906475521e-07	1.790596004e-06	6
9.006475521e-07	1.807916512e-06	6
9.106475521e-07	1.825237021e-06	6
9.206475521e-07	1.842557529e-06	6
9.306475521e-07	1.859878037e-06	6
9.406475521e-07	1.877198545e-06	6
9.506475521e-07	1.894519053e-06	6
9.506475521e-07	1.894519053e-06	-6
9.506475521e-07	1.894519053e-06	-6
9.506475521e-07	1.894519053e-06	-6
9.506475521e-07	1.894519053e-06	-6
9.506475521e-07	1.894519053e-06	-6
9.506475521e-07	1.894519053e-06	-6
9.506475521e-07	1.894519053e-06	-6
9.506475521e-07	1.894519053e-06	-6
9.506475521e-07	1.894519053e-06	-6
9.506475521e-07	1.894519053e-06	-6
9.506475521e-07	1.894519053e-06	-6
9.406475521e-07	1.877198545e-06	-6
9.306475521e-07	1.859878037e-06	-6
9.206475521e-07	1.842557529e-06	-6
9.106475521e-07	1.825237021e-06	-6
9.006475521e-07	1.807916512e-06	-6
8.906475521e-07	1.790596004e-06	-6
8.806475521e-07	1.773275496e-06	-6
8.706475521e-07	1.755954988e-06	-6
8.606475521e-07	1.73863448e-06	-6
8.506475521e-07	1.721313972e-06	-6
8.406475521e-07	1.703993464e-06	-6
8.306475521e-07	1.686672956e-06	-6
8.206475521e-07	1.669352448e-06	-6
8.106475521e-07	1.65203194e-06	-6
8.006475521e-07	1.634711432e-06	-6
7.906475521e-07	1.617390924e-06	-6
7.806475521e-07	1.600070416e-06	-6
7.706475521e-07	1.582749907e-06	-6
7.606475521e-07	1.565429399e-06	-6
7.506475521e-07	1.548108891e-06	-6
7.406475521e-07	1.530788383e-06	-6
7.306475521e-07	1.513467875e-06	-6
7.206475521e-07	1.496147367e-06	-6
7.106475521e-07	1.478826859e-06	-6
7.006475521e-07	1.461506351e-06	-6
6.906475521e-07	1.444185843e-06	-6
6.806475521e-07	1.426865335e-06	-6
6.706475521e-07	1.409544827e-06	-6
6.606475521e-07	1.392224319e-06	-6
6.506475521e-07	1.374903811e-06	-6
6.406475521e-07	1.357583302e-06	-6
6.306475521e-07	1.340262794e-06	-6
6.206475521e-07	1.322942286e-06	-6
6.106475521e-07	1.305621778e-06	-6
6.006475521e-07	1.28830127e-06	-6
5.906475521e-07	1.270980762e-06	-6
5.806475521e-07	1.253660254e-06	-6
5.706475521e-07	1.236339746e-06	-6
5.606475521e-07	1.219019238e-06	-6
5.506475521e-07	1.20169873e-06	-6
5.406475521e-07	1.184378222e-06	-6
5.306475521e-07	1.167057714e-06	-6
5.206475521e-07	1.149737206e-06	-6
5.106475521e-07	1.132416698e-06	-6
5.006475521e-07	1.115096189e-06	-6
4.906475521e-07	1.097775681e-06	-6
4.806475521e-07	1.080455173e-06	-6
4.706475521e-07	1.063134665e-06	-6
4.606475521e-07	1.045814157e-06	-6
4.506475521e-07	1.028493649e-06	-6
4.406475521e-07	1.011173141e-06	-6
4.306475521e-07	9.938526329e-07	-6
4.206475521e-07	9.765321248e-07	-6
4.106475521e-07	9.592116168e-07	-6
4.006475521e-07	9.418911087e-07	-6
3.906475521e-07	9.245706006e-07	-6
3.806475521e-07	9.072500925e-07	-6
3.706475521e-07	8.899295844e-07	-6
3.606475521e-07	8.726090764e-07	-6
3.506475521e-07	8.552885683e-07	-6
3.406475521e-07	8.379680602e-07	-6
3.306475521e-07	8.206475521e-07	-6
3.206475521e-07	8.033270441e-07	-6
3.106475521e-07	7.86006536e-07	-6
3.006475521e-07	7.686860279e-07	-6
2.906475521e-07	7.513655198e-07	-6
2.806475521e-07	7.340450118e-07	-6
2.706475521e-07	7.167245037e-07	-6
2.606475521e-07	6.994039956e-07	-6
2.506475521e-07	6.820834875e-07	-6
2.406475521e-07	6.647629795e-07	-6
2.306475521e-07	6.474424714e-07	-6
2.206475521e-07	6.301219633e-07	-6
2.106475521e-07	6.128014552e-07	-6
2.006475521e-07	5.954809472e-07	-6
2.006475521e-07	5.954809472e-07	0
1.833270441e-07	6.054809472e-07	0
1.833270441e-07	6.054809472e-07	-6
1.833270441e-07	6.054809472e-07	-6
1.833270441e-07	6.054809472e-07	-6
1.833270441e-07	6.054809472e-07	-6
1.833270441e-07	6.054809472e-07	-6
1.833270441e-07	6.054809472e-07	-6
1.833270441e-07	6.054809472e-07	-6
1.833270441e-07	6.054809472e-07	-6
1.833270441e-07	6.054809472e-07	-6
1.833270441e-07	6.054809472e-07	-6
1.833270441e-07	6.054809472e-07	-6
1.931954651e-07	6.225735538e-07	-6
2.030638862e-07	6.396661605e-07	-6
2.129323072e-07	6.567587671e-07	-6
2.228007283e-07	6.738513738e-07	-6
2.326691493e-07	6.909439804e-07	-6
2.425375704e-07	7.080365871e-07	-6
2.524059914e-07	7.251291937e-07	-6
2.622744125e-07	7.422218004e-07	-6
2.721428335e-07	7.59314407e-07	-6
2.820112546e-07	7.764070137e-07	-6
2.918796756e-07	7.934996204e-07	-6
3.017480967e-07	8.10592227e-07	-6
3.116165178e-07	8.276848337e-07	-6
3.214849388e-07	8.447774403e-07	-6
3.313533599e-07	8.61870047e-07	-6
3.412217809e-07	8.789626536e-07	-6
3.51090202e-07	8.960552603e-07	-6
3.60958623e-07	9.131478669e-07	-6
3.708270441e-07	9.302404736e-07	-6
3.806954651e-07	9.473330802e-07	-6
3.905638862e-07	9.644256869e-07	-6
4.004323072e-07	9.815182935e-07	-6
4.103007283e-07	9.986109002e-07	-6
4.201691493e-07	1.015703507e-06	-6
4.300375704e-07	1.032796114e-06	-6
4.399059914e-07	1.04988872e-06	-6
4.497744125e-07	1.066981327e-06	-6
4.596428335e-07	1.084073933e-06	-6
4.695112546e-07	1.10116654e-06	-6
4.793796756e-07	1.118259147e-06	-6
4.892480967e-07	1.135351753e-06	-6
4.991165178e-07	1.15244436e-06	-6
5.089849388e-07	1.169536967e-06	-6
5.188533599e-07	1.186629573e-06	-6
5.287217809e-07	1.20372218e-06	-6
5.38590202e-07	1.220814787e-06	-6
5.48458623e-07	1.237907393e-06	-6
5.583270441e-07	1.255e-06	-6
5.681954651e-07	1.272092607e-06	-6
5.780638862e-07	1.289185213e-06	-6
5.879323072e-07	1.30627782e-06	-6
5.978007283e-07	1.323370427e-06	-6
6.076691493e-07	1.340463033e-06	-6
6.175375704e-07	1.35755564e-06	-6
6.274059914e-07	1.374648247e-06	-6
6.372744125e-07	1.391740853e-06	-6
6.471428335e-07	1.40883346e-06	-6
6.570112546e-07	1.425926067e-06	-6
6.668796756e-07	1.443018673e-06	-6
6.767480967e-07	1.46011128e-06	-6
6.866165178e-07	1.477203886e-06	-6
6.964849388e-07	1.494296493e-06	-6
7.063533599e-07	1.5113891e-06	-6
7.162217809e-07	1.528481706e-06	-6
7.26090202e-07	1.545574313e-06	-6
7.35958623e-07	1.56266692e-06	-6
7.458270441e-07	1.579759526e-06	-6
7.556954651e-07	1.596852133e-06	-6
7.655638862e-07	1.61394474e-06	-6
7.754323072e-07	1.631037346e-06	-6
7.853007283e-07	1.648129953e-06	-6
7.951691493e-07	1.66522256e-06	-6
8.050375704e-07	1.682315166e-06	-6
8.149059914e-07	1.699407773e-06	-6
8.247744125e-07	1.71650038e-06	-6
8.346428335e-07	1.733592986e-06	-6
8.445112546e-07	1.750685593e-06	-6
8.543796756e-07	1.7677782e-06	-6
8.642480967e-07	1.784870806e-06	-6
8.741165178e-07	1.801963413e-06	-6
8.839849388e-07	1.81905602e-06	-6
8.938533599e-07	1.836148626e-06	-6
9.037217809e-07	1.853241233e-06	-6
9.13590202e-07	1.87033384e-06	-6
9.23458623e-07	1.887426446e-06	-6
9.333270441e-07	1.904519053e-06	-6
9.333270441e-07	1.904519053e-06	6
9.333270441e-07	1.904519053e-06	6
9.333270441e-07	1.904519053e-06	6
9.333270441e-07	1.904519053e-06	6
9.333270441e-07	1.904519053e-06	6
9.333270441e-07	1.904519053e-06	6
9.333270441e-07	1.904519053e-06	6
9.333270441e-07	1.904519053e-06	6
9.333270441e-07	1.904519053e-06	6
9.333270441e-07	1.904519053e-06	6
9.333270441e-07	1.904519053e-06	6
9.23458623e-07	1.887426446e-06	6
9.13590202e-07	1.87033384e-06	6
9.037217809e-07	1.853241233e-06	6
8.938533599e-07	1.836148626e-06	6
8.839849388e-07	1.81905602e-06	6
8.741165178e-07	1.801963413e-06	6
8.642480967e-07	1.784870806e-06	6
8.543796756e-07	1.7677782e-06	6
8.445112546e-07	1.750685593e-06	6
8.346428335e-07	1.733592986e-06	6
8.247744125e-07	1.71650038e-06	6
8.149059914e-07	1.699407773e-06	6
8.050375704e-07	1.682315166e-06	6
7.951691493e-07	1.66522256e-06	6
7.853007283e-07	1.648129953e-06	6
7.754323072e-07	1.631037346e-06	6
7.655638862e-07	1.61394474e-06	6
7.556954651e-07	1.596852133e-06	6
7.458270441e-07	1.579759526e-06	6
7.35958623e-07	1.56266692e-06	6
7.26090202e-07	1.545574313e-06	6
7.162217809e-07	1.528481706e-06	6
7.063533599e-07	1.5113891e-06	6
6.964849388e-07	1.494296493e-06	6
6.866165178e-07	1.477203886e-06	6
6.767480967e-07	1.46011128e-06	6
6.668796756e-07	1.443018673e-06	6
6.570112546e-07	1.425926067e-06	6
6.471428335e-07	1.40883346e-06	6
6.372744125e-07	1.391740853e-06	6
6.274059914e-07	1.374648247e-06	6
6.175375704e-07	1.35755564e-06	6
6.076691493e-07	1.340463033e-06	6
5.978007283e-07	1.323370427e-06	6
5.879323072e-07	1.30627782e-06	6
5.780638862e-07	1.289185213e-06	6
5.681954651e-07	1.272092607e-06	6
5.583270441e-07	1.255e-06	6
5.48458623e-07	1.237907393e-06	6
5.38590202e-07	1.220814787e-06	6
5.287217809e-07	1.20372218e-06	6
5.188533599e-07	1.186629573e-06	6
5.089849388e-07	1.169536967e-06	6
4.991165178e-07	1.15244436e-06	6
4.892480967e-07	1.135351753e-06	6
4.793796756e-07	1.118259147e-06	6
4.695112546e-07	1.10116654e-06	6
4.596428335e-07	1.084073933e-06	6
4.497744125e-07	1.066981327e-06	6
4.399059914e-07	1.04988872e-06	6
4.300375704e-07	1.032796114e-06	6
4.201691493e-07	1.015703507e-06	6
4.103007283e-07	9.986109002e-07	6
4.004323072e-07	9.815182935e-07	6
3.905638862e-07	9.644256869e-07	6
3.806954651e-07	9.473330802e-07	6
3.708270441e-07	9.302404736e-07	6
3.60958623e-07	9.131478669e-07	6
3.51090202e-07	8.960552603e-07	6
3.412217809e-07	8.789626536e-07	6
3.313533599e-07	8.61870047e-07	6
3.214849388e-07	8.447774403e-07	6
3.116165178e-07	8.276848337e-07	6
3.017480967e-07	8.10592227e-07	6
2.918796756e-07	7.934996204e-07	6
2.820112546e-07	7.764070137e-07	6
2.721428335e-07	7.59314407e-07	6
2.622744125e-07	7.422218004e-07	6
2.524059914e-07	7.251291937e-07	6
2.425375704e-07	7.080365871e-07	6
2.326691493e-07	6.909439804e-07	6
2.228007283e-07	6.738513738e-07	6
2.129323072e-07	6.567587671e-07	6
2.030638862e-07	6.396661605e-07	6
1.931954651e-07	6.225735538e-07	6
1.833270441e-07	6.054809472e-07	6
1.833270441e-07	6.054809472e-07	0
1.7466679e-07	6.104809472e-07	0
1.66006536e-07	6.154809472e-07	0
1.66006536e-07	6.154809472e-07	6
1.66006536e-07	6.154809472e-07	6
1.66006536e-07	6.154809472e-07	6
1.66006536e-07	6.154809472e-07	6
1.66006536e-07	6.154809472e-07	6
1.66006536e-07	6.154809472e-07	6
1.66006536e-07	6.154809472e-07	6
1.66006536e-07	6.154809472e-07	6
1.66006536e-07	6.154809472e-07	6
1.66006536e-07	6.154809472e-07	6
1.66006536e-07	6.154809472e-07	6
1.76006536e-07	6.328014552e-07	6
1.86006536e-07	6.501219633e-07	6
1.96006536e-07	6.674424714e-07	6
2.06006536e-07	6.847629795e-07	6
2.16006536e-07	7.020834875e-07	6
2.26006536e-07	7.194039956e-07	6
2.36006536e-07	7.367245037e-07	6
2.46006536e-07	7.540450118e-07	6
2.56006536e-07	7.713655198e-07	6
2.66006536e-07	7.886860279e-07	6
2.76006536e-07	8.06006536e-07	6
2.86006536e-07	8.233270441e-07	6
2.96006536e-07	8.406475521e-07	6
3.06006536e-07	8.579680602e-07	6
3.16006536e-07	8.752885683e-07	6
3.26006536e-07	8.926090764e-07	6
3.36006536e-07	9.099295844e-07	6
3.46006536e-07	9.272500925e-07	6
3.56006536e-07	9.445706006e-07	6
3.66006536e-07	9.618911087e-07	6
3.76006536e-07	9.792116168e-07	6
3.86006536e-07	9.965321248e-07	6
3.96006536e-07	1.013852633e-06	6
4.06006536e-07	1.031173141e-06	6
4.16006536e-07	1.048493649e-06	6
4.26006536e-07	1.065814157e-06	6
4.36006536e-07	1.083134665e-06	6
4.46006536e-07	1.100455173e-06	6
4.56006536e-07	1.117775681e-06	6
4.66006536e-07	1.135096189e-06	6
4.76006536e-07	1.152416698e-06	6
4.86006536e-07	1.169737206e-06	6
4.96006536e-07	1.187057714e-06	6
5.06006536e-07	1.204378222e-06	6
5.16006536e-07	1.22169873e-06	6
5.26006536e-07	1.239019238e-06	6
5.36006536e-07	1.256339746e-06	6
5.46006536e-07	1.273660254e-06	6
5.56006536e-07	1.290980762e-06	6
5.66006536e-07	1.30830127e-06	6
5.76006536e-07	1.325621778e-06	6
5.86006536e-07	1.342942286e-06	6
5.96006536e-07	1.360262794e-06	6
6.06006536e-07	1.377583302e-06	6
6.16006536e-07	1.394903811e-06	6
6.26006536e-07	1.412224319e-06	6
6.36006536e-07	1.429544827e-06	6
6.46006536e-07	1.446865335e-06	6
6.56006536e-07	1.464185843e-06	6
6.66006536e-07	1.481506351e-06	6
6.76006536e-07	1.498826859e-06	6
6.86006536e-07	1.516147367e-06	6
6.96006536e-07	1.533467875e-06	6
7.06006536e-07	1.550788383e-06	6
7.16006536e-07	1.568108891e-06	6
7.26006536e-07	1.585429399e-06	6
7.36006536e-07	1.602749907e-06	6
7.46006536e-07	1.620070416e-06	6
7.56006536e-07	1.637390924e-06	6
7.66006536e-07	1.654711432e-06	6
7.76006536e-07	1.67203194e-06	6
7.86006536e-07	1.689352448e-06	6
7.96006536e-07	1.706672956e-06	6
8.06006536e-07	1.723993464e-06	6
8.16006536e-07	1.741313972e-06	6
8.26006536e-07	1.75863448e-06	6
8.36006536e-07	1.775954988e-06	6
8.46006536e-07	1.793275496e-06	6
8.56006536e-07	1.810596004e-06	6
8.66006536e-07	1.827916512e-06	6
8.76006536e-07	1.845237021e-06	6
8.86006536e-07	1.862557529e-06	6
8.96006536e-07	1.879878037e-06	6
9.06006536e-07	1.897198545e-06	6
9.16006536e-07	1.914519053e-06	6
9.16006536e-07	1.914519053e-06	-6
9.16006536e-07	1.914519053e-06	-6
9.16006536e-07	1.914519053e-06	-6
9.16006536e-07	1.914519053e-06	-6
9.16006536e-07	1.914519053e-06	-6
9.16006536e-07	1.914519053e-06	-6
9.16006536e-07	1.914519053e-06	-6
9.16006536e-07	1.914519053e-06	-6
9.16006536e-07	1.914519053e-06	-6
9.16006536e-07	1.914519053e-06	-6
9.16006536e-07	1.914519053e-06	-6
9.06006536e-07	1.897198545e-06	-6
8.96006536e-07	1.879878037e-06	-6
8.86006536e-07	1.862557529e-06	-6
8.76006536e-07	1.845237021e-06	-6
8.66006536e-07	1.827916512e-06	-6
8.56006536e-07	1.810596004e-06	-6
8.46006536e-07	1.793275496e-06	-6
8.36006536e-07	1.775954988e-06	-6
8.26006536e-07	1.75863448e-06	-6
8.16006536e-07	1.741313972e-06	-6
8.06006536e-07	1.723993464e-06	-6
7.96006536e-07	1.706672956e-06	-6
7.86006536e-07	1.689352448e-06	-6
7.76006536e-07	1.67203194e-06	-6
7.66006536e-07	1.654711432e-06	-6
7.56006536e-07	1.637390924e-06	-6
7.46006536e-07	1.620070416e-06	-6
7.36006536e-07	1.602749907e-06	-6
7.26006536e-07	1.585429399e-06	-6
7.16006536e-07	1.568108891e-06	-6
7.06006536e-07	1.550788383e-06	-6
6.96006536e-07	1.533467875e-06	-6
6.86006536e-07	1.516147367e-06	-6
6.76006536e-07	1.498826859e-06	-6
6.66006536e-07	1.481506351e-06	-6
6.56006536e-07	1.464185843e-06	-6
6.46006536e-07	1.446865335e-06	-6
6.36006536e-07	1.429544827e-06	-6
6.26006536e-07	1.412224319e-06	-6
6.16006536e-07	1.394903811e-06	-6
6.06006536e-07	1.377583302e-06	-6
5.96006536e-07	1.360262794e-06	-6
5.86006536e-07	1.342942286e-06	-6
5.76006536e-07	1.325621778e-06	-6
5.66006536e-07	1.30830127e-06	-6
5.56006536e-07	1.290980762e-06	-6
5.46006536e-07	1.273660254e-06	-6
5.36006536e-07	1.256339746e-06	-6
5.26006536e-07	1.239019238e-06	-6
5.16006536e-07	1.22169873e-06	-6
5.06006536e-07	1.204378222e-06	-6
4.96006536e-07	1.187057714e-06	-6
4.86006536e-07	1.169737206e-06	-6
4.76006536e-07	1.152416698e-06	-6
4.66006536e-07	1.135096189e-06	-6
4.56006536e-07	1.117775681e-06	-6
4.46006536e-07	1.100455173e-06	-6
4.36006536e-07	1.083134665e-06	-6
4.26006536e-07	1.065814157e-06	-6
4.16006536e-07	1.048493649e-06	-6
4.06006536e-07	1.031173141e-06	-6
3.96006536e-07	1.013852633e-06	-6
3.86006536e-07	9.965321248e-07	-6
3.76006536e-07	9.792116168e-07	-6
3.66006536e-07	9.618911087e-07	-6
3.56006536e-07	9.445706006e-07	-6
3.46006536e-07	9.272500925e-07	-6
3.36006536e-07	9.099295844e-07	-6
3.26006536e-07	8.926090764e-07	-6
3.16006536e-07	8.752885683e-07	-6
3.06006536e-07	8.579680602e-07	-6
2.96006536e-07	8.406475521e-07	-6
2.86006536e-07	8.233270441e-07	-6
2.76006536e-07	8.06006536e-07	-6
2.66006536e-07	7.886860279e-07	-6
2.56006536e-07	7.713655198e-07	-6
2.46006536e-07	7.540450118e-07	-6
2.36006536e-07	7.367245037e-07	-6
2.26006536e-07	7.194039956e-07	-6
2.16006536e-07	7.020834875e-07	-6
2.06006536e-07	6.847629795e-07	-6
1.96006536e-07	6.674424714e-07	-6
1.86006536e-07	6.501219633e-07	-6
1.76006536e-07	6.328014552e-07	-6
1.66006536e-07	6.154809472e-07	-6
1.66006536e-07	6.154809472e-07	0
1.57346282e-07	6.204809472e-07	0
1.486860279e-07	6.254809472e-07	0
1.486860279e-07	6.254809472e-07	-6
1.486860279e-07	6.254809472e-07	-6
1.486860279e-07	6.254809472e-07	-6
1.486860279e-07	6.254809472e-07	-6
1.486860279e-07	6.254809472e-07	-6
1.486860279e-07	6.254809472e-07	-6
1.486860279e-07	6.254809472e-07	-6
1.486860279e-07	6.254809472e-07	-6
1.486860279e-07	6.254809472e-07	-6
1.486860279e-07	6.254809472e-07	-6
1.486860279e-07	6.254809472e-07	-6
1.586860279e-07	6.428014552e-07	-6
1.686860279e-07	6.601219633e-07	-6
1.786860279e-07	6.774424714e-07	-6
1.886860279e-07	6.947629795e-07	-6
1.986860279e-07	7.120834875e-07	-6
2.086860279e-07	7.294039956e-07	-6
2.186860279e-07	7.467245037e-07	-6
2.286860279e-07	7.640450118e-07	-6
2.386860279e-07	7.813655198e-07	-6
2.486860279e-07	7.986860279e-07	-6
2.586860279e-07	8.16006536e-07	-6
2.686860279e-07	8.333270441e-07	-6
2.786860279e-07	8.506475521e-07	-6
2.886860279e-07	8.679680602e-07	-6
2.986860279e-07	8.852885683e-07	-6
3.086860279e-07	9.026090764e-07	-6
3.186860279e-07	9.199295844e-07	-6
3.286860279e-07	9.372500925e-07	-6
3.386860279e-07	9.545706006e-07	-6
3.486860279e-07	9.718911087e-07	-6
3.586860279e-07	9.892116168e-07	-6
3.686860279e-07	1.006532125e-06	-6
3.786860279e-07	1.023852633e-06	-6
3.886860279e-07	1.041173141e-06	-6
3.986860279e-07	1.058493649e-06	-6
4.086860279e-07	1.075814157e-06	-6
4.186860279e-07	1.093134665e-06	-6
4.286860279e-07	1.110455173e-06	-6
4.386860279e-07	1.127775681e-06	-6
4.486860279e-07	1.145096189e-06	-6
4.586860279e-07	1.162416698e-06	-6
4.686860279e-07	1.179737206e-06	-6
4.786860279e-07	1.197057714e-06	-6
4.886860279e-07	1.214378222e-06	-6
4.986860279e-07	1.23169873e-06	-6
5.086860279e-07	1.249019238e-06	-6
5.186860279e-07	1.266339746e-06	-6
5.286860279e-07	1.283660254e-06	-6
5.386860279e-07	1.300980762e-06	-6
5.486860279e-07	1.31830127e-06	-6
5.586860279e-07	1.335621778e-06	-6
5.686860279e-07	1.352942286e-06	-6
5.786860279e-07	1.370262794e-06	-6
5.886860279e-07	1.387583302e-06	-6
5.986860279e-07	1.404903811e-06	-6
6.086860279e-07	1.422224319e-06	-6
6.186860279e-07	1.439544827e-06	-6
6.286860279e-07	1.456865335e-06	-6
6.386860279e-07	1.474185843e-06	-6
6.486860279e-07	1.491506351e-06	-6
6.586860279e-07	1.508826859e-06	-6
6.686860279e-07	1.526147367e-06	-6
6.786860279e-07	1.543467875e-06	-6
6.886860279e-07	1.560788383e-06	-6
6.986860279e-07	1.578108891e-06	-6
7.086860279e-07	1.595429399e-06	-6
7.186860279e-07	1.612749907e-06	-6
7.286860279e-07	1.630070416e-06	-6
7.386860279e-07	1.647390924e-06	-6
7.486860279e-07	1.664711432e-06	-6
7.586860279e-07	1.68203194e-06	-6
7.686860279e-07	1.699352448e-06	-6
7.786860279e-07	1.716672956e-06	-6
7.886860279e-07	1.733993464e-06	-6
7.986860279e-07	1.751313972e-06	-6
8.086860279e-07	1.76863448e-06	-6
8.186860279e-07	1.785954988e-06	-6
8.286860279e-07	1.803275496e-06	-6
8.386860279e-07	1.820596004e-06	-6
8.486860279e-07	1.837916512e-06	-6
8.586860279e-07	1.855237021e-06	-6
8.686860279e-07	1.872557529e-06	-6
8.786860279e-07	1.889878037e-06	-6
8.886860279e-07	1.907198545e-06	-6
8.986860279e-07	1.924519053e-06	-6
8.986860279e-07	1.924519053e-06	6
8.986860279e-07	1.924519053e-06	6
8.986860279e-07	1.924519053e-06	6
8.986860279e-07	1.924519053e-06	6
8.986860279e-07	1.924519053e-06	6
8.986860279e-07	1.924519053e-06	6
8.986860279e-07	1.924519053e-06	6
8.986860279e-07	1.924519053e-06	6
8.986860279e-07	1.924519053e-06	6
8.986860279e-07	1.924519053e-06	6
8.986860279e-07	1.924519053e-06	6
8.886860279e-07	1.907198545e-06	6
8.786860279e-07	1.889878037e-06	6
8.686860279e-07	1.872557529e-06	6
8.586860279e-07	1.855237021e-06	6
8.486860279e-07	1.837916512e-06	6
8.386860279e-07	1.820596004e-06	6
8.286860279e-07	1.803275496e-06	6
8.186860279e-07	1.785954988e-06	6
8.086860279e-07	1.76863448e-06	6
7.986860279e-07	1.751313972e-06	6
7.886860279e-07	1.733993464e-06	6
7.786860279e-07	1.716672956e-06	6
7.686860279e-07	1.699352448e-06	6
7.586860279e-07	1.68203194e-06	6
7.486860279e-07	1.664711432e-06	6
7.386860279e-07	1.647390924e-06	6
7.286860279e-07	1.630070416e-06	6
7.186860279e-07	1.612749907e-06	6
7.086860279e-07	1.595429399e-06	6
6.986860279e-07	1.578108891e-06	6
6.886860279e-07	1.560788383e-06	6
6.786860279e-07	1.543467875e-06	6
6.686860279e-07	1.526147367e-06	6
6.586860279e-07	1.508826859e-06	6
6.486860279e-07	1.491506351e-06	6
6.386860279e-07	1.474185843e-06	6
6.286860279e-07	1.456865335e-06	6
6.186860279e-07	1.439544827e-06	6
6.086860279e-07	1.422224319e-06	6
5.986860279e-07	1.404903811e-06	6
5.886860279e-07	1.387583302e-06	6
5.786860279e-07	1.370262794e-06	6
5.686860279e-07	1.352942286e-06	6
5.586860279e-07	1.335621778e-06	6
5.486860279e-07	1.31830127e-06	6
5.386860279e-07	1.300980762e-06	6
5.286860279e-07	1.283660254e-06	6
5.186860279e-07	1.266339746e-06	6
5.086860279e-07	1.249019238e-06	6
4.986860279e-07	1.23169873e-06	6
4.886860279e-07	1.214378222e-06	6
4.786860279e-07	1.197057714e-06	6
4.686860279e-07	1.179737206e-06	6
4.586860279e-07	1.162416698e-06	6
4.486860279e-07	1.145096189e-06	6
4.386860279e-07	1.127775681e-06	6
4.286860279e-07	1.110455173e-06	6
4.186860279e-07	1.093134665e-06	6
4.086860279e-07	1.075814157e-06	6
3.986860279e-07	1.058493649e-06	6
3.886860279e-07	1.041173141e-06	6
3.786860279e-07	1.023852633e-06	6
3.686860279e-07	1.006532125e-06	6
3.586860279e-07	9.892116168e-07	6
3.486860279e-07	9.718911087e-07	6
3.386860279e-07	9.545706006e-07	6
3.286860279e-07	9.372500925e-07	6
3.186860279e-07	9.199295844e-07	6
3.086860279e-07	9.026090764e-07	6
2.986860279e-07	8.852885683e-07	6
2.886860279e-07	8.679680602e-07	6
2.786860279e-07	8.506475521e-07	6
2.686860279e-07	8.333270441e-07	6
2.586860279e-07	8.16006536e-07	6
2.486860279e-07	7.986860279e-07	6
2.386860279e-07	7.813655198e-07	6
2.286860279e-07	7.640450118e-07	6
2.186860279e-07	7.467245037e-07	6
2.086860279e-07	7.294039956e-07	6
1.986860279e-07	7.120834875e-07	6
1.886860279e-07	6.947629795e-07	6
1.786860279e-07	6.774424714e-07	6
1.686860279e-07	6.601219633e-07	6
1.586860279e-07	6.428014552e-07	6
1.486860279e-07	6.254809472e-07	6
1.486860279e-07	6.254809472e-07	0
1.400257739e-07	6.304809472e-07	0
1.313655198e-07	6.354809472e-07	0
1.313655198e-07	6.354809472e-07	6
1.313655198e-07	6.354809472e-07	6
1.313655198e-07	6.354809472e-07	6
1.313655198e-07	6.354809472e-07	6
1.313655198e-07	6.354809472e-07	6
1.313655198e-07	6.354809472e-07	6
1.313655198e-07	6.354809472e-07	6
1.313655198e-07	6.354809472e-07	6
1.313655198e-07	6.354809472e-07	6
1.313655198e-07	6.354809472e-07	6
1.313655198e-07	6.354809472e-07	6
1.413655198e-07	6.528014552e-07	6
1.513655198e-07	6.701219633e-07	6
1.613655198e-07	6.874424714e-07	6
1.713655198e-07	7.047629795e-07	6
1.813655198e-07	7.220834875e-07	6
1.913655198e-07	7.394039956e-07	6
2.013655198e-07	7.567245037e-07	6
2.113655198e-07	7.740450118e-07	6
2.213655198e-07	7.913655198e-07	6
2.313655198e-07	8.086860279e-07	6
2.413655198e-07	8.26006536e-07	6
2.513655198e-07	8.433270441e-07	6
2.613655198e-07	8.606475521e-07	6
2.713655198e-07	8.779680602e-07	6
2.813655198e-07	8.952885683e-07	6
2.913655198e-07	9.126090764e-07	6
3.013655198e-07	9.299295844e-07	6
3.113655198e-07	9.472500925e-07	6
3.213655198e-07	9.645706006e-07	6
3.313655198e-07	9.818911087e-07	6
3.413655198e-07	9.992116168e-07	6
3.513655198e-07	1.016532125e-06	6
3.613655198e-07	1.033852633e-06	6
3.713655198e-07	1.051173141e-06	6
3.813655198e-07	1.068493649e-06	6
3.913655198e-07	1.085814157e-06	6
4.013655198e-07	1.103134665e-06	6
4.113655198e-07	1.120455173e-06	6
4.213655198e-07	1.137775681e-06	6
4.313655198e-07	1.155096189e-06	6
4.413655198e-07	1.172416698e-06	6
4.513655198e-07	1.189737206e-06	6
4.613655198e-07	1.207057714e-06	6
4.713655198e-07	1.224378222e-06	6
4.813655198e-07	1.24169873e-06	6
4.913655198e-07	1.259019238e-06	6
5.013655198e-07	1.276339746e-06	6
5.113655198e-07	1.293660254e-06	6
5.213655198e-07	1.310980762e-06	6
5.313655198e-07	1.32830127e-06	6
5.413655198e-07	1.345621778e-06	6
5.513655198e-07	1.362942286e-06	6
5.613655198e-07	1.380262794e-06	6
5.713655198e-07	1.397583302e-06	6
5.813655198e-07	1.414903811e-06	6
5.913655198e-07	1.432224319e-06	6
6.013655198e-07	1.449544827e-06	6
6.113655198e-07	1.466865335e-06	6
6.213655198e-07	1.484185843e-06	6
6.313655198e-07	1.501506351e-06	6
6.413655198e-07	1.518826859e-06	6
6.513655198e-07	1.536147367e-06	6
6.613655198e-07	1.553467875e-06	6
6.713655198e-07	1.570788383e-06	6
6.813655198e-07	1.588108891e-06	6
6.913655198e-07	1.605429399e-06	6
7.013655198e-07	1.622749907e-06	6
7.113655198e-07	1.640070416e-06	6
7.213655198e-07	1.657390924e-06	6
7.313655198e-07	1.674711432e-06	6
7.413655198e-07	1.69203194e-06	6
7.513655198e-07	1.709352448e-06	6
7.613655198e-07	1.726672956e-06	6
7.713655198e-07	1.743993464e-06	6
7.813655198e-07	1.761313972e-06	6
7.913655198e-07	1.77863448e-06	6
8.013655198e-07	1.795954988e-06	6
8.113655198e-07	1.813275496e-06	6
8.213655198e-07	1.830596004e-06	6
8.313655198e-07	1.847916512e-06	6
8.413655198e-07	1.865237021e-06	6
8.513655198e-07	1.882557529e-06	6
8.613655198e-07	1.899878037e-06	6
8.713655198e-07	1.917198545e-06	6
8.813655198e-07	1.934519053e-06	6
8.813655198e-07	1.934519053e-06	-6
8.813655198e-07	1.934519053e-06	-6
8.813655198e-07	1.934519053e-06	-6
8.813655198e-07	1.934519053e-06	-6
8.813655198e-07	1.934519053e-06	-6
8.813655198e-07	1.934519053e-06	-6
8.813655198e-07	1.934519053e-06	-6
8.813655198e-07	1.934519053e-06	-6
8.813655198e-07	1.934519053e-06	-6
8.813655198e-07	1.934519053e-06	-6
8.813655198e-07	1.934519053e-06	-6
8.713655198e-07	1.917198545e-06	-6
8.613655198e-07	1.899878037e-06	-6
8.513655198e-07	1.882557529e-06	-6
8.413655198e-07	1.865237021e-06	-6
8.313655198e-07	1.847916512e-06	-6
8.213655198e-07	1.830596004e-06	-6
8.113655198e-07	1.813275496e-06	-6
8.013655198e-07	1.795954988e-06	-6
7.913655198e-07	1.77863448e-06	-6
7.813655198e-07	1.761313972e-06	-6
7.713655198e-07	1.743993464e-06	-6
7.613655198e-07	1.726672956e-06	-6
7.513655198e-07	1.709352448e-06	-6
7.413655198e-07	1.69203194e-06	-6
7.313655198e-07	1.674711432e-06	-6
7.213655198e-07	1.657390924e-06	-6
7.113655198e-07	1.640070416e-06	-6
7.013655198e-07	1.622749907e-06	-6
6.913655198e-07	1.605429399e-06	-6
6.813655198e-07	1.588108891e-06	-6
6.713655198e-07	1.570788383e-06	-6
6.613655198e-07	1.553467875e-06	-6
6.513655198e-07	1.536147367e-06	-6
6.413655198e-07	1.518826859e-06	-6
6.313655198e-07	1.501506351e-06	-6
6.213655198e-07	1.484185843e-06	-6
6.113655198e-07	1.466865335e-06	-6
6.013655198e-07	1.449544827e-06	-6
5.913655198e-07	1.432224319e-06	-6
5.813655198e-07	1.414903811e-06	-6
5.713655198e-07	1.397583302e-06	-6
5.613655198e-07	1.380262794e-06	-6
5.513655198e-07	1.362942286e-06	-6
5.413655198e-07	1.345621778e-06	-6
5.313655198e-07	1.32830127e-06	-6
5.213655198e-07	1.310980762e-06	-6
5.113655198e-07	1.293660254e-06	-6
5.013655198e-07	1.276339746e-06	-6
4.913655198e-07	1.259019238e-06	-6
4.813655198e-07	1.24169873e-06	-6
4.713655198e-07	1.224378222e-06	-6
4.613655198e-07	1.207057714e-06	-6
4.513655198e-07	1.189737206e-06	-6
4.413655198e-07	1.172416698e-06	-6
4.313655198e-07	1.155096189e-06	-6
4.213655198e-07	1.137775681e-06	-6
4.113655198e-07	1.120455173e-06	-6
4.013655198e-07	1.103134665e-06	-6
3.913655198e-07	1.085814157e-06	-6
3.813655198e-07	1.068493649e-06	-6
3.713655198e-07	1.051173141e-06	-6
3.613655198e-07	1.033852633e-06	-6
3.513655198e-07	1.016532125e-06	-6
3.413655198e-07	9.992116168e-07	-6
3.313655198e-07	9.818911087e-07	-6
3.213655198e-07	9.645706006e-07	-6
3.113655198e-07	9.472500925e-07	-6
3.013655198e-07	9.299295844e-07	-6
2.913655198e-07	9.126090764e-07	-6
2.813655198e-07	8.952885683e-07	-6
2.713655198e-07	8.779680602e-07	-6
2.613655198e-07	8.606475521e-07	-6
2.513655198e-07	8.433270441e-07	-6
2.413655198e-07	8.26006536e-07	-6
2.313655198e-07	8.086860279e-07	-6
2.213655198e-07	7.913655198e-07	-6
2.113655198e-07	7.740450118e-07	-6
2.013655198e-07	7.567245037e-07	-6
1.913655198e-07	7.394039956e-07	-6
1.813655198e-07	7.220834875e-07	-6
1.713655198e-07	7.047629795e-07	-6
1.613655198e-07	6.874424714e-07	-6
1.513655198e-07	6.701219633e-07	-6
1.413655198e-07	6.528014552e-07	-6
1.313655198e-07	6.354809472e-07	-6
1.313655198e-07	6.354809472e-07	0
1.140450118e-07	6.454809472e-07	0
1.140450118e-07	6.454809472e-07	-6
1.140450118e-07	6.454809472e-07	-6
1.140450118e-07	6.454809472e-07	-6
1.140450118e-07	6.454809472e-07	-6
1.140450118e-07	6.454809472e-07	-6
1.140450118e-07	6.454809472e-07	-6
1.140450118e-07	6.454809472e-07	-6
1.140450118e-07	6.454809472e-07	-6
1.140450118e-07	6.454809472e-07	-6
1.140450118e-07	6.454809472e-07	-6
1.140450118e-07	6.454809472e-07	-6
1.240450118e-07	6.628014552e-07	-6
1.340450118e-07	6.801219633e-07	-6
1.440450118e-07	6.974424714e-07	-6
1.540450118e-07	7.147629795e-07	-6
1.640450118e-07	7.320834875e-07	-6
1.740450118e-07	7.494039956e-07	-6
1.840450118e-07	7.667245037e-07	-6
1.940450118e-07	7.840450118e-07	-6
2.040450118e-07	8.013655198e-07	-6
2.140450118e-07	8.186860279e-07	-6
2.240450118e-07	8.36006536e-07	-6
2.340450118e-07	8.533270441e-07	-6
2.440450118e-07	8.706475521e-07	-6
2.540450118e-07	8.879680602e-07	-6
2.640450118e-07	9.052885683e-07	-6
2.740450118e-07	9.226090764e-07	-6
2.840450118e-07	9.399295844e-07	-6
2.940450118e-07	9.572500925e-07	-6
3.040450118e-07	9.745706006e-07	-6
3.140450118e-07	9.918911087e-07	-6
3.240450118e-07	1.009211617e-06	-6
3.340450118e-07	1.026532125e-06	-6
3.440450118e-07	1.043852633e-06	-6
3.540450118e-07	1.061173141e-06	-6
3.640450118e-07	1.078493649e-06	-6
3.740450118e-07	1.095814157e-06	-6
3.840450118e-07	1.113134665e-06	-6
3.940450118e-07	1.130455173e-06	-6
4.040450118e-07	1.147775681e-06	-6
4.140450118e-07	1.165096189e-06	-6
4.240450118e-07	1.182416698e-06	-6
4.340450118e-07	1.199737206e-06	-6
4.440450118e-07	1.217057714e-06	-6
4.540450118e-07	1.234378222e-06	-6
4.640450118e-07	1.25169873e-06	-6
4.740450118e-07	1.269019238e-06	-6
4.840450118e-07	1.286339746e-06	-6
4.940450118e-07	1.303660254e-06	-6
5.040450118e-07	1.320980762e-06	-6
5.140450118e-07	1.33830127e-06	-6
5.240450118e-07	1.355621778e-06	-6
5.340450118e-07	1.372942286e-06	-6
5.440450118e-07	1.390262794e-06	-6
5.540450118e-07	1.407583302e-06	-6
5.640450118e-07	1.424903811e-06	-6
5.740450118e-07	1.442224319e-06	-6
5.840450118e-07	1.459544827e-06	-6
5.940450118e-07	1.476865335e-06	-6
6.040450118e-07	1.494185843e-06	-6
6.140450118e-07	1.511506351e-06	-6
6.240450118e-07	1.528826859e-06	-6
6.340450118e-07	1.546147367e-06	-6
6.440450118e-07	1.563467875e-06	-6
6.540450118e-07	1.580788383e-06	-6
6.640450118e-07	1.598108891e-06	-6
6.740450118e-07	1.615429399e-06	-6
6.840450118e-07	1.632749907e-06	-6
6.940450118e-07	1.650070416e-06	-6
7.040450118e-07	1.667390924e-06	-6
7.140450118e-07	1.684711432e-06	-6
7.240450118e-07	1.70203194e-06	-6
7.340450118e-07	1.719352448e-06	-6
7.440450118e-07	1.736672956e-06	-6
7.540450118e-07	1.753993464e-06	-6
7.640450118e-07	1.771313972e-06	-6
7.740450118e-07	1.78863448e-06	-6
7.840450118e-07	1.805954988e-06	-6
7.940450118e-07	1.823275496e-06	-6
8.040450118e-07	1.840596004e-06	-6
8.140450118e-07	1.857916512e-06	-6
8.240450118e-07	1.875237021e-06	-6
8.340450118e-07	1.892557529e-06	-6
8.440450118e-07	1.909878037e-06	-6
8.540450118e-07	1.927198545e-06	-6
8.640450118e-07	1.944519053e-06	-6
8.640450118e-07	1.944519053e-06	6
8.640450118e-07	1.944519053e-06	6
8.640450118e-07	1.944519053e-06	6
8.640450118e-07	1.944519053e-06	6
8.640450118e-07	1.944519053e-06	6
8.640450118e-07	1.944519053e-06	6
8.640450118e-07	1.944519053e-06	6
8.640450118e-07	1.944519053e-06	6
8.640450118e-07	1.944519053e-06	6
8.640450118e-07	1.944519053e-06	6
8.640450118e-07	1.944519053e-06	6
8.540450118e-07	1.927198545e-06	6
8.440450118e-07	1.909878037e-06	6
8.340450118e-07	1.892557529e-06	6
8.240450118e-07	1.875237021e-06	6
8.140450118e-07	1.857916512e-06	6
8.040450118e-07	1.840596004e-06	6
7.940450118e-07	1.823275496e-06	6
7.840450118e-07	1.805954988e-06	6
7.740450118e-07	1.78863448e-06	6
7.640450118e-07	1.771313972e-06	6
7.540450118e-07	1.753993464e-06	6
7.440450118e-07	1.736672956e-06	6
7.340450118e-07	1.719352448e-06	6
7.240450118e-07	1.70203194e-06	6
7.140450118e-07	1.684711432e-06	6
7.040450118e-07	1.667390924e-06	6
6.940450118e-07	1.650070416e-06	6
6.840450118e-07	1.632749907e-06	6
6.740450118e-07	1.615429399e-06	6
6.640450118e-07	1.598108891e-06	6
6.540450118e-07	1.580788383e-06	6
6.440450118e-07	1.563467875e-06	6
6.340450118e-07	1.546147367e-06	6
6.240450118e-07	1.528826859e-06	6
6.140450118e-07	1.511506351e-06	6
6.040450118e-07	1.494185843e-06	6
5.940450118e-07	1.476865335e-06	6
5.840450118e-07	1.459544827e-06	6
5.740450118e-07	1.442224319e-06	6
5.640450118e-07	1.424903811e-06	6
5.540450118e-07	1.407583302e-06	6
5.440450118e-07	1.390262794e-06	6
5.340450118e-07	1.372942286e-06	6
5.240450118e-07	1.355621778e-06	6
5.140450118e-07	1.33830127e-06	6
5.040450118e-07	1.320980762e-06	6
4.940450118e-07	1.303660254e-06	6
4.840450118e-07	1.286339746e-06	6
4.740450118e-07	1.269019238e-06	6
4.640450118e-07	1.25169873e-06	6
4.540450118e-07	1.234378222e-06	6
4.440450118e-07	1.217057714e-06	6
4.340450118e-07	1.199737206e-06	6
4.240450118e-07	1.182416698e-06	6
4.140450118e-07	1.165096189e-06	6
4.040450118e-07	1.147775681e-06	6
3.940450118e-07	1.130455173e-06	6
3.840450118e-07	1.113134665e-06	6
3.740450118e-07	1.095814157e-06	6
3.640450118e-07	1.078493649e-06	6
3.540450118e-07	1.061173141e-06	6
3.440450118e-07	1.043852633e-06	6
3.340450118e-07	1.026532125e-06	6
3.240450118e-07	1.009211617e-06	6
3.140450118e-07	9.918911087e-07	6
3.040450118e-07	9.745706006e-07	6
2.940450118e-07	9.572500925e-07	6
2.840450118e-07	9.399295844e-07	6
2.740450118e-07	9.226090764e-07	6
2.640450118e-07	9.052885683e-07	6
2.540450118e-07	8.879680602e-07	6
2.440450118e-07	8.706475521e-07	6
2.340450118e-07	8.533270441e-07	6
2.240450118e-07	8.36006536e-07	6
2.140450118e-07	8.186860279e-07	6
2.040450118e-07	8.013655198e-07	6
1.940450118e-07	7.840450118e-07	6
1.840450118e-07	7.667245037e-07	6
1.740450118e-07	7.494039956e-07	6
1.640450118e-07	7.320834875e-07	6
1.540450118e-07	7.147629795e-07	6
1.440450118e-07	6.974424714e-07	6
1.340450118e-07	6.801219633e-07	6
1.240450118e-07	6.628014552e-07	6
1.140450118e-07	6.454809472e-07	6
1.140450118e-07	6.454809472e-07	0
1.053847577e-07	6.504809472e-07	0
9.672450369e-08	6.554809472e-07	0
9.672450369e-08	6.554809472e-07	6
9.672450369e-08	6.554809472e-07	6
9.672450369e-08	6.554809472e-07	6
9.672450369e-08	6.554809472e-07	6
9.672450369e-08	6.554809472e-07	6
9.672450369e-08	6.554809472e-07	6
9.672450369e-08	6.554809472e-07	6
9.672450369e-08	6.554809472e-07	6
9.672450369e-08	6.554809472e-07	6
9.672450369e-08	6.554809472e-07	6
9.672450369e-08	6.554809472e-07	6
1.067245037e-07	6.728014552e-07	6
1.167245037e-07	6.901219633e-07	6
1.267245037e-07	7.074424714e-07	6
1.367245037e-07	7.247629795e-07	6
1.467245037e-07	7.420834875e-07	6
1.567245037e-07	7.594039956e-07	6
1.667245037e-07	7.767245037e-07	6
1.767245037e-07	7.940450118e-07	6
1.867245037e-07	8.113655198e-07	6
1.967245037e-07	8.286860279e-07	6
2.067245037e-07	8.46006536e-07	6
2.167245037e-07	8.633270441e-07	6
2.267245037e-07	8.806475521e-07	6
2.367245037e-07	8.979680602e-07	6
2.467245037e-07	9.152885683e-07	6
2.567245037e-07	9.326090764e-07	6
2.667245037e-07	9.499295844e-07	6
2.767245037e-07	9.672500925e-07	6
2.867245037e-07	9.845706006e-07	6
2.967245037e-07	1.001891109e-06	6
3.067245037e-07	1.019211617e-06	6
3.167245037e-07	1.036532125e-06	6
3.267245037e-07	1.053852633e-06	6
3.367245037e-07	1.071173141e-06	6
3.467245037e-07	1.088493649e-06	6
3.567245037e-07	1.105814157e-06	6
3.667245037e-07	1.123134665e-06	6
3.767245037e-07	1.140455173e-06	6
3.867245037e-07	1.157775681e-06	6
3.967245037e-07	1.175096189e-06	6
4.067245037e-07	1.192416698e-06	6
4.167245037e-07	1.209737206e-06	6
4.267245037e-07	1.227057714e-06	6
4.367245037e-07	1.244378222e-06	6
4.467245037e-07	1.26169873e-06	6
4.567245037e-07	1.279019238e-06	6
4.667245037e-07	1.296339746e-06	6
4.767245037e-07	1.313660254e-06	6
4.867245037e-07	1.330980762e-06	6
4.967245037e-07	1.34830127e-06	6
5.067245037e-07	1.365621778e-06	6
5.167245037e-07	1.382942286e-06	6
5.267245037e-07	1.400262794e-06	6
5.367245037e-07	1.417583302e-06	6
5.467245037e-07	1.434903811e-06	6
5.567245037e-07	1.452224319e-06	6
5.667245037e-07	1.469544827e-06	6
5.767245037e-07	1.486865335e-06	6
5.867245037e-07	1.504185843e-06	6
5.967245037e-07	1.521506351e-06	6
6.067245037e-07	1.538826859e-06	6
6.167245037e-07	1.556147367e-06	6
6.267245037e-07	1.573467875e-06	6
6.367245037e-07	1.590788383e-06	6
6.467245037e-07	1.608108891e-06	6
6.567245037e-07	1.625429399e-06	6
6.667245037e-07	1.642749907e-06	6
6.767245037e-07	1.660070416e-06	6
6.867245037e-07	1.677390924e-06	6
6.967245037e-07	1.694711432e-06	6
7.067245037e-07	1.71203194e-06	6
7.167245037e-07	1.729352448e-06	6
7.267245037e-07	1.746672956e-06	6
7.367245037e-07	1.763993464e-06	6
7.467245037e-07	1.781313972e-06	6
7.567245037e-07	1.79863448e-06	6
7.667245037e-07	1.815954988e-06	6
7.767245037e-07	1.833275496e-06	6
7.867245037e-07	1.850596004e-06	6
7.967245037e-07	1.867916512e-06	6
8.067245037e-07	1.885237021e-06	6
8.167245037e-07	1.902557529e-06	6
8.267245037e-07	1.919878037e-06	6
8.367245037e-07	1.937198545e-06	6
8.467245037e-07	1.954519053e-06	6
8.467245037e-07	1.954519053e-06	-6
8.467245037e-07	1.954519053e-06	-6
8.467245037e-07	1.954519053e-06	-6
8.467245037e-07	1.954519053e-06	-6
8.467245037e-07	1.954519053e-06	-6
8.467245037e-07	1.954519053e-06	-6
8.467245037e-07	1.954519053e-06	-6
8.467245037e-07	1.954519053e-06	-6
8.467245037e-07	1.954519053e-06	-6
8.467245037e-07	1.954519053e-06	-6
8.467245037e-07	1.954519053e-06	-6
8.367245037e-07	1.937198545e-06	-6
8.267245037e-07	1.919878037e-06	-6
8.167245037e-07	1.902557529e-06	-6
8.067245037e-07	1.885237021e-06	-6
7.967245037e-07	1.867916512e-06	-6
7.867245037e-07	1.850596004e-06	-6
7.767245037e-07	1.833275496e-06	-6
7.667245037e-07	1.815954988e-06	-6
7.567245037e-07	1.79863448e-06	-6
7.467245037e-07	1.781313972e-06	-6
7.367245037e-07	1.763993464e-06	-6
7.267245037e-07	1.746672956e-06	-6
7.167245037e-07	1.729352448e-06	-6
7.067245037e-07	1.71203194e-06	-6
6.967245037e-07	1.694711432e-06	-6
6.867245037e-07	1.677390924e-06	-6
6.767245037e-07	1.660070416e-06	-6
6.667245037e-07	1.642749907e-06	-6
6.567245037e-07	1.625429399e-06	-6
6.467245037e-07	1.608108891e-06	-6
6.367245037e-07	1.590788383e-06	-6
6.267245037e-07	1.573467875e-06	-6
6.167245037e-07	1.556147367e-06	-6
6.067245037e-07	1.538826859e-06	-6
5.967245037e-07	1.521506351e-06	-6
5.867245037e-07	1.504185843e-06	-6
5.767245037e-07	1.486865335e-06	-6
5.667245037e-07	1.469544827e-06	-6
5.567245037e-07	1.452224319e-06	-6
5.467245037e-07	1.434903811e-06	-6
5.367245037e-07	1.417583302e-06	-6
5.267245037e-07	1.400262794e-06	-6
5.167245037e-07	1.382942286e-06	-6
5.067245037e-07	1.365621778e-06	-6
4.967245037e-07	1.34830127e-06	-6
4.867245037e-07	1.330980762e-06	-6
4.767245037e-07	1.313660254e-06	-6
4.667245037e-07	1.296339746e-06	-6
4.567245037e-07	1.279019238e-06	-6
4.467245037e-07	1.26169873e-06	-6
4.367245037e-07	1.244378222e-06	-6
4.267245037e-07	1.227057714e-06	-6
4.167245037e-07	1.209737206e-06	-6
4.067245037e-07	1.192416698e-06	-6
3.967245037e-07	1.175096189e-06	-6
3.867245037e-07	1.157775681e-06	-6
3.767245037e-07	1.140455173e-06	-6
3.667245037e-07	1.123134665e-06	-6
3.567245037e-07	1.105814157e-06	-6
3.467245037e-07	1.088493649e-06	-6
3.367245037e-07	1.071173141e-06	-6
3.267245037e-07	1.053852633e-06	-6
3.167245037e-07	1.036532125e-06	-6
3.067245037e-07	1.019211617e-06	-6
2.967245037e-07	1.001891109e-06	-6
2.867245037e-07	9.845706006e-07	-6
2.767245037e-07	9.672500925e-07	-6
2.667245037e-07	9.499295844e-07	-6
2.567245037e-07	9.326090764e-07	-6
2.467245037e-07	9.152885683e-07	-6
2.367245037e-07	8.979680602e-07	-6
2.267245037e-07	8.806475521e-07	-6
2.167245037e-07	8.633270441e-07	-6
2.067245037e-07	8.46006536e-07	-6
1.967245037e-07	8.286860279e-07	-6
1.867245037e-07	8.113655198e-07	-6
1.767245037e-07	7.940450118e-07	-6
1.667245037e-07	7.767245037e-07	-6
1.567245037e-07	7.594039956e-07	-6
1.467245037e-07	7.420834875e-07	-6
1.367245037e-07	7.247629795e-07	-6
1.267245037e-07	7.074424714e-07	-6
1.167245037e-07	6.901219633e-07	-6
1.067245037e-07	6.728014552e-07	-6
9.672450369e-08	6.554809472e-07	-6
9.672450369e-08	6.554809472e-07	0
7.940399562e-08	6.654809472e-07	0
7.940399562e-08	6.654809472e-07	-6
7.940399562e-08	6.654809472e-07	-6
7.940399562e-08	6.654809472e-07	-6
7.940399562e-08	6.654809472e-07	-6
7.940399562e-08	6.654809472e-07	-6
7.940399562e-08	6.654809472e-07	-6
7.940399562e-08	6.654809472e-07	-6
7.940399562e-08	6.654809472e-07	-6
7.940399562e-08	6.654809472e-07	-6
7.940399562e-08	6.654809472e-07	-6
7.940399562e-08	6.654809472e-07	-6
8.940399562e-08	6.828014552e-07	-6
9.940399562e-08	7.001219633e-07	-6
1.094039956e-07	7.174424714e-07	-6
1.194039956e-07	7.347629795e-07	-6
1.294039956e-07	7.520834875e-07	-6
1.394039956e-07	7.694039956e-07	-6
1.494039956e-07	7.867245037e-07	-6
1.594039956e-07	8.040450118e-07	-6
1.694039956e-07	8.213655198e-07	-6
1.794039956e-07	8.386860279e-07	-6
1.894039956e-07	8.56006536e-07	-6
1.994039956e-07	8.733270441e-07	-6
2.094039956e-07	8.906475521e-07	-6
2.194039956e-07	9.079680602e-07	-6
2.294039956e-07	9.252885683e-07	-6
2.394039956e-07	9.426090764e-07	-6
2.494039956e-07	9.599295844e-07	-6
2.594039956e-07	9.772500925e-07	-6
2.694039956e-07	9.945706006e-07	-6
2.794039956e-07	1.011891109e-06	-6
2.894039956e-07	1.029211617e-06	-6
2.994039956e-07	1.046532125e-06	-6
3.094039956e-07	1.063852633e-06	-6
3.194039956e-07	1.081173141e-06	-6
3.294039956e-07	1.098493649e-06	-6
3.394039956e-07	1.115814157e-06	-6
3.494039956e-07	1.133134665e-06	-6
3.594039956e-07	1.150455173e-06	-6
3.694039956e-07	1.167775681e-06	-6
3.794039956e-07	1.185096189e-06	-6
3.894039956e-07	1.202416698e-06	-6
3.994039956e-07	1.219737206e-06	-6
4.094039956e-07	1.237057714e-06	-6
4.194039956e-07	1.254378222e-06	-6
4.294039956e-07	1.27169873e-06	-6
4.394039956e-07	1.289019238e-06	-6
4.494039956e-07	1.306339746e-06	-6
4.594039956e-07	1.323660254e-06	-6
4.694039956e-07	1.340980762e-06	-6
4.794039956e-07	1.35830127e-06	-6
4.894039956e-07	1.375621778e-06	-6
4.994039956e-07	1.392942286e-06	-6
5.094039956e-07	1.410262794e-06	-6
5.194039956e-07	1.427583302e-06	-6
5.294039956e-07	1.444903811e-06	-6
5.394039956e-07	1.462224319e-06	-6
5.494039956e-07	1.479544827e-06	-6
5.594039956e-07	1.496865335e-06	-6
5.694039956e-07	1.514185843e-06	-6
5.794039956e-07	1.531506351e-06	-6
5.894039956e-07	1.548826859e-06	-6
5.994039956e-07	1.566147367e-06	-6
6.094039956e-07	1.583467875e-06	-6
6.194039956e-07	1.600788383e-06	-6
6.294039956e-07	1.618108891e-06	-6
6.394039956e-07	1.635429399e-06	-6
6.494039956e-07	1.652749907e-06	-6
6.594039956e-07	1.670070416e-06	-6
6.694039956e-07	1.687390924e-06	-6
6.794039956e-07	1.704711432e-06	-6
6.894039956e-07	1.72203194e-06	-6
6.994039956e-07	1.739352448e-06	-6
7.094039956e-07	1.756672956e-06	-6
7.194039956e-07	1.773993464e-06	-6
7.294039956e-07	1.791313972e-06	-6
7.394039956e-07	1.80863448e-06	-6
7.494039956e-07	1.825954988e-06	-6
7.594039956e-07	1.843275496e-06	-6
7.694039956e-07	1.860596004e-06	-6
7.794039956e-07	1.877916512e-06	-6
7.894039956e-07	1.895237021e-06	-6
7.994039956e-07	1.912557529e-06	-6
8.094039956e-07	1.929878037e-06	-6
8.194039956e-07	1.947198545e-06	-6
8.294039956e-07	1.964519053e-06	-6
8.294039956e-07	1.964519053e-06	6
8.294039956e-07	1.964519053e-06	6
8.294039956e-07	1.964519053e-06	6
8.294039956e-07	1.964519053e-06	6
8.294039956e-07	1.964519053e-06	6
8.294039956e-07	1.964519053e-06	6
8.294039956e-07	1.964519053e-06	6
8.294039956e-07	1.964519053e-06	6
8.294039956e-07	1.964519053e-06	6
8.294039956e-07	1.964519053e-06	6
8.294039956e-07	1.964519053e-06	6
8.194039956e-07	1.947198545e-06	6
8.094039956e-07	1.929878037e-06	6
7.994039956e-07	1.912557529e-06	6
7.894039956e-07	1.895237021e-06	6
7.794039956e-07	1.877916512e-06	6
7.694039956e-07	1.860596004e-06	6
7.594039956e-07	1.843275496e-06	6
7.494039956e-07	1.825954988e-06	6
7.394039956e-07	1.80863448e-06	6
7.294039956e-07	1.791313972e-06	6
7.194039956e-07	1.773993464e-06	6
7.094039956e-07	1.756672956e-06	6
6.994039956e-07	1.739352448e-06	6
6.894039956e-07	1.72203194e-06	6
6.794039956e-07	1.704711432e-06	6
6.694039956e-07	1.687390924e-06	6
6.594039956e-07	1.670070416e-06	6
6.494039956e-07	1.652749907e-06	6
6.394039956e-07	1.635429399e-06	6
6.294039956e-07	1.618108891e-06	6
6.194039956e-07	1.600788383e-06	6
6.094039956e-07	1.583467875e-06	6
5.994039956e-07	1.566147367e-06	6
5.894039956e-07	1.548826859e-06	6
5.794039956e-07	1.531506351e-06	6
5.694039956e-07	1.514185843e-06	6
5.594039956e-07	1.496865335e-06	6
5.494039956e-07	1.479544827e-06	6
5.394039956e-07	1.462224319e-06	6
5.294039956e-07	1.444903811e-06	6
5.194039956e-07	1.427583302e-06	6
5.094039956e-07	1.410262794e-06	6
4.994039956e-07	1.392942286e-06	6
4.894039956e-07	1.375621778e-06	6
4.794039956e-07	1.35830127e-06	6
4.694039956e-07	1.340980762e-06	6
4.594039956e-07	1.323660254e-06	6
4.494039956e-07	1.306339746e-06	6
4.394039956e-07	1.289019238e-06	6
4.294039956e-07	1.27169873e-06	6
4.194039956e-07	1.254378222e-06	6
4.094039956e-07	1.237057714e-06	6
3.994039956e-07	1.219737206e-06	6
3.894039956e-07	1.202416698e-06	6
3.794039956e-07	1.185096189e-06	6
3.694039956e-07	1.167775681e-06	6
3.594039956e-07	1.150455173e-06	6
3.494039956e-07	1.133134665e-06	6
3.394039956e-07	1.115814157e-06	6
3.294039956e-07	1.098493649e-06	6
3.194039956e-07	1.081173141e-06	6
3.094039956e-07	1.063852633e-06	6
2.994039956e-07	1.046532125e-06	6
2.894039956e-07	1.029211617e-06	6
2.794039956e-07	1.011891109e-06	6
2.694039956e-07	9.945706006e-07	6
2.594039956e-07	9.772500925e-07	6
2.494039956e-07	9.599295844e-07	6
2.394039956e-07	9.426090764e-07	6
2.294039956e-07	9.252885683e-07	6
2.194039956e-07	9.079680602e-07	6
2.094039956e-07	8.906475521e-07	6
1.994039956e-07	8.733270441e-07	6
1.894039956e-07	8.56006536e-07	6
1.794039956e-07	8.386860279e-07	6
1.694039956e-07	8.213655198e-07	6
1.594039956e-07	8.040450118e-07	6
1.494039956e-07	7.867245037e-07	6
1.394039956e-07	7.694039956e-07	6
1.294039956e-07	7.520834875e-07	6
1.194039956e-07	7.347629795e-07	6
1.094039956e-07	7.174424714e-07	6
9.940399562e-08	7.001219633e-07	6
8.940399562e-08	6.828014552e-07	6
7.940399562e-08	6.654809472e-07	6
7.940399562e-08	6.654809472e-07	0
6.208348754e-08	6.754809472e-07	0
6.208348754e-08	6.754809472e-07	6
6.208348754e-08	6.754809472e-07	6
6.208348754e-08	6.754809472e-07	6
6.208348754e-08	6.754809472e-07	6
6.208348754e-08	6.754809472e-07	6
6.208348754e-08	6.754809472e-07	6
6.208348754e-08	6.754809472e-07	6
6.208348754e-08	6.754809472e-07	6
6.208348754e-08	6.754809472e-07	6
6.208348754e-08	6.754809472e-07	6
6.208348754e-08	6.754809472e-07	6
7.208348754e-08	6.928014552e-07	6
8.208348754e-08	7.101219633e-07	6
9.208348754e-08	7.274424714e-07	6
1.020834875e-07	7.447629795e-07	6
1.120834875e-07	7.620834875e-07	6
1.220834875e-07	7.794039956e-07	6
1.320834875e-07	7.967245037e-07	6
1.420834875e-07	8.140450118e-07	6
1.520834875e-07	8.313655198e-07	6
1.620834875e-07	8.486860279e-07	6
1.720834875e-07	8.66006536e-07	6
1.820834875e-07	8.833270441e-07	6
1.920834875e-07	9.006475521e-07	6
2.020834875e-07	9.179680602e-07	6
2.120834875e-07	9.352885683e-07	6
2.220834875e-07	9.526090764e-07	6
2.320834875e-07	9.699295844e-07	6
2.420834875e-07	9.872500925e-07	6
2.520834875e-07	1.004570601e-06	6
2.620834875e-07	1.021891109e-06	6
2.720834875e-07	1.039211617e-06	6
2.820834875e-07	1.056532125e-06	6
2.920834875e-07	1.073852633e-06	6
3.020834875e-07	1.091173141e-06	6
3.120834875e-07	1.108493649e-06	6
3.220834875e-07	1.125814157e-06	6
3.320834875e-07	1.143134665e-06	6
3.420834875e-07	1.160455173e-06	6
3.520834875e-07	1.177775681e-06	6
3.620834875e-07	1.195096189e-06	6
3.720834875e-07	1.212416698e-06	6
3.820834875e-07	1.229737206e-06	6
3.920834875e-07	1.247057714e-06	6
4.020834875e-07	1.264378222e-06	6
4.120834875e-07	1.28169873e-06	6
4.220834875e-07	1.299019238e-06	6
4.320834875e-07	1.316339746e-06	6
4.420834875e-07	1.333660254e-06	6
4.520834875e-07	1.350980762e-06	6
4.620834875e-07	1.36830127e-06	6
4.720834875e-07	1.385621778e-06	6
4.820834875e-07	1.402942286e-06	6
4.920834875e-07	1.420262794e-06	6
5.020834875e-07	1.437583302e-06	6
5.120834875e-07	1.454903811e-06	6
5.220834875e-07	1.472224319e-06	6
5.320834875e-07	1.489544827e-06	6
5.420834875e-07	1.506865335e-06	6
5.520834875e-07	1.524185843e-06	6
5.620834875e-07	1.541506351e-06	6
5.720834875e-07	1.558826859e-06	6
5.820834875e-07	1.576147367e-06	6
5.920834875e-07	1.593467875e-06	6
6.020834875e-07	1.610788383e-06	6
6.120834875e-07	1.628108891e-06	6
6.220834875e-07	1.645429399e-06	6
6.320834875e-07	1.662749907e-06	6
6.420834875e-07	1.680070416e-06	6
6.520834875e-07	1.697390924e-06	6
6.620834875e-07	1.714711432e-06	6
6.720834875e-07	1.73203194e-06	6
6.820834875e-07	1.749352448e-06	6
6.920834875e-07	1.766672956e-06	6
7.020834875e-07	1.783993464e-06	6
7.120834875e-07	1.801313972e-06	6
7.220834875e-07	1.81863448e-06	6
7.320834875e-07	1.835954988e-06	6
7.420834875e-07	1.853275496e-06	6
7.520834875e-07	1.870596004e-06	6
7.620834875e-07	1.887916512e-06	6
7.720834875e-07	1.905237021e-06	6
7.820834875e-07	1.922557529e-06	6
7.920834875e-07	1.939878037e-06	6
8.020834875e-07	1.957198545e-06	6
8.120834875e-07	1.974519053e-06	6
8.120834875e-07	1.974519053e-06	-6
8.120834875e-07	1.974519053e-06	-6
8.120834875e-07	1.974519053e-06	-6
8.120834875e-07	1.974519053e-06	-6
8.120834875e-07	1.974519053e-06	-6
8.120834875e-07	1.974519053e-06	-6
8.120834875e-07	1.974519053e-06	-6
8.120834875e-07	1.974519053e-06	-6
8.120834875e-07	1.974519053e-06	-6
8.120834875e-07	1.974519053e-06	-6
8.120834875e-07	1.974519053e-06	-6
8.020834875e-07	1.957198545e-06	-6
7.920834875e-07	1.939878037e-06	-6
7.820834875e-07	1.922557529e-06	-6
7.720834875e-07	1.905237021e-06	-6
7.620834875e-07	1.887916512e-06	-6
7.520834875e-07	1.870596004e-06	-6
7.420834875e-07	1.853275496e-06	-6
7.320834875e-07	1.835954988e-06	-6
7.220834875e-07	1.81863448e-06	-6
7.120834875e-07	1.801313972e-06	-6
7.020834875e-07	1.783993464e-06	-6
6.920834875e-07	1.766672956e-06	-6
6.820834875e-07	1.749352448e-06	-6
6.720834875e-07	1.73203194e-06	-6
6.620834875e-07	1.714711432e-06	-6
6.520834875e-07	1.697390924e-06	-6
6.420834875e-07	1.680070416e-06	-6
6.320834875e-07	1.662749907e-06	-6
6.220834875e-07	1.645429399e-06	-6
6.120834875e-07	1.628108891e-06	-6
6.020834875e-07	1.610788383e-06	-6
5.920834875e-07	1.593467875e-06	-6
5.820834875e-07	1.576147367e-06	-6
5.720834875e-07	1.558826859e-06	-6
5.620834875e-07	1.541506351e-06	-6
5.520834875e-07	1.524185843e-06	-6
5.420834875e-07	1.506865335e-06	-6
5.320834875e-07	1.489544827e-06	-6
5.220834875e-07	1.472224319e-06	-6
5.120834875e-07	1.454903811e-06	-6
5.020834875e-07	1.437583302e-06	-6
4.920834875e-07	1.420262794e-06	-6
4.820834875e-07	1.402942286e-06	-6
4.720834875e-07	1.385621778e-06	-6
4.620834875e-07	1.36830127e-06	-6
4.520834875e-07	1.350980762e-06	-6
4.420834875e-07	1.333660254e-06	-6
4.320834875e-07	1.316339746e-06	-6
4.220834875e-07	1.299019238e-06	-6
4.120834875e-07	1.28169873e-06	-6
4.020834875e-07	1.264378222e-06	-6
3.920834875e-07	1.247057714e-06	-6
3.820834875e-07	1.229737206e-06	-6
3.720834875e-07	1.212416698e-06	-6
3.620834875e-07	1.195096189e-06	-6
3.520834875e-07	1.177775681e-06	-6
3.420834875e-07	1.160455173e-06	-6
3.320834875e-07	1.143134665e-06	-6
3.220834875e-07	1.125814157e-06	-6
3.120834875e-07	1.108493649e-06	-6
3.020834875e-07	1.091173141e-06	-6
2.920834875e-07	1.073852633e-06	-6
2.820834875e-07	1.056532125e-06	-6
2.720834875e-07	1.039211617e-06	-6
2.620834875e-07	1.021891109e-06	-6
2.520834875e-07	1.004570601e-06	-6
2.420834875e-07	9.872500925e-07	-6
2.320834875e-07	9.699295844e-07	-6
2.220834875e-07	9.526090764e-07	-6
2.120834875e-07	9.352885683e-07	-6
2.020834875e-07	9.179680602e-07	-6
1.920834875e-07	9.006475521e-07	-6
1.820834875e-07	8.833270441e-07	-6
1.720834875e-07	8.66006536e-07	-6
1.620834875e-07	8.486860279e-07	-6
1.520834875e-07	8.313655198e-07	-6
1.420834875e-07	8.140450118e-07	-6
1.320834875e-07	7.967245037e-07	-6
1.220834875e-07	7.794039956e-07	-6
1.120834875e-07	7.620834875e-07	-6
1.020834875e-07	7.447629795e-07	-6
9.208348754e-08	7.274424714e-07	-6
8.208348754e-08	7.101219633e-07	-6
7.208348754e-08	6.928014552e-07	-6
6.208348754e-08	6.754809472e-07	-6
6.208348754e-08	6.754809472e-07	0
4.476297946e-08	6.854809472e-07	0
4.476297946e-08	6.854809472e-07	-6
4.476297946e-08	6.854809472e-07	-6
4.476297946e-08	6.854809472e-07	-6
4.476297946e-08	6.854809472e-07	-6
4.476297946e-08	6.854809472e-07	-6
4.476297946e-08	6.854809472e-07	-6
4.476297946e-08	6.854809472e-07	-6
4.476297946e-08	6.854809472e-07	-6
4.476297946e-08	6.854809472e-07	-6
4.476297946e-08	6.854809472e-07	-6
4.476297946e-08	6.854809472e-07	-6
5.476297946e-08	7.028014552e-07	-6
6.476297946e-08	7.201219633e-07	-6
7.476297946e-08	7.374424714e-07	-6
8.476297946e-08	7.547629795e-07	-6
9.476297946e-08	7.720834875e-07	-6
1.047629795e-07	7.894039956e-07	-6
1.147629795e-07	8.067245037e-07	-6
1.247629795e-07	8.240450118e-07	-6
1.347629795e-07	8.413655198e-07	-6
1.447629795e-07	8.586860279e-07	-6
1.547629795e-07	8.76006536e-07	-6
1.647629795e-07	8.933270441e-07	-6
1.747629795e-07	9.106475521e-07	-6
1.847629795e-07	9.279680602e-07	-6
1.947629795e-07	9.452885683e-07	-6
2.047629795e-07	9.626090764e-07	-6
2.147629795e-07	9.799295844e-07	-6
2.247629795e-07	9.972500925e-07	-6
2.347629795e-07	1.014570601e-06	-6
2.447629795e-07	1.031891109e-06	-6
2.547629795e-07	1.049211617e-06	-6
2.647629795e-07	1.066532125e-06	-6
2.747629795e-07	1.083852633e-06	-6
2.847629795e-07	1.101173141e-06	-6
2.947629795e-07	1.118493649e-06	-6
3.047629795e-07	1.135814157e-06	-6
3.147629795e-07	1.153134665e-06	-6
3.247629795e-07	1.170455173e-06	-6
3.347629795e-07	1.187775681e-06	-6
3.447629795e-07	1.205096189e-06	-6
3.547629795e-07	1.222416698e-06	-6
3.647629795e-07	1.239737206e-06	-6
3.747629795e-07	1.257057714e-06	-6
3.847629795e-07	1.274378222e-06	-6
3.947629795e-07	1.29169873e-06	-6
4.047629795e-07	1.309019238e-06	-6
4.147629795e-07	1.326339746e-06	-6
4.247629795e-07	1.343660254e-06	-6
4.347629795e-07	1.360980762e-06	-6
4.447629795e-07	1.37830127e-06	-6
4.547629795e-07	1.395621778e-06	-6
4.647629795e-07	1.412942286e-06	-6
4.747629795e-07	1.430262794e-06	-6
4.847629795e-07	1.447583302e-06	-6
4.947629795e-07	1.464903811e-06	-6
5.047629795e-07	1.482224319e-06	-6
5.147629795e-07	1.499544827e-06	-6
5.247629795e-07	1.516865335e-06	-6
5.347629795e-07	1.534185843e-06	-6
5.447629795e-07	1.551506351e-06	-6
5.547629795e-07	1.568826859e-06	-6
5.647629795e-07	1.586147367e-06	-6
5.747629795e-07	1.603467875e-06	-6
5.847629795e-07	1.620788383e-06	-6
5.947629795e-07	1.638108891e-06	-6
6.047629795e-07	1.655429399e-06	-6
6.147629795e-07	1.672749907e-06	-6
6.247629795e-07	1.690070416e-06	-6
6.347629795e-07	1.707390924e-06	-6
6.447629795e-07	1.724711432e-06	-6
6.547629795e-07	1.74203194e-06	-6
6.647629795e-07	1.759352448e-06	-6
6.747629795e-07	1.776672956e-06	-6
6.847629795e-07	1.793993464e-06	-6
6.947629795e-07	1.811313972e-06	-6
7.047629795e-07	1.82863448e-06	-6
7.147629795e-07	1.845954988e-06	-6
7.247629795e-07	1.863275496e-06	-6
7.347629795e-07	1.880596004e-06	-6
7.447629795e-07	1.897916512e-06	-6
7.547629795e-07	1.915237021e-06	-6
7.647629795e-07	1.932557529e-06	-6
7.747629795e-07	1.949878037e-06	-6
7.847629795e-07	1.967198545e-06	-6
7.947629795e-07	1.984519053e-06	-6
7.947629795e-07	1.984519053e-06	6
7.947629795e-07	1.984519053e-06	6
7.947629795e-07	1.984519053e-06	6
7.947629795e-07	1.984519053e-06	6
7.947629795e-07	1.984519053e-06	6
7.947629795e-07	1.984519053e-06	6
7.947629795e-07	1.984519053e-06	6
7.947629795e-07	1.984519053e-06	6
7.947629795e-07	1.984519053e-06	6
7.947629795e-07	1.984519053e-06	6
7.947629795e-07	1.984519053e-06	6
7.847629795e-07	1.967198545e-06	6
7.747629795e-07	1.949878037e-06	6
7.647629795e-07	1.932557529e-06	6
7.547629795e-07	1.915237021e-06	6
7.447629795e-07	1.897916512e-06	6
7.347629795e-07	1.880596004e-06	6
7.247629795e-07	1.863275496e-06	6
7.147629795e-07	1.845954988e-06	6
7.047629795e-07	1.82863448e-06	6
6.947629795e-07	1.811313972e-06	6
6.847629795e-07	1.793993464e-06	6
6.747629795e-07	1.776672956e-06	6
6.647629795e-07	1.759352448e-06	6
6.547629795e-07	1.74203194e-06	6
6.447629795e-07	1.724711432e-06	6
6.347629795e-07	1.707390924e-06	6
6.247629795e-07	1.690070416e-06	6
6.147629795e-07	1.672749907e-06	6
6.047629795e-07	1.655429399e-06	6
5.947629795e-07	1.638108891e-06	6
5.847629795e-07	1.620788383e-06	6
5.747629795e-07	1.603467875e-06	6
5.647629795e-07	1.586147367e-06	6
5.547629795e-07	1.568826859e-06	6
5.447629795e-07	1.551506351e-06	6
5.347629795e-07	1.534185843e-06	6
5.247629795e-07	1.516865335e-06	6
5.147629795e-07	1.499544827e-06	6
5.047629795e-07	1.482224319e-06	6
4.947629795e-07	1.464903811e-06	6
4.847629795e-07	1.447583302e-06	6
4.747629795e-07	1.430262794e-06	6
4.647629795e-07	1.412942286e-06	6
4.547629795e-07	1.395621778e-06	6
4.447629795e-07	1.37830127e-06	6
4.347629795e-07	1.360980762e-06	6
4.247629795e-07	1.343660254e-06	6
4.147629795e-07	1.326339746e-06	6
4.047629795e-07	1.309019238e-06	6
3.947629795e-07	1.29169873e-06	6
3.847629795e-07	1.274378222e-06	6
3.747629795e-07	1.257057714e-06	6
3.647629795e-07	1.239737206e-06	6
3.547629795e-07	1.222416698e-06	6
3.447629795e-07	1.205096189e-06	6
3.347629795e-07	1.187775681e-06	6
3.247629795e-07	1.170455173e-06	6
3.147629795e-07	1.153134665e-06	6
3.047629795e-07	1.135814157e-06	6
2.947629795e-07	1.118493649e-06	6
2.847629795e-07	1.101173141e-06	6
2.747629795e-07	1.083852633e-06	6
2.647629795e-07	1.066532125e-06	6
2.547629795e-07	1.049211617e-06	6
2.447629795e-07	1.031891109e-06	6
2.347629795e-07	1.014570601e-06	6
2.247629795e-07	9.972500925e-07	6
2.147629795e-07	9.799295844e-07	6
2.047629795e-07	9.626090764e-07	6
1.947629795e-07	9.452885683e-07	6
1.847629795e-07	9.279680602e-07	6
1.747629795e-07	9.106475521e-07	6
1.647629795e-07	8.933270441e-07	6
1.547629795e-07	8.76006536e-07	6
1.447629795e-07	8.586860279e-07	6
1.347629795e-07	8.413655198e-07	6
1.247629795e-07	8.240450118e-07	6
1.147629795e-07	8.067245037e-07	6
1.047629795e-07	7.894039956e-07	6
9.476297946e-08	7.720834875e-07	6
8.476297946e-08	7.547629795e-07	6
7.476297946e-08	7.374424714e-07	6
6.476297946e-08	7.201219633e-07	6
5.476297946e-08	7.028014552e-07	6
4.476297946e-08	6.854809472e-07	6
4.476297946e-08	6.854809472e-07	0
2.744247139e-08	6.954809472e-07	0
2.744247139e-08	6.954809472e-07	6
2.744247139e-08	6.954809472e-07	6
2.744247139e-08	6.954809472e-07	6
2.744247139e-08	6.954809472e-07	6
2.744247139e-08	6.954809472e-07	6
2.744247139e-08	6.954809472e-07	6
2.744247139e-08	6.954809472e-07	6
2.744247139e-08	6.954809472e-07	6
2.744247139e-08	6.954809472e-07	6
2.744247139e-08	6.954809472e-07	6
2.744247139e-08	6.954809472e-07	6
3.744247139e-08	7.128014552e-07	6
4.744247139e-08	7.301219633e-07	6
5.744247139e-08	7.474424714e-07	6
6.744247139e-08	7.647629795e-07	6
7.744247139e-08	7.820834875e-07	6
8.744247139e-08	7.994039956e-07	6
9.744247139e-08	8.167245037e-07	6
1.074424714e-07	8.340450118e-07	6
1.174424714e-07	8.513655198e-07	6
1.274424714e-07	8.686860279e-07	6
1.374424714e-07	8.86006536e-07	6
1.474424714e-07	9.033270441e-07	6
1.574424714e-07	9.206475521e-07	6
1.674424714e-07	9.379680602e-07	6
1.774424714e-07	9.552885683e-07	6
1.874424714e-07	9.726090764e-07	6
1.974424714e-07	9.899295844e-07	6
2.074424714e-07	1.007250093e-06	6
2.174424714e-07	1.024570601e-06	6
2.274424714e-07	1.041891109e-06	6
2.374424714e-07	1.059211617e-06	6
2.474424714e-07	1.076532125e-06	6
2.574424714e-07	1.093852633e-06	6
2.674424714e-07	1.111173141e-06	6
2.774424714e-07	1.128493649e-06	6
2.874424714e-07	1.145814157e-06	6
2.974424714e-07	1.163134665e-06	6
3.074424714e-07	1.180455173e-06	6
3.174424714e-07	1.197775681e-06	6
3.274424714e-07	1.215096189e-06	6
3.374424714e-07	1.232416698e-06	6
3.474424714e-07	1.249737206e-06	6
3.574424714e-07	1.267057714e-06	6
3.674424714e-07	1.284378222e-06	6
3.774424714e-07	1.30169873e-06	6
3.874424714e-07	1.319019238e-06	6
3.974424714e-07	1.336339746e-06	6
4.074424714e-07	1.353660254e-06	6
4.174424714e-07	1.370980762e-06	6
4.274424714e-07	1.38830127e-06	6
4.374424714e-07	1.405621778e-06	6
4.474424714e-07	1.422942286e-06	6
4.574424714e-07	1.440262794e-06	6
4.674424714e-07	1.457583302e-06	6
4.774424714e-07	1.474903811e-06	6
4.874424714e-07	1.492224319e-06	6
4.974424714e-07	1.509544827e-06	6
5.074424714e-07	1.526865335e-06	6
5.174424714e-07	1.544185843e-06	6
5.274424714e-07	1.561506351e-06	6
5.374424714e-07	1.578826859e-06	6
5.474424714e-07	1.596147367e-06	6
5.574424714e-07	1.613467875e-06	6
5.674424714e-07	1.630788383e-06	6
5.774424714e-07	1.648108891e-06	6
5.874424714e-07	1.665429399e-06	6
5.974424714e-07	1.682749907e-06	6
6.074424714e-07	1.700070416e-06	6
6.174424714e-07	1.717390924e-06	6
6.274424714e-07	1.734711432e-06	6
6.374424714e-07	1.75203194e-06	6
6.474424714e-07	1.769352448e-06	6
6.574424714e-07	1.786672956e-06	6
6.674424714e-07	1.803993464e-06	6
6.774424714e-07	1.821313972e-06	6
6.874424714e-07	1.83863448e-06	6
6.974424714e-07	1.855954988e-06	6
7.074424714e-07	1.873275496e-06	6
7.174424714e-07	1.890596004e-06	6
7.274424714e-07	1.907916512e-06	6
7.374424714e-07	1.925237021e-06	6
7.474424714e-07	1.942557529e-06	6
7.574424714e-07	1.959878037e-06	6
7.674424714e-07	1.977198545e-06	6
7.774424714e-07	1.994519053e-06	6
7.774424714e-07	1.994519053e-06	-6
7.774424714e-07	1.994519053e-06	-6
7.774424714e-07	1.994519053e-06	-6
7.774424714e-07	1.994519053e-06	-6
7.774424714e-07	1.994519053e-06	-6
7.774424714e-07	1.994519053e-06	-6
7.774424714e-07	1.994519053e-06	-6
7.774424714e-07	1.994519053e-06	-6
7.774424714e-07	1.994519053e-06	-6
7.774424714e-07	1.994519053e-06	-6
7.774424714e-07	1.994519053e-06	-6
7.674424714e-07	1.977198545e-06	-6
7.574424714e-07	1.959878037e-06	-6
7.474424714e-07	1.942557529e-06	-6
7.374424714e-07	1.925237021e-06	-6
7.274424714e-07	1.907916512e-06	-6
7.174424714e-07	1.890596004e-06	-6
7.074424714e-07	1.873275496e-06	-6
6.974424714e-07	1.855954988e-06	-6
6.874424714e-07	1.83863448e-06	-6
6.774424714e-07	1.821313972e-06	-6
6.674424714e-07	1.803993464e-06	-6
6.574424714e-07	1.786672956e-06	-6
6.474424714e-07	1.769352448e-06	-6
6.374424714e-07	1.75203194e-06	-6
6.274424714e-07	1.734711432e-06	-6
6.174424714e-07	1.717390924e-06	-6
6.074424714e-07	1.700070416e-06	-6
5.974424714e-07	1.682749907e-06	-6
5.874424714e-07	1.665429399e-06	-6
5.774424714e-07	1.648108891e-06	-6
5.674424714e-07	1.630788383e-06	-6
5.574424714e-07	1.613467875e-06	-6
5.474424714e-07	1.596147367e-06	-6
5.374424714e-07	1.578826859e-06	-6
5.274424714e-07	1.561506351e-06	-6
5.174424714e-07	1.544185843e-06	-6
5.074424714e-07	1.526865335e-06	-6
4.974424714e-07	1.509544827e-06	-6
4.874424714e-07	1.492224319e-06	-6
4.774424714e-07	1.474903811e-06	-6
4.674424714e-07	1.457583302e-06	-6
4.574424714e-07	1.440262794e-06	-6
4.474424714e-07	1.422942286e-06	-6
4.374424714e-07	1.405621778e-06	-6
4.274424714e-07	1.38830127e-06	-6
4.174424714e-07	1.370980762e-06	-6
4.074424714e-07	1.353660254e-06	-6
3.974424714e-07	1.336339746e-06	-6
3.874424714e-07	1.319019238e-06	-6
3.774424714e-07	1.30169873e-06	-6
3.674424714e-07	1.284378222e-06	-6
3.574424714e-07	1.267057714e-06	-6
3.474424714e-07	1.249737206e-06	-6
3.374424714e-07	1.232416698e-06	-6
3.274424714e-07	1.215096189e-06	-6
3.174424714e-07	1.197775681e-06	-6
3.074424714e-07	1.180455173e-06	-6
2.974424714e-07	1.163134665e-06	-6
2.874424714e-07	1.145814157e-06	-6
2.774424714e-07	1.128493649e-06	-6
2.674424714e-07	1.111173141e-06	-6
2.574424714e-07	1.093852633e-06	-6
2.474424714e-07	1.076532125e-06	-6
2.374424714e-07	1.059211617e-06	-6
2.274424714e-07	1.041891109e-06	-6
2.174424714e-07	1.024570601e-06	-6
2.074424714e-07	1.007250093e-06	-6
1.974424714e-07	9.899295844e-07	-6
1.874424714e-07	9.726090764e-07	-6
1.774424714e-07	9.552885683e-07	-6
1.674424714e-07	9.379680602e-07	-6
1.574424714e-07	9.206475521e-07	-6
1.474424714e-07	9.033270441e-07	-6
1.374424714e-07	8.86006536e-07	-6
1.274424714e-07	8.686860279e-07	-6
1.174424714e-07	8.513655198e-07	-6
1.074424714e-07	8.340450118e-07	-6
9.744247139e-08	8.167245037e-07	-6
8.744247139e-08	7.994039956e-07	-6
7.744247139e-08	7.820834875e-07	-6
6.744247139e-08	7.647629795e-07	-6
5.744247139e-08	7.474424714e-07	-6
4.744247139e-08	7.301219633e-07	-6
3.744247139e-08	7.128014552e-07	-6
2.744247139e-08	6.954809472e-07	-6
2.744247139e-08	6.954809472e-07	0
1.878221735e-08	7.004809472e-07	0
1.012196331e-08	7.054809472e-07	0
1.012196331e-08	7.054809472e-07	-6
1.012196331e-08	7.054809472e-07	-6
1.012196331e-08	7.054809472e-07	-6
1.012196331e-08	7.054809472e-07	-6
1.012196331e-08	7.054809472e-07	-6
1.012196331e-08	7.054809472e-07	-6
1.012196331e-08	7.054809472e-07	-6
1.012196331e-08	7.054809472e-07	-6
1.012196331e-08	7.054809472e-07	-6
1.012196331e-08	7.054809472e-07	-6
1.012196331e-08	7.054809472e-07	-6
2.012196331e-08	7.228014552e-07	-6
3.012196331e-08	7.401219633e-07	-6
4.012196331e-08	7.574424714e-07	-6
5.012196331e-08	7.747629795e-07	-6
6.012196331e-08	7.920834875e-07	-6
7.012196331e-08	8.094039956e-07	-6
8.012196331e-08	8.267245037e-07	-6
9.012196331e-08	8.440450118e-07	-6
1.001219633e-07	8.613655198e-07	-6
1.101219633e-07	8.786860279e-07	-6
1.201219633e-07	8.96006536e-07	-6
1.301219633e-07	9.133270441e-07	-6
1.401219633e-07	9.306475521e-07	-6
1.501219633e-07	9.479680602e-07	-6
1.601219633e-07	9.652885683e-07	-6
1.701219633e-07	9.826090764e-07	-6
1.801219633e-07	9.999295844e-07	-6
1.901219633e-07	1.017250093e-06	-6
2.001219633e-07	1.034570601e-06	-6
2.101219633e-07	1.051891109e-06	-6
2.201219633e-07	1.069211617e-06	-6
2.301219633e-07	1.086532125e-06	-6
2.401219633e-07	1.103852633e-06	-6
2.501219633e-07	1.121173141e-06	-6
2.601219633e-07	1.138493649e-06	-6
2.701219633e-07	1.155814157e-06	-6
2.801219633e-07	1.173134665e-06	-6
2.901219633e-07	1.190455173e-06	-6
3.001219633e-07	1.207775681e-06	-6
3.101219633e-07	1.225096189e-06	-6
3.201219633e-07	1.242416698e-06	-6
3.301219633e-07	1.259737206e-06	-6
3.401219633e-07	1.277057714e-06	-6
3.501219633e-07	1.294378222e-06	-6
3.601219633e-07	1.31169873e-06	-6
3.701219633e-07	1.329019238e-06	-6
3.801219633e-07	1.346339746e-06	-6
3.901219633e-07	1.363660254e-06	-6
4.001219633e-07	1.380980762e-06	-6
4.101219633e-07	1.39830127e-06	-6
4.201219633e-07	1.415621778e-06	-6
4.301219633e-07	1.432942286e-06	-6
4.401219633e-07	1.450262794e-06	-6
4.501219633e-07	1.467583302e-06	-6
4.601219633e-07	1.484903811e-06	-6
4.701219633e-07	1.502224319e-06	-6
4.801219633e-07	1.519544827e-06	-6
4.901219633e-07	1.536865335e-06	-6
5.001219633e-07	1.554185843e-06	-6
5.101219633e-07	1.571506351e-06	-6
5.201219633e-07	1.588826859e-06	-6
5.301219633e-07	1.606147367e-06	-6
5.401219633e-07	1.623467875e-06	-6
5.501219633e-07	1.640788383e-06	-6
5.601219633e-07	1.658108891e-06	-6
5.701219633e-07	1.675429399e-06	-6
5.801219633e-07	1.692749907e-06	-6
5.901219633e-07	1.710070416e-06	-6
6.001219633e-07	1.727390924e-06	-6
6.101219633e-07	1.744711432e-06	-6
6.201219633e-07	1.76203194e-06	-6
6.301219633e-07	1.779352448e-06	-6
6.401219633e-07	1.796672956e-06	-6
6.501219633e-07	1.813993464e-06	-6
6.601219633e-07	1.831313972e-06	-6
6.701219633e-07	1.84863448e-06	-6
6.801219633e-07	1.865954988e-06	-6
6.901219633e-07	1.883275496e-06	-6
7.001219633e-07	1.900596004e-06	-6
7.101219633e-07	1.917916512e-06	-6
7.201219633e-07	1.935237021e-06	-6
7.301219633e-07	1.952557529e-06	-6
7.401219633e-07	1.969878037e-06	-6
7.501219633e-07	1.987198545e-06	-6
7.601219633e-07	2.004519053e-06	-6
7.601219633e-07	2.004519053e-06	6
7.601219633e-07	2.004519053e-06	6
7.601219633e-07	2.004519053e-06	6
7.601219633e-07	2.004519053e-06	6
7.601219633e-07	2.004519053e-06	6
7.601219633e-07	2.004519053e-06	6
7.601219633e-07	2.004519053e-06	6
7.601219633e-07	2.004519053e-06	6
7.601219633e-07	2.004519053e-06	6
7.601219633e-07	2.004519053e-06	6
7.601219633e-07	2.004519053e-06	6
7.501219633e-07	1.987198545e-06	6
7.401219633e-07	1.969878037e-06	6
7.301219633e-07	1.952557529e-06	6
7.201219633e-07	1.935237021e-06	6
7.101219633e-07	1.917916512e-06	6
7.001219633e-07	1.900596004e-06	6
6.901219633e-07	1.883275496e-06	6
6.801219633e-07	1.865954988e-06	6
6.701219633e-07	1.84863448e-06	6
6.601219633e-07	1.831313972e-06	6
6.501219633e-07	1.813993464e-06	6
6.401219633e-07	1.796672956e-06	6
6.301219633e-07	1.779352448e-06	6
6.201219633e-07	1.76203194e-06	6
6.101219633e-07	1.744711432e-06	6
6.001219633e-07	1.727390924e-06	6
5.901219633e-07	1.710070416e-06	6
5.801219633e-07	1.692749907e-06	6
5.701219633e-07	1.675429399e-06	6
5.601219633e-07	1.658108891e-06	6
5.501219633e-07	1.640788383e-06	6
5.401219633e-07	1.623467875e-06	6
5.301219633e-07	1.606147367e-06	6
5.201219633e-07	1.588826859e-06	6
5.101219633e-07	1.571506351e-06	6
5.001219633e-07	1.554185843e-06	6
4.901219633e-07	1.536865335e-06	6
4.801219633e-07	1.519544827e-06	6
4.701219633e-07	1.502224319e-06	6
4.601219633e-07	1.484903811e-06	6
4.501219633e-07	1.467583302e-06	6
4.401219633e-07	1.450262794e-06	6
4.301219633e-07	1.432942286e-06	6
4.201219633e-07	1.415621778e-06	6
4.101219633e-07	1.39830127e-06	6
4.001219633e-07	1.380980762e-06	6
3.901219633e-07	1.363660254e-06	6
3.801219633e-07	1.346339746e-06	6
3.701219633e-07	1.329019238e-06	6
3.601219633e-07	1.31169873e-06	6
3.501219633e-07	1.294378222e-06	6
3.401219633e-07	1.277057714e-06	6
3.301219633e-07	1.259737206e-06	6
3.201219633e-07	1.242416698e-06	6
3.101219633e-07	1.225096189e-06	6
3.001219633e-07	1.207775681e-06	6
2.901219633e-07	1.190455173e-06	6
2.801219633e-07	1.173134665e-06	6
2.701219633e-07	1.155814157e-06	6
2.601219633e-07	1.138493649e-06	6
2.501219633e-07	1.121173141e-06	6
2.401219633e-07	1.103852633e-06	6
2.301219633e-07	1.086532125e-06	6
2.201219633e-07	1.069211617e-06	6
2.101219633e-07	1.051891109e-06	6
2.001219633e-07	1.034570601e-06	6
1.901219633e-07	1.017250093e-06	6
1.801219633e-07	9.999295844e-07	6
1.701219633e-07	9.826090764e-07	6
1.601219633e-07	9.652885683e-07	6
1.501219633e-07	9.479680602e-07	6
1.401219633e-07	9.306475521e-07	6
1.301219633e-07	9.133270441e-07	6
1.201219633e-07	8.96006536e-07	6
1.101219633e-07	8.786860279e-07	6
1.001219633e-07	8.613655198e-07	6
9.012196331e-08	8.440450118e-07	6
8.012196331e-08	8.267245037e-07	6
7.012196331e-08	8.094039956e-07	6
6.012196331e-08	7.920834875e-07	6
5.012196331e-08	7.747629795e-07	6
4.012196331e-08	7.574424714e-07	6
3.012196331e-08	7.401219633e-07	6
2.012196331e-08	7.228014552e-07	6
1.012196331e-08	7.054809472e-07	6
1.012196331e-08	7.054809472e-07	0
-7.198544763e-09	7.154809472e-07	0
-7.198544763e-09	7.154809472e-07	6
-7.198544763e-09	7.154809472e-07	6
-7.198544763e-09	7.154809472e-07	6
-7.198544763e-09	7.154809472e-07	6
-7.198544763e-09	7.154809472e-07	6
-7.198544763e-09	7.154809472e-07	6
-7.198544763e-09	7.154809472e-07	6
-7.198544763e-09	7.154809472e-07	6
-7.198544763e-09	7.154809472e-07	6
-7.198544763e-09	7.154809472e-07	6
-7.198544763e-09	7.154809472e-07	6
2.66987629e-09	7.325735538e-07	6
1.253829734e-08	7.496661605e-07	6
2.24067184e-08	7.667587671e-07	6
3.227513945e-08	7.838513738e-07	6
4.21435605e-08	8.009439804e-07	6
5.201198155e-08	8.180365871e-07	6
6.188040261e-08	8.351291937e-07	6
7.174882366e-08	8.522218004e-07	6
8.161724471e-08	8.69314407e-07	6
9.148566576e-08	8.864070137e-07	6
1.013540868e-07	9.034996204e-07	6
1.112225079e-07	9.20592227e-07	6
1.210909289e-07	9.376848337e-07	6
1.3095935e-07	9.547774403e-07	6
1.40827771e-07	9.71870047e-07	6
1.506961921e-07	9.889626536e-07	6
1.605646131e-07	1.00605526e-06	6
1.704330342e-07	1.023147867e-06	6
1.803014552e-07	1.040240474e-06	6
1.901698763e-07	1.05733308e-06	6
2.000382973e-07	1.074425687e-06	6
2.099067184e-07	1.091518294e-06	6
2.197751394e-07	1.1086109e-06	6
2.296435605e-07	1.125703507e-06	6
2.395119816e-07	1.142796114e-06	6
2.493804026e-07	1.15988872e-06	6
2.592488237e-07	1.176981327e-06	6
2.691172447e-07	1.194073933e-06	6
2.789856658e-07	1.21116654e-06	6
2.888540868e-07	1.228259147e-06	6
2.987225079e-07	1.245351753e-06	6
3.085909289e-07	1.26244436e-06	6
3.1845935e-07	1.279536967e-06	6
3.28327771e-07	1.296629573e-06	6
3.381961921e-07	1.31372218e-06	6
3.480646131e-07	1.330814787e-06	6
3.579330342e-07	1.347907393e-06	6
3.678014552e-07	1.365e-06	6
3.776698763e-07	1.382092607e-06	6
3.875382973e-07	1.399185213e-06	6
3.974067184e-07	1.41627782e-06	6
4.072751394e-07	1.433370427e-06	6
4.171435605e-07	1.450463033e-06	6
4.270119816e-07	1.46755564e-06	6
4.368804026e-07	1.484648247e-06	6
4.467488237e-07	1.501740853e-06	6
4.566172447e-07	1.51883346e-06	6
4.664856658e-07	1.535926067e-06	6
4.763540868e-07	1.553018673e-06	6
4.862225079e-07	1.57011128e-06	6
4.960909289e-07	1.587203886e-06	6
5.0595935e-07	1.604296493e-06	6
5.15827771e-07	1.6213891e-06	6
5.256961921e-07	1.638481706e-06	6
5.355646131e-07	1.655574313e-06	6
5.454330342e-07	1.67266692e-06	6
5.553014552e-07	1.689759526e-06	6
5.651698763e-07	1.706852133e-06	6
5.750382973e-07	1.72394474e-06	6
5.849067184e-07	1.741037346e-06	6
5.947751394e-07	1.758129953e-06	6
6.046435605e-07	1.77522256e-06	6
6.145119816e-07	1.792315166e-06	6
6.243804026e-07	1.809407773e-06	6
6.342488237e-07	1.82650038e-06	6
6.441172447e-07	1.843592986e-06	6
6.539856658e-07	1.860685593e-06	6
6.638540868e-07	1.8777782e-06	6
6.737225079e-07	1.894870806e-06	6
6.835909289e-07	1.911963413e-06	6
6.9345935e-07	1.92905602e-06	6
7.03327771e-07	1.946148626e-06	6
7.131961921e-07	1.963241233e-06	6
7.230646131e-07	1.98033384e-06	6
7.329330342e-07	1.997426446e-06	6
7.428014552e-07	2.014519053e-06	6
7.428014552e-07	2.014519053e-06	-6
7.428014552e-07	2.014519053e-06	-6
7.428014552e-07	2.014519053e-06	-6
7.428014552e-07	2.014519053e-06	-6
7.428014552e-07	2.014519053e-06	-6
7.428014552e-07	2.014519053e-06	-6
7.428014552e-07	2.014519053e-06	-6
7.428014552e-07	2.014519053e-06	-6
7.428014552e-07	2.014519053e-06	-6
7.428014552e-07	2.014519053e-06	-6
7.428014552e-07	2.014519053e-06	-6
7.329330342e-07	1.997426446e-06	-6
7.230646131e-07	1.98033384e-06	-6
7.131961921e-07	1.963241233e-06	-6
7.03327771e-07	1.946148626e-06	-6
6.9345935e-07	1.92905602e-06	-6
6.835909289e-07	1.911963413e-06	-6
6.737225079e-07	1.894870806e-06	-6
6.638540868e-07	1.8777782e-06	-6
6.539856658e-07	1.860685593e-06	-6
6.441172447e-07	1.843592986e-06	-6
6.342488237e-07	1.82650038e-06	-6
6.243804026e-07	1.809407773e-06	-6
6.145119816e-07	1.792315166e-06	-6
6.046435605e-07	1.77522256e-06	-6
5.947751394e-07	1.758129953e-06	-6
5.849067184e-07	1.741037346e-06	-6
5.750382973e-07	1.72394474e-06	-6
5.651698763e-07	1.706852133e-06	-6
5.553014552e-07	1.689759526e-06	-6
5.454330342e-07	1.67266692e-06	-6
5.355646131e-07	1.655574313e-06	-6
5.256961921e-07	1.638481706e-06	-6
5.15827771e-07	1.6213891e-06	-6
5.0595935e-07	1.604296493e-06	-6
4.960909289e-07	1.587203886e-06	-6
4.862225079e-07	1.57011128e-06	-6
4.763540868e-07	1.553018673e-06	-6
4.664856658e-07	1.535926067e-06	-6
4.566172447e-07	1.51883346e-06	-6
4.467488237e-07	1.501740853e-06	-6
4.368804026e-07	1.484648247e-06	-6
4.270119816e-07	1.46755564e-06	-6
4.171435605e-07	1.450463033e-06	-6
4.072751394e-07	1.433370427e-06	-6
3.974067184e-07	1.41627782e-06	-6
3.875382973e-07	1.399185213e-06	-6
3.776698763e-07	1.382092607e-06	-6
3.678014552e-07	1.365e-06	-6
3.579330342e-07	1.347907393e-06	-6
3.480646131e-07	1.330814787e-06	-6
3.381961921e-07	1.31372218e-06	-6
3.28327771e-07	1.296629573e-06	-6
3.1845935e-07	1.279536967e-06	-6
3.085909289e-07	1.26244436e-06	-6
2.987225079e-07	1.245351753e-06	-6
2.888540868e-07	1.228259147e-06	-6
2.789856658e-07	1.21116654e-06	-6
2.691172447e-07	1.194073933e-06	-6
2.592488237e-07	1.176981327e-06	-6
2.493804026e-07	1.15988872e-06	-6
2.395119816e-07	1.142796114e-06	-6
2.296435605e-07	1.125703507e-06	-6
2.197751394e-07	1.1086109e-06	-6
2.099067184e-07	1.091518294e-06	-6
2.000382973e-07	1.074425687e-06	-6
1.901698763e-07	1.05733308e-06	-6
1.803014552e-07	1.040240474e-06	-6
1.704330342e-07	1.023147867e-06	-6
1.605646131e-07	1.00605526e-06	-6
1.506961921e-07	9.889626536e-07	-6
1.40827771e-07	9.71870047e-07	-6
1.3095935e-07	9.547774403e-07	-6
1.210909289e-07	9.376848337e-07	-6
1.112225079e-07	9.20592227e-07	-6
1.013540868e-07	9.034996204e-07	-6
9.148566576e-08	8.864070137e-07	-6
8.161724471e-08	8.69314407e-07	-6
7.174882366e-08	8.522218004e-07	-6
6.188040261e-08	8.351291937e-07	-6
5.201198155e-08	8.180365871e-07	-6
4.21435605e-08	8.009439804e-07	-6
3.227513945e-08	7.838513738e-07	-6
2.24067184e-08	7.667587671e-07	-6
1.253829734e-08	7.496661605e-07	-6
2.66987629e-09	7.325735538e-07	-6
-7.198544763e-09	7.154809472e-07	-6
-7.198544763e-09	7.154809472e-07	0
-1.58587988e-08	7.204809472e-07	0
-2.451905284e-08	7.254809472e-07	0
-2.451905284e-08	7.254809472e-07	-6
-2.451905284e-08	7.254809472e-07	-6
-2.451905284e-08	7.254809472e-07	-6
-2.451905284e-08	7.254809472e-07	-6
-2.451905284e-08	7.254809472e-07	-6
-2.451905284e-08	7.254809472e-07	-6
-2.451905284e-08	7.254809472e-07	-6
-2.451905284e-08	7.254809472e-07	-6
-2.451905284e-08	7.254809472e-07	-6
-2.451905284e-08	7.254809472e-07	-6
-2.451905284e-08	7.254809472e-07	-6
-1.451905284e-08	7.428014552e-07	-6
-4.519052838e-09	7.601219633e-07	-6
5.480947162e-09	7.774424714e-07	-6
1.548094716e-08	7.947629795e-07	-6
2.548094716e-08	8.120834875e-07	-6
3.548094716e-08	8.294039956e-07	-6
4.548094716e-08	8.467245037e-07	-6
5.548094716e-08	8.640450118e-07	-6
6.548094716e-08	8.813655198e-07	-6
7.548094716e-08	8.986860279e-07	-6
8.548094716e-08	9.16006536e-07	-6
9.548094716e-08	9.333270441e-07	-6
1.054809472e-07	9.506475521e-07	-6
1.154809472e-07	9.679680602e-07	-6
1.254809472e-07	9.852885683e-07	-6
1.354809472e-07	1.002609076e-06	-6
1.454809472e-07	1.019929584e-06	-6
1.554809472e-07	1.037250093e-06	-6
1.654809472e-07	1.054570601e-06	-6
1.754809472e-07	1.071891109e-06	-6
1.854809472e-07	1.089211617e-06	-6
1.954809472e-07	1.106532125e-06	-6
2.054809472e-07	1.123852633e-06	-6
2.154809472e-07	1.141173141e-06	-6
2.254809472e-07	1.158493649e-06	-6
2.354809472e-07	1.175814157e-06	-6
2.454809472e-07	1.193134665e-06	-6
2.554809472e-07	1.210455173e-06	-6
2.654809472e-07	1.227775681e-06	-6
2.754809472e-07	1.245096189e-06	-6
2.854809472e-07	1.262416698e-06	-6
2.954809472e-07	1.279737206e-06	-6
3.054809472e-07	1.297057714e-06	-6
3.154809472e-07	1.314378222e-06	-6
3.254809472e-07	1.33169873e-06	-6
3.354809472e-07	1.349019238e-06	-6
3.454809472e-07	1.366339746e-06	-6
3.554809472e-07	1.383660254e-06	-6
3.654809472e-07	1.400980762e-06	-6
3.754809472e-07	1.41830127e-06	-6
3.854809472e-07	1.435621778e-06	-6
3.954809472e-07	1.452942286e-06	-6
4.054809472e-07	1.470262794e-06	-6
4.154809472e-07	1.487583302e-06	-6
4.254809472e-07	1.504903811e-06	-6
4.354809472e-07	1.522224319e-06	-6
4.454809472e-07	1.539544827e-06	-6
4.554809472e-07	1.556865335e-06	-6
4.654809472e-07	1.574185843e-06	-6
4.754809472e-07	1.591506351e-06	-6
4.854809472e-07	1.608826859e-06	-6
4.954809472e-07	1.626147367e-06	-6
5.054809472e-07	1.643467875e-06	-6
5.154809472e-07	1.660788383e-06	-6
5.254809472e-07	1.678108891e-06	-6
5.354809472e-07	1.695429399e-06	-6
5.454809472e-07	1.712749907e-06	-6
5.554809472e-07	1.730070416e-06	-6
5.654809472e-07	1.747390924e-06	-6
5.754809472e-07	1.764711432e-06	-6
5.854809472e-07	1.78203194e-06	-6
5.954809472e-07	1.799352448e-06	-6
6.054809472e-07	1.816672956e-06	-6
6.154809472e-07	1.833993464e-06	-6
6.254809472e-07	1.851313972e-06	-6
6.354809472e-07	1.86863448e-06	-6
6.454809472e-07	1.885954988e-06	-6
6.554809472e-07	1.903275496e-06	-6
6.654809472e-07	1.920596004e-06	-6
6.754809472e-07	1.937916512e-06	-6
6.854809472e-07	1.955237021e-06	-6
6.954809472e-07	1.972557529e-06	-6
7.054809472e-07	1.989878037e-06	-6
7.154809472e-07	2.007198545e-06	-6
7.254809472e-07	2.024519053e-06	-6
7.254809472e-07	2.024519053e-06	6
7.254809472e-07	2.024519053e-06	6
7.254809472e-07	2.024519053e-06	6
7.254809472e-07	2.024519053e-06	6
7.254809472e-07	2.024519053e-06	6
7.254809472e-07	2.024519053e-06	6
7.254809472e-07	2.024519053e-06	6
7.254809472e-07	2.024519053e-06	6
7.254809472e-07	2.024519053e-06	6
7.254809472e-07	2.024519053e-06	6
7.254809472e-07	2.024519053e-06	6
7.154809472e-07	2.007198545e-06	6
7.054809472e-07	1.989878037e-06	6
6.954809472e-07	1.972557529e-06	6
6.854809472e-07	1.955237021e-06	6
6.754809472e-07	1.937916512e-06	6
6.654809472e-07	1.920596004e-06	6
6.554809472e-07	1.903275496e-06	6
6.454809472e-07	1.885954988e-06	6
6.354809472e-07	1.86863448e-06	6
6.254809472e-07	1.851313972e-06	6
6.154809472e-07	1.833993464e-06	6
6.054809472e-07	1.816672956e-06	6
5.954809472e-07	1.799352448e-06	6
5.854809472e-07	1.78203194e-06	6
5.754809472e-07	1.764711432e-06	6
5.654809472e-07	1.747390924e-06	6
5.554809472e-07	1.730070416e-06	6
5.454809472e-07	1.712749907e-06	6
5.354809472e-07	1.695429399e-06	6
5.254809472e-07	1.678108891e-06	6
5.154809472e-07	1.660788383e-06	6
5.054809472e-07	1.643467875e-06	6
4.954809472e-07	1.626147367e-06	6
4.854809472e-07	1.608826859e-06	6
4.754809472e-07	1.591506351e-06	6
4.654809472e-07	1.574185843e-06	6
4.554809472e-07	1.556865335e-06	6
4.454809472e-07	1.539544827e-06	6
4.354809472e-07	1.522224319e-06	6
4.254809472e-07	1.504903811e-06	6
4.154809472e-07	1.487583302e-06	6
4.054809472e-07	1.470262794e-06	6
3.954809472e-07	1.452942286e-06	6
3.854809472e-07	1.435621778e-06	6
3.754809472e-07	1.41830127e-06	6
3.654809472e-07	1.400980762e-06	6
3.554809472e-07	1.383660254e-06	6
3.454809472e-07	1.366339746e-06	6
3.354809472e-07	1.349019238e-06	6
3.254809472e-07	1.33169873e-06	6
3.154809472e-07	1.314378222e-06	6
3.054809472e-07	1.297057714e-06	6
2.954809472e-07	1.279737206e-06	6
2.854809472e-07	1.262416698e-06	6
2.754809472e-07	1.245096189e-06	6
2.654809472e-07	1.227775681e-06	6
2.554809472e-07	1.210455173e-06	6
2.454809472e-07	1.193134665e-06	6
2.354809472e-07	1.175814157e-06	6
2.254809472e-07	1.158493649e-06	6
2.154809472e-07	1.141173141e-06	6
2.054809472e-07	1.123852633e-06	6
1.954809472e-07	1.106532125e-06	6
1.854809472e-07	1.089211617e-06	6
1.754809472e-07	1.071891109e-06	6
1.654809472e-07	1.054570601e-06	6
1.554809472e-07	1.037250093e-06	6
1.454809472e-07	1.019929584e-06	6
1.354809472e-07	1.002609076e-06	6
1.254809472e-07	9.852885683e-07	6
1.154809472e-07	9.679680602e-07	6
1.054809472e-07	9.506475521e-07	6
9.548094716e-08	9.333270441e-07	6
8.548094716e-08	9.16006536e-07	6
7.548094716e-08	8.986860279e-07	6
6.548094716e-08	8.813655198e-07	6
5.548094716e-08	8.640450118e-07	6
4.548094716e-08	8.467245037e-07	6
3.548094716e-08	8.294039956e-07	6
2.548094716e-08	8.120834875e-07	6
1.548094716e-08	7.947629795e-07	6
5.480947162e-09	7.774424714e-07	6
-4.519052838e-09	7.601219633e-07	6
-1.451905284e-08	7.428014552e-07	6
-2.451905284e-08	7.254809472e-07	6
