# X_m	Y_m	V
4.325e-06	3.060121949e-06	10
4.325e-06	3.060121949e-06	10
4.325e-06	3.060121949e-06	10
4.325e-06	3.060121949e-06	10
4.325e-06	3.060121949e-06	10
4.325e-06	3.060121949e-06	10
4.325e-06	3.060121949e-06	10
4.325e-06	3.060121949e-06	10
4.325e-06	3.060121949e-06	10
4.325e-06	3.060121949e-06	10
4.325e-06	3.060121949e-06	10
4.325e-06	3.060121949e-06	10
4.325e-06	3.060121949e-06	10
4.325e-06	3.060121949e-06	10
4.325e-06	3.060121949e-06	10
4.325e-06	3.060121949e-06	10
4.325e-06	3.060121949e-06	10
4.325e-06	3.060121949e-06	10
4.325e-06	3.060121949e-06	10
4.325e-06	3.060121949e-06	10
4.325e-06	3.060121949e-06	10
4.325e-06	3.060121949e-06	10
4.325e-06	3.060121949e-06	10
4.325e-06	3.060121949e-06	10
4.325e-06	3.060121949e-06	10
4.325e-06	3.060121949e-06	0
4.313827315e-06	3.076686137e-06	0
4.302654629e-06	3.093250324e-06	0
4.291481944e-06	3.109814511e-06	0
4.280309258e-06	3.126378698e-06	0
4.269136573e-06	3.142942886e-06	0
4.257963888e-06	3.159507073e-06	0
4.246791202e-06	3.17607126e-06	0
4.246791202e-06	3.17607126e-06	10
4.246791202e-06	3.17607126e-06	10
4.246791202e-06	3.17607126e-06	10
4.246791202e-06	3.17607126e-06	10
4.246791202e-06	3.17607126e-06	10
4.246791202e-06	3.17607126e-06	10
4.246791202e-06	3.17607126e-06	10
4.246791202e-06	3.17607126e-06	10
4.246791202e-06	3.17607126e-06	10
4.246791202e-06	3.17607126e-06	10
4.246791202e-06	3.17607126e-06	10
4.246791202e-06	3.17607126e-06	10
4.246791202e-06	3.17607126e-06	10
4.246791202e-06	3.17607126e-06	10
4.246791202e-06	3.17607126e-06	10
4.246791202e-06	3.17607126e-06	10
4.246791202e-06	3.17607126e-06	10
4.246791202e-06	3.17607126e-06	10
4.246791202e-06	3.17607126e-06	10
4.246791202e-06	3.17607126e-06	10
4.246791202e-06	3.17607126e-06	10
4.246791202e-06	3.17607126e-06	10
4.246791202e-06	3.17607126e-06	10
4.246791202e-06	3.17607126e-06	10
4.246791202e-06	3.17607126e-06	10
4.246791202e-06	3.17607126e-06	0
4.235618517e-06	3.192635448e-06	0
4.224445832e-06	3.209199635e-06	0
4.213273146e-06	3.225763822e-06	0
4.202100461e-06	3.242328009e-06	0
4.190927775e-06	3.258892197e-06	0
4.17975509e-06	3.275456384e-06	0
4.168582405e-06	3.292020571e-06	0
4.168582405e-06	3.292020571e-06	10
4.168582405e-06	3.292020571e-06	10
4.168582405e-06	3.292020571e-06	10
4.168582405e-06	3.292020571e-06	10
4.168582405e-06	3.292020571e-06	10
4.168582405e-06	3.292020571e-06	10
4.168582405e-06	3.292020571e-06	10
4.168582405e-06	3.292020571e-06	10
4.168582405e-06	3.292020571e-06	10
4.168582405e-06	3.292020571e-06	10
4.168582405e-06	3.292020571e-06	10
4.168582405e-06	3.292020571e-06	10
4.168582405e-06	3.292020571e-06	10
4.168582405e-06	3.292020571e-06	10
4.168582405e-06	3.292020571e-06	10
4.168582405e-06	3.292020571e-06	10
4.168582405e-06	3.292020571e-06	10
4.168582405e-06	3.292020571e-06	10
4.168582405e-06	3.292020571e-06	10
4.168582405e-06	3.292020571e-06	10
4.168582405e-06	3.292020571e-06	10
4.168582405e-06	3.292020571e-06	10
4.168582405e-06	3.292020571e-06	10
4.168582405e-06	3.292020571e-06	10
4.168582405e-06	3.292020571e-06	10
4.168582405e-06	3.292020571e-06	0
4.157409719e-06	3.308584758e-06	0
4.146237034e-06	3.325148946e-06	0
4.135064348e-06	3.341713133e-06	0
4.123891663e-06	3.35827732e-06	0
4.112718978e-06	3.374841507e-06	0
4.101546292e-06	3.391405695e-06	0
4.090373607e-06	3.407969882e-06	0
4.090373607e-06	3.407969882e-06	10
4.090373607e-06	3.407969882e-06	10
4.090373607e-06	3.407969882e-06	10
4.090373607e-06	3.407969882e-06	10
4.090373607e-06	3.407969882e-06	10
4.090373607e-06	3.407969882e-06	10
4.090373607e-06	3.407969882e-06	10
4.090373607e-06	3.407969882e-06	10
4.090373607e-06	3.407969882e-06	10
4.090373607e-06	3.407969882e-06	10
4.090373607e-06	3.407969882e-06	10
4.090373607e-06	3.407969882e-06	10
4.090373607e-06	3.407969882e-06	10
4.090373607e-06	3.407969882e-06	10
4.090373607e-06	3.407969882e-06	10
4.090373607e-06	3.407969882e-06	10
4.090373607e-06	3.407969882e-06	10
4.090373607e-06	3.407969882e-06	10
4.090373607e-06	3.407969882e-06	10
4.090373607e-06	3.407969882e-06	10
4.090373607e-06	3.407969882e-06	10
4.090373607e-06	3.407969882e-06	10
4.090373607e-06	3.407969882e-06	10
4.090373607e-06	3.407969882e-06	10
4.090373607e-06	3.407969882e-06	10
4.090373607e-06	3.407969882e-06	0
4.079200922e-06	3.424534069e-06	0
4.068028236e-06	3.441098256e-06	0
4.056855551e-06	3.457662444e-06	0
4.045682865e-06	3.474226631e-06	0
4.03451018e-06	3.490790818e-06	0
4.023337495e-06	3.507355006e-06	0
4.012164809e-06	3.523919193e-06	0
4.012164809e-06	3.523919193e-06	10
4.012164809e-06	3.523919193e-06	10
4.012164809e-06	3.523919193e-06	10
4.012164809e-06	3.523919193e-06	10
4.012164809e-06	3.523919193e-06	10
4.012164809e-06	3.523919193e-06	10
4.012164809e-06	3.523919193e-06	10
4.012164809e-06	3.523919193e-06	10
4.012164809e-06	3.523919193e-06	10
4.012164809e-06	3.523919193e-06	10
4.012164809e-06	3.523919193e-06	10
4.012164809e-06	3.523919193e-06	10
4.012164809e-06	3.523919193e-06	10
4.012164809e-06	3.523919193e-06	10
4.012164809e-06	3.523919193e-06	10
4.012164809e-06	3.523919193e-06	10
4.012164809e-06	3.523919193e-06	10
4.012164809e-06	3.523919193e-06	10
4.012164809e-06	3.523919193e-06	10
4.012164809e-06	3.523919193e-06	10
4.012164809e-06	3.523919193e-06	10
4.012164809e-06	3.523919193e-06	10
4.012164809e-06	3.523919193e-06	10
4.012164809e-06	3.523919193e-06	10
4.012164809e-06	3.523919193e-06	10
4.012164809e-06	3.523919193e-06	0
4.000992124e-06	3.54048338e-06	0
3.989819438e-06	3.557047567e-06	0
3.978646753e-06	3.573611755e-06	0
3.967474068e-06	3.590175942e-06	0
3.956301382e-06	3.606740129e-06	0
3.945128697e-06	3.623304316e-06	0
3.933956012e-06	3.639868504e-06	0
3.933956012e-06	3.639868504e-06	10
3.933956012e-06	3.639868504e-06	10
3.933956012e-06	3.639868504e-06	10
3.933956012e-06	3.639868504e-06	10
3.933956012e-06	3.639868504e-06	10
3.933956012e-06	3.639868504e-06	10
3.933956012e-06	3.639868504e-06	10
3.933956012e-06	3.639868504e-06	10
3.933956012e-06	3.639868504e-06	10
3.933956012e-06	3.639868504e-06	10
3.933956012e-06	3.639868504e-06	10
3.933956012e-06	3.639868504e-06	10
3.933956012e-06	3.639868504e-06	10
3.933956012e-06	3.639868504e-06	10
3.933956012e-06	3.639868504e-06	10
3.933956012e-06	3.639868504e-06	10
3.933956012e-06	3.639868504e-06	10
3.933956012e-06	3.639868504e-06	10
3.933956012e-06	3.639868504e-06	10
3.933956012e-06	3.639868504e-06	10
3.933956012e-06	3.639868504e-06	10
3.933956012e-06	3.639868504e-06	10
3.933956012e-06	3.639868504e-06	10
3.933956012e-06	3.639868504e-06	10
3.933956012e-06	3.639868504e-06	10
3.933956012e-06	3.639868504e-06	0
3.922783326e-06	3.656432691e-06	0
3.911610641e-06	3.672996878e-06	0
3.900437955e-06	3.689561065e-06	0
3.88926527e-06	3.706125253e-06	0
3.878092585e-06	3.72268944e-06	0
3.866919899e-06	3.739253627e-06	0
3.855747214e-06	3.755817814e-06	0
3.855747214e-06	3.755817814e-06	10
3.855747214e-06	3.755817814e-06	10
3.855747214e-06	3.755817814e-06	10
3.855747214e-06	3.755817814e-06	10
3.855747214e-06	3.755817814e-06	10
3.855747214e-06	3.755817814e-06	10
3.855747214e-06	3.755817814e-06	10
3.855747214e-06	3.755817814e-06	10
3.855747214e-06	3.755817814e-06	10
3.855747214e-06	3.755817814e-06	10
3.855747214e-06	3.755817814e-06	10
3.855747214e-06	3.755817814e-06	10
3.855747214e-06	3.755817814e-06	10
3.855747214e-06	3.755817814e-06	10
3.855747214e-06	3.755817814e-06	10
3.855747214e-06	3.755817814e-06	10
3.855747214e-06	3.755817814e-06	10
3.855747214e-06	3.755817814e-06	10
3.855747214e-06	3.755817814e-06	10
3.855747214e-06	3.755817814e-06	10
3.855747214e-06	3.755817814e-06	10
3.855747214e-06	3.755817814e-06	10
3.855747214e-06	3.755817814e-06	10
3.855747214e-06	3.755817814e-06	10
3.855747214e-06	3.755817814e-06	10
3.855747214e-06	3.755817814e-06	0
3.844574528e-06	3.772382002e-06	0
3.833401843e-06	3.788946189e-06	0
3.822229158e-06	3.805510376e-06	0
3.811056472e-06	3.822074564e-06	0
3.799883787e-06	3.838638751e-06	0
3.788711102e-06	3.855202938e-06	0
3.777538416e-06	3.871767125e-06	0
3.777538416e-06	3.871767125e-06	10
3.777538416e-06	3.871767125e-06	10
3.777538416e-06	3.871767125e-06	10
3.777538416e-06	3.871767125e-06	10
3.777538416e-06	3.871767125e-06	10
3.777538416e-06	3.871767125e-06	10
3.777538416e-06	3.871767125e-06	10
3.777538416e-06	3.871767125e-06	10
3.777538416e-06	3.871767125e-06	10
3.777538416e-06	3.871767125e-06	10
3.777538416e-06	3.871767125e-06	10
3.777538416e-06	3.871767125e-06	10
3.777538416e-06	3.871767125e-06	10
3.777538416e-06	3.871767125e-06	10
3.777538416e-06	3.871767125e-06	10
3.777538416e-06	3.871767125e-06	10
3.777538416e-06	3.871767125e-06	10
3.777538416e-06	3.871767125e-06	10
3.777538416e-06	3.871767125e-06	10
3.777538416e-06	3.871767125e-06	10
3.777538416e-06	3.871767125e-06	10
3.777538416e-06	3.871767125e-06	10
3.777538416e-06	3.871767125e-06	10
3.777538416e-06	3.871767125e-06	10
3.777538416e-06	3.871767125e-06	10
3.777538416e-06	3.871767125e-06	0
3.766365731e-06	3.888331313e-06	0
3.755193045e-06	3.9048955e-06	0
3.74402036e-06	3.921459687e-06	0
3.732847675e-06	3.938023874e-06	0
3.721674989e-06	3.954588062e-06	0
3.710502304e-06	3.971152249e-06	0
3.699329618e-06	3.987716436e-06	0
3.699329618e-06	3.987716436e-06	10
3.699329618e-06	3.987716436e-06	10
3.699329618e-06	3.987716436e-06	10
3.699329618e-06	3.987716436e-06	10
3.699329618e-06	3.987716436e-06	10
3.699329618e-06	3.987716436e-06	10
3.699329618e-06	3.987716436e-06	10
3.699329618e-06	3.987716436e-06	10
3.699329618e-06	3.987716436e-06	10
3.699329618e-06	3.987716436e-06	10
3.699329618e-06	3.987716436e-06	10
3.699329618e-06	3.987716436e-06	10
3.699329618e-06	3.987716436e-06	10
3.699329618e-06	3.987716436e-06	10
3.699329618e-06	3.987716436e-06	10
3.699329618e-06	3.987716436e-06	10
3.699329618e-06	3.987716436e-06	10
3.699329618e-06	3.987716436e-06	10
3.699329618e-06	3.987716436e-06	10
3.699329618e-06	3.987716436e-06	10
3.699329618e-06	3.987716436e-06	10
3.699329618e-06	3.987716436e-06	10
3.699329618e-06	3.987716436e-06	10
3.699329618e-06	3.987716436e-06	10
3.699329618e-06	3.987716436e-06	10
3.699329618e-06	3.987716436e-06	0
3.688156933e-06	4.004280623e-06	0
3.676984248e-06	4.020844811e-06	0
3.665811562e-06	4.037408998e-06	0
3.654638877e-06	4.053973185e-06	0
3.643466192e-06	4.070537372e-06	0
3.632293506e-06	4.08710156e-06	0
3.621120821e-06	4.103665747e-06	0
3.621120821e-06	4.103665747e-06	10
3.621120821e-06	4.103665747e-06	10
3.621120821e-06	4.103665747e-06	10
3.621120821e-06	4.103665747e-06	10
3.621120821e-06	4.103665747e-06	10
3.621120821e-06	4.103665747e-06	10
3.621120821e-06	4.103665747e-06	10
3.621120821e-06	4.103665747e-06	10
3.621120821e-06	4.103665747e-06	10
3.621120821e-06	4.103665747e-06	10
3.621120821e-06	4.103665747e-06	10
3.621120821e-06	4.103665747e-06	10
3.621120821e-06	4.103665747e-06	10
3.621120821e-06	4.103665747e-06	10
3.621120821e-06	4.103665747e-06	10
3.621120821e-06	4.103665747e-06	10
3.621120821e-06	4.103665747e-06	10
3.621120821e-06	4.103665747e-06	10
3.621120821e-06	4.103665747e-06	10
3.621120821e-06	4.103665747e-06	10
3.621120821e-06	4.103665747e-06	10
3.621120821e-06	4.103665747e-06	10
3.621120821e-06	4.103665747e-06	10
3.621120821e-06	4.103665747e-06	10
3.621120821e-06	4.103665747e-06	10
3.621120821e-06	4.103665747e-06	0
3.609948135e-06	4.120229934e-06	0
3.59877545e-06	4.136794122e-06	0
3.587602765e-06	4.153358309e-06	0
3.576430079e-06	4.169922496e-06	0
3.565257394e-06	4.186486683e-06	0
3.554084709e-06	4.203050871e-06	0
3.542912023e-06	4.219615058e-06	0
3.542912023e-06	4.219615058e-06	10
3.542912023e-06	4.219615058e-06	10
3.542912023e-06	4.219615058e-06	10
3.542912023e-06	4.219615058e-06	10
3.542912023e-06	4.219615058e-06	10
3.542912023e-06	4.219615058e-06	10
3.542912023e-06	4.219615058e-06	10
3.542912023e-06	4.219615058e-06	10
3.542912023e-06	4.219615058e-06	10
3.542912023e-06	4.219615058e-06	10
3.542912023e-06	4.219615058e-06	10
3.542912023e-06	4.219615058e-06	10
3.542912023e-06	4.219615058e-06	10
3.542912023e-06	4.219615058e-06	10
3.542912023e-06	4.219615058e-06	10
3.542912023e-06	4.219615058e-06	10
3.542912023e-06	4.219615058e-06	10
3.542912023e-06	4.219615058e-06	10
3.542912023e-06	4.219615058e-06	10
3.542912023e-06	4.219615058e-06	10
3.542912023e-06	4.219615058e-06	10
3.542912023e-06	4.219615058e-06	10
3.542912023e-06	4.219615058e-06	10
3.542912023e-06	4.219615058e-06	10
3.542912023e-06	4.219615058e-06	10
3.542912023e-06	4.219615058e-06	0
3.531739338e-06	4.236179245e-06	0
3.520566652e-06	4.252743432e-06	0
3.509393967e-06	4.26930762e-06	0
3.498221282e-06	4.285871807e-06	0
3.487048596e-06	4.302435994e-06	0
3.475875911e-06	4.319000181e-06	0
3.464703225e-06	4.335564369e-06	0
3.464703225e-06	4.335564369e-06	10
3.464703225e-06	4.335564369e-06	10
3.464703225e-06	4.335564369e-06	10
3.464703225e-06	4.335564369e-06	10
3.464703225e-06	4.335564369e-06	10
3.464703225e-06	4.335564369e-06	10
3.464703225e-06	4.335564369e-06	10
3.464703225e-06	4.335564369e-06	10
3.464703225e-06	4.335564369e-06	10
3.464703225e-06	4.335564369e-06	10
3.464703225e-06	4.335564369e-06	10
3.464703225e-06	4.335564369e-06	10
3.464703225e-06	4.335564369e-06	10
3.464703225e-06	4.335564369e-06	10
3.464703225e-06	4.335564369e-06	10
3.464703225e-06	4.335564369e-06	10
3.464703225e-06	4.335564369e-06	10
3.464703225e-06	4.335564369e-06	10
3.464703225e-06	4.335564369e-06	10
3.464703225e-06	4.335564369e-06	10
3.464703225e-06	4.335564369e-06	10
3.464703225e-06	4.335564369e-06	10
3.464703225e-06	4.335564369e-06	10
3.464703225e-06	4.335564369e-06	10
3.464703225e-06	4.335564369e-06	10
3.464703225e-06	4.335564369e-06	0
3.448139038e-06	4.324391683e-06	0
3.431574851e-06	4.313218998e-06	0
3.415010664e-06	4.302046313e-06	0
3.398446476e-06	4.290873627e-06	0
3.381882289e-06	4.279700942e-06	0
3.365318102e-06	4.268528256e-06	0
3.348753915e-06	4.257355571e-06	0
3.348753915e-06	4.257355571e-06	-10
3.348753915e-06	4.257355571e-06	-10
3.348753915e-06	4.257355571e-06	-10
3.348753915e-06	4.257355571e-06	-10
3.348753915e-06	4.257355571e-06	-10
3.348753915e-06	4.257355571e-06	-10
3.348753915e-06	4.257355571e-06	-10
3.348753915e-06	4.257355571e-06	-10
3.348753915e-06	4.257355571e-06	-10
3.348753915e-06	4.257355571e-06	-10
3.348753915e-06	4.257355571e-06	-10
3.348753915e-06	4.257355571e-06	-10
3.348753915e-06	4.257355571e-06	-10
3.348753915e-06	4.257355571e-06	-10
3.348753915e-06	4.257355571e-06	-10
3.348753915e-06	4.257355571e-06	-10
3.348753915e-06	4.257355571e-06	-10
3.348753915e-06	4.257355571e-06	-10
3.348753915e-06	4.257355571e-06	-10
3.348753915e-06	4.257355571e-06	-10
3.348753915e-06	4.257355571e-06	-10
3.348753915e-06	4.257355571e-06	-10
3.348753915e-06	4.257355571e-06	-10
3.348753915e-06	4.257355571e-06	-10
3.348753915e-06	4.257355571e-06	-10
3.348753915e-06	4.257355571e-06	0
3.3599266e-06	4.240791384e-06	0
3.371099285e-06	4.224227196e-06	0
3.382271971e-06	4.207663009e-06	0
3.393444656e-06	4.191098822e-06	0
3.404617342e-06	4.174534635e-06	0
3.415790027e-06	4.157970447e-06	0
3.426962712e-06	4.14140626e-06	0
3.426962712e-06	4.14140626e-06	-10
3.426962712e-06	4.14140626e-06	-10
3.426962712e-06	4.14140626e-06	-10
3.426962712e-06	4.14140626e-06	-10
3.426962712e-06	4.14140626e-06	-10
3.426962712e-06	4.14140626e-06	-10
3.426962712e-06	4.14140626e-06	-10
3.426962712e-06	4.14140626e-06	-10
3.426962712e-06	4.14140626e-06	-10
3.426962712e-06	4.14140626e-06	-10
3.426962712e-06	4.14140626e-06	-10
3.426962712e-06	4.14140626e-06	-10
3.426962712e-06	4.14140626e-06	-10
3.426962712e-06	4.14140626e-06	-10
3.426962712e-06	4.14140626e-06	-10
3.426962712e-06	4.14140626e-06	-10
3.426962712e-06	4.14140626e-06	-10
3.426962712e-06	4.14140626e-06	-10
3.426962712e-06	4.14140626e-06	-10
3.426962712e-06	4.14140626e-06	-10
3.426962712e-06	4.14140626e-06	-10
3.426962712e-06	4.14140626e-06	-10
3.426962712e-06	4.14140626e-06	-10
3.426962712e-06	4.14140626e-06	-10
3.426962712e-06	4.14140626e-06	-10
3.426962712e-06	4.14140626e-06	0
3.438135398e-06	4.124842073e-06	0
3.449308083e-06	4.108277886e-06	0
3.460480768e-06	4.091713698e-06	0
3.471653454e-06	4.075149511e-06	0
3.482826139e-06	4.058585324e-06	0
3.493998825e-06	4.042021137e-06	0
3.50517151e-06	4.025456949e-06	0
3.50517151e-06	4.025456949e-06	-10
3.50517151e-06	4.025456949e-06	-10
3.50517151e-06	4.025456949e-06	-10
3.50517151e-06	4.025456949e-06	-10
3.50517151e-06	4.025456949e-06	-10
3.50517151e-06	4.025456949e-06	-10
3.50517151e-06	4.025456949e-06	-10
3.50517151e-06	4.025456949e-06	-10
3.50517151e-06	4.025456949e-06	-10
3.50517151e-06	4.025456949e-06	-10
3.50517151e-06	4.025456949e-06	-10
3.50517151e-06	4.025456949e-06	-10
3.50517151e-06	4.025456949e-06	-10
3.50517151e-06	4.025456949e-06	-10
3.50517151e-06	4.025456949e-06	-10
3.50517151e-06	4.025456949e-06	-10
3.50517151e-06	4.025456949e-06	-10
3.50517151e-06	4.025456949e-06	-10
3.50517151e-06	4.025456949e-06	-10
3.50517151e-06	4.025456949e-06	-10
3.50517151e-06	4.025456949e-06	-10
3.50517151e-06	4.025456949e-06	-10
3.50517151e-06	4.025456949e-06	-10
3.50517151e-06	4.025456949e-06	-10
3.50517151e-06	4.025456949e-06	-10
3.50517151e-06	4.025456949e-06	0
3.516344195e-06	4.008892762e-06	0
3.527516881e-06	3.992328575e-06	0
3.538689566e-06	3.975764388e-06	0
3.549862251e-06	3.9592002e-06	0
3.561034937e-06	3.942636013e-06	0
3.572207622e-06	3.926071826e-06	0
3.583380308e-06	3.909507638e-06	0
3.583380308e-06	3.909507638e-06	-10
3.583380308e-06	3.909507638e-06	-10
3.583380308e-06	3.909507638e-06	-10
3.583380308e-06	3.909507638e-06	-10
3.583380308e-06	3.909507638e-06	-10
3.583380308e-06	3.909507638e-06	-10
3.583380308e-06	3.909507638e-06	-10
3.583380308e-06	3.909507638e-06	-10
3.583380308e-06	3.909507638e-06	-10
3.583380308e-06	3.909507638e-06	-10
3.583380308e-06	3.909507638e-06	-10
3.583380308e-06	3.909507638e-06	-10
3.583380308e-06	3.909507638e-06	-10
3.583380308e-06	3.909507638e-06	-10
3.583380308e-06	3.909507638e-06	-10
3.583380308e-06	3.909507638e-06	-10
3.583380308e-06	3.909507638e-06	-10
3.583380308e-06	3.909507638e-06	-10
3.583380308e-06	3.909507638e-06	-10
3.583380308e-06	3.909507638e-06	-10
3.583380308e-06	3.909507638e-06	-10
3.583380308e-06	3.909507638e-06	-10
3.583380308e-06	3.909507638e-06	-10
3.583380308e-06	3.909507638e-06	-10
3.583380308e-06	3.909507638e-06	-10
3.583380308e-06	3.909507638e-06	0
3.594552993e-06	3.892943451e-06	0
3.605725678e-06	3.876379264e-06	0
3.616898364e-06	3.859815077e-06	0
3.628071049e-06	3.843250889e-06	0
3.639243735e-06	3.826686702e-06	0
3.65041642e-06	3.810122515e-06	0
3.661589105e-06	3.793558328e-06	0
3.661589105e-06	3.793558328e-06	-10
3.661589105e-06	3.793558328e-06	-10
3.661589105e-06	3.793558328e-06	-10
3.661589105e-06	3.793558328e-06	-10
3.661589105e-06	3.793558328e-06	-10
3.661589105e-06	3.793558328e-06	-10
3.661589105e-06	3.793558328e-06	-10
3.661589105e-06	3.793558328e-06	-10
3.661589105e-06	3.793558328e-06	-10
3.661589105e-06	3.793558328e-06	-10
3.661589105e-06	3.793558328e-06	-10
3.661589105e-06	3.793558328e-06	-10
3.661589105e-06	3.793558328e-06	-10
3.661589105e-06	3.793558328e-06	-10
3.661589105e-06	3.793558328e-06	-10
3.661589105e-06	3.793558328e-06	-10
3.661589105e-06	3.793558328e-06	-10
3.661589105e-06	3.793558328e-06	-10
3.661589105e-06	3.793558328e-06	-10
3.661589105e-06	3.793558328e-06	-10
3.661589105e-06	3.793558328e-06	-10
3.661589105e-06	3.793558328e-06	-10
3.661589105e-06	3.793558328e-06	-10
3.661589105e-06	3.793558328e-06	-10
3.661589105e-06	3.793558328e-06	-10
3.661589105e-06	3.793558328e-06	0
3.672761791e-06	3.77699414e-06	0
3.683934476e-06	3.760429953e-06	0
3.695107161e-06	3.743865766e-06	0
3.706279847e-06	3.727301579e-06	0
3.717452532e-06	3.710737391e-06	0
3.728625218e-06	3.694173204e-06	0
3.739797903e-06	3.677609017e-06	0
3.739797903e-06	3.677609017e-06	-10
3.739797903e-06	3.677609017e-06	-10
3.739797903e-06	3.677609017e-06	-10
3.739797903e-06	3.677609017e-06	-10
3.739797903e-06	3.677609017e-06	-10
3.739797903e-06	3.677609017e-06	-10
3.739797903e-06	3.677609017e-06	-10
3.739797903e-06	3.677609017e-06	-10
3.739797903e-06	3.677609017e-06	-10
3.739797903e-06	3.677609017e-06	-10
3.739797903e-06	3.677609017e-06	-10
3.739797903e-06	3.677609017e-06	-10
3.739797903e-06	3.677609017e-06	-10
3.739797903e-06	3.677609017e-06	-10
3.739797903e-06	3.677609017e-06	-10
3.739797903e-06	3.677609017e-06	-10
3.739797903e-06	3.677609017e-06	-10
3.739797903e-06	3.677609017e-06	-10
3.739797903e-06	3.677609017e-06	-10
3.739797903e-06	3.677609017e-06	-10
3.739797903e-06	3.677609017e-06	-10
3.739797903e-06	3.677609017e-06	-10
3.739797903e-06	3.677609017e-06	-10
3.739797903e-06	3.677609017e-06	-10
3.739797903e-06	3.677609017e-06	-10
3.739797903e-06	3.677609017e-06	0
3.750970588e-06	3.66104483e-06	0
3.762143274e-06	3.644480642e-06	0
3.773315959e-06	3.627916455e-06	0
3.784488645e-06	3.611352268e-06	0
3.79566133e-06	3.59478808e-06	0
3.806834015e-06	3.578223893e-06	0
3.818006701e-06	3.561659706e-06	0
3.818006701e-06	3.561659706e-06	-10
3.818006701e-06	3.561659706e-06	-10
3.818006701e-06	3.561659706e-06	-10
3.818006701e-06	3.561659706e-06	-10
3.818006701e-06	3.561659706e-06	-10
3.818006701e-06	3.561659706e-06	-10
3.818006701e-06	3.561659706e-06	-10
3.818006701e-06	3.561659706e-06	-10
3.818006701e-06	3.561659706e-06	-10
3.818006701e-06	3.561659706e-06	-10
3.818006701e-06	3.561659706e-06	-10
3.818006701e-06	3.561659706e-06	-10
3.818006701e-06	3.561659706e-06	-10
3.818006701e-06	3.561659706e-06	-10
3.818006701e-06	3.561659706e-06	-10
3.818006701e-06	3.561659706e-06	-10
3.818006701e-06	3.561659706e-06	-10
3.818006701e-06	3.561659706e-06	-10
3.818006701e-06	3.561659706e-06	-10
3.818006701e-06	3.561659706e-06	-10
3.818006701e-06	3.561659706e-06	-10
3.818006701e-06	3.561659706e-06	-10
3.818006701e-06	3.561659706e-06	-10
3.818006701e-06	3.561659706e-06	-10
3.818006701e-06	3.561659706e-06	-10
3.818006701e-06	3.561659706e-06	0
3.829179386e-06	3.545095519e-06	0
3.840352071e-06	3.528531331e-06	0
3.851524757e-06	3.511967144e-06	0
3.862697442e-06	3.495402957e-06	0
3.873870128e-06	3.47883877e-06	0
3.885042813e-06	3.462274582e-06	0
3.896215498e-06	3.445710395e-06	0
3.896215498e-06	3.445710395e-06	-10
3.896215498e-06	3.445710395e-06	-10
3.896215498e-06	3.445710395e-06	-10
3.896215498e-06	3.445710395e-06	-10
3.896215498e-06	3.445710395e-06	-10
3.896215498e-06	3.445710395e-06	-10
3.896215498e-06	3.445710395e-06	-10
3.896215498e-06	3.445710395e-06	-10
3.896215498e-06	3.445710395e-06	-10
3.896215498e-06	3.445710395e-06	-10
3.896215498e-06	3.445710395e-06	-10
3.896215498e-06	3.445710395e-06	-10
3.896215498e-06	3.445710395e-06	-10
3.896215498e-06	3.445710395e-06	-10
3.896215498e-06	3.445710395e-06	-10
3.896215498e-06	3.445710395e-06	-10
3.896215498e-06	3.445710395e-06	-10
3.896215498e-06	3.445710395e-06	-10
3.896215498e-06	3.445710395e-06	-10
3.896215498e-06	3.445710395e-06	-10
3.896215498e-06	3.445710395e-06	-10
3.896215498e-06	3.445710395e-06	-10
3.896215498e-06	3.445710395e-06	-10
3.896215498e-06	3.445710395e-06	-10
3.896215498e-06	3.445710395e-06	-10
3.896215498e-06	3.445710395e-06	0
3.907388184e-06	3.429146208e-06	0
3.918560869e-06	3.412582021e-06	0
3.929733555e-06	3.396017833e-06	0
3.94090624e-06	3.379453646e-06	0
3.952078925e-06	3.362889459e-06	0
3.963251611e-06	3.346325272e-06	0
3.974424296e-06	3.329761084e-06	0
3.974424296e-06	3.329761084e-06	-10
3.974424296e-06	3.329761084e-06	-10
3.974424296e-06	3.329761084e-06	-10
3.974424296e-06	3.329761084e-06	-10
3.974424296e-06	3.329761084e-06	-10
3.974424296e-06	3.329761084e-06	-10
3.974424296e-06	3.329761084e-06	-10
3.974424296e-06	3.329761084e-06	-10
3.974424296e-06	3.329761084e-06	-10
3.974424296e-06	3.329761084e-06	-10
3.974424296e-06	3.329761084e-06	-10
3.974424296e-06	3.329761084e-06	-10
3.974424296e-06	3.329761084e-06	-10
3.974424296e-06	3.329761084e-06	-10
3.974424296e-06	3.329761084e-06	-10
3.974424296e-06	3.329761084e-06	-10
3.974424296e-06	3.329761084e-06	-10
3.974424296e-06	3.329761084e-06	-10
3.974424296e-06	3.329761084e-06	-10
3.974424296e-06	3.329761084e-06	-10
3.974424296e-06	3.329761084e-06	-10
3.974424296e-06	3.329761084e-06	-10
3.974424296e-06	3.329761084e-06	-10
3.974424296e-06	3.329761084e-06	-10
3.974424296e-06	3.329761084e-06	-10
3.974424296e-06	3.329761084e-06	0
3.985596981e-06	3.313196897e-06	0
3.996769667e-06	3.29663271e-06	0
4.007942352e-06	3.280068522e-06	0
4.019115038e-06	3.263504335e-06	0
4.030287723e-06	3.246940148e-06	0
4.041460408e-06	3.230375961e-06	0
4.052633094e-06	3.213811773e-06	0
4.052633094e-06	3.213811773e-06	-10
4.052633094e-06	3.213811773e-06	-10
4.052633094e-06	3.213811773e-06	-10
4.052633094e-06	3.213811773e-06	-10
4.052633094e-06	3.213811773e-06	-10
4.052633094e-06	3.213811773e-06	-10
4.052633094e-06	3.213811773e-06	-10
4.052633094e-06	3.213811773e-06	-10
4.052633094e-06	3.213811773e-06	-10
4.052633094e-06	3.213811773e-06	-10
4.052633094e-06	3.213811773e-06	-10
4.052633094e-06	3.213811773e-06	-10
4.052633094e-06	3.213811773e-06	-10
4.052633094e-06	3.213811773e-06	-10
4.052633094e-06	3.213811773e-06	-10
4.052633094e-06	3.213811773e-06	-10
4.052633094e-06	3.213811773e-06	-10
4.052633094e-06	3.213811773e-06	-10
4.052633094e-06	3.213811773e-06	-10
4.052633094e-06	3.213811773e-06	-10
4.052633094e-06	3.213811773e-06	-10
4.052633094e-06	3.213811773e-06	-10
4.052633094e-06	3.213811773e-06	-10
4.052633094e-06	3.213811773e-06	-10
4.052633094e-06	3.213811773e-06	-10
4.052633094e-06	3.213811773e-06	0
4.063805779e-06	3.197247586e-06	0
4.074978465e-06	3.180683399e-06	0
4.08615115e-06	3.164119212e-06	0
4.097323835e-06	3.147555024e-06	0
4.108496521e-06	3.130990837e-06	0
4.119669206e-06	3.11442665e-06	0
4.130841891e-06	3.097862463e-06	0
4.130841891e-06	3.097862463e-06	-10
4.130841891e-06	3.097862463e-06	-10
4.130841891e-06	3.097862463e-06	-10
4.130841891e-06	3.097862463e-06	-10
4.130841891e-06	3.097862463e-06	-10
4.130841891e-06	3.097862463e-06	-10
4.130841891e-06	3.097862463e-06	-10
4.130841891e-06	3.097862463e-06	-10
4.130841891e-06	3.097862463e-06	-10
4.130841891e-06	3.097862463e-06	-10
4.130841891e-06	3.097862463e-06	-10
4.130841891e-06	3.097862463e-06	-10
4.130841891e-06	3.097862463e-06	-10
4.130841891e-06	3.097862463e-06	-10
4.130841891e-06	3.097862463e-06	-10
4.130841891e-06	3.097862463e-06	-10
4.130841891e-06	3.097862463e-06	-10
4.130841891e-06	3.097862463e-06	-10
4.130841891e-06	3.097862463e-06	-10
4.130841891e-06	3.097862463e-06	-10
4.130841891e-06	3.097862463e-06	-10
4.130841891e-06	3.097862463e-06	-10
4.130841891e-06	3.097862463e-06	-10
4.130841891e-06	3.097862463e-06	-10
4.130841891e-06	3.097862463e-06	-10
4.130841891e-06	3.097862463e-06	0
4.142014577e-06	3.081298275e-06	0
4.153187262e-06	3.064734088e-06	0
4.164359948e-06	3.048169901e-06	0
4.175532633e-06	3.031605713e-06	0
4.186705318e-06	3.015041526e-06	0
4.197878004e-06	2.998477339e-06	0
4.209050689e-06	2.981913152e-06	0
4.209050689e-06	2.981913152e-06	-10
4.209050689e-06	2.981913152e-06	-10
4.209050689e-06	2.981913152e-06	-10
4.209050689e-06	2.981913152e-06	-10
4.209050689e-06	2.981913152e-06	-10
4.209050689e-06	2.981913152e-06	-10
4.209050689e-06	2.981913152e-06	-10
4.209050689e-06	2.981913152e-06	-10
4.209050689e-06	2.981913152e-06	-10
4.209050689e-06	2.981913152e-06	-10
4.209050689e-06	2.981913152e-06	-10
4.209050689e-06	2.981913152e-06	-10
4.209050689e-06	2.981913152e-06	-10
4.209050689e-06	2.981913152e-06	-10
4.209050689e-06	2.981913152e-06	-10
4.209050689e-06	2.981913152e-06	-10
4.209050689e-06	2.981913152e-06	-10
4.209050689e-06	2.981913152e-06	-10
4.209050689e-06	2.981913152e-06	-10
4.209050689e-06	2.981913152e-06	-10
4.209050689e-06	2.981913152e-06	-10
4.209050689e-06	2.981913152e-06	-10
4.209050689e-06	2.981913152e-06	-10
4.209050689e-06	2.981913152e-06	-10
4.209050689e-06	2.981913152e-06	-10
4.209050689e-06	2.981913152e-06	0
4.192486502e-06	2.970740466e-06	0
4.175922315e-06	2.959567781e-06	0
4.159358127e-06	2.948395096e-06	0
4.14279394e-06	2.93722241e-06	0
4.126229753e-06	2.926049725e-06	0
4.109665566e-06	2.914877039e-06	0
4.093101378e-06	2.903704354e-06	0
4.093101378e-06	2.903704354e-06	10
4.093101378e-06	2.903704354e-06	10
4.093101378e-06	2.903704354e-06	10
4.093101378e-06	2.903704354e-06	10
4.093101378e-06	2.903704354e-06	10
4.093101378e-06	2.903704354e-06	10
4.093101378e-06	2.903704354e-06	10
4.093101378e-06	2.903704354e-06	10
4.093101378e-06	2.903704354e-06	10
4.093101378e-06	2.903704354e-06	10
4.093101378e-06	2.903704354e-06	10
4.093101378e-06	2.903704354e-06	10
4.093101378e-06	2.903704354e-06	10
4.093101378e-06	2.903704354e-06	10
4.093101378e-06	2.903704354e-06	10
4.093101378e-06	2.903704354e-06	10
4.093101378e-06	2.903704354e-06	10
4.093101378e-06	2.903704354e-06	10
4.093101378e-06	2.903704354e-06	10
4.093101378e-06	2.903704354e-06	10
4.093101378e-06	2.903704354e-06	10
4.093101378e-06	2.903704354e-06	10
4.093101378e-06	2.903704354e-06	10
4.093101378e-06	2.903704354e-06	10
4.093101378e-06	2.903704354e-06	10
4.093101378e-06	2.903704354e-06	0
4.081928693e-06	2.920268541e-06	0
4.070756008e-06	2.936832729e-06	0
4.059583322e-06	2.953396916e-06	0
4.048410637e-06	2.969961103e-06	0
4.037237951e-06	2.98652529e-06	0
4.026065266e-06	3.003089478e-06	0
4.014892581e-06	3.019653665e-06	0
4.014892581e-06	3.019653665e-06	10
4.014892581e-06	3.019653665e-06	10
4.014892581e-06	3.019653665e-06	10
4.014892581e-06	3.019653665e-06	10
4.014892581e-06	3.019653665e-06	10
4.014892581e-06	3.019653665e-06	10
4.014892581e-06	3.019653665e-06	10
4.014892581e-06	3.019653665e-06	10
4.014892581e-06	3.019653665e-06	10
4.014892581e-06	3.019653665e-06	10
4.014892581e-06	3.019653665e-06	10
4.014892581e-06	3.019653665e-06	10
4.014892581e-06	3.019653665e-06	10
4.014892581e-06	3.019653665e-06	10
4.014892581e-06	3.019653665e-06	10
4.014892581e-06	3.019653665e-06	10
4.014892581e-06	3.019653665e-06	10
4.014892581e-06	3.019653665e-06	10
4.014892581e-06	3.019653665e-06	10
4.014892581e-06	3.019653665e-06	10
4.014892581e-06	3.019653665e-06	10
4.014892581e-06	3.019653665e-06	10
4.014892581e-06	3.019653665e-06	10
4.014892581e-06	3.019653665e-06	10
4.014892581e-06	3.019653665e-06	10
4.014892581e-06	3.019653665e-06	0
4.003719895e-06	3.036217852e-06	0
3.99254721e-06	3.052782039e-06	0
3.981374524e-06	3.069346227e-06	0
3.970201839e-06	3.085910414e-06	0
3.959029154e-06	3.102474601e-06	0
3.947856468e-06	3.119038788e-06	0
3.936683783e-06	3.135602976e-06	0
3.936683783e-06	3.135602976e-06	10
3.936683783e-06	3.135602976e-06	10
3.936683783e-06	3.135602976e-06	10
3.936683783e-06	3.135602976e-06	10
3.936683783e-06	3.135602976e-06	10
3.936683783e-06	3.135602976e-06	10
3.936683783e-06	3.135602976e-06	10
3.936683783e-06	3.135602976e-06	10
3.936683783e-06	3.135602976e-06	10
3.936683783e-06	3.135602976e-06	10
3.936683783e-06	3.135602976e-06	10
3.936683783e-06	3.135602976e-06	10
3.936683783e-06	3.135602976e-06	10
3.936683783e-06	3.135602976e-06	10
3.936683783e-06	3.135602976e-06	10
3.936683783e-06	3.135602976e-06	10
3.936683783e-06	3.135602976e-06	10
3.936683783e-06	3.135602976e-06	10
3.936683783e-06	3.135602976e-06	10
3.936683783e-06	3.135602976e-06	10
3.936683783e-06	3.135602976e-06	10
3.936683783e-06	3.135602976e-06	10
3.936683783e-06	3.135602976e-06	10
3.936683783e-06	3.135602976e-06	10
3.936683783e-06	3.135602976e-06	10
3.936683783e-06	3.135602976e-06	0
3.925511098e-06	3.152167163e-06	0
3.914338412e-06	3.16873135e-06	0
3.903165727e-06	3.185295538e-06	0
3.891993041e-06	3.201859725e-06	0
3.880820356e-06	3.218423912e-06	0
3.869647671e-06	3.234988099e-06	0
3.858474985e-06	3.251552287e-06	0
3.858474985e-06	3.251552287e-06	10
3.858474985e-06	3.251552287e-06	10
3.858474985e-06	3.251552287e-06	10
3.858474985e-06	3.251552287e-06	10
3.858474985e-06	3.251552287e-06	10
3.858474985e-06	3.251552287e-06	10
3.858474985e-06	3.251552287e-06	10
3.858474985e-06	3.251552287e-06	10
3.858474985e-06	3.251552287e-06	10
3.858474985e-06	3.251552287e-06	10
3.858474985e-06	3.251552287e-06	10
3.858474985e-06	3.251552287e-06	10
3.858474985e-06	3.251552287e-06	10
3.858474985e-06	3.251552287e-06	10
3.858474985e-06	3.251552287e-06	10
3.858474985e-06	3.251552287e-06	10
3.858474985e-06	3.251552287e-06	10
3.858474985e-06	3.251552287e-06	10
3.858474985e-06	3.251552287e-06	10
3.858474985e-06	3.251552287e-06	10
3.858474985e-06	3.251552287e-06	10
3.858474985e-06	3.251552287e-06	10
3.858474985e-06	3.251552287e-06	10
3.858474985e-06	3.251552287e-06	10
3.858474985e-06	3.251552287e-06	10
3.858474985e-06	3.251552287e-06	0
3.8473023e-06	3.268116474e-06	0
3.836129614e-06	3.284680661e-06	0
3.824956929e-06	3.301244848e-06	0
3.813784244e-06	3.317809036e-06	0
3.802611558e-06	3.334373223e-06	0
3.791438873e-06	3.35093741e-06	0
3.780266188e-06	3.367501597e-06	0
3.780266188e-06	3.367501597e-06	10
3.780266188e-06	3.367501597e-06	10
3.780266188e-06	3.367501597e-06	10
3.780266188e-06	3.367501597e-06	10
3.780266188e-06	3.367501597e-06	10
3.780266188e-06	3.367501597e-06	10
3.780266188e-06	3.367501597e-06	10
3.780266188e-06	3.367501597e-06	10
3.780266188e-06	3.367501597e-06	10
3.780266188e-06	3.367501597e-06	10
3.780266188e-06	3.367501597e-06	10
3.780266188e-06	3.367501597e-06	10
3.780266188e-06	3.367501597e-06	10
3.780266188e-06	3.367501597e-06	10
3.780266188e-06	3.367501597e-06	10
3.780266188e-06	3.367501597e-06	10
3.780266188e-06	3.367501597e-06	10
3.780266188e-06	3.367501597e-06	10
3.780266188e-06	3.367501597e-06	10
3.780266188e-06	3.367501597e-06	10
3.780266188e-06	3.367501597e-06	10
3.780266188e-06	3.367501597e-06	10
3.780266188e-06	3.367501597e-06	10
3.780266188e-06	3.367501597e-06	10
3.780266188e-06	3.367501597e-06	10
3.780266188e-06	3.367501597e-06	0
3.769093502e-06	3.384065785e-06	0
3.757920817e-06	3.400629972e-06	0
3.746748131e-06	3.417194159e-06	0
3.735575446e-06	3.433758346e-06	0
3.724402761e-06	3.450322534e-06	0
3.713230075e-06	3.466886721e-06	0
3.70205739e-06	3.483450908e-06	0
3.70205739e-06	3.483450908e-06	10
3.70205739e-06	3.483450908e-06	10
3.70205739e-06	3.483450908e-06	10
3.70205739e-06	3.483450908e-06	10
3.70205739e-06	3.483450908e-06	10
3.70205739e-06	3.483450908e-06	10
3.70205739e-06	3.483450908e-06	10
3.70205739e-06	3.483450908e-06	10
3.70205739e-06	3.483450908e-06	10
3.70205739e-06	3.483450908e-06	10
3.70205739e-06	3.483450908e-06	10
3.70205739e-06	3.483450908e-06	10
3.70205739e-06	3.483450908e-06	10
3.70205739e-06	3.483450908e-06	10
3.70205739e-06	3.483450908e-06	10
3.70205739e-06	3.483450908e-06	10
3.70205739e-06	3.483450908e-06	10
3.70205739e-06	3.483450908e-06	10
3.70205739e-06	3.483450908e-06	10
3.70205739e-06	3.483450908e-06	10
3.70205739e-06	3.483450908e-06	10
3.70205739e-06	3.483450908e-06	10
3.70205739e-06	3.483450908e-06	10
3.70205739e-06	3.483450908e-06	10
3.70205739e-06	3.483450908e-06	10
3.70205739e-06	3.483450908e-06	0
3.690884704e-06	3.500015096e-06	0
3.679712019e-06	3.516579283e-06	0
3.668539334e-06	3.53314347e-06	0
3.657366648e-06	3.549707657e-06	0
3.646193963e-06	3.566271845e-06	0
3.635021278e-06	3.582836032e-06	0
3.623848592e-06	3.599400219e-06	0
3.623848592e-06	3.599400219e-06	10
3.623848592e-06	3.599400219e-06	10
3.623848592e-06	3.599400219e-06	10
3.623848592e-06	3.599400219e-06	10
3.623848592e-06	3.599400219e-06	10
3.623848592e-06	3.599400219e-06	10
3.623848592e-06	3.599400219e-06	10
3.623848592e-06	3.599400219e-06	10
3.623848592e-06	3.599400219e-06	10
3.623848592e-06	3.599400219e-06	10
3.623848592e-06	3.599400219e-06	10
3.623848592e-06	3.599400219e-06	10
3.623848592e-06	3.599400219e-06	10
3.623848592e-06	3.599400219e-06	10
3.623848592e-06	3.599400219e-06	10
3.623848592e-06	3.599400219e-06	10
3.623848592e-06	3.599400219e-06	10
3.623848592e-06	3.599400219e-06	10
3.623848592e-06	3.599400219e-06	10
3.623848592e-06	3.599400219e-06	10
3.623848592e-06	3.599400219e-06	10
3.623848592e-06	3.599400219e-06	10
3.623848592e-06	3.599400219e-06	10
3.623848592e-06	3.599400219e-06	10
3.623848592e-06	3.599400219e-06	10
3.623848592e-06	3.599400219e-06	0
3.612675907e-06	3.615964406e-06	0
3.601503221e-06	3.632528594e-06	0
3.590330536e-06	3.649092781e-06	0
3.579157851e-06	3.665656968e-06	0
3.567985165e-06	3.682221155e-06	0
3.55681248e-06	3.698785343e-06	0
3.545639794e-06	3.71534953e-06	0
3.545639794e-06	3.71534953e-06	10
3.545639794e-06	3.71534953e-06	10
3.545639794e-06	3.71534953e-06	10
3.545639794e-06	3.71534953e-06	10
3.545639794e-06	3.71534953e-06	10
3.545639794e-06	3.71534953e-06	10
3.545639794e-06	3.71534953e-06	10
3.545639794e-06	3.71534953e-06	10
3.545639794e-06	3.71534953e-06	10
3.545639794e-06	3.71534953e-06	10
3.545639794e-06	3.71534953e-06	10
3.545639794e-06	3.71534953e-06	10
3.545639794e-06	3.71534953e-06	10
3.545639794e-06	3.71534953e-06	10
3.545639794e-06	3.71534953e-06	10
3.545639794e-06	3.71534953e-06	10
3.545639794e-06	3.71534953e-06	10
3.545639794e-06	3.71534953e-06	10
3.545639794e-06	3.71534953e-06	10
3.545639794e-06	3.71534953e-06	10
3.545639794e-06	3.71534953e-06	10
3.545639794e-06	3.71534953e-06	10
3.545639794e-06	3.71534953e-06	10
3.545639794e-06	3.71534953e-06	10
3.545639794e-06	3.71534953e-06	10
3.545639794e-06	3.71534953e-06	0
3.534467109e-06	3.731913717e-06	0
3.523294424e-06	3.748477904e-06	0
3.512121738e-06	3.765042092e-06	0
3.500949053e-06	3.781606279e-06	0
3.489776368e-06	3.798170466e-06	0
3.478603682e-06	3.814734654e-06	0
3.467430997e-06	3.831298841e-06	0
3.467430997e-06	3.831298841e-06	10
3.467430997e-06	3.831298841e-06	10
3.467430997e-06	3.831298841e-06	10
3.467430997e-06	3.831298841e-06	10
3.467430997e-06	3.831298841e-06	10
3.467430997e-06	3.831298841e-06	10
3.467430997e-06	3.831298841e-06	10
3.467430997e-06	3.831298841e-06	10
3.467430997e-06	3.831298841e-06	10
3.467430997e-06	3.831298841e-06	10
3.467430997e-06	3.831298841e-06	10
3.467430997e-06	3.831298841e-06	10
3.467430997e-06	3.831298841e-06	10
3.467430997e-06	3.831298841e-06	10
3.467430997e-06	3.831298841e-06	10
3.467430997e-06	3.831298841e-06	10
3.467430997e-06	3.831298841e-06	10
3.467430997e-06	3.831298841e-06	10
3.467430997e-06	3.831298841e-06	10
3.467430997e-06	3.831298841e-06	10
3.467430997e-06	3.831298841e-06	10
3.467430997e-06	3.831298841e-06	10
3.467430997e-06	3.831298841e-06	10
3.467430997e-06	3.831298841e-06	10
3.467430997e-06	3.831298841e-06	10
3.467430997e-06	3.831298841e-06	0
3.456258311e-06	3.847863028e-06	0
3.445085626e-06	3.864427215e-06	0
3.433912941e-06	3.880991403e-06	0
3.422740255e-06	3.89755559e-06	0
3.41156757e-06	3.914119777e-06	0
3.400394884e-06	3.930683964e-06	0
3.389222199e-06	3.947248152e-06	0
3.389222199e-06	3.947248152e-06	10
3.389222199e-06	3.947248152e-06	10
3.389222199e-06	3.947248152e-06	10
3.389222199e-06	3.947248152e-06	10
3.389222199e-06	3.947248152e-06	10
3.389222199e-06	3.947248152e-06	10
3.389222199e-06	3.947248152e-06	10
3.389222199e-06	3.947248152e-06	10
3.389222199e-06	3.947248152e-06	10
3.389222199e-06	3.947248152e-06	10
3.389222199e-06	3.947248152e-06	10
3.389222199e-06	3.947248152e-06	10
3.389222199e-06	3.947248152e-06	10
3.389222199e-06	3.947248152e-06	10
3.389222199e-06	3.947248152e-06	10
3.389222199e-06	3.947248152e-06	10
3.389222199e-06	3.947248152e-06	10
3.389222199e-06	3.947248152e-06	10
3.389222199e-06	3.947248152e-06	10
3.389222199e-06	3.947248152e-06	10
3.389222199e-06	3.947248152e-06	10
3.389222199e-06	3.947248152e-06	10
3.389222199e-06	3.947248152e-06	10
3.389222199e-06	3.947248152e-06	10
3.389222199e-06	3.947248152e-06	10
3.389222199e-06	3.947248152e-06	0
3.378049514e-06	3.963812339e-06	0
3.366876828e-06	3.980376526e-06	0
3.355704143e-06	3.996940713e-06	0
3.344531458e-06	4.013504901e-06	0
3.333358772e-06	4.030069088e-06	0
3.322186087e-06	4.046633275e-06	0
3.311013401e-06	4.063197462e-06	0
3.311013401e-06	4.063197462e-06	10
3.311013401e-06	4.063197462e-06	10
3.311013401e-06	4.063197462e-06	10
3.311013401e-06	4.063197462e-06	10
3.311013401e-06	4.063197462e-06	10
3.311013401e-06	4.063197462e-06	10
3.311013401e-06	4.063197462e-06	10
3.311013401e-06	4.063197462e-06	10
3.311013401e-06	4.063197462e-06	10
3.311013401e-06	4.063197462e-06	10
3.311013401e-06	4.063197462e-06	10
3.311013401e-06	4.063197462e-06	10
3.311013401e-06	4.063197462e-06	10
3.311013401e-06	4.063197462e-06	10
3.311013401e-06	4.063197462e-06	10
3.311013401e-06	4.063197462e-06	10
3.311013401e-06	4.063197462e-06	10
3.311013401e-06	4.063197462e-06	10
3.311013401e-06	4.063197462e-06	10
3.311013401e-06	4.063197462e-06	10
3.311013401e-06	4.063197462e-06	10
3.311013401e-06	4.063197462e-06	10
3.311013401e-06	4.063197462e-06	10
3.311013401e-06	4.063197462e-06	10
3.311013401e-06	4.063197462e-06	10
3.311013401e-06	4.063197462e-06	0
3.299840716e-06	4.07976165e-06	0
3.288668031e-06	4.096325837e-06	0
3.277495345e-06	4.112890024e-06	0
3.26632266e-06	4.129454212e-06	0
3.255149975e-06	4.146018399e-06	0
3.243977289e-06	4.162582586e-06	0
3.232804604e-06	4.179146773e-06	0
3.232804604e-06	4.179146773e-06	10
3.232804604e-06	4.179146773e-06	10
3.232804604e-06	4.179146773e-06	10
3.232804604e-06	4.179146773e-06	10
3.232804604e-06	4.179146773e-06	10
3.232804604e-06	4.179146773e-06	10
3.232804604e-06	4.179146773e-06	10
3.232804604e-06	4.179146773e-06	10
3.232804604e-06	4.179146773e-06	10
3.232804604e-06	4.179146773e-06	10
3.232804604e-06	4.179146773e-06	10
3.232804604e-06	4.179146773e-06	10
3.232804604e-06	4.179146773e-06	10
3.232804604e-06	4.179146773e-06	10
3.232804604e-06	4.179146773e-06	10
3.232804604e-06	4.179146773e-06	10
3.232804604e-06	4.179146773e-06	10
3.232804604e-06	4.179146773e-06	10
3.232804604e-06	4.179146773e-06	10
3.232804604e-06	4.179146773e-06	10
3.232804604e-06	4.179146773e-06	10
3.232804604e-06	4.179146773e-06	10
3.232804604e-06	4.179146773e-06	10
3.232804604e-06	4.179146773e-06	10
3.232804604e-06	4.179146773e-06	10
3.232804604e-06	4.179146773e-06	0
3.216240416e-06	4.167974088e-06	0
3.199676229e-06	4.156801403e-06	0
3.183112042e-06	4.145628717e-06	0
3.166547855e-06	4.134456032e-06	0
3.149983667e-06	4.123283346e-06	0
3.13341948e-06	4.112110661e-06	0
3.116855293e-06	4.100937976e-06	0
3.116855293e-06	4.100937976e-06	-10
3.116855293e-06	4.100937976e-06	-10
3.116855293e-06	4.100937976e-06	-10
3.116855293e-06	4.100937976e-06	-10
3.116855293e-06	4.100937976e-06	-10
3.116855293e-06	4.100937976e-06	-10
3.116855293e-06	4.100937976e-06	-10
3.116855293e-06	4.100937976e-06	-10
3.116855293e-06	4.100937976e-06	-10
3.116855293e-06	4.100937976e-06	-10
3.116855293e-06	4.100937976e-06	-10
3.116855293e-06	4.100937976e-06	-10
3.116855293e-06	4.100937976e-06	-10
3.116855293e-06	4.100937976e-06	-10
3.116855293e-06	4.100937976e-06	-10
3.116855293e-06	4.100937976e-06	-10
3.116855293e-06	4.100937976e-06	-10
3.116855293e-06	4.100937976e-06	-10
3.116855293e-06	4.100937976e-06	-10
3.116855293e-06	4.100937976e-06	-10
3.116855293e-06	4.100937976e-06	-10
3.116855293e-06	4.100937976e-06	-10
3.116855293e-06	4.100937976e-06	-10
3.116855293e-06	4.100937976e-06	-10
3.116855293e-06	4.100937976e-06	-10
3.116855293e-06	4.100937976e-06	0
3.128027978e-06	4.084373788e-06	0
3.139200664e-06	4.067809601e-06	0
3.150373349e-06	4.051245414e-06	0
3.161546034e-06	4.034681227e-06	0
3.17271872e-06	4.018117039e-06	0
3.183891405e-06	4.001552852e-06	0
3.195064091e-06	3.984988665e-06	0
3.195064091e-06	3.984988665e-06	-10
3.195064091e-06	3.984988665e-06	-10
3.195064091e-06	3.984988665e-06	-10
3.195064091e-06	3.984988665e-06	-10
3.195064091e-06	3.984988665e-06	-10
3.195064091e-06	3.984988665e-06	-10
3.195064091e-06	3.984988665e-06	-10
3.195064091e-06	3.984988665e-06	-10
3.195064091e-06	3.984988665e-06	-10
3.195064091e-06	3.984988665e-06	-10
3.195064091e-06	3.984988665e-06	-10
3.195064091e-06	3.984988665e-06	-10
3.195064091e-06	3.984988665e-06	-10
3.195064091e-06	3.984988665e-06	-10
3.195064091e-06	3.984988665e-06	-10
3.195064091e-06	3.984988665e-06	-10
3.195064091e-06	3.984988665e-06	-10
3.195064091e-06	3.984988665e-06	-10
3.195064091e-06	3.984988665e-06	-10
3.195064091e-06	3.984988665e-06	-10
3.195064091e-06	3.984988665e-06	-10
3.195064091e-06	3.984988665e-06	-10
3.195064091e-06	3.984988665e-06	-10
3.195064091e-06	3.984988665e-06	-10
3.195064091e-06	3.984988665e-06	-10
3.195064091e-06	3.984988665e-06	0
3.206236776e-06	3.968424478e-06	0
3.217409461e-06	3.95186029e-06	0
3.228582147e-06	3.935296103e-06	0
3.239754832e-06	3.918731916e-06	0
3.250927517e-06	3.902167728e-06	0
3.262100203e-06	3.885603541e-06	0
3.273272888e-06	3.869039354e-06	0
3.273272888e-06	3.869039354e-06	-10
3.273272888e-06	3.869039354e-06	-10
3.273272888e-06	3.869039354e-06	-10
3.273272888e-06	3.869039354e-06	-10
3.273272888e-06	3.869039354e-06	-10
3.273272888e-06	3.869039354e-06	-10
3.273272888e-06	3.869039354e-06	-10
3.273272888e-06	3.869039354e-06	-10
3.273272888e-06	3.869039354e-06	-10
3.273272888e-06	3.869039354e-06	-10
3.273272888e-06	3.869039354e-06	-10
3.273272888e-06	3.869039354e-06	-10
3.273272888e-06	3.869039354e-06	-10
3.273272888e-06	3.869039354e-06	-10
3.273272888e-06	3.869039354e-06	-10
3.273272888e-06	3.869039354e-06	-10
3.273272888e-06	3.869039354e-06	-10
3.273272888e-06	3.869039354e-06	-10
3.273272888e-06	3.869039354e-06	-10
3.273272888e-06	3.869039354e-06	-10
3.273272888e-06	3.869039354e-06	-10
3.273272888e-06	3.869039354e-06	-10
3.273272888e-06	3.869039354e-06	-10
3.273272888e-06	3.869039354e-06	-10
3.273272888e-06	3.869039354e-06	-10
3.273272888e-06	3.869039354e-06	0
3.284445574e-06	3.852475167e-06	0
3.295618259e-06	3.835910979e-06	0
3.306790944e-06	3.819346792e-06	0
3.31796363e-06	3.802782605e-06	0
3.329136315e-06	3.786218418e-06	0
3.340309001e-06	3.76965423e-06	0
3.351481686e-06	3.753090043e-06	0
3.351481686e-06	3.753090043e-06	-10
3.351481686e-06	3.753090043e-06	-10
3.351481686e-06	3.753090043e-06	-10
3.351481686e-06	3.753090043e-06	-10
3.351481686e-06	3.753090043e-06	-10
3.351481686e-06	3.753090043e-06	-10
3.351481686e-06	3.753090043e-06	-10
3.351481686e-06	3.753090043e-06	-10
3.351481686e-06	3.753090043e-06	-10
3.351481686e-06	3.753090043e-06	-10
3.351481686e-06	3.753090043e-06	-10
3.351481686e-06	3.753090043e-06	-10
3.351481686e-06	3.753090043e-06	-10
3.351481686e-06	3.753090043e-06	-10
3.351481686e-06	3.753090043e-06	-10
3.351481686e-06	3.753090043e-06	-10
3.351481686e-06	3.753090043e-06	-10
3.351481686e-06	3.753090043e-06	-10
3.351481686e-06	3.753090043e-06	-10
3.351481686e-06	3.753090043e-06	-10
3.351481686e-06	3.753090043e-06	-10
3.351481686e-06	3.753090043e-06	-10
3.351481686e-06	3.753090043e-06	-10
3.351481686e-06	3.753090043e-06	-10
3.351481686e-06	3.753090043e-06	-10
3.351481686e-06	3.753090043e-06	0
3.362654371e-06	3.736525856e-06	0
3.373827057e-06	3.719961669e-06	0
3.384999742e-06	3.703397481e-06	0
3.396172427e-06	3.686833294e-06	0
3.407345113e-06	3.670269107e-06	0
3.418517798e-06	3.65370492e-06	0
3.429690484e-06	3.637140732e-06	0
3.429690484e-06	3.637140732e-06	-10
3.429690484e-06	3.637140732e-06	-10
3.429690484e-06	3.637140732e-06	-10
3.429690484e-06	3.637140732e-06	-10
3.429690484e-06	3.637140732e-06	-10
3.429690484e-06	3.637140732e-06	-10
3.429690484e-06	3.637140732e-06	-10
3.429690484e-06	3.637140732e-06	-10
3.429690484e-06	3.637140732e-06	-10
3.429690484e-06	3.637140732e-06	-10
3.429690484e-06	3.637140732e-06	-10
3.429690484e-06	3.637140732e-06	-10
3.429690484e-06	3.637140732e-06	-10
3.429690484e-06	3.637140732e-06	-10
3.429690484e-06	3.637140732e-06	-10
3.429690484e-06	3.637140732e-06	-10
3.429690484e-06	3.637140732e-06	-10
3.429690484e-06	3.637140732e-06	-10
3.429690484e-06	3.637140732e-06	-10
3.429690484e-06	3.637140732e-06	-10
3.429690484e-06	3.637140732e-06	-10
3.429690484e-06	3.637140732e-06	-10
3.429690484e-06	3.637140732e-06	-10
3.429690484e-06	3.637140732e-06	-10
3.429690484e-06	3.637140732e-06	-10
3.429690484e-06	3.637140732e-06	0
3.440863169e-06	3.620576545e-06	0
3.452035854e-06	3.604012358e-06	0
3.46320854e-06	3.58744817e-06	0
3.474381225e-06	3.570883983e-06	0
3.485553911e-06	3.554319796e-06	0
3.496726596e-06	3.537755609e-06	0
3.507899281e-06	3.521191421e-06	0
3.507899281e-06	3.521191421e-06	-10
3.507899281e-06	3.521191421e-06	-10
3.507899281e-06	3.521191421e-06	-10
3.507899281e-06	3.521191421e-06	-10
3.507899281e-06	3.521191421e-06	-10
3.507899281e-06	3.521191421e-06	-10
3.507899281e-06	3.521191421e-06	-10
3.507899281e-06	3.521191421e-06	-10
3.507899281e-06	3.521191421e-06	-10
3.507899281e-06	3.521191421e-06	-10
3.507899281e-06	3.521191421e-06	-10
3.507899281e-06	3.521191421e-06	-10
3.507899281e-06	3.521191421e-06	-10
3.507899281e-06	3.521191421e-06	-10
3.507899281e-06	3.521191421e-06	-10
3.507899281e-06	3.521191421e-06	-10
3.507899281e-06	3.521191421e-06	-10
3.507899281e-06	3.521191421e-06	-10
3.507899281e-06	3.521191421e-06	-10
3.507899281e-06	3.521191421e-06	-10
3.507899281e-06	3.521191421e-06	-10
3.507899281e-06	3.521191421e-06	-10
3.507899281e-06	3.521191421e-06	-10
3.507899281e-06	3.521191421e-06	-10
3.507899281e-06	3.521191421e-06	-10
3.507899281e-06	3.521191421e-06	0
3.519071967e-06	3.504627234e-06	0
3.530244652e-06	3.488063047e-06	0
3.541417337e-06	3.47149886e-06	0
3.552590023e-06	3.454934672e-06	0
3.563762708e-06	3.438370485e-06	0
3.574935394e-06	3.421806298e-06	0
3.586108079e-06	3.405242111e-06	0
3.586108079e-06	3.405242111e-06	-10
3.586108079e-06	3.405242111e-06	-10
3.586108079e-06	3.405242111e-06	-10
3.586108079e-06	3.405242111e-06	-10
3.586108079e-06	3.405242111e-06	-10
3.586108079e-06	3.405242111e-06	-10
3.586108079e-06	3.405242111e-06	-10
3.586108079e-06	3.405242111e-06	-10
3.586108079e-06	3.405242111e-06	-10
3.586108079e-06	3.405242111e-06	-10
3.586108079e-06	3.405242111e-06	-10
3.586108079e-06	3.405242111e-06	-10
3.586108079e-06	3.405242111e-06	-10
3.586108079e-06	3.405242111e-06	-10
3.586108079e-06	3.405242111e-06	-10
3.586108079e-06	3.405242111e-06	-10
3.586108079e-06	3.405242111e-06	-10
3.586108079e-06	3.405242111e-06	-10
3.586108079e-06	3.405242111e-06	-10
3.586108079e-06	3.405242111e-06	-10
3.586108079e-06	3.405242111e-06	-10
3.586108079e-06	3.405242111e-06	-10
3.586108079e-06	3.405242111e-06	-10
3.586108079e-06	3.405242111e-06	-10
3.586108079e-06	3.405242111e-06	-10
3.586108079e-06	3.405242111e-06	0
3.597280764e-06	3.388677923e-06	0
3.60845345e-06	3.372113736e-06	0
3.619626135e-06	3.355549549e-06	0
3.630798821e-06	3.338985362e-06	0
3.641971506e-06	3.322421174e-06	0
3.653144191e-06	3.305856987e-06	0
3.664316877e-06	3.2892928e-06	0
3.664316877e-06	3.2892928e-06	-10
3.664316877e-06	3.2892928e-06	-10
3.664316877e-06	3.2892928e-06	-10
3.664316877e-06	3.2892928e-06	-10
3.664316877e-06	3.2892928e-06	-10
3.664316877e-06	3.2892928e-06	-10
3.664316877e-06	3.2892928e-06	-10
3.664316877e-06	3.2892928e-06	-10
3.664316877e-06	3.2892928e-06	-10
3.664316877e-06	3.2892928e-06	-10
3.664316877e-06	3.2892928e-06	-10
3.664316877e-06	3.2892928e-06	-10
3.664316877e-06	3.2892928e-06	-10
3.664316877e-06	3.2892928e-06	-10
3.664316877e-06	3.2892928e-06	-10
3.664316877e-06	3.2892928e-06	-10
3.664316877e-06	3.2892928e-06	-10
3.664316877e-06	3.2892928e-06	-10
3.664316877e-06	3.2892928e-06	-10
3.664316877e-06	3.2892928e-06	-10
3.664316877e-06	3.2892928e-06	-10
3.664316877e-06	3.2892928e-06	-10
3.664316877e-06	3.2892928e-06	-10
3.664316877e-06	3.2892928e-06	-10
3.664316877e-06	3.2892928e-06	-10
3.664316877e-06	3.2892928e-06	0
3.675489562e-06	3.272728612e-06	0
3.686662247e-06	3.256164425e-06	0
3.697834933e-06	3.239600238e-06	0
3.709007618e-06	3.223036051e-06	0
3.720180304e-06	3.206471863e-06	0
3.731352989e-06	3.189907676e-06	0
3.742525674e-06	3.173343489e-06	0
3.742525674e-06	3.173343489e-06	-10
3.742525674e-06	3.173343489e-06	-10
3.742525674e-06	3.173343489e-06	-10
3.742525674e-06	3.173343489e-06	-10
3.742525674e-06	3.173343489e-06	-10
3.742525674e-06	3.173343489e-06	-10
3.742525674e-06	3.173343489e-06	-10
3.742525674e-06	3.173343489e-06	-10
3.742525674e-06	3.173343489e-06	-10
3.742525674e-06	3.173343489e-06	-10
3.742525674e-06	3.173343489e-06	-10
3.742525674e-06	3.173343489e-06	-10
3.742525674e-06	3.173343489e-06	-10
3.742525674e-06	3.173343489e-06	-10
3.742525674e-06	3.173343489e-06	-10
3.742525674e-06	3.173343489e-06	-10
3.742525674e-06	3.173343489e-06	-10
3.742525674e-06	3.173343489e-06	-10
3.742525674e-06	3.173343489e-06	-10
3.742525674e-06	3.173343489e-06	-10
3.742525674e-06	3.173343489e-06	-10
3.742525674e-06	3.173343489e-06	-10
3.742525674e-06	3.173343489e-06	-10
3.742525674e-06	3.173343489e-06	-10
3.742525674e-06	3.173343489e-06	-10
3.742525674e-06	3.173343489e-06	0
3.75369836e-06	3.156779302e-06	0
3.764871045e-06	3.140215114e-06	0
3.776043731e-06	3.123650927e-06	0
3.787216416e-06	3.10708674e-06	0
3.798389101e-06	3.090522553e-06	0
3.809561787e-06	3.073958365e-06	0
3.820734472e-06	3.057394178e-06	0
3.820734472e-06	3.057394178e-06	-10
3.820734472e-06	3.057394178e-06	-10
3.820734472e-06	3.057394178e-06	-10
3.820734472e-06	3.057394178e-06	-10
3.820734472e-06	3.057394178e-06	-10
3.820734472e-06	3.057394178e-06	-10
3.820734472e-06	3.057394178e-06	-10
3.820734472e-06	3.057394178e-06	-10
3.820734472e-06	3.057394178e-06	-10
3.820734472e-06	3.057394178e-06	-10
3.820734472e-06	3.057394178e-06	-10
3.820734472e-06	3.057394178e-06	-10
3.820734472e-06	3.057394178e-06	-10
3.820734472e-06	3.057394178e-06	-10
3.820734472e-06	3.057394178e-06	-10
3.820734472e-06	3.057394178e-06	-10
3.820734472e-06	3.057394178e-06	-10
3.820734472e-06	3.057394178e-06	-10
3.820734472e-06	3.057394178e-06	-10
3.820734472e-06	3.057394178e-06	-10
3.820734472e-06	3.057394178e-06	-10
3.820734472e-06	3.057394178e-06	-10
3.820734472e-06	3.057394178e-06	-10
3.820734472e-06	3.057394178e-06	-10
3.820734472e-06	3.057394178e-06	-10
3.820734472e-06	3.057394178e-06	0
3.831907157e-06	3.040829991e-06	0
3.843079843e-06	3.024265803e-06	0
3.854252528e-06	3.007701616e-06	0
3.865425214e-06	2.991137429e-06	0
3.876597899e-06	2.974573242e-06	0
3.887770584e-06	2.958009054e-06	0
3.89894327e-06	2.941444867e-06	0
3.89894327e-06	2.941444867e-06	-10
3.89894327e-06	2.941444867e-06	-10
3.89894327e-06	2.941444867e-06	-10
3.89894327e-06	2.941444867e-06	-10
3.89894327e-06	2.941444867e-06	-10
3.89894327e-06	2.941444867e-06	-10
3.89894327e-06	2.941444867e-06	-10
3.89894327e-06	2.941444867e-06	-10
3.89894327e-06	2.941444867e-06	-10
3.89894327e-06	2.941444867e-06	-10
3.89894327e-06	2.941444867e-06	-10
3.89894327e-06	2.941444867e-06	-10
3.89894327e-06	2.941444867e-06	-10
3.89894327e-06	2.941444867e-06	-10
3.89894327e-06	2.941444867e-06	-10
3.89894327e-06	2.941444867e-06	-10
3.89894327e-06	2.941444867e-06	-10
3.89894327e-06	2.941444867e-06	-10
3.89894327e-06	2.941444867e-06	-10
3.89894327e-06	2.941444867e-06	-10
3.89894327e-06	2.941444867e-06	-10
3.89894327e-06	2.941444867e-06	-10
3.89894327e-06	2.941444867e-06	-10
3.89894327e-06	2.941444867e-06	-10
3.89894327e-06	2.941444867e-06	-10
3.89894327e-06	2.941444867e-06	0
3.910115955e-06	2.92488068e-06	0
3.921288641e-06	2.908316493e-06	0
3.932461326e-06	2.891752305e-06	0
3.943634011e-06	2.875188118e-06	0
3.954806697e-06	2.858623931e-06	0
3.965979382e-06	2.842059744e-06	0
3.977152067e-06	2.825495556e-06	0
3.977152067e-06	2.825495556e-06	-10
3.977152067e-06	2.825495556e-06	-10
3.977152067e-06	2.825495556e-06	-10
3.977152067e-06	2.825495556e-06	-10
3.977152067e-06	2.825495556e-06	-10
3.977152067e-06	2.825495556e-06	-10
3.977152067e-06	2.825495556e-06	-10
3.977152067e-06	2.825495556e-06	-10
3.977152067e-06	2.825495556e-06	-10
3.977152067e-06	2.825495556e-06	-10
3.977152067e-06	2.825495556e-06	-10
3.977152067e-06	2.825495556e-06	-10
3.977152067e-06	2.825495556e-06	-10
3.977152067e-06	2.825495556e-06	-10
3.977152067e-06	2.825495556e-06	-10
3.977152067e-06	2.825495556e-06	-10
3.977152067e-06	2.825495556e-06	-10
3.977152067e-06	2.825495556e-06	-10
3.977152067e-06	2.825495556e-06	-10
3.977152067e-06	2.825495556e-06	-10
3.977152067e-06	2.825495556e-06	-10
3.977152067e-06	2.825495556e-06	-10
3.977152067e-06	2.825495556e-06	-10
3.977152067e-06	2.825495556e-06	-10
3.977152067e-06	2.825495556e-06	-10
3.977152067e-06	2.825495556e-06	0
3.96058788e-06	2.814322871e-06	0
3.944023693e-06	2.803150186e-06	0
3.927459506e-06	2.7919775e-06	0
3.910895318e-06	2.780804815e-06	0
3.894331131e-06	2.769632129e-06	0
3.877766944e-06	2.758459444e-06	0
3.861202757e-06	2.747286759e-06	0
3.861202757e-06	2.747286759e-06	10
3.861202757e-06	2.747286759e-06	10
3.861202757e-06	2.747286759e-06	10
3.861202757e-06	2.747286759e-06	10
3.861202757e-06	2.747286759e-06	10
3.861202757e-06	2.747286759e-06	10
3.861202757e-06	2.747286759e-06	10
3.861202757e-06	2.747286759e-06	10
3.861202757e-06	2.747286759e-06	10
3.861202757e-06	2.747286759e-06	10
3.861202757e-06	2.747286759e-06	10
3.861202757e-06	2.747286759e-06	10
3.861202757e-06	2.747286759e-06	10
3.861202757e-06	2.747286759e-06	10
3.861202757e-06	2.747286759e-06	10
3.861202757e-06	2.747286759e-06	10
3.861202757e-06	2.747286759e-06	10
3.861202757e-06	2.747286759e-06	10
3.861202757e-06	2.747286759e-06	10
3.861202757e-06	2.747286759e-06	10
3.861202757e-06	2.747286759e-06	10
3.861202757e-06	2.747286759e-06	10
3.861202757e-06	2.747286759e-06	10
3.861202757e-06	2.747286759e-06	10
3.861202757e-06	2.747286759e-06	10
3.861202757e-06	2.747286759e-06	0
3.850030071e-06	2.763850946e-06	0
3.838857386e-06	2.780415133e-06	0
3.8276847e-06	2.79697932e-06	0
3.816512015e-06	2.813543508e-06	0
3.80533933e-06	2.830107695e-06	0
3.794166644e-06	2.846671882e-06	0
3.782993959e-06	2.863236069e-06	0
3.782993959e-06	2.863236069e-06	10
3.782993959e-06	2.863236069e-06	10
3.782993959e-06	2.863236069e-06	10
3.782993959e-06	2.863236069e-06	10
3.782993959e-06	2.863236069e-06	10
3.782993959e-06	2.863236069e-06	10
3.782993959e-06	2.863236069e-06	10
3.782993959e-06	2.863236069e-06	10
3.782993959e-06	2.863236069e-06	10
3.782993959e-06	2.863236069e-06	10
3.782993959e-06	2.863236069e-06	10
3.782993959e-06	2.863236069e-06	10
3.782993959e-06	2.863236069e-06	10
3.782993959e-06	2.863236069e-06	10
3.782993959e-06	2.863236069e-06	10
3.782993959e-06	2.863236069e-06	10
3.782993959e-06	2.863236069e-06	10
3.782993959e-06	2.863236069e-06	10
3.782993959e-06	2.863236069e-06	10
3.782993959e-06	2.863236069e-06	10
3.782993959e-06	2.863236069e-06	10
3.782993959e-06	2.863236069e-06	10
3.782993959e-06	2.863236069e-06	10
3.782993959e-06	2.863236069e-06	10
3.782993959e-06	2.863236069e-06	10
3.782993959e-06	2.863236069e-06	0
3.771821274e-06	2.879800257e-06	0
3.760648588e-06	2.896364444e-06	0
3.749475903e-06	2.912928631e-06	0
3.738303217e-06	2.929492819e-06	0
3.727130532e-06	2.946057006e-06	0
3.715957847e-06	2.962621193e-06	0
3.704785161e-06	2.97918538e-06	0
3.704785161e-06	2.97918538e-06	10
3.704785161e-06	2.97918538e-06	10
3.704785161e-06	2.97918538e-06	10
3.704785161e-06	2.97918538e-06	10
3.704785161e-06	2.97918538e-06	10
3.704785161e-06	2.97918538e-06	10
3.704785161e-06	2.97918538e-06	10
3.704785161e-06	2.97918538e-06	10
3.704785161e-06	2.97918538e-06	10
3.704785161e-06	2.97918538e-06	10
3.704785161e-06	2.97918538e-06	10
3.704785161e-06	2.97918538e-06	10
3.704785161e-06	2.97918538e-06	10
3.704785161e-06	2.97918538e-06	10
3.704785161e-06	2.97918538e-06	10
3.704785161e-06	2.97918538e-06	10
3.704785161e-06	2.97918538e-06	10
3.704785161e-06	2.97918538e-06	10
3.704785161e-06	2.97918538e-06	10
3.704785161e-06	2.97918538e-06	10
3.704785161e-06	2.97918538e-06	10
3.704785161e-06	2.97918538e-06	10
3.704785161e-06	2.97918538e-06	10
3.704785161e-06	2.97918538e-06	10
3.704785161e-06	2.97918538e-06	10
3.704785161e-06	2.97918538e-06	0
3.693612476e-06	2.995749568e-06	0
3.68243979e-06	3.012313755e-06	0
3.671267105e-06	3.028877942e-06	0
3.66009442e-06	3.045442129e-06	0
3.648921734e-06	3.062006317e-06	0
3.637749049e-06	3.078570504e-06	0
3.626576364e-06	3.095134691e-06	0
3.626576364e-06	3.095134691e-06	10
3.626576364e-06	3.095134691e-06	10
3.626576364e-06	3.095134691e-06	10
3.626576364e-06	3.095134691e-06	10
3.626576364e-06	3.095134691e-06	10
3.626576364e-06	3.095134691e-06	10
3.626576364e-06	3.095134691e-06	10
3.626576364e-06	3.095134691e-06	10
3.626576364e-06	3.095134691e-06	10
3.626576364e-06	3.095134691e-06	10
3.626576364e-06	3.095134691e-06	10
3.626576364e-06	3.095134691e-06	10
3.626576364e-06	3.095134691e-06	10
3.626576364e-06	3.095134691e-06	10
3.626576364e-06	3.095134691e-06	10
3.626576364e-06	3.095134691e-06	10
3.626576364e-06	3.095134691e-06	10
3.626576364e-06	3.095134691e-06	10
3.626576364e-06	3.095134691e-06	10
3.626576364e-06	3.095134691e-06	10
3.626576364e-06	3.095134691e-06	10
3.626576364e-06	3.095134691e-06	10
3.626576364e-06	3.095134691e-06	10
3.626576364e-06	3.095134691e-06	10
3.626576364e-06	3.095134691e-06	10
3.626576364e-06	3.095134691e-06	0
3.615403678e-06	3.111698878e-06	0
3.604230993e-06	3.128263066e-06	0
3.593058307e-06	3.144827253e-06	0
3.581885622e-06	3.16139144e-06	0
3.570712937e-06	3.177955628e-06	0
3.559540251e-06	3.194519815e-06	0
3.548367566e-06	3.211084002e-06	0
3.548367566e-06	3.211084002e-06	10
3.548367566e-06	3.211084002e-06	10
3.548367566e-06	3.211084002e-06	10
3.548367566e-06	3.211084002e-06	10
3.548367566e-06	3.211084002e-06	10
3.548367566e-06	3.211084002e-06	10
3.548367566e-06	3.211084002e-06	10
3.548367566e-06	3.211084002e-06	10
3.548367566e-06	3.211084002e-06	10
3.548367566e-06	3.211084002e-06	10
3.548367566e-06	3.211084002e-06	10
3.548367566e-06	3.211084002e-06	10
3.548367566e-06	3.211084002e-06	10
3.548367566e-06	3.211084002e-06	10
3.548367566e-06	3.211084002e-06	10
3.548367566e-06	3.211084002e-06	10
3.548367566e-06	3.211084002e-06	10
3.548367566e-06	3.211084002e-06	10
3.548367566e-06	3.211084002e-06	10
3.548367566e-06	3.211084002e-06	10
3.548367566e-06	3.211084002e-06	10
3.548367566e-06	3.211084002e-06	10
3.548367566e-06	3.211084002e-06	10
3.548367566e-06	3.211084002e-06	10
3.548367566e-06	3.211084002e-06	10
3.548367566e-06	3.211084002e-06	0
3.53719488e-06	3.227648189e-06	0
3.526022195e-06	3.244212377e-06	0
3.51484951e-06	3.260776564e-06	0
3.503676824e-06	3.277340751e-06	0
3.492504139e-06	3.293904938e-06	0
3.481331454e-06	3.310469126e-06	0
3.470158768e-06	3.327033313e-06	0
3.470158768e-06	3.327033313e-06	10
3.470158768e-06	3.327033313e-06	10
3.470158768e-06	3.327033313e-06	10
3.470158768e-06	3.327033313e-06	10
3.470158768e-06	3.327033313e-06	10
3.470158768e-06	3.327033313e-06	10
3.470158768e-06	3.327033313e-06	10
3.470158768e-06	3.327033313e-06	10
3.470158768e-06	3.327033313e-06	10
3.470158768e-06	3.327033313e-06	10
3.470158768e-06	3.327033313e-06	10
3.470158768e-06	3.327033313e-06	10
3.470158768e-06	3.327033313e-06	10
3.470158768e-06	3.327033313e-06	10
3.470158768e-06	3.327033313e-06	10
3.470158768e-06	3.327033313e-06	10
3.470158768e-06	3.327033313e-06	10
3.470158768e-06	3.327033313e-06	10
3.470158768e-06	3.327033313e-06	10
3.470158768e-06	3.327033313e-06	10
3.470158768e-06	3.327033313e-06	10
3.470158768e-06	3.327033313e-06	10
3.470158768e-06	3.327033313e-06	10
3.470158768e-06	3.327033313e-06	10
3.470158768e-06	3.327033313e-06	10
3.470158768e-06	3.327033313e-06	0
3.458986083e-06	3.3435975e-06	0
3.447813397e-06	3.360161687e-06	0
3.436640712e-06	3.376725875e-06	0
3.425468027e-06	3.393290062e-06	0
3.414295341e-06	3.409854249e-06	0
3.403122656e-06	3.426418436e-06	0
3.39194997e-06	3.442982624e-06	0
3.39194997e-06	3.442982624e-06	10
3.39194997e-06	3.442982624e-06	10
3.39194997e-06	3.442982624e-06	10
3.39194997e-06	3.442982624e-06	10
3.39194997e-06	3.442982624e-06	10
3.39194997e-06	3.442982624e-06	10
3.39194997e-06	3.442982624e-06	10
3.39194997e-06	3.442982624e-06	10
3.39194997e-06	3.442982624e-06	10
3.39194997e-06	3.442982624e-06	10
3.39194997e-06	3.442982624e-06	10
3.39194997e-06	3.442982624e-06	10
3.39194997e-06	3.442982624e-06	10
3.39194997e-06	3.442982624e-06	10
3.39194997e-06	3.442982624e-06	10
3.39194997e-06	3.442982624e-06	10
3.39194997e-06	3.442982624e-06	10
3.39194997e-06	3.442982624e-06	10
3.39194997e-06	3.442982624e-06	10
3.39194997e-06	3.442982624e-06	10
3.39194997e-06	3.442982624e-06	10
3.39194997e-06	3.442982624e-06	10
3.39194997e-06	3.442982624e-06	10
3.39194997e-06	3.442982624e-06	10
3.39194997e-06	3.442982624e-06	10
3.39194997e-06	3.442982624e-06	0
3.380777285e-06	3.459546811e-06	0
3.3696046e-06	3.476110998e-06	0
3.358431914e-06	3.492675186e-06	0
3.347259229e-06	3.509239373e-06	0
3.336086544e-06	3.52580356e-06	0
3.324913858e-06	3.542367747e-06	0
3.313741173e-06	3.558931935e-06	0
3.313741173e-06	3.558931935e-06	10
3.313741173e-06	3.558931935e-06	10
3.313741173e-06	3.558931935e-06	10
3.313741173e-06	3.558931935e-06	10
3.313741173e-06	3.558931935e-06	10
3.313741173e-06	3.558931935e-06	10
3.313741173e-06	3.558931935e-06	10
3.313741173e-06	3.558931935e-06	10
3.313741173e-06	3.558931935e-06	10
3.313741173e-06	3.558931935e-06	10
3.313741173e-06	3.558931935e-06	10
3.313741173e-06	3.558931935e-06	10
3.313741173e-06	3.558931935e-06	10
3.313741173e-06	3.558931935e-06	10
3.313741173e-06	3.558931935e-06	10
3.313741173e-06	3.558931935e-06	10
3.313741173e-06	3.558931935e-06	10
3.313741173e-06	3.558931935e-06	10
3.313741173e-06	3.558931935e-06	10
3.313741173e-06	3.558931935e-06	10
3.313741173e-06	3.558931935e-06	10
3.313741173e-06	3.558931935e-06	10
3.313741173e-06	3.558931935e-06	10
3.313741173e-06	3.558931935e-06	10
3.313741173e-06	3.558931935e-06	10
3.313741173e-06	3.558931935e-06	0
3.302568487e-06	3.575496122e-06	0
3.291395802e-06	3.592060309e-06	0
3.280223117e-06	3.608624496e-06	0
3.269050431e-06	3.625188684e-06	0
3.257877746e-06	3.641752871e-06	0
3.24670506e-06	3.658317058e-06	0
3.235532375e-06	3.674881245e-06	0
3.235532375e-06	3.674881245e-06	10
3.235532375e-06	3.674881245e-06	10
3.235532375e-06	3.674881245e-06	10
3.235532375e-06	3.674881245e-06	10
3.235532375e-06	3.674881245e-06	10
3.235532375e-06	3.674881245e-06	10
3.235532375e-06	3.674881245e-06	10
3.235532375e-06	3.674881245e-06	10
3.235532375e-06	3.674881245e-06	10
3.235532375e-06	3.674881245e-06	10
3.235532375e-06	3.674881245e-06	10
3.235532375e-06	3.674881245e-06	10
3.235532375e-06	3.674881245e-06	10
3.235532375e-06	3.674881245e-06	10
3.235532375e-06	3.674881245e-06	10
3.235532375e-06	3.674881245e-06	10
3.235532375e-06	3.674881245e-06	10
3.235532375e-06	3.674881245e-06	10
3.235532375e-06	3.674881245e-06	10
3.235532375e-06	3.674881245e-06	10
3.235532375e-06	3.674881245e-06	10
3.235532375e-06	3.674881245e-06	10
3.235532375e-06	3.674881245e-06	10
3.235532375e-06	3.674881245e-06	10
3.235532375e-06	3.674881245e-06	10
3.235532375e-06	3.674881245e-06	0
3.22435969e-06	3.691445433e-06	0
3.213187004e-06	3.70800962e-06	0
3.202014319e-06	3.724573807e-06	0
3.190841634e-06	3.741137994e-06	0
3.179668948e-06	3.757702182e-06	0
3.168496263e-06	3.774266369e-06	0
3.157323577e-06	3.790830556e-06	0
3.157323577e-06	3.790830556e-06	10
3.157323577e-06	3.790830556e-06	10
3.157323577e-06	3.790830556e-06	10
3.157323577e-06	3.790830556e-06	10
3.157323577e-06	3.790830556e-06	10
3.157323577e-06	3.790830556e-06	10
3.157323577e-06	3.790830556e-06	10
3.157323577e-06	3.790830556e-06	10
3.157323577e-06	3.790830556e-06	10
3.157323577e-06	3.790830556e-06	10
3.157323577e-06	3.790830556e-06	10
3.157323577e-06	3.790830556e-06	10
3.157323577e-06	3.790830556e-06	10
3.157323577e-06	3.790830556e-06	10
3.157323577e-06	3.790830556e-06	10
3.157323577e-06	3.790830556e-06	10
3.157323577e-06	3.790830556e-06	10
3.157323577e-06	3.790830556e-06	10
3.157323577e-06	3.790830556e-06	10
3.157323577e-06	3.790830556e-06	10
3.157323577e-06	3.790830556e-06	10
3.157323577e-06	3.790830556e-06	10
3.157323577e-06	3.790830556e-06	10
3.157323577e-06	3.790830556e-06	10
3.157323577e-06	3.790830556e-06	10
3.157323577e-06	3.790830556e-06	0
3.146150892e-06	3.807394744e-06	0
3.134978207e-06	3.823958931e-06	0
3.123805521e-06	3.840523118e-06	0
3.112632836e-06	3.857087305e-06	0
3.10146015e-06	3.873651493e-06	0
3.090287465e-06	3.89021568e-06	0
3.07911478e-06	3.906779867e-06	0
3.07911478e-06	3.906779867e-06	10
3.07911478e-06	3.906779867e-06	10
3.07911478e-06	3.906779867e-06	10
3.07911478e-06	3.906779867e-06	10
3.07911478e-06	3.906779867e-06	10
3.07911478e-06	3.906779867e-06	10
3.07911478e-06	3.906779867e-06	10
3.07911478e-06	3.906779867e-06	10
3.07911478e-06	3.906779867e-06	10
3.07911478e-06	3.906779867e-06	10
3.07911478e-06	3.906779867e-06	10
3.07911478e-06	3.906779867e-06	10
3.07911478e-06	3.906779867e-06	10
3.07911478e-06	3.906779867e-06	10
3.07911478e-06	3.906779867e-06	10
3.07911478e-06	3.906779867e-06	10
3.07911478e-06	3.906779867e-06	10
3.07911478e-06	3.906779867e-06	10
3.07911478e-06	3.906779867e-06	10
3.07911478e-06	3.906779867e-06	10
3.07911478e-06	3.906779867e-06	10
3.07911478e-06	3.906779867e-06	10
3.07911478e-06	3.906779867e-06	10
3.07911478e-06	3.906779867e-06	10
3.07911478e-06	3.906779867e-06	10
3.07911478e-06	3.906779867e-06	0
3.067942094e-06	3.923344054e-06	0
3.056769409e-06	3.939908242e-06	0
3.045596724e-06	3.956472429e-06	0
3.034424038e-06	3.973036616e-06	0
3.023251353e-06	3.989600803e-06	0
3.012078667e-06	4.006164991e-06	0
3.000905982e-06	4.022729178e-06	0
3.000905982e-06	4.022729178e-06	10
3.000905982e-06	4.022729178e-06	10
3.000905982e-06	4.022729178e-06	10
3.000905982e-06	4.022729178e-06	10
3.000905982e-06	4.022729178e-06	10
3.000905982e-06	4.022729178e-06	10
3.000905982e-06	4.022729178e-06	10
3.000905982e-06	4.022729178e-06	10
3.000905982e-06	4.022729178e-06	10
3.000905982e-06	4.022729178e-06	10
3.000905982e-06	4.022729178e-06	10
3.000905982e-06	4.022729178e-06	10
3.000905982e-06	4.022729178e-06	10
3.000905982e-06	4.022729178e-06	10
3.000905982e-06	4.022729178e-06	10
3.000905982e-06	4.022729178e-06	10
3.000905982e-06	4.022729178e-06	10
3.000905982e-06	4.022729178e-06	10
3.000905982e-06	4.022729178e-06	10
3.000905982e-06	4.022729178e-06	10
3.000905982e-06	4.022729178e-06	10
3.000905982e-06	4.022729178e-06	10
3.000905982e-06	4.022729178e-06	10
3.000905982e-06	4.022729178e-06	10
3.000905982e-06	4.022729178e-06	10
3.000905982e-06	4.022729178e-06	0
2.984341795e-06	4.011556493e-06	0
2.967777608e-06	4.000383807e-06	0
2.95121342e-06	3.989211122e-06	0
2.934649233e-06	3.978038436e-06	0
2.918085046e-06	3.966865751e-06	0
2.901520858e-06	3.955693066e-06	0
2.884956671e-06	3.94452038e-06	0
2.884956671e-06	3.94452038e-06	-10
2.884956671e-06	3.94452038e-06	-10
2.884956671e-06	3.94452038e-06	-10
2.884956671e-06	3.94452038e-06	-10
2.884956671e-06	3.94452038e-06	-10
2.884956671e-06	3.94452038e-06	-10
2.884956671e-06	3.94452038e-06	-10
2.884956671e-06	3.94452038e-06	-10
2.884956671e-06	3.94452038e-06	-10
2.884956671e-06	3.94452038e-06	-10
2.884956671e-06	3.94452038e-06	-10
2.884956671e-06	3.94452038e-06	-10
2.884956671e-06	3.94452038e-06	-10
2.884956671e-06	3.94452038e-06	-10
2.884956671e-06	3.94452038e-06	-10
2.884956671e-06	3.94452038e-06	-10
2.884956671e-06	3.94452038e-06	-10
2.884956671e-06	3.94452038e-06	-10
2.884956671e-06	3.94452038e-06	-10
2.884956671e-06	3.94452038e-06	-10
2.884956671e-06	3.94452038e-06	-10
2.884956671e-06	3.94452038e-06	-10
2.884956671e-06	3.94452038e-06	-10
2.884956671e-06	3.94452038e-06	-10
2.884956671e-06	3.94452038e-06	-10
2.884956671e-06	3.94452038e-06	0
2.896129357e-06	3.927956193e-06	0
2.907302042e-06	3.911392006e-06	0
2.918474727e-06	3.894827818e-06	0
2.929647413e-06	3.878263631e-06	0
2.940820098e-06	3.861699444e-06	0
2.951992783e-06	3.845135257e-06	0
2.963165469e-06	3.828571069e-06	0
2.963165469e-06	3.828571069e-06	-10
2.963165469e-06	3.828571069e-06	-10
2.963165469e-06	3.828571069e-06	-10
2.963165469e-06	3.828571069e-06	-10
2.963165469e-06	3.828571069e-06	-10
2.963165469e-06	3.828571069e-06	-10
2.963165469e-06	3.828571069e-06	-10
2.963165469e-06	3.828571069e-06	-10
2.963165469e-06	3.828571069e-06	-10
2.963165469e-06	3.828571069e-06	-10
2.963165469e-06	3.828571069e-06	-10
2.963165469e-06	3.828571069e-06	-10
2.963165469e-06	3.828571069e-06	-10
2.963165469e-06	3.828571069e-06	-10
2.963165469e-06	3.828571069e-06	-10
2.963165469e-06	3.828571069e-06	-10
2.963165469e-06	3.828571069e-06	-10
2.963165469e-06	3.828571069e-06	-10
2.963165469e-06	3.828571069e-06	-10
2.963165469e-06	3.828571069e-06	-10
2.963165469e-06	3.828571069e-06	-10
2.963165469e-06	3.828571069e-06	-10
2.963165469e-06	3.828571069e-06	-10
2.963165469e-06	3.828571069e-06	-10
2.963165469e-06	3.828571069e-06	-10
2.963165469e-06	3.828571069e-06	0
2.974338154e-06	3.812006882e-06	0
2.98551084e-06	3.795442695e-06	0
2.996683525e-06	3.778878508e-06	0
3.00785621e-06	3.76231432e-06	0
3.019028896e-06	3.745750133e-06	0
3.030201581e-06	3.729185946e-06	0
3.041374267e-06	3.712621759e-06	0
3.041374267e-06	3.712621759e-06	-10
3.041374267e-06	3.712621759e-06	-10
3.041374267e-06	3.712621759e-06	-10
3.041374267e-06	3.712621759e-06	-10
3.041374267e-06	3.712621759e-06	-10
3.041374267e-06	3.712621759e-06	-10
3.041374267e-06	3.712621759e-06	-10
3.041374267e-06	3.712621759e-06	-10
3.041374267e-06	3.712621759e-06	-10
3.041374267e-06	3.712621759e-06	-10
3.041374267e-06	3.712621759e-06	-10
3.041374267e-06	3.712621759e-06	-10
3.041374267e-06	3.712621759e-06	-10
3.041374267e-06	3.712621759e-06	-10
3.041374267e-06	3.712621759e-06	-10
3.041374267e-06	3.712621759e-06	-10
3.041374267e-06	3.712621759e-06	-10
3.041374267e-06	3.712621759e-06	-10
3.041374267e-06	3.712621759e-06	-10
3.041374267e-06	3.712621759e-06	-10
3.041374267e-06	3.712621759e-06	-10
3.041374267e-06	3.712621759e-06	-10
3.041374267e-06	3.712621759e-06	-10
3.041374267e-06	3.712621759e-06	-10
3.041374267e-06	3.712621759e-06	-10
3.041374267e-06	3.712621759e-06	0
3.052546952e-06	3.696057571e-06	0
3.063719637e-06	3.679493384e-06	0
3.074892323e-06	3.662929197e-06	0
3.086065008e-06	3.64636501e-06	0
3.097237693e-06	3.629800822e-06	0
3.108410379e-06	3.613236635e-06	0
3.119583064e-06	3.596672448e-06	0
3.119583064e-06	3.596672448e-06	-10
3.119583064e-06	3.596672448e-06	-10
3.119583064e-06	3.596672448e-06	-10
3.119583064e-06	3.596672448e-06	-10
3.119583064e-06	3.596672448e-06	-10
3.119583064e-06	3.596672448e-06	-10
3.119583064e-06	3.596672448e-06	-10
3.119583064e-06	3.596672448e-06	-10
3.119583064e-06	3.596672448e-06	-10
3.119583064e-06	3.596672448e-06	-10
3.119583064e-06	3.596672448e-06	-10
3.119583064e-06	3.596672448e-06	-10
3.119583064e-06	3.596672448e-06	-10
3.119583064e-06	3.596672448e-06	-10
3.119583064e-06	3.596672448e-06	-10
3.119583064e-06	3.596672448e-06	-10
3.119583064e-06	3.596672448e-06	-10
3.119583064e-06	3.596672448e-06	-10
3.119583064e-06	3.596672448e-06	-10
3.119583064e-06	3.596672448e-06	-10
3.119583064e-06	3.596672448e-06	-10
3.119583064e-06	3.596672448e-06	-10
3.119583064e-06	3.596672448e-06	-10
3.119583064e-06	3.596672448e-06	-10
3.119583064e-06	3.596672448e-06	-10
3.119583064e-06	3.596672448e-06	0
3.13075575e-06	3.58010826e-06	0
3.141928435e-06	3.563544073e-06	0
3.15310112e-06	3.546979886e-06	0
3.164273806e-06	3.530415699e-06	0
3.175446491e-06	3.513851511e-06	0
3.186619177e-06	3.497287324e-06	0
3.197791862e-06	3.480723137e-06	0
3.197791862e-06	3.480723137e-06	-10
3.197791862e-06	3.480723137e-06	-10
3.197791862e-06	3.480723137e-06	-10
3.197791862e-06	3.480723137e-06	-10
3.197791862e-06	3.480723137e-06	-10
3.197791862e-06	3.480723137e-06	-10
3.197791862e-06	3.480723137e-06	-10
3.197791862e-06	3.480723137e-06	-10
3.197791862e-06	3.480723137e-06	-10
3.197791862e-06	3.480723137e-06	-10
3.197791862e-06	3.480723137e-06	-10
3.197791862e-06	3.480723137e-06	-10
3.197791862e-06	3.480723137e-06	-10
3.197791862e-06	3.480723137e-06	-10
3.197791862e-06	3.480723137e-06	-10
3.197791862e-06	3.480723137e-06	-10
3.197791862e-06	3.480723137e-06	-10
3.197791862e-06	3.480723137e-06	-10
3.197791862e-06	3.480723137e-06	-10
3.197791862e-06	3.480723137e-06	-10
3.197791862e-06	3.480723137e-06	-10
3.197791862e-06	3.480723137e-06	-10
3.197791862e-06	3.480723137e-06	-10
3.197791862e-06	3.480723137e-06	-10
3.197791862e-06	3.480723137e-06	-10
3.197791862e-06	3.480723137e-06	0
3.208964547e-06	3.46415895e-06	0
3.220137233e-06	3.447594762e-06	0
3.231309918e-06	3.431030575e-06	0
3.242482603e-06	3.414466388e-06	0
3.253655289e-06	3.397902201e-06	0
3.264827974e-06	3.381338013e-06	0
3.27600066e-06	3.364773826e-06	0
3.27600066e-06	3.364773826e-06	-10
3.27600066e-06	3.364773826e-06	-10
3.27600066e-06	3.364773826e-06	-10
3.27600066e-06	3.364773826e-06	-10
3.27600066e-06	3.364773826e-06	-10
3.27600066e-06	3.364773826e-06	-10
3.27600066e-06	3.364773826e-06	-10
3.27600066e-06	3.364773826e-06	-10
3.27600066e-06	3.364773826e-06	-10
3.27600066e-06	3.364773826e-06	-10
3.27600066e-06	3.364773826e-06	-10
3.27600066e-06	3.364773826e-06	-10
3.27600066e-06	3.364773826e-06	-10
3.27600066e-06	3.364773826e-06	-10
3.27600066e-06	3.364773826e-06	-10
3.27600066e-06	3.364773826e-06	-10
3.27600066e-06	3.364773826e-06	-10
3.27600066e-06	3.364773826e-06	-10
3.27600066e-06	3.364773826e-06	-10
3.27600066e-06	3.364773826e-06	-10
3.27600066e-06	3.364773826e-06	-10
3.27600066e-06	3.364773826e-06	-10
3.27600066e-06	3.364773826e-06	-10
3.27600066e-06	3.364773826e-06	-10
3.27600066e-06	3.364773826e-06	-10
3.27600066e-06	3.364773826e-06	0
3.287173345e-06	3.348209639e-06	0
3.29834603e-06	3.331645452e-06	0
3.309518716e-06	3.315081264e-06	0
3.320691401e-06	3.298517077e-06	0
3.331864087e-06	3.28195289e-06	0
3.343036772e-06	3.265388702e-06	0
3.354209457e-06	3.248824515e-06	0
3.354209457e-06	3.248824515e-06	-10
3.354209457e-06	3.248824515e-06	-10
3.354209457e-06	3.248824515e-06	-10
3.354209457e-06	3.248824515e-06	-10
3.354209457e-06	3.248824515e-06	-10
3.354209457e-06	3.248824515e-06	-10
3.354209457e-06	3.248824515e-06	-10
3.354209457e-06	3.248824515e-06	-10
3.354209457e-06	3.248824515e-06	-10
3.354209457e-06	3.248824515e-06	-10
3.354209457e-06	3.248824515e-06	-10
3.354209457e-06	3.248824515e-06	-10
3.354209457e-06	3.248824515e-06	-10
3.354209457e-06	3.248824515e-06	-10
3.354209457e-06	3.248824515e-06	-10
3.354209457e-06	3.248824515e-06	-10
3.354209457e-06	3.248824515e-06	-10
3.354209457e-06	3.248824515e-06	-10
3.354209457e-06	3.248824515e-06	-10
3.354209457e-06	3.248824515e-06	-10
3.354209457e-06	3.248824515e-06	-10
3.354209457e-06	3.248824515e-06	-10
3.354209457e-06	3.248824515e-06	-10
3.354209457e-06	3.248824515e-06	-10
3.354209457e-06	3.248824515e-06	-10
3.354209457e-06	3.248824515e-06	0
3.365382143e-06	3.232260328e-06	0
3.376554828e-06	3.215696141e-06	0
3.387727513e-06	3.199131953e-06	0
3.398900199e-06	3.182567766e-06	0
3.410072884e-06	3.166003579e-06	0
3.42124557e-06	3.149439392e-06	0
3.432418255e-06	3.132875204e-06	0
3.432418255e-06	3.132875204e-06	-10
3.432418255e-06	3.132875204e-06	-10
3.432418255e-06	3.132875204e-06	-10
3.432418255e-06	3.132875204e-06	-10
3.432418255e-06	3.132875204e-06	-10
3.432418255e-06	3.132875204e-06	-10
3.432418255e-06	3.132875204e-06	-10
3.432418255e-06	3.132875204e-06	-10
3.432418255e-06	3.132875204e-06	-10
3.432418255e-06	3.132875204e-06	-10
3.432418255e-06	3.132875204e-06	-10
3.432418255e-06	3.132875204e-06	-10
3.432418255e-06	3.132875204e-06	-10
3.432418255e-06	3.132875204e-06	-10
3.432418255e-06	3.132875204e-06	-10
3.432418255e-06	3.132875204e-06	-10
3.432418255e-06	3.132875204e-06	-10
3.432418255e-06	3.132875204e-06	-10
3.432418255e-06	3.132875204e-06	-10
3.432418255e-06	3.132875204e-06	-10
3.432418255e-06	3.132875204e-06	-10
3.432418255e-06	3.132875204e-06	-10
3.432418255e-06	3.132875204e-06	-10
3.432418255e-06	3.132875204e-06	-10
3.432418255e-06	3.132875204e-06	-10
3.432418255e-06	3.132875204e-06	0
3.44359094e-06	3.116311017e-06	0
3.454763626e-06	3.09974683e-06	0
3.465936311e-06	3.083182643e-06	0
3.477108997e-06	3.066618455e-06	0
3.488281682e-06	3.050054268e-06	0
3.499454367e-06	3.033490081e-06	0
3.510627053e-06	3.016925893e-06	0
3.510627053e-06	3.016925893e-06	-10
3.510627053e-06	3.016925893e-06	-10
3.510627053e-06	3.016925893e-06	-10
3.510627053e-06	3.016925893e-06	-10
3.510627053e-06	3.016925893e-06	-10
3.510627053e-06	3.016925893e-06	-10
3.510627053e-06	3.016925893e-06	-10
3.510627053e-06	3.016925893e-06	-10
3.510627053e-06	3.016925893e-06	-10
3.510627053e-06	3.016925893e-06	-10
3.510627053e-06	3.016925893e-06	-10
3.510627053e-06	3.016925893e-06	-10
3.510627053e-06	3.016925893e-06	-10
3.510627053e-06	3.016925893e-06	-10
3.510627053e-06	3.016925893e-06	-10
3.510627053e-06	3.016925893e-06	-10
3.510627053e-06	3.016925893e-06	-10
3.510627053e-06	3.016925893e-06	-10
3.510627053e-06	3.016925893e-06	-10
3.510627053e-06	3.016925893e-06	-10
3.510627053e-06	3.016925893e-06	-10
3.510627053e-06	3.016925893e-06	-10
3.510627053e-06	3.016925893e-06	-10
3.510627053e-06	3.016925893e-06	-10
3.510627053e-06	3.016925893e-06	-10
3.510627053e-06	3.016925893e-06	0
3.521799738e-06	3.000361706e-06	0
3.532972423e-06	2.983797519e-06	0
3.544145109e-06	2.967233332e-06	0
3.555317794e-06	2.950669144e-06	0
3.56649048e-06	2.934104957e-06	0
3.577663165e-06	2.91754077e-06	0
3.58883585e-06	2.900976583e-06	0
3.58883585e-06	2.900976583e-06	-10
3.58883585e-06	2.900976583e-06	-10
3.58883585e-06	2.900976583e-06	-10
3.58883585e-06	2.900976583e-06	-10
3.58883585e-06	2.900976583e-06	-10
3.58883585e-06	2.900976583e-06	-10
3.58883585e-06	2.900976583e-06	-10
3.58883585e-06	2.900976583e-06	-10
3.58883585e-06	2.900976583e-06	-10
3.58883585e-06	2.900976583e-06	-10
3.58883585e-06	2.900976583e-06	-10
3.58883585e-06	2.900976583e-06	-10
3.58883585e-06	2.900976583e-06	-10
3.58883585e-06	2.900976583e-06	-10
3.58883585e-06	2.900976583e-06	-10
3.58883585e-06	2.900976583e-06	-10
3.58883585e-06	2.900976583e-06	-10
3.58883585e-06	2.900976583e-06	-10
3.58883585e-06	2.900976583e-06	-10
3.58883585e-06	2.900976583e-06	-10
3.58883585e-06	2.900976583e-06	-10
3.58883585e-06	2.900976583e-06	-10
3.58883585e-06	2.900976583e-06	-10
3.58883585e-06	2.900976583e-06	-10
3.58883585e-06	2.900976583e-06	-10
3.58883585e-06	2.900976583e-06	0
3.600008536e-06	2.884412395e-06	0
3.611181221e-06	2.867848208e-06	0
3.622353907e-06	2.851284021e-06	0
3.633526592e-06	2.834719834e-06	0
3.644699277e-06	2.818155646e-06	0
3.655871963e-06	2.801591459e-06	0
3.667044648e-06	2.785027272e-06	0
3.667044648e-06	2.785027272e-06	-10
3.667044648e-06	2.785027272e-06	-10
3.667044648e-06	2.785027272e-06	-10
3.667044648e-06	2.785027272e-06	-10
3.667044648e-06	2.785027272e-06	-10
3.667044648e-06	2.785027272e-06	-10
3.667044648e-06	2.785027272e-06	-10
3.667044648e-06	2.785027272e-06	-10
3.667044648e-06	2.785027272e-06	-10
3.667044648e-06	2.785027272e-06	-10
3.667044648e-06	2.785027272e-06	-10
3.667044648e-06	2.785027272e-06	-10
3.667044648e-06	2.785027272e-06	-10
3.667044648e-06	2.785027272e-06	-10
3.667044648e-06	2.785027272e-06	-10
3.667044648e-06	2.785027272e-06	-10
3.667044648e-06	2.785027272e-06	-10
3.667044648e-06	2.785027272e-06	-10
3.667044648e-06	2.785027272e-06	-10
3.667044648e-06	2.785027272e-06	-10
3.667044648e-06	2.785027272e-06	-10
3.667044648e-06	2.785027272e-06	-10
3.667044648e-06	2.785027272e-06	-10
3.667044648e-06	2.785027272e-06	-10
3.667044648e-06	2.785027272e-06	-10
3.667044648e-06	2.785027272e-06	0
3.678217333e-06	2.768463085e-06	0
3.689390019e-06	2.751898897e-06	0
3.700562704e-06	2.73533471e-06	0
3.71173539e-06	2.718770523e-06	0
3.722908075e-06	2.702206335e-06	0
3.73408076e-06	2.685642148e-06	0
3.745253446e-06	2.669077961e-06	0
3.745253446e-06	2.669077961e-06	-10
3.745253446e-06	2.669077961e-06	-10
3.745253446e-06	2.669077961e-06	-10
3.745253446e-06	2.669077961e-06	-10
3.745253446e-06	2.669077961e-06	-10
3.745253446e-06	2.669077961e-06	-10
3.745253446e-06	2.669077961e-06	-10
3.745253446e-06	2.669077961e-06	-10
3.745253446e-06	2.669077961e-06	-10
3.745253446e-06	2.669077961e-06	-10
3.745253446e-06	2.669077961e-06	-10
3.745253446e-06	2.669077961e-06	-10
3.745253446e-06	2.669077961e-06	-10
3.745253446e-06	2.669077961e-06	-10
3.745253446e-06	2.669077961e-06	-10
3.745253446e-06	2.669077961e-06	-10
3.745253446e-06	2.669077961e-06	-10
3.745253446e-06	2.669077961e-06	-10
3.745253446e-06	2.669077961e-06	-10
3.745253446e-06	2.669077961e-06	-10
3.745253446e-06	2.669077961e-06	-10
3.745253446e-06	2.669077961e-06	-10
3.745253446e-06	2.669077961e-06	-10
3.745253446e-06	2.669077961e-06	-10
3.745253446e-06	2.669077961e-06	-10
3.745253446e-06	2.669077961e-06	0
3.728689259e-06	2.657905276e-06	0
3.712125071e-06	2.64673259e-06	0
3.695560884e-06	2.635559905e-06	0
3.678996697e-06	2.624387219e-06	0
3.662432509e-06	2.613214534e-06	0
3.645868322e-06	2.602041849e-06	0
3.629304135e-06	2.590869163e-06	0
3.629304135e-06	2.590869163e-06	10
3.629304135e-06	2.590869163e-06	10
3.629304135e-06	2.590869163e-06	10
3.629304135e-06	2.590869163e-06	10
3.629304135e-06	2.590869163e-06	10
3.629304135e-06	2.590869163e-06	10
3.629304135e-06	2.590869163e-06	10
3.629304135e-06	2.590869163e-06	10
3.629304135e-06	2.590869163e-06	10
3.629304135e-06	2.590869163e-06	10
3.629304135e-06	2.590869163e-06	10
3.629304135e-06	2.590869163e-06	10
3.629304135e-06	2.590869163e-06	10
3.629304135e-06	2.590869163e-06	10
3.629304135e-06	2.590869163e-06	10
3.629304135e-06	2.590869163e-06	10
3.629304135e-06	2.590869163e-06	10
3.629304135e-06	2.590869163e-06	10
3.629304135e-06	2.590869163e-06	10
3.629304135e-06	2.590869163e-06	10
3.629304135e-06	2.590869163e-06	10
3.629304135e-06	2.590869163e-06	10
3.629304135e-06	2.590869163e-06	10
3.629304135e-06	2.590869163e-06	10
3.629304135e-06	2.590869163e-06	10
3.629304135e-06	2.590869163e-06	0
3.61813145e-06	2.607433351e-06	0
3.606958764e-06	2.623997538e-06	0
3.595786079e-06	2.640561725e-06	0
3.584613393e-06	2.657125912e-06	0
3.573440708e-06	2.6736901e-06	0
3.562268023e-06	2.690254287e-06	0
3.551095337e-06	2.706818474e-06	0
3.551095337e-06	2.706818474e-06	10
3.551095337e-06	2.706818474e-06	10
3.551095337e-06	2.706818474e-06	10
3.551095337e-06	2.706818474e-06	10
3.551095337e-06	2.706818474e-06	10
3.551095337e-06	2.706818474e-06	10
3.551095337e-06	2.706818474e-06	10
3.551095337e-06	2.706818474e-06	10
3.551095337e-06	2.706818474e-06	10
3.551095337e-06	2.706818474e-06	10
3.551095337e-06	2.706818474e-06	10
3.551095337e-06	2.706818474e-06	10
3.551095337e-06	2.706818474e-06	10
3.551095337e-06	2.706818474e-06	10
3.551095337e-06	2.706818474e-06	10
3.551095337e-06	2.706818474e-06	10
3.551095337e-06	2.706818474e-06	10
3.551095337e-06	2.706818474e-06	10
3.551095337e-06	2.706818474e-06	10
3.551095337e-06	2.706818474e-06	10
3.551095337e-06	2.706818474e-06	10
3.551095337e-06	2.706818474e-06	10
3.551095337e-06	2.706818474e-06	10
3.551095337e-06	2.706818474e-06	10
3.551095337e-06	2.706818474e-06	10
3.551095337e-06	2.706818474e-06	0
3.539922652e-06	2.723382661e-06	0
3.528749966e-06	2.739946849e-06	0
3.517577281e-06	2.756511036e-06	0
3.506404596e-06	2.773075223e-06	0
3.49523191e-06	2.78963941e-06	0
3.484059225e-06	2.806203598e-06	0
3.47288654e-06	2.822767785e-06	0
3.47288654e-06	2.822767785e-06	10
3.47288654e-06	2.822767785e-06	10
3.47288654e-06	2.822767785e-06	10
3.47288654e-06	2.822767785e-06	10
3.47288654e-06	2.822767785e-06	10
3.47288654e-06	2.822767785e-06	10
3.47288654e-06	2.822767785e-06	10
3.47288654e-06	2.822767785e-06	10
3.47288654e-06	2.822767785e-06	10
3.47288654e-06	2.822767785e-06	10
3.47288654e-06	2.822767785e-06	10
3.47288654e-06	2.822767785e-06	10
3.47288654e-06	2.822767785e-06	10
3.47288654e-06	2.822767785e-06	10
3.47288654e-06	2.822767785e-06	10
3.47288654e-06	2.822767785e-06	10
3.47288654e-06	2.822767785e-06	10
3.47288654e-06	2.822767785e-06	10
3.47288654e-06	2.822767785e-06	10
3.47288654e-06	2.822767785e-06	10
3.47288654e-06	2.822767785e-06	10
3.47288654e-06	2.822767785e-06	10
3.47288654e-06	2.822767785e-06	10
3.47288654e-06	2.822767785e-06	10
3.47288654e-06	2.822767785e-06	10
3.47288654e-06	2.822767785e-06	0
3.461713854e-06	2.839331972e-06	0
3.450541169e-06	2.855896159e-06	0
3.439368483e-06	2.872460347e-06	0
3.428195798e-06	2.889024534e-06	0
3.417023113e-06	2.905588721e-06	0
3.405850427e-06	2.922152909e-06	0
3.394677742e-06	2.938717096e-06	0
3.394677742e-06	2.938717096e-06	10
3.394677742e-06	2.938717096e-06	10
3.394677742e-06	2.938717096e-06	10
3.394677742e-06	2.938717096e-06	10
3.394677742e-06	2.938717096e-06	10
3.394677742e-06	2.938717096e-06	10
3.394677742e-06	2.938717096e-06	10
3.394677742e-06	2.938717096e-06	10
3.394677742e-06	2.938717096e-06	10
3.394677742e-06	2.938717096e-06	10
3.394677742e-06	2.938717096e-06	10
3.394677742e-06	2.938717096e-06	10
3.394677742e-06	2.938717096e-06	10
3.394677742e-06	2.938717096e-06	10
3.394677742e-06	2.938717096e-06	10
3.394677742e-06	2.938717096e-06	10
3.394677742e-06	2.938717096e-06	10
3.394677742e-06	2.938717096e-06	10
3.394677742e-06	2.938717096e-06	10
3.394677742e-06	2.938717096e-06	10
3.394677742e-06	2.938717096e-06	10
3.394677742e-06	2.938717096e-06	10
3.394677742e-06	2.938717096e-06	10
3.394677742e-06	2.938717096e-06	10
3.394677742e-06	2.938717096e-06	10
3.394677742e-06	2.938717096e-06	0
3.383505056e-06	2.955281283e-06	0
3.372332371e-06	2.97184547e-06	0
3.361159686e-06	2.988409658e-06	0
3.349987e-06	3.004973845e-06	0
3.338814315e-06	3.021538032e-06	0
3.32764163e-06	3.038102219e-06	0
3.316468944e-06	3.054666407e-06	0
3.316468944e-06	3.054666407e-06	10
3.316468944e-06	3.054666407e-06	10
3.316468944e-06	3.054666407e-06	10
3.316468944e-06	3.054666407e-06	10
3.316468944e-06	3.054666407e-06	10
3.316468944e-06	3.054666407e-06	10
3.316468944e-06	3.054666407e-06	10
3.316468944e-06	3.054666407e-06	10
3.316468944e-06	3.054666407e-06	10
3.316468944e-06	3.054666407e-06	10
3.316468944e-06	3.054666407e-06	10
3.316468944e-06	3.054666407e-06	10
3.316468944e-06	3.054666407e-06	10
3.316468944e-06	3.054666407e-06	10
3.316468944e-06	3.054666407e-06	10
3.316468944e-06	3.054666407e-06	10
3.316468944e-06	3.054666407e-06	10
3.316468944e-06	3.054666407e-06	10
3.316468944e-06	3.054666407e-06	10
3.316468944e-06	3.054666407e-06	10
3.316468944e-06	3.054666407e-06	10
3.316468944e-06	3.054666407e-06	10
3.316468944e-06	3.054666407e-06	10
3.316468944e-06	3.054666407e-06	10
3.316468944e-06	3.054666407e-06	10
3.316468944e-06	3.054666407e-06	0
3.305296259e-06	3.071230594e-06	0
3.294123573e-06	3.087794781e-06	0
3.282950888e-06	3.104358968e-06	0
3.271778203e-06	3.120923156e-06	0
3.260605517e-06	3.137487343e-06	0
3.249432832e-06	3.15405153e-06	0
3.238260146e-06	3.170615718e-06	0
3.238260146e-06	3.170615718e-06	10
3.238260146e-06	3.170615718e-06	10
3.238260146e-06	3.170615718e-06	10
3.238260146e-06	3.170615718e-06	10
3.238260146e-06	3.170615718e-06	10
3.238260146e-06	3.170615718e-06	10
3.238260146e-06	3.170615718e-06	10
3.238260146e-06	3.170615718e-06	10
3.238260146e-06	3.170615718e-06	10
3.238260146e-06	3.170615718e-06	10
3.238260146e-06	3.170615718e-06	10
3.238260146e-06	3.170615718e-06	10
3.238260146e-06	3.170615718e-06	10
3.238260146e-06	3.170615718e-06	10
3.238260146e-06	3.170615718e-06	10
3.238260146e-06	3.170615718e-06	10
3.238260146e-06	3.170615718e-06	10
3.238260146e-06	3.170615718e-06	10
3.238260146e-06	3.170615718e-06	10
3.238260146e-06	3.170615718e-06	10
3.238260146e-06	3.170615718e-06	10
3.238260146e-06	3.170615718e-06	10
3.238260146e-06	3.170615718e-06	10
3.238260146e-06	3.170615718e-06	10
3.238260146e-06	3.170615718e-06	10
3.238260146e-06	3.170615718e-06	0
3.227087461e-06	3.187179905e-06	0
3.215914776e-06	3.203744092e-06	0
3.20474209e-06	3.220308279e-06	0
3.193569405e-06	3.236872467e-06	0
3.18239672e-06	3.253436654e-06	0
3.171224034e-06	3.270000841e-06	0
3.160051349e-06	3.286565028e-06	0
3.160051349e-06	3.286565028e-06	10
3.160051349e-06	3.286565028e-06	10
3.160051349e-06	3.286565028e-06	10
3.160051349e-06	3.286565028e-06	10
3.160051349e-06	3.286565028e-06	10
3.160051349e-06	3.286565028e-06	10
3.160051349e-06	3.286565028e-06	10
3.160051349e-06	3.286565028e-06	10
3.160051349e-06	3.286565028e-06	10
3.160051349e-06	3.286565028e-06	10
3.160051349e-06	3.286565028e-06	10
3.160051349e-06	3.286565028e-06	10
3.160051349e-06	3.286565028e-06	10
3.160051349e-06	3.286565028e-06	10
3.160051349e-06	3.286565028e-06	10
3.160051349e-06	3.286565028e-06	10
3.160051349e-06	3.286565028e-06	10
3.160051349e-06	3.286565028e-06	10
3.160051349e-06	3.286565028e-06	10
3.160051349e-06	3.286565028e-06	10
3.160051349e-06	3.286565028e-06	10
3.160051349e-06	3.286565028e-06	10
3.160051349e-06	3.286565028e-06	10
3.160051349e-06	3.286565028e-06	10
3.160051349e-06	3.286565028e-06	10
3.160051349e-06	3.286565028e-06	0
3.148878663e-06	3.303129216e-06	0
3.137705978e-06	3.319693403e-06	0
3.126533293e-06	3.33625759e-06	0
3.115360607e-06	3.352821777e-06	0
3.104187922e-06	3.369385965e-06	0
3.093015236e-06	3.385950152e-06	0
3.081842551e-06	3.402514339e-06	0
3.081842551e-06	3.402514339e-06	10
3.081842551e-06	3.402514339e-06	10
3.081842551e-06	3.402514339e-06	10
3.081842551e-06	3.402514339e-06	10
3.081842551e-06	3.402514339e-06	10
3.081842551e-06	3.402514339e-06	10
3.081842551e-06	3.402514339e-06	10
3.081842551e-06	3.402514339e-06	10
3.081842551e-06	3.402514339e-06	10
3.081842551e-06	3.402514339e-06	10
3.081842551e-06	3.402514339e-06	10
3.081842551e-06	3.402514339e-06	10
3.081842551e-06	3.402514339e-06	10
3.081842551e-06	3.402514339e-06	10
3.081842551e-06	3.402514339e-06	10
3.081842551e-06	3.402514339e-06	10
3.081842551e-06	3.402514339e-06	10
3.081842551e-06	3.402514339e-06	10
3.081842551e-06	3.402514339e-06	10
3.081842551e-06	3.402514339e-06	10
3.081842551e-06	3.402514339e-06	10
3.081842551e-06	3.402514339e-06	10
3.081842551e-06	3.402514339e-06	10
3.081842551e-06	3.402514339e-06	10
3.081842551e-06	3.402514339e-06	10
3.081842551e-06	3.402514339e-06	0
3.070669866e-06	3.419078526e-06	0
3.05949718e-06	3.435642714e-06	0
3.048324495e-06	3.452206901e-06	0
3.03715181e-06	3.468771088e-06	0
3.025979124e-06	3.485335276e-06	0
3.014806439e-06	3.501899463e-06	0
3.003633753e-06	3.51846365e-06	0
3.003633753e-06	3.51846365e-06	10
3.003633753e-06	3.51846365e-06	10
3.003633753e-06	3.51846365e-06	10
3.003633753e-06	3.51846365e-06	10
3.003633753e-06	3.51846365e-06	10
3.003633753e-06	3.51846365e-06	10
3.003633753e-06	3.51846365e-06	10
3.003633753e-06	3.51846365e-06	10
3.003633753e-06	3.51846365e-06	10
3.003633753e-06	3.51846365e-06	10
3.003633753e-06	3.51846365e-06	10
3.003633753e-06	3.51846365e-06	10
3.003633753e-06	3.51846365e-06	10
3.003633753e-06	3.51846365e-06	10
3.003633753e-06	3.51846365e-06	10
3.003633753e-06	3.51846365e-06	10
3.003633753e-06	3.51846365e-06	10
3.003633753e-06	3.51846365e-06	10
3.003633753e-06	3.51846365e-06	10
3.003633753e-06	3.51846365e-06	10
3.003633753e-06	3.51846365e-06	10
3.003633753e-06	3.51846365e-06	10
3.003633753e-06	3.51846365e-06	10
3.003633753e-06	3.51846365e-06	10
3.003633753e-06	3.51846365e-06	10
3.003633753e-06	3.51846365e-06	0
2.992461068e-06	3.535027837e-06	0
2.981288383e-06	3.551592025e-06	0
2.970115697e-06	3.568156212e-06	0
2.958943012e-06	3.584720399e-06	0
2.947770326e-06	3.601284586e-06	0
2.936597641e-06	3.617848774e-06	0
2.925424956e-06	3.634412961e-06	0
2.925424956e-06	3.634412961e-06	10
2.925424956e-06	3.634412961e-06	10
2.925424956e-06	3.634412961e-06	10
2.925424956e-06	3.634412961e-06	10
2.925424956e-06	3.634412961e-06	10
2.925424956e-06	3.634412961e-06	10
2.925424956e-06	3.634412961e-06	10
2.925424956e-06	3.634412961e-06	10
2.925424956e-06	3.634412961e-06	10
2.925424956e-06	3.634412961e-06	10
2.925424956e-06	3.634412961e-06	10
2.925424956e-06	3.634412961e-06	10
2.925424956e-06	3.634412961e-06	10
2.925424956e-06	3.634412961e-06	10
2.925424956e-06	3.634412961e-06	10
2.925424956e-06	3.634412961e-06	10
2.925424956e-06	3.634412961e-06	10
2.925424956e-06	3.634412961e-06	10
2.925424956e-06	3.634412961e-06	10
2.925424956e-06	3.634412961e-06	10
2.925424956e-06	3.634412961e-06	10
2.925424956e-06	3.634412961e-06	10
2.925424956e-06	3.634412961e-06	10
2.925424956e-06	3.634412961e-06	10
2.925424956e-06	3.634412961e-06	10
2.925424956e-06	3.634412961e-06	0
2.91425227e-06	3.650977148e-06	0
2.903079585e-06	3.667541335e-06	0
2.8919069e-06	3.684105523e-06	0
2.880734214e-06	3.70066971e-06	0
2.869561529e-06	3.717233897e-06	0
2.858388843e-06	3.733798084e-06	0
2.847216158e-06	3.750362272e-06	0
2.847216158e-06	3.750362272e-06	10
2.847216158e-06	3.750362272e-06	10
2.847216158e-06	3.750362272e-06	10
2.847216158e-06	3.750362272e-06	10
2.847216158e-06	3.750362272e-06	10
2.847216158e-06	3.750362272e-06	10
2.847216158e-06	3.750362272e-06	10
2.847216158e-06	3.750362272e-06	10
2.847216158e-06	3.750362272e-06	10
2.847216158e-06	3.750362272e-06	10
2.847216158e-06	3.750362272e-06	10
2.847216158e-06	3.750362272e-06	10
2.847216158e-06	3.750362272e-06	10
2.847216158e-06	3.750362272e-06	10
2.847216158e-06	3.750362272e-06	10
2.847216158e-06	3.750362272e-06	10
2.847216158e-06	3.750362272e-06	10
2.847216158e-06	3.750362272e-06	10
2.847216158e-06	3.750362272e-06	10
2.847216158e-06	3.750362272e-06	10
2.847216158e-06	3.750362272e-06	10
2.847216158e-06	3.750362272e-06	10
2.847216158e-06	3.750362272e-06	10
2.847216158e-06	3.750362272e-06	10
2.847216158e-06	3.750362272e-06	10
2.847216158e-06	3.750362272e-06	0
2.836043473e-06	3.766926459e-06	0
2.824870787e-06	3.783490646e-06	0
2.813698102e-06	3.800054834e-06	0
2.802525417e-06	3.816619021e-06	0
2.791352731e-06	3.833183208e-06	0
2.780180046e-06	3.849747395e-06	0
2.76900736e-06	3.866311583e-06	0
2.76900736e-06	3.866311583e-06	10
2.76900736e-06	3.866311583e-06	10
2.76900736e-06	3.866311583e-06	10
2.76900736e-06	3.866311583e-06	10
2.76900736e-06	3.866311583e-06	10
2.76900736e-06	3.866311583e-06	10
2.76900736e-06	3.866311583e-06	10
2.76900736e-06	3.866311583e-06	10
2.76900736e-06	3.866311583e-06	10
2.76900736e-06	3.866311583e-06	10
2.76900736e-06	3.866311583e-06	10
2.76900736e-06	3.866311583e-06	10
2.76900736e-06	3.866311583e-06	10
2.76900736e-06	3.866311583e-06	10
2.76900736e-06	3.866311583e-06	10
2.76900736e-06	3.866311583e-06	10
2.76900736e-06	3.866311583e-06	10
2.76900736e-06	3.866311583e-06	10
2.76900736e-06	3.866311583e-06	10
2.76900736e-06	3.866311583e-06	10
2.76900736e-06	3.866311583e-06	10
2.76900736e-06	3.866311583e-06	10
2.76900736e-06	3.866311583e-06	10
2.76900736e-06	3.866311583e-06	10
2.76900736e-06	3.866311583e-06	10
2.76900736e-06	3.866311583e-06	0
2.752443173e-06	3.855138897e-06	0
2.735878986e-06	3.843966212e-06	0
2.719314799e-06	3.832793526e-06	0
2.702750611e-06	3.821620841e-06	0
2.686186424e-06	3.810448156e-06	0
2.669622237e-06	3.79927547e-06	0
2.65305805e-06	3.788102785e-06	0
2.65305805e-06	3.788102785e-06	-10
2.65305805e-06	3.788102785e-06	-10
2.65305805e-06	3.788102785e-06	-10
2.65305805e-06	3.788102785e-06	-10
2.65305805e-06	3.788102785e-06	-10
2.65305805e-06	3.788102785e-06	-10
2.65305805e-06	3.788102785e-06	-10
2.65305805e-06	3.788102785e-06	-10
2.65305805e-06	3.788102785e-06	-10
2.65305805e-06	3.788102785e-06	-10
2.65305805e-06	3.788102785e-06	-10
2.65305805e-06	3.788102785e-06	-10
2.65305805e-06	3.788102785e-06	-10
2.65305805e-06	3.788102785e-06	-10
2.65305805e-06	3.788102785e-06	-10
2.65305805e-06	3.788102785e-06	-10
2.65305805e-06	3.788102785e-06	-10
2.65305805e-06	3.788102785e-06	-10
2.65305805e-06	3.788102785e-06	-10
2.65305805e-06	3.788102785e-06	-10
2.65305805e-06	3.788102785e-06	-10
2.65305805e-06	3.788102785e-06	-10
2.65305805e-06	3.788102785e-06	-10
2.65305805e-06	3.788102785e-06	-10
2.65305805e-06	3.788102785e-06	-10
2.65305805e-06	3.788102785e-06	0
2.664230735e-06	3.771538598e-06	0
2.67540342e-06	3.75497441e-06	0
2.686576106e-06	3.738410223e-06	0
2.697748791e-06	3.721846036e-06	0
2.708921476e-06	3.705281849e-06	0
2.720094162e-06	3.688717661e-06	0
2.731266847e-06	3.672153474e-06	0
2.731266847e-06	3.672153474e-06	-10
2.731266847e-06	3.672153474e-06	-10
2.731266847e-06	3.672153474e-06	-10
2.731266847e-06	3.672153474e-06	-10
2.731266847e-06	3.672153474e-06	-10
2.731266847e-06	3.672153474e-06	-10
2.731266847e-06	3.672153474e-06	-10
2.731266847e-06	3.672153474e-06	-10
2.731266847e-06	3.672153474e-06	-10
2.731266847e-06	3.672153474e-06	-10
2.731266847e-06	3.672153474e-06	-10
2.731266847e-06	3.672153474e-06	-10
2.731266847e-06	3.672153474e-06	-10
2.731266847e-06	3.672153474e-06	-10
2.731266847e-06	3.672153474e-06	-10
2.731266847e-06	3.672153474e-06	-10
2.731266847e-06	3.672153474e-06	-10
2.731266847e-06	3.672153474e-06	-10
2.731266847e-06	3.672153474e-06	-10
2.731266847e-06	3.672153474e-06	-10
2.731266847e-06	3.672153474e-06	-10
2.731266847e-06	3.672153474e-06	-10
2.731266847e-06	3.672153474e-06	-10
2.731266847e-06	3.672153474e-06	-10
2.731266847e-06	3.672153474e-06	-10
2.731266847e-06	3.672153474e-06	0
2.742439533e-06	3.655589287e-06	0
2.753612218e-06	3.6390251e-06	0
2.764784903e-06	3.622460912e-06	0
2.775957589e-06	3.605896725e-06	0
2.787130274e-06	3.589332538e-06	0
2.798302959e-06	3.57276835e-06	0
2.809475645e-06	3.556204163e-06	0
2.809475645e-06	3.556204163e-06	-10
2.809475645e-06	3.556204163e-06	-10
2.809475645e-06	3.556204163e-06	-10
2.809475645e-06	3.556204163e-06	-10
2.809475645e-06	3.556204163e-06	-10
2.809475645e-06	3.556204163e-06	-10
2.809475645e-06	3.556204163e-06	-10
2.809475645e-06	3.556204163e-06	-10
2.809475645e-06	3.556204163e-06	-10
2.809475645e-06	3.556204163e-06	-10
2.809475645e-06	3.556204163e-06	-10
2.809475645e-06	3.556204163e-06	-10
2.809475645e-06	3.556204163e-06	-10
2.809475645e-06	3.556204163e-06	-10
2.809475645e-06	3.556204163e-06	-10
2.809475645e-06	3.556204163e-06	-10
2.809475645e-06	3.556204163e-06	-10
2.809475645e-06	3.556204163e-06	-10
2.809475645e-06	3.556204163e-06	-10
2.809475645e-06	3.556204163e-06	-10
2.809475645e-06	3.556204163e-06	-10
2.809475645e-06	3.556204163e-06	-10
2.809475645e-06	3.556204163e-06	-10
2.809475645e-06	3.556204163e-06	-10
2.809475645e-06	3.556204163e-06	-10
2.809475645e-06	3.556204163e-06	0
2.82064833e-06	3.539639976e-06	0
2.831821016e-06	3.523075789e-06	0
2.842993701e-06	3.506511601e-06	0
2.854166386e-06	3.489947414e-06	0
2.865339072e-06	3.473383227e-06	0
2.876511757e-06	3.45681904e-06	0
2.887684443e-06	3.440254852e-06	0
2.887684443e-06	3.440254852e-06	-10
2.887684443e-06	3.440254852e-06	-10
2.887684443e-06	3.440254852e-06	-10
2.887684443e-06	3.440254852e-06	-10
2.887684443e-06	3.440254852e-06	-10
2.887684443e-06	3.440254852e-06	-10
2.887684443e-06	3.440254852e-06	-10
2.887684443e-06	3.440254852e-06	-10
2.887684443e-06	3.440254852e-06	-10
2.887684443e-06	3.440254852e-06	-10
2.887684443e-06	3.440254852e-06	-10
2.887684443e-06	3.440254852e-06	-10
2.887684443e-06	3.440254852e-06	-10
2.887684443e-06	3.440254852e-06	-10
2.887684443e-06	3.440254852e-06	-10
2.887684443e-06	3.440254852e-06	-10
2.887684443e-06	3.440254852e-06	-10
2.887684443e-06	3.440254852e-06	-10
2.887684443e-06	3.440254852e-06	-10
2.887684443e-06	3.440254852e-06	-10
2.887684443e-06	3.440254852e-06	-10
2.887684443e-06	3.440254852e-06	-10
2.887684443e-06	3.440254852e-06	-10
2.887684443e-06	3.440254852e-06	-10
2.887684443e-06	3.440254852e-06	-10
2.887684443e-06	3.440254852e-06	0
2.898857128e-06	3.423690665e-06	0
2.910029813e-06	3.407126478e-06	0
2.921202499e-06	3.390562291e-06	0
2.932375184e-06	3.373998103e-06	0
2.943547869e-06	3.357433916e-06	0
2.954720555e-06	3.340869729e-06	0
2.96589324e-06	3.324305542e-06	0
2.96589324e-06	3.324305542e-06	-10
2.96589324e-06	3.324305542e-06	-10
2.96589324e-06	3.324305542e-06	-10
2.96589324e-06	3.324305542e-06	-10
2.96589324e-06	3.324305542e-06	-10
2.96589324e-06	3.324305542e-06	-10
2.96589324e-06	3.324305542e-06	-10
2.96589324e-06	3.324305542e-06	-10
2.96589324e-06	3.324305542e-06	-10
2.96589324e-06	3.324305542e-06	-10
2.96589324e-06	3.324305542e-06	-10
2.96589324e-06	3.324305542e-06	-10
2.96589324e-06	3.324305542e-06	-10
2.96589324e-06	3.324305542e-06	-10
2.96589324e-06	3.324305542e-06	-10
2.96589324e-06	3.324305542e-06	-10
2.96589324e-06	3.324305542e-06	-10
2.96589324e-06	3.324305542e-06	-10
2.96589324e-06	3.324305542e-06	-10
2.96589324e-06	3.324305542e-06	-10
2.96589324e-06	3.324305542e-06	-10
2.96589324e-06	3.324305542e-06	-10
2.96589324e-06	3.324305542e-06	-10
2.96589324e-06	3.324305542e-06	-10
2.96589324e-06	3.324305542e-06	-10
2.96589324e-06	3.324305542e-06	0
2.977065926e-06	3.307741354e-06	0
2.988238611e-06	3.291177167e-06	0
2.999411296e-06	3.27461298e-06	0
3.010583982e-06	3.258048792e-06	0
3.021756667e-06	3.241484605e-06	0
3.032929353e-06	3.224920418e-06	0
3.044102038e-06	3.208356231e-06	0
3.044102038e-06	3.208356231e-06	-10
3.044102038e-06	3.208356231e-06	-10
3.044102038e-06	3.208356231e-06	-10
3.044102038e-06	3.208356231e-06	-10
3.044102038e-06	3.208356231e-06	-10
3.044102038e-06	3.208356231e-06	-10
3.044102038e-06	3.208356231e-06	-10
3.044102038e-06	3.208356231e-06	-10
3.044102038e-06	3.208356231e-06	-10
3.044102038e-06	3.208356231e-06	-10
3.044102038e-06	3.208356231e-06	-10
3.044102038e-06	3.208356231e-06	-10
3.044102038e-06	3.208356231e-06	-10
3.044102038e-06	3.208356231e-06	-10
3.044102038e-06	3.208356231e-06	-10
3.044102038e-06	3.208356231e-06	-10
3.044102038e-06	3.208356231e-06	-10
3.044102038e-06	3.208356231e-06	-10
3.044102038e-06	3.208356231e-06	-10
3.044102038e-06	3.208356231e-06	-10
3.044102038e-06	3.208356231e-06	-10
3.044102038e-06	3.208356231e-06	-10
3.044102038e-06	3.208356231e-06	-10
3.044102038e-06	3.208356231e-06	-10
3.044102038e-06	3.208356231e-06	-10
3.044102038e-06	3.208356231e-06	0
3.055274723e-06	3.191792043e-06	0
3.066447409e-06	3.175227856e-06	0
3.077620094e-06	3.158663669e-06	0
3.088792779e-06	3.142099482e-06	0
3.099965465e-06	3.125535294e-06	0
3.11113815e-06	3.108971107e-06	0
3.122310836e-06	3.09240692e-06	0
3.122310836e-06	3.09240692e-06	-10
3.122310836e-06	3.09240692e-06	-10
3.122310836e-06	3.09240692e-06	-10
3.122310836e-06	3.09240692e-06	-10
3.122310836e-06	3.09240692e-06	-10
3.122310836e-06	3.09240692e-06	-10
3.122310836e-06	3.09240692e-06	-10
3.122310836e-06	3.09240692e-06	-10
3.122310836e-06	3.09240692e-06	-10
3.122310836e-06	3.09240692e-06	-10
3.122310836e-06	3.09240692e-06	-10
3.122310836e-06	3.09240692e-06	-10
3.122310836e-06	3.09240692e-06	-10
3.122310836e-06	3.09240692e-06	-10
3.122310836e-06	3.09240692e-06	-10
3.122310836e-06	3.09240692e-06	-10
3.122310836e-06	3.09240692e-06	-10
3.122310836e-06	3.09240692e-06	-10
3.122310836e-06	3.09240692e-06	-10
3.122310836e-06	3.09240692e-06	-10
3.122310836e-06	3.09240692e-06	-10
3.122310836e-06	3.09240692e-06	-10
3.122310836e-06	3.09240692e-06	-10
3.122310836e-06	3.09240692e-06	-10
3.122310836e-06	3.09240692e-06	-10
3.122310836e-06	3.09240692e-06	0
3.133483521e-06	3.075842733e-06	0
3.144656206e-06	3.059278545e-06	0
3.155828892e-06	3.042714358e-06	0
3.167001577e-06	3.026150171e-06	0
3.178174263e-06	3.009585983e-06	0
3.189346948e-06	2.993021796e-06	0
3.200519633e-06	2.976457609e-06	0
3.200519633e-06	2.976457609e-06	-10
3.200519633e-06	2.976457609e-06	-10
3.200519633e-06	2.976457609e-06	-10
3.200519633e-06	2.976457609e-06	-10
3.200519633e-06	2.976457609e-06	-10
3.200519633e-06	2.976457609e-06	-10
3.200519633e-06	2.976457609e-06	-10
3.200519633e-06	2.976457609e-06	-10
3.200519633e-06	2.976457609e-06	-10
3.200519633e-06	2.976457609e-06	-10
3.200519633e-06	2.976457609e-06	-10
3.200519633e-06	2.976457609e-06	-10
3.200519633e-06	2.976457609e-06	-10
3.200519633e-06	2.976457609e-06	-10
3.200519633e-06	2.976457609e-06	-10
3.200519633e-06	2.976457609e-06	-10
3.200519633e-06	2.976457609e-06	-10
3.200519633e-06	2.976457609e-06	-10
3.200519633e-06	2.976457609e-06	-10
3.200519633e-06	2.976457609e-06	-10
3.200519633e-06	2.976457609e-06	-10
3.200519633e-06	2.976457609e-06	-10
3.200519633e-06	2.976457609e-06	-10
3.200519633e-06	2.976457609e-06	-10
3.200519633e-06	2.976457609e-06	-10
3.200519633e-06	2.976457609e-06	0
3.211692319e-06	2.959893422e-06	0
3.222865004e-06	2.943329234e-06	0
3.234037689e-06	2.926765047e-06	0
3.245210375e-06	2.91020086e-06	0
3.25638306e-06	2.893636673e-06	0
3.267555746e-06	2.877072485e-06	0
3.278728431e-06	2.860508298e-06	0
3.278728431e-06	2.860508298e-06	-10
3.278728431e-06	2.860508298e-06	-10
3.278728431e-06	2.860508298e-06	-10
3.278728431e-06	2.860508298e-06	-10
3.278728431e-06	2.860508298e-06	-10
3.278728431e-06	2.860508298e-06	-10
3.278728431e-06	2.860508298e-06	-10
3.278728431e-06	2.860508298e-06	-10
3.278728431e-06	2.860508298e-06	-10
3.278728431e-06	2.860508298e-06	-10
3.278728431e-06	2.860508298e-06	-10
3.278728431e-06	2.860508298e-06	-10
3.278728431e-06	2.860508298e-06	-10
3.278728431e-06	2.860508298e-06	-10
3.278728431e-06	2.860508298e-06	-10
3.278728431e-06	2.860508298e-06	-10
3.278728431e-06	2.860508298e-06	-10
3.278728431e-06	2.860508298e-06	-10
3.278728431e-06	2.860508298e-06	-10
3.278728431e-06	2.860508298e-06	-10
3.278728431e-06	2.860508298e-06	-10
3.278728431e-06	2.860508298e-06	-10
3.278728431e-06	2.860508298e-06	-10
3.278728431e-06	2.860508298e-06	-10
3.278728431e-06	2.860508298e-06	-10
3.278728431e-06	2.860508298e-06	0
3.289901116e-06	2.843944111e-06	0
3.301073802e-06	2.827379924e-06	0
3.312246487e-06	2.810815736e-06	0
3.323419173e-06	2.794251549e-06	0
3.334591858e-06	2.777687362e-06	0
3.345764543e-06	2.761123175e-06	0
3.356937229e-06	2.744558987e-06	0
3.356937229e-06	2.744558987e-06	-10
3.356937229e-06	2.744558987e-06	-10
3.356937229e-06	2.744558987e-06	-10
3.356937229e-06	2.744558987e-06	-10
3.356937229e-06	2.744558987e-06	-10
3.356937229e-06	2.744558987e-06	-10
3.356937229e-06	2.744558987e-06	-10
3.356937229e-06	2.744558987e-06	-10
3.356937229e-06	2.744558987e-06	-10
3.356937229e-06	2.744558987e-06	-10
3.356937229e-06	2.744558987e-06	-10
3.356937229e-06	2.744558987e-06	-10
3.356937229e-06	2.744558987e-06	-10
3.356937229e-06	2.744558987e-06	-10
3.356937229e-06	2.744558987e-06	-10
3.356937229e-06	2.744558987e-06	-10
3.356937229e-06	2.744558987e-06	-10
3.356937229e-06	2.744558987e-06	-10
3.356937229e-06	2.744558987e-06	-10
3.356937229e-06	2.744558987e-06	-10
3.356937229e-06	2.744558987e-06	-10
3.356937229e-06	2.744558987e-06	-10
3.356937229e-06	2.744558987e-06	-10
3.356937229e-06	2.744558987e-06	-10
3.356937229e-06	2.744558987e-06	-10
3.356937229e-06	2.744558987e-06	0
3.368109914e-06	2.7279948e-06	0
3.379282599e-06	2.711430613e-06	0
3.390455285e-06	2.694866425e-06	0
3.40162797e-06	2.678302238e-06	0
3.412800656e-06	2.661738051e-06	0
3.423973341e-06	2.645173864e-06	0
3.435146026e-06	2.628609676e-06	0
3.435146026e-06	2.628609676e-06	-10
3.435146026e-06	2.628609676e-06	-10
3.435146026e-06	2.628609676e-06	-10
3.435146026e-06	2.628609676e-06	-10
3.435146026e-06	2.628609676e-06	-10
3.435146026e-06	2.628609676e-06	-10
3.435146026e-06	2.628609676e-06	-10
3.435146026e-06	2.628609676e-06	-10
3.435146026e-06	2.628609676e-06	-10
3.435146026e-06	2.628609676e-06	-10
3.435146026e-06	2.628609676e-06	-10
3.435146026e-06	2.628609676e-06	-10
3.435146026e-06	2.628609676e-06	-10
3.435146026e-06	2.628609676e-06	-10
3.435146026e-06	2.628609676e-06	-10
3.435146026e-06	2.628609676e-06	-10
3.435146026e-06	2.628609676e-06	-10
3.435146026e-06	2.628609676e-06	-10
3.435146026e-06	2.628609676e-06	-10
3.435146026e-06	2.628609676e-06	-10
3.435146026e-06	2.628609676e-06	-10
3.435146026e-06	2.628609676e-06	-10
3.435146026e-06	2.628609676e-06	-10
3.435146026e-06	2.628609676e-06	-10
3.435146026e-06	2.628609676e-06	-10
3.435146026e-06	2.628609676e-06	0
3.446318712e-06	2.612045489e-06	0
3.457491397e-06	2.595481302e-06	0
3.468664083e-06	2.578917115e-06	0
3.479836768e-06	2.562352927e-06	0
3.491009453e-06	2.54578874e-06	0
3.502182139e-06	2.529224553e-06	0
3.513354824e-06	2.512660366e-06	0
3.513354824e-06	2.512660366e-06	-10
3.513354824e-06	2.512660366e-06	-10
3.513354824e-06	2.512660366e-06	-10
3.513354824e-06	2.512660366e-06	-10
3.513354824e-06	2.512660366e-06	-10
3.513354824e-06	2.512660366e-06	-10
3.513354824e-06	2.512660366e-06	-10
3.513354824e-06	2.512660366e-06	-10
3.513354824e-06	2.512660366e-06	-10
3.513354824e-06	2.512660366e-06	-10
3.513354824e-06	2.512660366e-06	-10
3.513354824e-06	2.512660366e-06	-10
3.513354824e-06	2.512660366e-06	-10
3.513354824e-06	2.512660366e-06	-10
3.513354824e-06	2.512660366e-06	-10
3.513354824e-06	2.512660366e-06	-10
3.513354824e-06	2.512660366e-06	-10
3.513354824e-06	2.512660366e-06	-10
3.513354824e-06	2.512660366e-06	-10
3.513354824e-06	2.512660366e-06	-10
3.513354824e-06	2.512660366e-06	-10
3.513354824e-06	2.512660366e-06	-10
3.513354824e-06	2.512660366e-06	-10
3.513354824e-06	2.512660366e-06	-10
3.513354824e-06	2.512660366e-06	-10
3.513354824e-06	2.512660366e-06	0
3.496790637e-06	2.50148768e-06	0
3.48022645e-06	2.490314995e-06	0
3.463662262e-06	2.479142309e-06	0
3.447098075e-06	2.467969624e-06	0
3.430533888e-06	2.456796939e-06	0
3.4139697e-06	2.445624253e-06	0
3.397405513e-06	2.434451568e-06	0
3.397405513e-06	2.434451568e-06	10
3.397405513e-06	2.434451568e-06	10
3.397405513e-06	2.434451568e-06	10
3.397405513e-06	2.434451568e-06	10
3.397405513e-06	2.434451568e-06	10
3.397405513e-06	2.434451568e-06	10
3.397405513e-06	2.434451568e-06	10
3.397405513e-06	2.434451568e-06	10
3.397405513e-06	2.434451568e-06	10
3.397405513e-06	2.434451568e-06	10
3.397405513e-06	2.434451568e-06	10
3.397405513e-06	2.434451568e-06	10
3.397405513e-06	2.434451568e-06	10
3.397405513e-06	2.434451568e-06	10
3.397405513e-06	2.434451568e-06	10
3.397405513e-06	2.434451568e-06	10
3.397405513e-06	2.434451568e-06	10
3.397405513e-06	2.434451568e-06	10
3.397405513e-06	2.434451568e-06	10
3.397405513e-06	2.434451568e-06	10
3.397405513e-06	2.434451568e-06	10
3.397405513e-06	2.434451568e-06	10
3.397405513e-06	2.434451568e-06	10
3.397405513e-06	2.434451568e-06	10
3.397405513e-06	2.434451568e-06	10
3.397405513e-06	2.434451568e-06	0
3.386232828e-06	2.451015755e-06	0
3.375060142e-06	2.467579942e-06	0
3.363887457e-06	2.48414413e-06	0
3.352714772e-06	2.500708317e-06	0
3.341542086e-06	2.517272504e-06	0
3.330369401e-06	2.533836691e-06	0
3.319196716e-06	2.550400879e-06	0
3.319196716e-06	2.550400879e-06	10
3.319196716e-06	2.550400879e-06	10
3.319196716e-06	2.550400879e-06	10
3.319196716e-06	2.550400879e-06	10
3.319196716e-06	2.550400879e-06	10
3.319196716e-06	2.550400879e-06	10
3.319196716e-06	2.550400879e-06	10
3.319196716e-06	2.550400879e-06	10
3.319196716e-06	2.550400879e-06	10
3.319196716e-06	2.550400879e-06	10
3.319196716e-06	2.550400879e-06	10
3.319196716e-06	2.550400879e-06	10
3.319196716e-06	2.550400879e-06	10
3.319196716e-06	2.550400879e-06	10
3.319196716e-06	2.550400879e-06	10
3.319196716e-06	2.550400879e-06	10
3.319196716e-06	2.550400879e-06	10
3.319196716e-06	2.550400879e-06	10
3.319196716e-06	2.550400879e-06	10
3.319196716e-06	2.550400879e-06	10
3.319196716e-06	2.550400879e-06	10
3.319196716e-06	2.550400879e-06	10
3.319196716e-06	2.550400879e-06	10
3.319196716e-06	2.550400879e-06	10
3.319196716e-06	2.550400879e-06	10
3.319196716e-06	2.550400879e-06	0
3.30802403e-06	2.566965066e-06	0
3.296851345e-06	2.583529253e-06	0
3.285678659e-06	2.600093441e-06	0
3.274505974e-06	2.616657628e-06	0
3.263333289e-06	2.633221815e-06	0
3.252160603e-06	2.649786002e-06	0
3.240987918e-06	2.66635019e-06	0
3.240987918e-06	2.66635019e-06	10
3.240987918e-06	2.66635019e-06	10
3.240987918e-06	2.66635019e-06	10
3.240987918e-06	2.66635019e-06	10
3.240987918e-06	2.66635019e-06	10
3.240987918e-06	2.66635019e-06	10
3.240987918e-06	2.66635019e-06	10
3.240987918e-06	2.66635019e-06	10
3.240987918e-06	2.66635019e-06	10
3.240987918e-06	2.66635019e-06	10
3.240987918e-06	2.66635019e-06	10
3.240987918e-06	2.66635019e-06	10
3.240987918e-06	2.66635019e-06	10
3.240987918e-06	2.66635019e-06	10
3.240987918e-06	2.66635019e-06	10
3.240987918e-06	2.66635019e-06	10
3.240987918e-06	2.66635019e-06	10
3.240987918e-06	2.66635019e-06	10
3.240987918e-06	2.66635019e-06	10
3.240987918e-06	2.66635019e-06	10
3.240987918e-06	2.66635019e-06	10
3.240987918e-06	2.66635019e-06	10
3.240987918e-06	2.66635019e-06	10
3.240987918e-06	2.66635019e-06	10
3.240987918e-06	2.66635019e-06	10
3.240987918e-06	2.66635019e-06	0
3.229815232e-06	2.682914377e-06	0
3.218642547e-06	2.699478564e-06	0
3.207469862e-06	2.716042751e-06	0
3.196297176e-06	2.732606939e-06	0
3.185124491e-06	2.749171126e-06	0
3.173951806e-06	2.765735313e-06	0
3.16277912e-06	2.7822995e-06	0
3.16277912e-06	2.7822995e-06	10
3.16277912e-06	2.7822995e-06	10
3.16277912e-06	2.7822995e-06	10
3.16277912e-06	2.7822995e-06	10
3.16277912e-06	2.7822995e-06	10
3.16277912e-06	2.7822995e-06	10
3.16277912e-06	2.7822995e-06	10
3.16277912e-06	2.7822995e-06	10
3.16277912e-06	2.7822995e-06	10
3.16277912e-06	2.7822995e-06	10
3.16277912e-06	2.7822995e-06	10
3.16277912e-06	2.7822995e-06	10
3.16277912e-06	2.7822995e-06	10
3.16277912e-06	2.7822995e-06	10
3.16277912e-06	2.7822995e-06	10
3.16277912e-06	2.7822995e-06	10
3.16277912e-06	2.7822995e-06	10
3.16277912e-06	2.7822995e-06	10
3.16277912e-06	2.7822995e-06	10
3.16277912e-06	2.7822995e-06	10
3.16277912e-06	2.7822995e-06	10
3.16277912e-06	2.7822995e-06	10
3.16277912e-06	2.7822995e-06	10
3.16277912e-06	2.7822995e-06	10
3.16277912e-06	2.7822995e-06	10
3.16277912e-06	2.7822995e-06	0
3.151606435e-06	2.798863688e-06	0
3.140433749e-06	2.815427875e-06	0
3.129261064e-06	2.831992062e-06	0
3.118088379e-06	2.848556249e-06	0
3.106915693e-06	2.865120437e-06	0
3.095743008e-06	2.881684624e-06	0
3.084570322e-06	2.898248811e-06	0
3.084570322e-06	2.898248811e-06	10
3.084570322e-06	2.898248811e-06	10
3.084570322e-06	2.898248811e-06	10
3.084570322e-06	2.898248811e-06	10
3.084570322e-06	2.898248811e-06	10
3.084570322e-06	2.898248811e-06	10
3.084570322e-06	2.898248811e-06	10
3.084570322e-06	2.898248811e-06	10
3.084570322e-06	2.898248811e-06	10
3.084570322e-06	2.898248811e-06	10
3.084570322e-06	2.898248811e-06	10
3.084570322e-06	2.898248811e-06	10
3.084570322e-06	2.898248811e-06	10
3.084570322e-06	2.898248811e-06	10
3.084570322e-06	2.898248811e-06	10
3.084570322e-06	2.898248811e-06	10
3.084570322e-06	2.898248811e-06	10
3.084570322e-06	2.898248811e-06	10
3.084570322e-06	2.898248811e-06	10
3.084570322e-06	2.898248811e-06	10
3.084570322e-06	2.898248811e-06	10
3.084570322e-06	2.898248811e-06	10
3.084570322e-06	2.898248811e-06	10
3.084570322e-06	2.898248811e-06	10
3.084570322e-06	2.898248811e-06	10
3.084570322e-06	2.898248811e-06	0
3.073397637e-06	2.914812999e-06	0
3.062224952e-06	2.931377186e-06	0
3.051052266e-06	2.947941373e-06	0
3.039879581e-06	2.96450556e-06	0
3.028706896e-06	2.981069748e-06	0
3.01753421e-06	2.997633935e-06	0
3.006361525e-06	3.014198122e-06	0
3.006361525e-06	3.014198122e-06	10
3.006361525e-06	3.014198122e-06	10
3.006361525e-06	3.014198122e-06	10
3.006361525e-06	3.014198122e-06	10
3.006361525e-06	3.014198122e-06	10
3.006361525e-06	3.014198122e-06	10
3.006361525e-06	3.014198122e-06	10
3.006361525e-06	3.014198122e-06	10
3.006361525e-06	3.014198122e-06	10
3.006361525e-06	3.014198122e-06	10
3.006361525e-06	3.014198122e-06	10
3.006361525e-06	3.014198122e-06	10
3.006361525e-06	3.014198122e-06	10
3.006361525e-06	3.014198122e-06	10
3.006361525e-06	3.014198122e-06	10
3.006361525e-06	3.014198122e-06	10
3.006361525e-06	3.014198122e-06	10
3.006361525e-06	3.014198122e-06	10
3.006361525e-06	3.014198122e-06	10
3.006361525e-06	3.014198122e-06	10
3.006361525e-06	3.014198122e-06	10
3.006361525e-06	3.014198122e-06	10
3.006361525e-06	3.014198122e-06	10
3.006361525e-06	3.014198122e-06	10
3.006361525e-06	3.014198122e-06	10
3.006361525e-06	3.014198122e-06	0
2.995188839e-06	3.030762309e-06	0
2.984016154e-06	3.047326497e-06	0
2.972843469e-06	3.063890684e-06	0
2.961670783e-06	3.080454871e-06	0
2.950498098e-06	3.097019058e-06	0
2.939325412e-06	3.113583246e-06	0
2.928152727e-06	3.130147433e-06	0
2.928152727e-06	3.130147433e-06	10
2.928152727e-06	3.130147433e-06	10
2.928152727e-06	3.130147433e-06	10
2.928152727e-06	3.130147433e-06	10
2.928152727e-06	3.130147433e-06	10
2.928152727e-06	3.130147433e-06	10
2.928152727e-06	3.130147433e-06	10
2.928152727e-06	3.130147433e-06	10
2.928152727e-06	3.130147433e-06	10
2.928152727e-06	3.130147433e-06	10
2.928152727e-06	3.130147433e-06	10
2.928152727e-06	3.130147433e-06	10
2.928152727e-06	3.130147433e-06	10
2.928152727e-06	3.130147433e-06	10
2.928152727e-06	3.130147433e-06	10
2.928152727e-06	3.130147433e-06	10
2.928152727e-06	3.130147433e-06	10
2.928152727e-06	3.130147433e-06	10
2.928152727e-06	3.130147433e-06	10
2.928152727e-06	3.130147433e-06	10
2.928152727e-06	3.130147433e-06	10
2.928152727e-06	3.130147433e-06	10
2.928152727e-06	3.130147433e-06	10
2.928152727e-06	3.130147433e-06	10
2.928152727e-06	3.130147433e-06	10
2.928152727e-06	3.130147433e-06	0
2.916980042e-06	3.14671162e-06	0
2.905807356e-06	3.163275807e-06	0
2.894634671e-06	3.179839995e-06	0
2.883461986e-06	3.196404182e-06	0
2.8722893e-06	3.212968369e-06	0
2.861116615e-06	3.229532557e-06	0
2.849943929e-06	3.246096744e-06	0
2.849943929e-06	3.246096744e-06	10
2.849943929e-06	3.246096744e-06	10
2.849943929e-06	3.246096744e-06	10
2.849943929e-06	3.246096744e-06	10
2.849943929e-06	3.246096744e-06	10
2.849943929e-06	3.246096744e-06	10
2.849943929e-06	3.246096744e-06	10
2.849943929e-06	3.246096744e-06	10
2.849943929e-06	3.246096744e-06	10
2.849943929e-06	3.246096744e-06	10
2.849943929e-06	3.246096744e-06	10
2.849943929e-06	3.246096744e-06	10
2.849943929e-06	3.246096744e-06	10
2.849943929e-06	3.246096744e-06	10
2.849943929e-06	3.246096744e-06	10
2.849943929e-06	3.246096744e-06	10
2.849943929e-06	3.246096744e-06	10
2.849943929e-06	3.246096744e-06	10
2.849943929e-06	3.246096744e-06	10
2.849943929e-06	3.246096744e-06	10
2.849943929e-06	3.246096744e-06	10
2.849943929e-06	3.246096744e-06	10
2.849943929e-06	3.246096744e-06	10
2.849943929e-06	3.246096744e-06	10
2.849943929e-06	3.246096744e-06	10
2.849943929e-06	3.246096744e-06	0
2.838771244e-06	3.262660931e-06	0
2.827598559e-06	3.279225118e-06	0
2.816425873e-06	3.295789306e-06	0
2.805253188e-06	3.312353493e-06	0
2.794080502e-06	3.32891768e-06	0
2.782907817e-06	3.345481867e-06	0
2.771735132e-06	3.362046055e-06	0
2.771735132e-06	3.362046055e-06	10
2.771735132e-06	3.362046055e-06	10
2.771735132e-06	3.362046055e-06	10
2.771735132e-06	3.362046055e-06	10
2.771735132e-06	3.362046055e-06	10
2.771735132e-06	3.362046055e-06	10
2.771735132e-06	3.362046055e-06	10
2.771735132e-06	3.362046055e-06	10
2.771735132e-06	3.362046055e-06	10
2.771735132e-06	3.362046055e-06	10
2.771735132e-06	3.362046055e-06	10
2.771735132e-06	3.362046055e-06	10
2.771735132e-06	3.362046055e-06	10
2.771735132e-06	3.362046055e-06	10
2.771735132e-06	3.362046055e-06	10
2.771735132e-06	3.362046055e-06	10
2.771735132e-06	3.362046055e-06	10
2.771735132e-06	3.362046055e-06	10
2.771735132e-06	3.362046055e-06	10
2.771735132e-06	3.362046055e-06	10
2.771735132e-06	3.362046055e-06	10
2.771735132e-06	3.362046055e-06	10
2.771735132e-06	3.362046055e-06	10
2.771735132e-06	3.362046055e-06	10
2.771735132e-06	3.362046055e-06	10
2.771735132e-06	3.362046055e-06	0
2.760562446e-06	3.378610242e-06	0
2.749389761e-06	3.395174429e-06	0
2.738217076e-06	3.411738616e-06	0
2.72704439e-06	3.428302804e-06	0
2.715871705e-06	3.444866991e-06	0
2.704699019e-06	3.461431178e-06	0
2.693526334e-06	3.477995366e-06	0
2.693526334e-06	3.477995366e-06	10
2.693526334e-06	3.477995366e-06	10
2.693526334e-06	3.477995366e-06	10
2.693526334e-06	3.477995366e-06	10
2.693526334e-06	3.477995366e-06	10
2.693526334e-06	3.477995366e-06	10
2.693526334e-06	3.477995366e-06	10
2.693526334e-06	3.477995366e-06	10
2.693526334e-06	3.477995366e-06	10
2.693526334e-06	3.477995366e-06	10
2.693526334e-06	3.477995366e-06	10
2.693526334e-06	3.477995366e-06	10
2.693526334e-06	3.477995366e-06	10
2.693526334e-06	3.477995366e-06	10
2.693526334e-06	3.477995366e-06	10
2.693526334e-06	3.477995366e-06	10
2.693526334e-06	3.477995366e-06	10
2.693526334e-06	3.477995366e-06	10
2.693526334e-06	3.477995366e-06	10
2.693526334e-06	3.477995366e-06	10
2.693526334e-06	3.477995366e-06	10
2.693526334e-06	3.477995366e-06	10
2.693526334e-06	3.477995366e-06	10
2.693526334e-06	3.477995366e-06	10
2.693526334e-06	3.477995366e-06	10
2.693526334e-06	3.477995366e-06	0
2.682353649e-06	3.494559553e-06	0
2.671180963e-06	3.51112374e-06	0
2.660008278e-06	3.527687927e-06	0
2.648835592e-06	3.544252115e-06	0
2.637662907e-06	3.560816302e-06	0
2.626490222e-06	3.577380489e-06	0
2.615317536e-06	3.593944676e-06	0
2.615317536e-06	3.593944676e-06	10
2.615317536e-06	3.593944676e-06	10
2.615317536e-06	3.593944676e-06	10
2.615317536e-06	3.593944676e-06	10
2.615317536e-06	3.593944676e-06	10
2.615317536e-06	3.593944676e-06	10
2.615317536e-06	3.593944676e-06	10
2.615317536e-06	3.593944676e-06	10
2.615317536e-06	3.593944676e-06	10
2.615317536e-06	3.593944676e-06	10
2.615317536e-06	3.593944676e-06	10
2.615317536e-06	3.593944676e-06	10
2.615317536e-06	3.593944676e-06	10
2.615317536e-06	3.593944676e-06	10
2.615317536e-06	3.593944676e-06	10
2.615317536e-06	3.593944676e-06	10
2.615317536e-06	3.593944676e-06	10
2.615317536e-06	3.593944676e-06	10
2.615317536e-06	3.593944676e-06	10
2.615317536e-06	3.593944676e-06	10
2.615317536e-06	3.593944676e-06	10
2.615317536e-06	3.593944676e-06	10
2.615317536e-06	3.593944676e-06	10
2.615317536e-06	3.593944676e-06	10
2.615317536e-06	3.593944676e-06	10
2.615317536e-06	3.593944676e-06	0
2.604144851e-06	3.610508864e-06	0
2.592972166e-06	3.627073051e-06	0
2.58179948e-06	3.643637238e-06	0
2.570626795e-06	3.660201425e-06	0
2.559454109e-06	3.676765613e-06	0
2.548281424e-06	3.6933298e-06	0
2.537108739e-06	3.709893987e-06	0
2.537108739e-06	3.709893987e-06	10
2.537108739e-06	3.709893987e-06	10
2.537108739e-06	3.709893987e-06	10
2.537108739e-06	3.709893987e-06	10
2.537108739e-06	3.709893987e-06	10
2.537108739e-06	3.709893987e-06	10
2.537108739e-06	3.709893987e-06	10
2.537108739e-06	3.709893987e-06	10
2.537108739e-06	3.709893987e-06	10
2.537108739e-06	3.709893987e-06	10
2.537108739e-06	3.709893987e-06	10
2.537108739e-06	3.709893987e-06	10
2.537108739e-06	3.709893987e-06	10
2.537108739e-06	3.709893987e-06	10
2.537108739e-06	3.709893987e-06	10
2.537108739e-06	3.709893987e-06	10
2.537108739e-06	3.709893987e-06	10
2.537108739e-06	3.709893987e-06	10
2.537108739e-06	3.709893987e-06	10
2.537108739e-06	3.709893987e-06	10
2.537108739e-06	3.709893987e-06	10
2.537108739e-06	3.709893987e-06	10
2.537108739e-06	3.709893987e-06	10
2.537108739e-06	3.709893987e-06	10
2.537108739e-06	3.709893987e-06	10
2.537108739e-06	3.709893987e-06	0
2.520544551e-06	3.698721302e-06	0
2.503980364e-06	3.687548616e-06	0
2.487416177e-06	3.676375931e-06	0
2.47085199e-06	3.665203246e-06	0
2.454287802e-06	3.65403056e-06	0
2.437723615e-06	3.642857875e-06	0
2.421159428e-06	3.63168519e-06	0
2.421159428e-06	3.63168519e-06	-10
2.421159428e-06	3.63168519e-06	-10
2.421159428e-06	3.63168519e-06	-10
2.421159428e-06	3.63168519e-06	-10
2.421159428e-06	3.63168519e-06	-10
2.421159428e-06	3.63168519e-06	-10
2.421159428e-06	3.63168519e-06	-10
2.421159428e-06	3.63168519e-06	-10
2.421159428e-06	3.63168519e-06	-10
2.421159428e-06	3.63168519e-06	-10
2.421159428e-06	3.63168519e-06	-10
2.421159428e-06	3.63168519e-06	-10
2.421159428e-06	3.63168519e-06	-10
2.421159428e-06	3.63168519e-06	-10
2.421159428e-06	3.63168519e-06	-10
2.421159428e-06	3.63168519e-06	-10
2.421159428e-06	3.63168519e-06	-10
2.421159428e-06	3.63168519e-06	-10
2.421159428e-06	3.63168519e-06	-10
2.421159428e-06	3.63168519e-06	-10
2.421159428e-06	3.63168519e-06	-10
2.421159428e-06	3.63168519e-06	-10
2.421159428e-06	3.63168519e-06	-10
2.421159428e-06	3.63168519e-06	-10
2.421159428e-06	3.63168519e-06	-10
2.421159428e-06	3.63168519e-06	0
2.432332113e-06	3.615121002e-06	0
2.443504799e-06	3.598556815e-06	0
2.454677484e-06	3.581992628e-06	0
2.465850169e-06	3.56542844e-06	0
2.477022855e-06	3.548864253e-06	0
2.48819554e-06	3.532300066e-06	0
2.499368225e-06	3.515735879e-06	0
2.499368225e-06	3.515735879e-06	-10
2.499368225e-06	3.515735879e-06	-10
2.499368225e-06	3.515735879e-06	-10
2.499368225e-06	3.515735879e-06	-10
2.499368225e-06	3.515735879e-06	-10
2.499368225e-06	3.515735879e-06	-10
2.499368225e-06	3.515735879e-06	-10
2.499368225e-06	3.515735879e-06	-10
2.499368225e-06	3.515735879e-06	-10
2.499368225e-06	3.515735879e-06	-10
2.499368225e-06	3.515735879e-06	-10
2.499368225e-06	3.515735879e-06	-10
2.499368225e-06	3.515735879e-06	-10
2.499368225e-06	3.515735879e-06	-10
2.499368225e-06	3.515735879e-06	-10
2.499368225e-06	3.515735879e-06	-10
2.499368225e-06	3.515735879e-06	-10
2.499368225e-06	3.515735879e-06	-10
2.499368225e-06	3.515735879e-06	-10
2.499368225e-06	3.515735879e-06	-10
2.499368225e-06	3.515735879e-06	-10
2.499368225e-06	3.515735879e-06	-10
2.499368225e-06	3.515735879e-06	-10
2.499368225e-06	3.515735879e-06	-10
2.499368225e-06	3.515735879e-06	-10
2.499368225e-06	3.515735879e-06	0
2.510540911e-06	3.499171691e-06	0
2.521713596e-06	3.482607504e-06	0
2.532886282e-06	3.466043317e-06	0
2.544058967e-06	3.44947913e-06	0
2.555231652e-06	3.432914942e-06	0
2.566404338e-06	3.416350755e-06	0
2.577577023e-06	3.399786568e-06	0
2.577577023e-06	3.399786568e-06	-10
2.577577023e-06	3.399786568e-06	-10
2.577577023e-06	3.399786568e-06	-10
2.577577023e-06	3.399786568e-06	-10
2.577577023e-06	3.399786568e-06	-10
2.577577023e-06	3.399786568e-06	-10
2.577577023e-06	3.399786568e-06	-10
2.577577023e-06	3.399786568e-06	-10
2.577577023e-06	3.399786568e-06	-10
2.577577023e-06	3.399786568e-06	-10
2.577577023e-06	3.399786568e-06	-10
2.577577023e-06	3.399786568e-06	-10
2.577577023e-06	3.399786568e-06	-10
2.577577023e-06	3.399786568e-06	-10
2.577577023e-06	3.399786568e-06	-10
2.577577023e-06	3.399786568e-06	-10
2.577577023e-06	3.399786568e-06	-10
2.577577023e-06	3.399786568e-06	-10
2.577577023e-06	3.399786568e-06	-10
2.577577023e-06	3.399786568e-06	-10
2.577577023e-06	3.399786568e-06	-10
2.577577023e-06	3.399786568e-06	-10
2.577577023e-06	3.399786568e-06	-10
2.577577023e-06	3.399786568e-06	-10
2.577577023e-06	3.399786568e-06	-10
2.577577023e-06	3.399786568e-06	0
2.588749709e-06	3.383222381e-06	0
2.599922394e-06	3.366658193e-06	0
2.611095079e-06	3.350094006e-06	0
2.622267765e-06	3.333529819e-06	0
2.63344045e-06	3.316965632e-06	0
2.644613135e-06	3.300401444e-06	0
2.655785821e-06	3.283837257e-06	0
2.655785821e-06	3.283837257e-06	-10
2.655785821e-06	3.283837257e-06	-10
2.655785821e-06	3.283837257e-06	-10
2.655785821e-06	3.283837257e-06	-10
2.655785821e-06	3.283837257e-06	-10
2.655785821e-06	3.283837257e-06	-10
2.655785821e-06	3.283837257e-06	-10
2.655785821e-06	3.283837257e-06	-10
2.655785821e-06	3.283837257e-06	-10
2.655785821e-06	3.283837257e-06	-10
2.655785821e-06	3.283837257e-06	-10
2.655785821e-06	3.283837257e-06	-10
2.655785821e-06	3.283837257e-06	-10
2.655785821e-06	3.283837257e-06	-10
2.655785821e-06	3.283837257e-06	-10
2.655785821e-06	3.283837257e-06	-10
2.655785821e-06	3.283837257e-06	-10
2.655785821e-06	3.283837257e-06	-10
2.655785821e-06	3.283837257e-06	-10
2.655785821e-06	3.283837257e-06	-10
2.655785821e-06	3.283837257e-06	-10
2.655785821e-06	3.283837257e-06	-10
2.655785821e-06	3.283837257e-06	-10
2.655785821e-06	3.283837257e-06	-10
2.655785821e-06	3.283837257e-06	-10
2.655785821e-06	3.283837257e-06	0
2.666958506e-06	3.26727307e-06	0
2.678131192e-06	3.250708882e-06	0
2.689303877e-06	3.234144695e-06	0
2.700476562e-06	3.217580508e-06	0
2.711649248e-06	3.201016321e-06	0
2.722821933e-06	3.184452133e-06	0
2.733994619e-06	3.167887946e-06	0
2.733994619e-06	3.167887946e-06	-10
2.733994619e-06	3.167887946e-06	-10
2.733994619e-06	3.167887946e-06	-10
2.733994619e-06	3.167887946e-06	-10
2.733994619e-06	3.167887946e-06	-10
2.733994619e-06	3.167887946e-06	-10
2.733994619e-06	3.167887946e-06	-10
2.733994619e-06	3.167887946e-06	-10
2.733994619e-06	3.167887946e-06	-10
2.733994619e-06	3.167887946e-06	-10
2.733994619e-06	3.167887946e-06	-10
2.733994619e-06	3.167887946e-06	-10
2.733994619e-06	3.167887946e-06	-10
2.733994619e-06	3.167887946e-06	-10
2.733994619e-06	3.167887946e-06	-10
2.733994619e-06	3.167887946e-06	-10
2.733994619e-06	3.167887946e-06	-10
2.733994619e-06	3.167887946e-06	-10
2.733994619e-06	3.167887946e-06	-10
2.733994619e-06	3.167887946e-06	-10
2.733994619e-06	3.167887946e-06	-10
2.733994619e-06	3.167887946e-06	-10
2.733994619e-06	3.167887946e-06	-10
2.733994619e-06	3.167887946e-06	-10
2.733994619e-06	3.167887946e-06	-10
2.733994619e-06	3.167887946e-06	0
2.745167304e-06	3.151323759e-06	0
2.756339989e-06	3.134759572e-06	0
2.767512675e-06	3.118195384e-06	0
2.77868536e-06	3.101631197e-06	0
2.789858045e-06	3.08506701e-06	0
2.801030731e-06	3.068502823e-06	0
2.812203416e-06	3.051938635e-06	0
2.812203416e-06	3.051938635e-06	-10
2.812203416e-06	3.051938635e-06	-10
2.812203416e-06	3.051938635e-06	-10
2.812203416e-06	3.051938635e-06	-10
2.812203416e-06	3.051938635e-06	-10
2.812203416e-06	3.051938635e-06	-10
2.812203416e-06	3.051938635e-06	-10
2.812203416e-06	3.051938635e-06	-10
2.812203416e-06	3.051938635e-06	-10
2.812203416e-06	3.051938635e-06	-10
2.812203416e-06	3.051938635e-06	-10
2.812203416e-06	3.051938635e-06	-10
2.812203416e-06	3.051938635e-06	-10
2.812203416e-06	3.051938635e-06	-10
2.812203416e-06	3.051938635e-06	-10
2.812203416e-06	3.051938635e-06	-10
2.812203416e-06	3.051938635e-06	-10
2.812203416e-06	3.051938635e-06	-10
2.812203416e-06	3.051938635e-06	-10
2.812203416e-06	3.051938635e-06	-10
2.812203416e-06	3.051938635e-06	-10
2.812203416e-06	3.051938635e-06	-10
2.812203416e-06	3.051938635e-06	-10
2.812203416e-06	3.051938635e-06	-10
2.812203416e-06	3.051938635e-06	-10
2.812203416e-06	3.051938635e-06	0
2.823376102e-06	3.035374448e-06	0
2.834548787e-06	3.018810261e-06	0
2.845721472e-06	3.002246073e-06	0
2.856894158e-06	2.985681886e-06	0
2.868066843e-06	2.969117699e-06	0
2.879239529e-06	2.952553512e-06	0
2.890412214e-06	2.935989324e-06	0
2.890412214e-06	2.935989324e-06	-10
2.890412214e-06	2.935989324e-06	-10
2.890412214e-06	2.935989324e-06	-10
2.890412214e-06	2.935989324e-06	-10
2.890412214e-06	2.935989324e-06	-10
2.890412214e-06	2.935989324e-06	-10
2.890412214e-06	2.935989324e-06	-10
2.890412214e-06	2.935989324e-06	-10
2.890412214e-06	2.935989324e-06	-10
2.890412214e-06	2.935989324e-06	-10
2.890412214e-06	2.935989324e-06	-10
2.890412214e-06	2.935989324e-06	-10
2.890412214e-06	2.935989324e-06	-10
2.890412214e-06	2.935989324e-06	-10
2.890412214e-06	2.935989324e-06	-10
2.890412214e-06	2.935989324e-06	-10
2.890412214e-06	2.935989324e-06	-10
2.890412214e-06	2.935989324e-06	-10
2.890412214e-06	2.935989324e-06	-10
2.890412214e-06	2.935989324e-06	-10
2.890412214e-06	2.935989324e-06	-10
2.890412214e-06	2.935989324e-06	-10
2.890412214e-06	2.935989324e-06	-10
2.890412214e-06	2.935989324e-06	-10
2.890412214e-06	2.935989324e-06	-10
2.890412214e-06	2.935989324e-06	0
2.901584899e-06	2.919425137e-06	0
2.912757585e-06	2.90286095e-06	0
2.92393027e-06	2.886296763e-06	0
2.935102955e-06	2.869732575e-06	0
2.946275641e-06	2.853168388e-06	0
2.957448326e-06	2.836604201e-06	0
2.968621012e-06	2.820040014e-06	0
2.968621012e-06	2.820040014e-06	-10
2.968621012e-06	2.820040014e-06	-10
2.968621012e-06	2.820040014e-06	-10
2.968621012e-06	2.820040014e-06	-10
2.968621012e-06	2.820040014e-06	-10
2.968621012e-06	2.820040014e-06	-10
2.968621012e-06	2.820040014e-06	-10
2.968621012e-06	2.820040014e-06	-10
2.968621012e-06	2.820040014e-06	-10
2.968621012e-06	2.820040014e-06	-10
2.968621012e-06	2.820040014e-06	-10
2.968621012e-06	2.820040014e-06	-10
2.968621012e-06	2.820040014e-06	-10
2.968621012e-06	2.820040014e-06	-10
2.968621012e-06	2.820040014e-06	-10
2.968621012e-06	2.820040014e-06	-10
2.968621012e-06	2.820040014e-06	-10
2.968621012e-06	2.820040014e-06	-10
2.968621012e-06	2.820040014e-06	-10
2.968621012e-06	2.820040014e-06	-10
2.968621012e-06	2.820040014e-06	-10
2.968621012e-06	2.820040014e-06	-10
2.968621012e-06	2.820040014e-06	-10
2.968621012e-06	2.820040014e-06	-10
2.968621012e-06	2.820040014e-06	-10
2.968621012e-06	2.820040014e-06	0
2.979793697e-06	2.803475826e-06	0
2.990966382e-06	2.786911639e-06	0
3.002139068e-06	2.770347452e-06	0
3.013311753e-06	2.753783265e-06	0
3.024484439e-06	2.737219077e-06	0
3.035657124e-06	2.72065489e-06	0
3.046829809e-06	2.704090703e-06	0
3.046829809e-06	2.704090703e-06	-10
3.046829809e-06	2.704090703e-06	-10
3.046829809e-06	2.704090703e-06	-10
3.046829809e-06	2.704090703e-06	-10
3.046829809e-06	2.704090703e-06	-10
3.046829809e-06	2.704090703e-06	-10
3.046829809e-06	2.704090703e-06	-10
3.046829809e-06	2.704090703e-06	-10
3.046829809e-06	2.704090703e-06	-10
3.046829809e-06	2.704090703e-06	-10
3.046829809e-06	2.704090703e-06	-10
3.046829809e-06	2.704090703e-06	-10
3.046829809e-06	2.704090703e-06	-10
3.046829809e-06	2.704090703e-06	-10
3.046829809e-06	2.704090703e-06	-10
3.046829809e-06	2.704090703e-06	-10
3.046829809e-06	2.704090703e-06	-10
3.046829809e-06	2.704090703e-06	-10
3.046829809e-06	2.704090703e-06	-10
3.046829809e-06	2.704090703e-06	-10
3.046829809e-06	2.704090703e-06	-10
3.046829809e-06	2.704090703e-06	-10
3.046829809e-06	2.704090703e-06	-10
3.046829809e-06	2.704090703e-06	-10
3.046829809e-06	2.704090703e-06	-10
3.046829809e-06	2.704090703e-06	0
3.058002495e-06	2.687526515e-06	0
3.06917518e-06	2.670962328e-06	0
3.080347865e-06	2.654398141e-06	0
3.091520551e-06	2.637833954e-06	0
3.102693236e-06	2.621269766e-06	0
3.113865922e-06	2.604705579e-06	0
3.125038607e-06	2.588141392e-06	0
3.125038607e-06	2.588141392e-06	-10
3.125038607e-06	2.588141392e-06	-10
3.125038607e-06	2.588141392e-06	-10
3.125038607e-06	2.588141392e-06	-10
3.125038607e-06	2.588141392e-06	-10
3.125038607e-06	2.588141392e-06	-10
3.125038607e-06	2.588141392e-06	-10
3.125038607e-06	2.588141392e-06	-10
3.125038607e-06	2.588141392e-06	-10
3.125038607e-06	2.588141392e-06	-10
3.125038607e-06	2.588141392e-06	-10
3.125038607e-06	2.588141392e-06	-10
3.125038607e-06	2.588141392e-06	-10
3.125038607e-06	2.588141392e-06	-10
3.125038607e-06	2.588141392e-06	-10
3.125038607e-06	2.588141392e-06	-10
3.125038607e-06	2.588141392e-06	-10
3.125038607e-06	2.588141392e-06	-10
3.125038607e-06	2.588141392e-06	-10
3.125038607e-06	2.588141392e-06	-10
3.125038607e-06	2.588141392e-06	-10
3.125038607e-06	2.588141392e-06	-10
3.125038607e-06	2.588141392e-06	-10
3.125038607e-06	2.588141392e-06	-10
3.125038607e-06	2.588141392e-06	-10
3.125038607e-06	2.588141392e-06	0
3.136211292e-06	2.571577205e-06	0
3.147383978e-06	2.555013017e-06	0
3.158556663e-06	2.53844883e-06	0
3.169729349e-06	2.521884643e-06	0
3.180902034e-06	2.505320456e-06	0
3.192074719e-06	2.488756268e-06	0
3.203247405e-06	2.472192081e-06	0
3.203247405e-06	2.472192081e-06	-10
3.203247405e-06	2.472192081e-06	-10
3.203247405e-06	2.472192081e-06	-10
3.203247405e-06	2.472192081e-06	-10
3.203247405e-06	2.472192081e-06	-10
3.203247405e-06	2.472192081e-06	-10
3.203247405e-06	2.472192081e-06	-10
3.203247405e-06	2.472192081e-06	-10
3.203247405e-06	2.472192081e-06	-10
3.203247405e-06	2.472192081e-06	-10
3.203247405e-06	2.472192081e-06	-10
3.203247405e-06	2.472192081e-06	-10
3.203247405e-06	2.472192081e-06	-10
3.203247405e-06	2.472192081e-06	-10
3.203247405e-06	2.472192081e-06	-10
3.203247405e-06	2.472192081e-06	-10
3.203247405e-06	2.472192081e-06	-10
3.203247405e-06	2.472192081e-06	-10
3.203247405e-06	2.472192081e-06	-10
3.203247405e-06	2.472192081e-06	-10
3.203247405e-06	2.472192081e-06	-10
3.203247405e-06	2.472192081e-06	-10
3.203247405e-06	2.472192081e-06	-10
3.203247405e-06	2.472192081e-06	-10
3.203247405e-06	2.472192081e-06	-10
3.203247405e-06	2.472192081e-06	0
3.21442009e-06	2.455627894e-06	0
3.225592775e-06	2.439063707e-06	0
3.236765461e-06	2.422499519e-06	0
3.247938146e-06	2.405935332e-06	0
3.259110832e-06	2.389371145e-06	0
3.270283517e-06	2.372806957e-06	0
3.281456202e-06	2.35624277e-06	0
3.281456202e-06	2.35624277e-06	-10
3.281456202e-06	2.35624277e-06	-10
3.281456202e-06	2.35624277e-06	-10
3.281456202e-06	2.35624277e-06	-10
3.281456202e-06	2.35624277e-06	-10
3.281456202e-06	2.35624277e-06	-10
3.281456202e-06	2.35624277e-06	-10
3.281456202e-06	2.35624277e-06	-10
3.281456202e-06	2.35624277e-06	-10
3.281456202e-06	2.35624277e-06	-10
3.281456202e-06	2.35624277e-06	-10
3.281456202e-06	2.35624277e-06	-10
3.281456202e-06	2.35624277e-06	-10
3.281456202e-06	2.35624277e-06	-10
3.281456202e-06	2.35624277e-06	-10
3.281456202e-06	2.35624277e-06	-10
3.281456202e-06	2.35624277e-06	-10
3.281456202e-06	2.35624277e-06	-10
3.281456202e-06	2.35624277e-06	-10
3.281456202e-06	2.35624277e-06	-10
3.281456202e-06	2.35624277e-06	-10
3.281456202e-06	2.35624277e-06	-10
3.281456202e-06	2.35624277e-06	-10
3.281456202e-06	2.35624277e-06	-10
3.281456202e-06	2.35624277e-06	-10
3.281456202e-06	2.35624277e-06	0
3.264892015e-06	2.345070085e-06	0
3.248327828e-06	2.333897399e-06	0
3.231763641e-06	2.322724714e-06	0
3.215199453e-06	2.311552029e-06	0
3.198635266e-06	2.300379343e-06	0
3.182071079e-06	2.289206658e-06	0
3.165506892e-06	2.278033973e-06	0
3.165506892e-06	2.278033973e-06	10
3.165506892e-06	2.278033973e-06	10
3.165506892e-06	2.278033973e-06	10
3.165506892e-06	2.278033973e-06	10
3.165506892e-06	2.278033973e-06	10
3.165506892e-06	2.278033973e-06	10
3.165506892e-06	2.278033973e-06	10
3.165506892e-06	2.278033973e-06	10
3.165506892e-06	2.278033973e-06	10
3.165506892e-06	2.278033973e-06	10
3.165506892e-06	2.278033973e-06	10
3.165506892e-06	2.278033973e-06	10
3.165506892e-06	2.278033973e-06	10
3.165506892e-06	2.278033973e-06	10
3.165506892e-06	2.278033973e-06	10
3.165506892e-06	2.278033973e-06	10
3.165506892e-06	2.278033973e-06	10
3.165506892e-06	2.278033973e-06	10
3.165506892e-06	2.278033973e-06	10
3.165506892e-06	2.278033973e-06	10
3.165506892e-06	2.278033973e-06	10
3.165506892e-06	2.278033973e-06	10
3.165506892e-06	2.278033973e-06	10
3.165506892e-06	2.278033973e-06	10
3.165506892e-06	2.278033973e-06	10
3.165506892e-06	2.278033973e-06	0
3.154334206e-06	2.29459816e-06	0
3.143161521e-06	2.311162347e-06	0
3.131988835e-06	2.327726534e-06	0
3.12081615e-06	2.344290722e-06	0
3.109643465e-06	2.360854909e-06	0
3.098470779e-06	2.377419096e-06	0
3.087298094e-06	2.393983283e-06	0
3.087298094e-06	2.393983283e-06	10
3.087298094e-06	2.393983283e-06	10
3.087298094e-06	2.393983283e-06	10
3.087298094e-06	2.393983283e-06	10
3.087298094e-06	2.393983283e-06	10
3.087298094e-06	2.393983283e-06	10
3.087298094e-06	2.393983283e-06	10
3.087298094e-06	2.393983283e-06	10
3.087298094e-06	2.393983283e-06	10
3.087298094e-06	2.393983283e-06	10
3.087298094e-06	2.393983283e-06	10
3.087298094e-06	2.393983283e-06	10
3.087298094e-06	2.393983283e-06	10
3.087298094e-06	2.393983283e-06	10
3.087298094e-06	2.393983283e-06	10
3.087298094e-06	2.393983283e-06	10
3.087298094e-06	2.393983283e-06	10
3.087298094e-06	2.393983283e-06	10
3.087298094e-06	2.393983283e-06	10
3.087298094e-06	2.393983283e-06	10
3.087298094e-06	2.393983283e-06	10
3.087298094e-06	2.393983283e-06	10
3.087298094e-06	2.393983283e-06	10
3.087298094e-06	2.393983283e-06	10
3.087298094e-06	2.393983283e-06	10
3.087298094e-06	2.393983283e-06	0
3.076125408e-06	2.410547471e-06	0
3.064952723e-06	2.427111658e-06	0
3.053780038e-06	2.443675845e-06	0
3.042607352e-06	2.460240032e-06	0
3.031434667e-06	2.47680422e-06	0
3.020261982e-06	2.493368407e-06	0
3.009089296e-06	2.509932594e-06	0
3.009089296e-06	2.509932594e-06	10
3.009089296e-06	2.509932594e-06	10
3.009089296e-06	2.509932594e-06	10
3.009089296e-06	2.509932594e-06	10
3.009089296e-06	2.509932594e-06	10
3.009089296e-06	2.509932594e-06	10
3.009089296e-06	2.509932594e-06	10
3.009089296e-06	2.509932594e-06	10
3.009089296e-06	2.509932594e-06	10
3.009089296e-06	2.509932594e-06	10
3.009089296e-06	2.509932594e-06	10
3.009089296e-06	2.509932594e-06	10
3.009089296e-06	2.509932594e-06	10
3.009089296e-06	2.509932594e-06	10
3.009089296e-06	2.509932594e-06	10
3.009089296e-06	2.509932594e-06	10
3.009089296e-06	2.509932594e-06	10
3.009089296e-06	2.509932594e-06	10
3.009089296e-06	2.509932594e-06	10
3.009089296e-06	2.509932594e-06	10
3.009089296e-06	2.509932594e-06	10
3.009089296e-06	2.509932594e-06	10
3.009089296e-06	2.509932594e-06	10
3.009089296e-06	2.509932594e-06	10
3.009089296e-06	2.509932594e-06	10
3.009089296e-06	2.509932594e-06	0
2.997916611e-06	2.526496781e-06	0
2.986743925e-06	2.543060969e-06	0
2.97557124e-06	2.559625156e-06	0
2.964398555e-06	2.576189343e-06	0
2.953225869e-06	2.592753531e-06	0
2.942053184e-06	2.609317718e-06	0
2.930880498e-06	2.625881905e-06	0
2.930880498e-06	2.625881905e-06	10
2.930880498e-06	2.625881905e-06	10
2.930880498e-06	2.625881905e-06	10
2.930880498e-06	2.625881905e-06	10
2.930880498e-06	2.625881905e-06	10
2.930880498e-06	2.625881905e-06	10
2.930880498e-06	2.625881905e-06	10
2.930880498e-06	2.625881905e-06	10
2.930880498e-06	2.625881905e-06	10
2.930880498e-06	2.625881905e-06	10
2.930880498e-06	2.625881905e-06	10
2.930880498e-06	2.625881905e-06	10
2.930880498e-06	2.625881905e-06	10
2.930880498e-06	2.625881905e-06	10
2.930880498e-06	2.625881905e-06	10
2.930880498e-06	2.625881905e-06	10
2.930880498e-06	2.625881905e-06	10
2.930880498e-06	2.625881905e-06	10
2.930880498e-06	2.625881905e-06	10
2.930880498e-06	2.625881905e-06	10
2.930880498e-06	2.625881905e-06	10
2.930880498e-06	2.625881905e-06	10
2.930880498e-06	2.625881905e-06	10
2.930880498e-06	2.625881905e-06	10
2.930880498e-06	2.625881905e-06	10
2.930880498e-06	2.625881905e-06	0
2.919707813e-06	2.642446092e-06	0
2.908535128e-06	2.65901028e-06	0
2.897362442e-06	2.675574467e-06	0
2.886189757e-06	2.692138654e-06	0
2.875017072e-06	2.708702841e-06	0
2.863844386e-06	2.725267029e-06	0
2.852671701e-06	2.741831216e-06	0
2.852671701e-06	2.741831216e-06	10
2.852671701e-06	2.741831216e-06	10
2.852671701e-06	2.741831216e-06	10
2.852671701e-06	2.741831216e-06	10
2.852671701e-06	2.741831216e-06	10
2.852671701e-06	2.741831216e-06	10
2.852671701e-06	2.741831216e-06	10
2.852671701e-06	2.741831216e-06	10
2.852671701e-06	2.741831216e-06	10
2.852671701e-06	2.741831216e-06	10
2.852671701e-06	2.741831216e-06	10
2.852671701e-06	2.741831216e-06	10
2.852671701e-06	2.741831216e-06	10
2.852671701e-06	2.741831216e-06	10
2.852671701e-06	2.741831216e-06	10
2.852671701e-06	2.741831216e-06	10
2.852671701e-06	2.741831216e-06	10
2.852671701e-06	2.741831216e-06	10
2.852671701e-06	2.741831216e-06	10
2.852671701e-06	2.741831216e-06	10
2.852671701e-06	2.741831216e-06	10
2.852671701e-06	2.741831216e-06	10
2.852671701e-06	2.741831216e-06	10
2.852671701e-06	2.741831216e-06	10
2.852671701e-06	2.741831216e-06	10
2.852671701e-06	2.741831216e-06	0
2.841499015e-06	2.758395403e-06	0
2.83032633e-06	2.77495959e-06	0
2.819153645e-06	2.791523778e-06	0
2.807980959e-06	2.808087965e-06	0
2.796808274e-06	2.824652152e-06	0
2.785635588e-06	2.841216339e-06	0
2.774462903e-06	2.857780527e-06	0
2.774462903e-06	2.857780527e-06	10
2.774462903e-06	2.857780527e-06	10
2.774462903e-06	2.857780527e-06	10
2.774462903e-06	2.857780527e-06	10
2.774462903e-06	2.857780527e-06	10
2.774462903e-06	2.857780527e-06	10
2.774462903e-06	2.857780527e-06	10
2.774462903e-06	2.857780527e-06	10
2.774462903e-06	2.857780527e-06	10
2.774462903e-06	2.857780527e-06	10
2.774462903e-06	2.857780527e-06	10
2.774462903e-06	2.857780527e-06	10
2.774462903e-06	2.857780527e-06	10
2.774462903e-06	2.857780527e-06	10
2.774462903e-06	2.857780527e-06	10
2.774462903e-06	2.857780527e-06	10
2.774462903e-06	2.857780527e-06	10
2.774462903e-06	2.857780527e-06	10
2.774462903e-06	2.857780527e-06	10
2.774462903e-06	2.857780527e-06	10
2.774462903e-06	2.857780527e-06	10
2.774462903e-06	2.857780527e-06	10
2.774462903e-06	2.857780527e-06	10
2.774462903e-06	2.857780527e-06	10
2.774462903e-06	2.857780527e-06	10
2.774462903e-06	2.857780527e-06	0
2.763290218e-06	2.874344714e-06	0
2.752117532e-06	2.890908901e-06	0
2.740944847e-06	2.907473089e-06	0
2.729772162e-06	2.924037276e-06	0
2.718599476e-06	2.940601463e-06	0
2.707426791e-06	2.95716565e-06	0
2.696254105e-06	2.973729838e-06	0
2.696254105e-06	2.973729838e-06	10
2.696254105e-06	2.973729838e-06	10
2.696254105e-06	2.973729838e-06	10
2.696254105e-06	2.973729838e-06	10
2.696254105e-06	2.973729838e-06	10
2.696254105e-06	2.973729838e-06	10
2.696254105e-06	2.973729838e-06	10
2.696254105e-06	2.973729838e-06	10
2.696254105e-06	2.973729838e-06	10
2.696254105e-06	2.973729838e-06	10
2.696254105e-06	2.973729838e-06	10
2.696254105e-06	2.973729838e-06	10
2.696254105e-06	2.973729838e-06	10
2.696254105e-06	2.973729838e-06	10
2.696254105e-06	2.973729838e-06	10
2.696254105e-06	2.973729838e-06	10
2.696254105e-06	2.973729838e-06	10
2.696254105e-06	2.973729838e-06	10
2.696254105e-06	2.973729838e-06	10
2.696254105e-06	2.973729838e-06	10
2.696254105e-06	2.973729838e-06	10
2.696254105e-06	2.973729838e-06	10
2.696254105e-06	2.973729838e-06	10
2.696254105e-06	2.973729838e-06	10
2.696254105e-06	2.973729838e-06	10
2.696254105e-06	2.973729838e-06	0
2.68508142e-06	2.990294025e-06	0
2.673908735e-06	3.006858212e-06	0
2.662736049e-06	3.023422399e-06	0
2.651563364e-06	3.039986587e-06	0
2.640390678e-06	3.056550774e-06	0
2.629217993e-06	3.073114961e-06	0
2.618045308e-06	3.089679148e-06	0
2.618045308e-06	3.089679148e-06	10
2.618045308e-06	3.089679148e-06	10
2.618045308e-06	3.089679148e-06	10
2.618045308e-06	3.089679148e-06	10
2.618045308e-06	3.089679148e-06	10
2.618045308e-06	3.089679148e-06	10
2.618045308e-06	3.089679148e-06	10
2.618045308e-06	3.089679148e-06	10
2.618045308e-06	3.089679148e-06	10
2.618045308e-06	3.089679148e-06	10
2.618045308e-06	3.089679148e-06	10
2.618045308e-06	3.089679148e-06	10
2.618045308e-06	3.089679148e-06	10
2.618045308e-06	3.089679148e-06	10
2.618045308e-06	3.089679148e-06	10
2.618045308e-06	3.089679148e-06	10
2.618045308e-06	3.089679148e-06	10
2.618045308e-06	3.089679148e-06	10
2.618045308e-06	3.089679148e-06	10
2.618045308e-06	3.089679148e-06	10
2.618045308e-06	3.089679148e-06	10
2.618045308e-06	3.089679148e-06	10
2.618045308e-06	3.089679148e-06	10
2.618045308e-06	3.089679148e-06	10
2.618045308e-06	3.089679148e-06	10
2.618045308e-06	3.089679148e-06	0
2.606872622e-06	3.106243336e-06	0
2.595699937e-06	3.122807523e-06	0
2.584527252e-06	3.13937171e-06	0
2.573354566e-06	3.155935897e-06	0
2.562181881e-06	3.172500085e-06	0
2.551009195e-06	3.189064272e-06	0
2.53983651e-06	3.205628459e-06	0
2.53983651e-06	3.205628459e-06	10
2.53983651e-06	3.205628459e-06	10
2.53983651e-06	3.205628459e-06	10
2.53983651e-06	3.205628459e-06	10
2.53983651e-06	3.205628459e-06	10
2.53983651e-06	3.205628459e-06	10
2.53983651e-06	3.205628459e-06	10
2.53983651e-06	3.205628459e-06	10
2.53983651e-06	3.205628459e-06	10
2.53983651e-06	3.205628459e-06	10
2.53983651e-06	3.205628459e-06	10
2.53983651e-06	3.205628459e-06	10
2.53983651e-06	3.205628459e-06	10
2.53983651e-06	3.205628459e-06	10
2.53983651e-06	3.205628459e-06	10
2.53983651e-06	3.205628459e-06	10
2.53983651e-06	3.205628459e-06	10
2.53983651e-06	3.205628459e-06	10
2.53983651e-06	3.205628459e-06	10
2.53983651e-06	3.205628459e-06	10
2.53983651e-06	3.205628459e-06	10
2.53983651e-06	3.205628459e-06	10
2.53983651e-06	3.205628459e-06	10
2.53983651e-06	3.205628459e-06	10
2.53983651e-06	3.205628459e-06	10
2.53983651e-06	3.205628459e-06	0
2.528663825e-06	3.222192647e-06	0
2.517491139e-06	3.238756834e-06	0
2.506318454e-06	3.255321021e-06	0
2.495145768e-06	3.271885208e-06	0
2.483973083e-06	3.288449396e-06	0
2.472800398e-06	3.305013583e-06	0
2.461627712e-06	3.32157777e-06	0
2.461627712e-06	3.32157777e-06	10
2.461627712e-06	3.32157777e-06	10
2.461627712e-06	3.32157777e-06	10
2.461627712e-06	3.32157777e-06	10
2.461627712e-06	3.32157777e-06	10
2.461627712e-06	3.32157777e-06	10
2.461627712e-06	3.32157777e-06	10
2.461627712e-06	3.32157777e-06	10
2.461627712e-06	3.32157777e-06	10
2.461627712e-06	3.32157777e-06	10
2.461627712e-06	3.32157777e-06	10
2.461627712e-06	3.32157777e-06	10
2.461627712e-06	3.32157777e-06	10
2.461627712e-06	3.32157777e-06	10
2.461627712e-06	3.32157777e-06	10
2.461627712e-06	3.32157777e-06	10
2.461627712e-06	3.32157777e-06	10
2.461627712e-06	3.32157777e-06	10
2.461627712e-06	3.32157777e-06	10
2.461627712e-06	3.32157777e-06	10
2.461627712e-06	3.32157777e-06	10
2.461627712e-06	3.32157777e-06	10
2.461627712e-06	3.32157777e-06	10
2.461627712e-06	3.32157777e-06	10
2.461627712e-06	3.32157777e-06	10
2.461627712e-06	3.32157777e-06	0
2.450455027e-06	3.338141957e-06	0
2.439282342e-06	3.354706145e-06	0
2.428109656e-06	3.371270332e-06	0
2.416936971e-06	3.387834519e-06	0
2.405764285e-06	3.404398706e-06	0
2.3945916e-06	3.420962894e-06	0
2.383418915e-06	3.437527081e-06	0
2.383418915e-06	3.437527081e-06	10
2.383418915e-06	3.437527081e-06	10
2.383418915e-06	3.437527081e-06	10
2.383418915e-06	3.437527081e-06	10
2.383418915e-06	3.437527081e-06	10
2.383418915e-06	3.437527081e-06	10
2.383418915e-06	3.437527081e-06	10
2.383418915e-06	3.437527081e-06	10
2.383418915e-06	3.437527081e-06	10
2.383418915e-06	3.437527081e-06	10
2.383418915e-06	3.437527081e-06	10
2.383418915e-06	3.437527081e-06	10
2.383418915e-06	3.437527081e-06	10
2.383418915e-06	3.437527081e-06	10
2.383418915e-06	3.437527081e-06	10
2.383418915e-06	3.437527081e-06	10
2.383418915e-06	3.437527081e-06	10
2.383418915e-06	3.437527081e-06	10
2.383418915e-06	3.437527081e-06	10
2.383418915e-06	3.437527081e-06	10
2.383418915e-06	3.437527081e-06	10
2.383418915e-06	3.437527081e-06	10
2.383418915e-06	3.437527081e-06	10
2.383418915e-06	3.437527081e-06	10
2.383418915e-06	3.437527081e-06	10
2.383418915e-06	3.437527081e-06	0
2.372246229e-06	3.454091268e-06	0
2.361073544e-06	3.470655456e-06	0
2.349900858e-06	3.487219643e-06	0
2.338728173e-06	3.50378383e-06	0
2.327555488e-06	3.520348017e-06	0
2.316382802e-06	3.536912205e-06	0
2.305210117e-06	3.553476392e-06	0
2.305210117e-06	3.553476392e-06	10
2.305210117e-06	3.553476392e-06	10
2.305210117e-06	3.553476392e-06	10
2.305210117e-06	3.553476392e-06	10
2.305210117e-06	3.553476392e-06	10
2.305210117e-06	3.553476392e-06	10
2.305210117e-06	3.553476392e-06	10
2.305210117e-06	3.553476392e-06	10
2.305210117e-06	3.553476392e-06	10
2.305210117e-06	3.553476392e-06	10
2.305210117e-06	3.553476392e-06	10
2.305210117e-06	3.553476392e-06	10
2.305210117e-06	3.553476392e-06	10
2.305210117e-06	3.553476392e-06	10
2.305210117e-06	3.553476392e-06	10
2.305210117e-06	3.553476392e-06	10
2.305210117e-06	3.553476392e-06	10
2.305210117e-06	3.553476392e-06	10
2.305210117e-06	3.553476392e-06	10
2.305210117e-06	3.553476392e-06	10
2.305210117e-06	3.553476392e-06	10
2.305210117e-06	3.553476392e-06	10
2.305210117e-06	3.553476392e-06	10
2.305210117e-06	3.553476392e-06	10
2.305210117e-06	3.553476392e-06	10
2.305210117e-06	3.553476392e-06	0
2.28864593e-06	3.542303706e-06	0
2.272081742e-06	3.531131021e-06	0
2.255517555e-06	3.519958336e-06	0
2.238953368e-06	3.50878565e-06	0
2.222389181e-06	3.497612965e-06	0
2.205824993e-06	3.48644028e-06	0
2.189260806e-06	3.475267594e-06	0
2.189260806e-06	3.475267594e-06	-10
2.189260806e-06	3.475267594e-06	-10
2.189260806e-06	3.475267594e-06	-10
2.189260806e-06	3.475267594e-06	-10
2.189260806e-06	3.475267594e-06	-10
2.189260806e-06	3.475267594e-06	-10
2.189260806e-06	3.475267594e-06	-10
2.189260806e-06	3.475267594e-06	-10
2.189260806e-06	3.475267594e-06	-10
2.189260806e-06	3.475267594e-06	-10
2.189260806e-06	3.475267594e-06	-10
2.189260806e-06	3.475267594e-06	-10
2.189260806e-06	3.475267594e-06	-10
2.189260806e-06	3.475267594e-06	-10
2.189260806e-06	3.475267594e-06	-10
2.189260806e-06	3.475267594e-06	-10
2.189260806e-06	3.475267594e-06	-10
2.189260806e-06	3.475267594e-06	-10
2.189260806e-06	3.475267594e-06	-10
2.189260806e-06	3.475267594e-06	-10
2.189260806e-06	3.475267594e-06	-10
2.189260806e-06	3.475267594e-06	-10
2.189260806e-06	3.475267594e-06	-10
2.189260806e-06	3.475267594e-06	-10
2.189260806e-06	3.475267594e-06	-10
2.189260806e-06	3.475267594e-06	0
2.200433491e-06	3.458703407e-06	0
2.211606177e-06	3.44213922e-06	0
2.222778862e-06	3.425575032e-06	0
2.233951548e-06	3.409010845e-06	0
2.245124233e-06	3.392446658e-06	0
2.256296918e-06	3.375882471e-06	0
2.267469604e-06	3.359318283e-06	0
2.267469604e-06	3.359318283e-06	-10
2.267469604e-06	3.359318283e-06	-10
2.267469604e-06	3.359318283e-06	-10
2.267469604e-06	3.359318283e-06	-10
2.267469604e-06	3.359318283e-06	-10
2.267469604e-06	3.359318283e-06	-10
2.267469604e-06	3.359318283e-06	-10
2.267469604e-06	3.359318283e-06	-10
2.267469604e-06	3.359318283e-06	-10
2.267469604e-06	3.359318283e-06	-10
2.267469604e-06	3.359318283e-06	-10
2.267469604e-06	3.359318283e-06	-10
2.267469604e-06	3.359318283e-06	-10
2.267469604e-06	3.359318283e-06	-10
2.267469604e-06	3.359318283e-06	-10
2.267469604e-06	3.359318283e-06	-10
2.267469604e-06	3.359318283e-06	-10
2.267469604e-06	3.359318283e-06	-10
2.267469604e-06	3.359318283e-06	-10
2.267469604e-06	3.359318283e-06	-10
2.267469604e-06	3.359318283e-06	-10
2.267469604e-06	3.359318283e-06	-10
2.267469604e-06	3.359318283e-06	-10
2.267469604e-06	3.359318283e-06	-10
2.267469604e-06	3.359318283e-06	-10
2.267469604e-06	3.359318283e-06	0
2.278642289e-06	3.342754096e-06	0
2.289814975e-06	3.326189909e-06	0
2.30098766e-06	3.309625722e-06	0
2.312160345e-06	3.293061534e-06	0
2.323333031e-06	3.276497347e-06	0
2.334505716e-06	3.25993316e-06	0
2.345678401e-06	3.243368972e-06	0
2.345678401e-06	3.243368972e-06	-10
2.345678401e-06	3.243368972e-06	-10
2.345678401e-06	3.243368972e-06	-10
2.345678401e-06	3.243368972e-06	-10
2.345678401e-06	3.243368972e-06	-10
2.345678401e-06	3.243368972e-06	-10
2.345678401e-06	3.243368972e-06	-10
2.345678401e-06	3.243368972e-06	-10
2.345678401e-06	3.243368972e-06	-10
2.345678401e-06	3.243368972e-06	-10
2.345678401e-06	3.243368972e-06	-10
2.345678401e-06	3.243368972e-06	-10
2.345678401e-06	3.243368972e-06	-10
2.345678401e-06	3.243368972e-06	-10
2.345678401e-06	3.243368972e-06	-10
2.345678401e-06	3.243368972e-06	-10
2.345678401e-06	3.243368972e-06	-10
2.345678401e-06	3.243368972e-06	-10
2.345678401e-06	3.243368972e-06	-10
2.345678401e-06	3.243368972e-06	-10
2.345678401e-06	3.243368972e-06	-10
2.345678401e-06	3.243368972e-06	-10
2.345678401e-06	3.243368972e-06	-10
2.345678401e-06	3.243368972e-06	-10
2.345678401e-06	3.243368972e-06	-10
2.345678401e-06	3.243368972e-06	0
2.356851087e-06	3.226804785e-06	0
2.368023772e-06	3.210240598e-06	0
2.379196458e-06	3.193676411e-06	0
2.390369143e-06	3.177112223e-06	0
2.401541828e-06	3.160548036e-06	0
2.412714514e-06	3.143983849e-06	0
2.423887199e-06	3.127419662e-06	0
2.423887199e-06	3.127419662e-06	-10
2.423887199e-06	3.127419662e-06	-10
2.423887199e-06	3.127419662e-06	-10
2.423887199e-06	3.127419662e-06	-10
2.423887199e-06	3.127419662e-06	-10
2.423887199e-06	3.127419662e-06	-10
2.423887199e-06	3.127419662e-06	-10
2.423887199e-06	3.127419662e-06	-10
2.423887199e-06	3.127419662e-06	-10
2.423887199e-06	3.127419662e-06	-10
2.423887199e-06	3.127419662e-06	-10
2.423887199e-06	3.127419662e-06	-10
2.423887199e-06	3.127419662e-06	-10
2.423887199e-06	3.127419662e-06	-10
2.423887199e-06	3.127419662e-06	-10
2.423887199e-06	3.127419662e-06	-10
2.423887199e-06	3.127419662e-06	-10
2.423887199e-06	3.127419662e-06	-10
2.423887199e-06	3.127419662e-06	-10
2.423887199e-06	3.127419662e-06	-10
2.423887199e-06	3.127419662e-06	-10
2.423887199e-06	3.127419662e-06	-10
2.423887199e-06	3.127419662e-06	-10
2.423887199e-06	3.127419662e-06	-10
2.423887199e-06	3.127419662e-06	-10
2.423887199e-06	3.127419662e-06	0
2.435059885e-06	3.110855474e-06	0
2.44623257e-06	3.094291287e-06	0
2.457405255e-06	3.0777271e-06	0
2.468577941e-06	3.061162913e-06	0
2.479750626e-06	3.044598725e-06	0
2.490923311e-06	3.028034538e-06	0
2.502095997e-06	3.011470351e-06	0
2.502095997e-06	3.011470351e-06	-10
2.502095997e-06	3.011470351e-06	-10
2.502095997e-06	3.011470351e-06	-10
2.502095997e-06	3.011470351e-06	-10
2.502095997e-06	3.011470351e-06	-10
2.502095997e-06	3.011470351e-06	-10
2.502095997e-06	3.011470351e-06	-10
2.502095997e-06	3.011470351e-06	-10
2.502095997e-06	3.011470351e-06	-10
2.502095997e-06	3.011470351e-06	-10
2.502095997e-06	3.011470351e-06	-10
2.502095997e-06	3.011470351e-06	-10
2.502095997e-06	3.011470351e-06	-10
2.502095997e-06	3.011470351e-06	-10
2.502095997e-06	3.011470351e-06	-10
2.502095997e-06	3.011470351e-06	-10
2.502095997e-06	3.011470351e-06	-10
2.502095997e-06	3.011470351e-06	-10
2.502095997e-06	3.011470351e-06	-10
2.502095997e-06	3.011470351e-06	-10
2.502095997e-06	3.011470351e-06	-10
2.502095997e-06	3.011470351e-06	-10
2.502095997e-06	3.011470351e-06	-10
2.502095997e-06	3.011470351e-06	-10
2.502095997e-06	3.011470351e-06	-10
2.502095997e-06	3.011470351e-06	0
2.513268682e-06	2.994906163e-06	0
2.524441368e-06	2.978341976e-06	0
2.535614053e-06	2.961777789e-06	0
2.546786738e-06	2.945213602e-06	0
2.557959424e-06	2.928649414e-06	0
2.569132109e-06	2.912085227e-06	0
2.580304795e-06	2.89552104e-06	0
2.580304795e-06	2.89552104e-06	-10
2.580304795e-06	2.89552104e-06	-10
2.580304795e-06	2.89552104e-06	-10
2.580304795e-06	2.89552104e-06	-10
2.580304795e-06	2.89552104e-06	-10
2.580304795e-06	2.89552104e-06	-10
2.580304795e-06	2.89552104e-06	-10
2.580304795e-06	2.89552104e-06	-10
2.580304795e-06	2.89552104e-06	-10
2.580304795e-06	2.89552104e-06	-10
2.580304795e-06	2.89552104e-06	-10
2.580304795e-06	2.89552104e-06	-10
2.580304795e-06	2.89552104e-06	-10
2.580304795e-06	2.89552104e-06	-10
2.580304795e-06	2.89552104e-06	-10
2.580304795e-06	2.89552104e-06	-10
2.580304795e-06	2.89552104e-06	-10
2.580304795e-06	2.89552104e-06	-10
2.580304795e-06	2.89552104e-06	-10
2.580304795e-06	2.89552104e-06	-10
2.580304795e-06	2.89552104e-06	-10
2.580304795e-06	2.89552104e-06	-10
2.580304795e-06	2.89552104e-06	-10
2.580304795e-06	2.89552104e-06	-10
2.580304795e-06	2.89552104e-06	-10
2.580304795e-06	2.89552104e-06	0
2.59147748e-06	2.878956853e-06	0
2.602650165e-06	2.862392665e-06	0
2.613822851e-06	2.845828478e-06	0
2.624995536e-06	2.829264291e-06	0
2.636168221e-06	2.812700104e-06	0
2.647340907e-06	2.796135916e-06	0
2.658513592e-06	2.779571729e-06	0
2.658513592e-06	2.779571729e-06	-10
2.658513592e-06	2.779571729e-06	-10
2.658513592e-06	2.779571729e-06	-10
2.658513592e-06	2.779571729e-06	-10
2.658513592e-06	2.779571729e-06	-10
2.658513592e-06	2.779571729e-06	-10
2.658513592e-06	2.779571729e-06	-10
2.658513592e-06	2.779571729e-06	-10
2.658513592e-06	2.779571729e-06	-10
2.658513592e-06	2.779571729e-06	-10
2.658513592e-06	2.779571729e-06	-10
2.658513592e-06	2.779571729e-06	-10
2.658513592e-06	2.779571729e-06	-10
2.658513592e-06	2.779571729e-06	-10
2.658513592e-06	2.779571729e-06	-10
2.658513592e-06	2.779571729e-06	-10
2.658513592e-06	2.779571729e-06	-10
2.658513592e-06	2.779571729e-06	-10
2.658513592e-06	2.779571729e-06	-10
2.658513592e-06	2.779571729e-06	-10
2.658513592e-06	2.779571729e-06	-10
2.658513592e-06	2.779571729e-06	-10
2.658513592e-06	2.779571729e-06	-10
2.658513592e-06	2.779571729e-06	-10
2.658513592e-06	2.779571729e-06	-10
2.658513592e-06	2.779571729e-06	0
2.669686278e-06	2.763007542e-06	0
2.680858963e-06	2.746443355e-06	0
2.692031648e-06	2.729879167e-06	0
2.703204334e-06	2.71331498e-06	0
2.714377019e-06	2.696750793e-06	0
2.725549705e-06	2.680186605e-06	0
2.73672239e-06	2.663622418e-06	0
2.73672239e-06	2.663622418e-06	-10
2.73672239e-06	2.663622418e-06	-10
2.73672239e-06	2.663622418e-06	-10
2.73672239e-06	2.663622418e-06	-10
2.73672239e-06	2.663622418e-06	-10
2.73672239e-06	2.663622418e-06	-10
2.73672239e-06	2.663622418e-06	-10
2.73672239e-06	2.663622418e-06	-10
2.73672239e-06	2.663622418e-06	-10
2.73672239e-06	2.663622418e-06	-10
2.73672239e-06	2.663622418e-06	-10
2.73672239e-06	2.663622418e-06	-10
2.73672239e-06	2.663622418e-06	-10
2.73672239e-06	2.663622418e-06	-10
2.73672239e-06	2.663622418e-06	-10
2.73672239e-06	2.663622418e-06	-10
2.73672239e-06	2.663622418e-06	-10
2.73672239e-06	2.663622418e-06	-10
2.73672239e-06	2.663622418e-06	-10
2.73672239e-06	2.663622418e-06	-10
2.73672239e-06	2.663622418e-06	-10
2.73672239e-06	2.663622418e-06	-10
2.73672239e-06	2.663622418e-06	-10
2.73672239e-06	2.663622418e-06	-10
2.73672239e-06	2.663622418e-06	-10
2.73672239e-06	2.663622418e-06	0
2.747895075e-06	2.647058231e-06	0
2.759067761e-06	2.630494044e-06	0
2.770240446e-06	2.613929856e-06	0
2.781413131e-06	2.597365669e-06	0
2.792585817e-06	2.580801482e-06	0
2.803758502e-06	2.564237295e-06	0
2.814931188e-06	2.547673107e-06	0
2.814931188e-06	2.547673107e-06	-10
2.814931188e-06	2.547673107e-06	-10
2.814931188e-06	2.547673107e-06	-10
2.814931188e-06	2.547673107e-06	-10
2.814931188e-06	2.547673107e-06	-10
2.814931188e-06	2.547673107e-06	-10
2.814931188e-06	2.547673107e-06	-10
2.814931188e-06	2.547673107e-06	-10
2.814931188e-06	2.547673107e-06	-10
2.814931188e-06	2.547673107e-06	-10
2.814931188e-06	2.547673107e-06	-10
2.814931188e-06	2.547673107e-06	-10
2.814931188e-06	2.547673107e-06	-10
2.814931188e-06	2.547673107e-06	-10
2.814931188e-06	2.547673107e-06	-10
2.814931188e-06	2.547673107e-06	-10
2.814931188e-06	2.547673107e-06	-10
2.814931188e-06	2.547673107e-06	-10
2.814931188e-06	2.547673107e-06	-10
2.814931188e-06	2.547673107e-06	-10
2.814931188e-06	2.547673107e-06	-10
2.814931188e-06	2.547673107e-06	-10
2.814931188e-06	2.547673107e-06	-10
2.814931188e-06	2.547673107e-06	-10
2.814931188e-06	2.547673107e-06	-10
2.814931188e-06	2.547673107e-06	0
2.826103873e-06	2.53110892e-06	0
2.837276558e-06	2.514544733e-06	0
2.848449244e-06	2.497980546e-06	0
2.859621929e-06	2.481416358e-06	0
2.870794615e-06	2.464852171e-06	0
2.8819673e-06	2.448287984e-06	0
2.893139985e-06	2.431723797e-06	0
2.893139985e-06	2.431723797e-06	-10
2.893139985e-06	2.431723797e-06	-10
2.893139985e-06	2.431723797e-06	-10
2.893139985e-06	2.431723797e-06	-10
2.893139985e-06	2.431723797e-06	-10
2.893139985e-06	2.431723797e-06	-10
2.893139985e-06	2.431723797e-06	-10
2.893139985e-06	2.431723797e-06	-10
2.893139985e-06	2.431723797e-06	-10
2.893139985e-06	2.431723797e-06	-10
2.893139985e-06	2.431723797e-06	-10
2.893139985e-06	2.431723797e-06	-10
2.893139985e-06	2.431723797e-06	-10
2.893139985e-06	2.431723797e-06	-10
2.893139985e-06	2.431723797e-06	-10
2.893139985e-06	2.431723797e-06	-10
2.893139985e-06	2.431723797e-06	-10
2.893139985e-06	2.431723797e-06	-10
2.893139985e-06	2.431723797e-06	-10
2.893139985e-06	2.431723797e-06	-10
2.893139985e-06	2.431723797e-06	-10
2.893139985e-06	2.431723797e-06	-10
2.893139985e-06	2.431723797e-06	-10
2.893139985e-06	2.431723797e-06	-10
2.893139985e-06	2.431723797e-06	-10
2.893139985e-06	2.431723797e-06	0
2.904312671e-06	2.415159609e-06	0
2.915485356e-06	2.398595422e-06	0
2.926658041e-06	2.382031235e-06	0
2.937830727e-06	2.365467047e-06	0
2.949003412e-06	2.34890286e-06	0
2.960176098e-06	2.332338673e-06	0
2.971348783e-06	2.315774486e-06	0
2.971348783e-06	2.315774486e-06	-10
2.971348783e-06	2.315774486e-06	-10
2.971348783e-06	2.315774486e-06	-10
2.971348783e-06	2.315774486e-06	-10
2.971348783e-06	2.315774486e-06	-10
2.971348783e-06	2.315774486e-06	-10
2.971348783e-06	2.315774486e-06	-10
2.971348783e-06	2.315774486e-06	-10
2.971348783e-06	2.315774486e-06	-10
2.971348783e-06	2.315774486e-06	-10
2.971348783e-06	2.315774486e-06	-10
2.971348783e-06	2.315774486e-06	-10
2.971348783e-06	2.315774486e-06	-10
2.971348783e-06	2.315774486e-06	-10
2.971348783e-06	2.315774486e-06	-10
2.971348783e-06	2.315774486e-06	-10
2.971348783e-06	2.315774486e-06	-10
2.971348783e-06	2.315774486e-06	-10
2.971348783e-06	2.315774486e-06	-10
2.971348783e-06	2.315774486e-06	-10
2.971348783e-06	2.315774486e-06	-10
2.971348783e-06	2.315774486e-06	-10
2.971348783e-06	2.315774486e-06	-10
2.971348783e-06	2.315774486e-06	-10
2.971348783e-06	2.315774486e-06	-10
2.971348783e-06	2.315774486e-06	0
2.982521468e-06	2.299210298e-06	0
2.993694154e-06	2.282646111e-06	0
3.004866839e-06	2.266081924e-06	0
3.016039525e-06	2.249517737e-06	0
3.02721221e-06	2.232953549e-06	0
3.038384895e-06	2.216389362e-06	0
3.049557581e-06	2.199825175e-06	0
3.049557581e-06	2.199825175e-06	-10
3.049557581e-06	2.199825175e-06	-10
3.049557581e-06	2.199825175e-06	-10
3.049557581e-06	2.199825175e-06	-10
3.049557581e-06	2.199825175e-06	-10
3.049557581e-06	2.199825175e-06	-10
3.049557581e-06	2.199825175e-06	-10
3.049557581e-06	2.199825175e-06	-10
3.049557581e-06	2.199825175e-06	-10
3.049557581e-06	2.199825175e-06	-10
3.049557581e-06	2.199825175e-06	-10
3.049557581e-06	2.199825175e-06	-10
3.049557581e-06	2.199825175e-06	-10
3.049557581e-06	2.199825175e-06	-10
3.049557581e-06	2.199825175e-06	-10
3.049557581e-06	2.199825175e-06	-10
3.049557581e-06	2.199825175e-06	-10
3.049557581e-06	2.199825175e-06	-10
3.049557581e-06	2.199825175e-06	-10
3.049557581e-06	2.199825175e-06	-10
3.049557581e-06	2.199825175e-06	-10
3.049557581e-06	2.199825175e-06	-10
3.049557581e-06	2.199825175e-06	-10
3.049557581e-06	2.199825175e-06	-10
3.049557581e-06	2.199825175e-06	-10
3.049557581e-06	2.199825175e-06	0
3.069115051e-06	2.203590438e-06	0
3.088672522e-06	2.207355702e-06	0
3.108229992e-06	2.211120965e-06	0
3.127787463e-06	2.214886228e-06	0
3.147344933e-06	2.218651492e-06	0
3.166902404e-06	2.222416755e-06	0
3.186459874e-06	2.226182019e-06	0
3.206017344e-06	2.229947282e-06	0
3.225574815e-06	2.233712545e-06	0
3.245132285e-06	2.237477809e-06	0
3.264689756e-06	2.241243072e-06	0
3.284247226e-06	2.245008335e-06	0
3.303804697e-06	2.248773599e-06	0
3.323362167e-06	2.252538862e-06	0
3.342919638e-06	2.256304126e-06	0
3.362477108e-06	2.260069389e-06	0
3.382034579e-06	2.263834652e-06	0
3.401592049e-06	2.267599916e-06	0
3.42114952e-06	2.271365179e-06	0
3.44070699e-06	2.275130443e-06	0
3.460264461e-06	2.278895706e-06	0
3.479821931e-06	2.282660969e-06	0
3.499379402e-06	2.286426233e-06	0
3.518936872e-06	2.290191496e-06	0
3.538494343e-06	2.29395676e-06	0
3.558051813e-06	2.297722023e-06	0
3.577609283e-06	2.301487286e-06	0
3.597166754e-06	2.30525255e-06	0
3.616724224e-06	2.309017813e-06	0
3.636281695e-06	2.312783076e-06	0
3.655839165e-06	2.31654834e-06	0
3.675396636e-06	2.320313603e-06	0
3.694954106e-06	2.324078867e-06	0
3.714511577e-06	2.32784413e-06	0
3.734069047e-06	2.331609393e-06	0
3.753626518e-06	2.335374657e-06	0
3.773183988e-06	2.33913992e-06	0
3.792741459e-06	2.342905184e-06	0
3.812298929e-06	2.346670447e-06	0
3.8318564e-06	2.35043571e-06	0
3.85141387e-06	2.354200974e-06	0
3.870971341e-06	2.357966237e-06	0
3.890528811e-06	2.3617315e-06	0
3.910086282e-06	2.365496764e-06	0
3.929643752e-06	2.369262027e-06	0
3.949201222e-06	2.373027291e-06	0
3.968758693e-06	2.376792554e-06	0
3.988316163e-06	2.380557817e-06	0
4.007873634e-06	2.384323081e-06	0
4.027431104e-06	2.388088344e-06	0
4.046988575e-06	2.391853608e-06	0
4.066546045e-06	2.395618871e-06	0
4.086103516e-06	2.399384134e-06	0
4.105660986e-06	2.403149398e-06	0
4.125218457e-06	2.406914661e-06	0
4.144775927e-06	2.410679925e-06	0
4.164333398e-06	2.414445188e-06	0
4.183890868e-06	2.418210451e-06	0
4.203448339e-06	2.421975715e-06	0
4.223005809e-06	2.425740978e-06	0
4.24256328e-06	2.429506241e-06	0
4.26212075e-06	2.433271505e-06	0
4.281678221e-06	2.437036768e-06	0
4.301235691e-06	2.440802032e-06	0
4.320793161e-06	2.444567295e-06	0
4.340350632e-06	2.448332558e-06	0
4.359908102e-06	2.452097822e-06	0
4.379465573e-06	2.455863085e-06	0
4.399023043e-06	2.459628349e-06	0
4.418580514e-06	2.463393612e-06	0
4.438137984e-06	2.467158875e-06	0
4.457695455e-06	2.470924139e-06	0
4.477252925e-06	2.474689402e-06	0
4.496810396e-06	2.478454665e-06	0
4.516367866e-06	2.482219929e-06	0
4.535925337e-06	2.485985192e-06	0
4.555482807e-06	2.489750456e-06	0
4.575040278e-06	2.493515719e-06	0
4.594597748e-06	2.497280982e-06	0
4.614155219e-06	2.501046246e-06	0
4.633712689e-06	2.504811509e-06	0
4.65327016e-06	2.508576773e-06	0
4.67282763e-06	2.512342036e-06	0
4.6923851e-06	2.516107299e-06	0
4.711942571e-06	2.519872563e-06	0
4.731500041e-06	2.523637826e-06	0
4.751057512e-06	2.52740309e-06	0
4.770614982e-06	2.531168353e-06	0
4.790172453e-06	2.534933616e-06	0
4.809729923e-06	2.53869888e-06	0
4.829287394e-06	2.542464143e-06	0
4.848844864e-06	2.546229406e-06	0
4.868402335e-06	2.54999467e-06	0
4.887959805e-06	2.553759933e-06	0
4.907517276e-06	2.557525197e-06	0
4.927074746e-06	2.56129046e-06	0
4.946632217e-06	2.565055723e-06	0
4.966189687e-06	2.568820987e-06	0
4.985747158e-06	2.57258625e-06	0
5.005304628e-06	2.576351514e-06	0
5.024862099e-06	2.580116777e-06	0
5.044419569e-06	2.58388204e-06	0
5.063977039e-06	2.587647304e-06	0
5.08353451e-06	2.591412567e-06	0
5.10309198e-06	2.595177831e-06	0
5.122649451e-06	2.598943094e-06	0
5.142206921e-06	2.602708357e-06	0
5.161764392e-06	2.606473621e-06	0
5.181321862e-06	2.610238884e-06	0
5.200879333e-06	2.614004147e-06	0
5.220436803e-06	2.617769411e-06	0
5.239994274e-06	2.621534674e-06	0
5.259551744e-06	2.625299938e-06	0
5.279109215e-06	2.629065201e-06	0
5.298666685e-06	2.632830464e-06	0
5.318224156e-06	2.636595728e-06	0
5.337781626e-06	2.640360991e-06	0
5.357339097e-06	2.644126255e-06	0
5.376896567e-06	2.647891518e-06	0
5.396454038e-06	2.651656781e-06	0
5.416011508e-06	2.655422045e-06	0
5.435568978e-06	2.659187308e-06	0
5.455126449e-06	2.662952571e-06	0
5.474683919e-06	2.666717835e-06	0
5.49424139e-06	2.670483098e-06	0
5.51379886e-06	2.674248362e-06	0
5.533356331e-06	2.678013625e-06	0
5.552913801e-06	2.681778888e-06	0
5.572471272e-06	2.685544152e-06	0
5.592028742e-06	2.689309415e-06	0
5.611586213e-06	2.693074679e-06	0
5.631143683e-06	2.696839942e-06	0
5.650701154e-06	2.700605205e-06	0
5.670258624e-06	2.704370469e-06	0
5.689816095e-06	2.708135732e-06	0
5.709373565e-06	2.711900996e-06	0
5.728931036e-06	2.715666259e-06	0
5.748488506e-06	2.719431522e-06	0
5.768045977e-06	2.723196786e-06	0
5.787603447e-06	2.726962049e-06	0
5.807160917e-06	2.730727312e-06	0
5.826718388e-06	2.734492576e-06	0
5.846275858e-06	2.738257839e-06	0
5.865833329e-06	2.742023103e-06	0
5.885390799e-06	2.745788366e-06	0
5.90494827e-06	2.749553629e-06	0
5.92450574e-06	2.753318893e-06	0
5.944063211e-06	2.757084156e-06	0
5.963620681e-06	2.76084942e-06	0
5.983178152e-06	2.764614683e-06	0
6.002735622e-06	2.768379946e-06	0
6.022293093e-06	2.77214521e-06	0
6.041850563e-06	2.775910473e-06	0
6.061408034e-06	2.779675736e-06	0
6.080965504e-06	2.783441e-06	0
6.100522975e-06	2.787206263e-06	0
6.120080445e-06	2.790971527e-06	0
6.139637916e-06	2.79473679e-06	0
6.159195386e-06	2.798502053e-06	0
6.178752856e-06	2.802267317e-06	0
6.198310327e-06	2.80603258e-06	0
6.217867797e-06	2.809797844e-06	0
6.237425268e-06	2.813563107e-06	0
6.256982738e-06	2.81732837e-06	0
6.276540209e-06	2.821093634e-06	0
6.296097679e-06	2.824858897e-06	0
6.31565515e-06	2.828624161e-06	0
6.33521262e-06	2.832389424e-06	0
6.354770091e-06	2.836154687e-06	0
6.374327561e-06	2.839919951e-06	0
6.393885032e-06	2.843685214e-06	0
6.413442502e-06	2.847450477e-06	0
6.432999973e-06	2.851215741e-06	0
6.452557443e-06	2.854981004e-06	0
6.472114914e-06	2.858746268e-06	0
6.491672384e-06	2.862511531e-06	0
6.511229855e-06	2.866276794e-06	0
6.530787325e-06	2.870042058e-06	0
6.550344795e-06	2.873807321e-06	0
6.569902266e-06	2.877572585e-06	0
6.589459736e-06	2.881337848e-06	0
6.609017207e-06	2.885103111e-06	0
6.628574677e-06	2.888868375e-06	0
6.648132148e-06	2.892633638e-06	0
6.667689618e-06	2.896398902e-06	0
6.687247089e-06	2.900164165e-06	0
6.706804559e-06	2.903929428e-06	0
6.72636203e-06	2.907694692e-06	0
6.7459195e-06	2.911459955e-06	0
6.765476971e-06	2.915225218e-06	0
6.785034441e-06	2.918990482e-06	0
6.804591912e-06	2.922755745e-06	0
6.824149382e-06	2.926521009e-06	0
6.843706853e-06	2.930286272e-06	0
6.863264323e-06	2.934051535e-06	0
6.882821794e-06	2.937816799e-06	0
6.902379264e-06	2.941582062e-06	0
6.921936734e-06	2.945347326e-06	0
6.941494205e-06	2.949112589e-06	0
6.961051675e-06	2.952877852e-06	0
6.980609146e-06	2.956643116e-06	0
7.000166616e-06	2.960408379e-06	0
7.019724087e-06	2.964173642e-06	0
7.039281557e-06	2.967938906e-06	0
7.058839028e-06	2.971704169e-06	0
7.078396498e-06	2.975469433e-06	0
7.097953969e-06	2.979234696e-06	0
7.117511439e-06	2.982999959e-06	0
7.13706891e-06	2.986765223e-06	0
7.15662638e-06	2.990530486e-06	0
7.176183851e-06	2.99429575e-06	0
7.195741321e-06	2.998061013e-06	0
7.215298792e-06	3.001826276e-06	0
7.234856262e-06	3.00559154e-06	0
7.254413733e-06	3.009356803e-06	0
7.273971203e-06	3.013122067e-06	0
7.293528673e-06	3.01688733e-06	0
7.313086144e-06	3.020652593e-06	0
7.332643614e-06	3.024417857e-06	0
7.352201085e-06	3.02818312e-06	0
7.371758555e-06	3.031948383e-06	0
7.391316026e-06	3.035713647e-06	0
7.410873496e-06	3.03947891e-06	0
7.430430967e-06	3.043244174e-06	0
7.449988437e-06	3.047009437e-06	0
7.469545908e-06	3.0507747e-06	0
7.489103378e-06	3.054539964e-06	0
7.508660849e-06	3.058305227e-06	0
7.528218319e-06	3.062070491e-06	0
7.54777579e-06	3.065835754e-06	0
7.56733326e-06	3.069601017e-06	0
7.586890731e-06	3.073366281e-06	0
7.606448201e-06	3.077131544e-06	0
7.626005672e-06	3.080896807e-06	0
7.645563142e-06	3.084662071e-06	0
7.665120612e-06	3.088427334e-06	0
7.665120612e-06	3.088427334e-06	10
7.665120612e-06	3.088427334e-06	10
7.665120612e-06	3.088427334e-06	10
7.665120612e-06	3.088427334e-06	10
7.665120612e-06	3.088427334e-06	10
7.665120612e-06	3.088427334e-06	10
7.665120612e-06	3.088427334e-06	10
7.665120612e-06	3.088427334e-06	10
7.665120612e-06	3.088427334e-06	10
7.665120612e-06	3.088427334e-06	10
7.665120612e-06	3.088427334e-06	10
7.665120612e-06	3.088427334e-06	10
7.665120612e-06	3.088427334e-06	10
7.665120612e-06	3.088427334e-06	10
7.665120612e-06	3.088427334e-06	10
7.665120612e-06	3.088427334e-06	10
7.665120612e-06	3.088427334e-06	10
7.665120612e-06	3.088427334e-06	10
7.665120612e-06	3.088427334e-06	10
7.665120612e-06	3.088427334e-06	10
7.665120612e-06	3.088427334e-06	10
7.665120612e-06	3.088427334e-06	10
7.665120612e-06	3.088427334e-06	10
7.665120612e-06	3.088427334e-06	10
7.665120612e-06	3.088427334e-06	10
7.665120612e-06	3.088427334e-06	0
7.655344513e-06	3.102920998e-06	0
7.645568413e-06	3.117414662e-06	0
7.635792313e-06	3.131908326e-06	0
7.626016214e-06	3.14640199e-06	0
7.626016214e-06	3.14640199e-06	10
7.626016214e-06	3.14640199e-06	10
7.626016214e-06	3.14640199e-06	10
7.626016214e-06	3.14640199e-06	10
7.626016214e-06	3.14640199e-06	10
7.626016214e-06	3.14640199e-06	10
7.626016214e-06	3.14640199e-06	10
7.626016214e-06	3.14640199e-06	10
7.626016214e-06	3.14640199e-06	10
7.626016214e-06	3.14640199e-06	10
7.626016214e-06	3.14640199e-06	10
7.626016214e-06	3.14640199e-06	10
7.626016214e-06	3.14640199e-06	10
7.626016214e-06	3.14640199e-06	10
7.626016214e-06	3.14640199e-06	10
7.626016214e-06	3.14640199e-06	10
7.626016214e-06	3.14640199e-06	10
7.626016214e-06	3.14640199e-06	10
7.626016214e-06	3.14640199e-06	10
7.626016214e-06	3.14640199e-06	10
7.626016214e-06	3.14640199e-06	10
7.626016214e-06	3.14640199e-06	10
7.626016214e-06	3.14640199e-06	10
7.626016214e-06	3.14640199e-06	10
7.626016214e-06	3.14640199e-06	10
7.626016214e-06	3.14640199e-06	0
7.616240114e-06	3.160895654e-06	0
7.606464014e-06	3.175389317e-06	0
7.596687915e-06	3.189882981e-06	0
7.586911815e-06	3.204376645e-06	0
7.586911815e-06	3.204376645e-06	10
7.586911815e-06	3.204376645e-06	10
7.586911815e-06	3.204376645e-06	10
7.586911815e-06	3.204376645e-06	10
7.586911815e-06	3.204376645e-06	10
7.586911815e-06	3.204376645e-06	10
7.586911815e-06	3.204376645e-06	10
7.586911815e-06	3.204376645e-06	10
7.586911815e-06	3.204376645e-06	10
7.586911815e-06	3.204376645e-06	10
7.586911815e-06	3.204376645e-06	10
7.586911815e-06	3.204376645e-06	10
7.586911815e-06	3.204376645e-06	10
7.586911815e-06	3.204376645e-06	10
7.586911815e-06	3.204376645e-06	10
7.586911815e-06	3.204376645e-06	10
7.586911815e-06	3.204376645e-06	10
7.586911815e-06	3.204376645e-06	10
7.586911815e-06	3.204376645e-06	10
7.586911815e-06	3.204376645e-06	10
7.586911815e-06	3.204376645e-06	10
7.586911815e-06	3.204376645e-06	10
7.586911815e-06	3.204376645e-06	10
7.586911815e-06	3.204376645e-06	10
7.586911815e-06	3.204376645e-06	10
7.586911815e-06	3.204376645e-06	0
7.577135715e-06	3.218870309e-06	0
7.567359615e-06	3.233363973e-06	0
7.557583516e-06	3.247857637e-06	0
7.547807416e-06	3.262351301e-06	0
7.547807416e-06	3.262351301e-06	10
7.547807416e-06	3.262351301e-06	10
7.547807416e-06	3.262351301e-06	10
7.547807416e-06	3.262351301e-06	10
7.547807416e-06	3.262351301e-06	10
7.547807416e-06	3.262351301e-06	10
7.547807416e-06	3.262351301e-06	10
7.547807416e-06	3.262351301e-06	10
7.547807416e-06	3.262351301e-06	10
7.547807416e-06	3.262351301e-06	10
7.547807416e-06	3.262351301e-06	10
7.547807416e-06	3.262351301e-06	10
7.547807416e-06	3.262351301e-06	10
7.547807416e-06	3.262351301e-06	10
7.547807416e-06	3.262351301e-06	10
7.547807416e-06	3.262351301e-06	10
7.547807416e-06	3.262351301e-06	10
7.547807416e-06	3.262351301e-06	10
7.547807416e-06	3.262351301e-06	10
7.547807416e-06	3.262351301e-06	10
7.547807416e-06	3.262351301e-06	10
7.547807416e-06	3.262351301e-06	10
7.547807416e-06	3.262351301e-06	10
7.547807416e-06	3.262351301e-06	10
7.547807416e-06	3.262351301e-06	10
7.547807416e-06	3.262351301e-06	0
7.538031316e-06	3.276844964e-06	0
7.528255217e-06	3.291338628e-06	0
7.518479117e-06	3.305832292e-06	0
7.508703017e-06	3.320325956e-06	0
7.508703017e-06	3.320325956e-06	10
7.508703017e-06	3.320325956e-06	10
7.508703017e-06	3.320325956e-06	10
7.508703017e-06	3.320325956e-06	10
7.508703017e-06	3.320325956e-06	10
7.508703017e-06	3.320325956e-06	10
7.508703017e-06	3.320325956e-06	10
7.508703017e-06	3.320325956e-06	10
7.508703017e-06	3.320325956e-06	10
7.508703017e-06	3.320325956e-06	10
7.508703017e-06	3.320325956e-06	10
7.508703017e-06	3.320325956e-06	10
7.508703017e-06	3.320325956e-06	10
7.508703017e-06	3.320325956e-06	10
7.508703017e-06	3.320325956e-06	10
7.508703017e-06	3.320325956e-06	10
7.508703017e-06	3.320325956e-06	10
7.508703017e-06	3.320325956e-06	10
7.508703017e-06	3.320325956e-06	10
7.508703017e-06	3.320325956e-06	10
7.508703017e-06	3.320325956e-06	10
7.508703017e-06	3.320325956e-06	10
7.508703017e-06	3.320325956e-06	10
7.508703017e-06	3.320325956e-06	10
7.508703017e-06	3.320325956e-06	10
7.508703017e-06	3.320325956e-06	0
7.498926917e-06	3.33481962e-06	0
7.489150818e-06	3.349313284e-06	0
7.479374718e-06	3.363806948e-06	0
7.469598618e-06	3.378300611e-06	0
7.469598618e-06	3.378300611e-06	10
7.469598618e-06	3.378300611e-06	10
7.469598618e-06	3.378300611e-06	10
7.469598618e-06	3.378300611e-06	10
7.469598618e-06	3.378300611e-06	10
7.469598618e-06	3.378300611e-06	10
7.469598618e-06	3.378300611e-06	10
7.469598618e-06	3.378300611e-06	10
7.469598618e-06	3.378300611e-06	10
7.469598618e-06	3.378300611e-06	10
7.469598618e-06	3.378300611e-06	10
7.469598618e-06	3.378300611e-06	10
7.469598618e-06	3.378300611e-06	10
7.469598618e-06	3.378300611e-06	10
7.469598618e-06	3.378300611e-06	10
7.469598618e-06	3.378300611e-06	10
7.469598618e-06	3.378300611e-06	10
7.469598618e-06	3.378300611e-06	10
7.469598618e-06	3.378300611e-06	10
7.469598618e-06	3.378300611e-06	10
7.469598618e-06	3.378300611e-06	10
7.469598618e-06	3.378300611e-06	10
7.469598618e-06	3.378300611e-06	10
7.469598618e-06	3.378300611e-06	10
7.469598618e-06	3.378300611e-06	10
7.469598618e-06	3.378300611e-06	0
7.459822519e-06	3.392794275e-06	0
7.450046419e-06	3.407287939e-06	0
7.440270319e-06	3.421781603e-06	0
7.430494219e-06	3.436275267e-06	0
7.430494219e-06	3.436275267e-06	10
7.430494219e-06	3.436275267e-06	10
7.430494219e-06	3.436275267e-06	10
7.430494219e-06	3.436275267e-06	10
7.430494219e-06	3.436275267e-06	10
7.430494219e-06	3.436275267e-06	10
7.430494219e-06	3.436275267e-06	10
7.430494219e-06	3.436275267e-06	10
7.430494219e-06	3.436275267e-06	10
7.430494219e-06	3.436275267e-06	10
7.430494219e-06	3.436275267e-06	10
7.430494219e-06	3.436275267e-06	10
7.430494219e-06	3.436275267e-06	10
7.430494219e-06	3.436275267e-06	10
7.430494219e-06	3.436275267e-06	10
7.430494219e-06	3.436275267e-06	10
7.430494219e-06	3.436275267e-06	10
7.430494219e-06	3.436275267e-06	10
7.430494219e-06	3.436275267e-06	10
7.430494219e-06	3.436275267e-06	10
7.430494219e-06	3.436275267e-06	10
7.430494219e-06	3.436275267e-06	10
7.430494219e-06	3.436275267e-06	10
7.430494219e-06	3.436275267e-06	10
7.430494219e-06	3.436275267e-06	10
7.430494219e-06	3.436275267e-06	0
7.42071812e-06	3.450768931e-06	0
7.41094202e-06	3.465262595e-06	0
7.40116592e-06	3.479756258e-06	0
7.391389821e-06	3.494249922e-06	0
7.391389821e-06	3.494249922e-06	10
7.391389821e-06	3.494249922e-06	10
7.391389821e-06	3.494249922e-06	10
7.391389821e-06	3.494249922e-06	10
7.391389821e-06	3.494249922e-06	10
7.391389821e-06	3.494249922e-06	10
7.391389821e-06	3.494249922e-06	10
7.391389821e-06	3.494249922e-06	10
7.391389821e-06	3.494249922e-06	10
7.391389821e-06	3.494249922e-06	10
7.391389821e-06	3.494249922e-06	10
7.391389821e-06	3.494249922e-06	10
7.391389821e-06	3.494249922e-06	10
7.391389821e-06	3.494249922e-06	10
7.391389821e-06	3.494249922e-06	10
7.391389821e-06	3.494249922e-06	10
7.391389821e-06	3.494249922e-06	10
7.391389821e-06	3.494249922e-06	10
7.391389821e-06	3.494249922e-06	10
7.391389821e-06	3.494249922e-06	10
7.391389821e-06	3.494249922e-06	10
7.391389821e-06	3.494249922e-06	10
7.391389821e-06	3.494249922e-06	10
7.391389821e-06	3.494249922e-06	10
7.391389821e-06	3.494249922e-06	10
7.391389821e-06	3.494249922e-06	0
7.381613721e-06	3.508743586e-06	0
7.371837621e-06	3.52323725e-06	0
7.362061521e-06	3.537730914e-06	0
7.352285422e-06	3.552224578e-06	0
7.352285422e-06	3.552224578e-06	10
7.352285422e-06	3.552224578e-06	10
7.352285422e-06	3.552224578e-06	10
7.352285422e-06	3.552224578e-06	10
7.352285422e-06	3.552224578e-06	10
7.352285422e-06	3.552224578e-06	10
7.352285422e-06	3.552224578e-06	10
7.352285422e-06	3.552224578e-06	10
7.352285422e-06	3.552224578e-06	10
7.352285422e-06	3.552224578e-06	10
7.352285422e-06	3.552224578e-06	10
7.352285422e-06	3.552224578e-06	10
7.352285422e-06	3.552224578e-06	10
7.352285422e-06	3.552224578e-06	10
7.352285422e-06	3.552224578e-06	10
7.352285422e-06	3.552224578e-06	10
7.352285422e-06	3.552224578e-06	10
7.352285422e-06	3.552224578e-06	10
7.352285422e-06	3.552224578e-06	10
7.352285422e-06	3.552224578e-06	10
7.352285422e-06	3.552224578e-06	10
7.352285422e-06	3.552224578e-06	10
7.352285422e-06	3.552224578e-06	10
7.352285422e-06	3.552224578e-06	10
7.352285422e-06	3.552224578e-06	10
7.352285422e-06	3.552224578e-06	0
7.342509322e-06	3.566718242e-06	0
7.332733222e-06	3.581211905e-06	0
7.322957123e-06	3.595705569e-06	0
7.313181023e-06	3.610199233e-06	0
7.313181023e-06	3.610199233e-06	10
7.313181023e-06	3.610199233e-06	10
7.313181023e-06	3.610199233e-06	10
7.313181023e-06	3.610199233e-06	10
7.313181023e-06	3.610199233e-06	10
7.313181023e-06	3.610199233e-06	10
7.313181023e-06	3.610199233e-06	10
7.313181023e-06	3.610199233e-06	10
7.313181023e-06	3.610199233e-06	10
7.313181023e-06	3.610199233e-06	10
7.313181023e-06	3.610199233e-06	10
7.313181023e-06	3.610199233e-06	10
7.313181023e-06	3.610199233e-06	10
7.313181023e-06	3.610199233e-06	10
7.313181023e-06	3.610199233e-06	10
7.313181023e-06	3.610199233e-06	10
7.313181023e-06	3.610199233e-06	10
7.313181023e-06	3.610199233e-06	10
7.313181023e-06	3.610199233e-06	10
7.313181023e-06	3.610199233e-06	10
7.313181023e-06	3.610199233e-06	10
7.313181023e-06	3.610199233e-06	10
7.313181023e-06	3.610199233e-06	10
7.313181023e-06	3.610199233e-06	10
7.313181023e-06	3.610199233e-06	10
7.313181023e-06	3.610199233e-06	0
7.303404923e-06	3.624692897e-06	0
7.293628823e-06	3.639186561e-06	0
7.283852724e-06	3.653680225e-06	0
7.274076624e-06	3.668173888e-06	0
7.274076624e-06	3.668173888e-06	10
7.274076624e-06	3.668173888e-06	10
7.274076624e-06	3.668173888e-06	10
7.274076624e-06	3.668173888e-06	10
7.274076624e-06	3.668173888e-06	10
7.274076624e-06	3.668173888e-06	10
7.274076624e-06	3.668173888e-06	10
7.274076624e-06	3.668173888e-06	10
7.274076624e-06	3.668173888e-06	10
7.274076624e-06	3.668173888e-06	10
7.274076624e-06	3.668173888e-06	10
7.274076624e-06	3.668173888e-06	10
7.274076624e-06	3.668173888e-06	10
7.274076624e-06	3.668173888e-06	10
7.274076624e-06	3.668173888e-06	10
7.274076624e-06	3.668173888e-06	10
7.274076624e-06	3.668173888e-06	10
7.274076624e-06	3.668173888e-06	10
7.274076624e-06	3.668173888e-06	10
7.274076624e-06	3.668173888e-06	10
7.274076624e-06	3.668173888e-06	10
7.274076624e-06	3.668173888e-06	10
7.274076624e-06	3.668173888e-06	10
7.274076624e-06	3.668173888e-06	10
7.274076624e-06	3.668173888e-06	10
7.274076624e-06	3.668173888e-06	0
7.264300524e-06	3.682667552e-06	0
7.254524425e-06	3.697161216e-06	0
7.244748325e-06	3.71165488e-06	0
7.234972225e-06	3.726148544e-06	0
7.234972225e-06	3.726148544e-06	10
7.234972225e-06	3.726148544e-06	10
7.234972225e-06	3.726148544e-06	10
7.234972225e-06	3.726148544e-06	10
7.234972225e-06	3.726148544e-06	10
7.234972225e-06	3.726148544e-06	10
7.234972225e-06	3.726148544e-06	10
7.234972225e-06	3.726148544e-06	10
7.234972225e-06	3.726148544e-06	10
7.234972225e-06	3.726148544e-06	10
7.234972225e-06	3.726148544e-06	10
7.234972225e-06	3.726148544e-06	10
7.234972225e-06	3.726148544e-06	10
7.234972225e-06	3.726148544e-06	10
7.234972225e-06	3.726148544e-06	10
7.234972225e-06	3.726148544e-06	10
7.234972225e-06	3.726148544e-06	10
7.234972225e-06	3.726148544e-06	10
7.234972225e-06	3.726148544e-06	10
7.234972225e-06	3.726148544e-06	10
7.234972225e-06	3.726148544e-06	10
7.234972225e-06	3.726148544e-06	10
7.234972225e-06	3.726148544e-06	10
7.234972225e-06	3.726148544e-06	10
7.234972225e-06	3.726148544e-06	10
7.234972225e-06	3.726148544e-06	0
7.225196125e-06	3.740642208e-06	0
7.215420026e-06	3.755135872e-06	0
7.205643926e-06	3.769629535e-06	0
7.195867826e-06	3.784123199e-06	0
7.195867826e-06	3.784123199e-06	10
7.195867826e-06	3.784123199e-06	10
7.195867826e-06	3.784123199e-06	10
7.195867826e-06	3.784123199e-06	10
7.195867826e-06	3.784123199e-06	10
7.195867826e-06	3.784123199e-06	10
7.195867826e-06	3.784123199e-06	10
7.195867826e-06	3.784123199e-06	10
7.195867826e-06	3.784123199e-06	10
7.195867826e-06	3.784123199e-06	10
7.195867826e-06	3.784123199e-06	10
7.195867826e-06	3.784123199e-06	10
7.195867826e-06	3.784123199e-06	10
7.195867826e-06	3.784123199e-06	10
7.195867826e-06	3.784123199e-06	10
7.195867826e-06	3.784123199e-06	10
7.195867826e-06	3.784123199e-06	10
7.195867826e-06	3.784123199e-06	10
7.195867826e-06	3.784123199e-06	10
7.195867826e-06	3.784123199e-06	10
7.195867826e-06	3.784123199e-06	10
7.195867826e-06	3.784123199e-06	10
7.195867826e-06	3.784123199e-06	10
7.195867826e-06	3.784123199e-06	10
7.195867826e-06	3.784123199e-06	10
7.195867826e-06	3.784123199e-06	0
7.186091727e-06	3.798616863e-06	0
7.176315627e-06	3.813110527e-06	0
7.166539527e-06	3.827604191e-06	0
7.156763428e-06	3.842097855e-06	0
7.156763428e-06	3.842097855e-06	10
7.156763428e-06	3.842097855e-06	10
7.156763428e-06	3.842097855e-06	10
7.156763428e-06	3.842097855e-06	10
7.156763428e-06	3.842097855e-06	10
7.156763428e-06	3.842097855e-06	10
7.156763428e-06	3.842097855e-06	10
7.156763428e-06	3.842097855e-06	10
7.156763428e-06	3.842097855e-06	10
7.156763428e-06	3.842097855e-06	10
7.156763428e-06	3.842097855e-06	10
7.156763428e-06	3.842097855e-06	10
7.156763428e-06	3.842097855e-06	10
7.156763428e-06	3.842097855e-06	10
7.156763428e-06	3.842097855e-06	10
7.156763428e-06	3.842097855e-06	10
7.156763428e-06	3.842097855e-06	10
7.156763428e-06	3.842097855e-06	10
7.156763428e-06	3.842097855e-06	10
7.156763428e-06	3.842097855e-06	10
7.156763428e-06	3.842097855e-06	10
7.156763428e-06	3.842097855e-06	10
7.156763428e-06	3.842097855e-06	10
7.156763428e-06	3.842097855e-06	10
7.156763428e-06	3.842097855e-06	10
7.156763428e-06	3.842097855e-06	0
7.146987328e-06	3.856591519e-06	0
7.137211228e-06	3.871085182e-06	0
7.127435128e-06	3.885578846e-06	0
7.117659029e-06	3.90007251e-06	0
7.117659029e-06	3.90007251e-06	10
7.117659029e-06	3.90007251e-06	10
7.117659029e-06	3.90007251e-06	10
7.117659029e-06	3.90007251e-06	10
7.117659029e-06	3.90007251e-06	10
7.117659029e-06	3.90007251e-06	10
7.117659029e-06	3.90007251e-06	10
7.117659029e-06	3.90007251e-06	10
7.117659029e-06	3.90007251e-06	10
7.117659029e-06	3.90007251e-06	10
7.117659029e-06	3.90007251e-06	10
7.117659029e-06	3.90007251e-06	10
7.117659029e-06	3.90007251e-06	10
7.117659029e-06	3.90007251e-06	10
7.117659029e-06	3.90007251e-06	10
7.117659029e-06	3.90007251e-06	10
7.117659029e-06	3.90007251e-06	10
7.117659029e-06	3.90007251e-06	10
7.117659029e-06	3.90007251e-06	10
7.117659029e-06	3.90007251e-06	10
7.117659029e-06	3.90007251e-06	10
7.117659029e-06	3.90007251e-06	10
7.117659029e-06	3.90007251e-06	10
7.117659029e-06	3.90007251e-06	10
7.117659029e-06	3.90007251e-06	10
7.117659029e-06	3.90007251e-06	0
7.107882929e-06	3.914566174e-06	0
7.098106829e-06	3.929059838e-06	0
7.08833073e-06	3.943553502e-06	0
7.07855463e-06	3.958047166e-06	0
7.07855463e-06	3.958047166e-06	10
7.07855463e-06	3.958047166e-06	10
7.07855463e-06	3.958047166e-06	10
7.07855463e-06	3.958047166e-06	10
7.07855463e-06	3.958047166e-06	10
7.07855463e-06	3.958047166e-06	10
7.07855463e-06	3.958047166e-06	10
7.07855463e-06	3.958047166e-06	10
7.07855463e-06	3.958047166e-06	10
7.07855463e-06	3.958047166e-06	10
7.07855463e-06	3.958047166e-06	10
7.07855463e-06	3.958047166e-06	10
7.07855463e-06	3.958047166e-06	10
7.07855463e-06	3.958047166e-06	10
7.07855463e-06	3.958047166e-06	10
7.07855463e-06	3.958047166e-06	10
7.07855463e-06	3.958047166e-06	10
7.07855463e-06	3.958047166e-06	10
7.07855463e-06	3.958047166e-06	10
7.07855463e-06	3.958047166e-06	10
7.07855463e-06	3.958047166e-06	10
7.07855463e-06	3.958047166e-06	10
7.07855463e-06	3.958047166e-06	10
7.07855463e-06	3.958047166e-06	10
7.07855463e-06	3.958047166e-06	10
7.07855463e-06	3.958047166e-06	0
7.06877853e-06	3.972540829e-06	0
7.05900243e-06	3.987034493e-06	0
7.049226331e-06	4.001528157e-06	0
7.039450231e-06	4.016021821e-06	0
7.039450231e-06	4.016021821e-06	10
7.039450231e-06	4.016021821e-06	10
7.039450231e-06	4.016021821e-06	10
7.039450231e-06	4.016021821e-06	10
7.039450231e-06	4.016021821e-06	10
7.039450231e-06	4.016021821e-06	10
7.039450231e-06	4.016021821e-06	10
7.039450231e-06	4.016021821e-06	10
7.039450231e-06	4.016021821e-06	10
7.039450231e-06	4.016021821e-06	10
7.039450231e-06	4.016021821e-06	10
7.039450231e-06	4.016021821e-06	10
7.039450231e-06	4.016021821e-06	10
7.039450231e-06	4.016021821e-06	10
7.039450231e-06	4.016021821e-06	10
7.039450231e-06	4.016021821e-06	10
7.039450231e-06	4.016021821e-06	10
7.039450231e-06	4.016021821e-06	10
7.039450231e-06	4.016021821e-06	10
7.039450231e-06	4.016021821e-06	10
7.039450231e-06	4.016021821e-06	10
7.039450231e-06	4.016021821e-06	10
7.039450231e-06	4.016021821e-06	10
7.039450231e-06	4.016021821e-06	10
7.039450231e-06	4.016021821e-06	10
7.039450231e-06	4.016021821e-06	0
7.029674131e-06	4.030515485e-06	0
7.019898032e-06	4.045009149e-06	0
7.010121932e-06	4.059502813e-06	0
7.000345832e-06	4.073996476e-06	0
7.000345832e-06	4.073996476e-06	10
7.000345832e-06	4.073996476e-06	10
7.000345832e-06	4.073996476e-06	10
7.000345832e-06	4.073996476e-06	10
7.000345832e-06	4.073996476e-06	10
7.000345832e-06	4.073996476e-06	10
7.000345832e-06	4.073996476e-06	10
7.000345832e-06	4.073996476e-06	10
7.000345832e-06	4.073996476e-06	10
7.000345832e-06	4.073996476e-06	10
7.000345832e-06	4.073996476e-06	10
7.000345832e-06	4.073996476e-06	10
7.000345832e-06	4.073996476e-06	10
7.000345832e-06	4.073996476e-06	10
7.000345832e-06	4.073996476e-06	10
7.000345832e-06	4.073996476e-06	10
7.000345832e-06	4.073996476e-06	10
7.000345832e-06	4.073996476e-06	10
7.000345832e-06	4.073996476e-06	10
7.000345832e-06	4.073996476e-06	10
7.000345832e-06	4.073996476e-06	10
7.000345832e-06	4.073996476e-06	10
7.000345832e-06	4.073996476e-06	10
7.000345832e-06	4.073996476e-06	10
7.000345832e-06	4.073996476e-06	10
7.000345832e-06	4.073996476e-06	0
6.990569732e-06	4.08849014e-06	0
6.980793633e-06	4.102983804e-06	0
6.971017533e-06	4.117477468e-06	0
6.961241433e-06	4.131971132e-06	0
6.961241433e-06	4.131971132e-06	10
6.961241433e-06	4.131971132e-06	10
6.961241433e-06	4.131971132e-06	10
6.961241433e-06	4.131971132e-06	10
6.961241433e-06	4.131971132e-06	10
6.961241433e-06	4.131971132e-06	10
6.961241433e-06	4.131971132e-06	10
6.961241433e-06	4.131971132e-06	10
6.961241433e-06	4.131971132e-06	10
6.961241433e-06	4.131971132e-06	10
6.961241433e-06	4.131971132e-06	10
6.961241433e-06	4.131971132e-06	10
6.961241433e-06	4.131971132e-06	10
6.961241433e-06	4.131971132e-06	10
6.961241433e-06	4.131971132e-06	10
6.961241433e-06	4.131971132e-06	10
6.961241433e-06	4.131971132e-06	10
6.961241433e-06	4.131971132e-06	10
6.961241433e-06	4.131971132e-06	10
6.961241433e-06	4.131971132e-06	10
6.961241433e-06	4.131971132e-06	10
6.961241433e-06	4.131971132e-06	10
6.961241433e-06	4.131971132e-06	10
6.961241433e-06	4.131971132e-06	10
6.961241433e-06	4.131971132e-06	10
6.961241433e-06	4.131971132e-06	0
6.951465334e-06	4.146464796e-06	0
6.941689234e-06	4.16095846e-06	0
6.931913134e-06	4.175452123e-06	0
6.922137034e-06	4.189945787e-06	0
6.922137034e-06	4.189945787e-06	10
6.922137034e-06	4.189945787e-06	10
6.922137034e-06	4.189945787e-06	10
6.922137034e-06	4.189945787e-06	10
6.922137034e-06	4.189945787e-06	10
6.922137034e-06	4.189945787e-06	10
6.922137034e-06	4.189945787e-06	10
6.922137034e-06	4.189945787e-06	10
6.922137034e-06	4.189945787e-06	10
6.922137034e-06	4.189945787e-06	10
6.922137034e-06	4.189945787e-06	10
6.922137034e-06	4.189945787e-06	10
6.922137034e-06	4.189945787e-06	10
6.922137034e-06	4.189945787e-06	10
6.922137034e-06	4.189945787e-06	10
6.922137034e-06	4.189945787e-06	10
6.922137034e-06	4.189945787e-06	10
6.922137034e-06	4.189945787e-06	10
6.922137034e-06	4.189945787e-06	10
6.922137034e-06	4.189945787e-06	10
6.922137034e-06	4.189945787e-06	10
6.922137034e-06	4.189945787e-06	10
6.922137034e-06	4.189945787e-06	10
6.922137034e-06	4.189945787e-06	10
6.922137034e-06	4.189945787e-06	10
6.922137034e-06	4.189945787e-06	0
6.907643371e-06	4.180169688e-06	0
6.893149707e-06	4.170393588e-06	0
6.878656043e-06	4.160617488e-06	0
6.864162379e-06	4.150841388e-06	0
6.864162379e-06	4.150841388e-06	10
6.864162379e-06	4.150841388e-06	10
6.864162379e-06	4.150841388e-06	10
6.864162379e-06	4.150841388e-06	10
6.864162379e-06	4.150841388e-06	10
6.864162379e-06	4.150841388e-06	10
6.864162379e-06	4.150841388e-06	10
6.864162379e-06	4.150841388e-06	10
6.864162379e-06	4.150841388e-06	10
6.864162379e-06	4.150841388e-06	10
6.864162379e-06	4.150841388e-06	10
6.864162379e-06	4.150841388e-06	10
6.864162379e-06	4.150841388e-06	10
6.864162379e-06	4.150841388e-06	10
6.864162379e-06	4.150841388e-06	10
6.864162379e-06	4.150841388e-06	10
6.864162379e-06	4.150841388e-06	10
6.864162379e-06	4.150841388e-06	10
6.864162379e-06	4.150841388e-06	10
6.864162379e-06	4.150841388e-06	10
6.864162379e-06	4.150841388e-06	10
6.864162379e-06	4.150841388e-06	10
6.864162379e-06	4.150841388e-06	10
6.864162379e-06	4.150841388e-06	10
6.864162379e-06	4.150841388e-06	10
6.864162379e-06	4.150841388e-06	0
6.873938479e-06	4.136347725e-06	0
6.883714578e-06	4.121854061e-06	0
6.893490678e-06	4.107360397e-06	0
6.903266778e-06	4.092866733e-06	0
6.903266778e-06	4.092866733e-06	10
6.903266778e-06	4.092866733e-06	10
6.903266778e-06	4.092866733e-06	10
6.903266778e-06	4.092866733e-06	10
6.903266778e-06	4.092866733e-06	10
6.903266778e-06	4.092866733e-06	10
6.903266778e-06	4.092866733e-06	10
6.903266778e-06	4.092866733e-06	10
6.903266778e-06	4.092866733e-06	10
6.903266778e-06	4.092866733e-06	10
6.903266778e-06	4.092866733e-06	10
6.903266778e-06	4.092866733e-06	10
6.903266778e-06	4.092866733e-06	10
6.903266778e-06	4.092866733e-06	10
6.903266778e-06	4.092866733e-06	10
6.903266778e-06	4.092866733e-06	10
6.903266778e-06	4.092866733e-06	10
6.903266778e-06	4.092866733e-06	10
6.903266778e-06	4.092866733e-06	10
6.903266778e-06	4.092866733e-06	10
6.903266778e-06	4.092866733e-06	10
6.903266778e-06	4.092866733e-06	10
6.903266778e-06	4.092866733e-06	10
6.903266778e-06	4.092866733e-06	10
6.903266778e-06	4.092866733e-06	10
6.903266778e-06	4.092866733e-06	0
6.913042878e-06	4.078373069e-06	0
6.922818977e-06	4.063879405e-06	0
6.932595077e-06	4.049385741e-06	0
6.942371177e-06	4.034892078e-06	0
6.942371177e-06	4.034892078e-06	10
6.942371177e-06	4.034892078e-06	10
6.942371177e-06	4.034892078e-06	10
6.942371177e-06	4.034892078e-06	10
6.942371177e-06	4.034892078e-06	10
6.942371177e-06	4.034892078e-06	10
6.942371177e-06	4.034892078e-06	10
6.942371177e-06	4.034892078e-06	10
6.942371177e-06	4.034892078e-06	10
6.942371177e-06	4.034892078e-06	10
6.942371177e-06	4.034892078e-06	10
6.942371177e-06	4.034892078e-06	10
6.942371177e-06	4.034892078e-06	10
6.942371177e-06	4.034892078e-06	10
6.942371177e-06	4.034892078e-06	10
6.942371177e-06	4.034892078e-06	10
6.942371177e-06	4.034892078e-06	10
6.942371177e-06	4.034892078e-06	10
6.942371177e-06	4.034892078e-06	10
6.942371177e-06	4.034892078e-06	10
6.942371177e-06	4.034892078e-06	10
6.942371177e-06	4.034892078e-06	10
6.942371177e-06	4.034892078e-06	10
6.942371177e-06	4.034892078e-06	10
6.942371177e-06	4.034892078e-06	10
6.942371177e-06	4.034892078e-06	0
6.952147276e-06	4.020398414e-06	0
6.961923376e-06	4.00590475e-06	0
6.971699476e-06	3.991411086e-06	0
6.981475576e-06	3.976917422e-06	0
6.981475576e-06	3.976917422e-06	10
6.981475576e-06	3.976917422e-06	10
6.981475576e-06	3.976917422e-06	10
6.981475576e-06	3.976917422e-06	10
6.981475576e-06	3.976917422e-06	10
6.981475576e-06	3.976917422e-06	10
6.981475576e-06	3.976917422e-06	10
6.981475576e-06	3.976917422e-06	10
6.981475576e-06	3.976917422e-06	10
6.981475576e-06	3.976917422e-06	10
6.981475576e-06	3.976917422e-06	10
6.981475576e-06	3.976917422e-06	10
6.981475576e-06	3.976917422e-06	10
6.981475576e-06	3.976917422e-06	10
6.981475576e-06	3.976917422e-06	10
6.981475576e-06	3.976917422e-06	10
6.981475576e-06	3.976917422e-06	10
6.981475576e-06	3.976917422e-06	10
6.981475576e-06	3.976917422e-06	10
6.981475576e-06	3.976917422e-06	10
6.981475576e-06	3.976917422e-06	10
6.981475576e-06	3.976917422e-06	10
6.981475576e-06	3.976917422e-06	10
6.981475576e-06	3.976917422e-06	10
6.981475576e-06	3.976917422e-06	10
6.981475576e-06	3.976917422e-06	0
6.991251675e-06	3.962423758e-06	0
7.001027775e-06	3.947930094e-06	0
7.010803875e-06	3.933436431e-06	0
7.020579974e-06	3.918942767e-06	0
7.020579974e-06	3.918942767e-06	10
7.020579974e-06	3.918942767e-06	10
7.020579974e-06	3.918942767e-06	10
7.020579974e-06	3.918942767e-06	10
7.020579974e-06	3.918942767e-06	10
7.020579974e-06	3.918942767e-06	10
7.020579974e-06	3.918942767e-06	10
7.020579974e-06	3.918942767e-06	10
7.020579974e-06	3.918942767e-06	10
7.020579974e-06	3.918942767e-06	10
7.020579974e-06	3.918942767e-06	10
7.020579974e-06	3.918942767e-06	10
7.020579974e-06	3.918942767e-06	10
7.020579974e-06	3.918942767e-06	10
7.020579974e-06	3.918942767e-06	10
7.020579974e-06	3.918942767e-06	10
7.020579974e-06	3.918942767e-06	10
7.020579974e-06	3.918942767e-06	10
7.020579974e-06	3.918942767e-06	10
7.020579974e-06	3.918942767e-06	10
7.020579974e-06	3.918942767e-06	10
7.020579974e-06	3.918942767e-06	10
7.020579974e-06	3.918942767e-06	10
7.020579974e-06	3.918942767e-06	10
7.020579974e-06	3.918942767e-06	10
7.020579974e-06	3.918942767e-06	0
7.030356074e-06	3.904449103e-06	0
7.040132174e-06	3.889955439e-06	0
7.049908274e-06	3.875461775e-06	0
7.059684373e-06	3.860968111e-06	0
7.059684373e-06	3.860968111e-06	10
7.059684373e-06	3.860968111e-06	10
7.059684373e-06	3.860968111e-06	10
7.059684373e-06	3.860968111e-06	10
7.059684373e-06	3.860968111e-06	10
7.059684373e-06	3.860968111e-06	10
7.059684373e-06	3.860968111e-06	10
7.059684373e-06	3.860968111e-06	10
7.059684373e-06	3.860968111e-06	10
7.059684373e-06	3.860968111e-06	10
7.059684373e-06	3.860968111e-06	10
7.059684373e-06	3.860968111e-06	10
7.059684373e-06	3.860968111e-06	10
7.059684373e-06	3.860968111e-06	10
7.059684373e-06	3.860968111e-06	10
7.059684373e-06	3.860968111e-06	10
7.059684373e-06	3.860968111e-06	10
7.059684373e-06	3.860968111e-06	10
7.059684373e-06	3.860968111e-06	10
7.059684373e-06	3.860968111e-06	10
7.059684373e-06	3.860968111e-06	10
7.059684373e-06	3.860968111e-06	10
7.059684373e-06	3.860968111e-06	10
7.059684373e-06	3.860968111e-06	10
7.059684373e-06	3.860968111e-06	10
7.059684373e-06	3.860968111e-06	0
7.069460473e-06	3.846474447e-06	0
7.079236573e-06	3.831980784e-06	0
7.089012672e-06	3.81748712e-06	0
7.098788772e-06	3.802993456e-06	0
7.098788772e-06	3.802993456e-06	10
7.098788772e-06	3.802993456e-06	10
7.098788772e-06	3.802993456e-06	10
7.098788772e-06	3.802993456e-06	10
7.098788772e-06	3.802993456e-06	10
7.098788772e-06	3.802993456e-06	10
7.098788772e-06	3.802993456e-06	10
7.098788772e-06	3.802993456e-06	10
7.098788772e-06	3.802993456e-06	10
7.098788772e-06	3.802993456e-06	10
7.098788772e-06	3.802993456e-06	10
7.098788772e-06	3.802993456e-06	10
7.098788772e-06	3.802993456e-06	10
7.098788772e-06	3.802993456e-06	10
7.098788772e-06	3.802993456e-06	10
7.098788772e-06	3.802993456e-06	10
7.098788772e-06	3.802993456e-06	10
7.098788772e-06	3.802993456e-06	10
7.098788772e-06	3.802993456e-06	10
7.098788772e-06	3.802993456e-06	10
7.098788772e-06	3.802993456e-06	10
7.098788772e-06	3.802993456e-06	10
7.098788772e-06	3.802993456e-06	10
7.098788772e-06	3.802993456e-06	10
7.098788772e-06	3.802993456e-06	10
7.098788772e-06	3.802993456e-06	0
7.108564872e-06	3.788499792e-06	0
7.118340972e-06	3.774006128e-06	0
7.128117071e-06	3.759512464e-06	0
7.137893171e-06	3.745018801e-06	0
7.137893171e-06	3.745018801e-06	10
7.137893171e-06	3.745018801e-06	10
7.137893171e-06	3.745018801e-06	10
7.137893171e-06	3.745018801e-06	10
7.137893171e-06	3.745018801e-06	10
7.137893171e-06	3.745018801e-06	10
7.137893171e-06	3.745018801e-06	10
7.137893171e-06	3.745018801e-06	10
7.137893171e-06	3.745018801e-06	10
7.137893171e-06	3.745018801e-06	10
7.137893171e-06	3.745018801e-06	10
7.137893171e-06	3.745018801e-06	10
7.137893171e-06	3.745018801e-06	10
7.137893171e-06	3.745018801e-06	10
7.137893171e-06	3.745018801e-06	10
7.137893171e-06	3.745018801e-06	10
7.137893171e-06	3.745018801e-06	10
7.137893171e-06	3.745018801e-06	10
7.137893171e-06	3.745018801e-06	10
7.137893171e-06	3.745018801e-06	10
7.137893171e-06	3.745018801e-06	10
7.137893171e-06	3.745018801e-06	10
7.137893171e-06	3.745018801e-06	10
7.137893171e-06	3.745018801e-06	10
7.137893171e-06	3.745018801e-06	10
7.137893171e-06	3.745018801e-06	0
7.147669271e-06	3.730525137e-06	0
7.15744537e-06	3.716031473e-06	0
7.16722147e-06	3.701537809e-06	0
7.17699757e-06	3.687044145e-06	0
7.17699757e-06	3.687044145e-06	10
7.17699757e-06	3.687044145e-06	10
7.17699757e-06	3.687044145e-06	10
7.17699757e-06	3.687044145e-06	10
7.17699757e-06	3.687044145e-06	10
7.17699757e-06	3.687044145e-06	10
7.17699757e-06	3.687044145e-06	10
7.17699757e-06	3.687044145e-06	10
7.17699757e-06	3.687044145e-06	10
7.17699757e-06	3.687044145e-06	10
7.17699757e-06	3.687044145e-06	10
7.17699757e-06	3.687044145e-06	10
7.17699757e-06	3.687044145e-06	10
7.17699757e-06	3.687044145e-06	10
7.17699757e-06	3.687044145e-06	10
7.17699757e-06	3.687044145e-06	10
7.17699757e-06	3.687044145e-06	10
7.17699757e-06	3.687044145e-06	10
7.17699757e-06	3.687044145e-06	10
7.17699757e-06	3.687044145e-06	10
7.17699757e-06	3.687044145e-06	10
7.17699757e-06	3.687044145e-06	10
7.17699757e-06	3.687044145e-06	10
7.17699757e-06	3.687044145e-06	10
7.17699757e-06	3.687044145e-06	10
7.17699757e-06	3.687044145e-06	0
7.186773669e-06	3.672550481e-06	0
7.196549769e-06	3.658056817e-06	0
7.206325869e-06	3.643563154e-06	0
7.216101969e-06	3.62906949e-06	0
7.216101969e-06	3.62906949e-06	10
7.216101969e-06	3.62906949e-06	10
7.216101969e-06	3.62906949e-06	10
7.216101969e-06	3.62906949e-06	10
7.216101969e-06	3.62906949e-06	10
7.216101969e-06	3.62906949e-06	10
7.216101969e-06	3.62906949e-06	10
7.216101969e-06	3.62906949e-06	10
7.216101969e-06	3.62906949e-06	10
7.216101969e-06	3.62906949e-06	10
7.216101969e-06	3.62906949e-06	10
7.216101969e-06	3.62906949e-06	10
7.216101969e-06	3.62906949e-06	10
7.216101969e-06	3.62906949e-06	10
7.216101969e-06	3.62906949e-06	10
7.216101969e-06	3.62906949e-06	10
7.216101969e-06	3.62906949e-06	10
7.216101969e-06	3.62906949e-06	10
7.216101969e-06	3.62906949e-06	10
7.216101969e-06	3.62906949e-06	10
7.216101969e-06	3.62906949e-06	10
7.216101969e-06	3.62906949e-06	10
7.216101969e-06	3.62906949e-06	10
7.216101969e-06	3.62906949e-06	10
7.216101969e-06	3.62906949e-06	10
7.216101969e-06	3.62906949e-06	0
7.225878068e-06	3.614575826e-06	0
7.235654168e-06	3.600082162e-06	0
7.245430268e-06	3.585588498e-06	0
7.255206367e-06	3.571094834e-06	0
7.255206367e-06	3.571094834e-06	10
7.255206367e-06	3.571094834e-06	10
7.255206367e-06	3.571094834e-06	10
7.255206367e-06	3.571094834e-06	10
7.255206367e-06	3.571094834e-06	10
7.255206367e-06	3.571094834e-06	10
7.255206367e-06	3.571094834e-06	10
7.255206367e-06	3.571094834e-06	10
7.255206367e-06	3.571094834e-06	10
7.255206367e-06	3.571094834e-06	10
7.255206367e-06	3.571094834e-06	10
7.255206367e-06	3.571094834e-06	10
7.255206367e-06	3.571094834e-06	10
7.255206367e-06	3.571094834e-06	10
7.255206367e-06	3.571094834e-06	10
7.255206367e-06	3.571094834e-06	10
7.255206367e-06	3.571094834e-06	10
7.255206367e-06	3.571094834e-06	10
7.255206367e-06	3.571094834e-06	10
7.255206367e-06	3.571094834e-06	10
7.255206367e-06	3.571094834e-06	10
7.255206367e-06	3.571094834e-06	10
7.255206367e-06	3.571094834e-06	10
7.255206367e-06	3.571094834e-06	10
7.255206367e-06	3.571094834e-06	10
7.255206367e-06	3.571094834e-06	0
7.264982467e-06	3.55660117e-06	0
7.274758567e-06	3.542107507e-06	0
7.284534667e-06	3.527613843e-06	0
7.294310766e-06	3.513120179e-06	0
7.294310766e-06	3.513120179e-06	10
7.294310766e-06	3.513120179e-06	10
7.294310766e-06	3.513120179e-06	10
7.294310766e-06	3.513120179e-06	10
7.294310766e-06	3.513120179e-06	10
7.294310766e-06	3.513120179e-06	10
7.294310766e-06	3.513120179e-06	10
7.294310766e-06	3.513120179e-06	10
7.294310766e-06	3.513120179e-06	10
7.294310766e-06	3.513120179e-06	10
7.294310766e-06	3.513120179e-06	10
7.294310766e-06	3.513120179e-06	10
7.294310766e-06	3.513120179e-06	10
7.294310766e-06	3.513120179e-06	10
7.294310766e-06	3.513120179e-06	10
7.294310766e-06	3.513120179e-06	10
7.294310766e-06	3.513120179e-06	10
7.294310766e-06	3.513120179e-06	10
7.294310766e-06	3.513120179e-06	10
7.294310766e-06	3.513120179e-06	10
7.294310766e-06	3.513120179e-06	10
7.294310766e-06	3.513120179e-06	10
7.294310766e-06	3.513120179e-06	10
7.294310766e-06	3.513120179e-06	10
7.294310766e-06	3.513120179e-06	10
7.294310766e-06	3.513120179e-06	0
7.304086866e-06	3.498626515e-06	0
7.313862966e-06	3.484132851e-06	0
7.323639065e-06	3.469639187e-06	0
7.333415165e-06	3.455145523e-06	0
7.333415165e-06	3.455145523e-06	10
7.333415165e-06	3.455145523e-06	10
7.333415165e-06	3.455145523e-06	10
7.333415165e-06	3.455145523e-06	10
7.333415165e-06	3.455145523e-06	10
7.333415165e-06	3.455145523e-06	10
7.333415165e-06	3.455145523e-06	10
7.333415165e-06	3.455145523e-06	10
7.333415165e-06	3.455145523e-06	10
7.333415165e-06	3.455145523e-06	10
7.333415165e-06	3.455145523e-06	10
7.333415165e-06	3.455145523e-06	10
7.333415165e-06	3.455145523e-06	10
7.333415165e-06	3.455145523e-06	10
7.333415165e-06	3.455145523e-06	10
7.333415165e-06	3.455145523e-06	10
7.333415165e-06	3.455145523e-06	10
7.333415165e-06	3.455145523e-06	10
7.333415165e-06	3.455145523e-06	10
7.333415165e-06	3.455145523e-06	10
7.333415165e-06	3.455145523e-06	10
7.333415165e-06	3.455145523e-06	10
7.333415165e-06	3.455145523e-06	10
7.333415165e-06	3.455145523e-06	10
7.333415165e-06	3.455145523e-06	10
7.333415165e-06	3.455145523e-06	0
7.343191265e-06	3.44065186e-06	0
7.352967365e-06	3.426158196e-06	0
7.362743464e-06	3.411664532e-06	0
7.372519564e-06	3.397170868e-06	0
7.372519564e-06	3.397170868e-06	10
7.372519564e-06	3.397170868e-06	10
7.372519564e-06	3.397170868e-06	10
7.372519564e-06	3.397170868e-06	10
7.372519564e-06	3.397170868e-06	10
7.372519564e-06	3.397170868e-06	10
7.372519564e-06	3.397170868e-06	10
7.372519564e-06	3.397170868e-06	10
7.372519564e-06	3.397170868e-06	10
7.372519564e-06	3.397170868e-06	10
7.372519564e-06	3.397170868e-06	10
7.372519564e-06	3.397170868e-06	10
7.372519564e-06	3.397170868e-06	10
7.372519564e-06	3.397170868e-06	10
7.372519564e-06	3.397170868e-06	10
7.372519564e-06	3.397170868e-06	10
7.372519564e-06	3.397170868e-06	10
7.372519564e-06	3.397170868e-06	10
7.372519564e-06	3.397170868e-06	10
7.372519564e-06	3.397170868e-06	10
7.372519564e-06	3.397170868e-06	10
7.372519564e-06	3.397170868e-06	10
7.372519564e-06	3.397170868e-06	10
7.372519564e-06	3.397170868e-06	10
7.372519564e-06	3.397170868e-06	10
7.372519564e-06	3.397170868e-06	0
7.382295664e-06	3.382677204e-06	0
7.392071763e-06	3.36818354e-06	0
7.401847863e-06	3.353689876e-06	0
7.411623963e-06	3.339196213e-06	0
7.411623963e-06	3.339196213e-06	10
7.411623963e-06	3.339196213e-06	10
7.411623963e-06	3.339196213e-06	10
7.411623963e-06	3.339196213e-06	10
7.411623963e-06	3.339196213e-06	10
7.411623963e-06	3.339196213e-06	10
7.411623963e-06	3.339196213e-06	10
7.411623963e-06	3.339196213e-06	10
7.411623963e-06	3.339196213e-06	10
7.411623963e-06	3.339196213e-06	10
7.411623963e-06	3.339196213e-06	10
7.411623963e-06	3.339196213e-06	10
7.411623963e-06	3.339196213e-06	10
7.411623963e-06	3.339196213e-06	10
7.411623963e-06	3.339196213e-06	10
7.411623963e-06	3.339196213e-06	10
7.411623963e-06	3.339196213e-06	10
7.411623963e-06	3.339196213e-06	10
7.411623963e-06	3.339196213e-06	10
7.411623963e-06	3.339196213e-06	10
7.411623963e-06	3.339196213e-06	10
7.411623963e-06	3.339196213e-06	10
7.411623963e-06	3.339196213e-06	10
7.411623963e-06	3.339196213e-06	10
7.411623963e-06	3.339196213e-06	10
7.411623963e-06	3.339196213e-06	0
7.421400063e-06	3.324702549e-06	0
7.431176162e-06	3.310208885e-06	0
7.440952262e-06	3.295715221e-06	0
7.450728362e-06	3.281221557e-06	0
7.450728362e-06	3.281221557e-06	10
7.450728362e-06	3.281221557e-06	10
7.450728362e-06	3.281221557e-06	10
7.450728362e-06	3.281221557e-06	10
7.450728362e-06	3.281221557e-06	10
7.450728362e-06	3.281221557e-06	10
7.450728362e-06	3.281221557e-06	10
7.450728362e-06	3.281221557e-06	10
7.450728362e-06	3.281221557e-06	10
7.450728362e-06	3.281221557e-06	10
7.450728362e-06	3.281221557e-06	10
7.450728362e-06	3.281221557e-06	10
7.450728362e-06	3.281221557e-06	10
7.450728362e-06	3.281221557e-06	10
7.450728362e-06	3.281221557e-06	10
7.450728362e-06	3.281221557e-06	10
7.450728362e-06	3.281221557e-06	10
7.450728362e-06	3.281221557e-06	10
7.450728362e-06	3.281221557e-06	10
7.450728362e-06	3.281221557e-06	10
7.450728362e-06	3.281221557e-06	10
7.450728362e-06	3.281221557e-06	10
7.450728362e-06	3.281221557e-06	10
7.450728362e-06	3.281221557e-06	10
7.450728362e-06	3.281221557e-06	10
7.450728362e-06	3.281221557e-06	0
7.460504461e-06	3.266727893e-06	0
7.470280561e-06	3.252234229e-06	0
7.480056661e-06	3.237740566e-06	0
7.489832761e-06	3.223246902e-06	0
7.489832761e-06	3.223246902e-06	10
7.489832761e-06	3.223246902e-06	10
7.489832761e-06	3.223246902e-06	10
7.489832761e-06	3.223246902e-06	10
7.489832761e-06	3.223246902e-06	10
7.489832761e-06	3.223246902e-06	10
7.489832761e-06	3.223246902e-06	10
7.489832761e-06	3.223246902e-06	10
7.489832761e-06	3.223246902e-06	10
7.489832761e-06	3.223246902e-06	10
7.489832761e-06	3.223246902e-06	10
7.489832761e-06	3.223246902e-06	10
7.489832761e-06	3.223246902e-06	10
7.489832761e-06	3.223246902e-06	10
7.489832761e-06	3.223246902e-06	10
7.489832761e-06	3.223246902e-06	10
7.489832761e-06	3.223246902e-06	10
7.489832761e-06	3.223246902e-06	10
7.489832761e-06	3.223246902e-06	10
7.489832761e-06	3.223246902e-06	10
7.489832761e-06	3.223246902e-06	10
7.489832761e-06	3.223246902e-06	10
7.489832761e-06	3.223246902e-06	10
7.489832761e-06	3.223246902e-06	10
7.489832761e-06	3.223246902e-06	10
7.489832761e-06	3.223246902e-06	0
7.49960886e-06	3.208753238e-06	0
7.50938496e-06	3.194259574e-06	0
7.51916106e-06	3.17976591e-06	0
7.528937159e-06	3.165272246e-06	0
7.528937159e-06	3.165272246e-06	10
7.528937159e-06	3.165272246e-06	10
7.528937159e-06	3.165272246e-06	10
7.528937159e-06	3.165272246e-06	10
7.528937159e-06	3.165272246e-06	10
7.528937159e-06	3.165272246e-06	10
7.528937159e-06	3.165272246e-06	10
7.528937159e-06	3.165272246e-06	10
7.528937159e-06	3.165272246e-06	10
7.528937159e-06	3.165272246e-06	10
7.528937159e-06	3.165272246e-06	10
7.528937159e-06	3.165272246e-06	10
7.528937159e-06	3.165272246e-06	10
7.528937159e-06	3.165272246e-06	10
7.528937159e-06	3.165272246e-06	10
7.528937159e-06	3.165272246e-06	10
7.528937159e-06	3.165272246e-06	10
7.528937159e-06	3.165272246e-06	10
7.528937159e-06	3.165272246e-06	10
7.528937159e-06	3.165272246e-06	10
7.528937159e-06	3.165272246e-06	10
7.528937159e-06	3.165272246e-06	10
7.528937159e-06	3.165272246e-06	10
7.528937159e-06	3.165272246e-06	10
7.528937159e-06	3.165272246e-06	10
7.528937159e-06	3.165272246e-06	0
7.538713259e-06	3.150778582e-06	0
7.548489359e-06	3.136284919e-06	0
7.558265459e-06	3.121791255e-06	0
7.568041558e-06	3.107297591e-06	0
7.568041558e-06	3.107297591e-06	10
7.568041558e-06	3.107297591e-06	10
7.568041558e-06	3.107297591e-06	10
7.568041558e-06	3.107297591e-06	10
7.568041558e-06	3.107297591e-06	10
7.568041558e-06	3.107297591e-06	10
7.568041558e-06	3.107297591e-06	10
7.568041558e-06	3.107297591e-06	10
7.568041558e-06	3.107297591e-06	10
7.568041558e-06	3.107297591e-06	10
7.568041558e-06	3.107297591e-06	10
7.568041558e-06	3.107297591e-06	10
7.568041558e-06	3.107297591e-06	10
7.568041558e-06	3.107297591e-06	10
7.568041558e-06	3.107297591e-06	10
7.568041558e-06	3.107297591e-06	10
7.568041558e-06	3.107297591e-06	10
7.568041558e-06	3.107297591e-06	10
7.568041558e-06	3.107297591e-06	10
7.568041558e-06	3.107297591e-06	10
7.568041558e-06	3.107297591e-06	10
7.568041558e-06	3.107297591e-06	10
7.568041558e-06	3.107297591e-06	10
7.568041558e-06	3.107297591e-06	10
7.568041558e-06	3.107297591e-06	10
7.568041558e-06	3.107297591e-06	0
7.577817658e-06	3.092803927e-06	0
7.587593758e-06	3.078310263e-06	0
7.597369857e-06	3.063816599e-06	0
7.607145957e-06	3.049322935e-06	0
7.607145957e-06	3.049322935e-06	10
7.607145957e-06	3.049322935e-06	10
7.607145957e-06	3.049322935e-06	10
7.607145957e-06	3.049322935e-06	10
7.607145957e-06	3.049322935e-06	10
7.607145957e-06	3.049322935e-06	10
7.607145957e-06	3.049322935e-06	10
7.607145957e-06	3.049322935e-06	10
7.607145957e-06	3.049322935e-06	10
7.607145957e-06	3.049322935e-06	10
7.607145957e-06	3.049322935e-06	10
7.607145957e-06	3.049322935e-06	10
7.607145957e-06	3.049322935e-06	10
7.607145957e-06	3.049322935e-06	10
7.607145957e-06	3.049322935e-06	10
7.607145957e-06	3.049322935e-06	10
7.607145957e-06	3.049322935e-06	10
7.607145957e-06	3.049322935e-06	10
7.607145957e-06	3.049322935e-06	10
7.607145957e-06	3.049322935e-06	10
7.607145957e-06	3.049322935e-06	10
7.607145957e-06	3.049322935e-06	10
7.607145957e-06	3.049322935e-06	10
7.607145957e-06	3.049322935e-06	10
7.607145957e-06	3.049322935e-06	10
7.607145957e-06	3.049322935e-06	0
7.592652293e-06	3.039546836e-06	0
7.578158629e-06	3.029770736e-06	0
7.563664965e-06	3.019994636e-06	0
7.549171302e-06	3.010218537e-06	0
7.549171302e-06	3.010218537e-06	-10
7.549171302e-06	3.010218537e-06	-10
7.549171302e-06	3.010218537e-06	-10
7.549171302e-06	3.010218537e-06	-10
7.549171302e-06	3.010218537e-06	-10
7.549171302e-06	3.010218537e-06	-10
7.549171302e-06	3.010218537e-06	-10
7.549171302e-06	3.010218537e-06	-10
7.549171302e-06	3.010218537e-06	-10
7.549171302e-06	3.010218537e-06	-10
7.549171302e-06	3.010218537e-06	-10
7.549171302e-06	3.010218537e-06	-10
7.549171302e-06	3.010218537e-06	-10
7.549171302e-06	3.010218537e-06	-10
7.549171302e-06	3.010218537e-06	-10
7.549171302e-06	3.010218537e-06	-10
7.549171302e-06	3.010218537e-06	-10
7.549171302e-06	3.010218537e-06	-10
7.549171302e-06	3.010218537e-06	-10
7.549171302e-06	3.010218537e-06	-10
7.549171302e-06	3.010218537e-06	-10
7.549171302e-06	3.010218537e-06	-10
7.549171302e-06	3.010218537e-06	-10
7.549171302e-06	3.010218537e-06	-10
7.549171302e-06	3.010218537e-06	-10
7.549171302e-06	3.010218537e-06	0
7.539395202e-06	3.0247122e-06	0
7.529619102e-06	3.039205864e-06	0
7.519843003e-06	3.053699528e-06	0
7.510066903e-06	3.068193192e-06	0
7.510066903e-06	3.068193192e-06	-10
7.510066903e-06	3.068193192e-06	-10
7.510066903e-06	3.068193192e-06	-10
7.510066903e-06	3.068193192e-06	-10
7.510066903e-06	3.068193192e-06	-10
7.510066903e-06	3.068193192e-06	-10
7.510066903e-06	3.068193192e-06	-10
7.510066903e-06	3.068193192e-06	-10
7.510066903e-06	3.068193192e-06	-10
7.510066903e-06	3.068193192e-06	-10
7.510066903e-06	3.068193192e-06	-10
7.510066903e-06	3.068193192e-06	-10
7.510066903e-06	3.068193192e-06	-10
7.510066903e-06	3.068193192e-06	-10
7.510066903e-06	3.068193192e-06	-10
7.510066903e-06	3.068193192e-06	-10
7.510066903e-06	3.068193192e-06	-10
7.510066903e-06	3.068193192e-06	-10
7.510066903e-06	3.068193192e-06	-10
7.510066903e-06	3.068193192e-06	-10
7.510066903e-06	3.068193192e-06	-10
7.510066903e-06	3.068193192e-06	-10
7.510066903e-06	3.068193192e-06	-10
7.510066903e-06	3.068193192e-06	-10
7.510066903e-06	3.068193192e-06	-10
7.510066903e-06	3.068193192e-06	0
7.500290803e-06	3.082686856e-06	0
7.490514703e-06	3.09718052e-06	0
7.480738604e-06	3.111674184e-06	0
7.470962504e-06	3.126167847e-06	0
7.470962504e-06	3.126167847e-06	-10
7.470962504e-06	3.126167847e-06	-10
7.470962504e-06	3.126167847e-06	-10
7.470962504e-06	3.126167847e-06	-10
7.470962504e-06	3.126167847e-06	-10
7.470962504e-06	3.126167847e-06	-10
7.470962504e-06	3.126167847e-06	-10
7.470962504e-06	3.126167847e-06	-10
7.470962504e-06	3.126167847e-06	-10
7.470962504e-06	3.126167847e-06	-10
7.470962504e-06	3.126167847e-06	-10
7.470962504e-06	3.126167847e-06	-10
7.470962504e-06	3.126167847e-06	-10
7.470962504e-06	3.126167847e-06	-10
7.470962504e-06	3.126167847e-06	-10
7.470962504e-06	3.126167847e-06	-10
7.470962504e-06	3.126167847e-06	-10
7.470962504e-06	3.126167847e-06	-10
7.470962504e-06	3.126167847e-06	-10
7.470962504e-06	3.126167847e-06	-10
7.470962504e-06	3.126167847e-06	-10
7.470962504e-06	3.126167847e-06	-10
7.470962504e-06	3.126167847e-06	-10
7.470962504e-06	3.126167847e-06	-10
7.470962504e-06	3.126167847e-06	-10
7.470962504e-06	3.126167847e-06	0
7.461186404e-06	3.140661511e-06	0
7.451410305e-06	3.155155175e-06	0
7.441634205e-06	3.169648839e-06	0
7.431858105e-06	3.184142503e-06	0
7.431858105e-06	3.184142503e-06	-10
7.431858105e-06	3.184142503e-06	-10
7.431858105e-06	3.184142503e-06	-10
7.431858105e-06	3.184142503e-06	-10
7.431858105e-06	3.184142503e-06	-10
7.431858105e-06	3.184142503e-06	-10
7.431858105e-06	3.184142503e-06	-10
7.431858105e-06	3.184142503e-06	-10
7.431858105e-06	3.184142503e-06	-10
7.431858105e-06	3.184142503e-06	-10
7.431858105e-06	3.184142503e-06	-10
7.431858105e-06	3.184142503e-06	-10
7.431858105e-06	3.184142503e-06	-10
7.431858105e-06	3.184142503e-06	-10
7.431858105e-06	3.184142503e-06	-10
7.431858105e-06	3.184142503e-06	-10
7.431858105e-06	3.184142503e-06	-10
7.431858105e-06	3.184142503e-06	-10
7.431858105e-06	3.184142503e-06	-10
7.431858105e-06	3.184142503e-06	-10
7.431858105e-06	3.184142503e-06	-10
7.431858105e-06	3.184142503e-06	-10
7.431858105e-06	3.184142503e-06	-10
7.431858105e-06	3.184142503e-06	-10
7.431858105e-06	3.184142503e-06	-10
7.431858105e-06	3.184142503e-06	0
7.422082005e-06	3.198636167e-06	0
7.412305906e-06	3.213129831e-06	0
7.402529806e-06	3.227623494e-06	0
7.392753706e-06	3.242117158e-06	0
7.392753706e-06	3.242117158e-06	-10
7.392753706e-06	3.242117158e-06	-10
7.392753706e-06	3.242117158e-06	-10
7.392753706e-06	3.242117158e-06	-10
7.392753706e-06	3.242117158e-06	-10
7.392753706e-06	3.242117158e-06	-10
7.392753706e-06	3.242117158e-06	-10
7.392753706e-06	3.242117158e-06	-10
7.392753706e-06	3.242117158e-06	-10
7.392753706e-06	3.242117158e-06	-10
7.392753706e-06	3.242117158e-06	-10
7.392753706e-06	3.242117158e-06	-10
7.392753706e-06	3.242117158e-06	-10
7.392753706e-06	3.242117158e-06	-10
7.392753706e-06	3.242117158e-06	-10
7.392753706e-06	3.242117158e-06	-10
7.392753706e-06	3.242117158e-06	-10
7.392753706e-06	3.242117158e-06	-10
7.392753706e-06	3.242117158e-06	-10
7.392753706e-06	3.242117158e-06	-10
7.392753706e-06	3.242117158e-06	-10
7.392753706e-06	3.242117158e-06	-10
7.392753706e-06	3.242117158e-06	-10
7.392753706e-06	3.242117158e-06	-10
7.392753706e-06	3.242117158e-06	-10
7.392753706e-06	3.242117158e-06	0
7.382977607e-06	3.256610822e-06	0
7.373201507e-06	3.271104486e-06	0
7.363425407e-06	3.28559815e-06	0
7.353649307e-06	3.300091814e-06	0
7.353649307e-06	3.300091814e-06	-10
7.353649307e-06	3.300091814e-06	-10
7.353649307e-06	3.300091814e-06	-10
7.353649307e-06	3.300091814e-06	-10
7.353649307e-06	3.300091814e-06	-10
7.353649307e-06	3.300091814e-06	-10
7.353649307e-06	3.300091814e-06	-10
7.353649307e-06	3.300091814e-06	-10
7.353649307e-06	3.300091814e-06	-10
7.353649307e-06	3.300091814e-06	-10
7.353649307e-06	3.300091814e-06	-10
7.353649307e-06	3.300091814e-06	-10
7.353649307e-06	3.300091814e-06	-10
7.353649307e-06	3.300091814e-06	-10
7.353649307e-06	3.300091814e-06	-10
7.353649307e-06	3.300091814e-06	-10
7.353649307e-06	3.300091814e-06	-10
7.353649307e-06	3.300091814e-06	-10
7.353649307e-06	3.300091814e-06	-10
7.353649307e-06	3.300091814e-06	-10
7.353649307e-06	3.300091814e-06	-10
7.353649307e-06	3.300091814e-06	-10
7.353649307e-06	3.300091814e-06	-10
7.353649307e-06	3.300091814e-06	-10
7.353649307e-06	3.300091814e-06	-10
7.353649307e-06	3.300091814e-06	0
7.343873208e-06	3.314585478e-06	0
7.334097108e-06	3.329079141e-06	0
7.324321008e-06	3.343572805e-06	0
7.314544909e-06	3.358066469e-06	0
7.314544909e-06	3.358066469e-06	-10
7.314544909e-06	3.358066469e-06	-10
7.314544909e-06	3.358066469e-06	-10
7.314544909e-06	3.358066469e-06	-10
7.314544909e-06	3.358066469e-06	-10
7.314544909e-06	3.358066469e-06	-10
7.314544909e-06	3.358066469e-06	-10
7.314544909e-06	3.358066469e-06	-10
7.314544909e-06	3.358066469e-06	-10
7.314544909e-06	3.358066469e-06	-10
7.314544909e-06	3.358066469e-06	-10
7.314544909e-06	3.358066469e-06	-10
7.314544909e-06	3.358066469e-06	-10
7.314544909e-06	3.358066469e-06	-10
7.314544909e-06	3.358066469e-06	-10
7.314544909e-06	3.358066469e-06	-10
7.314544909e-06	3.358066469e-06	-10
7.314544909e-06	3.358066469e-06	-10
7.314544909e-06	3.358066469e-06	-10
7.314544909e-06	3.358066469e-06	-10
7.314544909e-06	3.358066469e-06	-10
7.314544909e-06	3.358066469e-06	-10
7.314544909e-06	3.358066469e-06	-10
7.314544909e-06	3.358066469e-06	-10
7.314544909e-06	3.358066469e-06	-10
7.314544909e-06	3.358066469e-06	0
7.304768809e-06	3.372560133e-06	0
7.294992709e-06	3.387053797e-06	0
7.285216609e-06	3.401547461e-06	0
7.27544051e-06	3.416041125e-06	0
7.27544051e-06	3.416041125e-06	-10
7.27544051e-06	3.416041125e-06	-10
7.27544051e-06	3.416041125e-06	-10
7.27544051e-06	3.416041125e-06	-10
7.27544051e-06	3.416041125e-06	-10
7.27544051e-06	3.416041125e-06	-10
7.27544051e-06	3.416041125e-06	-10
7.27544051e-06	3.416041125e-06	-10
7.27544051e-06	3.416041125e-06	-10
7.27544051e-06	3.416041125e-06	-10
7.27544051e-06	3.416041125e-06	-10
7.27544051e-06	3.416041125e-06	-10
7.27544051e-06	3.416041125e-06	-10
7.27544051e-06	3.416041125e-06	-10
7.27544051e-06	3.416041125e-06	-10
7.27544051e-06	3.416041125e-06	-10
7.27544051e-06	3.416041125e-06	-10
7.27544051e-06	3.416041125e-06	-10
7.27544051e-06	3.416041125e-06	-10
7.27544051e-06	3.416041125e-06	-10
7.27544051e-06	3.416041125e-06	-10
7.27544051e-06	3.416041125e-06	-10
7.27544051e-06	3.416041125e-06	-10
7.27544051e-06	3.416041125e-06	-10
7.27544051e-06	3.416041125e-06	-10
7.27544051e-06	3.416041125e-06	0
7.26566441e-06	3.430534788e-06	0
7.25588831e-06	3.445028452e-06	0
7.246112211e-06	3.459522116e-06	0
7.236336111e-06	3.47401578e-06	0
7.236336111e-06	3.47401578e-06	-10
7.236336111e-06	3.47401578e-06	-10
7.236336111e-06	3.47401578e-06	-10
7.236336111e-06	3.47401578e-06	-10
7.236336111e-06	3.47401578e-06	-10
7.236336111e-06	3.47401578e-06	-10
7.236336111e-06	3.47401578e-06	-10
7.236336111e-06	3.47401578e-06	-10
7.236336111e-06	3.47401578e-06	-10
7.236336111e-06	3.47401578e-06	-10
7.236336111e-06	3.47401578e-06	-10
7.236336111e-06	3.47401578e-06	-10
7.236336111e-06	3.47401578e-06	-10
7.236336111e-06	3.47401578e-06	-10
7.236336111e-06	3.47401578e-06	-10
7.236336111e-06	3.47401578e-06	-10
7.236336111e-06	3.47401578e-06	-10
7.236336111e-06	3.47401578e-06	-10
7.236336111e-06	3.47401578e-06	-10
7.236336111e-06	3.47401578e-06	-10
7.236336111e-06	3.47401578e-06	-10
7.236336111e-06	3.47401578e-06	-10
7.236336111e-06	3.47401578e-06	-10
7.236336111e-06	3.47401578e-06	-10
7.236336111e-06	3.47401578e-06	-10
7.236336111e-06	3.47401578e-06	0
7.226560011e-06	3.488509444e-06	0
7.216783911e-06	3.503003108e-06	0
7.207007812e-06	3.517496772e-06	0
7.197231712e-06	3.531990435e-06	0
7.197231712e-06	3.531990435e-06	-10
7.197231712e-06	3.531990435e-06	-10
7.197231712e-06	3.531990435e-06	-10
7.197231712e-06	3.531990435e-06	-10
7.197231712e-06	3.531990435e-06	-10
7.197231712e-06	3.531990435e-06	-10
7.197231712e-06	3.531990435e-06	-10
7.197231712e-06	3.531990435e-06	-10
7.197231712e-06	3.531990435e-06	-10
7.197231712e-06	3.531990435e-06	-10
7.197231712e-06	3.531990435e-06	-10
7.197231712e-06	3.531990435e-06	-10
7.197231712e-06	3.531990435e-06	-10
7.197231712e-06	3.531990435e-06	-10
7.197231712e-06	3.531990435e-06	-10
7.197231712e-06	3.531990435e-06	-10
7.197231712e-06	3.531990435e-06	-10
7.197231712e-06	3.531990435e-06	-10
7.197231712e-06	3.531990435e-06	-10
7.197231712e-06	3.531990435e-06	-10
7.197231712e-06	3.531990435e-06	-10
7.197231712e-06	3.531990435e-06	-10
7.197231712e-06	3.531990435e-06	-10
7.197231712e-06	3.531990435e-06	-10
7.197231712e-06	3.531990435e-06	-10
7.197231712e-06	3.531990435e-06	0
7.187455612e-06	3.546484099e-06	0
7.177679513e-06	3.560977763e-06	0
7.167903413e-06	3.575471427e-06	0
7.158127313e-06	3.589965091e-06	0
7.158127313e-06	3.589965091e-06	-10
7.158127313e-06	3.589965091e-06	-10
7.158127313e-06	3.589965091e-06	-10
7.158127313e-06	3.589965091e-06	-10
7.158127313e-06	3.589965091e-06	-10
7.158127313e-06	3.589965091e-06	-10
7.158127313e-06	3.589965091e-06	-10
7.158127313e-06	3.589965091e-06	-10
7.158127313e-06	3.589965091e-06	-10
7.158127313e-06	3.589965091e-06	-10
7.158127313e-06	3.589965091e-06	-10
7.158127313e-06	3.589965091e-06	-10
7.158127313e-06	3.589965091e-06	-10
7.158127313e-06	3.589965091e-06	-10
7.158127313e-06	3.589965091e-06	-10
7.158127313e-06	3.589965091e-06	-10
7.158127313e-06	3.589965091e-06	-10
7.158127313e-06	3.589965091e-06	-10
7.158127313e-06	3.589965091e-06	-10
7.158127313e-06	3.589965091e-06	-10
7.158127313e-06	3.589965091e-06	-10
7.158127313e-06	3.589965091e-06	-10
7.158127313e-06	3.589965091e-06	-10
7.158127313e-06	3.589965091e-06	-10
7.158127313e-06	3.589965091e-06	-10
7.158127313e-06	3.589965091e-06	0
7.148351213e-06	3.604458755e-06	0
7.138575114e-06	3.618952419e-06	0
7.128799014e-06	3.633446082e-06	0
7.119022914e-06	3.647939746e-06	0
7.119022914e-06	3.647939746e-06	-10
7.119022914e-06	3.647939746e-06	-10
7.119022914e-06	3.647939746e-06	-10
7.119022914e-06	3.647939746e-06	-10
7.119022914e-06	3.647939746e-06	-10
7.119022914e-06	3.647939746e-06	-10
7.119022914e-06	3.647939746e-06	-10
7.119022914e-06	3.647939746e-06	-10
7.119022914e-06	3.647939746e-06	-10
7.119022914e-06	3.647939746e-06	-10
7.119022914e-06	3.647939746e-06	-10
7.119022914e-06	3.647939746e-06	-10
7.119022914e-06	3.647939746e-06	-10
7.119022914e-06	3.647939746e-06	-10
7.119022914e-06	3.647939746e-06	-10
7.119022914e-06	3.647939746e-06	-10
7.119022914e-06	3.647939746e-06	-10
7.119022914e-06	3.647939746e-06	-10
7.119022914e-06	3.647939746e-06	-10
7.119022914e-06	3.647939746e-06	-10
7.119022914e-06	3.647939746e-06	-10
7.119022914e-06	3.647939746e-06	-10
7.119022914e-06	3.647939746e-06	-10
7.119022914e-06	3.647939746e-06	-10
7.119022914e-06	3.647939746e-06	-10
7.119022914e-06	3.647939746e-06	0
7.109246815e-06	3.66243341e-06	0
7.099470715e-06	3.676927074e-06	0
7.089694615e-06	3.691420738e-06	0
7.079918516e-06	3.705914402e-06	0
7.079918516e-06	3.705914402e-06	-10
7.079918516e-06	3.705914402e-06	-10
7.079918516e-06	3.705914402e-06	-10
7.079918516e-06	3.705914402e-06	-10
7.079918516e-06	3.705914402e-06	-10
7.079918516e-06	3.705914402e-06	-10
7.079918516e-06	3.705914402e-06	-10
7.079918516e-06	3.705914402e-06	-10
7.079918516e-06	3.705914402e-06	-10
7.079918516e-06	3.705914402e-06	-10
7.079918516e-06	3.705914402e-06	-10
7.079918516e-06	3.705914402e-06	-10
7.079918516e-06	3.705914402e-06	-10
7.079918516e-06	3.705914402e-06	-10
7.079918516e-06	3.705914402e-06	-10
7.079918516e-06	3.705914402e-06	-10
7.079918516e-06	3.705914402e-06	-10
7.079918516e-06	3.705914402e-06	-10
7.079918516e-06	3.705914402e-06	-10
7.079918516e-06	3.705914402e-06	-10
7.079918516e-06	3.705914402e-06	-10
7.079918516e-06	3.705914402e-06	-10
7.079918516e-06	3.705914402e-06	-10
7.079918516e-06	3.705914402e-06	-10
7.079918516e-06	3.705914402e-06	-10
7.079918516e-06	3.705914402e-06	0
7.070142416e-06	3.720408066e-06	0
7.060366316e-06	3.734901729e-06	0
7.050590216e-06	3.749395393e-06	0
7.040814117e-06	3.763889057e-06	0
7.040814117e-06	3.763889057e-06	-10
7.040814117e-06	3.763889057e-06	-10
7.040814117e-06	3.763889057e-06	-10
7.040814117e-06	3.763889057e-06	-10
7.040814117e-06	3.763889057e-06	-10
7.040814117e-06	3.763889057e-06	-10
7.040814117e-06	3.763889057e-06	-10
7.040814117e-06	3.763889057e-06	-10
7.040814117e-06	3.763889057e-06	-10
7.040814117e-06	3.763889057e-06	-10
7.040814117e-06	3.763889057e-06	-10
7.040814117e-06	3.763889057e-06	-10
7.040814117e-06	3.763889057e-06	-10
7.040814117e-06	3.763889057e-06	-10
7.040814117e-06	3.763889057e-06	-10
7.040814117e-06	3.763889057e-06	-10
7.040814117e-06	3.763889057e-06	-10
7.040814117e-06	3.763889057e-06	-10
7.040814117e-06	3.763889057e-06	-10
7.040814117e-06	3.763889057e-06	-10
7.040814117e-06	3.763889057e-06	-10
7.040814117e-06	3.763889057e-06	-10
7.040814117e-06	3.763889057e-06	-10
7.040814117e-06	3.763889057e-06	-10
7.040814117e-06	3.763889057e-06	-10
7.040814117e-06	3.763889057e-06	0
7.031038017e-06	3.778382721e-06	0
7.021261917e-06	3.792876385e-06	0
7.011485818e-06	3.807370049e-06	0
7.001709718e-06	3.821863713e-06	0
7.001709718e-06	3.821863713e-06	-10
7.001709718e-06	3.821863713e-06	-10
7.001709718e-06	3.821863713e-06	-10
7.001709718e-06	3.821863713e-06	-10
7.001709718e-06	3.821863713e-06	-10
7.001709718e-06	3.821863713e-06	-10
7.001709718e-06	3.821863713e-06	-10
7.001709718e-06	3.821863713e-06	-10
7.001709718e-06	3.821863713e-06	-10
7.001709718e-06	3.821863713e-06	-10
7.001709718e-06	3.821863713e-06	-10
7.001709718e-06	3.821863713e-06	-10
7.001709718e-06	3.821863713e-06	-10
7.001709718e-06	3.821863713e-06	-10
7.001709718e-06	3.821863713e-06	-10
7.001709718e-06	3.821863713e-06	-10
7.001709718e-06	3.821863713e-06	-10
7.001709718e-06	3.821863713e-06	-10
7.001709718e-06	3.821863713e-06	-10
7.001709718e-06	3.821863713e-06	-10
7.001709718e-06	3.821863713e-06	-10
7.001709718e-06	3.821863713e-06	-10
7.001709718e-06	3.821863713e-06	-10
7.001709718e-06	3.821863713e-06	-10
7.001709718e-06	3.821863713e-06	-10
7.001709718e-06	3.821863713e-06	0
6.991933618e-06	3.836357376e-06	0
6.982157518e-06	3.85085104e-06	0
6.972381419e-06	3.865344704e-06	0
6.962605319e-06	3.879838368e-06	0
6.962605319e-06	3.879838368e-06	-10
6.962605319e-06	3.879838368e-06	-10
6.962605319e-06	3.879838368e-06	-10
6.962605319e-06	3.879838368e-06	-10
6.962605319e-06	3.879838368e-06	-10
6.962605319e-06	3.879838368e-06	-10
6.962605319e-06	3.879838368e-06	-10
6.962605319e-06	3.879838368e-06	-10
6.962605319e-06	3.879838368e-06	-10
6.962605319e-06	3.879838368e-06	-10
6.962605319e-06	3.879838368e-06	-10
6.962605319e-06	3.879838368e-06	-10
6.962605319e-06	3.879838368e-06	-10
6.962605319e-06	3.879838368e-06	-10
6.962605319e-06	3.879838368e-06	-10
6.962605319e-06	3.879838368e-06	-10
6.962605319e-06	3.879838368e-06	-10
6.962605319e-06	3.879838368e-06	-10
6.962605319e-06	3.879838368e-06	-10
6.962605319e-06	3.879838368e-06	-10
6.962605319e-06	3.879838368e-06	-10
6.962605319e-06	3.879838368e-06	-10
6.962605319e-06	3.879838368e-06	-10
6.962605319e-06	3.879838368e-06	-10
6.962605319e-06	3.879838368e-06	-10
6.962605319e-06	3.879838368e-06	0
6.952829219e-06	3.894332032e-06	0
6.94305312e-06	3.908825696e-06	0
6.93327702e-06	3.923319359e-06	0
6.92350092e-06	3.937813023e-06	0
6.92350092e-06	3.937813023e-06	-10
6.92350092e-06	3.937813023e-06	-10
6.92350092e-06	3.937813023e-06	-10
6.92350092e-06	3.937813023e-06	-10
6.92350092e-06	3.937813023e-06	-10
6.92350092e-06	3.937813023e-06	-10
6.92350092e-06	3.937813023e-06	-10
6.92350092e-06	3.937813023e-06	-10
6.92350092e-06	3.937813023e-06	-10
6.92350092e-06	3.937813023e-06	-10
6.92350092e-06	3.937813023e-06	-10
6.92350092e-06	3.937813023e-06	-10
6.92350092e-06	3.937813023e-06	-10
6.92350092e-06	3.937813023e-06	-10
6.92350092e-06	3.937813023e-06	-10
6.92350092e-06	3.937813023e-06	-10
6.92350092e-06	3.937813023e-06	-10
6.92350092e-06	3.937813023e-06	-10
6.92350092e-06	3.937813023e-06	-10
6.92350092e-06	3.937813023e-06	-10
6.92350092e-06	3.937813023e-06	-10
6.92350092e-06	3.937813023e-06	-10
6.92350092e-06	3.937813023e-06	-10
6.92350092e-06	3.937813023e-06	-10
6.92350092e-06	3.937813023e-06	-10
6.92350092e-06	3.937813023e-06	0
6.91372482e-06	3.952306687e-06	0
6.903948721e-06	3.966800351e-06	0
6.894172621e-06	3.981294015e-06	0
6.884396521e-06	3.995787679e-06	0
6.884396521e-06	3.995787679e-06	-10
6.884396521e-06	3.995787679e-06	-10
6.884396521e-06	3.995787679e-06	-10
6.884396521e-06	3.995787679e-06	-10
6.884396521e-06	3.995787679e-06	-10
6.884396521e-06	3.995787679e-06	-10
6.884396521e-06	3.995787679e-06	-10
6.884396521e-06	3.995787679e-06	-10
6.884396521e-06	3.995787679e-06	-10
6.884396521e-06	3.995787679e-06	-10
6.884396521e-06	3.995787679e-06	-10
6.884396521e-06	3.995787679e-06	-10
6.884396521e-06	3.995787679e-06	-10
6.884396521e-06	3.995787679e-06	-10
6.884396521e-06	3.995787679e-06	-10
6.884396521e-06	3.995787679e-06	-10
6.884396521e-06	3.995787679e-06	-10
6.884396521e-06	3.995787679e-06	-10
6.884396521e-06	3.995787679e-06	-10
6.884396521e-06	3.995787679e-06	-10
6.884396521e-06	3.995787679e-06	-10
6.884396521e-06	3.995787679e-06	-10
6.884396521e-06	3.995787679e-06	-10
6.884396521e-06	3.995787679e-06	-10
6.884396521e-06	3.995787679e-06	-10
6.884396521e-06	3.995787679e-06	0
6.874620422e-06	4.010281343e-06	0
6.864844322e-06	4.024775006e-06	0
6.855068222e-06	4.03926867e-06	0
6.845292122e-06	4.053762334e-06	0
6.845292122e-06	4.053762334e-06	-10
6.845292122e-06	4.053762334e-06	-10
6.845292122e-06	4.053762334e-06	-10
6.845292122e-06	4.053762334e-06	-10
6.845292122e-06	4.053762334e-06	-10
6.845292122e-06	4.053762334e-06	-10
6.845292122e-06	4.053762334e-06	-10
6.845292122e-06	4.053762334e-06	-10
6.845292122e-06	4.053762334e-06	-10
6.845292122e-06	4.053762334e-06	-10
6.845292122e-06	4.053762334e-06	-10
6.845292122e-06	4.053762334e-06	-10
6.845292122e-06	4.053762334e-06	-10
6.845292122e-06	4.053762334e-06	-10
6.845292122e-06	4.053762334e-06	-10
6.845292122e-06	4.053762334e-06	-10
6.845292122e-06	4.053762334e-06	-10
6.845292122e-06	4.053762334e-06	-10
6.845292122e-06	4.053762334e-06	-10
6.845292122e-06	4.053762334e-06	-10
6.845292122e-06	4.053762334e-06	-10
6.845292122e-06	4.053762334e-06	-10
6.845292122e-06	4.053762334e-06	-10
6.845292122e-06	4.053762334e-06	-10
6.845292122e-06	4.053762334e-06	-10
6.845292122e-06	4.053762334e-06	0
6.835516023e-06	4.068255998e-06	0
6.825739923e-06	4.082749662e-06	0
6.815963823e-06	4.097243326e-06	0
6.806187724e-06	4.11173699e-06	0
6.806187724e-06	4.11173699e-06	-10
6.806187724e-06	4.11173699e-06	-10
6.806187724e-06	4.11173699e-06	-10
6.806187724e-06	4.11173699e-06	-10
6.806187724e-06	4.11173699e-06	-10
6.806187724e-06	4.11173699e-06	-10
6.806187724e-06	4.11173699e-06	-10
6.806187724e-06	4.11173699e-06	-10
6.806187724e-06	4.11173699e-06	-10
6.806187724e-06	4.11173699e-06	-10
6.806187724e-06	4.11173699e-06	-10
6.806187724e-06	4.11173699e-06	-10
6.806187724e-06	4.11173699e-06	-10
6.806187724e-06	4.11173699e-06	-10
6.806187724e-06	4.11173699e-06	-10
6.806187724e-06	4.11173699e-06	-10
6.806187724e-06	4.11173699e-06	-10
6.806187724e-06	4.11173699e-06	-10
6.806187724e-06	4.11173699e-06	-10
6.806187724e-06	4.11173699e-06	-10
6.806187724e-06	4.11173699e-06	-10
6.806187724e-06	4.11173699e-06	-10
6.806187724e-06	4.11173699e-06	-10
6.806187724e-06	4.11173699e-06	-10
6.806187724e-06	4.11173699e-06	-10
6.806187724e-06	4.11173699e-06	0
6.79169406e-06	4.10196089e-06	0
6.777200396e-06	4.09218479e-06	0
6.762706732e-06	4.08240869e-06	0
6.748213068e-06	4.072632591e-06	0
6.748213068e-06	4.072632591e-06	-10
6.748213068e-06	4.072632591e-06	-10
6.748213068e-06	4.072632591e-06	-10
6.748213068e-06	4.072632591e-06	-10
6.748213068e-06	4.072632591e-06	-10
6.748213068e-06	4.072632591e-06	-10
6.748213068e-06	4.072632591e-06	-10
6.748213068e-06	4.072632591e-06	-10
6.748213068e-06	4.072632591e-06	-10
6.748213068e-06	4.072632591e-06	-10
6.748213068e-06	4.072632591e-06	-10
6.748213068e-06	4.072632591e-06	-10
6.748213068e-06	4.072632591e-06	-10
6.748213068e-06	4.072632591e-06	-10
6.748213068e-06	4.072632591e-06	-10
6.748213068e-06	4.072632591e-06	-10
6.748213068e-06	4.072632591e-06	-10
6.748213068e-06	4.072632591e-06	-10
6.748213068e-06	4.072632591e-06	-10
6.748213068e-06	4.072632591e-06	-10
6.748213068e-06	4.072632591e-06	-10
6.748213068e-06	4.072632591e-06	-10
6.748213068e-06	4.072632591e-06	-10
6.748213068e-06	4.072632591e-06	-10
6.748213068e-06	4.072632591e-06	-10
6.748213068e-06	4.072632591e-06	0
6.757989168e-06	4.058138927e-06	0
6.767765268e-06	4.043645263e-06	0
6.777541367e-06	4.029151599e-06	0
6.787317467e-06	4.014657935e-06	0
6.787317467e-06	4.014657935e-06	-10
6.787317467e-06	4.014657935e-06	-10
6.787317467e-06	4.014657935e-06	-10
6.787317467e-06	4.014657935e-06	-10
6.787317467e-06	4.014657935e-06	-10
6.787317467e-06	4.014657935e-06	-10
6.787317467e-06	4.014657935e-06	-10
6.787317467e-06	4.014657935e-06	-10
6.787317467e-06	4.014657935e-06	-10
6.787317467e-06	4.014657935e-06	-10
6.787317467e-06	4.014657935e-06	-10
6.787317467e-06	4.014657935e-06	-10
6.787317467e-06	4.014657935e-06	-10
6.787317467e-06	4.014657935e-06	-10
6.787317467e-06	4.014657935e-06	-10
6.787317467e-06	4.014657935e-06	-10
6.787317467e-06	4.014657935e-06	-10
6.787317467e-06	4.014657935e-06	-10
6.787317467e-06	4.014657935e-06	-10
6.787317467e-06	4.014657935e-06	-10
6.787317467e-06	4.014657935e-06	-10
6.787317467e-06	4.014657935e-06	-10
6.787317467e-06	4.014657935e-06	-10
6.787317467e-06	4.014657935e-06	-10
6.787317467e-06	4.014657935e-06	-10
6.787317467e-06	4.014657935e-06	0
6.797093567e-06	4.000164271e-06	0
6.806869666e-06	3.985670608e-06	0
6.816645766e-06	3.971176944e-06	0
6.826421866e-06	3.95668328e-06	0
6.826421866e-06	3.95668328e-06	-10
6.826421866e-06	3.95668328e-06	-10
6.826421866e-06	3.95668328e-06	-10
6.826421866e-06	3.95668328e-06	-10
6.826421866e-06	3.95668328e-06	-10
6.826421866e-06	3.95668328e-06	-10
6.826421866e-06	3.95668328e-06	-10
6.826421866e-06	3.95668328e-06	-10
6.826421866e-06	3.95668328e-06	-10
6.826421866e-06	3.95668328e-06	-10
6.826421866e-06	3.95668328e-06	-10
6.826421866e-06	3.95668328e-06	-10
6.826421866e-06	3.95668328e-06	-10
6.826421866e-06	3.95668328e-06	-10
6.826421866e-06	3.95668328e-06	-10
6.826421866e-06	3.95668328e-06	-10
6.826421866e-06	3.95668328e-06	-10
6.826421866e-06	3.95668328e-06	-10
6.826421866e-06	3.95668328e-06	-10
6.826421866e-06	3.95668328e-06	-10
6.826421866e-06	3.95668328e-06	-10
6.826421866e-06	3.95668328e-06	-10
6.826421866e-06	3.95668328e-06	-10
6.826421866e-06	3.95668328e-06	-10
6.826421866e-06	3.95668328e-06	-10
6.826421866e-06	3.95668328e-06	0
6.836197966e-06	3.942189616e-06	0
6.845974065e-06	3.927695952e-06	0
6.855750165e-06	3.913202288e-06	0
6.865526265e-06	3.898708625e-06	0
6.865526265e-06	3.898708625e-06	-10
6.865526265e-06	3.898708625e-06	-10
6.865526265e-06	3.898708625e-06	-10
6.865526265e-06	3.898708625e-06	-10
6.865526265e-06	3.898708625e-06	-10
6.865526265e-06	3.898708625e-06	-10
6.865526265e-06	3.898708625e-06	-10
6.865526265e-06	3.898708625e-06	-10
6.865526265e-06	3.898708625e-06	-10
6.865526265e-06	3.898708625e-06	-10
6.865526265e-06	3.898708625e-06	-10
6.865526265e-06	3.898708625e-06	-10
6.865526265e-06	3.898708625e-06	-10
6.865526265e-06	3.898708625e-06	-10
6.865526265e-06	3.898708625e-06	-10
6.865526265e-06	3.898708625e-06	-10
6.865526265e-06	3.898708625e-06	-10
6.865526265e-06	3.898708625e-06	-10
6.865526265e-06	3.898708625e-06	-10
6.865526265e-06	3.898708625e-06	-10
6.865526265e-06	3.898708625e-06	-10
6.865526265e-06	3.898708625e-06	-10
6.865526265e-06	3.898708625e-06	-10
6.865526265e-06	3.898708625e-06	-10
6.865526265e-06	3.898708625e-06	-10
6.865526265e-06	3.898708625e-06	0
6.875302364e-06	3.884214961e-06	0
6.885078464e-06	3.869721297e-06	0
6.894854564e-06	3.855227633e-06	0
6.904630664e-06	3.840733969e-06	0
6.904630664e-06	3.840733969e-06	-10
6.904630664e-06	3.840733969e-06	-10
6.904630664e-06	3.840733969e-06	-10
6.904630664e-06	3.840733969e-06	-10
6.904630664e-06	3.840733969e-06	-10
6.904630664e-06	3.840733969e-06	-10
6.904630664e-06	3.840733969e-06	-10
6.904630664e-06	3.840733969e-06	-10
6.904630664e-06	3.840733969e-06	-10
6.904630664e-06	3.840733969e-06	-10
6.904630664e-06	3.840733969e-06	-10
6.904630664e-06	3.840733969e-06	-10
6.904630664e-06	3.840733969e-06	-10
6.904630664e-06	3.840733969e-06	-10
6.904630664e-06	3.840733969e-06	-10
6.904630664e-06	3.840733969e-06	-10
6.904630664e-06	3.840733969e-06	-10
6.904630664e-06	3.840733969e-06	-10
6.904630664e-06	3.840733969e-06	-10
6.904630664e-06	3.840733969e-06	-10
6.904630664e-06	3.840733969e-06	-10
6.904630664e-06	3.840733969e-06	-10
6.904630664e-06	3.840733969e-06	-10
6.904630664e-06	3.840733969e-06	-10
6.904630664e-06	3.840733969e-06	-10
6.904630664e-06	3.840733969e-06	0
6.914406763e-06	3.826240305e-06	0
6.924182863e-06	3.811746641e-06	0
6.933958963e-06	3.797252978e-06	0
6.943735062e-06	3.782759314e-06	0
6.943735062e-06	3.782759314e-06	-10
6.943735062e-06	3.782759314e-06	-10
6.943735062e-06	3.782759314e-06	-10
6.943735062e-06	3.782759314e-06	-10
6.943735062e-06	3.782759314e-06	-10
6.943735062e-06	3.782759314e-06	-10
6.943735062e-06	3.782759314e-06	-10
6.943735062e-06	3.782759314e-06	-10
6.943735062e-06	3.782759314e-06	-10
6.943735062e-06	3.782759314e-06	-10
6.943735062e-06	3.782759314e-06	-10
6.943735062e-06	3.782759314e-06	-10
6.943735062e-06	3.782759314e-06	-10
6.943735062e-06	3.782759314e-06	-10
6.943735062e-06	3.782759314e-06	-10
6.943735062e-06	3.782759314e-06	-10
6.943735062e-06	3.782759314e-06	-10
6.943735062e-06	3.782759314e-06	-10
6.943735062e-06	3.782759314e-06	-10
6.943735062e-06	3.782759314e-06	-10
6.943735062e-06	3.782759314e-06	-10
6.943735062e-06	3.782759314e-06	-10
6.943735062e-06	3.782759314e-06	-10
6.943735062e-06	3.782759314e-06	-10
6.943735062e-06	3.782759314e-06	-10
6.943735062e-06	3.782759314e-06	0
6.953511162e-06	3.76826565e-06	0
6.963287262e-06	3.753771986e-06	0
6.973063362e-06	3.739278322e-06	0
6.982839461e-06	3.724784658e-06	0
6.982839461e-06	3.724784658e-06	-10
6.982839461e-06	3.724784658e-06	-10
6.982839461e-06	3.724784658e-06	-10
6.982839461e-06	3.724784658e-06	-10
6.982839461e-06	3.724784658e-06	-10
6.982839461e-06	3.724784658e-06	-10
6.982839461e-06	3.724784658e-06	-10
6.982839461e-06	3.724784658e-06	-10
6.982839461e-06	3.724784658e-06	-10
6.982839461e-06	3.724784658e-06	-10
6.982839461e-06	3.724784658e-06	-10
6.982839461e-06	3.724784658e-06	-10
6.982839461e-06	3.724784658e-06	-10
6.982839461e-06	3.724784658e-06	-10
6.982839461e-06	3.724784658e-06	-10
6.982839461e-06	3.724784658e-06	-10
6.982839461e-06	3.724784658e-06	-10
6.982839461e-06	3.724784658e-06	-10
6.982839461e-06	3.724784658e-06	-10
6.982839461e-06	3.724784658e-06	-10
6.982839461e-06	3.724784658e-06	-10
6.982839461e-06	3.724784658e-06	-10
6.982839461e-06	3.724784658e-06	-10
6.982839461e-06	3.724784658e-06	-10
6.982839461e-06	3.724784658e-06	-10
6.982839461e-06	3.724784658e-06	0
6.992615561e-06	3.710290994e-06	0
7.002391661e-06	3.695797331e-06	0
7.01216776e-06	3.681303667e-06	0
7.02194386e-06	3.666810003e-06	0
7.02194386e-06	3.666810003e-06	-10
7.02194386e-06	3.666810003e-06	-10
7.02194386e-06	3.666810003e-06	-10
7.02194386e-06	3.666810003e-06	-10
7.02194386e-06	3.666810003e-06	-10
7.02194386e-06	3.666810003e-06	-10
7.02194386e-06	3.666810003e-06	-10
7.02194386e-06	3.666810003e-06	-10
7.02194386e-06	3.666810003e-06	-10
7.02194386e-06	3.666810003e-06	-10
7.02194386e-06	3.666810003e-06	-10
7.02194386e-06	3.666810003e-06	-10
7.02194386e-06	3.666810003e-06	-10
7.02194386e-06	3.666810003e-06	-10
7.02194386e-06	3.666810003e-06	-10
7.02194386e-06	3.666810003e-06	-10
7.02194386e-06	3.666810003e-06	-10
7.02194386e-06	3.666810003e-06	-10
7.02194386e-06	3.666810003e-06	-10
7.02194386e-06	3.666810003e-06	-10
7.02194386e-06	3.666810003e-06	-10
7.02194386e-06	3.666810003e-06	-10
7.02194386e-06	3.666810003e-06	-10
7.02194386e-06	3.666810003e-06	-10
7.02194386e-06	3.666810003e-06	-10
7.02194386e-06	3.666810003e-06	0
7.03171996e-06	3.652316339e-06	0
7.04149606e-06	3.637822675e-06	0
7.051272159e-06	3.623329011e-06	0
7.061048259e-06	3.608835347e-06	0
7.061048259e-06	3.608835347e-06	-10
7.061048259e-06	3.608835347e-06	-10
7.061048259e-06	3.608835347e-06	-10
7.061048259e-06	3.608835347e-06	-10
7.061048259e-06	3.608835347e-06	-10
7.061048259e-06	3.608835347e-06	-10
7.061048259e-06	3.608835347e-06	-10
7.061048259e-06	3.608835347e-06	-10
7.061048259e-06	3.608835347e-06	-10
7.061048259e-06	3.608835347e-06	-10
7.061048259e-06	3.608835347e-06	-10
7.061048259e-06	3.608835347e-06	-10
7.061048259e-06	3.608835347e-06	-10
7.061048259e-06	3.608835347e-06	-10
7.061048259e-06	3.608835347e-06	-10
7.061048259e-06	3.608835347e-06	-10
7.061048259e-06	3.608835347e-06	-10
7.061048259e-06	3.608835347e-06	-10
7.061048259e-06	3.608835347e-06	-10
7.061048259e-06	3.608835347e-06	-10
7.061048259e-06	3.608835347e-06	-10
7.061048259e-06	3.608835347e-06	-10
7.061048259e-06	3.608835347e-06	-10
7.061048259e-06	3.608835347e-06	-10
7.061048259e-06	3.608835347e-06	-10
7.061048259e-06	3.608835347e-06	0
7.070824359e-06	3.594341684e-06	0
7.080600458e-06	3.57984802e-06	0
7.090376558e-06	3.565354356e-06	0
7.100152658e-06	3.550860692e-06	0
7.100152658e-06	3.550860692e-06	-10
7.100152658e-06	3.550860692e-06	-10
7.100152658e-06	3.550860692e-06	-10
7.100152658e-06	3.550860692e-06	-10
7.100152658e-06	3.550860692e-06	-10
7.100152658e-06	3.550860692e-06	-10
7.100152658e-06	3.550860692e-06	-10
7.100152658e-06	3.550860692e-06	-10
7.100152658e-06	3.550860692e-06	-10
7.100152658e-06	3.550860692e-06	-10
7.100152658e-06	3.550860692e-06	-10
7.100152658e-06	3.550860692e-06	-10
7.100152658e-06	3.550860692e-06	-10
7.100152658e-06	3.550860692e-06	-10
7.100152658e-06	3.550860692e-06	-10
7.100152658e-06	3.550860692e-06	-10
7.100152658e-06	3.550860692e-06	-10
7.100152658e-06	3.550860692e-06	-10
7.100152658e-06	3.550860692e-06	-10
7.100152658e-06	3.550860692e-06	-10
7.100152658e-06	3.550860692e-06	-10
7.100152658e-06	3.550860692e-06	-10
7.100152658e-06	3.550860692e-06	-10
7.100152658e-06	3.550860692e-06	-10
7.100152658e-06	3.550860692e-06	-10
7.100152658e-06	3.550860692e-06	0
7.109928757e-06	3.536367028e-06	0
7.119704857e-06	3.521873364e-06	0
7.129480957e-06	3.5073797e-06	0
7.139257057e-06	3.492886037e-06	0
7.139257057e-06	3.492886037e-06	-10
7.139257057e-06	3.492886037e-06	-10
7.139257057e-06	3.492886037e-06	-10
7.139257057e-06	3.492886037e-06	-10
7.139257057e-06	3.492886037e-06	-10
7.139257057e-06	3.492886037e-06	-10
7.139257057e-06	3.492886037e-06	-10
7.139257057e-06	3.492886037e-06	-10
7.139257057e-06	3.492886037e-06	-10
7.139257057e-06	3.492886037e-06	-10
7.139257057e-06	3.492886037e-06	-10
7.139257057e-06	3.492886037e-06	-10
7.139257057e-06	3.492886037e-06	-10
7.139257057e-06	3.492886037e-06	-10
7.139257057e-06	3.492886037e-06	-10
7.139257057e-06	3.492886037e-06	-10
7.139257057e-06	3.492886037e-06	-10
7.139257057e-06	3.492886037e-06	-10
7.139257057e-06	3.492886037e-06	-10
7.139257057e-06	3.492886037e-06	-10
7.139257057e-06	3.492886037e-06	-10
7.139257057e-06	3.492886037e-06	-10
7.139257057e-06	3.492886037e-06	-10
7.139257057e-06	3.492886037e-06	-10
7.139257057e-06	3.492886037e-06	-10
7.139257057e-06	3.492886037e-06	0
7.149033156e-06	3.478392373e-06	0
7.158809256e-06	3.463898709e-06	0
7.168585356e-06	3.449405045e-06	0
7.178361455e-06	3.434911381e-06	0
7.178361455e-06	3.434911381e-06	-10
7.178361455e-06	3.434911381e-06	-10
7.178361455e-06	3.434911381e-06	-10
7.178361455e-06	3.434911381e-06	-10
7.178361455e-06	3.434911381e-06	-10
7.178361455e-06	3.434911381e-06	-10
7.178361455e-06	3.434911381e-06	-10
7.178361455e-06	3.434911381e-06	-10
7.178361455e-06	3.434911381e-06	-10
7.178361455e-06	3.434911381e-06	-10
7.178361455e-06	3.434911381e-06	-10
7.178361455e-06	3.434911381e-06	-10
7.178361455e-06	3.434911381e-06	-10
7.178361455e-06	3.434911381e-06	-10
7.178361455e-06	3.434911381e-06	-10
7.178361455e-06	3.434911381e-06	-10
7.178361455e-06	3.434911381e-06	-10
7.178361455e-06	3.434911381e-06	-10
7.178361455e-06	3.434911381e-06	-10
7.178361455e-06	3.434911381e-06	-10
7.178361455e-06	3.434911381e-06	-10
7.178361455e-06	3.434911381e-06	-10
7.178361455e-06	3.434911381e-06	-10
7.178361455e-06	3.434911381e-06	-10
7.178361455e-06	3.434911381e-06	-10
7.178361455e-06	3.434911381e-06	0
7.188137555e-06	3.420417717e-06	0
7.197913655e-06	3.405924053e-06	0
7.207689755e-06	3.39143039e-06	0
7.217465854e-06	3.376936726e-06	0
7.217465854e-06	3.376936726e-06	-10
7.217465854e-06	3.376936726e-06	-10
7.217465854e-06	3.376936726e-06	-10
7.217465854e-06	3.376936726e-06	-10
7.217465854e-06	3.376936726e-06	-10
7.217465854e-06	3.376936726e-06	-10
7.217465854e-06	3.376936726e-06	-10
7.217465854e-06	3.376936726e-06	-10
7.217465854e-06	3.376936726e-06	-10
7.217465854e-06	3.376936726e-06	-10
7.217465854e-06	3.376936726e-06	-10
7.217465854e-06	3.376936726e-06	-10
7.217465854e-06	3.376936726e-06	-10
7.217465854e-06	3.376936726e-06	-10
7.217465854e-06	3.376936726e-06	-10
7.217465854e-06	3.376936726e-06	-10
7.217465854e-06	3.376936726e-06	-10
7.217465854e-06	3.376936726e-06	-10
7.217465854e-06	3.376936726e-06	-10
7.217465854e-06	3.376936726e-06	-10
7.217465854e-06	3.376936726e-06	-10
7.217465854e-06	3.376936726e-06	-10
7.217465854e-06	3.376936726e-06	-10
7.217465854e-06	3.376936726e-06	-10
7.217465854e-06	3.376936726e-06	-10
7.217465854e-06	3.376936726e-06	0
7.227241954e-06	3.362443062e-06	0
7.237018054e-06	3.347949398e-06	0
7.246794153e-06	3.333455734e-06	0
7.256570253e-06	3.31896207e-06	0
7.256570253e-06	3.31896207e-06	-10
7.256570253e-06	3.31896207e-06	-10
7.256570253e-06	3.31896207e-06	-10
7.256570253e-06	3.31896207e-06	-10
7.256570253e-06	3.31896207e-06	-10
7.256570253e-06	3.31896207e-06	-10
7.256570253e-06	3.31896207e-06	-10
7.256570253e-06	3.31896207e-06	-10
7.256570253e-06	3.31896207e-06	-10
7.256570253e-06	3.31896207e-06	-10
7.256570253e-06	3.31896207e-06	-10
7.256570253e-06	3.31896207e-06	-10
7.256570253e-06	3.31896207e-06	-10
7.256570253e-06	3.31896207e-06	-10
7.256570253e-06	3.31896207e-06	-10
7.256570253e-06	3.31896207e-06	-10
7.256570253e-06	3.31896207e-06	-10
7.256570253e-06	3.31896207e-06	-10
7.256570253e-06	3.31896207e-06	-10
7.256570253e-06	3.31896207e-06	-10
7.256570253e-06	3.31896207e-06	-10
7.256570253e-06	3.31896207e-06	-10
7.256570253e-06	3.31896207e-06	-10
7.256570253e-06	3.31896207e-06	-10
7.256570253e-06	3.31896207e-06	-10
7.256570253e-06	3.31896207e-06	0
7.266346353e-06	3.304468406e-06	0
7.276122453e-06	3.289974743e-06	0
7.285898552e-06	3.275481079e-06	0
7.295674652e-06	3.260987415e-06	0
7.295674652e-06	3.260987415e-06	-10
7.295674652e-06	3.260987415e-06	-10
7.295674652e-06	3.260987415e-06	-10
7.295674652e-06	3.260987415e-06	-10
7.295674652e-06	3.260987415e-06	-10
7.295674652e-06	3.260987415e-06	-10
7.295674652e-06	3.260987415e-06	-10
7.295674652e-06	3.260987415e-06	-10
7.295674652e-06	3.260987415e-06	-10
7.295674652e-06	3.260987415e-06	-10
7.295674652e-06	3.260987415e-06	-10
7.295674652e-06	3.260987415e-06	-10
7.295674652e-06	3.260987415e-06	-10
7.295674652e-06	3.260987415e-06	-10
7.295674652e-06	3.260987415e-06	-10
7.295674652e-06	3.260987415e-06	-10
7.295674652e-06	3.260987415e-06	-10
7.295674652e-06	3.260987415e-06	-10
7.295674652e-06	3.260987415e-06	-10
7.295674652e-06	3.260987415e-06	-10
7.295674652e-06	3.260987415e-06	-10
7.295674652e-06	3.260987415e-06	-10
7.295674652e-06	3.260987415e-06	-10
7.295674652e-06	3.260987415e-06	-10
7.295674652e-06	3.260987415e-06	-10
7.295674652e-06	3.260987415e-06	0
7.305450752e-06	3.246493751e-06	0
7.315226851e-06	3.232000087e-06	0
7.325002951e-06	3.217506423e-06	0
7.334779051e-06	3.203012759e-06	0
7.334779051e-06	3.203012759e-06	-10
7.334779051e-06	3.203012759e-06	-10
7.334779051e-06	3.203012759e-06	-10
7.334779051e-06	3.203012759e-06	-10
7.334779051e-06	3.203012759e-06	-10
7.334779051e-06	3.203012759e-06	-10
7.334779051e-06	3.203012759e-06	-10
7.334779051e-06	3.203012759e-06	-10
7.334779051e-06	3.203012759e-06	-10
7.334779051e-06	3.203012759e-06	-10
7.334779051e-06	3.203012759e-06	-10
7.334779051e-06	3.203012759e-06	-10
7.334779051e-06	3.203012759e-06	-10
7.334779051e-06	3.203012759e-06	-10
7.334779051e-06	3.203012759e-06	-10
7.334779051e-06	3.203012759e-06	-10
7.334779051e-06	3.203012759e-06	-10
7.334779051e-06	3.203012759e-06	-10
7.334779051e-06	3.203012759e-06	-10
7.334779051e-06	3.203012759e-06	-10
7.334779051e-06	3.203012759e-06	-10
7.334779051e-06	3.203012759e-06	-10
7.334779051e-06	3.203012759e-06	-10
7.334779051e-06	3.203012759e-06	-10
7.334779051e-06	3.203012759e-06	-10
7.334779051e-06	3.203012759e-06	0
7.344555151e-06	3.188519096e-06	0
7.35433125e-06	3.174025432e-06	0
7.36410735e-06	3.159531768e-06	0
7.37388345e-06	3.145038104e-06	0
7.37388345e-06	3.145038104e-06	-10
7.37388345e-06	3.145038104e-06	-10
7.37388345e-06	3.145038104e-06	-10
7.37388345e-06	3.145038104e-06	-10
7.37388345e-06	3.145038104e-06	-10
7.37388345e-06	3.145038104e-06	-10
7.37388345e-06	3.145038104e-06	-10
7.37388345e-06	3.145038104e-06	-10
7.37388345e-06	3.145038104e-06	-10
7.37388345e-06	3.145038104e-06	-10
7.37388345e-06	3.145038104e-06	-10
7.37388345e-06	3.145038104e-06	-10
7.37388345e-06	3.145038104e-06	-10
7.37388345e-06	3.145038104e-06	-10
7.37388345e-06	3.145038104e-06	-10
7.37388345e-06	3.145038104e-06	-10
7.37388345e-06	3.145038104e-06	-10
7.37388345e-06	3.145038104e-06	-10
7.37388345e-06	3.145038104e-06	-10
7.37388345e-06	3.145038104e-06	-10
7.37388345e-06	3.145038104e-06	-10
7.37388345e-06	3.145038104e-06	-10
7.37388345e-06	3.145038104e-06	-10
7.37388345e-06	3.145038104e-06	-10
7.37388345e-06	3.145038104e-06	-10
7.37388345e-06	3.145038104e-06	0
7.383659549e-06	3.13054444e-06	0
7.393435649e-06	3.116050776e-06	0
7.403211749e-06	3.101557112e-06	0
7.412987849e-06	3.087063449e-06	0
7.412987849e-06	3.087063449e-06	-10
7.412987849e-06	3.087063449e-06	-10
7.412987849e-06	3.087063449e-06	-10
7.412987849e-06	3.087063449e-06	-10
7.412987849e-06	3.087063449e-06	-10
7.412987849e-06	3.087063449e-06	-10
7.412987849e-06	3.087063449e-06	-10
7.412987849e-06	3.087063449e-06	-10
7.412987849e-06	3.087063449e-06	-10
7.412987849e-06	3.087063449e-06	-10
7.412987849e-06	3.087063449e-06	-10
7.412987849e-06	3.087063449e-06	-10
7.412987849e-06	3.087063449e-06	-10
7.412987849e-06	3.087063449e-06	-10
7.412987849e-06	3.087063449e-06	-10
7.412987849e-06	3.087063449e-06	-10
7.412987849e-06	3.087063449e-06	-10
7.412987849e-06	3.087063449e-06	-10
7.412987849e-06	3.087063449e-06	-10
7.412987849e-06	3.087063449e-06	-10
7.412987849e-06	3.087063449e-06	-10
7.412987849e-06	3.087063449e-06	-10
7.412987849e-06	3.087063449e-06	-10
7.412987849e-06	3.087063449e-06	-10
7.412987849e-06	3.087063449e-06	-10
7.412987849e-06	3.087063449e-06	0
7.422763948e-06	3.072569785e-06	0
7.432540048e-06	3.058076121e-06	0
7.442316148e-06	3.043582457e-06	0
7.452092247e-06	3.029088793e-06	0
7.452092247e-06	3.029088793e-06	-10
7.452092247e-06	3.029088793e-06	-10
7.452092247e-06	3.029088793e-06	-10
7.452092247e-06	3.029088793e-06	-10
7.452092247e-06	3.029088793e-06	-10
7.452092247e-06	3.029088793e-06	-10
7.452092247e-06	3.029088793e-06	-10
7.452092247e-06	3.029088793e-06	-10
7.452092247e-06	3.029088793e-06	-10
7.452092247e-06	3.029088793e-06	-10
7.452092247e-06	3.029088793e-06	-10
7.452092247e-06	3.029088793e-06	-10
7.452092247e-06	3.029088793e-06	-10
7.452092247e-06	3.029088793e-06	-10
7.452092247e-06	3.029088793e-06	-10
7.452092247e-06	3.029088793e-06	-10
7.452092247e-06	3.029088793e-06	-10
7.452092247e-06	3.029088793e-06	-10
7.452092247e-06	3.029088793e-06	-10
7.452092247e-06	3.029088793e-06	-10
7.452092247e-06	3.029088793e-06	-10
7.452092247e-06	3.029088793e-06	-10
7.452092247e-06	3.029088793e-06	-10
7.452092247e-06	3.029088793e-06	-10
7.452092247e-06	3.029088793e-06	-10
7.452092247e-06	3.029088793e-06	0
7.461868347e-06	3.014595129e-06	0
7.471644447e-06	3.000101465e-06	0
7.481420547e-06	2.985607802e-06	0
7.491196646e-06	2.971114138e-06	0
7.491196646e-06	2.971114138e-06	-10
7.491196646e-06	2.971114138e-06	-10
7.491196646e-06	2.971114138e-06	-10
7.491196646e-06	2.971114138e-06	-10
7.491196646e-06	2.971114138e-06	-10
7.491196646e-06	2.971114138e-06	-10
7.491196646e-06	2.971114138e-06	-10
7.491196646e-06	2.971114138e-06	-10
7.491196646e-06	2.971114138e-06	-10
7.491196646e-06	2.971114138e-06	-10
7.491196646e-06	2.971114138e-06	-10
7.491196646e-06	2.971114138e-06	-10
7.491196646e-06	2.971114138e-06	-10
7.491196646e-06	2.971114138e-06	-10
7.491196646e-06	2.971114138e-06	-10
7.491196646e-06	2.971114138e-06	-10
7.491196646e-06	2.971114138e-06	-10
7.491196646e-06	2.971114138e-06	-10
7.491196646e-06	2.971114138e-06	-10
7.491196646e-06	2.971114138e-06	-10
7.491196646e-06	2.971114138e-06	-10
7.491196646e-06	2.971114138e-06	-10
7.491196646e-06	2.971114138e-06	-10
7.491196646e-06	2.971114138e-06	-10
7.491196646e-06	2.971114138e-06	-10
7.491196646e-06	2.971114138e-06	0
7.476702982e-06	2.961338038e-06	0
7.462209319e-06	2.951561938e-06	0
7.447715655e-06	2.941785839e-06	0
7.433221991e-06	2.932009739e-06	0
7.433221991e-06	2.932009739e-06	10
7.433221991e-06	2.932009739e-06	10
7.433221991e-06	2.932009739e-06	10
7.433221991e-06	2.932009739e-06	10
7.433221991e-06	2.932009739e-06	10
7.433221991e-06	2.932009739e-06	10
7.433221991e-06	2.932009739e-06	10
7.433221991e-06	2.932009739e-06	10
7.433221991e-06	2.932009739e-06	10
7.433221991e-06	2.932009739e-06	10
7.433221991e-06	2.932009739e-06	10
7.433221991e-06	2.932009739e-06	10
7.433221991e-06	2.932009739e-06	10
7.433221991e-06	2.932009739e-06	10
7.433221991e-06	2.932009739e-06	10
7.433221991e-06	2.932009739e-06	10
7.433221991e-06	2.932009739e-06	10
7.433221991e-06	2.932009739e-06	10
7.433221991e-06	2.932009739e-06	10
7.433221991e-06	2.932009739e-06	10
7.433221991e-06	2.932009739e-06	10
7.433221991e-06	2.932009739e-06	10
7.433221991e-06	2.932009739e-06	10
7.433221991e-06	2.932009739e-06	10
7.433221991e-06	2.932009739e-06	10
7.433221991e-06	2.932009739e-06	0
7.423445891e-06	2.946503403e-06	0
7.413669791e-06	2.960997067e-06	0
7.403893692e-06	2.97549073e-06	0
7.394117592e-06	2.989984394e-06	0
7.394117592e-06	2.989984394e-06	10
7.394117592e-06	2.989984394e-06	10
7.394117592e-06	2.989984394e-06	10
7.394117592e-06	2.989984394e-06	10
7.394117592e-06	2.989984394e-06	10
7.394117592e-06	2.989984394e-06	10
7.394117592e-06	2.989984394e-06	10
7.394117592e-06	2.989984394e-06	10
7.394117592e-06	2.989984394e-06	10
7.394117592e-06	2.989984394e-06	10
7.394117592e-06	2.989984394e-06	10
7.394117592e-06	2.989984394e-06	10
7.394117592e-06	2.989984394e-06	10
7.394117592e-06	2.989984394e-06	10
7.394117592e-06	2.989984394e-06	10
7.394117592e-06	2.989984394e-06	10
7.394117592e-06	2.989984394e-06	10
7.394117592e-06	2.989984394e-06	10
7.394117592e-06	2.989984394e-06	10
7.394117592e-06	2.989984394e-06	10
7.394117592e-06	2.989984394e-06	10
7.394117592e-06	2.989984394e-06	10
7.394117592e-06	2.989984394e-06	10
7.394117592e-06	2.989984394e-06	10
7.394117592e-06	2.989984394e-06	10
7.394117592e-06	2.989984394e-06	0
7.384341492e-06	3.004478058e-06	0
7.374565393e-06	3.018971722e-06	0
7.364789293e-06	3.033465386e-06	0
7.355013193e-06	3.04795905e-06	0
7.355013193e-06	3.04795905e-06	10
7.355013193e-06	3.04795905e-06	10
7.355013193e-06	3.04795905e-06	10
7.355013193e-06	3.04795905e-06	10
7.355013193e-06	3.04795905e-06	10
7.355013193e-06	3.04795905e-06	10
7.355013193e-06	3.04795905e-06	10
7.355013193e-06	3.04795905e-06	10
7.355013193e-06	3.04795905e-06	10
7.355013193e-06	3.04795905e-06	10
7.355013193e-06	3.04795905e-06	10
7.355013193e-06	3.04795905e-06	10
7.355013193e-06	3.04795905e-06	10
7.355013193e-06	3.04795905e-06	10
7.355013193e-06	3.04795905e-06	10
7.355013193e-06	3.04795905e-06	10
7.355013193e-06	3.04795905e-06	10
7.355013193e-06	3.04795905e-06	10
7.355013193e-06	3.04795905e-06	10
7.355013193e-06	3.04795905e-06	10
7.355013193e-06	3.04795905e-06	10
7.355013193e-06	3.04795905e-06	10
7.355013193e-06	3.04795905e-06	10
7.355013193e-06	3.04795905e-06	10
7.355013193e-06	3.04795905e-06	10
7.355013193e-06	3.04795905e-06	0
7.345237093e-06	3.062452714e-06	0
7.335460994e-06	3.076946377e-06	0
7.325684894e-06	3.091440041e-06	0
7.315908794e-06	3.105933705e-06	0
7.315908794e-06	3.105933705e-06	10
7.315908794e-06	3.105933705e-06	10
7.315908794e-06	3.105933705e-06	10
7.315908794e-06	3.105933705e-06	10
7.315908794e-06	3.105933705e-06	10
7.315908794e-06	3.105933705e-06	10
7.315908794e-06	3.105933705e-06	10
7.315908794e-06	3.105933705e-06	10
7.315908794e-06	3.105933705e-06	10
7.315908794e-06	3.105933705e-06	10
7.315908794e-06	3.105933705e-06	10
7.315908794e-06	3.105933705e-06	10
7.315908794e-06	3.105933705e-06	10
7.315908794e-06	3.105933705e-06	10
7.315908794e-06	3.105933705e-06	10
7.315908794e-06	3.105933705e-06	10
7.315908794e-06	3.105933705e-06	10
7.315908794e-06	3.105933705e-06	10
7.315908794e-06	3.105933705e-06	10
7.315908794e-06	3.105933705e-06	10
7.315908794e-06	3.105933705e-06	10
7.315908794e-06	3.105933705e-06	10
7.315908794e-06	3.105933705e-06	10
7.315908794e-06	3.105933705e-06	10
7.315908794e-06	3.105933705e-06	10
7.315908794e-06	3.105933705e-06	0
7.306132695e-06	3.120427369e-06	0
7.296356595e-06	3.134921033e-06	0
7.286580495e-06	3.149414697e-06	0
7.276804395e-06	3.163908361e-06	0
7.276804395e-06	3.163908361e-06	10
7.276804395e-06	3.163908361e-06	10
7.276804395e-06	3.163908361e-06	10
7.276804395e-06	3.163908361e-06	10
7.276804395e-06	3.163908361e-06	10
7.276804395e-06	3.163908361e-06	10
7.276804395e-06	3.163908361e-06	10
7.276804395e-06	3.163908361e-06	10
7.276804395e-06	3.163908361e-06	10
7.276804395e-06	3.163908361e-06	10
7.276804395e-06	3.163908361e-06	10
7.276804395e-06	3.163908361e-06	10
7.276804395e-06	3.163908361e-06	10
7.276804395e-06	3.163908361e-06	10
7.276804395e-06	3.163908361e-06	10
7.276804395e-06	3.163908361e-06	10
7.276804395e-06	3.163908361e-06	10
7.276804395e-06	3.163908361e-06	10
7.276804395e-06	3.163908361e-06	10
7.276804395e-06	3.163908361e-06	10
7.276804395e-06	3.163908361e-06	10
7.276804395e-06	3.163908361e-06	10
7.276804395e-06	3.163908361e-06	10
7.276804395e-06	3.163908361e-06	10
7.276804395e-06	3.163908361e-06	10
7.276804395e-06	3.163908361e-06	0
7.267028296e-06	3.178402024e-06	0
7.257252196e-06	3.192895688e-06	0
7.247476096e-06	3.207389352e-06	0
7.237699997e-06	3.221883016e-06	0
7.237699997e-06	3.221883016e-06	10
7.237699997e-06	3.221883016e-06	10
7.237699997e-06	3.221883016e-06	10
7.237699997e-06	3.221883016e-06	10
7.237699997e-06	3.221883016e-06	10
7.237699997e-06	3.221883016e-06	10
7.237699997e-06	3.221883016e-06	10
7.237699997e-06	3.221883016e-06	10
7.237699997e-06	3.221883016e-06	10
7.237699997e-06	3.221883016e-06	10
7.237699997e-06	3.221883016e-06	10
7.237699997e-06	3.221883016e-06	10
7.237699997e-06	3.221883016e-06	10
7.237699997e-06	3.221883016e-06	10
7.237699997e-06	3.221883016e-06	10
7.237699997e-06	3.221883016e-06	10
7.237699997e-06	3.221883016e-06	10
7.237699997e-06	3.221883016e-06	10
7.237699997e-06	3.221883016e-06	10
7.237699997e-06	3.221883016e-06	10
7.237699997e-06	3.221883016e-06	10
7.237699997e-06	3.221883016e-06	10
7.237699997e-06	3.221883016e-06	10
7.237699997e-06	3.221883016e-06	10
7.237699997e-06	3.221883016e-06	10
7.237699997e-06	3.221883016e-06	0
7.227923897e-06	3.23637668e-06	0
7.218147797e-06	3.250870344e-06	0
7.208371697e-06	3.265364008e-06	0
7.198595598e-06	3.279857671e-06	0
7.198595598e-06	3.279857671e-06	10
7.198595598e-06	3.279857671e-06	10
7.198595598e-06	3.279857671e-06	10
7.198595598e-06	3.279857671e-06	10
7.198595598e-06	3.279857671e-06	10
7.198595598e-06	3.279857671e-06	10
7.198595598e-06	3.279857671e-06	10
7.198595598e-06	3.279857671e-06	10
7.198595598e-06	3.279857671e-06	10
7.198595598e-06	3.279857671e-06	10
7.198595598e-06	3.279857671e-06	10
7.198595598e-06	3.279857671e-06	10
7.198595598e-06	3.279857671e-06	10
7.198595598e-06	3.279857671e-06	10
7.198595598e-06	3.279857671e-06	10
7.198595598e-06	3.279857671e-06	10
7.198595598e-06	3.279857671e-06	10
7.198595598e-06	3.279857671e-06	10
7.198595598e-06	3.279857671e-06	10
7.198595598e-06	3.279857671e-06	10
7.198595598e-06	3.279857671e-06	10
7.198595598e-06	3.279857671e-06	10
7.198595598e-06	3.279857671e-06	10
7.198595598e-06	3.279857671e-06	10
7.198595598e-06	3.279857671e-06	10
7.198595598e-06	3.279857671e-06	0
7.188819498e-06	3.294351335e-06	0
7.179043398e-06	3.308844999e-06	0
7.169267299e-06	3.323338663e-06	0
7.159491199e-06	3.337832327e-06	0
7.159491199e-06	3.337832327e-06	10
7.159491199e-06	3.337832327e-06	10
7.159491199e-06	3.337832327e-06	10
7.159491199e-06	3.337832327e-06	10
7.159491199e-06	3.337832327e-06	10
7.159491199e-06	3.337832327e-06	10
7.159491199e-06	3.337832327e-06	10
7.159491199e-06	3.337832327e-06	10
7.159491199e-06	3.337832327e-06	10
7.159491199e-06	3.337832327e-06	10
7.159491199e-06	3.337832327e-06	10
7.159491199e-06	3.337832327e-06	10
7.159491199e-06	3.337832327e-06	10
7.159491199e-06	3.337832327e-06	10
7.159491199e-06	3.337832327e-06	10
7.159491199e-06	3.337832327e-06	10
7.159491199e-06	3.337832327e-06	10
7.159491199e-06	3.337832327e-06	10
7.159491199e-06	3.337832327e-06	10
7.159491199e-06	3.337832327e-06	10
7.159491199e-06	3.337832327e-06	10
7.159491199e-06	3.337832327e-06	10
7.159491199e-06	3.337832327e-06	10
7.159491199e-06	3.337832327e-06	10
7.159491199e-06	3.337832327e-06	10
7.159491199e-06	3.337832327e-06	0
7.149715099e-06	3.352325991e-06	0
7.139938999e-06	3.366819655e-06	0
7.1301629e-06	3.381313318e-06	0
7.1203868e-06	3.395806982e-06	0
7.1203868e-06	3.395806982e-06	10
7.1203868e-06	3.395806982e-06	10
7.1203868e-06	3.395806982e-06	10
7.1203868e-06	3.395806982e-06	10
7.1203868e-06	3.395806982e-06	10
7.1203868e-06	3.395806982e-06	10
7.1203868e-06	3.395806982e-06	10
7.1203868e-06	3.395806982e-06	10
7.1203868e-06	3.395806982e-06	10
7.1203868e-06	3.395806982e-06	10
7.1203868e-06	3.395806982e-06	10
7.1203868e-06	3.395806982e-06	10
7.1203868e-06	3.395806982e-06	10
7.1203868e-06	3.395806982e-06	10
7.1203868e-06	3.395806982e-06	10
7.1203868e-06	3.395806982e-06	10
7.1203868e-06	3.395806982e-06	10
7.1203868e-06	3.395806982e-06	10
7.1203868e-06	3.395806982e-06	10
7.1203868e-06	3.395806982e-06	10
7.1203868e-06	3.395806982e-06	10
7.1203868e-06	3.395806982e-06	10
7.1203868e-06	3.395806982e-06	10
7.1203868e-06	3.395806982e-06	10
7.1203868e-06	3.395806982e-06	10
7.1203868e-06	3.395806982e-06	0
7.1106107e-06	3.410300646e-06	0
7.100834601e-06	3.42479431e-06	0
7.091058501e-06	3.439287974e-06	0
7.081282401e-06	3.453781638e-06	0
7.081282401e-06	3.453781638e-06	10
7.081282401e-06	3.453781638e-06	10
7.081282401e-06	3.453781638e-06	10
7.081282401e-06	3.453781638e-06	10
7.081282401e-06	3.453781638e-06	10
7.081282401e-06	3.453781638e-06	10
7.081282401e-06	3.453781638e-06	10
7.081282401e-06	3.453781638e-06	10
7.081282401e-06	3.453781638e-06	10
7.081282401e-06	3.453781638e-06	10
7.081282401e-06	3.453781638e-06	10
7.081282401e-06	3.453781638e-06	10
7.081282401e-06	3.453781638e-06	10
7.081282401e-06	3.453781638e-06	10
7.081282401e-06	3.453781638e-06	10
7.081282401e-06	3.453781638e-06	10
7.081282401e-06	3.453781638e-06	10
7.081282401e-06	3.453781638e-06	10
7.081282401e-06	3.453781638e-06	10
7.081282401e-06	3.453781638e-06	10
7.081282401e-06	3.453781638e-06	10
7.081282401e-06	3.453781638e-06	10
7.081282401e-06	3.453781638e-06	10
7.081282401e-06	3.453781638e-06	10
7.081282401e-06	3.453781638e-06	10
7.081282401e-06	3.453781638e-06	0
7.071506301e-06	3.468275302e-06	0
7.061730202e-06	3.482768965e-06	0
7.051954102e-06	3.497262629e-06	0
7.042178002e-06	3.511756293e-06	0
7.042178002e-06	3.511756293e-06	10
7.042178002e-06	3.511756293e-06	10
7.042178002e-06	3.511756293e-06	10
7.042178002e-06	3.511756293e-06	10
7.042178002e-06	3.511756293e-06	10
7.042178002e-06	3.511756293e-06	10
7.042178002e-06	3.511756293e-06	10
7.042178002e-06	3.511756293e-06	10
7.042178002e-06	3.511756293e-06	10
7.042178002e-06	3.511756293e-06	10
7.042178002e-06	3.511756293e-06	10
7.042178002e-06	3.511756293e-06	10
7.042178002e-06	3.511756293e-06	10
7.042178002e-06	3.511756293e-06	10
7.042178002e-06	3.511756293e-06	10
7.042178002e-06	3.511756293e-06	10
7.042178002e-06	3.511756293e-06	10
7.042178002e-06	3.511756293e-06	10
7.042178002e-06	3.511756293e-06	10
7.042178002e-06	3.511756293e-06	10
7.042178002e-06	3.511756293e-06	10
7.042178002e-06	3.511756293e-06	10
7.042178002e-06	3.511756293e-06	10
7.042178002e-06	3.511756293e-06	10
7.042178002e-06	3.511756293e-06	10
7.042178002e-06	3.511756293e-06	0
7.032401903e-06	3.526249957e-06	0
7.022625803e-06	3.540743621e-06	0
7.012849703e-06	3.555237285e-06	0
7.003073604e-06	3.569730949e-06	0
7.003073604e-06	3.569730949e-06	10
7.003073604e-06	3.569730949e-06	10
7.003073604e-06	3.569730949e-06	10
7.003073604e-06	3.569730949e-06	10
7.003073604e-06	3.569730949e-06	10
7.003073604e-06	3.569730949e-06	10
7.003073604e-06	3.569730949e-06	10
7.003073604e-06	3.569730949e-06	10
7.003073604e-06	3.569730949e-06	10
7.003073604e-06	3.569730949e-06	10
7.003073604e-06	3.569730949e-06	10
7.003073604e-06	3.569730949e-06	10
7.003073604e-06	3.569730949e-06	10
7.003073604e-06	3.569730949e-06	10
7.003073604e-06	3.569730949e-06	10
7.003073604e-06	3.569730949e-06	10
7.003073604e-06	3.569730949e-06	10
7.003073604e-06	3.569730949e-06	10
7.003073604e-06	3.569730949e-06	10
7.003073604e-06	3.569730949e-06	10
7.003073604e-06	3.569730949e-06	10
7.003073604e-06	3.569730949e-06	10
7.003073604e-06	3.569730949e-06	10
7.003073604e-06	3.569730949e-06	10
7.003073604e-06	3.569730949e-06	10
7.003073604e-06	3.569730949e-06	0
6.993297504e-06	3.584224612e-06	0
6.983521404e-06	3.598718276e-06	0
6.973745304e-06	3.61321194e-06	0
6.963969205e-06	3.627705604e-06	0
6.963969205e-06	3.627705604e-06	10
6.963969205e-06	3.627705604e-06	10
6.963969205e-06	3.627705604e-06	10
6.963969205e-06	3.627705604e-06	10
6.963969205e-06	3.627705604e-06	10
6.963969205e-06	3.627705604e-06	10
6.963969205e-06	3.627705604e-06	10
6.963969205e-06	3.627705604e-06	10
6.963969205e-06	3.627705604e-06	10
6.963969205e-06	3.627705604e-06	10
6.963969205e-06	3.627705604e-06	10
6.963969205e-06	3.627705604e-06	10
6.963969205e-06	3.627705604e-06	10
6.963969205e-06	3.627705604e-06	10
6.963969205e-06	3.627705604e-06	10
6.963969205e-06	3.627705604e-06	10
6.963969205e-06	3.627705604e-06	10
6.963969205e-06	3.627705604e-06	10
6.963969205e-06	3.627705604e-06	10
6.963969205e-06	3.627705604e-06	10
6.963969205e-06	3.627705604e-06	10
6.963969205e-06	3.627705604e-06	10
6.963969205e-06	3.627705604e-06	10
6.963969205e-06	3.627705604e-06	10
6.963969205e-06	3.627705604e-06	10
6.963969205e-06	3.627705604e-06	0
6.954193105e-06	3.642199268e-06	0
6.944417005e-06	3.656692932e-06	0
6.934640906e-06	3.671186596e-06	0
6.924864806e-06	3.685680259e-06	0
6.924864806e-06	3.685680259e-06	10
6.924864806e-06	3.685680259e-06	10
6.924864806e-06	3.685680259e-06	10
6.924864806e-06	3.685680259e-06	10
6.924864806e-06	3.685680259e-06	10
6.924864806e-06	3.685680259e-06	10
6.924864806e-06	3.685680259e-06	10
6.924864806e-06	3.685680259e-06	10
6.924864806e-06	3.685680259e-06	10
6.924864806e-06	3.685680259e-06	10
6.924864806e-06	3.685680259e-06	10
6.924864806e-06	3.685680259e-06	10
6.924864806e-06	3.685680259e-06	10
6.924864806e-06	3.685680259e-06	10
6.924864806e-06	3.685680259e-06	10
6.924864806e-06	3.685680259e-06	10
6.924864806e-06	3.685680259e-06	10
6.924864806e-06	3.685680259e-06	10
6.924864806e-06	3.685680259e-06	10
6.924864806e-06	3.685680259e-06	10
6.924864806e-06	3.685680259e-06	10
6.924864806e-06	3.685680259e-06	10
6.924864806e-06	3.685680259e-06	10
6.924864806e-06	3.685680259e-06	10
6.924864806e-06	3.685680259e-06	10
6.924864806e-06	3.685680259e-06	0
6.915088706e-06	3.700173923e-06	0
6.905312606e-06	3.714667587e-06	0
6.895536507e-06	3.729161251e-06	0
6.885760407e-06	3.743654915e-06	0
6.885760407e-06	3.743654915e-06	10
6.885760407e-06	3.743654915e-06	10
6.885760407e-06	3.743654915e-06	10
6.885760407e-06	3.743654915e-06	10
6.885760407e-06	3.743654915e-06	10
6.885760407e-06	3.743654915e-06	10
6.885760407e-06	3.743654915e-06	10
6.885760407e-06	3.743654915e-06	10
6.885760407e-06	3.743654915e-06	10
6.885760407e-06	3.743654915e-06	10
6.885760407e-06	3.743654915e-06	10
6.885760407e-06	3.743654915e-06	10
6.885760407e-06	3.743654915e-06	10
6.885760407e-06	3.743654915e-06	10
6.885760407e-06	3.743654915e-06	10
6.885760407e-06	3.743654915e-06	10
6.885760407e-06	3.743654915e-06	10
6.885760407e-06	3.743654915e-06	10
6.885760407e-06	3.743654915e-06	10
6.885760407e-06	3.743654915e-06	10
6.885760407e-06	3.743654915e-06	10
6.885760407e-06	3.743654915e-06	10
6.885760407e-06	3.743654915e-06	10
6.885760407e-06	3.743654915e-06	10
6.885760407e-06	3.743654915e-06	10
6.885760407e-06	3.743654915e-06	0
6.875984307e-06	3.758148579e-06	0
6.866208208e-06	3.772642243e-06	0
6.856432108e-06	3.787135906e-06	0
6.846656008e-06	3.80162957e-06	0
6.846656008e-06	3.80162957e-06	10
6.846656008e-06	3.80162957e-06	10
6.846656008e-06	3.80162957e-06	10
6.846656008e-06	3.80162957e-06	10
6.846656008e-06	3.80162957e-06	10
6.846656008e-06	3.80162957e-06	10
6.846656008e-06	3.80162957e-06	10
6.846656008e-06	3.80162957e-06	10
6.846656008e-06	3.80162957e-06	10
6.846656008e-06	3.80162957e-06	10
6.846656008e-06	3.80162957e-06	10
6.846656008e-06	3.80162957e-06	10
6.846656008e-06	3.80162957e-06	10
6.846656008e-06	3.80162957e-06	10
6.846656008e-06	3.80162957e-06	10
6.846656008e-06	3.80162957e-06	10
6.846656008e-06	3.80162957e-06	10
6.846656008e-06	3.80162957e-06	10
6.846656008e-06	3.80162957e-06	10
6.846656008e-06	3.80162957e-06	10
6.846656008e-06	3.80162957e-06	10
6.846656008e-06	3.80162957e-06	10
6.846656008e-06	3.80162957e-06	10
6.846656008e-06	3.80162957e-06	10
6.846656008e-06	3.80162957e-06	10
6.846656008e-06	3.80162957e-06	0
6.836879908e-06	3.816123234e-06	0
6.827103809e-06	3.830616898e-06	0
6.817327709e-06	3.845110562e-06	0
6.807551609e-06	3.859604226e-06	0
6.807551609e-06	3.859604226e-06	10
6.807551609e-06	3.859604226e-06	10
6.807551609e-06	3.859604226e-06	10
6.807551609e-06	3.859604226e-06	10
6.807551609e-06	3.859604226e-06	10
6.807551609e-06	3.859604226e-06	10
6.807551609e-06	3.859604226e-06	10
6.807551609e-06	3.859604226e-06	10
6.807551609e-06	3.859604226e-06	10
6.807551609e-06	3.859604226e-06	10
6.807551609e-06	3.859604226e-06	10
6.807551609e-06	3.859604226e-06	10
6.807551609e-06	3.859604226e-06	10
6.807551609e-06	3.859604226e-06	10
6.807551609e-06	3.859604226e-06	10
6.807551609e-06	3.859604226e-06	10
6.807551609e-06	3.859604226e-06	10
6.807551609e-06	3.859604226e-06	10
6.807551609e-06	3.859604226e-06	10
6.807551609e-06	3.859604226e-06	10
6.807551609e-06	3.859604226e-06	10
6.807551609e-06	3.859604226e-06	10
6.807551609e-06	3.859604226e-06	10
6.807551609e-06	3.859604226e-06	10
6.807551609e-06	3.859604226e-06	10
6.807551609e-06	3.859604226e-06	0
6.79777551e-06	3.87409789e-06	0
6.78799941e-06	3.888591553e-06	0
6.77822331e-06	3.903085217e-06	0
6.76844721e-06	3.917578881e-06	0
6.76844721e-06	3.917578881e-06	10
6.76844721e-06	3.917578881e-06	10
6.76844721e-06	3.917578881e-06	10
6.76844721e-06	3.917578881e-06	10
6.76844721e-06	3.917578881e-06	10
6.76844721e-06	3.917578881e-06	10
6.76844721e-06	3.917578881e-06	10
6.76844721e-06	3.917578881e-06	10
6.76844721e-06	3.917578881e-06	10
6.76844721e-06	3.917578881e-06	10
6.76844721e-06	3.917578881e-06	10
6.76844721e-06	3.917578881e-06	10
6.76844721e-06	3.917578881e-06	10
6.76844721e-06	3.917578881e-06	10
6.76844721e-06	3.917578881e-06	10
6.76844721e-06	3.917578881e-06	10
6.76844721e-06	3.917578881e-06	10
6.76844721e-06	3.917578881e-06	10
6.76844721e-06	3.917578881e-06	10
6.76844721e-06	3.917578881e-06	10
6.76844721e-06	3.917578881e-06	10
6.76844721e-06	3.917578881e-06	10
6.76844721e-06	3.917578881e-06	10
6.76844721e-06	3.917578881e-06	10
6.76844721e-06	3.917578881e-06	10
6.76844721e-06	3.917578881e-06	0
6.758671111e-06	3.932072545e-06	0
6.748895011e-06	3.946566209e-06	0
6.739118911e-06	3.961059873e-06	0
6.729342812e-06	3.975553537e-06	0
6.729342812e-06	3.975553537e-06	10
6.729342812e-06	3.975553537e-06	10
6.729342812e-06	3.975553537e-06	10
6.729342812e-06	3.975553537e-06	10
6.729342812e-06	3.975553537e-06	10
6.729342812e-06	3.975553537e-06	10
6.729342812e-06	3.975553537e-06	10
6.729342812e-06	3.975553537e-06	10
6.729342812e-06	3.975553537e-06	10
6.729342812e-06	3.975553537e-06	10
6.729342812e-06	3.975553537e-06	10
6.729342812e-06	3.975553537e-06	10
6.729342812e-06	3.975553537e-06	10
6.729342812e-06	3.975553537e-06	10
6.729342812e-06	3.975553537e-06	10
6.729342812e-06	3.975553537e-06	10
6.729342812e-06	3.975553537e-06	10
6.729342812e-06	3.975553537e-06	10
6.729342812e-06	3.975553537e-06	10
6.729342812e-06	3.975553537e-06	10
6.729342812e-06	3.975553537e-06	10
6.729342812e-06	3.975553537e-06	10
6.729342812e-06	3.975553537e-06	10
6.729342812e-06	3.975553537e-06	10
6.729342812e-06	3.975553537e-06	10
6.729342812e-06	3.975553537e-06	0
6.719566712e-06	3.9900472e-06	0
6.709790612e-06	4.004540864e-06	0
6.700014512e-06	4.019034528e-06	0
6.690238413e-06	4.033528192e-06	0
6.690238413e-06	4.033528192e-06	10
6.690238413e-06	4.033528192e-06	10
6.690238413e-06	4.033528192e-06	10
6.690238413e-06	4.033528192e-06	10
6.690238413e-06	4.033528192e-06	10
6.690238413e-06	4.033528192e-06	10
6.690238413e-06	4.033528192e-06	10
6.690238413e-06	4.033528192e-06	10
6.690238413e-06	4.033528192e-06	10
6.690238413e-06	4.033528192e-06	10
6.690238413e-06	4.033528192e-06	10
6.690238413e-06	4.033528192e-06	10
6.690238413e-06	4.033528192e-06	10
6.690238413e-06	4.033528192e-06	10
6.690238413e-06	4.033528192e-06	10
6.690238413e-06	4.033528192e-06	10
6.690238413e-06	4.033528192e-06	10
6.690238413e-06	4.033528192e-06	10
6.690238413e-06	4.033528192e-06	10
6.690238413e-06	4.033528192e-06	10
6.690238413e-06	4.033528192e-06	10
6.690238413e-06	4.033528192e-06	10
6.690238413e-06	4.033528192e-06	10
6.690238413e-06	4.033528192e-06	10
6.690238413e-06	4.033528192e-06	10
6.690238413e-06	4.033528192e-06	0
6.675744749e-06	4.023752092e-06	0
6.661251085e-06	4.013975993e-06	0
6.646757421e-06	4.004199893e-06	0
6.632263757e-06	3.994423793e-06	0
6.632263757e-06	3.994423793e-06	10
6.632263757e-06	3.994423793e-06	10
6.632263757e-06	3.994423793e-06	10
6.632263757e-06	3.994423793e-06	10
6.632263757e-06	3.994423793e-06	10
6.632263757e-06	3.994423793e-06	10
6.632263757e-06	3.994423793e-06	10
6.632263757e-06	3.994423793e-06	10
6.632263757e-06	3.994423793e-06	10
6.632263757e-06	3.994423793e-06	10
6.632263757e-06	3.994423793e-06	10
6.632263757e-06	3.994423793e-06	10
6.632263757e-06	3.994423793e-06	10
6.632263757e-06	3.994423793e-06	10
6.632263757e-06	3.994423793e-06	10
6.632263757e-06	3.994423793e-06	10
6.632263757e-06	3.994423793e-06	10
6.632263757e-06	3.994423793e-06	10
6.632263757e-06	3.994423793e-06	10
6.632263757e-06	3.994423793e-06	10
6.632263757e-06	3.994423793e-06	10
6.632263757e-06	3.994423793e-06	10
6.632263757e-06	3.994423793e-06	10
6.632263757e-06	3.994423793e-06	10
6.632263757e-06	3.994423793e-06	10
6.632263757e-06	3.994423793e-06	0
6.642039857e-06	3.979930129e-06	0
6.651815957e-06	3.965436465e-06	0
6.661592056e-06	3.950942802e-06	0
6.671368156e-06	3.936449138e-06	0
6.671368156e-06	3.936449138e-06	10
6.671368156e-06	3.936449138e-06	10
6.671368156e-06	3.936449138e-06	10
6.671368156e-06	3.936449138e-06	10
6.671368156e-06	3.936449138e-06	10
6.671368156e-06	3.936449138e-06	10
6.671368156e-06	3.936449138e-06	10
6.671368156e-06	3.936449138e-06	10
6.671368156e-06	3.936449138e-06	10
6.671368156e-06	3.936449138e-06	10
6.671368156e-06	3.936449138e-06	10
6.671368156e-06	3.936449138e-06	10
6.671368156e-06	3.936449138e-06	10
6.671368156e-06	3.936449138e-06	10
6.671368156e-06	3.936449138e-06	10
6.671368156e-06	3.936449138e-06	10
6.671368156e-06	3.936449138e-06	10
6.671368156e-06	3.936449138e-06	10
6.671368156e-06	3.936449138e-06	10
6.671368156e-06	3.936449138e-06	10
6.671368156e-06	3.936449138e-06	10
6.671368156e-06	3.936449138e-06	10
6.671368156e-06	3.936449138e-06	10
6.671368156e-06	3.936449138e-06	10
6.671368156e-06	3.936449138e-06	10
6.671368156e-06	3.936449138e-06	0
6.681144256e-06	3.921955474e-06	0
6.690920356e-06	3.90746181e-06	0
6.700696455e-06	3.892968146e-06	0
6.710472555e-06	3.878474482e-06	0
6.710472555e-06	3.878474482e-06	10
6.710472555e-06	3.878474482e-06	10
6.710472555e-06	3.878474482e-06	10
6.710472555e-06	3.878474482e-06	10
6.710472555e-06	3.878474482e-06	10
6.710472555e-06	3.878474482e-06	10
6.710472555e-06	3.878474482e-06	10
6.710472555e-06	3.878474482e-06	10
6.710472555e-06	3.878474482e-06	10
6.710472555e-06	3.878474482e-06	10
6.710472555e-06	3.878474482e-06	10
6.710472555e-06	3.878474482e-06	10
6.710472555e-06	3.878474482e-06	10
6.710472555e-06	3.878474482e-06	10
6.710472555e-06	3.878474482e-06	10
6.710472555e-06	3.878474482e-06	10
6.710472555e-06	3.878474482e-06	10
6.710472555e-06	3.878474482e-06	10
6.710472555e-06	3.878474482e-06	10
6.710472555e-06	3.878474482e-06	10
6.710472555e-06	3.878474482e-06	10
6.710472555e-06	3.878474482e-06	10
6.710472555e-06	3.878474482e-06	10
6.710472555e-06	3.878474482e-06	10
6.710472555e-06	3.878474482e-06	10
6.710472555e-06	3.878474482e-06	0
6.720248655e-06	3.863980818e-06	0
6.730024754e-06	3.849487155e-06	0
6.739800854e-06	3.834993491e-06	0
6.749576954e-06	3.820499827e-06	0
6.749576954e-06	3.820499827e-06	10
6.749576954e-06	3.820499827e-06	10
6.749576954e-06	3.820499827e-06	10
6.749576954e-06	3.820499827e-06	10
6.749576954e-06	3.820499827e-06	10
6.749576954e-06	3.820499827e-06	10
6.749576954e-06	3.820499827e-06	10
6.749576954e-06	3.820499827e-06	10
6.749576954e-06	3.820499827e-06	10
6.749576954e-06	3.820499827e-06	10
6.749576954e-06	3.820499827e-06	10
6.749576954e-06	3.820499827e-06	10
6.749576954e-06	3.820499827e-06	10
6.749576954e-06	3.820499827e-06	10
6.749576954e-06	3.820499827e-06	10
6.749576954e-06	3.820499827e-06	10
6.749576954e-06	3.820499827e-06	10
6.749576954e-06	3.820499827e-06	10
6.749576954e-06	3.820499827e-06	10
6.749576954e-06	3.820499827e-06	10
6.749576954e-06	3.820499827e-06	10
6.749576954e-06	3.820499827e-06	10
6.749576954e-06	3.820499827e-06	10
6.749576954e-06	3.820499827e-06	10
6.749576954e-06	3.820499827e-06	10
6.749576954e-06	3.820499827e-06	0
6.759353054e-06	3.806006163e-06	0
6.769129153e-06	3.791512499e-06	0
6.778905253e-06	3.777018835e-06	0
6.788681353e-06	3.762525171e-06	0
6.788681353e-06	3.762525171e-06	10
6.788681353e-06	3.762525171e-06	10
6.788681353e-06	3.762525171e-06	10
6.788681353e-06	3.762525171e-06	10
6.788681353e-06	3.762525171e-06	10
6.788681353e-06	3.762525171e-06	10
6.788681353e-06	3.762525171e-06	10
6.788681353e-06	3.762525171e-06	10
6.788681353e-06	3.762525171e-06	10
6.788681353e-06	3.762525171e-06	10
6.788681353e-06	3.762525171e-06	10
6.788681353e-06	3.762525171e-06	10
6.788681353e-06	3.762525171e-06	10
6.788681353e-06	3.762525171e-06	10
6.788681353e-06	3.762525171e-06	10
6.788681353e-06	3.762525171e-06	10
6.788681353e-06	3.762525171e-06	10
6.788681353e-06	3.762525171e-06	10
6.788681353e-06	3.762525171e-06	10
6.788681353e-06	3.762525171e-06	10
6.788681353e-06	3.762525171e-06	10
6.788681353e-06	3.762525171e-06	10
6.788681353e-06	3.762525171e-06	10
6.788681353e-06	3.762525171e-06	10
6.788681353e-06	3.762525171e-06	10
6.788681353e-06	3.762525171e-06	0
6.798457452e-06	3.748031508e-06	0
6.808233552e-06	3.733537844e-06	0
6.818009652e-06	3.71904418e-06	0
6.827785752e-06	3.704550516e-06	0
6.827785752e-06	3.704550516e-06	10
6.827785752e-06	3.704550516e-06	10
6.827785752e-06	3.704550516e-06	10
6.827785752e-06	3.704550516e-06	10
6.827785752e-06	3.704550516e-06	10
6.827785752e-06	3.704550516e-06	10
6.827785752e-06	3.704550516e-06	10
6.827785752e-06	3.704550516e-06	10
6.827785752e-06	3.704550516e-06	10
6.827785752e-06	3.704550516e-06	10
6.827785752e-06	3.704550516e-06	10
6.827785752e-06	3.704550516e-06	10
6.827785752e-06	3.704550516e-06	10
6.827785752e-06	3.704550516e-06	10
6.827785752e-06	3.704550516e-06	10
6.827785752e-06	3.704550516e-06	10
6.827785752e-06	3.704550516e-06	10
6.827785752e-06	3.704550516e-06	10
6.827785752e-06	3.704550516e-06	10
6.827785752e-06	3.704550516e-06	10
6.827785752e-06	3.704550516e-06	10
6.827785752e-06	3.704550516e-06	10
6.827785752e-06	3.704550516e-06	10
6.827785752e-06	3.704550516e-06	10
6.827785752e-06	3.704550516e-06	10
6.827785752e-06	3.704550516e-06	0
6.837561851e-06	3.690056852e-06	0
6.847337951e-06	3.675563188e-06	0
6.857114051e-06	3.661069524e-06	0
6.86689015e-06	3.646575861e-06	0
6.86689015e-06	3.646575861e-06	10
6.86689015e-06	3.646575861e-06	10
6.86689015e-06	3.646575861e-06	10
6.86689015e-06	3.646575861e-06	10
6.86689015e-06	3.646575861e-06	10
6.86689015e-06	3.646575861e-06	10
6.86689015e-06	3.646575861e-06	10
6.86689015e-06	3.646575861e-06	10
6.86689015e-06	3.646575861e-06	10
6.86689015e-06	3.646575861e-06	10
6.86689015e-06	3.646575861e-06	10
6.86689015e-06	3.646575861e-06	10
6.86689015e-06	3.646575861e-06	10
6.86689015e-06	3.646575861e-06	10
6.86689015e-06	3.646575861e-06	10
6.86689015e-06	3.646575861e-06	10
6.86689015e-06	3.646575861e-06	10
6.86689015e-06	3.646575861e-06	10
6.86689015e-06	3.646575861e-06	10
6.86689015e-06	3.646575861e-06	10
6.86689015e-06	3.646575861e-06	10
6.86689015e-06	3.646575861e-06	10
6.86689015e-06	3.646575861e-06	10
6.86689015e-06	3.646575861e-06	10
6.86689015e-06	3.646575861e-06	10
6.86689015e-06	3.646575861e-06	0
6.87666625e-06	3.632082197e-06	0
6.88644235e-06	3.617588533e-06	0
6.89621845e-06	3.603094869e-06	0
6.905994549e-06	3.588601205e-06	0
6.905994549e-06	3.588601205e-06	10
6.905994549e-06	3.588601205e-06	10
6.905994549e-06	3.588601205e-06	10
6.905994549e-06	3.588601205e-06	10
6.905994549e-06	3.588601205e-06	10
6.905994549e-06	3.588601205e-06	10
6.905994549e-06	3.588601205e-06	10
6.905994549e-06	3.588601205e-06	10
6.905994549e-06	3.588601205e-06	10
6.905994549e-06	3.588601205e-06	10
6.905994549e-06	3.588601205e-06	10
6.905994549e-06	3.588601205e-06	10
6.905994549e-06	3.588601205e-06	10
6.905994549e-06	3.588601205e-06	10
6.905994549e-06	3.588601205e-06	10
6.905994549e-06	3.588601205e-06	10
6.905994549e-06	3.588601205e-06	10
6.905994549e-06	3.588601205e-06	10
6.905994549e-06	3.588601205e-06	10
6.905994549e-06	3.588601205e-06	10
6.905994549e-06	3.588601205e-06	10
6.905994549e-06	3.588601205e-06	10
6.905994549e-06	3.588601205e-06	10
6.905994549e-06	3.588601205e-06	10
6.905994549e-06	3.588601205e-06	10
6.905994549e-06	3.588601205e-06	0
6.915770649e-06	3.574107541e-06	0
6.925546749e-06	3.559613877e-06	0
6.935322848e-06	3.545120214e-06	0
6.945098948e-06	3.53062655e-06	0
6.945098948e-06	3.53062655e-06	10
6.945098948e-06	3.53062655e-06	10
6.945098948e-06	3.53062655e-06	10
6.945098948e-06	3.53062655e-06	10
6.945098948e-06	3.53062655e-06	10
6.945098948e-06	3.53062655e-06	10
6.945098948e-06	3.53062655e-06	10
6.945098948e-06	3.53062655e-06	10
6.945098948e-06	3.53062655e-06	10
6.945098948e-06	3.53062655e-06	10
6.945098948e-06	3.53062655e-06	10
6.945098948e-06	3.53062655e-06	10
6.945098948e-06	3.53062655e-06	10
6.945098948e-06	3.53062655e-06	10
6.945098948e-06	3.53062655e-06	10
6.945098948e-06	3.53062655e-06	10
6.945098948e-06	3.53062655e-06	10
6.945098948e-06	3.53062655e-06	10
6.945098948e-06	3.53062655e-06	10
6.945098948e-06	3.53062655e-06	10
6.945098948e-06	3.53062655e-06	10
6.945098948e-06	3.53062655e-06	10
6.945098948e-06	3.53062655e-06	10
6.945098948e-06	3.53062655e-06	10
6.945098948e-06	3.53062655e-06	10
6.945098948e-06	3.53062655e-06	0
6.954875048e-06	3.516132886e-06	0
6.964651148e-06	3.501639222e-06	0
6.974427247e-06	3.487145558e-06	0
6.984203347e-06	3.472651894e-06	0
6.984203347e-06	3.472651894e-06	10
6.984203347e-06	3.472651894e-06	10
6.984203347e-06	3.472651894e-06	10
6.984203347e-06	3.472651894e-06	10
6.984203347e-06	3.472651894e-06	10
6.984203347e-06	3.472651894e-06	10
6.984203347e-06	3.472651894e-06	10
6.984203347e-06	3.472651894e-06	10
6.984203347e-06	3.472651894e-06	10
6.984203347e-06	3.472651894e-06	10
6.984203347e-06	3.472651894e-06	10
6.984203347e-06	3.472651894e-06	10
6.984203347e-06	3.472651894e-06	10
6.984203347e-06	3.472651894e-06	10
6.984203347e-06	3.472651894e-06	10
6.984203347e-06	3.472651894e-06	10
6.984203347e-06	3.472651894e-06	10
6.984203347e-06	3.472651894e-06	10
6.984203347e-06	3.472651894e-06	10
6.984203347e-06	3.472651894e-06	10
6.984203347e-06	3.472651894e-06	10
6.984203347e-06	3.472651894e-06	10
6.984203347e-06	3.472651894e-06	10
6.984203347e-06	3.472651894e-06	10
6.984203347e-06	3.472651894e-06	10
6.984203347e-06	3.472651894e-06	0
6.993979447e-06	3.45815823e-06	0
7.003755546e-06	3.443664567e-06	0
7.013531646e-06	3.429170903e-06	0
7.023307746e-06	3.414677239e-06	0
7.023307746e-06	3.414677239e-06	10
7.023307746e-06	3.414677239e-06	10
7.023307746e-06	3.414677239e-06	10
7.023307746e-06	3.414677239e-06	10
7.023307746e-06	3.414677239e-06	10
7.023307746e-06	3.414677239e-06	10
7.023307746e-06	3.414677239e-06	10
7.023307746e-06	3.414677239e-06	10
7.023307746e-06	3.414677239e-06	10
7.023307746e-06	3.414677239e-06	10
7.023307746e-06	3.414677239e-06	10
7.023307746e-06	3.414677239e-06	10
7.023307746e-06	3.414677239e-06	10
7.023307746e-06	3.414677239e-06	10
7.023307746e-06	3.414677239e-06	10
7.023307746e-06	3.414677239e-06	10
7.023307746e-06	3.414677239e-06	10
7.023307746e-06	3.414677239e-06	10
7.023307746e-06	3.414677239e-06	10
7.023307746e-06	3.414677239e-06	10
7.023307746e-06	3.414677239e-06	10
7.023307746e-06	3.414677239e-06	10
7.023307746e-06	3.414677239e-06	10
7.023307746e-06	3.414677239e-06	10
7.023307746e-06	3.414677239e-06	10
7.023307746e-06	3.414677239e-06	0
7.033083845e-06	3.400183575e-06	0
7.042859945e-06	3.385689911e-06	0
7.052636045e-06	3.371196247e-06	0
7.062412145e-06	3.356702583e-06	0
7.062412145e-06	3.356702583e-06	10
7.062412145e-06	3.356702583e-06	10
7.062412145e-06	3.356702583e-06	10
7.062412145e-06	3.356702583e-06	10
7.062412145e-06	3.356702583e-06	10
7.062412145e-06	3.356702583e-06	10
7.062412145e-06	3.356702583e-06	10
7.062412145e-06	3.356702583e-06	10
7.062412145e-06	3.356702583e-06	10
7.062412145e-06	3.356702583e-06	10
7.062412145e-06	3.356702583e-06	10
7.062412145e-06	3.356702583e-06	10
7.062412145e-06	3.356702583e-06	10
7.062412145e-06	3.356702583e-06	10
7.062412145e-06	3.356702583e-06	10
7.062412145e-06	3.356702583e-06	10
7.062412145e-06	3.356702583e-06	10
7.062412145e-06	3.356702583e-06	10
7.062412145e-06	3.356702583e-06	10
7.062412145e-06	3.356702583e-06	10
7.062412145e-06	3.356702583e-06	10
7.062412145e-06	3.356702583e-06	10
7.062412145e-06	3.356702583e-06	10
7.062412145e-06	3.356702583e-06	10
7.062412145e-06	3.356702583e-06	10
7.062412145e-06	3.356702583e-06	0
7.072188244e-06	3.34220892e-06	0
7.081964344e-06	3.327715256e-06	0
7.091740444e-06	3.313221592e-06	0
7.101516543e-06	3.298727928e-06	0
7.101516543e-06	3.298727928e-06	10
7.101516543e-06	3.298727928e-06	10
7.101516543e-06	3.298727928e-06	10
7.101516543e-06	3.298727928e-06	10
7.101516543e-06	3.298727928e-06	10
7.101516543e-06	3.298727928e-06	10
7.101516543e-06	3.298727928e-06	10
7.101516543e-06	3.298727928e-06	10
7.101516543e-06	3.298727928e-06	10
7.101516543e-06	3.298727928e-06	10
7.101516543e-06	3.298727928e-06	10
7.101516543e-06	3.298727928e-06	10
7.101516543e-06	3.298727928e-06	10
7.101516543e-06	3.298727928e-06	10
7.101516543e-06	3.298727928e-06	10
7.101516543e-06	3.298727928e-06	10
7.101516543e-06	3.298727928e-06	10
7.101516543e-06	3.298727928e-06	10
7.101516543e-06	3.298727928e-06	10
7.101516543e-06	3.298727928e-06	10
7.101516543e-06	3.298727928e-06	10
7.101516543e-06	3.298727928e-06	10
7.101516543e-06	3.298727928e-06	10
7.101516543e-06	3.298727928e-06	10
7.101516543e-06	3.298727928e-06	10
7.101516543e-06	3.298727928e-06	0
7.111292643e-06	3.284234264e-06	0
7.121068743e-06	3.2697406e-06	0
7.130844843e-06	3.255246936e-06	0
7.140620942e-06	3.240753273e-06	0
7.140620942e-06	3.240753273e-06	10
7.140620942e-06	3.240753273e-06	10
7.140620942e-06	3.240753273e-06	10
7.140620942e-06	3.240753273e-06	10
7.140620942e-06	3.240753273e-06	10
7.140620942e-06	3.240753273e-06	10
7.140620942e-06	3.240753273e-06	10
7.140620942e-06	3.240753273e-06	10
7.140620942e-06	3.240753273e-06	10
7.140620942e-06	3.240753273e-06	10
7.140620942e-06	3.240753273e-06	10
7.140620942e-06	3.240753273e-06	10
7.140620942e-06	3.240753273e-06	10
7.140620942e-06	3.240753273e-06	10
7.140620942e-06	3.240753273e-06	10
7.140620942e-06	3.240753273e-06	10
7.140620942e-06	3.240753273e-06	10
7.140620942e-06	3.240753273e-06	10
7.140620942e-06	3.240753273e-06	10
7.140620942e-06	3.240753273e-06	10
7.140620942e-06	3.240753273e-06	10
7.140620942e-06	3.240753273e-06	10
7.140620942e-06	3.240753273e-06	10
7.140620942e-06	3.240753273e-06	10
7.140620942e-06	3.240753273e-06	10
7.140620942e-06	3.240753273e-06	0
7.150397042e-06	3.226259609e-06	0
7.160173142e-06	3.211765945e-06	0
7.169949241e-06	3.197272281e-06	0
7.179725341e-06	3.182778617e-06	0
7.179725341e-06	3.182778617e-06	10
7.179725341e-06	3.182778617e-06	10
7.179725341e-06	3.182778617e-06	10
7.179725341e-06	3.182778617e-06	10
7.179725341e-06	3.182778617e-06	10
7.179725341e-06	3.182778617e-06	10
7.179725341e-06	3.182778617e-06	10
7.179725341e-06	3.182778617e-06	10
7.179725341e-06	3.182778617e-06	10
7.179725341e-06	3.182778617e-06	10
7.179725341e-06	3.182778617e-06	10
7.179725341e-06	3.182778617e-06	10
7.179725341e-06	3.182778617e-06	10
7.179725341e-06	3.182778617e-06	10
7.179725341e-06	3.182778617e-06	10
7.179725341e-06	3.182778617e-06	10
7.179725341e-06	3.182778617e-06	10
7.179725341e-06	3.182778617e-06	10
7.179725341e-06	3.182778617e-06	10
7.179725341e-06	3.182778617e-06	10
7.179725341e-06	3.182778617e-06	10
7.179725341e-06	3.182778617e-06	10
7.179725341e-06	3.182778617e-06	10
7.179725341e-06	3.182778617e-06	10
7.179725341e-06	3.182778617e-06	10
7.179725341e-06	3.182778617e-06	0
7.189501441e-06	3.168284953e-06	0
7.199277541e-06	3.153791289e-06	0
7.20905364e-06	3.139297626e-06	0
7.21882974e-06	3.124803962e-06	0
7.21882974e-06	3.124803962e-06	10
7.21882974e-06	3.124803962e-06	10
7.21882974e-06	3.124803962e-06	10
7.21882974e-06	3.124803962e-06	10
7.21882974e-06	3.124803962e-06	10
7.21882974e-06	3.124803962e-06	10
7.21882974e-06	3.124803962e-06	10
7.21882974e-06	3.124803962e-06	10
7.21882974e-06	3.124803962e-06	10
7.21882974e-06	3.124803962e-06	10
7.21882974e-06	3.124803962e-06	10
7.21882974e-06	3.124803962e-06	10
7.21882974e-06	3.124803962e-06	10
7.21882974e-06	3.124803962e-06	10
7.21882974e-06	3.124803962e-06	10
7.21882974e-06	3.124803962e-06	10
7.21882974e-06	3.124803962e-06	10
7.21882974e-06	3.124803962e-06	10
7.21882974e-06	3.124803962e-06	10
7.21882974e-06	3.124803962e-06	10
7.21882974e-06	3.124803962e-06	10
7.21882974e-06	3.124803962e-06	10
7.21882974e-06	3.124803962e-06	10
7.21882974e-06	3.124803962e-06	10
7.21882974e-06	3.124803962e-06	10
7.21882974e-06	3.124803962e-06	0
7.22860584e-06	3.110310298e-06	0
7.238381939e-06	3.095816634e-06	0
7.248158039e-06	3.08132297e-06	0
7.257934139e-06	3.066829306e-06	0
7.257934139e-06	3.066829306e-06	10
7.257934139e-06	3.066829306e-06	10
7.257934139e-06	3.066829306e-06	10
7.257934139e-06	3.066829306e-06	10
7.257934139e-06	3.066829306e-06	10
7.257934139e-06	3.066829306e-06	10
7.257934139e-06	3.066829306e-06	10
7.257934139e-06	3.066829306e-06	10
7.257934139e-06	3.066829306e-06	10
7.257934139e-06	3.066829306e-06	10
7.257934139e-06	3.066829306e-06	10
7.257934139e-06	3.066829306e-06	10
7.257934139e-06	3.066829306e-06	10
7.257934139e-06	3.066829306e-06	10
7.257934139e-06	3.066829306e-06	10
7.257934139e-06	3.066829306e-06	10
7.257934139e-06	3.066829306e-06	10
7.257934139e-06	3.066829306e-06	10
7.257934139e-06	3.066829306e-06	10
7.257934139e-06	3.066829306e-06	10
7.257934139e-06	3.066829306e-06	10
7.257934139e-06	3.066829306e-06	10
7.257934139e-06	3.066829306e-06	10
7.257934139e-06	3.066829306e-06	10
7.257934139e-06	3.066829306e-06	10
7.257934139e-06	3.066829306e-06	0
7.267710239e-06	3.052335642e-06	0
7.277486338e-06	3.037841979e-06	0
7.287262438e-06	3.023348315e-06	0
7.297038538e-06	3.008854651e-06	0
7.297038538e-06	3.008854651e-06	10
7.297038538e-06	3.008854651e-06	10
7.297038538e-06	3.008854651e-06	10
7.297038538e-06	3.008854651e-06	10
7.297038538e-06	3.008854651e-06	10
7.297038538e-06	3.008854651e-06	10
7.297038538e-06	3.008854651e-06	10
7.297038538e-06	3.008854651e-06	10
7.297038538e-06	3.008854651e-06	10
7.297038538e-06	3.008854651e-06	10
7.297038538e-06	3.008854651e-06	10
7.297038538e-06	3.008854651e-06	10
7.297038538e-06	3.008854651e-06	10
7.297038538e-06	3.008854651e-06	10
7.297038538e-06	3.008854651e-06	10
7.297038538e-06	3.008854651e-06	10
7.297038538e-06	3.008854651e-06	10
7.297038538e-06	3.008854651e-06	10
7.297038538e-06	3.008854651e-06	10
7.297038538e-06	3.008854651e-06	10
7.297038538e-06	3.008854651e-06	10
7.297038538e-06	3.008854651e-06	10
7.297038538e-06	3.008854651e-06	10
7.297038538e-06	3.008854651e-06	10
7.297038538e-06	3.008854651e-06	10
7.297038538e-06	3.008854651e-06	0
7.306814637e-06	2.994360987e-06	0
7.316590737e-06	2.979867323e-06	0
7.326366837e-06	2.965373659e-06	0
7.336142937e-06	2.950879995e-06	0
7.336142937e-06	2.950879995e-06	10
7.336142937e-06	2.950879995e-06	10
7.336142937e-06	2.950879995e-06	10
7.336142937e-06	2.950879995e-06	10
7.336142937e-06	2.950879995e-06	10
7.336142937e-06	2.950879995e-06	10
7.336142937e-06	2.950879995e-06	10
7.336142937e-06	2.950879995e-06	10
7.336142937e-06	2.950879995e-06	10
7.336142937e-06	2.950879995e-06	10
7.336142937e-06	2.950879995e-06	10
7.336142937e-06	2.950879995e-06	10
7.336142937e-06	2.950879995e-06	10
7.336142937e-06	2.950879995e-06	10
7.336142937e-06	2.950879995e-06	10
7.336142937e-06	2.950879995e-06	10
7.336142937e-06	2.950879995e-06	10
7.336142937e-06	2.950879995e-06	10
7.336142937e-06	2.950879995e-06	10
7.336142937e-06	2.950879995e-06	10
7.336142937e-06	2.950879995e-06	10
7.336142937e-06	2.950879995e-06	10
7.336142937e-06	2.950879995e-06	10
7.336142937e-06	2.950879995e-06	10
7.336142937e-06	2.950879995e-06	10
7.336142937e-06	2.950879995e-06	0
7.345919036e-06	2.936386332e-06	0
7.355695136e-06	2.921892668e-06	0
7.365471236e-06	2.907399004e-06	0
7.375247335e-06	2.89290534e-06	0
7.375247335e-06	2.89290534e-06	10
7.375247335e-06	2.89290534e-06	10
7.375247335e-06	2.89290534e-06	10
7.375247335e-06	2.89290534e-06	10
7.375247335e-06	2.89290534e-06	10
7.375247335e-06	2.89290534e-06	10
7.375247335e-06	2.89290534e-06	10
7.375247335e-06	2.89290534e-06	10
7.375247335e-06	2.89290534e-06	10
7.375247335e-06	2.89290534e-06	10
7.375247335e-06	2.89290534e-06	10
7.375247335e-06	2.89290534e-06	10
7.375247335e-06	2.89290534e-06	10
7.375247335e-06	2.89290534e-06	10
7.375247335e-06	2.89290534e-06	10
7.375247335e-06	2.89290534e-06	10
7.375247335e-06	2.89290534e-06	10
7.375247335e-06	2.89290534e-06	10
7.375247335e-06	2.89290534e-06	10
7.375247335e-06	2.89290534e-06	10
7.375247335e-06	2.89290534e-06	10
7.375247335e-06	2.89290534e-06	10
7.375247335e-06	2.89290534e-06	10
7.375247335e-06	2.89290534e-06	10
7.375247335e-06	2.89290534e-06	10
7.375247335e-06	2.89290534e-06	0
7.360753672e-06	2.88312924e-06	0
7.346260008e-06	2.873353141e-06	0
7.331766344e-06	2.863577041e-06	0
7.31727268e-06	2.853800941e-06	0
7.31727268e-06	2.853800941e-06	-10
7.31727268e-06	2.853800941e-06	-10
7.31727268e-06	2.853800941e-06	-10
7.31727268e-06	2.853800941e-06	-10
7.31727268e-06	2.853800941e-06	-10
7.31727268e-06	2.853800941e-06	-10
7.31727268e-06	2.853800941e-06	-10
7.31727268e-06	2.853800941e-06	-10
7.31727268e-06	2.853800941e-06	-10
7.31727268e-06	2.853800941e-06	-10
7.31727268e-06	2.853800941e-06	-10
7.31727268e-06	2.853800941e-06	-10
7.31727268e-06	2.853800941e-06	-10
7.31727268e-06	2.853800941e-06	-10
7.31727268e-06	2.853800941e-06	-10
7.31727268e-06	2.853800941e-06	-10
7.31727268e-06	2.853800941e-06	-10
7.31727268e-06	2.853800941e-06	-10
7.31727268e-06	2.853800941e-06	-10
7.31727268e-06	2.853800941e-06	-10
7.31727268e-06	2.853800941e-06	-10
7.31727268e-06	2.853800941e-06	-10
7.31727268e-06	2.853800941e-06	-10
7.31727268e-06	2.853800941e-06	-10
7.31727268e-06	2.853800941e-06	-10
7.31727268e-06	2.853800941e-06	0
7.30749658e-06	2.868294605e-06	0
7.297720481e-06	2.882788269e-06	0
7.287944381e-06	2.897281933e-06	0
7.278168281e-06	2.911775597e-06	0
7.278168281e-06	2.911775597e-06	-10
7.278168281e-06	2.911775597e-06	-10
7.278168281e-06	2.911775597e-06	-10
7.278168281e-06	2.911775597e-06	-10
7.278168281e-06	2.911775597e-06	-10
7.278168281e-06	2.911775597e-06	-10
7.278168281e-06	2.911775597e-06	-10
7.278168281e-06	2.911775597e-06	-10
7.278168281e-06	2.911775597e-06	-10
7.278168281e-06	2.911775597e-06	-10
7.278168281e-06	2.911775597e-06	-10
7.278168281e-06	2.911775597e-06	-10
7.278168281e-06	2.911775597e-06	-10
7.278168281e-06	2.911775597e-06	-10
7.278168281e-06	2.911775597e-06	-10
7.278168281e-06	2.911775597e-06	-10
7.278168281e-06	2.911775597e-06	-10
7.278168281e-06	2.911775597e-06	-10
7.278168281e-06	2.911775597e-06	-10
7.278168281e-06	2.911775597e-06	-10
7.278168281e-06	2.911775597e-06	-10
7.278168281e-06	2.911775597e-06	-10
7.278168281e-06	2.911775597e-06	-10
7.278168281e-06	2.911775597e-06	-10
7.278168281e-06	2.911775597e-06	-10
7.278168281e-06	2.911775597e-06	0
7.268392181e-06	2.92626926e-06	0
7.258616082e-06	2.940762924e-06	0
7.248839982e-06	2.955256588e-06	0
7.239063882e-06	2.969750252e-06	0
7.239063882e-06	2.969750252e-06	-10
7.239063882e-06	2.969750252e-06	-10
7.239063882e-06	2.969750252e-06	-10
7.239063882e-06	2.969750252e-06	-10
7.239063882e-06	2.969750252e-06	-10
7.239063882e-06	2.969750252e-06	-10
7.239063882e-06	2.969750252e-06	-10
7.239063882e-06	2.969750252e-06	-10
7.239063882e-06	2.969750252e-06	-10
7.239063882e-06	2.969750252e-06	-10
7.239063882e-06	2.969750252e-06	-10
7.239063882e-06	2.969750252e-06	-10
7.239063882e-06	2.969750252e-06	-10
7.239063882e-06	2.969750252e-06	-10
7.239063882e-06	2.969750252e-06	-10
7.239063882e-06	2.969750252e-06	-10
7.239063882e-06	2.969750252e-06	-10
7.239063882e-06	2.969750252e-06	-10
7.239063882e-06	2.969750252e-06	-10
7.239063882e-06	2.969750252e-06	-10
7.239063882e-06	2.969750252e-06	-10
7.239063882e-06	2.969750252e-06	-10
7.239063882e-06	2.969750252e-06	-10
7.239063882e-06	2.969750252e-06	-10
7.239063882e-06	2.969750252e-06	-10
7.239063882e-06	2.969750252e-06	0
7.229287783e-06	2.984243916e-06	0
7.219511683e-06	2.99873758e-06	0
7.209735583e-06	3.013231244e-06	0
7.199959483e-06	3.027724907e-06	0
7.199959483e-06	3.027724907e-06	-10
7.199959483e-06	3.027724907e-06	-10
7.199959483e-06	3.027724907e-06	-10
7.199959483e-06	3.027724907e-06	-10
7.199959483e-06	3.027724907e-06	-10
7.199959483e-06	3.027724907e-06	-10
7.199959483e-06	3.027724907e-06	-10
7.199959483e-06	3.027724907e-06	-10
7.199959483e-06	3.027724907e-06	-10
7.199959483e-06	3.027724907e-06	-10
7.199959483e-06	3.027724907e-06	-10
7.199959483e-06	3.027724907e-06	-10
7.199959483e-06	3.027724907e-06	-10
7.199959483e-06	3.027724907e-06	-10
7.199959483e-06	3.027724907e-06	-10
7.199959483e-06	3.027724907e-06	-10
7.199959483e-06	3.027724907e-06	-10
7.199959483e-06	3.027724907e-06	-10
7.199959483e-06	3.027724907e-06	-10
7.199959483e-06	3.027724907e-06	-10
7.199959483e-06	3.027724907e-06	-10
7.199959483e-06	3.027724907e-06	-10
7.199959483e-06	3.027724907e-06	-10
7.199959483e-06	3.027724907e-06	-10
7.199959483e-06	3.027724907e-06	-10
7.199959483e-06	3.027724907e-06	0
7.190183384e-06	3.042218571e-06	0
7.180407284e-06	3.056712235e-06	0
7.170631184e-06	3.071205899e-06	0
7.160855085e-06	3.085699563e-06	0
7.160855085e-06	3.085699563e-06	-10
7.160855085e-06	3.085699563e-06	-10
7.160855085e-06	3.085699563e-06	-10
7.160855085e-06	3.085699563e-06	-10
7.160855085e-06	3.085699563e-06	-10
7.160855085e-06	3.085699563e-06	-10
7.160855085e-06	3.085699563e-06	-10
7.160855085e-06	3.085699563e-06	-10
7.160855085e-06	3.085699563e-06	-10
7.160855085e-06	3.085699563e-06	-10
7.160855085e-06	3.085699563e-06	-10
7.160855085e-06	3.085699563e-06	-10
7.160855085e-06	3.085699563e-06	-10
7.160855085e-06	3.085699563e-06	-10
7.160855085e-06	3.085699563e-06	-10
7.160855085e-06	3.085699563e-06	-10
7.160855085e-06	3.085699563e-06	-10
7.160855085e-06	3.085699563e-06	-10
7.160855085e-06	3.085699563e-06	-10
7.160855085e-06	3.085699563e-06	-10
7.160855085e-06	3.085699563e-06	-10
7.160855085e-06	3.085699563e-06	-10
7.160855085e-06	3.085699563e-06	-10
7.160855085e-06	3.085699563e-06	-10
7.160855085e-06	3.085699563e-06	-10
7.160855085e-06	3.085699563e-06	0
7.151078985e-06	3.100193227e-06	0
7.141302885e-06	3.114686891e-06	0
7.131526785e-06	3.129180554e-06	0
7.121750686e-06	3.143674218e-06	0
7.121750686e-06	3.143674218e-06	-10
7.121750686e-06	3.143674218e-06	-10
7.121750686e-06	3.143674218e-06	-10
7.121750686e-06	3.143674218e-06	-10
7.121750686e-06	3.143674218e-06	-10
7.121750686e-06	3.143674218e-06	-10
7.121750686e-06	3.143674218e-06	-10
7.121750686e-06	3.143674218e-06	-10
7.121750686e-06	3.143674218e-06	-10
7.121750686e-06	3.143674218e-06	-10
7.121750686e-06	3.143674218e-06	-10
7.121750686e-06	3.143674218e-06	-10
7.121750686e-06	3.143674218e-06	-10
7.121750686e-06	3.143674218e-06	-10
7.121750686e-06	3.143674218e-06	-10
7.121750686e-06	3.143674218e-06	-10
7.121750686e-06	3.143674218e-06	-10
7.121750686e-06	3.143674218e-06	-10
7.121750686e-06	3.143674218e-06	-10
7.121750686e-06	3.143674218e-06	-10
7.121750686e-06	3.143674218e-06	-10
7.121750686e-06	3.143674218e-06	-10
7.121750686e-06	3.143674218e-06	-10
7.121750686e-06	3.143674218e-06	-10
7.121750686e-06	3.143674218e-06	-10
7.121750686e-06	3.143674218e-06	0
7.111974586e-06	3.158167882e-06	0
7.102198486e-06	3.172661546e-06	0
7.092422387e-06	3.18715521e-06	0
7.082646287e-06	3.201648874e-06	0
7.082646287e-06	3.201648874e-06	-10
7.082646287e-06	3.201648874e-06	-10
7.082646287e-06	3.201648874e-06	-10
7.082646287e-06	3.201648874e-06	-10
7.082646287e-06	3.201648874e-06	-10
7.082646287e-06	3.201648874e-06	-10
7.082646287e-06	3.201648874e-06	-10
7.082646287e-06	3.201648874e-06	-10
7.082646287e-06	3.201648874e-06	-10
7.082646287e-06	3.201648874e-06	-10
7.082646287e-06	3.201648874e-06	-10
7.082646287e-06	3.201648874e-06	-10
7.082646287e-06	3.201648874e-06	-10
7.082646287e-06	3.201648874e-06	-10
7.082646287e-06	3.201648874e-06	-10
7.082646287e-06	3.201648874e-06	-10
7.082646287e-06	3.201648874e-06	-10
7.082646287e-06	3.201648874e-06	-10
7.082646287e-06	3.201648874e-06	-10
7.082646287e-06	3.201648874e-06	-10
7.082646287e-06	3.201648874e-06	-10
7.082646287e-06	3.201648874e-06	-10
7.082646287e-06	3.201648874e-06	-10
7.082646287e-06	3.201648874e-06	-10
7.082646287e-06	3.201648874e-06	-10
7.082646287e-06	3.201648874e-06	0
7.072870187e-06	3.216142538e-06	0
7.063094087e-06	3.230636201e-06	0
7.053317988e-06	3.245129865e-06	0
7.043541888e-06	3.259623529e-06	0
7.043541888e-06	3.259623529e-06	-10
7.043541888e-06	3.259623529e-06	-10
7.043541888e-06	3.259623529e-06	-10
7.043541888e-06	3.259623529e-06	-10
7.043541888e-06	3.259623529e-06	-10
7.043541888e-06	3.259623529e-06	-10
7.043541888e-06	3.259623529e-06	-10
7.043541888e-06	3.259623529e-06	-10
7.043541888e-06	3.259623529e-06	-10
7.043541888e-06	3.259623529e-06	-10
7.043541888e-06	3.259623529e-06	-10
7.043541888e-06	3.259623529e-06	-10
7.043541888e-06	3.259623529e-06	-10
7.043541888e-06	3.259623529e-06	-10
7.043541888e-06	3.259623529e-06	-10
7.043541888e-06	3.259623529e-06	-10
7.043541888e-06	3.259623529e-06	-10
7.043541888e-06	3.259623529e-06	-10
7.043541888e-06	3.259623529e-06	-10
7.043541888e-06	3.259623529e-06	-10
7.043541888e-06	3.259623529e-06	-10
7.043541888e-06	3.259623529e-06	-10
7.043541888e-06	3.259623529e-06	-10
7.043541888e-06	3.259623529e-06	-10
7.043541888e-06	3.259623529e-06	-10
7.043541888e-06	3.259623529e-06	0
7.033765788e-06	3.274117193e-06	0
7.023989689e-06	3.288610857e-06	0
7.014213589e-06	3.303104521e-06	0
7.004437489e-06	3.317598185e-06	0
7.004437489e-06	3.317598185e-06	-10
7.004437489e-06	3.317598185e-06	-10
7.004437489e-06	3.317598185e-06	-10
7.004437489e-06	3.317598185e-06	-10
7.004437489e-06	3.317598185e-06	-10
7.004437489e-06	3.317598185e-06	-10
7.004437489e-06	3.317598185e-06	-10
7.004437489e-06	3.317598185e-06	-10
7.004437489e-06	3.317598185e-06	-10
7.004437489e-06	3.317598185e-06	-10
7.004437489e-06	3.317598185e-06	-10
7.004437489e-06	3.317598185e-06	-10
7.004437489e-06	3.317598185e-06	-10
7.004437489e-06	3.317598185e-06	-10
7.004437489e-06	3.317598185e-06	-10
7.004437489e-06	3.317598185e-06	-10
7.004437489e-06	3.317598185e-06	-10
7.004437489e-06	3.317598185e-06	-10
7.004437489e-06	3.317598185e-06	-10
7.004437489e-06	3.317598185e-06	-10
7.004437489e-06	3.317598185e-06	-10
7.004437489e-06	3.317598185e-06	-10
7.004437489e-06	3.317598185e-06	-10
7.004437489e-06	3.317598185e-06	-10
7.004437489e-06	3.317598185e-06	-10
7.004437489e-06	3.317598185e-06	0
6.994661389e-06	3.332091848e-06	0
6.98488529e-06	3.346585512e-06	0
6.97510919e-06	3.361079176e-06	0
6.96533309e-06	3.37557284e-06	0
6.96533309e-06	3.37557284e-06	-10
6.96533309e-06	3.37557284e-06	-10
6.96533309e-06	3.37557284e-06	-10
6.96533309e-06	3.37557284e-06	-10
6.96533309e-06	3.37557284e-06	-10
6.96533309e-06	3.37557284e-06	-10
6.96533309e-06	3.37557284e-06	-10
6.96533309e-06	3.37557284e-06	-10
6.96533309e-06	3.37557284e-06	-10
6.96533309e-06	3.37557284e-06	-10
6.96533309e-06	3.37557284e-06	-10
6.96533309e-06	3.37557284e-06	-10
6.96533309e-06	3.37557284e-06	-10
6.96533309e-06	3.37557284e-06	-10
6.96533309e-06	3.37557284e-06	-10
6.96533309e-06	3.37557284e-06	-10
6.96533309e-06	3.37557284e-06	-10
6.96533309e-06	3.37557284e-06	-10
6.96533309e-06	3.37557284e-06	-10
6.96533309e-06	3.37557284e-06	-10
6.96533309e-06	3.37557284e-06	-10
6.96533309e-06	3.37557284e-06	-10
6.96533309e-06	3.37557284e-06	-10
6.96533309e-06	3.37557284e-06	-10
6.96533309e-06	3.37557284e-06	-10
6.96533309e-06	3.37557284e-06	0
6.955556991e-06	3.390066504e-06	0
6.945780891e-06	3.404560168e-06	0
6.936004791e-06	3.419053832e-06	0
6.926228692e-06	3.433547495e-06	0
6.926228692e-06	3.433547495e-06	-10
6.926228692e-06	3.433547495e-06	-10
6.926228692e-06	3.433547495e-06	-10
6.926228692e-06	3.433547495e-06	-10
6.926228692e-06	3.433547495e-06	-10
6.926228692e-06	3.433547495e-06	-10
6.926228692e-06	3.433547495e-06	-10
6.926228692e-06	3.433547495e-06	-10
6.926228692e-06	3.433547495e-06	-10
6.926228692e-06	3.433547495e-06	-10
6.926228692e-06	3.433547495e-06	-10
6.926228692e-06	3.433547495e-06	-10
6.926228692e-06	3.433547495e-06	-10
6.926228692e-06	3.433547495e-06	-10
6.926228692e-06	3.433547495e-06	-10
6.926228692e-06	3.433547495e-06	-10
6.926228692e-06	3.433547495e-06	-10
6.926228692e-06	3.433547495e-06	-10
6.926228692e-06	3.433547495e-06	-10
6.926228692e-06	3.433547495e-06	-10
6.926228692e-06	3.433547495e-06	-10
6.926228692e-06	3.433547495e-06	-10
6.926228692e-06	3.433547495e-06	-10
6.926228692e-06	3.433547495e-06	-10
6.926228692e-06	3.433547495e-06	-10
6.926228692e-06	3.433547495e-06	0
6.916452592e-06	3.448041159e-06	0
6.906676492e-06	3.462534823e-06	0
6.896900392e-06	3.477028487e-06	0
6.887124293e-06	3.491522151e-06	0
6.887124293e-06	3.491522151e-06	-10
6.887124293e-06	3.491522151e-06	-10
6.887124293e-06	3.491522151e-06	-10
6.887124293e-06	3.491522151e-06	-10
6.887124293e-06	3.491522151e-06	-10
6.887124293e-06	3.491522151e-06	-10
6.887124293e-06	3.491522151e-06	-10
6.887124293e-06	3.491522151e-06	-10
6.887124293e-06	3.491522151e-06	-10
6.887124293e-06	3.491522151e-06	-10
6.887124293e-06	3.491522151e-06	-10
6.887124293e-06	3.491522151e-06	-10
6.887124293e-06	3.491522151e-06	-10
6.887124293e-06	3.491522151e-06	-10
6.887124293e-06	3.491522151e-06	-10
6.887124293e-06	3.491522151e-06	-10
6.887124293e-06	3.491522151e-06	-10
6.887124293e-06	3.491522151e-06	-10
6.887124293e-06	3.491522151e-06	-10
6.887124293e-06	3.491522151e-06	-10
6.887124293e-06	3.491522151e-06	-10
6.887124293e-06	3.491522151e-06	-10
6.887124293e-06	3.491522151e-06	-10
6.887124293e-06	3.491522151e-06	-10
6.887124293e-06	3.491522151e-06	-10
6.887124293e-06	3.491522151e-06	0
6.877348193e-06	3.506015815e-06	0
6.867572093e-06	3.520509479e-06	0
6.857795994e-06	3.535003142e-06	0
6.848019894e-06	3.549496806e-06	0
6.848019894e-06	3.549496806e-06	-10
6.848019894e-06	3.549496806e-06	-10
6.848019894e-06	3.549496806e-06	-10
6.848019894e-06	3.549496806e-06	-10
6.848019894e-06	3.549496806e-06	-10
6.848019894e-06	3.549496806e-06	-10
6.848019894e-06	3.549496806e-06	-10
6.848019894e-06	3.549496806e-06	-10
6.848019894e-06	3.549496806e-06	-10
6.848019894e-06	3.549496806e-06	-10
6.848019894e-06	3.549496806e-06	-10
6.848019894e-06	3.549496806e-06	-10
6.848019894e-06	3.549496806e-06	-10
6.848019894e-06	3.549496806e-06	-10
6.848019894e-06	3.549496806e-06	-10
6.848019894e-06	3.549496806e-06	-10
6.848019894e-06	3.549496806e-06	-10
6.848019894e-06	3.549496806e-06	-10
6.848019894e-06	3.549496806e-06	-10
6.848019894e-06	3.549496806e-06	-10
6.848019894e-06	3.549496806e-06	-10
6.848019894e-06	3.549496806e-06	-10
6.848019894e-06	3.549496806e-06	-10
6.848019894e-06	3.549496806e-06	-10
6.848019894e-06	3.549496806e-06	-10
6.848019894e-06	3.549496806e-06	0
6.838243794e-06	3.56399047e-06	0
6.828467694e-06	3.578484134e-06	0
6.818691595e-06	3.592977798e-06	0
6.808915495e-06	3.607471462e-06	0
6.808915495e-06	3.607471462e-06	-10
6.808915495e-06	3.607471462e-06	-10
6.808915495e-06	3.607471462e-06	-10
6.808915495e-06	3.607471462e-06	-10
6.808915495e-06	3.607471462e-06	-10
6.808915495e-06	3.607471462e-06	-10
6.808915495e-06	3.607471462e-06	-10
6.808915495e-06	3.607471462e-06	-10
6.808915495e-06	3.607471462e-06	-10
6.808915495e-06	3.607471462e-06	-10
6.808915495e-06	3.607471462e-06	-10
6.808915495e-06	3.607471462e-06	-10
6.808915495e-06	3.607471462e-06	-10
6.808915495e-06	3.607471462e-06	-10
6.808915495e-06	3.607471462e-06	-10
6.808915495e-06	3.607471462e-06	-10
6.808915495e-06	3.607471462e-06	-10
6.808915495e-06	3.607471462e-06	-10
6.808915495e-06	3.607471462e-06	-10
6.808915495e-06	3.607471462e-06	-10
6.808915495e-06	3.607471462e-06	-10
6.808915495e-06	3.607471462e-06	-10
6.808915495e-06	3.607471462e-06	-10
6.808915495e-06	3.607471462e-06	-10
6.808915495e-06	3.607471462e-06	-10
6.808915495e-06	3.607471462e-06	0
6.799139395e-06	3.621965126e-06	0
6.789363296e-06	3.636458789e-06	0
6.779587196e-06	3.650952453e-06	0
6.769811096e-06	3.665446117e-06	0
6.769811096e-06	3.665446117e-06	-10
6.769811096e-06	3.665446117e-06	-10
6.769811096e-06	3.665446117e-06	-10
6.769811096e-06	3.665446117e-06	-10
6.769811096e-06	3.665446117e-06	-10
6.769811096e-06	3.665446117e-06	-10
6.769811096e-06	3.665446117e-06	-10
6.769811096e-06	3.665446117e-06	-10
6.769811096e-06	3.665446117e-06	-10
6.769811096e-06	3.665446117e-06	-10
6.769811096e-06	3.665446117e-06	-10
6.769811096e-06	3.665446117e-06	-10
6.769811096e-06	3.665446117e-06	-10
6.769811096e-06	3.665446117e-06	-10
6.769811096e-06	3.665446117e-06	-10
6.769811096e-06	3.665446117e-06	-10
6.769811096e-06	3.665446117e-06	-10
6.769811096e-06	3.665446117e-06	-10
6.769811096e-06	3.665446117e-06	-10
6.769811096e-06	3.665446117e-06	-10
6.769811096e-06	3.665446117e-06	-10
6.769811096e-06	3.665446117e-06	-10
6.769811096e-06	3.665446117e-06	-10
6.769811096e-06	3.665446117e-06	-10
6.769811096e-06	3.665446117e-06	-10
6.769811096e-06	3.665446117e-06	0
6.760034996e-06	3.679939781e-06	0
6.750258897e-06	3.694433445e-06	0
6.740482797e-06	3.708927109e-06	0
6.730706697e-06	3.723420773e-06	0
6.730706697e-06	3.723420773e-06	-10
6.730706697e-06	3.723420773e-06	-10
6.730706697e-06	3.723420773e-06	-10
6.730706697e-06	3.723420773e-06	-10
6.730706697e-06	3.723420773e-06	-10
6.730706697e-06	3.723420773e-06	-10
6.730706697e-06	3.723420773e-06	-10
6.730706697e-06	3.723420773e-06	-10
6.730706697e-06	3.723420773e-06	-10
6.730706697e-06	3.723420773e-06	-10
6.730706697e-06	3.723420773e-06	-10
6.730706697e-06	3.723420773e-06	-10
6.730706697e-06	3.723420773e-06	-10
6.730706697e-06	3.723420773e-06	-10
6.730706697e-06	3.723420773e-06	-10
6.730706697e-06	3.723420773e-06	-10
6.730706697e-06	3.723420773e-06	-10
6.730706697e-06	3.723420773e-06	-10
6.730706697e-06	3.723420773e-06	-10
6.730706697e-06	3.723420773e-06	-10
6.730706697e-06	3.723420773e-06	-10
6.730706697e-06	3.723420773e-06	-10
6.730706697e-06	3.723420773e-06	-10
6.730706697e-06	3.723420773e-06	-10
6.730706697e-06	3.723420773e-06	-10
6.730706697e-06	3.723420773e-06	0
6.720930598e-06	3.737914436e-06	0
6.711154498e-06	3.7524081e-06	0
6.701378398e-06	3.766901764e-06	0
6.691602298e-06	3.781395428e-06	0
6.691602298e-06	3.781395428e-06	-10
6.691602298e-06	3.781395428e-06	-10
6.691602298e-06	3.781395428e-06	-10
6.691602298e-06	3.781395428e-06	-10
6.691602298e-06	3.781395428e-06	-10
6.691602298e-06	3.781395428e-06	-10
6.691602298e-06	3.781395428e-06	-10
6.691602298e-06	3.781395428e-06	-10
6.691602298e-06	3.781395428e-06	-10
6.691602298e-06	3.781395428e-06	-10
6.691602298e-06	3.781395428e-06	-10
6.691602298e-06	3.781395428e-06	-10
6.691602298e-06	3.781395428e-06	-10
6.691602298e-06	3.781395428e-06	-10
6.691602298e-06	3.781395428e-06	-10
6.691602298e-06	3.781395428e-06	-10
6.691602298e-06	3.781395428e-06	-10
6.691602298e-06	3.781395428e-06	-10
6.691602298e-06	3.781395428e-06	-10
6.691602298e-06	3.781395428e-06	-10
6.691602298e-06	3.781395428e-06	-10
6.691602298e-06	3.781395428e-06	-10
6.691602298e-06	3.781395428e-06	-10
6.691602298e-06	3.781395428e-06	-10
6.691602298e-06	3.781395428e-06	-10
6.691602298e-06	3.781395428e-06	0
6.681826199e-06	3.795889092e-06	0
6.672050099e-06	3.810382756e-06	0
6.662273999e-06	3.82487642e-06	0
6.6524979e-06	3.839370083e-06	0
6.6524979e-06	3.839370083e-06	-10
6.6524979e-06	3.839370083e-06	-10
6.6524979e-06	3.839370083e-06	-10
6.6524979e-06	3.839370083e-06	-10
6.6524979e-06	3.839370083e-06	-10
6.6524979e-06	3.839370083e-06	-10
6.6524979e-06	3.839370083e-06	-10
6.6524979e-06	3.839370083e-06	-10
6.6524979e-06	3.839370083e-06	-10
6.6524979e-06	3.839370083e-06	-10
6.6524979e-06	3.839370083e-06	-10
6.6524979e-06	3.839370083e-06	-10
6.6524979e-06	3.839370083e-06	-10
6.6524979e-06	3.839370083e-06	-10
6.6524979e-06	3.839370083e-06	-10
6.6524979e-06	3.839370083e-06	-10
6.6524979e-06	3.839370083e-06	-10
6.6524979e-06	3.839370083e-06	-10
6.6524979e-06	3.839370083e-06	-10
6.6524979e-06	3.839370083e-06	-10
6.6524979e-06	3.839370083e-06	-10
6.6524979e-06	3.839370083e-06	-10
6.6524979e-06	3.839370083e-06	-10
6.6524979e-06	3.839370083e-06	-10
6.6524979e-06	3.839370083e-06	-10
6.6524979e-06	3.839370083e-06	0
6.6427218e-06	3.853863747e-06	0
6.6329457e-06	3.868357411e-06	0
6.6231696e-06	3.882851075e-06	0
6.613393501e-06	3.897344739e-06	0
6.613393501e-06	3.897344739e-06	-10
6.613393501e-06	3.897344739e-06	-10
6.613393501e-06	3.897344739e-06	-10
6.613393501e-06	3.897344739e-06	-10
6.613393501e-06	3.897344739e-06	-10
6.613393501e-06	3.897344739e-06	-10
6.613393501e-06	3.897344739e-06	-10
6.613393501e-06	3.897344739e-06	-10
6.613393501e-06	3.897344739e-06	-10
6.613393501e-06	3.897344739e-06	-10
6.613393501e-06	3.897344739e-06	-10
6.613393501e-06	3.897344739e-06	-10
6.613393501e-06	3.897344739e-06	-10
6.613393501e-06	3.897344739e-06	-10
6.613393501e-06	3.897344739e-06	-10
6.613393501e-06	3.897344739e-06	-10
6.613393501e-06	3.897344739e-06	-10
6.613393501e-06	3.897344739e-06	-10
6.613393501e-06	3.897344739e-06	-10
6.613393501e-06	3.897344739e-06	-10
6.613393501e-06	3.897344739e-06	-10
6.613393501e-06	3.897344739e-06	-10
6.613393501e-06	3.897344739e-06	-10
6.613393501e-06	3.897344739e-06	-10
6.613393501e-06	3.897344739e-06	-10
6.613393501e-06	3.897344739e-06	0
6.603617401e-06	3.911838403e-06	0
6.593841301e-06	3.926332067e-06	0
6.584065202e-06	3.94082573e-06	0
6.574289102e-06	3.955319394e-06	0
6.574289102e-06	3.955319394e-06	-10
6.574289102e-06	3.955319394e-06	-10
6.574289102e-06	3.955319394e-06	-10
6.574289102e-06	3.955319394e-06	-10
6.574289102e-06	3.955319394e-06	-10
6.574289102e-06	3.955319394e-06	-10
6.574289102e-06	3.955319394e-06	-10
6.574289102e-06	3.955319394e-06	-10
6.574289102e-06	3.955319394e-06	-10
6.574289102e-06	3.955319394e-06	-10
6.574289102e-06	3.955319394e-06	-10
6.574289102e-06	3.955319394e-06	-10
6.574289102e-06	3.955319394e-06	-10
6.574289102e-06	3.955319394e-06	-10
6.574289102e-06	3.955319394e-06	-10
6.574289102e-06	3.955319394e-06	-10
6.574289102e-06	3.955319394e-06	-10
6.574289102e-06	3.955319394e-06	-10
6.574289102e-06	3.955319394e-06	-10
6.574289102e-06	3.955319394e-06	-10
6.574289102e-06	3.955319394e-06	-10
6.574289102e-06	3.955319394e-06	-10
6.574289102e-06	3.955319394e-06	-10
6.574289102e-06	3.955319394e-06	-10
6.574289102e-06	3.955319394e-06	-10
6.574289102e-06	3.955319394e-06	0
6.559795438e-06	3.945543295e-06	0
6.545301774e-06	3.935767195e-06	0
6.53080811e-06	3.925991095e-06	0
6.516314446e-06	3.916214995e-06	0
6.516314446e-06	3.916214995e-06	-10
6.516314446e-06	3.916214995e-06	-10
6.516314446e-06	3.916214995e-06	-10
6.516314446e-06	3.916214995e-06	-10
6.516314446e-06	3.916214995e-06	-10
6.516314446e-06	3.916214995e-06	-10
6.516314446e-06	3.916214995e-06	-10
6.516314446e-06	3.916214995e-06	-10
6.516314446e-06	3.916214995e-06	-10
6.516314446e-06	3.916214995e-06	-10
6.516314446e-06	3.916214995e-06	-10
6.516314446e-06	3.916214995e-06	-10
6.516314446e-06	3.916214995e-06	-10
6.516314446e-06	3.916214995e-06	-10
6.516314446e-06	3.916214995e-06	-10
6.516314446e-06	3.916214995e-06	-10
6.516314446e-06	3.916214995e-06	-10
6.516314446e-06	3.916214995e-06	-10
6.516314446e-06	3.916214995e-06	-10
6.516314446e-06	3.916214995e-06	-10
6.516314446e-06	3.916214995e-06	-10
6.516314446e-06	3.916214995e-06	-10
6.516314446e-06	3.916214995e-06	-10
6.516314446e-06	3.916214995e-06	-10
6.516314446e-06	3.916214995e-06	-10
6.516314446e-06	3.916214995e-06	0
6.526090546e-06	3.901721332e-06	0
6.535866646e-06	3.887227668e-06	0
6.545642746e-06	3.872734004e-06	0
6.555418845e-06	3.85824034e-06	0
6.555418845e-06	3.85824034e-06	-10
6.555418845e-06	3.85824034e-06	-10
6.555418845e-06	3.85824034e-06	-10
6.555418845e-06	3.85824034e-06	-10
6.555418845e-06	3.85824034e-06	-10
6.555418845e-06	3.85824034e-06	-10
6.555418845e-06	3.85824034e-06	-10
6.555418845e-06	3.85824034e-06	-10
6.555418845e-06	3.85824034e-06	-10
6.555418845e-06	3.85824034e-06	-10
6.555418845e-06	3.85824034e-06	-10
6.555418845e-06	3.85824034e-06	-10
6.555418845e-06	3.85824034e-06	-10
6.555418845e-06	3.85824034e-06	-10
6.555418845e-06	3.85824034e-06	-10
6.555418845e-06	3.85824034e-06	-10
6.555418845e-06	3.85824034e-06	-10
6.555418845e-06	3.85824034e-06	-10
6.555418845e-06	3.85824034e-06	-10
6.555418845e-06	3.85824034e-06	-10
6.555418845e-06	3.85824034e-06	-10
6.555418845e-06	3.85824034e-06	-10
6.555418845e-06	3.85824034e-06	-10
6.555418845e-06	3.85824034e-06	-10
6.555418845e-06	3.85824034e-06	-10
6.555418845e-06	3.85824034e-06	0
6.565194945e-06	3.843746676e-06	0
6.574971045e-06	3.829253012e-06	0
6.584747144e-06	3.814759348e-06	0
6.594523244e-06	3.800265685e-06	0
6.594523244e-06	3.800265685e-06	-10
6.594523244e-06	3.800265685e-06	-10
6.594523244e-06	3.800265685e-06	-10
6.594523244e-06	3.800265685e-06	-10
6.594523244e-06	3.800265685e-06	-10
6.594523244e-06	3.800265685e-06	-10
6.594523244e-06	3.800265685e-06	-10
6.594523244e-06	3.800265685e-06	-10
6.594523244e-06	3.800265685e-06	-10
6.594523244e-06	3.800265685e-06	-10
6.594523244e-06	3.800265685e-06	-10
6.594523244e-06	3.800265685e-06	-10
6.594523244e-06	3.800265685e-06	-10
6.594523244e-06	3.800265685e-06	-10
6.594523244e-06	3.800265685e-06	-10
6.594523244e-06	3.800265685e-06	-10
6.594523244e-06	3.800265685e-06	-10
6.594523244e-06	3.800265685e-06	-10
6.594523244e-06	3.800265685e-06	-10
6.594523244e-06	3.800265685e-06	-10
6.594523244e-06	3.800265685e-06	-10
6.594523244e-06	3.800265685e-06	-10
6.594523244e-06	3.800265685e-06	-10
6.594523244e-06	3.800265685e-06	-10
6.594523244e-06	3.800265685e-06	-10
6.594523244e-06	3.800265685e-06	0
6.604299344e-06	3.785772021e-06	0
6.614075444e-06	3.771278357e-06	0
6.623851543e-06	3.756784693e-06	0
6.633627643e-06	3.742291029e-06	0
6.633627643e-06	3.742291029e-06	-10
6.633627643e-06	3.742291029e-06	-10
6.633627643e-06	3.742291029e-06	-10
6.633627643e-06	3.742291029e-06	-10
6.633627643e-06	3.742291029e-06	-10
6.633627643e-06	3.742291029e-06	-10
6.633627643e-06	3.742291029e-06	-10
6.633627643e-06	3.742291029e-06	-10
6.633627643e-06	3.742291029e-06	-10
6.633627643e-06	3.742291029e-06	-10
6.633627643e-06	3.742291029e-06	-10
6.633627643e-06	3.742291029e-06	-10
6.633627643e-06	3.742291029e-06	-10
6.633627643e-06	3.742291029e-06	-10
6.633627643e-06	3.742291029e-06	-10
6.633627643e-06	3.742291029e-06	-10
6.633627643e-06	3.742291029e-06	-10
6.633627643e-06	3.742291029e-06	-10
6.633627643e-06	3.742291029e-06	-10
6.633627643e-06	3.742291029e-06	-10
6.633627643e-06	3.742291029e-06	-10
6.633627643e-06	3.742291029e-06	-10
6.633627643e-06	3.742291029e-06	-10
6.633627643e-06	3.742291029e-06	-10
6.633627643e-06	3.742291029e-06	-10
6.633627643e-06	3.742291029e-06	0
6.643403743e-06	3.727797365e-06	0
6.653179842e-06	3.713303701e-06	0
6.662955942e-06	3.698810038e-06	0
6.672732042e-06	3.684316374e-06	0
6.672732042e-06	3.684316374e-06	-10
6.672732042e-06	3.684316374e-06	-10
6.672732042e-06	3.684316374e-06	-10
6.672732042e-06	3.684316374e-06	-10
6.672732042e-06	3.684316374e-06	-10
6.672732042e-06	3.684316374e-06	-10
6.672732042e-06	3.684316374e-06	-10
6.672732042e-06	3.684316374e-06	-10
6.672732042e-06	3.684316374e-06	-10
6.672732042e-06	3.684316374e-06	-10
6.672732042e-06	3.684316374e-06	-10
6.672732042e-06	3.684316374e-06	-10
6.672732042e-06	3.684316374e-06	-10
6.672732042e-06	3.684316374e-06	-10
6.672732042e-06	3.684316374e-06	-10
6.672732042e-06	3.684316374e-06	-10
6.672732042e-06	3.684316374e-06	-10
6.672732042e-06	3.684316374e-06	-10
6.672732042e-06	3.684316374e-06	-10
6.672732042e-06	3.684316374e-06	-10
6.672732042e-06	3.684316374e-06	-10
6.672732042e-06	3.684316374e-06	-10
6.672732042e-06	3.684316374e-06	-10
6.672732042e-06	3.684316374e-06	-10
6.672732042e-06	3.684316374e-06	-10
6.672732042e-06	3.684316374e-06	0
6.682508142e-06	3.66982271e-06	0
6.692284241e-06	3.655329046e-06	0
6.702060341e-06	3.640835382e-06	0
6.711836441e-06	3.626341718e-06	0
6.711836441e-06	3.626341718e-06	-10
6.711836441e-06	3.626341718e-06	-10
6.711836441e-06	3.626341718e-06	-10
6.711836441e-06	3.626341718e-06	-10
6.711836441e-06	3.626341718e-06	-10
6.711836441e-06	3.626341718e-06	-10
6.711836441e-06	3.626341718e-06	-10
6.711836441e-06	3.626341718e-06	-10
6.711836441e-06	3.626341718e-06	-10
6.711836441e-06	3.626341718e-06	-10
6.711836441e-06	3.626341718e-06	-10
6.711836441e-06	3.626341718e-06	-10
6.711836441e-06	3.626341718e-06	-10
6.711836441e-06	3.626341718e-06	-10
6.711836441e-06	3.626341718e-06	-10
6.711836441e-06	3.626341718e-06	-10
6.711836441e-06	3.626341718e-06	-10
6.711836441e-06	3.626341718e-06	-10
6.711836441e-06	3.626341718e-06	-10
6.711836441e-06	3.626341718e-06	-10
6.711836441e-06	3.626341718e-06	-10
6.711836441e-06	3.626341718e-06	-10
6.711836441e-06	3.626341718e-06	-10
6.711836441e-06	3.626341718e-06	-10
6.711836441e-06	3.626341718e-06	-10
6.711836441e-06	3.626341718e-06	0
6.72161254e-06	3.611848054e-06	0
6.73138864e-06	3.597354391e-06	0
6.74116474e-06	3.582860727e-06	0
6.75094084e-06	3.568367063e-06	0
6.75094084e-06	3.568367063e-06	-10
6.75094084e-06	3.568367063e-06	-10
6.75094084e-06	3.568367063e-06	-10
6.75094084e-06	3.568367063e-06	-10
6.75094084e-06	3.568367063e-06	-10
6.75094084e-06	3.568367063e-06	-10
6.75094084e-06	3.568367063e-06	-10
6.75094084e-06	3.568367063e-06	-10
6.75094084e-06	3.568367063e-06	-10
6.75094084e-06	3.568367063e-06	-10
6.75094084e-06	3.568367063e-06	-10
6.75094084e-06	3.568367063e-06	-10
6.75094084e-06	3.568367063e-06	-10
6.75094084e-06	3.568367063e-06	-10
6.75094084e-06	3.568367063e-06	-10
6.75094084e-06	3.568367063e-06	-10
6.75094084e-06	3.568367063e-06	-10
6.75094084e-06	3.568367063e-06	-10
6.75094084e-06	3.568367063e-06	-10
6.75094084e-06	3.568367063e-06	-10
6.75094084e-06	3.568367063e-06	-10
6.75094084e-06	3.568367063e-06	-10
6.75094084e-06	3.568367063e-06	-10
6.75094084e-06	3.568367063e-06	-10
6.75094084e-06	3.568367063e-06	-10
6.75094084e-06	3.568367063e-06	0
6.760716939e-06	3.553873399e-06	0
6.770493039e-06	3.539379735e-06	0
6.780269139e-06	3.524886071e-06	0
6.790045238e-06	3.510392407e-06	0
6.790045238e-06	3.510392407e-06	-10
6.790045238e-06	3.510392407e-06	-10
6.790045238e-06	3.510392407e-06	-10
6.790045238e-06	3.510392407e-06	-10
6.790045238e-06	3.510392407e-06	-10
6.790045238e-06	3.510392407e-06	-10
6.790045238e-06	3.510392407e-06	-10
6.790045238e-06	3.510392407e-06	-10
6.790045238e-06	3.510392407e-06	-10
6.790045238e-06	3.510392407e-06	-10
6.790045238e-06	3.510392407e-06	-10
6.790045238e-06	3.510392407e-06	-10
6.790045238e-06	3.510392407e-06	-10
6.790045238e-06	3.510392407e-06	-10
6.790045238e-06	3.510392407e-06	-10
6.790045238e-06	3.510392407e-06	-10
6.790045238e-06	3.510392407e-06	-10
6.790045238e-06	3.510392407e-06	-10
6.790045238e-06	3.510392407e-06	-10
6.790045238e-06	3.510392407e-06	-10
6.790045238e-06	3.510392407e-06	-10
6.790045238e-06	3.510392407e-06	-10
6.790045238e-06	3.510392407e-06	-10
6.790045238e-06	3.510392407e-06	-10
6.790045238e-06	3.510392407e-06	-10
6.790045238e-06	3.510392407e-06	0
6.799821338e-06	3.495898744e-06	0
6.809597438e-06	3.48140508e-06	0
6.819373538e-06	3.466911416e-06	0
6.829149637e-06	3.452417752e-06	0
6.829149637e-06	3.452417752e-06	-10
6.829149637e-06	3.452417752e-06	-10
6.829149637e-06	3.452417752e-06	-10
6.829149637e-06	3.452417752e-06	-10
6.829149637e-06	3.452417752e-06	-10
6.829149637e-06	3.452417752e-06	-10
6.829149637e-06	3.452417752e-06	-10
6.829149637e-06	3.452417752e-06	-10
6.829149637e-06	3.452417752e-06	-10
6.829149637e-06	3.452417752e-06	-10
6.829149637e-06	3.452417752e-06	-10
6.829149637e-06	3.452417752e-06	-10
6.829149637e-06	3.452417752e-06	-10
6.829149637e-06	3.452417752e-06	-10
6.829149637e-06	3.452417752e-06	-10
6.829149637e-06	3.452417752e-06	-10
6.829149637e-06	3.452417752e-06	-10
6.829149637e-06	3.452417752e-06	-10
6.829149637e-06	3.452417752e-06	-10
6.829149637e-06	3.452417752e-06	-10
6.829149637e-06	3.452417752e-06	-10
6.829149637e-06	3.452417752e-06	-10
6.829149637e-06	3.452417752e-06	-10
6.829149637e-06	3.452417752e-06	-10
6.829149637e-06	3.452417752e-06	-10
6.829149637e-06	3.452417752e-06	0
6.838925737e-06	3.437924088e-06	0
6.848701837e-06	3.423430424e-06	0
6.858477936e-06	3.40893676e-06	0
6.868254036e-06	3.394443097e-06	0
6.868254036e-06	3.394443097e-06	-10
6.868254036e-06	3.394443097e-06	-10
6.868254036e-06	3.394443097e-06	-10
6.868254036e-06	3.394443097e-06	-10
6.868254036e-06	3.394443097e-06	-10
6.868254036e-06	3.394443097e-06	-10
6.868254036e-06	3.394443097e-06	-10
6.868254036e-06	3.394443097e-06	-10
6.868254036e-06	3.394443097e-06	-10
6.868254036e-06	3.394443097e-06	-10
6.868254036e-06	3.394443097e-06	-10
6.868254036e-06	3.394443097e-06	-10
6.868254036e-06	3.394443097e-06	-10
6.868254036e-06	3.394443097e-06	-10
6.868254036e-06	3.394443097e-06	-10
6.868254036e-06	3.394443097e-06	-10
6.868254036e-06	3.394443097e-06	-10
6.868254036e-06	3.394443097e-06	-10
6.868254036e-06	3.394443097e-06	-10
6.868254036e-06	3.394443097e-06	-10
6.868254036e-06	3.394443097e-06	-10
6.868254036e-06	3.394443097e-06	-10
6.868254036e-06	3.394443097e-06	-10
6.868254036e-06	3.394443097e-06	-10
6.868254036e-06	3.394443097e-06	-10
6.868254036e-06	3.394443097e-06	0
6.878030136e-06	3.379949433e-06	0
6.887806236e-06	3.365455769e-06	0
6.897582335e-06	3.350962105e-06	0
6.907358435e-06	3.336468441e-06	0
6.907358435e-06	3.336468441e-06	-10
6.907358435e-06	3.336468441e-06	-10
6.907358435e-06	3.336468441e-06	-10
6.907358435e-06	3.336468441e-06	-10
6.907358435e-06	3.336468441e-06	-10
6.907358435e-06	3.336468441e-06	-10
6.907358435e-06	3.336468441e-06	-10
6.907358435e-06	3.336468441e-06	-10
6.907358435e-06	3.336468441e-06	-10
6.907358435e-06	3.336468441e-06	-10
6.907358435e-06	3.336468441e-06	-10
6.907358435e-06	3.336468441e-06	-10
6.907358435e-06	3.336468441e-06	-10
6.907358435e-06	3.336468441e-06	-10
6.907358435e-06	3.336468441e-06	-10
6.907358435e-06	3.336468441e-06	-10
6.907358435e-06	3.336468441e-06	-10
6.907358435e-06	3.336468441e-06	-10
6.907358435e-06	3.336468441e-06	-10
6.907358435e-06	3.336468441e-06	-10
6.907358435e-06	3.336468441e-06	-10
6.907358435e-06	3.336468441e-06	-10
6.907358435e-06	3.336468441e-06	-10
6.907358435e-06	3.336468441e-06	-10
6.907358435e-06	3.336468441e-06	-10
6.907358435e-06	3.336468441e-06	0
6.917134535e-06	3.321974777e-06	0
6.926910634e-06	3.307481113e-06	0
6.936686734e-06	3.29298745e-06	0
6.946462834e-06	3.278493786e-06	0
6.946462834e-06	3.278493786e-06	-10
6.946462834e-06	3.278493786e-06	-10
6.946462834e-06	3.278493786e-06	-10
6.946462834e-06	3.278493786e-06	-10
6.946462834e-06	3.278493786e-06	-10
6.946462834e-06	3.278493786e-06	-10
6.946462834e-06	3.278493786e-06	-10
6.946462834e-06	3.278493786e-06	-10
6.946462834e-06	3.278493786e-06	-10
6.946462834e-06	3.278493786e-06	-10
6.946462834e-06	3.278493786e-06	-10
6.946462834e-06	3.278493786e-06	-10
6.946462834e-06	3.278493786e-06	-10
6.946462834e-06	3.278493786e-06	-10
6.946462834e-06	3.278493786e-06	-10
6.946462834e-06	3.278493786e-06	-10
6.946462834e-06	3.278493786e-06	-10
6.946462834e-06	3.278493786e-06	-10
6.946462834e-06	3.278493786e-06	-10
6.946462834e-06	3.278493786e-06	-10
6.946462834e-06	3.278493786e-06	-10
6.946462834e-06	3.278493786e-06	-10
6.946462834e-06	3.278493786e-06	-10
6.946462834e-06	3.278493786e-06	-10
6.946462834e-06	3.278493786e-06	-10
6.946462834e-06	3.278493786e-06	0
6.956238933e-06	3.264000122e-06	0
6.966015033e-06	3.249506458e-06	0
6.975791133e-06	3.235012794e-06	0
6.985567233e-06	3.22051913e-06	0
6.985567233e-06	3.22051913e-06	-10
6.985567233e-06	3.22051913e-06	-10
6.985567233e-06	3.22051913e-06	-10
6.985567233e-06	3.22051913e-06	-10
6.985567233e-06	3.22051913e-06	-10
6.985567233e-06	3.22051913e-06	-10
6.985567233e-06	3.22051913e-06	-10
6.985567233e-06	3.22051913e-06	-10
6.985567233e-06	3.22051913e-06	-10
6.985567233e-06	3.22051913e-06	-10
6.985567233e-06	3.22051913e-06	-10
6.985567233e-06	3.22051913e-06	-10
6.985567233e-06	3.22051913e-06	-10
6.985567233e-06	3.22051913e-06	-10
6.985567233e-06	3.22051913e-06	-10
6.985567233e-06	3.22051913e-06	-10
6.985567233e-06	3.22051913e-06	-10
6.985567233e-06	3.22051913e-06	-10
6.985567233e-06	3.22051913e-06	-10
6.985567233e-06	3.22051913e-06	-10
6.985567233e-06	3.22051913e-06	-10
6.985567233e-06	3.22051913e-06	-10
6.985567233e-06	3.22051913e-06	-10
6.985567233e-06	3.22051913e-06	-10
6.985567233e-06	3.22051913e-06	-10
6.985567233e-06	3.22051913e-06	0
6.995343332e-06	3.206025466e-06	0
7.005119432e-06	3.191531803e-06	0
7.014895532e-06	3.177038139e-06	0
7.024671631e-06	3.162544475e-06	0
7.024671631e-06	3.162544475e-06	-10
7.024671631e-06	3.162544475e-06	-10
7.024671631e-06	3.162544475e-06	-10
7.024671631e-06	3.162544475e-06	-10
7.024671631e-06	3.162544475e-06	-10
7.024671631e-06	3.162544475e-06	-10
7.024671631e-06	3.162544475e-06	-10
7.024671631e-06	3.162544475e-06	-10
7.024671631e-06	3.162544475e-06	-10
7.024671631e-06	3.162544475e-06	-10
7.024671631e-06	3.162544475e-06	-10
7.024671631e-06	3.162544475e-06	-10
7.024671631e-06	3.162544475e-06	-10
7.024671631e-06	3.162544475e-06	-10
7.024671631e-06	3.162544475e-06	-10
7.024671631e-06	3.162544475e-06	-10
7.024671631e-06	3.162544475e-06	-10
7.024671631e-06	3.162544475e-06	-10
7.024671631e-06	3.162544475e-06	-10
7.024671631e-06	3.162544475e-06	-10
7.024671631e-06	3.162544475e-06	-10
7.024671631e-06	3.162544475e-06	-10
7.024671631e-06	3.162544475e-06	-10
7.024671631e-06	3.162544475e-06	-10
7.024671631e-06	3.162544475e-06	-10
7.024671631e-06	3.162544475e-06	0
7.034447731e-06	3.148050811e-06	0
7.044223831e-06	3.133557147e-06	0
7.053999931e-06	3.119063483e-06	0
7.06377603e-06	3.104569819e-06	0
7.06377603e-06	3.104569819e-06	-10
7.06377603e-06	3.104569819e-06	-10
7.06377603e-06	3.104569819e-06	-10
7.06377603e-06	3.104569819e-06	-10
7.06377603e-06	3.104569819e-06	-10
7.06377603e-06	3.104569819e-06	-10
7.06377603e-06	3.104569819e-06	-10
7.06377603e-06	3.104569819e-06	-10
7.06377603e-06	3.104569819e-06	-10
7.06377603e-06	3.104569819e-06	-10
7.06377603e-06	3.104569819e-06	-10
7.06377603e-06	3.104569819e-06	-10
7.06377603e-06	3.104569819e-06	-10
7.06377603e-06	3.104569819e-06	-10
7.06377603e-06	3.104569819e-06	-10
7.06377603e-06	3.104569819e-06	-10
7.06377603e-06	3.104569819e-06	-10
7.06377603e-06	3.104569819e-06	-10
7.06377603e-06	3.104569819e-06	-10
7.06377603e-06	3.104569819e-06	-10
7.06377603e-06	3.104569819e-06	-10
7.06377603e-06	3.104569819e-06	-10
7.06377603e-06	3.104569819e-06	-10
7.06377603e-06	3.104569819e-06	-10
7.06377603e-06	3.104569819e-06	-10
7.06377603e-06	3.104569819e-06	0
7.07355213e-06	3.090076156e-06	0
7.08332823e-06	3.075582492e-06	0
7.093104329e-06	3.061088828e-06	0
7.102880429e-06	3.046595164e-06	0
7.102880429e-06	3.046595164e-06	-10
7.102880429e-06	3.046595164e-06	-10
7.102880429e-06	3.046595164e-06	-10
7.102880429e-06	3.046595164e-06	-10
7.102880429e-06	3.046595164e-06	-10
7.102880429e-06	3.046595164e-06	-10
7.102880429e-06	3.046595164e-06	-10
7.102880429e-06	3.046595164e-06	-10
7.102880429e-06	3.046595164e-06	-10
7.102880429e-06	3.046595164e-06	-10
7.102880429e-06	3.046595164e-06	-10
7.102880429e-06	3.046595164e-06	-10
7.102880429e-06	3.046595164e-06	-10
7.102880429e-06	3.046595164e-06	-10
7.102880429e-06	3.046595164e-06	-10
7.102880429e-06	3.046595164e-06	-10
7.102880429e-06	3.046595164e-06	-10
7.102880429e-06	3.046595164e-06	-10
7.102880429e-06	3.046595164e-06	-10
7.102880429e-06	3.046595164e-06	-10
7.102880429e-06	3.046595164e-06	-10
7.102880429e-06	3.046595164e-06	-10
7.102880429e-06	3.046595164e-06	-10
7.102880429e-06	3.046595164e-06	-10
7.102880429e-06	3.046595164e-06	-10
7.102880429e-06	3.046595164e-06	0
7.112656529e-06	3.0321015e-06	0
7.122432629e-06	3.017607836e-06	0
7.132208728e-06	3.003114172e-06	0
7.141984828e-06	2.988620509e-06	0
7.141984828e-06	2.988620509e-06	-10
7.141984828e-06	2.988620509e-06	-10
7.141984828e-06	2.988620509e-06	-10
7.141984828e-06	2.988620509e-06	-10
7.141984828e-06	2.988620509e-06	-10
7.141984828e-06	2.988620509e-06	-10
7.141984828e-06	2.988620509e-06	-10
7.141984828e-06	2.988620509e-06	-10
7.141984828e-06	2.988620509e-06	-10
7.141984828e-06	2.988620509e-06	-10
7.141984828e-06	2.988620509e-06	-10
7.141984828e-06	2.988620509e-06	-10
7.141984828e-06	2.988620509e-06	-10
7.141984828e-06	2.988620509e-06	-10
7.141984828e-06	2.988620509e-06	-10
7.141984828e-06	2.988620509e-06	-10
7.141984828e-06	2.988620509e-06	-10
7.141984828e-06	2.988620509e-06	-10
7.141984828e-06	2.988620509e-06	-10
7.141984828e-06	2.988620509e-06	-10
7.141984828e-06	2.988620509e-06	-10
7.141984828e-06	2.988620509e-06	-10
7.141984828e-06	2.988620509e-06	-10
7.141984828e-06	2.988620509e-06	-10
7.141984828e-06	2.988620509e-06	-10
7.141984828e-06	2.988620509e-06	0
7.151760928e-06	2.974126845e-06	0
7.161537027e-06	2.959633181e-06	0
7.171313127e-06	2.945139517e-06	0
7.181089227e-06	2.930645853e-06	0
7.181089227e-06	2.930645853e-06	-10
7.181089227e-06	2.930645853e-06	-10
7.181089227e-06	2.930645853e-06	-10
7.181089227e-06	2.930645853e-06	-10
7.181089227e-06	2.930645853e-06	-10
7.181089227e-06	2.930645853e-06	-10
7.181089227e-06	2.930645853e-06	-10
7.181089227e-06	2.930645853e-06	-10
7.181089227e-06	2.930645853e-06	-10
7.181089227e-06	2.930645853e-06	-10
7.181089227e-06	2.930645853e-06	-10
7.181089227e-06	2.930645853e-06	-10
7.181089227e-06	2.930645853e-06	-10
7.181089227e-06	2.930645853e-06	-10
7.181089227e-06	2.930645853e-06	-10
7.181089227e-06	2.930645853e-06	-10
7.181089227e-06	2.930645853e-06	-10
7.181089227e-06	2.930645853e-06	-10
7.181089227e-06	2.930645853e-06	-10
7.181089227e-06	2.930645853e-06	-10
7.181089227e-06	2.930645853e-06	-10
7.181089227e-06	2.930645853e-06	-10
7.181089227e-06	2.930645853e-06	-10
7.181089227e-06	2.930645853e-06	-10
7.181089227e-06	2.930645853e-06	-10
7.181089227e-06	2.930645853e-06	0
7.190865327e-06	2.916152189e-06	0
7.200641426e-06	2.901658525e-06	0
7.210417526e-06	2.887164862e-06	0
7.220193626e-06	2.872671198e-06	0
7.220193626e-06	2.872671198e-06	-10
7.220193626e-06	2.872671198e-06	-10
7.220193626e-06	2.872671198e-06	-10
7.220193626e-06	2.872671198e-06	-10
7.220193626e-06	2.872671198e-06	-10
7.220193626e-06	2.872671198e-06	-10
7.220193626e-06	2.872671198e-06	-10
7.220193626e-06	2.872671198e-06	-10
7.220193626e-06	2.872671198e-06	-10
7.220193626e-06	2.872671198e-06	-10
7.220193626e-06	2.872671198e-06	-10
7.220193626e-06	2.872671198e-06	-10
7.220193626e-06	2.872671198e-06	-10
7.220193626e-06	2.872671198e-06	-10
7.220193626e-06	2.872671198e-06	-10
7.220193626e-06	2.872671198e-06	-10
7.220193626e-06	2.872671198e-06	-10
7.220193626e-06	2.872671198e-06	-10
7.220193626e-06	2.872671198e-06	-10
7.220193626e-06	2.872671198e-06	-10
7.220193626e-06	2.872671198e-06	-10
7.220193626e-06	2.872671198e-06	-10
7.220193626e-06	2.872671198e-06	-10
7.220193626e-06	2.872671198e-06	-10
7.220193626e-06	2.872671198e-06	-10
7.220193626e-06	2.872671198e-06	0
7.229969725e-06	2.858177534e-06	0
7.239745825e-06	2.84368387e-06	0
7.249521925e-06	2.829190206e-06	0
7.259298025e-06	2.814696542e-06	0
7.259298025e-06	2.814696542e-06	-10
7.259298025e-06	2.814696542e-06	-10
7.259298025e-06	2.814696542e-06	-10
7.259298025e-06	2.814696542e-06	-10
7.259298025e-06	2.814696542e-06	-10
7.259298025e-06	2.814696542e-06	-10
7.259298025e-06	2.814696542e-06	-10
7.259298025e-06	2.814696542e-06	-10
7.259298025e-06	2.814696542e-06	-10
7.259298025e-06	2.814696542e-06	-10
7.259298025e-06	2.814696542e-06	-10
7.259298025e-06	2.814696542e-06	-10
7.259298025e-06	2.814696542e-06	-10
7.259298025e-06	2.814696542e-06	-10
7.259298025e-06	2.814696542e-06	-10
7.259298025e-06	2.814696542e-06	-10
7.259298025e-06	2.814696542e-06	-10
7.259298025e-06	2.814696542e-06	-10
7.259298025e-06	2.814696542e-06	-10
7.259298025e-06	2.814696542e-06	-10
7.259298025e-06	2.814696542e-06	-10
7.259298025e-06	2.814696542e-06	-10
7.259298025e-06	2.814696542e-06	-10
7.259298025e-06	2.814696542e-06	-10
7.259298025e-06	2.814696542e-06	-10
7.259298025e-06	2.814696542e-06	0
7.244804361e-06	2.804920443e-06	0
7.230310697e-06	2.795144343e-06	0
7.215817033e-06	2.785368243e-06	0
7.201323369e-06	2.775592144e-06	0
7.201323369e-06	2.775592144e-06	10
7.201323369e-06	2.775592144e-06	10
7.201323369e-06	2.775592144e-06	10
7.201323369e-06	2.775592144e-06	10
7.201323369e-06	2.775592144e-06	10
7.201323369e-06	2.775592144e-06	10
7.201323369e-06	2.775592144e-06	10
7.201323369e-06	2.775592144e-06	10
7.201323369e-06	2.775592144e-06	10
7.201323369e-06	2.775592144e-06	10
7.201323369e-06	2.775592144e-06	10
7.201323369e-06	2.775592144e-06	10
7.201323369e-06	2.775592144e-06	10
7.201323369e-06	2.775592144e-06	10
7.201323369e-06	2.775592144e-06	10
7.201323369e-06	2.775592144e-06	10
7.201323369e-06	2.775592144e-06	10
7.201323369e-06	2.775592144e-06	10
7.201323369e-06	2.775592144e-06	10
7.201323369e-06	2.775592144e-06	10
7.201323369e-06	2.775592144e-06	10
7.201323369e-06	2.775592144e-06	10
7.201323369e-06	2.775592144e-06	10
7.201323369e-06	2.775592144e-06	10
7.201323369e-06	2.775592144e-06	10
7.201323369e-06	2.775592144e-06	0
7.191547269e-06	2.790085807e-06	0
7.18177117e-06	2.804579471e-06	0
7.17199507e-06	2.819073135e-06	0
7.16221897e-06	2.833566799e-06	0
7.16221897e-06	2.833566799e-06	10
7.16221897e-06	2.833566799e-06	10
7.16221897e-06	2.833566799e-06	10
7.16221897e-06	2.833566799e-06	10
7.16221897e-06	2.833566799e-06	10
7.16221897e-06	2.833566799e-06	10
7.16221897e-06	2.833566799e-06	10
7.16221897e-06	2.833566799e-06	10
7.16221897e-06	2.833566799e-06	10
7.16221897e-06	2.833566799e-06	10
7.16221897e-06	2.833566799e-06	10
7.16221897e-06	2.833566799e-06	10
7.16221897e-06	2.833566799e-06	10
7.16221897e-06	2.833566799e-06	10
7.16221897e-06	2.833566799e-06	10
7.16221897e-06	2.833566799e-06	10
7.16221897e-06	2.833566799e-06	10
7.16221897e-06	2.833566799e-06	10
7.16221897e-06	2.833566799e-06	10
7.16221897e-06	2.833566799e-06	10
7.16221897e-06	2.833566799e-06	10
7.16221897e-06	2.833566799e-06	10
7.16221897e-06	2.833566799e-06	10
7.16221897e-06	2.833566799e-06	10
7.16221897e-06	2.833566799e-06	10
7.16221897e-06	2.833566799e-06	0
7.152442871e-06	2.848060463e-06	0
7.142666771e-06	2.862554127e-06	0
7.132890671e-06	2.877047791e-06	0
7.123114571e-06	2.891541454e-06	0
7.123114571e-06	2.891541454e-06	10
7.123114571e-06	2.891541454e-06	10
7.123114571e-06	2.891541454e-06	10
7.123114571e-06	2.891541454e-06	10
7.123114571e-06	2.891541454e-06	10
7.123114571e-06	2.891541454e-06	10
7.123114571e-06	2.891541454e-06	10
7.123114571e-06	2.891541454e-06	10
7.123114571e-06	2.891541454e-06	10
7.123114571e-06	2.891541454e-06	10
7.123114571e-06	2.891541454e-06	10
7.123114571e-06	2.891541454e-06	10
7.123114571e-06	2.891541454e-06	10
7.123114571e-06	2.891541454e-06	10
7.123114571e-06	2.891541454e-06	10
7.123114571e-06	2.891541454e-06	10
7.123114571e-06	2.891541454e-06	10
7.123114571e-06	2.891541454e-06	10
7.123114571e-06	2.891541454e-06	10
7.123114571e-06	2.891541454e-06	10
7.123114571e-06	2.891541454e-06	10
7.123114571e-06	2.891541454e-06	10
7.123114571e-06	2.891541454e-06	10
7.123114571e-06	2.891541454e-06	10
7.123114571e-06	2.891541454e-06	10
7.123114571e-06	2.891541454e-06	0
7.113338472e-06	2.906035118e-06	0
7.103562372e-06	2.920528782e-06	0
7.093786272e-06	2.935022446e-06	0
7.084010173e-06	2.94951611e-06	0
7.084010173e-06	2.94951611e-06	10
7.084010173e-06	2.94951611e-06	10
7.084010173e-06	2.94951611e-06	10
7.084010173e-06	2.94951611e-06	10
7.084010173e-06	2.94951611e-06	10
7.084010173e-06	2.94951611e-06	10
7.084010173e-06	2.94951611e-06	10
7.084010173e-06	2.94951611e-06	10
7.084010173e-06	2.94951611e-06	10
7.084010173e-06	2.94951611e-06	10
7.084010173e-06	2.94951611e-06	10
7.084010173e-06	2.94951611e-06	10
7.084010173e-06	2.94951611e-06	10
7.084010173e-06	2.94951611e-06	10
7.084010173e-06	2.94951611e-06	10
7.084010173e-06	2.94951611e-06	10
7.084010173e-06	2.94951611e-06	10
7.084010173e-06	2.94951611e-06	10
7.084010173e-06	2.94951611e-06	10
7.084010173e-06	2.94951611e-06	10
7.084010173e-06	2.94951611e-06	10
7.084010173e-06	2.94951611e-06	10
7.084010173e-06	2.94951611e-06	10
7.084010173e-06	2.94951611e-06	10
7.084010173e-06	2.94951611e-06	10
7.084010173e-06	2.94951611e-06	0
7.074234073e-06	2.964009774e-06	0
7.064457973e-06	2.978503437e-06	0
7.054681873e-06	2.992997101e-06	0
7.044905774e-06	3.007490765e-06	0
7.044905774e-06	3.007490765e-06	10
7.044905774e-06	3.007490765e-06	10
7.044905774e-06	3.007490765e-06	10
7.044905774e-06	3.007490765e-06	10
7.044905774e-06	3.007490765e-06	10
7.044905774e-06	3.007490765e-06	10
7.044905774e-06	3.007490765e-06	10
7.044905774e-06	3.007490765e-06	10
7.044905774e-06	3.007490765e-06	10
7.044905774e-06	3.007490765e-06	10
7.044905774e-06	3.007490765e-06	10
7.044905774e-06	3.007490765e-06	10
7.044905774e-06	3.007490765e-06	10
7.044905774e-06	3.007490765e-06	10
7.044905774e-06	3.007490765e-06	10
7.044905774e-06	3.007490765e-06	10
7.044905774e-06	3.007490765e-06	10
7.044905774e-06	3.007490765e-06	10
7.044905774e-06	3.007490765e-06	10
7.044905774e-06	3.007490765e-06	10
7.044905774e-06	3.007490765e-06	10
7.044905774e-06	3.007490765e-06	10
7.044905774e-06	3.007490765e-06	10
7.044905774e-06	3.007490765e-06	10
7.044905774e-06	3.007490765e-06	10
7.044905774e-06	3.007490765e-06	0
7.035129674e-06	3.021984429e-06	0
7.025353574e-06	3.036478093e-06	0
7.015577475e-06	3.050971757e-06	0
7.005801375e-06	3.065465421e-06	0
7.005801375e-06	3.065465421e-06	10
7.005801375e-06	3.065465421e-06	10
7.005801375e-06	3.065465421e-06	10
7.005801375e-06	3.065465421e-06	10
7.005801375e-06	3.065465421e-06	10
7.005801375e-06	3.065465421e-06	10
7.005801375e-06	3.065465421e-06	10
7.005801375e-06	3.065465421e-06	10
7.005801375e-06	3.065465421e-06	10
7.005801375e-06	3.065465421e-06	10
7.005801375e-06	3.065465421e-06	10
7.005801375e-06	3.065465421e-06	10
7.005801375e-06	3.065465421e-06	10
7.005801375e-06	3.065465421e-06	10
7.005801375e-06	3.065465421e-06	10
7.005801375e-06	3.065465421e-06	10
7.005801375e-06	3.065465421e-06	10
7.005801375e-06	3.065465421e-06	10
7.005801375e-06	3.065465421e-06	10
7.005801375e-06	3.065465421e-06	10
7.005801375e-06	3.065465421e-06	10
7.005801375e-06	3.065465421e-06	10
7.005801375e-06	3.065465421e-06	10
7.005801375e-06	3.065465421e-06	10
7.005801375e-06	3.065465421e-06	10
7.005801375e-06	3.065465421e-06	0
6.996025275e-06	3.079959084e-06	0
6.986249175e-06	3.094452748e-06	0
6.976473076e-06	3.108946412e-06	0
6.966696976e-06	3.123440076e-06	0
6.966696976e-06	3.123440076e-06	10
6.966696976e-06	3.123440076e-06	10
6.966696976e-06	3.123440076e-06	10
6.966696976e-06	3.123440076e-06	10
6.966696976e-06	3.123440076e-06	10
6.966696976e-06	3.123440076e-06	10
6.966696976e-06	3.123440076e-06	10
6.966696976e-06	3.123440076e-06	10
6.966696976e-06	3.123440076e-06	10
6.966696976e-06	3.123440076e-06	10
6.966696976e-06	3.123440076e-06	10
6.966696976e-06	3.123440076e-06	10
6.966696976e-06	3.123440076e-06	10
6.966696976e-06	3.123440076e-06	10
6.966696976e-06	3.123440076e-06	10
6.966696976e-06	3.123440076e-06	10
6.966696976e-06	3.123440076e-06	10
6.966696976e-06	3.123440076e-06	10
6.966696976e-06	3.123440076e-06	10
6.966696976e-06	3.123440076e-06	10
6.966696976e-06	3.123440076e-06	10
6.966696976e-06	3.123440076e-06	10
6.966696976e-06	3.123440076e-06	10
6.966696976e-06	3.123440076e-06	10
6.966696976e-06	3.123440076e-06	10
6.966696976e-06	3.123440076e-06	0
6.956920876e-06	3.13793374e-06	0
6.947144777e-06	3.152427404e-06	0
6.937368677e-06	3.166921068e-06	0
6.927592577e-06	3.181414731e-06	0
6.927592577e-06	3.181414731e-06	10
6.927592577e-06	3.181414731e-06	10
6.927592577e-06	3.181414731e-06	10
6.927592577e-06	3.181414731e-06	10
6.927592577e-06	3.181414731e-06	10
6.927592577e-06	3.181414731e-06	10
6.927592577e-06	3.181414731e-06	10
6.927592577e-06	3.181414731e-06	10
6.927592577e-06	3.181414731e-06	10
6.927592577e-06	3.181414731e-06	10
6.927592577e-06	3.181414731e-06	10
6.927592577e-06	3.181414731e-06	10
6.927592577e-06	3.181414731e-06	10
6.927592577e-06	3.181414731e-06	10
6.927592577e-06	3.181414731e-06	10
6.927592577e-06	3.181414731e-06	10
6.927592577e-06	3.181414731e-06	10
6.927592577e-06	3.181414731e-06	10
6.927592577e-06	3.181414731e-06	10
6.927592577e-06	3.181414731e-06	10
6.927592577e-06	3.181414731e-06	10
6.927592577e-06	3.181414731e-06	10
6.927592577e-06	3.181414731e-06	10
6.927592577e-06	3.181414731e-06	10
6.927592577e-06	3.181414731e-06	10
6.927592577e-06	3.181414731e-06	0
6.917816477e-06	3.195908395e-06	0
6.908040378e-06	3.210402059e-06	0
6.898264278e-06	3.224895723e-06	0
6.888488178e-06	3.239389387e-06	0
6.888488178e-06	3.239389387e-06	10
6.888488178e-06	3.239389387e-06	10
6.888488178e-06	3.239389387e-06	10
6.888488178e-06	3.239389387e-06	10
6.888488178e-06	3.239389387e-06	10
6.888488178e-06	3.239389387e-06	10
6.888488178e-06	3.239389387e-06	10
6.888488178e-06	3.239389387e-06	10
6.888488178e-06	3.239389387e-06	10
6.888488178e-06	3.239389387e-06	10
6.888488178e-06	3.239389387e-06	10
6.888488178e-06	3.239389387e-06	10
6.888488178e-06	3.239389387e-06	10
6.888488178e-06	3.239389387e-06	10
6.888488178e-06	3.239389387e-06	10
6.888488178e-06	3.239389387e-06	10
6.888488178e-06	3.239389387e-06	10
6.888488178e-06	3.239389387e-06	10
6.888488178e-06	3.239389387e-06	10
6.888488178e-06	3.239389387e-06	10
6.888488178e-06	3.239389387e-06	10
6.888488178e-06	3.239389387e-06	10
6.888488178e-06	3.239389387e-06	10
6.888488178e-06	3.239389387e-06	10
6.888488178e-06	3.239389387e-06	10
6.888488178e-06	3.239389387e-06	0
6.878712079e-06	3.253883051e-06	0
6.868935979e-06	3.268376715e-06	0
6.859159879e-06	3.282870378e-06	0
6.84938378e-06	3.297364042e-06	0
6.84938378e-06	3.297364042e-06	10
6.84938378e-06	3.297364042e-06	10
6.84938378e-06	3.297364042e-06	10
6.84938378e-06	3.297364042e-06	10
6.84938378e-06	3.297364042e-06	10
6.84938378e-06	3.297364042e-06	10
6.84938378e-06	3.297364042e-06	10
6.84938378e-06	3.297364042e-06	10
6.84938378e-06	3.297364042e-06	10
6.84938378e-06	3.297364042e-06	10
6.84938378e-06	3.297364042e-06	10
6.84938378e-06	3.297364042e-06	10
6.84938378e-06	3.297364042e-06	10
6.84938378e-06	3.297364042e-06	10
6.84938378e-06	3.297364042e-06	10
6.84938378e-06	3.297364042e-06	10
6.84938378e-06	3.297364042e-06	10
6.84938378e-06	3.297364042e-06	10
6.84938378e-06	3.297364042e-06	10
6.84938378e-06	3.297364042e-06	10
6.84938378e-06	3.297364042e-06	10
6.84938378e-06	3.297364042e-06	10
6.84938378e-06	3.297364042e-06	10
6.84938378e-06	3.297364042e-06	10
6.84938378e-06	3.297364042e-06	10
6.84938378e-06	3.297364042e-06	0
6.83960768e-06	3.311857706e-06	0
6.82983158e-06	3.32635137e-06	0
6.82005548e-06	3.340845034e-06	0
6.810279381e-06	3.355338698e-06	0
6.810279381e-06	3.355338698e-06	10
6.810279381e-06	3.355338698e-06	10
6.810279381e-06	3.355338698e-06	10
6.810279381e-06	3.355338698e-06	10
6.810279381e-06	3.355338698e-06	10
6.810279381e-06	3.355338698e-06	10
6.810279381e-06	3.355338698e-06	10
6.810279381e-06	3.355338698e-06	10
6.810279381e-06	3.355338698e-06	10
6.810279381e-06	3.355338698e-06	10
6.810279381e-06	3.355338698e-06	10
6.810279381e-06	3.355338698e-06	10
6.810279381e-06	3.355338698e-06	10
6.810279381e-06	3.355338698e-06	10
6.810279381e-06	3.355338698e-06	10
6.810279381e-06	3.355338698e-06	10
6.810279381e-06	3.355338698e-06	10
6.810279381e-06	3.355338698e-06	10
6.810279381e-06	3.355338698e-06	10
6.810279381e-06	3.355338698e-06	10
6.810279381e-06	3.355338698e-06	10
6.810279381e-06	3.355338698e-06	10
6.810279381e-06	3.355338698e-06	10
6.810279381e-06	3.355338698e-06	10
6.810279381e-06	3.355338698e-06	10
6.810279381e-06	3.355338698e-06	0
6.800503281e-06	3.369832362e-06	0
6.790727181e-06	3.384326025e-06	0
6.780951082e-06	3.398819689e-06	0
6.771174982e-06	3.413313353e-06	0
6.771174982e-06	3.413313353e-06	10
6.771174982e-06	3.413313353e-06	10
6.771174982e-06	3.413313353e-06	10
6.771174982e-06	3.413313353e-06	10
6.771174982e-06	3.413313353e-06	10
6.771174982e-06	3.413313353e-06	10
6.771174982e-06	3.413313353e-06	10
6.771174982e-06	3.413313353e-06	10
6.771174982e-06	3.413313353e-06	10
6.771174982e-06	3.413313353e-06	10
6.771174982e-06	3.413313353e-06	10
6.771174982e-06	3.413313353e-06	10
6.771174982e-06	3.413313353e-06	10
6.771174982e-06	3.413313353e-06	10
6.771174982e-06	3.413313353e-06	10
6.771174982e-06	3.413313353e-06	10
6.771174982e-06	3.413313353e-06	10
6.771174982e-06	3.413313353e-06	10
6.771174982e-06	3.413313353e-06	10
6.771174982e-06	3.413313353e-06	10
6.771174982e-06	3.413313353e-06	10
6.771174982e-06	3.413313353e-06	10
6.771174982e-06	3.413313353e-06	10
6.771174982e-06	3.413313353e-06	10
6.771174982e-06	3.413313353e-06	10
6.771174982e-06	3.413313353e-06	0
6.761398882e-06	3.427807017e-06	0
6.751622782e-06	3.442300681e-06	0
6.741846683e-06	3.456794345e-06	0
6.732070583e-06	3.471288009e-06	0
6.732070583e-06	3.471288009e-06	10
6.732070583e-06	3.471288009e-06	10
6.732070583e-06	3.471288009e-06	10
6.732070583e-06	3.471288009e-06	10
6.732070583e-06	3.471288009e-06	10
6.732070583e-06	3.471288009e-06	10
6.732070583e-06	3.471288009e-06	10
6.732070583e-06	3.471288009e-06	10
6.732070583e-06	3.471288009e-06	10
6.732070583e-06	3.471288009e-06	10
6.732070583e-06	3.471288009e-06	10
6.732070583e-06	3.471288009e-06	10
6.732070583e-06	3.471288009e-06	10
6.732070583e-06	3.471288009e-06	10
6.732070583e-06	3.471288009e-06	10
6.732070583e-06	3.471288009e-06	10
6.732070583e-06	3.471288009e-06	10
6.732070583e-06	3.471288009e-06	10
6.732070583e-06	3.471288009e-06	10
6.732070583e-06	3.471288009e-06	10
6.732070583e-06	3.471288009e-06	10
6.732070583e-06	3.471288009e-06	10
6.732070583e-06	3.471288009e-06	10
6.732070583e-06	3.471288009e-06	10
6.732070583e-06	3.471288009e-06	10
6.732070583e-06	3.471288009e-06	0
6.722294483e-06	3.485781672e-06	0
6.712518384e-06	3.500275336e-06	0
6.702742284e-06	3.514769e-06	0
6.692966184e-06	3.529262664e-06	0
6.692966184e-06	3.529262664e-06	10
6.692966184e-06	3.529262664e-06	10
6.692966184e-06	3.529262664e-06	10
6.692966184e-06	3.529262664e-06	10
6.692966184e-06	3.529262664e-06	10
6.692966184e-06	3.529262664e-06	10
6.692966184e-06	3.529262664e-06	10
6.692966184e-06	3.529262664e-06	10
6.692966184e-06	3.529262664e-06	10
6.692966184e-06	3.529262664e-06	10
6.692966184e-06	3.529262664e-06	10
6.692966184e-06	3.529262664e-06	10
6.692966184e-06	3.529262664e-06	10
6.692966184e-06	3.529262664e-06	10
6.692966184e-06	3.529262664e-06	10
6.692966184e-06	3.529262664e-06	10
6.692966184e-06	3.529262664e-06	10
6.692966184e-06	3.529262664e-06	10
6.692966184e-06	3.529262664e-06	10
6.692966184e-06	3.529262664e-06	10
6.692966184e-06	3.529262664e-06	10
6.692966184e-06	3.529262664e-06	10
6.692966184e-06	3.529262664e-06	10
6.692966184e-06	3.529262664e-06	10
6.692966184e-06	3.529262664e-06	10
6.692966184e-06	3.529262664e-06	0
6.683190084e-06	3.543756328e-06	0
6.673413985e-06	3.558249992e-06	0
6.663637885e-06	3.572743656e-06	0
6.653861785e-06	3.587237319e-06	0
6.653861785e-06	3.587237319e-06	10
6.653861785e-06	3.587237319e-06	10
6.653861785e-06	3.587237319e-06	10
6.653861785e-06	3.587237319e-06	10
6.653861785e-06	3.587237319e-06	10
6.653861785e-06	3.587237319e-06	10
6.653861785e-06	3.587237319e-06	10
6.653861785e-06	3.587237319e-06	10
6.653861785e-06	3.587237319e-06	10
6.653861785e-06	3.587237319e-06	10
6.653861785e-06	3.587237319e-06	10
6.653861785e-06	3.587237319e-06	10
6.653861785e-06	3.587237319e-06	10
6.653861785e-06	3.587237319e-06	10
6.653861785e-06	3.587237319e-06	10
6.653861785e-06	3.587237319e-06	10
6.653861785e-06	3.587237319e-06	10
6.653861785e-06	3.587237319e-06	10
6.653861785e-06	3.587237319e-06	10
6.653861785e-06	3.587237319e-06	10
6.653861785e-06	3.587237319e-06	10
6.653861785e-06	3.587237319e-06	10
6.653861785e-06	3.587237319e-06	10
6.653861785e-06	3.587237319e-06	10
6.653861785e-06	3.587237319e-06	10
6.653861785e-06	3.587237319e-06	0
6.644085686e-06	3.601730983e-06	0
6.634309586e-06	3.616224647e-06	0
6.624533486e-06	3.630718311e-06	0
6.614757386e-06	3.645211975e-06	0
6.614757386e-06	3.645211975e-06	10
6.614757386e-06	3.645211975e-06	10
6.614757386e-06	3.645211975e-06	10
6.614757386e-06	3.645211975e-06	10
6.614757386e-06	3.645211975e-06	10
6.614757386e-06	3.645211975e-06	10
6.614757386e-06	3.645211975e-06	10
6.614757386e-06	3.645211975e-06	10
6.614757386e-06	3.645211975e-06	10
6.614757386e-06	3.645211975e-06	10
6.614757386e-06	3.645211975e-06	10
6.614757386e-06	3.645211975e-06	10
6.614757386e-06	3.645211975e-06	10
6.614757386e-06	3.645211975e-06	10
6.614757386e-06	3.645211975e-06	10
6.614757386e-06	3.645211975e-06	10
6.614757386e-06	3.645211975e-06	10
6.614757386e-06	3.645211975e-06	10
6.614757386e-06	3.645211975e-06	10
6.614757386e-06	3.645211975e-06	10
6.614757386e-06	3.645211975e-06	10
6.614757386e-06	3.645211975e-06	10
6.614757386e-06	3.645211975e-06	10
6.614757386e-06	3.645211975e-06	10
6.614757386e-06	3.645211975e-06	10
6.614757386e-06	3.645211975e-06	0
6.604981287e-06	3.659705639e-06	0
6.595205187e-06	3.674199303e-06	0
6.585429087e-06	3.688692966e-06	0
6.575652988e-06	3.70318663e-06	0
6.575652988e-06	3.70318663e-06	10
6.575652988e-06	3.70318663e-06	10
6.575652988e-06	3.70318663e-06	10
6.575652988e-06	3.70318663e-06	10
6.575652988e-06	3.70318663e-06	10
6.575652988e-06	3.70318663e-06	10
6.575652988e-06	3.70318663e-06	10
6.575652988e-06	3.70318663e-06	10
6.575652988e-06	3.70318663e-06	10
6.575652988e-06	3.70318663e-06	10
6.575652988e-06	3.70318663e-06	10
6.575652988e-06	3.70318663e-06	10
6.575652988e-06	3.70318663e-06	10
6.575652988e-06	3.70318663e-06	10
6.575652988e-06	3.70318663e-06	10
6.575652988e-06	3.70318663e-06	10
6.575652988e-06	3.70318663e-06	10
6.575652988e-06	3.70318663e-06	10
6.575652988e-06	3.70318663e-06	10
6.575652988e-06	3.70318663e-06	10
6.575652988e-06	3.70318663e-06	10
6.575652988e-06	3.70318663e-06	10
6.575652988e-06	3.70318663e-06	10
6.575652988e-06	3.70318663e-06	10
6.575652988e-06	3.70318663e-06	10
6.575652988e-06	3.70318663e-06	0
6.565876888e-06	3.717680294e-06	0
6.556100788e-06	3.732173958e-06	0
6.546324688e-06	3.746667622e-06	0
6.536548589e-06	3.761161286e-06	0
6.536548589e-06	3.761161286e-06	10
6.536548589e-06	3.761161286e-06	10
6.536548589e-06	3.761161286e-06	10
6.536548589e-06	3.761161286e-06	10
6.536548589e-06	3.761161286e-06	10
6.536548589e-06	3.761161286e-06	10
6.536548589e-06	3.761161286e-06	10
6.536548589e-06	3.761161286e-06	10
6.536548589e-06	3.761161286e-06	10
6.536548589e-06	3.761161286e-06	10
6.536548589e-06	3.761161286e-06	10
6.536548589e-06	3.761161286e-06	10
6.536548589e-06	3.761161286e-06	10
6.536548589e-06	3.761161286e-06	10
6.536548589e-06	3.761161286e-06	10
6.536548589e-06	3.761161286e-06	10
6.536548589e-06	3.761161286e-06	10
6.536548589e-06	3.761161286e-06	10
6.536548589e-06	3.761161286e-06	10
6.536548589e-06	3.761161286e-06	10
6.536548589e-06	3.761161286e-06	10
6.536548589e-06	3.761161286e-06	10
6.536548589e-06	3.761161286e-06	10
6.536548589e-06	3.761161286e-06	10
6.536548589e-06	3.761161286e-06	10
6.536548589e-06	3.761161286e-06	0
6.526772489e-06	3.77565495e-06	0
6.516996389e-06	3.790148613e-06	0
6.50722029e-06	3.804642277e-06	0
6.49744419e-06	3.819135941e-06	0
6.49744419e-06	3.819135941e-06	10
6.49744419e-06	3.819135941e-06	10
6.49744419e-06	3.819135941e-06	10
6.49744419e-06	3.819135941e-06	10
6.49744419e-06	3.819135941e-06	10
6.49744419e-06	3.819135941e-06	10
6.49744419e-06	3.819135941e-06	10
6.49744419e-06	3.819135941e-06	10
6.49744419e-06	3.819135941e-06	10
6.49744419e-06	3.819135941e-06	10
6.49744419e-06	3.819135941e-06	10
6.49744419e-06	3.819135941e-06	10
6.49744419e-06	3.819135941e-06	10
6.49744419e-06	3.819135941e-06	10
6.49744419e-06	3.819135941e-06	10
6.49744419e-06	3.819135941e-06	10
6.49744419e-06	3.819135941e-06	10
6.49744419e-06	3.819135941e-06	10
6.49744419e-06	3.819135941e-06	10
6.49744419e-06	3.819135941e-06	10
6.49744419e-06	3.819135941e-06	10
6.49744419e-06	3.819135941e-06	10
6.49744419e-06	3.819135941e-06	10
6.49744419e-06	3.819135941e-06	10
6.49744419e-06	3.819135941e-06	10
6.49744419e-06	3.819135941e-06	0
6.48766809e-06	3.833629605e-06	0
6.47789199e-06	3.848123269e-06	0
6.468115891e-06	3.862616933e-06	0
6.458339791e-06	3.877110597e-06	0
6.458339791e-06	3.877110597e-06	10
6.458339791e-06	3.877110597e-06	10
6.458339791e-06	3.877110597e-06	10
6.458339791e-06	3.877110597e-06	10
6.458339791e-06	3.877110597e-06	10
6.458339791e-06	3.877110597e-06	10
6.458339791e-06	3.877110597e-06	10
6.458339791e-06	3.877110597e-06	10
6.458339791e-06	3.877110597e-06	10
6.458339791e-06	3.877110597e-06	10
6.458339791e-06	3.877110597e-06	10
6.458339791e-06	3.877110597e-06	10
6.458339791e-06	3.877110597e-06	10
6.458339791e-06	3.877110597e-06	10
6.458339791e-06	3.877110597e-06	10
6.458339791e-06	3.877110597e-06	10
6.458339791e-06	3.877110597e-06	10
6.458339791e-06	3.877110597e-06	10
6.458339791e-06	3.877110597e-06	10
6.458339791e-06	3.877110597e-06	10
6.458339791e-06	3.877110597e-06	10
6.458339791e-06	3.877110597e-06	10
6.458339791e-06	3.877110597e-06	10
6.458339791e-06	3.877110597e-06	10
6.458339791e-06	3.877110597e-06	10
6.458339791e-06	3.877110597e-06	0
6.443846127e-06	3.867334497e-06	0
6.429352463e-06	3.857558397e-06	0
6.414858799e-06	3.847782297e-06	0
6.400365136e-06	3.838006198e-06	0
6.400365136e-06	3.838006198e-06	10
6.400365136e-06	3.838006198e-06	10
6.400365136e-06	3.838006198e-06	10
6.400365136e-06	3.838006198e-06	10
6.400365136e-06	3.838006198e-06	10
6.400365136e-06	3.838006198e-06	10
6.400365136e-06	3.838006198e-06	10
6.400365136e-06	3.838006198e-06	10
6.400365136e-06	3.838006198e-06	10
6.400365136e-06	3.838006198e-06	10
6.400365136e-06	3.838006198e-06	10
6.400365136e-06	3.838006198e-06	10
6.400365136e-06	3.838006198e-06	10
6.400365136e-06	3.838006198e-06	10
6.400365136e-06	3.838006198e-06	10
6.400365136e-06	3.838006198e-06	10
6.400365136e-06	3.838006198e-06	10
6.400365136e-06	3.838006198e-06	10
6.400365136e-06	3.838006198e-06	10
6.400365136e-06	3.838006198e-06	10
6.400365136e-06	3.838006198e-06	10
6.400365136e-06	3.838006198e-06	10
6.400365136e-06	3.838006198e-06	10
6.400365136e-06	3.838006198e-06	10
6.400365136e-06	3.838006198e-06	10
6.400365136e-06	3.838006198e-06	0
6.410141235e-06	3.823512534e-06	0
6.419917335e-06	3.80901887e-06	0
6.429693435e-06	3.794525206e-06	0
6.439469534e-06	3.780031542e-06	0
6.439469534e-06	3.780031542e-06	10
6.439469534e-06	3.780031542e-06	10
6.439469534e-06	3.780031542e-06	10
6.439469534e-06	3.780031542e-06	10
6.439469534e-06	3.780031542e-06	10
6.439469534e-06	3.780031542e-06	10
6.439469534e-06	3.780031542e-06	10
6.439469534e-06	3.780031542e-06	10
6.439469534e-06	3.780031542e-06	10
6.439469534e-06	3.780031542e-06	10
6.439469534e-06	3.780031542e-06	10
6.439469534e-06	3.780031542e-06	10
6.439469534e-06	3.780031542e-06	10
6.439469534e-06	3.780031542e-06	10
6.439469534e-06	3.780031542e-06	10
6.439469534e-06	3.780031542e-06	10
6.439469534e-06	3.780031542e-06	10
6.439469534e-06	3.780031542e-06	10
6.439469534e-06	3.780031542e-06	10
6.439469534e-06	3.780031542e-06	10
6.439469534e-06	3.780031542e-06	10
6.439469534e-06	3.780031542e-06	10
6.439469534e-06	3.780031542e-06	10
6.439469534e-06	3.780031542e-06	10
6.439469534e-06	3.780031542e-06	10
6.439469534e-06	3.780031542e-06	0
6.449245634e-06	3.765537878e-06	0
6.459021734e-06	3.751044215e-06	0
6.468797834e-06	3.736550551e-06	0
6.478573933e-06	3.722056887e-06	0
6.478573933e-06	3.722056887e-06	10
6.478573933e-06	3.722056887e-06	10
6.478573933e-06	3.722056887e-06	10
6.478573933e-06	3.722056887e-06	10
6.478573933e-06	3.722056887e-06	10
6.478573933e-06	3.722056887e-06	10
6.478573933e-06	3.722056887e-06	10
6.478573933e-06	3.722056887e-06	10
6.478573933e-06	3.722056887e-06	10
6.478573933e-06	3.722056887e-06	10
6.478573933e-06	3.722056887e-06	10
6.478573933e-06	3.722056887e-06	10
6.478573933e-06	3.722056887e-06	10
6.478573933e-06	3.722056887e-06	10
6.478573933e-06	3.722056887e-06	10
6.478573933e-06	3.722056887e-06	10
6.478573933e-06	3.722056887e-06	10
6.478573933e-06	3.722056887e-06	10
6.478573933e-06	3.722056887e-06	10
6.478573933e-06	3.722056887e-06	10
6.478573933e-06	3.722056887e-06	10
6.478573933e-06	3.722056887e-06	10
6.478573933e-06	3.722056887e-06	10
6.478573933e-06	3.722056887e-06	10
6.478573933e-06	3.722056887e-06	10
6.478573933e-06	3.722056887e-06	0
6.488350033e-06	3.707563223e-06	0
6.498126133e-06	3.693069559e-06	0
6.507902232e-06	3.678575895e-06	0
6.517678332e-06	3.664082231e-06	0
6.517678332e-06	3.664082231e-06	10
6.517678332e-06	3.664082231e-06	10
6.517678332e-06	3.664082231e-06	10
6.517678332e-06	3.664082231e-06	10
6.517678332e-06	3.664082231e-06	10
6.517678332e-06	3.664082231e-06	10
6.517678332e-06	3.664082231e-06	10
6.517678332e-06	3.664082231e-06	10
6.517678332e-06	3.664082231e-06	10
6.517678332e-06	3.664082231e-06	10
6.517678332e-06	3.664082231e-06	10
6.517678332e-06	3.664082231e-06	10
6.517678332e-06	3.664082231e-06	10
6.517678332e-06	3.664082231e-06	10
6.517678332e-06	3.664082231e-06	10
6.517678332e-06	3.664082231e-06	10
6.517678332e-06	3.664082231e-06	10
6.517678332e-06	3.664082231e-06	10
6.517678332e-06	3.664082231e-06	10
6.517678332e-06	3.664082231e-06	10
6.517678332e-06	3.664082231e-06	10
6.517678332e-06	3.664082231e-06	10
6.517678332e-06	3.664082231e-06	10
6.517678332e-06	3.664082231e-06	10
6.517678332e-06	3.664082231e-06	10
6.517678332e-06	3.664082231e-06	0
6.527454432e-06	3.649588568e-06	0
6.537230532e-06	3.635094904e-06	0
6.547006631e-06	3.62060124e-06	0
6.556782731e-06	3.606107576e-06	0
6.556782731e-06	3.606107576e-06	10
6.556782731e-06	3.606107576e-06	10
6.556782731e-06	3.606107576e-06	10
6.556782731e-06	3.606107576e-06	10
6.556782731e-06	3.606107576e-06	10
6.556782731e-06	3.606107576e-06	10
6.556782731e-06	3.606107576e-06	10
6.556782731e-06	3.606107576e-06	10
6.556782731e-06	3.606107576e-06	10
6.556782731e-06	3.606107576e-06	10
6.556782731e-06	3.606107576e-06	10
6.556782731e-06	3.606107576e-06	10
6.556782731e-06	3.606107576e-06	10
6.556782731e-06	3.606107576e-06	10
6.556782731e-06	3.606107576e-06	10
6.556782731e-06	3.606107576e-06	10
6.556782731e-06	3.606107576e-06	10
6.556782731e-06	3.606107576e-06	10
6.556782731e-06	3.606107576e-06	10
6.556782731e-06	3.606107576e-06	10
6.556782731e-06	3.606107576e-06	10
6.556782731e-06	3.606107576e-06	10
6.556782731e-06	3.606107576e-06	10
6.556782731e-06	3.606107576e-06	10
6.556782731e-06	3.606107576e-06	10
6.556782731e-06	3.606107576e-06	0
6.566558831e-06	3.591613912e-06	0
6.57633493e-06	3.577120248e-06	0
6.58611103e-06	3.562626584e-06	0
6.59588713e-06	3.548132921e-06	0
6.59588713e-06	3.548132921e-06	10
6.59588713e-06	3.548132921e-06	10
6.59588713e-06	3.548132921e-06	10
6.59588713e-06	3.548132921e-06	10
6.59588713e-06	3.548132921e-06	10
6.59588713e-06	3.548132921e-06	10
6.59588713e-06	3.548132921e-06	10
6.59588713e-06	3.548132921e-06	10
6.59588713e-06	3.548132921e-06	10
6.59588713e-06	3.548132921e-06	10
6.59588713e-06	3.548132921e-06	10
6.59588713e-06	3.548132921e-06	10
6.59588713e-06	3.548132921e-06	10
6.59588713e-06	3.548132921e-06	10
6.59588713e-06	3.548132921e-06	10
6.59588713e-06	3.548132921e-06	10
6.59588713e-06	3.548132921e-06	10
6.59588713e-06	3.548132921e-06	10
6.59588713e-06	3.548132921e-06	10
6.59588713e-06	3.548132921e-06	10
6.59588713e-06	3.548132921e-06	10
6.59588713e-06	3.548132921e-06	10
6.59588713e-06	3.548132921e-06	10
6.59588713e-06	3.548132921e-06	10
6.59588713e-06	3.548132921e-06	10
6.59588713e-06	3.548132921e-06	0
6.60566323e-06	3.533639257e-06	0
6.615439329e-06	3.519145593e-06	0
6.625215429e-06	3.504651929e-06	0
6.634991529e-06	3.490158265e-06	0
6.634991529e-06	3.490158265e-06	10
6.634991529e-06	3.490158265e-06	10
6.634991529e-06	3.490158265e-06	10
6.634991529e-06	3.490158265e-06	10
6.634991529e-06	3.490158265e-06	10
6.634991529e-06	3.490158265e-06	10
6.634991529e-06	3.490158265e-06	10
6.634991529e-06	3.490158265e-06	10
6.634991529e-06	3.490158265e-06	10
6.634991529e-06	3.490158265e-06	10
6.634991529e-06	3.490158265e-06	10
6.634991529e-06	3.490158265e-06	10
6.634991529e-06	3.490158265e-06	10
6.634991529e-06	3.490158265e-06	10
6.634991529e-06	3.490158265e-06	10
6.634991529e-06	3.490158265e-06	10
6.634991529e-06	3.490158265e-06	10
6.634991529e-06	3.490158265e-06	10
6.634991529e-06	3.490158265e-06	10
6.634991529e-06	3.490158265e-06	10
6.634991529e-06	3.490158265e-06	10
6.634991529e-06	3.490158265e-06	10
6.634991529e-06	3.490158265e-06	10
6.634991529e-06	3.490158265e-06	10
6.634991529e-06	3.490158265e-06	10
6.634991529e-06	3.490158265e-06	0
6.644767628e-06	3.475664601e-06	0
6.654543728e-06	3.461170937e-06	0
6.664319828e-06	3.446677274e-06	0
6.674095928e-06	3.43218361e-06	0
6.674095928e-06	3.43218361e-06	10
6.674095928e-06	3.43218361e-06	10
6.674095928e-06	3.43218361e-06	10
6.674095928e-06	3.43218361e-06	10
6.674095928e-06	3.43218361e-06	10
6.674095928e-06	3.43218361e-06	10
6.674095928e-06	3.43218361e-06	10
6.674095928e-06	3.43218361e-06	10
6.674095928e-06	3.43218361e-06	10
6.674095928e-06	3.43218361e-06	10
6.674095928e-06	3.43218361e-06	10
6.674095928e-06	3.43218361e-06	10
6.674095928e-06	3.43218361e-06	10
6.674095928e-06	3.43218361e-06	10
6.674095928e-06	3.43218361e-06	10
6.674095928e-06	3.43218361e-06	10
6.674095928e-06	3.43218361e-06	10
6.674095928e-06	3.43218361e-06	10
6.674095928e-06	3.43218361e-06	10
6.674095928e-06	3.43218361e-06	10
6.674095928e-06	3.43218361e-06	10
6.674095928e-06	3.43218361e-06	10
6.674095928e-06	3.43218361e-06	10
6.674095928e-06	3.43218361e-06	10
6.674095928e-06	3.43218361e-06	10
6.674095928e-06	3.43218361e-06	0
6.683872027e-06	3.417689946e-06	0
6.693648127e-06	3.403196282e-06	0
6.703424227e-06	3.388702618e-06	0
6.713200326e-06	3.374208954e-06	0
6.713200326e-06	3.374208954e-06	10
6.713200326e-06	3.374208954e-06	10
6.713200326e-06	3.374208954e-06	10
6.713200326e-06	3.374208954e-06	10
6.713200326e-06	3.374208954e-06	10
6.713200326e-06	3.374208954e-06	10
6.713200326e-06	3.374208954e-06	10
6.713200326e-06	3.374208954e-06	10
6.713200326e-06	3.374208954e-06	10
6.713200326e-06	3.374208954e-06	10
6.713200326e-06	3.374208954e-06	10
6.713200326e-06	3.374208954e-06	10
6.713200326e-06	3.374208954e-06	10
6.713200326e-06	3.374208954e-06	10
6.713200326e-06	3.374208954e-06	10
6.713200326e-06	3.374208954e-06	10
6.713200326e-06	3.374208954e-06	10
6.713200326e-06	3.374208954e-06	10
6.713200326e-06	3.374208954e-06	10
6.713200326e-06	3.374208954e-06	10
6.713200326e-06	3.374208954e-06	10
6.713200326e-06	3.374208954e-06	10
6.713200326e-06	3.374208954e-06	10
6.713200326e-06	3.374208954e-06	10
6.713200326e-06	3.374208954e-06	10
6.713200326e-06	3.374208954e-06	0
6.722976426e-06	3.35971529e-06	0
6.732752526e-06	3.345221627e-06	0
6.742528626e-06	3.330727963e-06	0
6.752304725e-06	3.316234299e-06	0
6.752304725e-06	3.316234299e-06	10
6.752304725e-06	3.316234299e-06	10
6.752304725e-06	3.316234299e-06	10
6.752304725e-06	3.316234299e-06	10
6.752304725e-06	3.316234299e-06	10
6.752304725e-06	3.316234299e-06	10
6.752304725e-06	3.316234299e-06	10
6.752304725e-06	3.316234299e-06	10
6.752304725e-06	3.316234299e-06	10
6.752304725e-06	3.316234299e-06	10
6.752304725e-06	3.316234299e-06	10
6.752304725e-06	3.316234299e-06	10
6.752304725e-06	3.316234299e-06	10
6.752304725e-06	3.316234299e-06	10
6.752304725e-06	3.316234299e-06	10
6.752304725e-06	3.316234299e-06	10
6.752304725e-06	3.316234299e-06	10
6.752304725e-06	3.316234299e-06	10
6.752304725e-06	3.316234299e-06	10
6.752304725e-06	3.316234299e-06	10
6.752304725e-06	3.316234299e-06	10
6.752304725e-06	3.316234299e-06	10
6.752304725e-06	3.316234299e-06	10
6.752304725e-06	3.316234299e-06	10
6.752304725e-06	3.316234299e-06	10
6.752304725e-06	3.316234299e-06	0
6.762080825e-06	3.301740635e-06	0
6.771856925e-06	3.287246971e-06	0
6.781633024e-06	3.272753307e-06	0
6.791409124e-06	3.258259643e-06	0
6.791409124e-06	3.258259643e-06	10
6.791409124e-06	3.258259643e-06	10
6.791409124e-06	3.258259643e-06	10
6.791409124e-06	3.258259643e-06	10
6.791409124e-06	3.258259643e-06	10
6.791409124e-06	3.258259643e-06	10
6.791409124e-06	3.258259643e-06	10
6.791409124e-06	3.258259643e-06	10
6.791409124e-06	3.258259643e-06	10
6.791409124e-06	3.258259643e-06	10
6.791409124e-06	3.258259643e-06	10
6.791409124e-06	3.258259643e-06	10
6.791409124e-06	3.258259643e-06	10
6.791409124e-06	3.258259643e-06	10
6.791409124e-06	3.258259643e-06	10
6.791409124e-06	3.258259643e-06	10
6.791409124e-06	3.258259643e-06	10
6.791409124e-06	3.258259643e-06	10
6.791409124e-06	3.258259643e-06	10
6.791409124e-06	3.258259643e-06	10
6.791409124e-06	3.258259643e-06	10
6.791409124e-06	3.258259643e-06	10
6.791409124e-06	3.258259643e-06	10
6.791409124e-06	3.258259643e-06	10
6.791409124e-06	3.258259643e-06	10
6.791409124e-06	3.258259643e-06	0
6.801185224e-06	3.24376598e-06	0
6.810961323e-06	3.229272316e-06	0
6.820737423e-06	3.214778652e-06	0
6.830513523e-06	3.200284988e-06	0
6.830513523e-06	3.200284988e-06	10
6.830513523e-06	3.200284988e-06	10
6.830513523e-06	3.200284988e-06	10
6.830513523e-06	3.200284988e-06	10
6.830513523e-06	3.200284988e-06	10
6.830513523e-06	3.200284988e-06	10
6.830513523e-06	3.200284988e-06	10
6.830513523e-06	3.200284988e-06	10
6.830513523e-06	3.200284988e-06	10
6.830513523e-06	3.200284988e-06	10
6.830513523e-06	3.200284988e-06	10
6.830513523e-06	3.200284988e-06	10
6.830513523e-06	3.200284988e-06	10
6.830513523e-06	3.200284988e-06	10
6.830513523e-06	3.200284988e-06	10
6.830513523e-06	3.200284988e-06	10
6.830513523e-06	3.200284988e-06	10
6.830513523e-06	3.200284988e-06	10
6.830513523e-06	3.200284988e-06	10
6.830513523e-06	3.200284988e-06	10
6.830513523e-06	3.200284988e-06	10
6.830513523e-06	3.200284988e-06	10
6.830513523e-06	3.200284988e-06	10
6.830513523e-06	3.200284988e-06	10
6.830513523e-06	3.200284988e-06	10
6.830513523e-06	3.200284988e-06	0
6.840289623e-06	3.185791324e-06	0
6.850065722e-06	3.17129766e-06	0
6.859841822e-06	3.156803996e-06	0
6.869617922e-06	3.142310333e-06	0
6.869617922e-06	3.142310333e-06	10
6.869617922e-06	3.142310333e-06	10
6.869617922e-06	3.142310333e-06	10
6.869617922e-06	3.142310333e-06	10
6.869617922e-06	3.142310333e-06	10
6.869617922e-06	3.142310333e-06	10
6.869617922e-06	3.142310333e-06	10
6.869617922e-06	3.142310333e-06	10
6.869617922e-06	3.142310333e-06	10
6.869617922e-06	3.142310333e-06	10
6.869617922e-06	3.142310333e-06	10
6.869617922e-06	3.142310333e-06	10
6.869617922e-06	3.142310333e-06	10
6.869617922e-06	3.142310333e-06	10
6.869617922e-06	3.142310333e-06	10
6.869617922e-06	3.142310333e-06	10
6.869617922e-06	3.142310333e-06	10
6.869617922e-06	3.142310333e-06	10
6.869617922e-06	3.142310333e-06	10
6.869617922e-06	3.142310333e-06	10
6.869617922e-06	3.142310333e-06	10
6.869617922e-06	3.142310333e-06	10
6.869617922e-06	3.142310333e-06	10
6.869617922e-06	3.142310333e-06	10
6.869617922e-06	3.142310333e-06	10
6.869617922e-06	3.142310333e-06	0
6.879394021e-06	3.127816669e-06	0
6.889170121e-06	3.113323005e-06	0
6.898946221e-06	3.098829341e-06	0
6.908722321e-06	3.084335677e-06	0
6.908722321e-06	3.084335677e-06	10
6.908722321e-06	3.084335677e-06	10
6.908722321e-06	3.084335677e-06	10
6.908722321e-06	3.084335677e-06	10
6.908722321e-06	3.084335677e-06	10
6.908722321e-06	3.084335677e-06	10
6.908722321e-06	3.084335677e-06	10
6.908722321e-06	3.084335677e-06	10
6.908722321e-06	3.084335677e-06	10
6.908722321e-06	3.084335677e-06	10
6.908722321e-06	3.084335677e-06	10
6.908722321e-06	3.084335677e-06	10
6.908722321e-06	3.084335677e-06	10
6.908722321e-06	3.084335677e-06	10
6.908722321e-06	3.084335677e-06	10
6.908722321e-06	3.084335677e-06	10
6.908722321e-06	3.084335677e-06	10
6.908722321e-06	3.084335677e-06	10
6.908722321e-06	3.084335677e-06	10
6.908722321e-06	3.084335677e-06	10
6.908722321e-06	3.084335677e-06	10
6.908722321e-06	3.084335677e-06	10
6.908722321e-06	3.084335677e-06	10
6.908722321e-06	3.084335677e-06	10
6.908722321e-06	3.084335677e-06	10
6.908722321e-06	3.084335677e-06	0
6.91849842e-06	3.069842013e-06	0
6.92827452e-06	3.055348349e-06	0
6.93805062e-06	3.040854686e-06	0
6.947826719e-06	3.026361022e-06	0
6.947826719e-06	3.026361022e-06	10
6.947826719e-06	3.026361022e-06	10
6.947826719e-06	3.026361022e-06	10
6.947826719e-06	3.026361022e-06	10
6.947826719e-06	3.026361022e-06	10
6.947826719e-06	3.026361022e-06	10
6.947826719e-06	3.026361022e-06	10
6.947826719e-06	3.026361022e-06	10
6.947826719e-06	3.026361022e-06	10
6.947826719e-06	3.026361022e-06	10
6.947826719e-06	3.026361022e-06	10
6.947826719e-06	3.026361022e-06	10
6.947826719e-06	3.026361022e-06	10
6.947826719e-06	3.026361022e-06	10
6.947826719e-06	3.026361022e-06	10
6.947826719e-06	3.026361022e-06	10
6.947826719e-06	3.026361022e-06	10
6.947826719e-06	3.026361022e-06	10
6.947826719e-06	3.026361022e-06	10
6.947826719e-06	3.026361022e-06	10
6.947826719e-06	3.026361022e-06	10
6.947826719e-06	3.026361022e-06	10
6.947826719e-06	3.026361022e-06	10
6.947826719e-06	3.026361022e-06	10
6.947826719e-06	3.026361022e-06	10
6.947826719e-06	3.026361022e-06	0
6.957602819e-06	3.011867358e-06	0
6.967378919e-06	2.997373694e-06	0
6.977155019e-06	2.98288003e-06	0
6.986931118e-06	2.968386366e-06	0
6.986931118e-06	2.968386366e-06	10
6.986931118e-06	2.968386366e-06	10
6.986931118e-06	2.968386366e-06	10
6.986931118e-06	2.968386366e-06	10
6.986931118e-06	2.968386366e-06	10
6.986931118e-06	2.968386366e-06	10
6.986931118e-06	2.968386366e-06	10
6.986931118e-06	2.968386366e-06	10
6.986931118e-06	2.968386366e-06	10
6.986931118e-06	2.968386366e-06	10
6.986931118e-06	2.968386366e-06	10
6.986931118e-06	2.968386366e-06	10
6.986931118e-06	2.968386366e-06	10
6.986931118e-06	2.968386366e-06	10
6.986931118e-06	2.968386366e-06	10
6.986931118e-06	2.968386366e-06	10
6.986931118e-06	2.968386366e-06	10
6.986931118e-06	2.968386366e-06	10
6.986931118e-06	2.968386366e-06	10
6.986931118e-06	2.968386366e-06	10
6.986931118e-06	2.968386366e-06	10
6.986931118e-06	2.968386366e-06	10
6.986931118e-06	2.968386366e-06	10
6.986931118e-06	2.968386366e-06	10
6.986931118e-06	2.968386366e-06	10
6.986931118e-06	2.968386366e-06	0
6.996707218e-06	2.953892703e-06	0
7.006483318e-06	2.939399039e-06	0
7.016259417e-06	2.924905375e-06	0
7.026035517e-06	2.910411711e-06	0
7.026035517e-06	2.910411711e-06	10
7.026035517e-06	2.910411711e-06	10
7.026035517e-06	2.910411711e-06	10
7.026035517e-06	2.910411711e-06	10
7.026035517e-06	2.910411711e-06	10
7.026035517e-06	2.910411711e-06	10
7.026035517e-06	2.910411711e-06	10
7.026035517e-06	2.910411711e-06	10
7.026035517e-06	2.910411711e-06	10
7.026035517e-06	2.910411711e-06	10
7.026035517e-06	2.910411711e-06	10
7.026035517e-06	2.910411711e-06	10
7.026035517e-06	2.910411711e-06	10
7.026035517e-06	2.910411711e-06	10
7.026035517e-06	2.910411711e-06	10
7.026035517e-06	2.910411711e-06	10
7.026035517e-06	2.910411711e-06	10
7.026035517e-06	2.910411711e-06	10
7.026035517e-06	2.910411711e-06	10
7.026035517e-06	2.910411711e-06	10
7.026035517e-06	2.910411711e-06	10
7.026035517e-06	2.910411711e-06	10
7.026035517e-06	2.910411711e-06	10
7.026035517e-06	2.910411711e-06	10
7.026035517e-06	2.910411711e-06	10
7.026035517e-06	2.910411711e-06	0
7.035811617e-06	2.895918047e-06	0
7.045587717e-06	2.881424383e-06	0
7.055363816e-06	2.866930719e-06	0
7.065139916e-06	2.852437056e-06	0
7.065139916e-06	2.852437056e-06	10
7.065139916e-06	2.852437056e-06	10
7.065139916e-06	2.852437056e-06	10
7.065139916e-06	2.852437056e-06	10
7.065139916e-06	2.852437056e-06	10
7.065139916e-06	2.852437056e-06	10
7.065139916e-06	2.852437056e-06	10
7.065139916e-06	2.852437056e-06	10
7.065139916e-06	2.852437056e-06	10
7.065139916e-06	2.852437056e-06	10
7.065139916e-06	2.852437056e-06	10
7.065139916e-06	2.852437056e-06	10
7.065139916e-06	2.852437056e-06	10
7.065139916e-06	2.852437056e-06	10
7.065139916e-06	2.852437056e-06	10
7.065139916e-06	2.852437056e-06	10
7.065139916e-06	2.852437056e-06	10
7.065139916e-06	2.852437056e-06	10
7.065139916e-06	2.852437056e-06	10
7.065139916e-06	2.852437056e-06	10
7.065139916e-06	2.852437056e-06	10
7.065139916e-06	2.852437056e-06	10
7.065139916e-06	2.852437056e-06	10
7.065139916e-06	2.852437056e-06	10
7.065139916e-06	2.852437056e-06	10
7.065139916e-06	2.852437056e-06	0
7.074916016e-06	2.837943392e-06	0
7.084692115e-06	2.823449728e-06	0
7.094468215e-06	2.808956064e-06	0
7.104244315e-06	2.7944624e-06	0
7.104244315e-06	2.7944624e-06	10
7.104244315e-06	2.7944624e-06	10
7.104244315e-06	2.7944624e-06	10
7.104244315e-06	2.7944624e-06	10
7.104244315e-06	2.7944624e-06	10
7.104244315e-06	2.7944624e-06	10
7.104244315e-06	2.7944624e-06	10
7.104244315e-06	2.7944624e-06	10
7.104244315e-06	2.7944624e-06	10
7.104244315e-06	2.7944624e-06	10
7.104244315e-06	2.7944624e-06	10
7.104244315e-06	2.7944624e-06	10
7.104244315e-06	2.7944624e-06	10
7.104244315e-06	2.7944624e-06	10
7.104244315e-06	2.7944624e-06	10
7.104244315e-06	2.7944624e-06	10
7.104244315e-06	2.7944624e-06	10
7.104244315e-06	2.7944624e-06	10
7.104244315e-06	2.7944624e-06	10
7.104244315e-06	2.7944624e-06	10
7.104244315e-06	2.7944624e-06	10
7.104244315e-06	2.7944624e-06	10
7.104244315e-06	2.7944624e-06	10
7.104244315e-06	2.7944624e-06	10
7.104244315e-06	2.7944624e-06	10
7.104244315e-06	2.7944624e-06	0
7.114020415e-06	2.779968736e-06	0
7.123796514e-06	2.765475072e-06	0
7.133572614e-06	2.750981409e-06	0
7.143348714e-06	2.736487745e-06	0
7.143348714e-06	2.736487745e-06	10
7.143348714e-06	2.736487745e-06	10
7.143348714e-06	2.736487745e-06	10
7.143348714e-06	2.736487745e-06	10
7.143348714e-06	2.736487745e-06	10
7.143348714e-06	2.736487745e-06	10
7.143348714e-06	2.736487745e-06	10
7.143348714e-06	2.736487745e-06	10
7.143348714e-06	2.736487745e-06	10
7.143348714e-06	2.736487745e-06	10
7.143348714e-06	2.736487745e-06	10
7.143348714e-06	2.736487745e-06	10
7.143348714e-06	2.736487745e-06	10
7.143348714e-06	2.736487745e-06	10
7.143348714e-06	2.736487745e-06	10
7.143348714e-06	2.736487745e-06	10
7.143348714e-06	2.736487745e-06	10
7.143348714e-06	2.736487745e-06	10
7.143348714e-06	2.736487745e-06	10
7.143348714e-06	2.736487745e-06	10
7.143348714e-06	2.736487745e-06	10
7.143348714e-06	2.736487745e-06	10
7.143348714e-06	2.736487745e-06	10
7.143348714e-06	2.736487745e-06	10
7.143348714e-06	2.736487745e-06	10
7.143348714e-06	2.736487745e-06	0
7.12885505e-06	2.726711645e-06	0
7.114361386e-06	2.716935545e-06	0
7.099867722e-06	2.707159446e-06	0
7.085374058e-06	2.697383346e-06	0
7.085374058e-06	2.697383346e-06	-10
7.085374058e-06	2.697383346e-06	-10
7.085374058e-06	2.697383346e-06	-10
7.085374058e-06	2.697383346e-06	-10
7.085374058e-06	2.697383346e-06	-10
7.085374058e-06	2.697383346e-06	-10
7.085374058e-06	2.697383346e-06	-10
7.085374058e-06	2.697383346e-06	-10
7.085374058e-06	2.697383346e-06	-10
7.085374058e-06	2.697383346e-06	-10
7.085374058e-06	2.697383346e-06	-10
7.085374058e-06	2.697383346e-06	-10
7.085374058e-06	2.697383346e-06	-10
7.085374058e-06	2.697383346e-06	-10
7.085374058e-06	2.697383346e-06	-10
7.085374058e-06	2.697383346e-06	-10
7.085374058e-06	2.697383346e-06	-10
7.085374058e-06	2.697383346e-06	-10
7.085374058e-06	2.697383346e-06	-10
7.085374058e-06	2.697383346e-06	-10
7.085374058e-06	2.697383346e-06	-10
7.085374058e-06	2.697383346e-06	-10
7.085374058e-06	2.697383346e-06	-10
7.085374058e-06	2.697383346e-06	-10
7.085374058e-06	2.697383346e-06	-10
7.085374058e-06	2.697383346e-06	0
7.075597959e-06	2.71187701e-06	0
7.065821859e-06	2.726370674e-06	0
7.056045759e-06	2.740864337e-06	0
7.046269659e-06	2.755358001e-06	0
7.046269659e-06	2.755358001e-06	-10
7.046269659e-06	2.755358001e-06	-10
7.046269659e-06	2.755358001e-06	-10
7.046269659e-06	2.755358001e-06	-10
7.046269659e-06	2.755358001e-06	-10
7.046269659e-06	2.755358001e-06	-10
7.046269659e-06	2.755358001e-06	-10
7.046269659e-06	2.755358001e-06	-10
7.046269659e-06	2.755358001e-06	-10
7.046269659e-06	2.755358001e-06	-10
7.046269659e-06	2.755358001e-06	-10
7.046269659e-06	2.755358001e-06	-10
7.046269659e-06	2.755358001e-06	-10
7.046269659e-06	2.755358001e-06	-10
7.046269659e-06	2.755358001e-06	-10
7.046269659e-06	2.755358001e-06	-10
7.046269659e-06	2.755358001e-06	-10
7.046269659e-06	2.755358001e-06	-10
7.046269659e-06	2.755358001e-06	-10
7.046269659e-06	2.755358001e-06	-10
7.046269659e-06	2.755358001e-06	-10
7.046269659e-06	2.755358001e-06	-10
7.046269659e-06	2.755358001e-06	-10
7.046269659e-06	2.755358001e-06	-10
7.046269659e-06	2.755358001e-06	-10
7.046269659e-06	2.755358001e-06	0
7.03649356e-06	2.769851665e-06	0
7.02671746e-06	2.784345329e-06	0
7.01694136e-06	2.798838993e-06	0
7.007165261e-06	2.813332657e-06	0
7.007165261e-06	2.813332657e-06	-10
7.007165261e-06	2.813332657e-06	-10
7.007165261e-06	2.813332657e-06	-10
7.007165261e-06	2.813332657e-06	-10
7.007165261e-06	2.813332657e-06	-10
7.007165261e-06	2.813332657e-06	-10
7.007165261e-06	2.813332657e-06	-10
7.007165261e-06	2.813332657e-06	-10
7.007165261e-06	2.813332657e-06	-10
7.007165261e-06	2.813332657e-06	-10
7.007165261e-06	2.813332657e-06	-10
7.007165261e-06	2.813332657e-06	-10
7.007165261e-06	2.813332657e-06	-10
7.007165261e-06	2.813332657e-06	-10
7.007165261e-06	2.813332657e-06	-10
7.007165261e-06	2.813332657e-06	-10
7.007165261e-06	2.813332657e-06	-10
7.007165261e-06	2.813332657e-06	-10
7.007165261e-06	2.813332657e-06	-10
7.007165261e-06	2.813332657e-06	-10
7.007165261e-06	2.813332657e-06	-10
7.007165261e-06	2.813332657e-06	-10
7.007165261e-06	2.813332657e-06	-10
7.007165261e-06	2.813332657e-06	-10
7.007165261e-06	2.813332657e-06	-10
7.007165261e-06	2.813332657e-06	0
6.997389161e-06	2.827826321e-06	0
6.987613061e-06	2.842319984e-06	0
6.977836961e-06	2.856813648e-06	0
6.968060862e-06	2.871307312e-06	0
6.968060862e-06	2.871307312e-06	-10
6.968060862e-06	2.871307312e-06	-10
6.968060862e-06	2.871307312e-06	-10
6.968060862e-06	2.871307312e-06	-10
6.968060862e-06	2.871307312e-06	-10
6.968060862e-06	2.871307312e-06	-10
6.968060862e-06	2.871307312e-06	-10
6.968060862e-06	2.871307312e-06	-10
6.968060862e-06	2.871307312e-06	-10
6.968060862e-06	2.871307312e-06	-10
6.968060862e-06	2.871307312e-06	-10
6.968060862e-06	2.871307312e-06	-10
6.968060862e-06	2.871307312e-06	-10
6.968060862e-06	2.871307312e-06	-10
6.968060862e-06	2.871307312e-06	-10
6.968060862e-06	2.871307312e-06	-10
6.968060862e-06	2.871307312e-06	-10
6.968060862e-06	2.871307312e-06	-10
6.968060862e-06	2.871307312e-06	-10
6.968060862e-06	2.871307312e-06	-10
6.968060862e-06	2.871307312e-06	-10
6.968060862e-06	2.871307312e-06	-10
6.968060862e-06	2.871307312e-06	-10
6.968060862e-06	2.871307312e-06	-10
6.968060862e-06	2.871307312e-06	-10
6.968060862e-06	2.871307312e-06	0
6.958284762e-06	2.885800976e-06	0
6.948508662e-06	2.90029464e-06	0
6.938732563e-06	2.914788304e-06	0
6.928956463e-06	2.929281968e-06	0
6.928956463e-06	2.929281968e-06	-10
6.928956463e-06	2.929281968e-06	-10
6.928956463e-06	2.929281968e-06	-10
6.928956463e-06	2.929281968e-06	-10
6.928956463e-06	2.929281968e-06	-10
6.928956463e-06	2.929281968e-06	-10
6.928956463e-06	2.929281968e-06	-10
6.928956463e-06	2.929281968e-06	-10
6.928956463e-06	2.929281968e-06	-10
6.928956463e-06	2.929281968e-06	-10
6.928956463e-06	2.929281968e-06	-10
6.928956463e-06	2.929281968e-06	-10
6.928956463e-06	2.929281968e-06	-10
6.928956463e-06	2.929281968e-06	-10
6.928956463e-06	2.929281968e-06	-10
6.928956463e-06	2.929281968e-06	-10
6.928956463e-06	2.929281968e-06	-10
6.928956463e-06	2.929281968e-06	-10
6.928956463e-06	2.929281968e-06	-10
6.928956463e-06	2.929281968e-06	-10
6.928956463e-06	2.929281968e-06	-10
6.928956463e-06	2.929281968e-06	-10
6.928956463e-06	2.929281968e-06	-10
6.928956463e-06	2.929281968e-06	-10
6.928956463e-06	2.929281968e-06	-10
6.928956463e-06	2.929281968e-06	0
6.919180363e-06	2.943775631e-06	0
6.909404263e-06	2.958269295e-06	0
6.899628164e-06	2.972762959e-06	0
6.889852064e-06	2.987256623e-06	0
6.889852064e-06	2.987256623e-06	-10
6.889852064e-06	2.987256623e-06	-10
6.889852064e-06	2.987256623e-06	-10
6.889852064e-06	2.987256623e-06	-10
6.889852064e-06	2.987256623e-06	-10
6.889852064e-06	2.987256623e-06	-10
6.889852064e-06	2.987256623e-06	-10
6.889852064e-06	2.987256623e-06	-10
6.889852064e-06	2.987256623e-06	-10
6.889852064e-06	2.987256623e-06	-10
6.889852064e-06	2.987256623e-06	-10
6.889852064e-06	2.987256623e-06	-10
6.889852064e-06	2.987256623e-06	-10
6.889852064e-06	2.987256623e-06	-10
6.889852064e-06	2.987256623e-06	-10
6.889852064e-06	2.987256623e-06	-10
6.889852064e-06	2.987256623e-06	-10
6.889852064e-06	2.987256623e-06	-10
6.889852064e-06	2.987256623e-06	-10
6.889852064e-06	2.987256623e-06	-10
6.889852064e-06	2.987256623e-06	-10
6.889852064e-06	2.987256623e-06	-10
6.889852064e-06	2.987256623e-06	-10
6.889852064e-06	2.987256623e-06	-10
6.889852064e-06	2.987256623e-06	-10
6.889852064e-06	2.987256623e-06	0
6.880075964e-06	3.001750287e-06	0
6.870299865e-06	3.016243951e-06	0
6.860523765e-06	3.030737615e-06	0
6.850747665e-06	3.045231278e-06	0
6.850747665e-06	3.045231278e-06	-10
6.850747665e-06	3.045231278e-06	-10
6.850747665e-06	3.045231278e-06	-10
6.850747665e-06	3.045231278e-06	-10
6.850747665e-06	3.045231278e-06	-10
6.850747665e-06	3.045231278e-06	-10
6.850747665e-06	3.045231278e-06	-10
6.850747665e-06	3.045231278e-06	-10
6.850747665e-06	3.045231278e-06	-10
6.850747665e-06	3.045231278e-06	-10
6.850747665e-06	3.045231278e-06	-10
6.850747665e-06	3.045231278e-06	-10
6.850747665e-06	3.045231278e-06	-10
6.850747665e-06	3.045231278e-06	-10
6.850747665e-06	3.045231278e-06	-10
6.850747665e-06	3.045231278e-06	-10
6.850747665e-06	3.045231278e-06	-10
6.850747665e-06	3.045231278e-06	-10
6.850747665e-06	3.045231278e-06	-10
6.850747665e-06	3.045231278e-06	-10
6.850747665e-06	3.045231278e-06	-10
6.850747665e-06	3.045231278e-06	-10
6.850747665e-06	3.045231278e-06	-10
6.850747665e-06	3.045231278e-06	-10
6.850747665e-06	3.045231278e-06	-10
6.850747665e-06	3.045231278e-06	0
6.840971565e-06	3.059724942e-06	0
6.831195466e-06	3.074218606e-06	0
6.821419366e-06	3.08871227e-06	0
6.811643266e-06	3.103205934e-06	0
6.811643266e-06	3.103205934e-06	-10
6.811643266e-06	3.103205934e-06	-10
6.811643266e-06	3.103205934e-06	-10
6.811643266e-06	3.103205934e-06	-10
6.811643266e-06	3.103205934e-06	-10
6.811643266e-06	3.103205934e-06	-10
6.811643266e-06	3.103205934e-06	-10
6.811643266e-06	3.103205934e-06	-10
6.811643266e-06	3.103205934e-06	-10
6.811643266e-06	3.103205934e-06	-10
6.811643266e-06	3.103205934e-06	-10
6.811643266e-06	3.103205934e-06	-10
6.811643266e-06	3.103205934e-06	-10
6.811643266e-06	3.103205934e-06	-10
6.811643266e-06	3.103205934e-06	-10
6.811643266e-06	3.103205934e-06	-10
6.811643266e-06	3.103205934e-06	-10
6.811643266e-06	3.103205934e-06	-10
6.811643266e-06	3.103205934e-06	-10
6.811643266e-06	3.103205934e-06	-10
6.811643266e-06	3.103205934e-06	-10
6.811643266e-06	3.103205934e-06	-10
6.811643266e-06	3.103205934e-06	-10
6.811643266e-06	3.103205934e-06	-10
6.811643266e-06	3.103205934e-06	-10
6.811643266e-06	3.103205934e-06	0
6.801867167e-06	3.117699598e-06	0
6.792091067e-06	3.132193261e-06	0
6.782314967e-06	3.146686925e-06	0
6.772538867e-06	3.161180589e-06	0
6.772538867e-06	3.161180589e-06	-10
6.772538867e-06	3.161180589e-06	-10
6.772538867e-06	3.161180589e-06	-10
6.772538867e-06	3.161180589e-06	-10
6.772538867e-06	3.161180589e-06	-10
6.772538867e-06	3.161180589e-06	-10
6.772538867e-06	3.161180589e-06	-10
6.772538867e-06	3.161180589e-06	-10
6.772538867e-06	3.161180589e-06	-10
6.772538867e-06	3.161180589e-06	-10
6.772538867e-06	3.161180589e-06	-10
6.772538867e-06	3.161180589e-06	-10
6.772538867e-06	3.161180589e-06	-10
6.772538867e-06	3.161180589e-06	-10
6.772538867e-06	3.161180589e-06	-10
6.772538867e-06	3.161180589e-06	-10
6.772538867e-06	3.161180589e-06	-10
6.772538867e-06	3.161180589e-06	-10
6.772538867e-06	3.161180589e-06	-10
6.772538867e-06	3.161180589e-06	-10
6.772538867e-06	3.161180589e-06	-10
6.772538867e-06	3.161180589e-06	-10
6.772538867e-06	3.161180589e-06	-10
6.772538867e-06	3.161180589e-06	-10
6.772538867e-06	3.161180589e-06	-10
6.772538867e-06	3.161180589e-06	0
6.762762768e-06	3.175674253e-06	0
6.752986668e-06	3.190167917e-06	0
6.743210568e-06	3.204661581e-06	0
6.733434469e-06	3.219155245e-06	0
6.733434469e-06	3.219155245e-06	-10
6.733434469e-06	3.219155245e-06	-10
6.733434469e-06	3.219155245e-06	-10
6.733434469e-06	3.219155245e-06	-10
6.733434469e-06	3.219155245e-06	-10
6.733434469e-06	3.219155245e-06	-10
6.733434469e-06	3.219155245e-06	-10
6.733434469e-06	3.219155245e-06	-10
6.733434469e-06	3.219155245e-06	-10
6.733434469e-06	3.219155245e-06	-10
6.733434469e-06	3.219155245e-06	-10
6.733434469e-06	3.219155245e-06	-10
6.733434469e-06	3.219155245e-06	-10
6.733434469e-06	3.219155245e-06	-10
6.733434469e-06	3.219155245e-06	-10
6.733434469e-06	3.219155245e-06	-10
6.733434469e-06	3.219155245e-06	-10
6.733434469e-06	3.219155245e-06	-10
6.733434469e-06	3.219155245e-06	-10
6.733434469e-06	3.219155245e-06	-10
6.733434469e-06	3.219155245e-06	-10
6.733434469e-06	3.219155245e-06	-10
6.733434469e-06	3.219155245e-06	-10
6.733434469e-06	3.219155245e-06	-10
6.733434469e-06	3.219155245e-06	-10
6.733434469e-06	3.219155245e-06	0
6.723658369e-06	3.233648908e-06	0
6.713882269e-06	3.248142572e-06	0
6.70410617e-06	3.262636236e-06	0
6.69433007e-06	3.2771299e-06	0
6.69433007e-06	3.2771299e-06	-10
6.69433007e-06	3.2771299e-06	-10
6.69433007e-06	3.2771299e-06	-10
6.69433007e-06	3.2771299e-06	-10
6.69433007e-06	3.2771299e-06	-10
6.69433007e-06	3.2771299e-06	-10
6.69433007e-06	3.2771299e-06	-10
6.69433007e-06	3.2771299e-06	-10
6.69433007e-06	3.2771299e-06	-10
6.69433007e-06	3.2771299e-06	-10
6.69433007e-06	3.2771299e-06	-10
6.69433007e-06	3.2771299e-06	-10
6.69433007e-06	3.2771299e-06	-10
6.69433007e-06	3.2771299e-06	-10
6.69433007e-06	3.2771299e-06	-10
6.69433007e-06	3.2771299e-06	-10
6.69433007e-06	3.2771299e-06	-10
6.69433007e-06	3.2771299e-06	-10
6.69433007e-06	3.2771299e-06	-10
6.69433007e-06	3.2771299e-06	-10
6.69433007e-06	3.2771299e-06	-10
6.69433007e-06	3.2771299e-06	-10
6.69433007e-06	3.2771299e-06	-10
6.69433007e-06	3.2771299e-06	-10
6.69433007e-06	3.2771299e-06	-10
6.69433007e-06	3.2771299e-06	0
6.68455397e-06	3.291623564e-06	0
6.67477787e-06	3.306117228e-06	0
6.665001771e-06	3.320610892e-06	0
6.655225671e-06	3.335104555e-06	0
6.655225671e-06	3.335104555e-06	-10
6.655225671e-06	3.335104555e-06	-10
6.655225671e-06	3.335104555e-06	-10
6.655225671e-06	3.335104555e-06	-10
6.655225671e-06	3.335104555e-06	-10
6.655225671e-06	3.335104555e-06	-10
6.655225671e-06	3.335104555e-06	-10
6.655225671e-06	3.335104555e-06	-10
6.655225671e-06	3.335104555e-06	-10
6.655225671e-06	3.335104555e-06	-10
6.655225671e-06	3.335104555e-06	-10
6.655225671e-06	3.335104555e-06	-10
6.655225671e-06	3.335104555e-06	-10
6.655225671e-06	3.335104555e-06	-10
6.655225671e-06	3.335104555e-06	-10
6.655225671e-06	3.335104555e-06	-10
6.655225671e-06	3.335104555e-06	-10
6.655225671e-06	3.335104555e-06	-10
6.655225671e-06	3.335104555e-06	-10
6.655225671e-06	3.335104555e-06	-10
6.655225671e-06	3.335104555e-06	-10
6.655225671e-06	3.335104555e-06	-10
6.655225671e-06	3.335104555e-06	-10
6.655225671e-06	3.335104555e-06	-10
6.655225671e-06	3.335104555e-06	-10
6.655225671e-06	3.335104555e-06	0
6.645449571e-06	3.349598219e-06	0
6.635673472e-06	3.364091883e-06	0
6.625897372e-06	3.378585547e-06	0
6.616121272e-06	3.393079211e-06	0
6.616121272e-06	3.393079211e-06	-10
6.616121272e-06	3.393079211e-06	-10
6.616121272e-06	3.393079211e-06	-10
6.616121272e-06	3.393079211e-06	-10
6.616121272e-06	3.393079211e-06	-10
6.616121272e-06	3.393079211e-06	-10
6.616121272e-06	3.393079211e-06	-10
6.616121272e-06	3.393079211e-06	-10
6.616121272e-06	3.393079211e-06	-10
6.616121272e-06	3.393079211e-06	-10
6.616121272e-06	3.393079211e-06	-10
6.616121272e-06	3.393079211e-06	-10
6.616121272e-06	3.393079211e-06	-10
6.616121272e-06	3.393079211e-06	-10
6.616121272e-06	3.393079211e-06	-10
6.616121272e-06	3.393079211e-06	-10
6.616121272e-06	3.393079211e-06	-10
6.616121272e-06	3.393079211e-06	-10
6.616121272e-06	3.393079211e-06	-10
6.616121272e-06	3.393079211e-06	-10
6.616121272e-06	3.393079211e-06	-10
6.616121272e-06	3.393079211e-06	-10
6.616121272e-06	3.393079211e-06	-10
6.616121272e-06	3.393079211e-06	-10
6.616121272e-06	3.393079211e-06	-10
6.616121272e-06	3.393079211e-06	0
6.606345172e-06	3.407572875e-06	0
6.596569073e-06	3.422066539e-06	0
6.586792973e-06	3.436560202e-06	0
6.577016873e-06	3.451053866e-06	0
6.577016873e-06	3.451053866e-06	-10
6.577016873e-06	3.451053866e-06	-10
6.577016873e-06	3.451053866e-06	-10
6.577016873e-06	3.451053866e-06	-10
6.577016873e-06	3.451053866e-06	-10
6.577016873e-06	3.451053866e-06	-10
6.577016873e-06	3.451053866e-06	-10
6.577016873e-06	3.451053866e-06	-10
6.577016873e-06	3.451053866e-06	-10
6.577016873e-06	3.451053866e-06	-10
6.577016873e-06	3.451053866e-06	-10
6.577016873e-06	3.451053866e-06	-10
6.577016873e-06	3.451053866e-06	-10
6.577016873e-06	3.451053866e-06	-10
6.577016873e-06	3.451053866e-06	-10
6.577016873e-06	3.451053866e-06	-10
6.577016873e-06	3.451053866e-06	-10
6.577016873e-06	3.451053866e-06	-10
6.577016873e-06	3.451053866e-06	-10
6.577016873e-06	3.451053866e-06	-10
6.577016873e-06	3.451053866e-06	-10
6.577016873e-06	3.451053866e-06	-10
6.577016873e-06	3.451053866e-06	-10
6.577016873e-06	3.451053866e-06	-10
6.577016873e-06	3.451053866e-06	-10
6.577016873e-06	3.451053866e-06	0
6.567240774e-06	3.46554753e-06	0
6.557464674e-06	3.480041194e-06	0
6.547688574e-06	3.494534858e-06	0
6.537912474e-06	3.509028522e-06	0
6.537912474e-06	3.509028522e-06	-10
6.537912474e-06	3.509028522e-06	-10
6.537912474e-06	3.509028522e-06	-10
6.537912474e-06	3.509028522e-06	-10
6.537912474e-06	3.509028522e-06	-10
6.537912474e-06	3.509028522e-06	-10
6.537912474e-06	3.509028522e-06	-10
6.537912474e-06	3.509028522e-06	-10
6.537912474e-06	3.509028522e-06	-10
6.537912474e-06	3.509028522e-06	-10
6.537912474e-06	3.509028522e-06	-10
6.537912474e-06	3.509028522e-06	-10
6.537912474e-06	3.509028522e-06	-10
6.537912474e-06	3.509028522e-06	-10
6.537912474e-06	3.509028522e-06	-10
6.537912474e-06	3.509028522e-06	-10
6.537912474e-06	3.509028522e-06	-10
6.537912474e-06	3.509028522e-06	-10
6.537912474e-06	3.509028522e-06	-10
6.537912474e-06	3.509028522e-06	-10
6.537912474e-06	3.509028522e-06	-10
6.537912474e-06	3.509028522e-06	-10
6.537912474e-06	3.509028522e-06	-10
6.537912474e-06	3.509028522e-06	-10
6.537912474e-06	3.509028522e-06	-10
6.537912474e-06	3.509028522e-06	0
6.528136375e-06	3.523522186e-06	0
6.518360275e-06	3.538015849e-06	0
6.508584175e-06	3.552509513e-06	0
6.498808076e-06	3.567003177e-06	0
6.498808076e-06	3.567003177e-06	-10
6.498808076e-06	3.567003177e-06	-10
6.498808076e-06	3.567003177e-06	-10
6.498808076e-06	3.567003177e-06	-10
6.498808076e-06	3.567003177e-06	-10
6.498808076e-06	3.567003177e-06	-10
6.498808076e-06	3.567003177e-06	-10
6.498808076e-06	3.567003177e-06	-10
6.498808076e-06	3.567003177e-06	-10
6.498808076e-06	3.567003177e-06	-10
6.498808076e-06	3.567003177e-06	-10
6.498808076e-06	3.567003177e-06	-10
6.498808076e-06	3.567003177e-06	-10
6.498808076e-06	3.567003177e-06	-10
6.498808076e-06	3.567003177e-06	-10
6.498808076e-06	3.567003177e-06	-10
6.498808076e-06	3.567003177e-06	-10
6.498808076e-06	3.567003177e-06	-10
6.498808076e-06	3.567003177e-06	-10
6.498808076e-06	3.567003177e-06	-10
6.498808076e-06	3.567003177e-06	-10
6.498808076e-06	3.567003177e-06	-10
6.498808076e-06	3.567003177e-06	-10
6.498808076e-06	3.567003177e-06	-10
6.498808076e-06	3.567003177e-06	-10
6.498808076e-06	3.567003177e-06	0
6.489031976e-06	3.581496841e-06	0
6.479255876e-06	3.595990505e-06	0
6.469479776e-06	3.610484169e-06	0
6.459703677e-06	3.624977833e-06	0
6.459703677e-06	3.624977833e-06	-10
6.459703677e-06	3.624977833e-06	-10
6.459703677e-06	3.624977833e-06	-10
6.459703677e-06	3.624977833e-06	-10
6.459703677e-06	3.624977833e-06	-10
6.459703677e-06	3.624977833e-06	-10
6.459703677e-06	3.624977833e-06	-10
6.459703677e-06	3.624977833e-06	-10
6.459703677e-06	3.624977833e-06	-10
6.459703677e-06	3.624977833e-06	-10
6.459703677e-06	3.624977833e-06	-10
6.459703677e-06	3.624977833e-06	-10
6.459703677e-06	3.624977833e-06	-10
6.459703677e-06	3.624977833e-06	-10
6.459703677e-06	3.624977833e-06	-10
6.459703677e-06	3.624977833e-06	-10
6.459703677e-06	3.624977833e-06	-10
6.459703677e-06	3.624977833e-06	-10
6.459703677e-06	3.624977833e-06	-10
6.459703677e-06	3.624977833e-06	-10
6.459703677e-06	3.624977833e-06	-10
6.459703677e-06	3.624977833e-06	-10
6.459703677e-06	3.624977833e-06	-10
6.459703677e-06	3.624977833e-06	-10
6.459703677e-06	3.624977833e-06	-10
6.459703677e-06	3.624977833e-06	0
6.449927577e-06	3.639471496e-06	0
6.440151477e-06	3.65396516e-06	0
6.430375378e-06	3.668458824e-06	0
6.420599278e-06	3.682952488e-06	0
6.420599278e-06	3.682952488e-06	-10
6.420599278e-06	3.682952488e-06	-10
6.420599278e-06	3.682952488e-06	-10
6.420599278e-06	3.682952488e-06	-10
6.420599278e-06	3.682952488e-06	-10
6.420599278e-06	3.682952488e-06	-10
6.420599278e-06	3.682952488e-06	-10
6.420599278e-06	3.682952488e-06	-10
6.420599278e-06	3.682952488e-06	-10
6.420599278e-06	3.682952488e-06	-10
6.420599278e-06	3.682952488e-06	-10
6.420599278e-06	3.682952488e-06	-10
6.420599278e-06	3.682952488e-06	-10
6.420599278e-06	3.682952488e-06	-10
6.420599278e-06	3.682952488e-06	-10
6.420599278e-06	3.682952488e-06	-10
6.420599278e-06	3.682952488e-06	-10
6.420599278e-06	3.682952488e-06	-10
6.420599278e-06	3.682952488e-06	-10
6.420599278e-06	3.682952488e-06	-10
6.420599278e-06	3.682952488e-06	-10
6.420599278e-06	3.682952488e-06	-10
6.420599278e-06	3.682952488e-06	-10
6.420599278e-06	3.682952488e-06	-10
6.420599278e-06	3.682952488e-06	-10
6.420599278e-06	3.682952488e-06	0
6.410823178e-06	3.697446152e-06	0
6.401047078e-06	3.711939816e-06	0
6.391270979e-06	3.72643348e-06	0
6.381494879e-06	3.740927143e-06	0
6.381494879e-06	3.740927143e-06	-10
6.381494879e-06	3.740927143e-06	-10
6.381494879e-06	3.740927143e-06	-10
6.381494879e-06	3.740927143e-06	-10
6.381494879e-06	3.740927143e-06	-10
6.381494879e-06	3.740927143e-06	-10
6.381494879e-06	3.740927143e-06	-10
6.381494879e-06	3.740927143e-06	-10
6.381494879e-06	3.740927143e-06	-10
6.381494879e-06	3.740927143e-06	-10
6.381494879e-06	3.740927143e-06	-10
6.381494879e-06	3.740927143e-06	-10
6.381494879e-06	3.740927143e-06	-10
6.381494879e-06	3.740927143e-06	-10
6.381494879e-06	3.740927143e-06	-10
6.381494879e-06	3.740927143e-06	-10
6.381494879e-06	3.740927143e-06	-10
6.381494879e-06	3.740927143e-06	-10
6.381494879e-06	3.740927143e-06	-10
6.381494879e-06	3.740927143e-06	-10
6.381494879e-06	3.740927143e-06	-10
6.381494879e-06	3.740927143e-06	-10
6.381494879e-06	3.740927143e-06	-10
6.381494879e-06	3.740927143e-06	-10
6.381494879e-06	3.740927143e-06	-10
6.381494879e-06	3.740927143e-06	0
6.371718779e-06	3.755420807e-06	0
6.36194268e-06	3.769914471e-06	0
6.35216658e-06	3.784408135e-06	0
6.34239048e-06	3.798901799e-06	0
6.34239048e-06	3.798901799e-06	-10
6.34239048e-06	3.798901799e-06	-10
6.34239048e-06	3.798901799e-06	-10
6.34239048e-06	3.798901799e-06	-10
6.34239048e-06	3.798901799e-06	-10
6.34239048e-06	3.798901799e-06	-10
6.34239048e-06	3.798901799e-06	-10
6.34239048e-06	3.798901799e-06	-10
6.34239048e-06	3.798901799e-06	-10
6.34239048e-06	3.798901799e-06	-10
6.34239048e-06	3.798901799e-06	-10
6.34239048e-06	3.798901799e-06	-10
6.34239048e-06	3.798901799e-06	-10
6.34239048e-06	3.798901799e-06	-10
6.34239048e-06	3.798901799e-06	-10
6.34239048e-06	3.798901799e-06	-10
6.34239048e-06	3.798901799e-06	-10
6.34239048e-06	3.798901799e-06	-10
6.34239048e-06	3.798901799e-06	-10
6.34239048e-06	3.798901799e-06	-10
6.34239048e-06	3.798901799e-06	-10
6.34239048e-06	3.798901799e-06	-10
6.34239048e-06	3.798901799e-06	-10
6.34239048e-06	3.798901799e-06	-10
6.34239048e-06	3.798901799e-06	-10
6.34239048e-06	3.798901799e-06	0
6.327896816e-06	3.789125699e-06	0
6.313403153e-06	3.779349599e-06	0
6.298909489e-06	3.7695735e-06	0
6.284415825e-06	3.7597974e-06	0
6.284415825e-06	3.7597974e-06	-10
6.284415825e-06	3.7597974e-06	-10
6.284415825e-06	3.7597974e-06	-10
6.284415825e-06	3.7597974e-06	-10
6.284415825e-06	3.7597974e-06	-10
6.284415825e-06	3.7597974e-06	-10
6.284415825e-06	3.7597974e-06	-10
6.284415825e-06	3.7597974e-06	-10
6.284415825e-06	3.7597974e-06	-10
6.284415825e-06	3.7597974e-06	-10
6.284415825e-06	3.7597974e-06	-10
6.284415825e-06	3.7597974e-06	-10
6.284415825e-06	3.7597974e-06	-10
6.284415825e-06	3.7597974e-06	-10
6.284415825e-06	3.7597974e-06	-10
6.284415825e-06	3.7597974e-06	-10
6.284415825e-06	3.7597974e-06	-10
6.284415825e-06	3.7597974e-06	-10
6.284415825e-06	3.7597974e-06	-10
6.284415825e-06	3.7597974e-06	-10
6.284415825e-06	3.7597974e-06	-10
6.284415825e-06	3.7597974e-06	-10
6.284415825e-06	3.7597974e-06	-10
6.284415825e-06	3.7597974e-06	-10
6.284415825e-06	3.7597974e-06	-10
6.284415825e-06	3.7597974e-06	0
6.294191924e-06	3.745303736e-06	0
6.303968024e-06	3.730810072e-06	0
6.313744124e-06	3.716316408e-06	0
6.323520224e-06	3.701822745e-06	0
6.323520224e-06	3.701822745e-06	-10
6.323520224e-06	3.701822745e-06	-10
6.323520224e-06	3.701822745e-06	-10
6.323520224e-06	3.701822745e-06	-10
6.323520224e-06	3.701822745e-06	-10
6.323520224e-06	3.701822745e-06	-10
6.323520224e-06	3.701822745e-06	-10
6.323520224e-06	3.701822745e-06	-10
6.323520224e-06	3.701822745e-06	-10
6.323520224e-06	3.701822745e-06	-10
6.323520224e-06	3.701822745e-06	-10
6.323520224e-06	3.701822745e-06	-10
6.323520224e-06	3.701822745e-06	-10
6.323520224e-06	3.701822745e-06	-10
6.323520224e-06	3.701822745e-06	-10
6.323520224e-06	3.701822745e-06	-10
6.323520224e-06	3.701822745e-06	-10
6.323520224e-06	3.701822745e-06	-10
6.323520224e-06	3.701822745e-06	-10
6.323520224e-06	3.701822745e-06	-10
6.323520224e-06	3.701822745e-06	-10
6.323520224e-06	3.701822745e-06	-10
6.323520224e-06	3.701822745e-06	-10
6.323520224e-06	3.701822745e-06	-10
6.323520224e-06	3.701822745e-06	-10
6.323520224e-06	3.701822745e-06	0
6.333296323e-06	3.687329081e-06	0
6.343072423e-06	3.672835417e-06	0
6.352848523e-06	3.658341753e-06	0
6.362624622e-06	3.643848089e-06	0
6.362624622e-06	3.643848089e-06	-10
6.362624622e-06	3.643848089e-06	-10
6.362624622e-06	3.643848089e-06	-10
6.362624622e-06	3.643848089e-06	-10
6.362624622e-06	3.643848089e-06	-10
6.362624622e-06	3.643848089e-06	-10
6.362624622e-06	3.643848089e-06	-10
6.362624622e-06	3.643848089e-06	-10
6.362624622e-06	3.643848089e-06	-10
6.362624622e-06	3.643848089e-06	-10
6.362624622e-06	3.643848089e-06	-10
6.362624622e-06	3.643848089e-06	-10
6.362624622e-06	3.643848089e-06	-10
6.362624622e-06	3.643848089e-06	-10
6.362624622e-06	3.643848089e-06	-10
6.362624622e-06	3.643848089e-06	-10
6.362624622e-06	3.643848089e-06	-10
6.362624622e-06	3.643848089e-06	-10
6.362624622e-06	3.643848089e-06	-10
6.362624622e-06	3.643848089e-06	-10
6.362624622e-06	3.643848089e-06	-10
6.362624622e-06	3.643848089e-06	-10
6.362624622e-06	3.643848089e-06	-10
6.362624622e-06	3.643848089e-06	-10
6.362624622e-06	3.643848089e-06	-10
6.362624622e-06	3.643848089e-06	0
6.372400722e-06	3.629354425e-06	0
6.382176822e-06	3.614860761e-06	0
6.391952922e-06	3.600367098e-06	0
6.401729021e-06	3.585873434e-06	0
6.401729021e-06	3.585873434e-06	-10
6.401729021e-06	3.585873434e-06	-10
6.401729021e-06	3.585873434e-06	-10
6.401729021e-06	3.585873434e-06	-10
6.401729021e-06	3.585873434e-06	-10
6.401729021e-06	3.585873434e-06	-10
6.401729021e-06	3.585873434e-06	-10
6.401729021e-06	3.585873434e-06	-10
6.401729021e-06	3.585873434e-06	-10
6.401729021e-06	3.585873434e-06	-10
6.401729021e-06	3.585873434e-06	-10
6.401729021e-06	3.585873434e-06	-10
6.401729021e-06	3.585873434e-06	-10
6.401729021e-06	3.585873434e-06	-10
6.401729021e-06	3.585873434e-06	-10
6.401729021e-06	3.585873434e-06	-10
6.401729021e-06	3.585873434e-06	-10
6.401729021e-06	3.585873434e-06	-10
6.401729021e-06	3.585873434e-06	-10
6.401729021e-06	3.585873434e-06	-10
6.401729021e-06	3.585873434e-06	-10
6.401729021e-06	3.585873434e-06	-10
6.401729021e-06	3.585873434e-06	-10
6.401729021e-06	3.585873434e-06	-10
6.401729021e-06	3.585873434e-06	-10
6.401729021e-06	3.585873434e-06	0
6.411505121e-06	3.57137977e-06	0
6.421281221e-06	3.556886106e-06	0
6.43105732e-06	3.542392442e-06	0
6.44083342e-06	3.527898778e-06	0
6.44083342e-06	3.527898778e-06	-10
6.44083342e-06	3.527898778e-06	-10
6.44083342e-06	3.527898778e-06	-10
6.44083342e-06	3.527898778e-06	-10
6.44083342e-06	3.527898778e-06	-10
6.44083342e-06	3.527898778e-06	-10
6.44083342e-06	3.527898778e-06	-10
6.44083342e-06	3.527898778e-06	-10
6.44083342e-06	3.527898778e-06	-10
6.44083342e-06	3.527898778e-06	-10
6.44083342e-06	3.527898778e-06	-10
6.44083342e-06	3.527898778e-06	-10
6.44083342e-06	3.527898778e-06	-10
6.44083342e-06	3.527898778e-06	-10
6.44083342e-06	3.527898778e-06	-10
6.44083342e-06	3.527898778e-06	-10
6.44083342e-06	3.527898778e-06	-10
6.44083342e-06	3.527898778e-06	-10
6.44083342e-06	3.527898778e-06	-10
6.44083342e-06	3.527898778e-06	-10
6.44083342e-06	3.527898778e-06	-10
6.44083342e-06	3.527898778e-06	-10
6.44083342e-06	3.527898778e-06	-10
6.44083342e-06	3.527898778e-06	-10
6.44083342e-06	3.527898778e-06	-10
6.44083342e-06	3.527898778e-06	0
6.45060952e-06	3.513405114e-06	0
6.46038562e-06	3.498911451e-06	0
6.470161719e-06	3.484417787e-06	0
6.479937819e-06	3.469924123e-06	0
6.479937819e-06	3.469924123e-06	-10
6.479937819e-06	3.469924123e-06	-10
6.479937819e-06	3.469924123e-06	-10
6.479937819e-06	3.469924123e-06	-10
6.479937819e-06	3.469924123e-06	-10
6.479937819e-06	3.469924123e-06	-10
6.479937819e-06	3.469924123e-06	-10
6.479937819e-06	3.469924123e-06	-10
6.479937819e-06	3.469924123e-06	-10
6.479937819e-06	3.469924123e-06	-10
6.479937819e-06	3.469924123e-06	-10
6.479937819e-06	3.469924123e-06	-10
6.479937819e-06	3.469924123e-06	-10
6.479937819e-06	3.469924123e-06	-10
6.479937819e-06	3.469924123e-06	-10
6.479937819e-06	3.469924123e-06	-10
6.479937819e-06	3.469924123e-06	-10
6.479937819e-06	3.469924123e-06	-10
6.479937819e-06	3.469924123e-06	-10
6.479937819e-06	3.469924123e-06	-10
6.479937819e-06	3.469924123e-06	-10
6.479937819e-06	3.469924123e-06	-10
6.479937819e-06	3.469924123e-06	-10
6.479937819e-06	3.469924123e-06	-10
6.479937819e-06	3.469924123e-06	-10
6.479937819e-06	3.469924123e-06	0
6.489713919e-06	3.455430459e-06	0
6.499490018e-06	3.440936795e-06	0
6.509266118e-06	3.426443131e-06	0
6.519042218e-06	3.411949467e-06	0
6.519042218e-06	3.411949467e-06	-10
6.519042218e-06	3.411949467e-06	-10
6.519042218e-06	3.411949467e-06	-10
6.519042218e-06	3.411949467e-06	-10
6.519042218e-06	3.411949467e-06	-10
6.519042218e-06	3.411949467e-06	-10
6.519042218e-06	3.411949467e-06	-10
6.519042218e-06	3.411949467e-06	-10
6.519042218e-06	3.411949467e-06	-10
6.519042218e-06	3.411949467e-06	-10
6.519042218e-06	3.411949467e-06	-10
6.519042218e-06	3.411949467e-06	-10
6.519042218e-06	3.411949467e-06	-10
6.519042218e-06	3.411949467e-06	-10
6.519042218e-06	3.411949467e-06	-10
6.519042218e-06	3.411949467e-06	-10
6.519042218e-06	3.411949467e-06	-10
6.519042218e-06	3.411949467e-06	-10
6.519042218e-06	3.411949467e-06	-10
6.519042218e-06	3.411949467e-06	-10
6.519042218e-06	3.411949467e-06	-10
6.519042218e-06	3.411949467e-06	-10
6.519042218e-06	3.411949467e-06	-10
6.519042218e-06	3.411949467e-06	-10
6.519042218e-06	3.411949467e-06	-10
6.519042218e-06	3.411949467e-06	0
6.528818318e-06	3.397455804e-06	0
6.538594417e-06	3.38296214e-06	0
6.548370517e-06	3.368468476e-06	0
6.558146617e-06	3.353974812e-06	0
6.558146617e-06	3.353974812e-06	-10
6.558146617e-06	3.353974812e-06	-10
6.558146617e-06	3.353974812e-06	-10
6.558146617e-06	3.353974812e-06	-10
6.558146617e-06	3.353974812e-06	-10
6.558146617e-06	3.353974812e-06	-10
6.558146617e-06	3.353974812e-06	-10
6.558146617e-06	3.353974812e-06	-10
6.558146617e-06	3.353974812e-06	-10
6.558146617e-06	3.353974812e-06	-10
6.558146617e-06	3.353974812e-06	-10
6.558146617e-06	3.353974812e-06	-10
6.558146617e-06	3.353974812e-06	-10
6.558146617e-06	3.353974812e-06	-10
6.558146617e-06	3.353974812e-06	-10
6.558146617e-06	3.353974812e-06	-10
6.558146617e-06	3.353974812e-06	-10
6.558146617e-06	3.353974812e-06	-10
6.558146617e-06	3.353974812e-06	-10
6.558146617e-06	3.353974812e-06	-10
6.558146617e-06	3.353974812e-06	-10
6.558146617e-06	3.353974812e-06	-10
6.558146617e-06	3.353974812e-06	-10
6.558146617e-06	3.353974812e-06	-10
6.558146617e-06	3.353974812e-06	-10
6.558146617e-06	3.353974812e-06	0
6.567922716e-06	3.339481148e-06	0
6.577698816e-06	3.324987484e-06	0
6.587474916e-06	3.31049382e-06	0
6.597251016e-06	3.296000157e-06	0
6.597251016e-06	3.296000157e-06	-10
6.597251016e-06	3.296000157e-06	-10
6.597251016e-06	3.296000157e-06	-10
6.597251016e-06	3.296000157e-06	-10
6.597251016e-06	3.296000157e-06	-10
6.597251016e-06	3.296000157e-06	-10
6.597251016e-06	3.296000157e-06	-10
6.597251016e-06	3.296000157e-06	-10
6.597251016e-06	3.296000157e-06	-10
6.597251016e-06	3.296000157e-06	-10
6.597251016e-06	3.296000157e-06	-10
6.597251016e-06	3.296000157e-06	-10
6.597251016e-06	3.296000157e-06	-10
6.597251016e-06	3.296000157e-06	-10
6.597251016e-06	3.296000157e-06	-10
6.597251016e-06	3.296000157e-06	-10
6.597251016e-06	3.296000157e-06	-10
6.597251016e-06	3.296000157e-06	-10
6.597251016e-06	3.296000157e-06	-10
6.597251016e-06	3.296000157e-06	-10
6.597251016e-06	3.296000157e-06	-10
6.597251016e-06	3.296000157e-06	-10
6.597251016e-06	3.296000157e-06	-10
6.597251016e-06	3.296000157e-06	-10
6.597251016e-06	3.296000157e-06	-10
6.597251016e-06	3.296000157e-06	0
6.607027115e-06	3.281506493e-06	0
6.616803215e-06	3.267012829e-06	0
6.626579315e-06	3.252519165e-06	0
6.636355414e-06	3.238025501e-06	0
6.636355414e-06	3.238025501e-06	-10
6.636355414e-06	3.238025501e-06	-10
6.636355414e-06	3.238025501e-06	-10
6.636355414e-06	3.238025501e-06	-10
6.636355414e-06	3.238025501e-06	-10
6.636355414e-06	3.238025501e-06	-10
6.636355414e-06	3.238025501e-06	-10
6.636355414e-06	3.238025501e-06	-10
6.636355414e-06	3.238025501e-06	-10
6.636355414e-06	3.238025501e-06	-10
6.636355414e-06	3.238025501e-06	-10
6.636355414e-06	3.238025501e-06	-10
6.636355414e-06	3.238025501e-06	-10
6.636355414e-06	3.238025501e-06	-10
6.636355414e-06	3.238025501e-06	-10
6.636355414e-06	3.238025501e-06	-10
6.636355414e-06	3.238025501e-06	-10
6.636355414e-06	3.238025501e-06	-10
6.636355414e-06	3.238025501e-06	-10
6.636355414e-06	3.238025501e-06	-10
6.636355414e-06	3.238025501e-06	-10
6.636355414e-06	3.238025501e-06	-10
6.636355414e-06	3.238025501e-06	-10
6.636355414e-06	3.238025501e-06	-10
6.636355414e-06	3.238025501e-06	-10
6.636355414e-06	3.238025501e-06	0
6.646131514e-06	3.223531837e-06	0
6.655907614e-06	3.209038174e-06	0
6.665683714e-06	3.19454451e-06	0
6.675459813e-06	3.180050846e-06	0
6.675459813e-06	3.180050846e-06	-10
6.675459813e-06	3.180050846e-06	-10
6.675459813e-06	3.180050846e-06	-10
6.675459813e-06	3.180050846e-06	-10
6.675459813e-06	3.180050846e-06	-10
6.675459813e-06	3.180050846e-06	-10
6.675459813e-06	3.180050846e-06	-10
6.675459813e-06	3.180050846e-06	-10
6.675459813e-06	3.180050846e-06	-10
6.675459813e-06	3.180050846e-06	-10
6.675459813e-06	3.180050846e-06	-10
6.675459813e-06	3.180050846e-06	-10
6.675459813e-06	3.180050846e-06	-10
6.675459813e-06	3.180050846e-06	-10
6.675459813e-06	3.180050846e-06	-10
6.675459813e-06	3.180050846e-06	-10
6.675459813e-06	3.180050846e-06	-10
6.675459813e-06	3.180050846e-06	-10
6.675459813e-06	3.180050846e-06	-10
6.675459813e-06	3.180050846e-06	-10
6.675459813e-06	3.180050846e-06	-10
6.675459813e-06	3.180050846e-06	-10
6.675459813e-06	3.180050846e-06	-10
6.675459813e-06	3.180050846e-06	-10
6.675459813e-06	3.180050846e-06	-10
6.675459813e-06	3.180050846e-06	0
6.685235913e-06	3.165557182e-06	0
6.695012013e-06	3.151063518e-06	0
6.704788112e-06	3.136569854e-06	0
6.714564212e-06	3.12207619e-06	0
6.714564212e-06	3.12207619e-06	-10
6.714564212e-06	3.12207619e-06	-10
6.714564212e-06	3.12207619e-06	-10
6.714564212e-06	3.12207619e-06	-10
6.714564212e-06	3.12207619e-06	-10
6.714564212e-06	3.12207619e-06	-10
6.714564212e-06	3.12207619e-06	-10
6.714564212e-06	3.12207619e-06	-10
6.714564212e-06	3.12207619e-06	-10
6.714564212e-06	3.12207619e-06	-10
6.714564212e-06	3.12207619e-06	-10
6.714564212e-06	3.12207619e-06	-10
6.714564212e-06	3.12207619e-06	-10
6.714564212e-06	3.12207619e-06	-10
6.714564212e-06	3.12207619e-06	-10
6.714564212e-06	3.12207619e-06	-10
6.714564212e-06	3.12207619e-06	-10
6.714564212e-06	3.12207619e-06	-10
6.714564212e-06	3.12207619e-06	-10
6.714564212e-06	3.12207619e-06	-10
6.714564212e-06	3.12207619e-06	-10
6.714564212e-06	3.12207619e-06	-10
6.714564212e-06	3.12207619e-06	-10
6.714564212e-06	3.12207619e-06	-10
6.714564212e-06	3.12207619e-06	-10
6.714564212e-06	3.12207619e-06	0
6.724340312e-06	3.107582527e-06	0
6.734116411e-06	3.093088863e-06	0
6.743892511e-06	3.078595199e-06	0
6.753668611e-06	3.064101535e-06	0
6.753668611e-06	3.064101535e-06	-10
6.753668611e-06	3.064101535e-06	-10
6.753668611e-06	3.064101535e-06	-10
6.753668611e-06	3.064101535e-06	-10
6.753668611e-06	3.064101535e-06	-10
6.753668611e-06	3.064101535e-06	-10
6.753668611e-06	3.064101535e-06	-10
6.753668611e-06	3.064101535e-06	-10
6.753668611e-06	3.064101535e-06	-10
6.753668611e-06	3.064101535e-06	-10
6.753668611e-06	3.064101535e-06	-10
6.753668611e-06	3.064101535e-06	-10
6.753668611e-06	3.064101535e-06	-10
6.753668611e-06	3.064101535e-06	-10
6.753668611e-06	3.064101535e-06	-10
6.753668611e-06	3.064101535e-06	-10
6.753668611e-06	3.064101535e-06	-10
6.753668611e-06	3.064101535e-06	-10
6.753668611e-06	3.064101535e-06	-10
6.753668611e-06	3.064101535e-06	-10
6.753668611e-06	3.064101535e-06	-10
6.753668611e-06	3.064101535e-06	-10
6.753668611e-06	3.064101535e-06	-10
6.753668611e-06	3.064101535e-06	-10
6.753668611e-06	3.064101535e-06	-10
6.753668611e-06	3.064101535e-06	0
6.763444711e-06	3.049607871e-06	0
6.77322081e-06	3.035114207e-06	0
6.78299691e-06	3.020620543e-06	0
6.79277301e-06	3.00612688e-06	0
6.79277301e-06	3.00612688e-06	-10
6.79277301e-06	3.00612688e-06	-10
6.79277301e-06	3.00612688e-06	-10
6.79277301e-06	3.00612688e-06	-10
6.79277301e-06	3.00612688e-06	-10
6.79277301e-06	3.00612688e-06	-10
6.79277301e-06	3.00612688e-06	-10
6.79277301e-06	3.00612688e-06	-10
6.79277301e-06	3.00612688e-06	-10
6.79277301e-06	3.00612688e-06	-10
6.79277301e-06	3.00612688e-06	-10
6.79277301e-06	3.00612688e-06	-10
6.79277301e-06	3.00612688e-06	-10
6.79277301e-06	3.00612688e-06	-10
6.79277301e-06	3.00612688e-06	-10
6.79277301e-06	3.00612688e-06	-10
6.79277301e-06	3.00612688e-06	-10
6.79277301e-06	3.00612688e-06	-10
6.79277301e-06	3.00612688e-06	-10
6.79277301e-06	3.00612688e-06	-10
6.79277301e-06	3.00612688e-06	-10
6.79277301e-06	3.00612688e-06	-10
6.79277301e-06	3.00612688e-06	-10
6.79277301e-06	3.00612688e-06	-10
6.79277301e-06	3.00612688e-06	-10
6.79277301e-06	3.00612688e-06	0
6.802549109e-06	2.991633216e-06	0
6.812325209e-06	2.977139552e-06	0
6.822101309e-06	2.962645888e-06	0
6.831877409e-06	2.948152224e-06	0
6.831877409e-06	2.948152224e-06	-10
6.831877409e-06	2.948152224e-06	-10
6.831877409e-06	2.948152224e-06	-10
6.831877409e-06	2.948152224e-06	-10
6.831877409e-06	2.948152224e-06	-10
6.831877409e-06	2.948152224e-06	-10
6.831877409e-06	2.948152224e-06	-10
6.831877409e-06	2.948152224e-06	-10
6.831877409e-06	2.948152224e-06	-10
6.831877409e-06	2.948152224e-06	-10
6.831877409e-06	2.948152224e-06	-10
6.831877409e-06	2.948152224e-06	-10
6.831877409e-06	2.948152224e-06	-10
6.831877409e-06	2.948152224e-06	-10
6.831877409e-06	2.948152224e-06	-10
6.831877409e-06	2.948152224e-06	-10
6.831877409e-06	2.948152224e-06	-10
6.831877409e-06	2.948152224e-06	-10
6.831877409e-06	2.948152224e-06	-10
6.831877409e-06	2.948152224e-06	-10
6.831877409e-06	2.948152224e-06	-10
6.831877409e-06	2.948152224e-06	-10
6.831877409e-06	2.948152224e-06	-10
6.831877409e-06	2.948152224e-06	-10
6.831877409e-06	2.948152224e-06	-10
6.831877409e-06	2.948152224e-06	0
6.841653508e-06	2.93365856e-06	0
6.851429608e-06	2.919164896e-06	0
6.861205708e-06	2.904671233e-06	0
6.870981807e-06	2.890177569e-06	0
6.870981807e-06	2.890177569e-06	-10
6.870981807e-06	2.890177569e-06	-10
6.870981807e-06	2.890177569e-06	-10
6.870981807e-06	2.890177569e-06	-10
6.870981807e-06	2.890177569e-06	-10
6.870981807e-06	2.890177569e-06	-10
6.870981807e-06	2.890177569e-06	-10
6.870981807e-06	2.890177569e-06	-10
6.870981807e-06	2.890177569e-06	-10
6.870981807e-06	2.890177569e-06	-10
6.870981807e-06	2.890177569e-06	-10
6.870981807e-06	2.890177569e-06	-10
6.870981807e-06	2.890177569e-06	-10
6.870981807e-06	2.890177569e-06	-10
6.870981807e-06	2.890177569e-06	-10
6.870981807e-06	2.890177569e-06	-10
6.870981807e-06	2.890177569e-06	-10
6.870981807e-06	2.890177569e-06	-10
6.870981807e-06	2.890177569e-06	-10
6.870981807e-06	2.890177569e-06	-10
6.870981807e-06	2.890177569e-06	-10
6.870981807e-06	2.890177569e-06	-10
6.870981807e-06	2.890177569e-06	-10
6.870981807e-06	2.890177569e-06	-10
6.870981807e-06	2.890177569e-06	-10
6.870981807e-06	2.890177569e-06	0
6.880757907e-06	2.875683905e-06	0
6.890534007e-06	2.861190241e-06	0
6.900310107e-06	2.846696577e-06	0
6.910086206e-06	2.832202913e-06	0
6.910086206e-06	2.832202913e-06	-10
6.910086206e-06	2.832202913e-06	-10
6.910086206e-06	2.832202913e-06	-10
6.910086206e-06	2.832202913e-06	-10
6.910086206e-06	2.832202913e-06	-10
6.910086206e-06	2.832202913e-06	-10
6.910086206e-06	2.832202913e-06	-10
6.910086206e-06	2.832202913e-06	-10
6.910086206e-06	2.832202913e-06	-10
6.910086206e-06	2.832202913e-06	-10
6.910086206e-06	2.832202913e-06	-10
6.910086206e-06	2.832202913e-06	-10
6.910086206e-06	2.832202913e-06	-10
6.910086206e-06	2.832202913e-06	-10
6.910086206e-06	2.832202913e-06	-10
6.910086206e-06	2.832202913e-06	-10
6.910086206e-06	2.832202913e-06	-10
6.910086206e-06	2.832202913e-06	-10
6.910086206e-06	2.832202913e-06	-10
6.910086206e-06	2.832202913e-06	-10
6.910086206e-06	2.832202913e-06	-10
6.910086206e-06	2.832202913e-06	-10
6.910086206e-06	2.832202913e-06	-10
6.910086206e-06	2.832202913e-06	-10
6.910086206e-06	2.832202913e-06	-10
6.910086206e-06	2.832202913e-06	0
6.919862306e-06	2.817709249e-06	0
6.929638406e-06	2.803215586e-06	0
6.939414505e-06	2.788721922e-06	0
6.949190605e-06	2.774228258e-06	0
6.949190605e-06	2.774228258e-06	-10
6.949190605e-06	2.774228258e-06	-10
6.949190605e-06	2.774228258e-06	-10
6.949190605e-06	2.774228258e-06	-10
6.949190605e-06	2.774228258e-06	-10
6.949190605e-06	2.774228258e-06	-10
6.949190605e-06	2.774228258e-06	-10
6.949190605e-06	2.774228258e-06	-10
6.949190605e-06	2.774228258e-06	-10
6.949190605e-06	2.774228258e-06	-10
6.949190605e-06	2.774228258e-06	-10
6.949190605e-06	2.774228258e-06	-10
6.949190605e-06	2.774228258e-06	-10
6.949190605e-06	2.774228258e-06	-10
6.949190605e-06	2.774228258e-06	-10
6.949190605e-06	2.774228258e-06	-10
6.949190605e-06	2.774228258e-06	-10
6.949190605e-06	2.774228258e-06	-10
6.949190605e-06	2.774228258e-06	-10
6.949190605e-06	2.774228258e-06	-10
6.949190605e-06	2.774228258e-06	-10
6.949190605e-06	2.774228258e-06	-10
6.949190605e-06	2.774228258e-06	-10
6.949190605e-06	2.774228258e-06	-10
6.949190605e-06	2.774228258e-06	-10
6.949190605e-06	2.774228258e-06	0
6.958966705e-06	2.759734594e-06	0
6.968742805e-06	2.74524093e-06	0
6.978518904e-06	2.730747266e-06	0
6.988295004e-06	2.716253602e-06	0
6.988295004e-06	2.716253602e-06	-10
6.988295004e-06	2.716253602e-06	-10
6.988295004e-06	2.716253602e-06	-10
6.988295004e-06	2.716253602e-06	-10
6.988295004e-06	2.716253602e-06	-10
6.988295004e-06	2.716253602e-06	-10
6.988295004e-06	2.716253602e-06	-10
6.988295004e-06	2.716253602e-06	-10
6.988295004e-06	2.716253602e-06	-10
6.988295004e-06	2.716253602e-06	-10
6.988295004e-06	2.716253602e-06	-10
6.988295004e-06	2.716253602e-06	-10
6.988295004e-06	2.716253602e-06	-10
6.988295004e-06	2.716253602e-06	-10
6.988295004e-06	2.716253602e-06	-10
6.988295004e-06	2.716253602e-06	-10
6.988295004e-06	2.716253602e-06	-10
6.988295004e-06	2.716253602e-06	-10
6.988295004e-06	2.716253602e-06	-10
6.988295004e-06	2.716253602e-06	-10
6.988295004e-06	2.716253602e-06	-10
6.988295004e-06	2.716253602e-06	-10
6.988295004e-06	2.716253602e-06	-10
6.988295004e-06	2.716253602e-06	-10
6.988295004e-06	2.716253602e-06	-10
6.988295004e-06	2.716253602e-06	0
6.998071104e-06	2.701759939e-06	0
7.007847203e-06	2.687266275e-06	0
7.017623303e-06	2.672772611e-06	0
7.027399403e-06	2.658278947e-06	0
7.027399403e-06	2.658278947e-06	-10
7.027399403e-06	2.658278947e-06	-10
7.027399403e-06	2.658278947e-06	-10
7.027399403e-06	2.658278947e-06	-10
7.027399403e-06	2.658278947e-06	-10
7.027399403e-06	2.658278947e-06	-10
7.027399403e-06	2.658278947e-06	-10
7.027399403e-06	2.658278947e-06	-10
7.027399403e-06	2.658278947e-06	-10
7.027399403e-06	2.658278947e-06	-10
7.027399403e-06	2.658278947e-06	-10
7.027399403e-06	2.658278947e-06	-10
7.027399403e-06	2.658278947e-06	-10
7.027399403e-06	2.658278947e-06	-10
7.027399403e-06	2.658278947e-06	-10
7.027399403e-06	2.658278947e-06	-10
7.027399403e-06	2.658278947e-06	-10
7.027399403e-06	2.658278947e-06	-10
7.027399403e-06	2.658278947e-06	-10
7.027399403e-06	2.658278947e-06	-10
7.027399403e-06	2.658278947e-06	-10
7.027399403e-06	2.658278947e-06	-10
7.027399403e-06	2.658278947e-06	-10
7.027399403e-06	2.658278947e-06	-10
7.027399403e-06	2.658278947e-06	-10
7.027399403e-06	2.658278947e-06	0
7.012905739e-06	2.648502847e-06	0
6.998412075e-06	2.638726748e-06	0
6.983918411e-06	2.628950648e-06	0
6.969424747e-06	2.619174548e-06	0
6.969424747e-06	2.619174548e-06	10
6.969424747e-06	2.619174548e-06	10
6.969424747e-06	2.619174548e-06	10
6.969424747e-06	2.619174548e-06	10
6.969424747e-06	2.619174548e-06	10
6.969424747e-06	2.619174548e-06	10
6.969424747e-06	2.619174548e-06	10
6.969424747e-06	2.619174548e-06	10
6.969424747e-06	2.619174548e-06	10
6.969424747e-06	2.619174548e-06	10
6.969424747e-06	2.619174548e-06	10
6.969424747e-06	2.619174548e-06	10
6.969424747e-06	2.619174548e-06	10
6.969424747e-06	2.619174548e-06	10
6.969424747e-06	2.619174548e-06	10
6.969424747e-06	2.619174548e-06	10
6.969424747e-06	2.619174548e-06	10
6.969424747e-06	2.619174548e-06	10
6.969424747e-06	2.619174548e-06	10
6.969424747e-06	2.619174548e-06	10
6.969424747e-06	2.619174548e-06	10
6.969424747e-06	2.619174548e-06	10
6.969424747e-06	2.619174548e-06	10
6.969424747e-06	2.619174548e-06	10
6.969424747e-06	2.619174548e-06	10
6.969424747e-06	2.619174548e-06	0
6.959648648e-06	2.633668212e-06	0
6.949872548e-06	2.648161876e-06	0
6.940096448e-06	2.66265554e-06	0
6.930320349e-06	2.677149204e-06	0
6.930320349e-06	2.677149204e-06	10
6.930320349e-06	2.677149204e-06	10
6.930320349e-06	2.677149204e-06	10
6.930320349e-06	2.677149204e-06	10
6.930320349e-06	2.677149204e-06	10
6.930320349e-06	2.677149204e-06	10
6.930320349e-06	2.677149204e-06	10
6.930320349e-06	2.677149204e-06	10
6.930320349e-06	2.677149204e-06	10
6.930320349e-06	2.677149204e-06	10
6.930320349e-06	2.677149204e-06	10
6.930320349e-06	2.677149204e-06	10
6.930320349e-06	2.677149204e-06	10
6.930320349e-06	2.677149204e-06	10
6.930320349e-06	2.677149204e-06	10
6.930320349e-06	2.677149204e-06	10
6.930320349e-06	2.677149204e-06	10
6.930320349e-06	2.677149204e-06	10
6.930320349e-06	2.677149204e-06	10
6.930320349e-06	2.677149204e-06	10
6.930320349e-06	2.677149204e-06	10
6.930320349e-06	2.677149204e-06	10
6.930320349e-06	2.677149204e-06	10
6.930320349e-06	2.677149204e-06	10
6.930320349e-06	2.677149204e-06	10
6.930320349e-06	2.677149204e-06	0
6.920544249e-06	2.691642867e-06	0
6.910768149e-06	2.706136531e-06	0
6.900992049e-06	2.720630195e-06	0
6.89121595e-06	2.735123859e-06	0
6.89121595e-06	2.735123859e-06	10
6.89121595e-06	2.735123859e-06	10
6.89121595e-06	2.735123859e-06	10
6.89121595e-06	2.735123859e-06	10
6.89121595e-06	2.735123859e-06	10
6.89121595e-06	2.735123859e-06	10
6.89121595e-06	2.735123859e-06	10
6.89121595e-06	2.735123859e-06	10
6.89121595e-06	2.735123859e-06	10
6.89121595e-06	2.735123859e-06	10
6.89121595e-06	2.735123859e-06	10
6.89121595e-06	2.735123859e-06	10
6.89121595e-06	2.735123859e-06	10
6.89121595e-06	2.735123859e-06	10
6.89121595e-06	2.735123859e-06	10
6.89121595e-06	2.735123859e-06	10
6.89121595e-06	2.735123859e-06	10
6.89121595e-06	2.735123859e-06	10
6.89121595e-06	2.735123859e-06	10
6.89121595e-06	2.735123859e-06	10
6.89121595e-06	2.735123859e-06	10
6.89121595e-06	2.735123859e-06	10
6.89121595e-06	2.735123859e-06	10
6.89121595e-06	2.735123859e-06	10
6.89121595e-06	2.735123859e-06	10
6.89121595e-06	2.735123859e-06	0
6.88143985e-06	2.749617523e-06	0
6.87166375e-06	2.764111187e-06	0
6.861887651e-06	2.778604851e-06	0
6.852111551e-06	2.793098514e-06	0
6.852111551e-06	2.793098514e-06	10
6.852111551e-06	2.793098514e-06	10
6.852111551e-06	2.793098514e-06	10
6.852111551e-06	2.793098514e-06	10
6.852111551e-06	2.793098514e-06	10
6.852111551e-06	2.793098514e-06	10
6.852111551e-06	2.793098514e-06	10
6.852111551e-06	2.793098514e-06	10
6.852111551e-06	2.793098514e-06	10
6.852111551e-06	2.793098514e-06	10
6.852111551e-06	2.793098514e-06	10
6.852111551e-06	2.793098514e-06	10
6.852111551e-06	2.793098514e-06	10
6.852111551e-06	2.793098514e-06	10
6.852111551e-06	2.793098514e-06	10
6.852111551e-06	2.793098514e-06	10
6.852111551e-06	2.793098514e-06	10
6.852111551e-06	2.793098514e-06	10
6.852111551e-06	2.793098514e-06	10
6.852111551e-06	2.793098514e-06	10
6.852111551e-06	2.793098514e-06	10
6.852111551e-06	2.793098514e-06	10
6.852111551e-06	2.793098514e-06	10
6.852111551e-06	2.793098514e-06	10
6.852111551e-06	2.793098514e-06	10
6.852111551e-06	2.793098514e-06	0
6.842335451e-06	2.807592178e-06	0
6.832559351e-06	2.822085842e-06	0
6.822783252e-06	2.836579506e-06	0
6.813007152e-06	2.85107317e-06	0
6.813007152e-06	2.85107317e-06	10
6.813007152e-06	2.85107317e-06	10
6.813007152e-06	2.85107317e-06	10
6.813007152e-06	2.85107317e-06	10
6.813007152e-06	2.85107317e-06	10
6.813007152e-06	2.85107317e-06	10
6.813007152e-06	2.85107317e-06	10
6.813007152e-06	2.85107317e-06	10
6.813007152e-06	2.85107317e-06	10
6.813007152e-06	2.85107317e-06	10
6.813007152e-06	2.85107317e-06	10
6.813007152e-06	2.85107317e-06	10
6.813007152e-06	2.85107317e-06	10
6.813007152e-06	2.85107317e-06	10
6.813007152e-06	2.85107317e-06	10
6.813007152e-06	2.85107317e-06	10
6.813007152e-06	2.85107317e-06	10
6.813007152e-06	2.85107317e-06	10
6.813007152e-06	2.85107317e-06	10
6.813007152e-06	2.85107317e-06	10
6.813007152e-06	2.85107317e-06	10
6.813007152e-06	2.85107317e-06	10
6.813007152e-06	2.85107317e-06	10
6.813007152e-06	2.85107317e-06	10
6.813007152e-06	2.85107317e-06	10
6.813007152e-06	2.85107317e-06	0
6.803231052e-06	2.865566834e-06	0
6.793454953e-06	2.880060498e-06	0
6.783678853e-06	2.894554161e-06	0
6.773902753e-06	2.909047825e-06	0
6.773902753e-06	2.909047825e-06	10
6.773902753e-06	2.909047825e-06	10
6.773902753e-06	2.909047825e-06	10
6.773902753e-06	2.909047825e-06	10
6.773902753e-06	2.909047825e-06	10
6.773902753e-06	2.909047825e-06	10
6.773902753e-06	2.909047825e-06	10
6.773902753e-06	2.909047825e-06	10
6.773902753e-06	2.909047825e-06	10
6.773902753e-06	2.909047825e-06	10
6.773902753e-06	2.909047825e-06	10
6.773902753e-06	2.909047825e-06	10
6.773902753e-06	2.909047825e-06	10
6.773902753e-06	2.909047825e-06	10
6.773902753e-06	2.909047825e-06	10
6.773902753e-06	2.909047825e-06	10
6.773902753e-06	2.909047825e-06	10
6.773902753e-06	2.909047825e-06	10
6.773902753e-06	2.909047825e-06	10
6.773902753e-06	2.909047825e-06	10
6.773902753e-06	2.909047825e-06	10
6.773902753e-06	2.909047825e-06	10
6.773902753e-06	2.909047825e-06	10
6.773902753e-06	2.909047825e-06	10
6.773902753e-06	2.909047825e-06	10
6.773902753e-06	2.909047825e-06	0
6.764126653e-06	2.923541489e-06	0
6.754350554e-06	2.938035153e-06	0
6.744574454e-06	2.952528817e-06	0
6.734798354e-06	2.967022481e-06	0
6.734798354e-06	2.967022481e-06	10
6.734798354e-06	2.967022481e-06	10
6.734798354e-06	2.967022481e-06	10
6.734798354e-06	2.967022481e-06	10
6.734798354e-06	2.967022481e-06	10
6.734798354e-06	2.967022481e-06	10
6.734798354e-06	2.967022481e-06	10
6.734798354e-06	2.967022481e-06	10
6.734798354e-06	2.967022481e-06	10
6.734798354e-06	2.967022481e-06	10
6.734798354e-06	2.967022481e-06	10
6.734798354e-06	2.967022481e-06	10
6.734798354e-06	2.967022481e-06	10
6.734798354e-06	2.967022481e-06	10
6.734798354e-06	2.967022481e-06	10
6.734798354e-06	2.967022481e-06	10
6.734798354e-06	2.967022481e-06	10
6.734798354e-06	2.967022481e-06	10
6.734798354e-06	2.967022481e-06	10
6.734798354e-06	2.967022481e-06	10
6.734798354e-06	2.967022481e-06	10
6.734798354e-06	2.967022481e-06	10
6.734798354e-06	2.967022481e-06	10
6.734798354e-06	2.967022481e-06	10
6.734798354e-06	2.967022481e-06	10
6.734798354e-06	2.967022481e-06	0
6.725022255e-06	2.981516145e-06	0
6.715246155e-06	2.996009808e-06	0
6.705470055e-06	3.010503472e-06	0
6.695693955e-06	3.024997136e-06	0
6.695693955e-06	3.024997136e-06	10
6.695693955e-06	3.024997136e-06	10
6.695693955e-06	3.024997136e-06	10
6.695693955e-06	3.024997136e-06	10
6.695693955e-06	3.024997136e-06	10
6.695693955e-06	3.024997136e-06	10
6.695693955e-06	3.024997136e-06	10
6.695693955e-06	3.024997136e-06	10
6.695693955e-06	3.024997136e-06	10
6.695693955e-06	3.024997136e-06	10
6.695693955e-06	3.024997136e-06	10
6.695693955e-06	3.024997136e-06	10
6.695693955e-06	3.024997136e-06	10
6.695693955e-06	3.024997136e-06	10
6.695693955e-06	3.024997136e-06	10
6.695693955e-06	3.024997136e-06	10
6.695693955e-06	3.024997136e-06	10
6.695693955e-06	3.024997136e-06	10
6.695693955e-06	3.024997136e-06	10
6.695693955e-06	3.024997136e-06	10
6.695693955e-06	3.024997136e-06	10
6.695693955e-06	3.024997136e-06	10
6.695693955e-06	3.024997136e-06	10
6.695693955e-06	3.024997136e-06	10
6.695693955e-06	3.024997136e-06	10
6.695693955e-06	3.024997136e-06	0
6.685917856e-06	3.0394908e-06	0
6.676141756e-06	3.053984464e-06	0
6.666365656e-06	3.068478128e-06	0
6.656589557e-06	3.082971792e-06	0
6.656589557e-06	3.082971792e-06	10
6.656589557e-06	3.082971792e-06	10
6.656589557e-06	3.082971792e-06	10
6.656589557e-06	3.082971792e-06	10
6.656589557e-06	3.082971792e-06	10
6.656589557e-06	3.082971792e-06	10
6.656589557e-06	3.082971792e-06	10
6.656589557e-06	3.082971792e-06	10
6.656589557e-06	3.082971792e-06	10
6.656589557e-06	3.082971792e-06	10
6.656589557e-06	3.082971792e-06	10
6.656589557e-06	3.082971792e-06	10
6.656589557e-06	3.082971792e-06	10
6.656589557e-06	3.082971792e-06	10
6.656589557e-06	3.082971792e-06	10
6.656589557e-06	3.082971792e-06	10
6.656589557e-06	3.082971792e-06	10
6.656589557e-06	3.082971792e-06	10
6.656589557e-06	3.082971792e-06	10
6.656589557e-06	3.082971792e-06	10
6.656589557e-06	3.082971792e-06	10
6.656589557e-06	3.082971792e-06	10
6.656589557e-06	3.082971792e-06	10
6.656589557e-06	3.082971792e-06	10
6.656589557e-06	3.082971792e-06	10
6.656589557e-06	3.082971792e-06	0
6.646813457e-06	3.097465455e-06	0
6.637037357e-06	3.111959119e-06	0
6.627261258e-06	3.126452783e-06	0
6.617485158e-06	3.140946447e-06	0
6.617485158e-06	3.140946447e-06	10
6.617485158e-06	3.140946447e-06	10
6.617485158e-06	3.140946447e-06	10
6.617485158e-06	3.140946447e-06	10
6.617485158e-06	3.140946447e-06	10
6.617485158e-06	3.140946447e-06	10
6.617485158e-06	3.140946447e-06	10
6.617485158e-06	3.140946447e-06	10
6.617485158e-06	3.140946447e-06	10
6.617485158e-06	3.140946447e-06	10
6.617485158e-06	3.140946447e-06	10
6.617485158e-06	3.140946447e-06	10
6.617485158e-06	3.140946447e-06	10
6.617485158e-06	3.140946447e-06	10
6.617485158e-06	3.140946447e-06	10
6.617485158e-06	3.140946447e-06	10
6.617485158e-06	3.140946447e-06	10
6.617485158e-06	3.140946447e-06	10
6.617485158e-06	3.140946447e-06	10
6.617485158e-06	3.140946447e-06	10
6.617485158e-06	3.140946447e-06	10
6.617485158e-06	3.140946447e-06	10
6.617485158e-06	3.140946447e-06	10
6.617485158e-06	3.140946447e-06	10
6.617485158e-06	3.140946447e-06	10
6.617485158e-06	3.140946447e-06	0
6.607709058e-06	3.155440111e-06	0
6.597932958e-06	3.169933775e-06	0
6.588156859e-06	3.184427439e-06	0
6.578380759e-06	3.198921102e-06	0
6.578380759e-06	3.198921102e-06	10
6.578380759e-06	3.198921102e-06	10
6.578380759e-06	3.198921102e-06	10
6.578380759e-06	3.198921102e-06	10
6.578380759e-06	3.198921102e-06	10
6.578380759e-06	3.198921102e-06	10
6.578380759e-06	3.198921102e-06	10
6.578380759e-06	3.198921102e-06	10
6.578380759e-06	3.198921102e-06	10
6.578380759e-06	3.198921102e-06	10
6.578380759e-06	3.198921102e-06	10
6.578380759e-06	3.198921102e-06	10
6.578380759e-06	3.198921102e-06	10
6.578380759e-06	3.198921102e-06	10
6.578380759e-06	3.198921102e-06	10
6.578380759e-06	3.198921102e-06	10
6.578380759e-06	3.198921102e-06	10
6.578380759e-06	3.198921102e-06	10
6.578380759e-06	3.198921102e-06	10
6.578380759e-06	3.198921102e-06	10
6.578380759e-06	3.198921102e-06	10
6.578380759e-06	3.198921102e-06	10
6.578380759e-06	3.198921102e-06	10
6.578380759e-06	3.198921102e-06	10
6.578380759e-06	3.198921102e-06	10
6.578380759e-06	3.198921102e-06	0
6.568604659e-06	3.213414766e-06	0
6.55882856e-06	3.22790843e-06	0
6.54905246e-06	3.242402094e-06	0
6.53927636e-06	3.256895758e-06	0
6.53927636e-06	3.256895758e-06	10
6.53927636e-06	3.256895758e-06	10
6.53927636e-06	3.256895758e-06	10
6.53927636e-06	3.256895758e-06	10
6.53927636e-06	3.256895758e-06	10
6.53927636e-06	3.256895758e-06	10
6.53927636e-06	3.256895758e-06	10
6.53927636e-06	3.256895758e-06	10
6.53927636e-06	3.256895758e-06	10
6.53927636e-06	3.256895758e-06	10
6.53927636e-06	3.256895758e-06	10
6.53927636e-06	3.256895758e-06	10
6.53927636e-06	3.256895758e-06	10
6.53927636e-06	3.256895758e-06	10
6.53927636e-06	3.256895758e-06	10
6.53927636e-06	3.256895758e-06	10
6.53927636e-06	3.256895758e-06	10
6.53927636e-06	3.256895758e-06	10
6.53927636e-06	3.256895758e-06	10
6.53927636e-06	3.256895758e-06	10
6.53927636e-06	3.256895758e-06	10
6.53927636e-06	3.256895758e-06	10
6.53927636e-06	3.256895758e-06	10
6.53927636e-06	3.256895758e-06	10
6.53927636e-06	3.256895758e-06	10
6.53927636e-06	3.256895758e-06	0
6.52950026e-06	3.271389422e-06	0
6.519724161e-06	3.285883086e-06	0
6.509948061e-06	3.300376749e-06	0
6.500171961e-06	3.314870413e-06	0
6.500171961e-06	3.314870413e-06	10
6.500171961e-06	3.314870413e-06	10
6.500171961e-06	3.314870413e-06	10
6.500171961e-06	3.314870413e-06	10
6.500171961e-06	3.314870413e-06	10
6.500171961e-06	3.314870413e-06	10
6.500171961e-06	3.314870413e-06	10
6.500171961e-06	3.314870413e-06	10
6.500171961e-06	3.314870413e-06	10
6.500171961e-06	3.314870413e-06	10
6.500171961e-06	3.314870413e-06	10
6.500171961e-06	3.314870413e-06	10
6.500171961e-06	3.314870413e-06	10
6.500171961e-06	3.314870413e-06	10
6.500171961e-06	3.314870413e-06	10
6.500171961e-06	3.314870413e-06	10
6.500171961e-06	3.314870413e-06	10
6.500171961e-06	3.314870413e-06	10
6.500171961e-06	3.314870413e-06	10
6.500171961e-06	3.314870413e-06	10
6.500171961e-06	3.314870413e-06	10
6.500171961e-06	3.314870413e-06	10
6.500171961e-06	3.314870413e-06	10
6.500171961e-06	3.314870413e-06	10
6.500171961e-06	3.314870413e-06	10
6.500171961e-06	3.314870413e-06	0
6.490395862e-06	3.329364077e-06	0
6.480619762e-06	3.343857741e-06	0
6.470843662e-06	3.358351405e-06	0
6.461067562e-06	3.372845069e-06	0
6.461067562e-06	3.372845069e-06	10
6.461067562e-06	3.372845069e-06	10
6.461067562e-06	3.372845069e-06	10
6.461067562e-06	3.372845069e-06	10
6.461067562e-06	3.372845069e-06	10
6.461067562e-06	3.372845069e-06	10
6.461067562e-06	3.372845069e-06	10
6.461067562e-06	3.372845069e-06	10
6.461067562e-06	3.372845069e-06	10
6.461067562e-06	3.372845069e-06	10
6.461067562e-06	3.372845069e-06	10
6.461067562e-06	3.372845069e-06	10
6.461067562e-06	3.372845069e-06	10
6.461067562e-06	3.372845069e-06	10
6.461067562e-06	3.372845069e-06	10
6.461067562e-06	3.372845069e-06	10
6.461067562e-06	3.372845069e-06	10
6.461067562e-06	3.372845069e-06	10
6.461067562e-06	3.372845069e-06	10
6.461067562e-06	3.372845069e-06	10
6.461067562e-06	3.372845069e-06	10
6.461067562e-06	3.372845069e-06	10
6.461067562e-06	3.372845069e-06	10
6.461067562e-06	3.372845069e-06	10
6.461067562e-06	3.372845069e-06	10
6.461067562e-06	3.372845069e-06	0
6.451291463e-06	3.387338732e-06	0
6.441515363e-06	3.401832396e-06	0
6.431739263e-06	3.41632606e-06	0
6.421963164e-06	3.430819724e-06	0
6.421963164e-06	3.430819724e-06	10
6.421963164e-06	3.430819724e-06	10
6.421963164e-06	3.430819724e-06	10
6.421963164e-06	3.430819724e-06	10
6.421963164e-06	3.430819724e-06	10
6.421963164e-06	3.430819724e-06	10
6.421963164e-06	3.430819724e-06	10
6.421963164e-06	3.430819724e-06	10
6.421963164e-06	3.430819724e-06	10
6.421963164e-06	3.430819724e-06	10
6.421963164e-06	3.430819724e-06	10
6.421963164e-06	3.430819724e-06	10
6.421963164e-06	3.430819724e-06	10
6.421963164e-06	3.430819724e-06	10
6.421963164e-06	3.430819724e-06	10
6.421963164e-06	3.430819724e-06	10
6.421963164e-06	3.430819724e-06	10
6.421963164e-06	3.430819724e-06	10
6.421963164e-06	3.430819724e-06	10
6.421963164e-06	3.430819724e-06	10
6.421963164e-06	3.430819724e-06	10
6.421963164e-06	3.430819724e-06	10
6.421963164e-06	3.430819724e-06	10
6.421963164e-06	3.430819724e-06	10
6.421963164e-06	3.430819724e-06	10
6.421963164e-06	3.430819724e-06	0
6.412187064e-06	3.445313388e-06	0
6.402410964e-06	3.459807052e-06	0
6.392634864e-06	3.474300716e-06	0
6.382858765e-06	3.488794379e-06	0
6.382858765e-06	3.488794379e-06	10
6.382858765e-06	3.488794379e-06	10
6.382858765e-06	3.488794379e-06	10
6.382858765e-06	3.488794379e-06	10
6.382858765e-06	3.488794379e-06	10
6.382858765e-06	3.488794379e-06	10
6.382858765e-06	3.488794379e-06	10
6.382858765e-06	3.488794379e-06	10
6.382858765e-06	3.488794379e-06	10
6.382858765e-06	3.488794379e-06	10
6.382858765e-06	3.488794379e-06	10
6.382858765e-06	3.488794379e-06	10
6.382858765e-06	3.488794379e-06	10
6.382858765e-06	3.488794379e-06	10
6.382858765e-06	3.488794379e-06	10
6.382858765e-06	3.488794379e-06	10
6.382858765e-06	3.488794379e-06	10
6.382858765e-06	3.488794379e-06	10
6.382858765e-06	3.488794379e-06	10
6.382858765e-06	3.488794379e-06	10
6.382858765e-06	3.488794379e-06	10
6.382858765e-06	3.488794379e-06	10
6.382858765e-06	3.488794379e-06	10
6.382858765e-06	3.488794379e-06	10
6.382858765e-06	3.488794379e-06	10
6.382858765e-06	3.488794379e-06	0
6.373082665e-06	3.503288043e-06	0
6.363306565e-06	3.517781707e-06	0
6.353530466e-06	3.532275371e-06	0
6.343754366e-06	3.546769035e-06	0
6.343754366e-06	3.546769035e-06	10
6.343754366e-06	3.546769035e-06	10
6.343754366e-06	3.546769035e-06	10
6.343754366e-06	3.546769035e-06	10
6.343754366e-06	3.546769035e-06	10
6.343754366e-06	3.546769035e-06	10
6.343754366e-06	3.546769035e-06	10
6.343754366e-06	3.546769035e-06	10
6.343754366e-06	3.546769035e-06	10
6.343754366e-06	3.546769035e-06	10
6.343754366e-06	3.546769035e-06	10
6.343754366e-06	3.546769035e-06	10
6.343754366e-06	3.546769035e-06	10
6.343754366e-06	3.546769035e-06	10
6.343754366e-06	3.546769035e-06	10
6.343754366e-06	3.546769035e-06	10
6.343754366e-06	3.546769035e-06	10
6.343754366e-06	3.546769035e-06	10
6.343754366e-06	3.546769035e-06	10
6.343754366e-06	3.546769035e-06	10
6.343754366e-06	3.546769035e-06	10
6.343754366e-06	3.546769035e-06	10
6.343754366e-06	3.546769035e-06	10
6.343754366e-06	3.546769035e-06	10
6.343754366e-06	3.546769035e-06	10
6.343754366e-06	3.546769035e-06	0
6.333978266e-06	3.561262699e-06	0
6.324202166e-06	3.575756363e-06	0
6.314426067e-06	3.590250026e-06	0
6.304649967e-06	3.60474369e-06	0
6.304649967e-06	3.60474369e-06	10
6.304649967e-06	3.60474369e-06	10
6.304649967e-06	3.60474369e-06	10
6.304649967e-06	3.60474369e-06	10
6.304649967e-06	3.60474369e-06	10
6.304649967e-06	3.60474369e-06	10
6.304649967e-06	3.60474369e-06	10
6.304649967e-06	3.60474369e-06	10
6.304649967e-06	3.60474369e-06	10
6.304649967e-06	3.60474369e-06	10
6.304649967e-06	3.60474369e-06	10
6.304649967e-06	3.60474369e-06	10
6.304649967e-06	3.60474369e-06	10
6.304649967e-06	3.60474369e-06	10
6.304649967e-06	3.60474369e-06	10
6.304649967e-06	3.60474369e-06	10
6.304649967e-06	3.60474369e-06	10
6.304649967e-06	3.60474369e-06	10
6.304649967e-06	3.60474369e-06	10
6.304649967e-06	3.60474369e-06	10
6.304649967e-06	3.60474369e-06	10
6.304649967e-06	3.60474369e-06	10
6.304649967e-06	3.60474369e-06	10
6.304649967e-06	3.60474369e-06	10
6.304649967e-06	3.60474369e-06	10
6.304649967e-06	3.60474369e-06	0
6.294873867e-06	3.619237354e-06	0
6.285097768e-06	3.633731018e-06	0
6.275321668e-06	3.648224682e-06	0
6.265545568e-06	3.662718346e-06	0
6.265545568e-06	3.662718346e-06	10
6.265545568e-06	3.662718346e-06	10
6.265545568e-06	3.662718346e-06	10
6.265545568e-06	3.662718346e-06	10
6.265545568e-06	3.662718346e-06	10
6.265545568e-06	3.662718346e-06	10
6.265545568e-06	3.662718346e-06	10
6.265545568e-06	3.662718346e-06	10
6.265545568e-06	3.662718346e-06	10
6.265545568e-06	3.662718346e-06	10
6.265545568e-06	3.662718346e-06	10
6.265545568e-06	3.662718346e-06	10
6.265545568e-06	3.662718346e-06	10
6.265545568e-06	3.662718346e-06	10
6.265545568e-06	3.662718346e-06	10
6.265545568e-06	3.662718346e-06	10
6.265545568e-06	3.662718346e-06	10
6.265545568e-06	3.662718346e-06	10
6.265545568e-06	3.662718346e-06	10
6.265545568e-06	3.662718346e-06	10
6.265545568e-06	3.662718346e-06	10
6.265545568e-06	3.662718346e-06	10
6.265545568e-06	3.662718346e-06	10
6.265545568e-06	3.662718346e-06	10
6.265545568e-06	3.662718346e-06	10
6.265545568e-06	3.662718346e-06	0
6.255769468e-06	3.67721201e-06	0
6.245993369e-06	3.691705673e-06	0
6.236217269e-06	3.706199337e-06	0
6.226441169e-06	3.720693001e-06	0
6.226441169e-06	3.720693001e-06	10
6.226441169e-06	3.720693001e-06	10
6.226441169e-06	3.720693001e-06	10
6.226441169e-06	3.720693001e-06	10
6.226441169e-06	3.720693001e-06	10
6.226441169e-06	3.720693001e-06	10
6.226441169e-06	3.720693001e-06	10
6.226441169e-06	3.720693001e-06	10
6.226441169e-06	3.720693001e-06	10
6.226441169e-06	3.720693001e-06	10
6.226441169e-06	3.720693001e-06	10
6.226441169e-06	3.720693001e-06	10
6.226441169e-06	3.720693001e-06	10
6.226441169e-06	3.720693001e-06	10
6.226441169e-06	3.720693001e-06	10
6.226441169e-06	3.720693001e-06	10
6.226441169e-06	3.720693001e-06	10
6.226441169e-06	3.720693001e-06	10
6.226441169e-06	3.720693001e-06	10
6.226441169e-06	3.720693001e-06	10
6.226441169e-06	3.720693001e-06	10
6.226441169e-06	3.720693001e-06	10
6.226441169e-06	3.720693001e-06	10
6.226441169e-06	3.720693001e-06	10
6.226441169e-06	3.720693001e-06	10
6.226441169e-06	3.720693001e-06	0
6.211947506e-06	3.710916901e-06	0
6.197453842e-06	3.701140802e-06	0
6.182960178e-06	3.691364702e-06	0
6.168466514e-06	3.681588602e-06	0
6.168466514e-06	3.681588602e-06	10
6.168466514e-06	3.681588602e-06	10
6.168466514e-06	3.681588602e-06	10
6.168466514e-06	3.681588602e-06	10
6.168466514e-06	3.681588602e-06	10
6.168466514e-06	3.681588602e-06	10
6.168466514e-06	3.681588602e-06	10
6.168466514e-06	3.681588602e-06	10
6.168466514e-06	3.681588602e-06	10
6.168466514e-06	3.681588602e-06	10
6.168466514e-06	3.681588602e-06	10
6.168466514e-06	3.681588602e-06	10
6.168466514e-06	3.681588602e-06	10
6.168466514e-06	3.681588602e-06	10
6.168466514e-06	3.681588602e-06	10
6.168466514e-06	3.681588602e-06	10
6.168466514e-06	3.681588602e-06	10
6.168466514e-06	3.681588602e-06	10
6.168466514e-06	3.681588602e-06	10
6.168466514e-06	3.681588602e-06	10
6.168466514e-06	3.681588602e-06	10
6.168466514e-06	3.681588602e-06	10
6.168466514e-06	3.681588602e-06	10
6.168466514e-06	3.681588602e-06	10
6.168466514e-06	3.681588602e-06	10
6.168466514e-06	3.681588602e-06	0
6.178242614e-06	3.667094938e-06	0
6.188018713e-06	3.652601275e-06	0
6.197794813e-06	3.638107611e-06	0
6.207570913e-06	3.623613947e-06	0
6.207570913e-06	3.623613947e-06	10
6.207570913e-06	3.623613947e-06	10
6.207570913e-06	3.623613947e-06	10
6.207570913e-06	3.623613947e-06	10
6.207570913e-06	3.623613947e-06	10
6.207570913e-06	3.623613947e-06	10
6.207570913e-06	3.623613947e-06	10
6.207570913e-06	3.623613947e-06	10
6.207570913e-06	3.623613947e-06	10
6.207570913e-06	3.623613947e-06	10
6.207570913e-06	3.623613947e-06	10
6.207570913e-06	3.623613947e-06	10
6.207570913e-06	3.623613947e-06	10
6.207570913e-06	3.623613947e-06	10
6.207570913e-06	3.623613947e-06	10
6.207570913e-06	3.623613947e-06	10
6.207570913e-06	3.623613947e-06	10
6.207570913e-06	3.623613947e-06	10
6.207570913e-06	3.623613947e-06	10
6.207570913e-06	3.623613947e-06	10
6.207570913e-06	3.623613947e-06	10
6.207570913e-06	3.623613947e-06	10
6.207570913e-06	3.623613947e-06	10
6.207570913e-06	3.623613947e-06	10
6.207570913e-06	3.623613947e-06	10
6.207570913e-06	3.623613947e-06	0
6.217347012e-06	3.609120283e-06	0
6.227123112e-06	3.594626619e-06	0
6.236899212e-06	3.580132955e-06	0
6.246675312e-06	3.565639291e-06	0
6.246675312e-06	3.565639291e-06	10
6.246675312e-06	3.565639291e-06	10
6.246675312e-06	3.565639291e-06	10
6.246675312e-06	3.565639291e-06	10
6.246675312e-06	3.565639291e-06	10
6.246675312e-06	3.565639291e-06	10
6.246675312e-06	3.565639291e-06	10
6.246675312e-06	3.565639291e-06	10
6.246675312e-06	3.565639291e-06	10
6.246675312e-06	3.565639291e-06	10
6.246675312e-06	3.565639291e-06	10
6.246675312e-06	3.565639291e-06	10
6.246675312e-06	3.565639291e-06	10
6.246675312e-06	3.565639291e-06	10
6.246675312e-06	3.565639291e-06	10
6.246675312e-06	3.565639291e-06	10
6.246675312e-06	3.565639291e-06	10
6.246675312e-06	3.565639291e-06	10
6.246675312e-06	3.565639291e-06	10
6.246675312e-06	3.565639291e-06	10
6.246675312e-06	3.565639291e-06	10
6.246675312e-06	3.565639291e-06	10
6.246675312e-06	3.565639291e-06	10
6.246675312e-06	3.565639291e-06	10
6.246675312e-06	3.565639291e-06	10
6.246675312e-06	3.565639291e-06	0
6.256451411e-06	3.551145628e-06	0
6.266227511e-06	3.536651964e-06	0
6.276003611e-06	3.5221583e-06	0
6.28577971e-06	3.507664636e-06	0
6.28577971e-06	3.507664636e-06	10
6.28577971e-06	3.507664636e-06	10
6.28577971e-06	3.507664636e-06	10
6.28577971e-06	3.507664636e-06	10
6.28577971e-06	3.507664636e-06	10
6.28577971e-06	3.507664636e-06	10
6.28577971e-06	3.507664636e-06	10
6.28577971e-06	3.507664636e-06	10
6.28577971e-06	3.507664636e-06	10
6.28577971e-06	3.507664636e-06	10
6.28577971e-06	3.507664636e-06	10
6.28577971e-06	3.507664636e-06	10
6.28577971e-06	3.507664636e-06	10
6.28577971e-06	3.507664636e-06	10
6.28577971e-06	3.507664636e-06	10
6.28577971e-06	3.507664636e-06	10
6.28577971e-06	3.507664636e-06	10
6.28577971e-06	3.507664636e-06	10
6.28577971e-06	3.507664636e-06	10
6.28577971e-06	3.507664636e-06	10
6.28577971e-06	3.507664636e-06	10
6.28577971e-06	3.507664636e-06	10
6.28577971e-06	3.507664636e-06	10
6.28577971e-06	3.507664636e-06	10
6.28577971e-06	3.507664636e-06	10
6.28577971e-06	3.507664636e-06	0
6.29555581e-06	3.493170972e-06	0
6.30533191e-06	3.478677308e-06	0
6.31510801e-06	3.464183644e-06	0
6.324884109e-06	3.449689981e-06	0
6.324884109e-06	3.449689981e-06	10
6.324884109e-06	3.449689981e-06	10
6.324884109e-06	3.449689981e-06	10
6.324884109e-06	3.449689981e-06	10
6.324884109e-06	3.449689981e-06	10
6.324884109e-06	3.449689981e-06	10
6.324884109e-06	3.449689981e-06	10
6.324884109e-06	3.449689981e-06	10
6.324884109e-06	3.449689981e-06	10
6.324884109e-06	3.449689981e-06	10
6.324884109e-06	3.449689981e-06	10
6.324884109e-06	3.449689981e-06	10
6.324884109e-06	3.449689981e-06	10
6.324884109e-06	3.449689981e-06	10
6.324884109e-06	3.449689981e-06	10
6.324884109e-06	3.449689981e-06	10
6.324884109e-06	3.449689981e-06	10
6.324884109e-06	3.449689981e-06	10
6.324884109e-06	3.449689981e-06	10
6.324884109e-06	3.449689981e-06	10
6.324884109e-06	3.449689981e-06	10
6.324884109e-06	3.449689981e-06	10
6.324884109e-06	3.449689981e-06	10
6.324884109e-06	3.449689981e-06	10
6.324884109e-06	3.449689981e-06	10
6.324884109e-06	3.449689981e-06	0
6.334660209e-06	3.435196317e-06	0
6.344436309e-06	3.420702653e-06	0
6.354212408e-06	3.406208989e-06	0
6.363988508e-06	3.391715325e-06	0
6.363988508e-06	3.391715325e-06	10
6.363988508e-06	3.391715325e-06	10
6.363988508e-06	3.391715325e-06	10
6.363988508e-06	3.391715325e-06	10
6.363988508e-06	3.391715325e-06	10
6.363988508e-06	3.391715325e-06	10
6.363988508e-06	3.391715325e-06	10
6.363988508e-06	3.391715325e-06	10
6.363988508e-06	3.391715325e-06	10
6.363988508e-06	3.391715325e-06	10
6.363988508e-06	3.391715325e-06	10
6.363988508e-06	3.391715325e-06	10
6.363988508e-06	3.391715325e-06	10
6.363988508e-06	3.391715325e-06	10
6.363988508e-06	3.391715325e-06	10
6.363988508e-06	3.391715325e-06	10
6.363988508e-06	3.391715325e-06	10
6.363988508e-06	3.391715325e-06	10
6.363988508e-06	3.391715325e-06	10
6.363988508e-06	3.391715325e-06	10
6.363988508e-06	3.391715325e-06	10
6.363988508e-06	3.391715325e-06	10
6.363988508e-06	3.391715325e-06	10
6.363988508e-06	3.391715325e-06	10
6.363988508e-06	3.391715325e-06	10
6.363988508e-06	3.391715325e-06	0
6.373764608e-06	3.377221661e-06	0
6.383540708e-06	3.362727998e-06	0
6.393316807e-06	3.348234334e-06	0
6.403092907e-06	3.33374067e-06	0
6.403092907e-06	3.33374067e-06	10
6.403092907e-06	3.33374067e-06	10
6.403092907e-06	3.33374067e-06	10
6.403092907e-06	3.33374067e-06	10
6.403092907e-06	3.33374067e-06	10
6.403092907e-06	3.33374067e-06	10
6.403092907e-06	3.33374067e-06	10
6.403092907e-06	3.33374067e-06	10
6.403092907e-06	3.33374067e-06	10
6.403092907e-06	3.33374067e-06	10
6.403092907e-06	3.33374067e-06	10
6.403092907e-06	3.33374067e-06	10
6.403092907e-06	3.33374067e-06	10
6.403092907e-06	3.33374067e-06	10
6.403092907e-06	3.33374067e-06	10
6.403092907e-06	3.33374067e-06	10
6.403092907e-06	3.33374067e-06	10
6.403092907e-06	3.33374067e-06	10
6.403092907e-06	3.33374067e-06	10
6.403092907e-06	3.33374067e-06	10
6.403092907e-06	3.33374067e-06	10
6.403092907e-06	3.33374067e-06	10
6.403092907e-06	3.33374067e-06	10
6.403092907e-06	3.33374067e-06	10
6.403092907e-06	3.33374067e-06	10
6.403092907e-06	3.33374067e-06	0
6.412869007e-06	3.319247006e-06	0
6.422645106e-06	3.304753342e-06	0
6.432421206e-06	3.290259678e-06	0
6.442197306e-06	3.275766014e-06	0
6.442197306e-06	3.275766014e-06	10
6.442197306e-06	3.275766014e-06	10
6.442197306e-06	3.275766014e-06	10
6.442197306e-06	3.275766014e-06	10
6.442197306e-06	3.275766014e-06	10
6.442197306e-06	3.275766014e-06	10
6.442197306e-06	3.275766014e-06	10
6.442197306e-06	3.275766014e-06	10
6.442197306e-06	3.275766014e-06	10
6.442197306e-06	3.275766014e-06	10
6.442197306e-06	3.275766014e-06	10
6.442197306e-06	3.275766014e-06	10
6.442197306e-06	3.275766014e-06	10
6.442197306e-06	3.275766014e-06	10
6.442197306e-06	3.275766014e-06	10
6.442197306e-06	3.275766014e-06	10
6.442197306e-06	3.275766014e-06	10
6.442197306e-06	3.275766014e-06	10
6.442197306e-06	3.275766014e-06	10
6.442197306e-06	3.275766014e-06	10
6.442197306e-06	3.275766014e-06	10
6.442197306e-06	3.275766014e-06	10
6.442197306e-06	3.275766014e-06	10
6.442197306e-06	3.275766014e-06	10
6.442197306e-06	3.275766014e-06	10
6.442197306e-06	3.275766014e-06	0
6.451973406e-06	3.261272351e-06	0
6.461749505e-06	3.246778687e-06	0
6.471525605e-06	3.232285023e-06	0
6.481301705e-06	3.217791359e-06	0
6.481301705e-06	3.217791359e-06	10
6.481301705e-06	3.217791359e-06	10
6.481301705e-06	3.217791359e-06	10
6.481301705e-06	3.217791359e-06	10
6.481301705e-06	3.217791359e-06	10
6.481301705e-06	3.217791359e-06	10
6.481301705e-06	3.217791359e-06	10
6.481301705e-06	3.217791359e-06	10
6.481301705e-06	3.217791359e-06	10
6.481301705e-06	3.217791359e-06	10
6.481301705e-06	3.217791359e-06	10
6.481301705e-06	3.217791359e-06	10
6.481301705e-06	3.217791359e-06	10
6.481301705e-06	3.217791359e-06	10
6.481301705e-06	3.217791359e-06	10
6.481301705e-06	3.217791359e-06	10
6.481301705e-06	3.217791359e-06	10
6.481301705e-06	3.217791359e-06	10
6.481301705e-06	3.217791359e-06	10
6.481301705e-06	3.217791359e-06	10
6.481301705e-06	3.217791359e-06	10
6.481301705e-06	3.217791359e-06	10
6.481301705e-06	3.217791359e-06	10
6.481301705e-06	3.217791359e-06	10
6.481301705e-06	3.217791359e-06	10
6.481301705e-06	3.217791359e-06	0
6.491077804e-06	3.203297695e-06	0
6.500853904e-06	3.188804031e-06	0
6.510630004e-06	3.174310367e-06	0
6.520406104e-06	3.159816704e-06	0
6.520406104e-06	3.159816704e-06	10
6.520406104e-06	3.159816704e-06	10
6.520406104e-06	3.159816704e-06	10
6.520406104e-06	3.159816704e-06	10
6.520406104e-06	3.159816704e-06	10
6.520406104e-06	3.159816704e-06	10
6.520406104e-06	3.159816704e-06	10
6.520406104e-06	3.159816704e-06	10
6.520406104e-06	3.159816704e-06	10
6.520406104e-06	3.159816704e-06	10
6.520406104e-06	3.159816704e-06	10
6.520406104e-06	3.159816704e-06	10
6.520406104e-06	3.159816704e-06	10
6.520406104e-06	3.159816704e-06	10
6.520406104e-06	3.159816704e-06	10
6.520406104e-06	3.159816704e-06	10
6.520406104e-06	3.159816704e-06	10
6.520406104e-06	3.159816704e-06	10
6.520406104e-06	3.159816704e-06	10
6.520406104e-06	3.159816704e-06	10
6.520406104e-06	3.159816704e-06	10
6.520406104e-06	3.159816704e-06	10
6.520406104e-06	3.159816704e-06	10
6.520406104e-06	3.159816704e-06	10
6.520406104e-06	3.159816704e-06	10
6.520406104e-06	3.159816704e-06	0
6.530182203e-06	3.14532304e-06	0
6.539958303e-06	3.130829376e-06	0
6.549734403e-06	3.116335712e-06	0
6.559510502e-06	3.101842048e-06	0
6.559510502e-06	3.101842048e-06	10
6.559510502e-06	3.101842048e-06	10
6.559510502e-06	3.101842048e-06	10
6.559510502e-06	3.101842048e-06	10
6.559510502e-06	3.101842048e-06	10
6.559510502e-06	3.101842048e-06	10
6.559510502e-06	3.101842048e-06	10
6.559510502e-06	3.101842048e-06	10
6.559510502e-06	3.101842048e-06	10
6.559510502e-06	3.101842048e-06	10
6.559510502e-06	3.101842048e-06	10
6.559510502e-06	3.101842048e-06	10
6.559510502e-06	3.101842048e-06	10
6.559510502e-06	3.101842048e-06	10
6.559510502e-06	3.101842048e-06	10
6.559510502e-06	3.101842048e-06	10
6.559510502e-06	3.101842048e-06	10
6.559510502e-06	3.101842048e-06	10
6.559510502e-06	3.101842048e-06	10
6.559510502e-06	3.101842048e-06	10
6.559510502e-06	3.101842048e-06	10
6.559510502e-06	3.101842048e-06	10
6.559510502e-06	3.101842048e-06	10
6.559510502e-06	3.101842048e-06	10
6.559510502e-06	3.101842048e-06	10
6.559510502e-06	3.101842048e-06	0
6.569286602e-06	3.087348384e-06	0
6.579062702e-06	3.07285472e-06	0
6.588838802e-06	3.058361057e-06	0
6.598614901e-06	3.043867393e-06	0
6.598614901e-06	3.043867393e-06	10
6.598614901e-06	3.043867393e-06	10
6.598614901e-06	3.043867393e-06	10
6.598614901e-06	3.043867393e-06	10
6.598614901e-06	3.043867393e-06	10
6.598614901e-06	3.043867393e-06	10
6.598614901e-06	3.043867393e-06	10
6.598614901e-06	3.043867393e-06	10
6.598614901e-06	3.043867393e-06	10
6.598614901e-06	3.043867393e-06	10
6.598614901e-06	3.043867393e-06	10
6.598614901e-06	3.043867393e-06	10
6.598614901e-06	3.043867393e-06	10
6.598614901e-06	3.043867393e-06	10
6.598614901e-06	3.043867393e-06	10
6.598614901e-06	3.043867393e-06	10
6.598614901e-06	3.043867393e-06	10
6.598614901e-06	3.043867393e-06	10
6.598614901e-06	3.043867393e-06	10
6.598614901e-06	3.043867393e-06	10
6.598614901e-06	3.043867393e-06	10
6.598614901e-06	3.043867393e-06	10
6.598614901e-06	3.043867393e-06	10
6.598614901e-06	3.043867393e-06	10
6.598614901e-06	3.043867393e-06	10
6.598614901e-06	3.043867393e-06	0
6.608391001e-06	3.029373729e-06	0
6.618167101e-06	3.014880065e-06	0
6.6279432e-06	3.000386401e-06	0
6.6377193e-06	2.985892737e-06	0
6.6377193e-06	2.985892737e-06	10
6.6377193e-06	2.985892737e-06	10
6.6377193e-06	2.985892737e-06	10
6.6377193e-06	2.985892737e-06	10
6.6377193e-06	2.985892737e-06	10
6.6377193e-06	2.985892737e-06	10
6.6377193e-06	2.985892737e-06	10
6.6377193e-06	2.985892737e-06	10
6.6377193e-06	2.985892737e-06	10
6.6377193e-06	2.985892737e-06	10
6.6377193e-06	2.985892737e-06	10
6.6377193e-06	2.985892737e-06	10
6.6377193e-06	2.985892737e-06	10
6.6377193e-06	2.985892737e-06	10
6.6377193e-06	2.985892737e-06	10
6.6377193e-06	2.985892737e-06	10
6.6377193e-06	2.985892737e-06	10
6.6377193e-06	2.985892737e-06	10
6.6377193e-06	2.985892737e-06	10
6.6377193e-06	2.985892737e-06	10
6.6377193e-06	2.985892737e-06	10
6.6377193e-06	2.985892737e-06	10
6.6377193e-06	2.985892737e-06	10
6.6377193e-06	2.985892737e-06	10
6.6377193e-06	2.985892737e-06	10
6.6377193e-06	2.985892737e-06	0
6.6474954e-06	2.971399073e-06	0
6.657271499e-06	2.95690541e-06	0
6.667047599e-06	2.942411746e-06	0
6.676823699e-06	2.927918082e-06	0
6.676823699e-06	2.927918082e-06	10
6.676823699e-06	2.927918082e-06	10
6.676823699e-06	2.927918082e-06	10
6.676823699e-06	2.927918082e-06	10
6.676823699e-06	2.927918082e-06	10
6.676823699e-06	2.927918082e-06	10
6.676823699e-06	2.927918082e-06	10
6.676823699e-06	2.927918082e-06	10
6.676823699e-06	2.927918082e-06	10
6.676823699e-06	2.927918082e-06	10
6.676823699e-06	2.927918082e-06	10
6.676823699e-06	2.927918082e-06	10
6.676823699e-06	2.927918082e-06	10
6.676823699e-06	2.927918082e-06	10
6.676823699e-06	2.927918082e-06	10
6.676823699e-06	2.927918082e-06	10
6.676823699e-06	2.927918082e-06	10
6.676823699e-06	2.927918082e-06	10
6.676823699e-06	2.927918082e-06	10
6.676823699e-06	2.927918082e-06	10
6.676823699e-06	2.927918082e-06	10
6.676823699e-06	2.927918082e-06	10
6.676823699e-06	2.927918082e-06	10
6.676823699e-06	2.927918082e-06	10
6.676823699e-06	2.927918082e-06	10
6.676823699e-06	2.927918082e-06	0
6.686599799e-06	2.913424418e-06	0
6.696375898e-06	2.898930754e-06	0
6.706151998e-06	2.88443709e-06	0
6.715928098e-06	2.869943426e-06	0
6.715928098e-06	2.869943426e-06	10
6.715928098e-06	2.869943426e-06	10
6.715928098e-06	2.869943426e-06	10
6.715928098e-06	2.869943426e-06	10
6.715928098e-06	2.869943426e-06	10
6.715928098e-06	2.869943426e-06	10
6.715928098e-06	2.869943426e-06	10
6.715928098e-06	2.869943426e-06	10
6.715928098e-06	2.869943426e-06	10
6.715928098e-06	2.869943426e-06	10
6.715928098e-06	2.869943426e-06	10
6.715928098e-06	2.869943426e-06	10
6.715928098e-06	2.869943426e-06	10
6.715928098e-06	2.869943426e-06	10
6.715928098e-06	2.869943426e-06	10
6.715928098e-06	2.869943426e-06	10
6.715928098e-06	2.869943426e-06	10
6.715928098e-06	2.869943426e-06	10
6.715928098e-06	2.869943426e-06	10
6.715928098e-06	2.869943426e-06	10
6.715928098e-06	2.869943426e-06	10
6.715928098e-06	2.869943426e-06	10
6.715928098e-06	2.869943426e-06	10
6.715928098e-06	2.869943426e-06	10
6.715928098e-06	2.869943426e-06	10
6.715928098e-06	2.869943426e-06	0
6.725704197e-06	2.855449763e-06	0
6.735480297e-06	2.840956099e-06	0
6.745256397e-06	2.826462435e-06	0
6.755032497e-06	2.811968771e-06	0
6.755032497e-06	2.811968771e-06	10
6.755032497e-06	2.811968771e-06	10
6.755032497e-06	2.811968771e-06	10
6.755032497e-06	2.811968771e-06	10
6.755032497e-06	2.811968771e-06	10
6.755032497e-06	2.811968771e-06	10
6.755032497e-06	2.811968771e-06	10
6.755032497e-06	2.811968771e-06	10
6.755032497e-06	2.811968771e-06	10
6.755032497e-06	2.811968771e-06	10
6.755032497e-06	2.811968771e-06	10
6.755032497e-06	2.811968771e-06	10
6.755032497e-06	2.811968771e-06	10
6.755032497e-06	2.811968771e-06	10
6.755032497e-06	2.811968771e-06	10
6.755032497e-06	2.811968771e-06	10
6.755032497e-06	2.811968771e-06	10
6.755032497e-06	2.811968771e-06	10
6.755032497e-06	2.811968771e-06	10
6.755032497e-06	2.811968771e-06	10
6.755032497e-06	2.811968771e-06	10
6.755032497e-06	2.811968771e-06	10
6.755032497e-06	2.811968771e-06	10
6.755032497e-06	2.811968771e-06	10
6.755032497e-06	2.811968771e-06	10
6.755032497e-06	2.811968771e-06	0
6.764808596e-06	2.797475107e-06	0
6.774584696e-06	2.782981443e-06	0
6.784360796e-06	2.768487779e-06	0
6.794136895e-06	2.753994116e-06	0
6.794136895e-06	2.753994116e-06	10
6.794136895e-06	2.753994116e-06	10
6.794136895e-06	2.753994116e-06	10
6.794136895e-06	2.753994116e-06	10
6.794136895e-06	2.753994116e-06	10
6.794136895e-06	2.753994116e-06	10
6.794136895e-06	2.753994116e-06	10
6.794136895e-06	2.753994116e-06	10
6.794136895e-06	2.753994116e-06	10
6.794136895e-06	2.753994116e-06	10
6.794136895e-06	2.753994116e-06	10
6.794136895e-06	2.753994116e-06	10
6.794136895e-06	2.753994116e-06	10
6.794136895e-06	2.753994116e-06	10
6.794136895e-06	2.753994116e-06	10
6.794136895e-06	2.753994116e-06	10
6.794136895e-06	2.753994116e-06	10
6.794136895e-06	2.753994116e-06	10
6.794136895e-06	2.753994116e-06	10
6.794136895e-06	2.753994116e-06	10
6.794136895e-06	2.753994116e-06	10
6.794136895e-06	2.753994116e-06	10
6.794136895e-06	2.753994116e-06	10
6.794136895e-06	2.753994116e-06	10
6.794136895e-06	2.753994116e-06	10
6.794136895e-06	2.753994116e-06	0
6.803912995e-06	2.739500452e-06	0
6.813689095e-06	2.725006788e-06	0
6.823465195e-06	2.710513124e-06	0
6.833241294e-06	2.69601946e-06	0
6.833241294e-06	2.69601946e-06	10
6.833241294e-06	2.69601946e-06	10
6.833241294e-06	2.69601946e-06	10
6.833241294e-06	2.69601946e-06	10
6.833241294e-06	2.69601946e-06	10
6.833241294e-06	2.69601946e-06	10
6.833241294e-06	2.69601946e-06	10
6.833241294e-06	2.69601946e-06	10
6.833241294e-06	2.69601946e-06	10
6.833241294e-06	2.69601946e-06	10
6.833241294e-06	2.69601946e-06	10
6.833241294e-06	2.69601946e-06	10
6.833241294e-06	2.69601946e-06	10
6.833241294e-06	2.69601946e-06	10
6.833241294e-06	2.69601946e-06	10
6.833241294e-06	2.69601946e-06	10
6.833241294e-06	2.69601946e-06	10
6.833241294e-06	2.69601946e-06	10
6.833241294e-06	2.69601946e-06	10
6.833241294e-06	2.69601946e-06	10
6.833241294e-06	2.69601946e-06	10
6.833241294e-06	2.69601946e-06	10
6.833241294e-06	2.69601946e-06	10
6.833241294e-06	2.69601946e-06	10
6.833241294e-06	2.69601946e-06	10
6.833241294e-06	2.69601946e-06	0
6.843017394e-06	2.681525796e-06	0
6.852793494e-06	2.667032132e-06	0
6.862569593e-06	2.652538469e-06	0
6.872345693e-06	2.638044805e-06	0
6.872345693e-06	2.638044805e-06	10
6.872345693e-06	2.638044805e-06	10
6.872345693e-06	2.638044805e-06	10
6.872345693e-06	2.638044805e-06	10
6.872345693e-06	2.638044805e-06	10
6.872345693e-06	2.638044805e-06	10
6.872345693e-06	2.638044805e-06	10
6.872345693e-06	2.638044805e-06	10
6.872345693e-06	2.638044805e-06	10
6.872345693e-06	2.638044805e-06	10
6.872345693e-06	2.638044805e-06	10
6.872345693e-06	2.638044805e-06	10
6.872345693e-06	2.638044805e-06	10
6.872345693e-06	2.638044805e-06	10
6.872345693e-06	2.638044805e-06	10
6.872345693e-06	2.638044805e-06	10
6.872345693e-06	2.638044805e-06	10
6.872345693e-06	2.638044805e-06	10
6.872345693e-06	2.638044805e-06	10
6.872345693e-06	2.638044805e-06	10
6.872345693e-06	2.638044805e-06	10
6.872345693e-06	2.638044805e-06	10
6.872345693e-06	2.638044805e-06	10
6.872345693e-06	2.638044805e-06	10
6.872345693e-06	2.638044805e-06	10
6.872345693e-06	2.638044805e-06	0
6.882121793e-06	2.623551141e-06	0
6.891897893e-06	2.609057477e-06	0
6.901673992e-06	2.594563813e-06	0
6.911450092e-06	2.580070149e-06	0
6.911450092e-06	2.580070149e-06	10
6.911450092e-06	2.580070149e-06	10
6.911450092e-06	2.580070149e-06	10
6.911450092e-06	2.580070149e-06	10
6.911450092e-06	2.580070149e-06	10
6.911450092e-06	2.580070149e-06	10
6.911450092e-06	2.580070149e-06	10
6.911450092e-06	2.580070149e-06	10
6.911450092e-06	2.580070149e-06	10
6.911450092e-06	2.580070149e-06	10
6.911450092e-06	2.580070149e-06	10
6.911450092e-06	2.580070149e-06	10
6.911450092e-06	2.580070149e-06	10
6.911450092e-06	2.580070149e-06	10
6.911450092e-06	2.580070149e-06	10
6.911450092e-06	2.580070149e-06	10
6.911450092e-06	2.580070149e-06	10
6.911450092e-06	2.580070149e-06	10
6.911450092e-06	2.580070149e-06	10
6.911450092e-06	2.580070149e-06	10
6.911450092e-06	2.580070149e-06	10
6.911450092e-06	2.580070149e-06	10
6.911450092e-06	2.580070149e-06	10
6.911450092e-06	2.580070149e-06	10
6.911450092e-06	2.580070149e-06	10
6.911450092e-06	2.580070149e-06	0
6.896956428e-06	2.57029405e-06	0
6.882462764e-06	2.56051795e-06	0
6.8679691e-06	2.55074185e-06	0
6.853475437e-06	2.54096575e-06	0
6.853475437e-06	2.54096575e-06	-10
6.853475437e-06	2.54096575e-06	-10
6.853475437e-06	2.54096575e-06	-10
6.853475437e-06	2.54096575e-06	-10
6.853475437e-06	2.54096575e-06	-10
6.853475437e-06	2.54096575e-06	-10
6.853475437e-06	2.54096575e-06	-10
6.853475437e-06	2.54096575e-06	-10
6.853475437e-06	2.54096575e-06	-10
6.853475437e-06	2.54096575e-06	-10
6.853475437e-06	2.54096575e-06	-10
6.853475437e-06	2.54096575e-06	-10
6.853475437e-06	2.54096575e-06	-10
6.853475437e-06	2.54096575e-06	-10
6.853475437e-06	2.54096575e-06	-10
6.853475437e-06	2.54096575e-06	-10
6.853475437e-06	2.54096575e-06	-10
6.853475437e-06	2.54096575e-06	-10
6.853475437e-06	2.54096575e-06	-10
6.853475437e-06	2.54096575e-06	-10
6.853475437e-06	2.54096575e-06	-10
6.853475437e-06	2.54096575e-06	-10
6.853475437e-06	2.54096575e-06	-10
6.853475437e-06	2.54096575e-06	-10
6.853475437e-06	2.54096575e-06	-10
6.853475437e-06	2.54096575e-06	0
6.843699337e-06	2.555459414e-06	0
6.833923237e-06	2.569953078e-06	0
6.824147137e-06	2.584446742e-06	0
6.814371038e-06	2.598940406e-06	0
6.814371038e-06	2.598940406e-06	-10
6.814371038e-06	2.598940406e-06	-10
6.814371038e-06	2.598940406e-06	-10
6.814371038e-06	2.598940406e-06	-10
6.814371038e-06	2.598940406e-06	-10
6.814371038e-06	2.598940406e-06	-10
6.814371038e-06	2.598940406e-06	-10
6.814371038e-06	2.598940406e-06	-10
6.814371038e-06	2.598940406e-06	-10
6.814371038e-06	2.598940406e-06	-10
6.814371038e-06	2.598940406e-06	-10
6.814371038e-06	2.598940406e-06	-10
6.814371038e-06	2.598940406e-06	-10
6.814371038e-06	2.598940406e-06	-10
6.814371038e-06	2.598940406e-06	-10
6.814371038e-06	2.598940406e-06	-10
6.814371038e-06	2.598940406e-06	-10
6.814371038e-06	2.598940406e-06	-10
6.814371038e-06	2.598940406e-06	-10
6.814371038e-06	2.598940406e-06	-10
6.814371038e-06	2.598940406e-06	-10
6.814371038e-06	2.598940406e-06	-10
6.814371038e-06	2.598940406e-06	-10
6.814371038e-06	2.598940406e-06	-10
6.814371038e-06	2.598940406e-06	-10
6.814371038e-06	2.598940406e-06	0
6.804594938e-06	2.61343407e-06	0
6.794818838e-06	2.627927734e-06	0
6.785042739e-06	2.642421397e-06	0
6.775266639e-06	2.656915061e-06	0
6.775266639e-06	2.656915061e-06	-10
6.775266639e-06	2.656915061e-06	-10
6.775266639e-06	2.656915061e-06	-10
6.775266639e-06	2.656915061e-06	-10
6.775266639e-06	2.656915061e-06	-10
6.775266639e-06	2.656915061e-06	-10
6.775266639e-06	2.656915061e-06	-10
6.775266639e-06	2.656915061e-06	-10
6.775266639e-06	2.656915061e-06	-10
6.775266639e-06	2.656915061e-06	-10
6.775266639e-06	2.656915061e-06	-10
6.775266639e-06	2.656915061e-06	-10
6.775266639e-06	2.656915061e-06	-10
6.775266639e-06	2.656915061e-06	-10
6.775266639e-06	2.656915061e-06	-10
6.775266639e-06	2.656915061e-06	-10
6.775266639e-06	2.656915061e-06	-10
6.775266639e-06	2.656915061e-06	-10
6.775266639e-06	2.656915061e-06	-10
6.775266639e-06	2.656915061e-06	-10
6.775266639e-06	2.656915061e-06	-10
6.775266639e-06	2.656915061e-06	-10
6.775266639e-06	2.656915061e-06	-10
6.775266639e-06	2.656915061e-06	-10
6.775266639e-06	2.656915061e-06	-10
6.775266639e-06	2.656915061e-06	0
6.765490539e-06	2.671408725e-06	0
6.755714439e-06	2.685902389e-06	0
6.74593834e-06	2.700396053e-06	0
6.73616224e-06	2.714889717e-06	0
6.73616224e-06	2.714889717e-06	-10
6.73616224e-06	2.714889717e-06	-10
6.73616224e-06	2.714889717e-06	-10
6.73616224e-06	2.714889717e-06	-10
6.73616224e-06	2.714889717e-06	-10
6.73616224e-06	2.714889717e-06	-10
6.73616224e-06	2.714889717e-06	-10
6.73616224e-06	2.714889717e-06	-10
6.73616224e-06	2.714889717e-06	-10
6.73616224e-06	2.714889717e-06	-10
6.73616224e-06	2.714889717e-06	-10
6.73616224e-06	2.714889717e-06	-10
6.73616224e-06	2.714889717e-06	-10
6.73616224e-06	2.714889717e-06	-10
6.73616224e-06	2.714889717e-06	-10
6.73616224e-06	2.714889717e-06	-10
6.73616224e-06	2.714889717e-06	-10
6.73616224e-06	2.714889717e-06	-10
6.73616224e-06	2.714889717e-06	-10
6.73616224e-06	2.714889717e-06	-10
6.73616224e-06	2.714889717e-06	-10
6.73616224e-06	2.714889717e-06	-10
6.73616224e-06	2.714889717e-06	-10
6.73616224e-06	2.714889717e-06	-10
6.73616224e-06	2.714889717e-06	-10
6.73616224e-06	2.714889717e-06	0
6.72638614e-06	2.729383381e-06	0
6.716610041e-06	2.743877044e-06	0
6.706833941e-06	2.758370708e-06	0
6.697057841e-06	2.772864372e-06	0
6.697057841e-06	2.772864372e-06	-10
6.697057841e-06	2.772864372e-06	-10
6.697057841e-06	2.772864372e-06	-10
6.697057841e-06	2.772864372e-06	-10
6.697057841e-06	2.772864372e-06	-10
6.697057841e-06	2.772864372e-06	-10
6.697057841e-06	2.772864372e-06	-10
6.697057841e-06	2.772864372e-06	-10
6.697057841e-06	2.772864372e-06	-10
6.697057841e-06	2.772864372e-06	-10
6.697057841e-06	2.772864372e-06	-10
6.697057841e-06	2.772864372e-06	-10
6.697057841e-06	2.772864372e-06	-10
6.697057841e-06	2.772864372e-06	-10
6.697057841e-06	2.772864372e-06	-10
6.697057841e-06	2.772864372e-06	-10
6.697057841e-06	2.772864372e-06	-10
6.697057841e-06	2.772864372e-06	-10
6.697057841e-06	2.772864372e-06	-10
6.697057841e-06	2.772864372e-06	-10
6.697057841e-06	2.772864372e-06	-10
6.697057841e-06	2.772864372e-06	-10
6.697057841e-06	2.772864372e-06	-10
6.697057841e-06	2.772864372e-06	-10
6.697057841e-06	2.772864372e-06	-10
6.697057841e-06	2.772864372e-06	0
6.687281741e-06	2.787358036e-06	0
6.677505642e-06	2.8018517e-06	0
6.667729542e-06	2.816345364e-06	0
6.657953442e-06	2.830839028e-06	0
6.657953442e-06	2.830839028e-06	-10
6.657953442e-06	2.830839028e-06	-10
6.657953442e-06	2.830839028e-06	-10
6.657953442e-06	2.830839028e-06	-10
6.657953442e-06	2.830839028e-06	-10
6.657953442e-06	2.830839028e-06	-10
6.657953442e-06	2.830839028e-06	-10
6.657953442e-06	2.830839028e-06	-10
6.657953442e-06	2.830839028e-06	-10
6.657953442e-06	2.830839028e-06	-10
6.657953442e-06	2.830839028e-06	-10
6.657953442e-06	2.830839028e-06	-10
6.657953442e-06	2.830839028e-06	-10
6.657953442e-06	2.830839028e-06	-10
6.657953442e-06	2.830839028e-06	-10
6.657953442e-06	2.830839028e-06	-10
6.657953442e-06	2.830839028e-06	-10
6.657953442e-06	2.830839028e-06	-10
6.657953442e-06	2.830839028e-06	-10
6.657953442e-06	2.830839028e-06	-10
6.657953442e-06	2.830839028e-06	-10
6.657953442e-06	2.830839028e-06	-10
6.657953442e-06	2.830839028e-06	-10
6.657953442e-06	2.830839028e-06	-10
6.657953442e-06	2.830839028e-06	-10
6.657953442e-06	2.830839028e-06	0
6.648177343e-06	2.845332691e-06	0
6.638401243e-06	2.859826355e-06	0
6.628625143e-06	2.874320019e-06	0
6.618849043e-06	2.888813683e-06	0
6.618849043e-06	2.888813683e-06	-10
6.618849043e-06	2.888813683e-06	-10
6.618849043e-06	2.888813683e-06	-10
6.618849043e-06	2.888813683e-06	-10
6.618849043e-06	2.888813683e-06	-10
6.618849043e-06	2.888813683e-06	-10
6.618849043e-06	2.888813683e-06	-10
6.618849043e-06	2.888813683e-06	-10
6.618849043e-06	2.888813683e-06	-10
6.618849043e-06	2.888813683e-06	-10
6.618849043e-06	2.888813683e-06	-10
6.618849043e-06	2.888813683e-06	-10
6.618849043e-06	2.888813683e-06	-10
6.618849043e-06	2.888813683e-06	-10
6.618849043e-06	2.888813683e-06	-10
6.618849043e-06	2.888813683e-06	-10
6.618849043e-06	2.888813683e-06	-10
6.618849043e-06	2.888813683e-06	-10
6.618849043e-06	2.888813683e-06	-10
6.618849043e-06	2.888813683e-06	-10
6.618849043e-06	2.888813683e-06	-10
6.618849043e-06	2.888813683e-06	-10
6.618849043e-06	2.888813683e-06	-10
6.618849043e-06	2.888813683e-06	-10
6.618849043e-06	2.888813683e-06	-10
6.618849043e-06	2.888813683e-06	0
6.609072944e-06	2.903307347e-06	0
6.599296844e-06	2.917801011e-06	0
6.589520744e-06	2.932294675e-06	0
6.579744645e-06	2.946788338e-06	0
6.579744645e-06	2.946788338e-06	-10
6.579744645e-06	2.946788338e-06	-10
6.579744645e-06	2.946788338e-06	-10
6.579744645e-06	2.946788338e-06	-10
6.579744645e-06	2.946788338e-06	-10
6.579744645e-06	2.946788338e-06	-10
6.579744645e-06	2.946788338e-06	-10
6.579744645e-06	2.946788338e-06	-10
6.579744645e-06	2.946788338e-06	-10
6.579744645e-06	2.946788338e-06	-10
6.579744645e-06	2.946788338e-06	-10
6.579744645e-06	2.946788338e-06	-10
6.579744645e-06	2.946788338e-06	-10
6.579744645e-06	2.946788338e-06	-10
6.579744645e-06	2.946788338e-06	-10
6.579744645e-06	2.946788338e-06	-10
6.579744645e-06	2.946788338e-06	-10
6.579744645e-06	2.946788338e-06	-10
6.579744645e-06	2.946788338e-06	-10
6.579744645e-06	2.946788338e-06	-10
6.579744645e-06	2.946788338e-06	-10
6.579744645e-06	2.946788338e-06	-10
6.579744645e-06	2.946788338e-06	-10
6.579744645e-06	2.946788338e-06	-10
6.579744645e-06	2.946788338e-06	-10
6.579744645e-06	2.946788338e-06	0
6.569968545e-06	2.961282002e-06	0
6.560192445e-06	2.975775666e-06	0
6.550416346e-06	2.99026933e-06	0
6.540640246e-06	3.004762994e-06	0
6.540640246e-06	3.004762994e-06	-10
6.540640246e-06	3.004762994e-06	-10
6.540640246e-06	3.004762994e-06	-10
6.540640246e-06	3.004762994e-06	-10
6.540640246e-06	3.004762994e-06	-10
6.540640246e-06	3.004762994e-06	-10
6.540640246e-06	3.004762994e-06	-10
6.540640246e-06	3.004762994e-06	-10
6.540640246e-06	3.004762994e-06	-10
6.540640246e-06	3.004762994e-06	-10
6.540640246e-06	3.004762994e-06	-10
6.540640246e-06	3.004762994e-06	-10
6.540640246e-06	3.004762994e-06	-10
6.540640246e-06	3.004762994e-06	-10
6.540640246e-06	3.004762994e-06	-10
6.540640246e-06	3.004762994e-06	-10
6.540640246e-06	3.004762994e-06	-10
6.540640246e-06	3.004762994e-06	-10
6.540640246e-06	3.004762994e-06	-10
6.540640246e-06	3.004762994e-06	-10
6.540640246e-06	3.004762994e-06	-10
6.540640246e-06	3.004762994e-06	-10
6.540640246e-06	3.004762994e-06	-10
6.540640246e-06	3.004762994e-06	-10
6.540640246e-06	3.004762994e-06	-10
6.540640246e-06	3.004762994e-06	0
6.530864146e-06	3.019256658e-06	0
6.521088046e-06	3.033750322e-06	0
6.511311947e-06	3.048243985e-06	0
6.501535847e-06	3.062737649e-06	0
6.501535847e-06	3.062737649e-06	-10
6.501535847e-06	3.062737649e-06	-10
6.501535847e-06	3.062737649e-06	-10
6.501535847e-06	3.062737649e-06	-10
6.501535847e-06	3.062737649e-06	-10
6.501535847e-06	3.062737649e-06	-10
6.501535847e-06	3.062737649e-06	-10
6.501535847e-06	3.062737649e-06	-10
6.501535847e-06	3.062737649e-06	-10
6.501535847e-06	3.062737649e-06	-10
6.501535847e-06	3.062737649e-06	-10
6.501535847e-06	3.062737649e-06	-10
6.501535847e-06	3.062737649e-06	-10
6.501535847e-06	3.062737649e-06	-10
6.501535847e-06	3.062737649e-06	-10
6.501535847e-06	3.062737649e-06	-10
6.501535847e-06	3.062737649e-06	-10
6.501535847e-06	3.062737649e-06	-10
6.501535847e-06	3.062737649e-06	-10
6.501535847e-06	3.062737649e-06	-10
6.501535847e-06	3.062737649e-06	-10
6.501535847e-06	3.062737649e-06	-10
6.501535847e-06	3.062737649e-06	-10
6.501535847e-06	3.062737649e-06	-10
6.501535847e-06	3.062737649e-06	-10
6.501535847e-06	3.062737649e-06	0
6.491759747e-06	3.077231313e-06	0
6.481983648e-06	3.091724977e-06	0
6.472207548e-06	3.106218641e-06	0
6.462431448e-06	3.120712305e-06	0
6.462431448e-06	3.120712305e-06	-10
6.462431448e-06	3.120712305e-06	-10
6.462431448e-06	3.120712305e-06	-10
6.462431448e-06	3.120712305e-06	-10
6.462431448e-06	3.120712305e-06	-10
6.462431448e-06	3.120712305e-06	-10
6.462431448e-06	3.120712305e-06	-10
6.462431448e-06	3.120712305e-06	-10
6.462431448e-06	3.120712305e-06	-10
6.462431448e-06	3.120712305e-06	-10
6.462431448e-06	3.120712305e-06	-10
6.462431448e-06	3.120712305e-06	-10
6.462431448e-06	3.120712305e-06	-10
6.462431448e-06	3.120712305e-06	-10
6.462431448e-06	3.120712305e-06	-10
6.462431448e-06	3.120712305e-06	-10
6.462431448e-06	3.120712305e-06	-10
6.462431448e-06	3.120712305e-06	-10
6.462431448e-06	3.120712305e-06	-10
6.462431448e-06	3.120712305e-06	-10
6.462431448e-06	3.120712305e-06	-10
6.462431448e-06	3.120712305e-06	-10
6.462431448e-06	3.120712305e-06	-10
6.462431448e-06	3.120712305e-06	-10
6.462431448e-06	3.120712305e-06	-10
6.462431448e-06	3.120712305e-06	0
6.452655348e-06	3.135205969e-06	0
6.442879249e-06	3.149699632e-06	0
6.433103149e-06	3.164193296e-06	0
6.423327049e-06	3.17868696e-06	0
6.423327049e-06	3.17868696e-06	-10
6.423327049e-06	3.17868696e-06	-10
6.423327049e-06	3.17868696e-06	-10
6.423327049e-06	3.17868696e-06	-10
6.423327049e-06	3.17868696e-06	-10
6.423327049e-06	3.17868696e-06	-10
6.423327049e-06	3.17868696e-06	-10
6.423327049e-06	3.17868696e-06	-10
6.423327049e-06	3.17868696e-06	-10
6.423327049e-06	3.17868696e-06	-10
6.423327049e-06	3.17868696e-06	-10
6.423327049e-06	3.17868696e-06	-10
6.423327049e-06	3.17868696e-06	-10
6.423327049e-06	3.17868696e-06	-10
6.423327049e-06	3.17868696e-06	-10
6.423327049e-06	3.17868696e-06	-10
6.423327049e-06	3.17868696e-06	-10
6.423327049e-06	3.17868696e-06	-10
6.423327049e-06	3.17868696e-06	-10
6.423327049e-06	3.17868696e-06	-10
6.423327049e-06	3.17868696e-06	-10
6.423327049e-06	3.17868696e-06	-10
6.423327049e-06	3.17868696e-06	-10
6.423327049e-06	3.17868696e-06	-10
6.423327049e-06	3.17868696e-06	-10
6.423327049e-06	3.17868696e-06	0
6.41355095e-06	3.193180624e-06	0
6.40377485e-06	3.207674288e-06	0
6.39399875e-06	3.222167952e-06	0
6.38422265e-06	3.236661616e-06	0
6.38422265e-06	3.236661616e-06	-10
6.38422265e-06	3.236661616e-06	-10
6.38422265e-06	3.236661616e-06	-10
6.38422265e-06	3.236661616e-06	-10
6.38422265e-06	3.236661616e-06	-10
6.38422265e-06	3.236661616e-06	-10
6.38422265e-06	3.236661616e-06	-10
6.38422265e-06	3.236661616e-06	-10
6.38422265e-06	3.236661616e-06	-10
6.38422265e-06	3.236661616e-06	-10
6.38422265e-06	3.236661616e-06	-10
6.38422265e-06	3.236661616e-06	-10
6.38422265e-06	3.236661616e-06	-10
6.38422265e-06	3.236661616e-06	-10
6.38422265e-06	3.236661616e-06	-10
6.38422265e-06	3.236661616e-06	-10
6.38422265e-06	3.236661616e-06	-10
6.38422265e-06	3.236661616e-06	-10
6.38422265e-06	3.236661616e-06	-10
6.38422265e-06	3.236661616e-06	-10
6.38422265e-06	3.236661616e-06	-10
6.38422265e-06	3.236661616e-06	-10
6.38422265e-06	3.236661616e-06	-10
6.38422265e-06	3.236661616e-06	-10
6.38422265e-06	3.236661616e-06	-10
6.38422265e-06	3.236661616e-06	0
6.374446551e-06	3.251155279e-06	0
6.364670451e-06	3.265648943e-06	0
6.354894351e-06	3.280142607e-06	0
6.345118252e-06	3.294636271e-06	0
6.345118252e-06	3.294636271e-06	-10
6.345118252e-06	3.294636271e-06	-10
6.345118252e-06	3.294636271e-06	-10
6.345118252e-06	3.294636271e-06	-10
6.345118252e-06	3.294636271e-06	-10
6.345118252e-06	3.294636271e-06	-10
6.345118252e-06	3.294636271e-06	-10
6.345118252e-06	3.294636271e-06	-10
6.345118252e-06	3.294636271e-06	-10
6.345118252e-06	3.294636271e-06	-10
6.345118252e-06	3.294636271e-06	-10
6.345118252e-06	3.294636271e-06	-10
6.345118252e-06	3.294636271e-06	-10
6.345118252e-06	3.294636271e-06	-10
6.345118252e-06	3.294636271e-06	-10
6.345118252e-06	3.294636271e-06	-10
6.345118252e-06	3.294636271e-06	-10
6.345118252e-06	3.294636271e-06	-10
6.345118252e-06	3.294636271e-06	-10
6.345118252e-06	3.294636271e-06	-10
6.345118252e-06	3.294636271e-06	-10
6.345118252e-06	3.294636271e-06	-10
6.345118252e-06	3.294636271e-06	-10
6.345118252e-06	3.294636271e-06	-10
6.345118252e-06	3.294636271e-06	-10
6.345118252e-06	3.294636271e-06	0
6.335342152e-06	3.309129935e-06	0
6.325566052e-06	3.323623599e-06	0
6.315789952e-06	3.338117263e-06	0
6.306013853e-06	3.352610926e-06	0
6.306013853e-06	3.352610926e-06	-10
6.306013853e-06	3.352610926e-06	-10
6.306013853e-06	3.352610926e-06	-10
6.306013853e-06	3.352610926e-06	-10
6.306013853e-06	3.352610926e-06	-10
6.306013853e-06	3.352610926e-06	-10
6.306013853e-06	3.352610926e-06	-10
6.306013853e-06	3.352610926e-06	-10
6.306013853e-06	3.352610926e-06	-10
6.306013853e-06	3.352610926e-06	-10
6.306013853e-06	3.352610926e-06	-10
6.306013853e-06	3.352610926e-06	-10
6.306013853e-06	3.352610926e-06	-10
6.306013853e-06	3.352610926e-06	-10
6.306013853e-06	3.352610926e-06	-10
6.306013853e-06	3.352610926e-06	-10
6.306013853e-06	3.352610926e-06	-10
6.306013853e-06	3.352610926e-06	-10
6.306013853e-06	3.352610926e-06	-10
6.306013853e-06	3.352610926e-06	-10
6.306013853e-06	3.352610926e-06	-10
6.306013853e-06	3.352610926e-06	-10
6.306013853e-06	3.352610926e-06	-10
6.306013853e-06	3.352610926e-06	-10
6.306013853e-06	3.352610926e-06	-10
6.306013853e-06	3.352610926e-06	0
6.296237753e-06	3.36710459e-06	0
6.286461653e-06	3.381598254e-06	0
6.276685554e-06	3.396091918e-06	0
6.266909454e-06	3.410585582e-06	0
6.266909454e-06	3.410585582e-06	-10
6.266909454e-06	3.410585582e-06	-10
6.266909454e-06	3.410585582e-06	-10
6.266909454e-06	3.410585582e-06	-10
6.266909454e-06	3.410585582e-06	-10
6.266909454e-06	3.410585582e-06	-10
6.266909454e-06	3.410585582e-06	-10
6.266909454e-06	3.410585582e-06	-10
6.266909454e-06	3.410585582e-06	-10
6.266909454e-06	3.410585582e-06	-10
6.266909454e-06	3.410585582e-06	-10
6.266909454e-06	3.410585582e-06	-10
6.266909454e-06	3.410585582e-06	-10
6.266909454e-06	3.410585582e-06	-10
6.266909454e-06	3.410585582e-06	-10
6.266909454e-06	3.410585582e-06	-10
6.266909454e-06	3.410585582e-06	-10
6.266909454e-06	3.410585582e-06	-10
6.266909454e-06	3.410585582e-06	-10
6.266909454e-06	3.410585582e-06	-10
6.266909454e-06	3.410585582e-06	-10
6.266909454e-06	3.410585582e-06	-10
6.266909454e-06	3.410585582e-06	-10
6.266909454e-06	3.410585582e-06	-10
6.266909454e-06	3.410585582e-06	-10
6.266909454e-06	3.410585582e-06	0
6.257133354e-06	3.425079246e-06	0
6.247357254e-06	3.43957291e-06	0
6.237581155e-06	3.454066573e-06	0
6.227805055e-06	3.468560237e-06	0
6.227805055e-06	3.468560237e-06	-10
6.227805055e-06	3.468560237e-06	-10
6.227805055e-06	3.468560237e-06	-10
6.227805055e-06	3.468560237e-06	-10
6.227805055e-06	3.468560237e-06	-10
6.227805055e-06	3.468560237e-06	-10
6.227805055e-06	3.468560237e-06	-10
6.227805055e-06	3.468560237e-06	-10
6.227805055e-06	3.468560237e-06	-10
6.227805055e-06	3.468560237e-06	-10
6.227805055e-06	3.468560237e-06	-10
6.227805055e-06	3.468560237e-06	-10
6.227805055e-06	3.468560237e-06	-10
6.227805055e-06	3.468560237e-06	-10
6.227805055e-06	3.468560237e-06	-10
6.227805055e-06	3.468560237e-06	-10
6.227805055e-06	3.468560237e-06	-10
6.227805055e-06	3.468560237e-06	-10
6.227805055e-06	3.468560237e-06	-10
6.227805055e-06	3.468560237e-06	-10
6.227805055e-06	3.468560237e-06	-10
6.227805055e-06	3.468560237e-06	-10
6.227805055e-06	3.468560237e-06	-10
6.227805055e-06	3.468560237e-06	-10
6.227805055e-06	3.468560237e-06	-10
6.227805055e-06	3.468560237e-06	0
6.218028955e-06	3.483053901e-06	0
6.208252856e-06	3.497547565e-06	0
6.198476756e-06	3.512041229e-06	0
6.188700656e-06	3.526534893e-06	0
6.188700656e-06	3.526534893e-06	-10
6.188700656e-06	3.526534893e-06	-10
6.188700656e-06	3.526534893e-06	-10
6.188700656e-06	3.526534893e-06	-10
6.188700656e-06	3.526534893e-06	-10
6.188700656e-06	3.526534893e-06	-10
6.188700656e-06	3.526534893e-06	-10
6.188700656e-06	3.526534893e-06	-10
6.188700656e-06	3.526534893e-06	-10
6.188700656e-06	3.526534893e-06	-10
6.188700656e-06	3.526534893e-06	-10
6.188700656e-06	3.526534893e-06	-10
6.188700656e-06	3.526534893e-06	-10
6.188700656e-06	3.526534893e-06	-10
6.188700656e-06	3.526534893e-06	-10
6.188700656e-06	3.526534893e-06	-10
6.188700656e-06	3.526534893e-06	-10
6.188700656e-06	3.526534893e-06	-10
6.188700656e-06	3.526534893e-06	-10
6.188700656e-06	3.526534893e-06	-10
6.188700656e-06	3.526534893e-06	-10
6.188700656e-06	3.526534893e-06	-10
6.188700656e-06	3.526534893e-06	-10
6.188700656e-06	3.526534893e-06	-10
6.188700656e-06	3.526534893e-06	-10
6.188700656e-06	3.526534893e-06	0
6.178924556e-06	3.541028557e-06	0
6.169148457e-06	3.55552222e-06	0
6.159372357e-06	3.570015884e-06	0
6.149596257e-06	3.584509548e-06	0
6.149596257e-06	3.584509548e-06	-10
6.149596257e-06	3.584509548e-06	-10
6.149596257e-06	3.584509548e-06	-10
6.149596257e-06	3.584509548e-06	-10
6.149596257e-06	3.584509548e-06	-10
6.149596257e-06	3.584509548e-06	-10
6.149596257e-06	3.584509548e-06	-10
6.149596257e-06	3.584509548e-06	-10
6.149596257e-06	3.584509548e-06	-10
6.149596257e-06	3.584509548e-06	-10
6.149596257e-06	3.584509548e-06	-10
6.149596257e-06	3.584509548e-06	-10
6.149596257e-06	3.584509548e-06	-10
6.149596257e-06	3.584509548e-06	-10
6.149596257e-06	3.584509548e-06	-10
6.149596257e-06	3.584509548e-06	-10
6.149596257e-06	3.584509548e-06	-10
6.149596257e-06	3.584509548e-06	-10
6.149596257e-06	3.584509548e-06	-10
6.149596257e-06	3.584509548e-06	-10
6.149596257e-06	3.584509548e-06	-10
6.149596257e-06	3.584509548e-06	-10
6.149596257e-06	3.584509548e-06	-10
6.149596257e-06	3.584509548e-06	-10
6.149596257e-06	3.584509548e-06	-10
6.149596257e-06	3.584509548e-06	0
6.139820158e-06	3.599003212e-06	0
6.130044058e-06	3.613496876e-06	0
6.120267958e-06	3.62799054e-06	0
6.110491859e-06	3.642484203e-06	0
6.110491859e-06	3.642484203e-06	-10
6.110491859e-06	3.642484203e-06	-10
6.110491859e-06	3.642484203e-06	-10
6.110491859e-06	3.642484203e-06	-10
6.110491859e-06	3.642484203e-06	-10
6.110491859e-06	3.642484203e-06	-10
6.110491859e-06	3.642484203e-06	-10
6.110491859e-06	3.642484203e-06	-10
6.110491859e-06	3.642484203e-06	-10
6.110491859e-06	3.642484203e-06	-10
6.110491859e-06	3.642484203e-06	-10
6.110491859e-06	3.642484203e-06	-10
6.110491859e-06	3.642484203e-06	-10
6.110491859e-06	3.642484203e-06	-10
6.110491859e-06	3.642484203e-06	-10
6.110491859e-06	3.642484203e-06	-10
6.110491859e-06	3.642484203e-06	-10
6.110491859e-06	3.642484203e-06	-10
6.110491859e-06	3.642484203e-06	-10
6.110491859e-06	3.642484203e-06	-10
6.110491859e-06	3.642484203e-06	-10
6.110491859e-06	3.642484203e-06	-10
6.110491859e-06	3.642484203e-06	-10
6.110491859e-06	3.642484203e-06	-10
6.110491859e-06	3.642484203e-06	-10
6.110491859e-06	3.642484203e-06	0
6.095998195e-06	3.632708104e-06	0
6.081504531e-06	3.622932004e-06	0
6.067010867e-06	3.613155904e-06	0
6.052517203e-06	3.603379805e-06	0
6.052517203e-06	3.603379805e-06	-10
6.052517203e-06	3.603379805e-06	-10
6.052517203e-06	3.603379805e-06	-10
6.052517203e-06	3.603379805e-06	-10
6.052517203e-06	3.603379805e-06	-10
6.052517203e-06	3.603379805e-06	-10
6.052517203e-06	3.603379805e-06	-10
6.052517203e-06	3.603379805e-06	-10
6.052517203e-06	3.603379805e-06	-10
6.052517203e-06	3.603379805e-06	-10
6.052517203e-06	3.603379805e-06	-10
6.052517203e-06	3.603379805e-06	-10
6.052517203e-06	3.603379805e-06	-10
6.052517203e-06	3.603379805e-06	-10
6.052517203e-06	3.603379805e-06	-10
6.052517203e-06	3.603379805e-06	-10
6.052517203e-06	3.603379805e-06	-10
6.052517203e-06	3.603379805e-06	-10
6.052517203e-06	3.603379805e-06	-10
6.052517203e-06	3.603379805e-06	-10
6.052517203e-06	3.603379805e-06	-10
6.052517203e-06	3.603379805e-06	-10
6.052517203e-06	3.603379805e-06	-10
6.052517203e-06	3.603379805e-06	-10
6.052517203e-06	3.603379805e-06	-10
6.052517203e-06	3.603379805e-06	0
6.062293303e-06	3.588886141e-06	0
6.072069403e-06	3.574392477e-06	0
6.081845502e-06	3.559898813e-06	0
6.091621602e-06	3.545405149e-06	0
6.091621602e-06	3.545405149e-06	-10
6.091621602e-06	3.545405149e-06	-10
6.091621602e-06	3.545405149e-06	-10
6.091621602e-06	3.545405149e-06	-10
6.091621602e-06	3.545405149e-06	-10
6.091621602e-06	3.545405149e-06	-10
6.091621602e-06	3.545405149e-06	-10
6.091621602e-06	3.545405149e-06	-10
6.091621602e-06	3.545405149e-06	-10
6.091621602e-06	3.545405149e-06	-10
6.091621602e-06	3.545405149e-06	-10
6.091621602e-06	3.545405149e-06	-10
6.091621602e-06	3.545405149e-06	-10
6.091621602e-06	3.545405149e-06	-10
6.091621602e-06	3.545405149e-06	-10
6.091621602e-06	3.545405149e-06	-10
6.091621602e-06	3.545405149e-06	-10
6.091621602e-06	3.545405149e-06	-10
6.091621602e-06	3.545405149e-06	-10
6.091621602e-06	3.545405149e-06	-10
6.091621602e-06	3.545405149e-06	-10
6.091621602e-06	3.545405149e-06	-10
6.091621602e-06	3.545405149e-06	-10
6.091621602e-06	3.545405149e-06	-10
6.091621602e-06	3.545405149e-06	-10
6.091621602e-06	3.545405149e-06	0
6.101397702e-06	3.530911485e-06	0
6.111173801e-06	3.516417822e-06	0
6.120949901e-06	3.501924158e-06	0
6.130726001e-06	3.487430494e-06	0
6.130726001e-06	3.487430494e-06	-10
6.130726001e-06	3.487430494e-06	-10
6.130726001e-06	3.487430494e-06	-10
6.130726001e-06	3.487430494e-06	-10
6.130726001e-06	3.487430494e-06	-10
6.130726001e-06	3.487430494e-06	-10
6.130726001e-06	3.487430494e-06	-10
6.130726001e-06	3.487430494e-06	-10
6.130726001e-06	3.487430494e-06	-10
6.130726001e-06	3.487430494e-06	-10
6.130726001e-06	3.487430494e-06	-10
6.130726001e-06	3.487430494e-06	-10
6.130726001e-06	3.487430494e-06	-10
6.130726001e-06	3.487430494e-06	-10
6.130726001e-06	3.487430494e-06	-10
6.130726001e-06	3.487430494e-06	-10
6.130726001e-06	3.487430494e-06	-10
6.130726001e-06	3.487430494e-06	-10
6.130726001e-06	3.487430494e-06	-10
6.130726001e-06	3.487430494e-06	-10
6.130726001e-06	3.487430494e-06	-10
6.130726001e-06	3.487430494e-06	-10
6.130726001e-06	3.487430494e-06	-10
6.130726001e-06	3.487430494e-06	-10
6.130726001e-06	3.487430494e-06	-10
6.130726001e-06	3.487430494e-06	0
6.1405021e-06	3.47293683e-06	0
6.1502782e-06	3.458443166e-06	0
6.1600543e-06	3.443949502e-06	0
6.1698304e-06	3.429455838e-06	0
6.1698304e-06	3.429455838e-06	-10
6.1698304e-06	3.429455838e-06	-10
6.1698304e-06	3.429455838e-06	-10
6.1698304e-06	3.429455838e-06	-10
6.1698304e-06	3.429455838e-06	-10
6.1698304e-06	3.429455838e-06	-10
6.1698304e-06	3.429455838e-06	-10
6.1698304e-06	3.429455838e-06	-10
6.1698304e-06	3.429455838e-06	-10
6.1698304e-06	3.429455838e-06	-10
6.1698304e-06	3.429455838e-06	-10
6.1698304e-06	3.429455838e-06	-10
6.1698304e-06	3.429455838e-06	-10
6.1698304e-06	3.429455838e-06	-10
6.1698304e-06	3.429455838e-06	-10
6.1698304e-06	3.429455838e-06	-10
6.1698304e-06	3.429455838e-06	-10
6.1698304e-06	3.429455838e-06	-10
6.1698304e-06	3.429455838e-06	-10
6.1698304e-06	3.429455838e-06	-10
6.1698304e-06	3.429455838e-06	-10
6.1698304e-06	3.429455838e-06	-10
6.1698304e-06	3.429455838e-06	-10
6.1698304e-06	3.429455838e-06	-10
6.1698304e-06	3.429455838e-06	-10
6.1698304e-06	3.429455838e-06	0
6.179606499e-06	3.414962175e-06	0
6.189382599e-06	3.400468511e-06	0
6.199158699e-06	3.385974847e-06	0
6.208934798e-06	3.371481183e-06	0
6.208934798e-06	3.371481183e-06	-10
6.208934798e-06	3.371481183e-06	-10
6.208934798e-06	3.371481183e-06	-10
6.208934798e-06	3.371481183e-06	-10
6.208934798e-06	3.371481183e-06	-10
6.208934798e-06	3.371481183e-06	-10
6.208934798e-06	3.371481183e-06	-10
6.208934798e-06	3.371481183e-06	-10
6.208934798e-06	3.371481183e-06	-10
6.208934798e-06	3.371481183e-06	-10
6.208934798e-06	3.371481183e-06	-10
6.208934798e-06	3.371481183e-06	-10
6.208934798e-06	3.371481183e-06	-10
6.208934798e-06	3.371481183e-06	-10
6.208934798e-06	3.371481183e-06	-10
6.208934798e-06	3.371481183e-06	-10
6.208934798e-06	3.371481183e-06	-10
6.208934798e-06	3.371481183e-06	-10
6.208934798e-06	3.371481183e-06	-10
6.208934798e-06	3.371481183e-06	-10
6.208934798e-06	3.371481183e-06	-10
6.208934798e-06	3.371481183e-06	-10
6.208934798e-06	3.371481183e-06	-10
6.208934798e-06	3.371481183e-06	-10
6.208934798e-06	3.371481183e-06	-10
6.208934798e-06	3.371481183e-06	0
6.218710898e-06	3.356987519e-06	0
6.228486998e-06	3.342493855e-06	0
6.238263098e-06	3.328000191e-06	0
6.248039197e-06	3.313506528e-06	0
6.248039197e-06	3.313506528e-06	-10
6.248039197e-06	3.313506528e-06	-10
6.248039197e-06	3.313506528e-06	-10
6.248039197e-06	3.313506528e-06	-10
6.248039197e-06	3.313506528e-06	-10
6.248039197e-06	3.313506528e-06	-10
6.248039197e-06	3.313506528e-06	-10
6.248039197e-06	3.313506528e-06	-10
6.248039197e-06	3.313506528e-06	-10
6.248039197e-06	3.313506528e-06	-10
6.248039197e-06	3.313506528e-06	-10
6.248039197e-06	3.313506528e-06	-10
6.248039197e-06	3.313506528e-06	-10
6.248039197e-06	3.313506528e-06	-10
6.248039197e-06	3.313506528e-06	-10
6.248039197e-06	3.313506528e-06	-10
6.248039197e-06	3.313506528e-06	-10
6.248039197e-06	3.313506528e-06	-10
6.248039197e-06	3.313506528e-06	-10
6.248039197e-06	3.313506528e-06	-10
6.248039197e-06	3.313506528e-06	-10
6.248039197e-06	3.313506528e-06	-10
6.248039197e-06	3.313506528e-06	-10
6.248039197e-06	3.313506528e-06	-10
6.248039197e-06	3.313506528e-06	-10
6.248039197e-06	3.313506528e-06	0
6.257815297e-06	3.299012864e-06	0
6.267591397e-06	3.2845192e-06	0
6.277367496e-06	3.270025536e-06	0
6.287143596e-06	3.255531872e-06	0
6.287143596e-06	3.255531872e-06	-10
6.287143596e-06	3.255531872e-06	-10
6.287143596e-06	3.255531872e-06	-10
6.287143596e-06	3.255531872e-06	-10
6.287143596e-06	3.255531872e-06	-10
6.287143596e-06	3.255531872e-06	-10
6.287143596e-06	3.255531872e-06	-10
6.287143596e-06	3.255531872e-06	-10
6.287143596e-06	3.255531872e-06	-10
6.287143596e-06	3.255531872e-06	-10
6.287143596e-06	3.255531872e-06	-10
6.287143596e-06	3.255531872e-06	-10
6.287143596e-06	3.255531872e-06	-10
6.287143596e-06	3.255531872e-06	-10
6.287143596e-06	3.255531872e-06	-10
6.287143596e-06	3.255531872e-06	-10
6.287143596e-06	3.255531872e-06	-10
6.287143596e-06	3.255531872e-06	-10
6.287143596e-06	3.255531872e-06	-10
6.287143596e-06	3.255531872e-06	-10
6.287143596e-06	3.255531872e-06	-10
6.287143596e-06	3.255531872e-06	-10
6.287143596e-06	3.255531872e-06	-10
6.287143596e-06	3.255531872e-06	-10
6.287143596e-06	3.255531872e-06	-10
6.287143596e-06	3.255531872e-06	0
6.296919696e-06	3.241038208e-06	0
6.306695796e-06	3.226544544e-06	0
6.316471895e-06	3.212050881e-06	0
6.326247995e-06	3.197557217e-06	0
6.326247995e-06	3.197557217e-06	-10
6.326247995e-06	3.197557217e-06	-10
6.326247995e-06	3.197557217e-06	-10
6.326247995e-06	3.197557217e-06	-10
6.326247995e-06	3.197557217e-06	-10
6.326247995e-06	3.197557217e-06	-10
6.326247995e-06	3.197557217e-06	-10
6.326247995e-06	3.197557217e-06	-10
6.326247995e-06	3.197557217e-06	-10
6.326247995e-06	3.197557217e-06	-10
6.326247995e-06	3.197557217e-06	-10
6.326247995e-06	3.197557217e-06	-10
6.326247995e-06	3.197557217e-06	-10
6.326247995e-06	3.197557217e-06	-10
6.326247995e-06	3.197557217e-06	-10
6.326247995e-06	3.197557217e-06	-10
6.326247995e-06	3.197557217e-06	-10
6.326247995e-06	3.197557217e-06	-10
6.326247995e-06	3.197557217e-06	-10
6.326247995e-06	3.197557217e-06	-10
6.326247995e-06	3.197557217e-06	-10
6.326247995e-06	3.197557217e-06	-10
6.326247995e-06	3.197557217e-06	-10
6.326247995e-06	3.197557217e-06	-10
6.326247995e-06	3.197557217e-06	-10
6.326247995e-06	3.197557217e-06	0
6.336024095e-06	3.183063553e-06	0
6.345800194e-06	3.168569889e-06	0
6.355576294e-06	3.154076225e-06	0
6.365352394e-06	3.139582561e-06	0
6.365352394e-06	3.139582561e-06	-10
6.365352394e-06	3.139582561e-06	-10
6.365352394e-06	3.139582561e-06	-10
6.365352394e-06	3.139582561e-06	-10
6.365352394e-06	3.139582561e-06	-10
6.365352394e-06	3.139582561e-06	-10
6.365352394e-06	3.139582561e-06	-10
6.365352394e-06	3.139582561e-06	-10
6.365352394e-06	3.139582561e-06	-10
6.365352394e-06	3.139582561e-06	-10
6.365352394e-06	3.139582561e-06	-10
6.365352394e-06	3.139582561e-06	-10
6.365352394e-06	3.139582561e-06	-10
6.365352394e-06	3.139582561e-06	-10
6.365352394e-06	3.139582561e-06	-10
6.365352394e-06	3.139582561e-06	-10
6.365352394e-06	3.139582561e-06	-10
6.365352394e-06	3.139582561e-06	-10
6.365352394e-06	3.139582561e-06	-10
6.365352394e-06	3.139582561e-06	-10
6.365352394e-06	3.139582561e-06	-10
6.365352394e-06	3.139582561e-06	-10
6.365352394e-06	3.139582561e-06	-10
6.365352394e-06	3.139582561e-06	-10
6.365352394e-06	3.139582561e-06	-10
6.365352394e-06	3.139582561e-06	0
6.375128494e-06	3.125088897e-06	0
6.384904593e-06	3.110595234e-06	0
6.394680693e-06	3.09610157e-06	0
6.404456793e-06	3.081607906e-06	0
6.404456793e-06	3.081607906e-06	-10
6.404456793e-06	3.081607906e-06	-10
6.404456793e-06	3.081607906e-06	-10
6.404456793e-06	3.081607906e-06	-10
6.404456793e-06	3.081607906e-06	-10
6.404456793e-06	3.081607906e-06	-10
6.404456793e-06	3.081607906e-06	-10
6.404456793e-06	3.081607906e-06	-10
6.404456793e-06	3.081607906e-06	-10
6.404456793e-06	3.081607906e-06	-10
6.404456793e-06	3.081607906e-06	-10
6.404456793e-06	3.081607906e-06	-10
6.404456793e-06	3.081607906e-06	-10
6.404456793e-06	3.081607906e-06	-10
6.404456793e-06	3.081607906e-06	-10
6.404456793e-06	3.081607906e-06	-10
6.404456793e-06	3.081607906e-06	-10
6.404456793e-06	3.081607906e-06	-10
6.404456793e-06	3.081607906e-06	-10
6.404456793e-06	3.081607906e-06	-10
6.404456793e-06	3.081607906e-06	-10
6.404456793e-06	3.081607906e-06	-10
6.404456793e-06	3.081607906e-06	-10
6.404456793e-06	3.081607906e-06	-10
6.404456793e-06	3.081607906e-06	-10
6.404456793e-06	3.081607906e-06	0
6.414232892e-06	3.067114242e-06	0
6.424008992e-06	3.052620578e-06	0
6.433785092e-06	3.038126914e-06	0
6.443561192e-06	3.02363325e-06	0
6.443561192e-06	3.02363325e-06	-10
6.443561192e-06	3.02363325e-06	-10
6.443561192e-06	3.02363325e-06	-10
6.443561192e-06	3.02363325e-06	-10
6.443561192e-06	3.02363325e-06	-10
6.443561192e-06	3.02363325e-06	-10
6.443561192e-06	3.02363325e-06	-10
6.443561192e-06	3.02363325e-06	-10
6.443561192e-06	3.02363325e-06	-10
6.443561192e-06	3.02363325e-06	-10
6.443561192e-06	3.02363325e-06	-10
6.443561192e-06	3.02363325e-06	-10
6.443561192e-06	3.02363325e-06	-10
6.443561192e-06	3.02363325e-06	-10
6.443561192e-06	3.02363325e-06	-10
6.443561192e-06	3.02363325e-06	-10
6.443561192e-06	3.02363325e-06	-10
6.443561192e-06	3.02363325e-06	-10
6.443561192e-06	3.02363325e-06	-10
6.443561192e-06	3.02363325e-06	-10
6.443561192e-06	3.02363325e-06	-10
6.443561192e-06	3.02363325e-06	-10
6.443561192e-06	3.02363325e-06	-10
6.443561192e-06	3.02363325e-06	-10
6.443561192e-06	3.02363325e-06	-10
6.443561192e-06	3.02363325e-06	0
6.453337291e-06	3.009139587e-06	0
6.463113391e-06	2.994645923e-06	0
6.472889491e-06	2.980152259e-06	0
6.48266559e-06	2.965658595e-06	0
6.48266559e-06	2.965658595e-06	-10
6.48266559e-06	2.965658595e-06	-10
6.48266559e-06	2.965658595e-06	-10
6.48266559e-06	2.965658595e-06	-10
6.48266559e-06	2.965658595e-06	-10
6.48266559e-06	2.965658595e-06	-10
6.48266559e-06	2.965658595e-06	-10
6.48266559e-06	2.965658595e-06	-10
6.48266559e-06	2.965658595e-06	-10
6.48266559e-06	2.965658595e-06	-10
6.48266559e-06	2.965658595e-06	-10
6.48266559e-06	2.965658595e-06	-10
6.48266559e-06	2.965658595e-06	-10
6.48266559e-06	2.965658595e-06	-10
6.48266559e-06	2.965658595e-06	-10
6.48266559e-06	2.965658595e-06	-10
6.48266559e-06	2.965658595e-06	-10
6.48266559e-06	2.965658595e-06	-10
6.48266559e-06	2.965658595e-06	-10
6.48266559e-06	2.965658595e-06	-10
6.48266559e-06	2.965658595e-06	-10
6.48266559e-06	2.965658595e-06	-10
6.48266559e-06	2.965658595e-06	-10
6.48266559e-06	2.965658595e-06	-10
6.48266559e-06	2.965658595e-06	-10
6.48266559e-06	2.965658595e-06	0
6.49244169e-06	2.951164931e-06	0
6.50221779e-06	2.936671267e-06	0
6.51199389e-06	2.922177603e-06	0
6.521769989e-06	2.90768394e-06	0
6.521769989e-06	2.90768394e-06	-10
6.521769989e-06	2.90768394e-06	-10
6.521769989e-06	2.90768394e-06	-10
6.521769989e-06	2.90768394e-06	-10
6.521769989e-06	2.90768394e-06	-10
6.521769989e-06	2.90768394e-06	-10
6.521769989e-06	2.90768394e-06	-10
6.521769989e-06	2.90768394e-06	-10
6.521769989e-06	2.90768394e-06	-10
6.521769989e-06	2.90768394e-06	-10
6.521769989e-06	2.90768394e-06	-10
6.521769989e-06	2.90768394e-06	-10
6.521769989e-06	2.90768394e-06	-10
6.521769989e-06	2.90768394e-06	-10
6.521769989e-06	2.90768394e-06	-10
6.521769989e-06	2.90768394e-06	-10
6.521769989e-06	2.90768394e-06	-10
6.521769989e-06	2.90768394e-06	-10
6.521769989e-06	2.90768394e-06	-10
6.521769989e-06	2.90768394e-06	-10
6.521769989e-06	2.90768394e-06	-10
6.521769989e-06	2.90768394e-06	-10
6.521769989e-06	2.90768394e-06	-10
6.521769989e-06	2.90768394e-06	-10
6.521769989e-06	2.90768394e-06	-10
6.521769989e-06	2.90768394e-06	0
6.531546089e-06	2.893190276e-06	0
6.541322189e-06	2.878696612e-06	0
6.551098288e-06	2.864202948e-06	0
6.560874388e-06	2.849709284e-06	0
6.560874388e-06	2.849709284e-06	-10
6.560874388e-06	2.849709284e-06	-10
6.560874388e-06	2.849709284e-06	-10
6.560874388e-06	2.849709284e-06	-10
6.560874388e-06	2.849709284e-06	-10
6.560874388e-06	2.849709284e-06	-10
6.560874388e-06	2.849709284e-06	-10
6.560874388e-06	2.849709284e-06	-10
6.560874388e-06	2.849709284e-06	-10
6.560874388e-06	2.849709284e-06	-10
6.560874388e-06	2.849709284e-06	-10
6.560874388e-06	2.849709284e-06	-10
6.560874388e-06	2.849709284e-06	-10
6.560874388e-06	2.849709284e-06	-10
6.560874388e-06	2.849709284e-06	-10
6.560874388e-06	2.849709284e-06	-10
6.560874388e-06	2.849709284e-06	-10
6.560874388e-06	2.849709284e-06	-10
6.560874388e-06	2.849709284e-06	-10
6.560874388e-06	2.849709284e-06	-10
6.560874388e-06	2.849709284e-06	-10
6.560874388e-06	2.849709284e-06	-10
6.560874388e-06	2.849709284e-06	-10
6.560874388e-06	2.849709284e-06	-10
6.560874388e-06	2.849709284e-06	-10
6.560874388e-06	2.849709284e-06	0
6.570650488e-06	2.83521562e-06	0
6.580426587e-06	2.820721956e-06	0
6.590202687e-06	2.806228293e-06	0
6.599978787e-06	2.791734629e-06	0
6.599978787e-06	2.791734629e-06	-10
6.599978787e-06	2.791734629e-06	-10
6.599978787e-06	2.791734629e-06	-10
6.599978787e-06	2.791734629e-06	-10
6.599978787e-06	2.791734629e-06	-10
6.599978787e-06	2.791734629e-06	-10
6.599978787e-06	2.791734629e-06	-10
6.599978787e-06	2.791734629e-06	-10
6.599978787e-06	2.791734629e-06	-10
6.599978787e-06	2.791734629e-06	-10
6.599978787e-06	2.791734629e-06	-10
6.599978787e-06	2.791734629e-06	-10
6.599978787e-06	2.791734629e-06	-10
6.599978787e-06	2.791734629e-06	-10
6.599978787e-06	2.791734629e-06	-10
6.599978787e-06	2.791734629e-06	-10
6.599978787e-06	2.791734629e-06	-10
6.599978787e-06	2.791734629e-06	-10
6.599978787e-06	2.791734629e-06	-10
6.599978787e-06	2.791734629e-06	-10
6.599978787e-06	2.791734629e-06	-10
6.599978787e-06	2.791734629e-06	-10
6.599978787e-06	2.791734629e-06	-10
6.599978787e-06	2.791734629e-06	-10
6.599978787e-06	2.791734629e-06	-10
6.599978787e-06	2.791734629e-06	0
6.609754887e-06	2.777240965e-06	0
6.619530986e-06	2.762747301e-06	0
6.629307086e-06	2.748253637e-06	0
6.639083186e-06	2.733759973e-06	0
6.639083186e-06	2.733759973e-06	-10
6.639083186e-06	2.733759973e-06	-10
6.639083186e-06	2.733759973e-06	-10
6.639083186e-06	2.733759973e-06	-10
6.639083186e-06	2.733759973e-06	-10
6.639083186e-06	2.733759973e-06	-10
6.639083186e-06	2.733759973e-06	-10
6.639083186e-06	2.733759973e-06	-10
6.639083186e-06	2.733759973e-06	-10
6.639083186e-06	2.733759973e-06	-10
6.639083186e-06	2.733759973e-06	-10
6.639083186e-06	2.733759973e-06	-10
6.639083186e-06	2.733759973e-06	-10
6.639083186e-06	2.733759973e-06	-10
6.639083186e-06	2.733759973e-06	-10
6.639083186e-06	2.733759973e-06	-10
6.639083186e-06	2.733759973e-06	-10
6.639083186e-06	2.733759973e-06	-10
6.639083186e-06	2.733759973e-06	-10
6.639083186e-06	2.733759973e-06	-10
6.639083186e-06	2.733759973e-06	-10
6.639083186e-06	2.733759973e-06	-10
6.639083186e-06	2.733759973e-06	-10
6.639083186e-06	2.733759973e-06	-10
6.639083186e-06	2.733759973e-06	-10
6.639083186e-06	2.733759973e-06	0
6.648859285e-06	2.719266309e-06	0
6.658635385e-06	2.704772646e-06	0
6.668411485e-06	2.690278982e-06	0
6.678187585e-06	2.675785318e-06	0
6.678187585e-06	2.675785318e-06	-10
6.678187585e-06	2.675785318e-06	-10
6.678187585e-06	2.675785318e-06	-10
6.678187585e-06	2.675785318e-06	-10
6.678187585e-06	2.675785318e-06	-10
6.678187585e-06	2.675785318e-06	-10
6.678187585e-06	2.675785318e-06	-10
6.678187585e-06	2.675785318e-06	-10
6.678187585e-06	2.675785318e-06	-10
6.678187585e-06	2.675785318e-06	-10
6.678187585e-06	2.675785318e-06	-10
6.678187585e-06	2.675785318e-06	-10
6.678187585e-06	2.675785318e-06	-10
6.678187585e-06	2.675785318e-06	-10
6.678187585e-06	2.675785318e-06	-10
6.678187585e-06	2.675785318e-06	-10
6.678187585e-06	2.675785318e-06	-10
6.678187585e-06	2.675785318e-06	-10
6.678187585e-06	2.675785318e-06	-10
6.678187585e-06	2.675785318e-06	-10
6.678187585e-06	2.675785318e-06	-10
6.678187585e-06	2.675785318e-06	-10
6.678187585e-06	2.675785318e-06	-10
6.678187585e-06	2.675785318e-06	-10
6.678187585e-06	2.675785318e-06	-10
6.678187585e-06	2.675785318e-06	0
6.687963684e-06	2.661291654e-06	0
6.697739784e-06	2.64679799e-06	0
6.707515884e-06	2.632304326e-06	0
6.717291983e-06	2.617810662e-06	0
6.717291983e-06	2.617810662e-06	-10
6.717291983e-06	2.617810662e-06	-10
6.717291983e-06	2.617810662e-06	-10
6.717291983e-06	2.617810662e-06	-10
6.717291983e-06	2.617810662e-06	-10
6.717291983e-06	2.617810662e-06	-10
6.717291983e-06	2.617810662e-06	-10
6.717291983e-06	2.617810662e-06	-10
6.717291983e-06	2.617810662e-06	-10
6.717291983e-06	2.617810662e-06	-10
6.717291983e-06	2.617810662e-06	-10
6.717291983e-06	2.617810662e-06	-10
6.717291983e-06	2.617810662e-06	-10
6.717291983e-06	2.617810662e-06	-10
6.717291983e-06	2.617810662e-06	-10
6.717291983e-06	2.617810662e-06	-10
6.717291983e-06	2.617810662e-06	-10
6.717291983e-06	2.617810662e-06	-10
6.717291983e-06	2.617810662e-06	-10
6.717291983e-06	2.617810662e-06	-10
6.717291983e-06	2.617810662e-06	-10
6.717291983e-06	2.617810662e-06	-10
6.717291983e-06	2.617810662e-06	-10
6.717291983e-06	2.617810662e-06	-10
6.717291983e-06	2.617810662e-06	-10
6.717291983e-06	2.617810662e-06	0
6.727068083e-06	2.603316999e-06	0
6.736844183e-06	2.588823335e-06	0
6.746620283e-06	2.574329671e-06	0
6.756396382e-06	2.559836007e-06	0
6.756396382e-06	2.559836007e-06	-10
6.756396382e-06	2.559836007e-06	-10
6.756396382e-06	2.559836007e-06	-10
6.756396382e-06	2.559836007e-06	-10
6.756396382e-06	2.559836007e-06	-10
6.756396382e-06	2.559836007e-06	-10
6.756396382e-06	2.559836007e-06	-10
6.756396382e-06	2.559836007e-06	-10
6.756396382e-06	2.559836007e-06	-10
6.756396382e-06	2.559836007e-06	-10
6.756396382e-06	2.559836007e-06	-10
6.756396382e-06	2.559836007e-06	-10
6.756396382e-06	2.559836007e-06	-10
6.756396382e-06	2.559836007e-06	-10
6.756396382e-06	2.559836007e-06	-10
6.756396382e-06	2.559836007e-06	-10
6.756396382e-06	2.559836007e-06	-10
6.756396382e-06	2.559836007e-06	-10
6.756396382e-06	2.559836007e-06	-10
6.756396382e-06	2.559836007e-06	-10
6.756396382e-06	2.559836007e-06	-10
6.756396382e-06	2.559836007e-06	-10
6.756396382e-06	2.559836007e-06	-10
6.756396382e-06	2.559836007e-06	-10
6.756396382e-06	2.559836007e-06	-10
6.756396382e-06	2.559836007e-06	0
6.766172482e-06	2.545342343e-06	0
6.775948582e-06	2.530848679e-06	0
6.785724681e-06	2.516355015e-06	0
6.795500781e-06	2.501861352e-06	0
6.795500781e-06	2.501861352e-06	-10
6.795500781e-06	2.501861352e-06	-10
6.795500781e-06	2.501861352e-06	-10
6.795500781e-06	2.501861352e-06	-10
6.795500781e-06	2.501861352e-06	-10
6.795500781e-06	2.501861352e-06	-10
6.795500781e-06	2.501861352e-06	-10
6.795500781e-06	2.501861352e-06	-10
6.795500781e-06	2.501861352e-06	-10
6.795500781e-06	2.501861352e-06	-10
6.795500781e-06	2.501861352e-06	-10
6.795500781e-06	2.501861352e-06	-10
6.795500781e-06	2.501861352e-06	-10
6.795500781e-06	2.501861352e-06	-10
6.795500781e-06	2.501861352e-06	-10
6.795500781e-06	2.501861352e-06	-10
6.795500781e-06	2.501861352e-06	-10
6.795500781e-06	2.501861352e-06	-10
6.795500781e-06	2.501861352e-06	-10
6.795500781e-06	2.501861352e-06	-10
6.795500781e-06	2.501861352e-06	-10
6.795500781e-06	2.501861352e-06	-10
6.795500781e-06	2.501861352e-06	-10
6.795500781e-06	2.501861352e-06	-10
6.795500781e-06	2.501861352e-06	-10
6.795500781e-06	2.501861352e-06	0
6.781007117e-06	2.492085252e-06	0
6.766513453e-06	2.482309152e-06	0
6.75201979e-06	2.472533052e-06	0
6.737526126e-06	2.462756953e-06	0
6.737526126e-06	2.462756953e-06	10
6.737526126e-06	2.462756953e-06	10
6.737526126e-06	2.462756953e-06	10
6.737526126e-06	2.462756953e-06	10
6.737526126e-06	2.462756953e-06	10
6.737526126e-06	2.462756953e-06	10
6.737526126e-06	2.462756953e-06	10
6.737526126e-06	2.462756953e-06	10
6.737526126e-06	2.462756953e-06	10
6.737526126e-06	2.462756953e-06	10
6.737526126e-06	2.462756953e-06	10
6.737526126e-06	2.462756953e-06	10
6.737526126e-06	2.462756953e-06	10
6.737526126e-06	2.462756953e-06	10
6.737526126e-06	2.462756953e-06	10
6.737526126e-06	2.462756953e-06	10
6.737526126e-06	2.462756953e-06	10
6.737526126e-06	2.462756953e-06	10
6.737526126e-06	2.462756953e-06	10
6.737526126e-06	2.462756953e-06	10
6.737526126e-06	2.462756953e-06	10
6.737526126e-06	2.462756953e-06	10
6.737526126e-06	2.462756953e-06	10
6.737526126e-06	2.462756953e-06	10
6.737526126e-06	2.462756953e-06	10
6.737526126e-06	2.462756953e-06	0
6.727750026e-06	2.477250617e-06	0
6.717973926e-06	2.49174428e-06	0
6.708197827e-06	2.506237944e-06	0
6.698421727e-06	2.520731608e-06	0
6.698421727e-06	2.520731608e-06	10
6.698421727e-06	2.520731608e-06	10
6.698421727e-06	2.520731608e-06	10
6.698421727e-06	2.520731608e-06	10
6.698421727e-06	2.520731608e-06	10
6.698421727e-06	2.520731608e-06	10
6.698421727e-06	2.520731608e-06	10
6.698421727e-06	2.520731608e-06	10
6.698421727e-06	2.520731608e-06	10
6.698421727e-06	2.520731608e-06	10
6.698421727e-06	2.520731608e-06	10
6.698421727e-06	2.520731608e-06	10
6.698421727e-06	2.520731608e-06	10
6.698421727e-06	2.520731608e-06	10
6.698421727e-06	2.520731608e-06	10
6.698421727e-06	2.520731608e-06	10
6.698421727e-06	2.520731608e-06	10
6.698421727e-06	2.520731608e-06	10
6.698421727e-06	2.520731608e-06	10
6.698421727e-06	2.520731608e-06	10
6.698421727e-06	2.520731608e-06	10
6.698421727e-06	2.520731608e-06	10
6.698421727e-06	2.520731608e-06	10
6.698421727e-06	2.520731608e-06	10
6.698421727e-06	2.520731608e-06	10
6.698421727e-06	2.520731608e-06	0
6.688645627e-06	2.535225272e-06	0
6.678869527e-06	2.549718936e-06	0
6.669093428e-06	2.5642126e-06	0
6.659317328e-06	2.578706264e-06	0
6.659317328e-06	2.578706264e-06	10
6.659317328e-06	2.578706264e-06	10
6.659317328e-06	2.578706264e-06	10
6.659317328e-06	2.578706264e-06	10
6.659317328e-06	2.578706264e-06	10
6.659317328e-06	2.578706264e-06	10
6.659317328e-06	2.578706264e-06	10
6.659317328e-06	2.578706264e-06	10
6.659317328e-06	2.578706264e-06	10
6.659317328e-06	2.578706264e-06	10
6.659317328e-06	2.578706264e-06	10
6.659317328e-06	2.578706264e-06	10
6.659317328e-06	2.578706264e-06	10
6.659317328e-06	2.578706264e-06	10
6.659317328e-06	2.578706264e-06	10
6.659317328e-06	2.578706264e-06	10
6.659317328e-06	2.578706264e-06	10
6.659317328e-06	2.578706264e-06	10
6.659317328e-06	2.578706264e-06	10
6.659317328e-06	2.578706264e-06	10
6.659317328e-06	2.578706264e-06	10
6.659317328e-06	2.578706264e-06	10
6.659317328e-06	2.578706264e-06	10
6.659317328e-06	2.578706264e-06	10
6.659317328e-06	2.578706264e-06	10
6.659317328e-06	2.578706264e-06	0
6.649541228e-06	2.593199927e-06	0
6.639765129e-06	2.607693591e-06	0
6.629989029e-06	2.622187255e-06	0
6.620212929e-06	2.636680919e-06	0
6.620212929e-06	2.636680919e-06	10
6.620212929e-06	2.636680919e-06	10
6.620212929e-06	2.636680919e-06	10
6.620212929e-06	2.636680919e-06	10
6.620212929e-06	2.636680919e-06	10
6.620212929e-06	2.636680919e-06	10
6.620212929e-06	2.636680919e-06	10
6.620212929e-06	2.636680919e-06	10
6.620212929e-06	2.636680919e-06	10
6.620212929e-06	2.636680919e-06	10
6.620212929e-06	2.636680919e-06	10
6.620212929e-06	2.636680919e-06	10
6.620212929e-06	2.636680919e-06	10
6.620212929e-06	2.636680919e-06	10
6.620212929e-06	2.636680919e-06	10
6.620212929e-06	2.636680919e-06	10
6.620212929e-06	2.636680919e-06	10
6.620212929e-06	2.636680919e-06	10
6.620212929e-06	2.636680919e-06	10
6.620212929e-06	2.636680919e-06	10
6.620212929e-06	2.636680919e-06	10
6.620212929e-06	2.636680919e-06	10
6.620212929e-06	2.636680919e-06	10
6.620212929e-06	2.636680919e-06	10
6.620212929e-06	2.636680919e-06	10
6.620212929e-06	2.636680919e-06	0
6.610436829e-06	2.651174583e-06	0
6.60066073e-06	2.665668247e-06	0
6.59088463e-06	2.680161911e-06	0
6.58110853e-06	2.694655574e-06	0
6.58110853e-06	2.694655574e-06	10
6.58110853e-06	2.694655574e-06	10
6.58110853e-06	2.694655574e-06	10
6.58110853e-06	2.694655574e-06	10
6.58110853e-06	2.694655574e-06	10
6.58110853e-06	2.694655574e-06	10
6.58110853e-06	2.694655574e-06	10
6.58110853e-06	2.694655574e-06	10
6.58110853e-06	2.694655574e-06	10
6.58110853e-06	2.694655574e-06	10
6.58110853e-06	2.694655574e-06	10
6.58110853e-06	2.694655574e-06	10
6.58110853e-06	2.694655574e-06	10
6.58110853e-06	2.694655574e-06	10
6.58110853e-06	2.694655574e-06	10
6.58110853e-06	2.694655574e-06	10
6.58110853e-06	2.694655574e-06	10
6.58110853e-06	2.694655574e-06	10
6.58110853e-06	2.694655574e-06	10
6.58110853e-06	2.694655574e-06	10
6.58110853e-06	2.694655574e-06	10
6.58110853e-06	2.694655574e-06	10
6.58110853e-06	2.694655574e-06	10
6.58110853e-06	2.694655574e-06	10
6.58110853e-06	2.694655574e-06	10
6.58110853e-06	2.694655574e-06	0
6.571332431e-06	2.709149238e-06	0
6.561556331e-06	2.723642902e-06	0
6.551780231e-06	2.738136566e-06	0
6.542004131e-06	2.75263023e-06	0
6.542004131e-06	2.75263023e-06	10
6.542004131e-06	2.75263023e-06	10
6.542004131e-06	2.75263023e-06	10
6.542004131e-06	2.75263023e-06	10
6.542004131e-06	2.75263023e-06	10
6.542004131e-06	2.75263023e-06	10
6.542004131e-06	2.75263023e-06	10
6.542004131e-06	2.75263023e-06	10
6.542004131e-06	2.75263023e-06	10
6.542004131e-06	2.75263023e-06	10
6.542004131e-06	2.75263023e-06	10
6.542004131e-06	2.75263023e-06	10
6.542004131e-06	2.75263023e-06	10
6.542004131e-06	2.75263023e-06	10
6.542004131e-06	2.75263023e-06	10
6.542004131e-06	2.75263023e-06	10
6.542004131e-06	2.75263023e-06	10
6.542004131e-06	2.75263023e-06	10
6.542004131e-06	2.75263023e-06	10
6.542004131e-06	2.75263023e-06	10
6.542004131e-06	2.75263023e-06	10
6.542004131e-06	2.75263023e-06	10
6.542004131e-06	2.75263023e-06	10
6.542004131e-06	2.75263023e-06	10
6.542004131e-06	2.75263023e-06	10
6.542004131e-06	2.75263023e-06	0
6.532228032e-06	2.767123894e-06	0
6.522451932e-06	2.781617558e-06	0
6.512675832e-06	2.796111221e-06	0
6.502899733e-06	2.810604885e-06	0
6.502899733e-06	2.810604885e-06	10
6.502899733e-06	2.810604885e-06	10
6.502899733e-06	2.810604885e-06	10
6.502899733e-06	2.810604885e-06	10
6.502899733e-06	2.810604885e-06	10
6.502899733e-06	2.810604885e-06	10
6.502899733e-06	2.810604885e-06	10
6.502899733e-06	2.810604885e-06	10
6.502899733e-06	2.810604885e-06	10
6.502899733e-06	2.810604885e-06	10
6.502899733e-06	2.810604885e-06	10
6.502899733e-06	2.810604885e-06	10
6.502899733e-06	2.810604885e-06	10
6.502899733e-06	2.810604885e-06	10
6.502899733e-06	2.810604885e-06	10
6.502899733e-06	2.810604885e-06	10
6.502899733e-06	2.810604885e-06	10
6.502899733e-06	2.810604885e-06	10
6.502899733e-06	2.810604885e-06	10
6.502899733e-06	2.810604885e-06	10
6.502899733e-06	2.810604885e-06	10
6.502899733e-06	2.810604885e-06	10
6.502899733e-06	2.810604885e-06	10
6.502899733e-06	2.810604885e-06	10
6.502899733e-06	2.810604885e-06	10
6.502899733e-06	2.810604885e-06	0
6.493123633e-06	2.825098549e-06	0
6.483347533e-06	2.839592213e-06	0
6.473571434e-06	2.854085877e-06	0
6.463795334e-06	2.868579541e-06	0
6.463795334e-06	2.868579541e-06	10
6.463795334e-06	2.868579541e-06	10
6.463795334e-06	2.868579541e-06	10
6.463795334e-06	2.868579541e-06	10
6.463795334e-06	2.868579541e-06	10
6.463795334e-06	2.868579541e-06	10
6.463795334e-06	2.868579541e-06	10
6.463795334e-06	2.868579541e-06	10
6.463795334e-06	2.868579541e-06	10
6.463795334e-06	2.868579541e-06	10
6.463795334e-06	2.868579541e-06	10
6.463795334e-06	2.868579541e-06	10
6.463795334e-06	2.868579541e-06	10
6.463795334e-06	2.868579541e-06	10
6.463795334e-06	2.868579541e-06	10
6.463795334e-06	2.868579541e-06	10
6.463795334e-06	2.868579541e-06	10
6.463795334e-06	2.868579541e-06	10
6.463795334e-06	2.868579541e-06	10
6.463795334e-06	2.868579541e-06	10
6.463795334e-06	2.868579541e-06	10
6.463795334e-06	2.868579541e-06	10
6.463795334e-06	2.868579541e-06	10
6.463795334e-06	2.868579541e-06	10
6.463795334e-06	2.868579541e-06	10
6.463795334e-06	2.868579541e-06	0
6.454019234e-06	2.883073205e-06	0
6.444243134e-06	2.897566868e-06	0
6.434467035e-06	2.912060532e-06	0
6.424690935e-06	2.926554196e-06	0
6.424690935e-06	2.926554196e-06	10
6.424690935e-06	2.926554196e-06	10
6.424690935e-06	2.926554196e-06	10
6.424690935e-06	2.926554196e-06	10
6.424690935e-06	2.926554196e-06	10
6.424690935e-06	2.926554196e-06	10
6.424690935e-06	2.926554196e-06	10
6.424690935e-06	2.926554196e-06	10
6.424690935e-06	2.926554196e-06	10
6.424690935e-06	2.926554196e-06	10
6.424690935e-06	2.926554196e-06	10
6.424690935e-06	2.926554196e-06	10
6.424690935e-06	2.926554196e-06	10
6.424690935e-06	2.926554196e-06	10
6.424690935e-06	2.926554196e-06	10
6.424690935e-06	2.926554196e-06	10
6.424690935e-06	2.926554196e-06	10
6.424690935e-06	2.926554196e-06	10
6.424690935e-06	2.926554196e-06	10
6.424690935e-06	2.926554196e-06	10
6.424690935e-06	2.926554196e-06	10
6.424690935e-06	2.926554196e-06	10
6.424690935e-06	2.926554196e-06	10
6.424690935e-06	2.926554196e-06	10
6.424690935e-06	2.926554196e-06	10
6.424690935e-06	2.926554196e-06	0
6.414914835e-06	2.94104786e-06	0
6.405138736e-06	2.955541524e-06	0
6.395362636e-06	2.970035188e-06	0
6.385586536e-06	2.984528852e-06	0
6.385586536e-06	2.984528852e-06	10
6.385586536e-06	2.984528852e-06	10
6.385586536e-06	2.984528852e-06	10
6.385586536e-06	2.984528852e-06	10
6.385586536e-06	2.984528852e-06	10
6.385586536e-06	2.984528852e-06	10
6.385586536e-06	2.984528852e-06	10
6.385586536e-06	2.984528852e-06	10
6.385586536e-06	2.984528852e-06	10
6.385586536e-06	2.984528852e-06	10
6.385586536e-06	2.984528852e-06	10
6.385586536e-06	2.984528852e-06	10
6.385586536e-06	2.984528852e-06	10
6.385586536e-06	2.984528852e-06	10
6.385586536e-06	2.984528852e-06	10
6.385586536e-06	2.984528852e-06	10
6.385586536e-06	2.984528852e-06	10
6.385586536e-06	2.984528852e-06	10
6.385586536e-06	2.984528852e-06	10
6.385586536e-06	2.984528852e-06	10
6.385586536e-06	2.984528852e-06	10
6.385586536e-06	2.984528852e-06	10
6.385586536e-06	2.984528852e-06	10
6.385586536e-06	2.984528852e-06	10
6.385586536e-06	2.984528852e-06	10
6.385586536e-06	2.984528852e-06	0
6.375810436e-06	2.999022515e-06	0
6.366034337e-06	3.013516179e-06	0
6.356258237e-06	3.028009843e-06	0
6.346482137e-06	3.042503507e-06	0
6.346482137e-06	3.042503507e-06	10
6.346482137e-06	3.042503507e-06	10
6.346482137e-06	3.042503507e-06	10
6.346482137e-06	3.042503507e-06	10
6.346482137e-06	3.042503507e-06	10
6.346482137e-06	3.042503507e-06	10
6.346482137e-06	3.042503507e-06	10
6.346482137e-06	3.042503507e-06	10
6.346482137e-06	3.042503507e-06	10
6.346482137e-06	3.042503507e-06	10
6.346482137e-06	3.042503507e-06	10
6.346482137e-06	3.042503507e-06	10
6.346482137e-06	3.042503507e-06	10
6.346482137e-06	3.042503507e-06	10
6.346482137e-06	3.042503507e-06	10
6.346482137e-06	3.042503507e-06	10
6.346482137e-06	3.042503507e-06	10
6.346482137e-06	3.042503507e-06	10
6.346482137e-06	3.042503507e-06	10
6.346482137e-06	3.042503507e-06	10
6.346482137e-06	3.042503507e-06	10
6.346482137e-06	3.042503507e-06	10
6.346482137e-06	3.042503507e-06	10
6.346482137e-06	3.042503507e-06	10
6.346482137e-06	3.042503507e-06	10
6.346482137e-06	3.042503507e-06	0
6.336706038e-06	3.056997171e-06	0
6.326929938e-06	3.071490835e-06	0
6.317153838e-06	3.085984499e-06	0
6.307377738e-06	3.100478162e-06	0
6.307377738e-06	3.100478162e-06	10
6.307377738e-06	3.100478162e-06	10
6.307377738e-06	3.100478162e-06	10
6.307377738e-06	3.100478162e-06	10
6.307377738e-06	3.100478162e-06	10
6.307377738e-06	3.100478162e-06	10
6.307377738e-06	3.100478162e-06	10
6.307377738e-06	3.100478162e-06	10
6.307377738e-06	3.100478162e-06	10
6.307377738e-06	3.100478162e-06	10
6.307377738e-06	3.100478162e-06	10
6.307377738e-06	3.100478162e-06	10
6.307377738e-06	3.100478162e-06	10
6.307377738e-06	3.100478162e-06	10
6.307377738e-06	3.100478162e-06	10
6.307377738e-06	3.100478162e-06	10
6.307377738e-06	3.100478162e-06	10
6.307377738e-06	3.100478162e-06	10
6.307377738e-06	3.100478162e-06	10
6.307377738e-06	3.100478162e-06	10
6.307377738e-06	3.100478162e-06	10
6.307377738e-06	3.100478162e-06	10
6.307377738e-06	3.100478162e-06	10
6.307377738e-06	3.100478162e-06	10
6.307377738e-06	3.100478162e-06	10
6.307377738e-06	3.100478162e-06	0
6.297601639e-06	3.114971826e-06	0
6.287825539e-06	3.12946549e-06	0
6.278049439e-06	3.143959154e-06	0
6.26827334e-06	3.158452818e-06	0
6.26827334e-06	3.158452818e-06	10
6.26827334e-06	3.158452818e-06	10
6.26827334e-06	3.158452818e-06	10
6.26827334e-06	3.158452818e-06	10
6.26827334e-06	3.158452818e-06	10
6.26827334e-06	3.158452818e-06	10
6.26827334e-06	3.158452818e-06	10
6.26827334e-06	3.158452818e-06	10
6.26827334e-06	3.158452818e-06	10
6.26827334e-06	3.158452818e-06	10
6.26827334e-06	3.158452818e-06	10
6.26827334e-06	3.158452818e-06	10
6.26827334e-06	3.158452818e-06	10
6.26827334e-06	3.158452818e-06	10
6.26827334e-06	3.158452818e-06	10
6.26827334e-06	3.158452818e-06	10
6.26827334e-06	3.158452818e-06	10
6.26827334e-06	3.158452818e-06	10
6.26827334e-06	3.158452818e-06	10
6.26827334e-06	3.158452818e-06	10
6.26827334e-06	3.158452818e-06	10
6.26827334e-06	3.158452818e-06	10
6.26827334e-06	3.158452818e-06	10
6.26827334e-06	3.158452818e-06	10
6.26827334e-06	3.158452818e-06	10
6.26827334e-06	3.158452818e-06	0
6.25849724e-06	3.172946482e-06	0
6.24872114e-06	3.187440146e-06	0
6.23894504e-06	3.201933809e-06	0
6.229168941e-06	3.216427473e-06	0
6.229168941e-06	3.216427473e-06	10
6.229168941e-06	3.216427473e-06	10
6.229168941e-06	3.216427473e-06	10
6.229168941e-06	3.216427473e-06	10
6.229168941e-06	3.216427473e-06	10
6.229168941e-06	3.216427473e-06	10
6.229168941e-06	3.216427473e-06	10
6.229168941e-06	3.216427473e-06	10
6.229168941e-06	3.216427473e-06	10
6.229168941e-06	3.216427473e-06	10
6.229168941e-06	3.216427473e-06	10
6.229168941e-06	3.216427473e-06	10
6.229168941e-06	3.216427473e-06	10
6.229168941e-06	3.216427473e-06	10
6.229168941e-06	3.216427473e-06	10
6.229168941e-06	3.216427473e-06	10
6.229168941e-06	3.216427473e-06	10
6.229168941e-06	3.216427473e-06	10
6.229168941e-06	3.216427473e-06	10
6.229168941e-06	3.216427473e-06	10
6.229168941e-06	3.216427473e-06	10
6.229168941e-06	3.216427473e-06	10
6.229168941e-06	3.216427473e-06	10
6.229168941e-06	3.216427473e-06	10
6.229168941e-06	3.216427473e-06	10
6.229168941e-06	3.216427473e-06	0
6.219392841e-06	3.230921137e-06	0
6.209616741e-06	3.245414801e-06	0
6.199840642e-06	3.259908465e-06	0
6.190064542e-06	3.274402129e-06	0
6.190064542e-06	3.274402129e-06	10
6.190064542e-06	3.274402129e-06	10
6.190064542e-06	3.274402129e-06	10
6.190064542e-06	3.274402129e-06	10
6.190064542e-06	3.274402129e-06	10
6.190064542e-06	3.274402129e-06	10
6.190064542e-06	3.274402129e-06	10
6.190064542e-06	3.274402129e-06	10
6.190064542e-06	3.274402129e-06	10
6.190064542e-06	3.274402129e-06	10
6.190064542e-06	3.274402129e-06	10
6.190064542e-06	3.274402129e-06	10
6.190064542e-06	3.274402129e-06	10
6.190064542e-06	3.274402129e-06	10
6.190064542e-06	3.274402129e-06	10
6.190064542e-06	3.274402129e-06	10
6.190064542e-06	3.274402129e-06	10
6.190064542e-06	3.274402129e-06	10
6.190064542e-06	3.274402129e-06	10
6.190064542e-06	3.274402129e-06	10
6.190064542e-06	3.274402129e-06	10
6.190064542e-06	3.274402129e-06	10
6.190064542e-06	3.274402129e-06	10
6.190064542e-06	3.274402129e-06	10
6.190064542e-06	3.274402129e-06	10
6.190064542e-06	3.274402129e-06	0
6.180288442e-06	3.288895793e-06	0
6.170512342e-06	3.303389456e-06	0
6.160736243e-06	3.31788312e-06	0
6.150960143e-06	3.332376784e-06	0
6.150960143e-06	3.332376784e-06	10
6.150960143e-06	3.332376784e-06	10
6.150960143e-06	3.332376784e-06	10
6.150960143e-06	3.332376784e-06	10
6.150960143e-06	3.332376784e-06	10
6.150960143e-06	3.332376784e-06	10
6.150960143e-06	3.332376784e-06	10
6.150960143e-06	3.332376784e-06	10
6.150960143e-06	3.332376784e-06	10
6.150960143e-06	3.332376784e-06	10
6.150960143e-06	3.332376784e-06	10
6.150960143e-06	3.332376784e-06	10
6.150960143e-06	3.332376784e-06	10
6.150960143e-06	3.332376784e-06	10
6.150960143e-06	3.332376784e-06	10
6.150960143e-06	3.332376784e-06	10
6.150960143e-06	3.332376784e-06	10
6.150960143e-06	3.332376784e-06	10
6.150960143e-06	3.332376784e-06	10
6.150960143e-06	3.332376784e-06	10
6.150960143e-06	3.332376784e-06	10
6.150960143e-06	3.332376784e-06	10
6.150960143e-06	3.332376784e-06	10
6.150960143e-06	3.332376784e-06	10
6.150960143e-06	3.332376784e-06	10
6.150960143e-06	3.332376784e-06	0
6.141184043e-06	3.346870448e-06	0
6.131407944e-06	3.361364112e-06	0
6.121631844e-06	3.375857776e-06	0
6.111855744e-06	3.39035144e-06	0
6.111855744e-06	3.39035144e-06	10
6.111855744e-06	3.39035144e-06	10
6.111855744e-06	3.39035144e-06	10
6.111855744e-06	3.39035144e-06	10
6.111855744e-06	3.39035144e-06	10
6.111855744e-06	3.39035144e-06	10
6.111855744e-06	3.39035144e-06	10
6.111855744e-06	3.39035144e-06	10
6.111855744e-06	3.39035144e-06	10
6.111855744e-06	3.39035144e-06	10
6.111855744e-06	3.39035144e-06	10
6.111855744e-06	3.39035144e-06	10
6.111855744e-06	3.39035144e-06	10
6.111855744e-06	3.39035144e-06	10
6.111855744e-06	3.39035144e-06	10
6.111855744e-06	3.39035144e-06	10
6.111855744e-06	3.39035144e-06	10
6.111855744e-06	3.39035144e-06	10
6.111855744e-06	3.39035144e-06	10
6.111855744e-06	3.39035144e-06	10
6.111855744e-06	3.39035144e-06	10
6.111855744e-06	3.39035144e-06	10
6.111855744e-06	3.39035144e-06	10
6.111855744e-06	3.39035144e-06	10
6.111855744e-06	3.39035144e-06	10
6.111855744e-06	3.39035144e-06	0
6.102079644e-06	3.404845103e-06	0
6.092303545e-06	3.419338767e-06	0
6.082527445e-06	3.433832431e-06	0
6.072751345e-06	3.448326095e-06	0
6.072751345e-06	3.448326095e-06	10
6.072751345e-06	3.448326095e-06	10
6.072751345e-06	3.448326095e-06	10
6.072751345e-06	3.448326095e-06	10
6.072751345e-06	3.448326095e-06	10
6.072751345e-06	3.448326095e-06	10
6.072751345e-06	3.448326095e-06	10
6.072751345e-06	3.448326095e-06	10
6.072751345e-06	3.448326095e-06	10
6.072751345e-06	3.448326095e-06	10
6.072751345e-06	3.448326095e-06	10
6.072751345e-06	3.448326095e-06	10
6.072751345e-06	3.448326095e-06	10
6.072751345e-06	3.448326095e-06	10
6.072751345e-06	3.448326095e-06	10
6.072751345e-06	3.448326095e-06	10
6.072751345e-06	3.448326095e-06	10
6.072751345e-06	3.448326095e-06	10
6.072751345e-06	3.448326095e-06	10
6.072751345e-06	3.448326095e-06	10
6.072751345e-06	3.448326095e-06	10
6.072751345e-06	3.448326095e-06	10
6.072751345e-06	3.448326095e-06	10
6.072751345e-06	3.448326095e-06	10
6.072751345e-06	3.448326095e-06	10
6.072751345e-06	3.448326095e-06	0
6.062975246e-06	3.462819759e-06	0
6.053199146e-06	3.477313423e-06	0
6.043423046e-06	3.491807087e-06	0
6.033646947e-06	3.50630075e-06	0
6.033646947e-06	3.50630075e-06	10
6.033646947e-06	3.50630075e-06	10
6.033646947e-06	3.50630075e-06	10
6.033646947e-06	3.50630075e-06	10
6.033646947e-06	3.50630075e-06	10
6.033646947e-06	3.50630075e-06	10
6.033646947e-06	3.50630075e-06	10
6.033646947e-06	3.50630075e-06	10
6.033646947e-06	3.50630075e-06	10
6.033646947e-06	3.50630075e-06	10
6.033646947e-06	3.50630075e-06	10
6.033646947e-06	3.50630075e-06	10
6.033646947e-06	3.50630075e-06	10
6.033646947e-06	3.50630075e-06	10
6.033646947e-06	3.50630075e-06	10
6.033646947e-06	3.50630075e-06	10
6.033646947e-06	3.50630075e-06	10
6.033646947e-06	3.50630075e-06	10
6.033646947e-06	3.50630075e-06	10
6.033646947e-06	3.50630075e-06	10
6.033646947e-06	3.50630075e-06	10
6.033646947e-06	3.50630075e-06	10
6.033646947e-06	3.50630075e-06	10
6.033646947e-06	3.50630075e-06	10
6.033646947e-06	3.50630075e-06	10
6.033646947e-06	3.50630075e-06	0
6.023870847e-06	3.520794414e-06	0
6.014094747e-06	3.535288078e-06	0
6.004318647e-06	3.549781742e-06	0
5.994542548e-06	3.564275406e-06	0
5.994542548e-06	3.564275406e-06	10
5.994542548e-06	3.564275406e-06	10
5.994542548e-06	3.564275406e-06	10
5.994542548e-06	3.564275406e-06	10
5.994542548e-06	3.564275406e-06	10
5.994542548e-06	3.564275406e-06	10
5.994542548e-06	3.564275406e-06	10
5.994542548e-06	3.564275406e-06	10
5.994542548e-06	3.564275406e-06	10
5.994542548e-06	3.564275406e-06	10
5.994542548e-06	3.564275406e-06	10
5.994542548e-06	3.564275406e-06	10
5.994542548e-06	3.564275406e-06	10
5.994542548e-06	3.564275406e-06	10
5.994542548e-06	3.564275406e-06	10
5.994542548e-06	3.564275406e-06	10
5.994542548e-06	3.564275406e-06	10
5.994542548e-06	3.564275406e-06	10
5.994542548e-06	3.564275406e-06	10
5.994542548e-06	3.564275406e-06	10
5.994542548e-06	3.564275406e-06	10
5.994542548e-06	3.564275406e-06	10
5.994542548e-06	3.564275406e-06	10
5.994542548e-06	3.564275406e-06	10
5.994542548e-06	3.564275406e-06	10
5.994542548e-06	3.564275406e-06	0
5.980048884e-06	3.554499306e-06	0
5.96555522e-06	3.544723206e-06	0
5.951061556e-06	3.534947107e-06	0
5.936567892e-06	3.525171007e-06	0
5.936567892e-06	3.525171007e-06	10
5.936567892e-06	3.525171007e-06	10
5.936567892e-06	3.525171007e-06	10
5.936567892e-06	3.525171007e-06	10
5.936567892e-06	3.525171007e-06	10
5.936567892e-06	3.525171007e-06	10
5.936567892e-06	3.525171007e-06	10
5.936567892e-06	3.525171007e-06	10
5.936567892e-06	3.525171007e-06	10
5.936567892e-06	3.525171007e-06	10
5.936567892e-06	3.525171007e-06	10
5.936567892e-06	3.525171007e-06	10
5.936567892e-06	3.525171007e-06	10
5.936567892e-06	3.525171007e-06	10
5.936567892e-06	3.525171007e-06	10
5.936567892e-06	3.525171007e-06	10
5.936567892e-06	3.525171007e-06	10
5.936567892e-06	3.525171007e-06	10
5.936567892e-06	3.525171007e-06	10
5.936567892e-06	3.525171007e-06	10
5.936567892e-06	3.525171007e-06	10
5.936567892e-06	3.525171007e-06	10
5.936567892e-06	3.525171007e-06	10
5.936567892e-06	3.525171007e-06	10
5.936567892e-06	3.525171007e-06	10
5.936567892e-06	3.525171007e-06	0
5.946343992e-06	3.510677343e-06	0
5.956120092e-06	3.496183679e-06	0
5.965896191e-06	3.481690015e-06	0
5.975672291e-06	3.467196352e-06	0
5.975672291e-06	3.467196352e-06	10
5.975672291e-06	3.467196352e-06	10
5.975672291e-06	3.467196352e-06	10
5.975672291e-06	3.467196352e-06	10
5.975672291e-06	3.467196352e-06	10
5.975672291e-06	3.467196352e-06	10
5.975672291e-06	3.467196352e-06	10
5.975672291e-06	3.467196352e-06	10
5.975672291e-06	3.467196352e-06	10
5.975672291e-06	3.467196352e-06	10
5.975672291e-06	3.467196352e-06	10
5.975672291e-06	3.467196352e-06	10
5.975672291e-06	3.467196352e-06	10
5.975672291e-06	3.467196352e-06	10
5.975672291e-06	3.467196352e-06	10
5.975672291e-06	3.467196352e-06	10
5.975672291e-06	3.467196352e-06	10
5.975672291e-06	3.467196352e-06	10
5.975672291e-06	3.467196352e-06	10
5.975672291e-06	3.467196352e-06	10
5.975672291e-06	3.467196352e-06	10
5.975672291e-06	3.467196352e-06	10
5.975672291e-06	3.467196352e-06	10
5.975672291e-06	3.467196352e-06	10
5.975672291e-06	3.467196352e-06	10
5.975672291e-06	3.467196352e-06	0
5.985448391e-06	3.452702688e-06	0
5.995224491e-06	3.438209024e-06	0
6.00500059e-06	3.42371536e-06	0
6.01477669e-06	3.409221696e-06	0
6.01477669e-06	3.409221696e-06	10
6.01477669e-06	3.409221696e-06	10
6.01477669e-06	3.409221696e-06	10
6.01477669e-06	3.409221696e-06	10
6.01477669e-06	3.409221696e-06	10
6.01477669e-06	3.409221696e-06	10
6.01477669e-06	3.409221696e-06	10
6.01477669e-06	3.409221696e-06	10
6.01477669e-06	3.409221696e-06	10
6.01477669e-06	3.409221696e-06	10
6.01477669e-06	3.409221696e-06	10
6.01477669e-06	3.409221696e-06	10
6.01477669e-06	3.409221696e-06	10
6.01477669e-06	3.409221696e-06	10
6.01477669e-06	3.409221696e-06	10
6.01477669e-06	3.409221696e-06	10
6.01477669e-06	3.409221696e-06	10
6.01477669e-06	3.409221696e-06	10
6.01477669e-06	3.409221696e-06	10
6.01477669e-06	3.409221696e-06	10
6.01477669e-06	3.409221696e-06	10
6.01477669e-06	3.409221696e-06	10
6.01477669e-06	3.409221696e-06	10
6.01477669e-06	3.409221696e-06	10
6.01477669e-06	3.409221696e-06	10
6.01477669e-06	3.409221696e-06	0
6.02455279e-06	3.394728032e-06	0
6.034328889e-06	3.380234368e-06	0
6.044104989e-06	3.365740705e-06	0
6.053881089e-06	3.351247041e-06	0
6.053881089e-06	3.351247041e-06	10
6.053881089e-06	3.351247041e-06	10
6.053881089e-06	3.351247041e-06	10
6.053881089e-06	3.351247041e-06	10
6.053881089e-06	3.351247041e-06	10
6.053881089e-06	3.351247041e-06	10
6.053881089e-06	3.351247041e-06	10
6.053881089e-06	3.351247041e-06	10
6.053881089e-06	3.351247041e-06	10
6.053881089e-06	3.351247041e-06	10
6.053881089e-06	3.351247041e-06	10
6.053881089e-06	3.351247041e-06	10
6.053881089e-06	3.351247041e-06	10
6.053881089e-06	3.351247041e-06	10
6.053881089e-06	3.351247041e-06	10
6.053881089e-06	3.351247041e-06	10
6.053881089e-06	3.351247041e-06	10
6.053881089e-06	3.351247041e-06	10
6.053881089e-06	3.351247041e-06	10
6.053881089e-06	3.351247041e-06	10
6.053881089e-06	3.351247041e-06	10
6.053881089e-06	3.351247041e-06	10
6.053881089e-06	3.351247041e-06	10
6.053881089e-06	3.351247041e-06	10
6.053881089e-06	3.351247041e-06	10
6.053881089e-06	3.351247041e-06	0
6.063657188e-06	3.336753377e-06	0
6.073433288e-06	3.322259713e-06	0
6.083209388e-06	3.307766049e-06	0
6.092985488e-06	3.293272385e-06	0
6.092985488e-06	3.293272385e-06	10
6.092985488e-06	3.293272385e-06	10
6.092985488e-06	3.293272385e-06	10
6.092985488e-06	3.293272385e-06	10
6.092985488e-06	3.293272385e-06	10
6.092985488e-06	3.293272385e-06	10
6.092985488e-06	3.293272385e-06	10
6.092985488e-06	3.293272385e-06	10
6.092985488e-06	3.293272385e-06	10
6.092985488e-06	3.293272385e-06	10
6.092985488e-06	3.293272385e-06	10
6.092985488e-06	3.293272385e-06	10
6.092985488e-06	3.293272385e-06	10
6.092985488e-06	3.293272385e-06	10
6.092985488e-06	3.293272385e-06	10
6.092985488e-06	3.293272385e-06	10
6.092985488e-06	3.293272385e-06	10
6.092985488e-06	3.293272385e-06	10
6.092985488e-06	3.293272385e-06	10
6.092985488e-06	3.293272385e-06	10
6.092985488e-06	3.293272385e-06	10
6.092985488e-06	3.293272385e-06	10
6.092985488e-06	3.293272385e-06	10
6.092985488e-06	3.293272385e-06	10
6.092985488e-06	3.293272385e-06	10
6.092985488e-06	3.293272385e-06	0
6.102761587e-06	3.278778721e-06	0
6.112537687e-06	3.264285058e-06	0
6.122313787e-06	3.249791394e-06	0
6.132089886e-06	3.23529773e-06	0
6.132089886e-06	3.23529773e-06	10
6.132089886e-06	3.23529773e-06	10
6.132089886e-06	3.23529773e-06	10
6.132089886e-06	3.23529773e-06	10
6.132089886e-06	3.23529773e-06	10
6.132089886e-06	3.23529773e-06	10
6.132089886e-06	3.23529773e-06	10
6.132089886e-06	3.23529773e-06	10
6.132089886e-06	3.23529773e-06	10
6.132089886e-06	3.23529773e-06	10
6.132089886e-06	3.23529773e-06	10
6.132089886e-06	3.23529773e-06	10
6.132089886e-06	3.23529773e-06	10
6.132089886e-06	3.23529773e-06	10
6.132089886e-06	3.23529773e-06	10
6.132089886e-06	3.23529773e-06	10
6.132089886e-06	3.23529773e-06	10
6.132089886e-06	3.23529773e-06	10
6.132089886e-06	3.23529773e-06	10
6.132089886e-06	3.23529773e-06	10
6.132089886e-06	3.23529773e-06	10
6.132089886e-06	3.23529773e-06	10
6.132089886e-06	3.23529773e-06	10
6.132089886e-06	3.23529773e-06	10
6.132089886e-06	3.23529773e-06	10
6.132089886e-06	3.23529773e-06	0
6.141865986e-06	3.220804066e-06	0
6.151642086e-06	3.206310402e-06	0
6.161418186e-06	3.191816738e-06	0
6.171194285e-06	3.177323074e-06	0
6.171194285e-06	3.177323074e-06	10
6.171194285e-06	3.177323074e-06	10
6.171194285e-06	3.177323074e-06	10
6.171194285e-06	3.177323074e-06	10
6.171194285e-06	3.177323074e-06	10
6.171194285e-06	3.177323074e-06	10
6.171194285e-06	3.177323074e-06	10
6.171194285e-06	3.177323074e-06	10
6.171194285e-06	3.177323074e-06	10
6.171194285e-06	3.177323074e-06	10
6.171194285e-06	3.177323074e-06	10
6.171194285e-06	3.177323074e-06	10
6.171194285e-06	3.177323074e-06	10
6.171194285e-06	3.177323074e-06	10
6.171194285e-06	3.177323074e-06	10
6.171194285e-06	3.177323074e-06	10
6.171194285e-06	3.177323074e-06	10
6.171194285e-06	3.177323074e-06	10
6.171194285e-06	3.177323074e-06	10
6.171194285e-06	3.177323074e-06	10
6.171194285e-06	3.177323074e-06	10
6.171194285e-06	3.177323074e-06	10
6.171194285e-06	3.177323074e-06	10
6.171194285e-06	3.177323074e-06	10
6.171194285e-06	3.177323074e-06	10
6.171194285e-06	3.177323074e-06	0
6.180970385e-06	3.162829411e-06	0
6.190746485e-06	3.148335747e-06	0
6.200522584e-06	3.133842083e-06	0
6.210298684e-06	3.119348419e-06	0
6.210298684e-06	3.119348419e-06	10
6.210298684e-06	3.119348419e-06	10
6.210298684e-06	3.119348419e-06	10
6.210298684e-06	3.119348419e-06	10
6.210298684e-06	3.119348419e-06	10
6.210298684e-06	3.119348419e-06	10
6.210298684e-06	3.119348419e-06	10
6.210298684e-06	3.119348419e-06	10
6.210298684e-06	3.119348419e-06	10
6.210298684e-06	3.119348419e-06	10
6.210298684e-06	3.119348419e-06	10
6.210298684e-06	3.119348419e-06	10
6.210298684e-06	3.119348419e-06	10
6.210298684e-06	3.119348419e-06	10
6.210298684e-06	3.119348419e-06	10
6.210298684e-06	3.119348419e-06	10
6.210298684e-06	3.119348419e-06	10
6.210298684e-06	3.119348419e-06	10
6.210298684e-06	3.119348419e-06	10
6.210298684e-06	3.119348419e-06	10
6.210298684e-06	3.119348419e-06	10
6.210298684e-06	3.119348419e-06	10
6.210298684e-06	3.119348419e-06	10
6.210298684e-06	3.119348419e-06	10
6.210298684e-06	3.119348419e-06	10
6.210298684e-06	3.119348419e-06	0
6.220074784e-06	3.104854755e-06	0
6.229850884e-06	3.090361091e-06	0
6.239626983e-06	3.075867427e-06	0
6.249403083e-06	3.061373764e-06	0
6.249403083e-06	3.061373764e-06	10
6.249403083e-06	3.061373764e-06	10
6.249403083e-06	3.061373764e-06	10
6.249403083e-06	3.061373764e-06	10
6.249403083e-06	3.061373764e-06	10
6.249403083e-06	3.061373764e-06	10
6.249403083e-06	3.061373764e-06	10
6.249403083e-06	3.061373764e-06	10
6.249403083e-06	3.061373764e-06	10
6.249403083e-06	3.061373764e-06	10
6.249403083e-06	3.061373764e-06	10
6.249403083e-06	3.061373764e-06	10
6.249403083e-06	3.061373764e-06	10
6.249403083e-06	3.061373764e-06	10
6.249403083e-06	3.061373764e-06	10
6.249403083e-06	3.061373764e-06	10
6.249403083e-06	3.061373764e-06	10
6.249403083e-06	3.061373764e-06	10
6.249403083e-06	3.061373764e-06	10
6.249403083e-06	3.061373764e-06	10
6.249403083e-06	3.061373764e-06	10
6.249403083e-06	3.061373764e-06	10
6.249403083e-06	3.061373764e-06	10
6.249403083e-06	3.061373764e-06	10
6.249403083e-06	3.061373764e-06	10
6.249403083e-06	3.061373764e-06	0
6.259179183e-06	3.0468801e-06	0
6.268955282e-06	3.032386436e-06	0
6.278731382e-06	3.017892772e-06	0
6.288507482e-06	3.003399108e-06	0
6.288507482e-06	3.003399108e-06	10
6.288507482e-06	3.003399108e-06	10
6.288507482e-06	3.003399108e-06	10
6.288507482e-06	3.003399108e-06	10
6.288507482e-06	3.003399108e-06	10
6.288507482e-06	3.003399108e-06	10
6.288507482e-06	3.003399108e-06	10
6.288507482e-06	3.003399108e-06	10
6.288507482e-06	3.003399108e-06	10
6.288507482e-06	3.003399108e-06	10
6.288507482e-06	3.003399108e-06	10
6.288507482e-06	3.003399108e-06	10
6.288507482e-06	3.003399108e-06	10
6.288507482e-06	3.003399108e-06	10
6.288507482e-06	3.003399108e-06	10
6.288507482e-06	3.003399108e-06	10
6.288507482e-06	3.003399108e-06	10
6.288507482e-06	3.003399108e-06	10
6.288507482e-06	3.003399108e-06	10
6.288507482e-06	3.003399108e-06	10
6.288507482e-06	3.003399108e-06	10
6.288507482e-06	3.003399108e-06	10
6.288507482e-06	3.003399108e-06	10
6.288507482e-06	3.003399108e-06	10
6.288507482e-06	3.003399108e-06	10
6.288507482e-06	3.003399108e-06	0
6.298283582e-06	2.988905444e-06	0
6.308059681e-06	2.97441178e-06	0
6.317835781e-06	2.959918117e-06	0
6.327611881e-06	2.945424453e-06	0
6.327611881e-06	2.945424453e-06	10
6.327611881e-06	2.945424453e-06	10
6.327611881e-06	2.945424453e-06	10
6.327611881e-06	2.945424453e-06	10
6.327611881e-06	2.945424453e-06	10
6.327611881e-06	2.945424453e-06	10
6.327611881e-06	2.945424453e-06	10
6.327611881e-06	2.945424453e-06	10
6.327611881e-06	2.945424453e-06	10
6.327611881e-06	2.945424453e-06	10
6.327611881e-06	2.945424453e-06	10
6.327611881e-06	2.945424453e-06	10
6.327611881e-06	2.945424453e-06	10
6.327611881e-06	2.945424453e-06	10
6.327611881e-06	2.945424453e-06	10
6.327611881e-06	2.945424453e-06	10
6.327611881e-06	2.945424453e-06	10
6.327611881e-06	2.945424453e-06	10
6.327611881e-06	2.945424453e-06	10
6.327611881e-06	2.945424453e-06	10
6.327611881e-06	2.945424453e-06	10
6.327611881e-06	2.945424453e-06	10
6.327611881e-06	2.945424453e-06	10
6.327611881e-06	2.945424453e-06	10
6.327611881e-06	2.945424453e-06	10
6.327611881e-06	2.945424453e-06	0
6.33738798e-06	2.930930789e-06	0
6.34716408e-06	2.916437125e-06	0
6.35694018e-06	2.901943461e-06	0
6.36671628e-06	2.887449797e-06	0
6.36671628e-06	2.887449797e-06	10
6.36671628e-06	2.887449797e-06	10
6.36671628e-06	2.887449797e-06	10
6.36671628e-06	2.887449797e-06	10
6.36671628e-06	2.887449797e-06	10
6.36671628e-06	2.887449797e-06	10
6.36671628e-06	2.887449797e-06	10
6.36671628e-06	2.887449797e-06	10
6.36671628e-06	2.887449797e-06	10
6.36671628e-06	2.887449797e-06	10
6.36671628e-06	2.887449797e-06	10
6.36671628e-06	2.887449797e-06	10
6.36671628e-06	2.887449797e-06	10
6.36671628e-06	2.887449797e-06	10
6.36671628e-06	2.887449797e-06	10
6.36671628e-06	2.887449797e-06	10
6.36671628e-06	2.887449797e-06	10
6.36671628e-06	2.887449797e-06	10
6.36671628e-06	2.887449797e-06	10
6.36671628e-06	2.887449797e-06	10
6.36671628e-06	2.887449797e-06	10
6.36671628e-06	2.887449797e-06	10
6.36671628e-06	2.887449797e-06	10
6.36671628e-06	2.887449797e-06	10
6.36671628e-06	2.887449797e-06	10
6.36671628e-06	2.887449797e-06	0
6.376492379e-06	2.872956133e-06	0
6.386268479e-06	2.85846247e-06	0
6.396044579e-06	2.843968806e-06	0
6.405820678e-06	2.829475142e-06	0
6.405820678e-06	2.829475142e-06	10
6.405820678e-06	2.829475142e-06	10
6.405820678e-06	2.829475142e-06	10
6.405820678e-06	2.829475142e-06	10
6.405820678e-06	2.829475142e-06	10
6.405820678e-06	2.829475142e-06	10
6.405820678e-06	2.829475142e-06	10
6.405820678e-06	2.829475142e-06	10
6.405820678e-06	2.829475142e-06	10
6.405820678e-06	2.829475142e-06	10
6.405820678e-06	2.829475142e-06	10
6.405820678e-06	2.829475142e-06	10
6.405820678e-06	2.829475142e-06	10
6.405820678e-06	2.829475142e-06	10
6.405820678e-06	2.829475142e-06	10
6.405820678e-06	2.829475142e-06	10
6.405820678e-06	2.829475142e-06	10
6.405820678e-06	2.829475142e-06	10
6.405820678e-06	2.829475142e-06	10
6.405820678e-06	2.829475142e-06	10
6.405820678e-06	2.829475142e-06	10
6.405820678e-06	2.829475142e-06	10
6.405820678e-06	2.829475142e-06	10
6.405820678e-06	2.829475142e-06	10
6.405820678e-06	2.829475142e-06	10
6.405820678e-06	2.829475142e-06	0
6.415596778e-06	2.814981478e-06	0
6.425372878e-06	2.800487814e-06	0
6.435148978e-06	2.78599415e-06	0
6.444925077e-06	2.771500486e-06	0
6.444925077e-06	2.771500486e-06	10
6.444925077e-06	2.771500486e-06	10
6.444925077e-06	2.771500486e-06	10
6.444925077e-06	2.771500486e-06	10
6.444925077e-06	2.771500486e-06	10
6.444925077e-06	2.771500486e-06	10
6.444925077e-06	2.771500486e-06	10
6.444925077e-06	2.771500486e-06	10
6.444925077e-06	2.771500486e-06	10
6.444925077e-06	2.771500486e-06	10
6.444925077e-06	2.771500486e-06	10
6.444925077e-06	2.771500486e-06	10
6.444925077e-06	2.771500486e-06	10
6.444925077e-06	2.771500486e-06	10
6.444925077e-06	2.771500486e-06	10
6.444925077e-06	2.771500486e-06	10
6.444925077e-06	2.771500486e-06	10
6.444925077e-06	2.771500486e-06	10
6.444925077e-06	2.771500486e-06	10
6.444925077e-06	2.771500486e-06	10
6.444925077e-06	2.771500486e-06	10
6.444925077e-06	2.771500486e-06	10
6.444925077e-06	2.771500486e-06	10
6.444925077e-06	2.771500486e-06	10
6.444925077e-06	2.771500486e-06	10
6.444925077e-06	2.771500486e-06	0
6.454701177e-06	2.757006823e-06	0
6.464477277e-06	2.742513159e-06	0
6.474253376e-06	2.728019495e-06	0
6.484029476e-06	2.713525831e-06	0
6.484029476e-06	2.713525831e-06	10
6.484029476e-06	2.713525831e-06	10
6.484029476e-06	2.713525831e-06	10
6.484029476e-06	2.713525831e-06	10
6.484029476e-06	2.713525831e-06	10
6.484029476e-06	2.713525831e-06	10
6.484029476e-06	2.713525831e-06	10
6.484029476e-06	2.713525831e-06	10
6.484029476e-06	2.713525831e-06	10
6.484029476e-06	2.713525831e-06	10
6.484029476e-06	2.713525831e-06	10
6.484029476e-06	2.713525831e-06	10
6.484029476e-06	2.713525831e-06	10
6.484029476e-06	2.713525831e-06	10
6.484029476e-06	2.713525831e-06	10
6.484029476e-06	2.713525831e-06	10
6.484029476e-06	2.713525831e-06	10
6.484029476e-06	2.713525831e-06	10
6.484029476e-06	2.713525831e-06	10
6.484029476e-06	2.713525831e-06	10
6.484029476e-06	2.713525831e-06	10
6.484029476e-06	2.713525831e-06	10
6.484029476e-06	2.713525831e-06	10
6.484029476e-06	2.713525831e-06	10
6.484029476e-06	2.713525831e-06	10
6.484029476e-06	2.713525831e-06	0
6.493805576e-06	2.699032167e-06	0
6.503581675e-06	2.684538503e-06	0
6.513357775e-06	2.670044839e-06	0
6.523133875e-06	2.655551176e-06	0
6.523133875e-06	2.655551176e-06	10
6.523133875e-06	2.655551176e-06	10
6.523133875e-06	2.655551176e-06	10
6.523133875e-06	2.655551176e-06	10
6.523133875e-06	2.655551176e-06	10
6.523133875e-06	2.655551176e-06	10
6.523133875e-06	2.655551176e-06	10
6.523133875e-06	2.655551176e-06	10
6.523133875e-06	2.655551176e-06	10
6.523133875e-06	2.655551176e-06	10
6.523133875e-06	2.655551176e-06	10
6.523133875e-06	2.655551176e-06	10
6.523133875e-06	2.655551176e-06	10
6.523133875e-06	2.655551176e-06	10
6.523133875e-06	2.655551176e-06	10
6.523133875e-06	2.655551176e-06	10
6.523133875e-06	2.655551176e-06	10
6.523133875e-06	2.655551176e-06	10
6.523133875e-06	2.655551176e-06	10
6.523133875e-06	2.655551176e-06	10
6.523133875e-06	2.655551176e-06	10
6.523133875e-06	2.655551176e-06	10
6.523133875e-06	2.655551176e-06	10
6.523133875e-06	2.655551176e-06	10
6.523133875e-06	2.655551176e-06	10
6.523133875e-06	2.655551176e-06	0
6.532909975e-06	2.641057512e-06	0
6.542686074e-06	2.626563848e-06	0
6.552462174e-06	2.612070184e-06	0
6.562238274e-06	2.59757652e-06	0
6.562238274e-06	2.59757652e-06	10
6.562238274e-06	2.59757652e-06	10
6.562238274e-06	2.59757652e-06	10
6.562238274e-06	2.59757652e-06	10
6.562238274e-06	2.59757652e-06	10
6.562238274e-06	2.59757652e-06	10
6.562238274e-06	2.59757652e-06	10
6.562238274e-06	2.59757652e-06	10
6.562238274e-06	2.59757652e-06	10
6.562238274e-06	2.59757652e-06	10
6.562238274e-06	2.59757652e-06	10
6.562238274e-06	2.59757652e-06	10
6.562238274e-06	2.59757652e-06	10
6.562238274e-06	2.59757652e-06	10
6.562238274e-06	2.59757652e-06	10
6.562238274e-06	2.59757652e-06	10
6.562238274e-06	2.59757652e-06	10
6.562238274e-06	2.59757652e-06	10
6.562238274e-06	2.59757652e-06	10
6.562238274e-06	2.59757652e-06	10
6.562238274e-06	2.59757652e-06	10
6.562238274e-06	2.59757652e-06	10
6.562238274e-06	2.59757652e-06	10
6.562238274e-06	2.59757652e-06	10
6.562238274e-06	2.59757652e-06	10
6.562238274e-06	2.59757652e-06	0
6.572014373e-06	2.583082856e-06	0
6.581790473e-06	2.568589192e-06	0
6.591566573e-06	2.554095529e-06	0
6.601342673e-06	2.539601865e-06	0
6.601342673e-06	2.539601865e-06	10
6.601342673e-06	2.539601865e-06	10
6.601342673e-06	2.539601865e-06	10
6.601342673e-06	2.539601865e-06	10
6.601342673e-06	2.539601865e-06	10
6.601342673e-06	2.539601865e-06	10
6.601342673e-06	2.539601865e-06	10
6.601342673e-06	2.539601865e-06	10
6.601342673e-06	2.539601865e-06	10
6.601342673e-06	2.539601865e-06	10
6.601342673e-06	2.539601865e-06	10
6.601342673e-06	2.539601865e-06	10
6.601342673e-06	2.539601865e-06	10
6.601342673e-06	2.539601865e-06	10
6.601342673e-06	2.539601865e-06	10
6.601342673e-06	2.539601865e-06	10
6.601342673e-06	2.539601865e-06	10
6.601342673e-06	2.539601865e-06	10
6.601342673e-06	2.539601865e-06	10
6.601342673e-06	2.539601865e-06	10
6.601342673e-06	2.539601865e-06	10
6.601342673e-06	2.539601865e-06	10
6.601342673e-06	2.539601865e-06	10
6.601342673e-06	2.539601865e-06	10
6.601342673e-06	2.539601865e-06	10
6.601342673e-06	2.539601865e-06	0
6.611118772e-06	2.525108201e-06	0
6.620894872e-06	2.510614537e-06	0
6.630670972e-06	2.496120873e-06	0
6.640447071e-06	2.481627209e-06	0
6.640447071e-06	2.481627209e-06	10
6.640447071e-06	2.481627209e-06	10
6.640447071e-06	2.481627209e-06	10
6.640447071e-06	2.481627209e-06	10
6.640447071e-06	2.481627209e-06	10
6.640447071e-06	2.481627209e-06	10
6.640447071e-06	2.481627209e-06	10
6.640447071e-06	2.481627209e-06	10
6.640447071e-06	2.481627209e-06	10
6.640447071e-06	2.481627209e-06	10
6.640447071e-06	2.481627209e-06	10
6.640447071e-06	2.481627209e-06	10
6.640447071e-06	2.481627209e-06	10
6.640447071e-06	2.481627209e-06	10
6.640447071e-06	2.481627209e-06	10
6.640447071e-06	2.481627209e-06	10
6.640447071e-06	2.481627209e-06	10
6.640447071e-06	2.481627209e-06	10
6.640447071e-06	2.481627209e-06	10
6.640447071e-06	2.481627209e-06	10
6.640447071e-06	2.481627209e-06	10
6.640447071e-06	2.481627209e-06	10
6.640447071e-06	2.481627209e-06	10
6.640447071e-06	2.481627209e-06	10
6.640447071e-06	2.481627209e-06	10
6.640447071e-06	2.481627209e-06	0
6.650223171e-06	2.467133545e-06	0
6.659999271e-06	2.452639882e-06	0
6.669775371e-06	2.438146218e-06	0
6.67955147e-06	2.423652554e-06	0
6.67955147e-06	2.423652554e-06	10
6.67955147e-06	2.423652554e-06	10
6.67955147e-06	2.423652554e-06	10
6.67955147e-06	2.423652554e-06	10
6.67955147e-06	2.423652554e-06	10
6.67955147e-06	2.423652554e-06	10
6.67955147e-06	2.423652554e-06	10
6.67955147e-06	2.423652554e-06	10
6.67955147e-06	2.423652554e-06	10
6.67955147e-06	2.423652554e-06	10
6.67955147e-06	2.423652554e-06	10
6.67955147e-06	2.423652554e-06	10
6.67955147e-06	2.423652554e-06	10
6.67955147e-06	2.423652554e-06	10
6.67955147e-06	2.423652554e-06	10
6.67955147e-06	2.423652554e-06	10
6.67955147e-06	2.423652554e-06	10
6.67955147e-06	2.423652554e-06	10
6.67955147e-06	2.423652554e-06	10
6.67955147e-06	2.423652554e-06	10
6.67955147e-06	2.423652554e-06	10
6.67955147e-06	2.423652554e-06	10
6.67955147e-06	2.423652554e-06	10
6.67955147e-06	2.423652554e-06	10
6.67955147e-06	2.423652554e-06	10
6.67955147e-06	2.423652554e-06	0
6.665057806e-06	2.413876454e-06	0
6.650564143e-06	2.404100354e-06	0
6.636070479e-06	2.394324255e-06	0
6.621576815e-06	2.384548155e-06	0
6.621576815e-06	2.384548155e-06	-10
6.621576815e-06	2.384548155e-06	-10
6.621576815e-06	2.384548155e-06	-10
6.621576815e-06	2.384548155e-06	-10
6.621576815e-06	2.384548155e-06	-10
6.621576815e-06	2.384548155e-06	-10
6.621576815e-06	2.384548155e-06	-10
6.621576815e-06	2.384548155e-06	-10
6.621576815e-06	2.384548155e-06	-10
6.621576815e-06	2.384548155e-06	-10
6.621576815e-06	2.384548155e-06	-10
6.621576815e-06	2.384548155e-06	-10
6.621576815e-06	2.384548155e-06	-10
6.621576815e-06	2.384548155e-06	-10
6.621576815e-06	2.384548155e-06	-10
6.621576815e-06	2.384548155e-06	-10
6.621576815e-06	2.384548155e-06	-10
6.621576815e-06	2.384548155e-06	-10
6.621576815e-06	2.384548155e-06	-10
6.621576815e-06	2.384548155e-06	-10
6.621576815e-06	2.384548155e-06	-10
6.621576815e-06	2.384548155e-06	-10
6.621576815e-06	2.384548155e-06	-10
6.621576815e-06	2.384548155e-06	-10
6.621576815e-06	2.384548155e-06	-10
6.621576815e-06	2.384548155e-06	0
6.611800715e-06	2.399041819e-06	0
6.602024615e-06	2.413535483e-06	0
6.592248516e-06	2.428029147e-06	0
6.582472416e-06	2.44252281e-06	0
6.582472416e-06	2.44252281e-06	-10
6.582472416e-06	2.44252281e-06	-10
6.582472416e-06	2.44252281e-06	-10
6.582472416e-06	2.44252281e-06	-10
6.582472416e-06	2.44252281e-06	-10
6.582472416e-06	2.44252281e-06	-10
6.582472416e-06	2.44252281e-06	-10
6.582472416e-06	2.44252281e-06	-10
6.582472416e-06	2.44252281e-06	-10
6.582472416e-06	2.44252281e-06	-10
6.582472416e-06	2.44252281e-06	-10
6.582472416e-06	2.44252281e-06	-10
6.582472416e-06	2.44252281e-06	-10
6.582472416e-06	2.44252281e-06	-10
6.582472416e-06	2.44252281e-06	-10
6.582472416e-06	2.44252281e-06	-10
6.582472416e-06	2.44252281e-06	-10
6.582472416e-06	2.44252281e-06	-10
6.582472416e-06	2.44252281e-06	-10
6.582472416e-06	2.44252281e-06	-10
6.582472416e-06	2.44252281e-06	-10
6.582472416e-06	2.44252281e-06	-10
6.582472416e-06	2.44252281e-06	-10
6.582472416e-06	2.44252281e-06	-10
6.582472416e-06	2.44252281e-06	-10
6.582472416e-06	2.44252281e-06	0
6.572696316e-06	2.457016474e-06	0
6.562920217e-06	2.471510138e-06	0
6.553144117e-06	2.486003802e-06	0
6.543368017e-06	2.500497466e-06	0
6.543368017e-06	2.500497466e-06	-10
6.543368017e-06	2.500497466e-06	-10
6.543368017e-06	2.500497466e-06	-10
6.543368017e-06	2.500497466e-06	-10
6.543368017e-06	2.500497466e-06	-10
6.543368017e-06	2.500497466e-06	-10
6.543368017e-06	2.500497466e-06	-10
6.543368017e-06	2.500497466e-06	-10
6.543368017e-06	2.500497466e-06	-10
6.543368017e-06	2.500497466e-06	-10
6.543368017e-06	2.500497466e-06	-10
6.543368017e-06	2.500497466e-06	-10
6.543368017e-06	2.500497466e-06	-10
6.543368017e-06	2.500497466e-06	-10
6.543368017e-06	2.500497466e-06	-10
6.543368017e-06	2.500497466e-06	-10
6.543368017e-06	2.500497466e-06	-10
6.543368017e-06	2.500497466e-06	-10
6.543368017e-06	2.500497466e-06	-10
6.543368017e-06	2.500497466e-06	-10
6.543368017e-06	2.500497466e-06	-10
6.543368017e-06	2.500497466e-06	-10
6.543368017e-06	2.500497466e-06	-10
6.543368017e-06	2.500497466e-06	-10
6.543368017e-06	2.500497466e-06	-10
6.543368017e-06	2.500497466e-06	0
6.533591917e-06	2.51499113e-06	0
6.523815818e-06	2.529484794e-06	0
6.514039718e-06	2.543978457e-06	0
6.504263618e-06	2.558472121e-06	0
6.504263618e-06	2.558472121e-06	-10
6.504263618e-06	2.558472121e-06	-10
6.504263618e-06	2.558472121e-06	-10
6.504263618e-06	2.558472121e-06	-10
6.504263618e-06	2.558472121e-06	-10
6.504263618e-06	2.558472121e-06	-10
6.504263618e-06	2.558472121e-06	-10
6.504263618e-06	2.558472121e-06	-10
6.504263618e-06	2.558472121e-06	-10
6.504263618e-06	2.558472121e-06	-10
6.504263618e-06	2.558472121e-06	-10
6.504263618e-06	2.558472121e-06	-10
6.504263618e-06	2.558472121e-06	-10
6.504263618e-06	2.558472121e-06	-10
6.504263618e-06	2.558472121e-06	-10
6.504263618e-06	2.558472121e-06	-10
6.504263618e-06	2.558472121e-06	-10
6.504263618e-06	2.558472121e-06	-10
6.504263618e-06	2.558472121e-06	-10
6.504263618e-06	2.558472121e-06	-10
6.504263618e-06	2.558472121e-06	-10
6.504263618e-06	2.558472121e-06	-10
6.504263618e-06	2.558472121e-06	-10
6.504263618e-06	2.558472121e-06	-10
6.504263618e-06	2.558472121e-06	-10
6.504263618e-06	2.558472121e-06	0
6.494487519e-06	2.572965785e-06	0
6.484711419e-06	2.587459449e-06	0
6.474935319e-06	2.601953113e-06	0
6.465159219e-06	2.616446777e-06	0
6.465159219e-06	2.616446777e-06	-10
6.465159219e-06	2.616446777e-06	-10
6.465159219e-06	2.616446777e-06	-10
6.465159219e-06	2.616446777e-06	-10
6.465159219e-06	2.616446777e-06	-10
6.465159219e-06	2.616446777e-06	-10
6.465159219e-06	2.616446777e-06	-10
6.465159219e-06	2.616446777e-06	-10
6.465159219e-06	2.616446777e-06	-10
6.465159219e-06	2.616446777e-06	-10
6.465159219e-06	2.616446777e-06	-10
6.465159219e-06	2.616446777e-06	-10
6.465159219e-06	2.616446777e-06	-10
6.465159219e-06	2.616446777e-06	-10
6.465159219e-06	2.616446777e-06	-10
6.465159219e-06	2.616446777e-06	-10
6.465159219e-06	2.616446777e-06	-10
6.465159219e-06	2.616446777e-06	-10
6.465159219e-06	2.616446777e-06	-10
6.465159219e-06	2.616446777e-06	-10
6.465159219e-06	2.616446777e-06	-10
6.465159219e-06	2.616446777e-06	-10
6.465159219e-06	2.616446777e-06	-10
6.465159219e-06	2.616446777e-06	-10
6.465159219e-06	2.616446777e-06	-10
6.465159219e-06	2.616446777e-06	0
6.45538312e-06	2.630940441e-06	0
6.44560702e-06	2.645434104e-06	0
6.43583092e-06	2.659927768e-06	0
6.426054821e-06	2.674421432e-06	0
6.426054821e-06	2.674421432e-06	-10
6.426054821e-06	2.674421432e-06	-10
6.426054821e-06	2.674421432e-06	-10
6.426054821e-06	2.674421432e-06	-10
6.426054821e-06	2.674421432e-06	-10
6.426054821e-06	2.674421432e-06	-10
6.426054821e-06	2.674421432e-06	-10
6.426054821e-06	2.674421432e-06	-10
6.426054821e-06	2.674421432e-06	-10
6.426054821e-06	2.674421432e-06	-10
6.426054821e-06	2.674421432e-06	-10
6.426054821e-06	2.674421432e-06	-10
6.426054821e-06	2.674421432e-06	-10
6.426054821e-06	2.674421432e-06	-10
6.426054821e-06	2.674421432e-06	-10
6.426054821e-06	2.674421432e-06	-10
6.426054821e-06	2.674421432e-06	-10
6.426054821e-06	2.674421432e-06	-10
6.426054821e-06	2.674421432e-06	-10
6.426054821e-06	2.674421432e-06	-10
6.426054821e-06	2.674421432e-06	-10
6.426054821e-06	2.674421432e-06	-10
6.426054821e-06	2.674421432e-06	-10
6.426054821e-06	2.674421432e-06	-10
6.426054821e-06	2.674421432e-06	-10
6.426054821e-06	2.674421432e-06	0
6.416278721e-06	2.688915096e-06	0
6.406502621e-06	2.70340876e-06	0
6.396726522e-06	2.717902424e-06	0
6.386950422e-06	2.732396088e-06	0
6.386950422e-06	2.732396088e-06	-10
6.386950422e-06	2.732396088e-06	-10
6.386950422e-06	2.732396088e-06	-10
6.386950422e-06	2.732396088e-06	-10
6.386950422e-06	2.732396088e-06	-10
6.386950422e-06	2.732396088e-06	-10
6.386950422e-06	2.732396088e-06	-10
6.386950422e-06	2.732396088e-06	-10
6.386950422e-06	2.732396088e-06	-10
6.386950422e-06	2.732396088e-06	-10
6.386950422e-06	2.732396088e-06	-10
6.386950422e-06	2.732396088e-06	-10
6.386950422e-06	2.732396088e-06	-10
6.386950422e-06	2.732396088e-06	-10
6.386950422e-06	2.732396088e-06	-10
6.386950422e-06	2.732396088e-06	-10
6.386950422e-06	2.732396088e-06	-10
6.386950422e-06	2.732396088e-06	-10
6.386950422e-06	2.732396088e-06	-10
6.386950422e-06	2.732396088e-06	-10
6.386950422e-06	2.732396088e-06	-10
6.386950422e-06	2.732396088e-06	-10
6.386950422e-06	2.732396088e-06	-10
6.386950422e-06	2.732396088e-06	-10
6.386950422e-06	2.732396088e-06	-10
6.386950422e-06	2.732396088e-06	0
6.377174322e-06	2.746889751e-06	0
6.367398222e-06	2.761383415e-06	0
6.357622123e-06	2.775877079e-06	0
6.347846023e-06	2.790370743e-06	0
6.347846023e-06	2.790370743e-06	-10
6.347846023e-06	2.790370743e-06	-10
6.347846023e-06	2.790370743e-06	-10
6.347846023e-06	2.790370743e-06	-10
6.347846023e-06	2.790370743e-06	-10
6.347846023e-06	2.790370743e-06	-10
6.347846023e-06	2.790370743e-06	-10
6.347846023e-06	2.790370743e-06	-10
6.347846023e-06	2.790370743e-06	-10
6.347846023e-06	2.790370743e-06	-10
6.347846023e-06	2.790370743e-06	-10
6.347846023e-06	2.790370743e-06	-10
6.347846023e-06	2.790370743e-06	-10
6.347846023e-06	2.790370743e-06	-10
6.347846023e-06	2.790370743e-06	-10
6.347846023e-06	2.790370743e-06	-10
6.347846023e-06	2.790370743e-06	-10
6.347846023e-06	2.790370743e-06	-10
6.347846023e-06	2.790370743e-06	-10
6.347846023e-06	2.790370743e-06	-10
6.347846023e-06	2.790370743e-06	-10
6.347846023e-06	2.790370743e-06	-10
6.347846023e-06	2.790370743e-06	-10
6.347846023e-06	2.790370743e-06	-10
6.347846023e-06	2.790370743e-06	-10
6.347846023e-06	2.790370743e-06	0
6.338069923e-06	2.804864407e-06	0
6.328293824e-06	2.819358071e-06	0
6.318517724e-06	2.833851735e-06	0
6.308741624e-06	2.848345398e-06	0
6.308741624e-06	2.848345398e-06	-10
6.308741624e-06	2.848345398e-06	-10
6.308741624e-06	2.848345398e-06	-10
6.308741624e-06	2.848345398e-06	-10
6.308741624e-06	2.848345398e-06	-10
6.308741624e-06	2.848345398e-06	-10
6.308741624e-06	2.848345398e-06	-10
6.308741624e-06	2.848345398e-06	-10
6.308741624e-06	2.848345398e-06	-10
6.308741624e-06	2.848345398e-06	-10
6.308741624e-06	2.848345398e-06	-10
6.308741624e-06	2.848345398e-06	-10
6.308741624e-06	2.848345398e-06	-10
6.308741624e-06	2.848345398e-06	-10
6.308741624e-06	2.848345398e-06	-10
6.308741624e-06	2.848345398e-06	-10
6.308741624e-06	2.848345398e-06	-10
6.308741624e-06	2.848345398e-06	-10
6.308741624e-06	2.848345398e-06	-10
6.308741624e-06	2.848345398e-06	-10
6.308741624e-06	2.848345398e-06	-10
6.308741624e-06	2.848345398e-06	-10
6.308741624e-06	2.848345398e-06	-10
6.308741624e-06	2.848345398e-06	-10
6.308741624e-06	2.848345398e-06	-10
6.308741624e-06	2.848345398e-06	0
6.298965524e-06	2.862839062e-06	0
6.289189425e-06	2.877332726e-06	0
6.279413325e-06	2.89182639e-06	0
6.269637225e-06	2.906320054e-06	0
6.269637225e-06	2.906320054e-06	-10
6.269637225e-06	2.906320054e-06	-10
6.269637225e-06	2.906320054e-06	-10
6.269637225e-06	2.906320054e-06	-10
6.269637225e-06	2.906320054e-06	-10
6.269637225e-06	2.906320054e-06	-10
6.269637225e-06	2.906320054e-06	-10
6.269637225e-06	2.906320054e-06	-10
6.269637225e-06	2.906320054e-06	-10
6.269637225e-06	2.906320054e-06	-10
6.269637225e-06	2.906320054e-06	-10
6.269637225e-06	2.906320054e-06	-10
6.269637225e-06	2.906320054e-06	-10
6.269637225e-06	2.906320054e-06	-10
6.269637225e-06	2.906320054e-06	-10
6.269637225e-06	2.906320054e-06	-10
6.269637225e-06	2.906320054e-06	-10
6.269637225e-06	2.906320054e-06	-10
6.269637225e-06	2.906320054e-06	-10
6.269637225e-06	2.906320054e-06	-10
6.269637225e-06	2.906320054e-06	-10
6.269637225e-06	2.906320054e-06	-10
6.269637225e-06	2.906320054e-06	-10
6.269637225e-06	2.906320054e-06	-10
6.269637225e-06	2.906320054e-06	-10
6.269637225e-06	2.906320054e-06	0
6.259861126e-06	2.920813718e-06	0
6.250085026e-06	2.935307382e-06	0
6.240308926e-06	2.949801045e-06	0
6.230532826e-06	2.964294709e-06	0
6.230532826e-06	2.964294709e-06	-10
6.230532826e-06	2.964294709e-06	-10
6.230532826e-06	2.964294709e-06	-10
6.230532826e-06	2.964294709e-06	-10
6.230532826e-06	2.964294709e-06	-10
6.230532826e-06	2.964294709e-06	-10
6.230532826e-06	2.964294709e-06	-10
6.230532826e-06	2.964294709e-06	-10
6.230532826e-06	2.964294709e-06	-10
6.230532826e-06	2.964294709e-06	-10
6.230532826e-06	2.964294709e-06	-10
6.230532826e-06	2.964294709e-06	-10
6.230532826e-06	2.964294709e-06	-10
6.230532826e-06	2.964294709e-06	-10
6.230532826e-06	2.964294709e-06	-10
6.230532826e-06	2.964294709e-06	-10
6.230532826e-06	2.964294709e-06	-10
6.230532826e-06	2.964294709e-06	-10
6.230532826e-06	2.964294709e-06	-10
6.230532826e-06	2.964294709e-06	-10
6.230532826e-06	2.964294709e-06	-10
6.230532826e-06	2.964294709e-06	-10
6.230532826e-06	2.964294709e-06	-10
6.230532826e-06	2.964294709e-06	-10
6.230532826e-06	2.964294709e-06	-10
6.230532826e-06	2.964294709e-06	0
6.220756727e-06	2.978788373e-06	0
6.210980627e-06	2.993282037e-06	0
6.201204527e-06	3.007775701e-06	0
6.191428428e-06	3.022269365e-06	0
6.191428428e-06	3.022269365e-06	-10
6.191428428e-06	3.022269365e-06	-10
6.191428428e-06	3.022269365e-06	-10
6.191428428e-06	3.022269365e-06	-10
6.191428428e-06	3.022269365e-06	-10
6.191428428e-06	3.022269365e-06	-10
6.191428428e-06	3.022269365e-06	-10
6.191428428e-06	3.022269365e-06	-10
6.191428428e-06	3.022269365e-06	-10
6.191428428e-06	3.022269365e-06	-10
6.191428428e-06	3.022269365e-06	-10
6.191428428e-06	3.022269365e-06	-10
6.191428428e-06	3.022269365e-06	-10
6.191428428e-06	3.022269365e-06	-10
6.191428428e-06	3.022269365e-06	-10
6.191428428e-06	3.022269365e-06	-10
6.191428428e-06	3.022269365e-06	-10
6.191428428e-06	3.022269365e-06	-10
6.191428428e-06	3.022269365e-06	-10
6.191428428e-06	3.022269365e-06	-10
6.191428428e-06	3.022269365e-06	-10
6.191428428e-06	3.022269365e-06	-10
6.191428428e-06	3.022269365e-06	-10
6.191428428e-06	3.022269365e-06	-10
6.191428428e-06	3.022269365e-06	-10
6.191428428e-06	3.022269365e-06	0
6.181652328e-06	3.036763029e-06	0
6.171876228e-06	3.051256692e-06	0
6.162100128e-06	3.065750356e-06	0
6.152324029e-06	3.08024402e-06	0
6.152324029e-06	3.08024402e-06	-10
6.152324029e-06	3.08024402e-06	-10
6.152324029e-06	3.08024402e-06	-10
6.152324029e-06	3.08024402e-06	-10
6.152324029e-06	3.08024402e-06	-10
6.152324029e-06	3.08024402e-06	-10
6.152324029e-06	3.08024402e-06	-10
6.152324029e-06	3.08024402e-06	-10
6.152324029e-06	3.08024402e-06	-10
6.152324029e-06	3.08024402e-06	-10
6.152324029e-06	3.08024402e-06	-10
6.152324029e-06	3.08024402e-06	-10
6.152324029e-06	3.08024402e-06	-10
6.152324029e-06	3.08024402e-06	-10
6.152324029e-06	3.08024402e-06	-10
6.152324029e-06	3.08024402e-06	-10
6.152324029e-06	3.08024402e-06	-10
6.152324029e-06	3.08024402e-06	-10
6.152324029e-06	3.08024402e-06	-10
6.152324029e-06	3.08024402e-06	-10
6.152324029e-06	3.08024402e-06	-10
6.152324029e-06	3.08024402e-06	-10
6.152324029e-06	3.08024402e-06	-10
6.152324029e-06	3.08024402e-06	-10
6.152324029e-06	3.08024402e-06	-10
6.152324029e-06	3.08024402e-06	0
6.142547929e-06	3.094737684e-06	0
6.132771829e-06	3.109231348e-06	0
6.12299573e-06	3.123725012e-06	0
6.11321963e-06	3.138218676e-06	0
6.11321963e-06	3.138218676e-06	-10
6.11321963e-06	3.138218676e-06	-10
6.11321963e-06	3.138218676e-06	-10
6.11321963e-06	3.138218676e-06	-10
6.11321963e-06	3.138218676e-06	-10
6.11321963e-06	3.138218676e-06	-10
6.11321963e-06	3.138218676e-06	-10
6.11321963e-06	3.138218676e-06	-10
6.11321963e-06	3.138218676e-06	-10
6.11321963e-06	3.138218676e-06	-10
6.11321963e-06	3.138218676e-06	-10
6.11321963e-06	3.138218676e-06	-10
6.11321963e-06	3.138218676e-06	-10
6.11321963e-06	3.138218676e-06	-10
6.11321963e-06	3.138218676e-06	-10
6.11321963e-06	3.138218676e-06	-10
6.11321963e-06	3.138218676e-06	-10
6.11321963e-06	3.138218676e-06	-10
6.11321963e-06	3.138218676e-06	-10
6.11321963e-06	3.138218676e-06	-10
6.11321963e-06	3.138218676e-06	-10
6.11321963e-06	3.138218676e-06	-10
6.11321963e-06	3.138218676e-06	-10
6.11321963e-06	3.138218676e-06	-10
6.11321963e-06	3.138218676e-06	-10
6.11321963e-06	3.138218676e-06	0
6.10344353e-06	3.152712339e-06	0
6.09366743e-06	3.167206003e-06	0
6.083891331e-06	3.181699667e-06	0
6.074115231e-06	3.196193331e-06	0
6.074115231e-06	3.196193331e-06	-10
6.074115231e-06	3.196193331e-06	-10
6.074115231e-06	3.196193331e-06	-10
6.074115231e-06	3.196193331e-06	-10
6.074115231e-06	3.196193331e-06	-10
6.074115231e-06	3.196193331e-06	-10
6.074115231e-06	3.196193331e-06	-10
6.074115231e-06	3.196193331e-06	-10
6.074115231e-06	3.196193331e-06	-10
6.074115231e-06	3.196193331e-06	-10
6.074115231e-06	3.196193331e-06	-10
6.074115231e-06	3.196193331e-06	-10
6.074115231e-06	3.196193331e-06	-10
6.074115231e-06	3.196193331e-06	-10
6.074115231e-06	3.196193331e-06	-10
6.074115231e-06	3.196193331e-06	-10
6.074115231e-06	3.196193331e-06	-10
6.074115231e-06	3.196193331e-06	-10
6.074115231e-06	3.196193331e-06	-10
6.074115231e-06	3.196193331e-06	-10
6.074115231e-06	3.196193331e-06	-10
6.074115231e-06	3.196193331e-06	-10
6.074115231e-06	3.196193331e-06	-10
6.074115231e-06	3.196193331e-06	-10
6.074115231e-06	3.196193331e-06	-10
6.074115231e-06	3.196193331e-06	0
6.064339131e-06	3.210686995e-06	0
6.054563032e-06	3.225180659e-06	0
6.044786932e-06	3.239674323e-06	0
6.035010832e-06	3.254167986e-06	0
6.035010832e-06	3.254167986e-06	-10
6.035010832e-06	3.254167986e-06	-10
6.035010832e-06	3.254167986e-06	-10
6.035010832e-06	3.254167986e-06	-10
6.035010832e-06	3.254167986e-06	-10
6.035010832e-06	3.254167986e-06	-10
6.035010832e-06	3.254167986e-06	-10
6.035010832e-06	3.254167986e-06	-10
6.035010832e-06	3.254167986e-06	-10
6.035010832e-06	3.254167986e-06	-10
6.035010832e-06	3.254167986e-06	-10
6.035010832e-06	3.254167986e-06	-10
6.035010832e-06	3.254167986e-06	-10
6.035010832e-06	3.254167986e-06	-10
6.035010832e-06	3.254167986e-06	-10
6.035010832e-06	3.254167986e-06	-10
6.035010832e-06	3.254167986e-06	-10
6.035010832e-06	3.254167986e-06	-10
6.035010832e-06	3.254167986e-06	-10
6.035010832e-06	3.254167986e-06	-10
6.035010832e-06	3.254167986e-06	-10
6.035010832e-06	3.254167986e-06	-10
6.035010832e-06	3.254167986e-06	-10
6.035010832e-06	3.254167986e-06	-10
6.035010832e-06	3.254167986e-06	-10
6.035010832e-06	3.254167986e-06	0
6.025234732e-06	3.26866165e-06	0
6.015458633e-06	3.283155314e-06	0
6.005682533e-06	3.297648978e-06	0
5.995906433e-06	3.312142642e-06	0
5.995906433e-06	3.312142642e-06	-10
5.995906433e-06	3.312142642e-06	-10
5.995906433e-06	3.312142642e-06	-10
5.995906433e-06	3.312142642e-06	-10
5.995906433e-06	3.312142642e-06	-10
5.995906433e-06	3.312142642e-06	-10
5.995906433e-06	3.312142642e-06	-10
5.995906433e-06	3.312142642e-06	-10
5.995906433e-06	3.312142642e-06	-10
5.995906433e-06	3.312142642e-06	-10
5.995906433e-06	3.312142642e-06	-10
5.995906433e-06	3.312142642e-06	-10
5.995906433e-06	3.312142642e-06	-10
5.995906433e-06	3.312142642e-06	-10
5.995906433e-06	3.312142642e-06	-10
5.995906433e-06	3.312142642e-06	-10
5.995906433e-06	3.312142642e-06	-10
5.995906433e-06	3.312142642e-06	-10
5.995906433e-06	3.312142642e-06	-10
5.995906433e-06	3.312142642e-06	-10
5.995906433e-06	3.312142642e-06	-10
5.995906433e-06	3.312142642e-06	-10
5.995906433e-06	3.312142642e-06	-10
5.995906433e-06	3.312142642e-06	-10
5.995906433e-06	3.312142642e-06	-10
5.995906433e-06	3.312142642e-06	0
5.986130334e-06	3.326636306e-06	0
5.976354234e-06	3.34112997e-06	0
5.966578134e-06	3.355623633e-06	0
5.956802035e-06	3.370117297e-06	0
5.956802035e-06	3.370117297e-06	-10
5.956802035e-06	3.370117297e-06	-10
5.956802035e-06	3.370117297e-06	-10
5.956802035e-06	3.370117297e-06	-10
5.956802035e-06	3.370117297e-06	-10
5.956802035e-06	3.370117297e-06	-10
5.956802035e-06	3.370117297e-06	-10
5.956802035e-06	3.370117297e-06	-10
5.956802035e-06	3.370117297e-06	-10
5.956802035e-06	3.370117297e-06	-10
5.956802035e-06	3.370117297e-06	-10
5.956802035e-06	3.370117297e-06	-10
5.956802035e-06	3.370117297e-06	-10
5.956802035e-06	3.370117297e-06	-10
5.956802035e-06	3.370117297e-06	-10
5.956802035e-06	3.370117297e-06	-10
5.956802035e-06	3.370117297e-06	-10
5.956802035e-06	3.370117297e-06	-10
5.956802035e-06	3.370117297e-06	-10
5.956802035e-06	3.370117297e-06	-10
5.956802035e-06	3.370117297e-06	-10
5.956802035e-06	3.370117297e-06	-10
5.956802035e-06	3.370117297e-06	-10
5.956802035e-06	3.370117297e-06	-10
5.956802035e-06	3.370117297e-06	-10
5.956802035e-06	3.370117297e-06	0
5.947025935e-06	3.384610961e-06	0
5.937249835e-06	3.399104625e-06	0
5.927473735e-06	3.413598289e-06	0
5.917697636e-06	3.428091953e-06	0
5.917697636e-06	3.428091953e-06	-10
5.917697636e-06	3.428091953e-06	-10
5.917697636e-06	3.428091953e-06	-10
5.917697636e-06	3.428091953e-06	-10
5.917697636e-06	3.428091953e-06	-10
5.917697636e-06	3.428091953e-06	-10
5.917697636e-06	3.428091953e-06	-10
5.917697636e-06	3.428091953e-06	-10
5.917697636e-06	3.428091953e-06	-10
5.917697636e-06	3.428091953e-06	-10
5.917697636e-06	3.428091953e-06	-10
5.917697636e-06	3.428091953e-06	-10
5.917697636e-06	3.428091953e-06	-10
5.917697636e-06	3.428091953e-06	-10
5.917697636e-06	3.428091953e-06	-10
5.917697636e-06	3.428091953e-06	-10
5.917697636e-06	3.428091953e-06	-10
5.917697636e-06	3.428091953e-06	-10
5.917697636e-06	3.428091953e-06	-10
5.917697636e-06	3.428091953e-06	-10
5.917697636e-06	3.428091953e-06	-10
5.917697636e-06	3.428091953e-06	-10
5.917697636e-06	3.428091953e-06	-10
5.917697636e-06	3.428091953e-06	-10
5.917697636e-06	3.428091953e-06	-10
5.917697636e-06	3.428091953e-06	0
5.907921536e-06	3.442585617e-06	0
5.898145436e-06	3.45707928e-06	0
5.888369337e-06	3.471572944e-06	0
5.878593237e-06	3.486066608e-06	0
5.878593237e-06	3.486066608e-06	-10
5.878593237e-06	3.486066608e-06	-10
5.878593237e-06	3.486066608e-06	-10
5.878593237e-06	3.486066608e-06	-10
5.878593237e-06	3.486066608e-06	-10
5.878593237e-06	3.486066608e-06	-10
5.878593237e-06	3.486066608e-06	-10
5.878593237e-06	3.486066608e-06	-10
5.878593237e-06	3.486066608e-06	-10
5.878593237e-06	3.486066608e-06	-10
5.878593237e-06	3.486066608e-06	-10
5.878593237e-06	3.486066608e-06	-10
5.878593237e-06	3.486066608e-06	-10
5.878593237e-06	3.486066608e-06	-10
5.878593237e-06	3.486066608e-06	-10
5.878593237e-06	3.486066608e-06	-10
5.878593237e-06	3.486066608e-06	-10
5.878593237e-06	3.486066608e-06	-10
5.878593237e-06	3.486066608e-06	-10
5.878593237e-06	3.486066608e-06	-10
5.878593237e-06	3.486066608e-06	-10
5.878593237e-06	3.486066608e-06	-10
5.878593237e-06	3.486066608e-06	-10
5.878593237e-06	3.486066608e-06	-10
5.878593237e-06	3.486066608e-06	-10
5.878593237e-06	3.486066608e-06	0
5.864099573e-06	3.476290508e-06	0
5.849605909e-06	3.466514409e-06	0
5.835112245e-06	3.456738309e-06	0
5.820618581e-06	3.446962209e-06	0
5.820618581e-06	3.446962209e-06	-10
5.820618581e-06	3.446962209e-06	-10
5.820618581e-06	3.446962209e-06	-10
5.820618581e-06	3.446962209e-06	-10
5.820618581e-06	3.446962209e-06	-10
5.820618581e-06	3.446962209e-06	-10
5.820618581e-06	3.446962209e-06	-10
5.820618581e-06	3.446962209e-06	-10
5.820618581e-06	3.446962209e-06	-10
5.820618581e-06	3.446962209e-06	-10
5.820618581e-06	3.446962209e-06	-10
5.820618581e-06	3.446962209e-06	-10
5.820618581e-06	3.446962209e-06	-10
5.820618581e-06	3.446962209e-06	-10
5.820618581e-06	3.446962209e-06	-10
5.820618581e-06	3.446962209e-06	-10
5.820618581e-06	3.446962209e-06	-10
5.820618581e-06	3.446962209e-06	-10
5.820618581e-06	3.446962209e-06	-10
5.820618581e-06	3.446962209e-06	-10
5.820618581e-06	3.446962209e-06	-10
5.820618581e-06	3.446962209e-06	-10
5.820618581e-06	3.446962209e-06	-10
5.820618581e-06	3.446962209e-06	-10
5.820618581e-06	3.446962209e-06	-10
5.820618581e-06	3.446962209e-06	0
5.830394681e-06	3.432468545e-06	0
5.840170781e-06	3.417974882e-06	0
5.849946881e-06	3.403481218e-06	0
5.85972298e-06	3.388987554e-06	0
5.85972298e-06	3.388987554e-06	-10
5.85972298e-06	3.388987554e-06	-10
5.85972298e-06	3.388987554e-06	-10
5.85972298e-06	3.388987554e-06	-10
5.85972298e-06	3.388987554e-06	-10
5.85972298e-06	3.388987554e-06	-10
5.85972298e-06	3.388987554e-06	-10
5.85972298e-06	3.388987554e-06	-10
5.85972298e-06	3.388987554e-06	-10
5.85972298e-06	3.388987554e-06	-10
5.85972298e-06	3.388987554e-06	-10
5.85972298e-06	3.388987554e-06	-10
5.85972298e-06	3.388987554e-06	-10
5.85972298e-06	3.388987554e-06	-10
5.85972298e-06	3.388987554e-06	-10
5.85972298e-06	3.388987554e-06	-10
5.85972298e-06	3.388987554e-06	-10
5.85972298e-06	3.388987554e-06	-10
5.85972298e-06	3.388987554e-06	-10
5.85972298e-06	3.388987554e-06	-10
5.85972298e-06	3.388987554e-06	-10
5.85972298e-06	3.388987554e-06	-10
5.85972298e-06	3.388987554e-06	-10
5.85972298e-06	3.388987554e-06	-10
5.85972298e-06	3.388987554e-06	-10
5.85972298e-06	3.388987554e-06	0
5.86949908e-06	3.37449389e-06	0
5.87927518e-06	3.360000226e-06	0
5.889051279e-06	3.345506562e-06	0
5.898827379e-06	3.331012898e-06	0
5.898827379e-06	3.331012898e-06	-10
5.898827379e-06	3.331012898e-06	-10
5.898827379e-06	3.331012898e-06	-10
5.898827379e-06	3.331012898e-06	-10
5.898827379e-06	3.331012898e-06	-10
5.898827379e-06	3.331012898e-06	-10
5.898827379e-06	3.331012898e-06	-10
5.898827379e-06	3.331012898e-06	-10
5.898827379e-06	3.331012898e-06	-10
5.898827379e-06	3.331012898e-06	-10
5.898827379e-06	3.331012898e-06	-10
5.898827379e-06	3.331012898e-06	-10
5.898827379e-06	3.331012898e-06	-10
5.898827379e-06	3.331012898e-06	-10
5.898827379e-06	3.331012898e-06	-10
5.898827379e-06	3.331012898e-06	-10
5.898827379e-06	3.331012898e-06	-10
5.898827379e-06	3.331012898e-06	-10
5.898827379e-06	3.331012898e-06	-10
5.898827379e-06	3.331012898e-06	-10
5.898827379e-06	3.331012898e-06	-10
5.898827379e-06	3.331012898e-06	-10
5.898827379e-06	3.331012898e-06	-10
5.898827379e-06	3.331012898e-06	-10
5.898827379e-06	3.331012898e-06	-10
5.898827379e-06	3.331012898e-06	0
5.908603479e-06	3.316519235e-06	0
5.918379579e-06	3.302025571e-06	0
5.928155678e-06	3.287531907e-06	0
5.937931778e-06	3.273038243e-06	0
5.937931778e-06	3.273038243e-06	-10
5.937931778e-06	3.273038243e-06	-10
5.937931778e-06	3.273038243e-06	-10
5.937931778e-06	3.273038243e-06	-10
5.937931778e-06	3.273038243e-06	-10
5.937931778e-06	3.273038243e-06	-10
5.937931778e-06	3.273038243e-06	-10
5.937931778e-06	3.273038243e-06	-10
5.937931778e-06	3.273038243e-06	-10
5.937931778e-06	3.273038243e-06	-10
5.937931778e-06	3.273038243e-06	-10
5.937931778e-06	3.273038243e-06	-10
5.937931778e-06	3.273038243e-06	-10
5.937931778e-06	3.273038243e-06	-10
5.937931778e-06	3.273038243e-06	-10
5.937931778e-06	3.273038243e-06	-10
5.937931778e-06	3.273038243e-06	-10
5.937931778e-06	3.273038243e-06	-10
5.937931778e-06	3.273038243e-06	-10
5.937931778e-06	3.273038243e-06	-10
5.937931778e-06	3.273038243e-06	-10
5.937931778e-06	3.273038243e-06	-10
5.937931778e-06	3.273038243e-06	-10
5.937931778e-06	3.273038243e-06	-10
5.937931778e-06	3.273038243e-06	-10
5.937931778e-06	3.273038243e-06	0
5.947707878e-06	3.258544579e-06	0
5.957483977e-06	3.244050915e-06	0
5.967260077e-06	3.229557251e-06	0
5.977036177e-06	3.215063588e-06	0
5.977036177e-06	3.215063588e-06	-10
5.977036177e-06	3.215063588e-06	-10
5.977036177e-06	3.215063588e-06	-10
5.977036177e-06	3.215063588e-06	-10
5.977036177e-06	3.215063588e-06	-10
5.977036177e-06	3.215063588e-06	-10
5.977036177e-06	3.215063588e-06	-10
5.977036177e-06	3.215063588e-06	-10
5.977036177e-06	3.215063588e-06	-10
5.977036177e-06	3.215063588e-06	-10
5.977036177e-06	3.215063588e-06	-10
5.977036177e-06	3.215063588e-06	-10
5.977036177e-06	3.215063588e-06	-10
5.977036177e-06	3.215063588e-06	-10
5.977036177e-06	3.215063588e-06	-10
5.977036177e-06	3.215063588e-06	-10
5.977036177e-06	3.215063588e-06	-10
5.977036177e-06	3.215063588e-06	-10
5.977036177e-06	3.215063588e-06	-10
5.977036177e-06	3.215063588e-06	-10
5.977036177e-06	3.215063588e-06	-10
5.977036177e-06	3.215063588e-06	-10
5.977036177e-06	3.215063588e-06	-10
5.977036177e-06	3.215063588e-06	-10
5.977036177e-06	3.215063588e-06	-10
5.977036177e-06	3.215063588e-06	0
5.986812276e-06	3.200569924e-06	0
5.996588376e-06	3.18607626e-06	0
6.006364476e-06	3.171582596e-06	0
6.016140576e-06	3.157088932e-06	0
6.016140576e-06	3.157088932e-06	-10
6.016140576e-06	3.157088932e-06	-10
6.016140576e-06	3.157088932e-06	-10
6.016140576e-06	3.157088932e-06	-10
6.016140576e-06	3.157088932e-06	-10
6.016140576e-06	3.157088932e-06	-10
6.016140576e-06	3.157088932e-06	-10
6.016140576e-06	3.157088932e-06	-10
6.016140576e-06	3.157088932e-06	-10
6.016140576e-06	3.157088932e-06	-10
6.016140576e-06	3.157088932e-06	-10
6.016140576e-06	3.157088932e-06	-10
6.016140576e-06	3.157088932e-06	-10
6.016140576e-06	3.157088932e-06	-10
6.016140576e-06	3.157088932e-06	-10
6.016140576e-06	3.157088932e-06	-10
6.016140576e-06	3.157088932e-06	-10
6.016140576e-06	3.157088932e-06	-10
6.016140576e-06	3.157088932e-06	-10
6.016140576e-06	3.157088932e-06	-10
6.016140576e-06	3.157088932e-06	-10
6.016140576e-06	3.157088932e-06	-10
6.016140576e-06	3.157088932e-06	-10
6.016140576e-06	3.157088932e-06	-10
6.016140576e-06	3.157088932e-06	-10
6.016140576e-06	3.157088932e-06	0
6.025916675e-06	3.142595268e-06	0
6.035692775e-06	3.128101604e-06	0
6.045468875e-06	3.113607941e-06	0
6.055244974e-06	3.099114277e-06	0
6.055244974e-06	3.099114277e-06	-10
6.055244974e-06	3.099114277e-06	-10
6.055244974e-06	3.099114277e-06	-10
6.055244974e-06	3.099114277e-06	-10
6.055244974e-06	3.099114277e-06	-10
6.055244974e-06	3.099114277e-06	-10
6.055244974e-06	3.099114277e-06	-10
6.055244974e-06	3.099114277e-06	-10
6.055244974e-06	3.099114277e-06	-10
6.055244974e-06	3.099114277e-06	-10
6.055244974e-06	3.099114277e-06	-10
6.055244974e-06	3.099114277e-06	-10
6.055244974e-06	3.099114277e-06	-10
6.055244974e-06	3.099114277e-06	-10
6.055244974e-06	3.099114277e-06	-10
6.055244974e-06	3.099114277e-06	-10
6.055244974e-06	3.099114277e-06	-10
6.055244974e-06	3.099114277e-06	-10
6.055244974e-06	3.099114277e-06	-10
6.055244974e-06	3.099114277e-06	-10
6.055244974e-06	3.099114277e-06	-10
6.055244974e-06	3.099114277e-06	-10
6.055244974e-06	3.099114277e-06	-10
6.055244974e-06	3.099114277e-06	-10
6.055244974e-06	3.099114277e-06	-10
6.055244974e-06	3.099114277e-06	0
6.065021074e-06	3.084620613e-06	0
6.074797174e-06	3.070126949e-06	0
6.084573274e-06	3.055633285e-06	0
6.094349373e-06	3.041139621e-06	0
6.094349373e-06	3.041139621e-06	-10
6.094349373e-06	3.041139621e-06	-10
6.094349373e-06	3.041139621e-06	-10
6.094349373e-06	3.041139621e-06	-10
6.094349373e-06	3.041139621e-06	-10
6.094349373e-06	3.041139621e-06	-10
6.094349373e-06	3.041139621e-06	-10
6.094349373e-06	3.041139621e-06	-10
6.094349373e-06	3.041139621e-06	-10
6.094349373e-06	3.041139621e-06	-10
6.094349373e-06	3.041139621e-06	-10
6.094349373e-06	3.041139621e-06	-10
6.094349373e-06	3.041139621e-06	-10
6.094349373e-06	3.041139621e-06	-10
6.094349373e-06	3.041139621e-06	-10
6.094349373e-06	3.041139621e-06	-10
6.094349373e-06	3.041139621e-06	-10
6.094349373e-06	3.041139621e-06	-10
6.094349373e-06	3.041139621e-06	-10
6.094349373e-06	3.041139621e-06	-10
6.094349373e-06	3.041139621e-06	-10
6.094349373e-06	3.041139621e-06	-10
6.094349373e-06	3.041139621e-06	-10
6.094349373e-06	3.041139621e-06	-10
6.094349373e-06	3.041139621e-06	-10
6.094349373e-06	3.041139621e-06	0
6.104125473e-06	3.026645957e-06	0
6.113901573e-06	3.012152294e-06	0
6.123677672e-06	2.99765863e-06	0
6.133453772e-06	2.983164966e-06	0
6.133453772e-06	2.983164966e-06	-10
6.133453772e-06	2.983164966e-06	-10
6.133453772e-06	2.983164966e-06	-10
6.133453772e-06	2.983164966e-06	-10
6.133453772e-06	2.983164966e-06	-10
6.133453772e-06	2.983164966e-06	-10
6.133453772e-06	2.983164966e-06	-10
6.133453772e-06	2.983164966e-06	-10
6.133453772e-06	2.983164966e-06	-10
6.133453772e-06	2.983164966e-06	-10
6.133453772e-06	2.983164966e-06	-10
6.133453772e-06	2.983164966e-06	-10
6.133453772e-06	2.983164966e-06	-10
6.133453772e-06	2.983164966e-06	-10
6.133453772e-06	2.983164966e-06	-10
6.133453772e-06	2.983164966e-06	-10
6.133453772e-06	2.983164966e-06	-10
6.133453772e-06	2.983164966e-06	-10
6.133453772e-06	2.983164966e-06	-10
6.133453772e-06	2.983164966e-06	-10
6.133453772e-06	2.983164966e-06	-10
6.133453772e-06	2.983164966e-06	-10
6.133453772e-06	2.983164966e-06	-10
6.133453772e-06	2.983164966e-06	-10
6.133453772e-06	2.983164966e-06	-10
6.133453772e-06	2.983164966e-06	0
6.143229872e-06	2.968671302e-06	0
6.153005972e-06	2.954177638e-06	0
6.162782071e-06	2.939683974e-06	0
6.172558171e-06	2.92519031e-06	0
6.172558171e-06	2.92519031e-06	-10
6.172558171e-06	2.92519031e-06	-10
6.172558171e-06	2.92519031e-06	-10
6.172558171e-06	2.92519031e-06	-10
6.172558171e-06	2.92519031e-06	-10
6.172558171e-06	2.92519031e-06	-10
6.172558171e-06	2.92519031e-06	-10
6.172558171e-06	2.92519031e-06	-10
6.172558171e-06	2.92519031e-06	-10
6.172558171e-06	2.92519031e-06	-10
6.172558171e-06	2.92519031e-06	-10
6.172558171e-06	2.92519031e-06	-10
6.172558171e-06	2.92519031e-06	-10
6.172558171e-06	2.92519031e-06	-10
6.172558171e-06	2.92519031e-06	-10
6.172558171e-06	2.92519031e-06	-10
6.172558171e-06	2.92519031e-06	-10
6.172558171e-06	2.92519031e-06	-10
6.172558171e-06	2.92519031e-06	-10
6.172558171e-06	2.92519031e-06	-10
6.172558171e-06	2.92519031e-06	-10
6.172558171e-06	2.92519031e-06	-10
6.172558171e-06	2.92519031e-06	-10
6.172558171e-06	2.92519031e-06	-10
6.172558171e-06	2.92519031e-06	-10
6.172558171e-06	2.92519031e-06	0
6.182334271e-06	2.910696647e-06	0
6.19211037e-06	2.896202983e-06	0
6.20188647e-06	2.881709319e-06	0
6.21166257e-06	2.867215655e-06	0
6.21166257e-06	2.867215655e-06	-10
6.21166257e-06	2.867215655e-06	-10
6.21166257e-06	2.867215655e-06	-10
6.21166257e-06	2.867215655e-06	-10
6.21166257e-06	2.867215655e-06	-10
6.21166257e-06	2.867215655e-06	-10
6.21166257e-06	2.867215655e-06	-10
6.21166257e-06	2.867215655e-06	-10
6.21166257e-06	2.867215655e-06	-10
6.21166257e-06	2.867215655e-06	-10
6.21166257e-06	2.867215655e-06	-10
6.21166257e-06	2.867215655e-06	-10
6.21166257e-06	2.867215655e-06	-10
6.21166257e-06	2.867215655e-06	-10
6.21166257e-06	2.867215655e-06	-10
6.21166257e-06	2.867215655e-06	-10
6.21166257e-06	2.867215655e-06	-10
6.21166257e-06	2.867215655e-06	-10
6.21166257e-06	2.867215655e-06	-10
6.21166257e-06	2.867215655e-06	-10
6.21166257e-06	2.867215655e-06	-10
6.21166257e-06	2.867215655e-06	-10
6.21166257e-06	2.867215655e-06	-10
6.21166257e-06	2.867215655e-06	-10
6.21166257e-06	2.867215655e-06	-10
6.21166257e-06	2.867215655e-06	0
6.22143867e-06	2.852721991e-06	0
6.231214769e-06	2.838228327e-06	0
6.240990869e-06	2.823734663e-06	0
6.250766969e-06	2.809241e-06	0
6.250766969e-06	2.809241e-06	-10
6.250766969e-06	2.809241e-06	-10
6.250766969e-06	2.809241e-06	-10
6.250766969e-06	2.809241e-06	-10
6.250766969e-06	2.809241e-06	-10
6.250766969e-06	2.809241e-06	-10
6.250766969e-06	2.809241e-06	-10
6.250766969e-06	2.809241e-06	-10
6.250766969e-06	2.809241e-06	-10
6.250766969e-06	2.809241e-06	-10
6.250766969e-06	2.809241e-06	-10
6.250766969e-06	2.809241e-06	-10
6.250766969e-06	2.809241e-06	-10
6.250766969e-06	2.809241e-06	-10
6.250766969e-06	2.809241e-06	-10
6.250766969e-06	2.809241e-06	-10
6.250766969e-06	2.809241e-06	-10
6.250766969e-06	2.809241e-06	-10
6.250766969e-06	2.809241e-06	-10
6.250766969e-06	2.809241e-06	-10
6.250766969e-06	2.809241e-06	-10
6.250766969e-06	2.809241e-06	-10
6.250766969e-06	2.809241e-06	-10
6.250766969e-06	2.809241e-06	-10
6.250766969e-06	2.809241e-06	-10
6.250766969e-06	2.809241e-06	0
6.260543068e-06	2.794747336e-06	0
6.270319168e-06	2.780253672e-06	0
6.280095268e-06	2.765760008e-06	0
6.289871368e-06	2.751266344e-06	0
6.289871368e-06	2.751266344e-06	-10
6.289871368e-06	2.751266344e-06	-10
6.289871368e-06	2.751266344e-06	-10
6.289871368e-06	2.751266344e-06	-10
6.289871368e-06	2.751266344e-06	-10
6.289871368e-06	2.751266344e-06	-10
6.289871368e-06	2.751266344e-06	-10
6.289871368e-06	2.751266344e-06	-10
6.289871368e-06	2.751266344e-06	-10
6.289871368e-06	2.751266344e-06	-10
6.289871368e-06	2.751266344e-06	-10
6.289871368e-06	2.751266344e-06	-10
6.289871368e-06	2.751266344e-06	-10
6.289871368e-06	2.751266344e-06	-10
6.289871368e-06	2.751266344e-06	-10
6.289871368e-06	2.751266344e-06	-10
6.289871368e-06	2.751266344e-06	-10
6.289871368e-06	2.751266344e-06	-10
6.289871368e-06	2.751266344e-06	-10
6.289871368e-06	2.751266344e-06	-10
6.289871368e-06	2.751266344e-06	-10
6.289871368e-06	2.751266344e-06	-10
6.289871368e-06	2.751266344e-06	-10
6.289871368e-06	2.751266344e-06	-10
6.289871368e-06	2.751266344e-06	-10
6.289871368e-06	2.751266344e-06	0
6.299647467e-06	2.73677268e-06	0
6.309423567e-06	2.722279016e-06	0
6.319199667e-06	2.707785353e-06	0
6.328975766e-06	2.693291689e-06	0
6.328975766e-06	2.693291689e-06	-10
6.328975766e-06	2.693291689e-06	-10
6.328975766e-06	2.693291689e-06	-10
6.328975766e-06	2.693291689e-06	-10
6.328975766e-06	2.693291689e-06	-10
6.328975766e-06	2.693291689e-06	-10
6.328975766e-06	2.693291689e-06	-10
6.328975766e-06	2.693291689e-06	-10
6.328975766e-06	2.693291689e-06	-10
6.328975766e-06	2.693291689e-06	-10
6.328975766e-06	2.693291689e-06	-10
6.328975766e-06	2.693291689e-06	-10
6.328975766e-06	2.693291689e-06	-10
6.328975766e-06	2.693291689e-06	-10
6.328975766e-06	2.693291689e-06	-10
6.328975766e-06	2.693291689e-06	-10
6.328975766e-06	2.693291689e-06	-10
6.328975766e-06	2.693291689e-06	-10
6.328975766e-06	2.693291689e-06	-10
6.328975766e-06	2.693291689e-06	-10
6.328975766e-06	2.693291689e-06	-10
6.328975766e-06	2.693291689e-06	-10
6.328975766e-06	2.693291689e-06	-10
6.328975766e-06	2.693291689e-06	-10
6.328975766e-06	2.693291689e-06	-10
6.328975766e-06	2.693291689e-06	0
6.338751866e-06	2.678798025e-06	0
6.348527966e-06	2.664304361e-06	0
6.358304066e-06	2.649810697e-06	0
6.368080165e-06	2.635317033e-06	0
6.368080165e-06	2.635317033e-06	-10
6.368080165e-06	2.635317033e-06	-10
6.368080165e-06	2.635317033e-06	-10
6.368080165e-06	2.635317033e-06	-10
6.368080165e-06	2.635317033e-06	-10
6.368080165e-06	2.635317033e-06	-10
6.368080165e-06	2.635317033e-06	-10
6.368080165e-06	2.635317033e-06	-10
6.368080165e-06	2.635317033e-06	-10
6.368080165e-06	2.635317033e-06	-10
6.368080165e-06	2.635317033e-06	-10
6.368080165e-06	2.635317033e-06	-10
6.368080165e-06	2.635317033e-06	-10
6.368080165e-06	2.635317033e-06	-10
6.368080165e-06	2.635317033e-06	-10
6.368080165e-06	2.635317033e-06	-10
6.368080165e-06	2.635317033e-06	-10
6.368080165e-06	2.635317033e-06	-10
6.368080165e-06	2.635317033e-06	-10
6.368080165e-06	2.635317033e-06	-10
6.368080165e-06	2.635317033e-06	-10
6.368080165e-06	2.635317033e-06	-10
6.368080165e-06	2.635317033e-06	-10
6.368080165e-06	2.635317033e-06	-10
6.368080165e-06	2.635317033e-06	-10
6.368080165e-06	2.635317033e-06	0
6.377856265e-06	2.620823369e-06	0
6.387632365e-06	2.606329706e-06	0
6.397408464e-06	2.591836042e-06	0
6.407184564e-06	2.577342378e-06	0
6.407184564e-06	2.577342378e-06	-10
6.407184564e-06	2.577342378e-06	-10
6.407184564e-06	2.577342378e-06	-10
6.407184564e-06	2.577342378e-06	-10
6.407184564e-06	2.577342378e-06	-10
6.407184564e-06	2.577342378e-06	-10
6.407184564e-06	2.577342378e-06	-10
6.407184564e-06	2.577342378e-06	-10
6.407184564e-06	2.577342378e-06	-10
6.407184564e-06	2.577342378e-06	-10
6.407184564e-06	2.577342378e-06	-10
6.407184564e-06	2.577342378e-06	-10
6.407184564e-06	2.577342378e-06	-10
6.407184564e-06	2.577342378e-06	-10
6.407184564e-06	2.577342378e-06	-10
6.407184564e-06	2.577342378e-06	-10
6.407184564e-06	2.577342378e-06	-10
6.407184564e-06	2.577342378e-06	-10
6.407184564e-06	2.577342378e-06	-10
6.407184564e-06	2.577342378e-06	-10
6.407184564e-06	2.577342378e-06	-10
6.407184564e-06	2.577342378e-06	-10
6.407184564e-06	2.577342378e-06	-10
6.407184564e-06	2.577342378e-06	-10
6.407184564e-06	2.577342378e-06	-10
6.407184564e-06	2.577342378e-06	0
6.416960664e-06	2.562848714e-06	0
6.426736763e-06	2.54835505e-06	0
6.436512863e-06	2.533861386e-06	0
6.446288963e-06	2.519367722e-06	0
6.446288963e-06	2.519367722e-06	-10
6.446288963e-06	2.519367722e-06	-10
6.446288963e-06	2.519367722e-06	-10
6.446288963e-06	2.519367722e-06	-10
6.446288963e-06	2.519367722e-06	-10
6.446288963e-06	2.519367722e-06	-10
6.446288963e-06	2.519367722e-06	-10
6.446288963e-06	2.519367722e-06	-10
6.446288963e-06	2.519367722e-06	-10
6.446288963e-06	2.519367722e-06	-10
6.446288963e-06	2.519367722e-06	-10
6.446288963e-06	2.519367722e-06	-10
6.446288963e-06	2.519367722e-06	-10
6.446288963e-06	2.519367722e-06	-10
6.446288963e-06	2.519367722e-06	-10
6.446288963e-06	2.519367722e-06	-10
6.446288963e-06	2.519367722e-06	-10
6.446288963e-06	2.519367722e-06	-10
6.446288963e-06	2.519367722e-06	-10
6.446288963e-06	2.519367722e-06	-10
6.446288963e-06	2.519367722e-06	-10
6.446288963e-06	2.519367722e-06	-10
6.446288963e-06	2.519367722e-06	-10
6.446288963e-06	2.519367722e-06	-10
6.446288963e-06	2.519367722e-06	-10
6.446288963e-06	2.519367722e-06	0
6.456065063e-06	2.504874059e-06	0
6.465841162e-06	2.490380395e-06	0
6.475617262e-06	2.475886731e-06	0
6.485393362e-06	2.461393067e-06	0
6.485393362e-06	2.461393067e-06	-10
6.485393362e-06	2.461393067e-06	-10
6.485393362e-06	2.461393067e-06	-10
6.485393362e-06	2.461393067e-06	-10
6.485393362e-06	2.461393067e-06	-10
6.485393362e-06	2.461393067e-06	-10
6.485393362e-06	2.461393067e-06	-10
6.485393362e-06	2.461393067e-06	-10
6.485393362e-06	2.461393067e-06	-10
6.485393362e-06	2.461393067e-06	-10
6.485393362e-06	2.461393067e-06	-10
6.485393362e-06	2.461393067e-06	-10
6.485393362e-06	2.461393067e-06	-10
6.485393362e-06	2.461393067e-06	-10
6.485393362e-06	2.461393067e-06	-10
6.485393362e-06	2.461393067e-06	-10
6.485393362e-06	2.461393067e-06	-10
6.485393362e-06	2.461393067e-06	-10
6.485393362e-06	2.461393067e-06	-10
6.485393362e-06	2.461393067e-06	-10
6.485393362e-06	2.461393067e-06	-10
6.485393362e-06	2.461393067e-06	-10
6.485393362e-06	2.461393067e-06	-10
6.485393362e-06	2.461393067e-06	-10
6.485393362e-06	2.461393067e-06	-10
6.485393362e-06	2.461393067e-06	0
6.495169461e-06	2.446899403e-06	0
6.504945561e-06	2.432405739e-06	0
6.514721661e-06	2.417912076e-06	0
6.524497761e-06	2.403418412e-06	0
6.524497761e-06	2.403418412e-06	-10
6.524497761e-06	2.403418412e-06	-10
6.524497761e-06	2.403418412e-06	-10
6.524497761e-06	2.403418412e-06	-10
6.524497761e-06	2.403418412e-06	-10
6.524497761e-06	2.403418412e-06	-10
6.524497761e-06	2.403418412e-06	-10
6.524497761e-06	2.403418412e-06	-10
6.524497761e-06	2.403418412e-06	-10
6.524497761e-06	2.403418412e-06	-10
6.524497761e-06	2.403418412e-06	-10
6.524497761e-06	2.403418412e-06	-10
6.524497761e-06	2.403418412e-06	-10
6.524497761e-06	2.403418412e-06	-10
6.524497761e-06	2.403418412e-06	-10
6.524497761e-06	2.403418412e-06	-10
6.524497761e-06	2.403418412e-06	-10
6.524497761e-06	2.403418412e-06	-10
6.524497761e-06	2.403418412e-06	-10
6.524497761e-06	2.403418412e-06	-10
6.524497761e-06	2.403418412e-06	-10
6.524497761e-06	2.403418412e-06	-10
6.524497761e-06	2.403418412e-06	-10
6.524497761e-06	2.403418412e-06	-10
6.524497761e-06	2.403418412e-06	-10
6.524497761e-06	2.403418412e-06	0
6.53427386e-06	2.388924748e-06	0
6.54404996e-06	2.374431084e-06	0
6.55382606e-06	2.35993742e-06	0
6.563602159e-06	2.345443756e-06	0
6.563602159e-06	2.345443756e-06	-10
6.563602159e-06	2.345443756e-06	-10
6.563602159e-06	2.345443756e-06	-10
6.563602159e-06	2.345443756e-06	-10
6.563602159e-06	2.345443756e-06	-10
6.563602159e-06	2.345443756e-06	-10
6.563602159e-06	2.345443756e-06	-10
6.563602159e-06	2.345443756e-06	-10
6.563602159e-06	2.345443756e-06	-10
6.563602159e-06	2.345443756e-06	-10
6.563602159e-06	2.345443756e-06	-10
6.563602159e-06	2.345443756e-06	-10
6.563602159e-06	2.345443756e-06	-10
6.563602159e-06	2.345443756e-06	-10
6.563602159e-06	2.345443756e-06	-10
6.563602159e-06	2.345443756e-06	-10
6.563602159e-06	2.345443756e-06	-10
6.563602159e-06	2.345443756e-06	-10
6.563602159e-06	2.345443756e-06	-10
6.563602159e-06	2.345443756e-06	-10
6.563602159e-06	2.345443756e-06	-10
6.563602159e-06	2.345443756e-06	-10
6.563602159e-06	2.345443756e-06	-10
6.563602159e-06	2.345443756e-06	-10
6.563602159e-06	2.345443756e-06	-10
