# X_m	Y_m	V
1.809099083e-06	2.541137918e-06	10
1.809099083e-06	2.541137918e-06	10
1.809099083e-06	2.541137918e-06	10
1.809099083e-06	2.541137918e-06	10
1.809099083e-06	2.541137918e-06	10
1.809099083e-06	2.541137918e-06	10
1.809099083e-06	2.541137918e-06	10
1.809099083e-06	2.541137918e-06	10
1.809099083e-06	2.541137918e-06	10
1.809099083e-06	2.541137918e-06	10
1.809099083e-06	2.541137918e-06	10
1.809099083e-06	2.541137918e-06	10
1.809099083e-06	2.541137918e-06	10
1.809099083e-06	2.541137918e-06	10
1.809099083e-06	2.541137918e-06	10
1.809099083e-06	2.541137918e-06	10
1.809099083e-06	2.541137918e-06	10
1.809099083e-06	2.541137918e-06	10
1.809099083e-06	2.541137918e-06	10
1.809099083e-06	2.541137918e-06	10
1.809099083e-06	2.541137918e-06	10
1.809099083e-06	2.541137918e-06	10
1.809099083e-06	2.541137918e-06	10
1.809099083e-06	2.541137918e-06	10
1.809099083e-06	2.541137918e-06	10
1.809099083e-06	2.541137918e-06	0
1.825915111e-06	2.550846656e-06	0
1.842731138e-06	2.560555394e-06	0
1.859547165e-06	2.570264132e-06	0
1.876363192e-06	2.57997287e-06	0
1.89317922e-06	2.589681608e-06	0
1.909995247e-06	2.599390345e-06	0
1.926811274e-06	2.609099083e-06	0
1.943627301e-06	2.618807821e-06	0
1.960443329e-06	2.628516559e-06	0
1.977259356e-06	2.638225297e-06	0
1.977259356e-06	2.638225297e-06	10
1.977259356e-06	2.638225297e-06	10
1.977259356e-06	2.638225297e-06	10
1.977259356e-06	2.638225297e-06	10
1.977259356e-06	2.638225297e-06	10
1.977259356e-06	2.638225297e-06	10
1.977259356e-06	2.638225297e-06	10
1.977259356e-06	2.638225297e-06	10
1.977259356e-06	2.638225297e-06	10
1.977259356e-06	2.638225297e-06	10
1.977259356e-06	2.638225297e-06	10
1.977259356e-06	2.638225297e-06	10
1.977259356e-06	2.638225297e-06	10
1.977259356e-06	2.638225297e-06	10
1.977259356e-06	2.638225297e-06	10
1.977259356e-06	2.638225297e-06	10
1.977259356e-06	2.638225297e-06	10
1.977259356e-06	2.638225297e-06	10
1.977259356e-06	2.638225297e-06	10
1.977259356e-06	2.638225297e-06	10
1.977259356e-06	2.638225297e-06	10
1.977259356e-06	2.638225297e-06	10
1.977259356e-06	2.638225297e-06	10
1.977259356e-06	2.638225297e-06	10
1.977259356e-06	2.638225297e-06	10
1.977259356e-06	2.638225297e-06	0
1.994075383e-06	2.647934035e-06	0
2.01089141e-06	2.657642773e-06	0
2.027707438e-06	2.667351511e-06	0
2.044523465e-06	2.677060248e-06	0
2.061339492e-06	2.686768986e-06	0
2.078155519e-06	2.696477724e-06	0
2.094971547e-06	2.706186462e-06	0
2.111787574e-06	2.7158952e-06	0
2.128603601e-06	2.725603938e-06	0
2.145419628e-06	2.735312676e-06	0
2.145419628e-06	2.735312676e-06	10
2.145419628e-06	2.735312676e-06	10
2.145419628e-06	2.735312676e-06	10
2.145419628e-06	2.735312676e-06	10
2.145419628e-06	2.735312676e-06	10
2.145419628e-06	2.735312676e-06	10
2.145419628e-06	2.735312676e-06	10
2.145419628e-06	2.735312676e-06	10
2.145419628e-06	2.735312676e-06	10
2.145419628e-06	2.735312676e-06	10
2.145419628e-06	2.735312676e-06	10
2.145419628e-06	2.735312676e-06	10
2.145419628e-06	2.735312676e-06	10
2.145419628e-06	2.735312676e-06	10
2.145419628e-06	2.735312676e-06	10
2.145419628e-06	2.735312676e-06	10
2.145419628e-06	2.735312676e-06	10
2.145419628e-06	2.735312676e-06	10
2.145419628e-06	2.735312676e-06	10
2.145419628e-06	2.735312676e-06	10
2.145419628e-06	2.735312676e-06	10
2.145419628e-06	2.735312676e-06	10
2.145419628e-06	2.735312676e-06	10
2.145419628e-06	2.735312676e-06	10
2.145419628e-06	2.735312676e-06	10
2.145419628e-06	2.735312676e-06	0
2.162235656e-06	2.745021413e-06	0
2.179051683e-06	2.754730151e-06	0
2.19586771e-06	2.764438889e-06	0
2.212683738e-06	2.774147627e-06	0
2.229499765e-06	2.783856365e-06	0
2.246315792e-06	2.793565103e-06	0
2.263131819e-06	2.803273841e-06	0
2.279947847e-06	2.812982578e-06	0
2.296763874e-06	2.822691316e-06	0
2.313579901e-06	2.832400054e-06	0
2.313579901e-06	2.832400054e-06	10
2.313579901e-06	2.832400054e-06	10
2.313579901e-06	2.832400054e-06	10
2.313579901e-06	2.832400054e-06	10
2.313579901e-06	2.832400054e-06	10
2.313579901e-06	2.832400054e-06	10
2.313579901e-06	2.832400054e-06	10
2.313579901e-06	2.832400054e-06	10
2.313579901e-06	2.832400054e-06	10
2.313579901e-06	2.832400054e-06	10
2.313579901e-06	2.832400054e-06	10
2.313579901e-06	2.832400054e-06	10
2.313579901e-06	2.832400054e-06	10
2.313579901e-06	2.832400054e-06	10
2.313579901e-06	2.832400054e-06	10
2.313579901e-06	2.832400054e-06	10
2.313579901e-06	2.832400054e-06	10
2.313579901e-06	2.832400054e-06	10
2.313579901e-06	2.832400054e-06	10
2.313579901e-06	2.832400054e-06	10
2.313579901e-06	2.832400054e-06	10
2.313579901e-06	2.832400054e-06	10
2.313579901e-06	2.832400054e-06	10
2.313579901e-06	2.832400054e-06	10
2.313579901e-06	2.832400054e-06	10
2.313579901e-06	2.832400054e-06	0
2.330395928e-06	2.842108792e-06	0
2.347211956e-06	2.85181753e-06	0
2.364027983e-06	2.861526268e-06	0
2.38084401e-06	2.871235006e-06	0
2.397660037e-06	2.880943744e-06	0
2.414476065e-06	2.890652481e-06	0
2.431292092e-06	2.900361219e-06	0
2.448108119e-06	2.910069957e-06	0
2.464924146e-06	2.919778695e-06	0
2.481740174e-06	2.929487433e-06	0
2.481740174e-06	2.929487433e-06	10
2.481740174e-06	2.929487433e-06	10
2.481740174e-06	2.929487433e-06	10
2.481740174e-06	2.929487433e-06	10
2.481740174e-06	2.929487433e-06	10
2.481740174e-06	2.929487433e-06	10
2.481740174e-06	2.929487433e-06	10
2.481740174e-06	2.929487433e-06	10
2.481740174e-06	2.929487433e-06	10
2.481740174e-06	2.929487433e-06	10
2.481740174e-06	2.929487433e-06	10
2.481740174e-06	2.929487433e-06	10
2.481740174e-06	2.929487433e-06	10
2.481740174e-06	2.929487433e-06	10
2.481740174e-06	2.929487433e-06	10
2.481740174e-06	2.929487433e-06	10
2.481740174e-06	2.929487433e-06	10
2.481740174e-06	2.929487433e-06	10
2.481740174e-06	2.929487433e-06	10
2.481740174e-06	2.929487433e-06	10
2.481740174e-06	2.929487433e-06	10
2.481740174e-06	2.929487433e-06	10
2.481740174e-06	2.929487433e-06	10
2.481740174e-06	2.929487433e-06	10
2.481740174e-06	2.929487433e-06	10
2.481740174e-06	2.929487433e-06	0
2.498556201e-06	2.939196171e-06	0
2.515372228e-06	2.948904909e-06	0
2.532188255e-06	2.958613646e-06	0
2.549004283e-06	2.968322384e-06	0
2.56582031e-06	2.978031122e-06	0
2.582636337e-06	2.98773986e-06	0
2.599452364e-06	2.997448598e-06	0
2.616268392e-06	3.007157336e-06	0
2.633084419e-06	3.016866074e-06	0
2.649900446e-06	3.026574811e-06	0
2.649900446e-06	3.026574811e-06	10
2.649900446e-06	3.026574811e-06	10
2.649900446e-06	3.026574811e-06	10
2.649900446e-06	3.026574811e-06	10
2.649900446e-06	3.026574811e-06	10
2.649900446e-06	3.026574811e-06	10
2.649900446e-06	3.026574811e-06	10
2.649900446e-06	3.026574811e-06	10
2.649900446e-06	3.026574811e-06	10
2.649900446e-06	3.026574811e-06	10
2.649900446e-06	3.026574811e-06	10
2.649900446e-06	3.026574811e-06	10
2.649900446e-06	3.026574811e-06	10
2.649900446e-06	3.026574811e-06	10
2.649900446e-06	3.026574811e-06	10
2.649900446e-06	3.026574811e-06	10
2.649900446e-06	3.026574811e-06	10
2.649900446e-06	3.026574811e-06	10
2.649900446e-06	3.026574811e-06	10
2.649900446e-06	3.026574811e-06	10
2.649900446e-06	3.026574811e-06	10
2.649900446e-06	3.026574811e-06	10
2.649900446e-06	3.026574811e-06	10
2.649900446e-06	3.026574811e-06	10
2.649900446e-06	3.026574811e-06	10
2.649900446e-06	3.026574811e-06	0
2.666716473e-06	3.036283549e-06	0
2.683532501e-06	3.045992287e-06	0
2.700348528e-06	3.055701025e-06	0
2.717164555e-06	3.065409763e-06	0
2.733980583e-06	3.075118501e-06	0
2.75079661e-06	3.084827239e-06	0
2.767612637e-06	3.094535977e-06	0
2.784428664e-06	3.104244714e-06	0
2.801244692e-06	3.113953452e-06	0
2.818060719e-06	3.12366219e-06	0
2.818060719e-06	3.12366219e-06	10
2.818060719e-06	3.12366219e-06	10
2.818060719e-06	3.12366219e-06	10
2.818060719e-06	3.12366219e-06	10
2.818060719e-06	3.12366219e-06	10
2.818060719e-06	3.12366219e-06	10
2.818060719e-06	3.12366219e-06	10
2.818060719e-06	3.12366219e-06	10
2.818060719e-06	3.12366219e-06	10
2.818060719e-06	3.12366219e-06	10
2.818060719e-06	3.12366219e-06	10
2.818060719e-06	3.12366219e-06	10
2.818060719e-06	3.12366219e-06	10
2.818060719e-06	3.12366219e-06	10
2.818060719e-06	3.12366219e-06	10
2.818060719e-06	3.12366219e-06	10
2.818060719e-06	3.12366219e-06	10
2.818060719e-06	3.12366219e-06	10
2.818060719e-06	3.12366219e-06	10
2.818060719e-06	3.12366219e-06	10
2.818060719e-06	3.12366219e-06	10
2.818060719e-06	3.12366219e-06	10
2.818060719e-06	3.12366219e-06	10
2.818060719e-06	3.12366219e-06	10
2.818060719e-06	3.12366219e-06	10
2.818060719e-06	3.12366219e-06	0
2.834876746e-06	3.133370928e-06	0
2.851692773e-06	3.143079666e-06	0
2.868508801e-06	3.152788404e-06	0
2.885324828e-06	3.162497142e-06	0
2.902140855e-06	3.172205879e-06	0
2.918956882e-06	3.181914617e-06	0
2.93577291e-06	3.191623355e-06	0
2.952588937e-06	3.201332093e-06	0
2.969404964e-06	3.211040831e-06	0
2.986220991e-06	3.220749569e-06	0
2.986220991e-06	3.220749569e-06	10
2.986220991e-06	3.220749569e-06	10
2.986220991e-06	3.220749569e-06	10
2.986220991e-06	3.220749569e-06	10
2.986220991e-06	3.220749569e-06	10
2.986220991e-06	3.220749569e-06	10
2.986220991e-06	3.220749569e-06	10
2.986220991e-06	3.220749569e-06	10
2.986220991e-06	3.220749569e-06	10
2.986220991e-06	3.220749569e-06	10
2.986220991e-06	3.220749569e-06	10
2.986220991e-06	3.220749569e-06	10
2.986220991e-06	3.220749569e-06	10
2.986220991e-06	3.220749569e-06	10
2.986220991e-06	3.220749569e-06	10
2.986220991e-06	3.220749569e-06	10
2.986220991e-06	3.220749569e-06	10
2.986220991e-06	3.220749569e-06	10
2.986220991e-06	3.220749569e-06	10
2.986220991e-06	3.220749569e-06	10
2.986220991e-06	3.220749569e-06	10
2.986220991e-06	3.220749569e-06	10
2.986220991e-06	3.220749569e-06	10
2.986220991e-06	3.220749569e-06	10
2.986220991e-06	3.220749569e-06	10
2.986220991e-06	3.220749569e-06	0
3.003037019e-06	3.230458307e-06	0
3.019853046e-06	3.240167045e-06	0
3.036669073e-06	3.249875782e-06	0
3.0534851e-06	3.25958452e-06	0
3.070301128e-06	3.269293258e-06	0
3.087117155e-06	3.279001996e-06	0
3.103933182e-06	3.288710734e-06	0
3.120749209e-06	3.298419472e-06	0
3.137565237e-06	3.30812821e-06	0
3.154381264e-06	3.317836947e-06	0
3.154381264e-06	3.317836947e-06	10
3.154381264e-06	3.317836947e-06	10
3.154381264e-06	3.317836947e-06	10
3.154381264e-06	3.317836947e-06	10
3.154381264e-06	3.317836947e-06	10
3.154381264e-06	3.317836947e-06	10
3.154381264e-06	3.317836947e-06	10
3.154381264e-06	3.317836947e-06	10
3.154381264e-06	3.317836947e-06	10
3.154381264e-06	3.317836947e-06	10
3.154381264e-06	3.317836947e-06	10
3.154381264e-06	3.317836947e-06	10
3.154381264e-06	3.317836947e-06	10
3.154381264e-06	3.317836947e-06	10
3.154381264e-06	3.317836947e-06	10
3.154381264e-06	3.317836947e-06	10
3.154381264e-06	3.317836947e-06	10
3.154381264e-06	3.317836947e-06	10
3.154381264e-06	3.317836947e-06	10
3.154381264e-06	3.317836947e-06	10
3.154381264e-06	3.317836947e-06	10
3.154381264e-06	3.317836947e-06	10
3.154381264e-06	3.317836947e-06	10
3.154381264e-06	3.317836947e-06	10
3.154381264e-06	3.317836947e-06	10
3.154381264e-06	3.317836947e-06	0
3.171197291e-06	3.327545685e-06	0
3.188013318e-06	3.337254423e-06	0
3.204829346e-06	3.346963161e-06	0
3.221645373e-06	3.356671899e-06	0
3.2384614e-06	3.366380637e-06	0
3.255277428e-06	3.376089375e-06	0
3.272093455e-06	3.385798112e-06	0
3.288909482e-06	3.39550685e-06	0
3.305725509e-06	3.405215588e-06	0
3.322541537e-06	3.414924326e-06	0
3.322541537e-06	3.414924326e-06	10
3.322541537e-06	3.414924326e-06	10
3.322541537e-06	3.414924326e-06	10
3.322541537e-06	3.414924326e-06	10
3.322541537e-06	3.414924326e-06	10
3.322541537e-06	3.414924326e-06	10
3.322541537e-06	3.414924326e-06	10
3.322541537e-06	3.414924326e-06	10
3.322541537e-06	3.414924326e-06	10
3.322541537e-06	3.414924326e-06	10
3.322541537e-06	3.414924326e-06	10
3.322541537e-06	3.414924326e-06	10
3.322541537e-06	3.414924326e-06	10
3.322541537e-06	3.414924326e-06	10
3.322541537e-06	3.414924326e-06	10
3.322541537e-06	3.414924326e-06	10
3.322541537e-06	3.414924326e-06	10
3.322541537e-06	3.414924326e-06	10
3.322541537e-06	3.414924326e-06	10
3.322541537e-06	3.414924326e-06	10
3.322541537e-06	3.414924326e-06	10
3.322541537e-06	3.414924326e-06	10
3.322541537e-06	3.414924326e-06	10
3.322541537e-06	3.414924326e-06	10
3.322541537e-06	3.414924326e-06	10
3.322541537e-06	3.414924326e-06	0
3.339357564e-06	3.424633064e-06	0
3.356173591e-06	3.434341802e-06	0
3.372989618e-06	3.44405054e-06	0
3.389805646e-06	3.453759278e-06	0
3.406621673e-06	3.463468015e-06	0
3.4234377e-06	3.473176753e-06	0
3.440253727e-06	3.482885491e-06	0
3.457069755e-06	3.492594229e-06	0
3.473885782e-06	3.502302967e-06	0
3.490701809e-06	3.512011705e-06	0
3.490701809e-06	3.512011705e-06	10
3.490701809e-06	3.512011705e-06	10
3.490701809e-06	3.512011705e-06	10
3.490701809e-06	3.512011705e-06	10
3.490701809e-06	3.512011705e-06	10
3.490701809e-06	3.512011705e-06	10
3.490701809e-06	3.512011705e-06	10
3.490701809e-06	3.512011705e-06	10
3.490701809e-06	3.512011705e-06	10
3.490701809e-06	3.512011705e-06	10
3.490701809e-06	3.512011705e-06	10
3.490701809e-06	3.512011705e-06	10
3.490701809e-06	3.512011705e-06	10
3.490701809e-06	3.512011705e-06	10
3.490701809e-06	3.512011705e-06	10
3.490701809e-06	3.512011705e-06	10
3.490701809e-06	3.512011705e-06	10
3.490701809e-06	3.512011705e-06	10
3.490701809e-06	3.512011705e-06	10
3.490701809e-06	3.512011705e-06	10
3.490701809e-06	3.512011705e-06	10
3.490701809e-06	3.512011705e-06	10
3.490701809e-06	3.512011705e-06	10
3.490701809e-06	3.512011705e-06	10
3.490701809e-06	3.512011705e-06	10
3.490701809e-06	3.512011705e-06	0
3.507517836e-06	3.521720443e-06	0
3.524333864e-06	3.53142918e-06	0
3.541149891e-06	3.541137918e-06	0
3.557965918e-06	3.550846656e-06	0
3.574781945e-06	3.560555394e-06	0
3.591597973e-06	3.570264132e-06	0
3.608414e-06	3.57997287e-06	0
3.625230027e-06	3.589681608e-06	0
3.642046054e-06	3.599390345e-06	0
3.658862082e-06	3.609099083e-06	0
3.658862082e-06	3.609099083e-06	10
3.658862082e-06	3.609099083e-06	10
3.658862082e-06	3.609099083e-06	10
3.658862082e-06	3.609099083e-06	10
3.658862082e-06	3.609099083e-06	10
3.658862082e-06	3.609099083e-06	10
3.658862082e-06	3.609099083e-06	10
3.658862082e-06	3.609099083e-06	10
3.658862082e-06	3.609099083e-06	10
3.658862082e-06	3.609099083e-06	10
3.658862082e-06	3.609099083e-06	10
3.658862082e-06	3.609099083e-06	10
3.658862082e-06	3.609099083e-06	10
3.658862082e-06	3.609099083e-06	10
3.658862082e-06	3.609099083e-06	10
3.658862082e-06	3.609099083e-06	10
3.658862082e-06	3.609099083e-06	10
3.658862082e-06	3.609099083e-06	10
3.658862082e-06	3.609099083e-06	10
3.658862082e-06	3.609099083e-06	10
3.658862082e-06	3.609099083e-06	10
3.658862082e-06	3.609099083e-06	10
3.658862082e-06	3.609099083e-06	10
3.658862082e-06	3.609099083e-06	10
3.658862082e-06	3.609099083e-06	10
3.658862082e-06	3.609099083e-06	0
3.640835689e-06	3.600767594e-06	0
3.622809297e-06	3.592436104e-06	0
3.604782905e-06	3.584104614e-06	0
3.586756512e-06	3.575773124e-06	0
3.56873012e-06	3.567441635e-06	0
3.550703727e-06	3.559110145e-06	0
3.532677335e-06	3.550778655e-06	0
3.514650943e-06	3.542447165e-06	0
3.49662455e-06	3.534115676e-06	0
3.478598158e-06	3.525784186e-06	0
3.460571766e-06	3.517452696e-06	0
3.442545373e-06	3.509121206e-06	0
3.424518981e-06	3.500789717e-06	0
3.406492588e-06	3.492458227e-06	0
3.388466196e-06	3.484126737e-06	0
3.370439804e-06	3.475795247e-06	0
3.352413411e-06	3.467463758e-06	0
3.334387019e-06	3.459132268e-06	0
3.316360626e-06	3.450800778e-06	0
3.298334234e-06	3.442469288e-06	0
3.280307842e-06	3.434137799e-06	0
3.262281449e-06	3.425806309e-06	0
3.244255057e-06	3.417474819e-06	0
3.226228665e-06	3.409143329e-06	0
3.208202272e-06	3.40081184e-06	0
3.19017588e-06	3.39248035e-06	0
3.172149487e-06	3.38414886e-06	0
3.154123095e-06	3.37581737e-06	0
3.136096703e-06	3.367485881e-06	0
3.11807031e-06	3.359154391e-06	0
3.100043918e-06	3.350822901e-06	0
3.082017526e-06	3.342491411e-06	0
3.063991133e-06	3.334159922e-06	0
3.045964741e-06	3.325828432e-06	0
3.027938348e-06	3.317496942e-06	0
3.009911956e-06	3.309165453e-06	0
2.991885564e-06	3.300833963e-06	0
2.973859171e-06	3.292502473e-06	0
2.955832779e-06	3.284170983e-06	0
2.937806387e-06	3.275839494e-06	0
2.919779994e-06	3.267508004e-06	0
2.901753602e-06	3.259176514e-06	0
2.883727209e-06	3.250845024e-06	0
2.865700817e-06	3.242513535e-06	0
2.847674425e-06	3.234182045e-06	0
2.829648032e-06	3.225850555e-06	0
2.81162164e-06	3.217519065e-06	0
2.793595247e-06	3.209187576e-06	0
2.775568855e-06	3.200856086e-06	0
2.757542463e-06	3.192524596e-06	0
2.73951607e-06	3.184193106e-06	0
2.721489678e-06	3.175861617e-06	0
2.703463286e-06	3.167530127e-06	0
2.685436893e-06	3.159198637e-06	0
2.667410501e-06	3.150867147e-06	0
2.649384108e-06	3.142535658e-06	0
2.631357716e-06	3.134204168e-06	0
2.613331324e-06	3.125872678e-06	0
2.595304931e-06	3.117541188e-06	0
2.577278539e-06	3.109209699e-06	0
2.559252147e-06	3.100878209e-06	0
2.541225754e-06	3.092546719e-06	0
2.523199362e-06	3.084215229e-06	0
2.505172969e-06	3.07588374e-06	0
2.487146577e-06	3.06755225e-06	0
2.469120185e-06	3.05922076e-06	0
2.451093792e-06	3.05088927e-06	0
2.4330674e-06	3.042557781e-06	0
2.415041008e-06	3.034226291e-06	0
2.397014615e-06	3.025894801e-06	0
2.378988223e-06	3.017563311e-06	0
2.36096183e-06	3.009231822e-06	0
2.342935438e-06	3.000900332e-06	0
2.324909046e-06	2.992568842e-06	0
2.306882653e-06	2.984237352e-06	0
2.288856261e-06	2.975905863e-06	0
2.270829868e-06	2.967574373e-06	0
2.252803476e-06	2.959242883e-06	0
2.234777084e-06	2.950911393e-06	0
2.216750691e-06	2.942579904e-06	0
2.198724299e-06	2.934248414e-06	0
2.180697907e-06	2.925916924e-06	0
2.162671514e-06	2.917585434e-06	0
2.144645122e-06	2.909253945e-06	0
2.126618729e-06	2.900922455e-06	0
2.108592337e-06	2.892590965e-06	0
2.090565945e-06	2.884259476e-06	0
2.072539552e-06	2.875927986e-06	0
2.05451316e-06	2.867596496e-06	0
2.036486768e-06	2.859265006e-06	0
2.018460375e-06	2.850933517e-06	0
2.000433983e-06	2.842602027e-06	0
1.98240759e-06	2.834270537e-06	0
1.964381198e-06	2.825939047e-06	0
1.946354806e-06	2.817607558e-06	0
1.928328413e-06	2.809276068e-06	0
1.910302021e-06	2.800944578e-06	0
1.892275628e-06	2.792613088e-06	0
1.874249236e-06	2.784281599e-06	0
1.856222844e-06	2.775950109e-06	0
1.838196451e-06	2.767618619e-06	0
1.820170059e-06	2.759287129e-06	0
1.802143667e-06	2.75095564e-06	0
1.784117274e-06	2.74262415e-06	0
1.766090882e-06	2.73429266e-06	0
1.748064489e-06	2.72596117e-06	0
1.730038097e-06	2.717629681e-06	0
1.712011705e-06	2.709298191e-06	0
1.712011705e-06	2.709298191e-06	-10
1.712011705e-06	2.709298191e-06	-10
1.712011705e-06	2.709298191e-06	-10
1.712011705e-06	2.709298191e-06	-10
1.712011705e-06	2.709298191e-06	-10
1.712011705e-06	2.709298191e-06	-10
1.712011705e-06	2.709298191e-06	-10
1.712011705e-06	2.709298191e-06	-10
1.712011705e-06	2.709298191e-06	-10
1.712011705e-06	2.709298191e-06	-10
1.712011705e-06	2.709298191e-06	-10
1.712011705e-06	2.709298191e-06	-10
1.712011705e-06	2.709298191e-06	-10
1.712011705e-06	2.709298191e-06	-10
1.712011705e-06	2.709298191e-06	-10
1.712011705e-06	2.709298191e-06	-10
1.712011705e-06	2.709298191e-06	-10
1.712011705e-06	2.709298191e-06	-10
1.712011705e-06	2.709298191e-06	-10
1.712011705e-06	2.709298191e-06	-10
1.712011705e-06	2.709298191e-06	-10
1.712011705e-06	2.709298191e-06	-10
1.712011705e-06	2.709298191e-06	-10
1.712011705e-06	2.709298191e-06	-10
1.712011705e-06	2.709298191e-06	-10
1.712011705e-06	2.709298191e-06	0
1.728827732e-06	2.719006929e-06	0
1.745643759e-06	2.728715667e-06	0
1.762459786e-06	2.738424404e-06	0
1.779275814e-06	2.748133142e-06	0
1.796091841e-06	2.75784188e-06	0
1.812907868e-06	2.767550618e-06	0
1.829723896e-06	2.777259356e-06	0
1.846539923e-06	2.786968094e-06	0
1.86335595e-06	2.796676832e-06	0
1.880171977e-06	2.80638557e-06	0
1.880171977e-06	2.80638557e-06	-10
1.880171977e-06	2.80638557e-06	-10
1.880171977e-06	2.80638557e-06	-10
1.880171977e-06	2.80638557e-06	-10
1.880171977e-06	2.80638557e-06	-10
1.880171977e-06	2.80638557e-06	-10
1.880171977e-06	2.80638557e-06	-10
1.880171977e-06	2.80638557e-06	-10
1.880171977e-06	2.80638557e-06	-10
1.880171977e-06	2.80638557e-06	-10
1.880171977e-06	2.80638557e-06	-10
1.880171977e-06	2.80638557e-06	-10
1.880171977e-06	2.80638557e-06	-10
1.880171977e-06	2.80638557e-06	-10
1.880171977e-06	2.80638557e-06	-10
1.880171977e-06	2.80638557e-06	-10
1.880171977e-06	2.80638557e-06	-10
1.880171977e-06	2.80638557e-06	-10
1.880171977e-06	2.80638557e-06	-10
1.880171977e-06	2.80638557e-06	-10
1.880171977e-06	2.80638557e-06	-10
1.880171977e-06	2.80638557e-06	-10
1.880171977e-06	2.80638557e-06	-10
1.880171977e-06	2.80638557e-06	-10
1.880171977e-06	2.80638557e-06	-10
1.880171977e-06	2.80638557e-06	0
1.896988005e-06	2.816094307e-06	0
1.913804032e-06	2.825803045e-06	0
1.930620059e-06	2.835511783e-06	0
1.947436086e-06	2.845220521e-06	0
1.964252114e-06	2.854929259e-06	0
1.981068141e-06	2.864637997e-06	0
1.997884168e-06	2.874346735e-06	0
2.014700195e-06	2.884055472e-06	0
2.031516223e-06	2.89376421e-06	0
2.04833225e-06	2.903472948e-06	0
2.04833225e-06	2.903472948e-06	-10
2.04833225e-06	2.903472948e-06	-10
2.04833225e-06	2.903472948e-06	-10
2.04833225e-06	2.903472948e-06	-10
2.04833225e-06	2.903472948e-06	-10
2.04833225e-06	2.903472948e-06	-10
2.04833225e-06	2.903472948e-06	-10
2.04833225e-06	2.903472948e-06	-10
2.04833225e-06	2.903472948e-06	-10
2.04833225e-06	2.903472948e-06	-10
2.04833225e-06	2.903472948e-06	-10
2.04833225e-06	2.903472948e-06	-10
2.04833225e-06	2.903472948e-06	-10
2.04833225e-06	2.903472948e-06	-10
2.04833225e-06	2.903472948e-06	-10
2.04833225e-06	2.903472948e-06	-10
2.04833225e-06	2.903472948e-06	-10
2.04833225e-06	2.903472948e-06	-10
2.04833225e-06	2.903472948e-06	-10
2.04833225e-06	2.903472948e-06	-10
2.04833225e-06	2.903472948e-06	-10
2.04833225e-06	2.903472948e-06	-10
2.04833225e-06	2.903472948e-06	-10
2.04833225e-06	2.903472948e-06	-10
2.04833225e-06	2.903472948e-06	-10
2.04833225e-06	2.903472948e-06	0
2.065148277e-06	2.913181686e-06	0
2.081964304e-06	2.922890424e-06	0
2.098780332e-06	2.932599162e-06	0
2.115596359e-06	2.9423079e-06	0
2.132412386e-06	2.952016637e-06	0
2.149228413e-06	2.961725375e-06	0
2.166044441e-06	2.971434113e-06	0
2.182860468e-06	2.981142851e-06	0
2.199676495e-06	2.990851589e-06	0
2.216492522e-06	3.000560327e-06	0
2.216492522e-06	3.000560327e-06	-10
2.216492522e-06	3.000560327e-06	-10
2.216492522e-06	3.000560327e-06	-10
2.216492522e-06	3.000560327e-06	-10
2.216492522e-06	3.000560327e-06	-10
2.216492522e-06	3.000560327e-06	-10
2.216492522e-06	3.000560327e-06	-10
2.216492522e-06	3.000560327e-06	-10
2.216492522e-06	3.000560327e-06	-10
2.216492522e-06	3.000560327e-06	-10
2.216492522e-06	3.000560327e-06	-10
2.216492522e-06	3.000560327e-06	-10
2.216492522e-06	3.000560327e-06	-10
2.216492522e-06	3.000560327e-06	-10
2.216492522e-06	3.000560327e-06	-10
2.216492522e-06	3.000560327e-06	-10
2.216492522e-06	3.000560327e-06	-10
2.216492522e-06	3.000560327e-06	-10
2.216492522e-06	3.000560327e-06	-10
2.216492522e-06	3.000560327e-06	-10
2.216492522e-06	3.000560327e-06	-10
2.216492522e-06	3.000560327e-06	-10
2.216492522e-06	3.000560327e-06	-10
2.216492522e-06	3.000560327e-06	-10
2.216492522e-06	3.000560327e-06	-10
2.216492522e-06	3.000560327e-06	0
2.23330855e-06	3.010269065e-06	0
2.250124577e-06	3.019977803e-06	0
2.266940604e-06	3.02968654e-06	0
2.283756631e-06	3.039395278e-06	0
2.300572659e-06	3.049104016e-06	0
2.317388686e-06	3.058812754e-06	0
2.334204713e-06	3.068521492e-06	0
2.35102074e-06	3.07823023e-06	0
2.367836768e-06	3.087938968e-06	0
2.384652795e-06	3.097647705e-06	0
2.384652795e-06	3.097647705e-06	-10
2.384652795e-06	3.097647705e-06	-10
2.384652795e-06	3.097647705e-06	-10
2.384652795e-06	3.097647705e-06	-10
2.384652795e-06	3.097647705e-06	-10
2.384652795e-06	3.097647705e-06	-10
2.384652795e-06	3.097647705e-06	-10
2.384652795e-06	3.097647705e-06	-10
2.384652795e-06	3.097647705e-06	-10
2.384652795e-06	3.097647705e-06	-10
2.384652795e-06	3.097647705e-06	-10
2.384652795e-06	3.097647705e-06	-10
2.384652795e-06	3.097647705e-06	-10
2.384652795e-06	3.097647705e-06	-10
2.384652795e-06	3.097647705e-06	-10
2.384652795e-06	3.097647705e-06	-10
2.384652795e-06	3.097647705e-06	-10
2.384652795e-06	3.097647705e-06	-10
2.384652795e-06	3.097647705e-06	-10
2.384652795e-06	3.097647705e-06	-10
2.384652795e-06	3.097647705e-06	-10
2.384652795e-06	3.097647705e-06	-10
2.384652795e-06	3.097647705e-06	-10
2.384652795e-06	3.097647705e-06	-10
2.384652795e-06	3.097647705e-06	-10
2.384652795e-06	3.097647705e-06	0
2.401468822e-06	3.107356443e-06	0
2.41828485e-06	3.117065181e-06	0
2.435100877e-06	3.126773919e-06	0
2.451916904e-06	3.136482657e-06	0
2.468732931e-06	3.146191395e-06	0
2.485548959e-06	3.155900133e-06	0
2.502364986e-06	3.16560887e-06	0
2.519181013e-06	3.175317608e-06	0
2.53599704e-06	3.185026346e-06	0
2.552813068e-06	3.194735084e-06	0
2.552813068e-06	3.194735084e-06	-10
2.552813068e-06	3.194735084e-06	-10
2.552813068e-06	3.194735084e-06	-10
2.552813068e-06	3.194735084e-06	-10
2.552813068e-06	3.194735084e-06	-10
2.552813068e-06	3.194735084e-06	-10
2.552813068e-06	3.194735084e-06	-10
2.552813068e-06	3.194735084e-06	-10
2.552813068e-06	3.194735084e-06	-10
2.552813068e-06	3.194735084e-06	-10
2.552813068e-06	3.194735084e-06	-10
2.552813068e-06	3.194735084e-06	-10
2.552813068e-06	3.194735084e-06	-10
2.552813068e-06	3.194735084e-06	-10
2.552813068e-06	3.194735084e-06	-10
2.552813068e-06	3.194735084e-06	-10
2.552813068e-06	3.194735084e-06	-10
2.552813068e-06	3.194735084e-06	-10
2.552813068e-06	3.194735084e-06	-10
2.552813068e-06	3.194735084e-06	-10
2.552813068e-06	3.194735084e-06	-10
2.552813068e-06	3.194735084e-06	-10
2.552813068e-06	3.194735084e-06	-10
2.552813068e-06	3.194735084e-06	-10
2.552813068e-06	3.194735084e-06	-10
2.552813068e-06	3.194735084e-06	0
2.569629095e-06	3.204443822e-06	0
2.586445122e-06	3.21415256e-06	0
2.603261149e-06	3.223861298e-06	0
2.620077177e-06	3.233570036e-06	0
2.636893204e-06	3.243278773e-06	0
2.653709231e-06	3.252987511e-06	0
2.670525258e-06	3.262696249e-06	0
2.687341286e-06	3.272404987e-06	0
2.704157313e-06	3.282113725e-06	0
2.72097334e-06	3.291822463e-06	0
2.72097334e-06	3.291822463e-06	-10
2.72097334e-06	3.291822463e-06	-10
2.72097334e-06	3.291822463e-06	-10
2.72097334e-06	3.291822463e-06	-10
2.72097334e-06	3.291822463e-06	-10
2.72097334e-06	3.291822463e-06	-10
2.72097334e-06	3.291822463e-06	-10
2.72097334e-06	3.291822463e-06	-10
2.72097334e-06	3.291822463e-06	-10
2.72097334e-06	3.291822463e-06	-10
2.72097334e-06	3.291822463e-06	-10
2.72097334e-06	3.291822463e-06	-10
2.72097334e-06	3.291822463e-06	-10
2.72097334e-06	3.291822463e-06	-10
2.72097334e-06	3.291822463e-06	-10
2.72097334e-06	3.291822463e-06	-10
2.72097334e-06	3.291822463e-06	-10
2.72097334e-06	3.291822463e-06	-10
2.72097334e-06	3.291822463e-06	-10
2.72097334e-06	3.291822463e-06	-10
2.72097334e-06	3.291822463e-06	-10
2.72097334e-06	3.291822463e-06	-10
2.72097334e-06	3.291822463e-06	-10
2.72097334e-06	3.291822463e-06	-10
2.72097334e-06	3.291822463e-06	-10
2.72097334e-06	3.291822463e-06	0
2.737789367e-06	3.301531201e-06	0
2.754605395e-06	3.311239938e-06	0
2.771421422e-06	3.320948676e-06	0
2.788237449e-06	3.330657414e-06	0
2.805053476e-06	3.340366152e-06	0
2.821869504e-06	3.35007489e-06	0
2.838685531e-06	3.359783628e-06	0
2.855501558e-06	3.369492366e-06	0
2.872317585e-06	3.379201103e-06	0
2.889133613e-06	3.388909841e-06	0
2.889133613e-06	3.388909841e-06	-10
2.889133613e-06	3.388909841e-06	-10
2.889133613e-06	3.388909841e-06	-10
2.889133613e-06	3.388909841e-06	-10
2.889133613e-06	3.388909841e-06	-10
2.889133613e-06	3.388909841e-06	-10
2.889133613e-06	3.388909841e-06	-10
2.889133613e-06	3.388909841e-06	-10
2.889133613e-06	3.388909841e-06	-10
2.889133613e-06	3.388909841e-06	-10
2.889133613e-06	3.388909841e-06	-10
2.889133613e-06	3.388909841e-06	-10
2.889133613e-06	3.388909841e-06	-10
2.889133613e-06	3.388909841e-06	-10
2.889133613e-06	3.388909841e-06	-10
2.889133613e-06	3.388909841e-06	-10
2.889133613e-06	3.388909841e-06	-10
2.889133613e-06	3.388909841e-06	-10
2.889133613e-06	3.388909841e-06	-10
2.889133613e-06	3.388909841e-06	-10
2.889133613e-06	3.388909841e-06	-10
2.889133613e-06	3.388909841e-06	-10
2.889133613e-06	3.388909841e-06	-10
2.889133613e-06	3.388909841e-06	-10
2.889133613e-06	3.388909841e-06	-10
2.889133613e-06	3.388909841e-06	0
2.90594964e-06	3.398618579e-06	0
2.922765667e-06	3.408327317e-06	0
2.939581695e-06	3.418036055e-06	0
2.956397722e-06	3.427744793e-06	0
2.973213749e-06	3.437453531e-06	0
2.990029776e-06	3.447162269e-06	0
3.006845804e-06	3.456871006e-06	0
3.023661831e-06	3.466579744e-06	0
3.040477858e-06	3.476288482e-06	0
3.057293885e-06	3.48599722e-06	0
3.057293885e-06	3.48599722e-06	-10
3.057293885e-06	3.48599722e-06	-10
3.057293885e-06	3.48599722e-06	-10
3.057293885e-06	3.48599722e-06	-10
3.057293885e-06	3.48599722e-06	-10
3.057293885e-06	3.48599722e-06	-10
3.057293885e-06	3.48599722e-06	-10
3.057293885e-06	3.48599722e-06	-10
3.057293885e-06	3.48599722e-06	-10
3.057293885e-06	3.48599722e-06	-10
3.057293885e-06	3.48599722e-06	-10
3.057293885e-06	3.48599722e-06	-10
3.057293885e-06	3.48599722e-06	-10
3.057293885e-06	3.48599722e-06	-10
3.057293885e-06	3.48599722e-06	-10
3.057293885e-06	3.48599722e-06	-10
3.057293885e-06	3.48599722e-06	-10
3.057293885e-06	3.48599722e-06	-10
3.057293885e-06	3.48599722e-06	-10
3.057293885e-06	3.48599722e-06	-10
3.057293885e-06	3.48599722e-06	-10
3.057293885e-06	3.48599722e-06	-10
3.057293885e-06	3.48599722e-06	-10
3.057293885e-06	3.48599722e-06	-10
3.057293885e-06	3.48599722e-06	-10
3.057293885e-06	3.48599722e-06	0
3.074109913e-06	3.495705958e-06	0
3.09092594e-06	3.505414696e-06	0
3.107741967e-06	3.515123434e-06	0
3.124557994e-06	3.524832171e-06	0
3.141374022e-06	3.534540909e-06	0
3.158190049e-06	3.544249647e-06	0
3.175006076e-06	3.553958385e-06	0
3.191822103e-06	3.563667123e-06	0
3.208638131e-06	3.573375861e-06	0
3.225454158e-06	3.583084599e-06	0
3.225454158e-06	3.583084599e-06	-10
3.225454158e-06	3.583084599e-06	-10
3.225454158e-06	3.583084599e-06	-10
3.225454158e-06	3.583084599e-06	-10
3.225454158e-06	3.583084599e-06	-10
3.225454158e-06	3.583084599e-06	-10
3.225454158e-06	3.583084599e-06	-10
3.225454158e-06	3.583084599e-06	-10
3.225454158e-06	3.583084599e-06	-10
3.225454158e-06	3.583084599e-06	-10
3.225454158e-06	3.583084599e-06	-10
3.225454158e-06	3.583084599e-06	-10
3.225454158e-06	3.583084599e-06	-10
3.225454158e-06	3.583084599e-06	-10
3.225454158e-06	3.583084599e-06	-10
3.225454158e-06	3.583084599e-06	-10
3.225454158e-06	3.583084599e-06	-10
3.225454158e-06	3.583084599e-06	-10
3.225454158e-06	3.583084599e-06	-10
3.225454158e-06	3.583084599e-06	-10
3.225454158e-06	3.583084599e-06	-10
3.225454158e-06	3.583084599e-06	-10
3.225454158e-06	3.583084599e-06	-10
3.225454158e-06	3.583084599e-06	-10
3.225454158e-06	3.583084599e-06	-10
3.225454158e-06	3.583084599e-06	0
3.242270185e-06	3.592793336e-06	0
3.259086212e-06	3.602502074e-06	0
3.27590224e-06	3.612210812e-06	0
3.292718267e-06	3.62191955e-06	0
3.309534294e-06	3.631628288e-06	0
3.326350321e-06	3.641337026e-06	0
3.343166349e-06	3.651045764e-06	0
3.359982376e-06	3.660754502e-06	0
3.376798403e-06	3.670463239e-06	0
3.39361443e-06	3.680171977e-06	0
3.39361443e-06	3.680171977e-06	-10
3.39361443e-06	3.680171977e-06	-10
3.39361443e-06	3.680171977e-06	-10
3.39361443e-06	3.680171977e-06	-10
3.39361443e-06	3.680171977e-06	-10
3.39361443e-06	3.680171977e-06	-10
3.39361443e-06	3.680171977e-06	-10
3.39361443e-06	3.680171977e-06	-10
3.39361443e-06	3.680171977e-06	-10
3.39361443e-06	3.680171977e-06	-10
3.39361443e-06	3.680171977e-06	-10
3.39361443e-06	3.680171977e-06	-10
3.39361443e-06	3.680171977e-06	-10
3.39361443e-06	3.680171977e-06	-10
3.39361443e-06	3.680171977e-06	-10
3.39361443e-06	3.680171977e-06	-10
3.39361443e-06	3.680171977e-06	-10
3.39361443e-06	3.680171977e-06	-10
3.39361443e-06	3.680171977e-06	-10
3.39361443e-06	3.680171977e-06	-10
3.39361443e-06	3.680171977e-06	-10
3.39361443e-06	3.680171977e-06	-10
3.39361443e-06	3.680171977e-06	-10
3.39361443e-06	3.680171977e-06	-10
3.39361443e-06	3.680171977e-06	-10
3.39361443e-06	3.680171977e-06	0
3.410430458e-06	3.689880715e-06	0
3.427246485e-06	3.699589453e-06	0
3.444062512e-06	3.709298191e-06	0
3.46087854e-06	3.719006929e-06	0
3.477694567e-06	3.728715667e-06	0
3.494510594e-06	3.738424404e-06	0
3.511326621e-06	3.748133142e-06	0
3.528142649e-06	3.75784188e-06	0
3.544958676e-06	3.767550618e-06	0
3.561774703e-06	3.777259356e-06	0
3.561774703e-06	3.777259356e-06	-10
3.561774703e-06	3.777259356e-06	-10
3.561774703e-06	3.777259356e-06	-10
3.561774703e-06	3.777259356e-06	-10
3.561774703e-06	3.777259356e-06	-10
3.561774703e-06	3.777259356e-06	-10
3.561774703e-06	3.777259356e-06	-10
3.561774703e-06	3.777259356e-06	-10
3.561774703e-06	3.777259356e-06	-10
3.561774703e-06	3.777259356e-06	-10
3.561774703e-06	3.777259356e-06	-10
3.561774703e-06	3.777259356e-06	-10
3.561774703e-06	3.777259356e-06	-10
3.561774703e-06	3.777259356e-06	-10
3.561774703e-06	3.777259356e-06	-10
3.561774703e-06	3.777259356e-06	-10
3.561774703e-06	3.777259356e-06	-10
3.561774703e-06	3.777259356e-06	-10
3.561774703e-06	3.777259356e-06	-10
3.561774703e-06	3.777259356e-06	-10
3.561774703e-06	3.777259356e-06	-10
3.561774703e-06	3.777259356e-06	-10
3.561774703e-06	3.777259356e-06	-10
3.561774703e-06	3.777259356e-06	-10
3.561774703e-06	3.777259356e-06	-10
3.561774703e-06	3.777259356e-06	0
3.543748311e-06	3.768927866e-06	0
3.525721918e-06	3.760596376e-06	0
3.507695526e-06	3.752264887e-06	0
3.489669134e-06	3.743933397e-06	0
3.471642741e-06	3.735601907e-06	0
3.453616349e-06	3.727270417e-06	0
3.435589956e-06	3.718938928e-06	0
3.417563564e-06	3.710607438e-06	0
3.399537172e-06	3.702275948e-06	0
3.381510779e-06	3.693944458e-06	0
3.363484387e-06	3.685612969e-06	0
3.345457995e-06	3.677281479e-06	0
3.327431602e-06	3.668949989e-06	0
3.30940521e-06	3.660618499e-06	0
3.291378817e-06	3.65228701e-06	0
3.273352425e-06	3.64395552e-06	0
3.255326033e-06	3.63562403e-06	0
3.23729964e-06	3.627292541e-06	0
3.219273248e-06	3.618961051e-06	0
3.201246855e-06	3.610629561e-06	0
3.183220463e-06	3.602298071e-06	0
3.165194071e-06	3.593966582e-06	0
3.147167678e-06	3.585635092e-06	0
3.129141286e-06	3.577303602e-06	0
3.111114894e-06	3.568972112e-06	0
3.093088501e-06	3.560640623e-06	0
3.075062109e-06	3.552309133e-06	0
3.057035716e-06	3.543977643e-06	0
3.039009324e-06	3.535646153e-06	0
3.020982932e-06	3.527314664e-06	0
3.002956539e-06	3.518983174e-06	0
2.984930147e-06	3.510651684e-06	0
2.966903755e-06	3.502320194e-06	0
2.948877362e-06	3.493988705e-06	0
2.93085097e-06	3.485657215e-06	0
2.912824577e-06	3.477325725e-06	0
2.894798185e-06	3.468994235e-06	0
2.876771793e-06	3.460662746e-06	0
2.8587454e-06	3.452331256e-06	0
2.840719008e-06	3.443999766e-06	0
2.822692616e-06	3.435668276e-06	0
2.804666223e-06	3.427336787e-06	0
2.786639831e-06	3.419005297e-06	0
2.768613438e-06	3.410673807e-06	0
2.750587046e-06	3.402342317e-06	0
2.732560654e-06	3.394010828e-06	0
2.714534261e-06	3.385679338e-06	0
2.696507869e-06	3.377347848e-06	0
2.678481476e-06	3.369016358e-06	0
2.660455084e-06	3.360684869e-06	0
2.642428692e-06	3.352353379e-06	0
2.624402299e-06	3.344021889e-06	0
2.606375907e-06	3.335690399e-06	0
2.588349515e-06	3.32735891e-06	0
2.570323122e-06	3.31902742e-06	0
2.55229673e-06	3.31069593e-06	0
2.534270337e-06	3.30236444e-06	0
2.516243945e-06	3.294032951e-06	0
2.498217553e-06	3.285701461e-06	0
2.48019116e-06	3.277369971e-06	0
2.462164768e-06	3.269038481e-06	0
2.444138376e-06	3.260706992e-06	0
2.426111983e-06	3.252375502e-06	0
2.408085591e-06	3.244044012e-06	0
2.390059198e-06	3.235712522e-06	0
2.372032806e-06	3.227381033e-06	0
2.354006414e-06	3.219049543e-06	0
2.335980021e-06	3.210718053e-06	0
2.317953629e-06	3.202386564e-06	0
2.299927236e-06	3.194055074e-06	0
2.281900844e-06	3.185723584e-06	0
2.263874452e-06	3.177392094e-06	0
2.245848059e-06	3.169060605e-06	0
2.227821667e-06	3.160729115e-06	0
2.209795275e-06	3.152397625e-06	0
2.191768882e-06	3.144066135e-06	0
2.17374249e-06	3.135734646e-06	0
2.155716097e-06	3.127403156e-06	0
2.137689705e-06	3.119071666e-06	0
2.119663313e-06	3.110740176e-06	0
2.10163692e-06	3.102408687e-06	0
2.083610528e-06	3.094077197e-06	0
2.065584136e-06	3.085745707e-06	0
2.047557743e-06	3.077414217e-06	0
2.029531351e-06	3.069082728e-06	0
2.011504958e-06	3.060751238e-06	0
1.993478566e-06	3.052419748e-06	0
1.975452174e-06	3.044088258e-06	0
1.957425781e-06	3.035756769e-06	0
1.939399389e-06	3.027425279e-06	0
1.921372997e-06	3.019093789e-06	0
1.903346604e-06	3.010762299e-06	0
1.885320212e-06	3.00243081e-06	0
1.867293819e-06	2.99409932e-06	0
1.849267427e-06	2.98576783e-06	0
1.831241035e-06	2.97743634e-06	0
1.813214642e-06	2.969104851e-06	0
1.79518825e-06	2.960773361e-06	0
1.777161857e-06	2.952441871e-06	0
1.759135465e-06	2.944110381e-06	0
1.741109073e-06	2.935778892e-06	0
1.72308268e-06	2.927447402e-06	0
1.705056288e-06	2.919115912e-06	0
1.687029896e-06	2.910784422e-06	0
1.669003503e-06	2.902452933e-06	0
1.650977111e-06	2.894121443e-06	0
1.632950718e-06	2.885789953e-06	0
1.614924326e-06	2.877458463e-06	0
1.614924326e-06	2.877458463e-06	10
1.614924326e-06	2.877458463e-06	10
1.614924326e-06	2.877458463e-06	10
1.614924326e-06	2.877458463e-06	10
1.614924326e-06	2.877458463e-06	10
1.614924326e-06	2.877458463e-06	10
1.614924326e-06	2.877458463e-06	10
1.614924326e-06	2.877458463e-06	10
1.614924326e-06	2.877458463e-06	10
1.614924326e-06	2.877458463e-06	10
1.614924326e-06	2.877458463e-06	10
1.614924326e-06	2.877458463e-06	10
1.614924326e-06	2.877458463e-06	10
1.614924326e-06	2.877458463e-06	10
1.614924326e-06	2.877458463e-06	10
1.614924326e-06	2.877458463e-06	10
1.614924326e-06	2.877458463e-06	10
1.614924326e-06	2.877458463e-06	10
1.614924326e-06	2.877458463e-06	10
1.614924326e-06	2.877458463e-06	10
1.614924326e-06	2.877458463e-06	10
1.614924326e-06	2.877458463e-06	10
1.614924326e-06	2.877458463e-06	10
1.614924326e-06	2.877458463e-06	10
1.614924326e-06	2.877458463e-06	10
1.614924326e-06	2.877458463e-06	0
1.631740353e-06	2.887167201e-06	0
1.648556381e-06	2.896875939e-06	0
1.665372408e-06	2.906584677e-06	0
1.682188435e-06	2.916293415e-06	0
1.699004462e-06	2.926002153e-06	0
1.71582049e-06	2.935710891e-06	0
1.732636517e-06	2.945419628e-06	0
1.749452544e-06	2.955128366e-06	0
1.766268571e-06	2.964837104e-06	0
1.783084599e-06	2.974545842e-06	0
1.783084599e-06	2.974545842e-06	10
1.783084599e-06	2.974545842e-06	10
1.783084599e-06	2.974545842e-06	10
1.783084599e-06	2.974545842e-06	10
1.783084599e-06	2.974545842e-06	10
1.783084599e-06	2.974545842e-06	10
1.783084599e-06	2.974545842e-06	10
1.783084599e-06	2.974545842e-06	10
1.783084599e-06	2.974545842e-06	10
1.783084599e-06	2.974545842e-06	10
1.783084599e-06	2.974545842e-06	10
1.783084599e-06	2.974545842e-06	10
1.783084599e-06	2.974545842e-06	10
1.783084599e-06	2.974545842e-06	10
1.783084599e-06	2.974545842e-06	10
1.783084599e-06	2.974545842e-06	10
1.783084599e-06	2.974545842e-06	10
1.783084599e-06	2.974545842e-06	10
1.783084599e-06	2.974545842e-06	10
1.783084599e-06	2.974545842e-06	10
1.783084599e-06	2.974545842e-06	10
1.783084599e-06	2.974545842e-06	10
1.783084599e-06	2.974545842e-06	10
1.783084599e-06	2.974545842e-06	10
1.783084599e-06	2.974545842e-06	10
1.783084599e-06	2.974545842e-06	0
1.799900626e-06	2.98425458e-06	0
1.816716653e-06	2.993963318e-06	0
1.83353268e-06	3.003672056e-06	0
1.850348708e-06	3.013380794e-06	0
1.867164735e-06	3.023089531e-06	0
1.883980762e-06	3.032798269e-06	0
1.900796789e-06	3.042507007e-06	0
1.917612817e-06	3.052215745e-06	0
1.934428844e-06	3.061924483e-06	0
1.951244871e-06	3.071633221e-06	0
1.951244871e-06	3.071633221e-06	10
1.951244871e-06	3.071633221e-06	10
1.951244871e-06	3.071633221e-06	10
1.951244871e-06	3.071633221e-06	10
1.951244871e-06	3.071633221e-06	10
1.951244871e-06	3.071633221e-06	10
1.951244871e-06	3.071633221e-06	10
1.951244871e-06	3.071633221e-06	10
1.951244871e-06	3.071633221e-06	10
1.951244871e-06	3.071633221e-06	10
1.951244871e-06	3.071633221e-06	10
1.951244871e-06	3.071633221e-06	10
1.951244871e-06	3.071633221e-06	10
1.951244871e-06	3.071633221e-06	10
1.951244871e-06	3.071633221e-06	10
1.951244871e-06	3.071633221e-06	10
1.951244871e-06	3.071633221e-06	10
1.951244871e-06	3.071633221e-06	10
1.951244871e-06	3.071633221e-06	10
1.951244871e-06	3.071633221e-06	10
1.951244871e-06	3.071633221e-06	10
1.951244871e-06	3.071633221e-06	10
1.951244871e-06	3.071633221e-06	10
1.951244871e-06	3.071633221e-06	10
1.951244871e-06	3.071633221e-06	10
1.951244871e-06	3.071633221e-06	0
1.968060898e-06	3.081341959e-06	0
1.984876926e-06	3.091050696e-06	0
2.001692953e-06	3.100759434e-06	0
2.01850898e-06	3.110468172e-06	0
2.035325008e-06	3.12017691e-06	0
2.052141035e-06	3.129885648e-06	0
2.068957062e-06	3.139594386e-06	0
2.085773089e-06	3.149303124e-06	0
2.102589117e-06	3.159011862e-06	0
2.119405144e-06	3.168720599e-06	0
2.119405144e-06	3.168720599e-06	10
2.119405144e-06	3.168720599e-06	10
2.119405144e-06	3.168720599e-06	10
2.119405144e-06	3.168720599e-06	10
2.119405144e-06	3.168720599e-06	10
2.119405144e-06	3.168720599e-06	10
2.119405144e-06	3.168720599e-06	10
2.119405144e-06	3.168720599e-06	10
2.119405144e-06	3.168720599e-06	10
2.119405144e-06	3.168720599e-06	10
2.119405144e-06	3.168720599e-06	10
2.119405144e-06	3.168720599e-06	10
2.119405144e-06	3.168720599e-06	10
2.119405144e-06	3.168720599e-06	10
2.119405144e-06	3.168720599e-06	10
2.119405144e-06	3.168720599e-06	10
2.119405144e-06	3.168720599e-06	10
2.119405144e-06	3.168720599e-06	10
2.119405144e-06	3.168720599e-06	10
2.119405144e-06	3.168720599e-06	10
2.119405144e-06	3.168720599e-06	10
2.119405144e-06	3.168720599e-06	10
2.119405144e-06	3.168720599e-06	10
2.119405144e-06	3.168720599e-06	10
2.119405144e-06	3.168720599e-06	10
2.119405144e-06	3.168720599e-06	0
2.136221171e-06	3.178429337e-06	0
2.153037198e-06	3.188138075e-06	0
2.169853226e-06	3.197846813e-06	0
2.186669253e-06	3.207555551e-06	0
2.20348528e-06	3.217264289e-06	0
2.220301307e-06	3.226973027e-06	0
2.237117335e-06	3.236681764e-06	0
2.253933362e-06	3.246390502e-06	0
2.270749389e-06	3.25609924e-06	0
2.287565416e-06	3.265807978e-06	0
2.287565416e-06	3.265807978e-06	10
2.287565416e-06	3.265807978e-06	10
2.287565416e-06	3.265807978e-06	10
2.287565416e-06	3.265807978e-06	10
2.287565416e-06	3.265807978e-06	10
2.287565416e-06	3.265807978e-06	10
2.287565416e-06	3.265807978e-06	10
2.287565416e-06	3.265807978e-06	10
2.287565416e-06	3.265807978e-06	10
2.287565416e-06	3.265807978e-06	10
2.287565416e-06	3.265807978e-06	10
2.287565416e-06	3.265807978e-06	10
2.287565416e-06	3.265807978e-06	10
2.287565416e-06	3.265807978e-06	10
2.287565416e-06	3.265807978e-06	10
2.287565416e-06	3.265807978e-06	10
2.287565416e-06	3.265807978e-06	10
2.287565416e-06	3.265807978e-06	10
2.287565416e-06	3.265807978e-06	10
2.287565416e-06	3.265807978e-06	10
2.287565416e-06	3.265807978e-06	10
2.287565416e-06	3.265807978e-06	10
2.287565416e-06	3.265807978e-06	10
2.287565416e-06	3.265807978e-06	10
2.287565416e-06	3.265807978e-06	10
2.287565416e-06	3.265807978e-06	0
2.304381444e-06	3.275516716e-06	0
2.321197471e-06	3.285225454e-06	0
2.338013498e-06	3.294934192e-06	0
2.354829525e-06	3.304642929e-06	0
2.371645553e-06	3.314351667e-06	0
2.38846158e-06	3.324060405e-06	0
2.405277607e-06	3.333769143e-06	0
2.422093634e-06	3.343477881e-06	0
2.438909662e-06	3.353186619e-06	0
2.455725689e-06	3.362895357e-06	0
2.455725689e-06	3.362895357e-06	10
2.455725689e-06	3.362895357e-06	10
2.455725689e-06	3.362895357e-06	10
2.455725689e-06	3.362895357e-06	10
2.455725689e-06	3.362895357e-06	10
2.455725689e-06	3.362895357e-06	10
2.455725689e-06	3.362895357e-06	10
2.455725689e-06	3.362895357e-06	10
2.455725689e-06	3.362895357e-06	10
2.455725689e-06	3.362895357e-06	10
2.455725689e-06	3.362895357e-06	10
2.455725689e-06	3.362895357e-06	10
2.455725689e-06	3.362895357e-06	10
2.455725689e-06	3.362895357e-06	10
2.455725689e-06	3.362895357e-06	10
2.455725689e-06	3.362895357e-06	10
2.455725689e-06	3.362895357e-06	10
2.455725689e-06	3.362895357e-06	10
2.455725689e-06	3.362895357e-06	10
2.455725689e-06	3.362895357e-06	10
2.455725689e-06	3.362895357e-06	10
2.455725689e-06	3.362895357e-06	10
2.455725689e-06	3.362895357e-06	10
2.455725689e-06	3.362895357e-06	10
2.455725689e-06	3.362895357e-06	10
2.455725689e-06	3.362895357e-06	0
2.472541716e-06	3.372604095e-06	0
2.489357743e-06	3.382312832e-06	0
2.506173771e-06	3.39202157e-06	0
2.522989798e-06	3.401730308e-06	0
2.539805825e-06	3.411439046e-06	0
2.556621853e-06	3.421147784e-06	0
2.57343788e-06	3.430856522e-06	0
2.590253907e-06	3.44056526e-06	0
2.607069934e-06	3.450273997e-06	0
2.623885962e-06	3.459982735e-06	0
2.623885962e-06	3.459982735e-06	10
2.623885962e-06	3.459982735e-06	10
2.623885962e-06	3.459982735e-06	10
2.623885962e-06	3.459982735e-06	10
2.623885962e-06	3.459982735e-06	10
2.623885962e-06	3.459982735e-06	10
2.623885962e-06	3.459982735e-06	10
2.623885962e-06	3.459982735e-06	10
2.623885962e-06	3.459982735e-06	10
2.623885962e-06	3.459982735e-06	10
2.623885962e-06	3.459982735e-06	10
2.623885962e-06	3.459982735e-06	10
2.623885962e-06	3.459982735e-06	10
2.623885962e-06	3.459982735e-06	10
2.623885962e-06	3.459982735e-06	10
2.623885962e-06	3.459982735e-06	10
2.623885962e-06	3.459982735e-06	10
2.623885962e-06	3.459982735e-06	10
2.623885962e-06	3.459982735e-06	10
2.623885962e-06	3.459982735e-06	10
2.623885962e-06	3.459982735e-06	10
2.623885962e-06	3.459982735e-06	10
2.623885962e-06	3.459982735e-06	10
2.623885962e-06	3.459982735e-06	10
2.623885962e-06	3.459982735e-06	10
2.623885962e-06	3.459982735e-06	0
2.640701989e-06	3.469691473e-06	0
2.657518016e-06	3.479400211e-06	0
2.674334043e-06	3.489108949e-06	0
2.691150071e-06	3.498817687e-06	0
2.707966098e-06	3.508526425e-06	0
2.724782125e-06	3.518235162e-06	0
2.741598152e-06	3.5279439e-06	0
2.75841418e-06	3.537652638e-06	0
2.775230207e-06	3.547361376e-06	0
2.792046234e-06	3.557070114e-06	0
2.792046234e-06	3.557070114e-06	10
2.792046234e-06	3.557070114e-06	10
2.792046234e-06	3.557070114e-06	10
2.792046234e-06	3.557070114e-06	10
2.792046234e-06	3.557070114e-06	10
2.792046234e-06	3.557070114e-06	10
2.792046234e-06	3.557070114e-06	10
2.792046234e-06	3.557070114e-06	10
2.792046234e-06	3.557070114e-06	10
2.792046234e-06	3.557070114e-06	10
2.792046234e-06	3.557070114e-06	10
2.792046234e-06	3.557070114e-06	10
2.792046234e-06	3.557070114e-06	10
2.792046234e-06	3.557070114e-06	10
2.792046234e-06	3.557070114e-06	10
2.792046234e-06	3.557070114e-06	10
2.792046234e-06	3.557070114e-06	10
2.792046234e-06	3.557070114e-06	10
2.792046234e-06	3.557070114e-06	10
2.792046234e-06	3.557070114e-06	10
2.792046234e-06	3.557070114e-06	10
2.792046234e-06	3.557070114e-06	10
2.792046234e-06	3.557070114e-06	10
2.792046234e-06	3.557070114e-06	10
2.792046234e-06	3.557070114e-06	10
2.792046234e-06	3.557070114e-06	0
2.808862261e-06	3.566778852e-06	0
2.825678289e-06	3.57648759e-06	0
2.842494316e-06	3.586196328e-06	0
2.859310343e-06	3.595905065e-06	0
2.87612637e-06	3.605613803e-06	0
2.892942398e-06	3.615322541e-06	0
2.909758425e-06	3.625031279e-06	0
2.926574452e-06	3.634740017e-06	0
2.943390479e-06	3.644448755e-06	0
2.960206507e-06	3.654157493e-06	0
2.960206507e-06	3.654157493e-06	10
2.960206507e-06	3.654157493e-06	10
2.960206507e-06	3.654157493e-06	10
2.960206507e-06	3.654157493e-06	10
2.960206507e-06	3.654157493e-06	10
2.960206507e-06	3.654157493e-06	10
2.960206507e-06	3.654157493e-06	10
2.960206507e-06	3.654157493e-06	10
2.960206507e-06	3.654157493e-06	10
2.960206507e-06	3.654157493e-06	10
2.960206507e-06	3.654157493e-06	10
2.960206507e-06	3.654157493e-06	10
2.960206507e-06	3.654157493e-06	10
2.960206507e-06	3.654157493e-06	10
2.960206507e-06	3.654157493e-06	10
2.960206507e-06	3.654157493e-06	10
2.960206507e-06	3.654157493e-06	10
2.960206507e-06	3.654157493e-06	10
2.960206507e-06	3.654157493e-06	10
2.960206507e-06	3.654157493e-06	10
2.960206507e-06	3.654157493e-06	10
2.960206507e-06	3.654157493e-06	10
2.960206507e-06	3.654157493e-06	10
2.960206507e-06	3.654157493e-06	10
2.960206507e-06	3.654157493e-06	10
2.960206507e-06	3.654157493e-06	0
2.977022534e-06	3.66386623e-06	0
2.993838561e-06	3.673574968e-06	0
3.010654588e-06	3.683283706e-06	0
3.027470616e-06	3.692992444e-06	0
3.044286643e-06	3.702701182e-06	0
3.06110267e-06	3.71240992e-06	0
3.077918697e-06	3.722118658e-06	0
3.094734725e-06	3.731827395e-06	0
3.111550752e-06	3.741536133e-06	0
3.128366779e-06	3.751244871e-06	0
3.128366779e-06	3.751244871e-06	10
3.128366779e-06	3.751244871e-06	10
3.128366779e-06	3.751244871e-06	10
3.128366779e-06	3.751244871e-06	10
3.128366779e-06	3.751244871e-06	10
3.128366779e-06	3.751244871e-06	10
3.128366779e-06	3.751244871e-06	10
3.128366779e-06	3.751244871e-06	10
3.128366779e-06	3.751244871e-06	10
3.128366779e-06	3.751244871e-06	10
3.128366779e-06	3.751244871e-06	10
3.128366779e-06	3.751244871e-06	10
3.128366779e-06	3.751244871e-06	10
3.128366779e-06	3.751244871e-06	10
3.128366779e-06	3.751244871e-06	10
3.128366779e-06	3.751244871e-06	10
3.128366779e-06	3.751244871e-06	10
3.128366779e-06	3.751244871e-06	10
3.128366779e-06	3.751244871e-06	10
3.128366779e-06	3.751244871e-06	10
3.128366779e-06	3.751244871e-06	10
3.128366779e-06	3.751244871e-06	10
3.128366779e-06	3.751244871e-06	10
3.128366779e-06	3.751244871e-06	10
3.128366779e-06	3.751244871e-06	10
3.128366779e-06	3.751244871e-06	0
3.145182807e-06	3.760953609e-06	0
3.161998834e-06	3.770662347e-06	0
3.178814861e-06	3.780371085e-06	0
3.195630888e-06	3.790079823e-06	0
3.212446916e-06	3.799788561e-06	0
3.229262943e-06	3.809497298e-06	0
3.24607897e-06	3.819206036e-06	0
3.262894997e-06	3.828914774e-06	0
3.279711025e-06	3.838623512e-06	0
3.296527052e-06	3.84833225e-06	0
3.296527052e-06	3.84833225e-06	10
3.296527052e-06	3.84833225e-06	10
3.296527052e-06	3.84833225e-06	10
3.296527052e-06	3.84833225e-06	10
3.296527052e-06	3.84833225e-06	10
3.296527052e-06	3.84833225e-06	10
3.296527052e-06	3.84833225e-06	10
3.296527052e-06	3.84833225e-06	10
3.296527052e-06	3.84833225e-06	10
3.296527052e-06	3.84833225e-06	10
3.296527052e-06	3.84833225e-06	10
3.296527052e-06	3.84833225e-06	10
3.296527052e-06	3.84833225e-06	10
3.296527052e-06	3.84833225e-06	10
3.296527052e-06	3.84833225e-06	10
3.296527052e-06	3.84833225e-06	10
3.296527052e-06	3.84833225e-06	10
3.296527052e-06	3.84833225e-06	10
3.296527052e-06	3.84833225e-06	10
3.296527052e-06	3.84833225e-06	10
3.296527052e-06	3.84833225e-06	10
3.296527052e-06	3.84833225e-06	10
3.296527052e-06	3.84833225e-06	10
3.296527052e-06	3.84833225e-06	10
3.296527052e-06	3.84833225e-06	10
3.296527052e-06	3.84833225e-06	0
3.313343079e-06	3.858040988e-06	0
3.330159106e-06	3.867749726e-06	0
3.346975134e-06	3.877458463e-06	0
3.363791161e-06	3.887167201e-06	0
3.380607188e-06	3.896875939e-06	0
3.397423215e-06	3.906584677e-06	0
3.414239243e-06	3.916293415e-06	0
3.43105527e-06	3.926002153e-06	0
3.447871297e-06	3.935710891e-06	0
3.464687324e-06	3.945419628e-06	0
3.464687324e-06	3.945419628e-06	10
3.464687324e-06	3.945419628e-06	10
3.464687324e-06	3.945419628e-06	10
3.464687324e-06	3.945419628e-06	10
3.464687324e-06	3.945419628e-06	10
3.464687324e-06	3.945419628e-06	10
3.464687324e-06	3.945419628e-06	10
3.464687324e-06	3.945419628e-06	10
3.464687324e-06	3.945419628e-06	10
3.464687324e-06	3.945419628e-06	10
3.464687324e-06	3.945419628e-06	10
3.464687324e-06	3.945419628e-06	10
3.464687324e-06	3.945419628e-06	10
3.464687324e-06	3.945419628e-06	10
3.464687324e-06	3.945419628e-06	10
3.464687324e-06	3.945419628e-06	10
3.464687324e-06	3.945419628e-06	10
3.464687324e-06	3.945419628e-06	10
3.464687324e-06	3.945419628e-06	10
3.464687324e-06	3.945419628e-06	10
3.464687324e-06	3.945419628e-06	10
3.464687324e-06	3.945419628e-06	10
3.464687324e-06	3.945419628e-06	10
3.464687324e-06	3.945419628e-06	10
3.464687324e-06	3.945419628e-06	10
3.464687324e-06	3.945419628e-06	0
3.446660932e-06	3.937088139e-06	0
3.42863454e-06	3.928756649e-06	0
3.410608147e-06	3.920425159e-06	0
3.392581755e-06	3.91209367e-06	0
3.374555363e-06	3.90376218e-06	0
3.35652897e-06	3.89543069e-06	0
3.338502578e-06	3.8870992e-06	0
3.320476185e-06	3.878767711e-06	0
3.302449793e-06	3.870436221e-06	0
3.284423401e-06	3.862104731e-06	0
3.266397008e-06	3.853773241e-06	0
3.248370616e-06	3.845441752e-06	0
3.230344223e-06	3.837110262e-06	0
3.212317831e-06	3.828778772e-06	0
3.194291439e-06	3.820447282e-06	0
3.176265046e-06	3.812115793e-06	0
3.158238654e-06	3.803784303e-06	0
3.140212262e-06	3.795452813e-06	0
3.122185869e-06	3.787121323e-06	0
3.104159477e-06	3.778789834e-06	0
3.086133084e-06	3.770458344e-06	0
3.068106692e-06	3.762126854e-06	0
3.0500803e-06	3.753795364e-06	0
3.032053907e-06	3.745463875e-06	0
3.014027515e-06	3.737132385e-06	0
2.996001123e-06	3.728800895e-06	0
2.97797473e-06	3.720469405e-06	0
2.959948338e-06	3.712137916e-06	0
2.941921945e-06	3.703806426e-06	0
2.923895553e-06	3.695474936e-06	0
2.905869161e-06	3.687143446e-06	0
2.887842768e-06	3.678811957e-06	0
2.869816376e-06	3.670480467e-06	0
2.851789984e-06	3.662148977e-06	0
2.833763591e-06	3.653817487e-06	0
2.815737199e-06	3.645485998e-06	0
2.797710806e-06	3.637154508e-06	0
2.779684414e-06	3.628823018e-06	0
2.761658022e-06	3.620491528e-06	0
2.743631629e-06	3.612160039e-06	0
2.725605237e-06	3.603828549e-06	0
2.707578844e-06	3.595497059e-06	0
2.689552452e-06	3.587165569e-06	0
2.67152606e-06	3.57883408e-06	0
2.653499667e-06	3.57050259e-06	0
2.635473275e-06	3.5621711e-06	0
2.617446883e-06	3.55383961e-06	0
2.59942049e-06	3.545508121e-06	0
2.581394098e-06	3.537176631e-06	0
2.563367705e-06	3.528845141e-06	0
2.545341313e-06	3.520513651e-06	0
2.527314921e-06	3.512182162e-06	0
2.509288528e-06	3.503850672e-06	0
2.491262136e-06	3.495519182e-06	0
2.473235744e-06	3.487187693e-06	0
2.455209351e-06	3.478856203e-06	0
2.437182959e-06	3.470524713e-06	0
2.419156566e-06	3.462193223e-06	0
2.401130174e-06	3.453861734e-06	0
2.383103782e-06	3.445530244e-06	0
2.365077389e-06	3.437198754e-06	0
2.347050997e-06	3.428867264e-06	0
2.329024605e-06	3.420535775e-06	0
2.310998212e-06	3.412204285e-06	0
2.29297182e-06	3.403872795e-06	0
2.274945427e-06	3.395541305e-06	0
2.256919035e-06	3.387209816e-06	0
2.238892643e-06	3.378878326e-06	0
2.22086625e-06	3.370546836e-06	0
2.202839858e-06	3.362215346e-06	0
2.184813465e-06	3.353883857e-06	0
2.166787073e-06	3.345552367e-06	0
2.148760681e-06	3.337220877e-06	0
2.130734288e-06	3.328889387e-06	0
2.112707896e-06	3.320557898e-06	0
2.094681504e-06	3.312226408e-06	0
2.076655111e-06	3.303894918e-06	0
2.058628719e-06	3.295563428e-06	0
2.040602326e-06	3.287231939e-06	0
2.022575934e-06	3.278900449e-06	0
2.004549542e-06	3.270568959e-06	0
1.986523149e-06	3.262237469e-06	0
1.968496757e-06	3.25390598e-06	0
1.950470365e-06	3.24557449e-06	0
1.932443972e-06	3.237243e-06	0
1.91441758e-06	3.22891151e-06	0
1.896391187e-06	3.220580021e-06	0
1.878364795e-06	3.212248531e-06	0
1.860338403e-06	3.203917041e-06	0
1.84231201e-06	3.195585551e-06	0
1.824285618e-06	3.187254062e-06	0
1.806259225e-06	3.178922572e-06	0
1.788232833e-06	3.170591082e-06	0
1.770206441e-06	3.162259592e-06	0
1.752180048e-06	3.153928103e-06	0
1.734153656e-06	3.145596613e-06	0
1.716127264e-06	3.137265123e-06	0
1.698100871e-06	3.128933633e-06	0
1.680074479e-06	3.120602144e-06	0
1.662048086e-06	3.112270654e-06	0
1.644021694e-06	3.103939164e-06	0
1.625995302e-06	3.095607674e-06	0
1.607968909e-06	3.087276185e-06	0
1.589942517e-06	3.078944695e-06	0
1.571916125e-06	3.070613205e-06	0
1.553889732e-06	3.062281716e-06	0
1.53586334e-06	3.053950226e-06	0
1.517836947e-06	3.045618736e-06	0
1.517836947e-06	3.045618736e-06	-10
1.517836947e-06	3.045618736e-06	-10
1.517836947e-06	3.045618736e-06	-10
1.517836947e-06	3.045618736e-06	-10
1.517836947e-06	3.045618736e-06	-10
1.517836947e-06	3.045618736e-06	-10
1.517836947e-06	3.045618736e-06	-10
1.517836947e-06	3.045618736e-06	-10
1.517836947e-06	3.045618736e-06	-10
1.517836947e-06	3.045618736e-06	-10
1.517836947e-06	3.045618736e-06	-10
1.517836947e-06	3.045618736e-06	-10
1.517836947e-06	3.045618736e-06	-10
1.517836947e-06	3.045618736e-06	-10
1.517836947e-06	3.045618736e-06	-10
1.517836947e-06	3.045618736e-06	-10
1.517836947e-06	3.045618736e-06	-10
1.517836947e-06	3.045618736e-06	-10
1.517836947e-06	3.045618736e-06	-10
1.517836947e-06	3.045618736e-06	-10
1.517836947e-06	3.045618736e-06	-10
1.517836947e-06	3.045618736e-06	-10
1.517836947e-06	3.045618736e-06	-10
1.517836947e-06	3.045618736e-06	-10
1.517836947e-06	3.045618736e-06	-10
1.517836947e-06	3.045618736e-06	0
1.534652975e-06	3.055327474e-06	0
1.551469002e-06	3.065036212e-06	0
1.568285029e-06	3.07474495e-06	0
1.585101056e-06	3.084453687e-06	0
1.601917084e-06	3.094162425e-06	0
1.618733111e-06	3.103871163e-06	0
1.635549138e-06	3.113579901e-06	0
1.652365165e-06	3.123288639e-06	0
1.669181193e-06	3.132997377e-06	0
1.68599722e-06	3.142706115e-06	0
1.68599722e-06	3.142706115e-06	-10
1.68599722e-06	3.142706115e-06	-10
1.68599722e-06	3.142706115e-06	-10
1.68599722e-06	3.142706115e-06	-10
1.68599722e-06	3.142706115e-06	-10
1.68599722e-06	3.142706115e-06	-10
1.68599722e-06	3.142706115e-06	-10
1.68599722e-06	3.142706115e-06	-10
1.68599722e-06	3.142706115e-06	-10
1.68599722e-06	3.142706115e-06	-10
1.68599722e-06	3.142706115e-06	-10
1.68599722e-06	3.142706115e-06	-10
1.68599722e-06	3.142706115e-06	-10
1.68599722e-06	3.142706115e-06	-10
1.68599722e-06	3.142706115e-06	-10
1.68599722e-06	3.142706115e-06	-10
1.68599722e-06	3.142706115e-06	-10
1.68599722e-06	3.142706115e-06	-10
1.68599722e-06	3.142706115e-06	-10
1.68599722e-06	3.142706115e-06	-10
1.68599722e-06	3.142706115e-06	-10
1.68599722e-06	3.142706115e-06	-10
1.68599722e-06	3.142706115e-06	-10
1.68599722e-06	3.142706115e-06	-10
1.68599722e-06	3.142706115e-06	-10
1.68599722e-06	3.142706115e-06	0
1.702813247e-06	3.152414853e-06	0
1.719629275e-06	3.16212359e-06	0
1.736445302e-06	3.171832328e-06	0
1.753261329e-06	3.181541066e-06	0
1.770077356e-06	3.191249804e-06	0
1.786893384e-06	3.200958542e-06	0
1.803709411e-06	3.21066728e-06	0
1.820525438e-06	3.220376018e-06	0
1.837341465e-06	3.230084755e-06	0
1.854157493e-06	3.239793493e-06	0
1.854157493e-06	3.239793493e-06	-10
1.854157493e-06	3.239793493e-06	-10
1.854157493e-06	3.239793493e-06	-10
1.854157493e-06	3.239793493e-06	-10
1.854157493e-06	3.239793493e-06	-10
1.854157493e-06	3.239793493e-06	-10
1.854157493e-06	3.239793493e-06	-10
1.854157493e-06	3.239793493e-06	-10
1.854157493e-06	3.239793493e-06	-10
1.854157493e-06	3.239793493e-06	-10
1.854157493e-06	3.239793493e-06	-10
1.854157493e-06	3.239793493e-06	-10
1.854157493e-06	3.239793493e-06	-10
1.854157493e-06	3.239793493e-06	-10
1.854157493e-06	3.239793493e-06	-10
1.854157493e-06	3.239793493e-06	-10
1.854157493e-06	3.239793493e-06	-10
1.854157493e-06	3.239793493e-06	-10
1.854157493e-06	3.239793493e-06	-10
1.854157493e-06	3.239793493e-06	-10
1.854157493e-06	3.239793493e-06	-10
1.854157493e-06	3.239793493e-06	-10
1.854157493e-06	3.239793493e-06	-10
1.854157493e-06	3.239793493e-06	-10
1.854157493e-06	3.239793493e-06	-10
1.854157493e-06	3.239793493e-06	0
1.87097352e-06	3.249502231e-06	0
1.887789547e-06	3.259210969e-06	0
1.904605574e-06	3.268919707e-06	0
1.921421602e-06	3.278628445e-06	0
1.938237629e-06	3.288337183e-06	0
1.955053656e-06	3.29804592e-06	0
1.971869683e-06	3.307754658e-06	0
1.988685711e-06	3.317463396e-06	0
2.005501738e-06	3.327172134e-06	0
2.022317765e-06	3.336880872e-06	0
2.022317765e-06	3.336880872e-06	-10
2.022317765e-06	3.336880872e-06	-10
2.022317765e-06	3.336880872e-06	-10
2.022317765e-06	3.336880872e-06	-10
2.022317765e-06	3.336880872e-06	-10
2.022317765e-06	3.336880872e-06	-10
2.022317765e-06	3.336880872e-06	-10
2.022317765e-06	3.336880872e-06	-10
2.022317765e-06	3.336880872e-06	-10
2.022317765e-06	3.336880872e-06	-10
2.022317765e-06	3.336880872e-06	-10
2.022317765e-06	3.336880872e-06	-10
2.022317765e-06	3.336880872e-06	-10
2.022317765e-06	3.336880872e-06	-10
2.022317765e-06	3.336880872e-06	-10
2.022317765e-06	3.336880872e-06	-10
2.022317765e-06	3.336880872e-06	-10
2.022317765e-06	3.336880872e-06	-10
2.022317765e-06	3.336880872e-06	-10
2.022317765e-06	3.336880872e-06	-10
2.022317765e-06	3.336880872e-06	-10
2.022317765e-06	3.336880872e-06	-10
2.022317765e-06	3.336880872e-06	-10
2.022317765e-06	3.336880872e-06	-10
2.022317765e-06	3.336880872e-06	-10
2.022317765e-06	3.336880872e-06	0
2.039133792e-06	3.34658961e-06	0
2.05594982e-06	3.356298348e-06	0
2.072765847e-06	3.366007086e-06	0
2.089581874e-06	3.375715823e-06	0
2.106397901e-06	3.385424561e-06	0
2.123213929e-06	3.395133299e-06	0
2.140029956e-06	3.404842037e-06	0
2.156845983e-06	3.414550775e-06	0
2.17366201e-06	3.424259513e-06	0
2.190478038e-06	3.433968251e-06	0
2.190478038e-06	3.433968251e-06	-10
2.190478038e-06	3.433968251e-06	-10
2.190478038e-06	3.433968251e-06	-10
2.190478038e-06	3.433968251e-06	-10
2.190478038e-06	3.433968251e-06	-10
2.190478038e-06	3.433968251e-06	-10
2.190478038e-06	3.433968251e-06	-10
2.190478038e-06	3.433968251e-06	-10
2.190478038e-06	3.433968251e-06	-10
2.190478038e-06	3.433968251e-06	-10
2.190478038e-06	3.433968251e-06	-10
2.190478038e-06	3.433968251e-06	-10
2.190478038e-06	3.433968251e-06	-10
2.190478038e-06	3.433968251e-06	-10
2.190478038e-06	3.433968251e-06	-10
2.190478038e-06	3.433968251e-06	-10
2.190478038e-06	3.433968251e-06	-10
2.190478038e-06	3.433968251e-06	-10
2.190478038e-06	3.433968251e-06	-10
2.190478038e-06	3.433968251e-06	-10
2.190478038e-06	3.433968251e-06	-10
2.190478038e-06	3.433968251e-06	-10
2.190478038e-06	3.433968251e-06	-10
2.190478038e-06	3.433968251e-06	-10
2.190478038e-06	3.433968251e-06	-10
2.190478038e-06	3.433968251e-06	0
2.207294065e-06	3.443676988e-06	0
2.224110092e-06	3.453385726e-06	0
2.24092612e-06	3.463094464e-06	0
2.257742147e-06	3.472803202e-06	0
2.274558174e-06	3.48251194e-06	0
2.291374201e-06	3.492220678e-06	0
2.308190229e-06	3.501929416e-06	0
2.325006256e-06	3.511638154e-06	0
2.341822283e-06	3.521346891e-06	0
2.35863831e-06	3.531055629e-06	0
2.35863831e-06	3.531055629e-06	-10
2.35863831e-06	3.531055629e-06	-10
2.35863831e-06	3.531055629e-06	-10
2.35863831e-06	3.531055629e-06	-10
2.35863831e-06	3.531055629e-06	-10
2.35863831e-06	3.531055629e-06	-10
2.35863831e-06	3.531055629e-06	-10
2.35863831e-06	3.531055629e-06	-10
2.35863831e-06	3.531055629e-06	-10
2.35863831e-06	3.531055629e-06	-10
2.35863831e-06	3.531055629e-06	-10
2.35863831e-06	3.531055629e-06	-10
2.35863831e-06	3.531055629e-06	-10
2.35863831e-06	3.531055629e-06	-10
2.35863831e-06	3.531055629e-06	-10
2.35863831e-06	3.531055629e-06	-10
2.35863831e-06	3.531055629e-06	-10
2.35863831e-06	3.531055629e-06	-10
2.35863831e-06	3.531055629e-06	-10
2.35863831e-06	3.531055629e-06	-10
2.35863831e-06	3.531055629e-06	-10
2.35863831e-06	3.531055629e-06	-10
2.35863831e-06	3.531055629e-06	-10
2.35863831e-06	3.531055629e-06	-10
2.35863831e-06	3.531055629e-06	-10
2.35863831e-06	3.531055629e-06	0
2.375454338e-06	3.540764367e-06	0
2.392270365e-06	3.550473105e-06	0
2.409086392e-06	3.560181843e-06	0
2.425902419e-06	3.569890581e-06	0
2.442718447e-06	3.579599319e-06	0
2.459534474e-06	3.589308056e-06	0
2.476350501e-06	3.599016794e-06	0
2.493166528e-06	3.608725532e-06	0
2.509982556e-06	3.61843427e-06	0
2.526798583e-06	3.628143008e-06	0
2.526798583e-06	3.628143008e-06	-10
2.526798583e-06	3.628143008e-06	-10
2.526798583e-06	3.628143008e-06	-10
2.526798583e-06	3.628143008e-06	-10
2.526798583e-06	3.628143008e-06	-10
2.526798583e-06	3.628143008e-06	-10
2.526798583e-06	3.628143008e-06	-10
2.526798583e-06	3.628143008e-06	-10
2.526798583e-06	3.628143008e-06	-10
2.526798583e-06	3.628143008e-06	-10
2.526798583e-06	3.628143008e-06	-10
2.526798583e-06	3.628143008e-06	-10
2.526798583e-06	3.628143008e-06	-10
2.526798583e-06	3.628143008e-06	-10
2.526798583e-06	3.628143008e-06	-10
2.526798583e-06	3.628143008e-06	-10
2.526798583e-06	3.628143008e-06	-10
2.526798583e-06	3.628143008e-06	-10
2.526798583e-06	3.628143008e-06	-10
2.526798583e-06	3.628143008e-06	-10
2.526798583e-06	3.628143008e-06	-10
2.526798583e-06	3.628143008e-06	-10
2.526798583e-06	3.628143008e-06	-10
2.526798583e-06	3.628143008e-06	-10
2.526798583e-06	3.628143008e-06	-10
2.526798583e-06	3.628143008e-06	0
2.54361461e-06	3.637851746e-06	0
2.560430637e-06	3.647560484e-06	0
2.577246665e-06	3.657269221e-06	0
2.594062692e-06	3.666977959e-06	0
2.610878719e-06	3.676686697e-06	0
2.627694746e-06	3.686395435e-06	0
2.644510774e-06	3.696104173e-06	0
2.661326801e-06	3.705812911e-06	0
2.678142828e-06	3.715521649e-06	0
2.694958855e-06	3.725230387e-06	0
2.694958855e-06	3.725230387e-06	-10
2.694958855e-06	3.725230387e-06	-10
2.694958855e-06	3.725230387e-06	-10
2.694958855e-06	3.725230387e-06	-10
2.694958855e-06	3.725230387e-06	-10
2.694958855e-06	3.725230387e-06	-10
2.694958855e-06	3.725230387e-06	-10
2.694958855e-06	3.725230387e-06	-10
2.694958855e-06	3.725230387e-06	-10
2.694958855e-06	3.725230387e-06	-10
2.694958855e-06	3.725230387e-06	-10
2.694958855e-06	3.725230387e-06	-10
2.694958855e-06	3.725230387e-06	-10
2.694958855e-06	3.725230387e-06	-10
2.694958855e-06	3.725230387e-06	-10
2.694958855e-06	3.725230387e-06	-10
2.694958855e-06	3.725230387e-06	-10
2.694958855e-06	3.725230387e-06	-10
2.694958855e-06	3.725230387e-06	-10
2.694958855e-06	3.725230387e-06	-10
2.694958855e-06	3.725230387e-06	-10
2.694958855e-06	3.725230387e-06	-10
2.694958855e-06	3.725230387e-06	-10
2.694958855e-06	3.725230387e-06	-10
2.694958855e-06	3.725230387e-06	-10
2.694958855e-06	3.725230387e-06	0
2.711774883e-06	3.734939124e-06	0
2.72859091e-06	3.744647862e-06	0
2.745406937e-06	3.7543566e-06	0
2.762222965e-06	3.764065338e-06	0
2.779038992e-06	3.773774076e-06	0
2.795855019e-06	3.783482814e-06	0
2.812671046e-06	3.793191552e-06	0
2.829487074e-06	3.802900289e-06	0
2.846303101e-06	3.812609027e-06	0
2.863119128e-06	3.822317765e-06	0
2.863119128e-06	3.822317765e-06	-10
2.863119128e-06	3.822317765e-06	-10
2.863119128e-06	3.822317765e-06	-10
2.863119128e-06	3.822317765e-06	-10
2.863119128e-06	3.822317765e-06	-10
2.863119128e-06	3.822317765e-06	-10
2.863119128e-06	3.822317765e-06	-10
2.863119128e-06	3.822317765e-06	-10
2.863119128e-06	3.822317765e-06	-10
2.863119128e-06	3.822317765e-06	-10
2.863119128e-06	3.822317765e-06	-10
2.863119128e-06	3.822317765e-06	-10
2.863119128e-06	3.822317765e-06	-10
2.863119128e-06	3.822317765e-06	-10
2.863119128e-06	3.822317765e-06	-10
2.863119128e-06	3.822317765e-06	-10
2.863119128e-06	3.822317765e-06	-10
2.863119128e-06	3.822317765e-06	-10
2.863119128e-06	3.822317765e-06	-10
2.863119128e-06	3.822317765e-06	-10
2.863119128e-06	3.822317765e-06	-10
2.863119128e-06	3.822317765e-06	-10
2.863119128e-06	3.822317765e-06	-10
2.863119128e-06	3.822317765e-06	-10
2.863119128e-06	3.822317765e-06	-10
2.863119128e-06	3.822317765e-06	0
2.879935155e-06	3.832026503e-06	0
2.896751183e-06	3.841735241e-06	0
2.91356721e-06	3.851443979e-06	0
2.930383237e-06	3.861152717e-06	0
2.947199264e-06	3.870861454e-06	0
2.964015292e-06	3.880570192e-06	0
2.980831319e-06	3.89027893e-06	0
2.997647346e-06	3.899987668e-06	0
3.014463373e-06	3.909696406e-06	0
3.031279401e-06	3.919405144e-06	0
3.031279401e-06	3.919405144e-06	-10
3.031279401e-06	3.919405144e-06	-10
3.031279401e-06	3.919405144e-06	-10
3.031279401e-06	3.919405144e-06	-10
3.031279401e-06	3.919405144e-06	-10
3.031279401e-06	3.919405144e-06	-10
3.031279401e-06	3.919405144e-06	-10
3.031279401e-06	3.919405144e-06	-10
3.031279401e-06	3.919405144e-06	-10
3.031279401e-06	3.919405144e-06	-10
3.031279401e-06	3.919405144e-06	-10
3.031279401e-06	3.919405144e-06	-10
3.031279401e-06	3.919405144e-06	-10
3.031279401e-06	3.919405144e-06	-10
3.031279401e-06	3.919405144e-06	-10
3.031279401e-06	3.919405144e-06	-10
3.031279401e-06	3.919405144e-06	-10
3.031279401e-06	3.919405144e-06	-10
3.031279401e-06	3.919405144e-06	-10
3.031279401e-06	3.919405144e-06	-10
3.031279401e-06	3.919405144e-06	-10
3.031279401e-06	3.919405144e-06	-10
3.031279401e-06	3.919405144e-06	-10
3.031279401e-06	3.919405144e-06	-10
3.031279401e-06	3.919405144e-06	-10
3.031279401e-06	3.919405144e-06	0
3.048095428e-06	3.929113882e-06	0
3.064911455e-06	3.93882262e-06	0
3.081727482e-06	3.948531357e-06	0
3.09854351e-06	3.958240095e-06	0
3.115359537e-06	3.967948833e-06	0
3.132175564e-06	3.977657571e-06	0
3.148991591e-06	3.987366309e-06	0
3.165807619e-06	3.997075047e-06	0
3.182623646e-06	4.006783785e-06	0
3.199439673e-06	4.016492522e-06	0
3.199439673e-06	4.016492522e-06	-10
3.199439673e-06	4.016492522e-06	-10
3.199439673e-06	4.016492522e-06	-10
3.199439673e-06	4.016492522e-06	-10
3.199439673e-06	4.016492522e-06	-10
3.199439673e-06	4.016492522e-06	-10
3.199439673e-06	4.016492522e-06	-10
3.199439673e-06	4.016492522e-06	-10
3.199439673e-06	4.016492522e-06	-10
3.199439673e-06	4.016492522e-06	-10
3.199439673e-06	4.016492522e-06	-10
3.199439673e-06	4.016492522e-06	-10
3.199439673e-06	4.016492522e-06	-10
3.199439673e-06	4.016492522e-06	-10
3.199439673e-06	4.016492522e-06	-10
3.199439673e-06	4.016492522e-06	-10
3.199439673e-06	4.016492522e-06	-10
3.199439673e-06	4.016492522e-06	-10
3.199439673e-06	4.016492522e-06	-10
3.199439673e-06	4.016492522e-06	-10
3.199439673e-06	4.016492522e-06	-10
3.199439673e-06	4.016492522e-06	-10
3.199439673e-06	4.016492522e-06	-10
3.199439673e-06	4.016492522e-06	-10
3.199439673e-06	4.016492522e-06	-10
3.199439673e-06	4.016492522e-06	0
3.2162557e-06	4.02620126e-06	0
3.233071728e-06	4.035909998e-06	0
3.249887755e-06	4.045618736e-06	0
3.266703782e-06	4.055327474e-06	0
3.283519809e-06	4.065036212e-06	0
3.300335837e-06	4.07474495e-06	0
3.317151864e-06	4.084453687e-06	0
3.333967891e-06	4.094162425e-06	0
3.350783919e-06	4.103871163e-06	0
3.367599946e-06	4.113579901e-06	0
3.367599946e-06	4.113579901e-06	-10
3.367599946e-06	4.113579901e-06	-10
3.367599946e-06	4.113579901e-06	-10
3.367599946e-06	4.113579901e-06	-10
3.367599946e-06	4.113579901e-06	-10
3.367599946e-06	4.113579901e-06	-10
3.367599946e-06	4.113579901e-06	-10
3.367599946e-06	4.113579901e-06	-10
3.367599946e-06	4.113579901e-06	-10
3.367599946e-06	4.113579901e-06	-10
3.367599946e-06	4.113579901e-06	-10
3.367599946e-06	4.113579901e-06	-10
3.367599946e-06	4.113579901e-06	-10
3.367599946e-06	4.113579901e-06	-10
3.367599946e-06	4.113579901e-06	-10
3.367599946e-06	4.113579901e-06	-10
3.367599946e-06	4.113579901e-06	-10
3.367599946e-06	4.113579901e-06	-10
3.367599946e-06	4.113579901e-06	-10
3.367599946e-06	4.113579901e-06	-10
3.367599946e-06	4.113579901e-06	-10
3.367599946e-06	4.113579901e-06	-10
3.367599946e-06	4.113579901e-06	-10
3.367599946e-06	4.113579901e-06	-10
3.367599946e-06	4.113579901e-06	-10
3.367599946e-06	4.113579901e-06	0
3.349573553e-06	4.105248411e-06	0
3.331547161e-06	4.096916922e-06	0
3.313520769e-06	4.088585432e-06	0
3.295494376e-06	4.080253942e-06	0
3.277467984e-06	4.071922452e-06	0
3.259441592e-06	4.063590963e-06	0
3.241415199e-06	4.055259473e-06	0
3.223388807e-06	4.046927983e-06	0
3.205362414e-06	4.038596493e-06	0
3.187336022e-06	4.030265004e-06	0
3.16930963e-06	4.021933514e-06	0
3.151283237e-06	4.013602024e-06	0
3.133256845e-06	4.005270534e-06	0
3.115230452e-06	3.996939045e-06	0
3.09720406e-06	3.988607555e-06	0
3.079177668e-06	3.980276065e-06	0
3.061151275e-06	3.971944575e-06	0
3.043124883e-06	3.963613086e-06	0
3.025098491e-06	3.955281596e-06	0
3.007072098e-06	3.946950106e-06	0
2.989045706e-06	3.938618616e-06	0
2.971019313e-06	3.930287127e-06	0
2.952992921e-06	3.921955637e-06	0
2.934966529e-06	3.913624147e-06	0
2.916940136e-06	3.905292657e-06	0
2.898913744e-06	3.896961168e-06	0
2.880887352e-06	3.888629678e-06	0
2.862860959e-06	3.880298188e-06	0
2.844834567e-06	3.871966698e-06	0
2.826808174e-06	3.863635209e-06	0
2.808781782e-06	3.855303719e-06	0
2.79075539e-06	3.846972229e-06	0
2.772728997e-06	3.838640739e-06	0
2.754702605e-06	3.83030925e-06	0
2.736676212e-06	3.82197776e-06	0
2.71864982e-06	3.81364627e-06	0
2.700623428e-06	3.805314781e-06	0
2.682597035e-06	3.796983291e-06	0
2.664570643e-06	3.788651801e-06	0
2.646544251e-06	3.780320311e-06	0
2.628517858e-06	3.771988822e-06	0
2.610491466e-06	3.763657332e-06	0
2.592465073e-06	3.755325842e-06	0
2.574438681e-06	3.746994352e-06	0
2.556412289e-06	3.738662863e-06	0
2.538385896e-06	3.730331373e-06	0
2.520359504e-06	3.721999883e-06	0
2.502333112e-06	3.713668393e-06	0
2.484306719e-06	3.705336904e-06	0
2.466280327e-06	3.697005414e-06	0
2.448253934e-06	3.688673924e-06	0
2.430227542e-06	3.680342434e-06	0
2.41220115e-06	3.672010945e-06	0
2.394174757e-06	3.663679455e-06	0
2.376148365e-06	3.655347965e-06	0
2.358121973e-06	3.647016475e-06	0
2.34009558e-06	3.638684986e-06	0
2.322069188e-06	3.630353496e-06	0
2.304042795e-06	3.622022006e-06	0
2.286016403e-06	3.613690516e-06	0
2.267990011e-06	3.605359027e-06	0
2.249963618e-06	3.597027537e-06	0
2.231937226e-06	3.588696047e-06	0
2.213910833e-06	3.580364557e-06	0
2.195884441e-06	3.572033068e-06	0
2.177858049e-06	3.563701578e-06	0
2.159831656e-06	3.555370088e-06	0
2.141805264e-06	3.547038598e-06	0
2.123778872e-06	3.538707109e-06	0
2.105752479e-06	3.530375619e-06	0
2.087726087e-06	3.522044129e-06	0
2.069699694e-06	3.513712639e-06	0
2.051673302e-06	3.50538115e-06	0
2.03364691e-06	3.49704966e-06	0
2.015620517e-06	3.48871817e-06	0
1.997594125e-06	3.48038668e-06	0
1.979567733e-06	3.472055191e-06	0
1.96154134e-06	3.463723701e-06	0
1.943514948e-06	3.455392211e-06	0
1.925488555e-06	3.447060721e-06	0
1.907462163e-06	3.438729232e-06	0
1.889435771e-06	3.430397742e-06	0
1.871409378e-06	3.422066252e-06	0
1.853382986e-06	3.413734762e-06	0
1.835356594e-06	3.405403273e-06	0
1.817330201e-06	3.397071783e-06	0
1.799303809e-06	3.388740293e-06	0
1.781277416e-06	3.380408804e-06	0
1.763251024e-06	3.372077314e-06	0
1.745224632e-06	3.363745824e-06	0
1.727198239e-06	3.355414334e-06	0
1.709171847e-06	3.347082845e-06	0
1.691145454e-06	3.338751355e-06	0
1.673119062e-06	3.330419865e-06	0
1.65509267e-06	3.322088375e-06	0
1.637066277e-06	3.313756886e-06	0
1.619039885e-06	3.305425396e-06	0
1.601013493e-06	3.297093906e-06	0
1.5829871e-06	3.288762416e-06	0
1.564960708e-06	3.280430927e-06	0
1.546934315e-06	3.272099437e-06	0
1.528907923e-06	3.263767947e-06	0
1.510881531e-06	3.255436457e-06	0
1.492855138e-06	3.247104968e-06	0
1.474828746e-06	3.238773478e-06	0
1.456802354e-06	3.230441988e-06	0
1.438775961e-06	3.222110498e-06	0
1.420749569e-06	3.213779009e-06	0
1.420749569e-06	3.213779009e-06	10
1.420749569e-06	3.213779009e-06	10
1.420749569e-06	3.213779009e-06	10
1.420749569e-06	3.213779009e-06	10
1.420749569e-06	3.213779009e-06	10
1.420749569e-06	3.213779009e-06	10
1.420749569e-06	3.213779009e-06	10
1.420749569e-06	3.213779009e-06	10
1.420749569e-06	3.213779009e-06	10
1.420749569e-06	3.213779009e-06	10
1.420749569e-06	3.213779009e-06	10
1.420749569e-06	3.213779009e-06	10
1.420749569e-06	3.213779009e-06	10
1.420749569e-06	3.213779009e-06	10
1.420749569e-06	3.213779009e-06	10
1.420749569e-06	3.213779009e-06	10
1.420749569e-06	3.213779009e-06	10
1.420749569e-06	3.213779009e-06	10
1.420749569e-06	3.213779009e-06	10
1.420749569e-06	3.213779009e-06	10
1.420749569e-06	3.213779009e-06	10
1.420749569e-06	3.213779009e-06	10
1.420749569e-06	3.213779009e-06	10
1.420749569e-06	3.213779009e-06	10
1.420749569e-06	3.213779009e-06	10
1.420749569e-06	3.213779009e-06	0
1.437565596e-06	3.223487746e-06	0
1.454381623e-06	3.233196484e-06	0
1.471197651e-06	3.242905222e-06	0
1.488013678e-06	3.25261396e-06	0
1.504829705e-06	3.262322698e-06	0
1.521645732e-06	3.272031436e-06	0
1.53846176e-06	3.281740174e-06	0
1.555277787e-06	3.291448912e-06	0
1.572093814e-06	3.301157649e-06	0
1.588909841e-06	3.310866387e-06	0
1.588909841e-06	3.310866387e-06	10
1.588909841e-06	3.310866387e-06	10
1.588909841e-06	3.310866387e-06	10
1.588909841e-06	3.310866387e-06	10
1.588909841e-06	3.310866387e-06	10
1.588909841e-06	3.310866387e-06	10
1.588909841e-06	3.310866387e-06	10
1.588909841e-06	3.310866387e-06	10
1.588909841e-06	3.310866387e-06	10
1.588909841e-06	3.310866387e-06	10
1.588909841e-06	3.310866387e-06	10
1.588909841e-06	3.310866387e-06	10
1.588909841e-06	3.310866387e-06	10
1.588909841e-06	3.310866387e-06	10
1.588909841e-06	3.310866387e-06	10
1.588909841e-06	3.310866387e-06	10
1.588909841e-06	3.310866387e-06	10
1.588909841e-06	3.310866387e-06	10
1.588909841e-06	3.310866387e-06	10
1.588909841e-06	3.310866387e-06	10
1.588909841e-06	3.310866387e-06	10
1.588909841e-06	3.310866387e-06	10
1.588909841e-06	3.310866387e-06	10
1.588909841e-06	3.310866387e-06	10
1.588909841e-06	3.310866387e-06	10
1.588909841e-06	3.310866387e-06	0
1.605725869e-06	3.320575125e-06	0
1.622541896e-06	3.330283863e-06	0
1.639357923e-06	3.339992601e-06	0
1.65617395e-06	3.349701339e-06	0
1.672989978e-06	3.359410077e-06	0
1.689806005e-06	3.369118814e-06	0
1.706622032e-06	3.378827552e-06	0
1.723438059e-06	3.38853629e-06	0
1.740254087e-06	3.398245028e-06	0
1.757070114e-06	3.407953766e-06	0
1.757070114e-06	3.407953766e-06	10
1.757070114e-06	3.407953766e-06	10
1.757070114e-06	3.407953766e-06	10
1.757070114e-06	3.407953766e-06	10
1.757070114e-06	3.407953766e-06	10
1.757070114e-06	3.407953766e-06	10
1.757070114e-06	3.407953766e-06	10
1.757070114e-06	3.407953766e-06	10
1.757070114e-06	3.407953766e-06	10
1.757070114e-06	3.407953766e-06	10
1.757070114e-06	3.407953766e-06	10
1.757070114e-06	3.407953766e-06	10
1.757070114e-06	3.407953766e-06	10
1.757070114e-06	3.407953766e-06	10
1.757070114e-06	3.407953766e-06	10
1.757070114e-06	3.407953766e-06	10
1.757070114e-06	3.407953766e-06	10
1.757070114e-06	3.407953766e-06	10
1.757070114e-06	3.407953766e-06	10
1.757070114e-06	3.407953766e-06	10
1.757070114e-06	3.407953766e-06	10
1.757070114e-06	3.407953766e-06	10
1.757070114e-06	3.407953766e-06	10
1.757070114e-06	3.407953766e-06	10
1.757070114e-06	3.407953766e-06	10
1.757070114e-06	3.407953766e-06	0
1.773886141e-06	3.417662504e-06	0
1.790702168e-06	3.427371242e-06	0
1.807518196e-06	3.437079979e-06	0
1.824334223e-06	3.446788717e-06	0
1.84115025e-06	3.456497455e-06	0
1.857966277e-06	3.466206193e-06	0
1.874782305e-06	3.475914931e-06	0
1.891598332e-06	3.485623669e-06	0
1.908414359e-06	3.495332407e-06	0
1.925230387e-06	3.505041145e-06	0
1.925230387e-06	3.505041145e-06	10
1.925230387e-06	3.505041145e-06	10
1.925230387e-06	3.505041145e-06	10
1.925230387e-06	3.505041145e-06	10
1.925230387e-06	3.505041145e-06	10
1.925230387e-06	3.505041145e-06	10
1.925230387e-06	3.505041145e-06	10
1.925230387e-06	3.505041145e-06	10
1.925230387e-06	3.505041145e-06	10
1.925230387e-06	3.505041145e-06	10
1.925230387e-06	3.505041145e-06	10
1.925230387e-06	3.505041145e-06	10
1.925230387e-06	3.505041145e-06	10
1.925230387e-06	3.505041145e-06	10
1.925230387e-06	3.505041145e-06	10
1.925230387e-06	3.505041145e-06	10
1.925230387e-06	3.505041145e-06	10
1.925230387e-06	3.505041145e-06	10
1.925230387e-06	3.505041145e-06	10
1.925230387e-06	3.505041145e-06	10
1.925230387e-06	3.505041145e-06	10
1.925230387e-06	3.505041145e-06	10
1.925230387e-06	3.505041145e-06	10
1.925230387e-06	3.505041145e-06	10
1.925230387e-06	3.505041145e-06	10
1.925230387e-06	3.505041145e-06	0
1.942046414e-06	3.514749882e-06	0
1.958862441e-06	3.52445862e-06	0
1.975678468e-06	3.534167358e-06	0
1.992494496e-06	3.543876096e-06	0
2.009310523e-06	3.553584834e-06	0
2.02612655e-06	3.563293572e-06	0
2.042942577e-06	3.57300231e-06	0
2.059758605e-06	3.582711047e-06	0
2.076574632e-06	3.592419785e-06	0
2.093390659e-06	3.602128523e-06	0
2.093390659e-06	3.602128523e-06	10
2.093390659e-06	3.602128523e-06	10
2.093390659e-06	3.602128523e-06	10
2.093390659e-06	3.602128523e-06	10
2.093390659e-06	3.602128523e-06	10
2.093390659e-06	3.602128523e-06	10
2.093390659e-06	3.602128523e-06	10
2.093390659e-06	3.602128523e-06	10
2.093390659e-06	3.602128523e-06	10
2.093390659e-06	3.602128523e-06	10
2.093390659e-06	3.602128523e-06	10
2.093390659e-06	3.602128523e-06	10
2.093390659e-06	3.602128523e-06	10
2.093390659e-06	3.602128523e-06	10
2.093390659e-06	3.602128523e-06	10
2.093390659e-06	3.602128523e-06	10
2.093390659e-06	3.602128523e-06	10
2.093390659e-06	3.602128523e-06	10
2.093390659e-06	3.602128523e-06	10
2.093390659e-06	3.602128523e-06	10
2.093390659e-06	3.602128523e-06	10
2.093390659e-06	3.602128523e-06	10
2.093390659e-06	3.602128523e-06	10
2.093390659e-06	3.602128523e-06	10
2.093390659e-06	3.602128523e-06	10
2.093390659e-06	3.602128523e-06	0
2.110206686e-06	3.611837261e-06	0
2.127022714e-06	3.621545999e-06	0
2.143838741e-06	3.631254737e-06	0
2.160654768e-06	3.640963475e-06	0
2.177470795e-06	3.650672212e-06	0
2.194286823e-06	3.66038095e-06	0
2.21110285e-06	3.670089688e-06	0
2.227918877e-06	3.679798426e-06	0
2.244734904e-06	3.689507164e-06	0
2.261550932e-06	3.699215902e-06	0
2.261550932e-06	3.699215902e-06	10
2.261550932e-06	3.699215902e-06	10
2.261550932e-06	3.699215902e-06	10
2.261550932e-06	3.699215902e-06	10
2.261550932e-06	3.699215902e-06	10
2.261550932e-06	3.699215902e-06	10
2.261550932e-06	3.699215902e-06	10
2.261550932e-06	3.699215902e-06	10
2.261550932e-06	3.699215902e-06	10
2.261550932e-06	3.699215902e-06	10
2.261550932e-06	3.699215902e-06	10
2.261550932e-06	3.699215902e-06	10
2.261550932e-06	3.699215902e-06	10
2.261550932e-06	3.699215902e-06	10
2.261550932e-06	3.699215902e-06	10
2.261550932e-06	3.699215902e-06	10
2.261550932e-06	3.699215902e-06	10
2.261550932e-06	3.699215902e-06	10
2.261550932e-06	3.699215902e-06	10
2.261550932e-06	3.699215902e-06	10
2.261550932e-06	3.699215902e-06	10
2.261550932e-06	3.699215902e-06	10
2.261550932e-06	3.699215902e-06	10
2.261550932e-06	3.699215902e-06	10
2.261550932e-06	3.699215902e-06	10
2.261550932e-06	3.699215902e-06	0
2.278366959e-06	3.70892464e-06	0
2.295182986e-06	3.718633378e-06	0
2.311999013e-06	3.728342115e-06	0
2.328815041e-06	3.738050853e-06	0
2.345631068e-06	3.747759591e-06	0
2.362447095e-06	3.757468329e-06	0
2.379263122e-06	3.767177067e-06	0
2.39607915e-06	3.776885805e-06	0
2.412895177e-06	3.786594543e-06	0
2.429711204e-06	3.79630328e-06	0
2.429711204e-06	3.79630328e-06	10
2.429711204e-06	3.79630328e-06	10
2.429711204e-06	3.79630328e-06	10
2.429711204e-06	3.79630328e-06	10
2.429711204e-06	3.79630328e-06	10
2.429711204e-06	3.79630328e-06	10
2.429711204e-06	3.79630328e-06	10
2.429711204e-06	3.79630328e-06	10
2.429711204e-06	3.79630328e-06	10
2.429711204e-06	3.79630328e-06	10
2.429711204e-06	3.79630328e-06	10
2.429711204e-06	3.79630328e-06	10
2.429711204e-06	3.79630328e-06	10
2.429711204e-06	3.79630328e-06	10
2.429711204e-06	3.79630328e-06	10
2.429711204e-06	3.79630328e-06	10
2.429711204e-06	3.79630328e-06	10
2.429711204e-06	3.79630328e-06	10
2.429711204e-06	3.79630328e-06	10
2.429711204e-06	3.79630328e-06	10
2.429711204e-06	3.79630328e-06	10
2.429711204e-06	3.79630328e-06	10
2.429711204e-06	3.79630328e-06	10
2.429711204e-06	3.79630328e-06	10
2.429711204e-06	3.79630328e-06	10
2.429711204e-06	3.79630328e-06	0
2.446527232e-06	3.806012018e-06	0
2.463343259e-06	3.815720756e-06	0
2.480159286e-06	3.825429494e-06	0
2.496975313e-06	3.835138232e-06	0
2.513791341e-06	3.84484697e-06	0
2.530607368e-06	3.854555708e-06	0
2.547423395e-06	3.864264445e-06	0
2.564239422e-06	3.873973183e-06	0
2.58105545e-06	3.883681921e-06	0
2.597871477e-06	3.893390659e-06	0
2.597871477e-06	3.893390659e-06	10
2.597871477e-06	3.893390659e-06	10
2.597871477e-06	3.893390659e-06	10
2.597871477e-06	3.893390659e-06	10
2.597871477e-06	3.893390659e-06	10
2.597871477e-06	3.893390659e-06	10
2.597871477e-06	3.893390659e-06	10
2.597871477e-06	3.893390659e-06	10
2.597871477e-06	3.893390659e-06	10
2.597871477e-06	3.893390659e-06	10
2.597871477e-06	3.893390659e-06	10
2.597871477e-06	3.893390659e-06	10
2.597871477e-06	3.893390659e-06	10
2.597871477e-06	3.893390659e-06	10
2.597871477e-06	3.893390659e-06	10
2.597871477e-06	3.893390659e-06	10
2.597871477e-06	3.893390659e-06	10
2.597871477e-06	3.893390659e-06	10
2.597871477e-06	3.893390659e-06	10
2.597871477e-06	3.893390659e-06	10
2.597871477e-06	3.893390659e-06	10
2.597871477e-06	3.893390659e-06	10
2.597871477e-06	3.893390659e-06	10
2.597871477e-06	3.893390659e-06	10
2.597871477e-06	3.893390659e-06	10
2.597871477e-06	3.893390659e-06	0
2.614687504e-06	3.903099397e-06	0
2.631503531e-06	3.912808135e-06	0
2.648319559e-06	3.922516873e-06	0
2.665135586e-06	3.932225611e-06	0
2.681951613e-06	3.941934348e-06	0
2.69876764e-06	3.951643086e-06	0
2.715583668e-06	3.961351824e-06	0
2.732399695e-06	3.971060562e-06	0
2.749215722e-06	3.9807693e-06	0
2.766031749e-06	3.990478038e-06	0
2.766031749e-06	3.990478038e-06	10
2.766031749e-06	3.990478038e-06	10
2.766031749e-06	3.990478038e-06	10
2.766031749e-06	3.990478038e-06	10
2.766031749e-06	3.990478038e-06	10
2.766031749e-06	3.990478038e-06	10
2.766031749e-06	3.990478038e-06	10
2.766031749e-06	3.990478038e-06	10
2.766031749e-06	3.990478038e-06	10
2.766031749e-06	3.990478038e-06	10
2.766031749e-06	3.990478038e-06	10
2.766031749e-06	3.990478038e-06	10
2.766031749e-06	3.990478038e-06	10
2.766031749e-06	3.990478038e-06	10
2.766031749e-06	3.990478038e-06	10
2.766031749e-06	3.990478038e-06	10
2.766031749e-06	3.990478038e-06	10
2.766031749e-06	3.990478038e-06	10
2.766031749e-06	3.990478038e-06	10
2.766031749e-06	3.990478038e-06	10
2.766031749e-06	3.990478038e-06	10
2.766031749e-06	3.990478038e-06	10
2.766031749e-06	3.990478038e-06	10
2.766031749e-06	3.990478038e-06	10
2.766031749e-06	3.990478038e-06	10
2.766031749e-06	3.990478038e-06	0
2.782847777e-06	4.000186776e-06	0
2.799663804e-06	4.009895513e-06	0
2.816479831e-06	4.019604251e-06	0
2.833295858e-06	4.029312989e-06	0
2.850111886e-06	4.039021727e-06	0
2.866927913e-06	4.048730465e-06	0
2.88374394e-06	4.058439203e-06	0
2.900559967e-06	4.068147941e-06	0
2.917375995e-06	4.077856679e-06	0
2.934192022e-06	4.087565416e-06	0
2.934192022e-06	4.087565416e-06	10
2.934192022e-06	4.087565416e-06	10
2.934192022e-06	4.087565416e-06	10
2.934192022e-06	4.087565416e-06	10
2.934192022e-06	4.087565416e-06	10
2.934192022e-06	4.087565416e-06	10
2.934192022e-06	4.087565416e-06	10
2.934192022e-06	4.087565416e-06	10
2.934192022e-06	4.087565416e-06	10
2.934192022e-06	4.087565416e-06	10
2.934192022e-06	4.087565416e-06	10
2.934192022e-06	4.087565416e-06	10
2.934192022e-06	4.087565416e-06	10
2.934192022e-06	4.087565416e-06	10
2.934192022e-06	4.087565416e-06	10
2.934192022e-06	4.087565416e-06	10
2.934192022e-06	4.087565416e-06	10
2.934192022e-06	4.087565416e-06	10
2.934192022e-06	4.087565416e-06	10
2.934192022e-06	4.087565416e-06	10
2.934192022e-06	4.087565416e-06	10
2.934192022e-06	4.087565416e-06	10
2.934192022e-06	4.087565416e-06	10
2.934192022e-06	4.087565416e-06	10
2.934192022e-06	4.087565416e-06	10
2.934192022e-06	4.087565416e-06	0
2.951008049e-06	4.097274154e-06	0
2.967824077e-06	4.106982892e-06	0
2.984640104e-06	4.11669163e-06	0
3.001456131e-06	4.126400368e-06	0
3.018272158e-06	4.136109106e-06	0
3.035088186e-06	4.145817844e-06	0
3.051904213e-06	4.155526581e-06	0
3.06872024e-06	4.165235319e-06	0
3.085536267e-06	4.174944057e-06	0
3.102352295e-06	4.184652795e-06	0
3.102352295e-06	4.184652795e-06	10
3.102352295e-06	4.184652795e-06	10
3.102352295e-06	4.184652795e-06	10
3.102352295e-06	4.184652795e-06	10
3.102352295e-06	4.184652795e-06	10
3.102352295e-06	4.184652795e-06	10
3.102352295e-06	4.184652795e-06	10
3.102352295e-06	4.184652795e-06	10
3.102352295e-06	4.184652795e-06	10
3.102352295e-06	4.184652795e-06	10
3.102352295e-06	4.184652795e-06	10
3.102352295e-06	4.184652795e-06	10
3.102352295e-06	4.184652795e-06	10
3.102352295e-06	4.184652795e-06	10
3.102352295e-06	4.184652795e-06	10
3.102352295e-06	4.184652795e-06	10
3.102352295e-06	4.184652795e-06	10
3.102352295e-06	4.184652795e-06	10
3.102352295e-06	4.184652795e-06	10
3.102352295e-06	4.184652795e-06	10
3.102352295e-06	4.184652795e-06	10
3.102352295e-06	4.184652795e-06	10
3.102352295e-06	4.184652795e-06	10
3.102352295e-06	4.184652795e-06	10
3.102352295e-06	4.184652795e-06	10
3.102352295e-06	4.184652795e-06	0
3.119168322e-06	4.194361533e-06	0
3.135984349e-06	4.204070271e-06	0
3.152800376e-06	4.213779009e-06	0
3.169616404e-06	4.223487746e-06	0
3.186432431e-06	4.233196484e-06	0
3.203248458e-06	4.242905222e-06	0
3.220064485e-06	4.25261396e-06	0
3.236880513e-06	4.262322698e-06	0
3.25369654e-06	4.272031436e-06	0
3.270512567e-06	4.281740174e-06	0
3.270512567e-06	4.281740174e-06	10
3.270512567e-06	4.281740174e-06	10
3.270512567e-06	4.281740174e-06	10
3.270512567e-06	4.281740174e-06	10
3.270512567e-06	4.281740174e-06	10
3.270512567e-06	4.281740174e-06	10
3.270512567e-06	4.281740174e-06	10
3.270512567e-06	4.281740174e-06	10
3.270512567e-06	4.281740174e-06	10
3.270512567e-06	4.281740174e-06	10
3.270512567e-06	4.281740174e-06	10
3.270512567e-06	4.281740174e-06	10
3.270512567e-06	4.281740174e-06	10
3.270512567e-06	4.281740174e-06	10
3.270512567e-06	4.281740174e-06	10
3.270512567e-06	4.281740174e-06	10
3.270512567e-06	4.281740174e-06	10
3.270512567e-06	4.281740174e-06	10
3.270512567e-06	4.281740174e-06	10
3.270512567e-06	4.281740174e-06	10
3.270512567e-06	4.281740174e-06	10
3.270512567e-06	4.281740174e-06	10
3.270512567e-06	4.281740174e-06	10
3.270512567e-06	4.281740174e-06	10
3.270512567e-06	4.281740174e-06	10
3.270512567e-06	4.281740174e-06	0
3.252486175e-06	4.273408684e-06	0
3.234459782e-06	4.265077194e-06	0
3.21643339e-06	4.256745704e-06	0
3.198406998e-06	4.248414215e-06	0
3.180380605e-06	4.240082725e-06	0
3.162354213e-06	4.231751235e-06	0
3.14432782e-06	4.223419745e-06	0
3.126301428e-06	4.215088256e-06	0
3.108275036e-06	4.206756766e-06	0
3.090248643e-06	4.198425276e-06	0
3.072222251e-06	4.190093786e-06	0
3.054195859e-06	4.181762297e-06	0
3.036169466e-06	4.173430807e-06	0
3.018143074e-06	4.165099317e-06	0
3.000116681e-06	4.156767827e-06	0
2.982090289e-06	4.148436338e-06	0
2.964063897e-06	4.140104848e-06	0
2.946037504e-06	4.131773358e-06	0
2.928011112e-06	4.123441868e-06	0
2.90998472e-06	4.115110379e-06	0
2.891958327e-06	4.106778889e-06	0
2.873931935e-06	4.098447399e-06	0
2.855905542e-06	4.09011591e-06	0
2.83787915e-06	4.08178442e-06	0
2.819852758e-06	4.07345293e-06	0
2.801826365e-06	4.06512144e-06	0
2.783799973e-06	4.056789951e-06	0
2.765773581e-06	4.048458461e-06	0
2.747747188e-06	4.040126971e-06	0
2.729720796e-06	4.031795481e-06	0
2.711694403e-06	4.023463992e-06	0
2.693668011e-06	4.015132502e-06	0
2.675641619e-06	4.006801012e-06	0
2.657615226e-06	3.998469522e-06	0
2.639588834e-06	3.990138033e-06	0
2.621562441e-06	3.981806543e-06	0
2.603536049e-06	3.973475053e-06	0
2.585509657e-06	3.965143563e-06	0
2.567483264e-06	3.956812074e-06	0
2.549456872e-06	3.948480584e-06	0
2.53143048e-06	3.940149094e-06	0
2.513404087e-06	3.931817604e-06	0
2.495377695e-06	3.923486115e-06	0
2.477351302e-06	3.915154625e-06	0
2.45932491e-06	3.906823135e-06	0
2.441298518e-06	3.898491645e-06	0
2.423272125e-06	3.890160156e-06	0
2.405245733e-06	3.881828666e-06	0
2.387219341e-06	3.873497176e-06	0
2.369192948e-06	3.865165686e-06	0
2.351166556e-06	3.856834197e-06	0
2.333140163e-06	3.848502707e-06	0
2.315113771e-06	3.840171217e-06	0
2.297087379e-06	3.831839727e-06	0
2.279060986e-06	3.823508238e-06	0
2.261034594e-06	3.815176748e-06	0
2.243008202e-06	3.806845258e-06	0
2.224981809e-06	3.798513768e-06	0
2.206955417e-06	3.790182279e-06	0
2.188929024e-06	3.781850789e-06	0
2.170902632e-06	3.773519299e-06	0
2.15287624e-06	3.765187809e-06	0
2.134849847e-06	3.75685632e-06	0
2.116823455e-06	3.74852483e-06	0
2.098797062e-06	3.74019334e-06	0
2.08077067e-06	3.73186185e-06	0
2.062744278e-06	3.723530361e-06	0
2.044717885e-06	3.715198871e-06	0
2.026691493e-06	3.706867381e-06	0
2.008665101e-06	3.698535891e-06	0
1.990638708e-06	3.690204402e-06	0
1.972612316e-06	3.681872912e-06	0
1.954585923e-06	3.673541422e-06	0
1.936559531e-06	3.665209933e-06	0
1.918533139e-06	3.656878443e-06	0
1.900506746e-06	3.648546953e-06	0
1.882480354e-06	3.640215463e-06	0
1.864453962e-06	3.631883974e-06	0
1.846427569e-06	3.623552484e-06	0
1.828401177e-06	3.615220994e-06	0
1.810374784e-06	3.606889504e-06	0
1.792348392e-06	3.598558015e-06	0
1.774322e-06	3.590226525e-06	0
1.756295607e-06	3.581895035e-06	0
1.738269215e-06	3.573563545e-06	0
1.720242822e-06	3.565232056e-06	0
1.70221643e-06	3.556900566e-06	0
1.684190038e-06	3.548569076e-06	0
1.666163645e-06	3.540237586e-06	0
1.648137253e-06	3.531906097e-06	0
1.630110861e-06	3.523574607e-06	0
1.612084468e-06	3.515243117e-06	0
1.594058076e-06	3.506911627e-06	0
1.576031683e-06	3.498580138e-06	0
1.558005291e-06	3.490248648e-06	0
1.539978899e-06	3.481917158e-06	0
1.521952506e-06	3.473585668e-06	0
1.503926114e-06	3.465254179e-06	0
1.485899722e-06	3.456922689e-06	0
1.467873329e-06	3.448591199e-06	0
1.449846937e-06	3.440259709e-06	0
1.431820544e-06	3.43192822e-06	0
1.413794152e-06	3.42359673e-06	0
1.39576776e-06	3.41526524e-06	0
1.377741367e-06	3.40693375e-06	0
1.359714975e-06	3.398602261e-06	0
1.341688583e-06	3.390270771e-06	0
1.32366219e-06	3.381939281e-06	0
1.32366219e-06	3.381939281e-06	-10
1.32366219e-06	3.381939281e-06	-10
1.32366219e-06	3.381939281e-06	-10
1.32366219e-06	3.381939281e-06	-10
1.32366219e-06	3.381939281e-06	-10
1.32366219e-06	3.381939281e-06	-10
1.32366219e-06	3.381939281e-06	-10
1.32366219e-06	3.381939281e-06	-10
1.32366219e-06	3.381939281e-06	-10
1.32366219e-06	3.381939281e-06	-10
1.32366219e-06	3.381939281e-06	-10
1.32366219e-06	3.381939281e-06	-10
1.32366219e-06	3.381939281e-06	-10
1.32366219e-06	3.381939281e-06	-10
1.32366219e-06	3.381939281e-06	-10
1.32366219e-06	3.381939281e-06	-10
1.32366219e-06	3.381939281e-06	-10
1.32366219e-06	3.381939281e-06	-10
1.32366219e-06	3.381939281e-06	-10
1.32366219e-06	3.381939281e-06	-10
1.32366219e-06	3.381939281e-06	-10
1.32366219e-06	3.381939281e-06	-10
1.32366219e-06	3.381939281e-06	-10
1.32366219e-06	3.381939281e-06	-10
1.32366219e-06	3.381939281e-06	-10
1.32366219e-06	3.381939281e-06	0
1.340478217e-06	3.391648019e-06	0
1.357294245e-06	3.401356757e-06	0
1.374110272e-06	3.411065495e-06	0
1.390926299e-06	3.420774233e-06	0
1.407742326e-06	3.430482971e-06	0
1.424558354e-06	3.440191708e-06	0
1.441374381e-06	3.449900446e-06	0
1.458190408e-06	3.459609184e-06	0
1.475006435e-06	3.469317922e-06	0
1.491822463e-06	3.47902666e-06	0
1.491822463e-06	3.47902666e-06	-10
1.491822463e-06	3.47902666e-06	-10
1.491822463e-06	3.47902666e-06	-10
1.491822463e-06	3.47902666e-06	-10
1.491822463e-06	3.47902666e-06	-10
1.491822463e-06	3.47902666e-06	-10
1.491822463e-06	3.47902666e-06	-10
1.491822463e-06	3.47902666e-06	-10
1.491822463e-06	3.47902666e-06	-10
1.491822463e-06	3.47902666e-06	-10
1.491822463e-06	3.47902666e-06	-10
1.491822463e-06	3.47902666e-06	-10
1.491822463e-06	3.47902666e-06	-10
1.491822463e-06	3.47902666e-06	-10
1.491822463e-06	3.47902666e-06	-10
1.491822463e-06	3.47902666e-06	-10
1.491822463e-06	3.47902666e-06	-10
1.491822463e-06	3.47902666e-06	-10
1.491822463e-06	3.47902666e-06	-10
1.491822463e-06	3.47902666e-06	-10
1.491822463e-06	3.47902666e-06	-10
1.491822463e-06	3.47902666e-06	-10
1.491822463e-06	3.47902666e-06	-10
1.491822463e-06	3.47902666e-06	-10
1.491822463e-06	3.47902666e-06	-10
1.491822463e-06	3.47902666e-06	0
1.50863849e-06	3.488735398e-06	0
1.525454517e-06	3.498444136e-06	0
1.542270544e-06	3.508152873e-06	0
1.559086572e-06	3.517861611e-06	0
1.575902599e-06	3.527570349e-06	0
1.592718626e-06	3.537279087e-06	0
1.609534654e-06	3.546987825e-06	0
1.626350681e-06	3.556696563e-06	0
1.643166708e-06	3.566405301e-06	0
1.659982735e-06	3.576114038e-06	0
1.659982735e-06	3.576114038e-06	-10
1.659982735e-06	3.576114038e-06	-10
1.659982735e-06	3.576114038e-06	-10
1.659982735e-06	3.576114038e-06	-10
1.659982735e-06	3.576114038e-06	-10
1.659982735e-06	3.576114038e-06	-10
1.659982735e-06	3.576114038e-06	-10
1.659982735e-06	3.576114038e-06	-10
1.659982735e-06	3.576114038e-06	-10
1.659982735e-06	3.576114038e-06	-10
1.659982735e-06	3.576114038e-06	-10
1.659982735e-06	3.576114038e-06	-10
1.659982735e-06	3.576114038e-06	-10
1.659982735e-06	3.576114038e-06	-10
1.659982735e-06	3.576114038e-06	-10
1.659982735e-06	3.576114038e-06	-10
1.659982735e-06	3.576114038e-06	-10
1.659982735e-06	3.576114038e-06	-10
1.659982735e-06	3.576114038e-06	-10
1.659982735e-06	3.576114038e-06	-10
1.659982735e-06	3.576114038e-06	-10
1.659982735e-06	3.576114038e-06	-10
1.659982735e-06	3.576114038e-06	-10
1.659982735e-06	3.576114038e-06	-10
1.659982735e-06	3.576114038e-06	-10
1.659982735e-06	3.576114038e-06	0
1.676798763e-06	3.585822776e-06	0
1.69361479e-06	3.595531514e-06	0
1.710430817e-06	3.605240252e-06	0
1.727246844e-06	3.61494899e-06	0
1.744062872e-06	3.624657728e-06	0
1.760878899e-06	3.634366466e-06	0
1.777694926e-06	3.644075204e-06	0
1.794510953e-06	3.653783941e-06	0
1.811326981e-06	3.663492679e-06	0
1.828143008e-06	3.673201417e-06	0
1.828143008e-06	3.673201417e-06	-10
1.828143008e-06	3.673201417e-06	-10
1.828143008e-06	3.673201417e-06	-10
1.828143008e-06	3.673201417e-06	-10
1.828143008e-06	3.673201417e-06	-10
1.828143008e-06	3.673201417e-06	-10
1.828143008e-06	3.673201417e-06	-10
1.828143008e-06	3.673201417e-06	-10
1.828143008e-06	3.673201417e-06	-10
1.828143008e-06	3.673201417e-06	-10
1.828143008e-06	3.673201417e-06	-10
1.828143008e-06	3.673201417e-06	-10
1.828143008e-06	3.673201417e-06	-10
1.828143008e-06	3.673201417e-06	-10
1.828143008e-06	3.673201417e-06	-10
1.828143008e-06	3.673201417e-06	-10
1.828143008e-06	3.673201417e-06	-10
1.828143008e-06	3.673201417e-06	-10
1.828143008e-06	3.673201417e-06	-10
1.828143008e-06	3.673201417e-06	-10
1.828143008e-06	3.673201417e-06	-10
1.828143008e-06	3.673201417e-06	-10
1.828143008e-06	3.673201417e-06	-10
1.828143008e-06	3.673201417e-06	-10
1.828143008e-06	3.673201417e-06	-10
1.828143008e-06	3.673201417e-06	0
1.844959035e-06	3.682910155e-06	0
1.861775062e-06	3.692618893e-06	0
1.87859109e-06	3.702327631e-06	0
1.895407117e-06	3.712036369e-06	0
1.912223144e-06	3.721745106e-06	0
1.929039171e-06	3.731453844e-06	0
1.945855199e-06	3.741162582e-06	0
1.962671226e-06	3.75087132e-06	0
1.979487253e-06	3.760580058e-06	0
1.99630328e-06	3.770288796e-06	0
1.99630328e-06	3.770288796e-06	-10
1.99630328e-06	3.770288796e-06	-10
1.99630328e-06	3.770288796e-06	-10
1.99630328e-06	3.770288796e-06	-10
1.99630328e-06	3.770288796e-06	-10
1.99630328e-06	3.770288796e-06	-10
1.99630328e-06	3.770288796e-06	-10
1.99630328e-06	3.770288796e-06	-10
1.99630328e-06	3.770288796e-06	-10
1.99630328e-06	3.770288796e-06	-10
1.99630328e-06	3.770288796e-06	-10
1.99630328e-06	3.770288796e-06	-10
1.99630328e-06	3.770288796e-06	-10
1.99630328e-06	3.770288796e-06	-10
1.99630328e-06	3.770288796e-06	-10
1.99630328e-06	3.770288796e-06	-10
1.99630328e-06	3.770288796e-06	-10
1.99630328e-06	3.770288796e-06	-10
1.99630328e-06	3.770288796e-06	-10
1.99630328e-06	3.770288796e-06	-10
1.99630328e-06	3.770288796e-06	-10
1.99630328e-06	3.770288796e-06	-10
1.99630328e-06	3.770288796e-06	-10
1.99630328e-06	3.770288796e-06	-10
1.99630328e-06	3.770288796e-06	-10
1.99630328e-06	3.770288796e-06	0
2.013119308e-06	3.779997534e-06	0
2.029935335e-06	3.789706271e-06	0
2.046751362e-06	3.799415009e-06	0
2.063567389e-06	3.809123747e-06	0
2.080383417e-06	3.818832485e-06	0
2.097199444e-06	3.828541223e-06	0
2.114015471e-06	3.838249961e-06	0
2.130831499e-06	3.847958699e-06	0
2.147647526e-06	3.857667437e-06	0
2.164463553e-06	3.867376174e-06	0
2.164463553e-06	3.867376174e-06	-10
2.164463553e-06	3.867376174e-06	-10
2.164463553e-06	3.867376174e-06	-10
2.164463553e-06	3.867376174e-06	-10
2.164463553e-06	3.867376174e-06	-10
2.164463553e-06	3.867376174e-06	-10
2.164463553e-06	3.867376174e-06	-10
2.164463553e-06	3.867376174e-06	-10
2.164463553e-06	3.867376174e-06	-10
2.164463553e-06	3.867376174e-06	-10
2.164463553e-06	3.867376174e-06	-10
2.164463553e-06	3.867376174e-06	-10
2.164463553e-06	3.867376174e-06	-10
2.164463553e-06	3.867376174e-06	-10
2.164463553e-06	3.867376174e-06	-10
2.164463553e-06	3.867376174e-06	-10
2.164463553e-06	3.867376174e-06	-10
2.164463553e-06	3.867376174e-06	-10
2.164463553e-06	3.867376174e-06	-10
2.164463553e-06	3.867376174e-06	-10
2.164463553e-06	3.867376174e-06	-10
2.164463553e-06	3.867376174e-06	-10
2.164463553e-06	3.867376174e-06	-10
2.164463553e-06	3.867376174e-06	-10
2.164463553e-06	3.867376174e-06	-10
2.164463553e-06	3.867376174e-06	0
2.18127958e-06	3.877084912e-06	0
2.198095608e-06	3.88679365e-06	0
2.214911635e-06	3.896502388e-06	0
2.231727662e-06	3.906211126e-06	0
2.248543689e-06	3.915919864e-06	0
2.265359717e-06	3.925628602e-06	0
2.282175744e-06	3.935337339e-06	0
2.298991771e-06	3.945046077e-06	0
2.315807798e-06	3.954754815e-06	0
2.332623826e-06	3.964463553e-06	0
2.332623826e-06	3.964463553e-06	-10
2.332623826e-06	3.964463553e-06	-10
2.332623826e-06	3.964463553e-06	-10
2.332623826e-06	3.964463553e-06	-10
2.332623826e-06	3.964463553e-06	-10
2.332623826e-06	3.964463553e-06	-10
2.332623826e-06	3.964463553e-06	-10
2.332623826e-06	3.964463553e-06	-10
2.332623826e-06	3.964463553e-06	-10
2.332623826e-06	3.964463553e-06	-10
2.332623826e-06	3.964463553e-06	-10
2.332623826e-06	3.964463553e-06	-10
2.332623826e-06	3.964463553e-06	-10
2.332623826e-06	3.964463553e-06	-10
2.332623826e-06	3.964463553e-06	-10
2.332623826e-06	3.964463553e-06	-10
2.332623826e-06	3.964463553e-06	-10
2.332623826e-06	3.964463553e-06	-10
2.332623826e-06	3.964463553e-06	-10
2.332623826e-06	3.964463553e-06	-10
2.332623826e-06	3.964463553e-06	-10
2.332623826e-06	3.964463553e-06	-10
2.332623826e-06	3.964463553e-06	-10
2.332623826e-06	3.964463553e-06	-10
2.332623826e-06	3.964463553e-06	-10
2.332623826e-06	3.964463553e-06	0
2.349439853e-06	3.974172291e-06	0
2.36625588e-06	3.983881029e-06	0
2.383071907e-06	3.993589767e-06	0
2.399887935e-06	4.003298504e-06	0
2.416703962e-06	4.013007242e-06	0
2.433519989e-06	4.02271598e-06	0
2.450336016e-06	4.032424718e-06	0
2.467152044e-06	4.042133456e-06	0
2.483968071e-06	4.051842194e-06	0
2.500784098e-06	4.061550932e-06	0
2.500784098e-06	4.061550932e-06	-10
2.500784098e-06	4.061550932e-06	-10
2.500784098e-06	4.061550932e-06	-10
2.500784098e-06	4.061550932e-06	-10
2.500784098e-06	4.061550932e-06	-10
2.500784098e-06	4.061550932e-06	-10
2.500784098e-06	4.061550932e-06	-10
2.500784098e-06	4.061550932e-06	-10
2.500784098e-06	4.061550932e-06	-10
2.500784098e-06	4.061550932e-06	-10
2.500784098e-06	4.061550932e-06	-10
2.500784098e-06	4.061550932e-06	-10
2.500784098e-06	4.061550932e-06	-10
2.500784098e-06	4.061550932e-06	-10
2.500784098e-06	4.061550932e-06	-10
2.500784098e-06	4.061550932e-06	-10
2.500784098e-06	4.061550932e-06	-10
2.500784098e-06	4.061550932e-06	-10
2.500784098e-06	4.061550932e-06	-10
2.500784098e-06	4.061550932e-06	-10
2.500784098e-06	4.061550932e-06	-10
2.500784098e-06	4.061550932e-06	-10
2.500784098e-06	4.061550932e-06	-10
2.500784098e-06	4.061550932e-06	-10
2.500784098e-06	4.061550932e-06	-10
2.500784098e-06	4.061550932e-06	0
2.517600125e-06	4.07125967e-06	0
2.534416153e-06	4.080968407e-06	0
2.55123218e-06	4.090677145e-06	0
2.568048207e-06	4.100385883e-06	0
2.584864234e-06	4.110094621e-06	0
2.601680262e-06	4.119803359e-06	0
2.618496289e-06	4.129512097e-06	0
2.635312316e-06	4.139220835e-06	0
2.652128344e-06	4.148929572e-06	0
2.668944371e-06	4.15863831e-06	0
2.668944371e-06	4.15863831e-06	-10
2.668944371e-06	4.15863831e-06	-10
2.668944371e-06	4.15863831e-06	-10
2.668944371e-06	4.15863831e-06	-10
2.668944371e-06	4.15863831e-06	-10
2.668944371e-06	4.15863831e-06	-10
2.668944371e-06	4.15863831e-06	-10
2.668944371e-06	4.15863831e-06	-10
2.668944371e-06	4.15863831e-06	-10
2.668944371e-06	4.15863831e-06	-10
2.668944371e-06	4.15863831e-06	-10
2.668944371e-06	4.15863831e-06	-10
2.668944371e-06	4.15863831e-06	-10
2.668944371e-06	4.15863831e-06	-10
2.668944371e-06	4.15863831e-06	-10
2.668944371e-06	4.15863831e-06	-10
2.668944371e-06	4.15863831e-06	-10
2.668944371e-06	4.15863831e-06	-10
2.668944371e-06	4.15863831e-06	-10
2.668944371e-06	4.15863831e-06	-10
2.668944371e-06	4.15863831e-06	-10
2.668944371e-06	4.15863831e-06	-10
2.668944371e-06	4.15863831e-06	-10
2.668944371e-06	4.15863831e-06	-10
2.668944371e-06	4.15863831e-06	-10
2.668944371e-06	4.15863831e-06	0
2.685760398e-06	4.168347048e-06	0
2.702576425e-06	4.178055786e-06	0
2.719392453e-06	4.187764524e-06	0
2.73620848e-06	4.197473262e-06	0
2.753024507e-06	4.207182e-06	0
2.769840534e-06	4.216890737e-06	0
2.786656562e-06	4.226599475e-06	0
2.803472589e-06	4.236308213e-06	0
2.820288616e-06	4.246016951e-06	0
2.837104643e-06	4.255725689e-06	0
2.837104643e-06	4.255725689e-06	-10
2.837104643e-06	4.255725689e-06	-10
2.837104643e-06	4.255725689e-06	-10
2.837104643e-06	4.255725689e-06	-10
2.837104643e-06	4.255725689e-06	-10
2.837104643e-06	4.255725689e-06	-10
2.837104643e-06	4.255725689e-06	-10
2.837104643e-06	4.255725689e-06	-10
2.837104643e-06	4.255725689e-06	-10
2.837104643e-06	4.255725689e-06	-10
2.837104643e-06	4.255725689e-06	-10
2.837104643e-06	4.255725689e-06	-10
2.837104643e-06	4.255725689e-06	-10
2.837104643e-06	4.255725689e-06	-10
2.837104643e-06	4.255725689e-06	-10
2.837104643e-06	4.255725689e-06	-10
2.837104643e-06	4.255725689e-06	-10
2.837104643e-06	4.255725689e-06	-10
2.837104643e-06	4.255725689e-06	-10
2.837104643e-06	4.255725689e-06	-10
2.837104643e-06	4.255725689e-06	-10
2.837104643e-06	4.255725689e-06	-10
2.837104643e-06	4.255725689e-06	-10
2.837104643e-06	4.255725689e-06	-10
2.837104643e-06	4.255725689e-06	-10
2.837104643e-06	4.255725689e-06	0
2.853920671e-06	4.265434427e-06	0
2.870736698e-06	4.275143165e-06	0
2.887552725e-06	4.284851903e-06	0
2.904368752e-06	4.29456064e-06	0
2.92118478e-06	4.304269378e-06	0
2.938000807e-06	4.313978116e-06	0
2.954816834e-06	4.323686854e-06	0
2.971632861e-06	4.333395592e-06	0
2.988448889e-06	4.34310433e-06	0
3.005264916e-06	4.352813068e-06	0
3.005264916e-06	4.352813068e-06	-10
3.005264916e-06	4.352813068e-06	-10
3.005264916e-06	4.352813068e-06	-10
3.005264916e-06	4.352813068e-06	-10
3.005264916e-06	4.352813068e-06	-10
3.005264916e-06	4.352813068e-06	-10
3.005264916e-06	4.352813068e-06	-10
3.005264916e-06	4.352813068e-06	-10
3.005264916e-06	4.352813068e-06	-10
3.005264916e-06	4.352813068e-06	-10
3.005264916e-06	4.352813068e-06	-10
3.005264916e-06	4.352813068e-06	-10
3.005264916e-06	4.352813068e-06	-10
3.005264916e-06	4.352813068e-06	-10
3.005264916e-06	4.352813068e-06	-10
3.005264916e-06	4.352813068e-06	-10
3.005264916e-06	4.352813068e-06	-10
3.005264916e-06	4.352813068e-06	-10
3.005264916e-06	4.352813068e-06	-10
3.005264916e-06	4.352813068e-06	-10
3.005264916e-06	4.352813068e-06	-10
3.005264916e-06	4.352813068e-06	-10
3.005264916e-06	4.352813068e-06	-10
3.005264916e-06	4.352813068e-06	-10
3.005264916e-06	4.352813068e-06	-10
3.005264916e-06	4.352813068e-06	0
3.022080943e-06	4.362521805e-06	0
3.03889697e-06	4.372230543e-06	0
3.055712998e-06	4.381939281e-06	0
3.072529025e-06	4.391648019e-06	0
3.089345052e-06	4.401356757e-06	0
3.106161079e-06	4.411065495e-06	0
3.122977107e-06	4.420774233e-06	0
3.139793134e-06	4.430482971e-06	0
3.156609161e-06	4.440191708e-06	0
3.173425189e-06	4.449900446e-06	0
3.173425189e-06	4.449900446e-06	-10
3.173425189e-06	4.449900446e-06	-10
3.173425189e-06	4.449900446e-06	-10
3.173425189e-06	4.449900446e-06	-10
3.173425189e-06	4.449900446e-06	-10
3.173425189e-06	4.449900446e-06	-10
3.173425189e-06	4.449900446e-06	-10
3.173425189e-06	4.449900446e-06	-10
3.173425189e-06	4.449900446e-06	-10
3.173425189e-06	4.449900446e-06	-10
3.173425189e-06	4.449900446e-06	-10
3.173425189e-06	4.449900446e-06	-10
3.173425189e-06	4.449900446e-06	-10
3.173425189e-06	4.449900446e-06	-10
3.173425189e-06	4.449900446e-06	-10
3.173425189e-06	4.449900446e-06	-10
3.173425189e-06	4.449900446e-06	-10
3.173425189e-06	4.449900446e-06	-10
3.173425189e-06	4.449900446e-06	-10
3.173425189e-06	4.449900446e-06	-10
3.173425189e-06	4.449900446e-06	-10
3.173425189e-06	4.449900446e-06	-10
3.173425189e-06	4.449900446e-06	-10
3.173425189e-06	4.449900446e-06	-10
3.173425189e-06	4.449900446e-06	-10
3.173425189e-06	4.449900446e-06	0
3.155398796e-06	4.441568956e-06	0
3.137372404e-06	4.433237467e-06	0
3.119346011e-06	4.424905977e-06	0
3.101319619e-06	4.416574487e-06	0
3.083293227e-06	4.408242998e-06	0
3.065266834e-06	4.399911508e-06	0
3.047240442e-06	4.391580018e-06	0
3.029214049e-06	4.383248528e-06	0
3.011187657e-06	4.374917039e-06	0
2.993161265e-06	4.366585549e-06	0
2.975134872e-06	4.358254059e-06	0
2.95710848e-06	4.349922569e-06	0
2.939082088e-06	4.34159108e-06	0
2.921055695e-06	4.33325959e-06	0
2.903029303e-06	4.3249281e-06	0
2.88500291e-06	4.31659661e-06	0
2.866976518e-06	4.308265121e-06	0
2.848950126e-06	4.299933631e-06	0
2.830923733e-06	4.291602141e-06	0
2.812897341e-06	4.283270651e-06	0
2.794870949e-06	4.274939162e-06	0
2.776844556e-06	4.266607672e-06	0
2.758818164e-06	4.258276182e-06	0
2.740791771e-06	4.249944692e-06	0
2.722765379e-06	4.241613203e-06	0
2.704738987e-06	4.233281713e-06	0
2.686712594e-06	4.224950223e-06	0
2.668686202e-06	4.216618733e-06	0
2.650659809e-06	4.208287244e-06	0
2.632633417e-06	4.199955754e-06	0
2.614607025e-06	4.191624264e-06	0
2.596580632e-06	4.183292774e-06	0
2.57855424e-06	4.174961285e-06	0
2.560527848e-06	4.166629795e-06	0
2.542501455e-06	4.158298305e-06	0
2.524475063e-06	4.149966815e-06	0
2.50644867e-06	4.141635326e-06	0
2.488422278e-06	4.133303836e-06	0
2.470395886e-06	4.124972346e-06	0
2.452369493e-06	4.116640856e-06	0
2.434343101e-06	4.108309367e-06	0
2.416316709e-06	4.099977877e-06	0
2.398290316e-06	4.091646387e-06	0
2.380263924e-06	4.083314897e-06	0
2.362237531e-06	4.074983408e-06	0
2.344211139e-06	4.066651918e-06	0
2.326184747e-06	4.058320428e-06	0
2.308158354e-06	4.049988938e-06	0
2.290131962e-06	4.041657449e-06	0
2.27210557e-06	4.033325959e-06	0
2.254079177e-06	4.024994469e-06	0
2.236052785e-06	4.016662979e-06	0
2.218026392e-06	4.00833149e-06	0
2.2e-06	4e-06	0
2.181973608e-06	3.99166851e-06	0
2.163947215e-06	3.983337021e-06	0
2.145920823e-06	3.975005531e-06	0
2.12789443e-06	3.966674041e-06	0
2.109868038e-06	3.958342551e-06	0
2.091841646e-06	3.950011062e-06	0
2.073815253e-06	3.941679572e-06	0
2.055788861e-06	3.933348082e-06	0
2.037762469e-06	3.925016592e-06	0
2.019736076e-06	3.916685103e-06	0
2.001709684e-06	3.908353613e-06	0
1.983683291e-06	3.900022123e-06	0
1.965656899e-06	3.891690633e-06	0
1.947630507e-06	3.883359144e-06	0
1.929604114e-06	3.875027654e-06	0
1.911577722e-06	3.866696164e-06	0
1.89355133e-06	3.858364674e-06	0
1.875524937e-06	3.850033185e-06	0
1.857498545e-06	3.841701695e-06	0
1.839472152e-06	3.833370205e-06	0
1.82144576e-06	3.825038715e-06	0
1.803419368e-06	3.816707226e-06	0
1.785392975e-06	3.808375736e-06	0
1.767366583e-06	3.800044246e-06	0
1.749340191e-06	3.791712756e-06	0
1.731313798e-06	3.783381267e-06	0
1.713287406e-06	3.775049777e-06	0
1.695261013e-06	3.766718287e-06	0
1.677234621e-06	3.758386797e-06	0
1.659208229e-06	3.750055308e-06	0
1.641181836e-06	3.741723818e-06	0
1.623155444e-06	3.733392328e-06	0
1.605129051e-06	3.725060838e-06	0
1.587102659e-06	3.716729349e-06	0
1.569076267e-06	3.708397859e-06	0
1.551049874e-06	3.700066369e-06	0
1.533023482e-06	3.691734879e-06	0
1.51499709e-06	3.68340339e-06	0
1.496970697e-06	3.6750719e-06	0
1.478944305e-06	3.66674041e-06	0
1.460917912e-06	3.65840892e-06	0
1.44289152e-06	3.650077431e-06	0
1.424865128e-06	3.641745941e-06	0
1.406838735e-06	3.633414451e-06	0
1.388812343e-06	3.625082961e-06	0
1.370785951e-06	3.616751472e-06	0
1.352759558e-06	3.608419982e-06	0
1.334733166e-06	3.600088492e-06	0
1.316706773e-06	3.591757002e-06	0
1.298680381e-06	3.583425513e-06	0
1.280653989e-06	3.575094023e-06	0
1.262627596e-06	3.566762533e-06	0
1.244601204e-06	3.558431044e-06	0
1.226574811e-06	3.550099554e-06	0
1.226574811e-06	3.550099554e-06	10
1.226574811e-06	3.550099554e-06	10
1.226574811e-06	3.550099554e-06	10
1.226574811e-06	3.550099554e-06	10
1.226574811e-06	3.550099554e-06	10
1.226574811e-06	3.550099554e-06	10
1.226574811e-06	3.550099554e-06	10
1.226574811e-06	3.550099554e-06	10
1.226574811e-06	3.550099554e-06	10
1.226574811e-06	3.550099554e-06	10
1.226574811e-06	3.550099554e-06	10
1.226574811e-06	3.550099554e-06	10
1.226574811e-06	3.550099554e-06	10
1.226574811e-06	3.550099554e-06	10
1.226574811e-06	3.550099554e-06	10
1.226574811e-06	3.550099554e-06	10
1.226574811e-06	3.550099554e-06	10
1.226574811e-06	3.550099554e-06	10
1.226574811e-06	3.550099554e-06	10
1.226574811e-06	3.550099554e-06	10
1.226574811e-06	3.550099554e-06	10
1.226574811e-06	3.550099554e-06	10
1.226574811e-06	3.550099554e-06	10
1.226574811e-06	3.550099554e-06	10
1.226574811e-06	3.550099554e-06	10
1.226574811e-06	3.550099554e-06	0
1.243390839e-06	3.559808292e-06	0
1.260206866e-06	3.569517029e-06	0
1.277022893e-06	3.579225767e-06	0
1.293838921e-06	3.588934505e-06	0
1.310654948e-06	3.598643243e-06	0
1.327470975e-06	3.608351981e-06	0
1.344287002e-06	3.618060719e-06	0
1.36110303e-06	3.627769457e-06	0
1.377919057e-06	3.637478195e-06	0
1.394735084e-06	3.647186932e-06	0
1.394735084e-06	3.647186932e-06	10
1.394735084e-06	3.647186932e-06	10
1.394735084e-06	3.647186932e-06	10
1.394735084e-06	3.647186932e-06	10
1.394735084e-06	3.647186932e-06	10
1.394735084e-06	3.647186932e-06	10
1.394735084e-06	3.647186932e-06	10
1.394735084e-06	3.647186932e-06	10
1.394735084e-06	3.647186932e-06	10
1.394735084e-06	3.647186932e-06	10
1.394735084e-06	3.647186932e-06	10
1.394735084e-06	3.647186932e-06	10
1.394735084e-06	3.647186932e-06	10
1.394735084e-06	3.647186932e-06	10
1.394735084e-06	3.647186932e-06	10
1.394735084e-06	3.647186932e-06	10
1.394735084e-06	3.647186932e-06	10
1.394735084e-06	3.647186932e-06	10
1.394735084e-06	3.647186932e-06	10
1.394735084e-06	3.647186932e-06	10
1.394735084e-06	3.647186932e-06	10
1.394735084e-06	3.647186932e-06	10
1.394735084e-06	3.647186932e-06	10
1.394735084e-06	3.647186932e-06	10
1.394735084e-06	3.647186932e-06	10
1.394735084e-06	3.647186932e-06	0
1.411551111e-06	3.65689567e-06	0
1.428367139e-06	3.666604408e-06	0
1.445183166e-06	3.676313146e-06	0
1.461999193e-06	3.686021884e-06	0
1.47881522e-06	3.695730622e-06	0
1.495631248e-06	3.70543936e-06	0
1.512447275e-06	3.715148097e-06	0
1.529263302e-06	3.724856835e-06	0
1.546079329e-06	3.734565573e-06	0
1.562895357e-06	3.744274311e-06	0
1.562895357e-06	3.744274311e-06	10
1.562895357e-06	3.744274311e-06	10
1.562895357e-06	3.744274311e-06	10
1.562895357e-06	3.744274311e-06	10
1.562895357e-06	3.744274311e-06	10
1.562895357e-06	3.744274311e-06	10
1.562895357e-06	3.744274311e-06	10
1.562895357e-06	3.744274311e-06	10
1.562895357e-06	3.744274311e-06	10
1.562895357e-06	3.744274311e-06	10
1.562895357e-06	3.744274311e-06	10
1.562895357e-06	3.744274311e-06	10
1.562895357e-06	3.744274311e-06	10
1.562895357e-06	3.744274311e-06	10
1.562895357e-06	3.744274311e-06	10
1.562895357e-06	3.744274311e-06	10
1.562895357e-06	3.744274311e-06	10
1.562895357e-06	3.744274311e-06	10
1.562895357e-06	3.744274311e-06	10
1.562895357e-06	3.744274311e-06	10
1.562895357e-06	3.744274311e-06	10
1.562895357e-06	3.744274311e-06	10
1.562895357e-06	3.744274311e-06	10
1.562895357e-06	3.744274311e-06	10
1.562895357e-06	3.744274311e-06	10
1.562895357e-06	3.744274311e-06	0
1.579711384e-06	3.753983049e-06	0
1.596527411e-06	3.763691787e-06	0
1.613343438e-06	3.773400525e-06	0
1.630159466e-06	3.783109263e-06	0
1.646975493e-06	3.792818e-06	0
1.66379152e-06	3.802526738e-06	0
1.680607547e-06	3.812235476e-06	0
1.697423575e-06	3.821944214e-06	0
1.714239602e-06	3.831652952e-06	0
1.731055629e-06	3.84136169e-06	0
1.731055629e-06	3.84136169e-06	10
1.731055629e-06	3.84136169e-06	10
1.731055629e-06	3.84136169e-06	10
1.731055629e-06	3.84136169e-06	10
1.731055629e-06	3.84136169e-06	10
1.731055629e-06	3.84136169e-06	10
1.731055629e-06	3.84136169e-06	10
1.731055629e-06	3.84136169e-06	10
1.731055629e-06	3.84136169e-06	10
1.731055629e-06	3.84136169e-06	10
1.731055629e-06	3.84136169e-06	10
1.731055629e-06	3.84136169e-06	10
1.731055629e-06	3.84136169e-06	10
1.731055629e-06	3.84136169e-06	10
1.731055629e-06	3.84136169e-06	10
1.731055629e-06	3.84136169e-06	10
1.731055629e-06	3.84136169e-06	10
1.731055629e-06	3.84136169e-06	10
1.731055629e-06	3.84136169e-06	10
1.731055629e-06	3.84136169e-06	10
1.731055629e-06	3.84136169e-06	10
1.731055629e-06	3.84136169e-06	10
1.731055629e-06	3.84136169e-06	10
1.731055629e-06	3.84136169e-06	10
1.731055629e-06	3.84136169e-06	10
1.731055629e-06	3.84136169e-06	0
1.747871656e-06	3.851070428e-06	0
1.764687684e-06	3.860779165e-06	0
1.781503711e-06	3.870487903e-06	0
1.798319738e-06	3.880196641e-06	0
1.815135766e-06	3.889905379e-06	0
1.831951793e-06	3.899614117e-06	0
1.84876782e-06	3.909322855e-06	0
1.865583847e-06	3.919031593e-06	0
1.882399875e-06	3.92874033e-06	0
1.899215902e-06	3.938449068e-06	0
1.899215902e-06	3.938449068e-06	10
1.899215902e-06	3.938449068e-06	10
1.899215902e-06	3.938449068e-06	10
1.899215902e-06	3.938449068e-06	10
1.899215902e-06	3.938449068e-06	10
1.899215902e-06	3.938449068e-06	10
1.899215902e-06	3.938449068e-06	10
1.899215902e-06	3.938449068e-06	10
1.899215902e-06	3.938449068e-06	10
1.899215902e-06	3.938449068e-06	10
1.899215902e-06	3.938449068e-06	10
1.899215902e-06	3.938449068e-06	10
1.899215902e-06	3.938449068e-06	10
1.899215902e-06	3.938449068e-06	10
1.899215902e-06	3.938449068e-06	10
1.899215902e-06	3.938449068e-06	10
1.899215902e-06	3.938449068e-06	10
1.899215902e-06	3.938449068e-06	10
1.899215902e-06	3.938449068e-06	10
1.899215902e-06	3.938449068e-06	10
1.899215902e-06	3.938449068e-06	10
1.899215902e-06	3.938449068e-06	10
1.899215902e-06	3.938449068e-06	10
1.899215902e-06	3.938449068e-06	10
1.899215902e-06	3.938449068e-06	10
1.899215902e-06	3.938449068e-06	0
1.916031929e-06	3.948157806e-06	0
1.932847956e-06	3.957866544e-06	0
1.949663984e-06	3.967575282e-06	0
1.966480011e-06	3.97728402e-06	0
1.983296038e-06	3.986992758e-06	0
2.000112065e-06	3.996701496e-06	0
2.016928093e-06	4.006410233e-06	0
2.03374412e-06	4.016118971e-06	0
2.050560147e-06	4.025827709e-06	0
2.067376174e-06	4.035536447e-06	0
2.067376174e-06	4.035536447e-06	10
2.067376174e-06	4.035536447e-06	10
2.067376174e-06	4.035536447e-06	10
2.067376174e-06	4.035536447e-06	10
2.067376174e-06	4.035536447e-06	10
2.067376174e-06	4.035536447e-06	10
2.067376174e-06	4.035536447e-06	10
2.067376174e-06	4.035536447e-06	10
2.067376174e-06	4.035536447e-06	10
2.067376174e-06	4.035536447e-06	10
2.067376174e-06	4.035536447e-06	10
2.067376174e-06	4.035536447e-06	10
2.067376174e-06	4.035536447e-06	10
2.067376174e-06	4.035536447e-06	10
2.067376174e-06	4.035536447e-06	10
2.067376174e-06	4.035536447e-06	10
2.067376174e-06	4.035536447e-06	10
2.067376174e-06	4.035536447e-06	10
2.067376174e-06	4.035536447e-06	10
2.067376174e-06	4.035536447e-06	10
2.067376174e-06	4.035536447e-06	10
2.067376174e-06	4.035536447e-06	10
2.067376174e-06	4.035536447e-06	10
2.067376174e-06	4.035536447e-06	10
2.067376174e-06	4.035536447e-06	10
2.067376174e-06	4.035536447e-06	0
2.084192202e-06	4.045245185e-06	0
2.101008229e-06	4.054953923e-06	0
2.117824256e-06	4.064662661e-06	0
2.134640283e-06	4.074371398e-06	0
2.151456311e-06	4.084080136e-06	0
2.168272338e-06	4.093788874e-06	0
2.185088365e-06	4.103497612e-06	0
2.201904392e-06	4.11320635e-06	0
2.21872042e-06	4.122915088e-06	0
2.235536447e-06	4.132623826e-06	0
2.235536447e-06	4.132623826e-06	10
2.235536447e-06	4.132623826e-06	10
2.235536447e-06	4.132623826e-06	10
2.235536447e-06	4.132623826e-06	10
2.235536447e-06	4.132623826e-06	10
2.235536447e-06	4.132623826e-06	10
2.235536447e-06	4.132623826e-06	10
2.235536447e-06	4.132623826e-06	10
2.235536447e-06	4.132623826e-06	10
2.235536447e-06	4.132623826e-06	10
2.235536447e-06	4.132623826e-06	10
2.235536447e-06	4.132623826e-06	10
2.235536447e-06	4.132623826e-06	10
2.235536447e-06	4.132623826e-06	10
2.235536447e-06	4.132623826e-06	10
2.235536447e-06	4.132623826e-06	10
2.235536447e-06	4.132623826e-06	10
2.235536447e-06	4.132623826e-06	10
2.235536447e-06	4.132623826e-06	10
2.235536447e-06	4.132623826e-06	10
2.235536447e-06	4.132623826e-06	10
2.235536447e-06	4.132623826e-06	10
2.235536447e-06	4.132623826e-06	10
2.235536447e-06	4.132623826e-06	10
2.235536447e-06	4.132623826e-06	10
2.235536447e-06	4.132623826e-06	0
2.252352474e-06	4.142332563e-06	0
2.269168501e-06	4.152041301e-06	0
2.285984529e-06	4.161750039e-06	0
2.302800556e-06	4.171458777e-06	0
2.319616583e-06	4.181167515e-06	0
2.336432611e-06	4.190876253e-06	0
2.353248638e-06	4.200584991e-06	0
2.370064665e-06	4.210293729e-06	0
2.386880692e-06	4.220002466e-06	0
2.40369672e-06	4.229711204e-06	0
2.40369672e-06	4.229711204e-06	10
2.40369672e-06	4.229711204e-06	10
2.40369672e-06	4.229711204e-06	10
2.40369672e-06	4.229711204e-06	10
2.40369672e-06	4.229711204e-06	10
2.40369672e-06	4.229711204e-06	10
2.40369672e-06	4.229711204e-06	10
2.40369672e-06	4.229711204e-06	10
2.40369672e-06	4.229711204e-06	10
2.40369672e-06	4.229711204e-06	10
2.40369672e-06	4.229711204e-06	10
2.40369672e-06	4.229711204e-06	10
2.40369672e-06	4.229711204e-06	10
2.40369672e-06	4.229711204e-06	10
2.40369672e-06	4.229711204e-06	10
2.40369672e-06	4.229711204e-06	10
2.40369672e-06	4.229711204e-06	10
2.40369672e-06	4.229711204e-06	10
2.40369672e-06	4.229711204e-06	10
2.40369672e-06	4.229711204e-06	10
2.40369672e-06	4.229711204e-06	10
2.40369672e-06	4.229711204e-06	10
2.40369672e-06	4.229711204e-06	10
2.40369672e-06	4.229711204e-06	10
2.40369672e-06	4.229711204e-06	10
2.40369672e-06	4.229711204e-06	0
2.420512747e-06	4.239419942e-06	0
2.437328774e-06	4.24912868e-06	0
2.454144801e-06	4.258837418e-06	0
2.470960829e-06	4.268546156e-06	0
2.487776856e-06	4.278254894e-06	0
2.504592883e-06	4.287963631e-06	0
2.52140891e-06	4.297672369e-06	0
2.538224938e-06	4.307381107e-06	0
2.555040965e-06	4.317089845e-06	0
2.571856992e-06	4.326798583e-06	0
2.571856992e-06	4.326798583e-06	10
2.571856992e-06	4.326798583e-06	10
2.571856992e-06	4.326798583e-06	10
2.571856992e-06	4.326798583e-06	10
2.571856992e-06	4.326798583e-06	10
2.571856992e-06	4.326798583e-06	10
2.571856992e-06	4.326798583e-06	10
2.571856992e-06	4.326798583e-06	10
2.571856992e-06	4.326798583e-06	10
2.571856992e-06	4.326798583e-06	10
2.571856992e-06	4.326798583e-06	10
2.571856992e-06	4.326798583e-06	10
2.571856992e-06	4.326798583e-06	10
2.571856992e-06	4.326798583e-06	10
2.571856992e-06	4.326798583e-06	10
2.571856992e-06	4.326798583e-06	10
2.571856992e-06	4.326798583e-06	10
2.571856992e-06	4.326798583e-06	10
2.571856992e-06	4.326798583e-06	10
2.571856992e-06	4.326798583e-06	10
2.571856992e-06	4.326798583e-06	10
2.571856992e-06	4.326798583e-06	10
2.571856992e-06	4.326798583e-06	10
2.571856992e-06	4.326798583e-06	10
2.571856992e-06	4.326798583e-06	10
2.571856992e-06	4.326798583e-06	0
2.588673019e-06	4.336507321e-06	0
2.605489047e-06	4.346216059e-06	0
2.622305074e-06	4.355924796e-06	0
2.639121101e-06	4.365633534e-06	0
2.655937128e-06	4.375342272e-06	0
2.672753156e-06	4.38505101e-06	0
2.689569183e-06	4.394759748e-06	0
2.70638521e-06	4.404468486e-06	0
2.723201237e-06	4.414177224e-06	0
2.740017265e-06	4.423885962e-06	0
2.740017265e-06	4.423885962e-06	10
2.740017265e-06	4.423885962e-06	10
2.740017265e-06	4.423885962e-06	10
2.740017265e-06	4.423885962e-06	10
2.740017265e-06	4.423885962e-06	10
2.740017265e-06	4.423885962e-06	10
2.740017265e-06	4.423885962e-06	10
2.740017265e-06	4.423885962e-06	10
2.740017265e-06	4.423885962e-06	10
2.740017265e-06	4.423885962e-06	10
2.740017265e-06	4.423885962e-06	10
2.740017265e-06	4.423885962e-06	10
2.740017265e-06	4.423885962e-06	10
2.740017265e-06	4.423885962e-06	10
2.740017265e-06	4.423885962e-06	10
2.740017265e-06	4.423885962e-06	10
2.740017265e-06	4.423885962e-06	10
2.740017265e-06	4.423885962e-06	10
2.740017265e-06	4.423885962e-06	10
2.740017265e-06	4.423885962e-06	10
2.740017265e-06	4.423885962e-06	10
2.740017265e-06	4.423885962e-06	10
2.740017265e-06	4.423885962e-06	10
2.740017265e-06	4.423885962e-06	10
2.740017265e-06	4.423885962e-06	10
2.740017265e-06	4.423885962e-06	0
2.756833292e-06	4.433594699e-06	0
2.773649319e-06	4.443303437e-06	0
2.790465346e-06	4.453012175e-06	0
2.807281374e-06	4.462720913e-06	0
2.824097401e-06	4.472429651e-06	0
2.840913428e-06	4.482138389e-06	0
2.857729456e-06	4.491847127e-06	0
2.874545483e-06	4.501555864e-06	0
2.89136151e-06	4.511264602e-06	0
2.908177537e-06	4.52097334e-06	0
2.908177537e-06	4.52097334e-06	10
2.908177537e-06	4.52097334e-06	10
2.908177537e-06	4.52097334e-06	10
2.908177537e-06	4.52097334e-06	10
2.908177537e-06	4.52097334e-06	10
2.908177537e-06	4.52097334e-06	10
2.908177537e-06	4.52097334e-06	10
2.908177537e-06	4.52097334e-06	10
2.908177537e-06	4.52097334e-06	10
2.908177537e-06	4.52097334e-06	10
2.908177537e-06	4.52097334e-06	10
2.908177537e-06	4.52097334e-06	10
2.908177537e-06	4.52097334e-06	10
2.908177537e-06	4.52097334e-06	10
2.908177537e-06	4.52097334e-06	10
2.908177537e-06	4.52097334e-06	10
2.908177537e-06	4.52097334e-06	10
2.908177537e-06	4.52097334e-06	10
2.908177537e-06	4.52097334e-06	10
2.908177537e-06	4.52097334e-06	10
2.908177537e-06	4.52097334e-06	10
2.908177537e-06	4.52097334e-06	10
2.908177537e-06	4.52097334e-06	10
2.908177537e-06	4.52097334e-06	10
2.908177537e-06	4.52097334e-06	10
2.908177537e-06	4.52097334e-06	0
2.924993565e-06	4.530682078e-06	0
2.941809592e-06	4.540390816e-06	0
2.958625619e-06	4.550099554e-06	0
2.975441646e-06	4.559808292e-06	0
2.992257674e-06	4.569517029e-06	0
3.009073701e-06	4.579225767e-06	0
3.025889728e-06	4.588934505e-06	0
3.042705755e-06	4.598643243e-06	0
3.059521783e-06	4.608351981e-06	0
3.07633781e-06	4.618060719e-06	0
3.07633781e-06	4.618060719e-06	10
3.07633781e-06	4.618060719e-06	10
3.07633781e-06	4.618060719e-06	10
3.07633781e-06	4.618060719e-06	10
3.07633781e-06	4.618060719e-06	10
3.07633781e-06	4.618060719e-06	10
3.07633781e-06	4.618060719e-06	10
3.07633781e-06	4.618060719e-06	10
3.07633781e-06	4.618060719e-06	10
3.07633781e-06	4.618060719e-06	10
3.07633781e-06	4.618060719e-06	10
3.07633781e-06	4.618060719e-06	10
3.07633781e-06	4.618060719e-06	10
3.07633781e-06	4.618060719e-06	10
3.07633781e-06	4.618060719e-06	10
3.07633781e-06	4.618060719e-06	10
3.07633781e-06	4.618060719e-06	10
3.07633781e-06	4.618060719e-06	10
3.07633781e-06	4.618060719e-06	10
3.07633781e-06	4.618060719e-06	10
3.07633781e-06	4.618060719e-06	10
3.07633781e-06	4.618060719e-06	10
3.07633781e-06	4.618060719e-06	10
3.07633781e-06	4.618060719e-06	10
3.07633781e-06	4.618060719e-06	10
3.07633781e-06	4.618060719e-06	0
3.058311417e-06	4.609729229e-06	0
3.040285025e-06	4.601397739e-06	0
3.022258633e-06	4.59306625e-06	0
3.00423224e-06	4.58473476e-06	0
2.986205848e-06	4.57640327e-06	0
2.968179456e-06	4.56807178e-06	0
2.950153063e-06	4.559740291e-06	0
2.932126671e-06	4.551408801e-06	0
2.914100278e-06	4.543077311e-06	0
2.896073886e-06	4.534745821e-06	0
2.878047494e-06	4.526414332e-06	0
2.860021101e-06	4.518082842e-06	0
2.841994709e-06	4.509751352e-06	0
2.823968317e-06	4.501419862e-06	0
2.805941924e-06	4.493088373e-06	0
2.787915532e-06	4.484756883e-06	0
2.769889139e-06	4.476425393e-06	0
2.751862747e-06	4.468093903e-06	0
2.733836355e-06	4.459762414e-06	0
2.715809962e-06	4.451430924e-06	0
2.69778357e-06	4.443099434e-06	0
2.679757178e-06	4.434767944e-06	0
2.661730785e-06	4.426436455e-06	0
2.643704393e-06	4.418104965e-06	0
2.625678e-06	4.409773475e-06	0
2.607651608e-06	4.401441985e-06	0
2.589625216e-06	4.393110496e-06	0
2.571598823e-06	4.384779006e-06	0
2.553572431e-06	4.376447516e-06	0
2.535546038e-06	4.368116026e-06	0
2.517519646e-06	4.359784537e-06	0
2.499493254e-06	4.351453047e-06	0
2.481466861e-06	4.343121557e-06	0
2.463440469e-06	4.334790067e-06	0
2.445414077e-06	4.326458578e-06	0
2.427387684e-06	4.318127088e-06	0
2.409361292e-06	4.309795598e-06	0
2.391334899e-06	4.301464109e-06	0
2.373308507e-06	4.293132619e-06	0
2.355282115e-06	4.284801129e-06	0
2.337255722e-06	4.276469639e-06	0
2.31922933e-06	4.26813815e-06	0
2.301202938e-06	4.25980666e-06	0
2.283176545e-06	4.25147517e-06	0
2.265150153e-06	4.24314368e-06	0
2.24712376e-06	4.234812191e-06	0
2.229097368e-06	4.226480701e-06	0
2.211070976e-06	4.218149211e-06	0
2.193044583e-06	4.209817721e-06	0
2.175018191e-06	4.201486232e-06	0
2.156991798e-06	4.193154742e-06	0
2.138965406e-06	4.184823252e-06	0
2.120939014e-06	4.176491762e-06	0
2.102912621e-06	4.168160273e-06	0
2.084886229e-06	4.159828783e-06	0
2.066859837e-06	4.151497293e-06	0
2.048833444e-06	4.143165803e-06	0
2.030807052e-06	4.134834314e-06	0
2.012780659e-06	4.126502824e-06	0
1.994754267e-06	4.118171334e-06	0
1.976727875e-06	4.109839844e-06	0
1.958701482e-06	4.101508355e-06	0
1.94067509e-06	4.093176865e-06	0
1.922648698e-06	4.084845375e-06	0
1.904622305e-06	4.076513885e-06	0
1.886595913e-06	4.068182396e-06	0
1.86856952e-06	4.059850906e-06	0
1.850543128e-06	4.051519416e-06	0
1.832516736e-06	4.043187926e-06	0
1.814490343e-06	4.034856437e-06	0
1.796463951e-06	4.026524947e-06	0
1.778437559e-06	4.018193457e-06	0
1.760411166e-06	4.009861967e-06	0
1.742384774e-06	4.001530478e-06	0
1.724358381e-06	3.993198988e-06	0
1.706331989e-06	3.984867498e-06	0
1.688305597e-06	3.976536008e-06	0
1.670279204e-06	3.968204519e-06	0
1.652252812e-06	3.959873029e-06	0
1.634226419e-06	3.951541539e-06	0
1.616200027e-06	3.943210049e-06	0
1.598173635e-06	3.93487856e-06	0
1.580147242e-06	3.92654707e-06	0
1.56212085e-06	3.91821558e-06	0
1.544094458e-06	3.90988409e-06	0
1.526068065e-06	3.901552601e-06	0
1.508041673e-06	3.893221111e-06	0
1.49001528e-06	3.884889621e-06	0
1.471988888e-06	3.876558132e-06	0
1.453962496e-06	3.868226642e-06	0
1.435936103e-06	3.859895152e-06	0
1.417909711e-06	3.851563662e-06	0
1.399883319e-06	3.843232173e-06	0
1.381856926e-06	3.834900683e-06	0
1.363830534e-06	3.826569193e-06	0
1.345804141e-06	3.818237703e-06	0
1.327777749e-06	3.809906214e-06	0
1.309751357e-06	3.801574724e-06	0
1.291724964e-06	3.793243234e-06	0
1.273698572e-06	3.784911744e-06	0
1.25567218e-06	3.776580255e-06	0
1.237645787e-06	3.768248765e-06	0
1.219619395e-06	3.759917275e-06	0
1.201593002e-06	3.751585785e-06	0
1.18356661e-06	3.743254296e-06	0
1.165540218e-06	3.734922806e-06	0
1.147513825e-06	3.726591316e-06	0
1.129487433e-06	3.718259826e-06	0
1.129487433e-06	3.718259826e-06	-10
1.129487433e-06	3.718259826e-06	-10
1.129487433e-06	3.718259826e-06	-10
1.129487433e-06	3.718259826e-06	-10
1.129487433e-06	3.718259826e-06	-10
1.129487433e-06	3.718259826e-06	-10
1.129487433e-06	3.718259826e-06	-10
1.129487433e-06	3.718259826e-06	-10
1.129487433e-06	3.718259826e-06	-10
1.129487433e-06	3.718259826e-06	-10
1.129487433e-06	3.718259826e-06	-10
1.129487433e-06	3.718259826e-06	-10
1.129487433e-06	3.718259826e-06	-10
1.129487433e-06	3.718259826e-06	-10
1.129487433e-06	3.718259826e-06	-10
1.129487433e-06	3.718259826e-06	-10
1.129487433e-06	3.718259826e-06	-10
1.129487433e-06	3.718259826e-06	-10
1.129487433e-06	3.718259826e-06	-10
1.129487433e-06	3.718259826e-06	-10
1.129487433e-06	3.718259826e-06	-10
1.129487433e-06	3.718259826e-06	-10
1.129487433e-06	3.718259826e-06	-10
1.129487433e-06	3.718259826e-06	-10
1.129487433e-06	3.718259826e-06	-10
1.129487433e-06	3.718259826e-06	0
1.14630346e-06	3.727968564e-06	0
1.163119487e-06	3.737677302e-06	0
1.179935515e-06	3.74738604e-06	0
1.196751542e-06	3.757094778e-06	0
1.213567569e-06	3.766803516e-06	0
1.230383596e-06	3.776512254e-06	0
1.247199624e-06	3.786220991e-06	0
1.264015651e-06	3.795929729e-06	0
1.280831678e-06	3.805638467e-06	0
1.297647705e-06	3.815347205e-06	0
1.297647705e-06	3.815347205e-06	-10
1.297647705e-06	3.815347205e-06	-10
1.297647705e-06	3.815347205e-06	-10
1.297647705e-06	3.815347205e-06	-10
1.297647705e-06	3.815347205e-06	-10
1.297647705e-06	3.815347205e-06	-10
1.297647705e-06	3.815347205e-06	-10
1.297647705e-06	3.815347205e-06	-10
1.297647705e-06	3.815347205e-06	-10
1.297647705e-06	3.815347205e-06	-10
1.297647705e-06	3.815347205e-06	-10
1.297647705e-06	3.815347205e-06	-10
1.297647705e-06	3.815347205e-06	-10
1.297647705e-06	3.815347205e-06	-10
1.297647705e-06	3.815347205e-06	-10
1.297647705e-06	3.815347205e-06	-10
1.297647705e-06	3.815347205e-06	-10
1.297647705e-06	3.815347205e-06	-10
1.297647705e-06	3.815347205e-06	-10
1.297647705e-06	3.815347205e-06	-10
1.297647705e-06	3.815347205e-06	-10
1.297647705e-06	3.815347205e-06	-10
1.297647705e-06	3.815347205e-06	-10
1.297647705e-06	3.815347205e-06	-10
1.297647705e-06	3.815347205e-06	-10
1.297647705e-06	3.815347205e-06	0
1.314463733e-06	3.825055943e-06	0
1.33127976e-06	3.834764681e-06	0
1.348095787e-06	3.844473419e-06	0
1.364911814e-06	3.854182156e-06	0
1.381727842e-06	3.863890894e-06	0
1.398543869e-06	3.873599632e-06	0
1.415359896e-06	3.88330837e-06	0
1.432175923e-06	3.893017108e-06	0
1.448991951e-06	3.902725846e-06	0
1.465807978e-06	3.912434584e-06	0
1.465807978e-06	3.912434584e-06	-10
1.465807978e-06	3.912434584e-06	-10
1.465807978e-06	3.912434584e-06	-10
1.465807978e-06	3.912434584e-06	-10
1.465807978e-06	3.912434584e-06	-10
1.465807978e-06	3.912434584e-06	-10
1.465807978e-06	3.912434584e-06	-10
1.465807978e-06	3.912434584e-06	-10
1.465807978e-06	3.912434584e-06	-10
1.465807978e-06	3.912434584e-06	-10
1.465807978e-06	3.912434584e-06	-10
1.465807978e-06	3.912434584e-06	-10
1.465807978e-06	3.912434584e-06	-10
1.465807978e-06	3.912434584e-06	-10
1.465807978e-06	3.912434584e-06	-10
1.465807978e-06	3.912434584e-06	-10
1.465807978e-06	3.912434584e-06	-10
1.465807978e-06	3.912434584e-06	-10
1.465807978e-06	3.912434584e-06	-10
1.465807978e-06	3.912434584e-06	-10
1.465807978e-06	3.912434584e-06	-10
1.465807978e-06	3.912434584e-06	-10
1.465807978e-06	3.912434584e-06	-10
1.465807978e-06	3.912434584e-06	-10
1.465807978e-06	3.912434584e-06	-10
1.465807978e-06	3.912434584e-06	0
1.482624005e-06	3.922143321e-06	0
1.499440033e-06	3.931852059e-06	0
1.51625606e-06	3.941560797e-06	0
1.533072087e-06	3.951269535e-06	0
1.549888114e-06	3.960978273e-06	0
1.566704142e-06	3.970687011e-06	0
1.583520169e-06	3.980395749e-06	0
1.600336196e-06	3.990104487e-06	0
1.617152223e-06	3.999813224e-06	0
1.633968251e-06	4.009521962e-06	0
1.633968251e-06	4.009521962e-06	-10
1.633968251e-06	4.009521962e-06	-10
1.633968251e-06	4.009521962e-06	-10
1.633968251e-06	4.009521962e-06	-10
1.633968251e-06	4.009521962e-06	-10
1.633968251e-06	4.009521962e-06	-10
1.633968251e-06	4.009521962e-06	-10
1.633968251e-06	4.009521962e-06	-10
1.633968251e-06	4.009521962e-06	-10
1.633968251e-06	4.009521962e-06	-10
1.633968251e-06	4.009521962e-06	-10
1.633968251e-06	4.009521962e-06	-10
1.633968251e-06	4.009521962e-06	-10
1.633968251e-06	4.009521962e-06	-10
1.633968251e-06	4.009521962e-06	-10
1.633968251e-06	4.009521962e-06	-10
1.633968251e-06	4.009521962e-06	-10
1.633968251e-06	4.009521962e-06	-10
1.633968251e-06	4.009521962e-06	-10
1.633968251e-06	4.009521962e-06	-10
1.633968251e-06	4.009521962e-06	-10
1.633968251e-06	4.009521962e-06	-10
1.633968251e-06	4.009521962e-06	-10
1.633968251e-06	4.009521962e-06	-10
1.633968251e-06	4.009521962e-06	-10
1.633968251e-06	4.009521962e-06	0
1.650784278e-06	4.0192307e-06	0
1.667600305e-06	4.028939438e-06	0
1.684416332e-06	4.038648176e-06	0
1.70123236e-06	4.048356914e-06	0
1.718048387e-06	4.058065652e-06	0
1.734864414e-06	4.067774389e-06	0
1.751680441e-06	4.077483127e-06	0
1.768496469e-06	4.087191865e-06	0
1.785312496e-06	4.096900603e-06	0
1.802128523e-06	4.106609341e-06	0
1.802128523e-06	4.106609341e-06	-10
1.802128523e-06	4.106609341e-06	-10
1.802128523e-06	4.106609341e-06	-10
1.802128523e-06	4.106609341e-06	-10
1.802128523e-06	4.106609341e-06	-10
1.802128523e-06	4.106609341e-06	-10
1.802128523e-06	4.106609341e-06	-10
1.802128523e-06	4.106609341e-06	-10
1.802128523e-06	4.106609341e-06	-10
1.802128523e-06	4.106609341e-06	-10
1.802128523e-06	4.106609341e-06	-10
1.802128523e-06	4.106609341e-06	-10
1.802128523e-06	4.106609341e-06	-10
1.802128523e-06	4.106609341e-06	-10
1.802128523e-06	4.106609341e-06	-10
1.802128523e-06	4.106609341e-06	-10
1.802128523e-06	4.106609341e-06	-10
1.802128523e-06	4.106609341e-06	-10
1.802128523e-06	4.106609341e-06	-10
1.802128523e-06	4.106609341e-06	-10
1.802128523e-06	4.106609341e-06	-10
1.802128523e-06	4.106609341e-06	-10
1.802128523e-06	4.106609341e-06	-10
1.802128523e-06	4.106609341e-06	-10
1.802128523e-06	4.106609341e-06	-10
1.802128523e-06	4.106609341e-06	0
1.81894455e-06	4.116318079e-06	0
1.835760578e-06	4.126026817e-06	0
1.852576605e-06	4.135735555e-06	0
1.869392632e-06	4.145444292e-06	0
1.886208659e-06	4.15515303e-06	0
1.903024687e-06	4.164861768e-06	0
1.919840714e-06	4.174570506e-06	0
1.936656741e-06	4.184279244e-06	0
1.953472768e-06	4.193987982e-06	0
1.970288796e-06	4.20369672e-06	0
1.970288796e-06	4.20369672e-06	-10
1.970288796e-06	4.20369672e-06	-10
1.970288796e-06	4.20369672e-06	-10
1.970288796e-06	4.20369672e-06	-10
1.970288796e-06	4.20369672e-06	-10
1.970288796e-06	4.20369672e-06	-10
1.970288796e-06	4.20369672e-06	-10
1.970288796e-06	4.20369672e-06	-10
1.970288796e-06	4.20369672e-06	-10
1.970288796e-06	4.20369672e-06	-10
1.970288796e-06	4.20369672e-06	-10
1.970288796e-06	4.20369672e-06	-10
1.970288796e-06	4.20369672e-06	-10
1.970288796e-06	4.20369672e-06	-10
1.970288796e-06	4.20369672e-06	-10
1.970288796e-06	4.20369672e-06	-10
1.970288796e-06	4.20369672e-06	-10
1.970288796e-06	4.20369672e-06	-10
1.970288796e-06	4.20369672e-06	-10
1.970288796e-06	4.20369672e-06	-10
1.970288796e-06	4.20369672e-06	-10
1.970288796e-06	4.20369672e-06	-10
1.970288796e-06	4.20369672e-06	-10
1.970288796e-06	4.20369672e-06	-10
1.970288796e-06	4.20369672e-06	-10
1.970288796e-06	4.20369672e-06	0
1.987104823e-06	4.213405457e-06	0
2.00392085e-06	4.223114195e-06	0
2.020736878e-06	4.232822933e-06	0
2.037552905e-06	4.242531671e-06	0
2.054368932e-06	4.252240409e-06	0
2.071184959e-06	4.261949147e-06	0
2.088000987e-06	4.271657885e-06	0
2.104817014e-06	4.281366622e-06	0
2.121633041e-06	4.29107536e-06	0
2.138449068e-06	4.300784098e-06	0
2.138449068e-06	4.300784098e-06	-10
2.138449068e-06	4.300784098e-06	-10
2.138449068e-06	4.300784098e-06	-10
2.138449068e-06	4.300784098e-06	-10
2.138449068e-06	4.300784098e-06	-10
2.138449068e-06	4.300784098e-06	-10
2.138449068e-06	4.300784098e-06	-10
2.138449068e-06	4.300784098e-06	-10
2.138449068e-06	4.300784098e-06	-10
2.138449068e-06	4.300784098e-06	-10
2.138449068e-06	4.300784098e-06	-10
2.138449068e-06	4.300784098e-06	-10
2.138449068e-06	4.300784098e-06	-10
2.138449068e-06	4.300784098e-06	-10
2.138449068e-06	4.300784098e-06	-10
2.138449068e-06	4.300784098e-06	-10
2.138449068e-06	4.300784098e-06	-10
2.138449068e-06	4.300784098e-06	-10
2.138449068e-06	4.300784098e-06	-10
2.138449068e-06	4.300784098e-06	-10
2.138449068e-06	4.300784098e-06	-10
2.138449068e-06	4.300784098e-06	-10
2.138449068e-06	4.300784098e-06	-10
2.138449068e-06	4.300784098e-06	-10
2.138449068e-06	4.300784098e-06	-10
2.138449068e-06	4.300784098e-06	0
2.155265096e-06	4.310492836e-06	0
2.172081123e-06	4.320201574e-06	0
2.18889715e-06	4.329910312e-06	0
2.205713177e-06	4.33961905e-06	0
2.222529205e-06	4.349327788e-06	0
2.239345232e-06	4.359036525e-06	0
2.256161259e-06	4.368745263e-06	0
2.272977286e-06	4.378454001e-06	0
2.289793314e-06	4.388162739e-06	0
2.306609341e-06	4.397871477e-06	0
2.306609341e-06	4.397871477e-06	-10
2.306609341e-06	4.397871477e-06	-10
2.306609341e-06	4.397871477e-06	-10
2.306609341e-06	4.397871477e-06	-10
2.306609341e-06	4.397871477e-06	-10
2.306609341e-06	4.397871477e-06	-10
2.306609341e-06	4.397871477e-06	-10
2.306609341e-06	4.397871477e-06	-10
2.306609341e-06	4.397871477e-06	-10
2.306609341e-06	4.397871477e-06	-10
2.306609341e-06	4.397871477e-06	-10
2.306609341e-06	4.397871477e-06	-10
2.306609341e-06	4.397871477e-06	-10
2.306609341e-06	4.397871477e-06	-10
2.306609341e-06	4.397871477e-06	-10
2.306609341e-06	4.397871477e-06	-10
2.306609341e-06	4.397871477e-06	-10
2.306609341e-06	4.397871477e-06	-10
2.306609341e-06	4.397871477e-06	-10
2.306609341e-06	4.397871477e-06	-10
2.306609341e-06	4.397871477e-06	-10
2.306609341e-06	4.397871477e-06	-10
2.306609341e-06	4.397871477e-06	-10
2.306609341e-06	4.397871477e-06	-10
2.306609341e-06	4.397871477e-06	-10
2.306609341e-06	4.397871477e-06	0
2.323425368e-06	4.407580215e-06	0
2.340241395e-06	4.417288953e-06	0
2.357057423e-06	4.42699769e-06	0
2.37387345e-06	4.436706428e-06	0
2.390689477e-06	4.446415166e-06	0
2.407505504e-06	4.456123904e-06	0
2.424321532e-06	4.465832642e-06	0
2.441137559e-06	4.47554138e-06	0
2.457953586e-06	4.485250118e-06	0
2.474769613e-06	4.494958855e-06	0
2.474769613e-06	4.494958855e-06	-10
2.474769613e-06	4.494958855e-06	-10
2.474769613e-06	4.494958855e-06	-10
2.474769613e-06	4.494958855e-06	-10
2.474769613e-06	4.494958855e-06	-10
2.474769613e-06	4.494958855e-06	-10
2.474769613e-06	4.494958855e-06	-10
2.474769613e-06	4.494958855e-06	-10
2.474769613e-06	4.494958855e-06	-10
2.474769613e-06	4.494958855e-06	-10
2.474769613e-06	4.494958855e-06	-10
2.474769613e-06	4.494958855e-06	-10
2.474769613e-06	4.494958855e-06	-10
2.474769613e-06	4.494958855e-06	-10
2.474769613e-06	4.494958855e-06	-10
2.474769613e-06	4.494958855e-06	-10
2.474769613e-06	4.494958855e-06	-10
2.474769613e-06	4.494958855e-06	-10
2.474769613e-06	4.494958855e-06	-10
2.474769613e-06	4.494958855e-06	-10
2.474769613e-06	4.494958855e-06	-10
2.474769613e-06	4.494958855e-06	-10
2.474769613e-06	4.494958855e-06	-10
2.474769613e-06	4.494958855e-06	-10
2.474769613e-06	4.494958855e-06	-10
2.474769613e-06	4.494958855e-06	0
2.491585641e-06	4.504667593e-06	0
2.508401668e-06	4.514376331e-06	0
2.525217695e-06	4.524085069e-06	0
2.542033723e-06	4.533793807e-06	0
2.55884975e-06	4.543502545e-06	0
2.575665777e-06	4.553211283e-06	0
2.592481804e-06	4.562920021e-06	0
2.609297832e-06	4.572628758e-06	0
2.626113859e-06	4.582337496e-06	0
2.642929886e-06	4.592046234e-06	0
2.642929886e-06	4.592046234e-06	-10
2.642929886e-06	4.592046234e-06	-10
2.642929886e-06	4.592046234e-06	-10
2.642929886e-06	4.592046234e-06	-10
2.642929886e-06	4.592046234e-06	-10
2.642929886e-06	4.592046234e-06	-10
2.642929886e-06	4.592046234e-06	-10
2.642929886e-06	4.592046234e-06	-10
2.642929886e-06	4.592046234e-06	-10
2.642929886e-06	4.592046234e-06	-10
2.642929886e-06	4.592046234e-06	-10
2.642929886e-06	4.592046234e-06	-10
2.642929886e-06	4.592046234e-06	-10
2.642929886e-06	4.592046234e-06	-10
2.642929886e-06	4.592046234e-06	-10
2.642929886e-06	4.592046234e-06	-10
2.642929886e-06	4.592046234e-06	-10
2.642929886e-06	4.592046234e-06	-10
2.642929886e-06	4.592046234e-06	-10
2.642929886e-06	4.592046234e-06	-10
2.642929886e-06	4.592046234e-06	-10
2.642929886e-06	4.592046234e-06	-10
2.642929886e-06	4.592046234e-06	-10
2.642929886e-06	4.592046234e-06	-10
2.642929886e-06	4.592046234e-06	-10
2.642929886e-06	4.592046234e-06	0
2.659745913e-06	4.601754972e-06	0
2.676561941e-06	4.61146371e-06	0
2.693377968e-06	4.621172448e-06	0
2.710193995e-06	4.630881186e-06	0
2.727010022e-06	4.640589923e-06	0
2.74382605e-06	4.650298661e-06	0
2.760642077e-06	4.660007399e-06	0
2.777458104e-06	4.669716137e-06	0
2.794274131e-06	4.679424875e-06	0
2.811090159e-06	4.689133613e-06	0
2.811090159e-06	4.689133613e-06	-10
2.811090159e-06	4.689133613e-06	-10
2.811090159e-06	4.689133613e-06	-10
2.811090159e-06	4.689133613e-06	-10
2.811090159e-06	4.689133613e-06	-10
2.811090159e-06	4.689133613e-06	-10
2.811090159e-06	4.689133613e-06	-10
2.811090159e-06	4.689133613e-06	-10
2.811090159e-06	4.689133613e-06	-10
2.811090159e-06	4.689133613e-06	-10
2.811090159e-06	4.689133613e-06	-10
2.811090159e-06	4.689133613e-06	-10
2.811090159e-06	4.689133613e-06	-10
2.811090159e-06	4.689133613e-06	-10
2.811090159e-06	4.689133613e-06	-10
2.811090159e-06	4.689133613e-06	-10
2.811090159e-06	4.689133613e-06	-10
2.811090159e-06	4.689133613e-06	-10
2.811090159e-06	4.689133613e-06	-10
2.811090159e-06	4.689133613e-06	-10
2.811090159e-06	4.689133613e-06	-10
2.811090159e-06	4.689133613e-06	-10
2.811090159e-06	4.689133613e-06	-10
2.811090159e-06	4.689133613e-06	-10
2.811090159e-06	4.689133613e-06	-10
2.811090159e-06	4.689133613e-06	0
2.827906186e-06	4.698842351e-06	0
2.844722213e-06	4.708551088e-06	0
2.86153824e-06	4.718259826e-06	0
2.878354268e-06	4.727968564e-06	0
2.895170295e-06	4.737677302e-06	0
2.911986322e-06	4.74738604e-06	0
2.928802349e-06	4.757094778e-06	0
2.945618377e-06	4.766803516e-06	0
2.962434404e-06	4.776512254e-06	0
2.979250431e-06	4.786220991e-06	0
2.979250431e-06	4.786220991e-06	-10
2.979250431e-06	4.786220991e-06	-10
2.979250431e-06	4.786220991e-06	-10
2.979250431e-06	4.786220991e-06	-10
2.979250431e-06	4.786220991e-06	-10
2.979250431e-06	4.786220991e-06	-10
2.979250431e-06	4.786220991e-06	-10
2.979250431e-06	4.786220991e-06	-10
2.979250431e-06	4.786220991e-06	-10
2.979250431e-06	4.786220991e-06	-10
2.979250431e-06	4.786220991e-06	-10
2.979250431e-06	4.786220991e-06	-10
2.979250431e-06	4.786220991e-06	-10
2.979250431e-06	4.786220991e-06	-10
2.979250431e-06	4.786220991e-06	-10
2.979250431e-06	4.786220991e-06	-10
2.979250431e-06	4.786220991e-06	-10
2.979250431e-06	4.786220991e-06	-10
2.979250431e-06	4.786220991e-06	-10
2.979250431e-06	4.786220991e-06	-10
2.979250431e-06	4.786220991e-06	-10
2.979250431e-06	4.786220991e-06	-10
2.979250431e-06	4.786220991e-06	-10
2.979250431e-06	4.786220991e-06	-10
2.979250431e-06	4.786220991e-06	-10
2.979250431e-06	4.786220991e-06	0
2.961224039e-06	4.777889502e-06	0
2.943197646e-06	4.769558012e-06	0
2.925171254e-06	4.761226522e-06	0
2.907144862e-06	4.752895032e-06	0
2.889118469e-06	4.744563543e-06	0
2.871092077e-06	4.736232053e-06	0
2.853065685e-06	4.727900563e-06	0
2.835039292e-06	4.719569073e-06	0
2.8170129e-06	4.711237584e-06	0
2.798986507e-06	4.702906094e-06	0
2.780960115e-06	4.694574604e-06	0
2.762933723e-06	4.686243114e-06	0
2.74490733e-06	4.677911625e-06	0
2.726880938e-06	4.669580135e-06	0
2.708854546e-06	4.661248645e-06	0
2.690828153e-06	4.652917155e-06	0
2.672801761e-06	4.644585666e-06	0
2.654775368e-06	4.636254176e-06	0
2.636748976e-06	4.627922686e-06	0
2.618722584e-06	4.619591196e-06	0
2.600696191e-06	4.611259707e-06	0
2.582669799e-06	4.602928217e-06	0
2.564643406e-06	4.594596727e-06	0
2.546617014e-06	4.586265238e-06	0
2.528590622e-06	4.577933748e-06	0
2.510564229e-06	4.569602258e-06	0
2.492537837e-06	4.561270768e-06	0
2.474511445e-06	4.552939279e-06	0
2.456485052e-06	4.544607789e-06	0
2.43845866e-06	4.536276299e-06	0
2.420432267e-06	4.527944809e-06	0
2.402405875e-06	4.51961332e-06	0
2.384379483e-06	4.51128183e-06	0
2.36635309e-06	4.50295034e-06	0
2.348326698e-06	4.49461885e-06	0
2.330300306e-06	4.486287361e-06	0
2.312273913e-06	4.477955871e-06	0
2.294247521e-06	4.469624381e-06	0
2.276221128e-06	4.461292891e-06	0
2.258194736e-06	4.452961402e-06	0
2.240168344e-06	4.444629912e-06	0
2.222141951e-06	4.436298422e-06	0
2.204115559e-06	4.427966932e-06	0
2.186089167e-06	4.419635443e-06	0
2.168062774e-06	4.411303953e-06	0
2.150036382e-06	4.402972463e-06	0
2.132009989e-06	4.394640973e-06	0
2.113983597e-06	4.386309484e-06	0
2.095957205e-06	4.377977994e-06	0
2.077930812e-06	4.369646504e-06	0
2.05990442e-06	4.361315014e-06	0
2.041878027e-06	4.352983525e-06	0
2.023851635e-06	4.344652035e-06	0
2.005825243e-06	4.336320545e-06	0
1.98779885e-06	4.327989055e-06	0
1.969772458e-06	4.319657566e-06	0
1.951746066e-06	4.311326076e-06	0
1.933719673e-06	4.302994586e-06	0
1.915693281e-06	4.294663096e-06	0
1.897666888e-06	4.286331607e-06	0
1.879640496e-06	4.278000117e-06	0
1.861614104e-06	4.269668627e-06	0
1.843587711e-06	4.261337137e-06	0
1.825561319e-06	4.253005648e-06	0
1.807534927e-06	4.244674158e-06	0
1.789508534e-06	4.236342668e-06	0
1.771482142e-06	4.228011178e-06	0
1.753455749e-06	4.219679689e-06	0
1.735429357e-06	4.211348199e-06	0
1.717402965e-06	4.203016709e-06	0
1.699376572e-06	4.194685219e-06	0
1.68135018e-06	4.18635373e-06	0
1.663323788e-06	4.17802224e-06	0
1.645297395e-06	4.16969075e-06	0
1.627271003e-06	4.161359261e-06	0
1.60924461e-06	4.153027771e-06	0
1.591218218e-06	4.144696281e-06	0
1.573191826e-06	4.136364791e-06	0
1.555165433e-06	4.128033302e-06	0
1.537139041e-06	4.119701812e-06	0
1.519112648e-06	4.111370322e-06	0
1.501086256e-06	4.103038832e-06	0
1.483059864e-06	4.094707343e-06	0
1.465033471e-06	4.086375853e-06	0
1.447007079e-06	4.078044363e-06	0
1.428980687e-06	4.069712873e-06	0
1.410954294e-06	4.061381384e-06	0
1.392927902e-06	4.053049894e-06	0
1.374901509e-06	4.044718404e-06	0
1.356875117e-06	4.036386914e-06	0
1.338848725e-06	4.028055425e-06	0
1.320822332e-06	4.019723935e-06	0
1.30279594e-06	4.011392445e-06	0
1.284769548e-06	4.003060955e-06	0
1.266743155e-06	3.994729466e-06	0
1.248716763e-06	3.986397976e-06	0
1.23069037e-06	3.978066486e-06	0
1.212663978e-06	3.969734996e-06	0
1.194637586e-06	3.961403507e-06	0
1.176611193e-06	3.953072017e-06	0
1.158584801e-06	3.944740527e-06	0
1.140558408e-06	3.936409037e-06	0
1.122532016e-06	3.928077548e-06	0
1.104505624e-06	3.919746058e-06	0
1.086479231e-06	3.911414568e-06	0
1.068452839e-06	3.903083078e-06	0
1.050426447e-06	3.894751589e-06	0
1.032400054e-06	3.886420099e-06	0
1.032400054e-06	3.886420099e-06	10
1.032400054e-06	3.886420099e-06	10
1.032400054e-06	3.886420099e-06	10
1.032400054e-06	3.886420099e-06	10
1.032400054e-06	3.886420099e-06	10
1.032400054e-06	3.886420099e-06	10
1.032400054e-06	3.886420099e-06	10
1.032400054e-06	3.886420099e-06	10
1.032400054e-06	3.886420099e-06	10
1.032400054e-06	3.886420099e-06	10
1.032400054e-06	3.886420099e-06	10
1.032400054e-06	3.886420099e-06	10
1.032400054e-06	3.886420099e-06	10
1.032400054e-06	3.886420099e-06	10
1.032400054e-06	3.886420099e-06	10
1.032400054e-06	3.886420099e-06	10
1.032400054e-06	3.886420099e-06	10
1.032400054e-06	3.886420099e-06	10
1.032400054e-06	3.886420099e-06	10
1.032400054e-06	3.886420099e-06	10
1.032400054e-06	3.886420099e-06	10
1.032400054e-06	3.886420099e-06	10
1.032400054e-06	3.886420099e-06	10
1.032400054e-06	3.886420099e-06	10
1.032400054e-06	3.886420099e-06	10
1.032400054e-06	3.886420099e-06	0
1.049216081e-06	3.896128837e-06	0
1.066032109e-06	3.905837575e-06	0
1.082848136e-06	3.915546313e-06	0
1.099664163e-06	3.92525505e-06	0
1.116480191e-06	3.934963788e-06	0
1.133296218e-06	3.944672526e-06	0
1.150112245e-06	3.954381264e-06	0
1.166928272e-06	3.964090002e-06	0
1.1837443e-06	3.97379874e-06	0
1.200560327e-06	3.983507478e-06	0
1.200560327e-06	3.983507478e-06	10
1.200560327e-06	3.983507478e-06	10
1.200560327e-06	3.983507478e-06	10
1.200560327e-06	3.983507478e-06	10
1.200560327e-06	3.983507478e-06	10
1.200560327e-06	3.983507478e-06	10
1.200560327e-06	3.983507478e-06	10
1.200560327e-06	3.983507478e-06	10
1.200560327e-06	3.983507478e-06	10
1.200560327e-06	3.983507478e-06	10
1.200560327e-06	3.983507478e-06	10
1.200560327e-06	3.983507478e-06	10
1.200560327e-06	3.983507478e-06	10
1.200560327e-06	3.983507478e-06	10
1.200560327e-06	3.983507478e-06	10
1.200560327e-06	3.983507478e-06	10
1.200560327e-06	3.983507478e-06	10
1.200560327e-06	3.983507478e-06	10
1.200560327e-06	3.983507478e-06	10
1.200560327e-06	3.983507478e-06	10
1.200560327e-06	3.983507478e-06	10
1.200560327e-06	3.983507478e-06	10
1.200560327e-06	3.983507478e-06	10
1.200560327e-06	3.983507478e-06	10
1.200560327e-06	3.983507478e-06	10
1.200560327e-06	3.983507478e-06	0
1.217376354e-06	3.993216215e-06	0
1.234192381e-06	4.002924953e-06	0
1.251008409e-06	4.012633691e-06	0
1.267824436e-06	4.022342429e-06	0
1.284640463e-06	4.032051167e-06	0
1.30145649e-06	4.041759905e-06	0
1.318272518e-06	4.051468643e-06	0
1.335088545e-06	4.06117738e-06	0
1.351904572e-06	4.070886118e-06	0
1.368720599e-06	4.080594856e-06	0
1.368720599e-06	4.080594856e-06	10
1.368720599e-06	4.080594856e-06	10
1.368720599e-06	4.080594856e-06	10
1.368720599e-06	4.080594856e-06	10
1.368720599e-06	4.080594856e-06	10
1.368720599e-06	4.080594856e-06	10
1.368720599e-06	4.080594856e-06	10
1.368720599e-06	4.080594856e-06	10
1.368720599e-06	4.080594856e-06	10
1.368720599e-06	4.080594856e-06	10
1.368720599e-06	4.080594856e-06	10
1.368720599e-06	4.080594856e-06	10
1.368720599e-06	4.080594856e-06	10
1.368720599e-06	4.080594856e-06	10
1.368720599e-06	4.080594856e-06	10
1.368720599e-06	4.080594856e-06	10
1.368720599e-06	4.080594856e-06	10
1.368720599e-06	4.080594856e-06	10
1.368720599e-06	4.080594856e-06	10
1.368720599e-06	4.080594856e-06	10
1.368720599e-06	4.080594856e-06	10
1.368720599e-06	4.080594856e-06	10
1.368720599e-06	4.080594856e-06	10
1.368720599e-06	4.080594856e-06	10
1.368720599e-06	4.080594856e-06	10
1.368720599e-06	4.080594856e-06	0
1.385536627e-06	4.090303594e-06	0
1.402352654e-06	4.100012332e-06	0
1.419168681e-06	4.10972107e-06	0
1.435984708e-06	4.119429808e-06	0
1.452800736e-06	4.129138546e-06	0
1.469616763e-06	4.138847283e-06	0
1.48643279e-06	4.148556021e-06	0
1.503248817e-06	4.158264759e-06	0
1.520064845e-06	4.167973497e-06	0
1.536880872e-06	4.177682235e-06	0
1.536880872e-06	4.177682235e-06	10
1.536880872e-06	4.177682235e-06	10
1.536880872e-06	4.177682235e-06	10
1.536880872e-06	4.177682235e-06	10
1.536880872e-06	4.177682235e-06	10
1.536880872e-06	4.177682235e-06	10
1.536880872e-06	4.177682235e-06	10
1.536880872e-06	4.177682235e-06	10
1.536880872e-06	4.177682235e-06	10
1.536880872e-06	4.177682235e-06	10
1.536880872e-06	4.177682235e-06	10
1.536880872e-06	4.177682235e-06	10
1.536880872e-06	4.177682235e-06	10
1.536880872e-06	4.177682235e-06	10
1.536880872e-06	4.177682235e-06	10
1.536880872e-06	4.177682235e-06	10
1.536880872e-06	4.177682235e-06	10
1.536880872e-06	4.177682235e-06	10
1.536880872e-06	4.177682235e-06	10
1.536880872e-06	4.177682235e-06	10
1.536880872e-06	4.177682235e-06	10
1.536880872e-06	4.177682235e-06	10
1.536880872e-06	4.177682235e-06	10
1.536880872e-06	4.177682235e-06	10
1.536880872e-06	4.177682235e-06	10
1.536880872e-06	4.177682235e-06	0
1.553696899e-06	4.187390973e-06	0
1.570512926e-06	4.197099711e-06	0
1.587328954e-06	4.206808448e-06	0
1.604144981e-06	4.216517186e-06	0
1.620961008e-06	4.226225924e-06	0
1.637777035e-06	4.235934662e-06	0
1.654593063e-06	4.2456434e-06	0
1.67140909e-06	4.255352138e-06	0
1.688225117e-06	4.265060876e-06	0
1.705041145e-06	4.274769613e-06	0
1.705041145e-06	4.274769613e-06	10
1.705041145e-06	4.274769613e-06	10
1.705041145e-06	4.274769613e-06	10
1.705041145e-06	4.274769613e-06	10
1.705041145e-06	4.274769613e-06	10
1.705041145e-06	4.274769613e-06	10
1.705041145e-06	4.274769613e-06	10
1.705041145e-06	4.274769613e-06	10
1.705041145e-06	4.274769613e-06	10
1.705041145e-06	4.274769613e-06	10
1.705041145e-06	4.274769613e-06	10
1.705041145e-06	4.274769613e-06	10
1.705041145e-06	4.274769613e-06	10
1.705041145e-06	4.274769613e-06	10
1.705041145e-06	4.274769613e-06	10
1.705041145e-06	4.274769613e-06	10
1.705041145e-06	4.274769613e-06	10
1.705041145e-06	4.274769613e-06	10
1.705041145e-06	4.274769613e-06	10
1.705041145e-06	4.274769613e-06	10
1.705041145e-06	4.274769613e-06	10
1.705041145e-06	4.274769613e-06	10
1.705041145e-06	4.274769613e-06	10
1.705041145e-06	4.274769613e-06	10
1.705041145e-06	4.274769613e-06	10
1.705041145e-06	4.274769613e-06	0
1.721857172e-06	4.284478351e-06	0
1.738673199e-06	4.294187089e-06	0
1.755489226e-06	4.303895827e-06	0
1.772305254e-06	4.313604565e-06	0
1.789121281e-06	4.323313303e-06	0
1.805937308e-06	4.333022041e-06	0
1.822753335e-06	4.342730779e-06	0
1.839569363e-06	4.352439516e-06	0
1.85638539e-06	4.362148254e-06	0
1.873201417e-06	4.371856992e-06	0
1.873201417e-06	4.371856992e-06	10
1.873201417e-06	4.371856992e-06	10
1.873201417e-06	4.371856992e-06	10
1.873201417e-06	4.371856992e-06	10
1.873201417e-06	4.371856992e-06	10
1.873201417e-06	4.371856992e-06	10
1.873201417e-06	4.371856992e-06	10
1.873201417e-06	4.371856992e-06	10
1.873201417e-06	4.371856992e-06	10
1.873201417e-06	4.371856992e-06	10
1.873201417e-06	4.371856992e-06	10
1.873201417e-06	4.371856992e-06	10
1.873201417e-06	4.371856992e-06	10
1.873201417e-06	4.371856992e-06	10
1.873201417e-06	4.371856992e-06	10
1.873201417e-06	4.371856992e-06	10
1.873201417e-06	4.371856992e-06	10
1.873201417e-06	4.371856992e-06	10
1.873201417e-06	4.371856992e-06	10
1.873201417e-06	4.371856992e-06	10
1.873201417e-06	4.371856992e-06	10
1.873201417e-06	4.371856992e-06	10
1.873201417e-06	4.371856992e-06	10
1.873201417e-06	4.371856992e-06	10
1.873201417e-06	4.371856992e-06	10
1.873201417e-06	4.371856992e-06	0
1.890017444e-06	4.38156573e-06	0
1.906833472e-06	4.391274468e-06	0
1.923649499e-06	4.400983206e-06	0
1.940465526e-06	4.410691944e-06	0
1.957281553e-06	4.420400681e-06	0
1.974097581e-06	4.430109419e-06	0
1.990913608e-06	4.439818157e-06	0
2.007729635e-06	4.449526895e-06	0
2.024545662e-06	4.459235633e-06	0
2.04136169e-06	4.468944371e-06	0
2.04136169e-06	4.468944371e-06	10
2.04136169e-06	4.468944371e-06	10
2.04136169e-06	4.468944371e-06	10
2.04136169e-06	4.468944371e-06	10
2.04136169e-06	4.468944371e-06	10
2.04136169e-06	4.468944371e-06	10
2.04136169e-06	4.468944371e-06	10
2.04136169e-06	4.468944371e-06	10
2.04136169e-06	4.468944371e-06	10
2.04136169e-06	4.468944371e-06	10
2.04136169e-06	4.468944371e-06	10
2.04136169e-06	4.468944371e-06	10
2.04136169e-06	4.468944371e-06	10
2.04136169e-06	4.468944371e-06	10
2.04136169e-06	4.468944371e-06	10
2.04136169e-06	4.468944371e-06	10
2.04136169e-06	4.468944371e-06	10
2.04136169e-06	4.468944371e-06	10
2.04136169e-06	4.468944371e-06	10
2.04136169e-06	4.468944371e-06	10
2.04136169e-06	4.468944371e-06	10
2.04136169e-06	4.468944371e-06	10
2.04136169e-06	4.468944371e-06	10
2.04136169e-06	4.468944371e-06	10
2.04136169e-06	4.468944371e-06	10
2.04136169e-06	4.468944371e-06	0
2.058177717e-06	4.478653109e-06	0
2.074993744e-06	4.488361846e-06	0
2.091809771e-06	4.498070584e-06	0
2.108625799e-06	4.507779322e-06	0
2.125441826e-06	4.51748806e-06	0
2.142257853e-06	4.527196798e-06	0
2.15907388e-06	4.536905536e-06	0
2.175889908e-06	4.546614274e-06	0
2.192705935e-06	4.556323012e-06	0
2.209521962e-06	4.566031749e-06	0
2.209521962e-06	4.566031749e-06	10
2.209521962e-06	4.566031749e-06	10
2.209521962e-06	4.566031749e-06	10
2.209521962e-06	4.566031749e-06	10
2.209521962e-06	4.566031749e-06	10
2.209521962e-06	4.566031749e-06	10
2.209521962e-06	4.566031749e-06	10
2.209521962e-06	4.566031749e-06	10
2.209521962e-06	4.566031749e-06	10
2.209521962e-06	4.566031749e-06	10
2.209521962e-06	4.566031749e-06	10
2.209521962e-06	4.566031749e-06	10
2.209521962e-06	4.566031749e-06	10
2.209521962e-06	4.566031749e-06	10
2.209521962e-06	4.566031749e-06	10
2.209521962e-06	4.566031749e-06	10
2.209521962e-06	4.566031749e-06	10
2.209521962e-06	4.566031749e-06	10
2.209521962e-06	4.566031749e-06	10
2.209521962e-06	4.566031749e-06	10
2.209521962e-06	4.566031749e-06	10
2.209521962e-06	4.566031749e-06	10
2.209521962e-06	4.566031749e-06	10
2.209521962e-06	4.566031749e-06	10
2.209521962e-06	4.566031749e-06	10
2.209521962e-06	4.566031749e-06	0
2.22633799e-06	4.575740487e-06	0
2.243154017e-06	4.585449225e-06	0
2.259970044e-06	4.595157963e-06	0
2.276786071e-06	4.604866701e-06	0
2.293602099e-06	4.614575439e-06	0
2.310418126e-06	4.624284177e-06	0
2.327234153e-06	4.633992914e-06	0
2.34405018e-06	4.643701652e-06	0
2.360866208e-06	4.65341039e-06	0
2.377682235e-06	4.663119128e-06	0
2.377682235e-06	4.663119128e-06	10
2.377682235e-06	4.663119128e-06	10
2.377682235e-06	4.663119128e-06	10
2.377682235e-06	4.663119128e-06	10
2.377682235e-06	4.663119128e-06	10
2.377682235e-06	4.663119128e-06	10
2.377682235e-06	4.663119128e-06	10
2.377682235e-06	4.663119128e-06	10
2.377682235e-06	4.663119128e-06	10
2.377682235e-06	4.663119128e-06	10
2.377682235e-06	4.663119128e-06	10
2.377682235e-06	4.663119128e-06	10
2.377682235e-06	4.663119128e-06	10
2.377682235e-06	4.663119128e-06	10
2.377682235e-06	4.663119128e-06	10
2.377682235e-06	4.663119128e-06	10
2.377682235e-06	4.663119128e-06	10
2.377682235e-06	4.663119128e-06	10
2.377682235e-06	4.663119128e-06	10
2.377682235e-06	4.663119128e-06	10
2.377682235e-06	4.663119128e-06	10
2.377682235e-06	4.663119128e-06	10
2.377682235e-06	4.663119128e-06	10
2.377682235e-06	4.663119128e-06	10
2.377682235e-06	4.663119128e-06	10
2.377682235e-06	4.663119128e-06	0
2.394498262e-06	4.672827866e-06	0
2.411314289e-06	4.682536604e-06	0
2.428130317e-06	4.692245342e-06	0
2.444946344e-06	4.70195408e-06	0
2.461762371e-06	4.711662817e-06	0
2.478578398e-06	4.721371555e-06	0
2.495394426e-06	4.731080293e-06	0
2.512210453e-06	4.740789031e-06	0
2.52902648e-06	4.750497769e-06	0
2.545842507e-06	4.760206507e-06	0
2.545842507e-06	4.760206507e-06	10
2.545842507e-06	4.760206507e-06	10
2.545842507e-06	4.760206507e-06	10
2.545842507e-06	4.760206507e-06	10
2.545842507e-06	4.760206507e-06	10
2.545842507e-06	4.760206507e-06	10
2.545842507e-06	4.760206507e-06	10
2.545842507e-06	4.760206507e-06	10
2.545842507e-06	4.760206507e-06	10
2.545842507e-06	4.760206507e-06	10
2.545842507e-06	4.760206507e-06	10
2.545842507e-06	4.760206507e-06	10
2.545842507e-06	4.760206507e-06	10
2.545842507e-06	4.760206507e-06	10
2.545842507e-06	4.760206507e-06	10
2.545842507e-06	4.760206507e-06	10
2.545842507e-06	4.760206507e-06	10
2.545842507e-06	4.760206507e-06	10
2.545842507e-06	4.760206507e-06	10
2.545842507e-06	4.760206507e-06	10
2.545842507e-06	4.760206507e-06	10
2.545842507e-06	4.760206507e-06	10
2.545842507e-06	4.760206507e-06	10
2.545842507e-06	4.760206507e-06	10
2.545842507e-06	4.760206507e-06	10
2.545842507e-06	4.760206507e-06	0
2.562658535e-06	4.769915245e-06	0
2.579474562e-06	4.779623982e-06	0
2.596290589e-06	4.78933272e-06	0
2.613106616e-06	4.799041458e-06	0
2.629922644e-06	4.808750196e-06	0
2.646738671e-06	4.818458934e-06	0
2.663554698e-06	4.828167672e-06	0
2.680370725e-06	4.83787641e-06	0
2.697186753e-06	4.847585147e-06	0
2.71400278e-06	4.857293885e-06	0
2.71400278e-06	4.857293885e-06	10
2.71400278e-06	4.857293885e-06	10
2.71400278e-06	4.857293885e-06	10
2.71400278e-06	4.857293885e-06	10
2.71400278e-06	4.857293885e-06	10
2.71400278e-06	4.857293885e-06	10
2.71400278e-06	4.857293885e-06	10
2.71400278e-06	4.857293885e-06	10
2.71400278e-06	4.857293885e-06	10
2.71400278e-06	4.857293885e-06	10
2.71400278e-06	4.857293885e-06	10
2.71400278e-06	4.857293885e-06	10
2.71400278e-06	4.857293885e-06	10
2.71400278e-06	4.857293885e-06	10
2.71400278e-06	4.857293885e-06	10
2.71400278e-06	4.857293885e-06	10
2.71400278e-06	4.857293885e-06	10
2.71400278e-06	4.857293885e-06	10
2.71400278e-06	4.857293885e-06	10
2.71400278e-06	4.857293885e-06	10
2.71400278e-06	4.857293885e-06	10
2.71400278e-06	4.857293885e-06	10
2.71400278e-06	4.857293885e-06	10
2.71400278e-06	4.857293885e-06	10
2.71400278e-06	4.857293885e-06	10
2.71400278e-06	4.857293885e-06	0
2.730818807e-06	4.867002623e-06	0
2.747634835e-06	4.876711361e-06	0
2.764450862e-06	4.886420099e-06	0
2.781266889e-06	4.896128837e-06	0
2.798082916e-06	4.905837575e-06	0
2.814898944e-06	4.915546313e-06	0
2.831714971e-06	4.92525505e-06	0
2.848530998e-06	4.934963788e-06	0
2.865347025e-06	4.944672526e-06	0
2.882163053e-06	4.954381264e-06	0
2.882163053e-06	4.954381264e-06	10
2.882163053e-06	4.954381264e-06	10
2.882163053e-06	4.954381264e-06	10
2.882163053e-06	4.954381264e-06	10
2.882163053e-06	4.954381264e-06	10
2.882163053e-06	4.954381264e-06	10
2.882163053e-06	4.954381264e-06	10
2.882163053e-06	4.954381264e-06	10
2.882163053e-06	4.954381264e-06	10
2.882163053e-06	4.954381264e-06	10
2.882163053e-06	4.954381264e-06	10
2.882163053e-06	4.954381264e-06	10
2.882163053e-06	4.954381264e-06	10
2.882163053e-06	4.954381264e-06	10
2.882163053e-06	4.954381264e-06	10
2.882163053e-06	4.954381264e-06	10
2.882163053e-06	4.954381264e-06	10
2.882163053e-06	4.954381264e-06	10
2.882163053e-06	4.954381264e-06	10
2.882163053e-06	4.954381264e-06	10
2.882163053e-06	4.954381264e-06	10
2.882163053e-06	4.954381264e-06	10
2.882163053e-06	4.954381264e-06	10
2.882163053e-06	4.954381264e-06	10
2.882163053e-06	4.954381264e-06	10
2.882163053e-06	4.954381264e-06	0
2.86413666e-06	4.946049774e-06	0
2.846110268e-06	4.937718284e-06	0
2.828083875e-06	4.929386795e-06	0
2.810057483e-06	4.921055305e-06	0
2.792031091e-06	4.912723815e-06	0
2.774004698e-06	4.904392326e-06	0
2.755978306e-06	4.896060836e-06	0
2.737951914e-06	4.887729346e-06	0
2.719925521e-06	4.879397856e-06	0
2.701899129e-06	4.871066367e-06	0
2.683872736e-06	4.862734877e-06	0
2.665846344e-06	4.854403387e-06	0
2.647819952e-06	4.846071897e-06	0
2.629793559e-06	4.837740408e-06	0
2.611767167e-06	4.829408918e-06	0
2.593740775e-06	4.821077428e-06	0
2.575714382e-06	4.812745938e-06	0
2.55768799e-06	4.804414449e-06	0
2.539661597e-06	4.796082959e-06	0
2.521635205e-06	4.787751469e-06	0
2.503608813e-06	4.779419979e-06	0
2.48558242e-06	4.77108849e-06	0
2.467556028e-06	4.762757e-06	0
2.449529635e-06	4.75442551e-06	0
2.431503243e-06	4.74609402e-06	0
2.413476851e-06	4.737762531e-06	0
2.395450458e-06	4.729431041e-06	0
2.377424066e-06	4.721099551e-06	0
2.359397674e-06	4.712768061e-06	0
2.341371281e-06	4.704436572e-06	0
2.323344889e-06	4.696105082e-06	0
2.305318496e-06	4.687773592e-06	0
2.287292104e-06	4.679442102e-06	0
2.269265712e-06	4.671110613e-06	0
2.251239319e-06	4.662779123e-06	0
2.233212927e-06	4.654447633e-06	0
2.215186535e-06	4.646116143e-06	0
2.197160142e-06	4.637784654e-06	0
2.17913375e-06	4.629453164e-06	0
2.161107357e-06	4.621121674e-06	0
2.143080965e-06	4.612790184e-06	0
2.125054573e-06	4.604458695e-06	0
2.10702818e-06	4.596127205e-06	0
2.089001788e-06	4.587795715e-06	0
2.070975395e-06	4.579464225e-06	0
2.052949003e-06	4.571132736e-06	0
2.034922611e-06	4.562801246e-06	0
2.016896218e-06	4.554469756e-06	0
1.998869826e-06	4.546138266e-06	0
1.980843434e-06	4.537806777e-06	0
1.962817041e-06	4.529475287e-06	0
1.944790649e-06	4.521143797e-06	0
1.926764256e-06	4.512812307e-06	0
1.908737864e-06	4.504480818e-06	0
1.890711472e-06	4.496149328e-06	0
1.872685079e-06	4.487817838e-06	0
1.854658687e-06	4.479486349e-06	0
1.836632295e-06	4.471154859e-06	0
1.818605902e-06	4.462823369e-06	0
1.80057951e-06	4.454491879e-06	0
1.782553117e-06	4.44616039e-06	0
1.764526725e-06	4.4378289e-06	0
1.746500333e-06	4.42949741e-06	0
1.72847394e-06	4.42116592e-06	0
1.710447548e-06	4.412834431e-06	0
1.692421156e-06	4.404502941e-06	0
1.674394763e-06	4.396171451e-06	0
1.656368371e-06	4.387839961e-06	0
1.638341978e-06	4.379508472e-06	0
1.620315586e-06	4.371176982e-06	0
1.602289194e-06	4.362845492e-06	0
1.584262801e-06	4.354514002e-06	0
1.566236409e-06	4.346182513e-06	0
1.548210016e-06	4.337851023e-06	0
1.530183624e-06	4.329519533e-06	0
1.512157232e-06	4.321188043e-06	0
1.494130839e-06	4.312856554e-06	0
1.476104447e-06	4.304525064e-06	0
1.458078055e-06	4.296193574e-06	0
1.440051662e-06	4.287862084e-06	0
1.42202527e-06	4.279530595e-06	0
1.403998877e-06	4.271199105e-06	0
1.385972485e-06	4.262867615e-06	0
1.367946093e-06	4.254536125e-06	0
1.3499197e-06	4.246204636e-06	0
1.331893308e-06	4.237873146e-06	0
1.313866916e-06	4.229541656e-06	0
1.295840523e-06	4.221210166e-06	0
1.277814131e-06	4.212878677e-06	0
1.259787738e-06	4.204547187e-06	0
1.241761346e-06	4.196215697e-06	0
1.223734954e-06	4.187884207e-06	0
1.205708561e-06	4.179552718e-06	0
1.187682169e-06	4.171221228e-06	0
1.169655777e-06	4.162889738e-06	0
1.151629384e-06	4.154558248e-06	0
1.133602992e-06	4.146226759e-06	0
1.115576599e-06	4.137895269e-06	0
1.097550207e-06	4.129563779e-06	0
1.079523815e-06	4.121232289e-06	0
1.061497422e-06	4.1129008e-06	0
1.04347103e-06	4.10456931e-06	0
1.025444637e-06	4.09623782e-06	0
1.007418245e-06	4.08790633e-06	0
9.893918527e-07	4.079574841e-06	0
9.713654603e-07	4.071243351e-06	0
9.533390679e-07	4.062911861e-06	0
9.353126756e-07	4.054580372e-06	0
9.353126756e-07	4.054580372e-06	-10
9.353126756e-07	4.054580372e-06	-10
9.353126756e-07	4.054580372e-06	-10
9.353126756e-07	4.054580372e-06	-10
9.353126756e-07	4.054580372e-06	-10
9.353126756e-07	4.054580372e-06	-10
9.353126756e-07	4.054580372e-06	-10
9.353126756e-07	4.054580372e-06	-10
9.353126756e-07	4.054580372e-06	-10
9.353126756e-07	4.054580372e-06	-10
9.353126756e-07	4.054580372e-06	-10
9.353126756e-07	4.054580372e-06	-10
9.353126756e-07	4.054580372e-06	-10
9.353126756e-07	4.054580372e-06	-10
9.353126756e-07	4.054580372e-06	-10
9.353126756e-07	4.054580372e-06	-10
9.353126756e-07	4.054580372e-06	-10
9.353126756e-07	4.054580372e-06	-10
9.353126756e-07	4.054580372e-06	-10
9.353126756e-07	4.054580372e-06	-10
9.353126756e-07	4.054580372e-06	-10
9.353126756e-07	4.054580372e-06	-10
9.353126756e-07	4.054580372e-06	-10
9.353126756e-07	4.054580372e-06	-10
9.353126756e-07	4.054580372e-06	-10
9.353126756e-07	4.054580372e-06	0
9.521287028e-07	4.064289109e-06	0
9.689447301e-07	4.073997847e-06	0
9.857607573e-07	4.083706585e-06	0
1.002576785e-06	4.093415323e-06	0
1.019392812e-06	4.103124061e-06	0
1.036208839e-06	4.112832799e-06	0
1.053024866e-06	4.122541537e-06	0
1.069840894e-06	4.132250274e-06	0
1.086656921e-06	4.141959012e-06	0
1.103472948e-06	4.15166775e-06	0
1.103472948e-06	4.15166775e-06	-10
1.103472948e-06	4.15166775e-06	-10
1.103472948e-06	4.15166775e-06	-10
1.103472948e-06	4.15166775e-06	-10
1.103472948e-06	4.15166775e-06	-10
1.103472948e-06	4.15166775e-06	-10
1.103472948e-06	4.15166775e-06	-10
1.103472948e-06	4.15166775e-06	-10
1.103472948e-06	4.15166775e-06	-10
1.103472948e-06	4.15166775e-06	-10
1.103472948e-06	4.15166775e-06	-10
1.103472948e-06	4.15166775e-06	-10
1.103472948e-06	4.15166775e-06	-10
1.103472948e-06	4.15166775e-06	-10
1.103472948e-06	4.15166775e-06	-10
1.103472948e-06	4.15166775e-06	-10
1.103472948e-06	4.15166775e-06	-10
1.103472948e-06	4.15166775e-06	-10
1.103472948e-06	4.15166775e-06	-10
1.103472948e-06	4.15166775e-06	-10
1.103472948e-06	4.15166775e-06	-10
1.103472948e-06	4.15166775e-06	-10
1.103472948e-06	4.15166775e-06	-10
1.103472948e-06	4.15166775e-06	-10
1.103472948e-06	4.15166775e-06	-10
1.103472948e-06	4.15166775e-06	0
1.120288975e-06	4.161376488e-06	0
1.137105003e-06	4.171085226e-06	0
1.15392103e-06	4.180793964e-06	0
1.170737057e-06	4.190502702e-06	0
1.187553084e-06	4.200211439e-06	0
1.204369112e-06	4.209920177e-06	0
1.221185139e-06	4.219628915e-06	0
1.238001166e-06	4.229337653e-06	0
1.254817193e-06	4.239046391e-06	0
1.271633221e-06	4.248755129e-06	0
1.271633221e-06	4.248755129e-06	-10
1.271633221e-06	4.248755129e-06	-10
1.271633221e-06	4.248755129e-06	-10
1.271633221e-06	4.248755129e-06	-10
1.271633221e-06	4.248755129e-06	-10
1.271633221e-06	4.248755129e-06	-10
1.271633221e-06	4.248755129e-06	-10
1.271633221e-06	4.248755129e-06	-10
1.271633221e-06	4.248755129e-06	-10
1.271633221e-06	4.248755129e-06	-10
1.271633221e-06	4.248755129e-06	-10
1.271633221e-06	4.248755129e-06	-10
1.271633221e-06	4.248755129e-06	-10
1.271633221e-06	4.248755129e-06	-10
1.271633221e-06	4.248755129e-06	-10
1.271633221e-06	4.248755129e-06	-10
1.271633221e-06	4.248755129e-06	-10
1.271633221e-06	4.248755129e-06	-10
1.271633221e-06	4.248755129e-06	-10
1.271633221e-06	4.248755129e-06	-10
1.271633221e-06	4.248755129e-06	-10
1.271633221e-06	4.248755129e-06	-10
1.271633221e-06	4.248755129e-06	-10
1.271633221e-06	4.248755129e-06	-10
1.271633221e-06	4.248755129e-06	-10
1.271633221e-06	4.248755129e-06	0
1.288449248e-06	4.258463867e-06	0
1.305265275e-06	4.268172605e-06	0
1.322081303e-06	4.277881342e-06	0
1.33889733e-06	4.28759008e-06	0
1.355713357e-06	4.297298818e-06	0
1.372529384e-06	4.307007556e-06	0
1.389345412e-06	4.316716294e-06	0
1.406161439e-06	4.326425032e-06	0
1.422977466e-06	4.33613377e-06	0
1.439793493e-06	4.345842507e-06	0
1.439793493e-06	4.345842507e-06	-10
1.439793493e-06	4.345842507e-06	-10
1.439793493e-06	4.345842507e-06	-10
1.439793493e-06	4.345842507e-06	-10
1.439793493e-06	4.345842507e-06	-10
1.439793493e-06	4.345842507e-06	-10
1.439793493e-06	4.345842507e-06	-10
1.439793493e-06	4.345842507e-06	-10
1.439793493e-06	4.345842507e-06	-10
1.439793493e-06	4.345842507e-06	-10
1.439793493e-06	4.345842507e-06	-10
1.439793493e-06	4.345842507e-06	-10
1.439793493e-06	4.345842507e-06	-10
1.439793493e-06	4.345842507e-06	-10
1.439793493e-06	4.345842507e-06	-10
1.439793493e-06	4.345842507e-06	-10
1.439793493e-06	4.345842507e-06	-10
1.439793493e-06	4.345842507e-06	-10
1.439793493e-06	4.345842507e-06	-10
1.439793493e-06	4.345842507e-06	-10
1.439793493e-06	4.345842507e-06	-10
1.439793493e-06	4.345842507e-06	-10
1.439793493e-06	4.345842507e-06	-10
1.439793493e-06	4.345842507e-06	-10
1.439793493e-06	4.345842507e-06	-10
1.439793493e-06	4.345842507e-06	0
1.456609521e-06	4.355551245e-06	0
1.473425548e-06	4.365259983e-06	0
1.490241575e-06	4.374968721e-06	0
1.507057602e-06	4.384677459e-06	0
1.52387363e-06	4.394386197e-06	0
1.540689657e-06	4.404094935e-06	0
1.557505684e-06	4.413803672e-06	0
1.574321711e-06	4.42351241e-06	0
1.591137739e-06	4.433221148e-06	0
1.607953766e-06	4.442929886e-06	0
1.607953766e-06	4.442929886e-06	-10
1.607953766e-06	4.442929886e-06	-10
1.607953766e-06	4.442929886e-06	-10
1.607953766e-06	4.442929886e-06	-10
1.607953766e-06	4.442929886e-06	-10
1.607953766e-06	4.442929886e-06	-10
1.607953766e-06	4.442929886e-06	-10
1.607953766e-06	4.442929886e-06	-10
1.607953766e-06	4.442929886e-06	-10
1.607953766e-06	4.442929886e-06	-10
1.607953766e-06	4.442929886e-06	-10
1.607953766e-06	4.442929886e-06	-10
1.607953766e-06	4.442929886e-06	-10
1.607953766e-06	4.442929886e-06	-10
1.607953766e-06	4.442929886e-06	-10
1.607953766e-06	4.442929886e-06	-10
1.607953766e-06	4.442929886e-06	-10
1.607953766e-06	4.442929886e-06	-10
1.607953766e-06	4.442929886e-06	-10
1.607953766e-06	4.442929886e-06	-10
1.607953766e-06	4.442929886e-06	-10
1.607953766e-06	4.442929886e-06	-10
1.607953766e-06	4.442929886e-06	-10
1.607953766e-06	4.442929886e-06	-10
1.607953766e-06	4.442929886e-06	-10
1.607953766e-06	4.442929886e-06	0
1.624769793e-06	4.452638624e-06	0
1.64158582e-06	4.462347362e-06	0
1.658401848e-06	4.4720561e-06	0
1.675217875e-06	4.481764838e-06	0
1.692033902e-06	4.491473575e-06	0
1.708849929e-06	4.501182313e-06	0
1.725665957e-06	4.510891051e-06	0
1.742481984e-06	4.520599789e-06	0
1.759298011e-06	4.530308527e-06	0
1.776114038e-06	4.540017265e-06	0
1.776114038e-06	4.540017265e-06	-10
1.776114038e-06	4.540017265e-06	-10
1.776114038e-06	4.540017265e-06	-10
1.776114038e-06	4.540017265e-06	-10
1.776114038e-06	4.540017265e-06	-10
1.776114038e-06	4.540017265e-06	-10
1.776114038e-06	4.540017265e-06	-10
1.776114038e-06	4.540017265e-06	-10
1.776114038e-06	4.540017265e-06	-10
1.776114038e-06	4.540017265e-06	-10
1.776114038e-06	4.540017265e-06	-10
1.776114038e-06	4.540017265e-06	-10
1.776114038e-06	4.540017265e-06	-10
1.776114038e-06	4.540017265e-06	-10
1.776114038e-06	4.540017265e-06	-10
1.776114038e-06	4.540017265e-06	-10
1.776114038e-06	4.540017265e-06	-10
1.776114038e-06	4.540017265e-06	-10
1.776114038e-06	4.540017265e-06	-10
1.776114038e-06	4.540017265e-06	-10
1.776114038e-06	4.540017265e-06	-10
1.776114038e-06	4.540017265e-06	-10
1.776114038e-06	4.540017265e-06	-10
1.776114038e-06	4.540017265e-06	-10
1.776114038e-06	4.540017265e-06	-10
1.776114038e-06	4.540017265e-06	0
1.792930066e-06	4.549726003e-06	0
1.809746093e-06	4.55943474e-06	0
1.82656212e-06	4.569143478e-06	0
1.843378147e-06	4.578852216e-06	0
1.860194175e-06	4.588560954e-06	0
1.877010202e-06	4.598269692e-06	0
1.893826229e-06	4.60797843e-06	0
1.910642257e-06	4.617687168e-06	0
1.927458284e-06	4.627395905e-06	0
1.944274311e-06	4.637104643e-06	0
1.944274311e-06	4.637104643e-06	-10
1.944274311e-06	4.637104643e-06	-10
1.944274311e-06	4.637104643e-06	-10
1.944274311e-06	4.637104643e-06	-10
1.944274311e-06	4.637104643e-06	-10
1.944274311e-06	4.637104643e-06	-10
1.944274311e-06	4.637104643e-06	-10
1.944274311e-06	4.637104643e-06	-10
1.944274311e-06	4.637104643e-06	-10
1.944274311e-06	4.637104643e-06	-10
1.944274311e-06	4.637104643e-06	-10
1.944274311e-06	4.637104643e-06	-10
1.944274311e-06	4.637104643e-06	-10
1.944274311e-06	4.637104643e-06	-10
1.944274311e-06	4.637104643e-06	-10
1.944274311e-06	4.637104643e-06	-10
1.944274311e-06	4.637104643e-06	-10
1.944274311e-06	4.637104643e-06	-10
1.944274311e-06	4.637104643e-06	-10
1.944274311e-06	4.637104643e-06	-10
1.944274311e-06	4.637104643e-06	-10
1.944274311e-06	4.637104643e-06	-10
1.944274311e-06	4.637104643e-06	-10
1.944274311e-06	4.637104643e-06	-10
1.944274311e-06	4.637104643e-06	-10
1.944274311e-06	4.637104643e-06	0
1.961090338e-06	4.646813381e-06	0
1.977906366e-06	4.656522119e-06	0
1.994722393e-06	4.666230857e-06	0
2.01153842e-06	4.675939595e-06	0
2.028354447e-06	4.685648333e-06	0
2.045170475e-06	4.695357071e-06	0
2.061986502e-06	4.705065808e-06	0
2.078802529e-06	4.714774546e-06	0
2.095618556e-06	4.724483284e-06	0
2.112434584e-06	4.734192022e-06	0
2.112434584e-06	4.734192022e-06	-10
2.112434584e-06	4.734192022e-06	-10
2.112434584e-06	4.734192022e-06	-10
2.112434584e-06	4.734192022e-06	-10
2.112434584e-06	4.734192022e-06	-10
2.112434584e-06	4.734192022e-06	-10
2.112434584e-06	4.734192022e-06	-10
2.112434584e-06	4.734192022e-06	-10
2.112434584e-06	4.734192022e-06	-10
2.112434584e-06	4.734192022e-06	-10
2.112434584e-06	4.734192022e-06	-10
2.112434584e-06	4.734192022e-06	-10
2.112434584e-06	4.734192022e-06	-10
2.112434584e-06	4.734192022e-06	-10
2.112434584e-06	4.734192022e-06	-10
2.112434584e-06	4.734192022e-06	-10
2.112434584e-06	4.734192022e-06	-10
2.112434584e-06	4.734192022e-06	-10
2.112434584e-06	4.734192022e-06	-10
2.112434584e-06	4.734192022e-06	-10
2.112434584e-06	4.734192022e-06	-10
2.112434584e-06	4.734192022e-06	-10
2.112434584e-06	4.734192022e-06	-10
2.112434584e-06	4.734192022e-06	-10
2.112434584e-06	4.734192022e-06	-10
2.112434584e-06	4.734192022e-06	0
2.129250611e-06	4.74390076e-06	0
2.146066638e-06	4.753609498e-06	0
2.162882665e-06	4.763318236e-06	0
2.179698693e-06	4.773026973e-06	0
2.19651472e-06	4.782735711e-06	0
2.213330747e-06	4.792444449e-06	0
2.230146774e-06	4.802153187e-06	0
2.246962802e-06	4.811861925e-06	0
2.263778829e-06	4.821570663e-06	0
2.280594856e-06	4.831279401e-06	0
2.280594856e-06	4.831279401e-06	-10
2.280594856e-06	4.831279401e-06	-10
2.280594856e-06	4.831279401e-06	-10
2.280594856e-06	4.831279401e-06	-10
2.280594856e-06	4.831279401e-06	-10
2.280594856e-06	4.831279401e-06	-10
2.280594856e-06	4.831279401e-06	-10
2.280594856e-06	4.831279401e-06	-10
2.280594856e-06	4.831279401e-06	-10
2.280594856e-06	4.831279401e-06	-10
2.280594856e-06	4.831279401e-06	-10
2.280594856e-06	4.831279401e-06	-10
2.280594856e-06	4.831279401e-06	-10
2.280594856e-06	4.831279401e-06	-10
2.280594856e-06	4.831279401e-06	-10
2.280594856e-06	4.831279401e-06	-10
2.280594856e-06	4.831279401e-06	-10
2.280594856e-06	4.831279401e-06	-10
2.280594856e-06	4.831279401e-06	-10
2.280594856e-06	4.831279401e-06	-10
2.280594856e-06	4.831279401e-06	-10
2.280594856e-06	4.831279401e-06	-10
2.280594856e-06	4.831279401e-06	-10
2.280594856e-06	4.831279401e-06	-10
2.280594856e-06	4.831279401e-06	-10
2.280594856e-06	4.831279401e-06	0
2.297410883e-06	4.840988138e-06	0
2.314226911e-06	4.850696876e-06	0
2.331042938e-06	4.860405614e-06	0
2.347858965e-06	4.870114352e-06	0
2.364674992e-06	4.87982309e-06	0
2.38149102e-06	4.889531828e-06	0
2.398307047e-06	4.899240566e-06	0
2.415123074e-06	4.908949304e-06	0
2.431939102e-06	4.918658041e-06	0
2.448755129e-06	4.928366779e-06	0
2.448755129e-06	4.928366779e-06	-10
2.448755129e-06	4.928366779e-06	-10
2.448755129e-06	4.928366779e-06	-10
2.448755129e-06	4.928366779e-06	-10
2.448755129e-06	4.928366779e-06	-10
2.448755129e-06	4.928366779e-06	-10
2.448755129e-06	4.928366779e-06	-10
2.448755129e-06	4.928366779e-06	-10
2.448755129e-06	4.928366779e-06	-10
2.448755129e-06	4.928366779e-06	-10
2.448755129e-06	4.928366779e-06	-10
2.448755129e-06	4.928366779e-06	-10
2.448755129e-06	4.928366779e-06	-10
2.448755129e-06	4.928366779e-06	-10
2.448755129e-06	4.928366779e-06	-10
2.448755129e-06	4.928366779e-06	-10
2.448755129e-06	4.928366779e-06	-10
2.448755129e-06	4.928366779e-06	-10
2.448755129e-06	4.928366779e-06	-10
2.448755129e-06	4.928366779e-06	-10
2.448755129e-06	4.928366779e-06	-10
2.448755129e-06	4.928366779e-06	-10
2.448755129e-06	4.928366779e-06	-10
2.448755129e-06	4.928366779e-06	-10
2.448755129e-06	4.928366779e-06	-10
2.448755129e-06	4.928366779e-06	0
2.465571156e-06	4.938075517e-06	0
2.482387183e-06	4.947784255e-06	0
2.499203211e-06	4.957492993e-06	0
2.516019238e-06	4.967201731e-06	0
2.532835265e-06	4.976910469e-06	0
2.549651292e-06	4.986619206e-06	0
2.56646732e-06	4.996327944e-06	0
2.583283347e-06	5.006036682e-06	0
2.600099374e-06	5.01574542e-06	0
2.616915401e-06	5.025454158e-06	0
2.616915401e-06	5.025454158e-06	-10
2.616915401e-06	5.025454158e-06	-10
2.616915401e-06	5.025454158e-06	-10
2.616915401e-06	5.025454158e-06	-10
2.616915401e-06	5.025454158e-06	-10
2.616915401e-06	5.025454158e-06	-10
2.616915401e-06	5.025454158e-06	-10
2.616915401e-06	5.025454158e-06	-10
2.616915401e-06	5.025454158e-06	-10
2.616915401e-06	5.025454158e-06	-10
2.616915401e-06	5.025454158e-06	-10
2.616915401e-06	5.025454158e-06	-10
2.616915401e-06	5.025454158e-06	-10
2.616915401e-06	5.025454158e-06	-10
2.616915401e-06	5.025454158e-06	-10
2.616915401e-06	5.025454158e-06	-10
2.616915401e-06	5.025454158e-06	-10
2.616915401e-06	5.025454158e-06	-10
2.616915401e-06	5.025454158e-06	-10
2.616915401e-06	5.025454158e-06	-10
2.616915401e-06	5.025454158e-06	-10
2.616915401e-06	5.025454158e-06	-10
2.616915401e-06	5.025454158e-06	-10
2.616915401e-06	5.025454158e-06	-10
2.616915401e-06	5.025454158e-06	-10
2.616915401e-06	5.025454158e-06	0
2.633731429e-06	5.035162896e-06	0
2.650547456e-06	5.044871634e-06	0
2.667363483e-06	5.054580372e-06	0
2.68417951e-06	5.064289109e-06	0
2.700995538e-06	5.073997847e-06	0
2.717811565e-06	5.083706585e-06	0
2.734627592e-06	5.093415323e-06	0
2.751443619e-06	5.103124061e-06	0
2.768259647e-06	5.112832799e-06	0
2.785075674e-06	5.122541537e-06	0
2.785075674e-06	5.122541537e-06	-10
2.785075674e-06	5.122541537e-06	-10
2.785075674e-06	5.122541537e-06	-10
2.785075674e-06	5.122541537e-06	-10
2.785075674e-06	5.122541537e-06	-10
2.785075674e-06	5.122541537e-06	-10
2.785075674e-06	5.122541537e-06	-10
2.785075674e-06	5.122541537e-06	-10
2.785075674e-06	5.122541537e-06	-10
2.785075674e-06	5.122541537e-06	-10
2.785075674e-06	5.122541537e-06	-10
2.785075674e-06	5.122541537e-06	-10
2.785075674e-06	5.122541537e-06	-10
2.785075674e-06	5.122541537e-06	-10
2.785075674e-06	5.122541537e-06	-10
2.785075674e-06	5.122541537e-06	-10
2.785075674e-06	5.122541537e-06	-10
2.785075674e-06	5.122541537e-06	-10
2.785075674e-06	5.122541537e-06	-10
2.785075674e-06	5.122541537e-06	-10
2.785075674e-06	5.122541537e-06	-10
2.785075674e-06	5.122541537e-06	-10
2.785075674e-06	5.122541537e-06	-10
2.785075674e-06	5.122541537e-06	-10
2.785075674e-06	5.122541537e-06	-10
2.785075674e-06	5.122541537e-06	0
2.767049282e-06	5.114210047e-06	0
2.749022889e-06	5.105878557e-06	0
2.730996497e-06	5.097547067e-06	0
2.712970104e-06	5.089215578e-06	0
2.694943712e-06	5.080884088e-06	0
2.67691732e-06	5.072552598e-06	0
2.658890927e-06	5.064221108e-06	0
2.640864535e-06	5.055889619e-06	0
2.622838143e-06	5.047558129e-06	0
2.60481175e-06	5.039226639e-06	0
2.586785358e-06	5.030895149e-06	0
2.568758965e-06	5.02256366e-06	0
2.550732573e-06	5.01423217e-06	0
2.532706181e-06	5.00590068e-06	0
2.514679788e-06	4.99756919e-06	0
2.496653396e-06	4.989237701e-06	0
2.478627003e-06	4.980906211e-06	0
2.460600611e-06	4.972574721e-06	0
2.442574219e-06	4.964243231e-06	0
2.424547826e-06	4.955911742e-06	0
2.406521434e-06	4.947580252e-06	0
2.388495042e-06	4.939248762e-06	0
2.370468649e-06	4.930917272e-06	0
2.352442257e-06	4.922585783e-06	0
2.334415864e-06	4.914254293e-06	0
2.316389472e-06	4.905922803e-06	0
2.29836308e-06	4.897591313e-06	0
2.280336687e-06	4.889259824e-06	0
2.262310295e-06	4.880928334e-06	0
2.244283903e-06	4.872596844e-06	0
2.22625751e-06	4.864265354e-06	0
2.208231118e-06	4.855933865e-06	0
2.190204725e-06	4.847602375e-06	0
2.172178333e-06	4.839270885e-06	0
2.154151941e-06	4.830939395e-06	0
2.136125548e-06	4.822607906e-06	0
2.118099156e-06	4.814276416e-06	0
2.100072764e-06	4.805944926e-06	0
2.082046371e-06	4.797613436e-06	0
2.064019979e-06	4.789281947e-06	0
2.045993586e-06	4.780950457e-06	0
2.027967194e-06	4.772618967e-06	0
2.009940802e-06	4.764287478e-06	0
1.991914409e-06	4.755955988e-06	0
1.973888017e-06	4.747624498e-06	0
1.955861624e-06	4.739293008e-06	0
1.937835232e-06	4.730961519e-06	0
1.91980884e-06	4.722630029e-06	0
1.901782447e-06	4.714298539e-06	0
1.883756055e-06	4.705967049e-06	0
1.865729663e-06	4.69763556e-06	0
1.84770327e-06	4.68930407e-06	0
1.829676878e-06	4.68097258e-06	0
1.811650485e-06	4.67264109e-06	0
1.793624093e-06	4.664309601e-06	0
1.775597701e-06	4.655978111e-06	0
1.757571308e-06	4.647646621e-06	0
1.739544916e-06	4.639315131e-06	0
1.721518524e-06	4.630983642e-06	0
1.703492131e-06	4.622652152e-06	0
1.685465739e-06	4.614320662e-06	0
1.667439346e-06	4.605989172e-06	0
1.649412954e-06	4.597657683e-06	0
1.631386562e-06	4.589326193e-06	0
1.613360169e-06	4.580994703e-06	0
1.595333777e-06	4.572663213e-06	0
1.577307384e-06	4.564331724e-06	0
1.559280992e-06	4.556000234e-06	0
1.5412546e-06	4.547668744e-06	0
1.523228207e-06	4.539337254e-06	0
1.505201815e-06	4.531005765e-06	0
1.487175423e-06	4.522674275e-06	0
1.46914903e-06	4.514342785e-06	0
1.451122638e-06	4.506011295e-06	0
1.433096245e-06	4.497679806e-06	0
1.415069853e-06	4.489348316e-06	0
1.397043461e-06	4.481016826e-06	0
1.379017068e-06	4.472685336e-06	0
1.360990676e-06	4.464353847e-06	0
1.342964284e-06	4.456022357e-06	0
1.324937891e-06	4.447690867e-06	0
1.306911499e-06	4.439359377e-06	0
1.288885106e-06	4.431027888e-06	0
1.270858714e-06	4.422696398e-06	0
1.252832322e-06	4.414364908e-06	0
1.234805929e-06	4.406033418e-06	0
1.216779537e-06	4.397701929e-06	0
1.198753145e-06	4.389370439e-06	0
1.180726752e-06	4.381038949e-06	0
1.16270036e-06	4.372707459e-06	0
1.144673967e-06	4.36437597e-06	0
1.126647575e-06	4.35604448e-06	0
1.108621183e-06	4.34771299e-06	0
1.09059479e-06	4.339381501e-06	0
1.072568398e-06	4.331050011e-06	0
1.054542005e-06	4.322718521e-06	0
1.036515613e-06	4.314387031e-06	0
1.018489221e-06	4.306055542e-06	0
1.000462828e-06	4.297724052e-06	0
9.82436436e-07	4.289392562e-06	0
9.644100436e-07	4.281061072e-06	0
9.463836512e-07	4.272729583e-06	0
9.283572588e-07	4.264398093e-06	0
9.103308664e-07	4.256066603e-06	0
8.923044741e-07	4.247735113e-06	0
8.742780817e-07	4.239403624e-06	0
8.562516893e-07	4.231072134e-06	0
8.382252969e-07	4.222740644e-06	0
8.382252969e-07	4.222740644e-06	10
8.382252969e-07	4.222740644e-06	10
8.382252969e-07	4.222740644e-06	10
8.382252969e-07	4.222740644e-06	10
8.382252969e-07	4.222740644e-06	10
8.382252969e-07	4.222740644e-06	10
8.382252969e-07	4.222740644e-06	10
8.382252969e-07	4.222740644e-06	10
8.382252969e-07	4.222740644e-06	10
8.382252969e-07	4.222740644e-06	10
8.382252969e-07	4.222740644e-06	10
8.382252969e-07	4.222740644e-06	10
8.382252969e-07	4.222740644e-06	10
8.382252969e-07	4.222740644e-06	10
8.382252969e-07	4.222740644e-06	10
8.382252969e-07	4.222740644e-06	10
8.382252969e-07	4.222740644e-06	10
8.382252969e-07	4.222740644e-06	10
8.382252969e-07	4.222740644e-06	10
8.382252969e-07	4.222740644e-06	10
8.382252969e-07	4.222740644e-06	10
8.382252969e-07	4.222740644e-06	10
8.382252969e-07	4.222740644e-06	10
8.382252969e-07	4.222740644e-06	10
8.382252969e-07	4.222740644e-06	10
8.382252969e-07	4.222740644e-06	0
8.550413242e-07	4.232449382e-06	0
8.718573514e-07	4.24215812e-06	0
8.886733787e-07	4.251866858e-06	0
9.05489406e-07	4.261575596e-06	0
9.223054332e-07	4.271284333e-06	0
9.391214605e-07	4.280993071e-06	0
9.559374877e-07	4.290701809e-06	0
9.72753515e-07	4.300410547e-06	0
9.895695423e-07	4.310119285e-06	0
1.00638557e-06	4.319828023e-06	0
1.00638557e-06	4.319828023e-06	10
1.00638557e-06	4.319828023e-06	10
1.00638557e-06	4.319828023e-06	10
1.00638557e-06	4.319828023e-06	10
1.00638557e-06	4.319828023e-06	10
1.00638557e-06	4.319828023e-06	10
1.00638557e-06	4.319828023e-06	10
1.00638557e-06	4.319828023e-06	10
1.00638557e-06	4.319828023e-06	10
1.00638557e-06	4.319828023e-06	10
1.00638557e-06	4.319828023e-06	10
1.00638557e-06	4.319828023e-06	10
1.00638557e-06	4.319828023e-06	10
1.00638557e-06	4.319828023e-06	10
1.00638557e-06	4.319828023e-06	10
1.00638557e-06	4.319828023e-06	10
1.00638557e-06	4.319828023e-06	10
1.00638557e-06	4.319828023e-06	10
1.00638557e-06	4.319828023e-06	10
1.00638557e-06	4.319828023e-06	10
1.00638557e-06	4.319828023e-06	10
1.00638557e-06	4.319828023e-06	10
1.00638557e-06	4.319828023e-06	10
1.00638557e-06	4.319828023e-06	10
1.00638557e-06	4.319828023e-06	10
1.00638557e-06	4.319828023e-06	0
1.023201597e-06	4.329536761e-06	0
1.040017624e-06	4.339245498e-06	0
1.056833651e-06	4.348954236e-06	0
1.073649679e-06	4.358662974e-06	0
1.090465706e-06	4.368371712e-06	0
1.107281733e-06	4.37808045e-06	0
1.12409776e-06	4.387789188e-06	0
1.140913788e-06	4.397497926e-06	0
1.157729815e-06	4.407206664e-06	0
1.174545842e-06	4.416915401e-06	0
1.174545842e-06	4.416915401e-06	10
1.174545842e-06	4.416915401e-06	10
1.174545842e-06	4.416915401e-06	10
1.174545842e-06	4.416915401e-06	10
1.174545842e-06	4.416915401e-06	10
1.174545842e-06	4.416915401e-06	10
1.174545842e-06	4.416915401e-06	10
1.174545842e-06	4.416915401e-06	10
1.174545842e-06	4.416915401e-06	10
1.174545842e-06	4.416915401e-06	10
1.174545842e-06	4.416915401e-06	10
1.174545842e-06	4.416915401e-06	10
1.174545842e-06	4.416915401e-06	10
1.174545842e-06	4.416915401e-06	10
1.174545842e-06	4.416915401e-06	10
1.174545842e-06	4.416915401e-06	10
1.174545842e-06	4.416915401e-06	10
1.174545842e-06	4.416915401e-06	10
1.174545842e-06	4.416915401e-06	10
1.174545842e-06	4.416915401e-06	10
1.174545842e-06	4.416915401e-06	10
1.174545842e-06	4.416915401e-06	10
1.174545842e-06	4.416915401e-06	10
1.174545842e-06	4.416915401e-06	10
1.174545842e-06	4.416915401e-06	10
1.174545842e-06	4.416915401e-06	0
1.191361869e-06	4.426624139e-06	0
1.208177897e-06	4.436332877e-06	0
1.224993924e-06	4.446041615e-06	0
1.241809951e-06	4.455750353e-06	0
1.258625978e-06	4.465459091e-06	0
1.275442006e-06	4.475167829e-06	0
1.292258033e-06	4.484876566e-06	0
1.30907406e-06	4.494585304e-06	0
1.325890087e-06	4.504294042e-06	0
1.342706115e-06	4.51400278e-06	0
1.342706115e-06	4.51400278e-06	10
1.342706115e-06	4.51400278e-06	10
1.342706115e-06	4.51400278e-06	10
1.342706115e-06	4.51400278e-06	10
1.342706115e-06	4.51400278e-06	10
1.342706115e-06	4.51400278e-06	10
1.342706115e-06	4.51400278e-06	10
1.342706115e-06	4.51400278e-06	10
1.342706115e-06	4.51400278e-06	10
1.342706115e-06	4.51400278e-06	10
1.342706115e-06	4.51400278e-06	10
1.342706115e-06	4.51400278e-06	10
1.342706115e-06	4.51400278e-06	10
1.342706115e-06	4.51400278e-06	10
1.342706115e-06	4.51400278e-06	10
1.342706115e-06	4.51400278e-06	10
1.342706115e-06	4.51400278e-06	10
1.342706115e-06	4.51400278e-06	10
1.342706115e-06	4.51400278e-06	10
1.342706115e-06	4.51400278e-06	10
1.342706115e-06	4.51400278e-06	10
1.342706115e-06	4.51400278e-06	10
1.342706115e-06	4.51400278e-06	10
1.342706115e-06	4.51400278e-06	10
1.342706115e-06	4.51400278e-06	10
1.342706115e-06	4.51400278e-06	0
1.359522142e-06	4.523711518e-06	0
1.376338169e-06	4.533420256e-06	0
1.393154196e-06	4.543128994e-06	0
1.409970224e-06	4.552837731e-06	0
1.426786251e-06	4.562546469e-06	0
1.443602278e-06	4.572255207e-06	0
1.460418305e-06	4.581963945e-06	0
1.477234333e-06	4.591672683e-06	0
1.49405036e-06	4.601381421e-06	0
1.510866387e-06	4.611090159e-06	0
1.510866387e-06	4.611090159e-06	10
1.510866387e-06	4.611090159e-06	10
1.510866387e-06	4.611090159e-06	10
1.510866387e-06	4.611090159e-06	10
1.510866387e-06	4.611090159e-06	10
1.510866387e-06	4.611090159e-06	10
1.510866387e-06	4.611090159e-06	10
1.510866387e-06	4.611090159e-06	10
1.510866387e-06	4.611090159e-06	10
1.510866387e-06	4.611090159e-06	10
1.510866387e-06	4.611090159e-06	10
1.510866387e-06	4.611090159e-06	10
1.510866387e-06	4.611090159e-06	10
1.510866387e-06	4.611090159e-06	10
1.510866387e-06	4.611090159e-06	10
1.510866387e-06	4.611090159e-06	10
1.510866387e-06	4.611090159e-06	10
1.510866387e-06	4.611090159e-06	10
1.510866387e-06	4.611090159e-06	10
1.510866387e-06	4.611090159e-06	10
1.510866387e-06	4.611090159e-06	10
1.510866387e-06	4.611090159e-06	10
1.510866387e-06	4.611090159e-06	10
1.510866387e-06	4.611090159e-06	10
1.510866387e-06	4.611090159e-06	10
1.510866387e-06	4.611090159e-06	0
1.527682415e-06	4.620798897e-06	0
1.544498442e-06	4.630507634e-06	0
1.561314469e-06	4.640216372e-06	0
1.578130496e-06	4.64992511e-06	0
1.594946524e-06	4.659633848e-06	0
1.611762551e-06	4.669342586e-06	0
1.628578578e-06	4.679051324e-06	0
1.645394605e-06	4.688760062e-06	0
1.662210633e-06	4.698468799e-06	0
1.67902666e-06	4.708177537e-06	0
1.67902666e-06	4.708177537e-06	10
1.67902666e-06	4.708177537e-06	10
1.67902666e-06	4.708177537e-06	10
1.67902666e-06	4.708177537e-06	10
1.67902666e-06	4.708177537e-06	10
1.67902666e-06	4.708177537e-06	10
1.67902666e-06	4.708177537e-06	10
1.67902666e-06	4.708177537e-06	10
1.67902666e-06	4.708177537e-06	10
1.67902666e-06	4.708177537e-06	10
1.67902666e-06	4.708177537e-06	10
1.67902666e-06	4.708177537e-06	10
1.67902666e-06	4.708177537e-06	10
1.67902666e-06	4.708177537e-06	10
1.67902666e-06	4.708177537e-06	10
1.67902666e-06	4.708177537e-06	10
1.67902666e-06	4.708177537e-06	10
1.67902666e-06	4.708177537e-06	10
1.67902666e-06	4.708177537e-06	10
1.67902666e-06	4.708177537e-06	10
1.67902666e-06	4.708177537e-06	10
1.67902666e-06	4.708177537e-06	10
1.67902666e-06	4.708177537e-06	10
1.67902666e-06	4.708177537e-06	10
1.67902666e-06	4.708177537e-06	10
1.67902666e-06	4.708177537e-06	0
1.695842687e-06	4.717886275e-06	0
1.712658714e-06	4.727595013e-06	0
1.729474742e-06	4.737303751e-06	0
1.746290769e-06	4.747012489e-06	0
1.763106796e-06	4.756721227e-06	0
1.779922823e-06	4.766429964e-06	0
1.796738851e-06	4.776138702e-06	0
1.813554878e-06	4.78584744e-06	0
1.830370905e-06	4.795556178e-06	0
1.847186932e-06	4.805264916e-06	0
1.847186932e-06	4.805264916e-06	10
1.847186932e-06	4.805264916e-06	10
1.847186932e-06	4.805264916e-06	10
1.847186932e-06	4.805264916e-06	10
1.847186932e-06	4.805264916e-06	10
1.847186932e-06	4.805264916e-06	10
1.847186932e-06	4.805264916e-06	10
1.847186932e-06	4.805264916e-06	10
1.847186932e-06	4.805264916e-06	10
1.847186932e-06	4.805264916e-06	10
1.847186932e-06	4.805264916e-06	10
1.847186932e-06	4.805264916e-06	10
1.847186932e-06	4.805264916e-06	10
1.847186932e-06	4.805264916e-06	10
1.847186932e-06	4.805264916e-06	10
1.847186932e-06	4.805264916e-06	10
1.847186932e-06	4.805264916e-06	10
1.847186932e-06	4.805264916e-06	10
1.847186932e-06	4.805264916e-06	10
1.847186932e-06	4.805264916e-06	10
1.847186932e-06	4.805264916e-06	10
1.847186932e-06	4.805264916e-06	10
1.847186932e-06	4.805264916e-06	10
1.847186932e-06	4.805264916e-06	10
1.847186932e-06	4.805264916e-06	10
1.847186932e-06	4.805264916e-06	0
1.86400296e-06	4.814973654e-06	0
1.880818987e-06	4.824682392e-06	0
1.897635014e-06	4.83439113e-06	0
1.914451041e-06	4.844099867e-06	0
1.931267069e-06	4.853808605e-06	0
1.948083096e-06	4.863517343e-06	0
1.964899123e-06	4.873226081e-06	0
1.98171515e-06	4.882934819e-06	0
1.998531178e-06	4.892643557e-06	0
2.015347205e-06	4.902352295e-06	0
2.015347205e-06	4.902352295e-06	10
2.015347205e-06	4.902352295e-06	10
2.015347205e-06	4.902352295e-06	10
2.015347205e-06	4.902352295e-06	10
2.015347205e-06	4.902352295e-06	10
2.015347205e-06	4.902352295e-06	10
2.015347205e-06	4.902352295e-06	10
2.015347205e-06	4.902352295e-06	10
2.015347205e-06	4.902352295e-06	10
2.015347205e-06	4.902352295e-06	10
2.015347205e-06	4.902352295e-06	10
2.015347205e-06	4.902352295e-06	10
2.015347205e-06	4.902352295e-06	10
2.015347205e-06	4.902352295e-06	10
2.015347205e-06	4.902352295e-06	10
2.015347205e-06	4.902352295e-06	10
2.015347205e-06	4.902352295e-06	10
2.015347205e-06	4.902352295e-06	10
2.015347205e-06	4.902352295e-06	10
2.015347205e-06	4.902352295e-06	10
2.015347205e-06	4.902352295e-06	10
2.015347205e-06	4.902352295e-06	10
2.015347205e-06	4.902352295e-06	10
2.015347205e-06	4.902352295e-06	10
2.015347205e-06	4.902352295e-06	10
2.015347205e-06	4.902352295e-06	0
2.032163232e-06	4.912061032e-06	0
2.04897926e-06	4.92176977e-06	0
2.065795287e-06	4.931478508e-06	0
2.082611314e-06	4.941187246e-06	0
2.099427341e-06	4.950895984e-06	0
2.116243369e-06	4.960604722e-06	0
2.133059396e-06	4.97031346e-06	0
2.149875423e-06	4.980022197e-06	0
2.16669145e-06	4.989730935e-06	0
2.183507478e-06	4.999439673e-06	0
2.183507478e-06	4.999439673e-06	10
2.183507478e-06	4.999439673e-06	10
2.183507478e-06	4.999439673e-06	10
2.183507478e-06	4.999439673e-06	10
2.183507478e-06	4.999439673e-06	10
2.183507478e-06	4.999439673e-06	10
2.183507478e-06	4.999439673e-06	10
2.183507478e-06	4.999439673e-06	10
2.183507478e-06	4.999439673e-06	10
2.183507478e-06	4.999439673e-06	10
2.183507478e-06	4.999439673e-06	10
2.183507478e-06	4.999439673e-06	10
2.183507478e-06	4.999439673e-06	10
2.183507478e-06	4.999439673e-06	10
2.183507478e-06	4.999439673e-06	10
2.183507478e-06	4.999439673e-06	10
2.183507478e-06	4.999439673e-06	10
2.183507478e-06	4.999439673e-06	10
2.183507478e-06	4.999439673e-06	10
2.183507478e-06	4.999439673e-06	10
2.183507478e-06	4.999439673e-06	10
2.183507478e-06	4.999439673e-06	10
2.183507478e-06	4.999439673e-06	10
2.183507478e-06	4.999439673e-06	10
2.183507478e-06	4.999439673e-06	10
2.183507478e-06	4.999439673e-06	0
2.200323505e-06	5.009148411e-06	0
2.217139532e-06	5.018857149e-06	0
2.233955559e-06	5.028565887e-06	0
2.250771587e-06	5.038274625e-06	0
2.267587614e-06	5.047983363e-06	0
2.284403641e-06	5.0576921e-06	0
2.301219668e-06	5.067400838e-06	0
2.318035696e-06	5.077109576e-06	0
2.334851723e-06	5.086818314e-06	0
2.35166775e-06	5.096527052e-06	0
2.35166775e-06	5.096527052e-06	10
2.35166775e-06	5.096527052e-06	10
2.35166775e-06	5.096527052e-06	10
2.35166775e-06	5.096527052e-06	10
2.35166775e-06	5.096527052e-06	10
2.35166775e-06	5.096527052e-06	10
2.35166775e-06	5.096527052e-06	10
2.35166775e-06	5.096527052e-06	10
2.35166775e-06	5.096527052e-06	10
2.35166775e-06	5.096527052e-06	10
2.35166775e-06	5.096527052e-06	10
2.35166775e-06	5.096527052e-06	10
2.35166775e-06	5.096527052e-06	10
2.35166775e-06	5.096527052e-06	10
2.35166775e-06	5.096527052e-06	10
2.35166775e-06	5.096527052e-06	10
2.35166775e-06	5.096527052e-06	10
2.35166775e-06	5.096527052e-06	10
2.35166775e-06	5.096527052e-06	10
2.35166775e-06	5.096527052e-06	10
2.35166775e-06	5.096527052e-06	10
2.35166775e-06	5.096527052e-06	10
2.35166775e-06	5.096527052e-06	10
2.35166775e-06	5.096527052e-06	10
2.35166775e-06	5.096527052e-06	10
2.35166775e-06	5.096527052e-06	0
2.368483777e-06	5.10623579e-06	0
2.385299805e-06	5.115944528e-06	0
2.402115832e-06	5.125653265e-06	0
2.418931859e-06	5.135362003e-06	0
2.435747886e-06	5.145070741e-06	0
2.452563914e-06	5.154779479e-06	0
2.469379941e-06	5.164488217e-06	0
2.486195968e-06	5.174196955e-06	0
2.503011995e-06	5.183905693e-06	0
2.519828023e-06	5.19361443e-06	0
2.519828023e-06	5.19361443e-06	10
2.519828023e-06	5.19361443e-06	10
2.519828023e-06	5.19361443e-06	10
2.519828023e-06	5.19361443e-06	10
2.519828023e-06	5.19361443e-06	10
2.519828023e-06	5.19361443e-06	10
2.519828023e-06	5.19361443e-06	10
2.519828023e-06	5.19361443e-06	10
2.519828023e-06	5.19361443e-06	10
2.519828023e-06	5.19361443e-06	10
2.519828023e-06	5.19361443e-06	10
2.519828023e-06	5.19361443e-06	10
2.519828023e-06	5.19361443e-06	10
2.519828023e-06	5.19361443e-06	10
2.519828023e-06	5.19361443e-06	10
2.519828023e-06	5.19361443e-06	10
2.519828023e-06	5.19361443e-06	10
2.519828023e-06	5.19361443e-06	10
2.519828023e-06	5.19361443e-06	10
2.519828023e-06	5.19361443e-06	10
2.519828023e-06	5.19361443e-06	10
2.519828023e-06	5.19361443e-06	10
2.519828023e-06	5.19361443e-06	10
2.519828023e-06	5.19361443e-06	10
2.519828023e-06	5.19361443e-06	10
2.519828023e-06	5.19361443e-06	0
2.53664405e-06	5.203323168e-06	0
2.553460077e-06	5.213031906e-06	0
2.570276104e-06	5.222740644e-06	0
2.587092132e-06	5.232449382e-06	0
2.603908159e-06	5.24215812e-06	0
2.620724186e-06	5.251866858e-06	0
2.637540214e-06	5.261575596e-06	0
2.654356241e-06	5.271284333e-06	0
2.671172268e-06	5.280993071e-06	0
2.687988295e-06	5.290701809e-06	0
2.687988295e-06	5.290701809e-06	10
2.687988295e-06	5.290701809e-06	10
2.687988295e-06	5.290701809e-06	10
2.687988295e-06	5.290701809e-06	10
2.687988295e-06	5.290701809e-06	10
2.687988295e-06	5.290701809e-06	10
2.687988295e-06	5.290701809e-06	10
2.687988295e-06	5.290701809e-06	10
2.687988295e-06	5.290701809e-06	10
2.687988295e-06	5.290701809e-06	10
2.687988295e-06	5.290701809e-06	10
2.687988295e-06	5.290701809e-06	10
2.687988295e-06	5.290701809e-06	10
2.687988295e-06	5.290701809e-06	10
2.687988295e-06	5.290701809e-06	10
2.687988295e-06	5.290701809e-06	10
2.687988295e-06	5.290701809e-06	10
2.687988295e-06	5.290701809e-06	10
2.687988295e-06	5.290701809e-06	10
2.687988295e-06	5.290701809e-06	10
2.687988295e-06	5.290701809e-06	10
2.687988295e-06	5.290701809e-06	10
2.687988295e-06	5.290701809e-06	10
2.687988295e-06	5.290701809e-06	10
2.687988295e-06	5.290701809e-06	10
2.687988295e-06	5.290701809e-06	0
2.669961903e-06	5.282370319e-06	0
2.651935511e-06	5.27403883e-06	0
2.633909118e-06	5.26570734e-06	0
2.615882726e-06	5.25737585e-06	0
2.597856333e-06	5.24904436e-06	0
2.579829941e-06	5.240712871e-06	0
2.561803549e-06	5.232381381e-06	0
2.543777156e-06	5.224049891e-06	0
2.525750764e-06	5.215718401e-06	0
2.507724372e-06	5.207386912e-06	0
2.489697979e-06	5.199055422e-06	0
2.471671587e-06	5.190723932e-06	0
2.453645194e-06	5.182392442e-06	0
2.435618802e-06	5.174060953e-06	0
2.41759241e-06	5.165729463e-06	0
2.399566017e-06	5.157397973e-06	0
2.381539625e-06	5.149066483e-06	0
2.363513232e-06	5.140734994e-06	0
2.34548684e-06	5.132403504e-06	0
2.327460448e-06	5.124072014e-06	0
2.309434055e-06	5.115740524e-06	0
2.291407663e-06	5.107409035e-06	0
2.273381271e-06	5.099077545e-06	0
2.255354878e-06	5.090746055e-06	0
2.237328486e-06	5.082414566e-06	0
2.219302093e-06	5.074083076e-06	0
2.201275701e-06	5.065751586e-06	0
2.183249309e-06	5.057420096e-06	0
2.165222916e-06	5.049088607e-06	0
2.147196524e-06	5.040757117e-06	0
2.129170132e-06	5.032425627e-06	0
2.111143739e-06	5.024094137e-06	0
2.093117347e-06	5.015762648e-06	0
2.075090954e-06	5.007431158e-06	0
2.057064562e-06	4.999099668e-06	0
2.03903817e-06	4.990768178e-06	0
2.021011777e-06	4.982436689e-06	0
2.002985385e-06	4.974105199e-06	0
1.984958992e-06	4.965773709e-06	0
1.9669326e-06	4.957442219e-06	0
1.948906208e-06	4.94911073e-06	0
1.930879815e-06	4.94077924e-06	0
1.912853423e-06	4.93244775e-06	0
1.894827031e-06	4.92411626e-06	0
1.876800638e-06	4.915784771e-06	0
1.858774246e-06	4.907453281e-06	0
1.840747853e-06	4.899121791e-06	0
1.822721461e-06	4.890790301e-06	0
1.804695069e-06	4.882458812e-06	0
1.786668676e-06	4.874127322e-06	0
1.768642284e-06	4.865795832e-06	0
1.750615892e-06	4.857464342e-06	0
1.732589499e-06	4.849132853e-06	0
1.714563107e-06	4.840801363e-06	0
1.696536714e-06	4.832469873e-06	0
1.678510322e-06	4.824138383e-06	0
1.66048393e-06	4.815806894e-06	0
1.642457537e-06	4.807475404e-06	0
1.624431145e-06	4.799143914e-06	0
1.606404753e-06	4.790812424e-06	0
1.58837836e-06	4.782480935e-06	0
1.570351968e-06	4.774149445e-06	0
1.552325575e-06	4.765817955e-06	0
1.534299183e-06	4.757486465e-06	0
1.516272791e-06	4.749154976e-06	0
1.498246398e-06	4.740823486e-06	0
1.480220006e-06	4.732491996e-06	0
1.462193613e-06	4.724160506e-06	0
1.444167221e-06	4.715829017e-06	0
1.426140829e-06	4.707497527e-06	0
1.408114436e-06	4.699166037e-06	0
1.390088044e-06	4.690834547e-06	0
1.372061652e-06	4.682503058e-06	0
1.354035259e-06	4.674171568e-06	0
1.336008867e-06	4.665840078e-06	0
1.317982474e-06	4.657508589e-06	0
1.299956082e-06	4.649177099e-06	0
1.28192969e-06	4.640845609e-06	0
1.263903297e-06	4.632514119e-06	0
1.245876905e-06	4.62418263e-06	0
1.227850513e-06	4.61585114e-06	0
1.20982412e-06	4.60751965e-06	0
1.191797728e-06	4.59918816e-06	0
1.173771335e-06	4.590856671e-06	0
1.155744943e-06	4.582525181e-06	0
1.137718551e-06	4.574193691e-06	0
1.119692158e-06	4.565862201e-06	0
1.101665766e-06	4.557530712e-06	0
1.083639374e-06	4.549199222e-06	0
1.065612981e-06	4.540867732e-06	0
1.047586589e-06	4.532536242e-06	0
1.029560196e-06	4.524204753e-06	0
1.011533804e-06	4.515873263e-06	0
9.935074116e-07	4.507541773e-06	0
9.754810192e-07	4.499210283e-06	0
9.574546268e-07	4.490878794e-06	0
9.394282345e-07	4.482547304e-06	0
9.214018421e-07	4.474215814e-06	0
9.033754497e-07	4.465884324e-06	0
8.853490573e-07	4.457552835e-06	0
8.673226649e-07	4.449221345e-06	0
8.492962726e-07	4.440889855e-06	0
8.312698802e-07	4.432558365e-06	0
8.132434878e-07	4.424226876e-06	0
7.952170954e-07	4.415895386e-06	0
7.77190703e-07	4.407563896e-06	0
7.591643107e-07	4.399232406e-06	0
7.411379183e-07	4.390900917e-06	0
7.411379183e-07	4.390900917e-06	-10
7.411379183e-07	4.390900917e-06	-10
7.411379183e-07	4.390900917e-06	-10
7.411379183e-07	4.390900917e-06	-10
7.411379183e-07	4.390900917e-06	-10
7.411379183e-07	4.390900917e-06	-10
7.411379183e-07	4.390900917e-06	-10
7.411379183e-07	4.390900917e-06	-10
7.411379183e-07	4.390900917e-06	-10
7.411379183e-07	4.390900917e-06	-10
7.411379183e-07	4.390900917e-06	-10
7.411379183e-07	4.390900917e-06	-10
7.411379183e-07	4.390900917e-06	-10
7.411379183e-07	4.390900917e-06	-10
7.411379183e-07	4.390900917e-06	-10
7.411379183e-07	4.390900917e-06	-10
7.411379183e-07	4.390900917e-06	-10
7.411379183e-07	4.390900917e-06	-10
7.411379183e-07	4.390900917e-06	-10
7.411379183e-07	4.390900917e-06	-10
7.411379183e-07	4.390900917e-06	-10
7.411379183e-07	4.390900917e-06	-10
7.411379183e-07	4.390900917e-06	-10
7.411379183e-07	4.390900917e-06	-10
7.411379183e-07	4.390900917e-06	-10
7.411379183e-07	4.390900917e-06	0
7.579539455e-07	4.400609655e-06	0
7.747699728e-07	4.410318392e-06	0
7.915860001e-07	4.42002713e-06	0
8.084020273e-07	4.429735868e-06	0
8.252180546e-07	4.439444606e-06	0
8.420340818e-07	4.449153344e-06	0
8.588501091e-07	4.458862082e-06	0
8.756661364e-07	4.46857082e-06	0
8.924821636e-07	4.478279557e-06	0
9.092981909e-07	4.487988295e-06	0
9.092981909e-07	4.487988295e-06	-10
9.092981909e-07	4.487988295e-06	-10
9.092981909e-07	4.487988295e-06	-10
9.092981909e-07	4.487988295e-06	-10
9.092981909e-07	4.487988295e-06	-10
9.092981909e-07	4.487988295e-06	-10
9.092981909e-07	4.487988295e-06	-10
9.092981909e-07	4.487988295e-06	-10
9.092981909e-07	4.487988295e-06	-10
9.092981909e-07	4.487988295e-06	-10
9.092981909e-07	4.487988295e-06	-10
9.092981909e-07	4.487988295e-06	-10
9.092981909e-07	4.487988295e-06	-10
9.092981909e-07	4.487988295e-06	-10
9.092981909e-07	4.487988295e-06	-10
9.092981909e-07	4.487988295e-06	-10
9.092981909e-07	4.487988295e-06	-10
9.092981909e-07	4.487988295e-06	-10
9.092981909e-07	4.487988295e-06	-10
9.092981909e-07	4.487988295e-06	-10
9.092981909e-07	4.487988295e-06	-10
9.092981909e-07	4.487988295e-06	-10
9.092981909e-07	4.487988295e-06	-10
9.092981909e-07	4.487988295e-06	-10
9.092981909e-07	4.487988295e-06	-10
9.092981909e-07	4.487988295e-06	0
9.261142181e-07	4.497697033e-06	0
9.429302454e-07	4.507405771e-06	0
9.597462726e-07	4.517114509e-06	0
9.765622999e-07	4.526823247e-06	0
9.933783272e-07	4.536531985e-06	0
1.010194354e-06	4.546240722e-06	0
1.027010382e-06	4.55594946e-06	0
1.043826409e-06	4.565658198e-06	0
1.060642436e-06	4.575366936e-06	0
1.077458463e-06	4.585075674e-06	0
1.077458463e-06	4.585075674e-06	-10
1.077458463e-06	4.585075674e-06	-10
1.077458463e-06	4.585075674e-06	-10
1.077458463e-06	4.585075674e-06	-10
1.077458463e-06	4.585075674e-06	-10
1.077458463e-06	4.585075674e-06	-10
1.077458463e-06	4.585075674e-06	-10
1.077458463e-06	4.585075674e-06	-10
1.077458463e-06	4.585075674e-06	-10
1.077458463e-06	4.585075674e-06	-10
1.077458463e-06	4.585075674e-06	-10
1.077458463e-06	4.585075674e-06	-10
1.077458463e-06	4.585075674e-06	-10
1.077458463e-06	4.585075674e-06	-10
1.077458463e-06	4.585075674e-06	-10
1.077458463e-06	4.585075674e-06	-10
1.077458463e-06	4.585075674e-06	-10
1.077458463e-06	4.585075674e-06	-10
1.077458463e-06	4.585075674e-06	-10
1.077458463e-06	4.585075674e-06	-10
1.077458463e-06	4.585075674e-06	-10
1.077458463e-06	4.585075674e-06	-10
1.077458463e-06	4.585075674e-06	-10
1.077458463e-06	4.585075674e-06	-10
1.077458463e-06	4.585075674e-06	-10
1.077458463e-06	4.585075674e-06	0
1.094274491e-06	4.594784412e-06	0
1.111090518e-06	4.60449315e-06	0
1.127906545e-06	4.614201888e-06	0
1.144722572e-06	4.623910625e-06	0
1.1615386e-06	4.633619363e-06	0
1.178354627e-06	4.643328101e-06	0
1.195170654e-06	4.653036839e-06	0
1.211986682e-06	4.662745577e-06	0
1.228802709e-06	4.672454315e-06	0
1.245618736e-06	4.682163053e-06	0
1.245618736e-06	4.682163053e-06	-10
1.245618736e-06	4.682163053e-06	-10
1.245618736e-06	4.682163053e-06	-10
1.245618736e-06	4.682163053e-06	-10
1.245618736e-06	4.682163053e-06	-10
1.245618736e-06	4.682163053e-06	-10
1.245618736e-06	4.682163053e-06	-10
1.245618736e-06	4.682163053e-06	-10
1.245618736e-06	4.682163053e-06	-10
1.245618736e-06	4.682163053e-06	-10
1.245618736e-06	4.682163053e-06	-10
1.245618736e-06	4.682163053e-06	-10
1.245618736e-06	4.682163053e-06	-10
1.245618736e-06	4.682163053e-06	-10
1.245618736e-06	4.682163053e-06	-10
1.245618736e-06	4.682163053e-06	-10
1.245618736e-06	4.682163053e-06	-10
1.245618736e-06	4.682163053e-06	-10
1.245618736e-06	4.682163053e-06	-10
1.245618736e-06	4.682163053e-06	-10
1.245618736e-06	4.682163053e-06	-10
1.245618736e-06	4.682163053e-06	-10
1.245618736e-06	4.682163053e-06	-10
1.245618736e-06	4.682163053e-06	-10
1.245618736e-06	4.682163053e-06	-10
1.245618736e-06	4.682163053e-06	0
1.262434763e-06	4.69187179e-06	0
1.279250791e-06	4.701580528e-06	0
1.296066818e-06	4.711289266e-06	0
1.312882845e-06	4.720998004e-06	0
1.329698872e-06	4.730706742e-06	0
1.3465149e-06	4.74041548e-06	0
1.363330927e-06	4.750124218e-06	0
1.380146954e-06	4.759832955e-06	0
1.396962981e-06	4.769541693e-06	0
1.413779009e-06	4.779250431e-06	0
1.413779009e-06	4.779250431e-06	-10
1.413779009e-06	4.779250431e-06	-10
1.413779009e-06	4.779250431e-06	-10
1.413779009e-06	4.779250431e-06	-10
1.413779009e-06	4.779250431e-06	-10
1.413779009e-06	4.779250431e-06	-10
1.413779009e-06	4.779250431e-06	-10
1.413779009e-06	4.779250431e-06	-10
1.413779009e-06	4.779250431e-06	-10
1.413779009e-06	4.779250431e-06	-10
1.413779009e-06	4.779250431e-06	-10
1.413779009e-06	4.779250431e-06	-10
1.413779009e-06	4.779250431e-06	-10
1.413779009e-06	4.779250431e-06	-10
1.413779009e-06	4.779250431e-06	-10
1.413779009e-06	4.779250431e-06	-10
1.413779009e-06	4.779250431e-06	-10
1.413779009e-06	4.779250431e-06	-10
1.413779009e-06	4.779250431e-06	-10
1.413779009e-06	4.779250431e-06	-10
1.413779009e-06	4.779250431e-06	-10
1.413779009e-06	4.779250431e-06	-10
1.413779009e-06	4.779250431e-06	-10
1.413779009e-06	4.779250431e-06	-10
1.413779009e-06	4.779250431e-06	-10
1.413779009e-06	4.779250431e-06	0
1.430595036e-06	4.788959169e-06	0
1.447411063e-06	4.798667907e-06	0
1.46422709e-06	4.808376645e-06	0
1.481043118e-06	4.818085383e-06	0
1.497859145e-06	4.827794121e-06	0
1.514675172e-06	4.837502858e-06	0
1.531491199e-06	4.847211596e-06	0
1.548307227e-06	4.856920334e-06	0
1.565123254e-06	4.866629072e-06	0
1.581939281e-06	4.87633781e-06	0
1.581939281e-06	4.87633781e-06	-10
1.581939281e-06	4.87633781e-06	-10
1.581939281e-06	4.87633781e-06	-10
1.581939281e-06	4.87633781e-06	-10
1.581939281e-06	4.87633781e-06	-10
1.581939281e-06	4.87633781e-06	-10
1.581939281e-06	4.87633781e-06	-10
1.581939281e-06	4.87633781e-06	-10
1.581939281e-06	4.87633781e-06	-10
1.581939281e-06	4.87633781e-06	-10
1.581939281e-06	4.87633781e-06	-10
1.581939281e-06	4.87633781e-06	-10
1.581939281e-06	4.87633781e-06	-10
1.581939281e-06	4.87633781e-06	-10
1.581939281e-06	4.87633781e-06	-10
1.581939281e-06	4.87633781e-06	-10
1.581939281e-06	4.87633781e-06	-10
1.581939281e-06	4.87633781e-06	-10
1.581939281e-06	4.87633781e-06	-10
1.581939281e-06	4.87633781e-06	-10
1.581939281e-06	4.87633781e-06	-10
1.581939281e-06	4.87633781e-06	-10
1.581939281e-06	4.87633781e-06	-10
1.581939281e-06	4.87633781e-06	-10
1.581939281e-06	4.87633781e-06	-10
1.581939281e-06	4.87633781e-06	0
1.598755308e-06	4.886046548e-06	0
1.615571336e-06	4.895755286e-06	0
1.632387363e-06	4.905464023e-06	0
1.64920339e-06	4.915172761e-06	0
1.666019417e-06	4.924881499e-06	0
1.682835445e-06	4.934590237e-06	0
1.699651472e-06	4.944298975e-06	0
1.716467499e-06	4.954007713e-06	0
1.733283527e-06	4.963716451e-06	0
1.750099554e-06	4.973425189e-06	0
1.750099554e-06	4.973425189e-06	-10
1.750099554e-06	4.973425189e-06	-10
1.750099554e-06	4.973425189e-06	-10
1.750099554e-06	4.973425189e-06	-10
1.750099554e-06	4.973425189e-06	-10
1.750099554e-06	4.973425189e-06	-10
1.750099554e-06	4.973425189e-06	-10
1.750099554e-06	4.973425189e-06	-10
1.750099554e-06	4.973425189e-06	-10
1.750099554e-06	4.973425189e-06	-10
1.750099554e-06	4.973425189e-06	-10
1.750099554e-06	4.973425189e-06	-10
1.750099554e-06	4.973425189e-06	-10
1.750099554e-06	4.973425189e-06	-10
1.750099554e-06	4.973425189e-06	-10
1.750099554e-06	4.973425189e-06	-10
1.750099554e-06	4.973425189e-06	-10
1.750099554e-06	4.973425189e-06	-10
1.750099554e-06	4.973425189e-06	-10
1.750099554e-06	4.973425189e-06	-10
1.750099554e-06	4.973425189e-06	-10
1.750099554e-06	4.973425189e-06	-10
1.750099554e-06	4.973425189e-06	-10
1.750099554e-06	4.973425189e-06	-10
1.750099554e-06	4.973425189e-06	-10
1.750099554e-06	4.973425189e-06	0
1.766915581e-06	4.983133926e-06	0
1.783731608e-06	4.992842664e-06	0
1.800547636e-06	5.002551402e-06	0
1.817363663e-06	5.01226014e-06	0
1.83417969e-06	5.021968878e-06	0
1.850995717e-06	5.031677616e-06	0
1.867811745e-06	5.041386354e-06	0
1.884627772e-06	5.051095091e-06	0
1.901443799e-06	5.060803829e-06	0
1.918259826e-06	5.070512567e-06	0
1.918259826e-06	5.070512567e-06	-10
1.918259826e-06	5.070512567e-06	-10
1.918259826e-06	5.070512567e-06	-10
1.918259826e-06	5.070512567e-06	-10
1.918259826e-06	5.070512567e-06	-10
1.918259826e-06	5.070512567e-06	-10
1.918259826e-06	5.070512567e-06	-10
1.918259826e-06	5.070512567e-06	-10
1.918259826e-06	5.070512567e-06	-10
1.918259826e-06	5.070512567e-06	-10
1.918259826e-06	5.070512567e-06	-10
1.918259826e-06	5.070512567e-06	-10
1.918259826e-06	5.070512567e-06	-10
1.918259826e-06	5.070512567e-06	-10
1.918259826e-06	5.070512567e-06	-10
1.918259826e-06	5.070512567e-06	-10
1.918259826e-06	5.070512567e-06	-10
1.918259826e-06	5.070512567e-06	-10
1.918259826e-06	5.070512567e-06	-10
1.918259826e-06	5.070512567e-06	-10
1.918259826e-06	5.070512567e-06	-10
1.918259826e-06	5.070512567e-06	-10
1.918259826e-06	5.070512567e-06	-10
1.918259826e-06	5.070512567e-06	-10
1.918259826e-06	5.070512567e-06	-10
1.918259826e-06	5.070512567e-06	0
1.935075854e-06	5.080221305e-06	0
1.951891881e-06	5.089930043e-06	0
1.968707908e-06	5.099638781e-06	0
1.985523935e-06	5.109347519e-06	0
2.002339963e-06	5.119056256e-06	0
2.01915599e-06	5.128764994e-06	0
2.035972017e-06	5.138473732e-06	0
2.052788044e-06	5.14818247e-06	0
2.069604072e-06	5.157891208e-06	0
2.086420099e-06	5.167599946e-06	0
2.086420099e-06	5.167599946e-06	-10
2.086420099e-06	5.167599946e-06	-10
2.086420099e-06	5.167599946e-06	-10
2.086420099e-06	5.167599946e-06	-10
2.086420099e-06	5.167599946e-06	-10
2.086420099e-06	5.167599946e-06	-10
2.086420099e-06	5.167599946e-06	-10
2.086420099e-06	5.167599946e-06	-10
2.086420099e-06	5.167599946e-06	-10
2.086420099e-06	5.167599946e-06	-10
2.086420099e-06	5.167599946e-06	-10
2.086420099e-06	5.167599946e-06	-10
2.086420099e-06	5.167599946e-06	-10
2.086420099e-06	5.167599946e-06	-10
2.086420099e-06	5.167599946e-06	-10
2.086420099e-06	5.167599946e-06	-10
2.086420099e-06	5.167599946e-06	-10
2.086420099e-06	5.167599946e-06	-10
2.086420099e-06	5.167599946e-06	-10
2.086420099e-06	5.167599946e-06	-10
2.086420099e-06	5.167599946e-06	-10
2.086420099e-06	5.167599946e-06	-10
2.086420099e-06	5.167599946e-06	-10
2.086420099e-06	5.167599946e-06	-10
2.086420099e-06	5.167599946e-06	-10
2.086420099e-06	5.167599946e-06	0
2.103236126e-06	5.177308684e-06	0
2.120052153e-06	5.187017422e-06	0
2.136868181e-06	5.196726159e-06	0
2.153684208e-06	5.206434897e-06	0
2.170500235e-06	5.216143635e-06	0
2.187316262e-06	5.225852373e-06	0
2.20413229e-06	5.235561111e-06	0
2.220948317e-06	5.245269849e-06	0
2.237764344e-06	5.254978587e-06	0
2.254580372e-06	5.264687324e-06	0
2.254580372e-06	5.264687324e-06	-10
2.254580372e-06	5.264687324e-06	-10
2.254580372e-06	5.264687324e-06	-10
2.254580372e-06	5.264687324e-06	-10
2.254580372e-06	5.264687324e-06	-10
2.254580372e-06	5.264687324e-06	-10
2.254580372e-06	5.264687324e-06	-10
2.254580372e-06	5.264687324e-06	-10
2.254580372e-06	5.264687324e-06	-10
2.254580372e-06	5.264687324e-06	-10
2.254580372e-06	5.264687324e-06	-10
2.254580372e-06	5.264687324e-06	-10
2.254580372e-06	5.264687324e-06	-10
2.254580372e-06	5.264687324e-06	-10
2.254580372e-06	5.264687324e-06	-10
2.254580372e-06	5.264687324e-06	-10
2.254580372e-06	5.264687324e-06	-10
2.254580372e-06	5.264687324e-06	-10
2.254580372e-06	5.264687324e-06	-10
2.254580372e-06	5.264687324e-06	-10
2.254580372e-06	5.264687324e-06	-10
2.254580372e-06	5.264687324e-06	-10
2.254580372e-06	5.264687324e-06	-10
2.254580372e-06	5.264687324e-06	-10
2.254580372e-06	5.264687324e-06	-10
2.254580372e-06	5.264687324e-06	0
2.271396399e-06	5.274396062e-06	0
2.288212426e-06	5.2841048e-06	0
2.305028453e-06	5.293813538e-06	0
2.321844481e-06	5.303522276e-06	0
2.338660508e-06	5.313231014e-06	0
2.355476535e-06	5.322939752e-06	0
2.372292562e-06	5.332648489e-06	0
2.38910859e-06	5.342357227e-06	0
2.405924617e-06	5.352065965e-06	0
2.422740644e-06	5.361774703e-06	0
2.422740644e-06	5.361774703e-06	-10
2.422740644e-06	5.361774703e-06	-10
2.422740644e-06	5.361774703e-06	-10
2.422740644e-06	5.361774703e-06	-10
2.422740644e-06	5.361774703e-06	-10
2.422740644e-06	5.361774703e-06	-10
2.422740644e-06	5.361774703e-06	-10
2.422740644e-06	5.361774703e-06	-10
2.422740644e-06	5.361774703e-06	-10
2.422740644e-06	5.361774703e-06	-10
2.422740644e-06	5.361774703e-06	-10
2.422740644e-06	5.361774703e-06	-10
2.422740644e-06	5.361774703e-06	-10
2.422740644e-06	5.361774703e-06	-10
2.422740644e-06	5.361774703e-06	-10
2.422740644e-06	5.361774703e-06	-10
2.422740644e-06	5.361774703e-06	-10
2.422740644e-06	5.361774703e-06	-10
2.422740644e-06	5.361774703e-06	-10
2.422740644e-06	5.361774703e-06	-10
2.422740644e-06	5.361774703e-06	-10
2.422740644e-06	5.361774703e-06	-10
2.422740644e-06	5.361774703e-06	-10
2.422740644e-06	5.361774703e-06	-10
2.422740644e-06	5.361774703e-06	-10
2.422740644e-06	5.361774703e-06	0
2.439556671e-06	5.371483441e-06	0
2.456372699e-06	5.381192179e-06	0
2.473188726e-06	5.390900917e-06	0
2.490004753e-06	5.400609655e-06	0
2.50682078e-06	5.410318392e-06	0
2.523636808e-06	5.42002713e-06	0
2.540452835e-06	5.429735868e-06	0
2.557268862e-06	5.439444606e-06	0
2.574084889e-06	5.449153344e-06	0
2.590900917e-06	5.458862082e-06	0
2.590900917e-06	5.458862082e-06	-10
2.590900917e-06	5.458862082e-06	-10
2.590900917e-06	5.458862082e-06	-10
2.590900917e-06	5.458862082e-06	-10
2.590900917e-06	5.458862082e-06	-10
2.590900917e-06	5.458862082e-06	-10
2.590900917e-06	5.458862082e-06	-10
2.590900917e-06	5.458862082e-06	-10
2.590900917e-06	5.458862082e-06	-10
2.590900917e-06	5.458862082e-06	-10
2.590900917e-06	5.458862082e-06	-10
2.590900917e-06	5.458862082e-06	-10
2.590900917e-06	5.458862082e-06	-10
2.590900917e-06	5.458862082e-06	-10
2.590900917e-06	5.458862082e-06	-10
2.590900917e-06	5.458862082e-06	-10
2.590900917e-06	5.458862082e-06	-10
2.590900917e-06	5.458862082e-06	-10
2.590900917e-06	5.458862082e-06	-10
2.590900917e-06	5.458862082e-06	-10
2.590900917e-06	5.458862082e-06	-10
2.590900917e-06	5.458862082e-06	-10
2.590900917e-06	5.458862082e-06	-10
2.590900917e-06	5.458862082e-06	-10
2.590900917e-06	5.458862082e-06	-10
2.590900917e-06	5.458862082e-06	0
2.610719482e-06	5.456770345e-06	0
2.630538047e-06	5.454678608e-06	0
2.650356612e-06	5.452586871e-06	0
2.670175177e-06	5.450495135e-06	0
2.689993742e-06	5.448403398e-06	0
2.709812307e-06	5.446311661e-06	0
2.729630872e-06	5.444219924e-06	0
2.749449437e-06	5.442128188e-06	0
2.769268002e-06	5.440036451e-06	0
2.789086568e-06	5.437944714e-06	0
2.808905133e-06	5.435852977e-06	0
2.828723698e-06	5.433761241e-06	0
2.848542263e-06	5.431669504e-06	0
2.868360828e-06	5.429577767e-06	0
2.888179393e-06	5.42748603e-06	0
2.907997958e-06	5.425394294e-06	0
2.927816523e-06	5.423302557e-06	0
2.947635088e-06	5.42121082e-06	0
2.967453653e-06	5.419119083e-06	0
2.987272218e-06	5.417027347e-06	0
3.007090784e-06	5.41493561e-06	0
3.026909349e-06	5.412843873e-06	0
3.046727914e-06	5.410752136e-06	0
3.066546479e-06	5.4086604e-06	0
3.086365044e-06	5.406568663e-06	0
3.106183609e-06	5.404476926e-06	0
3.126002174e-06	5.402385189e-06	0
3.145820739e-06	5.400293453e-06	0
3.165639304e-06	5.398201716e-06	0
3.185457869e-06	5.396109979e-06	0
3.205276434e-06	5.394018242e-06	0
3.225095e-06	5.391926506e-06	0
3.244913565e-06	5.389834769e-06	0
3.26473213e-06	5.387743032e-06	0
3.284550695e-06	5.385651295e-06	0
3.30436926e-06	5.383559559e-06	0
3.324187825e-06	5.381467822e-06	0
3.34400639e-06	5.379376085e-06	0
3.363824955e-06	5.377284348e-06	0
3.38364352e-06	5.375192612e-06	0
3.403462085e-06	5.373100875e-06	0
3.42328065e-06	5.371009138e-06	0
3.443099216e-06	5.368917401e-06	0
3.462917781e-06	5.366825665e-06	0
3.482736346e-06	5.364733928e-06	0
3.502554911e-06	5.362642191e-06	0
3.522373476e-06	5.360550454e-06	0
3.542192041e-06	5.358458718e-06	0
3.562010606e-06	5.356366981e-06	0
3.581829171e-06	5.354275244e-06	0
3.601647736e-06	5.352183507e-06	0
3.621466301e-06	5.350091771e-06	0
3.641284866e-06	5.348000034e-06	0
3.661103432e-06	5.345908297e-06	0
3.680921997e-06	5.34381656e-06	0
3.700740562e-06	5.341724824e-06	0
3.720559127e-06	5.339633087e-06	0
3.740377692e-06	5.33754135e-06	0
3.760196257e-06	5.335449613e-06	0
3.780014822e-06	5.333357877e-06	0
3.799833387e-06	5.33126614e-06	0
3.819651952e-06	5.329174403e-06	0
3.839470517e-06	5.327082666e-06	0
3.859289082e-06	5.32499093e-06	0
3.879107648e-06	5.322899193e-06	0
3.898926213e-06	5.320807456e-06	0
3.918744778e-06	5.318715719e-06	0
3.938563343e-06	5.316623983e-06	0
3.958381908e-06	5.314532246e-06	0
3.978200473e-06	5.312440509e-06	0
3.998019038e-06	5.310348772e-06	0
4.017837603e-06	5.308257035e-06	0
4.037656168e-06	5.306165299e-06	0
4.057474733e-06	5.304073562e-06	0
4.077293298e-06	5.301981825e-06	0
4.097111864e-06	5.299890088e-06	0
4.116930429e-06	5.297798352e-06	0
4.136748994e-06	5.295706615e-06	0
4.156567559e-06	5.293614878e-06	0
4.176386124e-06	5.291523141e-06	0
4.196204689e-06	5.289431405e-06	0
4.216023254e-06	5.287339668e-06	0
4.235841819e-06	5.285247931e-06	0
4.255660384e-06	5.283156194e-06	0
4.275478949e-06	5.281064458e-06	0
4.295297514e-06	5.278972721e-06	0
4.31511608e-06	5.276880984e-06	0
4.334934645e-06	5.274789247e-06	0
4.35475321e-06	5.272697511e-06	0
4.374571775e-06	5.270605774e-06	0
4.39439034e-06	5.268514037e-06	0
4.414208905e-06	5.2664223e-06	0
4.43402747e-06	5.264330564e-06	0
4.453846035e-06	5.262238827e-06	0
4.4736646e-06	5.26014709e-06	0
4.493483165e-06	5.258055353e-06	0
4.51330173e-06	5.255963617e-06	0
4.533120296e-06	5.25387188e-06	0
4.552938861e-06	5.251780143e-06	0
4.572757426e-06	5.249688406e-06	0
4.592575991e-06	5.24759667e-06	0
4.612394556e-06	5.245504933e-06	0
4.632213121e-06	5.243413196e-06	0
4.652031686e-06	5.241321459e-06	0
4.671850251e-06	5.239229723e-06	0
4.691668816e-06	5.237137986e-06	0
4.711487381e-06	5.235046249e-06	0
4.731305946e-06	5.232954512e-06	0
4.751124512e-06	5.230862776e-06	0
4.770943077e-06	5.228771039e-06	0
4.790761642e-06	5.226679302e-06	0
4.810580207e-06	5.224587565e-06	0
4.830398772e-06	5.222495829e-06	0
4.850217337e-06	5.220404092e-06	0
4.870035902e-06	5.218312355e-06	0
4.889854467e-06	5.216220618e-06	0
4.909673032e-06	5.214128882e-06	0
4.929491597e-06	5.212037145e-06	0
4.949310162e-06	5.209945408e-06	0
4.969128728e-06	5.207853671e-06	0
4.988947293e-06	5.205761935e-06	0
5.008765858e-06	5.203670198e-06	0
5.028584423e-06	5.201578461e-06	0
5.048402988e-06	5.199486724e-06	0
5.068221553e-06	5.197394988e-06	0
5.088040118e-06	5.195303251e-06	0
5.107858683e-06	5.193211514e-06	0
5.127677248e-06	5.191119777e-06	0
5.147495813e-06	5.189028041e-06	0
5.167314379e-06	5.186936304e-06	0
5.187132944e-06	5.184844567e-06	0
5.206951509e-06	5.18275283e-06	0
5.226770074e-06	5.180661094e-06	0
5.246588639e-06	5.178569357e-06	0
5.266407204e-06	5.17647762e-06	0
5.286225769e-06	5.174385883e-06	0
5.306044334e-06	5.172294147e-06	0
5.325862899e-06	5.17020241e-06	0
5.345681464e-06	5.168110673e-06	0
5.365500029e-06	5.166018936e-06	0
5.385318595e-06	5.1639272e-06	0
5.40513716e-06	5.161835463e-06	0
5.424955725e-06	5.159743726e-06	0
5.44477429e-06	5.157651989e-06	0
5.464592855e-06	5.155560253e-06	0
5.48441142e-06	5.153468516e-06	0
5.504229985e-06	5.151376779e-06	0
5.52404855e-06	5.149285042e-06	0
5.543867115e-06	5.147193306e-06	0
5.56368568e-06	5.145101569e-06	0
5.583504245e-06	5.143009832e-06	0
5.603322811e-06	5.140918095e-06	0
5.623141376e-06	5.138826358e-06	0
5.642959941e-06	5.136734622e-06	0
5.662778506e-06	5.134642885e-06	0
5.682597071e-06	5.132551148e-06	0
5.702415636e-06	5.130459411e-06	0
5.722234201e-06	5.128367675e-06	0
5.742052766e-06	5.126275938e-06	0
5.761871331e-06	5.124184201e-06	0
5.781689896e-06	5.122092464e-06	0
5.801508461e-06	5.120000728e-06	0
5.821327027e-06	5.117908991e-06	0
5.841145592e-06	5.115817254e-06	0
5.860964157e-06	5.113725517e-06	0
5.880782722e-06	5.111633781e-06	0
5.900601287e-06	5.109542044e-06	0
5.920419852e-06	5.107450307e-06	0
5.940238417e-06	5.10535857e-06	0
5.960056982e-06	5.103266834e-06	0
5.979875547e-06	5.101175097e-06	0
5.999694112e-06	5.09908336e-06	0
6.019512677e-06	5.096991623e-06	0
6.039331243e-06	5.094899887e-06	0
6.059149808e-06	5.09280815e-06	0
6.078968373e-06	5.090716413e-06	0
6.098786938e-06	5.088624676e-06	0
6.118605503e-06	5.08653294e-06	0
6.138424068e-06	5.084441203e-06	0
6.158242633e-06	5.082349466e-06	0
6.178061198e-06	5.080257729e-06	0
6.197879763e-06	5.078165993e-06	0
6.217698328e-06	5.076074256e-06	0
6.237516893e-06	5.073982519e-06	0
6.257335459e-06	5.071890782e-06	0
6.277154024e-06	5.069799046e-06	0
6.296972589e-06	5.067707309e-06	0
6.316791154e-06	5.065615572e-06	0
6.336609719e-06	5.063523835e-06	0
6.356428284e-06	5.061432099e-06	0
6.376246849e-06	5.059340362e-06	0
6.396065414e-06	5.057248625e-06	0
6.415883979e-06	5.055156888e-06	0
6.435702544e-06	5.053065152e-06	0
6.455521109e-06	5.050973415e-06	0
6.475339675e-06	5.048881678e-06	0
6.49515824e-06	5.046789941e-06	0
6.514976805e-06	5.044698205e-06	0
6.53479537e-06	5.042606468e-06	0
6.554613935e-06	5.040514731e-06	0
6.5744325e-06	5.038422994e-06	0
6.594251065e-06	5.036331258e-06	0
6.61406963e-06	5.034239521e-06	0
6.633888195e-06	5.032147784e-06	0
6.65370676e-06	5.030056047e-06	0
6.673525325e-06	5.027964311e-06	0
6.693343891e-06	5.025872574e-06	0
6.713162456e-06	5.023780837e-06	0
6.732981021e-06	5.0216891e-06	0
6.752799586e-06	5.019597364e-06	0
6.772618151e-06	5.017505627e-06	0
6.792436716e-06	5.01541389e-06	0
6.812255281e-06	5.013322153e-06	0
6.832073846e-06	5.011230417e-06	0
6.851892411e-06	5.00913868e-06	0
6.871710976e-06	5.007046943e-06	0
6.891529541e-06	5.004955206e-06	0
6.911348107e-06	5.00286347e-06	0
6.931166672e-06	5.000771733e-06	0
6.931166672e-06	5.000771733e-06	10
6.931166672e-06	5.000771733e-06	10
6.931166672e-06	5.000771733e-06	10
6.931166672e-06	5.000771733e-06	10
6.931166672e-06	5.000771733e-06	10
6.931166672e-06	5.000771733e-06	10
6.931166672e-06	5.000771733e-06	10
6.931166672e-06	5.000771733e-06	10
6.931166672e-06	5.000771733e-06	10
6.931166672e-06	5.000771733e-06	10
6.931166672e-06	5.000771733e-06	10
6.931166672e-06	5.000771733e-06	10
6.931166672e-06	5.000771733e-06	10
6.931166672e-06	5.000771733e-06	10
6.931166672e-06	5.000771733e-06	10
6.931166672e-06	5.000771733e-06	10
6.931166672e-06	5.000771733e-06	10
6.931166672e-06	5.000771733e-06	10
6.931166672e-06	5.000771733e-06	10
6.931166672e-06	5.000771733e-06	10
6.931166672e-06	5.000771733e-06	10
6.931166672e-06	5.000771733e-06	10
6.931166672e-06	5.000771733e-06	10
6.931166672e-06	5.000771733e-06	10
6.931166672e-06	5.000771733e-06	10
6.931166672e-06	5.000771733e-06	0
6.911785413e-06	5.001957141e-06	0
6.892404155e-06	5.00314255e-06	0
6.873022897e-06	5.004327958e-06	0
6.853641639e-06	5.005513367e-06	0
6.83426038e-06	5.006698775e-06	0
6.814879122e-06	5.007884184e-06	0
6.795497864e-06	5.009069593e-06	0
6.776116606e-06	5.010255001e-06	0
6.756735348e-06	5.01144041e-06	0
6.737354089e-06	5.012625818e-06	0
6.737354089e-06	5.012625818e-06	10
6.737354089e-06	5.012625818e-06	10
6.737354089e-06	5.012625818e-06	10
6.737354089e-06	5.012625818e-06	10
6.737354089e-06	5.012625818e-06	10
6.737354089e-06	5.012625818e-06	10
6.737354089e-06	5.012625818e-06	10
6.737354089e-06	5.012625818e-06	10
6.737354089e-06	5.012625818e-06	10
6.737354089e-06	5.012625818e-06	10
6.737354089e-06	5.012625818e-06	10
6.737354089e-06	5.012625818e-06	10
6.737354089e-06	5.012625818e-06	10
6.737354089e-06	5.012625818e-06	10
6.737354089e-06	5.012625818e-06	10
6.737354089e-06	5.012625818e-06	10
6.737354089e-06	5.012625818e-06	10
6.737354089e-06	5.012625818e-06	10
6.737354089e-06	5.012625818e-06	10
6.737354089e-06	5.012625818e-06	10
6.737354089e-06	5.012625818e-06	10
6.737354089e-06	5.012625818e-06	10
6.737354089e-06	5.012625818e-06	10
6.737354089e-06	5.012625818e-06	10
6.737354089e-06	5.012625818e-06	10
6.737354089e-06	5.012625818e-06	0
6.717972831e-06	5.013811227e-06	0
6.698591573e-06	5.014996635e-06	0
6.679210315e-06	5.016182044e-06	0
6.659829056e-06	5.017367452e-06	0
6.640447798e-06	5.018552861e-06	0
6.62106654e-06	5.019738269e-06	0
6.601685282e-06	5.020923678e-06	0
6.582304024e-06	5.022109086e-06	0
6.562922765e-06	5.023294495e-06	0
6.543541507e-06	5.024479903e-06	0
6.543541507e-06	5.024479903e-06	10
6.543541507e-06	5.024479903e-06	10
6.543541507e-06	5.024479903e-06	10
6.543541507e-06	5.024479903e-06	10
6.543541507e-06	5.024479903e-06	10
6.543541507e-06	5.024479903e-06	10
6.543541507e-06	5.024479903e-06	10
6.543541507e-06	5.024479903e-06	10
6.543541507e-06	5.024479903e-06	10
6.543541507e-06	5.024479903e-06	10
6.543541507e-06	5.024479903e-06	10
6.543541507e-06	5.024479903e-06	10
6.543541507e-06	5.024479903e-06	10
6.543541507e-06	5.024479903e-06	10
6.543541507e-06	5.024479903e-06	10
6.543541507e-06	5.024479903e-06	10
6.543541507e-06	5.024479903e-06	10
6.543541507e-06	5.024479903e-06	10
6.543541507e-06	5.024479903e-06	10
6.543541507e-06	5.024479903e-06	10
6.543541507e-06	5.024479903e-06	10
6.543541507e-06	5.024479903e-06	10
6.543541507e-06	5.024479903e-06	10
6.543541507e-06	5.024479903e-06	10
6.543541507e-06	5.024479903e-06	10
6.543541507e-06	5.024479903e-06	0
6.524160249e-06	5.025665312e-06	0
6.504778991e-06	5.026850721e-06	0
6.485397733e-06	5.028036129e-06	0
6.466016474e-06	5.029221538e-06	0
6.446635216e-06	5.030406946e-06	0
6.427253958e-06	5.031592355e-06	0
6.4078727e-06	5.032777763e-06	0
6.388491441e-06	5.033963172e-06	0
6.369110183e-06	5.03514858e-06	0
6.349728925e-06	5.036333989e-06	0
6.349728925e-06	5.036333989e-06	10
6.349728925e-06	5.036333989e-06	10
6.349728925e-06	5.036333989e-06	10
6.349728925e-06	5.036333989e-06	10
6.349728925e-06	5.036333989e-06	10
6.349728925e-06	5.036333989e-06	10
6.349728925e-06	5.036333989e-06	10
6.349728925e-06	5.036333989e-06	10
6.349728925e-06	5.036333989e-06	10
6.349728925e-06	5.036333989e-06	10
6.349728925e-06	5.036333989e-06	10
6.349728925e-06	5.036333989e-06	10
6.349728925e-06	5.036333989e-06	10
6.349728925e-06	5.036333989e-06	10
6.349728925e-06	5.036333989e-06	10
6.349728925e-06	5.036333989e-06	10
6.349728925e-06	5.036333989e-06	10
6.349728925e-06	5.036333989e-06	10
6.349728925e-06	5.036333989e-06	10
6.349728925e-06	5.036333989e-06	10
6.349728925e-06	5.036333989e-06	10
6.349728925e-06	5.036333989e-06	10
6.349728925e-06	5.036333989e-06	10
6.349728925e-06	5.036333989e-06	10
6.349728925e-06	5.036333989e-06	10
6.349728925e-06	5.036333989e-06	0
6.330347667e-06	5.037519397e-06	0
6.310966409e-06	5.038704806e-06	0
6.29158515e-06	5.039890214e-06	0
6.272203892e-06	5.041075623e-06	0
6.252822634e-06	5.042261032e-06	0
6.233441376e-06	5.04344644e-06	0
6.214060117e-06	5.044631849e-06	0
6.194678859e-06	5.045817257e-06	0
6.175297601e-06	5.047002666e-06	0
6.155916343e-06	5.048188074e-06	0
6.155916343e-06	5.048188074e-06	10
6.155916343e-06	5.048188074e-06	10
6.155916343e-06	5.048188074e-06	10
6.155916343e-06	5.048188074e-06	10
6.155916343e-06	5.048188074e-06	10
6.155916343e-06	5.048188074e-06	10
6.155916343e-06	5.048188074e-06	10
6.155916343e-06	5.048188074e-06	10
6.155916343e-06	5.048188074e-06	10
6.155916343e-06	5.048188074e-06	10
6.155916343e-06	5.048188074e-06	10
6.155916343e-06	5.048188074e-06	10
6.155916343e-06	5.048188074e-06	10
6.155916343e-06	5.048188074e-06	10
6.155916343e-06	5.048188074e-06	10
6.155916343e-06	5.048188074e-06	10
6.155916343e-06	5.048188074e-06	10
6.155916343e-06	5.048188074e-06	10
6.155916343e-06	5.048188074e-06	10
6.155916343e-06	5.048188074e-06	10
6.155916343e-06	5.048188074e-06	10
6.155916343e-06	5.048188074e-06	10
6.155916343e-06	5.048188074e-06	10
6.155916343e-06	5.048188074e-06	10
6.155916343e-06	5.048188074e-06	10
6.155916343e-06	5.048188074e-06	0
6.136535085e-06	5.049373483e-06	0
6.117153826e-06	5.050558891e-06	0
6.097772568e-06	5.0517443e-06	0
6.07839131e-06	5.052929708e-06	0
6.059010052e-06	5.054115117e-06	0
6.039628793e-06	5.055300525e-06	0
6.020247535e-06	5.056485934e-06	0
6.000866277e-06	5.057671342e-06	0
5.981485019e-06	5.058856751e-06	0
5.962103761e-06	5.06004216e-06	0
5.962103761e-06	5.06004216e-06	10
5.962103761e-06	5.06004216e-06	10
5.962103761e-06	5.06004216e-06	10
5.962103761e-06	5.06004216e-06	10
5.962103761e-06	5.06004216e-06	10
5.962103761e-06	5.06004216e-06	10
5.962103761e-06	5.06004216e-06	10
5.962103761e-06	5.06004216e-06	10
5.962103761e-06	5.06004216e-06	10
5.962103761e-06	5.06004216e-06	10
5.962103761e-06	5.06004216e-06	10
5.962103761e-06	5.06004216e-06	10
5.962103761e-06	5.06004216e-06	10
5.962103761e-06	5.06004216e-06	10
5.962103761e-06	5.06004216e-06	10
5.962103761e-06	5.06004216e-06	10
5.962103761e-06	5.06004216e-06	10
5.962103761e-06	5.06004216e-06	10
5.962103761e-06	5.06004216e-06	10
5.962103761e-06	5.06004216e-06	10
5.962103761e-06	5.06004216e-06	10
5.962103761e-06	5.06004216e-06	10
5.962103761e-06	5.06004216e-06	10
5.962103761e-06	5.06004216e-06	10
5.962103761e-06	5.06004216e-06	10
5.962103761e-06	5.06004216e-06	0
5.942722502e-06	5.061227568e-06	0
5.923341244e-06	5.062412977e-06	0
5.903959986e-06	5.063598385e-06	0
5.884578728e-06	5.064783794e-06	0
5.865197469e-06	5.065969202e-06	0
5.845816211e-06	5.067154611e-06	0
5.826434953e-06	5.068340019e-06	0
5.807053695e-06	5.069525428e-06	0
5.787672437e-06	5.070710836e-06	0
5.768291178e-06	5.071896245e-06	0
5.768291178e-06	5.071896245e-06	10
5.768291178e-06	5.071896245e-06	10
5.768291178e-06	5.071896245e-06	10
5.768291178e-06	5.071896245e-06	10
5.768291178e-06	5.071896245e-06	10
5.768291178e-06	5.071896245e-06	10
5.768291178e-06	5.071896245e-06	10
5.768291178e-06	5.071896245e-06	10
5.768291178e-06	5.071896245e-06	10
5.768291178e-06	5.071896245e-06	10
5.768291178e-06	5.071896245e-06	10
5.768291178e-06	5.071896245e-06	10
5.768291178e-06	5.071896245e-06	10
5.768291178e-06	5.071896245e-06	10
5.768291178e-06	5.071896245e-06	10
5.768291178e-06	5.071896245e-06	10
5.768291178e-06	5.071896245e-06	10
5.768291178e-06	5.071896245e-06	10
5.768291178e-06	5.071896245e-06	10
5.768291178e-06	5.071896245e-06	10
5.768291178e-06	5.071896245e-06	10
5.768291178e-06	5.071896245e-06	10
5.768291178e-06	5.071896245e-06	10
5.768291178e-06	5.071896245e-06	10
5.768291178e-06	5.071896245e-06	10
5.768291178e-06	5.071896245e-06	0
5.74890992e-06	5.073081653e-06	0
5.729528662e-06	5.074267062e-06	0
5.710147404e-06	5.07545247e-06	0
5.690766145e-06	5.076637879e-06	0
5.671384887e-06	5.077823288e-06	0
5.652003629e-06	5.079008696e-06	0
5.632622371e-06	5.080194105e-06	0
5.613241113e-06	5.081379513e-06	0
5.593859854e-06	5.082564922e-06	0
5.574478596e-06	5.08375033e-06	0
5.574478596e-06	5.08375033e-06	10
5.574478596e-06	5.08375033e-06	10
5.574478596e-06	5.08375033e-06	10
5.574478596e-06	5.08375033e-06	10
5.574478596e-06	5.08375033e-06	10
5.574478596e-06	5.08375033e-06	10
5.574478596e-06	5.08375033e-06	10
5.574478596e-06	5.08375033e-06	10
5.574478596e-06	5.08375033e-06	10
5.574478596e-06	5.08375033e-06	10
5.574478596e-06	5.08375033e-06	10
5.574478596e-06	5.08375033e-06	10
5.574478596e-06	5.08375033e-06	10
5.574478596e-06	5.08375033e-06	10
5.574478596e-06	5.08375033e-06	10
5.574478596e-06	5.08375033e-06	10
5.574478596e-06	5.08375033e-06	10
5.574478596e-06	5.08375033e-06	10
5.574478596e-06	5.08375033e-06	10
5.574478596e-06	5.08375033e-06	10
5.574478596e-06	5.08375033e-06	10
5.574478596e-06	5.08375033e-06	10
5.574478596e-06	5.08375033e-06	10
5.574478596e-06	5.08375033e-06	10
5.574478596e-06	5.08375033e-06	10
5.574478596e-06	5.08375033e-06	0
5.555097338e-06	5.084935739e-06	0
5.53571608e-06	5.086121147e-06	0
5.516334821e-06	5.087306556e-06	0
5.496953563e-06	5.088491964e-06	0
5.477572305e-06	5.089677373e-06	0
5.458191047e-06	5.090862781e-06	0
5.438809789e-06	5.09204819e-06	0
5.41942853e-06	5.093233598e-06	0
5.400047272e-06	5.094419007e-06	0
5.380666014e-06	5.095604416e-06	0
5.380666014e-06	5.095604416e-06	10
5.380666014e-06	5.095604416e-06	10
5.380666014e-06	5.095604416e-06	10
5.380666014e-06	5.095604416e-06	10
5.380666014e-06	5.095604416e-06	10
5.380666014e-06	5.095604416e-06	10
5.380666014e-06	5.095604416e-06	10
5.380666014e-06	5.095604416e-06	10
5.380666014e-06	5.095604416e-06	10
5.380666014e-06	5.095604416e-06	10
5.380666014e-06	5.095604416e-06	10
5.380666014e-06	5.095604416e-06	10
5.380666014e-06	5.095604416e-06	10
5.380666014e-06	5.095604416e-06	10
5.380666014e-06	5.095604416e-06	10
5.380666014e-06	5.095604416e-06	10
5.380666014e-06	5.095604416e-06	10
5.380666014e-06	5.095604416e-06	10
5.380666014e-06	5.095604416e-06	10
5.380666014e-06	5.095604416e-06	10
5.380666014e-06	5.095604416e-06	10
5.380666014e-06	5.095604416e-06	10
5.380666014e-06	5.095604416e-06	10
5.380666014e-06	5.095604416e-06	10
5.380666014e-06	5.095604416e-06	10
5.380666014e-06	5.095604416e-06	0
5.361284756e-06	5.096789824e-06	0
5.341903497e-06	5.097975233e-06	0
5.322522239e-06	5.099160641e-06	0
5.303140981e-06	5.10034605e-06	0
5.283759723e-06	5.101531458e-06	0
5.264378465e-06	5.102716867e-06	0
5.244997206e-06	5.103902275e-06	0
5.225615948e-06	5.105087684e-06	0
5.20623469e-06	5.106273092e-06	0
5.186853432e-06	5.107458501e-06	0
5.186853432e-06	5.107458501e-06	10
5.186853432e-06	5.107458501e-06	10
5.186853432e-06	5.107458501e-06	10
5.186853432e-06	5.107458501e-06	10
5.186853432e-06	5.107458501e-06	10
5.186853432e-06	5.107458501e-06	10
5.186853432e-06	5.107458501e-06	10
5.186853432e-06	5.107458501e-06	10
5.186853432e-06	5.107458501e-06	10
5.186853432e-06	5.107458501e-06	10
5.186853432e-06	5.107458501e-06	10
5.186853432e-06	5.107458501e-06	10
5.186853432e-06	5.107458501e-06	10
5.186853432e-06	5.107458501e-06	10
5.186853432e-06	5.107458501e-06	10
5.186853432e-06	5.107458501e-06	10
5.186853432e-06	5.107458501e-06	10
5.186853432e-06	5.107458501e-06	10
5.186853432e-06	5.107458501e-06	10
5.186853432e-06	5.107458501e-06	10
5.186853432e-06	5.107458501e-06	10
5.186853432e-06	5.107458501e-06	10
5.186853432e-06	5.107458501e-06	10
5.186853432e-06	5.107458501e-06	10
5.186853432e-06	5.107458501e-06	10
5.186853432e-06	5.107458501e-06	0
5.167472173e-06	5.108643909e-06	0
5.148090915e-06	5.109829318e-06	0
5.128709657e-06	5.111014727e-06	0
5.109328399e-06	5.112200135e-06	0
5.089947141e-06	5.113385544e-06	0
5.070565882e-06	5.114570952e-06	0
5.051184624e-06	5.115756361e-06	0
5.031803366e-06	5.116941769e-06	0
5.012422108e-06	5.118127178e-06	0
4.993040849e-06	5.119312586e-06	0
4.993040849e-06	5.119312586e-06	10
4.993040849e-06	5.119312586e-06	10
4.993040849e-06	5.119312586e-06	10
4.993040849e-06	5.119312586e-06	10
4.993040849e-06	5.119312586e-06	10
4.993040849e-06	5.119312586e-06	10
4.993040849e-06	5.119312586e-06	10
4.993040849e-06	5.119312586e-06	10
4.993040849e-06	5.119312586e-06	10
4.993040849e-06	5.119312586e-06	10
4.993040849e-06	5.119312586e-06	10
4.993040849e-06	5.119312586e-06	10
4.993040849e-06	5.119312586e-06	10
4.993040849e-06	5.119312586e-06	10
4.993040849e-06	5.119312586e-06	10
4.993040849e-06	5.119312586e-06	10
4.993040849e-06	5.119312586e-06	10
4.993040849e-06	5.119312586e-06	10
4.993040849e-06	5.119312586e-06	10
4.993040849e-06	5.119312586e-06	10
4.993040849e-06	5.119312586e-06	10
4.993040849e-06	5.119312586e-06	10
4.993040849e-06	5.119312586e-06	10
4.993040849e-06	5.119312586e-06	10
4.993040849e-06	5.119312586e-06	10
4.993040849e-06	5.119312586e-06	0
4.973659591e-06	5.120497995e-06	0
4.954278333e-06	5.121683403e-06	0
4.934897075e-06	5.122868812e-06	0
4.915515817e-06	5.12405422e-06	0
4.896134558e-06	5.125239629e-06	0
4.8767533e-06	5.126425037e-06	0
4.857372042e-06	5.127610446e-06	0
4.837990784e-06	5.128795855e-06	0
4.818609525e-06	5.129981263e-06	0
4.799228267e-06	5.131166672e-06	0
4.799228267e-06	5.131166672e-06	10
4.799228267e-06	5.131166672e-06	10
4.799228267e-06	5.131166672e-06	10
4.799228267e-06	5.131166672e-06	10
4.799228267e-06	5.131166672e-06	10
4.799228267e-06	5.131166672e-06	10
4.799228267e-06	5.131166672e-06	10
4.799228267e-06	5.131166672e-06	10
4.799228267e-06	5.131166672e-06	10
4.799228267e-06	5.131166672e-06	10
4.799228267e-06	5.131166672e-06	10
4.799228267e-06	5.131166672e-06	10
4.799228267e-06	5.131166672e-06	10
4.799228267e-06	5.131166672e-06	10
4.799228267e-06	5.131166672e-06	10
4.799228267e-06	5.131166672e-06	10
4.799228267e-06	5.131166672e-06	10
4.799228267e-06	5.131166672e-06	10
4.799228267e-06	5.131166672e-06	10
4.799228267e-06	5.131166672e-06	10
4.799228267e-06	5.131166672e-06	10
4.799228267e-06	5.131166672e-06	10
4.799228267e-06	5.131166672e-06	10
4.799228267e-06	5.131166672e-06	10
4.799228267e-06	5.131166672e-06	10
4.799228267e-06	5.131166672e-06	0
4.818858678e-06	5.12816475e-06	0
4.838489088e-06	5.125162829e-06	0
4.858119498e-06	5.122160907e-06	0
4.877749909e-06	5.119158986e-06	0
4.897380319e-06	5.116157064e-06	0
4.917010729e-06	5.113155143e-06	0
4.93664114e-06	5.110153221e-06	0
4.95627155e-06	5.1071513e-06	0
4.97590196e-06	5.104149378e-06	0
4.995532371e-06	5.101147457e-06	0
5.015162781e-06	5.098145535e-06	0
5.034793192e-06	5.095143614e-06	0
5.054423602e-06	5.092141692e-06	0
5.074054012e-06	5.089139771e-06	0
5.093684423e-06	5.086137849e-06	0
5.113314833e-06	5.083135928e-06	0
5.132945243e-06	5.080134006e-06	0
5.152575654e-06	5.077132085e-06	0
5.172206064e-06	5.074130163e-06	0
5.191836474e-06	5.071128242e-06	0
5.211466885e-06	5.06812632e-06	0
5.231097295e-06	5.065124399e-06	0
5.250727706e-06	5.062122477e-06	0
5.270358116e-06	5.059120556e-06	0
5.289988526e-06	5.056118634e-06	0
5.309618937e-06	5.053116713e-06	0
5.329249347e-06	5.050114791e-06	0
5.348879757e-06	5.04711287e-06	0
5.368510168e-06	5.044110948e-06	0
5.388140578e-06	5.041109027e-06	0
5.407770988e-06	5.038107105e-06	0
5.427401399e-06	5.035105184e-06	0
5.447031809e-06	5.032103262e-06	0
5.46666222e-06	5.029101341e-06	0
5.48629263e-06	5.026099419e-06	0
5.50592304e-06	5.023097498e-06	0
5.525553451e-06	5.020095576e-06	0
5.545183861e-06	5.017093655e-06	0
5.564814271e-06	5.014091733e-06	0
5.584444682e-06	5.011089812e-06	0
5.604075092e-06	5.00808789e-06	0
5.623705502e-06	5.005085969e-06	0
5.643335913e-06	5.002084047e-06	0
5.662966323e-06	4.999082126e-06	0
5.682596733e-06	4.996080205e-06	0
5.702227144e-06	4.993078283e-06	0
5.721857554e-06	4.990076362e-06	0
5.741487965e-06	4.98707444e-06	0
5.761118375e-06	4.984072519e-06	0
5.780748785e-06	4.981070597e-06	0
5.800379196e-06	4.978068676e-06	0
5.820009606e-06	4.975066754e-06	0
5.839640016e-06	4.972064833e-06	0
5.859270427e-06	4.969062911e-06	0
5.878900837e-06	4.96606099e-06	0
5.898531247e-06	4.963059068e-06	0
5.918161658e-06	4.960057147e-06	0
5.937792068e-06	4.957055225e-06	0
5.957422479e-06	4.954053304e-06	0
5.977052889e-06	4.951051382e-06	0
5.996683299e-06	4.948049461e-06	0
6.01631371e-06	4.945047539e-06	0
6.03594412e-06	4.942045618e-06	0
6.05557453e-06	4.939043696e-06	0
6.075204941e-06	4.936041775e-06	0
6.094835351e-06	4.933039853e-06	0
6.114465761e-06	4.930037932e-06	0
6.134096172e-06	4.92703601e-06	0
6.153726582e-06	4.924034089e-06	0
6.173356993e-06	4.921032167e-06	0
6.192987403e-06	4.918030246e-06	0
6.212617813e-06	4.915028324e-06	0
6.232248224e-06	4.912026403e-06	0
6.251878634e-06	4.909024481e-06	0
6.271509044e-06	4.90602256e-06	0
6.291139455e-06	4.903020638e-06	0
6.310769865e-06	4.900018717e-06	0
6.330400275e-06	4.897016795e-06	0
6.350030686e-06	4.894014874e-06	0
6.369661096e-06	4.891012952e-06	0
6.389291506e-06	4.888011031e-06	0
6.408921917e-06	4.885009109e-06	0
6.428552327e-06	4.882007188e-06	0
6.448182738e-06	4.879005266e-06	0
6.467813148e-06	4.876003345e-06	0
6.487443558e-06	4.873001423e-06	0
6.507073969e-06	4.869999502e-06	0
6.526704379e-06	4.86699758e-06	0
6.546334789e-06	4.863995659e-06	0
6.5659652e-06	4.860993737e-06	0
6.58559561e-06	4.857991816e-06	0
6.60522602e-06	4.854989894e-06	0
6.624856431e-06	4.851987973e-06	0
6.644486841e-06	4.848986051e-06	0
6.664117252e-06	4.84598413e-06	0
6.683747662e-06	4.842982208e-06	0
6.703378072e-06	4.839980287e-06	0
6.723008483e-06	4.836978365e-06	0
6.742638893e-06	4.833976444e-06	0
6.762269303e-06	4.830974523e-06	0
6.781899714e-06	4.827972601e-06	0
6.801530124e-06	4.82497068e-06	0
6.821160534e-06	4.821968758e-06	0
6.840790945e-06	4.818966837e-06	0
6.860421355e-06	4.815964915e-06	0
6.880051766e-06	4.812962994e-06	0
6.899682176e-06	4.809961072e-06	0
6.919312586e-06	4.806959151e-06	0
6.919312586e-06	4.806959151e-06	-10
6.919312586e-06	4.806959151e-06	-10
6.919312586e-06	4.806959151e-06	-10
6.919312586e-06	4.806959151e-06	-10
6.919312586e-06	4.806959151e-06	-10
6.919312586e-06	4.806959151e-06	-10
6.919312586e-06	4.806959151e-06	-10
6.919312586e-06	4.806959151e-06	-10
6.919312586e-06	4.806959151e-06	-10
6.919312586e-06	4.806959151e-06	-10
6.919312586e-06	4.806959151e-06	-10
6.919312586e-06	4.806959151e-06	-10
6.919312586e-06	4.806959151e-06	-10
6.919312586e-06	4.806959151e-06	-10
6.919312586e-06	4.806959151e-06	-10
6.919312586e-06	4.806959151e-06	-10
6.919312586e-06	4.806959151e-06	-10
6.919312586e-06	4.806959151e-06	-10
6.919312586e-06	4.806959151e-06	-10
6.919312586e-06	4.806959151e-06	-10
6.919312586e-06	4.806959151e-06	-10
6.919312586e-06	4.806959151e-06	-10
6.919312586e-06	4.806959151e-06	-10
6.919312586e-06	4.806959151e-06	-10
6.919312586e-06	4.806959151e-06	-10
6.919312586e-06	4.806959151e-06	0
6.899931328e-06	4.808144559e-06	0
6.88055007e-06	4.809329968e-06	0
6.861168812e-06	4.810515376e-06	0
6.841787553e-06	4.811700785e-06	0
6.822406295e-06	4.812886193e-06	0
6.803025037e-06	4.814071602e-06	0
6.783643779e-06	4.81525701e-06	0
6.76426252e-06	4.816442419e-06	0
6.744881262e-06	4.817627827e-06	0
6.725500004e-06	4.818813236e-06	0
6.725500004e-06	4.818813236e-06	-10
6.725500004e-06	4.818813236e-06	-10
6.725500004e-06	4.818813236e-06	-10
6.725500004e-06	4.818813236e-06	-10
6.725500004e-06	4.818813236e-06	-10
6.725500004e-06	4.818813236e-06	-10
6.725500004e-06	4.818813236e-06	-10
6.725500004e-06	4.818813236e-06	-10
6.725500004e-06	4.818813236e-06	-10
6.725500004e-06	4.818813236e-06	-10
6.725500004e-06	4.818813236e-06	-10
6.725500004e-06	4.818813236e-06	-10
6.725500004e-06	4.818813236e-06	-10
6.725500004e-06	4.818813236e-06	-10
6.725500004e-06	4.818813236e-06	-10
6.725500004e-06	4.818813236e-06	-10
6.725500004e-06	4.818813236e-06	-10
6.725500004e-06	4.818813236e-06	-10
6.725500004e-06	4.818813236e-06	-10
6.725500004e-06	4.818813236e-06	-10
6.725500004e-06	4.818813236e-06	-10
6.725500004e-06	4.818813236e-06	-10
6.725500004e-06	4.818813236e-06	-10
6.725500004e-06	4.818813236e-06	-10
6.725500004e-06	4.818813236e-06	-10
6.725500004e-06	4.818813236e-06	0
6.706118746e-06	4.819998644e-06	0
6.686737488e-06	4.821184053e-06	0
6.667356229e-06	4.822369462e-06	0
6.647974971e-06	4.82355487e-06	0
6.628593713e-06	4.824740279e-06	0
6.609212455e-06	4.825925687e-06	0
6.589831196e-06	4.827111096e-06	0
6.570449938e-06	4.828296504e-06	0
6.55106868e-06	4.829481913e-06	0
6.531687422e-06	4.830667321e-06	0
6.531687422e-06	4.830667321e-06	-10
6.531687422e-06	4.830667321e-06	-10
6.531687422e-06	4.830667321e-06	-10
6.531687422e-06	4.830667321e-06	-10
6.531687422e-06	4.830667321e-06	-10
6.531687422e-06	4.830667321e-06	-10
6.531687422e-06	4.830667321e-06	-10
6.531687422e-06	4.830667321e-06	-10
6.531687422e-06	4.830667321e-06	-10
6.531687422e-06	4.830667321e-06	-10
6.531687422e-06	4.830667321e-06	-10
6.531687422e-06	4.830667321e-06	-10
6.531687422e-06	4.830667321e-06	-10
6.531687422e-06	4.830667321e-06	-10
6.531687422e-06	4.830667321e-06	-10
6.531687422e-06	4.830667321e-06	-10
6.531687422e-06	4.830667321e-06	-10
6.531687422e-06	4.830667321e-06	-10
6.531687422e-06	4.830667321e-06	-10
6.531687422e-06	4.830667321e-06	-10
6.531687422e-06	4.830667321e-06	-10
6.531687422e-06	4.830667321e-06	-10
6.531687422e-06	4.830667321e-06	-10
6.531687422e-06	4.830667321e-06	-10
6.531687422e-06	4.830667321e-06	-10
6.531687422e-06	4.830667321e-06	0
6.512306164e-06	4.83185273e-06	0
6.492924905e-06	4.833038138e-06	0
6.473543647e-06	4.834223547e-06	0
6.454162389e-06	4.835408955e-06	0
6.434781131e-06	4.836594364e-06	0
6.415399872e-06	4.837779772e-06	0
6.396018614e-06	4.838965181e-06	0
6.376637356e-06	4.84015059e-06	0
6.357256098e-06	4.841335998e-06	0
6.33787484e-06	4.842521407e-06	0
6.33787484e-06	4.842521407e-06	-10
6.33787484e-06	4.842521407e-06	-10
6.33787484e-06	4.842521407e-06	-10
6.33787484e-06	4.842521407e-06	-10
6.33787484e-06	4.842521407e-06	-10
6.33787484e-06	4.842521407e-06	-10
6.33787484e-06	4.842521407e-06	-10
6.33787484e-06	4.842521407e-06	-10
6.33787484e-06	4.842521407e-06	-10
6.33787484e-06	4.842521407e-06	-10
6.33787484e-06	4.842521407e-06	-10
6.33787484e-06	4.842521407e-06	-10
6.33787484e-06	4.842521407e-06	-10
6.33787484e-06	4.842521407e-06	-10
6.33787484e-06	4.842521407e-06	-10
6.33787484e-06	4.842521407e-06	-10
6.33787484e-06	4.842521407e-06	-10
6.33787484e-06	4.842521407e-06	-10
6.33787484e-06	4.842521407e-06	-10
6.33787484e-06	4.842521407e-06	-10
6.33787484e-06	4.842521407e-06	-10
6.33787484e-06	4.842521407e-06	-10
6.33787484e-06	4.842521407e-06	-10
6.33787484e-06	4.842521407e-06	-10
6.33787484e-06	4.842521407e-06	-10
6.33787484e-06	4.842521407e-06	0
6.318493581e-06	4.843706815e-06	0
6.299112323e-06	4.844892224e-06	0
6.279731065e-06	4.846077632e-06	0
6.260349807e-06	4.847263041e-06	0
6.240968548e-06	4.848448449e-06	0
6.22158729e-06	4.849633858e-06	0
6.202206032e-06	4.850819266e-06	0
6.182824774e-06	4.852004675e-06	0
6.163443516e-06	4.853190083e-06	0
6.144062257e-06	4.854375492e-06	0
6.144062257e-06	4.854375492e-06	-10
6.144062257e-06	4.854375492e-06	-10
6.144062257e-06	4.854375492e-06	-10
6.144062257e-06	4.854375492e-06	-10
6.144062257e-06	4.854375492e-06	-10
6.144062257e-06	4.854375492e-06	-10
6.144062257e-06	4.854375492e-06	-10
6.144062257e-06	4.854375492e-06	-10
6.144062257e-06	4.854375492e-06	-10
6.144062257e-06	4.854375492e-06	-10
6.144062257e-06	4.854375492e-06	-10
6.144062257e-06	4.854375492e-06	-10
6.144062257e-06	4.854375492e-06	-10
6.144062257e-06	4.854375492e-06	-10
6.144062257e-06	4.854375492e-06	-10
6.144062257e-06	4.854375492e-06	-10
6.144062257e-06	4.854375492e-06	-10
6.144062257e-06	4.854375492e-06	-10
6.144062257e-06	4.854375492e-06	-10
6.144062257e-06	4.854375492e-06	-10
6.144062257e-06	4.854375492e-06	-10
6.144062257e-06	4.854375492e-06	-10
6.144062257e-06	4.854375492e-06	-10
6.144062257e-06	4.854375492e-06	-10
6.144062257e-06	4.854375492e-06	-10
6.144062257e-06	4.854375492e-06	0
6.124680999e-06	4.8555609e-06	0
6.105299741e-06	4.856746309e-06	0
6.085918483e-06	4.857931718e-06	0
6.066537224e-06	4.859117126e-06	0
6.047155966e-06	4.860302535e-06	0
6.027774708e-06	4.861487943e-06	0
6.00839345e-06	4.862673352e-06	0
5.989012192e-06	4.86385876e-06	0
5.969630933e-06	4.865044169e-06	0
5.950249675e-06	4.866229577e-06	0
5.950249675e-06	4.866229577e-06	-10
5.950249675e-06	4.866229577e-06	-10
5.950249675e-06	4.866229577e-06	-10
5.950249675e-06	4.866229577e-06	-10
5.950249675e-06	4.866229577e-06	-10
5.950249675e-06	4.866229577e-06	-10
5.950249675e-06	4.866229577e-06	-10
5.950249675e-06	4.866229577e-06	-10
5.950249675e-06	4.866229577e-06	-10
5.950249675e-06	4.866229577e-06	-10
5.950249675e-06	4.866229577e-06	-10
5.950249675e-06	4.866229577e-06	-10
5.950249675e-06	4.866229577e-06	-10
5.950249675e-06	4.866229577e-06	-10
5.950249675e-06	4.866229577e-06	-10
5.950249675e-06	4.866229577e-06	-10
5.950249675e-06	4.866229577e-06	-10
5.950249675e-06	4.866229577e-06	-10
5.950249675e-06	4.866229577e-06	-10
5.950249675e-06	4.866229577e-06	-10
5.950249675e-06	4.866229577e-06	-10
5.950249675e-06	4.866229577e-06	-10
5.950249675e-06	4.866229577e-06	-10
5.950249675e-06	4.866229577e-06	-10
5.950249675e-06	4.866229577e-06	-10
5.950249675e-06	4.866229577e-06	0
5.930868417e-06	4.867414986e-06	0
5.911487159e-06	4.868600394e-06	0
5.892105901e-06	4.869785803e-06	0
5.872724642e-06	4.870971211e-06	0
5.853343384e-06	4.87215662e-06	0
5.833962126e-06	4.873342029e-06	0
5.814580868e-06	4.874527437e-06	0
5.795199609e-06	4.875712846e-06	0
5.775818351e-06	4.876898254e-06	0
5.756437093e-06	4.878083663e-06	0
5.756437093e-06	4.878083663e-06	-10
5.756437093e-06	4.878083663e-06	-10
5.756437093e-06	4.878083663e-06	-10
5.756437093e-06	4.878083663e-06	-10
5.756437093e-06	4.878083663e-06	-10
5.756437093e-06	4.878083663e-06	-10
5.756437093e-06	4.878083663e-06	-10
5.756437093e-06	4.878083663e-06	-10
5.756437093e-06	4.878083663e-06	-10
5.756437093e-06	4.878083663e-06	-10
5.756437093e-06	4.878083663e-06	-10
5.756437093e-06	4.878083663e-06	-10
5.756437093e-06	4.878083663e-06	-10
5.756437093e-06	4.878083663e-06	-10
5.756437093e-06	4.878083663e-06	-10
5.756437093e-06	4.878083663e-06	-10
5.756437093e-06	4.878083663e-06	-10
5.756437093e-06	4.878083663e-06	-10
5.756437093e-06	4.878083663e-06	-10
5.756437093e-06	4.878083663e-06	-10
5.756437093e-06	4.878083663e-06	-10
5.756437093e-06	4.878083663e-06	-10
5.756437093e-06	4.878083663e-06	-10
5.756437093e-06	4.878083663e-06	-10
5.756437093e-06	4.878083663e-06	-10
5.756437093e-06	4.878083663e-06	0
5.737055835e-06	4.879269071e-06	0
5.717674577e-06	4.88045448e-06	0
5.698293318e-06	4.881639888e-06	0
5.67891206e-06	4.882825297e-06	0
5.659530802e-06	4.884010705e-06	0
5.640149544e-06	4.885196114e-06	0
5.620768285e-06	4.886381522e-06	0
5.601387027e-06	4.887566931e-06	0
5.582005769e-06	4.888752339e-06	0
5.562624511e-06	4.889937748e-06	0
5.562624511e-06	4.889937748e-06	-10
5.562624511e-06	4.889937748e-06	-10
5.562624511e-06	4.889937748e-06	-10
5.562624511e-06	4.889937748e-06	-10
5.562624511e-06	4.889937748e-06	-10
5.562624511e-06	4.889937748e-06	-10
5.562624511e-06	4.889937748e-06	-10
5.562624511e-06	4.889937748e-06	-10
5.562624511e-06	4.889937748e-06	-10
5.562624511e-06	4.889937748e-06	-10
5.562624511e-06	4.889937748e-06	-10
5.562624511e-06	4.889937748e-06	-10
5.562624511e-06	4.889937748e-06	-10
5.562624511e-06	4.889937748e-06	-10
5.562624511e-06	4.889937748e-06	-10
5.562624511e-06	4.889937748e-06	-10
5.562624511e-06	4.889937748e-06	-10
5.562624511e-06	4.889937748e-06	-10
5.562624511e-06	4.889937748e-06	-10
5.562624511e-06	4.889937748e-06	-10
5.562624511e-06	4.889937748e-06	-10
5.562624511e-06	4.889937748e-06	-10
5.562624511e-06	4.889937748e-06	-10
5.562624511e-06	4.889937748e-06	-10
5.562624511e-06	4.889937748e-06	-10
5.562624511e-06	4.889937748e-06	0
5.543243253e-06	4.891123157e-06	0
5.523861994e-06	4.892308565e-06	0
5.504480736e-06	4.893493974e-06	0
5.485099478e-06	4.894679382e-06	0
5.46571822e-06	4.895864791e-06	0
5.446336961e-06	4.897050199e-06	0
5.426955703e-06	4.898235608e-06	0
5.407574445e-06	4.899421016e-06	0
5.388193187e-06	4.900606425e-06	0
5.368811929e-06	4.901791833e-06	0
5.368811929e-06	4.901791833e-06	-10
5.368811929e-06	4.901791833e-06	-10
5.368811929e-06	4.901791833e-06	-10
5.368811929e-06	4.901791833e-06	-10
5.368811929e-06	4.901791833e-06	-10
5.368811929e-06	4.901791833e-06	-10
5.368811929e-06	4.901791833e-06	-10
5.368811929e-06	4.901791833e-06	-10
5.368811929e-06	4.901791833e-06	-10
5.368811929e-06	4.901791833e-06	-10
5.368811929e-06	4.901791833e-06	-10
5.368811929e-06	4.901791833e-06	-10
5.368811929e-06	4.901791833e-06	-10
5.368811929e-06	4.901791833e-06	-10
5.368811929e-06	4.901791833e-06	-10
5.368811929e-06	4.901791833e-06	-10
5.368811929e-06	4.901791833e-06	-10
5.368811929e-06	4.901791833e-06	-10
5.368811929e-06	4.901791833e-06	-10
5.368811929e-06	4.901791833e-06	-10
5.368811929e-06	4.901791833e-06	-10
5.368811929e-06	4.901791833e-06	-10
5.368811929e-06	4.901791833e-06	-10
5.368811929e-06	4.901791833e-06	-10
5.368811929e-06	4.901791833e-06	-10
5.368811929e-06	4.901791833e-06	0
5.34943067e-06	4.902977242e-06	0
5.330049412e-06	4.90416265e-06	0
5.310668154e-06	4.905348059e-06	0
5.291286896e-06	4.906533467e-06	0
5.271905637e-06	4.907718876e-06	0
5.252524379e-06	4.908904285e-06	0
5.233143121e-06	4.910089693e-06	0
5.213761863e-06	4.911275102e-06	0
5.194380605e-06	4.91246051e-06	0
5.174999346e-06	4.913645919e-06	0
5.174999346e-06	4.913645919e-06	-10
5.174999346e-06	4.913645919e-06	-10
5.174999346e-06	4.913645919e-06	-10
5.174999346e-06	4.913645919e-06	-10
5.174999346e-06	4.913645919e-06	-10
5.174999346e-06	4.913645919e-06	-10
5.174999346e-06	4.913645919e-06	-10
5.174999346e-06	4.913645919e-06	-10
5.174999346e-06	4.913645919e-06	-10
5.174999346e-06	4.913645919e-06	-10
5.174999346e-06	4.913645919e-06	-10
5.174999346e-06	4.913645919e-06	-10
5.174999346e-06	4.913645919e-06	-10
5.174999346e-06	4.913645919e-06	-10
5.174999346e-06	4.913645919e-06	-10
5.174999346e-06	4.913645919e-06	-10
5.174999346e-06	4.913645919e-06	-10
5.174999346e-06	4.913645919e-06	-10
5.174999346e-06	4.913645919e-06	-10
5.174999346e-06	4.913645919e-06	-10
5.174999346e-06	4.913645919e-06	-10
5.174999346e-06	4.913645919e-06	-10
5.174999346e-06	4.913645919e-06	-10
5.174999346e-06	4.913645919e-06	-10
5.174999346e-06	4.913645919e-06	-10
5.174999346e-06	4.913645919e-06	0
5.155618088e-06	4.914831327e-06	0
5.13623683e-06	4.916016736e-06	0
5.116855572e-06	4.917202144e-06	0
5.097474313e-06	4.918387553e-06	0
5.078093055e-06	4.919572961e-06	0
5.058711797e-06	4.92075837e-06	0
5.039330539e-06	4.921943778e-06	0
5.019949281e-06	4.923129187e-06	0
5.000568022e-06	4.924314596e-06	0
4.981186764e-06	4.925500004e-06	0
4.981186764e-06	4.925500004e-06	-10
4.981186764e-06	4.925500004e-06	-10
4.981186764e-06	4.925500004e-06	-10
4.981186764e-06	4.925500004e-06	-10
4.981186764e-06	4.925500004e-06	-10
4.981186764e-06	4.925500004e-06	-10
4.981186764e-06	4.925500004e-06	-10
4.981186764e-06	4.925500004e-06	-10
4.981186764e-06	4.925500004e-06	-10
4.981186764e-06	4.925500004e-06	-10
4.981186764e-06	4.925500004e-06	-10
4.981186764e-06	4.925500004e-06	-10
4.981186764e-06	4.925500004e-06	-10
4.981186764e-06	4.925500004e-06	-10
4.981186764e-06	4.925500004e-06	-10
4.981186764e-06	4.925500004e-06	-10
4.981186764e-06	4.925500004e-06	-10
4.981186764e-06	4.925500004e-06	-10
4.981186764e-06	4.925500004e-06	-10
4.981186764e-06	4.925500004e-06	-10
4.981186764e-06	4.925500004e-06	-10
4.981186764e-06	4.925500004e-06	-10
4.981186764e-06	4.925500004e-06	-10
4.981186764e-06	4.925500004e-06	-10
4.981186764e-06	4.925500004e-06	-10
4.981186764e-06	4.925500004e-06	0
4.961805506e-06	4.926685413e-06	0
4.942424248e-06	4.927870821e-06	0
4.923042989e-06	4.92905623e-06	0
4.903661731e-06	4.930241638e-06	0
4.884280473e-06	4.931427047e-06	0
4.864899215e-06	4.932612455e-06	0
4.845517957e-06	4.933797864e-06	0
4.826136698e-06	4.934983272e-06	0
4.80675544e-06	4.936168681e-06	0
4.787374182e-06	4.937354089e-06	0
4.787374182e-06	4.937354089e-06	-10
4.787374182e-06	4.937354089e-06	-10
4.787374182e-06	4.937354089e-06	-10
4.787374182e-06	4.937354089e-06	-10
4.787374182e-06	4.937354089e-06	-10
4.787374182e-06	4.937354089e-06	-10
4.787374182e-06	4.937354089e-06	-10
4.787374182e-06	4.937354089e-06	-10
4.787374182e-06	4.937354089e-06	-10
4.787374182e-06	4.937354089e-06	-10
4.787374182e-06	4.937354089e-06	-10
4.787374182e-06	4.937354089e-06	-10
4.787374182e-06	4.937354089e-06	-10
4.787374182e-06	4.937354089e-06	-10
4.787374182e-06	4.937354089e-06	-10
4.787374182e-06	4.937354089e-06	-10
4.787374182e-06	4.937354089e-06	-10
4.787374182e-06	4.937354089e-06	-10
4.787374182e-06	4.937354089e-06	-10
4.787374182e-06	4.937354089e-06	-10
4.787374182e-06	4.937354089e-06	-10
4.787374182e-06	4.937354089e-06	-10
4.787374182e-06	4.937354089e-06	-10
4.787374182e-06	4.937354089e-06	-10
4.787374182e-06	4.937354089e-06	-10
4.787374182e-06	4.937354089e-06	0
4.807004592e-06	4.934352168e-06	0
4.826635003e-06	4.931350246e-06	0
4.846265413e-06	4.928348325e-06	0
4.865895823e-06	4.925346403e-06	0
4.885526234e-06	4.922344482e-06	0
4.905156644e-06	4.91934256e-06	0
4.924787054e-06	4.916340639e-06	0
4.944417465e-06	4.913338717e-06	0
4.964047875e-06	4.910336796e-06	0
4.983678285e-06	4.907334874e-06	0
5.003308696e-06	4.904332953e-06	0
5.022939106e-06	4.901331031e-06	0
5.042569517e-06	4.89832911e-06	0
5.062199927e-06	4.895327189e-06	0
5.081830337e-06	4.892325267e-06	0
5.101460748e-06	4.889323346e-06	0
5.121091158e-06	4.886321424e-06	0
5.140721568e-06	4.883319503e-06	0
5.160351979e-06	4.880317581e-06	0
5.179982389e-06	4.87731566e-06	0
5.199612799e-06	4.874313738e-06	0
5.21924321e-06	4.871311817e-06	0
5.23887362e-06	4.868309895e-06	0
5.258504031e-06	4.865307974e-06	0
5.278134441e-06	4.862306052e-06	0
5.297764851e-06	4.859304131e-06	0
5.317395262e-06	4.856302209e-06	0
5.337025672e-06	4.853300288e-06	0
5.356656082e-06	4.850298366e-06	0
5.376286493e-06	4.847296445e-06	0
5.395916903e-06	4.844294523e-06	0
5.415547313e-06	4.841292602e-06	0
5.435177724e-06	4.83829068e-06	0
5.454808134e-06	4.835288759e-06	0
5.474438545e-06	4.832286837e-06	0
5.494068955e-06	4.829284916e-06	0
5.513699365e-06	4.826282994e-06	0
5.533329776e-06	4.823281073e-06	0
5.552960186e-06	4.820279151e-06	0
5.572590596e-06	4.81727723e-06	0
5.592221007e-06	4.814275308e-06	0
5.611851417e-06	4.811273387e-06	0
5.631481827e-06	4.808271465e-06	0
5.651112238e-06	4.805269544e-06	0
5.670742648e-06	4.802267622e-06	0
5.690373058e-06	4.799265701e-06	0
5.710003469e-06	4.796263779e-06	0
5.729633879e-06	4.793261858e-06	0
5.74926429e-06	4.790259936e-06	0
5.7688947e-06	4.787258015e-06	0
5.78852511e-06	4.784256093e-06	0
5.808155521e-06	4.781254172e-06	0
5.827785931e-06	4.77825225e-06	0
5.847416341e-06	4.775250329e-06	0
5.867046752e-06	4.772248407e-06	0
5.886677162e-06	4.769246486e-06	0
5.906307572e-06	4.766244564e-06	0
5.925937983e-06	4.763242643e-06	0
5.945568393e-06	4.760240721e-06	0
5.965198804e-06	4.7572388e-06	0
5.984829214e-06	4.754236878e-06	0
6.004459624e-06	4.751234957e-06	0
6.024090035e-06	4.748233035e-06	0
6.043720445e-06	4.745231114e-06	0
6.063350855e-06	4.742229192e-06	0
6.082981266e-06	4.739227271e-06	0
6.102611676e-06	4.736225349e-06	0
6.122242086e-06	4.733223428e-06	0
6.141872497e-06	4.730221507e-06	0
6.161502907e-06	4.727219585e-06	0
6.181133318e-06	4.724217664e-06	0
6.200763728e-06	4.721215742e-06	0
6.220394138e-06	4.718213821e-06	0
6.240024549e-06	4.715211899e-06	0
6.259654959e-06	4.712209978e-06	0
6.279285369e-06	4.709208056e-06	0
6.29891578e-06	4.706206135e-06	0
6.31854619e-06	4.703204213e-06	0
6.3381766e-06	4.700202292e-06	0
6.357807011e-06	4.69720037e-06	0
6.377437421e-06	4.694198449e-06	0
6.397067832e-06	4.691196527e-06	0
6.416698242e-06	4.688194606e-06	0
6.436328652e-06	4.685192684e-06	0
6.455959063e-06	4.682190763e-06	0
6.475589473e-06	4.679188841e-06	0
6.495219883e-06	4.67618692e-06	0
6.514850294e-06	4.673184998e-06	0
6.534480704e-06	4.670183077e-06	0
6.554111114e-06	4.667181155e-06	0
6.573741525e-06	4.664179234e-06	0
6.593371935e-06	4.661177312e-06	0
6.613002345e-06	4.658175391e-06	0
6.632632756e-06	4.655173469e-06	0
6.652263166e-06	4.652171548e-06	0
6.671893577e-06	4.649169626e-06	0
6.691523987e-06	4.646167705e-06	0
6.711154397e-06	4.643165783e-06	0
6.730784808e-06	4.640163862e-06	0
6.750415218e-06	4.63716194e-06	0
6.770045628e-06	4.634160019e-06	0
6.789676039e-06	4.631158097e-06	0
6.809306449e-06	4.628156176e-06	0
6.828936859e-06	4.625154254e-06	0
6.84856727e-06	4.622152333e-06	0
6.86819768e-06	4.619150411e-06	0
6.887828091e-06	4.61614849e-06	0
6.907458501e-06	4.613146568e-06	0
6.907458501e-06	4.613146568e-06	10
6.907458501e-06	4.613146568e-06	10
6.907458501e-06	4.613146568e-06	10
6.907458501e-06	4.613146568e-06	10
6.907458501e-06	4.613146568e-06	10
6.907458501e-06	4.613146568e-06	10
6.907458501e-06	4.613146568e-06	10
6.907458501e-06	4.613146568e-06	10
6.907458501e-06	4.613146568e-06	10
6.907458501e-06	4.613146568e-06	10
6.907458501e-06	4.613146568e-06	10
6.907458501e-06	4.613146568e-06	10
6.907458501e-06	4.613146568e-06	10
6.907458501e-06	4.613146568e-06	10
6.907458501e-06	4.613146568e-06	10
6.907458501e-06	4.613146568e-06	10
6.907458501e-06	4.613146568e-06	10
6.907458501e-06	4.613146568e-06	10
6.907458501e-06	4.613146568e-06	10
6.907458501e-06	4.613146568e-06	10
6.907458501e-06	4.613146568e-06	10
6.907458501e-06	4.613146568e-06	10
6.907458501e-06	4.613146568e-06	10
6.907458501e-06	4.613146568e-06	10
6.907458501e-06	4.613146568e-06	10
6.907458501e-06	4.613146568e-06	0
6.888077243e-06	4.614331977e-06	0
6.868695984e-06	4.615517385e-06	0
6.849314726e-06	4.616702794e-06	0
6.829933468e-06	4.617888202e-06	0
6.81055221e-06	4.619073611e-06	0
6.791170952e-06	4.62025902e-06	0
6.771789693e-06	4.621444428e-06	0
6.752408435e-06	4.622629837e-06	0
6.733027177e-06	4.623815245e-06	0
6.713645919e-06	4.625000654e-06	0
6.713645919e-06	4.625000654e-06	10
6.713645919e-06	4.625000654e-06	10
6.713645919e-06	4.625000654e-06	10
6.713645919e-06	4.625000654e-06	10
6.713645919e-06	4.625000654e-06	10
6.713645919e-06	4.625000654e-06	10
6.713645919e-06	4.625000654e-06	10
6.713645919e-06	4.625000654e-06	10
6.713645919e-06	4.625000654e-06	10
6.713645919e-06	4.625000654e-06	10
6.713645919e-06	4.625000654e-06	10
6.713645919e-06	4.625000654e-06	10
6.713645919e-06	4.625000654e-06	10
6.713645919e-06	4.625000654e-06	10
6.713645919e-06	4.625000654e-06	10
6.713645919e-06	4.625000654e-06	10
6.713645919e-06	4.625000654e-06	10
6.713645919e-06	4.625000654e-06	10
6.713645919e-06	4.625000654e-06	10
6.713645919e-06	4.625000654e-06	10
6.713645919e-06	4.625000654e-06	10
6.713645919e-06	4.625000654e-06	10
6.713645919e-06	4.625000654e-06	10
6.713645919e-06	4.625000654e-06	10
6.713645919e-06	4.625000654e-06	10
6.713645919e-06	4.625000654e-06	0
6.69426466e-06	4.626186062e-06	0
6.674883402e-06	4.627371471e-06	0
6.655502144e-06	4.628556879e-06	0
6.636120886e-06	4.629742288e-06	0
6.616739628e-06	4.630927696e-06	0
6.597358369e-06	4.632113105e-06	0
6.577977111e-06	4.633298513e-06	0
6.558595853e-06	4.634483922e-06	0
6.539214595e-06	4.635669331e-06	0
6.519833336e-06	4.636854739e-06	0
6.519833336e-06	4.636854739e-06	10
6.519833336e-06	4.636854739e-06	10
6.519833336e-06	4.636854739e-06	10
6.519833336e-06	4.636854739e-06	10
6.519833336e-06	4.636854739e-06	10
6.519833336e-06	4.636854739e-06	10
6.519833336e-06	4.636854739e-06	10
6.519833336e-06	4.636854739e-06	10
6.519833336e-06	4.636854739e-06	10
6.519833336e-06	4.636854739e-06	10
6.519833336e-06	4.636854739e-06	10
6.519833336e-06	4.636854739e-06	10
6.519833336e-06	4.636854739e-06	10
6.519833336e-06	4.636854739e-06	10
6.519833336e-06	4.636854739e-06	10
6.519833336e-06	4.636854739e-06	10
6.519833336e-06	4.636854739e-06	10
6.519833336e-06	4.636854739e-06	10
6.519833336e-06	4.636854739e-06	10
6.519833336e-06	4.636854739e-06	10
6.519833336e-06	4.636854739e-06	10
6.519833336e-06	4.636854739e-06	10
6.519833336e-06	4.636854739e-06	10
6.519833336e-06	4.636854739e-06	10
6.519833336e-06	4.636854739e-06	10
6.519833336e-06	4.636854739e-06	0
6.500452078e-06	4.638040148e-06	0
6.48107082e-06	4.639225556e-06	0
6.461689562e-06	4.640410965e-06	0
6.442308304e-06	4.641596373e-06	0
6.422927045e-06	4.642781782e-06	0
6.403545787e-06	4.64396719e-06	0
6.384164529e-06	4.645152599e-06	0
6.364783271e-06	4.646338007e-06	0
6.345402012e-06	4.647523416e-06	0
6.326020754e-06	4.648708824e-06	0
6.326020754e-06	4.648708824e-06	10
6.326020754e-06	4.648708824e-06	10
6.326020754e-06	4.648708824e-06	10
6.326020754e-06	4.648708824e-06	10
6.326020754e-06	4.648708824e-06	10
6.326020754e-06	4.648708824e-06	10
6.326020754e-06	4.648708824e-06	10
6.326020754e-06	4.648708824e-06	10
6.326020754e-06	4.648708824e-06	10
6.326020754e-06	4.648708824e-06	10
6.326020754e-06	4.648708824e-06	10
6.326020754e-06	4.648708824e-06	10
6.326020754e-06	4.648708824e-06	10
6.326020754e-06	4.648708824e-06	10
6.326020754e-06	4.648708824e-06	10
6.326020754e-06	4.648708824e-06	10
6.326020754e-06	4.648708824e-06	10
6.326020754e-06	4.648708824e-06	10
6.326020754e-06	4.648708824e-06	10
6.326020754e-06	4.648708824e-06	10
6.326020754e-06	4.648708824e-06	10
6.326020754e-06	4.648708824e-06	10
6.326020754e-06	4.648708824e-06	10
6.326020754e-06	4.648708824e-06	10
6.326020754e-06	4.648708824e-06	10
6.326020754e-06	4.648708824e-06	0
6.306639496e-06	4.649894233e-06	0
6.287258238e-06	4.651079641e-06	0
6.26787698e-06	4.65226505e-06	0
6.248495721e-06	4.653450459e-06	0
6.229114463e-06	4.654635867e-06	0
6.209733205e-06	4.655821276e-06	0
6.190351947e-06	4.657006684e-06	0
6.170970688e-06	4.658192093e-06	0
6.15158943e-06	4.659377501e-06	0
6.132208172e-06	4.66056291e-06	0
6.132208172e-06	4.66056291e-06	10
6.132208172e-06	4.66056291e-06	10
6.132208172e-06	4.66056291e-06	10
6.132208172e-06	4.66056291e-06	10
6.132208172e-06	4.66056291e-06	10
6.132208172e-06	4.66056291e-06	10
6.132208172e-06	4.66056291e-06	10
6.132208172e-06	4.66056291e-06	10
6.132208172e-06	4.66056291e-06	10
6.132208172e-06	4.66056291e-06	10
6.132208172e-06	4.66056291e-06	10
6.132208172e-06	4.66056291e-06	10
6.132208172e-06	4.66056291e-06	10
6.132208172e-06	4.66056291e-06	10
6.132208172e-06	4.66056291e-06	10
6.132208172e-06	4.66056291e-06	10
6.132208172e-06	4.66056291e-06	10
6.132208172e-06	4.66056291e-06	10
6.132208172e-06	4.66056291e-06	10
6.132208172e-06	4.66056291e-06	10
6.132208172e-06	4.66056291e-06	10
6.132208172e-06	4.66056291e-06	10
6.132208172e-06	4.66056291e-06	10
6.132208172e-06	4.66056291e-06	10
6.132208172e-06	4.66056291e-06	10
6.132208172e-06	4.66056291e-06	0
6.112826914e-06	4.661748318e-06	0
6.093445656e-06	4.662933727e-06	0
6.074064397e-06	4.664119135e-06	0
6.054683139e-06	4.665304544e-06	0
6.035301881e-06	4.666489952e-06	0
6.015920623e-06	4.667675361e-06	0
5.996539364e-06	4.668860769e-06	0
5.977158106e-06	4.670046178e-06	0
5.957776848e-06	4.671231587e-06	0
5.93839559e-06	4.672416995e-06	0
5.93839559e-06	4.672416995e-06	10
5.93839559e-06	4.672416995e-06	10
5.93839559e-06	4.672416995e-06	10
5.93839559e-06	4.672416995e-06	10
5.93839559e-06	4.672416995e-06	10
5.93839559e-06	4.672416995e-06	10
5.93839559e-06	4.672416995e-06	10
5.93839559e-06	4.672416995e-06	10
5.93839559e-06	4.672416995e-06	10
5.93839559e-06	4.672416995e-06	10
5.93839559e-06	4.672416995e-06	10
5.93839559e-06	4.672416995e-06	10
5.93839559e-06	4.672416995e-06	10
5.93839559e-06	4.672416995e-06	10
5.93839559e-06	4.672416995e-06	10
5.93839559e-06	4.672416995e-06	10
5.93839559e-06	4.672416995e-06	10
5.93839559e-06	4.672416995e-06	10
5.93839559e-06	4.672416995e-06	10
5.93839559e-06	4.672416995e-06	10
5.93839559e-06	4.672416995e-06	10
5.93839559e-06	4.672416995e-06	10
5.93839559e-06	4.672416995e-06	10
5.93839559e-06	4.672416995e-06	10
5.93839559e-06	4.672416995e-06	10
5.93839559e-06	4.672416995e-06	0
5.919014332e-06	4.673602404e-06	0
5.899633073e-06	4.674787812e-06	0
5.880251815e-06	4.675973221e-06	0
5.860870557e-06	4.677158629e-06	0
5.841489299e-06	4.678344038e-06	0
5.82210804e-06	4.679529446e-06	0
5.802726782e-06	4.680714855e-06	0
5.783345524e-06	4.681900263e-06	0
5.763964266e-06	4.683085672e-06	0
5.744583008e-06	4.68427108e-06	0
5.744583008e-06	4.68427108e-06	10
5.744583008e-06	4.68427108e-06	10
5.744583008e-06	4.68427108e-06	10
5.744583008e-06	4.68427108e-06	10
5.744583008e-06	4.68427108e-06	10
5.744583008e-06	4.68427108e-06	10
5.744583008e-06	4.68427108e-06	10
5.744583008e-06	4.68427108e-06	10
5.744583008e-06	4.68427108e-06	10
5.744583008e-06	4.68427108e-06	10
5.744583008e-06	4.68427108e-06	10
5.744583008e-06	4.68427108e-06	10
5.744583008e-06	4.68427108e-06	10
5.744583008e-06	4.68427108e-06	10
5.744583008e-06	4.68427108e-06	10
5.744583008e-06	4.68427108e-06	10
5.744583008e-06	4.68427108e-06	10
5.744583008e-06	4.68427108e-06	10
5.744583008e-06	4.68427108e-06	10
5.744583008e-06	4.68427108e-06	10
5.744583008e-06	4.68427108e-06	10
5.744583008e-06	4.68427108e-06	10
5.744583008e-06	4.68427108e-06	10
5.744583008e-06	4.68427108e-06	10
5.744583008e-06	4.68427108e-06	10
5.744583008e-06	4.68427108e-06	0
5.725201749e-06	4.685456489e-06	0
5.705820491e-06	4.686641898e-06	0
5.686439233e-06	4.687827306e-06	0
5.667057975e-06	4.689012715e-06	0
5.647676716e-06	4.690198123e-06	0
5.628295458e-06	4.691383532e-06	0
5.6089142e-06	4.69256894e-06	0
5.589532942e-06	4.693754349e-06	0
5.570151684e-06	4.694939757e-06	0
5.550770425e-06	4.696125166e-06	0
5.550770425e-06	4.696125166e-06	10
5.550770425e-06	4.696125166e-06	10
5.550770425e-06	4.696125166e-06	10
5.550770425e-06	4.696125166e-06	10
5.550770425e-06	4.696125166e-06	10
5.550770425e-06	4.696125166e-06	10
5.550770425e-06	4.696125166e-06	10
5.550770425e-06	4.696125166e-06	10
5.550770425e-06	4.696125166e-06	10
5.550770425e-06	4.696125166e-06	10
5.550770425e-06	4.696125166e-06	10
5.550770425e-06	4.696125166e-06	10
5.550770425e-06	4.696125166e-06	10
5.550770425e-06	4.696125166e-06	10
5.550770425e-06	4.696125166e-06	10
5.550770425e-06	4.696125166e-06	10
5.550770425e-06	4.696125166e-06	10
5.550770425e-06	4.696125166e-06	10
5.550770425e-06	4.696125166e-06	10
5.550770425e-06	4.696125166e-06	10
5.550770425e-06	4.696125166e-06	10
5.550770425e-06	4.696125166e-06	10
5.550770425e-06	4.696125166e-06	10
5.550770425e-06	4.696125166e-06	10
5.550770425e-06	4.696125166e-06	10
5.550770425e-06	4.696125166e-06	0
5.531389167e-06	4.697310574e-06	0
5.512007909e-06	4.698495983e-06	0
5.492626651e-06	4.699681391e-06	0
5.473245392e-06	4.7008668e-06	0
5.453864134e-06	4.702052208e-06	0
5.434482876e-06	4.703237617e-06	0
5.415101618e-06	4.704423026e-06	0
5.39572036e-06	4.705608434e-06	0
5.376339101e-06	4.706793843e-06	0
5.356957843e-06	4.707979251e-06	0
5.356957843e-06	4.707979251e-06	10
5.356957843e-06	4.707979251e-06	10
5.356957843e-06	4.707979251e-06	10
5.356957843e-06	4.707979251e-06	10
5.356957843e-06	4.707979251e-06	10
5.356957843e-06	4.707979251e-06	10
5.356957843e-06	4.707979251e-06	10
5.356957843e-06	4.707979251e-06	10
5.356957843e-06	4.707979251e-06	10
5.356957843e-06	4.707979251e-06	10
5.356957843e-06	4.707979251e-06	10
5.356957843e-06	4.707979251e-06	10
5.356957843e-06	4.707979251e-06	10
5.356957843e-06	4.707979251e-06	10
5.356957843e-06	4.707979251e-06	10
5.356957843e-06	4.707979251e-06	10
5.356957843e-06	4.707979251e-06	10
5.356957843e-06	4.707979251e-06	10
5.356957843e-06	4.707979251e-06	10
5.356957843e-06	4.707979251e-06	10
5.356957843e-06	4.707979251e-06	10
5.356957843e-06	4.707979251e-06	10
5.356957843e-06	4.707979251e-06	10
5.356957843e-06	4.707979251e-06	10
5.356957843e-06	4.707979251e-06	10
5.356957843e-06	4.707979251e-06	0
5.337576585e-06	4.70916466e-06	0
5.318195327e-06	4.710350068e-06	0
5.298814069e-06	4.711535477e-06	0
5.27943281e-06	4.712720885e-06	0
5.260051552e-06	4.713906294e-06	0
5.240670294e-06	4.715091702e-06	0
5.221289036e-06	4.716277111e-06	0
5.201907777e-06	4.717462519e-06	0
5.182526519e-06	4.718647928e-06	0
5.163145261e-06	4.719833336e-06	0
5.163145261e-06	4.719833336e-06	10
5.163145261e-06	4.719833336e-06	10
5.163145261e-06	4.719833336e-06	10
5.163145261e-06	4.719833336e-06	10
5.163145261e-06	4.719833336e-06	10
5.163145261e-06	4.719833336e-06	10
5.163145261e-06	4.719833336e-06	10
5.163145261e-06	4.719833336e-06	10
5.163145261e-06	4.719833336e-06	10
5.163145261e-06	4.719833336e-06	10
5.163145261e-06	4.719833336e-06	10
5.163145261e-06	4.719833336e-06	10
5.163145261e-06	4.719833336e-06	10
5.163145261e-06	4.719833336e-06	10
5.163145261e-06	4.719833336e-06	10
5.163145261e-06	4.719833336e-06	10
5.163145261e-06	4.719833336e-06	10
5.163145261e-06	4.719833336e-06	10
5.163145261e-06	4.719833336e-06	10
5.163145261e-06	4.719833336e-06	10
5.163145261e-06	4.719833336e-06	10
5.163145261e-06	4.719833336e-06	10
5.163145261e-06	4.719833336e-06	10
5.163145261e-06	4.719833336e-06	10
5.163145261e-06	4.719833336e-06	10
5.163145261e-06	4.719833336e-06	0
5.143764003e-06	4.721018745e-06	0
5.124382745e-06	4.722204154e-06	0
5.105001486e-06	4.723389562e-06	0
5.085620228e-06	4.724574971e-06	0
5.06623897e-06	4.725760379e-06	0
5.046857712e-06	4.726945788e-06	0
5.027476453e-06	4.728131196e-06	0
5.008095195e-06	4.729316605e-06	0
4.988713937e-06	4.730502013e-06	0
4.969332679e-06	4.731687422e-06	0
4.969332679e-06	4.731687422e-06	10
4.969332679e-06	4.731687422e-06	10
4.969332679e-06	4.731687422e-06	10
4.969332679e-06	4.731687422e-06	10
4.969332679e-06	4.731687422e-06	10
4.969332679e-06	4.731687422e-06	10
4.969332679e-06	4.731687422e-06	10
4.969332679e-06	4.731687422e-06	10
4.969332679e-06	4.731687422e-06	10
4.969332679e-06	4.731687422e-06	10
4.969332679e-06	4.731687422e-06	10
4.969332679e-06	4.731687422e-06	10
4.969332679e-06	4.731687422e-06	10
4.969332679e-06	4.731687422e-06	10
4.969332679e-06	4.731687422e-06	10
4.969332679e-06	4.731687422e-06	10
4.969332679e-06	4.731687422e-06	10
4.969332679e-06	4.731687422e-06	10
4.969332679e-06	4.731687422e-06	10
4.969332679e-06	4.731687422e-06	10
4.969332679e-06	4.731687422e-06	10
4.969332679e-06	4.731687422e-06	10
4.969332679e-06	4.731687422e-06	10
4.969332679e-06	4.731687422e-06	10
4.969332679e-06	4.731687422e-06	10
4.969332679e-06	4.731687422e-06	0
4.949951421e-06	4.73287283e-06	0
4.930570162e-06	4.734058239e-06	0
4.911188904e-06	4.735243647e-06	0
4.891807646e-06	4.736429056e-06	0
4.872426388e-06	4.737614464e-06	0
4.853045129e-06	4.738799873e-06	0
4.833663871e-06	4.739985282e-06	0
4.814282613e-06	4.74117069e-06	0
4.794901355e-06	4.742356099e-06	0
4.775520097e-06	4.743541507e-06	0
4.775520097e-06	4.743541507e-06	10
4.775520097e-06	4.743541507e-06	10
4.775520097e-06	4.743541507e-06	10
4.775520097e-06	4.743541507e-06	10
4.775520097e-06	4.743541507e-06	10
4.775520097e-06	4.743541507e-06	10
4.775520097e-06	4.743541507e-06	10
4.775520097e-06	4.743541507e-06	10
4.775520097e-06	4.743541507e-06	10
4.775520097e-06	4.743541507e-06	10
4.775520097e-06	4.743541507e-06	10
4.775520097e-06	4.743541507e-06	10
4.775520097e-06	4.743541507e-06	10
4.775520097e-06	4.743541507e-06	10
4.775520097e-06	4.743541507e-06	10
4.775520097e-06	4.743541507e-06	10
4.775520097e-06	4.743541507e-06	10
4.775520097e-06	4.743541507e-06	10
4.775520097e-06	4.743541507e-06	10
4.775520097e-06	4.743541507e-06	10
4.775520097e-06	4.743541507e-06	10
4.775520097e-06	4.743541507e-06	10
4.775520097e-06	4.743541507e-06	10
4.775520097e-06	4.743541507e-06	10
4.775520097e-06	4.743541507e-06	10
4.775520097e-06	4.743541507e-06	0
4.795150507e-06	4.740539586e-06	0
4.814780917e-06	4.737537664e-06	0
4.834411328e-06	4.734535743e-06	0
4.854041738e-06	4.731533821e-06	0
4.873672148e-06	4.7285319e-06	0
4.893302559e-06	4.725529978e-06	0
4.912932969e-06	4.722528057e-06	0
4.932563379e-06	4.719526135e-06	0
4.95219379e-06	4.716524214e-06	0
4.9718242e-06	4.713522292e-06	0
4.99145461e-06	4.710520371e-06	0
5.011085021e-06	4.707518449e-06	0
5.030715431e-06	4.704516528e-06	0
5.050345842e-06	4.701514606e-06	0
5.069976252e-06	4.698512685e-06	0
5.089606662e-06	4.695510763e-06	0
5.109237073e-06	4.692508842e-06	0
5.128867483e-06	4.68950692e-06	0
5.148497893e-06	4.686504999e-06	0
5.168128304e-06	4.683503077e-06	0
5.187758714e-06	4.680501156e-06	0
5.207389124e-06	4.677499234e-06	0
5.227019535e-06	4.674497313e-06	0
5.246649945e-06	4.671495391e-06	0
5.266280356e-06	4.66849347e-06	0
5.285910766e-06	4.665491548e-06	0
5.305541176e-06	4.662489627e-06	0
5.325171587e-06	4.659487705e-06	0
5.344801997e-06	4.656485784e-06	0
5.364432407e-06	4.653483862e-06	0
5.384062818e-06	4.650481941e-06	0
5.403693228e-06	4.647480019e-06	0
5.423323638e-06	4.644478098e-06	0
5.442954049e-06	4.641476176e-06	0
5.462584459e-06	4.638474255e-06	0
5.48221487e-06	4.635472333e-06	0
5.50184528e-06	4.632470412e-06	0
5.52147569e-06	4.629468491e-06	0
5.541106101e-06	4.626466569e-06	0
5.560736511e-06	4.623464648e-06	0
5.580366921e-06	4.620462726e-06	0
5.599997332e-06	4.617460805e-06	0
5.619627742e-06	4.614458883e-06	0
5.639258152e-06	4.611456962e-06	0
5.658888563e-06	4.60845504e-06	0
5.678518973e-06	4.605453119e-06	0
5.698149384e-06	4.602451197e-06	0
5.717779794e-06	4.599449276e-06	0
5.737410204e-06	4.596447354e-06	0
5.757040615e-06	4.593445433e-06	0
5.776671025e-06	4.590443511e-06	0
5.796301435e-06	4.58744159e-06	0
5.815931846e-06	4.584439668e-06	0
5.835562256e-06	4.581437747e-06	0
5.855192666e-06	4.578435825e-06	0
5.874823077e-06	4.575433904e-06	0
5.894453487e-06	4.572431982e-06	0
5.914083897e-06	4.569430061e-06	0
5.933714308e-06	4.566428139e-06	0
5.953344718e-06	4.563426218e-06	0
5.972975129e-06	4.560424296e-06	0
5.992605539e-06	4.557422375e-06	0
6.012235949e-06	4.554420453e-06	0
6.03186636e-06	4.551418532e-06	0
6.05149677e-06	4.54841661e-06	0
6.07112718e-06	4.545414689e-06	0
6.090757591e-06	4.542412767e-06	0
6.110388001e-06	4.539410846e-06	0
6.130018411e-06	4.536408924e-06	0
6.149648822e-06	4.533407003e-06	0
6.169279232e-06	4.530405081e-06	0
6.188909643e-06	4.52740316e-06	0
6.208540053e-06	4.524401238e-06	0
6.228170463e-06	4.521399317e-06	0
6.247800874e-06	4.518397395e-06	0
6.267431284e-06	4.515395474e-06	0
6.287061694e-06	4.512393552e-06	0
6.306692105e-06	4.509391631e-06	0
6.326322515e-06	4.506389709e-06	0
6.345952925e-06	4.503387788e-06	0
6.365583336e-06	4.500385866e-06	0
6.385213746e-06	4.497383945e-06	0
6.404844157e-06	4.494382023e-06	0
6.424474567e-06	4.491380102e-06	0
6.444104977e-06	4.48837818e-06	0
6.463735388e-06	4.485376259e-06	0
6.483365798e-06	4.482374337e-06	0
6.502996208e-06	4.479372416e-06	0
6.522626619e-06	4.476370494e-06	0
6.542257029e-06	4.473368573e-06	0
6.561887439e-06	4.470366651e-06	0
6.58151785e-06	4.46736473e-06	0
6.60114826e-06	4.464362809e-06	0
6.620778671e-06	4.461360887e-06	0
6.640409081e-06	4.458358966e-06	0
6.660039491e-06	4.455357044e-06	0
6.679669902e-06	4.452355123e-06	0
6.699300312e-06	4.449353201e-06	0
6.718930722e-06	4.44635128e-06	0
6.738561133e-06	4.443349358e-06	0
6.758191543e-06	4.440347437e-06	0
6.777821953e-06	4.437345515e-06	0
6.797452364e-06	4.434343594e-06	0
6.817082774e-06	4.431341672e-06	0
6.836713184e-06	4.428339751e-06	0
6.856343595e-06	4.425337829e-06	0
6.875974005e-06	4.422335908e-06	0
6.895604416e-06	4.419333986e-06	0
6.895604416e-06	4.419333986e-06	-10
6.895604416e-06	4.419333986e-06	-10
6.895604416e-06	4.419333986e-06	-10
6.895604416e-06	4.419333986e-06	-10
6.895604416e-06	4.419333986e-06	-10
6.895604416e-06	4.419333986e-06	-10
6.895604416e-06	4.419333986e-06	-10
6.895604416e-06	4.419333986e-06	-10
6.895604416e-06	4.419333986e-06	-10
6.895604416e-06	4.419333986e-06	-10
6.895604416e-06	4.419333986e-06	-10
6.895604416e-06	4.419333986e-06	-10
6.895604416e-06	4.419333986e-06	-10
6.895604416e-06	4.419333986e-06	-10
6.895604416e-06	4.419333986e-06	-10
6.895604416e-06	4.419333986e-06	-10
6.895604416e-06	4.419333986e-06	-10
6.895604416e-06	4.419333986e-06	-10
6.895604416e-06	4.419333986e-06	-10
6.895604416e-06	4.419333986e-06	-10
6.895604416e-06	4.419333986e-06	-10
6.895604416e-06	4.419333986e-06	-10
6.895604416e-06	4.419333986e-06	-10
6.895604416e-06	4.419333986e-06	-10
6.895604416e-06	4.419333986e-06	-10
6.895604416e-06	4.419333986e-06	0
6.876223157e-06	4.420519395e-06	0
6.856841899e-06	4.421704803e-06	0
6.837460641e-06	4.422890212e-06	0
6.818079383e-06	4.42407562e-06	0
6.798698124e-06	4.425261029e-06	0
6.779316866e-06	4.426446437e-06	0
6.759935608e-06	4.427631846e-06	0
6.74055435e-06	4.428817254e-06	0
6.721173092e-06	4.430002663e-06	0
6.701791833e-06	4.431188071e-06	0
6.701791833e-06	4.431188071e-06	-10
6.701791833e-06	4.431188071e-06	-10
6.701791833e-06	4.431188071e-06	-10
6.701791833e-06	4.431188071e-06	-10
6.701791833e-06	4.431188071e-06	-10
6.701791833e-06	4.431188071e-06	-10
6.701791833e-06	4.431188071e-06	-10
6.701791833e-06	4.431188071e-06	-10
6.701791833e-06	4.431188071e-06	-10
6.701791833e-06	4.431188071e-06	-10
6.701791833e-06	4.431188071e-06	-10
6.701791833e-06	4.431188071e-06	-10
6.701791833e-06	4.431188071e-06	-10
6.701791833e-06	4.431188071e-06	-10
6.701791833e-06	4.431188071e-06	-10
6.701791833e-06	4.431188071e-06	-10
6.701791833e-06	4.431188071e-06	-10
6.701791833e-06	4.431188071e-06	-10
6.701791833e-06	4.431188071e-06	-10
6.701791833e-06	4.431188071e-06	-10
6.701791833e-06	4.431188071e-06	-10
6.701791833e-06	4.431188071e-06	-10
6.701791833e-06	4.431188071e-06	-10
6.701791833e-06	4.431188071e-06	-10
6.701791833e-06	4.431188071e-06	-10
6.701791833e-06	4.431188071e-06	0
6.682410575e-06	4.43237348e-06	0
6.663029317e-06	4.433558889e-06	0
6.643648059e-06	4.434744297e-06	0
6.6242668e-06	4.435929706e-06	0
6.604885542e-06	4.437115114e-06	0
6.585504284e-06	4.438300523e-06	0
6.566123026e-06	4.439485931e-06	0
6.546741768e-06	4.44067134e-06	0
6.527360509e-06	4.441856748e-06	0
6.507979251e-06	4.443042157e-06	0
6.507979251e-06	4.443042157e-06	-10
6.507979251e-06	4.443042157e-06	-10
6.507979251e-06	4.443042157e-06	-10
6.507979251e-06	4.443042157e-06	-10
6.507979251e-06	4.443042157e-06	-10
6.507979251e-06	4.443042157e-06	-10
6.507979251e-06	4.443042157e-06	-10
6.507979251e-06	4.443042157e-06	-10
6.507979251e-06	4.443042157e-06	-10
6.507979251e-06	4.443042157e-06	-10
6.507979251e-06	4.443042157e-06	-10
6.507979251e-06	4.443042157e-06	-10
6.507979251e-06	4.443042157e-06	-10
6.507979251e-06	4.443042157e-06	-10
6.507979251e-06	4.443042157e-06	-10
6.507979251e-06	4.443042157e-06	-10
6.507979251e-06	4.443042157e-06	-10
6.507979251e-06	4.443042157e-06	-10
6.507979251e-06	4.443042157e-06	-10
6.507979251e-06	4.443042157e-06	-10
6.507979251e-06	4.443042157e-06	-10
6.507979251e-06	4.443042157e-06	-10
6.507979251e-06	4.443042157e-06	-10
6.507979251e-06	4.443042157e-06	-10
6.507979251e-06	4.443042157e-06	-10
6.507979251e-06	4.443042157e-06	0
6.488597993e-06	4.444227565e-06	0
6.469216735e-06	4.445412974e-06	0
6.449835476e-06	4.446598382e-06	0
6.430454218e-06	4.447783791e-06	0
6.41107296e-06	4.4489692e-06	0
6.391691702e-06	4.450154608e-06	0
6.372310444e-06	4.451340017e-06	0
6.352929185e-06	4.452525425e-06	0
6.333547927e-06	4.453710834e-06	0
6.314166669e-06	4.454896242e-06	0
6.314166669e-06	4.454896242e-06	-10
6.314166669e-06	4.454896242e-06	-10
6.314166669e-06	4.454896242e-06	-10
6.314166669e-06	4.454896242e-06	-10
6.314166669e-06	4.454896242e-06	-10
6.314166669e-06	4.454896242e-06	-10
6.314166669e-06	4.454896242e-06	-10
6.314166669e-06	4.454896242e-06	-10
6.314166669e-06	4.454896242e-06	-10
6.314166669e-06	4.454896242e-06	-10
6.314166669e-06	4.454896242e-06	-10
6.314166669e-06	4.454896242e-06	-10
6.314166669e-06	4.454896242e-06	-10
6.314166669e-06	4.454896242e-06	-10
6.314166669e-06	4.454896242e-06	-10
6.314166669e-06	4.454896242e-06	-10
6.314166669e-06	4.454896242e-06	-10
6.314166669e-06	4.454896242e-06	-10
6.314166669e-06	4.454896242e-06	-10
6.314166669e-06	4.454896242e-06	-10
6.314166669e-06	4.454896242e-06	-10
6.314166669e-06	4.454896242e-06	-10
6.314166669e-06	4.454896242e-06	-10
6.314166669e-06	4.454896242e-06	-10
6.314166669e-06	4.454896242e-06	-10
6.314166669e-06	4.454896242e-06	0
6.294785411e-06	4.456081651e-06	0
6.275404152e-06	4.457267059e-06	0
6.256022894e-06	4.458452468e-06	0
6.236641636e-06	4.459637876e-06	0
6.217260378e-06	4.460823285e-06	0
6.19787912e-06	4.462008693e-06	0
6.178497861e-06	4.463194102e-06	0
6.159116603e-06	4.46437951e-06	0
6.139735345e-06	4.465564919e-06	0
6.120354087e-06	4.466750328e-06	0
6.120354087e-06	4.466750328e-06	-10
6.120354087e-06	4.466750328e-06	-10
6.120354087e-06	4.466750328e-06	-10
6.120354087e-06	4.466750328e-06	-10
6.120354087e-06	4.466750328e-06	-10
6.120354087e-06	4.466750328e-06	-10
6.120354087e-06	4.466750328e-06	-10
6.120354087e-06	4.466750328e-06	-10
6.120354087e-06	4.466750328e-06	-10
6.120354087e-06	4.466750328e-06	-10
6.120354087e-06	4.466750328e-06	-10
6.120354087e-06	4.466750328e-06	-10
6.120354087e-06	4.466750328e-06	-10
6.120354087e-06	4.466750328e-06	-10
6.120354087e-06	4.466750328e-06	-10
6.120354087e-06	4.466750328e-06	-10
6.120354087e-06	4.466750328e-06	-10
6.120354087e-06	4.466750328e-06	-10
6.120354087e-06	4.466750328e-06	-10
6.120354087e-06	4.466750328e-06	-10
6.120354087e-06	4.466750328e-06	-10
6.120354087e-06	4.466750328e-06	-10
6.120354087e-06	4.466750328e-06	-10
6.120354087e-06	4.466750328e-06	-10
6.120354087e-06	4.466750328e-06	-10
6.120354087e-06	4.466750328e-06	0
6.100972828e-06	4.467935736e-06	0
6.08159157e-06	4.469121145e-06	0
6.062210312e-06	4.470306553e-06	0
6.042829054e-06	4.471491962e-06	0
6.023447796e-06	4.47267737e-06	0
6.004066537e-06	4.473862779e-06	0
5.984685279e-06	4.475048187e-06	0
5.965304021e-06	4.476233596e-06	0
5.945922763e-06	4.477419004e-06	0
5.926541504e-06	4.478604413e-06	0
5.926541504e-06	4.478604413e-06	-10
5.926541504e-06	4.478604413e-06	-10
5.926541504e-06	4.478604413e-06	-10
5.926541504e-06	4.478604413e-06	-10
5.926541504e-06	4.478604413e-06	-10
5.926541504e-06	4.478604413e-06	-10
5.926541504e-06	4.478604413e-06	-10
5.926541504e-06	4.478604413e-06	-10
5.926541504e-06	4.478604413e-06	-10
5.926541504e-06	4.478604413e-06	-10
5.926541504e-06	4.478604413e-06	-10
5.926541504e-06	4.478604413e-06	-10
5.926541504e-06	4.478604413e-06	-10
5.926541504e-06	4.478604413e-06	-10
5.926541504e-06	4.478604413e-06	-10
5.926541504e-06	4.478604413e-06	-10
5.926541504e-06	4.478604413e-06	-10
5.926541504e-06	4.478604413e-06	-10
5.926541504e-06	4.478604413e-06	-10
5.926541504e-06	4.478604413e-06	-10
5.926541504e-06	4.478604413e-06	-10
5.926541504e-06	4.478604413e-06	-10
5.926541504e-06	4.478604413e-06	-10
5.926541504e-06	4.478604413e-06	-10
5.926541504e-06	4.478604413e-06	-10
5.926541504e-06	4.478604413e-06	0
5.907160246e-06	4.479789821e-06	0
5.887778988e-06	4.48097523e-06	0
5.86839773e-06	4.482160638e-06	0
5.849016472e-06	4.483346047e-06	0
5.829635213e-06	4.484531456e-06	0
5.810253955e-06	4.485716864e-06	0
5.790872697e-06	4.486902273e-06	0
5.771491439e-06	4.488087681e-06	0
5.75211018e-06	4.48927309e-06	0
5.732728922e-06	4.490458498e-06	0
5.732728922e-06	4.490458498e-06	-10
5.732728922e-06	4.490458498e-06	-10
5.732728922e-06	4.490458498e-06	-10
5.732728922e-06	4.490458498e-06	-10
5.732728922e-06	4.490458498e-06	-10
5.732728922e-06	4.490458498e-06	-10
5.732728922e-06	4.490458498e-06	-10
5.732728922e-06	4.490458498e-06	-10
5.732728922e-06	4.490458498e-06	-10
5.732728922e-06	4.490458498e-06	-10
5.732728922e-06	4.490458498e-06	-10
5.732728922e-06	4.490458498e-06	-10
5.732728922e-06	4.490458498e-06	-10
5.732728922e-06	4.490458498e-06	-10
5.732728922e-06	4.490458498e-06	-10
5.732728922e-06	4.490458498e-06	-10
5.732728922e-06	4.490458498e-06	-10
5.732728922e-06	4.490458498e-06	-10
5.732728922e-06	4.490458498e-06	-10
5.732728922e-06	4.490458498e-06	-10
5.732728922e-06	4.490458498e-06	-10
5.732728922e-06	4.490458498e-06	-10
5.732728922e-06	4.490458498e-06	-10
5.732728922e-06	4.490458498e-06	-10
5.732728922e-06	4.490458498e-06	-10
5.732728922e-06	4.490458498e-06	0
5.713347664e-06	4.491643907e-06	0
5.693966406e-06	4.492829315e-06	0
5.674585148e-06	4.494014724e-06	0
5.655203889e-06	4.495200132e-06	0
5.635822631e-06	4.496385541e-06	0
5.616441373e-06	4.497570949e-06	0
5.597060115e-06	4.498756358e-06	0
5.577678856e-06	4.499941766e-06	0
5.558297598e-06	4.501127175e-06	0
5.53891634e-06	4.502312584e-06	0
5.53891634e-06	4.502312584e-06	-10
5.53891634e-06	4.502312584e-06	-10
5.53891634e-06	4.502312584e-06	-10
5.53891634e-06	4.502312584e-06	-10
5.53891634e-06	4.502312584e-06	-10
5.53891634e-06	4.502312584e-06	-10
5.53891634e-06	4.502312584e-06	-10
5.53891634e-06	4.502312584e-06	-10
5.53891634e-06	4.502312584e-06	-10
5.53891634e-06	4.502312584e-06	-10
5.53891634e-06	4.502312584e-06	-10
5.53891634e-06	4.502312584e-06	-10
5.53891634e-06	4.502312584e-06	-10
5.53891634e-06	4.502312584e-06	-10
5.53891634e-06	4.502312584e-06	-10
5.53891634e-06	4.502312584e-06	-10
5.53891634e-06	4.502312584e-06	-10
5.53891634e-06	4.502312584e-06	-10
5.53891634e-06	4.502312584e-06	-10
5.53891634e-06	4.502312584e-06	-10
5.53891634e-06	4.502312584e-06	-10
5.53891634e-06	4.502312584e-06	-10
5.53891634e-06	4.502312584e-06	-10
5.53891634e-06	4.502312584e-06	-10
5.53891634e-06	4.502312584e-06	-10
5.53891634e-06	4.502312584e-06	0
5.519535082e-06	4.503497992e-06	0
5.500153824e-06	4.504683401e-06	0
5.480772565e-06	4.505868809e-06	0
5.461391307e-06	4.507054218e-06	0
5.442010049e-06	4.508239626e-06	0
5.422628791e-06	4.509425035e-06	0
5.403247532e-06	4.510610443e-06	0
5.383866274e-06	4.511795852e-06	0
5.364485016e-06	4.51298126e-06	0
5.345103758e-06	4.514166669e-06	0
5.345103758e-06	4.514166669e-06	-10
5.345103758e-06	4.514166669e-06	-10
5.345103758e-06	4.514166669e-06	-10
5.345103758e-06	4.514166669e-06	-10
5.345103758e-06	4.514166669e-06	-10
5.345103758e-06	4.514166669e-06	-10
5.345103758e-06	4.514166669e-06	-10
5.345103758e-06	4.514166669e-06	-10
5.345103758e-06	4.514166669e-06	-10
5.345103758e-06	4.514166669e-06	-10
5.345103758e-06	4.514166669e-06	-10
5.345103758e-06	4.514166669e-06	-10
5.345103758e-06	4.514166669e-06	-10
5.345103758e-06	4.514166669e-06	-10
5.345103758e-06	4.514166669e-06	-10
5.345103758e-06	4.514166669e-06	-10
5.345103758e-06	4.514166669e-06	-10
5.345103758e-06	4.514166669e-06	-10
5.345103758e-06	4.514166669e-06	-10
5.345103758e-06	4.514166669e-06	-10
5.345103758e-06	4.514166669e-06	-10
5.345103758e-06	4.514166669e-06	-10
5.345103758e-06	4.514166669e-06	-10
5.345103758e-06	4.514166669e-06	-10
5.345103758e-06	4.514166669e-06	-10
5.345103758e-06	4.514166669e-06	0
5.3257225e-06	4.515352077e-06	0
5.306341241e-06	4.516537486e-06	0
5.286959983e-06	4.517722895e-06	0
5.267578725e-06	4.518908303e-06	0
5.248197467e-06	4.520093712e-06	0
5.228816208e-06	4.52127912e-06	0
5.20943495e-06	4.522464529e-06	0
5.190053692e-06	4.523649937e-06	0
5.170672434e-06	4.524835346e-06	0
5.151291176e-06	4.526020754e-06	0
5.151291176e-06	4.526020754e-06	-10
5.151291176e-06	4.526020754e-06	-10
5.151291176e-06	4.526020754e-06	-10
5.151291176e-06	4.526020754e-06	-10
5.151291176e-06	4.526020754e-06	-10
5.151291176e-06	4.526020754e-06	-10
5.151291176e-06	4.526020754e-06	-10
5.151291176e-06	4.526020754e-06	-10
5.151291176e-06	4.526020754e-06	-10
5.151291176e-06	4.526020754e-06	-10
5.151291176e-06	4.526020754e-06	-10
5.151291176e-06	4.526020754e-06	-10
5.151291176e-06	4.526020754e-06	-10
5.151291176e-06	4.526020754e-06	-10
5.151291176e-06	4.526020754e-06	-10
5.151291176e-06	4.526020754e-06	-10
5.151291176e-06	4.526020754e-06	-10
5.151291176e-06	4.526020754e-06	-10
5.151291176e-06	4.526020754e-06	-10
5.151291176e-06	4.526020754e-06	-10
5.151291176e-06	4.526020754e-06	-10
5.151291176e-06	4.526020754e-06	-10
5.151291176e-06	4.526020754e-06	-10
5.151291176e-06	4.526020754e-06	-10
5.151291176e-06	4.526020754e-06	-10
5.151291176e-06	4.526020754e-06	0
5.131909917e-06	4.527206163e-06	0
5.112528659e-06	4.528391571e-06	0
5.093147401e-06	4.52957698e-06	0
5.073766143e-06	4.530762388e-06	0
5.054384884e-06	4.531947797e-06	0
5.035003626e-06	4.533133205e-06	0
5.015622368e-06	4.534318614e-06	0
4.99624111e-06	4.535504023e-06	0
4.976859852e-06	4.536689431e-06	0
4.957478593e-06	4.53787484e-06	0
4.957478593e-06	4.53787484e-06	-10
4.957478593e-06	4.53787484e-06	-10
4.957478593e-06	4.53787484e-06	-10
4.957478593e-06	4.53787484e-06	-10
4.957478593e-06	4.53787484e-06	-10
4.957478593e-06	4.53787484e-06	-10
4.957478593e-06	4.53787484e-06	-10
4.957478593e-06	4.53787484e-06	-10
4.957478593e-06	4.53787484e-06	-10
4.957478593e-06	4.53787484e-06	-10
4.957478593e-06	4.53787484e-06	-10
4.957478593e-06	4.53787484e-06	-10
4.957478593e-06	4.53787484e-06	-10
4.957478593e-06	4.53787484e-06	-10
4.957478593e-06	4.53787484e-06	-10
4.957478593e-06	4.53787484e-06	-10
4.957478593e-06	4.53787484e-06	-10
4.957478593e-06	4.53787484e-06	-10
4.957478593e-06	4.53787484e-06	-10
4.957478593e-06	4.53787484e-06	-10
4.957478593e-06	4.53787484e-06	-10
4.957478593e-06	4.53787484e-06	-10
4.957478593e-06	4.53787484e-06	-10
4.957478593e-06	4.53787484e-06	-10
4.957478593e-06	4.53787484e-06	-10
4.957478593e-06	4.53787484e-06	0
4.938097335e-06	4.539060248e-06	0
4.918716077e-06	4.540245657e-06	0
4.899334819e-06	4.541431065e-06	0
4.87995356e-06	4.542616474e-06	0
4.860572302e-06	4.543801882e-06	0
4.841191044e-06	4.544987291e-06	0
4.821809786e-06	4.546172699e-06	0
4.802428528e-06	4.547358108e-06	0
4.783047269e-06	4.548543516e-06	0
4.763666011e-06	4.549728925e-06	0
4.763666011e-06	4.549728925e-06	-10
4.763666011e-06	4.549728925e-06	-10
4.763666011e-06	4.549728925e-06	-10
4.763666011e-06	4.549728925e-06	-10
4.763666011e-06	4.549728925e-06	-10
4.763666011e-06	4.549728925e-06	-10
4.763666011e-06	4.549728925e-06	-10
4.763666011e-06	4.549728925e-06	-10
4.763666011e-06	4.549728925e-06	-10
4.763666011e-06	4.549728925e-06	-10
4.763666011e-06	4.549728925e-06	-10
4.763666011e-06	4.549728925e-06	-10
4.763666011e-06	4.549728925e-06	-10
4.763666011e-06	4.549728925e-06	-10
4.763666011e-06	4.549728925e-06	-10
4.763666011e-06	4.549728925e-06	-10
4.763666011e-06	4.549728925e-06	-10
4.763666011e-06	4.549728925e-06	-10
4.763666011e-06	4.549728925e-06	-10
4.763666011e-06	4.549728925e-06	-10
4.763666011e-06	4.549728925e-06	-10
4.763666011e-06	4.549728925e-06	-10
4.763666011e-06	4.549728925e-06	-10
4.763666011e-06	4.549728925e-06	-10
4.763666011e-06	4.549728925e-06	-10
4.763666011e-06	4.549728925e-06	0
4.783296422e-06	4.546727003e-06	0
4.802926832e-06	4.543725082e-06	0
4.822557242e-06	4.54072316e-06	0
4.842187653e-06	4.537721239e-06	0
4.861818063e-06	4.534719317e-06	0
4.881448473e-06	4.531717396e-06	0
4.901078884e-06	4.528715475e-06	0
4.920709294e-06	4.525713553e-06	0
4.940339704e-06	4.522711632e-06	0
4.959970115e-06	4.51970971e-06	0
4.979600525e-06	4.516707789e-06	0
4.999230936e-06	4.513705867e-06	0
5.018861346e-06	4.510703946e-06	0
5.038491756e-06	4.507702024e-06	0
5.058122167e-06	4.504700103e-06	0
5.077752577e-06	4.501698181e-06	0
5.097382987e-06	4.49869626e-06	0
5.117013398e-06	4.495694338e-06	0
5.136643808e-06	4.492692417e-06	0
5.156274218e-06	4.489690495e-06	0
5.175904629e-06	4.486688574e-06	0
5.195535039e-06	4.483686652e-06	0
5.215165449e-06	4.480684731e-06	0
5.23479586e-06	4.477682809e-06	0
5.25442627e-06	4.474680888e-06	0
5.274056681e-06	4.471678966e-06	0
5.293687091e-06	4.468677045e-06	0
5.313317501e-06	4.465675123e-06	0
5.332947912e-06	4.462673202e-06	0
5.352578322e-06	4.45967128e-06	0
5.372208732e-06	4.456669359e-06	0
5.391839143e-06	4.453667437e-06	0
5.411469553e-06	4.450665516e-06	0
5.431099963e-06	4.447663594e-06	0
5.450730374e-06	4.444661673e-06	0
5.470360784e-06	4.441659751e-06	0
5.489991195e-06	4.43865783e-06	0
5.509621605e-06	4.435655908e-06	0
5.529252015e-06	4.432653987e-06	0
5.548882426e-06	4.429652065e-06	0
5.568512836e-06	4.426650144e-06	0
5.588143246e-06	4.423648222e-06	0
5.607773657e-06	4.420646301e-06	0
5.627404067e-06	4.417644379e-06	0
5.647034477e-06	4.414642458e-06	0
5.666664888e-06	4.411640536e-06	0
5.686295298e-06	4.408638615e-06	0
5.705925709e-06	4.405636693e-06	0
5.725556119e-06	4.402634772e-06	0
5.745186529e-06	4.39963285e-06	0
5.76481694e-06	4.396630929e-06	0
5.78444735e-06	4.393629007e-06	0
5.80407776e-06	4.390627086e-06	0
5.823708171e-06	4.387625164e-06	0
5.843338581e-06	4.384623243e-06	0
5.862968991e-06	4.381621321e-06	0
5.882599402e-06	4.3786194e-06	0
5.902229812e-06	4.375617478e-06	0
5.921860223e-06	4.372615557e-06	0
5.941490633e-06	4.369613635e-06	0
5.961121043e-06	4.366611714e-06	0
5.980751454e-06	4.363609793e-06	0
6.000381864e-06	4.360607871e-06	0
6.020012274e-06	4.35760595e-06	0
6.039642685e-06	4.354604028e-06	0
6.059273095e-06	4.351602107e-06	0
6.078903505e-06	4.348600185e-06	0
6.098533916e-06	4.345598264e-06	0
6.118164326e-06	4.342596342e-06	0
6.137794736e-06	4.339594421e-06	0
6.157425147e-06	4.336592499e-06	0
6.177055557e-06	4.333590578e-06	0
6.196685968e-06	4.330588656e-06	0
6.216316378e-06	4.327586735e-06	0
6.235946788e-06	4.324584813e-06	0
6.255577199e-06	4.321582892e-06	0
6.275207609e-06	4.31858097e-06	0
6.294838019e-06	4.315579049e-06	0
6.31446843e-06	4.312577127e-06	0
6.33409884e-06	4.309575206e-06	0
6.35372925e-06	4.306573284e-06	0
6.373359661e-06	4.303571363e-06	0
6.392990071e-06	4.300569441e-06	0
6.412620482e-06	4.29756752e-06	0
6.432250892e-06	4.294565598e-06	0
6.451881302e-06	4.291563677e-06	0
6.471511713e-06	4.288561755e-06	0
6.491142123e-06	4.285559834e-06	0
6.510772533e-06	4.282557912e-06	0
6.530402944e-06	4.279555991e-06	0
6.550033354e-06	4.276554069e-06	0
6.569663764e-06	4.273552148e-06	0
6.589294175e-06	4.270550226e-06	0
6.608924585e-06	4.267548305e-06	0
6.628554996e-06	4.264546383e-06	0
6.648185406e-06	4.261544462e-06	0
6.667815816e-06	4.25854254e-06	0
6.687446227e-06	4.255540619e-06	0
6.707076637e-06	4.252538697e-06	0
6.726707047e-06	4.249536776e-06	0
6.746337458e-06	4.246534854e-06	0
6.765967868e-06	4.243532933e-06	0
6.785598278e-06	4.240531011e-06	0
6.805228689e-06	4.23752909e-06	0
6.824859099e-06	4.234527168e-06	0
6.844489509e-06	4.231525247e-06	0
6.86411992e-06	4.228523325e-06	0
6.88375033e-06	4.225521404e-06	0
6.88375033e-06	4.225521404e-06	10
6.88375033e-06	4.225521404e-06	10
6.88375033e-06	4.225521404e-06	10
6.88375033e-06	4.225521404e-06	10
6.88375033e-06	4.225521404e-06	10
6.88375033e-06	4.225521404e-06	10
6.88375033e-06	4.225521404e-06	10
6.88375033e-06	4.225521404e-06	10
6.88375033e-06	4.225521404e-06	10
6.88375033e-06	4.225521404e-06	10
6.88375033e-06	4.225521404e-06	10
6.88375033e-06	4.225521404e-06	10
6.88375033e-06	4.225521404e-06	10
6.88375033e-06	4.225521404e-06	10
6.88375033e-06	4.225521404e-06	10
6.88375033e-06	4.225521404e-06	10
6.88375033e-06	4.225521404e-06	10
6.88375033e-06	4.225521404e-06	10
6.88375033e-06	4.225521404e-06	10
6.88375033e-06	4.225521404e-06	10
6.88375033e-06	4.225521404e-06	10
6.88375033e-06	4.225521404e-06	10
6.88375033e-06	4.225521404e-06	10
6.88375033e-06	4.225521404e-06	10
6.88375033e-06	4.225521404e-06	10
6.88375033e-06	4.225521404e-06	0
6.864369072e-06	4.226706812e-06	0
6.844987814e-06	4.227892221e-06	0
6.825606556e-06	4.22907763e-06	0
6.806225297e-06	4.230263038e-06	0
6.786844039e-06	4.231448447e-06	0
6.767462781e-06	4.232633855e-06	0
6.748081523e-06	4.233819264e-06	0
6.728700264e-06	4.235004672e-06	0
6.709319006e-06	4.236190081e-06	0
6.689937748e-06	4.237375489e-06	0
6.689937748e-06	4.237375489e-06	10
6.689937748e-06	4.237375489e-06	10
6.689937748e-06	4.237375489e-06	10
6.689937748e-06	4.237375489e-06	10
6.689937748e-06	4.237375489e-06	10
6.689937748e-06	4.237375489e-06	10
6.689937748e-06	4.237375489e-06	10
6.689937748e-06	4.237375489e-06	10
6.689937748e-06	4.237375489e-06	10
6.689937748e-06	4.237375489e-06	10
6.689937748e-06	4.237375489e-06	10
6.689937748e-06	4.237375489e-06	10
6.689937748e-06	4.237375489e-06	10
6.689937748e-06	4.237375489e-06	10
6.689937748e-06	4.237375489e-06	10
6.689937748e-06	4.237375489e-06	10
6.689937748e-06	4.237375489e-06	10
6.689937748e-06	4.237375489e-06	10
6.689937748e-06	4.237375489e-06	10
6.689937748e-06	4.237375489e-06	10
6.689937748e-06	4.237375489e-06	10
6.689937748e-06	4.237375489e-06	10
6.689937748e-06	4.237375489e-06	10
6.689937748e-06	4.237375489e-06	10
6.689937748e-06	4.237375489e-06	10
6.689937748e-06	4.237375489e-06	0
6.67055649e-06	4.238560898e-06	0
6.651175232e-06	4.239746306e-06	0
6.631793973e-06	4.240931715e-06	0
6.612412715e-06	4.242117123e-06	0
6.593031457e-06	4.243302532e-06	0
6.573650199e-06	4.24448794e-06	0
6.55426894e-06	4.245673349e-06	0
6.534887682e-06	4.246858758e-06	0
6.515506424e-06	4.248044166e-06	0
6.496125166e-06	4.249229575e-06	0
6.496125166e-06	4.249229575e-06	10
6.496125166e-06	4.249229575e-06	10
6.496125166e-06	4.249229575e-06	10
6.496125166e-06	4.249229575e-06	10
6.496125166e-06	4.249229575e-06	10
6.496125166e-06	4.249229575e-06	10
6.496125166e-06	4.249229575e-06	10
6.496125166e-06	4.249229575e-06	10
6.496125166e-06	4.249229575e-06	10
6.496125166e-06	4.249229575e-06	10
6.496125166e-06	4.249229575e-06	10
6.496125166e-06	4.249229575e-06	10
6.496125166e-06	4.249229575e-06	10
6.496125166e-06	4.249229575e-06	10
6.496125166e-06	4.249229575e-06	10
6.496125166e-06	4.249229575e-06	10
6.496125166e-06	4.249229575e-06	10
6.496125166e-06	4.249229575e-06	10
6.496125166e-06	4.249229575e-06	10
6.496125166e-06	4.249229575e-06	10
6.496125166e-06	4.249229575e-06	10
6.496125166e-06	4.249229575e-06	10
6.496125166e-06	4.249229575e-06	10
6.496125166e-06	4.249229575e-06	10
6.496125166e-06	4.249229575e-06	10
6.496125166e-06	4.249229575e-06	0
6.476743908e-06	4.250414983e-06	0
6.457362649e-06	4.251600392e-06	0
6.437981391e-06	4.2527858e-06	0
6.418600133e-06	4.253971209e-06	0
6.399218875e-06	4.255156617e-06	0
6.379837616e-06	4.256342026e-06	0
6.360456358e-06	4.257527434e-06	0
6.3410751e-06	4.258712843e-06	0
6.321693842e-06	4.259898251e-06	0
6.302312584e-06	4.26108366e-06	0
6.302312584e-06	4.26108366e-06	10
6.302312584e-06	4.26108366e-06	10
6.302312584e-06	4.26108366e-06	10
6.302312584e-06	4.26108366e-06	10
6.302312584e-06	4.26108366e-06	10
6.302312584e-06	4.26108366e-06	10
6.302312584e-06	4.26108366e-06	10
6.302312584e-06	4.26108366e-06	10
6.302312584e-06	4.26108366e-06	10
6.302312584e-06	4.26108366e-06	10
6.302312584e-06	4.26108366e-06	10
6.302312584e-06	4.26108366e-06	10
6.302312584e-06	4.26108366e-06	10
6.302312584e-06	4.26108366e-06	10
6.302312584e-06	4.26108366e-06	10
6.302312584e-06	4.26108366e-06	10
6.302312584e-06	4.26108366e-06	10
6.302312584e-06	4.26108366e-06	10
6.302312584e-06	4.26108366e-06	10
6.302312584e-06	4.26108366e-06	10
6.302312584e-06	4.26108366e-06	10
6.302312584e-06	4.26108366e-06	10
6.302312584e-06	4.26108366e-06	10
6.302312584e-06	4.26108366e-06	10
6.302312584e-06	4.26108366e-06	10
6.302312584e-06	4.26108366e-06	0
6.282931325e-06	4.262269068e-06	0
6.263550067e-06	4.263454477e-06	0
6.244168809e-06	4.264639886e-06	0
6.224787551e-06	4.265825294e-06	0
6.205406292e-06	4.267010703e-06	0
6.186025034e-06	4.268196111e-06	0
6.166643776e-06	4.26938152e-06	0
6.147262518e-06	4.270566928e-06	0
6.12788126e-06	4.271752337e-06	0
6.108500001e-06	4.272937745e-06	0
6.108500001e-06	4.272937745e-06	10
6.108500001e-06	4.272937745e-06	10
6.108500001e-06	4.272937745e-06	10
6.108500001e-06	4.272937745e-06	10
6.108500001e-06	4.272937745e-06	10
6.108500001e-06	4.272937745e-06	10
6.108500001e-06	4.272937745e-06	10
6.108500001e-06	4.272937745e-06	10
6.108500001e-06	4.272937745e-06	10
6.108500001e-06	4.272937745e-06	10
6.108500001e-06	4.272937745e-06	10
6.108500001e-06	4.272937745e-06	10
6.108500001e-06	4.272937745e-06	10
6.108500001e-06	4.272937745e-06	10
6.108500001e-06	4.272937745e-06	10
6.108500001e-06	4.272937745e-06	10
6.108500001e-06	4.272937745e-06	10
6.108500001e-06	4.272937745e-06	10
6.108500001e-06	4.272937745e-06	10
6.108500001e-06	4.272937745e-06	10
6.108500001e-06	4.272937745e-06	10
6.108500001e-06	4.272937745e-06	10
6.108500001e-06	4.272937745e-06	10
6.108500001e-06	4.272937745e-06	10
6.108500001e-06	4.272937745e-06	10
6.108500001e-06	4.272937745e-06	0
6.089118743e-06	4.274123154e-06	0
6.069737485e-06	4.275308562e-06	0
6.050356227e-06	4.276493971e-06	0
6.030974968e-06	4.277679379e-06	0
6.01159371e-06	4.278864788e-06	0
5.992212452e-06	4.280050197e-06	0
5.972831194e-06	4.281235605e-06	0
5.953449936e-06	4.282421014e-06	0
5.934068677e-06	4.283606422e-06	0
5.914687419e-06	4.284791831e-06	0
5.914687419e-06	4.284791831e-06	10
5.914687419e-06	4.284791831e-06	10
5.914687419e-06	4.284791831e-06	10
5.914687419e-06	4.284791831e-06	10
5.914687419e-06	4.284791831e-06	10
5.914687419e-06	4.284791831e-06	10
5.914687419e-06	4.284791831e-06	10
5.914687419e-06	4.284791831e-06	10
5.914687419e-06	4.284791831e-06	10
5.914687419e-06	4.284791831e-06	10
5.914687419e-06	4.284791831e-06	10
5.914687419e-06	4.284791831e-06	10
5.914687419e-06	4.284791831e-06	10
5.914687419e-06	4.284791831e-06	10
5.914687419e-06	4.284791831e-06	10
5.914687419e-06	4.284791831e-06	10
5.914687419e-06	4.284791831e-06	10
5.914687419e-06	4.284791831e-06	10
5.914687419e-06	4.284791831e-06	10
5.914687419e-06	4.284791831e-06	10
5.914687419e-06	4.284791831e-06	10
5.914687419e-06	4.284791831e-06	10
5.914687419e-06	4.284791831e-06	10
5.914687419e-06	4.284791831e-06	10
5.914687419e-06	4.284791831e-06	10
5.914687419e-06	4.284791831e-06	0
5.895306161e-06	4.285977239e-06	0
5.875924903e-06	4.287162648e-06	0
5.856543644e-06	4.288348056e-06	0
5.837162386e-06	4.289533465e-06	0
5.817781128e-06	4.290718873e-06	0
5.79839987e-06	4.291904282e-06	0
5.779018612e-06	4.29308969e-06	0
5.759637353e-06	4.294275099e-06	0
5.740256095e-06	4.295460507e-06	0
5.720874837e-06	4.296645916e-06	0
5.720874837e-06	4.296645916e-06	10
5.720874837e-06	4.296645916e-06	10
5.720874837e-06	4.296645916e-06	10
5.720874837e-06	4.296645916e-06	10
5.720874837e-06	4.296645916e-06	10
5.720874837e-06	4.296645916e-06	10
5.720874837e-06	4.296645916e-06	10
5.720874837e-06	4.296645916e-06	10
5.720874837e-06	4.296645916e-06	10
5.720874837e-06	4.296645916e-06	10
5.720874837e-06	4.296645916e-06	10
5.720874837e-06	4.296645916e-06	10
5.720874837e-06	4.296645916e-06	10
5.720874837e-06	4.296645916e-06	10
5.720874837e-06	4.296645916e-06	10
5.720874837e-06	4.296645916e-06	10
5.720874837e-06	4.296645916e-06	10
5.720874837e-06	4.296645916e-06	10
5.720874837e-06	4.296645916e-06	10
5.720874837e-06	4.296645916e-06	10
5.720874837e-06	4.296645916e-06	10
5.720874837e-06	4.296645916e-06	10
5.720874837e-06	4.296645916e-06	10
5.720874837e-06	4.296645916e-06	10
5.720874837e-06	4.296645916e-06	10
5.720874837e-06	4.296645916e-06	0
5.701493579e-06	4.297831325e-06	0
5.68211232e-06	4.299016733e-06	0
5.662731062e-06	4.300202142e-06	0
5.643349804e-06	4.30138755e-06	0
5.623968546e-06	4.302572959e-06	0
5.604587288e-06	4.303758367e-06	0
5.585206029e-06	4.304943776e-06	0
5.565824771e-06	4.306129184e-06	0
5.546443513e-06	4.307314593e-06	0
5.527062255e-06	4.308500001e-06	0
5.527062255e-06	4.308500001e-06	10
5.527062255e-06	4.308500001e-06	10
5.527062255e-06	4.308500001e-06	10
5.527062255e-06	4.308500001e-06	10
5.527062255e-06	4.308500001e-06	10
5.527062255e-06	4.308500001e-06	10
5.527062255e-06	4.308500001e-06	10
5.527062255e-06	4.308500001e-06	10
5.527062255e-06	4.308500001e-06	10
5.527062255e-06	4.308500001e-06	10
5.527062255e-06	4.308500001e-06	10
5.527062255e-06	4.308500001e-06	10
5.527062255e-06	4.308500001e-06	10
5.527062255e-06	4.308500001e-06	10
5.527062255e-06	4.308500001e-06	10
5.527062255e-06	4.308500001e-06	10
5.527062255e-06	4.308500001e-06	10
5.527062255e-06	4.308500001e-06	10
5.527062255e-06	4.308500001e-06	10
5.527062255e-06	4.308500001e-06	10
5.527062255e-06	4.308500001e-06	10
5.527062255e-06	4.308500001e-06	10
5.527062255e-06	4.308500001e-06	10
5.527062255e-06	4.308500001e-06	10
5.527062255e-06	4.308500001e-06	10
5.527062255e-06	4.308500001e-06	0
5.507680996e-06	4.30968541e-06	0
5.488299738e-06	4.310870818e-06	0
5.46891848e-06	4.312056227e-06	0
5.449537222e-06	4.313241635e-06	0
5.430155964e-06	4.314427044e-06	0
5.410774705e-06	4.315612453e-06	0
5.391393447e-06	4.316797861e-06	0
5.372012189e-06	4.31798327e-06	0
5.352630931e-06	4.319168678e-06	0
5.333249672e-06	4.320354087e-06	0
5.333249672e-06	4.320354087e-06	10
5.333249672e-06	4.320354087e-06	10
5.333249672e-06	4.320354087e-06	10
5.333249672e-06	4.320354087e-06	10
5.333249672e-06	4.320354087e-06	10
5.333249672e-06	4.320354087e-06	10
5.333249672e-06	4.320354087e-06	10
5.333249672e-06	4.320354087e-06	10
5.333249672e-06	4.320354087e-06	10
5.333249672e-06	4.320354087e-06	10
5.333249672e-06	4.320354087e-06	10
5.333249672e-06	4.320354087e-06	10
5.333249672e-06	4.320354087e-06	10
5.333249672e-06	4.320354087e-06	10
5.333249672e-06	4.320354087e-06	10
5.333249672e-06	4.320354087e-06	10
5.333249672e-06	4.320354087e-06	10
5.333249672e-06	4.320354087e-06	10
5.333249672e-06	4.320354087e-06	10
5.333249672e-06	4.320354087e-06	10
5.333249672e-06	4.320354087e-06	10
5.333249672e-06	4.320354087e-06	10
5.333249672e-06	4.320354087e-06	10
5.333249672e-06	4.320354087e-06	10
5.333249672e-06	4.320354087e-06	10
5.333249672e-06	4.320354087e-06	0
5.313868414e-06	4.321539495e-06	0
5.294487156e-06	4.322724904e-06	0
5.275105898e-06	4.323910312e-06	0
5.25572464e-06	4.325095721e-06	0
5.236343381e-06	4.326281129e-06	0
5.216962123e-06	4.327466538e-06	0
5.197580865e-06	4.328651946e-06	0
5.178199607e-06	4.329837355e-06	0
5.158818348e-06	4.331022764e-06	0
5.13943709e-06	4.332208172e-06	0
5.13943709e-06	4.332208172e-06	10
5.13943709e-06	4.332208172e-06	10
5.13943709e-06	4.332208172e-06	10
5.13943709e-06	4.332208172e-06	10
5.13943709e-06	4.332208172e-06	10
5.13943709e-06	4.332208172e-06	10
5.13943709e-06	4.332208172e-06	10
5.13943709e-06	4.332208172e-06	10
5.13943709e-06	4.332208172e-06	10
5.13943709e-06	4.332208172e-06	10
5.13943709e-06	4.332208172e-06	10
5.13943709e-06	4.332208172e-06	10
5.13943709e-06	4.332208172e-06	10
5.13943709e-06	4.332208172e-06	10
5.13943709e-06	4.332208172e-06	10
5.13943709e-06	4.332208172e-06	10
5.13943709e-06	4.332208172e-06	10
5.13943709e-06	4.332208172e-06	10
5.13943709e-06	4.332208172e-06	10
5.13943709e-06	4.332208172e-06	10
5.13943709e-06	4.332208172e-06	10
5.13943709e-06	4.332208172e-06	10
5.13943709e-06	4.332208172e-06	10
5.13943709e-06	4.332208172e-06	10
5.13943709e-06	4.332208172e-06	10
5.13943709e-06	4.332208172e-06	0
5.120055832e-06	4.333393581e-06	0
5.100674574e-06	4.334578989e-06	0
5.081293316e-06	4.335764398e-06	0
5.061912057e-06	4.336949806e-06	0
5.042530799e-06	4.338135215e-06	0
5.023149541e-06	4.339320623e-06	0
5.003768283e-06	4.340506032e-06	0
4.984387024e-06	4.34169144e-06	0
4.965005766e-06	4.342876849e-06	0
4.945624508e-06	4.344062257e-06	0
4.945624508e-06	4.344062257e-06	10
4.945624508e-06	4.344062257e-06	10
4.945624508e-06	4.344062257e-06	10
4.945624508e-06	4.344062257e-06	10
4.945624508e-06	4.344062257e-06	10
4.945624508e-06	4.344062257e-06	10
4.945624508e-06	4.344062257e-06	10
4.945624508e-06	4.344062257e-06	10
4.945624508e-06	4.344062257e-06	10
4.945624508e-06	4.344062257e-06	10
4.945624508e-06	4.344062257e-06	10
4.945624508e-06	4.344062257e-06	10
4.945624508e-06	4.344062257e-06	10
4.945624508e-06	4.344062257e-06	10
4.945624508e-06	4.344062257e-06	10
4.945624508e-06	4.344062257e-06	10
4.945624508e-06	4.344062257e-06	10
4.945624508e-06	4.344062257e-06	10
4.945624508e-06	4.344062257e-06	10
4.945624508e-06	4.344062257e-06	10
4.945624508e-06	4.344062257e-06	10
4.945624508e-06	4.344062257e-06	10
4.945624508e-06	4.344062257e-06	10
4.945624508e-06	4.344062257e-06	10
4.945624508e-06	4.344062257e-06	10
4.945624508e-06	4.344062257e-06	0
4.92624325e-06	4.345247666e-06	0
4.906861992e-06	4.346433074e-06	0
4.887480733e-06	4.347618483e-06	0
4.868099475e-06	4.348803892e-06	0
4.848718217e-06	4.3499893e-06	0
4.829336959e-06	4.351174709e-06	0
4.8099557e-06	4.352360117e-06	0
4.790574442e-06	4.353545526e-06	0
4.771193184e-06	4.354730934e-06	0
4.751811926e-06	4.355916343e-06	0
4.751811926e-06	4.355916343e-06	10
4.751811926e-06	4.355916343e-06	10
4.751811926e-06	4.355916343e-06	10
4.751811926e-06	4.355916343e-06	10
4.751811926e-06	4.355916343e-06	10
4.751811926e-06	4.355916343e-06	10
4.751811926e-06	4.355916343e-06	10
4.751811926e-06	4.355916343e-06	10
4.751811926e-06	4.355916343e-06	10
4.751811926e-06	4.355916343e-06	10
4.751811926e-06	4.355916343e-06	10
4.751811926e-06	4.355916343e-06	10
4.751811926e-06	4.355916343e-06	10
4.751811926e-06	4.355916343e-06	10
4.751811926e-06	4.355916343e-06	10
4.751811926e-06	4.355916343e-06	10
4.751811926e-06	4.355916343e-06	10
4.751811926e-06	4.355916343e-06	10
4.751811926e-06	4.355916343e-06	10
4.751811926e-06	4.355916343e-06	10
4.751811926e-06	4.355916343e-06	10
4.751811926e-06	4.355916343e-06	10
4.751811926e-06	4.355916343e-06	10
4.751811926e-06	4.355916343e-06	10
4.751811926e-06	4.355916343e-06	10
4.751811926e-06	4.355916343e-06	0
4.771442336e-06	4.352914421e-06	0
4.791072747e-06	4.3499125e-06	0
4.810703157e-06	4.346910578e-06	0
4.830333567e-06	4.343908657e-06	0
4.849963978e-06	4.340906735e-06	0
4.869594388e-06	4.337904814e-06	0
4.889224798e-06	4.334902892e-06	0
4.908855209e-06	4.331900971e-06	0
4.928485619e-06	4.328899049e-06	0
4.948116029e-06	4.325897128e-06	0
4.96774644e-06	4.322895206e-06	0
4.98737685e-06	4.319893285e-06	0
5.007007261e-06	4.316891363e-06	0
5.026637671e-06	4.313889442e-06	0
5.046268081e-06	4.31088752e-06	0
5.065898492e-06	4.307885599e-06	0
5.085528902e-06	4.304883677e-06	0
5.105159312e-06	4.301881756e-06	0
5.124789723e-06	4.298879834e-06	0
5.144420133e-06	4.295877913e-06	0
5.164050543e-06	4.292875991e-06	0
5.183680954e-06	4.28987407e-06	0
5.203311364e-06	4.286872148e-06	0
5.222941774e-06	4.283870227e-06	0
5.242572185e-06	4.280868305e-06	0
5.262202595e-06	4.277866384e-06	0
5.281833006e-06	4.274864462e-06	0
5.301463416e-06	4.271862541e-06	0
5.321093826e-06	4.268860619e-06	0
5.340724237e-06	4.265858698e-06	0
5.360354647e-06	4.262856777e-06	0
5.379985057e-06	4.259854855e-06	0
5.399615468e-06	4.256852934e-06	0
5.419245878e-06	4.253851012e-06	0
5.438876288e-06	4.250849091e-06	0
5.458506699e-06	4.247847169e-06	0
5.478137109e-06	4.244845248e-06	0
5.49776752e-06	4.241843326e-06	0
5.51739793e-06	4.238841405e-06	0
5.53702834e-06	4.235839483e-06	0
5.556658751e-06	4.232837562e-06	0
5.576289161e-06	4.22983564e-06	0
5.595919571e-06	4.226833719e-06	0
5.615549982e-06	4.223831797e-06	0
5.635180392e-06	4.220829876e-06	0
5.654810802e-06	4.217827954e-06	0
5.674441213e-06	4.214826033e-06	0
5.694071623e-06	4.211824111e-06	0
5.713702034e-06	4.20882219e-06	0
5.733332444e-06	4.205820268e-06	0
5.752962854e-06	4.202818347e-06	0
5.772593265e-06	4.199816425e-06	0
5.792223675e-06	4.196814504e-06	0
5.811854085e-06	4.193812582e-06	0
5.831484496e-06	4.190810661e-06	0
5.851114906e-06	4.187808739e-06	0
5.870745316e-06	4.184806818e-06	0
5.890375727e-06	4.181804896e-06	0
5.910006137e-06	4.178802975e-06	0
5.929636548e-06	4.175801053e-06	0
5.949266958e-06	4.172799132e-06	0
5.968897368e-06	4.16979721e-06	0
5.988527779e-06	4.166795289e-06	0
6.008158189e-06	4.163793367e-06	0
6.027788599e-06	4.160791446e-06	0
6.04741901e-06	4.157789524e-06	0
6.06704942e-06	4.154787603e-06	0
6.08667983e-06	4.151785681e-06	0
6.106310241e-06	4.14878376e-06	0
6.125940651e-06	4.145781838e-06	0
6.145571061e-06	4.142779917e-06	0
6.165201472e-06	4.139777995e-06	0
6.184831882e-06	4.136776074e-06	0
6.204462293e-06	4.133774152e-06	0
6.224092703e-06	4.130772231e-06	0
6.243723113e-06	4.127770309e-06	0
6.263353524e-06	4.124768388e-06	0
6.282983934e-06	4.121766466e-06	0
6.302614344e-06	4.118764545e-06	0
6.322244755e-06	4.115762623e-06	0
6.341875165e-06	4.112760702e-06	0
6.361505575e-06	4.10975878e-06	0
6.381135986e-06	4.106756859e-06	0
6.400766396e-06	4.103754937e-06	0
6.420396807e-06	4.100753016e-06	0
6.440027217e-06	4.097751095e-06	0
6.459657627e-06	4.094749173e-06	0
6.479288038e-06	4.091747252e-06	0
6.498918448e-06	4.08874533e-06	0
6.518548858e-06	4.085743409e-06	0
6.538179269e-06	4.082741487e-06	0
6.557809679e-06	4.079739566e-06	0
6.577440089e-06	4.076737644e-06	0
6.5970705e-06	4.073735723e-06	0
6.61670091e-06	4.070733801e-06	0
6.636331321e-06	4.06773188e-06	0
6.655961731e-06	4.064729958e-06	0
6.675592141e-06	4.061728037e-06	0
6.695222552e-06	4.058726115e-06	0
6.714852962e-06	4.055724194e-06	0
6.734483372e-06	4.052722272e-06	0
6.754113783e-06	4.049720351e-06	0
6.773744193e-06	4.046718429e-06	0
6.793374603e-06	4.043716508e-06	0
6.813005014e-06	4.040714586e-06	0
6.832635424e-06	4.037712665e-06	0
6.852265835e-06	4.034710743e-06	0
6.871896245e-06	4.031708822e-06	0
6.871896245e-06	4.031708822e-06	-10
6.871896245e-06	4.031708822e-06	-10
6.871896245e-06	4.031708822e-06	-10
6.871896245e-06	4.031708822e-06	-10
6.871896245e-06	4.031708822e-06	-10
6.871896245e-06	4.031708822e-06	-10
6.871896245e-06	4.031708822e-06	-10
6.871896245e-06	4.031708822e-06	-10
6.871896245e-06	4.031708822e-06	-10
6.871896245e-06	4.031708822e-06	-10
6.871896245e-06	4.031708822e-06	-10
6.871896245e-06	4.031708822e-06	-10
6.871896245e-06	4.031708822e-06	-10
6.871896245e-06	4.031708822e-06	-10
6.871896245e-06	4.031708822e-06	-10
6.871896245e-06	4.031708822e-06	-10
6.871896245e-06	4.031708822e-06	-10
6.871896245e-06	4.031708822e-06	-10
6.871896245e-06	4.031708822e-06	-10
6.871896245e-06	4.031708822e-06	-10
6.871896245e-06	4.031708822e-06	-10
6.871896245e-06	4.031708822e-06	-10
6.871896245e-06	4.031708822e-06	-10
6.871896245e-06	4.031708822e-06	-10
6.871896245e-06	4.031708822e-06	-10
6.871896245e-06	4.031708822e-06	0
6.852514987e-06	4.03289423e-06	0
6.833133728e-06	4.034079639e-06	0
6.81375247e-06	4.035265047e-06	0
6.794371212e-06	4.036450456e-06	0
6.774989954e-06	4.037635864e-06	0
6.755608696e-06	4.038821273e-06	0
6.736227437e-06	4.040006681e-06	0
6.716846179e-06	4.04119209e-06	0
6.697464921e-06	4.042377499e-06	0
6.678083663e-06	4.043562907e-06	0
6.678083663e-06	4.043562907e-06	-10
6.678083663e-06	4.043562907e-06	-10
6.678083663e-06	4.043562907e-06	-10
6.678083663e-06	4.043562907e-06	-10
6.678083663e-06	4.043562907e-06	-10
6.678083663e-06	4.043562907e-06	-10
6.678083663e-06	4.043562907e-06	-10
6.678083663e-06	4.043562907e-06	-10
6.678083663e-06	4.043562907e-06	-10
6.678083663e-06	4.043562907e-06	-10
6.678083663e-06	4.043562907e-06	-10
6.678083663e-06	4.043562907e-06	-10
6.678083663e-06	4.043562907e-06	-10
6.678083663e-06	4.043562907e-06	-10
6.678083663e-06	4.043562907e-06	-10
6.678083663e-06	4.043562907e-06	-10
6.678083663e-06	4.043562907e-06	-10
6.678083663e-06	4.043562907e-06	-10
6.678083663e-06	4.043562907e-06	-10
6.678083663e-06	4.043562907e-06	-10
6.678083663e-06	4.043562907e-06	-10
6.678083663e-06	4.043562907e-06	-10
6.678083663e-06	4.043562907e-06	-10
6.678083663e-06	4.043562907e-06	-10
6.678083663e-06	4.043562907e-06	-10
6.678083663e-06	4.043562907e-06	0
6.658702404e-06	4.044748316e-06	0
6.639321146e-06	4.045933724e-06	0
6.619939888e-06	4.047119133e-06	0
6.60055863e-06	4.048304541e-06	0
6.581177372e-06	4.04948995e-06	0
6.561796113e-06	4.050675358e-06	0
6.542414855e-06	4.051860767e-06	0
6.523033597e-06	4.053046175e-06	0
6.503652339e-06	4.054231584e-06	0
6.48427108e-06	4.055416992e-06	0
6.48427108e-06	4.055416992e-06	-10
6.48427108e-06	4.055416992e-06	-10
6.48427108e-06	4.055416992e-06	-10
6.48427108e-06	4.055416992e-06	-10
6.48427108e-06	4.055416992e-06	-10
6.48427108e-06	4.055416992e-06	-10
6.48427108e-06	4.055416992e-06	-10
6.48427108e-06	4.055416992e-06	-10
6.48427108e-06	4.055416992e-06	-10
6.48427108e-06	4.055416992e-06	-10
6.48427108e-06	4.055416992e-06	-10
6.48427108e-06	4.055416992e-06	-10
6.48427108e-06	4.055416992e-06	-10
6.48427108e-06	4.055416992e-06	-10
6.48427108e-06	4.055416992e-06	-10
6.48427108e-06	4.055416992e-06	-10
6.48427108e-06	4.055416992e-06	-10
6.48427108e-06	4.055416992e-06	-10
6.48427108e-06	4.055416992e-06	-10
6.48427108e-06	4.055416992e-06	-10
6.48427108e-06	4.055416992e-06	-10
6.48427108e-06	4.055416992e-06	-10
6.48427108e-06	4.055416992e-06	-10
6.48427108e-06	4.055416992e-06	-10
6.48427108e-06	4.055416992e-06	-10
6.48427108e-06	4.055416992e-06	0
6.464889822e-06	4.056602401e-06	0
6.445508564e-06	4.057787809e-06	0
6.426127306e-06	4.058973218e-06	0
6.406746048e-06	4.060158627e-06	0
6.387364789e-06	4.061344035e-06	0
6.367983531e-06	4.062529444e-06	0
6.348602273e-06	4.063714852e-06	0
6.329221015e-06	4.064900261e-06	0
6.309839756e-06	4.066085669e-06	0
6.290458498e-06	4.067271078e-06	0
6.290458498e-06	4.067271078e-06	-10
6.290458498e-06	4.067271078e-06	-10
6.290458498e-06	4.067271078e-06	-10
6.290458498e-06	4.067271078e-06	-10
6.290458498e-06	4.067271078e-06	-10
6.290458498e-06	4.067271078e-06	-10
6.290458498e-06	4.067271078e-06	-10
6.290458498e-06	4.067271078e-06	-10
6.290458498e-06	4.067271078e-06	-10
6.290458498e-06	4.067271078e-06	-10
6.290458498e-06	4.067271078e-06	-10
6.290458498e-06	4.067271078e-06	-10
6.290458498e-06	4.067271078e-06	-10
6.290458498e-06	4.067271078e-06	-10
6.290458498e-06	4.067271078e-06	-10
6.290458498e-06	4.067271078e-06	-10
6.290458498e-06	4.067271078e-06	-10
6.290458498e-06	4.067271078e-06	-10
6.290458498e-06	4.067271078e-06	-10
6.290458498e-06	4.067271078e-06	-10
6.290458498e-06	4.067271078e-06	-10
6.290458498e-06	4.067271078e-06	-10
6.290458498e-06	4.067271078e-06	-10
6.290458498e-06	4.067271078e-06	-10
6.290458498e-06	4.067271078e-06	-10
6.290458498e-06	4.067271078e-06	0
6.27107724e-06	4.068456486e-06	0
6.251695982e-06	4.069641895e-06	0
6.232314724e-06	4.070827303e-06	0
6.212933465e-06	4.072012712e-06	0
6.193552207e-06	4.07319812e-06	0
6.174170949e-06	4.074383529e-06	0
6.154789691e-06	4.075568937e-06	0
6.135408432e-06	4.076754346e-06	0
6.116027174e-06	4.077939755e-06	0
6.096645916e-06	4.079125163e-06	0
6.096645916e-06	4.079125163e-06	-10
6.096645916e-06	4.079125163e-06	-10
6.096645916e-06	4.079125163e-06	-10
6.096645916e-06	4.079125163e-06	-10
6.096645916e-06	4.079125163e-06	-10
6.096645916e-06	4.079125163e-06	-10
6.096645916e-06	4.079125163e-06	-10
6.096645916e-06	4.079125163e-06	-10
6.096645916e-06	4.079125163e-06	-10
6.096645916e-06	4.079125163e-06	-10
6.096645916e-06	4.079125163e-06	-10
6.096645916e-06	4.079125163e-06	-10
6.096645916e-06	4.079125163e-06	-10
6.096645916e-06	4.079125163e-06	-10
6.096645916e-06	4.079125163e-06	-10
6.096645916e-06	4.079125163e-06	-10
6.096645916e-06	4.079125163e-06	-10
6.096645916e-06	4.079125163e-06	-10
6.096645916e-06	4.079125163e-06	-10
6.096645916e-06	4.079125163e-06	-10
6.096645916e-06	4.079125163e-06	-10
6.096645916e-06	4.079125163e-06	-10
6.096645916e-06	4.079125163e-06	-10
6.096645916e-06	4.079125163e-06	-10
6.096645916e-06	4.079125163e-06	-10
6.096645916e-06	4.079125163e-06	0
6.077264658e-06	4.080310572e-06	0
6.0578834e-06	4.08149598e-06	0
6.038502141e-06	4.082681389e-06	0
6.019120883e-06	4.083866797e-06	0
5.999739625e-06	4.085052206e-06	0
5.980358367e-06	4.086237614e-06	0
5.960977108e-06	4.087423023e-06	0
5.94159585e-06	4.088608431e-06	0
5.922214592e-06	4.08979384e-06	0
5.902833334e-06	4.090979248e-06	0
5.902833334e-06	4.090979248e-06	-10
5.902833334e-06	4.090979248e-06	-10
5.902833334e-06	4.090979248e-06	-10
5.902833334e-06	4.090979248e-06	-10
5.902833334e-06	4.090979248e-06	-10
5.902833334e-06	4.090979248e-06	-10
5.902833334e-06	4.090979248e-06	-10
5.902833334e-06	4.090979248e-06	-10
5.902833334e-06	4.090979248e-06	-10
5.902833334e-06	4.090979248e-06	-10
5.902833334e-06	4.090979248e-06	-10
5.902833334e-06	4.090979248e-06	-10
5.902833334e-06	4.090979248e-06	-10
5.902833334e-06	4.090979248e-06	-10
5.902833334e-06	4.090979248e-06	-10
5.902833334e-06	4.090979248e-06	-10
5.902833334e-06	4.090979248e-06	-10
5.902833334e-06	4.090979248e-06	-10
5.902833334e-06	4.090979248e-06	-10
5.902833334e-06	4.090979248e-06	-10
5.902833334e-06	4.090979248e-06	-10
5.902833334e-06	4.090979248e-06	-10
5.902833334e-06	4.090979248e-06	-10
5.902833334e-06	4.090979248e-06	-10
5.902833334e-06	4.090979248e-06	-10
5.902833334e-06	4.090979248e-06	0
5.883452076e-06	4.092164657e-06	0
5.864070817e-06	4.093350066e-06	0
5.844689559e-06	4.094535474e-06	0
5.825308301e-06	4.095720883e-06	0
5.805927043e-06	4.096906291e-06	0
5.786545784e-06	4.0980917e-06	0
5.767164526e-06	4.099277108e-06	0
5.747783268e-06	4.100462517e-06	0
5.72840201e-06	4.101647925e-06	0
5.709020752e-06	4.102833334e-06	0
5.709020752e-06	4.102833334e-06	-10
5.709020752e-06	4.102833334e-06	-10
5.709020752e-06	4.102833334e-06	-10
5.709020752e-06	4.102833334e-06	-10
5.709020752e-06	4.102833334e-06	-10
5.709020752e-06	4.102833334e-06	-10
5.709020752e-06	4.102833334e-06	-10
5.709020752e-06	4.102833334e-06	-10
5.709020752e-06	4.102833334e-06	-10
5.709020752e-06	4.102833334e-06	-10
5.709020752e-06	4.102833334e-06	-10
5.709020752e-06	4.102833334e-06	-10
5.709020752e-06	4.102833334e-06	-10
5.709020752e-06	4.102833334e-06	-10
5.709020752e-06	4.102833334e-06	-10
5.709020752e-06	4.102833334e-06	-10
5.709020752e-06	4.102833334e-06	-10
5.709020752e-06	4.102833334e-06	-10
5.709020752e-06	4.102833334e-06	-10
5.709020752e-06	4.102833334e-06	-10
5.709020752e-06	4.102833334e-06	-10
5.709020752e-06	4.102833334e-06	-10
5.709020752e-06	4.102833334e-06	-10
5.709020752e-06	4.102833334e-06	-10
5.709020752e-06	4.102833334e-06	-10
5.709020752e-06	4.102833334e-06	0
5.689639493e-06	4.104018742e-06	0
5.670258235e-06	4.105204151e-06	0
5.650876977e-06	4.106389559e-06	0
5.631495719e-06	4.107574968e-06	0
5.61211446e-06	4.108760376e-06	0
5.592733202e-06	4.109945785e-06	0
5.573351944e-06	4.111131194e-06	0
5.553970686e-06	4.112316602e-06	0
5.534589428e-06	4.113502011e-06	0
5.515208169e-06	4.114687419e-06	0
5.515208169e-06	4.114687419e-06	-10
5.515208169e-06	4.114687419e-06	-10
5.515208169e-06	4.114687419e-06	-10
5.515208169e-06	4.114687419e-06	-10
5.515208169e-06	4.114687419e-06	-10
5.515208169e-06	4.114687419e-06	-10
5.515208169e-06	4.114687419e-06	-10
5.515208169e-06	4.114687419e-06	-10
5.515208169e-06	4.114687419e-06	-10
5.515208169e-06	4.114687419e-06	-10
5.515208169e-06	4.114687419e-06	-10
5.515208169e-06	4.114687419e-06	-10
5.515208169e-06	4.114687419e-06	-10
5.515208169e-06	4.114687419e-06	-10
5.515208169e-06	4.114687419e-06	-10
5.515208169e-06	4.114687419e-06	-10
5.515208169e-06	4.114687419e-06	-10
5.515208169e-06	4.114687419e-06	-10
5.515208169e-06	4.114687419e-06	-10
5.515208169e-06	4.114687419e-06	-10
5.515208169e-06	4.114687419e-06	-10
5.515208169e-06	4.114687419e-06	-10
5.515208169e-06	4.114687419e-06	-10
5.515208169e-06	4.114687419e-06	-10
5.515208169e-06	4.114687419e-06	-10
5.515208169e-06	4.114687419e-06	0
5.495826911e-06	4.115872828e-06	0
5.476445653e-06	4.117058236e-06	0
5.457064395e-06	4.118243645e-06	0
5.437683136e-06	4.119429053e-06	0
5.418301878e-06	4.120614462e-06	0
5.39892062e-06	4.12179987e-06	0
5.379539362e-06	4.122985279e-06	0
5.360158104e-06	4.124170687e-06	0
5.340776845e-06	4.125356096e-06	0
5.321395587e-06	4.126541504e-06	0
5.321395587e-06	4.126541504e-06	-10
5.321395587e-06	4.126541504e-06	-10
5.321395587e-06	4.126541504e-06	-10
5.321395587e-06	4.126541504e-06	-10
5.321395587e-06	4.126541504e-06	-10
5.321395587e-06	4.126541504e-06	-10
5.321395587e-06	4.126541504e-06	-10
5.321395587e-06	4.126541504e-06	-10
5.321395587e-06	4.126541504e-06	-10
5.321395587e-06	4.126541504e-06	-10
5.321395587e-06	4.126541504e-06	-10
5.321395587e-06	4.126541504e-06	-10
5.321395587e-06	4.126541504e-06	-10
5.321395587e-06	4.126541504e-06	-10
5.321395587e-06	4.126541504e-06	-10
5.321395587e-06	4.126541504e-06	-10
5.321395587e-06	4.126541504e-06	-10
5.321395587e-06	4.126541504e-06	-10
5.321395587e-06	4.126541504e-06	-10
5.321395587e-06	4.126541504e-06	-10
5.321395587e-06	4.126541504e-06	-10
5.321395587e-06	4.126541504e-06	-10
5.321395587e-06	4.126541504e-06	-10
5.321395587e-06	4.126541504e-06	-10
5.321395587e-06	4.126541504e-06	-10
5.321395587e-06	4.126541504e-06	0
5.302014329e-06	4.127726913e-06	0
5.282633071e-06	4.128912322e-06	0
5.263251812e-06	4.13009773e-06	0
5.243870554e-06	4.131283139e-06	0
5.224489296e-06	4.132468547e-06	0
5.205108038e-06	4.133653956e-06	0
5.18572678e-06	4.134839364e-06	0
5.166345521e-06	4.136024773e-06	0
5.146964263e-06	4.137210181e-06	0
5.127583005e-06	4.13839559e-06	0
5.127583005e-06	4.13839559e-06	-10
5.127583005e-06	4.13839559e-06	-10
5.127583005e-06	4.13839559e-06	-10
5.127583005e-06	4.13839559e-06	-10
5.127583005e-06	4.13839559e-06	-10
5.127583005e-06	4.13839559e-06	-10
5.127583005e-06	4.13839559e-06	-10
5.127583005e-06	4.13839559e-06	-10
5.127583005e-06	4.13839559e-06	-10
5.127583005e-06	4.13839559e-06	-10
5.127583005e-06	4.13839559e-06	-10
5.127583005e-06	4.13839559e-06	-10
5.127583005e-06	4.13839559e-06	-10
5.127583005e-06	4.13839559e-06	-10
5.127583005e-06	4.13839559e-06	-10
5.127583005e-06	4.13839559e-06	-10
5.127583005e-06	4.13839559e-06	-10
5.127583005e-06	4.13839559e-06	-10
5.127583005e-06	4.13839559e-06	-10
5.127583005e-06	4.13839559e-06	-10
5.127583005e-06	4.13839559e-06	-10
5.127583005e-06	4.13839559e-06	-10
5.127583005e-06	4.13839559e-06	-10
5.127583005e-06	4.13839559e-06	-10
5.127583005e-06	4.13839559e-06	-10
5.127583005e-06	4.13839559e-06	0
5.108201747e-06	4.139580998e-06	0
5.088820488e-06	4.140766407e-06	0
5.06943923e-06	4.141951815e-06	0
5.050057972e-06	4.143137224e-06	0
5.030676714e-06	4.144322632e-06	0
5.011295456e-06	4.145508041e-06	0
4.991914197e-06	4.14669345e-06	0
4.972532939e-06	4.147878858e-06	0
4.953151681e-06	4.149064267e-06	0
4.933770423e-06	4.150249675e-06	0
4.933770423e-06	4.150249675e-06	-10
4.933770423e-06	4.150249675e-06	-10
4.933770423e-06	4.150249675e-06	-10
4.933770423e-06	4.150249675e-06	-10
4.933770423e-06	4.150249675e-06	-10
4.933770423e-06	4.150249675e-06	-10
4.933770423e-06	4.150249675e-06	-10
4.933770423e-06	4.150249675e-06	-10
4.933770423e-06	4.150249675e-06	-10
4.933770423e-06	4.150249675e-06	-10
4.933770423e-06	4.150249675e-06	-10
4.933770423e-06	4.150249675e-06	-10
4.933770423e-06	4.150249675e-06	-10
4.933770423e-06	4.150249675e-06	-10
4.933770423e-06	4.150249675e-06	-10
4.933770423e-06	4.150249675e-06	-10
4.933770423e-06	4.150249675e-06	-10
4.933770423e-06	4.150249675e-06	-10
4.933770423e-06	4.150249675e-06	-10
4.933770423e-06	4.150249675e-06	-10
4.933770423e-06	4.150249675e-06	-10
4.933770423e-06	4.150249675e-06	-10
4.933770423e-06	4.150249675e-06	-10
4.933770423e-06	4.150249675e-06	-10
4.933770423e-06	4.150249675e-06	-10
4.933770423e-06	4.150249675e-06	0
4.914389164e-06	4.151435084e-06	0
4.895007906e-06	4.152620492e-06	0
4.875626648e-06	4.153805901e-06	0
4.85624539e-06	4.154991309e-06	0
4.836864132e-06	4.156176718e-06	0
4.817482873e-06	4.157362126e-06	0
4.798101615e-06	4.158547535e-06	0
4.778720357e-06	4.159732943e-06	0
4.759339099e-06	4.160918352e-06	0
4.73995784e-06	4.162103761e-06	0
4.73995784e-06	4.162103761e-06	-10
4.73995784e-06	4.162103761e-06	-10
4.73995784e-06	4.162103761e-06	-10
4.73995784e-06	4.162103761e-06	-10
4.73995784e-06	4.162103761e-06	-10
4.73995784e-06	4.162103761e-06	-10
4.73995784e-06	4.162103761e-06	-10
4.73995784e-06	4.162103761e-06	-10
4.73995784e-06	4.162103761e-06	-10
4.73995784e-06	4.162103761e-06	-10
4.73995784e-06	4.162103761e-06	-10
4.73995784e-06	4.162103761e-06	-10
4.73995784e-06	4.162103761e-06	-10
4.73995784e-06	4.162103761e-06	-10
4.73995784e-06	4.162103761e-06	-10
4.73995784e-06	4.162103761e-06	-10
4.73995784e-06	4.162103761e-06	-10
4.73995784e-06	4.162103761e-06	-10
4.73995784e-06	4.162103761e-06	-10
4.73995784e-06	4.162103761e-06	-10
4.73995784e-06	4.162103761e-06	-10
4.73995784e-06	4.162103761e-06	-10
4.73995784e-06	4.162103761e-06	-10
4.73995784e-06	4.162103761e-06	-10
4.73995784e-06	4.162103761e-06	-10
4.73995784e-06	4.162103761e-06	0
4.759588251e-06	4.159101839e-06	0
4.779218661e-06	4.156099918e-06	0
4.798849072e-06	4.153097996e-06	0
4.818479482e-06	4.150096075e-06	0
4.838109892e-06	4.147094153e-06	0
4.857740303e-06	4.144092232e-06	0
4.877370713e-06	4.14109031e-06	0
4.897001123e-06	4.138088389e-06	0
4.916631534e-06	4.135086467e-06	0
4.936261944e-06	4.132084546e-06	0
4.955892354e-06	4.129082624e-06	0
4.975522765e-06	4.126080703e-06	0
4.995153175e-06	4.123078781e-06	0
5.014783586e-06	4.12007686e-06	0
5.034413996e-06	4.117074938e-06	0
5.054044406e-06	4.114073017e-06	0
5.073674817e-06	4.111071095e-06	0
5.093305227e-06	4.108069174e-06	0
5.112935637e-06	4.105067252e-06	0
5.132566048e-06	4.102065331e-06	0
5.152196458e-06	4.099063409e-06	0
5.171826868e-06	4.096061488e-06	0
5.191457279e-06	4.093059566e-06	0
5.211087689e-06	4.090057645e-06	0
5.2307181e-06	4.087055723e-06	0
5.25034851e-06	4.084053802e-06	0
5.26997892e-06	4.08105188e-06	0
5.289609331e-06	4.078049959e-06	0
5.309239741e-06	4.075048037e-06	0
5.328870151e-06	4.072046116e-06	0
5.348500562e-06	4.069044194e-06	0
5.368130972e-06	4.066042273e-06	0
5.387761382e-06	4.063040351e-06	0
5.407391793e-06	4.06003843e-06	0
5.427022203e-06	4.057036508e-06	0
5.446652613e-06	4.054034587e-06	0
5.466283024e-06	4.051032665e-06	0
5.485913434e-06	4.048030744e-06	0
5.505543845e-06	4.045028822e-06	0
5.525174255e-06	4.042026901e-06	0
5.544804665e-06	4.039024979e-06	0
5.564435076e-06	4.036023058e-06	0
5.584065486e-06	4.033021136e-06	0
5.603695896e-06	4.030019215e-06	0
5.623326307e-06	4.027017293e-06	0
5.642956717e-06	4.024015372e-06	0
5.662587127e-06	4.02101345e-06	0
5.682217538e-06	4.018011529e-06	0
5.701847948e-06	4.015009607e-06	0
5.721478359e-06	4.012007686e-06	0
5.741108769e-06	4.009005764e-06	0
5.760739179e-06	4.006003843e-06	0
5.78036959e-06	4.003001921e-06	0
5.8e-06	4e-06	0
5.81963041e-06	3.996998079e-06	0
5.839260821e-06	3.993996157e-06	0
5.858891231e-06	3.990994236e-06	0
5.878521641e-06	3.987992314e-06	0
5.898152052e-06	3.984990393e-06	0
5.917782462e-06	3.981988471e-06	0
5.937412873e-06	3.97898655e-06	0
5.957043283e-06	3.975984628e-06	0
5.976673693e-06	3.972982707e-06	0
5.996304104e-06	3.969980785e-06	0
6.015934514e-06	3.966978864e-06	0
6.035564924e-06	3.963976942e-06	0
6.055195335e-06	3.960975021e-06	0
6.074825745e-06	3.957973099e-06	0
6.094456155e-06	3.954971178e-06	0
6.114086566e-06	3.951969256e-06	0
6.133716976e-06	3.948967335e-06	0
6.153347387e-06	3.945965413e-06	0
6.172977797e-06	3.942963492e-06	0
6.192608207e-06	3.93996157e-06	0
6.212238618e-06	3.936959649e-06	0
6.231869028e-06	3.933957727e-06	0
6.251499438e-06	3.930955806e-06	0
6.271129849e-06	3.927953884e-06	0
6.290760259e-06	3.924951963e-06	0
6.310390669e-06	3.921950041e-06	0
6.33002108e-06	3.91894812e-06	0
6.34965149e-06	3.915946198e-06	0
6.3692819e-06	3.912944277e-06	0
6.388912311e-06	3.909942355e-06	0
6.408542721e-06	3.906940434e-06	0
6.428173132e-06	3.903938512e-06	0
6.447803542e-06	3.900936591e-06	0
6.467433952e-06	3.897934669e-06	0
6.487064363e-06	3.894932748e-06	0
6.506694773e-06	3.891930826e-06	0
6.526325183e-06	3.888928905e-06	0
6.545955594e-06	3.885926983e-06	0
6.565586004e-06	3.882925062e-06	0
6.585216414e-06	3.87992314e-06	0
6.604846825e-06	3.876921219e-06	0
6.624477235e-06	3.873919297e-06	0
6.644107646e-06	3.870917376e-06	0
6.663738056e-06	3.867915454e-06	0
6.683368466e-06	3.864913533e-06	0
6.702998877e-06	3.861911611e-06	0
6.722629287e-06	3.85890969e-06	0
6.742259697e-06	3.855907768e-06	0
6.761890108e-06	3.852905847e-06	0
6.781520518e-06	3.849903925e-06	0
6.801150928e-06	3.846902004e-06	0
6.820781339e-06	3.843900082e-06	0
6.840411749e-06	3.840898161e-06	0
6.86004216e-06	3.837896239e-06	0
6.86004216e-06	3.837896239e-06	10
6.86004216e-06	3.837896239e-06	10
6.86004216e-06	3.837896239e-06	10
6.86004216e-06	3.837896239e-06	10
6.86004216e-06	3.837896239e-06	10
6.86004216e-06	3.837896239e-06	10
6.86004216e-06	3.837896239e-06	10
6.86004216e-06	3.837896239e-06	10
6.86004216e-06	3.837896239e-06	10
6.86004216e-06	3.837896239e-06	10
6.86004216e-06	3.837896239e-06	10
6.86004216e-06	3.837896239e-06	10
6.86004216e-06	3.837896239e-06	10
6.86004216e-06	3.837896239e-06	10
6.86004216e-06	3.837896239e-06	10
6.86004216e-06	3.837896239e-06	10
6.86004216e-06	3.837896239e-06	10
6.86004216e-06	3.837896239e-06	10
6.86004216e-06	3.837896239e-06	10
6.86004216e-06	3.837896239e-06	10
6.86004216e-06	3.837896239e-06	10
6.86004216e-06	3.837896239e-06	10
6.86004216e-06	3.837896239e-06	10
6.86004216e-06	3.837896239e-06	10
6.86004216e-06	3.837896239e-06	10
6.86004216e-06	3.837896239e-06	0
6.840660901e-06	3.839081648e-06	0
6.821279643e-06	3.840267057e-06	0
6.801898385e-06	3.841452465e-06	0
6.782517127e-06	3.842637874e-06	0
6.763135868e-06	3.843823282e-06	0
6.74375461e-06	3.845008691e-06	0
6.724373352e-06	3.846194099e-06	0
6.704992094e-06	3.847379508e-06	0
6.685610836e-06	3.848564916e-06	0
6.666229577e-06	3.849750325e-06	0
6.666229577e-06	3.849750325e-06	10
6.666229577e-06	3.849750325e-06	10
6.666229577e-06	3.849750325e-06	10
6.666229577e-06	3.849750325e-06	10
6.666229577e-06	3.849750325e-06	10
6.666229577e-06	3.849750325e-06	10
6.666229577e-06	3.849750325e-06	10
6.666229577e-06	3.849750325e-06	10
6.666229577e-06	3.849750325e-06	10
6.666229577e-06	3.849750325e-06	10
6.666229577e-06	3.849750325e-06	10
6.666229577e-06	3.849750325e-06	10
6.666229577e-06	3.849750325e-06	10
6.666229577e-06	3.849750325e-06	10
6.666229577e-06	3.849750325e-06	10
6.666229577e-06	3.849750325e-06	10
6.666229577e-06	3.849750325e-06	10
6.666229577e-06	3.849750325e-06	10
6.666229577e-06	3.849750325e-06	10
6.666229577e-06	3.849750325e-06	10
6.666229577e-06	3.849750325e-06	10
6.666229577e-06	3.849750325e-06	10
6.666229577e-06	3.849750325e-06	10
6.666229577e-06	3.849750325e-06	10
6.666229577e-06	3.849750325e-06	10
6.666229577e-06	3.849750325e-06	0
6.646848319e-06	3.850935733e-06	0
6.627467061e-06	3.852121142e-06	0
6.608085803e-06	3.85330655e-06	0
6.588704544e-06	3.854491959e-06	0
6.569323286e-06	3.855677368e-06	0
6.549942028e-06	3.856862776e-06	0
6.53056077e-06	3.858048185e-06	0
6.511179512e-06	3.859233593e-06	0
6.491798253e-06	3.860419002e-06	0
6.472416995e-06	3.86160441e-06	0
6.472416995e-06	3.86160441e-06	10
6.472416995e-06	3.86160441e-06	10
6.472416995e-06	3.86160441e-06	10
6.472416995e-06	3.86160441e-06	10
6.472416995e-06	3.86160441e-06	10
6.472416995e-06	3.86160441e-06	10
6.472416995e-06	3.86160441e-06	10
6.472416995e-06	3.86160441e-06	10
6.472416995e-06	3.86160441e-06	10
6.472416995e-06	3.86160441e-06	10
6.472416995e-06	3.86160441e-06	10
6.472416995e-06	3.86160441e-06	10
6.472416995e-06	3.86160441e-06	10
6.472416995e-06	3.86160441e-06	10
6.472416995e-06	3.86160441e-06	10
6.472416995e-06	3.86160441e-06	10
6.472416995e-06	3.86160441e-06	10
6.472416995e-06	3.86160441e-06	10
6.472416995e-06	3.86160441e-06	10
6.472416995e-06	3.86160441e-06	10
6.472416995e-06	3.86160441e-06	10
6.472416995e-06	3.86160441e-06	10
6.472416995e-06	3.86160441e-06	10
6.472416995e-06	3.86160441e-06	10
6.472416995e-06	3.86160441e-06	10
6.472416995e-06	3.86160441e-06	0
6.453035737e-06	3.862789819e-06	0
6.433654479e-06	3.863975227e-06	0
6.41427322e-06	3.865160636e-06	0
6.394891962e-06	3.866346044e-06	0
6.375510704e-06	3.867531453e-06	0
6.356129446e-06	3.868716861e-06	0
6.336748188e-06	3.86990227e-06	0
6.317366929e-06	3.871087678e-06	0
6.297985671e-06	3.872273087e-06	0
6.278604413e-06	3.873458496e-06	0
6.278604413e-06	3.873458496e-06	10
6.278604413e-06	3.873458496e-06	10
6.278604413e-06	3.873458496e-06	10
6.278604413e-06	3.873458496e-06	10
6.278604413e-06	3.873458496e-06	10
6.278604413e-06	3.873458496e-06	10
6.278604413e-06	3.873458496e-06	10
6.278604413e-06	3.873458496e-06	10
6.278604413e-06	3.873458496e-06	10
6.278604413e-06	3.873458496e-06	10
6.278604413e-06	3.873458496e-06	10
6.278604413e-06	3.873458496e-06	10
6.278604413e-06	3.873458496e-06	10
6.278604413e-06	3.873458496e-06	10
6.278604413e-06	3.873458496e-06	10
6.278604413e-06	3.873458496e-06	10
6.278604413e-06	3.873458496e-06	10
6.278604413e-06	3.873458496e-06	10
6.278604413e-06	3.873458496e-06	10
6.278604413e-06	3.873458496e-06	10
6.278604413e-06	3.873458496e-06	10
6.278604413e-06	3.873458496e-06	10
6.278604413e-06	3.873458496e-06	10
6.278604413e-06	3.873458496e-06	10
6.278604413e-06	3.873458496e-06	10
6.278604413e-06	3.873458496e-06	0
6.259223155e-06	3.874643904e-06	0
6.239841896e-06	3.875829313e-06	0
6.220460638e-06	3.877014721e-06	0
6.20107938e-06	3.87820013e-06	0
6.181698122e-06	3.879385538e-06	0
6.162316864e-06	3.880570947e-06	0
6.142935605e-06	3.881756355e-06	0
6.123554347e-06	3.882941764e-06	0
6.104173089e-06	3.884127172e-06	0
6.084791831e-06	3.885312581e-06	0
6.084791831e-06	3.885312581e-06	10
6.084791831e-06	3.885312581e-06	10
6.084791831e-06	3.885312581e-06	10
6.084791831e-06	3.885312581e-06	10
6.084791831e-06	3.885312581e-06	10
6.084791831e-06	3.885312581e-06	10
6.084791831e-06	3.885312581e-06	10
6.084791831e-06	3.885312581e-06	10
6.084791831e-06	3.885312581e-06	10
6.084791831e-06	3.885312581e-06	10
6.084791831e-06	3.885312581e-06	10
6.084791831e-06	3.885312581e-06	10
6.084791831e-06	3.885312581e-06	10
6.084791831e-06	3.885312581e-06	10
6.084791831e-06	3.885312581e-06	10
6.084791831e-06	3.885312581e-06	10
6.084791831e-06	3.885312581e-06	10
6.084791831e-06	3.885312581e-06	10
6.084791831e-06	3.885312581e-06	10
6.084791831e-06	3.885312581e-06	10
6.084791831e-06	3.885312581e-06	10
6.084791831e-06	3.885312581e-06	10
6.084791831e-06	3.885312581e-06	10
6.084791831e-06	3.885312581e-06	10
6.084791831e-06	3.885312581e-06	10
6.084791831e-06	3.885312581e-06	0
6.065410572e-06	3.886497989e-06	0
6.046029314e-06	3.887683398e-06	0
6.026648056e-06	3.888868806e-06	0
6.007266798e-06	3.890054215e-06	0
5.98788554e-06	3.891239624e-06	0
5.968504281e-06	3.892425032e-06	0
5.949123023e-06	3.893610441e-06	0
5.929741765e-06	3.894795849e-06	0
5.910360507e-06	3.895981258e-06	0
5.890979248e-06	3.897166666e-06	0
5.890979248e-06	3.897166666e-06	10
5.890979248e-06	3.897166666e-06	10
5.890979248e-06	3.897166666e-06	10
5.890979248e-06	3.897166666e-06	10
5.890979248e-06	3.897166666e-06	10
5.890979248e-06	3.897166666e-06	10
5.890979248e-06	3.897166666e-06	10
5.890979248e-06	3.897166666e-06	10
5.890979248e-06	3.897166666e-06	10
5.890979248e-06	3.897166666e-06	10
5.890979248e-06	3.897166666e-06	10
5.890979248e-06	3.897166666e-06	10
5.890979248e-06	3.897166666e-06	10
5.890979248e-06	3.897166666e-06	10
5.890979248e-06	3.897166666e-06	10
5.890979248e-06	3.897166666e-06	10
5.890979248e-06	3.897166666e-06	10
5.890979248e-06	3.897166666e-06	10
5.890979248e-06	3.897166666e-06	10
5.890979248e-06	3.897166666e-06	10
5.890979248e-06	3.897166666e-06	10
5.890979248e-06	3.897166666e-06	10
5.890979248e-06	3.897166666e-06	10
5.890979248e-06	3.897166666e-06	10
5.890979248e-06	3.897166666e-06	10
5.890979248e-06	3.897166666e-06	0
5.87159799e-06	3.898352075e-06	0
5.852216732e-06	3.899537483e-06	0
5.832835474e-06	3.900722892e-06	0
5.813454216e-06	3.9019083e-06	0
5.794072957e-06	3.903093709e-06	0
5.774691699e-06	3.904279117e-06	0
5.755310441e-06	3.905464526e-06	0
5.735929183e-06	3.906649934e-06	0
5.716547924e-06	3.907835343e-06	0
5.697166666e-06	3.909020752e-06	0
5.697166666e-06	3.909020752e-06	10
5.697166666e-06	3.909020752e-06	10
5.697166666e-06	3.909020752e-06	10
5.697166666e-06	3.909020752e-06	10
5.697166666e-06	3.909020752e-06	10
5.697166666e-06	3.909020752e-06	10
5.697166666e-06	3.909020752e-06	10
5.697166666e-06	3.909020752e-06	10
5.697166666e-06	3.909020752e-06	10
5.697166666e-06	3.909020752e-06	10
5.697166666e-06	3.909020752e-06	10
5.697166666e-06	3.909020752e-06	10
5.697166666e-06	3.909020752e-06	10
5.697166666e-06	3.909020752e-06	10
5.697166666e-06	3.909020752e-06	10
5.697166666e-06	3.909020752e-06	10
5.697166666e-06	3.909020752e-06	10
5.697166666e-06	3.909020752e-06	10
5.697166666e-06	3.909020752e-06	10
5.697166666e-06	3.909020752e-06	10
5.697166666e-06	3.909020752e-06	10
5.697166666e-06	3.909020752e-06	10
5.697166666e-06	3.909020752e-06	10
5.697166666e-06	3.909020752e-06	10
5.697166666e-06	3.909020752e-06	10
5.697166666e-06	3.909020752e-06	0
5.677785408e-06	3.91020616e-06	0
5.65840415e-06	3.911391569e-06	0
5.639022892e-06	3.912576977e-06	0
5.619641633e-06	3.913762386e-06	0
5.600260375e-06	3.914947794e-06	0
5.580879117e-06	3.916133203e-06	0
5.561497859e-06	3.917318611e-06	0
5.5421166e-06	3.91850402e-06	0
5.522735342e-06	3.919689428e-06	0
5.503354084e-06	3.920874837e-06	0
5.503354084e-06	3.920874837e-06	10
5.503354084e-06	3.920874837e-06	10
5.503354084e-06	3.920874837e-06	10
5.503354084e-06	3.920874837e-06	10
5.503354084e-06	3.920874837e-06	10
5.503354084e-06	3.920874837e-06	10
5.503354084e-06	3.920874837e-06	10
5.503354084e-06	3.920874837e-06	10
5.503354084e-06	3.920874837e-06	10
5.503354084e-06	3.920874837e-06	10
5.503354084e-06	3.920874837e-06	10
5.503354084e-06	3.920874837e-06	10
5.503354084e-06	3.920874837e-06	10
5.503354084e-06	3.920874837e-06	10
5.503354084e-06	3.920874837e-06	10
5.503354084e-06	3.920874837e-06	10
5.503354084e-06	3.920874837e-06	10
5.503354084e-06	3.920874837e-06	10
5.503354084e-06	3.920874837e-06	10
5.503354084e-06	3.920874837e-06	10
5.503354084e-06	3.920874837e-06	10
5.503354084e-06	3.920874837e-06	10
5.503354084e-06	3.920874837e-06	10
5.503354084e-06	3.920874837e-06	10
5.503354084e-06	3.920874837e-06	10
5.503354084e-06	3.920874837e-06	0
5.483972826e-06	3.922060245e-06	0
5.464591568e-06	3.923245654e-06	0
5.445210309e-06	3.924431063e-06	0
5.425829051e-06	3.925616471e-06	0
5.406447793e-06	3.92680188e-06	0
5.387066535e-06	3.927987288e-06	0
5.367685276e-06	3.929172697e-06	0
5.348304018e-06	3.930358105e-06	0
5.32892276e-06	3.931543514e-06	0
5.309541502e-06	3.932728922e-06	0
5.309541502e-06	3.932728922e-06	10
5.309541502e-06	3.932728922e-06	10
5.309541502e-06	3.932728922e-06	10
5.309541502e-06	3.932728922e-06	10
5.309541502e-06	3.932728922e-06	10
5.309541502e-06	3.932728922e-06	10
5.309541502e-06	3.932728922e-06	10
5.309541502e-06	3.932728922e-06	10
5.309541502e-06	3.932728922e-06	10
5.309541502e-06	3.932728922e-06	10
5.309541502e-06	3.932728922e-06	10
5.309541502e-06	3.932728922e-06	10
5.309541502e-06	3.932728922e-06	10
5.309541502e-06	3.932728922e-06	10
5.309541502e-06	3.932728922e-06	10
5.309541502e-06	3.932728922e-06	10
5.309541502e-06	3.932728922e-06	10
5.309541502e-06	3.932728922e-06	10
5.309541502e-06	3.932728922e-06	10
5.309541502e-06	3.932728922e-06	10
5.309541502e-06	3.932728922e-06	10
5.309541502e-06	3.932728922e-06	10
5.309541502e-06	3.932728922e-06	10
5.309541502e-06	3.932728922e-06	10
5.309541502e-06	3.932728922e-06	10
5.309541502e-06	3.932728922e-06	0
5.290160244e-06	3.933914331e-06	0
5.270778985e-06	3.935099739e-06	0
5.251397727e-06	3.936285148e-06	0
5.232016469e-06	3.937470556e-06	0
5.212635211e-06	3.938655965e-06	0
5.193253952e-06	3.939841373e-06	0
5.173872694e-06	3.941026782e-06	0
5.154491436e-06	3.942212191e-06	0
5.135110178e-06	3.943397599e-06	0
5.11572892e-06	3.944583008e-06	0
5.11572892e-06	3.944583008e-06	10
5.11572892e-06	3.944583008e-06	10
5.11572892e-06	3.944583008e-06	10
5.11572892e-06	3.944583008e-06	10
5.11572892e-06	3.944583008e-06	10
5.11572892e-06	3.944583008e-06	10
5.11572892e-06	3.944583008e-06	10
5.11572892e-06	3.944583008e-06	10
5.11572892e-06	3.944583008e-06	10
5.11572892e-06	3.944583008e-06	10
5.11572892e-06	3.944583008e-06	10
5.11572892e-06	3.944583008e-06	10
5.11572892e-06	3.944583008e-06	10
5.11572892e-06	3.944583008e-06	10
5.11572892e-06	3.944583008e-06	10
5.11572892e-06	3.944583008e-06	10
5.11572892e-06	3.944583008e-06	10
5.11572892e-06	3.944583008e-06	10
5.11572892e-06	3.944583008e-06	10
5.11572892e-06	3.944583008e-06	10
5.11572892e-06	3.944583008e-06	10
5.11572892e-06	3.944583008e-06	10
5.11572892e-06	3.944583008e-06	10
5.11572892e-06	3.944583008e-06	10
5.11572892e-06	3.944583008e-06	10
5.11572892e-06	3.944583008e-06	0
5.096347661e-06	3.945768416e-06	0
5.076966403e-06	3.946953825e-06	0
5.057585145e-06	3.948139233e-06	0
5.038203887e-06	3.949324642e-06	0
5.018822628e-06	3.95051005e-06	0
4.99944137e-06	3.951695459e-06	0
4.980060112e-06	3.952880867e-06	0
4.960678854e-06	3.954066276e-06	0
4.941297596e-06	3.955251684e-06	0
4.921916337e-06	3.956437093e-06	0
4.921916337e-06	3.956437093e-06	10
4.921916337e-06	3.956437093e-06	10
4.921916337e-06	3.956437093e-06	10
4.921916337e-06	3.956437093e-06	10
4.921916337e-06	3.956437093e-06	10
4.921916337e-06	3.956437093e-06	10
4.921916337e-06	3.956437093e-06	10
4.921916337e-06	3.956437093e-06	10
4.921916337e-06	3.956437093e-06	10
4.921916337e-06	3.956437093e-06	10
4.921916337e-06	3.956437093e-06	10
4.921916337e-06	3.956437093e-06	10
4.921916337e-06	3.956437093e-06	10
4.921916337e-06	3.956437093e-06	10
4.921916337e-06	3.956437093e-06	10
4.921916337e-06	3.956437093e-06	10
4.921916337e-06	3.956437093e-06	10
4.921916337e-06	3.956437093e-06	10
4.921916337e-06	3.956437093e-06	10
4.921916337e-06	3.956437093e-06	10
4.921916337e-06	3.956437093e-06	10
4.921916337e-06	3.956437093e-06	10
4.921916337e-06	3.956437093e-06	10
4.921916337e-06	3.956437093e-06	10
4.921916337e-06	3.956437093e-06	10
4.921916337e-06	3.956437093e-06	0
4.902535079e-06	3.957622501e-06	0
4.883153821e-06	3.95880791e-06	0
4.863772563e-06	3.959993319e-06	0
4.844391304e-06	3.961178727e-06	0
4.825010046e-06	3.962364136e-06	0
4.805628788e-06	3.963549544e-06	0
4.78624753e-06	3.964734953e-06	0
4.766866272e-06	3.965920361e-06	0
4.747485013e-06	3.96710577e-06	0
4.728103755e-06	3.968291178e-06	0
4.728103755e-06	3.968291178e-06	10
4.728103755e-06	3.968291178e-06	10
4.728103755e-06	3.968291178e-06	10
4.728103755e-06	3.968291178e-06	10
4.728103755e-06	3.968291178e-06	10
4.728103755e-06	3.968291178e-06	10
4.728103755e-06	3.968291178e-06	10
4.728103755e-06	3.968291178e-06	10
4.728103755e-06	3.968291178e-06	10
4.728103755e-06	3.968291178e-06	10
4.728103755e-06	3.968291178e-06	10
4.728103755e-06	3.968291178e-06	10
4.728103755e-06	3.968291178e-06	10
4.728103755e-06	3.968291178e-06	10
4.728103755e-06	3.968291178e-06	10
4.728103755e-06	3.968291178e-06	10
4.728103755e-06	3.968291178e-06	10
4.728103755e-06	3.968291178e-06	10
4.728103755e-06	3.968291178e-06	10
4.728103755e-06	3.968291178e-06	10
4.728103755e-06	3.968291178e-06	10
4.728103755e-06	3.968291178e-06	10
4.728103755e-06	3.968291178e-06	10
4.728103755e-06	3.968291178e-06	10
4.728103755e-06	3.968291178e-06	10
4.728103755e-06	3.968291178e-06	0
4.747734165e-06	3.965289257e-06	0
4.767364576e-06	3.962287335e-06	0
4.786994986e-06	3.959285414e-06	0
4.806625397e-06	3.956283492e-06	0
4.826255807e-06	3.953281571e-06	0
4.845886217e-06	3.950279649e-06	0
4.865516628e-06	3.947277728e-06	0
4.885147038e-06	3.944275806e-06	0
4.904777448e-06	3.941273885e-06	0
4.924407859e-06	3.938271963e-06	0
4.944038269e-06	3.935270042e-06	0
4.963668679e-06	3.93226812e-06	0
4.98329909e-06	3.929266199e-06	0
5.0029295e-06	3.926264277e-06	0
5.022559911e-06	3.923262356e-06	0
5.042190321e-06	3.920260434e-06	0
5.061820731e-06	3.917258513e-06	0
5.081451142e-06	3.914256591e-06	0
5.101081552e-06	3.91125467e-06	0
5.120711962e-06	3.908252748e-06	0
5.140342373e-06	3.905250827e-06	0
5.159972783e-06	3.902248905e-06	0
5.179603193e-06	3.899246984e-06	0
5.199233604e-06	3.896245063e-06	0
5.218864014e-06	3.893243141e-06	0
5.238494425e-06	3.89024122e-06	0
5.258124835e-06	3.887239298e-06	0
5.277755245e-06	3.884237377e-06	0
5.297385656e-06	3.881235455e-06	0
5.317016066e-06	3.878233534e-06	0
5.336646476e-06	3.875231612e-06	0
5.356276887e-06	3.872229691e-06	0
5.375907297e-06	3.869227769e-06	0
5.395537707e-06	3.866225848e-06	0
5.415168118e-06	3.863223926e-06	0
5.434798528e-06	3.860222005e-06	0
5.454428939e-06	3.857220083e-06	0
5.474059349e-06	3.854218162e-06	0
5.493689759e-06	3.85121624e-06	0
5.51332017e-06	3.848214319e-06	0
5.53295058e-06	3.845212397e-06	0
5.55258099e-06	3.842210476e-06	0
5.572211401e-06	3.839208554e-06	0
5.591841811e-06	3.836206633e-06	0
5.611472221e-06	3.833204711e-06	0
5.631102632e-06	3.83020279e-06	0
5.650733042e-06	3.827200868e-06	0
5.670363452e-06	3.824198947e-06	0
5.689993863e-06	3.821197025e-06	0
5.709624273e-06	3.818195104e-06	0
5.729254684e-06	3.815193182e-06	0
5.748885094e-06	3.812191261e-06	0
5.768515504e-06	3.809189339e-06	0
5.788145915e-06	3.806187418e-06	0
5.807776325e-06	3.803185496e-06	0
5.827406735e-06	3.800183575e-06	0
5.847037146e-06	3.797181653e-06	0
5.866667556e-06	3.794179732e-06	0
5.886297966e-06	3.79117781e-06	0
5.905928377e-06	3.788175889e-06	0
5.925558787e-06	3.785173967e-06	0
5.945189198e-06	3.782172046e-06	0
5.964819608e-06	3.779170124e-06	0
5.984450018e-06	3.776168203e-06	0
6.004080429e-06	3.773166281e-06	0
6.023710839e-06	3.77016436e-06	0
6.043341249e-06	3.767162438e-06	0
6.06297166e-06	3.764160517e-06	0
6.08260207e-06	3.761158595e-06	0
6.10223248e-06	3.758156674e-06	0
6.121862891e-06	3.755154752e-06	0
6.141493301e-06	3.752152831e-06	0
6.161123712e-06	3.749150909e-06	0
6.180754122e-06	3.746148988e-06	0
6.200384532e-06	3.743147066e-06	0
6.220014943e-06	3.740145145e-06	0
6.239645353e-06	3.737143223e-06	0
6.259275763e-06	3.734141302e-06	0
6.278906174e-06	3.731139381e-06	0
6.298536584e-06	3.728137459e-06	0
6.318166994e-06	3.725135538e-06	0
6.337797405e-06	3.722133616e-06	0
6.357427815e-06	3.719131695e-06	0
6.377058226e-06	3.716129773e-06	0
6.396688636e-06	3.713127852e-06	0
6.416319046e-06	3.71012593e-06	0
6.435949457e-06	3.707124009e-06	0
6.455579867e-06	3.704122087e-06	0
6.475210277e-06	3.701120166e-06	0
6.494840688e-06	3.698118244e-06	0
6.514471098e-06	3.695116323e-06	0
6.534101508e-06	3.692114401e-06	0
6.553731919e-06	3.68911248e-06	0
6.573362329e-06	3.686110558e-06	0
6.592992739e-06	3.683108637e-06	0
6.61262315e-06	3.680106715e-06	0
6.63225356e-06	3.677104794e-06	0
6.651883971e-06	3.674102872e-06	0
6.671514381e-06	3.671100951e-06	0
6.691144791e-06	3.668099029e-06	0
6.710775202e-06	3.665097108e-06	0
6.730405612e-06	3.662095186e-06	0
6.750036022e-06	3.659093265e-06	0
6.769666433e-06	3.656091343e-06	0
6.789296843e-06	3.653089422e-06	0
6.808927253e-06	3.6500875e-06	0
6.828557664e-06	3.647085579e-06	0
6.848188074e-06	3.644083657e-06	0
6.848188074e-06	3.644083657e-06	-10
6.848188074e-06	3.644083657e-06	-10
6.848188074e-06	3.644083657e-06	-10
6.848188074e-06	3.644083657e-06	-10
6.848188074e-06	3.644083657e-06	-10
6.848188074e-06	3.644083657e-06	-10
6.848188074e-06	3.644083657e-06	-10
6.848188074e-06	3.644083657e-06	-10
6.848188074e-06	3.644083657e-06	-10
6.848188074e-06	3.644083657e-06	-10
6.848188074e-06	3.644083657e-06	-10
6.848188074e-06	3.644083657e-06	-10
6.848188074e-06	3.644083657e-06	-10
6.848188074e-06	3.644083657e-06	-10
6.848188074e-06	3.644083657e-06	-10
6.848188074e-06	3.644083657e-06	-10
6.848188074e-06	3.644083657e-06	-10
6.848188074e-06	3.644083657e-06	-10
6.848188074e-06	3.644083657e-06	-10
6.848188074e-06	3.644083657e-06	-10
6.848188074e-06	3.644083657e-06	-10
6.848188074e-06	3.644083657e-06	-10
6.848188074e-06	3.644083657e-06	-10
6.848188074e-06	3.644083657e-06	-10
6.848188074e-06	3.644083657e-06	-10
6.848188074e-06	3.644083657e-06	0
6.828806816e-06	3.645269066e-06	0
6.809425558e-06	3.646454474e-06	0
6.7900443e-06	3.647639883e-06	0
6.770663041e-06	3.648825291e-06	0
6.751281783e-06	3.6500107e-06	0
6.731900525e-06	3.651196108e-06	0
6.712519267e-06	3.652381517e-06	0
6.693138008e-06	3.653566926e-06	0
6.67375675e-06	3.654752334e-06	0
6.654375492e-06	3.655937743e-06	0
6.654375492e-06	3.655937743e-06	-10
6.654375492e-06	3.655937743e-06	-10
6.654375492e-06	3.655937743e-06	-10
6.654375492e-06	3.655937743e-06	-10
6.654375492e-06	3.655937743e-06	-10
6.654375492e-06	3.655937743e-06	-10
6.654375492e-06	3.655937743e-06	-10
6.654375492e-06	3.655937743e-06	-10
6.654375492e-06	3.655937743e-06	-10
6.654375492e-06	3.655937743e-06	-10
6.654375492e-06	3.655937743e-06	-10
6.654375492e-06	3.655937743e-06	-10
6.654375492e-06	3.655937743e-06	-10
6.654375492e-06	3.655937743e-06	-10
6.654375492e-06	3.655937743e-06	-10
6.654375492e-06	3.655937743e-06	-10
6.654375492e-06	3.655937743e-06	-10
6.654375492e-06	3.655937743e-06	-10
6.654375492e-06	3.655937743e-06	-10
6.654375492e-06	3.655937743e-06	-10
6.654375492e-06	3.655937743e-06	-10
6.654375492e-06	3.655937743e-06	-10
6.654375492e-06	3.655937743e-06	-10
6.654375492e-06	3.655937743e-06	-10
6.654375492e-06	3.655937743e-06	-10
6.654375492e-06	3.655937743e-06	0
6.634994234e-06	3.657123151e-06	0
6.615612976e-06	3.65830856e-06	0
6.596231717e-06	3.659493968e-06	0
6.576850459e-06	3.660679377e-06	0
6.557469201e-06	3.661864785e-06	0
6.538087943e-06	3.663050194e-06	0
6.518706684e-06	3.664235602e-06	0
6.499325426e-06	3.665421011e-06	0
6.479944168e-06	3.666606419e-06	0
6.46056291e-06	3.667791828e-06	0
6.46056291e-06	3.667791828e-06	-10
6.46056291e-06	3.667791828e-06	-10
6.46056291e-06	3.667791828e-06	-10
6.46056291e-06	3.667791828e-06	-10
6.46056291e-06	3.667791828e-06	-10
6.46056291e-06	3.667791828e-06	-10
6.46056291e-06	3.667791828e-06	-10
6.46056291e-06	3.667791828e-06	-10
6.46056291e-06	3.667791828e-06	-10
6.46056291e-06	3.667791828e-06	-10
6.46056291e-06	3.667791828e-06	-10
6.46056291e-06	3.667791828e-06	-10
6.46056291e-06	3.667791828e-06	-10
6.46056291e-06	3.667791828e-06	-10
6.46056291e-06	3.667791828e-06	-10
6.46056291e-06	3.667791828e-06	-10
6.46056291e-06	3.667791828e-06	-10
6.46056291e-06	3.667791828e-06	-10
6.46056291e-06	3.667791828e-06	-10
6.46056291e-06	3.667791828e-06	-10
6.46056291e-06	3.667791828e-06	-10
6.46056291e-06	3.667791828e-06	-10
6.46056291e-06	3.667791828e-06	-10
6.46056291e-06	3.667791828e-06	-10
6.46056291e-06	3.667791828e-06	-10
6.46056291e-06	3.667791828e-06	0
6.441181652e-06	3.668977236e-06	0
6.421800393e-06	3.670162645e-06	0
6.402419135e-06	3.671348054e-06	0
6.383037877e-06	3.672533462e-06	0
6.363656619e-06	3.673718871e-06	0
6.34427536e-06	3.674904279e-06	0
6.324894102e-06	3.676089688e-06	0
6.305512844e-06	3.677275096e-06	0
6.286131586e-06	3.678460505e-06	0
6.266750328e-06	3.679645913e-06	0
6.266750328e-06	3.679645913e-06	-10
6.266750328e-06	3.679645913e-06	-10
6.266750328e-06	3.679645913e-06	-10
6.266750328e-06	3.679645913e-06	-10
6.266750328e-06	3.679645913e-06	-10
6.266750328e-06	3.679645913e-06	-10
6.266750328e-06	3.679645913e-06	-10
6.266750328e-06	3.679645913e-06	-10
6.266750328e-06	3.679645913e-06	-10
6.266750328e-06	3.679645913e-06	-10
6.266750328e-06	3.679645913e-06	-10
6.266750328e-06	3.679645913e-06	-10
6.266750328e-06	3.679645913e-06	-10
6.266750328e-06	3.679645913e-06	-10
6.266750328e-06	3.679645913e-06	-10
6.266750328e-06	3.679645913e-06	-10
6.266750328e-06	3.679645913e-06	-10
6.266750328e-06	3.679645913e-06	-10
6.266750328e-06	3.679645913e-06	-10
6.266750328e-06	3.679645913e-06	-10
6.266750328e-06	3.679645913e-06	-10
6.266750328e-06	3.679645913e-06	-10
6.266750328e-06	3.679645913e-06	-10
6.266750328e-06	3.679645913e-06	-10
6.266750328e-06	3.679645913e-06	-10
6.266750328e-06	3.679645913e-06	0
6.247369069e-06	3.680831322e-06	0
6.227987811e-06	3.68201673e-06	0
6.208606553e-06	3.683202139e-06	0
6.189225295e-06	3.684387547e-06	0
6.169844036e-06	3.685572956e-06	0
6.150462778e-06	3.686758365e-06	0
6.13108152e-06	3.687943773e-06	0
6.111700262e-06	3.689129182e-06	0
6.092319004e-06	3.69031459e-06	0
6.072937745e-06	3.691499999e-06	0
6.072937745e-06	3.691499999e-06	-10
6.072937745e-06	3.691499999e-06	-10
6.072937745e-06	3.691499999e-06	-10
6.072937745e-06	3.691499999e-06	-10
6.072937745e-06	3.691499999e-06	-10
6.072937745e-06	3.691499999e-06	-10
6.072937745e-06	3.691499999e-06	-10
6.072937745e-06	3.691499999e-06	-10
6.072937745e-06	3.691499999e-06	-10
6.072937745e-06	3.691499999e-06	-10
6.072937745e-06	3.691499999e-06	-10
6.072937745e-06	3.691499999e-06	-10
6.072937745e-06	3.691499999e-06	-10
6.072937745e-06	3.691499999e-06	-10
6.072937745e-06	3.691499999e-06	-10
6.072937745e-06	3.691499999e-06	-10
6.072937745e-06	3.691499999e-06	-10
6.072937745e-06	3.691499999e-06	-10
6.072937745e-06	3.691499999e-06	-10
6.072937745e-06	3.691499999e-06	-10
6.072937745e-06	3.691499999e-06	-10
6.072937745e-06	3.691499999e-06	-10
6.072937745e-06	3.691499999e-06	-10
6.072937745e-06	3.691499999e-06	-10
6.072937745e-06	3.691499999e-06	-10
6.072937745e-06	3.691499999e-06	0
6.053556487e-06	3.692685407e-06	0
6.034175229e-06	3.693870816e-06	0
6.014793971e-06	3.695056224e-06	0
5.995412712e-06	3.696241633e-06	0
5.976031454e-06	3.697427041e-06	0
5.956650196e-06	3.69861245e-06	0
5.937268938e-06	3.699797858e-06	0
5.91788768e-06	3.700983267e-06	0
5.898506421e-06	3.702168675e-06	0
5.879125163e-06	3.703354084e-06	0
5.879125163e-06	3.703354084e-06	-10
5.879125163e-06	3.703354084e-06	-10
5.879125163e-06	3.703354084e-06	-10
5.879125163e-06	3.703354084e-06	-10
5.879125163e-06	3.703354084e-06	-10
5.879125163e-06	3.703354084e-06	-10
5.879125163e-06	3.703354084e-06	-10
5.879125163e-06	3.703354084e-06	-10
5.879125163e-06	3.703354084e-06	-10
5.879125163e-06	3.703354084e-06	-10
5.879125163e-06	3.703354084e-06	-10
5.879125163e-06	3.703354084e-06	-10
5.879125163e-06	3.703354084e-06	-10
5.879125163e-06	3.703354084e-06	-10
5.879125163e-06	3.703354084e-06	-10
5.879125163e-06	3.703354084e-06	-10
5.879125163e-06	3.703354084e-06	-10
5.879125163e-06	3.703354084e-06	-10
5.879125163e-06	3.703354084e-06	-10
5.879125163e-06	3.703354084e-06	-10
5.879125163e-06	3.703354084e-06	-10
5.879125163e-06	3.703354084e-06	-10
5.879125163e-06	3.703354084e-06	-10
5.879125163e-06	3.703354084e-06	-10
5.879125163e-06	3.703354084e-06	-10
5.879125163e-06	3.703354084e-06	0
5.859743905e-06	3.704539493e-06	0
5.840362647e-06	3.705724901e-06	0
5.820981388e-06	3.70691031e-06	0
5.80160013e-06	3.708095718e-06	0
5.782218872e-06	3.709281127e-06	0
5.762837614e-06	3.710466535e-06	0
5.743456356e-06	3.711651944e-06	0
5.724075097e-06	3.712837352e-06	0
5.704693839e-06	3.714022761e-06	0
5.685312581e-06	3.715208169e-06	0
5.685312581e-06	3.715208169e-06	-10
5.685312581e-06	3.715208169e-06	-10
5.685312581e-06	3.715208169e-06	-10
5.685312581e-06	3.715208169e-06	-10
5.685312581e-06	3.715208169e-06	-10
5.685312581e-06	3.715208169e-06	-10
5.685312581e-06	3.715208169e-06	-10
5.685312581e-06	3.715208169e-06	-10
5.685312581e-06	3.715208169e-06	-10
5.685312581e-06	3.715208169e-06	-10
5.685312581e-06	3.715208169e-06	-10
5.685312581e-06	3.715208169e-06	-10
5.685312581e-06	3.715208169e-06	-10
5.685312581e-06	3.715208169e-06	-10
5.685312581e-06	3.715208169e-06	-10
5.685312581e-06	3.715208169e-06	-10
5.685312581e-06	3.715208169e-06	-10
5.685312581e-06	3.715208169e-06	-10
5.685312581e-06	3.715208169e-06	-10
5.685312581e-06	3.715208169e-06	-10
5.685312581e-06	3.715208169e-06	-10
5.685312581e-06	3.715208169e-06	-10
5.685312581e-06	3.715208169e-06	-10
5.685312581e-06	3.715208169e-06	-10
5.685312581e-06	3.715208169e-06	-10
5.685312581e-06	3.715208169e-06	0
5.665931323e-06	3.716393578e-06	0
5.646550064e-06	3.717578986e-06	0
5.627168806e-06	3.718764395e-06	0
5.607787548e-06	3.719949803e-06	0
5.58840629e-06	3.721135212e-06	0
5.569025032e-06	3.722320621e-06	0
5.549643773e-06	3.723506029e-06	0
5.530262515e-06	3.724691438e-06	0
5.510881257e-06	3.725876846e-06	0
5.491499999e-06	3.727062255e-06	0
5.491499999e-06	3.727062255e-06	-10
5.491499999e-06	3.727062255e-06	-10
5.491499999e-06	3.727062255e-06	-10
5.491499999e-06	3.727062255e-06	-10
5.491499999e-06	3.727062255e-06	-10
5.491499999e-06	3.727062255e-06	-10
5.491499999e-06	3.727062255e-06	-10
5.491499999e-06	3.727062255e-06	-10
5.491499999e-06	3.727062255e-06	-10
5.491499999e-06	3.727062255e-06	-10
5.491499999e-06	3.727062255e-06	-10
5.491499999e-06	3.727062255e-06	-10
5.491499999e-06	3.727062255e-06	-10
5.491499999e-06	3.727062255e-06	-10
5.491499999e-06	3.727062255e-06	-10
5.491499999e-06	3.727062255e-06	-10
5.491499999e-06	3.727062255e-06	-10
5.491499999e-06	3.727062255e-06	-10
5.491499999e-06	3.727062255e-06	-10
5.491499999e-06	3.727062255e-06	-10
5.491499999e-06	3.727062255e-06	-10
5.491499999e-06	3.727062255e-06	-10
5.491499999e-06	3.727062255e-06	-10
5.491499999e-06	3.727062255e-06	-10
5.491499999e-06	3.727062255e-06	-10
5.491499999e-06	3.727062255e-06	0
5.47211874e-06	3.728247663e-06	0
5.452737482e-06	3.729433072e-06	0
5.433356224e-06	3.73061848e-06	0
5.413974966e-06	3.731803889e-06	0
5.394593708e-06	3.732989297e-06	0
5.375212449e-06	3.734174706e-06	0
5.355831191e-06	3.735360114e-06	0
5.336449933e-06	3.736545523e-06	0
5.317068675e-06	3.737730932e-06	0
5.297687416e-06	3.73891634e-06	0
5.297687416e-06	3.73891634e-06	-10
5.297687416e-06	3.73891634e-06	-10
5.297687416e-06	3.73891634e-06	-10
5.297687416e-06	3.73891634e-06	-10
5.297687416e-06	3.73891634e-06	-10
5.297687416e-06	3.73891634e-06	-10
5.297687416e-06	3.73891634e-06	-10
5.297687416e-06	3.73891634e-06	-10
5.297687416e-06	3.73891634e-06	-10
5.297687416e-06	3.73891634e-06	-10
5.297687416e-06	3.73891634e-06	-10
5.297687416e-06	3.73891634e-06	-10
5.297687416e-06	3.73891634e-06	-10
5.297687416e-06	3.73891634e-06	-10
5.297687416e-06	3.73891634e-06	-10
5.297687416e-06	3.73891634e-06	-10
5.297687416e-06	3.73891634e-06	-10
5.297687416e-06	3.73891634e-06	-10
5.297687416e-06	3.73891634e-06	-10
5.297687416e-06	3.73891634e-06	-10
5.297687416e-06	3.73891634e-06	-10
5.297687416e-06	3.73891634e-06	-10
5.297687416e-06	3.73891634e-06	-10
5.297687416e-06	3.73891634e-06	-10
5.297687416e-06	3.73891634e-06	-10
5.297687416e-06	3.73891634e-06	0
5.278306158e-06	3.740101749e-06	0
5.2589249e-06	3.741287157e-06	0
5.239543642e-06	3.742472566e-06	0
5.220162384e-06	3.743657974e-06	0
5.200781125e-06	3.744843383e-06	0
5.181399867e-06	3.746028791e-06	0
5.162018609e-06	3.7472142e-06	0
5.142637351e-06	3.748399608e-06	0
5.123256092e-06	3.749585017e-06	0
5.103874834e-06	3.750770425e-06	0
5.103874834e-06	3.750770425e-06	-10
5.103874834e-06	3.750770425e-06	-10
5.103874834e-06	3.750770425e-06	-10
5.103874834e-06	3.750770425e-06	-10
5.103874834e-06	3.750770425e-06	-10
5.103874834e-06	3.750770425e-06	-10
5.103874834e-06	3.750770425e-06	-10
5.103874834e-06	3.750770425e-06	-10
5.103874834e-06	3.750770425e-06	-10
5.103874834e-06	3.750770425e-06	-10
5.103874834e-06	3.750770425e-06	-10
5.103874834e-06	3.750770425e-06	-10
5.103874834e-06	3.750770425e-06	-10
5.103874834e-06	3.750770425e-06	-10
5.103874834e-06	3.750770425e-06	-10
5.103874834e-06	3.750770425e-06	-10
5.103874834e-06	3.750770425e-06	-10
5.103874834e-06	3.750770425e-06	-10
5.103874834e-06	3.750770425e-06	-10
5.103874834e-06	3.750770425e-06	-10
5.103874834e-06	3.750770425e-06	-10
5.103874834e-06	3.750770425e-06	-10
5.103874834e-06	3.750770425e-06	-10
5.103874834e-06	3.750770425e-06	-10
5.103874834e-06	3.750770425e-06	-10
5.103874834e-06	3.750770425e-06	0
5.084493576e-06	3.751955834e-06	0
5.065112318e-06	3.753141242e-06	0
5.04573106e-06	3.754326651e-06	0
5.026349801e-06	3.75551206e-06	0
5.006968543e-06	3.756697468e-06	0
4.987587285e-06	3.757882877e-06	0
4.968206027e-06	3.759068285e-06	0
4.948824768e-06	3.760253694e-06	0
4.92944351e-06	3.761439102e-06	0
4.910062252e-06	3.762624511e-06	0
4.910062252e-06	3.762624511e-06	-10
4.910062252e-06	3.762624511e-06	-10
4.910062252e-06	3.762624511e-06	-10
4.910062252e-06	3.762624511e-06	-10
4.910062252e-06	3.762624511e-06	-10
4.910062252e-06	3.762624511e-06	-10
4.910062252e-06	3.762624511e-06	-10
4.910062252e-06	3.762624511e-06	-10
4.910062252e-06	3.762624511e-06	-10
4.910062252e-06	3.762624511e-06	-10
4.910062252e-06	3.762624511e-06	-10
4.910062252e-06	3.762624511e-06	-10
4.910062252e-06	3.762624511e-06	-10
4.910062252e-06	3.762624511e-06	-10
4.910062252e-06	3.762624511e-06	-10
4.910062252e-06	3.762624511e-06	-10
4.910062252e-06	3.762624511e-06	-10
4.910062252e-06	3.762624511e-06	-10
4.910062252e-06	3.762624511e-06	-10
4.910062252e-06	3.762624511e-06	-10
4.910062252e-06	3.762624511e-06	-10
4.910062252e-06	3.762624511e-06	-10
4.910062252e-06	3.762624511e-06	-10
4.910062252e-06	3.762624511e-06	-10
4.910062252e-06	3.762624511e-06	-10
4.910062252e-06	3.762624511e-06	0
4.890680994e-06	3.763809919e-06	0
4.871299736e-06	3.764995328e-06	0
4.851918477e-06	3.766180736e-06	0
4.832537219e-06	3.767366145e-06	0
4.813155961e-06	3.768551553e-06	0
4.793774703e-06	3.769736962e-06	0
4.774393444e-06	3.77092237e-06	0
4.755012186e-06	3.772107779e-06	0
4.735630928e-06	3.773293188e-06	0
4.71624967e-06	3.774478596e-06	0
4.71624967e-06	3.774478596e-06	-10
4.71624967e-06	3.774478596e-06	-10
4.71624967e-06	3.774478596e-06	-10
4.71624967e-06	3.774478596e-06	-10
4.71624967e-06	3.774478596e-06	-10
4.71624967e-06	3.774478596e-06	-10
4.71624967e-06	3.774478596e-06	-10
4.71624967e-06	3.774478596e-06	-10
4.71624967e-06	3.774478596e-06	-10
4.71624967e-06	3.774478596e-06	-10
4.71624967e-06	3.774478596e-06	-10
4.71624967e-06	3.774478596e-06	-10
4.71624967e-06	3.774478596e-06	-10
4.71624967e-06	3.774478596e-06	-10
4.71624967e-06	3.774478596e-06	-10
4.71624967e-06	3.774478596e-06	-10
4.71624967e-06	3.774478596e-06	-10
4.71624967e-06	3.774478596e-06	-10
4.71624967e-06	3.774478596e-06	-10
4.71624967e-06	3.774478596e-06	-10
4.71624967e-06	3.774478596e-06	-10
4.71624967e-06	3.774478596e-06	-10
4.71624967e-06	3.774478596e-06	-10
4.71624967e-06	3.774478596e-06	-10
4.71624967e-06	3.774478596e-06	-10
4.71624967e-06	3.774478596e-06	0
4.73588008e-06	3.771476675e-06	0
4.755510491e-06	3.768474753e-06	0
4.775140901e-06	3.765472832e-06	0
4.794771311e-06	3.76247091e-06	0
4.814401722e-06	3.759468989e-06	0
4.834032132e-06	3.756467067e-06	0
4.853662542e-06	3.753465146e-06	0
4.873292953e-06	3.750463224e-06	0
4.892923363e-06	3.747461303e-06	0
4.912553773e-06	3.744459381e-06	0
4.932184184e-06	3.74145746e-06	0
4.951814594e-06	3.738455538e-06	0
4.971445004e-06	3.735453617e-06	0
4.991075415e-06	3.732451695e-06	0
5.010705825e-06	3.729449774e-06	0
5.030336236e-06	3.726447852e-06	0
5.049966646e-06	3.723445931e-06	0
5.069597056e-06	3.720444009e-06	0
5.089227467e-06	3.717442088e-06	0
5.108857877e-06	3.714440166e-06	0
5.128488287e-06	3.711438245e-06	0
5.148118698e-06	3.708436323e-06	0
5.167749108e-06	3.705434402e-06	0
5.187379518e-06	3.70243248e-06	0
5.207009929e-06	3.699430559e-06	0
5.226640339e-06	3.696428637e-06	0
5.24627075e-06	3.693426716e-06	0
5.26590116e-06	3.690424794e-06	0
5.28553157e-06	3.687422873e-06	0
5.305161981e-06	3.684420951e-06	0
5.324792391e-06	3.68141903e-06	0
5.344422801e-06	3.678417108e-06	0
5.364053212e-06	3.675415187e-06	0
5.383683622e-06	3.672413265e-06	0
5.403314032e-06	3.669411344e-06	0
5.422944443e-06	3.666409422e-06	0
5.442574853e-06	3.663407501e-06	0
5.462205264e-06	3.660405579e-06	0
5.481835674e-06	3.657403658e-06	0
5.501466084e-06	3.654401736e-06	0
5.521096495e-06	3.651399815e-06	0
5.540726905e-06	3.648397893e-06	0
5.560357315e-06	3.645395972e-06	0
5.579987726e-06	3.64239405e-06	0
5.599618136e-06	3.639392129e-06	0
5.619248546e-06	3.636390207e-06	0
5.638878957e-06	3.633388286e-06	0
5.658509367e-06	3.630386365e-06	0
5.678139777e-06	3.627384443e-06	0
5.697770188e-06	3.624382522e-06	0
5.717400598e-06	3.6213806e-06	0
5.737031009e-06	3.618378679e-06	0
5.756661419e-06	3.615376757e-06	0
5.776291829e-06	3.612374836e-06	0
5.79592224e-06	3.609372914e-06	0
5.81555265e-06	3.606370993e-06	0
5.83518306e-06	3.603369071e-06	0
5.854813471e-06	3.60036715e-06	0
5.874443881e-06	3.597365228e-06	0
5.894074291e-06	3.594363307e-06	0
5.913704702e-06	3.591361385e-06	0
5.933335112e-06	3.588359464e-06	0
5.952965523e-06	3.585357542e-06	0
5.972595933e-06	3.582355621e-06	0
5.992226343e-06	3.579353699e-06	0
6.011856754e-06	3.576351778e-06	0
6.031487164e-06	3.573349856e-06	0
6.051117574e-06	3.570347935e-06	0
6.070747985e-06	3.567346013e-06	0
6.090378395e-06	3.564344092e-06	0
6.110008805e-06	3.56134217e-06	0
6.129639216e-06	3.558340249e-06	0
6.149269626e-06	3.555338327e-06	0
6.168900037e-06	3.552336406e-06	0
6.188530447e-06	3.549334484e-06	0
6.208160857e-06	3.546332563e-06	0
6.227791268e-06	3.543330641e-06	0
6.247421678e-06	3.54032872e-06	0
6.267052088e-06	3.537326798e-06	0
6.286682499e-06	3.534324877e-06	0
6.306312909e-06	3.531322955e-06	0
6.325943319e-06	3.528321034e-06	0
6.34557373e-06	3.525319112e-06	0
6.36520414e-06	3.522317191e-06	0
6.384834551e-06	3.519315269e-06	0
6.404464961e-06	3.516313348e-06	0
6.424095371e-06	3.513311426e-06	0
6.443725782e-06	3.510309505e-06	0
6.463356192e-06	3.507307583e-06	0
6.482986602e-06	3.504305662e-06	0
6.502617013e-06	3.50130374e-06	0
6.522247423e-06	3.498301819e-06	0
6.541877833e-06	3.495299897e-06	0
6.561508244e-06	3.492297976e-06	0
6.581138654e-06	3.489296054e-06	0
6.600769064e-06	3.486294133e-06	0
6.620399475e-06	3.483292211e-06	0
6.640029885e-06	3.48029029e-06	0
6.659660296e-06	3.477288368e-06	0
6.679290706e-06	3.474286447e-06	0
6.698921116e-06	3.471284525e-06	0
6.718551527e-06	3.468282604e-06	0
6.738181937e-06	3.465280683e-06	0
6.757812347e-06	3.462278761e-06	0
6.777442758e-06	3.45927684e-06	0
6.797073168e-06	3.456274918e-06	0
6.816703578e-06	3.453272997e-06	0
6.836333989e-06	3.450271075e-06	0
6.836333989e-06	3.450271075e-06	10
6.836333989e-06	3.450271075e-06	10
6.836333989e-06	3.450271075e-06	10
6.836333989e-06	3.450271075e-06	10
6.836333989e-06	3.450271075e-06	10
6.836333989e-06	3.450271075e-06	10
6.836333989e-06	3.450271075e-06	10
6.836333989e-06	3.450271075e-06	10
6.836333989e-06	3.450271075e-06	10
6.836333989e-06	3.450271075e-06	10
6.836333989e-06	3.450271075e-06	10
6.836333989e-06	3.450271075e-06	10
6.836333989e-06	3.450271075e-06	10
6.836333989e-06	3.450271075e-06	10
6.836333989e-06	3.450271075e-06	10
6.836333989e-06	3.450271075e-06	10
6.836333989e-06	3.450271075e-06	10
6.836333989e-06	3.450271075e-06	10
6.836333989e-06	3.450271075e-06	10
6.836333989e-06	3.450271075e-06	10
6.836333989e-06	3.450271075e-06	10
6.836333989e-06	3.450271075e-06	10
6.836333989e-06	3.450271075e-06	10
6.836333989e-06	3.450271075e-06	10
6.836333989e-06	3.450271075e-06	10
6.836333989e-06	3.450271075e-06	0
6.816952731e-06	3.451456484e-06	0
6.797571472e-06	3.452641892e-06	0
6.778190214e-06	3.453827301e-06	0
6.758808956e-06	3.455012709e-06	0
6.739427698e-06	3.456198118e-06	0
6.72004644e-06	3.457383526e-06	0
6.700665181e-06	3.458568935e-06	0
6.681283923e-06	3.459754343e-06	0
6.661902665e-06	3.460939752e-06	0
6.642521407e-06	3.46212516e-06	0
6.642521407e-06	3.46212516e-06	10
6.642521407e-06	3.46212516e-06	10
6.642521407e-06	3.46212516e-06	10
6.642521407e-06	3.46212516e-06	10
6.642521407e-06	3.46212516e-06	10
6.642521407e-06	3.46212516e-06	10
6.642521407e-06	3.46212516e-06	10
6.642521407e-06	3.46212516e-06	10
6.642521407e-06	3.46212516e-06	10
6.642521407e-06	3.46212516e-06	10
6.642521407e-06	3.46212516e-06	10
6.642521407e-06	3.46212516e-06	10
6.642521407e-06	3.46212516e-06	10
6.642521407e-06	3.46212516e-06	10
6.642521407e-06	3.46212516e-06	10
6.642521407e-06	3.46212516e-06	10
6.642521407e-06	3.46212516e-06	10
6.642521407e-06	3.46212516e-06	10
6.642521407e-06	3.46212516e-06	10
6.642521407e-06	3.46212516e-06	10
6.642521407e-06	3.46212516e-06	10
6.642521407e-06	3.46212516e-06	10
6.642521407e-06	3.46212516e-06	10
6.642521407e-06	3.46212516e-06	10
6.642521407e-06	3.46212516e-06	10
6.642521407e-06	3.46212516e-06	0
6.623140148e-06	3.463310569e-06	0
6.60375889e-06	3.464495977e-06	0
6.584377632e-06	3.465681386e-06	0
6.564996374e-06	3.466866795e-06	0
6.545615116e-06	3.468052203e-06	0
6.526233857e-06	3.469237612e-06	0
6.506852599e-06	3.47042302e-06	0
6.487471341e-06	3.471608429e-06	0
6.468090083e-06	3.472793837e-06	0
6.448708824e-06	3.473979246e-06	0
6.448708824e-06	3.473979246e-06	10
6.448708824e-06	3.473979246e-06	10
6.448708824e-06	3.473979246e-06	10
6.448708824e-06	3.473979246e-06	10
6.448708824e-06	3.473979246e-06	10
6.448708824e-06	3.473979246e-06	10
6.448708824e-06	3.473979246e-06	10
6.448708824e-06	3.473979246e-06	10
6.448708824e-06	3.473979246e-06	10
6.448708824e-06	3.473979246e-06	10
6.448708824e-06	3.473979246e-06	10
6.448708824e-06	3.473979246e-06	10
6.448708824e-06	3.473979246e-06	10
6.448708824e-06	3.473979246e-06	10
6.448708824e-06	3.473979246e-06	10
6.448708824e-06	3.473979246e-06	10
6.448708824e-06	3.473979246e-06	10
6.448708824e-06	3.473979246e-06	10
6.448708824e-06	3.473979246e-06	10
6.448708824e-06	3.473979246e-06	10
6.448708824e-06	3.473979246e-06	10
6.448708824e-06	3.473979246e-06	10
6.448708824e-06	3.473979246e-06	10
6.448708824e-06	3.473979246e-06	10
6.448708824e-06	3.473979246e-06	10
6.448708824e-06	3.473979246e-06	0
6.429327566e-06	3.475164654e-06	0
6.409946308e-06	3.476350063e-06	0
6.39056505e-06	3.477535471e-06	0
6.371183792e-06	3.47872088e-06	0
6.351802533e-06	3.479906288e-06	0
6.332421275e-06	3.481091697e-06	0
6.313040017e-06	3.482277105e-06	0
6.293658759e-06	3.483462514e-06	0
6.2742775e-06	3.484647923e-06	0
6.254896242e-06	3.485833331e-06	0
6.254896242e-06	3.485833331e-06	10
6.254896242e-06	3.485833331e-06	10
6.254896242e-06	3.485833331e-06	10
6.254896242e-06	3.485833331e-06	10
6.254896242e-06	3.485833331e-06	10
6.254896242e-06	3.485833331e-06	10
6.254896242e-06	3.485833331e-06	10
6.254896242e-06	3.485833331e-06	10
6.254896242e-06	3.485833331e-06	10
6.254896242e-06	3.485833331e-06	10
6.254896242e-06	3.485833331e-06	10
6.254896242e-06	3.485833331e-06	10
6.254896242e-06	3.485833331e-06	10
6.254896242e-06	3.485833331e-06	10
6.254896242e-06	3.485833331e-06	10
6.254896242e-06	3.485833331e-06	10
6.254896242e-06	3.485833331e-06	10
6.254896242e-06	3.485833331e-06	10
6.254896242e-06	3.485833331e-06	10
6.254896242e-06	3.485833331e-06	10
6.254896242e-06	3.485833331e-06	10
6.254896242e-06	3.485833331e-06	10
6.254896242e-06	3.485833331e-06	10
6.254896242e-06	3.485833331e-06	10
6.254896242e-06	3.485833331e-06	10
6.254896242e-06	3.485833331e-06	0
6.235514984e-06	3.48701874e-06	0
6.216133726e-06	3.488204148e-06	0
6.196752468e-06	3.489389557e-06	0
6.177371209e-06	3.490574965e-06	0
6.157989951e-06	3.491760374e-06	0
6.138608693e-06	3.492945782e-06	0
6.119227435e-06	3.494131191e-06	0
6.099846176e-06	3.495316599e-06	0
6.080464918e-06	3.496502008e-06	0
6.06108366e-06	3.497687416e-06	0
6.06108366e-06	3.497687416e-06	10
6.06108366e-06	3.497687416e-06	10
6.06108366e-06	3.497687416e-06	10
6.06108366e-06	3.497687416e-06	10
6.06108366e-06	3.497687416e-06	10
6.06108366e-06	3.497687416e-06	10
6.06108366e-06	3.497687416e-06	10
6.06108366e-06	3.497687416e-06	10
6.06108366e-06	3.497687416e-06	10
6.06108366e-06	3.497687416e-06	10
6.06108366e-06	3.497687416e-06	10
6.06108366e-06	3.497687416e-06	10
6.06108366e-06	3.497687416e-06	10
6.06108366e-06	3.497687416e-06	10
6.06108366e-06	3.497687416e-06	10
6.06108366e-06	3.497687416e-06	10
6.06108366e-06	3.497687416e-06	10
6.06108366e-06	3.497687416e-06	10
6.06108366e-06	3.497687416e-06	10
6.06108366e-06	3.497687416e-06	10
6.06108366e-06	3.497687416e-06	10
6.06108366e-06	3.497687416e-06	10
6.06108366e-06	3.497687416e-06	10
6.06108366e-06	3.497687416e-06	10
6.06108366e-06	3.497687416e-06	10
6.06108366e-06	3.497687416e-06	0
6.041702402e-06	3.498872825e-06	0
6.022321144e-06	3.500058234e-06	0
6.002939885e-06	3.501243642e-06	0
5.983558627e-06	3.502429051e-06	0
5.964177369e-06	3.503614459e-06	0
5.944796111e-06	3.504799868e-06	0
5.925414852e-06	3.505985276e-06	0
5.906033594e-06	3.507170685e-06	0
5.886652336e-06	3.508356093e-06	0
5.867271078e-06	3.509541502e-06	0
5.867271078e-06	3.509541502e-06	10
5.867271078e-06	3.509541502e-06	10
5.867271078e-06	3.509541502e-06	10
5.867271078e-06	3.509541502e-06	10
5.867271078e-06	3.509541502e-06	10
5.867271078e-06	3.509541502e-06	10
5.867271078e-06	3.509541502e-06	10
5.867271078e-06	3.509541502e-06	10
5.867271078e-06	3.509541502e-06	10
5.867271078e-06	3.509541502e-06	10
5.867271078e-06	3.509541502e-06	10
5.867271078e-06	3.509541502e-06	10
5.867271078e-06	3.509541502e-06	10
5.867271078e-06	3.509541502e-06	10
5.867271078e-06	3.509541502e-06	10
5.867271078e-06	3.509541502e-06	10
5.867271078e-06	3.509541502e-06	10
5.867271078e-06	3.509541502e-06	10
5.867271078e-06	3.509541502e-06	10
5.867271078e-06	3.509541502e-06	10
5.867271078e-06	3.509541502e-06	10
5.867271078e-06	3.509541502e-06	10
5.867271078e-06	3.509541502e-06	10
5.867271078e-06	3.509541502e-06	10
5.867271078e-06	3.509541502e-06	10
5.867271078e-06	3.509541502e-06	0
5.84788982e-06	3.51072691e-06	0
5.828508561e-06	3.511912319e-06	0
5.809127303e-06	3.513097727e-06	0
5.789746045e-06	3.514283136e-06	0
5.770364787e-06	3.515468544e-06	0
5.750983528e-06	3.516653953e-06	0
5.73160227e-06	3.517839362e-06	0
5.712221012e-06	3.51902477e-06	0
5.692839754e-06	3.520210179e-06	0
5.673458496e-06	3.521395587e-06	0
5.673458496e-06	3.521395587e-06	10
5.673458496e-06	3.521395587e-06	10
5.673458496e-06	3.521395587e-06	10
5.673458496e-06	3.521395587e-06	10
5.673458496e-06	3.521395587e-06	10
5.673458496e-06	3.521395587e-06	10
5.673458496e-06	3.521395587e-06	10
5.673458496e-06	3.521395587e-06	10
5.673458496e-06	3.521395587e-06	10
5.673458496e-06	3.521395587e-06	10
5.673458496e-06	3.521395587e-06	10
5.673458496e-06	3.521395587e-06	10
5.673458496e-06	3.521395587e-06	10
5.673458496e-06	3.521395587e-06	10
5.673458496e-06	3.521395587e-06	10
5.673458496e-06	3.521395587e-06	10
5.673458496e-06	3.521395587e-06	10
5.673458496e-06	3.521395587e-06	10
5.673458496e-06	3.521395587e-06	10
5.673458496e-06	3.521395587e-06	10
5.673458496e-06	3.521395587e-06	10
5.673458496e-06	3.521395587e-06	10
5.673458496e-06	3.521395587e-06	10
5.673458496e-06	3.521395587e-06	10
5.673458496e-06	3.521395587e-06	10
5.673458496e-06	3.521395587e-06	0
5.654077237e-06	3.522580996e-06	0
5.634695979e-06	3.523766404e-06	0
5.615314721e-06	3.524951813e-06	0
5.595933463e-06	3.526137221e-06	0
5.576552204e-06	3.52732263e-06	0
5.557170946e-06	3.528508038e-06	0
5.537789688e-06	3.529693447e-06	0
5.51840843e-06	3.530878855e-06	0
5.499027172e-06	3.532064264e-06	0
5.479645913e-06	3.533249672e-06	0
5.479645913e-06	3.533249672e-06	10
5.479645913e-06	3.533249672e-06	10
5.479645913e-06	3.533249672e-06	10
5.479645913e-06	3.533249672e-06	10
5.479645913e-06	3.533249672e-06	10
5.479645913e-06	3.533249672e-06	10
5.479645913e-06	3.533249672e-06	10
5.479645913e-06	3.533249672e-06	10
5.479645913e-06	3.533249672e-06	10
5.479645913e-06	3.533249672e-06	10
5.479645913e-06	3.533249672e-06	10
5.479645913e-06	3.533249672e-06	10
5.479645913e-06	3.533249672e-06	10
5.479645913e-06	3.533249672e-06	10
5.479645913e-06	3.533249672e-06	10
5.479645913e-06	3.533249672e-06	10
5.479645913e-06	3.533249672e-06	10
5.479645913e-06	3.533249672e-06	10
5.479645913e-06	3.533249672e-06	10
5.479645913e-06	3.533249672e-06	10
5.479645913e-06	3.533249672e-06	10
5.479645913e-06	3.533249672e-06	10
5.479645913e-06	3.533249672e-06	10
5.479645913e-06	3.533249672e-06	10
5.479645913e-06	3.533249672e-06	10
5.479645913e-06	3.533249672e-06	0
5.460264655e-06	3.534435081e-06	0
5.440883397e-06	3.53562049e-06	0
5.421502139e-06	3.536805898e-06	0
5.40212088e-06	3.537991307e-06	0
5.382739622e-06	3.539176715e-06	0
5.363358364e-06	3.540362124e-06	0
5.343977106e-06	3.541547532e-06	0
5.324595848e-06	3.542732941e-06	0
5.305214589e-06	3.543918349e-06	0
5.285833331e-06	3.545103758e-06	0
5.285833331e-06	3.545103758e-06	10
5.285833331e-06	3.545103758e-06	10
5.285833331e-06	3.545103758e-06	10
5.285833331e-06	3.545103758e-06	10
5.285833331e-06	3.545103758e-06	10
5.285833331e-06	3.545103758e-06	10
5.285833331e-06	3.545103758e-06	10
5.285833331e-06	3.545103758e-06	10
5.285833331e-06	3.545103758e-06	10
5.285833331e-06	3.545103758e-06	10
5.285833331e-06	3.545103758e-06	10
5.285833331e-06	3.545103758e-06	10
5.285833331e-06	3.545103758e-06	10
5.285833331e-06	3.545103758e-06	10
5.285833331e-06	3.545103758e-06	10
5.285833331e-06	3.545103758e-06	10
5.285833331e-06	3.545103758e-06	10
5.285833331e-06	3.545103758e-06	10
5.285833331e-06	3.545103758e-06	10
5.285833331e-06	3.545103758e-06	10
5.285833331e-06	3.545103758e-06	10
5.285833331e-06	3.545103758e-06	10
5.285833331e-06	3.545103758e-06	10
5.285833331e-06	3.545103758e-06	10
5.285833331e-06	3.545103758e-06	10
5.285833331e-06	3.545103758e-06	0
5.266452073e-06	3.546289166e-06	0
5.247070815e-06	3.547474575e-06	0
5.227689556e-06	3.548659983e-06	0
5.208308298e-06	3.549845392e-06	0
5.18892704e-06	3.5510308e-06	0
5.169545782e-06	3.552216209e-06	0
5.150164524e-06	3.553401618e-06	0
5.130783265e-06	3.554587026e-06	0
5.111402007e-06	3.555772435e-06	0
5.092020749e-06	3.556957843e-06	0
5.092020749e-06	3.556957843e-06	10
5.092020749e-06	3.556957843e-06	10
5.092020749e-06	3.556957843e-06	10
5.092020749e-06	3.556957843e-06	10
5.092020749e-06	3.556957843e-06	10
5.092020749e-06	3.556957843e-06	10
5.092020749e-06	3.556957843e-06	10
5.092020749e-06	3.556957843e-06	10
5.092020749e-06	3.556957843e-06	10
5.092020749e-06	3.556957843e-06	10
5.092020749e-06	3.556957843e-06	10
5.092020749e-06	3.556957843e-06	10
5.092020749e-06	3.556957843e-06	10
5.092020749e-06	3.556957843e-06	10
5.092020749e-06	3.556957843e-06	10
5.092020749e-06	3.556957843e-06	10
5.092020749e-06	3.556957843e-06	10
5.092020749e-06	3.556957843e-06	10
5.092020749e-06	3.556957843e-06	10
5.092020749e-06	3.556957843e-06	10
5.092020749e-06	3.556957843e-06	10
5.092020749e-06	3.556957843e-06	10
5.092020749e-06	3.556957843e-06	10
5.092020749e-06	3.556957843e-06	10
5.092020749e-06	3.556957843e-06	10
5.092020749e-06	3.556957843e-06	0
5.072639491e-06	3.558143252e-06	0
5.053258232e-06	3.55932866e-06	0
5.033876974e-06	3.560514069e-06	0
5.014495716e-06	3.561699477e-06	0
4.995114458e-06	3.562884886e-06	0
4.9757332e-06	3.564070294e-06	0
4.956351941e-06	3.565255703e-06	0
4.936970683e-06	3.566441111e-06	0
4.917589425e-06	3.56762652e-06	0
4.898208167e-06	3.568811929e-06	0
4.898208167e-06	3.568811929e-06	10
4.898208167e-06	3.568811929e-06	10
4.898208167e-06	3.568811929e-06	10
4.898208167e-06	3.568811929e-06	10
4.898208167e-06	3.568811929e-06	10
4.898208167e-06	3.568811929e-06	10
4.898208167e-06	3.568811929e-06	10
4.898208167e-06	3.568811929e-06	10
4.898208167e-06	3.568811929e-06	10
4.898208167e-06	3.568811929e-06	10
4.898208167e-06	3.568811929e-06	10
4.898208167e-06	3.568811929e-06	10
4.898208167e-06	3.568811929e-06	10
4.898208167e-06	3.568811929e-06	10
4.898208167e-06	3.568811929e-06	10
4.898208167e-06	3.568811929e-06	10
4.898208167e-06	3.568811929e-06	10
4.898208167e-06	3.568811929e-06	10
4.898208167e-06	3.568811929e-06	10
4.898208167e-06	3.568811929e-06	10
4.898208167e-06	3.568811929e-06	10
4.898208167e-06	3.568811929e-06	10
4.898208167e-06	3.568811929e-06	10
4.898208167e-06	3.568811929e-06	10
4.898208167e-06	3.568811929e-06	10
4.898208167e-06	3.568811929e-06	0
4.878826908e-06	3.569997337e-06	0
4.85944565e-06	3.571182746e-06	0
4.840064392e-06	3.572368154e-06	0
4.820683134e-06	3.573553563e-06	0
4.801301876e-06	3.574738971e-06	0
4.781920617e-06	3.57592438e-06	0
4.762539359e-06	3.577109788e-06	0
4.743158101e-06	3.578295197e-06	0
4.723776843e-06	3.579480605e-06	0
4.704395584e-06	3.580666014e-06	0
4.704395584e-06	3.580666014e-06	10
4.704395584e-06	3.580666014e-06	10
4.704395584e-06	3.580666014e-06	10
4.704395584e-06	3.580666014e-06	10
4.704395584e-06	3.580666014e-06	10
4.704395584e-06	3.580666014e-06	10
4.704395584e-06	3.580666014e-06	10
4.704395584e-06	3.580666014e-06	10
4.704395584e-06	3.580666014e-06	10
4.704395584e-06	3.580666014e-06	10
4.704395584e-06	3.580666014e-06	10
4.704395584e-06	3.580666014e-06	10
4.704395584e-06	3.580666014e-06	10
4.704395584e-06	3.580666014e-06	10
4.704395584e-06	3.580666014e-06	10
4.704395584e-06	3.580666014e-06	10
4.704395584e-06	3.580666014e-06	10
4.704395584e-06	3.580666014e-06	10
4.704395584e-06	3.580666014e-06	10
4.704395584e-06	3.580666014e-06	10
4.704395584e-06	3.580666014e-06	10
4.704395584e-06	3.580666014e-06	10
4.704395584e-06	3.580666014e-06	10
4.704395584e-06	3.580666014e-06	10
4.704395584e-06	3.580666014e-06	10
4.704395584e-06	3.580666014e-06	0
4.724025995e-06	3.577664092e-06	0
4.743656405e-06	3.574662171e-06	0
4.763286816e-06	3.571660249e-06	0
4.782917226e-06	3.568658328e-06	0
4.802547636e-06	3.565656406e-06	0
4.822178047e-06	3.562654485e-06	0
4.841808457e-06	3.559652563e-06	0
4.861438867e-06	3.556650642e-06	0
4.881069278e-06	3.55364872e-06	0
4.900699688e-06	3.550646799e-06	0
4.920330098e-06	3.547644877e-06	0
4.939960509e-06	3.544642956e-06	0
4.959590919e-06	3.541641034e-06	0
4.979221329e-06	3.538639113e-06	0
4.99885174e-06	3.535637191e-06	0
5.01848215e-06	3.53263527e-06	0
5.038112561e-06	3.529633349e-06	0
5.057742971e-06	3.526631427e-06	0
5.077373381e-06	3.523629506e-06	0
5.097003792e-06	3.520627584e-06	0
5.116634202e-06	3.517625663e-06	0
5.136264612e-06	3.514623741e-06	0
5.155895023e-06	3.51162182e-06	0
5.175525433e-06	3.508619898e-06	0
5.195155843e-06	3.505617977e-06	0
5.214786254e-06	3.502616055e-06	0
5.234416664e-06	3.499614134e-06	0
5.254047075e-06	3.496612212e-06	0
5.273677485e-06	3.493610291e-06	0
5.293307895e-06	3.490608369e-06	0
5.312938306e-06	3.487606448e-06	0
5.332568716e-06	3.484604526e-06	0
5.352199126e-06	3.481602605e-06	0
5.371829537e-06	3.478600683e-06	0
5.391459947e-06	3.475598762e-06	0
5.411090357e-06	3.47259684e-06	0
5.430720768e-06	3.469594919e-06	0
5.450351178e-06	3.466592997e-06	0
5.469981589e-06	3.463591076e-06	0
5.489611999e-06	3.460589154e-06	0
5.509242409e-06	3.457587233e-06	0
5.52887282e-06	3.454585311e-06	0
5.54850323e-06	3.45158339e-06	0
5.56813364e-06	3.448581468e-06	0
5.587764051e-06	3.445579547e-06	0
5.607394461e-06	3.442577625e-06	0
5.627024871e-06	3.439575704e-06	0
5.646655282e-06	3.436573782e-06	0
5.666285692e-06	3.433571861e-06	0
5.685916103e-06	3.430569939e-06	0
5.705546513e-06	3.427568018e-06	0
5.725176923e-06	3.424566096e-06	0
5.744807334e-06	3.421564175e-06	0
5.764437744e-06	3.418562253e-06	0
5.784068154e-06	3.415560332e-06	0
5.803698565e-06	3.41255841e-06	0
5.823328975e-06	3.409556489e-06	0
5.842959385e-06	3.406554567e-06	0
5.862589796e-06	3.403552646e-06	0
5.882220206e-06	3.400550724e-06	0
5.901850616e-06	3.397548803e-06	0
5.921481027e-06	3.394546881e-06	0
5.941111437e-06	3.39154496e-06	0
5.960741848e-06	3.388543038e-06	0
5.980372258e-06	3.385541117e-06	0
6.000002668e-06	3.382539195e-06	0
6.019633079e-06	3.379537274e-06	0
6.039263489e-06	3.376535352e-06	0
6.058893899e-06	3.373533431e-06	0
6.07852431e-06	3.370531509e-06	0
6.09815472e-06	3.367529588e-06	0
6.11778513e-06	3.364527667e-06	0
6.137415541e-06	3.361525745e-06	0
6.157045951e-06	3.358523824e-06	0
6.176676362e-06	3.355521902e-06	0
6.196306772e-06	3.352519981e-06	0
6.215937182e-06	3.349518059e-06	0
6.235567593e-06	3.346516138e-06	0
6.255198003e-06	3.343514216e-06	0
6.274828413e-06	3.340512295e-06	0
6.294458824e-06	3.337510373e-06	0
6.314089234e-06	3.334508452e-06	0
6.333719644e-06	3.33150653e-06	0
6.353350055e-06	3.328504609e-06	0
6.372980465e-06	3.325502687e-06	0
6.392610876e-06	3.322500766e-06	0
6.412241286e-06	3.319498844e-06	0
6.431871696e-06	3.316496923e-06	0
6.451502107e-06	3.313495001e-06	0
6.471132517e-06	3.31049308e-06	0
6.490762927e-06	3.307491158e-06	0
6.510393338e-06	3.304489237e-06	0
6.530023748e-06	3.301487315e-06	0
6.549654158e-06	3.298485394e-06	0
6.569284569e-06	3.295483472e-06	0
6.588914979e-06	3.292481551e-06	0
6.60854539e-06	3.289479629e-06	0
6.6281758e-06	3.286477708e-06	0
6.64780621e-06	3.283475786e-06	0
6.667436621e-06	3.280473865e-06	0
6.687067031e-06	3.277471943e-06	0
6.706697441e-06	3.274470022e-06	0
6.726327852e-06	3.2714681e-06	0
6.745958262e-06	3.268466179e-06	0
6.765588672e-06	3.265464257e-06	0
6.785219083e-06	3.262462336e-06	0
6.804849493e-06	3.259460414e-06	0
6.824479903e-06	3.256458493e-06	0
6.824479903e-06	3.256458493e-06	-10
6.824479903e-06	3.256458493e-06	-10
6.824479903e-06	3.256458493e-06	-10
6.824479903e-06	3.256458493e-06	-10
6.824479903e-06	3.256458493e-06	-10
6.824479903e-06	3.256458493e-06	-10
6.824479903e-06	3.256458493e-06	-10
6.824479903e-06	3.256458493e-06	-10
6.824479903e-06	3.256458493e-06	-10
6.824479903e-06	3.256458493e-06	-10
6.824479903e-06	3.256458493e-06	-10
6.824479903e-06	3.256458493e-06	-10
6.824479903e-06	3.256458493e-06	-10
6.824479903e-06	3.256458493e-06	-10
6.824479903e-06	3.256458493e-06	-10
6.824479903e-06	3.256458493e-06	-10
6.824479903e-06	3.256458493e-06	-10
6.824479903e-06	3.256458493e-06	-10
6.824479903e-06	3.256458493e-06	-10
6.824479903e-06	3.256458493e-06	-10
6.824479903e-06	3.256458493e-06	-10
6.824479903e-06	3.256458493e-06	-10
6.824479903e-06	3.256458493e-06	-10
6.824479903e-06	3.256458493e-06	-10
6.824479903e-06	3.256458493e-06	-10
6.824479903e-06	3.256458493e-06	0
6.805098645e-06	3.257643901e-06	0
6.785717387e-06	3.25882931e-06	0
6.766336129e-06	3.260014718e-06	0
6.746954871e-06	3.261200127e-06	0
6.727573612e-06	3.262385536e-06	0
6.708192354e-06	3.263570944e-06	0
6.688811096e-06	3.264756353e-06	0
6.669429838e-06	3.265941761e-06	0
6.650048579e-06	3.26712717e-06	0
6.630667321e-06	3.268312578e-06	0
6.630667321e-06	3.268312578e-06	-10
6.630667321e-06	3.268312578e-06	-10
6.630667321e-06	3.268312578e-06	-10
6.630667321e-06	3.268312578e-06	-10
6.630667321e-06	3.268312578e-06	-10
6.630667321e-06	3.268312578e-06	-10
6.630667321e-06	3.268312578e-06	-10
6.630667321e-06	3.268312578e-06	-10
6.630667321e-06	3.268312578e-06	-10
6.630667321e-06	3.268312578e-06	-10
6.630667321e-06	3.268312578e-06	-10
6.630667321e-06	3.268312578e-06	-10
6.630667321e-06	3.268312578e-06	-10
6.630667321e-06	3.268312578e-06	-10
6.630667321e-06	3.268312578e-06	-10
6.630667321e-06	3.268312578e-06	-10
6.630667321e-06	3.268312578e-06	-10
6.630667321e-06	3.268312578e-06	-10
6.630667321e-06	3.268312578e-06	-10
6.630667321e-06	3.268312578e-06	-10
6.630667321e-06	3.268312578e-06	-10
6.630667321e-06	3.268312578e-06	-10
6.630667321e-06	3.268312578e-06	-10
6.630667321e-06	3.268312578e-06	-10
6.630667321e-06	3.268312578e-06	-10
6.630667321e-06	3.268312578e-06	0
6.611286063e-06	3.269497987e-06	0
6.591904805e-06	3.270683395e-06	0
6.572523547e-06	3.271868804e-06	0
6.553142288e-06	3.273054212e-06	0
6.53376103e-06	3.274239621e-06	0
6.514379772e-06	3.275425029e-06	0
6.494998514e-06	3.276610438e-06	0
6.475617255e-06	3.277795846e-06	0
6.456235997e-06	3.278981255e-06	0
6.436854739e-06	3.280166664e-06	0
6.436854739e-06	3.280166664e-06	-10
6.436854739e-06	3.280166664e-06	-10
6.436854739e-06	3.280166664e-06	-10
6.436854739e-06	3.280166664e-06	-10
6.436854739e-06	3.280166664e-06	-10
6.436854739e-06	3.280166664e-06	-10
6.436854739e-06	3.280166664e-06	-10
6.436854739e-06	3.280166664e-06	-10
6.436854739e-06	3.280166664e-06	-10
6.436854739e-06	3.280166664e-06	-10
6.436854739e-06	3.280166664e-06	-10
6.436854739e-06	3.280166664e-06	-10
6.436854739e-06	3.280166664e-06	-10
6.436854739e-06	3.280166664e-06	-10
6.436854739e-06	3.280166664e-06	-10
6.436854739e-06	3.280166664e-06	-10
6.436854739e-06	3.280166664e-06	-10
6.436854739e-06	3.280166664e-06	-10
6.436854739e-06	3.280166664e-06	-10
6.436854739e-06	3.280166664e-06	-10
6.436854739e-06	3.280166664e-06	-10
6.436854739e-06	3.280166664e-06	-10
6.436854739e-06	3.280166664e-06	-10
6.436854739e-06	3.280166664e-06	-10
6.436854739e-06	3.280166664e-06	-10
6.436854739e-06	3.280166664e-06	0
6.417473481e-06	3.281352072e-06	0
6.398092223e-06	3.282537481e-06	0
6.378710964e-06	3.283722889e-06	0
6.359329706e-06	3.284908298e-06	0
6.339948448e-06	3.286093706e-06	0
6.32056719e-06	3.287279115e-06	0
6.301185931e-06	3.288464523e-06	0
6.281804673e-06	3.289649932e-06	0
6.262423415e-06	3.29083534e-06	0
6.243042157e-06	3.292020749e-06	0
6.243042157e-06	3.292020749e-06	-10
6.243042157e-06	3.292020749e-06	-10
6.243042157e-06	3.292020749e-06	-10
6.243042157e-06	3.292020749e-06	-10
6.243042157e-06	3.292020749e-06	-10
6.243042157e-06	3.292020749e-06	-10
6.243042157e-06	3.292020749e-06	-10
6.243042157e-06	3.292020749e-06	-10
6.243042157e-06	3.292020749e-06	-10
6.243042157e-06	3.292020749e-06	-10
6.243042157e-06	3.292020749e-06	-10
6.243042157e-06	3.292020749e-06	-10
6.243042157e-06	3.292020749e-06	-10
6.243042157e-06	3.292020749e-06	-10
6.243042157e-06	3.292020749e-06	-10
6.243042157e-06	3.292020749e-06	-10
6.243042157e-06	3.292020749e-06	-10
6.243042157e-06	3.292020749e-06	-10
6.243042157e-06	3.292020749e-06	-10
6.243042157e-06	3.292020749e-06	-10
6.243042157e-06	3.292020749e-06	-10
6.243042157e-06	3.292020749e-06	-10
6.243042157e-06	3.292020749e-06	-10
6.243042157e-06	3.292020749e-06	-10
6.243042157e-06	3.292020749e-06	-10
6.243042157e-06	3.292020749e-06	0
6.223660899e-06	3.293206157e-06	0
6.20427964e-06	3.294391566e-06	0
6.184898382e-06	3.295576974e-06	0
6.165517124e-06	3.296762383e-06	0
6.146135866e-06	3.297947792e-06	0
6.126754608e-06	3.2991332e-06	0
6.107373349e-06	3.300318609e-06	0
6.087992091e-06	3.301504017e-06	0
6.068610833e-06	3.302689426e-06	0
6.049229575e-06	3.303874834e-06	0
6.049229575e-06	3.303874834e-06	-10
6.049229575e-06	3.303874834e-06	-10
6.049229575e-06	3.303874834e-06	-10
6.049229575e-06	3.303874834e-06	-10
6.049229575e-06	3.303874834e-06	-10
6.049229575e-06	3.303874834e-06	-10
6.049229575e-06	3.303874834e-06	-10
6.049229575e-06	3.303874834e-06	-10
6.049229575e-06	3.303874834e-06	-10
6.049229575e-06	3.303874834e-06	-10
6.049229575e-06	3.303874834e-06	-10
6.049229575e-06	3.303874834e-06	-10
6.049229575e-06	3.303874834e-06	-10
6.049229575e-06	3.303874834e-06	-10
6.049229575e-06	3.303874834e-06	-10
6.049229575e-06	3.303874834e-06	-10
6.049229575e-06	3.303874834e-06	-10
6.049229575e-06	3.303874834e-06	-10
6.049229575e-06	3.303874834e-06	-10
6.049229575e-06	3.303874834e-06	-10
6.049229575e-06	3.303874834e-06	-10
6.049229575e-06	3.303874834e-06	-10
6.049229575e-06	3.303874834e-06	-10
6.049229575e-06	3.303874834e-06	-10
6.049229575e-06	3.303874834e-06	-10
6.049229575e-06	3.303874834e-06	0
6.029848316e-06	3.305060243e-06	0
6.010467058e-06	3.306245651e-06	0
5.9910858e-06	3.30743106e-06	0
5.971704542e-06	3.308616468e-06	0
5.952323284e-06	3.309801877e-06	0
5.932942025e-06	3.310987285e-06	0
5.913560767e-06	3.312172694e-06	0
5.894179509e-06	3.313358102e-06	0
5.874798251e-06	3.314543511e-06	0
5.855416992e-06	3.31572892e-06	0
5.855416992e-06	3.31572892e-06	-10
5.855416992e-06	3.31572892e-06	-10
5.855416992e-06	3.31572892e-06	-10
5.855416992e-06	3.31572892e-06	-10
5.855416992e-06	3.31572892e-06	-10
5.855416992e-06	3.31572892e-06	-10
5.855416992e-06	3.31572892e-06	-10
5.855416992e-06	3.31572892e-06	-10
5.855416992e-06	3.31572892e-06	-10
5.855416992e-06	3.31572892e-06	-10
5.855416992e-06	3.31572892e-06	-10
5.855416992e-06	3.31572892e-06	-10
5.855416992e-06	3.31572892e-06	-10
5.855416992e-06	3.31572892e-06	-10
5.855416992e-06	3.31572892e-06	-10
5.855416992e-06	3.31572892e-06	-10
5.855416992e-06	3.31572892e-06	-10
5.855416992e-06	3.31572892e-06	-10
5.855416992e-06	3.31572892e-06	-10
5.855416992e-06	3.31572892e-06	-10
5.855416992e-06	3.31572892e-06	-10
5.855416992e-06	3.31572892e-06	-10
5.855416992e-06	3.31572892e-06	-10
5.855416992e-06	3.31572892e-06	-10
5.855416992e-06	3.31572892e-06	-10
5.855416992e-06	3.31572892e-06	0
5.836035734e-06	3.316914328e-06	0
5.816654476e-06	3.318099737e-06	0
5.797273218e-06	3.319285145e-06	0
5.77789196e-06	3.320470554e-06	0
5.758510701e-06	3.321655962e-06	0
5.739129443e-06	3.322841371e-06	0
5.719748185e-06	3.324026779e-06	0
5.700366927e-06	3.325212188e-06	0
5.680985668e-06	3.326397596e-06	0
5.66160441e-06	3.327583005e-06	0
5.66160441e-06	3.327583005e-06	-10
5.66160441e-06	3.327583005e-06	-10
5.66160441e-06	3.327583005e-06	-10
5.66160441e-06	3.327583005e-06	-10
5.66160441e-06	3.327583005e-06	-10
5.66160441e-06	3.327583005e-06	-10
5.66160441e-06	3.327583005e-06	-10
5.66160441e-06	3.327583005e-06	-10
5.66160441e-06	3.327583005e-06	-10
5.66160441e-06	3.327583005e-06	-10
5.66160441e-06	3.327583005e-06	-10
5.66160441e-06	3.327583005e-06	-10
5.66160441e-06	3.327583005e-06	-10
5.66160441e-06	3.327583005e-06	-10
5.66160441e-06	3.327583005e-06	-10
5.66160441e-06	3.327583005e-06	-10
5.66160441e-06	3.327583005e-06	-10
5.66160441e-06	3.327583005e-06	-10
5.66160441e-06	3.327583005e-06	-10
5.66160441e-06	3.327583005e-06	-10
5.66160441e-06	3.327583005e-06	-10
5.66160441e-06	3.327583005e-06	-10
5.66160441e-06	3.327583005e-06	-10
5.66160441e-06	3.327583005e-06	-10
5.66160441e-06	3.327583005e-06	-10
5.66160441e-06	3.327583005e-06	0
5.642223152e-06	3.328768413e-06	0
5.622841894e-06	3.329953822e-06	0
5.603460636e-06	3.331139231e-06	0
5.584079377e-06	3.332324639e-06	0
5.564698119e-06	3.333510048e-06	0
5.545316861e-06	3.334695456e-06	0
5.525935603e-06	3.335880865e-06	0
5.506554344e-06	3.337066273e-06	0
5.487173086e-06	3.338251682e-06	0
5.467791828e-06	3.33943709e-06	0
5.467791828e-06	3.33943709e-06	-10
5.467791828e-06	3.33943709e-06	-10
5.467791828e-06	3.33943709e-06	-10
5.467791828e-06	3.33943709e-06	-10
5.467791828e-06	3.33943709e-06	-10
5.467791828e-06	3.33943709e-06	-10
5.467791828e-06	3.33943709e-06	-10
5.467791828e-06	3.33943709e-06	-10
5.467791828e-06	3.33943709e-06	-10
5.467791828e-06	3.33943709e-06	-10
5.467791828e-06	3.33943709e-06	-10
5.467791828e-06	3.33943709e-06	-10
5.467791828e-06	3.33943709e-06	-10
5.467791828e-06	3.33943709e-06	-10
5.467791828e-06	3.33943709e-06	-10
5.467791828e-06	3.33943709e-06	-10
5.467791828e-06	3.33943709e-06	-10
5.467791828e-06	3.33943709e-06	-10
5.467791828e-06	3.33943709e-06	-10
5.467791828e-06	3.33943709e-06	-10
5.467791828e-06	3.33943709e-06	-10
5.467791828e-06	3.33943709e-06	-10
5.467791828e-06	3.33943709e-06	-10
5.467791828e-06	3.33943709e-06	-10
5.467791828e-06	3.33943709e-06	-10
5.467791828e-06	3.33943709e-06	0
5.44841057e-06	3.340622499e-06	0
5.429029312e-06	3.341807907e-06	0
5.409648053e-06	3.342993316e-06	0
5.390266795e-06	3.344178724e-06	0
5.370885537e-06	3.345364133e-06	0
5.351504279e-06	3.346549541e-06	0
5.33212302e-06	3.34773495e-06	0
5.312741762e-06	3.348920359e-06	0
5.293360504e-06	3.350105767e-06	0
5.273979246e-06	3.351291176e-06	0
5.273979246e-06	3.351291176e-06	-10
5.273979246e-06	3.351291176e-06	-10
5.273979246e-06	3.351291176e-06	-10
5.273979246e-06	3.351291176e-06	-10
5.273979246e-06	3.351291176e-06	-10
5.273979246e-06	3.351291176e-06	-10
5.273979246e-06	3.351291176e-06	-10
5.273979246e-06	3.351291176e-06	-10
5.273979246e-06	3.351291176e-06	-10
5.273979246e-06	3.351291176e-06	-10
5.273979246e-06	3.351291176e-06	-10
5.273979246e-06	3.351291176e-06	-10
5.273979246e-06	3.351291176e-06	-10
5.273979246e-06	3.351291176e-06	-10
5.273979246e-06	3.351291176e-06	-10
5.273979246e-06	3.351291176e-06	-10
5.273979246e-06	3.351291176e-06	-10
5.273979246e-06	3.351291176e-06	-10
5.273979246e-06	3.351291176e-06	-10
5.273979246e-06	3.351291176e-06	-10
5.273979246e-06	3.351291176e-06	-10
5.273979246e-06	3.351291176e-06	-10
5.273979246e-06	3.351291176e-06	-10
5.273979246e-06	3.351291176e-06	-10
5.273979246e-06	3.351291176e-06	-10
5.273979246e-06	3.351291176e-06	0
5.254597988e-06	3.352476584e-06	0
5.235216729e-06	3.353661993e-06	0
5.215835471e-06	3.354847401e-06	0
5.196454213e-06	3.35603281e-06	0
5.177072955e-06	3.357218218e-06	0
5.157691696e-06	3.358403627e-06	0
5.138310438e-06	3.359589035e-06	0
5.11892918e-06	3.360774444e-06	0
5.099547922e-06	3.361959852e-06	0
5.080166664e-06	3.363145261e-06	0
5.080166664e-06	3.363145261e-06	-10
5.080166664e-06	3.363145261e-06	-10
5.080166664e-06	3.363145261e-06	-10
5.080166664e-06	3.363145261e-06	-10
5.080166664e-06	3.363145261e-06	-10
5.080166664e-06	3.363145261e-06	-10
5.080166664e-06	3.363145261e-06	-10
5.080166664e-06	3.363145261e-06	-10
5.080166664e-06	3.363145261e-06	-10
5.080166664e-06	3.363145261e-06	-10
5.080166664e-06	3.363145261e-06	-10
5.080166664e-06	3.363145261e-06	-10
5.080166664e-06	3.363145261e-06	-10
5.080166664e-06	3.363145261e-06	-10
5.080166664e-06	3.363145261e-06	-10
5.080166664e-06	3.363145261e-06	-10
5.080166664e-06	3.363145261e-06	-10
5.080166664e-06	3.363145261e-06	-10
5.080166664e-06	3.363145261e-06	-10
5.080166664e-06	3.363145261e-06	-10
5.080166664e-06	3.363145261e-06	-10
5.080166664e-06	3.363145261e-06	-10
5.080166664e-06	3.363145261e-06	-10
5.080166664e-06	3.363145261e-06	-10
5.080166664e-06	3.363145261e-06	-10
5.080166664e-06	3.363145261e-06	0
5.060785405e-06	3.364330669e-06	0
5.041404147e-06	3.365516078e-06	0
5.022022889e-06	3.366701487e-06	0
5.002641631e-06	3.367886895e-06	0
4.983260372e-06	3.369072304e-06	0
4.963879114e-06	3.370257712e-06	0
4.944497856e-06	3.371443121e-06	0
4.925116598e-06	3.372628529e-06	0
4.90573534e-06	3.373813938e-06	0
4.886354081e-06	3.374999346e-06	0
4.886354081e-06	3.374999346e-06	-10
4.886354081e-06	3.374999346e-06	-10
4.886354081e-06	3.374999346e-06	-10
4.886354081e-06	3.374999346e-06	-10
4.886354081e-06	3.374999346e-06	-10
4.886354081e-06	3.374999346e-06	-10
4.886354081e-06	3.374999346e-06	-10
4.886354081e-06	3.374999346e-06	-10
4.886354081e-06	3.374999346e-06	-10
4.886354081e-06	3.374999346e-06	-10
4.886354081e-06	3.374999346e-06	-10
4.886354081e-06	3.374999346e-06	-10
4.886354081e-06	3.374999346e-06	-10
4.886354081e-06	3.374999346e-06	-10
4.886354081e-06	3.374999346e-06	-10
4.886354081e-06	3.374999346e-06	-10
4.886354081e-06	3.374999346e-06	-10
4.886354081e-06	3.374999346e-06	-10
4.886354081e-06	3.374999346e-06	-10
4.886354081e-06	3.374999346e-06	-10
4.886354081e-06	3.374999346e-06	-10
4.886354081e-06	3.374999346e-06	-10
4.886354081e-06	3.374999346e-06	-10
4.886354081e-06	3.374999346e-06	-10
4.886354081e-06	3.374999346e-06	-10
4.886354081e-06	3.374999346e-06	0
4.866972823e-06	3.376184755e-06	0
4.847591565e-06	3.377370163e-06	0
4.828210307e-06	3.378555572e-06	0
4.808829048e-06	3.37974098e-06	0
4.78944779e-06	3.380926389e-06	0
4.770066532e-06	3.382111798e-06	0
4.750685274e-06	3.383297206e-06	0
4.731304016e-06	3.384482615e-06	0
4.711922757e-06	3.385668023e-06	0
4.692541499e-06	3.386853432e-06	0
4.692541499e-06	3.386853432e-06	-10
4.692541499e-06	3.386853432e-06	-10
4.692541499e-06	3.386853432e-06	-10
4.692541499e-06	3.386853432e-06	-10
4.692541499e-06	3.386853432e-06	-10
4.692541499e-06	3.386853432e-06	-10
4.692541499e-06	3.386853432e-06	-10
4.692541499e-06	3.386853432e-06	-10
4.692541499e-06	3.386853432e-06	-10
4.692541499e-06	3.386853432e-06	-10
4.692541499e-06	3.386853432e-06	-10
4.692541499e-06	3.386853432e-06	-10
4.692541499e-06	3.386853432e-06	-10
4.692541499e-06	3.386853432e-06	-10
4.692541499e-06	3.386853432e-06	-10
4.692541499e-06	3.386853432e-06	-10
4.692541499e-06	3.386853432e-06	-10
4.692541499e-06	3.386853432e-06	-10
4.692541499e-06	3.386853432e-06	-10
4.692541499e-06	3.386853432e-06	-10
4.692541499e-06	3.386853432e-06	-10
4.692541499e-06	3.386853432e-06	-10
4.692541499e-06	3.386853432e-06	-10
4.692541499e-06	3.386853432e-06	-10
4.692541499e-06	3.386853432e-06	-10
4.692541499e-06	3.386853432e-06	0
4.712171909e-06	3.38385151e-06	0
4.73180232e-06	3.380849589e-06	0
4.75143273e-06	3.377847667e-06	0
4.771063141e-06	3.374845746e-06	0
4.790693551e-06	3.371843824e-06	0
4.810323961e-06	3.368841903e-06	0
4.829954372e-06	3.365839981e-06	0
4.849584782e-06	3.36283806e-06	0
4.869215192e-06	3.359836138e-06	0
4.888845603e-06	3.356834217e-06	0
4.908476013e-06	3.353832295e-06	0
4.928106423e-06	3.350830374e-06	0
4.947736834e-06	3.347828452e-06	0
4.967367244e-06	3.344826531e-06	0
4.986997655e-06	3.341824609e-06	0
5.006628065e-06	3.338822688e-06	0
5.026258475e-06	3.335820766e-06	0
5.045888886e-06	3.332818845e-06	0
5.065519296e-06	3.329816923e-06	0
5.085149706e-06	3.326815002e-06	0
5.104780117e-06	3.32381308e-06	0
5.124410527e-06	3.320811159e-06	0
5.144040937e-06	3.317809237e-06	0
5.163671348e-06	3.314807316e-06	0
5.183301758e-06	3.311805394e-06	0
5.202932168e-06	3.308803473e-06	0
5.222562579e-06	3.305801551e-06	0
5.242192989e-06	3.30279963e-06	0
5.2618234e-06	3.299797708e-06	0
5.28145381e-06	3.296795787e-06	0
5.30108422e-06	3.293793865e-06	0
5.320714631e-06	3.290791944e-06	0
5.340345041e-06	3.287790022e-06	0
5.359975451e-06	3.284788101e-06	0
5.379605862e-06	3.281786179e-06	0
5.399236272e-06	3.278784258e-06	0
5.418866682e-06	3.275782336e-06	0
5.438497093e-06	3.272780415e-06	0
5.458127503e-06	3.269778493e-06	0
5.477757914e-06	3.266776572e-06	0
5.497388324e-06	3.263774651e-06	0
5.517018734e-06	3.260772729e-06	0
5.536649145e-06	3.257770808e-06	0
5.556279555e-06	3.254768886e-06	0
5.575909965e-06	3.251766965e-06	0
5.595540376e-06	3.248765043e-06	0
5.615170786e-06	3.245763122e-06	0
5.634801196e-06	3.2427612e-06	0
5.654431607e-06	3.239759279e-06	0
5.674062017e-06	3.236757357e-06	0
5.693692428e-06	3.233755436e-06	0
5.713322838e-06	3.230753514e-06	0
5.732953248e-06	3.227751593e-06	0
5.752583659e-06	3.224749671e-06	0
5.772214069e-06	3.22174775e-06	0
5.791844479e-06	3.218745828e-06	0
5.81147489e-06	3.215743907e-06	0
5.8311053e-06	3.212741985e-06	0
5.85073571e-06	3.209740064e-06	0
5.870366121e-06	3.206738142e-06	0
5.889996531e-06	3.203736221e-06	0
5.909626942e-06	3.200734299e-06	0
5.929257352e-06	3.197732378e-06	0
5.948887762e-06	3.194730456e-06	0
5.968518173e-06	3.191728535e-06	0
5.988148583e-06	3.188726613e-06	0
6.007778993e-06	3.185724692e-06	0
6.027409404e-06	3.18272277e-06	0
6.047039814e-06	3.179720849e-06	0
6.066670224e-06	3.176718927e-06	0
6.086300635e-06	3.173717006e-06	0
6.105931045e-06	3.170715084e-06	0
6.125561455e-06	3.167713163e-06	0
6.145191866e-06	3.164711241e-06	0
6.164822276e-06	3.16170932e-06	0
6.184452687e-06	3.158707398e-06	0
6.204083097e-06	3.155705477e-06	0
6.223713507e-06	3.152703555e-06	0
6.243343918e-06	3.149701634e-06	0
6.262974328e-06	3.146699712e-06	0
6.282604738e-06	3.143697791e-06	0
6.302235149e-06	3.140695869e-06	0
6.321865559e-06	3.137693948e-06	0
6.341495969e-06	3.134692026e-06	0
6.36112638e-06	3.131690105e-06	0
6.38075679e-06	3.128688183e-06	0
6.400387201e-06	3.125686262e-06	0
6.420017611e-06	3.12268434e-06	0
6.439648021e-06	3.119682419e-06	0
6.459278432e-06	3.116680497e-06	0
6.478908842e-06	3.113678576e-06	0
6.498539252e-06	3.110676654e-06	0
6.518169663e-06	3.107674733e-06	0
6.537800073e-06	3.104672811e-06	0
6.557430483e-06	3.10167089e-06	0
6.577060894e-06	3.098668969e-06	0
6.596691304e-06	3.095667047e-06	0
6.616321715e-06	3.092665126e-06	0
6.635952125e-06	3.089663204e-06	0
6.655582535e-06	3.086661283e-06	0
6.675212946e-06	3.083659361e-06	0
6.694843356e-06	3.08065744e-06	0
6.714473766e-06	3.077655518e-06	0
6.734104177e-06	3.074653597e-06	0
6.753734587e-06	3.071651675e-06	0
6.773364997e-06	3.068649754e-06	0
6.792995408e-06	3.065647832e-06	0
6.812625818e-06	3.062645911e-06	0
6.812625818e-06	3.062645911e-06	10
6.812625818e-06	3.062645911e-06	10
6.812625818e-06	3.062645911e-06	10
6.812625818e-06	3.062645911e-06	10
6.812625818e-06	3.062645911e-06	10
6.812625818e-06	3.062645911e-06	10
6.812625818e-06	3.062645911e-06	10
6.812625818e-06	3.062645911e-06	10
6.812625818e-06	3.062645911e-06	10
6.812625818e-06	3.062645911e-06	10
6.812625818e-06	3.062645911e-06	10
6.812625818e-06	3.062645911e-06	10
6.812625818e-06	3.062645911e-06	10
6.812625818e-06	3.062645911e-06	10
6.812625818e-06	3.062645911e-06	10
6.812625818e-06	3.062645911e-06	10
6.812625818e-06	3.062645911e-06	10
6.812625818e-06	3.062645911e-06	10
6.812625818e-06	3.062645911e-06	10
6.812625818e-06	3.062645911e-06	10
6.812625818e-06	3.062645911e-06	10
6.812625818e-06	3.062645911e-06	10
6.812625818e-06	3.062645911e-06	10
6.812625818e-06	3.062645911e-06	10
6.812625818e-06	3.062645911e-06	10
6.812625818e-06	3.062645911e-06	0
6.79324456e-06	3.063831319e-06	0
6.773863302e-06	3.065016728e-06	0
6.754482043e-06	3.066202136e-06	0
6.735100785e-06	3.067387545e-06	0
6.715719527e-06	3.068572953e-06	0
6.696338269e-06	3.069758362e-06	0
6.676957011e-06	3.07094377e-06	0
6.657575752e-06	3.072129179e-06	0
6.638194494e-06	3.073314587e-06	0
6.618813236e-06	3.074499996e-06	0
6.618813236e-06	3.074499996e-06	10
6.618813236e-06	3.074499996e-06	10
6.618813236e-06	3.074499996e-06	10
6.618813236e-06	3.074499996e-06	10
6.618813236e-06	3.074499996e-06	10
6.618813236e-06	3.074499996e-06	10
6.618813236e-06	3.074499996e-06	10
6.618813236e-06	3.074499996e-06	10
6.618813236e-06	3.074499996e-06	10
6.618813236e-06	3.074499996e-06	10
6.618813236e-06	3.074499996e-06	10
6.618813236e-06	3.074499996e-06	10
6.618813236e-06	3.074499996e-06	10
6.618813236e-06	3.074499996e-06	10
6.618813236e-06	3.074499996e-06	10
6.618813236e-06	3.074499996e-06	10
6.618813236e-06	3.074499996e-06	10
6.618813236e-06	3.074499996e-06	10
6.618813236e-06	3.074499996e-06	10
6.618813236e-06	3.074499996e-06	10
6.618813236e-06	3.074499996e-06	10
6.618813236e-06	3.074499996e-06	10
6.618813236e-06	3.074499996e-06	10
6.618813236e-06	3.074499996e-06	10
6.618813236e-06	3.074499996e-06	10
6.618813236e-06	3.074499996e-06	0
6.599431978e-06	3.075685404e-06	0
6.580050719e-06	3.076870813e-06	0
6.560669461e-06	3.078056222e-06	0
6.541288203e-06	3.07924163e-06	0
6.521906945e-06	3.080427039e-06	0
6.502525687e-06	3.081612447e-06	0
6.483144428e-06	3.082797856e-06	0
6.46376317e-06	3.083983264e-06	0
6.444381912e-06	3.085168673e-06	0
6.425000654e-06	3.086354081e-06	0
6.425000654e-06	3.086354081e-06	10
6.425000654e-06	3.086354081e-06	10
6.425000654e-06	3.086354081e-06	10
6.425000654e-06	3.086354081e-06	10
6.425000654e-06	3.086354081e-06	10
6.425000654e-06	3.086354081e-06	10
6.425000654e-06	3.086354081e-06	10
6.425000654e-06	3.086354081e-06	10
6.425000654e-06	3.086354081e-06	10
6.425000654e-06	3.086354081e-06	10
6.425000654e-06	3.086354081e-06	10
6.425000654e-06	3.086354081e-06	10
6.425000654e-06	3.086354081e-06	10
6.425000654e-06	3.086354081e-06	10
6.425000654e-06	3.086354081e-06	10
6.425000654e-06	3.086354081e-06	10
6.425000654e-06	3.086354081e-06	10
6.425000654e-06	3.086354081e-06	10
6.425000654e-06	3.086354081e-06	10
6.425000654e-06	3.086354081e-06	10
6.425000654e-06	3.086354081e-06	10
6.425000654e-06	3.086354081e-06	10
6.425000654e-06	3.086354081e-06	10
6.425000654e-06	3.086354081e-06	10
6.425000654e-06	3.086354081e-06	10
6.425000654e-06	3.086354081e-06	0
6.405619395e-06	3.08753949e-06	0
6.386238137e-06	3.088724898e-06	0
6.366856879e-06	3.089910307e-06	0
6.347475621e-06	3.091095715e-06	0
6.328094363e-06	3.092281124e-06	0
6.308713104e-06	3.093466533e-06	0
6.289331846e-06	3.094651941e-06	0
6.269950588e-06	3.09583735e-06	0
6.25056933e-06	3.097022758e-06	0
6.231188071e-06	3.098208167e-06	0
6.231188071e-06	3.098208167e-06	10
6.231188071e-06	3.098208167e-06	10
6.231188071e-06	3.098208167e-06	10
6.231188071e-06	3.098208167e-06	10
6.231188071e-06	3.098208167e-06	10
6.231188071e-06	3.098208167e-06	10
6.231188071e-06	3.098208167e-06	10
6.231188071e-06	3.098208167e-06	10
6.231188071e-06	3.098208167e-06	10
6.231188071e-06	3.098208167e-06	10
6.231188071e-06	3.098208167e-06	10
6.231188071e-06	3.098208167e-06	10
6.231188071e-06	3.098208167e-06	10
6.231188071e-06	3.098208167e-06	10
6.231188071e-06	3.098208167e-06	10
6.231188071e-06	3.098208167e-06	10
6.231188071e-06	3.098208167e-06	10
6.231188071e-06	3.098208167e-06	10
6.231188071e-06	3.098208167e-06	10
6.231188071e-06	3.098208167e-06	10
6.231188071e-06	3.098208167e-06	10
6.231188071e-06	3.098208167e-06	10
6.231188071e-06	3.098208167e-06	10
6.231188071e-06	3.098208167e-06	10
6.231188071e-06	3.098208167e-06	10
6.231188071e-06	3.098208167e-06	0
6.211806813e-06	3.099393575e-06	0
6.192425555e-06	3.100578984e-06	0
6.173044297e-06	3.101764392e-06	0
6.153663039e-06	3.102949801e-06	0
6.13428178e-06	3.104135209e-06	0
6.114900522e-06	3.105320618e-06	0
6.095519264e-06	3.106506026e-06	0
6.076138006e-06	3.107691435e-06	0
6.056756747e-06	3.108876843e-06	0
6.037375489e-06	3.110062252e-06	0
6.037375489e-06	3.110062252e-06	10
6.037375489e-06	3.110062252e-06	10
6.037375489e-06	3.110062252e-06	10
6.037375489e-06	3.110062252e-06	10
6.037375489e-06	3.110062252e-06	10
6.037375489e-06	3.110062252e-06	10
6.037375489e-06	3.110062252e-06	10
6.037375489e-06	3.110062252e-06	10
6.037375489e-06	3.110062252e-06	10
6.037375489e-06	3.110062252e-06	10
6.037375489e-06	3.110062252e-06	10
6.037375489e-06	3.110062252e-06	10
6.037375489e-06	3.110062252e-06	10
6.037375489e-06	3.110062252e-06	10
6.037375489e-06	3.110062252e-06	10
6.037375489e-06	3.110062252e-06	10
6.037375489e-06	3.110062252e-06	10
6.037375489e-06	3.110062252e-06	10
6.037375489e-06	3.110062252e-06	10
6.037375489e-06	3.110062252e-06	10
6.037375489e-06	3.110062252e-06	10
6.037375489e-06	3.110062252e-06	10
6.037375489e-06	3.110062252e-06	10
6.037375489e-06	3.110062252e-06	10
6.037375489e-06	3.110062252e-06	10
6.037375489e-06	3.110062252e-06	0
6.017994231e-06	3.111247661e-06	0
5.998612973e-06	3.112433069e-06	0
5.979231715e-06	3.113618478e-06	0
5.959850456e-06	3.114803886e-06	0
5.940469198e-06	3.115989295e-06	0
5.92108794e-06	3.117174703e-06	0
5.901706682e-06	3.118360112e-06	0
5.882325423e-06	3.11954552e-06	0
5.862944165e-06	3.120730929e-06	0
5.843562907e-06	3.121916337e-06	0
5.843562907e-06	3.121916337e-06	10
5.843562907e-06	3.121916337e-06	10
5.843562907e-06	3.121916337e-06	10
5.843562907e-06	3.121916337e-06	10
5.843562907e-06	3.121916337e-06	10
5.843562907e-06	3.121916337e-06	10
5.843562907e-06	3.121916337e-06	10
5.843562907e-06	3.121916337e-06	10
5.843562907e-06	3.121916337e-06	10
5.843562907e-06	3.121916337e-06	10
5.843562907e-06	3.121916337e-06	10
5.843562907e-06	3.121916337e-06	10
5.843562907e-06	3.121916337e-06	10
5.843562907e-06	3.121916337e-06	10
5.843562907e-06	3.121916337e-06	10
5.843562907e-06	3.121916337e-06	10
5.843562907e-06	3.121916337e-06	10
5.843562907e-06	3.121916337e-06	10
5.843562907e-06	3.121916337e-06	10
5.843562907e-06	3.121916337e-06	10
5.843562907e-06	3.121916337e-06	10
5.843562907e-06	3.121916337e-06	10
5.843562907e-06	3.121916337e-06	10
5.843562907e-06	3.121916337e-06	10
5.843562907e-06	3.121916337e-06	10
5.843562907e-06	3.121916337e-06	0
5.824181649e-06	3.123101746e-06	0
5.804800391e-06	3.124287154e-06	0
5.785419132e-06	3.125472563e-06	0
5.766037874e-06	3.126657971e-06	0
5.746656616e-06	3.12784338e-06	0
5.727275358e-06	3.129028789e-06	0
5.707894099e-06	3.130214197e-06	0
5.688512841e-06	3.131399606e-06	0
5.669131583e-06	3.132585014e-06	0
5.649750325e-06	3.133770423e-06	0
5.649750325e-06	3.133770423e-06	10
5.649750325e-06	3.133770423e-06	10
5.649750325e-06	3.133770423e-06	10
5.649750325e-06	3.133770423e-06	10
5.649750325e-06	3.133770423e-06	10
5.649750325e-06	3.133770423e-06	10
5.649750325e-06	3.133770423e-06	10
5.649750325e-06	3.133770423e-06	10
5.649750325e-06	3.133770423e-06	10
5.649750325e-06	3.133770423e-06	10
5.649750325e-06	3.133770423e-06	10
5.649750325e-06	3.133770423e-06	10
5.649750325e-06	3.133770423e-06	10
5.649750325e-06	3.133770423e-06	10
5.649750325e-06	3.133770423e-06	10
5.649750325e-06	3.133770423e-06	10
5.649750325e-06	3.133770423e-06	10
5.649750325e-06	3.133770423e-06	10
5.649750325e-06	3.133770423e-06	10
5.649750325e-06	3.133770423e-06	10
5.649750325e-06	3.133770423e-06	10
5.649750325e-06	3.133770423e-06	10
5.649750325e-06	3.133770423e-06	10
5.649750325e-06	3.133770423e-06	10
5.649750325e-06	3.133770423e-06	10
5.649750325e-06	3.133770423e-06	0
5.630369067e-06	3.134955831e-06	0
5.610987808e-06	3.13614124e-06	0
5.59160655e-06	3.137326648e-06	0
5.572225292e-06	3.138512057e-06	0
5.552844034e-06	3.139697465e-06	0
5.533462776e-06	3.140882874e-06	0
5.514081517e-06	3.142068282e-06	0
5.494700259e-06	3.143253691e-06	0
5.475319001e-06	3.1444391e-06	0
5.455937743e-06	3.145624508e-06	0
5.455937743e-06	3.145624508e-06	10
5.455937743e-06	3.145624508e-06	10
5.455937743e-06	3.145624508e-06	10
5.455937743e-06	3.145624508e-06	10
5.455937743e-06	3.145624508e-06	10
5.455937743e-06	3.145624508e-06	10
5.455937743e-06	3.145624508e-06	10
5.455937743e-06	3.145624508e-06	10
5.455937743e-06	3.145624508e-06	10
5.455937743e-06	3.145624508e-06	10
5.455937743e-06	3.145624508e-06	10
5.455937743e-06	3.145624508e-06	10
5.455937743e-06	3.145624508e-06	10
5.455937743e-06	3.145624508e-06	10
5.455937743e-06	3.145624508e-06	10
5.455937743e-06	3.145624508e-06	10
5.455937743e-06	3.145624508e-06	10
5.455937743e-06	3.145624508e-06	10
5.455937743e-06	3.145624508e-06	10
5.455937743e-06	3.145624508e-06	10
5.455937743e-06	3.145624508e-06	10
5.455937743e-06	3.145624508e-06	10
5.455937743e-06	3.145624508e-06	10
5.455937743e-06	3.145624508e-06	10
5.455937743e-06	3.145624508e-06	10
5.455937743e-06	3.145624508e-06	0
5.436556484e-06	3.146809917e-06	0
5.417175226e-06	3.147995325e-06	0
5.397793968e-06	3.149180734e-06	0
5.37841271e-06	3.150366142e-06	0
5.359031452e-06	3.151551551e-06	0
5.339650193e-06	3.152736959e-06	0
5.320268935e-06	3.153922368e-06	0
5.300887677e-06	3.155107776e-06	0
5.281506419e-06	3.156293185e-06	0
5.26212516e-06	3.157478593e-06	0
5.26212516e-06	3.157478593e-06	10
5.26212516e-06	3.157478593e-06	10
5.26212516e-06	3.157478593e-06	10
5.26212516e-06	3.157478593e-06	10
5.26212516e-06	3.157478593e-06	10
5.26212516e-06	3.157478593e-06	10
5.26212516e-06	3.157478593e-06	10
5.26212516e-06	3.157478593e-06	10
5.26212516e-06	3.157478593e-06	10
5.26212516e-06	3.157478593e-06	10
5.26212516e-06	3.157478593e-06	10
5.26212516e-06	3.157478593e-06	10
5.26212516e-06	3.157478593e-06	10
5.26212516e-06	3.157478593e-06	10
5.26212516e-06	3.157478593e-06	10
5.26212516e-06	3.157478593e-06	10
5.26212516e-06	3.157478593e-06	10
5.26212516e-06	3.157478593e-06	10
5.26212516e-06	3.157478593e-06	10
5.26212516e-06	3.157478593e-06	10
5.26212516e-06	3.157478593e-06	10
5.26212516e-06	3.157478593e-06	10
5.26212516e-06	3.157478593e-06	10
5.26212516e-06	3.157478593e-06	10
5.26212516e-06	3.157478593e-06	10
5.26212516e-06	3.157478593e-06	0
5.242743902e-06	3.158664002e-06	0
5.223362644e-06	3.15984941e-06	0
5.203981386e-06	3.161034819e-06	0
5.184600128e-06	3.162220228e-06	0
5.165218869e-06	3.163405636e-06	0
5.145837611e-06	3.164591045e-06	0
5.126456353e-06	3.165776453e-06	0
5.107075095e-06	3.166961862e-06	0
5.087693836e-06	3.16814727e-06	0
5.068312578e-06	3.169332679e-06	0
5.068312578e-06	3.169332679e-06	10
5.068312578e-06	3.169332679e-06	10
5.068312578e-06	3.169332679e-06	10
5.068312578e-06	3.169332679e-06	10
5.068312578e-06	3.169332679e-06	10
5.068312578e-06	3.169332679e-06	10
5.068312578e-06	3.169332679e-06	10
5.068312578e-06	3.169332679e-06	10
5.068312578e-06	3.169332679e-06	10
5.068312578e-06	3.169332679e-06	10
5.068312578e-06	3.169332679e-06	10
5.068312578e-06	3.169332679e-06	10
5.068312578e-06	3.169332679e-06	10
5.068312578e-06	3.169332679e-06	10
5.068312578e-06	3.169332679e-06	10
5.068312578e-06	3.169332679e-06	10
5.068312578e-06	3.169332679e-06	10
5.068312578e-06	3.169332679e-06	10
5.068312578e-06	3.169332679e-06	10
5.068312578e-06	3.169332679e-06	10
5.068312578e-06	3.169332679e-06	10
5.068312578e-06	3.169332679e-06	10
5.068312578e-06	3.169332679e-06	10
5.068312578e-06	3.169332679e-06	10
5.068312578e-06	3.169332679e-06	10
5.068312578e-06	3.169332679e-06	0
5.04893132e-06	3.170518087e-06	0
5.029550062e-06	3.171703496e-06	0
5.010168804e-06	3.172888904e-06	0
4.990787545e-06	3.174074313e-06	0
4.971406287e-06	3.175259721e-06	0
4.952025029e-06	3.17644513e-06	0
4.932643771e-06	3.177630538e-06	0
4.913262512e-06	3.178815947e-06	0
4.893881254e-06	3.180001356e-06	0
4.874499996e-06	3.181186764e-06	0
4.874499996e-06	3.181186764e-06	10
4.874499996e-06	3.181186764e-06	10
4.874499996e-06	3.181186764e-06	10
4.874499996e-06	3.181186764e-06	10
4.874499996e-06	3.181186764e-06	10
4.874499996e-06	3.181186764e-06	10
4.874499996e-06	3.181186764e-06	10
4.874499996e-06	3.181186764e-06	10
4.874499996e-06	3.181186764e-06	10
4.874499996e-06	3.181186764e-06	10
4.874499996e-06	3.181186764e-06	10
4.874499996e-06	3.181186764e-06	10
4.874499996e-06	3.181186764e-06	10
4.874499996e-06	3.181186764e-06	10
4.874499996e-06	3.181186764e-06	10
4.874499996e-06	3.181186764e-06	10
4.874499996e-06	3.181186764e-06	10
4.874499996e-06	3.181186764e-06	10
4.874499996e-06	3.181186764e-06	10
4.874499996e-06	3.181186764e-06	10
4.874499996e-06	3.181186764e-06	10
4.874499996e-06	3.181186764e-06	10
4.874499996e-06	3.181186764e-06	10
4.874499996e-06	3.181186764e-06	10
4.874499996e-06	3.181186764e-06	10
4.874499996e-06	3.181186764e-06	0
4.855118738e-06	3.182372173e-06	0
4.83573748e-06	3.183557581e-06	0
4.816356221e-06	3.18474299e-06	0
4.796974963e-06	3.185928398e-06	0
4.777593705e-06	3.187113807e-06	0
4.758212447e-06	3.188299215e-06	0
4.738831188e-06	3.189484624e-06	0
4.71944993e-06	3.190670032e-06	0
4.700068672e-06	3.191855441e-06	0
4.680687414e-06	3.193040849e-06	0
4.680687414e-06	3.193040849e-06	10
4.680687414e-06	3.193040849e-06	10
4.680687414e-06	3.193040849e-06	10
4.680687414e-06	3.193040849e-06	10
4.680687414e-06	3.193040849e-06	10
4.680687414e-06	3.193040849e-06	10
4.680687414e-06	3.193040849e-06	10
4.680687414e-06	3.193040849e-06	10
4.680687414e-06	3.193040849e-06	10
4.680687414e-06	3.193040849e-06	10
4.680687414e-06	3.193040849e-06	10
4.680687414e-06	3.193040849e-06	10
4.680687414e-06	3.193040849e-06	10
4.680687414e-06	3.193040849e-06	10
4.680687414e-06	3.193040849e-06	10
4.680687414e-06	3.193040849e-06	10
4.680687414e-06	3.193040849e-06	10
4.680687414e-06	3.193040849e-06	10
4.680687414e-06	3.193040849e-06	10
4.680687414e-06	3.193040849e-06	10
4.680687414e-06	3.193040849e-06	10
4.680687414e-06	3.193040849e-06	10
4.680687414e-06	3.193040849e-06	10
4.680687414e-06	3.193040849e-06	10
4.680687414e-06	3.193040849e-06	10
4.680687414e-06	3.193040849e-06	0
4.700317824e-06	3.190038928e-06	0
4.719948234e-06	3.187037006e-06	0
4.739578645e-06	3.184035085e-06	0
4.759209055e-06	3.181033163e-06	0
4.778839466e-06	3.178031242e-06	0
4.798469876e-06	3.17502932e-06	0
4.818100286e-06	3.172027399e-06	0
4.837730697e-06	3.169025477e-06	0
4.857361107e-06	3.166023556e-06	0
4.876991517e-06	3.163021635e-06	0
4.896621928e-06	3.160019713e-06	0
4.916252338e-06	3.157017792e-06	0
4.935882748e-06	3.15401587e-06	0
4.955513159e-06	3.151013949e-06	0
4.975143569e-06	3.148012027e-06	0
4.99477398e-06	3.145010106e-06	0
5.01440439e-06	3.142008184e-06	0
5.0340348e-06	3.139006263e-06	0
5.053665211e-06	3.136004341e-06	0
5.073295621e-06	3.13300242e-06	0
5.092926031e-06	3.130000498e-06	0
5.112556442e-06	3.126998577e-06	0
5.132186852e-06	3.123996655e-06	0
5.151817262e-06	3.120994734e-06	0
5.171447673e-06	3.117992812e-06	0
5.191078083e-06	3.114990891e-06	0
5.210708494e-06	3.111988969e-06	0
5.230338904e-06	3.108987048e-06	0
5.249969314e-06	3.105985126e-06	0
5.269599725e-06	3.102983205e-06	0
5.289230135e-06	3.099981283e-06	0
5.308860545e-06	3.096979362e-06	0
5.328490956e-06	3.09397744e-06	0
5.348121366e-06	3.090975519e-06	0
5.367751776e-06	3.087973597e-06	0
5.387382187e-06	3.084971676e-06	0
5.407012597e-06	3.081969754e-06	0
5.426643007e-06	3.078967833e-06	0
5.446273418e-06	3.075965911e-06	0
5.465903828e-06	3.07296399e-06	0
5.485534239e-06	3.069962068e-06	0
5.505164649e-06	3.066960147e-06	0
5.524795059e-06	3.063958225e-06	0
5.54442547e-06	3.060956304e-06	0
5.56405588e-06	3.057954382e-06	0
5.58368629e-06	3.054952461e-06	0
5.603316701e-06	3.051950539e-06	0
5.622947111e-06	3.048948618e-06	0
5.642577521e-06	3.045946696e-06	0
5.662207932e-06	3.042944775e-06	0
5.681838342e-06	3.039942853e-06	0
5.701468753e-06	3.036940932e-06	0
5.721099163e-06	3.03393901e-06	0
5.740729573e-06	3.030937089e-06	0
5.760359984e-06	3.027935167e-06	0
5.779990394e-06	3.024933246e-06	0
5.799620804e-06	3.021931324e-06	0
5.819251215e-06	3.018929403e-06	0
5.838881625e-06	3.015927481e-06	0
5.858512035e-06	3.01292556e-06	0
5.878142446e-06	3.009923638e-06	0
5.897772856e-06	3.006921717e-06	0
5.917403267e-06	3.003919795e-06	0
5.937033677e-06	3.000917874e-06	0
5.956664087e-06	2.997915953e-06	0
5.976294498e-06	2.994914031e-06	0
5.995924908e-06	2.99191211e-06	0
6.015555318e-06	2.988910188e-06	0
6.035185729e-06	2.985908267e-06	0
6.054816139e-06	2.982906345e-06	0
6.074446549e-06	2.979904424e-06	0
6.09407696e-06	2.976902502e-06	0
6.11370737e-06	2.973900581e-06	0
6.13333778e-06	2.970898659e-06	0
6.152968191e-06	2.967896738e-06	0
6.172598601e-06	2.964894816e-06	0
6.192229012e-06	2.961892895e-06	0
6.211859422e-06	2.958890973e-06	0
6.231489832e-06	2.955889052e-06	0
6.251120243e-06	2.95288713e-06	0
6.270750653e-06	2.949885209e-06	0
6.290381063e-06	2.946883287e-06	0
6.310011474e-06	2.943881366e-06	0
6.329641884e-06	2.940879444e-06	0
6.349272294e-06	2.937877523e-06	0
6.368902705e-06	2.934875601e-06	0
6.388533115e-06	2.93187368e-06	0
6.408163526e-06	2.928871758e-06	0
6.427793936e-06	2.925869837e-06	0
6.447424346e-06	2.922867915e-06	0
6.467054757e-06	2.919865994e-06	0
6.486685167e-06	2.916864072e-06	0
6.506315577e-06	2.913862151e-06	0
6.525945988e-06	2.910860229e-06	0
6.545576398e-06	2.907858308e-06	0
6.565206808e-06	2.904856386e-06	0
6.584837219e-06	2.901854465e-06	0
6.604467629e-06	2.898852543e-06	0
6.62409804e-06	2.895850622e-06	0
6.64372845e-06	2.8928487e-06	0
6.66335886e-06	2.889846779e-06	0
6.682989271e-06	2.886844857e-06	0
6.702619681e-06	2.883842936e-06	0
6.722250091e-06	2.880841014e-06	0
6.741880502e-06	2.877839093e-06	0
6.761510912e-06	2.874837171e-06	0
6.781141322e-06	2.87183525e-06	0
6.800771733e-06	2.868833328e-06	0
6.800771733e-06	2.868833328e-06	-10
6.800771733e-06	2.868833328e-06	-10
6.800771733e-06	2.868833328e-06	-10
6.800771733e-06	2.868833328e-06	-10
6.800771733e-06	2.868833328e-06	-10
6.800771733e-06	2.868833328e-06	-10
6.800771733e-06	2.868833328e-06	-10
6.800771733e-06	2.868833328e-06	-10
6.800771733e-06	2.868833328e-06	-10
6.800771733e-06	2.868833328e-06	-10
6.800771733e-06	2.868833328e-06	-10
6.800771733e-06	2.868833328e-06	-10
6.800771733e-06	2.868833328e-06	-10
6.800771733e-06	2.868833328e-06	-10
6.800771733e-06	2.868833328e-06	-10
6.800771733e-06	2.868833328e-06	-10
6.800771733e-06	2.868833328e-06	-10
6.800771733e-06	2.868833328e-06	-10
6.800771733e-06	2.868833328e-06	-10
6.800771733e-06	2.868833328e-06	-10
6.800771733e-06	2.868833328e-06	-10
6.800771733e-06	2.868833328e-06	-10
6.800771733e-06	2.868833328e-06	-10
6.800771733e-06	2.868833328e-06	-10
6.800771733e-06	2.868833328e-06	-10
6.800771733e-06	2.868833328e-06	0
6.781390475e-06	2.870018737e-06	0
6.762009216e-06	2.871204145e-06	0
6.742627958e-06	2.872389554e-06	0
6.7232467e-06	2.873574963e-06	0
6.703865442e-06	2.874760371e-06	0
6.684484183e-06	2.87594578e-06	0
6.665102925e-06	2.877131188e-06	0
6.645721667e-06	2.878316597e-06	0
6.626340409e-06	2.879502005e-06	0
6.606959151e-06	2.880687414e-06	0
6.606959151e-06	2.880687414e-06	-10
6.606959151e-06	2.880687414e-06	-10
6.606959151e-06	2.880687414e-06	-10
6.606959151e-06	2.880687414e-06	-10
6.606959151e-06	2.880687414e-06	-10
6.606959151e-06	2.880687414e-06	-10
6.606959151e-06	2.880687414e-06	-10
6.606959151e-06	2.880687414e-06	-10
6.606959151e-06	2.880687414e-06	-10
6.606959151e-06	2.880687414e-06	-10
6.606959151e-06	2.880687414e-06	-10
6.606959151e-06	2.880687414e-06	-10
6.606959151e-06	2.880687414e-06	-10
6.606959151e-06	2.880687414e-06	-10
6.606959151e-06	2.880687414e-06	-10
6.606959151e-06	2.880687414e-06	-10
6.606959151e-06	2.880687414e-06	-10
6.606959151e-06	2.880687414e-06	-10
6.606959151e-06	2.880687414e-06	-10
6.606959151e-06	2.880687414e-06	-10
6.606959151e-06	2.880687414e-06	-10
6.606959151e-06	2.880687414e-06	-10
6.606959151e-06	2.880687414e-06	-10
6.606959151e-06	2.880687414e-06	-10
6.606959151e-06	2.880687414e-06	-10
6.606959151e-06	2.880687414e-06	0
6.587577892e-06	2.881872822e-06	0
6.568196634e-06	2.883058231e-06	0
6.548815376e-06	2.884243639e-06	0
6.529434118e-06	2.885429048e-06	0
6.510052859e-06	2.886614456e-06	0
6.490671601e-06	2.887799865e-06	0
6.471290343e-06	2.888985273e-06	0
6.451909085e-06	2.890170682e-06	0
6.432527827e-06	2.891356091e-06	0
6.413146568e-06	2.892541499e-06	0
6.413146568e-06	2.892541499e-06	-10
6.413146568e-06	2.892541499e-06	-10
6.413146568e-06	2.892541499e-06	-10
6.413146568e-06	2.892541499e-06	-10
6.413146568e-06	2.892541499e-06	-10
6.413146568e-06	2.892541499e-06	-10
6.413146568e-06	2.892541499e-06	-10
6.413146568e-06	2.892541499e-06	-10
6.413146568e-06	2.892541499e-06	-10
6.413146568e-06	2.892541499e-06	-10
6.413146568e-06	2.892541499e-06	-10
6.413146568e-06	2.892541499e-06	-10
6.413146568e-06	2.892541499e-06	-10
6.413146568e-06	2.892541499e-06	-10
6.413146568e-06	2.892541499e-06	-10
6.413146568e-06	2.892541499e-06	-10
6.413146568e-06	2.892541499e-06	-10
6.413146568e-06	2.892541499e-06	-10
6.413146568e-06	2.892541499e-06	-10
6.413146568e-06	2.892541499e-06	-10
6.413146568e-06	2.892541499e-06	-10
6.413146568e-06	2.892541499e-06	-10
6.413146568e-06	2.892541499e-06	-10
6.413146568e-06	2.892541499e-06	-10
6.413146568e-06	2.892541499e-06	-10
6.413146568e-06	2.892541499e-06	0
6.39376531e-06	2.893726908e-06	0
6.374384052e-06	2.894912316e-06	0
6.355002794e-06	2.896097725e-06	0
6.335621535e-06	2.897283133e-06	0
6.316240277e-06	2.898468542e-06	0
6.296859019e-06	2.89965395e-06	0
6.277477761e-06	2.900839359e-06	0
6.258096503e-06	2.902024767e-06	0
6.238715244e-06	2.903210176e-06	0
6.219333986e-06	2.904395584e-06	0
6.219333986e-06	2.904395584e-06	-10
6.219333986e-06	2.904395584e-06	-10
6.219333986e-06	2.904395584e-06	-10
6.219333986e-06	2.904395584e-06	-10
6.219333986e-06	2.904395584e-06	-10
6.219333986e-06	2.904395584e-06	-10
6.219333986e-06	2.904395584e-06	-10
6.219333986e-06	2.904395584e-06	-10
6.219333986e-06	2.904395584e-06	-10
6.219333986e-06	2.904395584e-06	-10
6.219333986e-06	2.904395584e-06	-10
6.219333986e-06	2.904395584e-06	-10
6.219333986e-06	2.904395584e-06	-10
6.219333986e-06	2.904395584e-06	-10
6.219333986e-06	2.904395584e-06	-10
6.219333986e-06	2.904395584e-06	-10
6.219333986e-06	2.904395584e-06	-10
6.219333986e-06	2.904395584e-06	-10
6.219333986e-06	2.904395584e-06	-10
6.219333986e-06	2.904395584e-06	-10
6.219333986e-06	2.904395584e-06	-10
6.219333986e-06	2.904395584e-06	-10
6.219333986e-06	2.904395584e-06	-10
6.219333986e-06	2.904395584e-06	-10
6.219333986e-06	2.904395584e-06	-10
6.219333986e-06	2.904395584e-06	0
6.199952728e-06	2.905580993e-06	0
6.18057147e-06	2.906766402e-06	0
6.161190211e-06	2.90795181e-06	0
6.141808953e-06	2.909137219e-06	0
6.122427695e-06	2.910322627e-06	0
6.103046437e-06	2.911508036e-06	0
6.083665179e-06	2.912693444e-06	0
6.06428392e-06	2.913878853e-06	0
6.044902662e-06	2.915064261e-06	0
6.025521404e-06	2.91624967e-06	0
6.025521404e-06	2.91624967e-06	-10
6.025521404e-06	2.91624967e-06	-10
6.025521404e-06	2.91624967e-06	-10
6.025521404e-06	2.91624967e-06	-10
6.025521404e-06	2.91624967e-06	-10
6.025521404e-06	2.91624967e-06	-10
6.025521404e-06	2.91624967e-06	-10
6.025521404e-06	2.91624967e-06	-10
6.025521404e-06	2.91624967e-06	-10
6.025521404e-06	2.91624967e-06	-10
6.025521404e-06	2.91624967e-06	-10
6.025521404e-06	2.91624967e-06	-10
6.025521404e-06	2.91624967e-06	-10
6.025521404e-06	2.91624967e-06	-10
6.025521404e-06	2.91624967e-06	-10
6.025521404e-06	2.91624967e-06	-10
6.025521404e-06	2.91624967e-06	-10
6.025521404e-06	2.91624967e-06	-10
6.025521404e-06	2.91624967e-06	-10
6.025521404e-06	2.91624967e-06	-10
6.025521404e-06	2.91624967e-06	-10
6.025521404e-06	2.91624967e-06	-10
6.025521404e-06	2.91624967e-06	-10
6.025521404e-06	2.91624967e-06	-10
6.025521404e-06	2.91624967e-06	-10
6.025521404e-06	2.91624967e-06	0
6.006140146e-06	2.917435078e-06	0
5.986758887e-06	2.918620487e-06	0
5.967377629e-06	2.919805895e-06	0
5.947996371e-06	2.920991304e-06	0
5.928615113e-06	2.922176712e-06	0
5.909233855e-06	2.923362121e-06	0
5.889852596e-06	2.92454753e-06	0
5.870471338e-06	2.925732938e-06	0
5.85109008e-06	2.926918347e-06	0
5.831708822e-06	2.928103755e-06	0
5.831708822e-06	2.928103755e-06	-10
5.831708822e-06	2.928103755e-06	-10
5.831708822e-06	2.928103755e-06	-10
5.831708822e-06	2.928103755e-06	-10
5.831708822e-06	2.928103755e-06	-10
5.831708822e-06	2.928103755e-06	-10
5.831708822e-06	2.928103755e-06	-10
5.831708822e-06	2.928103755e-06	-10
5.831708822e-06	2.928103755e-06	-10
5.831708822e-06	2.928103755e-06	-10
5.831708822e-06	2.928103755e-06	-10
5.831708822e-06	2.928103755e-06	-10
5.831708822e-06	2.928103755e-06	-10
5.831708822e-06	2.928103755e-06	-10
5.831708822e-06	2.928103755e-06	-10
5.831708822e-06	2.928103755e-06	-10
5.831708822e-06	2.928103755e-06	-10
5.831708822e-06	2.928103755e-06	-10
5.831708822e-06	2.928103755e-06	-10
5.831708822e-06	2.928103755e-06	-10
5.831708822e-06	2.928103755e-06	-10
5.831708822e-06	2.928103755e-06	-10
5.831708822e-06	2.928103755e-06	-10
5.831708822e-06	2.928103755e-06	-10
5.831708822e-06	2.928103755e-06	-10
5.831708822e-06	2.928103755e-06	0
5.812327563e-06	2.929289164e-06	0
5.792946305e-06	2.930474572e-06	0
5.773565047e-06	2.931659981e-06	0
5.754183789e-06	2.932845389e-06	0
5.734802531e-06	2.934030798e-06	0
5.715421272e-06	2.935216206e-06	0
5.696040014e-06	2.936401615e-06	0
5.676658756e-06	2.937587023e-06	0
5.657277498e-06	2.938772432e-06	0
5.637896239e-06	2.93995784e-06	0
5.637896239e-06	2.93995784e-06	-10
5.637896239e-06	2.93995784e-06	-10
5.637896239e-06	2.93995784e-06	-10
5.637896239e-06	2.93995784e-06	-10
5.637896239e-06	2.93995784e-06	-10
5.637896239e-06	2.93995784e-06	-10
5.637896239e-06	2.93995784e-06	-10
5.637896239e-06	2.93995784e-06	-10
5.637896239e-06	2.93995784e-06	-10
5.637896239e-06	2.93995784e-06	-10
5.637896239e-06	2.93995784e-06	-10
5.637896239e-06	2.93995784e-06	-10
5.637896239e-06	2.93995784e-06	-10
5.637896239e-06	2.93995784e-06	-10
5.637896239e-06	2.93995784e-06	-10
5.637896239e-06	2.93995784e-06	-10
5.637896239e-06	2.93995784e-06	-10
5.637896239e-06	2.93995784e-06	-10
5.637896239e-06	2.93995784e-06	-10
5.637896239e-06	2.93995784e-06	-10
5.637896239e-06	2.93995784e-06	-10
5.637896239e-06	2.93995784e-06	-10
5.637896239e-06	2.93995784e-06	-10
5.637896239e-06	2.93995784e-06	-10
5.637896239e-06	2.93995784e-06	-10
5.637896239e-06	2.93995784e-06	0
5.618514981e-06	2.941143249e-06	0
5.599133723e-06	2.942328658e-06	0
5.579752465e-06	2.943514066e-06	0
5.560371207e-06	2.944699475e-06	0
5.540989948e-06	2.945884883e-06	0
5.52160869e-06	2.947070292e-06	0
5.502227432e-06	2.9482557e-06	0
5.482846174e-06	2.949441109e-06	0
5.463464915e-06	2.950626517e-06	0
5.444083657e-06	2.951811926e-06	0
5.444083657e-06	2.951811926e-06	-10
5.444083657e-06	2.951811926e-06	-10
5.444083657e-06	2.951811926e-06	-10
5.444083657e-06	2.951811926e-06	-10
5.444083657e-06	2.951811926e-06	-10
5.444083657e-06	2.951811926e-06	-10
5.444083657e-06	2.951811926e-06	-10
5.444083657e-06	2.951811926e-06	-10
5.444083657e-06	2.951811926e-06	-10
5.444083657e-06	2.951811926e-06	-10
5.444083657e-06	2.951811926e-06	-10
5.444083657e-06	2.951811926e-06	-10
5.444083657e-06	2.951811926e-06	-10
5.444083657e-06	2.951811926e-06	-10
5.444083657e-06	2.951811926e-06	-10
5.444083657e-06	2.951811926e-06	-10
5.444083657e-06	2.951811926e-06	-10
5.444083657e-06	2.951811926e-06	-10
5.444083657e-06	2.951811926e-06	-10
5.444083657e-06	2.951811926e-06	-10
5.444083657e-06	2.951811926e-06	-10
5.444083657e-06	2.951811926e-06	-10
5.444083657e-06	2.951811926e-06	-10
5.444083657e-06	2.951811926e-06	-10
5.444083657e-06	2.951811926e-06	-10
5.444083657e-06	2.951811926e-06	0
5.424702399e-06	2.952997334e-06	0
5.405321141e-06	2.954182743e-06	0
5.385939883e-06	2.955368151e-06	0
5.366558624e-06	2.95655356e-06	0
5.347177366e-06	2.957738968e-06	0
5.327796108e-06	2.958924377e-06	0
5.30841485e-06	2.960109786e-06	0
5.289033591e-06	2.961295194e-06	0
5.269652333e-06	2.962480603e-06	0
5.250271075e-06	2.963666011e-06	0
5.250271075e-06	2.963666011e-06	-10
5.250271075e-06	2.963666011e-06	-10
5.250271075e-06	2.963666011e-06	-10
5.250271075e-06	2.963666011e-06	-10
5.250271075e-06	2.963666011e-06	-10
5.250271075e-06	2.963666011e-06	-10
5.250271075e-06	2.963666011e-06	-10
5.250271075e-06	2.963666011e-06	-10
5.250271075e-06	2.963666011e-06	-10
5.250271075e-06	2.963666011e-06	-10
5.250271075e-06	2.963666011e-06	-10
5.250271075e-06	2.963666011e-06	-10
5.250271075e-06	2.963666011e-06	-10
5.250271075e-06	2.963666011e-06	-10
5.250271075e-06	2.963666011e-06	-10
5.250271075e-06	2.963666011e-06	-10
5.250271075e-06	2.963666011e-06	-10
5.250271075e-06	2.963666011e-06	-10
5.250271075e-06	2.963666011e-06	-10
5.250271075e-06	2.963666011e-06	-10
5.250271075e-06	2.963666011e-06	-10
5.250271075e-06	2.963666011e-06	-10
5.250271075e-06	2.963666011e-06	-10
5.250271075e-06	2.963666011e-06	-10
5.250271075e-06	2.963666011e-06	-10
5.250271075e-06	2.963666011e-06	0
5.230889817e-06	2.96485142e-06	0
5.211508559e-06	2.966036828e-06	0
5.1921273e-06	2.967222237e-06	0
5.172746042e-06	2.968407645e-06	0
5.153364784e-06	2.969593054e-06	0
5.133983526e-06	2.970778462e-06	0
5.114602267e-06	2.971963871e-06	0
5.095221009e-06	2.973149279e-06	0
5.075839751e-06	2.974334688e-06	0
5.056458493e-06	2.975520097e-06	0
5.056458493e-06	2.975520097e-06	-10
5.056458493e-06	2.975520097e-06	-10
5.056458493e-06	2.975520097e-06	-10
5.056458493e-06	2.975520097e-06	-10
5.056458493e-06	2.975520097e-06	-10
5.056458493e-06	2.975520097e-06	-10
5.056458493e-06	2.975520097e-06	-10
5.056458493e-06	2.975520097e-06	-10
5.056458493e-06	2.975520097e-06	-10
5.056458493e-06	2.975520097e-06	-10
5.056458493e-06	2.975520097e-06	-10
5.056458493e-06	2.975520097e-06	-10
5.056458493e-06	2.975520097e-06	-10
5.056458493e-06	2.975520097e-06	-10
5.056458493e-06	2.975520097e-06	-10
5.056458493e-06	2.975520097e-06	-10
5.056458493e-06	2.975520097e-06	-10
5.056458493e-06	2.975520097e-06	-10
5.056458493e-06	2.975520097e-06	-10
5.056458493e-06	2.975520097e-06	-10
5.056458493e-06	2.975520097e-06	-10
5.056458493e-06	2.975520097e-06	-10
5.056458493e-06	2.975520097e-06	-10
5.056458493e-06	2.975520097e-06	-10
5.056458493e-06	2.975520097e-06	-10
5.056458493e-06	2.975520097e-06	0
5.037077235e-06	2.976705505e-06	0
5.017695976e-06	2.977890914e-06	0
4.998314718e-06	2.979076322e-06	0
4.97893346e-06	2.980261731e-06	0
4.959552202e-06	2.981447139e-06	0
4.940170944e-06	2.982632548e-06	0
4.920789685e-06	2.983817956e-06	0
4.901408427e-06	2.985003365e-06	0
4.882027169e-06	2.986188773e-06	0
4.862645911e-06	2.987374182e-06	0
4.862645911e-06	2.987374182e-06	-10
4.862645911e-06	2.987374182e-06	-10
4.862645911e-06	2.987374182e-06	-10
4.862645911e-06	2.987374182e-06	-10
4.862645911e-06	2.987374182e-06	-10
4.862645911e-06	2.987374182e-06	-10
4.862645911e-06	2.987374182e-06	-10
4.862645911e-06	2.987374182e-06	-10
4.862645911e-06	2.987374182e-06	-10
4.862645911e-06	2.987374182e-06	-10
4.862645911e-06	2.987374182e-06	-10
4.862645911e-06	2.987374182e-06	-10
4.862645911e-06	2.987374182e-06	-10
4.862645911e-06	2.987374182e-06	-10
4.862645911e-06	2.987374182e-06	-10
4.862645911e-06	2.987374182e-06	-10
4.862645911e-06	2.987374182e-06	-10
4.862645911e-06	2.987374182e-06	-10
4.862645911e-06	2.987374182e-06	-10
4.862645911e-06	2.987374182e-06	-10
4.862645911e-06	2.987374182e-06	-10
4.862645911e-06	2.987374182e-06	-10
4.862645911e-06	2.987374182e-06	-10
4.862645911e-06	2.987374182e-06	-10
4.862645911e-06	2.987374182e-06	-10
4.862645911e-06	2.987374182e-06	0
4.843264652e-06	2.98855959e-06	0
4.823883394e-06	2.989744999e-06	0
4.804502136e-06	2.990930407e-06	0
4.785120878e-06	2.992115816e-06	0
4.76573962e-06	2.993301225e-06	0
4.746358361e-06	2.994486633e-06	0
4.726977103e-06	2.995672042e-06	0
4.707595845e-06	2.99685745e-06	0
4.688214587e-06	2.998042859e-06	0
4.668833328e-06	2.999228267e-06	0
4.668833328e-06	2.999228267e-06	-10
4.668833328e-06	2.999228267e-06	-10
4.668833328e-06	2.999228267e-06	-10
4.668833328e-06	2.999228267e-06	-10
4.668833328e-06	2.999228267e-06	-10
4.668833328e-06	2.999228267e-06	-10
4.668833328e-06	2.999228267e-06	-10
4.668833328e-06	2.999228267e-06	-10
4.668833328e-06	2.999228267e-06	-10
4.668833328e-06	2.999228267e-06	-10
4.668833328e-06	2.999228267e-06	-10
4.668833328e-06	2.999228267e-06	-10
4.668833328e-06	2.999228267e-06	-10
4.668833328e-06	2.999228267e-06	-10
4.668833328e-06	2.999228267e-06	-10
4.668833328e-06	2.999228267e-06	-10
4.668833328e-06	2.999228267e-06	-10
4.668833328e-06	2.999228267e-06	-10
4.668833328e-06	2.999228267e-06	-10
4.668833328e-06	2.999228267e-06	-10
4.668833328e-06	2.999228267e-06	-10
4.668833328e-06	2.999228267e-06	-10
4.668833328e-06	2.999228267e-06	-10
4.668833328e-06	2.999228267e-06	-10
4.668833328e-06	2.999228267e-06	-10
