# X_m	Y_m	V
2e-06	2e-06	-6
2.049981289e-06	2.001251523e-06	-6
2.099962299e-06	2.00251399e-06	-6
2.149942335e-06	2.00381461e-06	-6
2.199921787e-06	2.005137234e-06	-6
2.24990052e-06	2.006487022e-06	-6
2.299878336e-06	2.007870114e-06	-6
2.349855712e-06	2.009269191e-06	-6
2.399831808e-06	2.010713231e-06	-6
2.449807557e-06	2.012169195e-06	-6
2.499782059e-06	2.013667414e-06	-6
2.549755955e-06	2.015185549e-06	-6
2.599728935e-06	2.016733726e-06	-6
2.649700873e-06	2.018315006e-06	-6
2.69967227e-06	2.019913473e-06	-6
2.749642135e-06	2.021559073e-06	-6
2.799611515e-06	2.023219248e-06	-6
2.849579552e-06	2.024919527e-06	-6
2.899546666e-06	2.026646503e-06	-6
2.949512918e-06	2.028398431e-06	-6
2.999477617e-06	2.030193997e-06	-6
3.049441675e-06	2.032007302e-06	-6
3.09940413e-06	2.033864368e-06	-6
3.149365511e-06	2.035749906e-06	-6
3.199325943e-06	2.037660619e-06	-6
3.24928445e-06	2.039620958e-06	-6
3.299242073e-06	2.041603597e-06	-6
3.349198181e-06	2.04362421e-06	-6
3.399152566e-06	2.045686829e-06	-6
3.449105872e-06	2.047775434e-06	-6
3.499057235e-06	2.049910131e-06	-6
3.54900685e-06	2.052085168e-06	-6
3.598955125e-06	2.054290805e-06	-6
3.648901248e-06	2.056544788e-06	-6
3.698845258e-06	2.058844946e-06	-6
3.748787574e-06	2.061181555e-06	-6
3.798727862e-06	2.063561309e-06	-6
3.848665172e-06	2.066002696e-06	-6
3.898600303e-06	2.06848809e-06	-6
3.948533056e-06	2.071020839e-06	-6
3.998463177e-06	2.073605137e-06	-6
4.048389461e-06	2.076262523e-06	-6
4.098312581e-06	2.078978505e-06	-6
4.148232183e-06	2.081758321e-06	-6
4.198147844e-06	2.084607989e-06	-6
4.248059061e-06	2.087534481e-06	-6
4.297965222e-06	2.090545969e-06	-6
4.347865579e-06	2.093652131e-06	-6
4.397759202e-06	2.096864579e-06	-6
4.447644919e-06	2.100197431e-06	-6
4.497521224e-06	2.103668109e-06	-6
4.547386153e-06	2.107298467e-06	-6
4.597236025e-06	2.111129751e-06	-6
4.647063719e-06	2.115239058e-06	-6
4.696860305e-06	2.119707527e-06	-6
4.746599874e-06	2.124767009e-06	-6
4.796187715e-06	2.131112134e-06	-6
4.806027535e-06	2.142872249e-06	6
4.756081804e-06	2.144920033e-06	6
4.706086558e-06	2.145239088e-06	6
4.65609087e-06	2.144914336e-06	6
4.606099669e-06	2.144162424e-06	6
4.556112879e-06	2.143157547e-06	6
4.506131379e-06	2.141916079e-06	6
4.456154282e-06	2.140508458e-06	6
4.40618133e-06	2.138960506e-06	6
4.356212317e-06	2.13729007e-06	6
4.306247028e-06	2.135511606e-06	6
4.256285251e-06	2.133636992e-06	6
4.206326783e-06	2.131676126e-06	6
4.156371429e-06	2.129637357e-06	6
4.106419009e-06	2.127527807e-06	6
4.056469351e-06	2.125353614e-06	6
4.006523012e-06	2.123104434e-06	6
3.956579321e-06	2.120797404e-06	6
3.906638049e-06	2.118438665e-06	6
3.856699056e-06	2.116032034e-06	6
3.806762727e-06	2.113570609e-06	6
3.756829168e-06	2.11105371e-06	6
3.706897615e-06	2.108497432e-06	6
3.656967951e-06	2.105904338e-06	6
3.607041429e-06	2.103251413e-06	6
3.557116787e-06	2.100563512e-06	6
3.507193812e-06	2.097844726e-06	6
3.457273767e-06	2.095072599e-06	6
3.40735559e-06	2.092267175e-06	6
3.357438886e-06	2.089435542e-06	6
3.307525301e-06	2.086549434e-06	6
3.257613213e-06	2.083637679e-06	6
3.20770286e-06	2.080696212e-06	6
3.157795313e-06	2.077707563e-06	6
3.107888998e-06	2.074698444e-06	6
3.057985127e-06	2.071648975e-06	6
3.008083225e-06	2.068567559e-06	6
2.958182611e-06	2.065465259e-06	6
2.908285077e-06	2.062313824e-06	6
2.858388588e-06	2.059145938e-06	6
2.808494531e-06	2.055939905e-06	6
2.75860233e-06	2.052705212e-06	6
2.708711579e-06	2.049448129e-06	6
2.658823648e-06	2.046148196e-06	6
2.608936624e-06	2.042834564e-06	6
2.559052556e-06	2.039476687e-06	6
2.509169766e-06	2.036099955e-06	6
2.45928908e-06	2.032692213e-06	6
2.409410533e-06	2.029253373e-06	6
2.359533259e-06	2.025796047e-06	6
2.309658974e-06	2.0222959e-06	6
2.259785497e-06	2.018784254e-06	6
2.209915151e-06	2.015228386e-06	6
2.160045964e-06	2.011656377e-06	6
2.110179141e-06	2.008051451e-06	6
2.060314275e-06	2.00441962e-06	2.202217074
2.010450989e-06	2.000766097e-06	-4.657502053
2.040794117e-06	2.003029261e-06	-6
2.090653665e-06	2.006733457e-06	-6
2.14050965e-06	2.010485297e-06	-6
2.1903647e-06	2.014249489e-06	-6
2.24021697e-06	2.018050375e-06	-6
2.29006743e-06	2.021874862e-06	-6
2.339915927e-06	2.025724912e-06	-6
2.389761689e-06	2.02961016e-06	-6
2.439606351e-06	2.033509543e-06	-6
2.489447292e-06	2.037456197e-06	-6
2.539287247e-06	2.041415255e-06	-6
2.589124035e-06	2.045414016e-06	-6
2.63895895e-06	2.049435992e-06	-6
2.688791689e-06	2.053484907e-06	-6
2.738621391e-06	2.057570957e-06	-6
2.788449912e-06	2.06167146e-06	-6
2.838274297e-06	2.065821906e-06	-6
2.888097293e-06	2.06998893e-06	-6
2.937917361e-06	2.07419088e-06	-6
2.987734598e-06	2.078426192e-06	-6
3.037550246e-06	2.082680229e-06	-6
3.087361461e-06	2.086985857e-06	-6
3.137171011e-06	2.091310624e-06	-6
3.186977473e-06	2.095670898e-06	-6
3.236780505e-06	2.100070092e-06	-6
3.286581587e-06	2.104491348e-06	-6
3.336378335e-06	2.108961193e-06	-6
3.386172286e-06	2.113461996e-06	-6
3.435963916e-06	2.117988493e-06	-6
3.485750324e-06	2.122572068e-06	-6
3.535534059e-06	2.12718449e-06	-6
3.585314992e-06	2.131827151e-06	-6
3.63509031e-06	2.136529635e-06	-6
3.684862384e-06	2.141266218e-06	-6
3.734631025e-06	2.146038802e-06	-6
3.78439434e-06	2.150866648e-06	-6
3.834152887e-06	2.155743293e-06	-6
3.883907156e-06	2.160663381e-06	-6
3.933656789e-06	2.165630195e-06	-6
3.983399905e-06	2.170661895e-06	-6
4.03313703e-06	2.175752388e-06	-6
4.082868201e-06	2.18090067e-06	-6
4.132592816e-06	2.186111875e-06	-6
4.182310175e-06	2.191391897e-06	-6
4.232019446e-06	2.196747565e-06	-6
4.281719639e-06	2.202186872e-06	-6
4.331409556e-06	2.207719287e-06	-6
4.381087728e-06	2.213356162e-06	-6
4.43075233e-06	2.219111291e-06	-6
4.480401053e-06	2.225001695e-06	-6
4.530030925e-06	2.231048713e-06	-6
4.579638038e-06	2.237279589e-06	-6
4.629211536e-06	2.243772043e-06	-6
4.678742061e-06	2.250584413e-06	-6
4.728194443e-06	2.257941383e-06	-6
4.777472905e-06	2.26637278e-06	-6
4.80470926e-06	2.279858186e-06	6
4.754738333e-06	2.280220984e-06	6
4.704779554e-06	2.278297889e-06	6
4.654855899e-06	2.275597323e-06	6
4.604957061e-06	2.272469455e-06	6
4.555077579e-06	2.269045302e-06	6
4.505213114e-06	2.265408511e-06	6
4.455363462e-06	2.261573757e-06	6
4.405524933e-06	2.257597114e-06	6
4.355696433e-06	2.253496707e-06	6
4.305877026e-06	2.249287212e-06	6
4.25606591e-06	2.244980683e-06	6
4.206262388e-06	2.240587161e-06	6
4.156465849e-06	2.23611511e-06	6
4.106675757e-06	2.231571748e-06	6
4.056892833e-06	2.226950481e-06	6
4.007115875e-06	2.222265487e-06	6
3.957344262e-06	2.217524089e-06	6
3.907577632e-06	2.212730646e-06	6
3.857815656e-06	2.207889024e-06	6
3.808060305e-06	2.202979784e-06	6
3.75830919e-06	2.198027902e-06	6
3.70856203e-06	2.193036426e-06	6
3.65881958e-06	2.187998144e-06	6
3.609082419e-06	2.182907963e-06	6
3.559348653e-06	2.17778476e-06	6
3.509618689e-06	2.172624693e-06	6
3.459894235e-06	2.167411829e-06	6
3.410172717e-06	2.162171078e-06	6
3.360454924e-06	2.15689504e-06	6
3.310742165e-06	2.151571804e-06	6
3.261031964e-06	2.14622476e-06	6
3.211326107e-06	2.140837424e-06	6
3.161624221e-06	2.135413641e-06	6
3.111924575e-06	2.129969322e-06	6
3.062230491e-06	2.124474445e-06	6
3.012538804e-06	2.118958003e-06	6
2.962850565e-06	2.113410525e-06	6
2.913166679e-06	2.107824248e-06	6
2.863484645e-06	2.102221484e-06	6
2.813808045e-06	2.096570728e-06	6
2.764133573e-06	2.090901359e-06	6
2.71446278e-06	2.085199781e-06	6
2.664795773e-06	2.07946538e-06	6
2.615130788e-06	2.073713436e-06	6
2.56547117e-06	2.067915355e-06	6
2.515813062e-06	2.062104372e-06	6
2.466159714e-06	2.056252819e-06	6
2.416508888e-06	2.050379962e-06	6
2.366861382e-06	2.044479054e-06	6
2.317217816e-06	2.038545134e-06	6
2.267576173e-06	2.032595098e-06	6
2.217939864e-06	2.026600748e-06	6
2.168304904e-06	2.020595249e-06	6
2.118675079e-06	2.014547435e-06	6
2.069047355e-06	2.00848245e-06	3.50506045
2.019423399e-06	2.002386661e-06	-3.465290553
2.032952803e-06	2.00408058e-06	-6
2.082570654e-06	2.010225862e-06	-6
2.132183297e-06	2.016413021e-06	-6
2.181794573e-06	2.022611138e-06	-6
2.231400246e-06	2.028853962e-06	-6
2.281003989e-06	2.035112057e-06	-6
2.33060348e-06	2.041403802e-06	-6
2.38019956e-06	2.047722333e-06	-6
2.4297928e-06	2.054063164e-06	-6
2.479381064e-06	2.060442758e-06	-6
2.528967748e-06	2.066834652e-06	-6
2.578548246e-06	2.07327436e-06	-6
2.628126822e-06	2.079728801e-06	-6
2.677700813e-06	2.086218408e-06	-6
2.727271056e-06	2.092736535e-06	-6
2.776838439e-06	2.099276422e-06	-6
2.82640009e-06	2.105859584e-06	-6
2.875959697e-06	2.112458117e-06	-6
2.925513521e-06	2.119099963e-06	-6
2.975064044e-06	2.125766336e-06	-6
3.024610896e-06	2.132459995e-06	-6
3.074151976e-06	2.13919621e-06	-6
3.123690479e-06	2.145951347e-06	-6
3.17322294e-06	2.152750675e-06	-6
3.222751307e-06	2.159579711e-06	-6
3.272276322e-06	2.166433066e-06	-6
3.321794052e-06	2.173338851e-06	-6
3.371308423e-06	2.180268639e-06	-6
3.420817961e-06	2.187232922e-06	-6
3.470320718e-06	2.194245211e-06	-6
3.51981948e-06	2.201285623e-06	-6
3.569312629e-06	2.20836544e-06	-6
3.618798554e-06	2.215495536e-06	-6
3.668279665e-06	2.22265894e-06	-6
3.717755315e-06	2.229860025e-06	-6
3.767222039e-06	2.237122165e-06	-6
3.816682874e-06	2.244424243e-06	-6
3.866137368e-06	2.25176916e-06	-6
3.915584109e-06	2.259166142e-06	-6
3.965021232e-06	2.266627113e-06	-6
4.014450392e-06	2.274140598e-06	-6
4.063870862e-06	2.281711022e-06	-6
4.113281803e-06	2.289343418e-06	-6
4.162682239e-06	2.297043557e-06	-6
4.212070209e-06	2.304823273e-06	-6
4.261444915e-06	2.312686708e-06	-6
4.31080554e-06	2.320638016e-06	-6
4.360150266e-06	2.328687383e-06	-6
4.409476873e-06	2.336847046e-06	-6
4.458781072e-06	2.345140999e-06	-6
4.508058179e-06	2.353594314e-06	-6
4.557304014e-06	2.362227792e-06	-6
4.606509939e-06	2.371085741e-06	-6
4.655653336e-06	2.38028401e-06	-6
4.704704444e-06	2.389960729e-06	-6
4.753565161e-06	2.400549458e-06	-6
4.795246627e-06	2.416359818e-06	6
4.745350262e-06	2.415632194e-06	6
4.695533558e-06	2.411406441e-06	6
4.645792938e-06	2.406354623e-06	6
4.596100054e-06	2.400850332e-06	6
4.54644547e-06	2.395009916e-06	6
4.496816445e-06	2.388956032e-06	6
4.447209788e-06	2.382721274e-06	6
4.397624066e-06	2.376322043e-06	6
4.348054571e-06	2.369798334e-06	6
4.29849963e-06	2.363164964e-06	6
4.248957833e-06	2.356434103e-06	6
4.199427978e-06	2.349615882e-06	6
4.14990903e-06	2.342718839e-06	6
4.100401601e-06	2.335739581e-06	6
4.050903972e-06	2.328691209e-06	6
4.001415154e-06	2.321581275e-06	6
3.951934495e-06	2.314414775e-06	6
3.902461415e-06	2.307196103e-06	6
3.852996997e-06	2.29991826e-06	6
3.80354093e-06	2.292583931e-06	6
3.754091194e-06	2.285207064e-06	6
3.704647384e-06	2.277790539e-06	6
3.655212141e-06	2.270317094e-06	6
3.605783189e-06	2.262802216e-06	6
3.556359272e-06	2.255254278e-06	6
3.506942473e-06	2.247659833e-06	6
3.457532277e-06	2.24002259e-06	6
3.408126402e-06	2.232357442e-06	6
3.358727447e-06	2.224647782e-06	6
3.309334384e-06	2.21690051e-06	6
3.259945057e-06	2.209129428e-06	6
3.210563485e-06	2.201309206e-06	6
3.16118624e-06	2.193461749e-06	6
3.111813222e-06	2.185587699e-06	6
3.062447714e-06	2.177666722e-06	6
3.013085221e-06	2.169726983e-06	6
2.963729102e-06	2.161747695e-06	6
2.914377834e-06	2.153738493e-06	6
2.865030081e-06	2.145707624e-06	6
2.815689804e-06	2.137630963e-06	6
2.766352026e-06	2.129539065e-06	6
2.717020893e-06	2.121406732e-06	6
2.667693764e-06	2.113250182e-06	6
2.618370901e-06	2.105067832e-06	6
2.569054279e-06	2.096847983e-06	6
2.519739799e-06	2.088615271e-06	6
2.470433447e-06	2.080334008e-06	6
2.421129275e-06	2.072039813e-06	6
2.37183118e-06	2.063709543e-06	6
2.322537252e-06	2.055354683e-06	6
2.273247424e-06	2.046975633e-06	6
2.223963707e-06	2.038560745e-06	6
2.174682166e-06	2.030133093e-06	6
2.125408652e-06	2.021658641e-06	6
2.076136974e-06	2.013173538e-06	4.653844658
2.026871896e-06	2.004650176e-06	-2.430765636
2.02649311e-06	2.004609955e-06	-6
2.075749594e-06	2.013182845e-06	-6
2.125000004e-06	2.021790526e-06	-6
2.174248042e-06	2.030411797e-06	-6
2.223488053e-06	2.039078794e-06	-6
2.27272611e-06	2.047756868e-06	-6
2.321957068e-06	2.056475146e-06	-6
2.371184516e-06	2.065213186e-06	-6
2.420406821e-06	2.073980187e-06	-6
2.469623477e-06	2.082778809e-06	-6
2.518837041e-06	2.091594745e-06	-6
2.568042689e-06	2.100454743e-06	-6
2.617246023e-06	2.109327577e-06	-6
2.6664418e-06	2.118242235e-06	-6
2.7156337e-06	2.127178226e-06	-6
2.764820409e-06	2.136142783e-06	-6
2.814000552e-06	2.145143257e-06	-6
2.863177919e-06	2.154158922e-06	-6
2.912346079e-06	2.163224657e-06	-6
2.961511064e-06	2.172307568e-06	-6
3.010669717e-06	2.181424716e-06	-6
3.059821864e-06	2.190576845e-06	-6
3.108970533e-06	2.199747657e-06	-6
3.158109626e-06	2.208969653e-06	-6
3.20724457e-06	2.218213682e-06	-6
3.256373572e-06	2.227489282e-06	-6
3.305494155e-06	2.236809339e-06	-6
3.354610237e-06	2.24615308e-06	-6
3.403718334e-06	2.25553873e-06	-6
3.452818802e-06	2.26496417e-06	-6
3.501913939e-06	2.274417347e-06	-6
3.550999993e-06	2.283917607e-06	-6
3.60007795e-06	2.293459565e-06	-6
3.649149512e-06	2.30303436e-06	-6
3.698212131e-06	2.312654908e-06	-6
3.747264529e-06	2.32232741e-06	-6
3.796309145e-06	2.332039267e-06	-6
3.845345392e-06	2.341793327e-06	-6
3.894369514e-06	2.351608167e-06	-6
3.943382786e-06	2.361477e-06	-6
3.992385613e-06	2.371397545e-06	-6
4.041377061e-06	2.381374139e-06	-6
4.090356059e-06	2.391411715e-06	-6
4.139319942e-06	2.401522784e-06	-6
4.188267973e-06	2.41171029e-06	-6
4.237199701e-06	2.421975786e-06	-6
4.286113217e-06	2.432327684e-06	-6
4.335006233e-06	2.44277596e-06	-6
4.383875966e-06	2.453332591e-06	-6
4.432718983e-06	2.464012157e-06	-6
4.481527623e-06	2.474847703e-06	-6
4.530294923e-06	2.4858677e-06	-6
4.579014193e-06	2.497098038e-06	-6
4.627657857e-06	2.50865105e-06	-6
4.676194056e-06	2.520646376e-06	-6
4.724522951e-06	2.533447738e-06	-6
4.771779542e-06	2.549489303e-06	-6
4.727921866e-06	2.550552323e-06	6
4.67834795e-06	2.544078381e-06	6
4.628903455e-06	2.536669278e-06	6
4.579534381e-06	2.528771418e-06	6
4.530219641e-06	2.520540897e-06	6
4.480944087e-06	2.512078683e-06	6
4.431699697e-06	2.503436843e-06	6
4.382482377e-06	2.494642001e-06	6
4.333290196e-06	2.485707563e-06	6
4.284118092e-06	2.476663289e-06	6
4.234964021e-06	2.467521497e-06	6
4.185826283e-06	2.458292288e-06	6
4.136705175e-06	2.448974974e-06	6
4.087598155e-06	2.43958373e-06	6
4.038504052e-06	2.430125224e-06	6
3.989421842e-06	2.420605207e-06	6
3.940350619e-06	2.411028696e-06	6
3.89128958e-06	2.401400096e-06	6
3.842241956e-06	2.391703385e-06	6
3.793203631e-06	2.38195981e-06	6
3.744173759e-06	2.372173782e-06	6
3.695152284e-06	2.362345732e-06	6
3.646142896e-06	2.352457591e-06	6
3.597140625e-06	2.342534284e-06	6
3.548145035e-06	2.332578005e-06	6
3.499160496e-06	2.322567484e-06	6
3.450183018e-06	2.312522515e-06	6
3.401211247e-06	2.302449728e-06	6
3.352250181e-06	2.292325027e-06	6
3.303295256e-06	2.282170709e-06	6
3.254345658e-06	2.271990711e-06	6
3.205406968e-06	2.261758403e-06	6
3.156472792e-06	2.25150456e-06	6
3.107545693e-06	2.241216963e-06	6
3.058626859e-06	2.230890167e-06	6
3.00971197e-06	2.220544689e-06	6
2.960806912e-06	2.210152821e-06	6
2.911906651e-06	2.199738435e-06	6
2.863012481e-06	2.189295463e-06	6
2.814126515e-06	2.178814172e-06	6
2.765243799e-06	2.16831772e-06	6
2.716371205e-06	2.15777423e-06	6
2.667502303e-06	2.147213673e-06	6
2.618640424e-06	2.136620635e-06	6
2.569785125e-06	2.125997325e-06	6
2.520933929e-06	2.115355131e-06	6
2.472092063e-06	2.104670215e-06	6
2.423252849e-06	2.093973185e-06	6
2.374422966e-06	2.083233628e-06	6
2.32559696e-06	2.072476482e-06	6
2.276777728e-06	2.061688611e-06	6
2.227964863e-06	2.05087199e-06	6
2.179156293e-06	2.040035983e-06	6
2.130356539e-06	2.029160355e-06	6
2.081559169e-06	2.018274027e-06	5.640857619
2.03277165e-06	2.007343631e-06	-1.561820754
2.021430675e-06	2.004822721e-06	-6
2.07020709e-06	2.015802559e-06	-6
2.118976948e-06	2.026811466e-06	-6
2.167742554e-06	2.037839214e-06	-6
2.21649912e-06	2.048906848e-06	-6
2.265253199e-06	2.059985441e-06	-6
2.313996985e-06	2.071109242e-06	-6
2.362737534e-06	2.082247195e-06	-6
2.411470285e-06	2.093419236e-06	-6
2.460197092e-06	2.10461715e-06	-6
2.508918712e-06	2.115837641e-06	-6
2.557631522e-06	2.127096293e-06	-6
2.606341405e-06	2.138367621e-06	-6
2.655040412e-06	2.149685848e-06	-6
2.703735788e-06	2.161019663e-06	-6
2.752423289e-06	2.172387287e-06	-6
2.801103773e-06	2.183784892e-06	-6
2.849779613e-06	2.195202345e-06	-6
2.898444763e-06	2.206665264e-06	-6
2.947106097e-06	2.218144365e-06	-6
2.995758084e-06	2.229663032e-06	-6
3.044403218e-06	2.241210581e-06	-6
3.093042977e-06	2.252780776e-06	-6
3.141671286e-06	2.264398991e-06	-6
3.190294775e-06	2.276037345e-06	-6
3.238909367e-06	2.287712836e-06	-6
3.287514806e-06	2.299426342e-06	-6
3.336114618e-06	2.311163186e-06	-6
3.384702925e-06	2.322947584e-06	-6
3.433283163e-06	2.334765163e-06	-6
3.481856754e-06	2.346610063e-06	-6
3.530417414e-06	2.358507871e-06	-6
3.578969526e-06	2.37044048e-06	-6
3.627513685e-06	2.382405422e-06	-6
3.67604503e-06	2.394422247e-06	-6
3.724565299e-06	2.406483684e-06	-6
3.77307592e-06	2.41858386e-06	-6
3.821575886e-06	2.430726713e-06	-6
3.87005952e-06	2.44293461e-06	-6
3.91853126e-06	2.455189607e-06	-6
3.966990107e-06	2.467495475e-06	-6
4.015434929e-06	2.479856466e-06	-6
4.063863686e-06	2.492280277e-06	-6
4.112273039e-06	2.50477947e-06	-6
4.160664354e-06	2.517348286e-06	-6
4.209035689e-06	2.529993752e-06	-6
4.257384748e-06	2.542724108e-06	-6
4.305708781e-06	2.555549123e-06	-6
4.35400445e-06	2.568480522e-06	-6
4.402267651e-06	2.581532575e-06	-6
4.450493167e-06	2.594723208e-06	-6
4.498665171e-06	2.60810787e-06	-6
4.546779435e-06	2.621698492e-06	-6
4.594809949e-06	2.635581815e-06	-6
4.642716895e-06	2.649885128e-06	-6
4.690388202e-06	2.664952119e-06	-6
4.737205707e-06	2.682403848e-06	-6
4.70248353e-06	2.684523487e-06	6
4.65325807e-06	2.675787334e-06	6
4.604224659e-06	2.666020613e-06	6
4.55529792e-06	2.655731981e-06	6
4.506438291e-06	2.64512913e-06	6
4.457633968e-06	2.634274288e-06	6
4.408869866e-06	2.623240111e-06	6
4.360140546e-06	2.612053244e-06	6
4.311441662e-06	2.600734546e-06	6
4.262769687e-06	2.589300645e-06	6
4.21412172e-06	2.577765017e-06	6
4.165495338e-06	2.566138743e-06	6
4.116888496e-06	2.554431065e-06	6
4.068299447e-06	2.542649782e-06	6
4.019726681e-06	2.530801554e-06	6
3.971168883e-06	2.518892129e-06	6
3.922624896e-06	2.50692651e-06	6
3.874095244e-06	2.494902847e-06	6
3.825581073e-06	2.482816888e-06	6
3.777078241e-06	2.470685534e-06	6
3.72858598e-06	2.45851198e-06	6
3.680105916e-06	2.446289908e-06	6
3.63163916e-06	2.434015194e-06	6
3.583181271e-06	2.421705535e-06	6
3.534732105e-06	2.409361553e-06	6
3.486297478e-06	2.396960649e-06	6
3.437870379e-06	2.384530415e-06	6
3.389450802e-06	2.372070872e-06	6
3.341045185e-06	2.359557211e-06	6
3.292646021e-06	2.347018642e-06	6
3.244255002e-06	2.33444864e-06	6
3.195875897e-06	2.321832881e-06	6
3.147502373e-06	2.309195745e-06	6
3.099139105e-06	2.296519392e-06	6
3.050784498e-06	2.28381007e-06	6
3.002434862e-06	2.271081824e-06	6
2.95409862e-06	2.258302806e-06	6
2.905766883e-06	2.245506783e-06	6
2.857444124e-06	2.232676874e-06	6
2.809129956e-06	2.219814675e-06	6
2.760820479e-06	2.206934845e-06	6
2.712523508e-06	2.194008204e-06	6
2.664230285e-06	2.181067582e-06	6
2.615947141e-06	2.168089384e-06	6
2.567670587e-06	2.155086718e-06	6
2.519400525e-06	2.14205995e-06	6
2.471140414e-06	2.128996381e-06	6
2.422883548e-06	2.115920815e-06	6
2.374639549e-06	2.102797852e-06	6
2.326398826e-06	2.08966287e-06	6
2.278167836e-06	2.076492176e-06	6
2.229943155e-06	2.063298419e-06	6
2.181725176e-06	2.050080171e-06	6
2.133516484e-06	2.03682811e-06	6
2.085311531e-06	2.023562437e-06	6
2.037118317e-06	2.010254185e-06	-0.8668844584
2.017761061e-06	2.004923432e-06	-6
2.065939866e-06	2.018283759e-06	-6
2.114111806e-06	2.031668795e-06	-6
2.162277463e-06	2.045076444e-06	-6
2.21043325e-06	2.058519482e-06	-6
2.258585693e-06	2.071974512e-06	-6
2.306725171e-06	2.085475853e-06	-6
2.354861523e-06	2.098988321e-06	-6
2.402987283e-06	2.112538481e-06	-6
2.451106975e-06	2.126110151e-06	-6
2.499219237e-06	2.139708158e-06	-6
2.547321978e-06	2.153339791e-06	-6
2.595420619e-06	2.1669859e-06	-6
2.643506062e-06	2.180678441e-06	-6
2.691587722e-06	2.194384248e-06	-6
2.739658684e-06	2.208127544e-06	-6
2.787722351e-06	2.221896308e-06	-6
2.835779219e-06	2.235688805e-06	-6
2.883824378e-06	2.249522022e-06	-6
2.931864947e-06	2.263371176e-06	-6
2.979893022e-06	2.277263603e-06	-6
3.027914067e-06	2.29118029e-06	-6
3.075927399e-06	2.305123588e-06	-6
3.123928189e-06	2.319109988e-06	-6
3.171923197e-06	2.333116211e-06	-6
3.21990622e-06	2.347163455e-06	-6
3.267879533e-06	2.361243801e-06	-6
3.315846105e-06	2.375347111e-06	-6
3.363797526e-06	2.389501858e-06	-6
3.411740612e-06	2.403684779e-06	-6
3.459675658e-06	2.417894877e-06	-6
3.507593984e-06	2.43216126e-06	-6
3.555503393e-06	2.446457525e-06	-6
3.603403309e-06	2.460785588e-06	-6
3.651286417e-06	2.47516973e-06	-6
3.699157776e-06	2.489592896e-06	-6
3.747017643e-06	2.50405415e-06	-6
3.794863215e-06	2.518562659e-06	-6
3.842690888e-06	2.53313005e-06	-6
3.890504427e-06	2.547743737e-06	-6
3.938302659e-06	2.562407415e-06	-6
3.98608425e-06	2.577125251e-06	-6
4.033844883e-06	2.591910972e-06	-6
4.081584342e-06	2.606764894e-06	-6
4.129302462e-06	2.621687199e-06	-6
4.176996974e-06	2.636684773e-06	-6
4.224665196e-06	2.651765683e-06	-6
4.272303924e-06	2.666939497e-06	-6
4.319909274e-06	2.682217693e-06	-6
4.367476476e-06	2.697614235e-06	-6
4.41499958e-06	2.713146364e-06	-6
4.462463678e-06	2.728857819e-06	-6
4.509857075e-06	2.744781184e-06	-6
4.557158917e-06	2.760974224e-06	-6
4.604321239e-06	2.777569037e-06	-6
4.651219679e-06	2.794893127e-06	-6
4.697308855e-06	2.814218707e-06	-6
4.669098983e-06	2.817036256e-06	6
4.62034079e-06	2.805986782e-06	6
4.571833158e-06	2.793876464e-06	6
4.523462257e-06	2.781230054e-06	6
4.475174552e-06	2.76826925e-06	6
4.426958738e-06	2.755043313e-06	6
4.378792141e-06	2.741639232e-06	6
4.33066798e-06	2.728083525e-06	6
4.28258086e-06	2.714396948e-06	6
4.234526418e-06	2.700596045e-06	6
4.186501071e-06	2.686694219e-06	6
4.138501839e-06	2.672702492e-06	6
4.090526212e-06	2.658630052e-06	6
4.04257205e-06	2.644484651e-06	6
3.994637507e-06	2.63027291e-06	6
3.946720979e-06	2.616000537e-06	6
3.898821057e-06	2.601672504e-06	6
3.850939996e-06	2.587281548e-06	6
3.803075803e-06	2.572834615e-06	6
3.755225205e-06	2.55834273e-06	6
3.707387274e-06	2.543809066e-06	6
3.659565463e-06	2.529222428e-06	6
3.611758e-06	2.514588859e-06	6
3.563961139e-06	2.499920704e-06	6
3.516176163e-06	2.485213845e-06	6
3.468407037e-06	2.470455601e-06	6
3.420646891e-06	2.455668334e-06	6
3.372897134e-06	2.440847528e-06	6
3.325162558e-06	2.425977912e-06	6
3.277435667e-06	2.411083658e-06	6
3.229719849e-06	2.396153946e-06	6
3.182016796e-06	2.381183515e-06	6
3.134320381e-06	2.366191945e-06	6
3.086637496e-06	2.351157386e-06	6
3.038963527e-06	2.336094596e-06	6
2.991296801e-06	2.32100888e-06	6
2.943644606e-06	2.305877335e-06	6
2.895997755e-06	2.29072898e-06	6
2.84836286e-06	2.275543054e-06	6
2.800736811e-06	2.260329429e-06	6
2.75311763e-06	2.245094298e-06	6
2.705511925e-06	2.229817122e-06	6
2.657910654e-06	2.214526134e-06	6
2.6103226e-06	2.199194052e-06	6
2.562741027e-06	2.18384189e-06	6
2.515168422e-06	2.168461941e-06	6
2.467606263e-06	2.153049735e-06	6
2.420049053e-06	2.13762225e-06	6
2.372506082e-06	2.122150942e-06	6
2.324966794e-06	2.106668328e-06	6
2.277440275e-06	2.091146549e-06	6
2.229919895e-06	2.075606007e-06	6
2.182408705e-06	2.060037371e-06	6
2.134907153e-06	2.044439372e-06	6
2.0874113e-06	2.028824008e-06	6
2.039927903e-06	2.01317082e-06	-0.3549665093
2.015459939e-06	2.005114228e-06	-6
2.06292503e-06	2.020822848e-06	-6
2.11038293e-06	2.036553161e-06	-6
2.157832566e-06	2.052308402e-06	-6
2.20527149e-06	2.068095853e-06	-6
2.252705602e-06	2.083897769e-06	-6
2.300125378e-06	2.09974265e-06	-6
2.347541491e-06	2.115598485e-06	-6
2.394944283e-06	2.13149411e-06	-6
2.442340856e-06	2.147408252e-06	-6
2.489727818e-06	2.163351005e-06	-6
2.537104523e-06	2.179324199e-06	-6
2.584475519e-06	2.19531433e-06	-6
2.631831964e-06	2.211347498e-06	-6
2.679183987e-06	2.227393717e-06	-6
2.726522566e-06	2.243479566e-06	-6
2.773853536e-06	2.25958777e-06	-6
2.821175623e-06	2.275722072e-06	-6
2.868484952e-06	2.291893726e-06	-6
2.915788926e-06	2.308081052e-06	-6
2.963077347e-06	2.32431376e-06	-6
3.010358516e-06	2.340567559e-06	-6
3.057629713e-06	2.356850358e-06	-6
3.104887241e-06	2.373172768e-06	-6
3.152138036e-06	2.389514663e-06	-6
3.199373856e-06	2.405899808e-06	-6
3.246599358e-06	2.422314643e-06	-6
3.293816956e-06	2.438752221e-06	-6
3.341015991e-06	2.455243027e-06	-6
3.388206302e-06	2.471758756e-06	-6
3.435386202e-06	2.488304228e-06	-6
3.482547704e-06	2.504902064e-06	-6
3.529698857e-06	2.521529252e-06	-6
3.576838995e-06	2.538187674e-06	-6
3.623958465e-06	2.554904466e-06	-6
3.671065435e-06	2.57165642e-06	-6
3.718159091e-06	2.588445776e-06	-6
3.765234956e-06	2.605284973e-06	-6
3.812291276e-06	2.62217869e-06	-6
3.859331248e-06	2.639117859e-06	-6
3.906353521e-06	2.656106101e-06	-6
3.953356566e-06	2.673147496e-06	-6
4.000333958e-06	2.690259489e-06	-6
4.047288289e-06	2.707434629e-06	-6
4.094218015e-06	2.72467687e-06	-6
4.14112054e-06	2.741992952e-06	-6
4.187992802e-06	2.759390779e-06	-6
4.234831142e-06	2.776879714e-06	-6
4.281631135e-06	2.794470995e-06	-6
4.328387352e-06	2.812178289e-06	-6
4.375093027e-06	2.830018467e-06	-6
4.421733988e-06	2.848027113e-06	-6
4.468291668e-06	2.866249912e-06	-6
4.514749278e-06	2.884726155e-06	-6
4.561046731e-06	2.90359998e-06	-6
4.607059173e-06	2.923156343e-06	-6
4.652244466e-06	2.944524288e-06	-6
4.627872182e-06	2.947555055e-06	6
4.579698e-06	2.934188398e-06	6
4.531833761e-06	2.919743537e-06	6
4.484134931e-06	2.904760429e-06	6
4.436536143e-06	2.889462003e-06	6
4.389025344e-06	2.873892334e-06	6
4.341572607e-06	2.858146597e-06	6
4.294169833e-06	2.842251037e-06	6
4.246810595e-06	2.826226194e-06	6
4.199489704e-06	2.810088436e-06	6
4.152202912e-06	2.793851023e-06	6
4.104946689e-06	2.777524855e-06	6
4.057718067e-06	2.76111902e-06	6
4.01051452e-06	2.744641184e-06	6
3.963333873e-06	2.728097891e-06	6
3.916174238e-06	2.711494783e-06	6
3.869033957e-06	2.694836776e-06	6
3.82191689e-06	2.678113212e-06	6
3.774818156e-06	2.661338113e-06	6
3.727735237e-06	2.644518685e-06	6
3.680667045e-06	2.627658063e-06	6
3.633618742e-06	2.610742014e-06	6
3.586585902e-06	2.593783041e-06	6
3.539565371e-06	2.576789972e-06	6
3.492559748e-06	2.559755682e-06	6
3.445571353e-06	2.542673943e-06	6
3.398593369e-06	2.5255636e-06	6
3.351628507e-06	2.508417251e-06	6
3.304680113e-06	2.491225871e-06	6
3.257740619e-06	2.474010215e-06	6
3.210814994e-06	2.456756772e-06	6
3.163903055e-06	2.439466168e-06	6
3.116998794e-06	2.422154739e-06	6
3.070111202e-06	2.404798205e-06	6
3.023232862e-06	2.387416717e-06	6
2.976363919e-06	2.370009887e-06	6
2.929510706e-06	2.352560769e-06	6
2.882663662e-06	2.335095098e-06	6
2.835831426e-06	2.317589751e-06	6
2.789008366e-06	2.300059891e-06	6
2.742194238e-06	2.282506172e-06	6
2.69539462e-06	2.264913818e-06	6
2.648600113e-06	2.247307868e-06	6
2.60182183e-06	2.22965885e-06	6
2.55505e-06	2.211992753e-06	6
2.508289495e-06	2.194296687e-06	6
2.461540005e-06	2.17657156e-06	6
2.414797208e-06	2.158828772e-06	6
2.368069783e-06	2.141045546e-06	6
2.321346592e-06	2.123251199e-06	6
2.274639077e-06	2.105415741e-06	6
2.227937613e-06	2.087564457e-06	6
2.181247707e-06	2.069682952e-06	6
2.134567867e-06	2.0517752e-06	6
2.087895573e-06	2.033847775e-06	6
2.0412365e-06	2.015885979e-06	-0.03570883674
2.014483386e-06	2.005593224e-06	-6
2.061120379e-06	2.023612282e-06	-6
2.10774964e-06	2.041651324e-06	-6
2.154368909e-06	2.059716188e-06	-6
2.200976414e-06	2.077811368e-06	-6
2.247577888e-06	2.09592209e-06	-6
2.294163452e-06	2.11407369e-06	-6
2.340744821e-06	2.132236051e-06	-6
2.387310412e-06	2.150438834e-06	-6
2.433869405e-06	2.168658471e-06	-6
2.480416872e-06	2.186907551e-06	-6
2.526953125e-06	2.205185193e-06	-6
2.573482319e-06	2.223480812e-06	-6
2.619995395e-06	2.241817362e-06	-6
2.666503418e-06	2.260166724e-06	-6
2.712995534e-06	2.27855636e-06	-6
2.75947949e-06	2.296966598e-06	-6
2.805952754e-06	2.315403823e-06	-6
2.852411984e-06	2.333876371e-06	-6
2.898865099e-06	2.352364301e-06	-6
2.945299906e-06	2.370898171e-06	-6
2.991726985e-06	2.389451371e-06	-6
3.038142127e-06	2.408034431e-06	-6
3.08454223e-06	2.426654998e-06	-6
3.130934658e-06	2.445294685e-06	-6
3.177309438e-06	2.463978244e-06	-6
3.223673026e-06	2.482689538e-06	-6
3.270027031e-06	2.501424579e-06	-6
3.316360459e-06	2.52021045e-06	-6
3.362683959e-06	2.539020771e-06	-6
3.408995008e-06	2.557861744e-06	-6
3.455285708e-06	2.576752654e-06	-6
3.50156464e-06	2.595672357e-06	-6
3.547830501e-06	2.614624023e-06	-6
3.594073317e-06	2.633631851e-06	-6
3.640302011e-06	2.652673974e-06	-6
3.686515582e-06	2.671752777e-06	-6
3.732708281e-06	2.690882079e-06	-6
3.778879447e-06	2.710063278e-06	-6
3.825032066e-06	2.729289043e-06	-6
3.871164616e-06	2.748562922e-06	-6
3.917275371e-06	2.767888911e-06	-6
3.963356291e-06	2.787285932e-06	-6
4.009411835e-06	2.806743102e-06	-6
4.05543953e-06	2.826266042e-06	-6
4.101436458e-06	2.845861353e-06	-6
4.147399174e-06	2.86553677e-06	-6
4.193323569e-06	2.88530146e-06	-6
4.239204674e-06	2.905166422e-06	-6
4.285036402e-06	2.925145031e-06	-6
4.330811171e-06	2.945253795e-06	-6
4.376514459e-06	2.965524467e-06	-6
4.422122873e-06	2.986007648e-06	-6
4.46762097e-06	3.006734573e-06	-6
4.512937956e-06	3.02785438e-06	-6
4.557944571e-06	3.049626008e-06	-6
4.602050951e-06	3.073141334e-06	-6
4.578939336e-06	3.075570672e-06	6
4.531468499e-06	3.059889424e-06	6
4.484366903e-06	3.043124117e-06	6
4.437457895e-06	3.025826262e-06	6
4.390665989e-06	3.008213656e-06	6
4.343974532e-06	2.990336355e-06	6
4.297350857e-06	2.972283004e-06	6
4.250784474e-06	2.954082355e-06	6
4.20426795e-06	2.935754619e-06	6
4.157795298e-06	2.9173159e-06	6
4.111361619e-06	2.898779245e-06	6
4.064962851e-06	2.880155376e-06	6
4.018595579e-06	2.861453232e-06	6
3.972256903e-06	2.842680352e-06	6
3.925944328e-06	2.823843173e-06	6
3.879655687e-06	2.804947243e-06	6
3.833389083e-06	2.785997393e-06	6
3.787149571e-06	2.766981529e-06	6
3.740930212e-06	2.747916757e-06	6
3.694728835e-06	2.728808455e-06	6
3.648544198e-06	2.709659706e-06	6
3.602382791e-06	2.690455016e-06	6
3.556238292e-06	2.671209759e-06	6
3.510107765e-06	2.65193103e-06	6
3.463994781e-06	2.632610362e-06	6
3.417900705e-06	2.613244639e-06	6
3.371818437e-06	2.59385084e-06	6
3.325751655e-06	2.574420268e-06	6
3.27970292e-06	2.554946975e-06	6
3.23366427e-06	2.535449857e-06	6
3.187641925e-06	2.515914263e-06	6
3.141634476e-06	2.496343634e-06	6
3.09563572e-06	2.47675257e-06	6
3.049656416e-06	2.457115889e-06	6
3.003686989e-06	2.437456117e-06	6
2.957728778e-06	2.417770122e-06	6
2.911787767e-06	2.398044031e-06	6
2.865853731e-06	2.3783017e-06	6
2.819937013e-06	2.358519117e-06	6
2.774030083e-06	2.338713848e-06	6
2.728133824e-06	2.318883845e-06	6
2.682253374e-06	2.299017305e-06	6
2.636378696e-06	2.27913743e-06	6
2.590522913e-06	2.259214008e-06	6
2.544673838e-06	2.239275169e-06	6
2.498838119e-06	2.21930563e-06	6
2.453014252e-06	2.199308926e-06	6
2.407198511e-06	2.179293593e-06	6
2.361399534e-06	2.159239942e-06	6
2.315605331e-06	2.139175386e-06	6
2.269829377e-06	2.119069229e-06	6
2.224059668e-06	2.098948871e-06	6
2.17830356e-06	2.078797587e-06	6
2.13255822e-06	2.058621889e-06	6
2.086821956e-06	2.038425607e-06	6
2.041099906e-06	2.018197179e-06	0.08055803586
2.014768293e-06	2.006552926e-06	-6
2.060464801e-06	2.026838998e-06	-6
2.106152631e-06	2.047144595e-06	-6
2.151829188e-06	2.067475549e-06	-6
2.197492532e-06	2.087836149e-06	-6
2.243149064e-06	2.108212034e-06	-6
2.288787724e-06	2.128627913e-06	-6
2.334421665e-06	2.149054336e-06	-6
2.380037839e-06	2.169520412e-06	-6
2.425646617e-06	2.190002949e-06	-6
2.471242416e-06	2.210514379e-06	-6
2.516825633e-06	2.23105374e-06	-6
2.562400896e-06	2.251610758e-06	-6
2.60795807e-06	2.272207825e-06	-6
2.653509566e-06	2.292817447e-06	-6
2.699043179e-06	2.313466555e-06	-6
2.744567644e-06	2.334135807e-06	-6
2.790080092e-06	2.354831525e-06	-6
2.835576799e-06	2.37556181e-06	-6
2.88106664e-06	2.396307165e-06	-6
2.926535929e-06	2.417097532e-06	-6
2.971996557e-06	2.437906816e-06	-6
3.017443789e-06	2.458745354e-06	-6
3.06287416e-06	2.479620614e-06	-6
3.10829592e-06	2.500514605e-06	-6
3.153697901e-06	2.521451552e-06	-6
3.199087335e-06	2.542415668e-06	-6
3.244466036e-06	2.563403023e-06	-6
3.289821676e-06	2.584440167e-06	-6
3.335166191e-06	2.605501261e-06	-6
3.380496782e-06	2.626592328e-06	-6
3.42580457e-06	2.647732331e-06	-6
3.471099181e-06	2.668900535e-06	-6
3.516379197e-06	2.690099964e-06	-6
3.561633394e-06	2.711354448e-06	-6
3.606871793e-06	2.732642518e-06	-6
3.652093273e-06	2.75396651e-06	-6
3.697291477e-06	2.775339812e-06	-6
3.742465554e-06	2.796764043e-06	-6
3.787618902e-06	2.818231913e-06	-6
3.832749824e-06	2.839746896e-06	-6
3.877856397e-06	2.861312903e-06	-6
3.922929777e-06	2.882948199e-06	-6
3.967974726e-06	2.904642601e-06	-6
4.012988602e-06	2.926401392e-06	-6
4.057968156e-06	2.948231034e-06	-6
4.102909564e-06	2.970139094e-06	-6
4.147808263e-06	2.992134545e-06	-6
4.192658739e-06	3.014228148e-06	-6
4.237454241e-06	3.036432992e-06	-6
4.282186368e-06	3.058765227e-06	-6
4.326838537e-06	3.081256878e-06	-6
4.371385731e-06	3.103955681e-06	-6
4.415809633e-06	3.1268947e-06	-6
4.460033586e-06	3.150216735e-06	-6
4.503910187e-06	3.174184222e-06	-6
4.546786161e-06	3.199873678e-06	-6
4.522461313e-06	3.200608392e-06	6
4.475826841e-06	3.182590834e-06	6
4.429608218e-06	3.163525767e-06	6
4.383606876e-06	3.143941389e-06	6
4.337736769e-06	3.124051196e-06	6
4.291980204e-06	3.103901083e-06	6
4.246299346e-06	3.083579918e-06	6
4.200682841e-06	3.063114676e-06	6
4.155122292e-06	3.042525132e-06	6
4.109610943e-06	3.021827043e-06	6
4.064143272e-06	3.001033171e-06	6
4.018714704e-06	2.980154009e-06	6
3.973321397e-06	2.959198298e-06	6
3.92796009e-06	2.938173415e-06	6
3.882627978e-06	2.917085655e-06	6
3.83732263e-06	2.895940446e-06	6
3.792041917e-06	2.874742512e-06	6
3.746791405e-06	2.853480179e-06	6
3.701563491e-06	2.832169841e-06	6
3.656355657e-06	2.810816946e-06	6
3.611166512e-06	2.789424506e-06	6
3.566003256e-06	2.767977459e-06	6
3.520858917e-06	2.746490639e-06	6
3.475730166e-06	2.724971098e-06	6
3.430620952e-06	2.703410614e-06	6
3.385532862e-06	2.681806006e-06	6
3.340457933e-06	2.660173954e-06	6
3.29540025e-06	2.638505987e-06	6
3.250362703e-06	2.616796209e-06	6
3.20533639e-06	2.595063145e-06	6
3.160328238e-06	2.57329248e-06	6
3.115336686e-06	2.551487545e-06	6
3.070354814e-06	2.529662639e-06	6
3.025394605e-06	2.507793135e-06	6
2.98044539e-06	2.48590106e-06	6
2.935508666e-06	2.463983341e-06	6
2.89059108e-06	2.442026436e-06	6
2.845681254e-06	2.420053663e-06	6
2.800790709e-06	2.398041518e-06	6
2.755911038e-06	2.376007224e-06	6
2.711043253e-06	2.353948724e-06	6
2.666193032e-06	2.331854542e-06	6
2.62134923e-06	2.309747331e-06	6
2.576526452e-06	2.287597518e-06	6
2.53171111e-06	2.265432677e-06	6
2.486910635e-06	2.24323779e-06	6
2.442123308e-06	2.221016398e-06	6
2.397345033e-06	2.198776754e-06	6
2.352585358e-06	2.17649971e-06	6
2.307830984e-06	2.154212013e-06	6
2.263096903e-06	2.131883609e-06	6
2.218369731e-06	2.109541382e-06	6
2.173657688e-06	2.087168881e-06	6
2.128957569e-06	2.064772579e-06	6
2.084267554e-06	2.042356109e-06	6
2.039593132e-06	2.019908586e-06	-0.01724758556
2.016232904e-06	2.008178677e-06	-6
2.060878806e-06	2.030682878e-06	-6
2.105514494e-06	2.053207317e-06	-6
2.150138266e-06	2.075755366e-06	-6
2.194746796e-06	2.098333544e-06	-6
2.239348362e-06	2.120925488e-06	-6
2.28392952e-06	2.143557671e-06	-6
2.328505444e-06	2.16620016e-06	-6
2.373062273e-06	2.188880209e-06	-6
2.417610304e-06	2.211577519e-06	-6
2.462144556e-06	2.234301868e-06	-6
2.50666426e-06	2.257054691e-06	-6
2.551175762e-06	2.279823568e-06	-6
2.595666614e-06	2.302632764e-06	-6
2.64015117e-06	2.325454236e-06	-6
2.68461655e-06	2.348313054e-06	-6
2.72907117e-06	2.371192776e-06	-6
2.773513121e-06	2.394097112e-06	-6
2.817937007e-06	2.417036454e-06	-6
2.862353284e-06	2.439990534e-06	-6
2.906747479e-06	2.462987295e-06	-6
2.951131422e-06	2.486003821e-06	-6
2.995501221e-06	2.509047618e-06	-6
3.039851688e-06	2.532128588e-06	-6
3.084192618e-06	2.555227876e-06	-6
3.128512383e-06	2.578367755e-06	-6
3.17281756e-06	2.601535537e-06	-6
3.217111597e-06	2.624724627e-06	-6
3.261379411e-06	2.647963737e-06	-6
3.305634913e-06	2.671226266e-06	-6
3.349875799e-06	2.694516599e-06	-6
3.394090713e-06	2.717856197e-06	-6
3.438291051e-06	2.741223369e-06	-6
3.482475875e-06	2.764619884e-06	-6
3.526631792e-06	2.78807091e-06	-6
3.570770022e-06	2.811555186e-06	-6
3.614889549e-06	2.835074588e-06	-6
3.658984323e-06	2.858640378e-06	-6
3.703051526e-06	2.882257673e-06	-6
3.747095828e-06	2.905917636e-06	-6
3.791115354e-06	2.929623665e-06	-6
3.835107985e-06	2.953379587e-06	-6
3.879065185e-06	2.97720101e-06	-6
3.922989868e-06	3.001082318e-06	-6
3.966880258e-06	3.025026581e-06	-6
4.01073278e-06	3.049040118e-06	-6
4.054543222e-06	3.073130332e-06	-6
4.098306564e-06	3.097305998e-06	-6
4.142016743e-06	3.121577644e-06	-6
4.185666336e-06	3.145958071e-06	-6
4.229246111e-06	3.170463077e-06	-6
4.272735114e-06	3.195128782e-06	-6
4.316111017e-06	3.219992788e-06	-6
4.359346972e-06	3.245099198e-06	-6
4.40236691e-06	3.270573895e-06	-6
4.444987158e-06	3.296710174e-06	-6
4.486442586e-06	3.324626088e-06	-6
4.458647346e-06	3.322154918e-06	6
4.41298131e-06	3.301806268e-06	6
4.367766679e-06	3.280468902e-06	6
4.322790583e-06	3.258632584e-06	6
4.277957499e-06	3.236503862e-06	6
4.233248616e-06	3.214125162e-06	6
4.188622589e-06	3.191581687e-06	6
4.144067643e-06	3.168898022e-06	6
4.099574468e-06	3.146093405e-06	6
4.055135578e-06	3.123183165e-06	6
4.010744861e-06	3.100179715e-06	6
3.966397256e-06	3.077093262e-06	6
3.922088516e-06	3.053932309e-06	6
3.877815034e-06	3.030704033e-06	6
3.833573715e-06	3.007414557e-06	6
3.789361875e-06	2.984069161e-06	6
3.745177162e-06	2.960672442e-06	6
3.701024714e-06	2.937214887e-06	6
3.656898187e-06	2.913708624e-06	6
3.612793755e-06	2.890160938e-06	6
3.568709888e-06	2.86657476e-06	6
3.524653628e-06	2.842937046e-06	6
3.480619097e-06	2.819258893e-06	6
3.436601707e-06	2.795548892e-06	6
3.392604979e-06	2.771800555e-06	6
3.348632338e-06	2.748007658e-06	6
3.304674164e-06	2.724188051e-06	6
3.260734168e-06	2.700334908e-06	6
3.216817115e-06	2.676439562e-06	6
3.172912403e-06	2.652521551e-06	6
3.129026911e-06	2.628568282e-06	6
3.085160422e-06	2.604580241e-06	6
3.041304564e-06	2.580572763e-06	6
2.9974718e-06	2.556523138e-06	6
2.953651838e-06	2.532450212e-06	6
2.909844894e-06	2.508353589e-06	6
2.866059687e-06	2.484217497e-06	6
2.822282998e-06	2.460065962e-06	6
2.778526806e-06	2.435877302e-06	6
2.734783242e-06	2.411665826e-06	6
2.691052056e-06	2.387431988e-06	6
2.647340835e-06	2.363162165e-06	6
2.603636654e-06	2.338879661e-06	6
2.5599549e-06	2.314556834e-06	6
2.516281966e-06	2.290218184e-06	6
2.472624698e-06	2.265851434e-06	6
2.428982513e-06	2.241457691e-06	6
2.385349614e-06	2.21704733e-06	6
2.341737773e-06	2.192599371e-06	6
2.298131748e-06	2.168141041e-06	6
2.254547343e-06	2.1436442e-06	6
2.210971159e-06	2.119132748e-06	6
2.167410929e-06	2.094592945e-06	6
2.123864418e-06	2.070028817e-06	6
2.080328347e-06	2.045446179e-06	6
2.036809789e-06	2.020832558e-06	-0.3410280967
2.018777453e-06	2.010647155e-06	-6
2.062265158e-06	2.035315252e-06	-6
2.105740352e-06	2.060005382e-06	-6
2.149203803e-06	2.08471619e-06	-6
2.192649229e-06	2.109458665e-06	-6
2.236088346e-06	2.134212226e-06	-6
2.279503776e-06	2.159007305e-06	-6
2.322913463e-06	2.18381243e-06	-6
2.366303571e-06	2.208651796e-06	-6
2.409682699e-06	2.233510322e-06	-6
2.453048082e-06	2.258392828e-06	-6
2.496396178e-06	2.283305428e-06	-6
2.539736653e-06	2.308231294e-06	-6
2.58305315e-06	2.333198804e-06	-6
2.62636274e-06	2.358178288e-06	-6
2.669652731e-06	2.383191729e-06	-6
2.712929542e-06	2.408227954e-06	-6
2.756193896e-06	2.433285712e-06	-6
2.799437062e-06	2.45838001e-06	-6
2.84267188e-06	2.48348869e-06	-6
2.885883996e-06	2.508636426e-06	-6
2.929083427e-06	2.533805933e-06	-6
2.972268864e-06	2.558999455e-06	-6
3.015431663e-06	2.584231736e-06	-6
3.058584005e-06	2.609481893e-06	-6
3.101714748e-06	2.634768937e-06	-6
3.144827979e-06	2.660085814e-06	-6
3.187929051e-06	2.685423394e-06	-6
3.231002972e-06	2.710807108e-06	-6
3.274061848e-06	2.736216318e-06	-6
3.317106409e-06	2.761649787e-06	-6
3.360120907e-06	2.787134067e-06	-6
3.403119438e-06	2.812645261e-06	-6
3.446100971e-06	2.838185097e-06	-6
3.489052761e-06	2.863774926e-06	-6
3.531983372e-06	2.889400251e-06	-6
3.574893499e-06	2.915059864e-06	-6
3.617778571e-06	2.940761346e-06	-6
3.660631536e-06	2.966516319e-06	-6
3.703459432e-06	2.992312941e-06	-6
3.74626021e-06	3.018154532e-06	-6
3.789031546e-06	3.044044836e-06	-6
3.831766615e-06	3.069994971e-06	-6
3.87446377e-06	3.096007429e-06	-6
3.917123412e-06	3.122081347e-06	-6
3.959741634e-06	3.1482229e-06	-6
4.002313836e-06	3.174439327e-06	-6
4.04483453e-06	3.200739204e-06	-6
4.087297096e-06	3.227132822e-06	-6
4.129693428e-06	3.253632697e-06	-6
4.172013453e-06	3.280254271e-06	-6
4.214228955e-06	3.307041244e-06	-6
4.256325675e-06	3.334014445e-06	-6
4.298261198e-06	3.361237396e-06	-6
4.339956692e-06	3.388826343e-06	-6
4.381203926e-06	3.417079416e-06	-6
4.420967087e-06	3.447335008e-06	-6
4.387747089e-06	3.439705488e-06	6
4.34317301e-06	3.41706429e-06	6
4.299083666e-06	3.393489014e-06	6
4.255249771e-06	3.369441769e-06	6
4.211568924e-06	3.345117543e-06	6
4.168017437e-06	3.320562342e-06	6
4.124556225e-06	3.295847698e-06	6
4.081172424e-06	3.270997384e-06	6
4.037855872e-06	3.246030004e-06	6
3.994598404e-06	3.220960379e-06	6
3.951393356e-06	3.195800515e-06	6
3.908235212e-06	3.170560282e-06	6
3.865119345e-06	3.145247904e-06	6
3.822041827e-06	3.119870322e-06	6
3.77899929e-06	3.09443346e-06	6
3.73598881e-06	3.068942426e-06	6
3.69300783e-06	3.043401666e-06	6
3.65005986e-06	3.017805426e-06	6
3.607142261e-06	2.992158309e-06	6
3.564248675e-06	2.966471061e-06	6
3.521377439e-06	2.940746518e-06	6
3.478534355e-06	2.914975105e-06	6
3.435716834e-06	2.889161256e-06	6
3.392917933e-06	2.863316551e-06	6
3.350139723e-06	2.837437594e-06	6
3.307389525e-06	2.811512398e-06	6
3.264655038e-06	2.785561323e-06	6
3.221938624e-06	2.759580491e-06	6
3.179248877e-06	2.733555873e-06	6
3.136572528e-06	2.707509296e-06	6
3.093915456e-06	2.681431148e-06	6
3.051280683e-06	2.655316571e-06	6
3.00865745e-06	2.62918316e-06	6
2.966057765e-06	2.603011373e-06	6
2.923473565e-06	2.576814412e-06	6
2.880901972e-06	2.550596955e-06	6
2.838355558e-06	2.52433866e-06	6
2.795818388e-06	2.498065399e-06	6
2.753301997e-06	2.471758516e-06	6
2.710800832e-06	2.445427053e-06	6
2.668311632e-06	2.419076276e-06	6
2.625845616e-06	2.392688159e-06	6
2.58338724e-06	2.366287749e-06	6
2.540951775e-06	2.339850523e-06	6
2.498527351e-06	2.313395596e-06	6
2.456118496e-06	2.286915704e-06	6
2.413727476e-06	2.260407282e-06	6
2.371345101e-06	2.23388503e-06	6
2.32898704e-06	2.207323966e-06	6
2.286635291e-06	2.180752843e-06	6
2.244305593e-06	2.154146598e-06	6
2.201986251e-06	2.127523894e-06	6
2.159682807e-06	2.100875926e-06	6
2.117395685e-06	2.074202075e-06	6
2.075118473e-06	2.04751251e-06	6
2.032861365e-06	2.020791129e-06	-0.9035839977
2.022284917e-06	2.014124915e-06	-6
2.064509628e-06	2.040897464e-06	-6
2.1067186e-06	2.067694808e-06	-6
2.14891699e-06	2.094508825e-06	-6
2.191093654e-06	2.121356996e-06	-6
2.233264278e-06	2.148214656e-06	-6
2.275409751e-06	2.175111769e-06	-6
2.317547621e-06	2.202020782e-06	-6
2.359666446e-06	2.228959606e-06	-6
2.401771156e-06	2.255920473e-06	-6
2.443863167e-06	2.282901174e-06	-6
2.48593421e-06	2.30991455e-06	-6
2.527998207e-06	2.336938903e-06	-6
2.570035978e-06	2.364004036e-06	-6
2.61206523e-06	2.391082385e-06	-6
2.65407551e-06	2.418190169e-06	-6
2.69606921e-06	2.44532362e-06	-6
2.738051706e-06	2.472474414e-06	-6
2.780008917e-06	2.499664261e-06	-6
2.821957049e-06	2.526868109e-06	-6
2.863882949e-06	2.554106217e-06	-6
2.905792709e-06	2.581369139e-06	-6
2.947689712e-06	2.608651673e-06	-6
2.989559756e-06	2.63597556e-06	-6
3.031418429e-06	2.663316856e-06	-6
3.073256207e-06	2.690690126e-06	-6
3.115072482e-06	2.718096222e-06	-6
3.156875537e-06	2.745522485e-06	-6
3.198651808e-06	2.772989533e-06	-6
3.240409128e-06	2.800485369e-06	-6
3.282150909e-06	2.828004799e-06	-6
3.323862859e-06	2.85556943e-06	-6
3.365554736e-06	2.883164395e-06	-6
3.407228135e-06	2.910787263e-06	-6
3.448872282e-06	2.938454223e-06	-6
3.490490512e-06	2.966160137e-06	-6
3.532086483e-06	2.993899457e-06	-6
3.573658495e-06	3.021674687e-06	-6
3.615192548e-06	3.049506647e-06	-6
3.65669937e-06	3.077379183e-06	-6
3.698176728e-06	3.10529554e-06	-6
3.739622098e-06	3.133259375e-06	-6
3.781032032e-06	3.161275673e-06	-6
3.822397076e-06	3.189358206e-06	-6
3.863721382e-06	3.217500635e-06	-6
3.905000705e-06	3.245708993e-06	-6
3.946230045e-06	3.273990348e-06	-6
3.987403445e-06	3.302353075e-06	-6
4.028513713e-06	3.330807228e-06	-6
4.069552047e-06	3.359365029e-06	-6
4.110503626e-06	3.388047092e-06	-6
4.151341208e-06	3.416891196e-06	-6
4.192053319e-06	3.445912074e-06	-6
4.232577537e-06	3.475194566e-06	-6
4.272833182e-06	3.504844783e-06	-6
4.312586777e-06	3.535163179e-06	-6
4.35019908e-06	3.567974407e-06	-6
4.310025346e-06	3.552815396e-06	6
4.266691615e-06	3.52788206e-06	6
4.22384305e-06	3.502120493e-06	6
4.181256159e-06	3.475928155e-06	6
4.138840547e-06	3.449459303e-06	6
4.096554666e-06	3.422783589e-06	6
4.05436593e-06	3.395954472e-06	6
4.012260478e-06	3.368994798e-06	6
3.970227368e-06	3.341922443e-06	6
3.928258849e-06	3.314750053e-06	6
3.886344635e-06	3.287493967e-06	6
3.844481906e-06	3.26015887e-06	6
3.802664649e-06	3.232754272e-06	6
3.76088864e-06	3.205286844e-06	6
3.719150256e-06	3.177762284e-06	6
3.677446356e-06	3.150185504e-06	6
3.635774189e-06	3.122560783e-06	6
3.594134211e-06	3.09488755e-06	6
3.552530406e-06	3.06715997e-06	6
3.510952422e-06	3.0393937e-06	6
3.469398475e-06	3.011591465e-06	6
3.427871822e-06	2.983748465e-06	6
3.386375794e-06	2.955859851e-06	6
3.344899785e-06	2.927941482e-06	6
3.303443191e-06	2.899994275e-06	6
3.262019687e-06	2.871998046e-06	6
3.22061307e-06	2.843976861e-06	6
3.179223184e-06	2.815930953e-06	6
3.137864792e-06	2.787838626e-06	6
3.0965208e-06	2.75972512e-06	6
3.055194951e-06	2.73158494e-06	6
3.013895764e-06	2.70340565e-06	6
2.972608981e-06	2.675208192e-06	6
2.931345037e-06	2.646977314e-06	6
2.890100313e-06	2.618718374e-06	6
2.848866664e-06	2.590443266e-06	6
2.807662651e-06	2.562124987e-06	6
2.766468572e-06	2.53379227e-06	6
2.725294442e-06	2.50543056e-06	6
2.68413915e-06	2.477041532e-06	6
2.642994329e-06	2.448637319e-06	6
2.601876896e-06	2.420193476e-06	6
2.560767678e-06	2.391737769e-06	6
2.519680766e-06	2.363249855e-06	6
2.478608113e-06	2.334741398e-06	6
2.437549871e-06	2.306212177e-06	6
2.396513191e-06	2.277651961e-06	6
2.355483591e-06	2.249081565e-06	6
2.314482285e-06	2.22047058e-06	6
2.273487883e-06	2.19184971e-06	6
2.232514901e-06	2.163198177e-06	6
2.191555392e-06	2.134527397e-06	6
2.150610679e-06	2.105835481e-06	6
2.109685858e-06	2.077115208e-06	6
2.068769385e-06	2.048383033e-06	6
2.027876399e-06	2.019617444e-06	-1.718700226
2.026621877e-06	2.018766995e-06	-6
2.067481839e-06	2.047579477e-06	-6
2.108321752e-06	2.076420361e-06	-6
2.149153389e-06	2.10527297e-06	-6
2.189958527e-06	2.134163039e-06	-6
2.230757154e-06	2.163062301e-06	-6
2.271531859e-06	2.19199531e-06	-6
2.312295233e-06	2.220944271e-06	-6
2.353041273e-06	2.249917634e-06	-6
2.393768961e-06	2.278916781e-06	-6
2.434486163e-06	2.307930657e-06	-6
2.475177621e-06	2.336980625e-06	-6
2.515861474e-06	2.366041241e-06	-6
2.556520355e-06	2.39513679e-06	-6
2.597166819e-06	2.424249672e-06	-6
2.637796147e-06	2.453386475e-06	-6
2.678404357e-06	2.482552694e-06	-6
2.719003521e-06	2.511731512e-06	-6
2.759572774e-06	2.540951905e-06	-6
2.800131922e-06	2.570186311e-06	-6
2.840670569e-06	2.599449149e-06	-6
2.881188434e-06	2.628740745e-06	-6
2.921695109e-06	2.658047822e-06	-6
2.962171176e-06	2.687397159e-06	-6
3.002634037e-06	2.716764688e-06	-6
3.043078025e-06	2.746158216e-06	-6
3.083495279e-06	2.775588484e-06	-6
3.123898255e-06	2.805038348e-06	-6
3.164276197e-06	2.834522537e-06	-6
3.204629981e-06	2.864039769e-06	-6
3.244966983e-06	2.893579934e-06	-6
3.28527588e-06	2.923158447e-06	-6
3.325559208e-06	2.95277176e-06	-6
3.365822583e-06	2.982412197e-06	-6
3.406058721e-06	3.012089609e-06	-6
3.446262764e-06	3.041810476e-06	-6
3.486442773e-06	3.071563819e-06	-6
3.52659698e-06	3.101351984e-06	-6
3.566714957e-06	3.131188932e-06	-6
3.606798987e-06	3.161071458e-06	-6
3.646851206e-06	3.190996597e-06	-6
3.686868881e-06	3.220967918e-06	-6
3.726848893e-06	3.25098947e-06	-6
3.766785171e-06	3.281069187e-06	-6
3.806672495e-06	3.311213783e-06	-6
3.846511253e-06	3.341422521e-06	-6
3.88629604e-06	3.371702295e-06	-6
3.926020414e-06	3.402061276e-06	-6
3.965676601e-06	3.432509272e-06	-6
4.005255086e-06	3.463058208e-06	-6
4.044729418e-06	3.493741584e-06	-6
4.084089979e-06	3.524570721e-06	-6
4.123314809e-06	3.555572347e-06	-6
4.162318811e-06	3.586851232e-06	-6
4.201021603e-06	3.618501519e-06	-6
4.239140874e-06	3.650850111e-06	-6
4.269502963e-06	3.685095019e-06	6
4.225784491e-06	3.661041034e-06	6
4.18383551e-06	3.633841015e-06	6
4.142344771e-06	3.605945318e-06	6
4.101111211e-06	3.57767031e-06	6
4.060072014e-06	3.549113837e-06	6
4.019157407e-06	3.520379114e-06	6
3.978346199e-06	3.491497678e-06	6
3.937627009e-06	3.462486622e-06	6
3.896985422e-06	3.43336694e-06	6
3.856408162e-06	3.40415769e-06	6
3.81588829e-06	3.374868874e-06	6
3.775420003e-06	3.345508815e-06	6
3.735002352e-06	3.316079084e-06	6
3.694630531e-06	3.286586523e-06	6
3.654298789e-06	3.257039189e-06	6
3.614003783e-06	3.227441778e-06	6
3.573742592e-06	3.197798382e-06	6
3.533512635e-06	3.168112595e-06	6
3.493322883e-06	3.138372398e-06	6
3.453162306e-06	3.108592828e-06	6
3.41302734e-06	3.078778753e-06	6
3.3729172e-06	3.04893127e-06	6
3.332844169e-06	3.019033983e-06	6
3.292792466e-06	2.989108146e-06	6
3.252760773e-06	2.959155537e-06	6
3.212761836e-06	2.929159193e-06	6
3.172784264e-06	2.899134396e-06	6
3.132823643e-06	2.869087031e-06	6
3.092894642e-06	2.838997656e-06	6
3.052983972e-06	2.808883985e-06	6
3.013088937e-06	2.778749589e-06	6
2.973226168e-06	2.748572526e-06	6
2.933376615e-06	2.718378023e-06	6
2.893547853e-06	2.688156089e-06	6
2.853743263e-06	2.657902334e-06	6
2.81395017e-06	2.627633454e-06	6
2.774185857e-06	2.597326772e-06	6
2.734435372e-06	2.567001965e-06	6
2.694702727e-06	2.536653777e-06	6
2.654993704e-06	2.506274696e-06	6
2.61529406e-06	2.475883353e-06	6
2.575623859e-06	2.445453585e-06	6
2.535964059e-06	2.415010273e-06	6
2.496324714e-06	2.384540322e-06	6
2.456703997e-06	2.354046162e-06	6
2.417095314e-06	2.323536364e-06	6
2.377513044e-06	2.29299231e-06	6
2.33793833e-06	2.262438467e-06	6
2.298390523e-06	2.2318498e-06	6
2.258853427e-06	2.201247298e-06	6
2.2193359e-06	2.170619523e-06	6
2.179836095e-06	2.139968904e-06	6
2.140348783e-06	2.109302183e-06	6
2.100886048e-06	2.078603849e-06	6
2.061429951e-06	2.047896977e-06	5.672411496
2.021999543e-06	2.017157125e-06	-2.80124265
2.031639477e-06	2.024715579e-06	-6
2.071036223e-06	2.05549856e-06	-6
2.110407385e-06	2.086314253e-06	-6
2.149771734e-06	2.11713865e-06	-6
2.189107874e-06	2.147999041e-06	-6
2.228434904e-06	2.178871031e-06	-6
2.26774058e-06	2.209770212e-06	-6
2.307029938e-06	2.24069013e-06	-6
2.346305003e-06	2.271628212e-06	-6
2.385556226e-06	2.302596528e-06	-6
2.424799742e-06	2.333574617e-06	-6
2.464013008e-06	2.36459099e-06	-6
2.503217361e-06	2.395618619e-06	-6
2.54239937e-06	2.426674467e-06	-6
2.58156377e-06	2.45775251e-06	-6
2.620714236e-06	2.488848114e-06	-6
2.659837758e-06	2.519977607e-06	-6
2.698951571e-06	2.551119297e-06	-6
2.738037926e-06	2.582295449e-06	-6
2.777108977e-06	2.613490767e-06	-6
2.816162678e-06	2.644707815e-06	-6
2.855189615e-06	2.675958308e-06	-6
2.894204538e-06	2.7072238e-06	-6
2.933191481e-06	2.73852418e-06	-6
2.972159584e-06	2.769848003e-06	-6
3.011112313e-06	2.801190952e-06	-6
3.050031682e-06	2.832575314e-06	-6
3.08893572e-06	2.863978668e-06	-6
3.127818024e-06	2.895408941e-06	-6
3.166669496e-06	2.92687731e-06	-6
3.205502946e-06	2.958367912e-06	-6
3.244311645e-06	2.989889023e-06	-6
3.283087739e-06	3.021450228e-06	-6
3.321842405e-06	3.053037735e-06	-6
3.360573564e-06	3.084654074e-06	-6
3.399264825e-06	3.116319225e-06	-6
3.437930278e-06	3.14801587e-06	-6
3.476568015e-06	3.179746297e-06	-6
3.515173294e-06	3.211516221e-06	-6
3.553736029e-06	3.243337767e-06	-6
3.592264598e-06	3.275200656e-06	-6
3.630756057e-06	3.307108362e-06	-6
3.669207043e-06	3.339064833e-06	-6
3.707613686e-06	3.371074594e-06	-6
3.745970759e-06	3.403143746e-06	-6
3.784270486e-06	3.435281363e-06	-6
3.822512218e-06	3.46748796e-06	-6
3.860689017e-06	3.499771496e-06	-6
3.898791563e-06	3.532142635e-06	-6
3.93680079e-06	3.564623279e-06	-6
3.974706798e-06	3.597224286e-06	-6
4.012490978e-06	3.629966382e-06	-6
4.050110903e-06	3.662896986e-06	-6
4.087506083e-06	3.696082547e-06	-6
4.124544874e-06	3.729665042e-06	-6
4.160850658e-06	3.764035468e-06	-6
4.177210518e-06	3.791265339e-06	6
4.135411693e-06	3.763881055e-06	6
4.094936165e-06	3.734533052e-06	6
4.054919357e-06	3.70456118e-06	6
4.015160545e-06	3.674247569e-06	6
3.975591007e-06	3.643687145e-06	6
3.936150514e-06	3.612960318e-06	6
3.896825349e-06	3.582085993e-06	6
3.857595111e-06	3.551091125e-06	6
3.818441645e-06	3.519999335e-06	6
3.779356098e-06	3.488822203e-06	6
3.740331157e-06	3.457569238e-06	6
3.701360703e-06	3.426248348e-06	6
3.662439555e-06	3.394866196e-06	6
3.623568127e-06	3.363422474e-06	6
3.584742366e-06	3.33192239e-06	6
3.545955407e-06	3.30037455e-06	6
3.507204174e-06	3.268782839e-06	6
3.468485948e-06	3.237150674e-06	6
3.42980423e-06	3.205473864e-06	6
3.391159653e-06	3.173751763e-06	6
3.352542139e-06	3.14199673e-06	6
3.313949882e-06	3.110210996e-06	6
3.275393414e-06	3.078381853e-06	6
3.236864184e-06	3.046519757e-06	6
3.198356103e-06	3.0146321e-06	6
3.159877495e-06	2.982708875e-06	6
3.121426872e-06	2.950751958e-06	6
3.082994169e-06	2.918773491e-06	6
3.044589965e-06	2.886760795e-06	6
3.006210294e-06	2.854718701e-06	6
2.967845964e-06	2.822658236e-06	6
2.929513403e-06	2.790559787e-06	6
2.891198557e-06	2.758440207e-06	6
2.852900962e-06	2.726300048e-06	6
2.814633855e-06	2.6941236e-06	6
2.776378904e-06	2.661932703e-06	6
2.738149832e-06	2.62971107e-06	6
2.699940121e-06	2.597466491e-06	6
2.661744713e-06	2.56520496e-06	6
2.623579022e-06	2.532908282e-06	6
2.585423256e-06	2.500599882e-06	6
2.547294215e-06	2.468259941e-06	6
2.509180754e-06	2.435901649e-06	6
2.471084502e-06	2.403523089e-06	6
2.433012537e-06	2.371115981e-06	6
2.394948989e-06	2.338698981e-06	6
2.35691772e-06	2.306244118e-06	6
2.318894581e-06	2.273779737e-06	6
2.280895577e-06	2.241287103e-06	6
2.242912382e-06	2.208775999e-06	6
2.204945539e-06	2.176245791e-06	6
2.167001939e-06	2.143688482e-06	6
2.129067187e-06	2.111120858e-06	6
2.091162945e-06	2.07851773e-06	6
2.053265189e-06	2.045907066e-06	4.475852312
2.015390534e-06	2.013269571e-06	-4.167266135
2.037174477e-06	2.032098742e-06	-6
2.075012716e-06	2.064778447e-06	-6
2.112819185e-06	2.097494904e-06	-6
2.150618055e-06	2.130220132e-06	-6
2.188392313e-06	2.162973774e-06	-6
2.226151551e-06	2.19574472e-06	-6
2.263893478e-06	2.228535612e-06	-6
2.30161271e-06	2.261352598e-06	-6
2.339322152e-06	2.294180842e-06	-6
2.377000884e-06	2.327044326e-06	-6
2.4146714e-06	2.359917224e-06	-6
2.452315272e-06	2.392820635e-06	-6
2.489944193e-06	2.425741135e-06	-6
2.527554907e-06	2.458682443e-06	-6
2.565141392e-06	2.491651386e-06	-6
2.602718262e-06	2.524631296e-06	-6
2.640261716e-06	2.55764924e-06	-6
2.677794418e-06	2.590679398e-06	-6
2.715303682e-06	2.623736178e-06	-6
2.75279096e-06	2.656817878e-06	-6
2.790265598e-06	2.689913907e-06	-6
2.827706017e-06	2.72304864e-06	-6
2.865133601e-06	2.756197862e-06	-6
2.902537465e-06	2.789373855e-06	-6
2.939915309e-06	2.822579152e-06	-6
2.977278324e-06	2.855801139e-06	-6
3.014608978e-06	2.889059489e-06	-6
3.051918669e-06	2.922341342e-06	-6
3.089211039e-06	2.955642614e-06	-6
3.12646547e-06	2.988986323e-06	-6
3.163700051e-06	3.022352184e-06	-6
3.200914178e-06	3.055740869e-06	-6
3.238088659e-06	3.089173691e-06	-6
3.275239391e-06	3.122632886e-06	-6
3.312365675e-06	3.156119213e-06	-6
3.349455577e-06	3.189645841e-06	-6
3.386511342e-06	3.223210183e-06	-6
3.423537474e-06	3.256807207e-06	-6
3.460531692e-06	3.290439379e-06	-6
3.497483411e-06	3.324118245e-06	-6
3.534393285e-06	3.357842955e-06	-6
3.571263467e-06	3.391611044e-06	-6
3.608090346e-06	3.425426351e-06	-6
3.644869762e-06	3.459293277e-06	-6
3.681596878e-06	3.493216919e-06	-6
3.718266004e-06	3.52720324e-06	-6
3.754870374e-06	3.561259295e-06	-6
3.791401838e-06	3.595393537e-06	-6
3.827850442e-06	3.629616231e-06	-6
3.864203834e-06	3.663940024e-06	-6
3.900446437e-06	3.698380756e-06	-6
3.936558227e-06	3.732958621e-06	-6
3.972468564e-06	3.767745586e-06	-6
4.008136831e-06	3.802780489e-06	-6
4.043384978e-06	3.838237468e-06	-6
4.07772386e-06	3.874570653e-06	-6
4.079174667e-06	3.891059552e-06	6
4.039236683e-06	3.860998891e-06	6
4.000365269e-06	3.82955643e-06	6
3.961926424e-06	3.797585634e-06	6
3.923753152e-06	3.765298126e-06	6
3.885751766e-06	3.732808393e-06	6
3.847893465e-06	3.700152003e-06	6
3.810153622e-06	3.667358761e-06	6
3.7725055e-06	3.634460261e-06	6
3.734937743e-06	3.601470016e-06	6
3.697441104e-06	3.568398954e-06	6
3.660007947e-06	3.535256049e-06	6
3.622631881e-06	3.502048769e-06	6
3.585307495e-06	3.468783404e-06	6
3.548030155e-06	3.435465315e-06	6
3.51080234e-06	3.402091891e-06	6
3.473619159e-06	3.368668755e-06	6
3.436473431e-06	3.335204009e-06	6
3.399362319e-06	3.301700878e-06	6
3.362283298e-06	3.268162219e-06	6
3.325248416e-06	3.234574824e-06	6
3.288243349e-06	3.200954596e-06	6
3.251264781e-06	3.167305224e-06	6
3.214316868e-06	3.133622181e-06	6
3.17740478e-06	3.099899892e-06	6
3.140514882e-06	3.066153333e-06	6
3.103649336e-06	3.032380162e-06	6
3.066820053e-06	2.998567454e-06	6
3.030009575e-06	2.964734282e-06	6
2.993222721e-06	2.930875414e-06	6
2.956468195e-06	2.896981462e-06	6
2.919729773e-06	2.863070058e-06	6
2.883018672e-06	2.829129069e-06	6
2.846332466e-06	2.795161185e-06	6
2.809660185e-06	2.761178259e-06	6
2.773022496e-06	2.727158039e-06	6
2.736399429e-06	2.693122089e-06	6
2.699797726e-06	2.659063156e-06	6
2.6632224e-06	2.624975906e-06	6
2.626658309e-06	2.590876599e-06	6
2.590127404e-06	2.556741741e-06	6
2.553608965e-06	2.522593555e-06	6
2.517112969e-06	2.488421375e-06	6
2.480639181e-06	2.454225501e-06	6
2.444177828e-06	2.420016361e-06	6
2.407747839e-06	2.385773825e-06	6
2.371326707e-06	2.35152187e-06	6
2.334933999e-06	2.317239712e-06	6
2.298555523e-06	2.28294246e-06	6
2.262196894e-06	2.248624159e-06	6
2.225860585e-06	2.214282237e-06	6
2.189535922e-06	2.179927987e-06	6
2.153241412e-06	2.145541887e-06	6
2.116954611e-06	2.111147652e-06	6
2.080697676e-06	2.076721931e-06	6
2.044450742e-06	2.042285686e-06	2.985363984
2.008223066e-06	2.007829176e-06	-5.834135849
2.043050406e-06	2.041029267e-06	-6
2.079232734e-06	2.075533389e-06	-6
2.115388077e-06	2.11006579e-06	-6
2.15152883e-06	2.144613452e-06	-6
2.187650176e-06	2.179181414e-06	-6
2.223749075e-06	2.213772807e-06	-6
2.2598363e-06	2.248376388e-06	-6
2.295892948e-06	2.283011825e-06	-6
2.331941297e-06	2.317655899e-06	-6
2.367959768e-06	2.352331039e-06	-6
2.403964924e-06	2.387019996e-06	-6
2.439948687e-06	2.421731152e-06	-6
2.475909905e-06	2.456465658e-06	-6
2.511858688e-06	2.49121304e-06	-6
2.547775077e-06	2.525993903e-06	-6
2.583681249e-06	2.560785309e-06	-6
2.619559086e-06	2.595605941e-06	-6
2.655418592e-06	2.630445441e-06	-6
2.691260371e-06	2.665303187e-06	-6
2.72707188e-06	2.700192025e-06	-6
2.762870898e-06	2.73509368e-06	-6
2.798639139e-06	2.770026881e-06	-6
2.834387484e-06	2.804980432e-06	-6
2.870118128e-06	2.839952086e-06	-6
2.905813903e-06	2.874959329e-06	-6
2.9414939e-06	2.909982646e-06	-6
2.977147371e-06	2.945032976e-06	-6
3.012771e-06	2.980113626e-06	-6
3.048376194e-06	3.015212987e-06	-6
3.083949332e-06	3.050344846e-06	-6
3.119493426e-06	3.085506078e-06	-6
3.155015745e-06	3.12068931e-06	-6
3.190504638e-06	3.155906267e-06	-6
3.225959916e-06	3.191157056e-06	-6
3.261389162e-06	3.226434006e-06	-6
3.296788955e-06	3.261740525e-06	-6
3.33214361e-06	3.297092241e-06	-6
3.367466707e-06	3.332475475e-06	-6
3.402755803e-06	3.367892621e-06	-6
3.438008157e-06	3.403346351e-06	-6
3.473209909e-06	3.438850326e-06	-6
3.508367462e-06	3.474398056e-06	-6
3.543478858e-06	3.509991368e-06	-6
3.578539642e-06	3.545634533e-06	-6
3.613544627e-06	3.581332499e-06	-6
3.648487714e-06	3.617091055e-06	-6
3.683361646e-06	3.652917055e-06	-6
3.718157681e-06	3.688818712e-06	-6
3.752865135e-06	3.724805998e-06	-6
3.787470754e-06	3.760891208e-06	-6
3.821957818e-06	3.797089737e-06	-6
3.856280683e-06	3.833443943e-06	-6
3.89040609e-06	3.869983528e-06	-6
3.924231688e-06	3.906800583e-06	-6
3.957576973e-06	3.944052506e-06	-6
3.989680565e-06	3.982370306e-06	-6
3.975727261e-06	3.984417408e-06	6
3.93769594e-06	3.95197013e-06	6
3.900535738e-06	3.918522523e-06	6
3.863773345e-06	3.884637493e-06	6
3.827269411e-06	3.850473943e-06	6
3.790942066e-06	3.816122636e-06	6
3.754765481e-06	3.781612549e-06	6
3.718698782e-06	3.746987634e-06	6
3.682727307e-06	3.712263793e-06	6
3.646839302e-06	3.677453681e-06	6
3.611025195e-06	3.642567537e-06	6
3.575277081e-06	3.60761377e-06	6
3.539588343e-06	3.572599379e-06	6
3.503953376e-06	3.537530262e-06	6
3.468367379e-06	3.502411447e-06	6
3.432826199e-06	3.467247266e-06	6
3.397335049e-06	3.432032583e-06	6
3.36188669e-06	3.396774836e-06	6
3.32647438e-06	3.36148089e-06	6
3.291095503e-06	3.326153424e-06	6
3.255753655e-06	3.290788902e-06	6
3.220452313e-06	3.255383954e-06	6
3.185178582e-06	3.219951504e-06	6
3.149930687e-06	3.184493342e-06	6
3.114724253e-06	3.14899401e-06	6
3.079543364e-06	3.113469374e-06	6
3.044384223e-06	3.077923205e-06	6
3.009262412e-06	3.042340149e-06	6
2.974164704e-06	3.006733327e-06	6
2.939085508e-06	2.97110826e-06	6
2.904044844e-06	2.935445289e-06	6
2.86902263e-06	2.89976421e-06	6
2.834021462e-06	2.864062477e-06	6
2.799054037e-06	2.828327697e-06	6
2.764101143e-06	2.792578707e-06	6
2.729177177e-06	2.756801449e-06	6
2.694275933e-06	2.721002034e-06	6
2.659389805e-06	2.68518788e-06	6
2.624538668e-06	2.649339677e-06	6
2.589699265e-06	2.613480074e-06	6
2.554887569e-06	2.577593567e-06	6
2.520096089e-06	2.541687469e-06	6
2.485321089e-06	2.505765401e-06	6
2.450576484e-06	2.469813939e-06	6
2.41584169e-06	2.433852995e-06	6
2.381139274e-06	2.397860803e-06	6
2.346449918e-06	2.361856031e-06	6
2.311783473e-06	2.325829191e-06	6
2.27713891e-06	2.289781317e-06	6
2.242508275e-06	2.253720053e-06	6
2.207907992e-06	2.217629671e-06	6
2.173316005e-06	2.181531336e-06	6
2.13875666e-06	2.145401746e-06	6
2.104208362e-06	2.109261599e-06	6
2.069684568e-06	2.073098037e-06	6
2.035177015e-06	2.036918983e-06	1.182566893
2.014626097e-06	2.015372256e-06	-6
2.049078798e-06	2.051603554e-06	-6
2.083516355e-06	2.087849238e-06	-6
2.117933445e-06	2.124114367e-06	-6
2.15232732e-06	2.160401505e-06	-6
2.186708707e-06	2.196700483e-06	-6
2.221058603e-06	2.233029259e-06	-6
2.25540009e-06	2.269365985e-06	-6
2.289709656e-06	2.305732855e-06	-6
2.32400639e-06	2.34211182e-06	-6
2.358279763e-06	2.378512802e-06	-6
2.392531096e-06	2.414934515e-06	-6
2.426768034e-06	2.451369768e-06	-6
2.460973177e-06	2.487834867e-06	-6
2.495168236e-06	2.524309423e-06	-6
2.529331412e-06	2.560813848e-06	-6
2.563478618e-06	2.597333203e-06	-6
2.597604377e-06	2.633872608e-06	-6
2.63170251e-06	2.670437789e-06	-6
2.665788481e-06	2.707014312e-06	-6
2.699838088e-06	2.743624691e-06	-6
2.733872514e-06	2.780249174e-06	-6
2.767883274e-06	2.816895644e-06	-6
2.801864396e-06	2.853569591e-06	-6
2.835830322e-06	2.890257615e-06	-6
2.869761533e-06	2.926977753e-06	-6
2.90367063e-06	2.963718303e-06	-6
2.937560994e-06	3.000476143e-06	-6
2.971410777e-06	3.037271355e-06	-6
3.005241013e-06	3.074084531e-06	-6
3.039047126e-06	3.110919872e-06	-6
3.072813051e-06	3.147792052e-06	-6
3.106555879e-06	3.184685361e-06	-6
3.140273656e-06	3.221601578e-06	-6
3.1739459e-06	3.258559332e-06	-6
3.207590524e-06	3.295542217e-06	-6
3.241205584e-06	3.332551982e-06	-6
3.274780958e-06	3.369597762e-06	-6
3.308313536e-06	3.406682276e-06	-6
3.341810015e-06	3.443799392e-06	-6
3.375267465e-06	3.480951694e-06	-6
3.408682574e-06	3.518142095e-06	-6
3.442041797e-06	3.555382635e-06	-6
3.475350282e-06	3.592668551e-06	-6
3.50860497e-06	3.630002446e-06	-6
3.541800316e-06	3.66738911e-06	-6
3.574929797e-06	3.704834146e-06	-6
3.607985649e-06	3.742344193e-06	-6
3.640958513e-06	3.779927204e-06	-6
3.673836951e-06	3.817592844e-06	-6
3.70660677e-06	3.855353025e-06	-6
3.739233304e-06	3.893237051e-06	-6
3.771686563e-06	3.931269584e-06	-6
3.803918581e-06	3.96948967e-06	-6
3.835814813e-06	4.007990312e-06	-6
3.867087756e-06	4.046997718e-06	-6
3.896393875e-06	4.087467052e-06	-6
3.867269985e-06	4.071087671e-06	6
3.831186421e-06	4.036483506e-06	6
3.795834853e-06	4.001129256e-06	6
3.760864504e-06	3.965397591e-06	6
3.726121286e-06	3.929444926e-06	6
3.691573664e-06	3.893304199e-06	6
3.657158307e-06	3.857037496e-06	6
3.622856117e-06	3.820663718e-06	6
3.588652048e-06	3.784197638e-06	6
3.554534038e-06	3.747651016e-06	6
3.520492263e-06	3.71103337e-06	6
3.486518607e-06	3.674352515e-06	6
3.452606274e-06	3.637614961e-06	6
3.418749505e-06	3.600826196e-06	6
3.384943366e-06	3.563990901e-06	6
3.351183586e-06	3.527113108e-06	6
3.317466432e-06	3.490196325e-06	6
3.283800473e-06	3.453232847e-06	6
3.250174719e-06	3.4162328e-06	6
3.216583573e-06	3.379201336e-06	6
3.183024621e-06	3.342140683e-06	6
3.149509639e-06	3.305040258e-06	6
3.11602793e-06	3.267909813e-06	6
3.082572984e-06	3.230755253e-06	6
3.049151181e-06	3.193570864e-06	6
3.015766142e-06	3.156353473e-06	6
2.98240364e-06	3.119115881e-06	6
2.949070451e-06	3.081852037e-06	6
2.91577206e-06	3.0445571e-06	6
2.88249286e-06	3.007245041e-06	6
2.849244629e-06	2.969905373e-06	6
2.816024913e-06	2.932540345e-06	6
2.782821701e-06	2.895160643e-06	6
2.749655507e-06	2.857748089e-06	6
2.716508062e-06	2.820318933e-06	6
2.683381982e-06	2.782870857e-06	6
2.650288472e-06	2.745394e-06	6
2.617208149e-06	2.707905503e-06	6
2.58416081e-06	2.67038792e-06	6
2.551131813e-06	2.632854198e-06	6
2.518123218e-06	2.595302524e-06	6
2.485144282e-06	2.557724805e-06	6
2.452176223e-06	2.52013754e-06	6
2.419244116e-06	2.482518769e-06	6
2.386324355e-06	2.444889201e-06	6
2.353430087e-06	2.407237339e-06	6
2.320557807e-06	2.369566287e-06	6
2.287701165e-06	2.331881586e-06	6
2.254875696e-06	2.294169733e-06	6
2.222059184e-06	2.256450084e-06	6
2.189277321e-06	2.218700314e-06	6
2.156506786e-06	2.180940718e-06	6
2.123762155e-06	2.14315865e-06	6
2.091037294e-06	2.105359464e-06	6
2.058329838e-06	2.067545208e-06	6
2.02564607e-06	2.029710481e-06	-0.9524824464
2.022427374e-06	2.026022189e-06	-6
2.0550605e-06	2.06390061e-06	-6
2.08766853e-06	2.101800628e-06	-6
2.120264426e-06	2.139711091e-06	-6
2.152826767e-06	2.177650375e-06	-6
2.185380555e-06	2.215596999e-06	-6
2.217901679e-06	2.253571622e-06	-6
2.250409184e-06	2.291557899e-06	-6
2.28289269e-06	2.329564706e-06	-6
2.315353368e-06	2.367591005e-06	-6
2.347799048e-06	2.405630109e-06	-6
2.380212215e-06	2.443696917e-06	-6
2.412615406e-06	2.481772218e-06	-6
2.444984644e-06	2.519876391e-06	-6
2.477338843e-06	2.557993327e-06	-6
2.509669377e-06	2.596130345e-06	-6
2.541973476e-06	2.63428975e-06	-6
2.574264919e-06	2.672459873e-06	-6
2.606517638e-06	2.710662723e-06	-6
2.638757523e-06	2.748876396e-06	-6
2.670969415e-06	2.787113676e-06	-6
2.703155314e-06	2.82537283e-06	-6
2.735326572e-06	2.863644304e-06	-6
2.767456694e-06	2.90195032e-06	-6
2.799570707e-06	2.940269832e-06	-6
2.831658944e-06	2.978610942e-06	-6
2.863713411e-06	3.016980282e-06	-6
2.895749228e-06	3.055365193e-06	-6
2.927751304e-06	3.093778248e-06	-6
2.959722956e-06	3.132216618e-06	-6
2.99167271e-06	3.170673195e-06	-6
3.023584808e-06	3.209161032e-06	-6
3.055464625e-06	3.247675602e-06	-6
3.087318435e-06	3.286211684e-06	-6
3.119135822e-06	3.324777855e-06	-6
3.150912409e-06	3.363377641e-06	-6
3.182657713e-06	3.402003153e-06	-6
3.214369439e-06	3.440656247e-06	-6
3.246033237e-06	3.479348616e-06	-6
3.277653777e-06	3.518076335e-06	-6
3.309232984e-06	3.556837757e-06	-6
3.340767324e-06	3.595635693e-06	-6
3.372252766e-06	3.634473329e-06	-6
3.403680901e-06	3.673357361e-06	-6
3.435046208e-06	3.712292084e-06	-6
3.466348585e-06	3.751277411e-06	-6
3.497581069e-06	3.790318747e-06	-6
3.52873537e-06	3.829422496e-06	-6
3.559801491e-06	3.868596335e-06	-6
3.590767212e-06	3.907849591e-06	-6
3.621598033e-06	3.947208871e-06	-6
3.652282389e-06	3.986682401e-06	-6
3.682791933e-06	4.026291186e-06	-6
3.713015376e-06	4.066118624e-06	-6
3.742849829e-06	4.106237839e-06	-6
3.771919387e-06	4.146912713e-06	-6
3.790551012e-06	4.185059515e-06	6
3.754243658e-06	4.150794587e-06	6
3.720194053e-06	4.114185903e-06	6
3.686740631e-06	4.077030544e-06	6
3.653621893e-06	4.039576144e-06	6
3.620759188e-06	4.001896826e-06	6
3.588058055e-06	3.964077183e-06	6
3.555492046e-06	3.926141089e-06	6
3.523046152e-06	3.888102191e-06	6
3.490701253e-06	3.849977371e-06	6
3.458440144e-06	3.811781622e-06	6
3.426253727e-06	3.773522905e-06	6
3.394134401e-06	3.73520784e-06	6
3.362081457e-06	3.696837221e-06	6
3.33008755e-06	3.658417371e-06	6
3.298145656e-06	3.619954274e-06	6
3.266251415e-06	3.581451656e-06	6
3.234401017e-06	3.542912759e-06	6
3.202591101e-06	3.504340428e-06	6
3.170834148e-06	3.465724479e-06	6
3.139114146e-06	3.427078184e-06	6
3.107427286e-06	3.388404711e-06	6
3.075773497e-06	3.349704153e-06	6
3.044166802e-06	3.310965126e-06	6
3.012587667e-06	3.272203638e-06	6
2.981034386e-06	3.233421093e-06	6
2.94952449e-06	3.194603288e-06	6
2.918041154e-06	3.155763947e-06	6
2.886579698e-06	3.116906874e-06	6
2.855160171e-06	3.078015886e-06	6
2.823763205e-06	3.039106693e-06	6
2.792387534e-06	3.000180316e-06	6
2.761052369e-06	2.961221326e-06	6
2.72973423e-06	2.922248655e-06	6
2.698444062e-06	2.883253515e-06	6
2.667183882e-06	2.844234337e-06	6
2.635938503e-06	2.805203303e-06	6
2.604731402e-06	2.766141653e-06	6
2.5735409e-06	2.727066757e-06	6
2.542374586e-06	2.687972557e-06	6
2.511237454e-06	2.648855118e-06	6
2.480112381e-06	2.609728077e-06	6
2.449026433e-06	2.570569943e-06	6
2.417952607e-06	2.531402196e-06	6
2.386906343e-06	2.492212592e-06	6
2.35588276e-06	2.453005038e-06	6
2.324875911e-06	2.413784241e-06	6
2.293901726e-06	2.374537648e-06	6
2.262937237e-06	2.335283401e-06	6
2.232008589e-06	2.296000908e-06	6
2.201092401e-06	2.256708613e-06	6
2.170202623e-06	2.217395547e-06	6
2.13933429e-06	2.178065647e-06	6
2.108483282e-06	2.138722149e-06	6
2.077662493e-06	2.099354977e-06	6
2.046850355e-06	2.05998103e-06	5.953196307
2.016070238e-06	2.020582046e-06	-3.441461347
2.03005216e-06	2.038546881e-06	-6
2.060787069e-06	2.077981143e-06	-6
2.091485131e-06	2.117444093e-06	-6
2.122174456e-06	2.156913836e-06	-6
2.152831757e-06	2.196408462e-06	-6
2.18347329e-06	2.235915315e-06	-6
2.21409161e-06	2.275440169e-06	-6
2.244684919e-06	2.314984378e-06	-6
2.275264085e-06	2.354539532e-06	-6
2.305808596e-06	2.394121449e-06	-6
2.336343212e-06	2.433711e-06	-6
2.366843388e-06	2.473327093e-06	-6
2.397327913e-06	2.512955224e-06	-6
2.427788165e-06	2.552602022e-06	-6
2.45822161e-06	2.592269395e-06	-6
2.488641589e-06	2.631947102e-06	-6
2.519022792e-06	2.671654507e-06	-6
2.549391533e-06	2.711371439e-06	-6
2.579729716e-06	2.751111723e-06	-6
2.610043835e-06	2.790870359e-06	-6
2.640340384e-06	2.830642393e-06	-6
2.670598179e-06	2.870443917e-06	-6
2.700840559e-06	2.910257149e-06	-6
2.731052054e-06	2.95009383e-06	-6
2.761234687e-06	2.989952375e-06	-6
2.791399519e-06	3.029824399e-06	-6
2.821523094e-06	3.069727604e-06	-6
2.851623919e-06	3.109647964e-06	-6
2.88170225e-06	3.149585284e-06	-6
2.911736069e-06	3.189556089e-06	-6
2.941746801e-06	3.229544221e-06	-6
2.971731576e-06	3.26955183e-06	-6
3.001669243e-06	3.309594702e-06	-6
3.03157948e-06	3.349658056e-06	-6
3.061460441e-06	3.389743258e-06	-6
3.091295318e-06	3.429862776e-06	-6
3.121091833e-06	3.470010783e-06	-6
3.150852896e-06	3.510185073e-06	-6
3.180575789e-06	3.550387621e-06	-6
3.210245247e-06	3.590629625e-06	-6
3.239867269e-06	3.630906547e-06	-6
3.269441874e-06	3.671218294e-06	-6
3.298964766e-06	3.711567927e-06	-6
3.328431e-06	3.751958957e-06	-6
3.357834829e-06	3.792395445e-06	-6
3.387169499e-06	3.832882137e-06	-6
3.416426981e-06	3.873424645e-06	-6
3.44559761e-06	3.914029683e-06	-6
3.474669589e-06	3.954705398e-06	-6
3.503628291e-06	3.995461817e-06	-6
3.53245528e-06	4.03631148e-06	-6
3.561126879e-06	4.077270353e-06	-6
3.589563699e-06	4.118392506e-06	-6
3.617714908e-06	4.159710547e-06	-6
3.645371336e-06	4.201360926e-06	-6
3.671973051e-06	4.243688548e-06	-6
3.670458512e-06	4.260518237e-06	6
3.637144064e-06	4.223251358e-06	6
3.605145773e-06	4.184836217e-06	6
3.573684696e-06	4.145979076e-06	6
3.542540721e-06	4.106867266e-06	6
3.511608508e-06	4.067587676e-06	6
3.480845387e-06	4.028175479e-06	6
3.450228389e-06	3.988649637e-06	6
3.419721706e-06	3.949038593e-06	6
3.389311608e-06	3.909353347e-06	6
3.358986926e-06	3.869602791e-06	6
3.328738439e-06	3.829794217e-06	6
3.298558442e-06	3.789933689e-06	6
3.268440411e-06	3.750026313e-06	6
3.238378763e-06	3.710076436e-06	6
3.208379058e-06	3.670080019e-06	6
3.178430132e-06	3.630045577e-06	6
3.148526035e-06	3.589977644e-06	6
3.118663357e-06	3.549878828e-06	6
3.088839884e-06	3.509750832e-06	6
3.059070048e-06	3.469583029e-06	6
3.029334134e-06	3.429390119e-06	6
2.999629885e-06	3.389173799e-06	6
2.969964728e-06	3.348928624e-06	6
2.940339853e-06	3.308653796e-06	6
2.910741471e-06	3.268359497e-06	6
2.881174603e-06	3.228042058e-06	6
2.851648535e-06	3.187694735e-06	6
2.822144898e-06	3.14733101e-06	6
2.792671867e-06	3.106944923e-06	6
2.763234931e-06	3.066532525e-06	6
2.733817191e-06	3.026106153e-06	6
2.704434429e-06	2.985654343e-06	6
2.675078893e-06	2.94518278e-06	6
2.645740158e-06	2.904699028e-06	6
2.616444604e-06	2.864184017e-06	6
2.587164248e-06	2.823658029e-06	6
2.557911734e-06	2.783111931e-06	6
2.528688192e-06	2.742544954e-06	6
2.499478019e-06	2.701968343e-06	6
2.470309728e-06	2.661361615e-06	6
2.44115385e-06	2.620745979e-06	6
2.412027068e-06	2.580109467e-06	6
2.382924274e-06	2.539455779e-06	6
2.35383867e-06	2.498789783e-06	6
2.324787925e-06	2.458098881e-06	6
2.295747703e-06	2.417400468e-06	6
2.266743655e-06	2.376676264e-06	6
2.237754099e-06	2.33594175e-06	6
2.208790521e-06	2.295188752e-06	6
2.179851029e-06	2.254418656e-06	6
2.150927774e-06	2.213637031e-06	6
2.122037891e-06	2.172831763e-06	6
2.093157155e-06	2.132020018e-06	6
2.064314266e-06	2.091181514e-06	6
2.035480646e-06	2.05033647e-06	3.295445453
2.008516973e-06	2.012096615e-06	-6
2.037279599e-06	2.052991687e-06	-6
2.066031972e-06	2.093893963e-06	-6
2.094754406e-06	2.134817274e-06	-6
2.123457496e-06	2.175754147e-06	-6
2.152139645e-06	2.216705703e-06	-6
2.180793137e-06	2.257677309e-06	-6
2.209434867e-06	2.298657145e-06	-6
2.238038303e-06	2.339663716e-06	-6
2.266631891e-06	2.380677152e-06	-6
2.295192213e-06	2.421713765e-06	-6
2.323734646e-06	2.462762815e-06	-6
2.352253892e-06	2.503827985e-06	-6
2.380744302e-06	2.54491316e-06	-6
2.409222162e-06	2.586007041e-06	-6
2.43765951e-06	2.627128967e-06	-6
2.466084735e-06	2.668259268e-06	-6
2.494478697e-06	2.709411163e-06	-6
2.522848704e-06	2.750579569e-06	-6
2.551200046e-06	2.79176084e-06	-6
2.579513278e-06	2.832968317e-06	-6
2.607811693e-06	2.874185969e-06	-6
2.636076151e-06	2.915426919e-06	-6
2.664314648e-06	2.956685641e-06	-6
2.692534709e-06	2.997956985e-06	-6
2.720711066e-06	3.039258176e-06	-6
2.748868719e-06	3.080572114e-06	-6
2.776997689e-06	3.121905594e-06	-6
2.805088741e-06	3.163264848e-06	-6
2.833157946e-06	3.20463893e-06	-6
2.861192157e-06	3.246036739e-06	-6
2.889189203e-06	3.287459684e-06	-6
2.917160455e-06	3.32890005e-06	-6
2.94509536e-06	3.370364935e-06	-6
2.972987474e-06	3.411858609e-06	-6
3.000848771e-06	3.453372977e-06	-6
3.028677093e-06	3.494909467e-06	-6
3.056452008e-06	3.536481689e-06	-6
3.084187966e-06	3.578079901e-06	-6
3.111883698e-06	3.619704904e-06	-6
3.139535961e-06	3.661358804e-06	-6
3.167132868e-06	3.703049406e-06	-6
3.194673382e-06	3.744777275e-06	-6
3.222159337e-06	3.786541092e-06	-6
3.24958547e-06	3.828344214e-06	-6
3.276945658e-06	3.870190524e-06	-6
3.304232699e-06	3.912084567e-06	-6
3.331438031e-06	3.954031713e-06	-6
3.358551336e-06	3.996038395e-06	-6
3.385560015e-06	4.038112416e-06	-6
3.412448442e-06	4.080263381e-06	-6
3.439196911e-06	4.122503305e-06	-6
3.465738707e-06	4.164873361e-06	-6
3.492058904e-06	4.207381386e-06	-6
3.518004129e-06	4.250119162e-06	-6
3.543358356e-06	4.293209451e-06	-6
3.566997017e-06	4.337250123e-06	-6
3.547222601e-06	4.327635256e-06	6
3.516434328e-06	4.288247301e-06	6
3.486576916e-06	4.248145367e-06	6
3.457174331e-06	4.207708291e-06	6
3.428055966e-06	4.167065867e-06	6
3.399155299e-06	4.126268318e-06	6
3.370419507e-06	4.085354442e-06	6
3.3418125e-06	4.044350411e-06	6
3.313317052e-06	4.003268762e-06	6
3.284919363e-06	3.962119468e-06	6
3.256608203e-06	3.920910588e-06	6
3.228374299e-06	3.879648737e-06	6
3.200209894e-06	3.838339416e-06	6
3.172108418e-06	3.796987259e-06	6
3.144064246e-06	3.755596214e-06	6
3.116072514e-06	3.71416968e-06	6
3.088135298e-06	3.672706352e-06	6
3.060252459e-06	3.631206444e-06	6
3.032411763e-06	3.58967826e-06	6
3.004610152e-06	3.548123897e-06	6
2.976848396e-06	3.506542885e-06	6
2.949137675e-06	3.464927849e-06	6
2.921459209e-06	3.423291361e-06	6
2.893810929e-06	3.381634815e-06	6
2.866208142e-06	3.339948106e-06	6
2.838638356e-06	3.298239573e-06	6
2.811093966e-06	3.256514261e-06	6
2.783590437e-06	3.214761998e-06	6
2.75611798e-06	3.172989292e-06	6
2.72866713e-06	3.131202379e-06	6
2.701258722e-06	3.089387611e-06	6
2.673874564e-06	3.047556968e-06	6
2.64651243e-06	3.005711906e-06	6
2.619192376e-06	2.963839361e-06	6
2.59188927e-06	2.921955767e-06	6
2.564617548e-06	2.880051725e-06	6
2.53737485e-06	2.838128815e-06	6
2.51014742e-06	2.79619598e-06	6
2.482963308e-06	2.754235051e-06	6
2.455792875e-06	2.712265268e-06	6
2.428652533e-06	2.670276015e-06	6
2.401538114e-06	2.628270024e-06	6
2.37444069e-06	2.586253061e-06	6
2.347381043e-06	2.544211762e-06	6
2.320332835e-06	2.502163103e-06	6
2.293320261e-06	2.46009154e-06	6
2.266325131e-06	2.418008789e-06	6
2.239354589e-06	2.375910267e-06	6
2.212411769e-06	2.333794006e-06	6
2.18548306e-06	2.291668714e-06	6
2.158591938e-06	2.24951942e-06	6
2.13171049e-06	2.207363958e-06	6
2.104865024e-06	2.165185568e-06	6
2.078034571e-06	2.122997634e-06	6
2.051230599e-06	2.080792863e-06	6
2.024446268e-06	2.038575629e-06	0.2439015183
2.01716131e-06	2.027124595e-06	-6
2.04388234e-06	2.069381928e-06	-6
2.070578978e-06	2.111654667e-06	-6
2.097258478e-06	2.153938232e-06	-6
2.123904163e-06	2.19624311e-06	-6
2.150540317e-06	2.238553993e-06	-6
2.177136435e-06	2.280890055e-06	-6
2.203720992e-06	2.323233371e-06	-6
2.230275171e-06	2.36559575e-06	-6
2.256807541e-06	2.407971785e-06	-6
2.283319559e-06	2.450360563e-06	-6
2.309798993e-06	2.492769697e-06	-6
2.336267327e-06	2.535185765e-06	-6
2.362694169e-06	2.577627698e-06	-6
2.389107939e-06	2.62007776e-06	-6
2.415491666e-06	2.662546508e-06	-6
2.441849656e-06	2.705031227e-06	-6
2.468189847e-06	2.74752699e-06	-6
2.494490646e-06	2.790047142e-06	-6
2.520777184e-06	2.832576109e-06	-6
2.547028806e-06	2.875126643e-06	-6
2.573255281e-06	2.917692673e-06	-6
2.59946174e-06	2.960271037e-06	-6
2.625626112e-06	3.002875274e-06	-6
2.651772665e-06	3.045490445e-06	-6
2.677886684e-06	3.088125566e-06	-6
2.703967037e-06	3.130781282e-06	-6
2.730026697e-06	3.173449647e-06	-6
2.756044887e-06	3.216143316e-06	-6
2.782033249e-06	3.258855139e-06	-6
2.807997324e-06	3.301581736e-06	-6
2.833915483e-06	3.344336206e-06	-6
2.859801889e-06	3.387109897e-06	-6
2.88565947e-06	3.429901024e-06	-6
2.911472381e-06	3.472719119e-06	-6
2.937244252e-06	3.515561918e-06	-6
2.96298147e-06	3.558425541e-06	-6
2.988681504e-06	3.60131148e-06	-6
3.014323836e-06	3.644231946e-06	-6
3.039922752e-06	3.687178309e-06	-6
3.065475929e-06	3.730151898e-06	-6
3.090979471e-06	3.773154967e-06	-6
3.116428937e-06	3.816190071e-06	-6
3.141809754e-06	3.859265699e-06	-6
3.167126178e-06	3.902379194e-06	-6
3.192373065e-06	3.945533438e-06	-6
3.217542753e-06	3.988732749e-06	-6
3.242626123e-06	4.031982233e-06	-6
3.267612181e-06	4.075288007e-06	-6
3.292487494e-06	4.11865749e-06	-6
3.317222117e-06	4.162107352e-06	-6
3.341787999e-06	4.205652813e-06	-6
3.366161529e-06	4.249306205e-06	-6
3.390232779e-06	4.293126894e-06	-6
3.413883117e-06	4.337175814e-06	-6
3.436742905e-06	4.381638881e-06	-6
3.452334097e-06	4.425473619e-06	6
3.420981629e-06	4.386746853e-06	6
3.392615952e-06	4.345577357e-06	6
3.364953549e-06	4.303930685e-06	6
3.337681909e-06	4.262026747e-06	6
3.310687758e-06	4.219943474e-06	6
3.283884605e-06	4.177738256e-06	6
3.257232523e-06	4.135437452e-06	6
3.230709705e-06	4.093055453e-06	6
3.204303238e-06	4.05060085e-06	6
3.177991954e-06	4.008087189e-06	6
3.151763949e-06	3.965522098e-06	6
3.125613872e-06	3.922909082e-06	6
3.099536563e-06	3.880251501e-06	6
3.073522796e-06	3.837555148e-06	6
3.047566944e-06	3.794823568e-06	6
3.021664133e-06	3.752059816e-06	6
2.995810105e-06	3.709266547e-06	6
2.970004163e-06	3.666444251e-06	6
2.944255397e-06	3.623587555e-06	6
2.918546217e-06	3.58070711e-06	6
2.892873876e-06	3.537804597e-06	6
2.867242541e-06	3.494877563e-06	6
2.841659137e-06	3.45192195e-06	6
2.816106347e-06	3.408948126e-06	6
2.790582688e-06	3.365956983e-06	6
2.765110374e-06	3.322935397e-06	6
2.739663835e-06	3.279898572e-06	6
2.714242512e-06	3.236846836e-06	6
2.688869764e-06	3.193766456e-06	6
2.66351896e-06	3.150673167e-06	6
2.638195697e-06	3.107563679e-06	6
2.612913346e-06	3.064430189e-06	6
2.587649872e-06	3.021285642e-06	6
2.562421241e-06	2.978120706e-06	6
2.537221933e-06	2.934938651e-06	6
2.512039554e-06	2.891746715e-06	6
2.486902295e-06	2.848528504e-06	6
2.461780117e-06	2.805301531e-06	6
2.436688493e-06	2.762056809e-06	6
2.411625356e-06	2.718795577e-06	6
2.386578368e-06	2.675524987e-06	6
2.361572806e-06	2.632230446e-06	6
2.336579692e-06	2.588928721e-06	6
2.31162079e-06	2.545607262e-06	6
2.286683219e-06	2.502273528e-06	6
2.261767876e-06	2.458927002e-06	6
2.2368849e-06	2.415561894e-06	6
2.21201286e-06	2.372190507e-06	6
2.187183701e-06	2.328794557e-06	6
2.162364809e-06	2.28539274e-06	6
2.137578795e-06	2.241972133e-06	6
2.112812759e-06	2.198540135e-06	6
2.088069559e-06	2.155095116e-06	6
2.063356021e-06	2.111633223e-06	6
2.03865556e-06	2.068163892e-06	6
2.01398631e-06	2.024676841e-06	-3.228917332
2.025013074e-06	2.044204534e-06	-6
2.049628114e-06	2.087722294e-06	-6
2.07420264e-06	2.131262943e-06	-6
2.098767522e-06	2.174809032e-06	-6
2.123296933e-06	2.218375114e-06	-6
2.147809088e-06	2.261950902e-06	-6
2.172295501e-06	2.305541167e-06	-6
2.196754461e-06	2.349146835e-06	-6
2.221197693e-06	2.392761328e-06	-6
2.245602836e-06	2.436397143e-06	-6
2.26999706e-06	2.480039062e-06	-6
2.294353202e-06	2.52370225e-06	-6
2.318692196e-06	2.567374991e-06	-6
2.343004333e-06	2.611062696e-06	-6
2.367287018e-06	2.654766772e-06	-6
2.391554773e-06	2.698479146e-06	-6
2.415779879e-06	2.742215169e-06	-6
2.439991239e-06	2.785958799e-06	-6
2.464168879e-06	2.829721081e-06	-6
2.488320053e-06	2.873497967e-06	-6
2.512451837e-06	2.917285552e-06	-6
2.536540963e-06	2.961096616e-06	-6
2.560613093e-06	3.004917017e-06	-6
2.584651225e-06	3.048756085e-06	-6
2.608657555e-06	3.092612567e-06	-6
2.632644261e-06	3.13647979e-06	-6
2.656585623e-06	3.180371781e-06	-6
2.680501859e-06	3.224277457e-06	-6
2.704393438e-06	3.268196565e-06	-6
2.728235918e-06	3.312142346e-06	-6
2.752052967e-06	3.356101906e-06	-6
2.775841632e-06	3.400076842e-06	-6
2.799578283e-06	3.444079875e-06	-6
2.823284728e-06	3.488099178e-06	-6
2.846958933e-06	3.532135836e-06	-6
2.870582791e-06	3.576199527e-06	-6
2.894164121e-06	3.620285984e-06	-6
2.917706428e-06	3.664393287e-06	-6
2.941206724e-06	3.708522997e-06	-6
2.964648824e-06	3.752683653e-06	-6
2.98803824e-06	3.796872226e-06	-6
3.011375493e-06	3.841088363e-06	-6
3.034655864e-06	3.885334474e-06	-6
3.057873923e-06	3.929613318e-06	-6
3.081023354e-06	3.973928084e-06	-6
3.104096741e-06	4.018282495e-06	-6
3.127085271e-06	4.062680946e-06	-6
3.149978333e-06	4.107128694e-06	-6
3.172762979e-06	4.151632104e-06	-6
3.195423162e-06	4.196198998e-06	-6
3.21793866e-06	4.240839143e-06	-6
3.240283509e-06	4.285564949e-06	-6
3.26236642e-06	4.330420605e-06	-6
3.284132863e-06	4.375430501e-06	-6
3.305351019e-06	4.420700971e-06	-6
3.325369758e-06	4.466509825e-06	-6
3.319571613e-06	4.479602835e-06	6
3.292187202e-06	4.437782941e-06	6
3.266210091e-06	4.395065132e-06	6
3.240802561e-06	4.352005472e-06	6
3.215747634e-06	4.308739632e-06	6
3.190920598e-06	4.265342553e-06	6
3.16628163e-06	4.221838391e-06	6
3.141800379e-06	4.178245261e-06	6
3.117440219e-06	4.134584351e-06	6
3.093186052e-06	4.090864469e-06	6
3.0690256e-06	4.047092724e-06	6
3.044948732e-06	4.003274944e-06	6
3.020946981e-06	3.959415967e-06	6
2.997013182e-06	3.915519866e-06	6
2.973141205e-06	3.871590103e-06	6
2.949336506e-06	3.827623845e-06	6
2.925588206e-06	3.783627106e-06	6
2.90188903e-06	3.739603892e-06	6
2.878235236e-06	3.695556275e-06	6
2.854623983e-06	3.651485828e-06	6
2.831071995e-06	3.60738368e-06	6
2.807557156e-06	3.563261725e-06	6
2.784076992e-06	3.519121304e-06	6
2.760639406e-06	3.474958252e-06	6
2.737246236e-06	3.430771663e-06	6
2.713882066e-06	3.386569737e-06	6
2.690552244e-06	3.342349662e-06	6
2.6672673e-06	3.298105944e-06	6
2.644006902e-06	3.253849321e-06	6
2.620779922e-06	3.209575141e-06	6
2.597592577e-06	3.165280196e-06	6
2.57442623e-06	3.120974266e-06	6
2.551298145e-06	3.076648345e-06	6
2.528199905e-06	3.032306872e-06	6
2.50512004e-06	2.987955825e-06	6
2.48208746e-06	2.943580203e-06	6
2.459071496e-06	2.899195967e-06	6
2.436086038e-06	2.854795919e-06	6
2.41313225e-06	2.810379496e-06	6
2.390193128e-06	2.765955491e-06	6
2.367299802e-06	2.721507867e-06	6
2.344420033e-06	2.67705327e-06	6
2.321572179e-06	2.632582255e-06	6
2.298750476e-06	2.588097822e-06	6
2.275947672e-06	2.54360369e-06	6
2.253182894e-06	2.499090095e-06	6
2.230429614e-06	2.45457062e-06	6
2.207716013e-06	2.410030886e-06	6
2.185018132e-06	2.365483146e-06	6
2.162348783e-06	2.320920872e-06	6
2.139705633e-06	2.276345287e-06	6
2.117080367e-06	2.231760616e-06	6
2.094491441e-06	2.187157525e-06	6
2.071912509e-06	2.142549373e-06	6
2.049375081e-06	2.097920235e-06	6
2.02684721e-06	2.053286275e-06	3.136240736
2.009381903e-06	2.018649728e-06	-6
2.031831636e-06	2.063323043e-06	-6
2.054266655e-06	2.108003744e-06	-6
2.076672485e-06	2.152699094e-06	-6
2.099053666e-06	2.197406786e-06	-6
2.1214155e-06	2.242124165e-06	-6
2.143742504e-06	2.28685894e-06	-6
2.166059153e-06	2.331598885e-06	-6
2.188332534e-06	2.376360388e-06	-6
2.210594088e-06	2.421127768e-06	-6
2.232822919e-06	2.465911411e-06	-6
2.255028606e-06	2.510706527e-06	-6
2.277212608e-06	2.555512393e-06	-6
2.299361484e-06	2.600335628e-06	-6
2.321497966e-06	2.64516499e-06	-6
2.343591267e-06	2.690015649e-06	-6
2.365668931e-06	2.734874001e-06	-6
2.387716252e-06	2.779747281e-06	-6
2.409733629e-06	2.824635253e-06	-6
2.431734468e-06	2.869531341e-06	-6
2.453689868e-06	2.914449666e-06	-6
2.475629039e-06	2.959375914e-06	-6
2.497535148e-06	3.004318299e-06	-6
2.519408917e-06	3.049276426e-06	-6
2.541264056e-06	3.094243618e-06	-6
2.563072582e-06	3.139233437e-06	-6
2.584858048e-06	3.184234418e-06	-6
2.606616499e-06	3.229248476e-06	-6
2.628329287e-06	3.274284573e-06	-6
2.65001815e-06	3.319332193e-06	-6
2.671673377e-06	3.364396001e-06	-6
2.693283507e-06	3.409481447e-06	-6
2.714865391e-06	3.454580416e-06	-6
2.736412481e-06	3.499696028e-06	-6
2.757908031e-06	3.544836217e-06	-6
2.779369841e-06	3.589992449e-06	-6
2.800795542e-06	3.635165831e-06	-6
2.822168497e-06	3.680364198e-06	-6
2.84349345e-06	3.725585224e-06	-6
2.864774366e-06	3.770826985e-06	-6
2.886007689e-06	3.816091106e-06	-6
2.907187011e-06	3.86138053e-06	-6
2.92829846e-06	3.90670163e-06	-6
2.949350196e-06	3.952050488e-06	-6
2.970336449e-06	3.99742968e-06	-6
2.991250507e-06	4.042842186e-06	-6
3.012084478e-06	4.088291486e-06	-6
3.032828977e-06	4.133781691e-06	-6
3.053472694e-06	4.179317714e-06	-6
3.074001819e-06	4.224905509e-06	-6
3.094399226e-06	4.270552388e-06	-6
3.114629272e-06	4.316273669e-06	-6
3.134643707e-06	4.362089715e-06	-6
3.154398569e-06	4.40801819e-06	-6
3.173750416e-06	4.45411787e-06	-6
3.192357466e-06	4.500522156e-06	-6
3.208697804e-06	4.547742389e-06	-6
3.185825708e-06	4.524238816e-06	6
3.161340208e-06	4.48065059e-06	6
3.137768867e-06	4.436559297e-06	6
3.114671473e-06	4.392217611e-06	6
3.091855854e-06	4.34773015e-06	6
3.069287713e-06	4.303116589e-06	6
3.046882199e-06	4.258421135e-06	6
3.024615693e-06	4.213656255e-06	6
3.002469607e-06	4.168831665e-06	6
2.980429052e-06	4.123955082e-06	6
2.958481913e-06	4.079032736e-06	6
2.936618187e-06	4.034069733e-06	6
2.914829507e-06	3.989070318e-06	6
2.893108787e-06	3.94403806e-06	6
2.87144996e-06	3.898976001e-06	6
2.849847776e-06	3.853886754e-06	6
2.828298451e-06	3.808772208e-06	6
2.806814303e-06	3.763626589e-06	6
2.785375661e-06	3.718459354e-06	6
2.763979229e-06	3.673272107e-06	6
2.742622054e-06	3.628066283e-06	6
2.721322637e-06	3.582833215e-06	6
2.700059535e-06	3.537583075e-06	6
2.678829029e-06	3.492317629e-06	6
2.657643005e-06	3.447031341e-06	6
2.636497556e-06	3.401726099e-06	6
2.615379528e-06	3.356408069e-06	6
2.594301247e-06	3.311071532e-06	6
2.573261154e-06	3.265717265e-06	6
2.552244389e-06	3.220352183e-06	6
2.531269324e-06	3.1749678e-06	6
2.510324806e-06	3.129569319e-06	6
2.489400337e-06	3.084161587e-06	6
2.468524858e-06	3.038731311e-06	6
2.44766807e-06	2.993292459e-06	6
2.426841256e-06	2.947839852e-06	6
2.406049893e-06	2.902371025e-06	6
2.385274523e-06	2.856894884e-06	6
2.364543184e-06	2.811398652e-06	6
2.34383003e-06	2.765894144e-06	6
2.32314564e-06	2.720376547e-06	6
2.30249314e-06	2.674844479e-06	6
2.281855258e-06	2.629305776e-06	6
2.261262061e-06	2.58374685e-06	6
2.240681216e-06	2.538182347e-06	6
2.220135263e-06	2.492602094e-06	6
2.199611881e-06	2.447011681e-06	6
2.179111455e-06	2.401410934e-06	6
2.1586447e-06	2.35579507e-06	6
2.138189577e-06	2.310173983e-06	6
2.117778781e-06	2.264533049e-06	6
2.097378441e-06	2.218887443e-06	6
2.077013445e-06	2.173226053e-06	6
2.056668299e-06	2.127555822e-06	6
2.036348218e-06	2.081874426e-06	6
2.016051153e-06	2.036182803e-06	-1.021408786
2.017144275e-06	2.038723786e-06	-6
2.037374599e-06	2.084445001e-06	-6
2.057571192e-06	2.130181122e-06	-6
2.077756585e-06	2.175922192e-06	-6
2.097898039e-06	2.221682627e-06	-6
2.118029156e-06	2.267447607e-06	-6
2.138124359e-06	2.313228371e-06	-6
2.158199636e-06	2.35901787e-06	-6
2.178249489e-06	2.404818514e-06	-6
2.198268289e-06	2.450632734e-06	-6
2.218272558e-06	2.496453306e-06	-6
2.238234072e-06	2.542292518e-06	-6
2.258183521e-06	2.58813698e-06	-6
2.278095719e-06	2.633997638e-06	-6
2.297986116e-06	2.679867748e-06	-6
2.317851723e-06	2.725748608e-06	-6
2.337681755e-06	2.771644849e-06	-6
2.357497446e-06	2.817547287e-06	-6
2.377268463e-06	2.863468987e-06	-6
2.397021085e-06	2.909398594e-06	-6
2.416743977e-06	2.955340983e-06	-6
2.436431597e-06	3.001298493e-06	-6
2.456101508e-06	3.047263588e-06	-6
2.47572613e-06	3.093248039e-06	-6
2.495327142e-06	3.139242552e-06	-6
2.514901456e-06	3.185248441e-06	-6
2.534430826e-06	3.231273423e-06	-6
2.553937658e-06	3.277307958e-06	-6
2.573408542e-06	3.323357717e-06	-6
2.592838209e-06	3.369424874e-06	-6
2.612241422e-06	3.41550318e-06	-6
2.631604378e-06	3.461598424e-06	-6
2.650923526e-06	3.507712039e-06	-6
2.670211274e-06	3.553838794e-06	-6
2.689460713e-06	3.599981558e-06	-6
2.708655687e-06	3.646147002e-06	-6
2.727812915e-06	3.692328115e-06	-6
2.746929622e-06	3.738526019e-06	-6
2.76599516e-06	3.784745072e-06	-6
2.785002395e-06	3.830988126e-06	-6
2.803959791e-06	3.877251626e-06	-6
2.822863086e-06	3.923537257e-06	-6
2.841707417e-06	3.969846929e-06	-6
2.860487192e-06	4.016182825e-06	-6
2.87919144e-06	4.062549265e-06	-6
2.897815872e-06	4.108947818e-06	-6
2.916356118e-06	4.155380069e-06	-6
2.9348022e-06	4.201849806e-06	-6
2.953142087e-06	4.248361558e-06	-6
2.97134701e-06	4.294926291e-06	-6
2.989401214e-06	4.341549642e-06	-6
3.007279662e-06	4.388240648e-06	-6
3.024922967e-06	4.435020954e-06	-6
3.042241614e-06	4.481922393e-06	-6
3.059048621e-06	4.529009327e-06	-6
3.074794243e-06	4.576459232e-06	-6
3.074525524e-06	4.604231106e-06	6
3.050787625e-06	4.560252181e-06	6
3.028967369e-06	4.515269326e-06	6
3.007826559e-06	4.469962307e-06	6
2.987065762e-06	4.424479694e-06	6
2.966585507e-06	4.378869967e-06	6
2.946295406e-06	4.333175305e-06	6
2.92617218e-06	4.287406883e-06	6
2.906190831e-06	4.241576332e-06	6
2.886322018e-06	4.195696884e-06	6
2.866552635e-06	4.149774501e-06	6
2.846871876e-06	4.103814064e-06	6
2.827270712e-06	4.057819619e-06	6
2.807741507e-06	4.011794564e-06	6
2.788288344e-06	3.965737317e-06	6
2.76889823e-06	3.919653499e-06	6
2.749564586e-06	3.873545967e-06	6
2.730282896e-06	3.827416684e-06	6
2.71104918e-06	3.78126737e-06	6
2.691872276e-06	3.735094413e-06	6
2.672745556e-06	3.688900653e-06	6
2.653658079e-06	3.642690668e-06	6
2.634607215e-06	3.596465567e-06	6
2.615612128e-06	3.550217515e-06	6
2.596652602e-06	3.503954883e-06	6
2.577723676e-06	3.457679719e-06	6
2.558841378e-06	3.411385503e-06	6
2.539995584e-06	3.365076423e-06	6
2.521175672e-06	3.318756815e-06	6
2.502400989e-06	3.272418852e-06	6
2.483657689e-06	3.226068194e-06	6
2.464936514e-06	3.179708587e-06	6
2.446265291e-06	3.133328839e-06	6
2.427615503e-06	3.086940475e-06	6
2.408994718e-06	3.040540454e-06	6
2.390413732e-06	2.994124486e-06	6
2.371850234e-06	2.94770152e-06	6
2.353328184e-06	2.901261997e-06	6
2.334829804e-06	2.854813049e-06	6
2.316356207e-06	2.80835423e-06	6
2.297921134e-06	2.761880116e-06	6
2.27950031e-06	2.715400351e-06	6
2.261122135e-06	2.668903703e-06	6
2.24276208e-06	2.622399904e-06	6
2.224430998e-06	2.575884669e-06	6
2.206130502e-06	2.529357399e-06	6
2.187846179e-06	2.482823765e-06	6
2.169604224e-06	2.436273507e-06	6
2.151373729e-06	2.389718762e-06	6
2.133182127e-06	2.343148801e-06	6
2.115008856e-06	2.296571691e-06	6
2.096863318e-06	2.249983763e-06	6
2.078746725e-06	2.203384577e-06	6
2.060647117e-06	2.156778786e-06	6
2.042586821e-06	2.11015775e-06	6
2.024535887e-06	2.063533086e-06	5.116544121
2.006516756e-06	2.016896121e-06	-5.687255999
2.023437349e-06	2.060854365e-06	-6
2.041390611e-06	2.107516722e-06	-6
2.059306924e-06	2.154193283e-06	-6
2.077203972e-06	2.200877227e-06	-6
2.095074339e-06	2.247571398e-06	-6
2.112914828e-06	2.294276986e-06	-6
2.13073911e-06	2.340988768e-06	-6
2.148522537e-06	2.387716116e-06	-6
2.166294741e-06	2.434447734e-06	-6
2.184026241e-06	2.481194814e-06	-6
2.201740156e-06	2.527948554e-06	-6
2.219424859e-06	2.574713358e-06	-6
2.237079513e-06	2.621489508e-06	-6
2.254717081e-06	2.668272109e-06	-6
2.272311312e-06	2.715071024e-06	-6
2.289891741e-06	2.761875123e-06	-6
2.307433794e-06	2.808693623e-06	-6
2.324951373e-06	2.855521279e-06	-6
2.342444923e-06	2.902357924e-06	-6
2.359897904e-06	2.949209697e-06	-6
2.37733403e-06	2.996067746e-06	-6
2.394728747e-06	3.042941186e-06	-6
2.412096731e-06	3.089824531e-06	-6
2.429440966e-06	3.136716674e-06	-6
2.446738306e-06	3.183626133e-06	-6
2.464014389e-06	3.230543421e-06	-6
2.481255094e-06	3.277473728e-06	-6
2.498455504e-06	3.324418812e-06	-6
2.515631098e-06	3.37137298e-06	-6
2.532764164e-06	3.41834269e-06	-6
2.549857815e-06	3.465326751e-06	-6
2.566922186e-06	3.512321455e-06	-6
2.583942514e-06	3.559332135e-06	-6
2.600917073e-06	3.606359353e-06	-6
2.617856672e-06	3.653399173e-06	-6
2.634757913e-06	3.700452798e-06	-6
2.651597703e-06	3.74752845e-06	-6
2.668395174e-06	3.794619207e-06	-6
2.685147057e-06	3.841726202e-06	-6
2.701849687e-06	3.88885069e-06	-6
2.718486768e-06	3.935998364e-06	-6
2.735062818e-06	3.98316752e-06	-6
2.751577107e-06	4.030358328e-06	-6
2.768023695e-06	4.077572769e-06	-6
2.784395677e-06	4.124813132e-06	-6
2.800684934e-06	4.172082082e-06	-6
2.816881815e-06	4.219382761e-06	-6
2.832974699e-06	4.266718919e-06	-6
2.848949396e-06	4.314095084e-06	-6
2.864788317e-06	4.361516807e-06	-6
2.880469291e-06	4.408990995e-06	-6
2.895920476e-06	4.456540431e-06	-6
2.9111187e-06	4.50417129e-06	-6
2.925898294e-06	4.551933557e-06	-6
2.940017218e-06	4.599894649e-06	-6
2.952210523e-06	4.648367744e-06	-6
2.935103043e-06	4.633437124e-06	6
2.914822841e-06	4.587741954e-06	6
2.89561027e-06	4.541584533e-06	6
2.876916713e-06	4.495214065e-06	6
2.858550279e-06	4.448712884e-06	6
2.840428442e-06	4.402115808e-06	6
2.822497239e-06	4.355445013e-06	6
2.804712369e-06	4.308718256e-06	6
2.78705419e-06	4.261943465e-06	6
2.769506978e-06	4.215126925e-06	6
2.75205794e-06	4.168273702e-06	6
2.734696521e-06	4.121387939e-06	6
2.717413893e-06	4.074473076e-06	6
2.700202582e-06	4.027532e-06	6
2.683056195e-06	3.980567166e-06	6
2.6659692e-06	3.933580682e-06	6
2.648946736e-06	3.886570775e-06	6
2.631983004e-06	3.83953965e-06	6
2.61506696e-06	3.792491357e-06	6
2.598195134e-06	3.745427186e-06	6
2.581371175e-06	3.698345874e-06	6
2.564602128e-06	3.651244979e-06	6
2.547869544e-06	3.604131126e-06	6
2.531171076e-06	3.557005161e-06	6
2.514526798e-06	3.509860028e-06	6
2.497917015e-06	3.46270274e-06	6
2.481335916e-06	3.415535353e-06	6
2.464803746e-06	3.36835079e-06	6
2.448303869e-06	3.321154934e-06	6
2.431828381e-06	3.273950551e-06	6
2.415403587e-06	3.226728504e-06	6
2.399003362e-06	3.179497926e-06	6
2.38263078e-06	3.132257751e-06	6
2.36630287e-06	3.085002121e-06	6
2.34999407e-06	3.037739894e-06	6
2.333723463e-06	2.990464499e-06	6
2.317482774e-06	2.943178825e-06	6
2.301262102e-06	2.895886274e-06	6
2.285087448e-06	2.848577966e-06	6
2.268928203e-06	2.801264396e-06	6
2.252805677e-06	2.753938296e-06	6
2.236709538e-06	2.706603222e-06	6
2.220635359e-06	2.659260679e-06	6
2.204600907e-06	2.61190467e-06	6
2.188579332e-06	2.564544302e-06	6
2.172600701e-06	2.517169425e-06	6
2.156638878e-06	2.469788889e-06	6
2.14070756e-06	2.422398081e-06	6
2.124804608e-06	2.374997752e-06	6
2.108920365e-06	2.327591145e-06	6
2.093075577e-06	2.280171339e-06	6
2.077241668e-06	2.232747898e-06	6
2.061451064e-06	2.185310019e-06	6
2.045674505e-06	2.137867472e-06	6
2.029930559e-06	2.090414087e-06	6
2.01420478e-06	2.042954682e-06	0.1804124487
2.012364165e-06	2.037480288e-06	-6
2.028014883e-06	2.084964502e-06	-6
2.043634555e-06	2.132458932e-06	-6
2.059238612e-06	2.179958501e-06	-6
2.074801032e-06	2.227471725e-06	-6
2.090352726e-06	2.27498846e-06	-6
2.105863132e-06	2.322518692e-06	-6
2.121356861e-06	2.370054356e-06	-6
2.136820182e-06	2.417599927e-06	-6
2.152255292e-06	2.465154657e-06	-6
2.167671292e-06	2.512715592e-06	-6
2.183046954e-06	2.56028958e-06	-6
2.198410112e-06	2.607867607e-06	-6
2.213730545e-06	2.655459412e-06	-6
2.229032438e-06	2.703057176e-06	-6
2.244304517e-06	2.75066452e-06	-6
2.259543792e-06	2.798282368e-06	-6
2.274767056e-06	2.845905344e-06	-6
2.289942143e-06	2.893543693e-06	-6
2.305101163e-06	2.941187151e-06	-6
2.320225158e-06	2.988841746e-06	-6
2.335316779e-06	3.036506595e-06	-6
2.350390076e-06	3.08417725e-06	-6
2.365412127e-06	3.131864078e-06	-6
2.380414005e-06	3.179557249e-06	-6
2.395383876e-06	3.227260483e-06	-6
2.410311505e-06	3.274976947e-06	-6
2.425215825e-06	3.322700697e-06	-6
2.440078431e-06	3.37043746e-06	-6
2.454902805e-06	3.418186102e-06	-6
2.469699829e-06	3.465943229e-06	-6
2.484450527e-06	3.51371469e-06	-6
2.499160484e-06	3.561498704e-06	-6
2.513837988e-06	3.609292696e-06	-6
2.528471008e-06	3.657100335e-06	-6
2.543052461e-06	3.704923721e-06	-6
2.557594916e-06	3.752758975e-06	-6
2.572095519e-06	3.800606939e-06	-6
2.586537947e-06	3.848472499e-06	-6
2.60092527e-06	3.896354643e-06	-6
2.615261138e-06	3.944252212e-06	-6
2.629541161e-06	3.992166461e-06	-6
2.643760336e-06	4.040098809e-06	-6
2.65791087e-06	4.088051472e-06	-6
2.671981065e-06	4.136027769e-06	-6
2.685973067e-06	4.184026921e-06	-6
2.699878255e-06	4.232051289e-06	-6
2.713686369e-06	4.280103654e-06	-6
2.72738504e-06	4.328187334e-06	-6
2.740953658e-06	4.376307873e-06	-6
2.754358782e-06	4.424474194e-06	-6
2.767583086e-06	4.472690444e-06	-6
2.780579273e-06	4.520968642e-06	-6
2.793229578e-06	4.569338575e-06	-6
2.80537616e-06	4.617837115e-06	-6
2.816495692e-06	4.66657909e-06	-6
2.815409657e-06	4.699573364e-06	6
2.795804689e-06	4.653609762e-06	6
2.778450063e-06	4.606722749e-06	6
2.761818983e-06	4.559573387e-06	6
2.74559192e-06	4.512283185e-06	6
2.729671991e-06	4.464888625e-06	6
2.713950403e-06	4.417427889e-06	6
2.698395904e-06	4.369912099e-06	6
2.682994927e-06	4.322346312e-06	6
2.667712913e-06	4.274742173e-06	6
2.652534389e-06	4.227104934e-06	6
2.637448077e-06	4.179438407e-06	6
2.622444559e-06	4.13174575e-06	6
2.607520458e-06	4.084028176e-06	6
2.592672003e-06	4.036287014e-06	6
2.57788763e-06	3.988525976e-06	6
2.563161953e-06	3.940746811e-06	6
2.548490266e-06	3.892951037e-06	6
2.53386842e-06	3.845139981e-06	6
2.519310629e-06	3.797309381e-06	6
2.504799705e-06	3.749464551e-06	6
2.490329535e-06	3.70160738e-06	6
2.475899169e-06	3.653738182e-06	6
2.461527798e-06	3.605851241e-06	6
2.447190281e-06	3.557954161e-06	6
2.432884523e-06	3.510047579e-06	6
2.418631665e-06	3.462125229e-06	6
2.404412013e-06	3.414193024e-06	6
2.390219213e-06	3.366252855e-06	6
2.376077701e-06	3.31829753e-06	6
2.361964228e-06	3.270333953e-06	6
2.347876713e-06	3.222362738e-06	6
2.333839219e-06	3.174376863e-06	6
2.319822586e-06	3.126384895e-06	6
2.305840272e-06	3.078382911e-06	6
2.291894844e-06	3.030370204e-06	6
2.277967544e-06	2.982352231e-06	6
2.26408734e-06	2.934320621e-06	6
2.250227413e-06	2.886283163e-06	6
2.236397311e-06	2.838237104e-06	6
2.222602873e-06	2.790180798e-06	6
2.208823195e-06	2.742120252e-06	6
2.195091748e-06	2.694045904e-06	6
2.181374917e-06	2.645967389e-06	6
2.167692153e-06	2.597879162e-06	6
2.154036908e-06	2.54978312e-06	6
2.140402475e-06	2.501681168e-06	6
2.126807754e-06	2.453567981e-06	6
2.11322489e-06	2.405451443e-06	6
2.099686285e-06	2.357322431e-06	6
2.086162569e-06	2.309189239e-06	6
2.072671564e-06	2.261046863e-06	6
2.059206422e-06	2.212897253e-06	6
2.045762875e-06	2.164741603e-06	6
2.032355905e-06	2.116575761e-06	6
2.01895972e-06	2.068406914e-06	6
2.005597829e-06	2.020228543e-06	-5.33164898
2.017332394e-06	2.062759781e-06	-6
2.030626167e-06	2.110956989e-06	-6
2.043880365e-06	2.159165099e-06	-6
2.057116077e-06	2.207378281e-06	-6
2.070322822e-06	2.255599412e-06	-6
2.083500125e-06	2.303828591e-06	-6
2.096659278e-06	2.352062731e-06	-6
2.109777657e-06	2.400307974e-06	-6
2.122884449e-06	2.448556366e-06	-6
2.135947799e-06	2.496816541e-06	-6
2.14899441e-06	2.545081238e-06	-6
2.162009447e-06	2.593354464e-06	-6
2.17499488e-06	2.641635657e-06	-6
2.187961258e-06	2.689921976e-06	-6
2.200884321e-06	2.738219903e-06	-6
2.213793141e-06	2.786521638e-06	-6
2.22666093e-06	2.834834324e-06	-6
2.239504885e-06	2.883153344e-06	-6
2.252322618e-06	2.931479334e-06	-6
2.265099911e-06	2.979816028e-06	-6
2.277859814e-06	3.028157316e-06	-6
2.290575563e-06	3.07651024e-06	-6
2.30326516e-06	3.124870027e-06	-6
2.315928825e-06	3.173236619e-06	-6
2.328545544e-06	3.221615475e-06	-6
2.34114034e-06	3.270000039e-06	-6
2.353697202e-06	3.318394468e-06	-6
2.366213946e-06	3.366799283e-06	-6
2.378705102e-06	3.415210708e-06	-6
2.391150945e-06	3.463633808e-06	-6
2.403557599e-06	3.512066955e-06	-6
2.415934068e-06	3.560507827e-06	-6
2.428263654e-06	3.608960658e-06	-6
2.440547527e-06	3.657425092e-06	-6
2.452795368e-06	3.705898642e-06	-6
2.465002174e-06	3.754382552e-06	-6
2.477147136e-06	3.802881988e-06	-6
2.489248491e-06	3.851392313e-06	-6
2.501302877e-06	3.899914332e-06	-6
2.513306521e-06	3.948448937e-06	-6
2.525241059e-06	3.997000584e-06	-6
2.537114287e-06	4.045567251e-06	-6
2.548923907e-06	4.094149417e-06	-6
2.56066381e-06	4.142748475e-06	-6
2.572326892e-06	4.191366025e-06	-6
2.583904806e-06	4.240003927e-06	-6
2.595387628e-06	4.288664363e-06	-6
2.606763411e-06	4.33734993e-06	-6
2.618017568e-06	4.386063747e-06	-6
2.62913202e-06	4.43480962e-06	-6
2.640083984e-06	4.483592258e-06	-6
2.650801911e-06	4.532426813e-06	-6
2.661257543e-06	4.581318165e-06	-6
2.671285802e-06	4.630298809e-06	-6
2.680640793e-06	4.67941192e-06	-6
2.688028894e-06	4.728846125e-06	-6
2.672513211e-06	4.712505961e-06	6
2.65680473e-06	4.665044676e-06	6
2.642207628e-06	4.617226743e-06	6
2.628147592e-06	4.56924774e-06	6
2.614428115e-06	4.521170077e-06	6
2.600959006e-06	4.473021644e-06	6
2.587688839e-06	4.424817973e-06	6
2.574569645e-06	4.376572991e-06	6
2.561581138e-06	4.328292654e-06	6
2.548707078e-06	4.279981666e-06	6
2.535934256e-06	4.23164381e-06	6
2.523251773e-06	4.18328217e-06	6
2.510650518e-06	4.134899301e-06	6
2.498122776e-06	4.086497343e-06	6
2.485661948e-06	4.038078111e-06	6
2.473262327e-06	3.989643159e-06	6
2.460930736e-06	3.941190837e-06	6
2.448658097e-06	3.892723558e-06	6
2.436434586e-06	3.84424387e-06	6
2.424256627e-06	3.795752715e-06	6
2.412129464e-06	3.747248823e-06	6
2.400057348e-06	3.698731207e-06	6
2.388022782e-06	3.650204267e-06	6
2.37602335e-06	3.60166862e-06	6
2.364081174e-06	3.553118852e-06	6
2.35217304e-06	3.504560731e-06	6
2.34029444e-06	3.455995372e-06	6
2.328467654e-06	3.407417365e-06	6
2.316672651e-06	3.35883164e-06	6
2.304902753e-06	3.310239819e-06	6
2.293186466e-06	3.261635043e-06	6
2.281494018e-06	3.213024536e-06	6
2.269831454e-06	3.164406841e-06	6
2.258213413e-06	3.115778492e-06	6
2.246615035e-06	3.067145451e-06	6
2.235057382e-06	3.01850271e-06	6
2.223529072e-06	2.969853013e-06	6
2.212022786e-06	2.921198096e-06	6
2.2005624e-06	2.872532349e-06	6
2.189117865e-06	2.823862874e-06	6
2.177712524e-06	2.775184196e-06	6
2.166332889e-06	2.726499507e-06	6
2.154977266e-06	2.677809206e-06	6
2.143661067e-06	2.629109732e-06	6
2.132358109e-06	2.58040718e-06	6
2.121100731e-06	2.53169407e-06	6
2.109859209e-06	2.482977305e-06	6
2.098650474e-06	2.43425298e-06	6
2.087469474e-06	2.385522289e-06	6
2.076309133e-06	2.336786857e-06	6
2.065187923e-06	2.288042484e-06	6
2.054077895e-06	2.239295558e-06	6
2.043013802e-06	2.190538185e-06	6
2.031962719e-06	2.141777866e-06	6
2.020946578e-06	2.093009636e-06	6
2.009947337e-06	2.044237595e-06	0.2134142368
2.009216023e-06	2.041124224e-06	-6
2.020136363e-06	2.089913995e-06	-6
2.031023569e-06	2.138711166e-06	-6
2.041895966e-06	2.187511643e-06	-6
2.052724345e-06	2.236321904e-06	-6
2.063541699e-06	2.285134609e-06	-6
2.074317887e-06	2.333956421e-06	-6
2.085075685e-06	2.382782283e-06	-6
2.095803509e-06	2.431614745e-06	-6
2.106501085e-06	2.480453837e-06	-6
2.117180304e-06	2.529296952e-06	-6
2.12781681e-06	2.578149383e-06	-6
2.138440457e-06	2.627004613e-06	-6
2.149021533e-06	2.675869083e-06	-6
2.159582246e-06	2.724737951e-06	-6
2.17011367e-06	2.773613146e-06	-6
2.180610065e-06	2.82249587e-06	-6
2.191091185e-06	2.871381878e-06	-6
2.201521837e-06	2.920278678e-06	-6
2.211935779e-06	2.969179034e-06	-6
2.222315174e-06	3.01808674e-06	-6
2.232659897e-06	3.067001786e-06	-6
2.242985771e-06	3.115920819e-06	-6
2.25326053e-06	3.164850615e-06	-6
2.263513061e-06	3.213785066e-06	-6
2.273734269e-06	3.262726076e-06	-6
2.283910556e-06	3.311676442e-06	-6
2.294062871e-06	3.360631784e-06	-6
2.304174012e-06	3.409595653e-06	-6
2.314244239e-06	3.458567945e-06	-6
2.32428634e-06	3.507546014e-06	-6
2.33428267e-06	3.556533451e-06	-6
2.34423538e-06	3.605529761e-06	-6
2.354154721e-06	3.654532837e-06	-6
2.364030342e-06	3.703544751e-06	-6
2.373851076e-06	3.752567688e-06	-6
2.383631716e-06	3.801598633e-06	-6
2.393369323e-06	3.850638147e-06	-6
2.40304949e-06	3.899689039e-06	-6
2.412670818e-06	3.948751499e-06	-6
2.422239248e-06	3.997824296e-06	-6
2.431750267e-06	4.046908252e-06	-6
2.441198726e-06	4.096004294e-06	-6
2.450578709e-06	4.145113472e-06	-6
2.459875206e-06	4.194238524e-06	-6
2.469090384e-06	4.243378889e-06	-6
2.478216324e-06	4.292535899e-06	-6
2.487242476e-06	4.341711327e-06	-6
2.496156122e-06	4.390907273e-06	-6
2.504930814e-06	4.440128185e-06	-6
2.513542123e-06	4.489377924e-06	-6
2.521967451e-06	4.538659794e-06	-6
2.530149112e-06	4.58798265e-06	-6
2.537982848e-06	4.637361927e-06	-6
2.54528281e-06	4.686822642e-06	-6
2.551476895e-06	4.73643155e-06	-6
2.545893154e-06	4.764006087e-06	6
2.531168371e-06	4.716248735e-06	6
2.518541437e-06	4.667873731e-06	6
2.50664261e-06	4.619313703e-06	6
2.49515061e-06	4.570655575e-06	6
2.483962794e-06	4.521926518e-06	6
2.472977567e-06	4.473151372e-06	6
2.462166163e-06	4.424337374e-06	6
2.451509804e-06	4.375489283e-06	6
2.440973178e-06	4.326615228e-06	6
2.430542312e-06	4.27771849e-06	6
2.420205683e-06	4.22880174e-06	6
2.409953668e-06	4.179867181e-06	6
2.399779891e-06	4.130916289e-06	6
2.389686583e-06	4.081948743e-06	6
2.379658752e-06	4.032967754e-06	6
2.369690895e-06	3.98397453e-06	6
2.359778208e-06	3.934970112e-06	6
2.349916453e-06	3.88595541e-06	6
2.340118035e-06	3.836928003e-06	6
2.330369794e-06	3.787890604e-06	6
2.320663193e-06	3.738844947e-06	6
2.310995434e-06	3.689791608e-06	6
2.301389798e-06	3.640726067e-06	6
2.291818879e-06	3.591653751e-06	6
2.282280406e-06	3.542575113e-06	6
2.272794302e-06	3.493486321e-06	6
2.263343929e-06	3.444390647e-06	6
2.253920989e-06	3.395289695e-06	6
2.244548888e-06	3.346179011e-06	6
2.235207105e-06	3.297062558e-06	6
2.225890282e-06	3.247941357e-06	6
2.216626224e-06	3.198810178e-06	6
2.207383474e-06	3.149674992e-06	6
2.198174334e-06	3.100533489e-06	6
2.18900442e-06	3.051384657e-06	6
2.179853022e-06	3.002232371e-06	6
2.170748382e-06	2.953071399e-06	6
2.161665896e-06	2.903906336e-06	6
2.152612523e-06	2.854735898e-06	6
2.143597018e-06	2.805558507e-06	6
2.134596588e-06	2.756378351e-06	6
2.125644154e-06	2.707189435e-06	6
2.116707999e-06	2.657997564e-06	6
2.107805367e-06	2.608799609e-06	6
2.098932193e-06	2.559596339e-06	6
2.090078999e-06	2.510389464e-06	6
2.081267716e-06	2.46117507e-06	6
2.072468546e-06	2.411958508e-06	6
2.063713363e-06	2.3627341e-06	6
2.054974673e-06	2.313506767e-06	6
2.046268169e-06	2.264273725e-06	6
2.037589369e-06	2.215035798e-06	6
2.028931393e-06	2.1657942e-06	6
2.020312068e-06	2.116545825e-06	6
2.011703268e-06	2.067295605e-06	5.732812421
2.003513713e-06	2.020266902e-06	-6
2.01202652e-06	2.069533804e-06	-6
2.020527432e-06	2.118802757e-06	-6
2.028991828e-06	2.168078e-06	-6
2.037433381e-06	2.217357155e-06	-6
2.045849276e-06	2.266640705e-06	-6
2.054231115e-06	2.315930054e-06	-6
2.062598369e-06	2.365221885e-06	-6
2.07091997e-06	2.414521443e-06	-6
2.079229703e-06	2.463823e-06	-6
2.087499056e-06	2.513131351e-06	-6
2.095747263e-06	2.562443236e-06	-6
2.103967251e-06	2.61175984e-06	-6
2.112152913e-06	2.661082147e-06	-6
2.120323188e-06	2.710407011e-06	-6
2.128445088e-06	2.759739862e-06	-6
2.136552387e-06	2.809075112e-06	-6
2.144621948e-06	2.858416552e-06	-6
2.152662932e-06	2.907762651e-06	-6
2.160681366e-06	2.957112427e-06	-6
2.168654198e-06	3.006469587e-06	-6
2.176609198e-06	3.055829622e-06	-6
2.184523477e-06	3.105196208e-06	-6
2.192406597e-06	3.154567771e-06	-6
2.200267691e-06	3.203942854e-06	-6
2.208076305e-06	3.253326263e-06	-6
2.215862434e-06	3.302713215e-06	-6
2.22361448e-06	3.352105536e-06	-6
2.231320811e-06	3.401505005e-06	-6
2.239000894e-06	3.45090856e-06	-6
2.246639608e-06	3.500318535e-06	-6
2.254233296e-06	3.549735444e-06	-6
2.261796019e-06	3.5991571e-06	-6
2.269316076e-06	3.648585273e-06	-6
2.276784125e-06	3.698021326e-06	-6
2.284215212e-06	3.747462944e-06	-6
2.291606748e-06	3.796910497e-06	-6
2.298935871e-06	3.846367343e-06	-6
2.306217034e-06	3.895831262e-06	-6
2.313450005e-06	3.945302248e-06	-6
2.320630905e-06	3.994780826e-06	-6
2.327747907e-06	4.044268641e-06	-6
2.334795434e-06	4.093766393e-06	-6
2.341777689e-06	4.143273386e-06	-6
2.348688392e-06	4.192790413e-06	-6
2.355520236e-06	4.242318379e-06	-6
2.362264634e-06	4.291858327e-06	-6
2.368911377e-06	4.341411468e-06	-6
2.375448171e-06	4.390979228e-06	-6
2.381860005e-06	4.440563301e-06	-6
2.388128274e-06	4.490165724e-06	-6
2.394220909e-06	4.539790017e-06	-6
2.40007249e-06	4.589443284e-06	-6
2.405650065e-06	4.639128009e-06	-6
2.410782059e-06	4.688860662e-06	-6
2.41513108e-06	4.738666924e-06	-6
2.417104826e-06	4.788597232e-06	-6
2.402080455e-06	4.760065132e-06	6
2.391302529e-06	4.71124595e-06	6
2.381540526e-06	4.662211792e-06	6
2.372304098e-06	4.613075641e-06	6
2.363385554e-06	4.563880659e-06	6
2.354735067e-06	4.514637801e-06	6
2.346269132e-06	4.465362871e-06	6
2.337955959e-06	4.41606193e-06	6
2.329775046e-06	4.366738859e-06	6
2.321709984e-06	4.317396705e-06	6
2.313747424e-06	4.268037902e-06	6
2.305876352e-06	4.218664426e-06	6
2.298087555e-06	4.169277905e-06	6
2.290373236e-06	4.119879695e-06	6
2.282726722e-06	4.070470942e-06	6
2.275142241e-06	4.021052621e-06	6
2.267620339e-06	3.971624728e-06	6
2.260164983e-06	3.922186758e-06	6
2.252759416e-06	3.872741313e-06	6
2.245400021e-06	3.823288973e-06	6
2.238086493e-06	3.773829819e-06	6
2.230834739e-06	3.724361572e-06	6
2.223621047e-06	3.674887769e-06	6
2.216442974e-06	3.625408779e-06	6
2.209317953e-06	3.575922117e-06	6
2.202232739e-06	3.526429749e-06	6
2.195177466e-06	3.4769331e-06	6
2.188170004e-06	3.427429655e-06	6
2.181199761e-06	3.377920964e-06	6
2.174254972e-06	3.32840869e-06	6
2.167360066e-06	3.278889443e-06	6
2.160494055e-06	3.229366189e-06	6
2.153653865e-06	3.179839354e-06	6
2.146863537e-06	3.13030566e-06	6
2.140093146e-06	3.080769241e-06	6
2.133359792e-06	3.031227768e-06	6
2.126660673e-06	2.98168166e-06	6
2.11997962e-06	2.932133107e-06	6
2.113349589e-06	2.882577701e-06	6
2.106735635e-06	2.833020153e-06	6
2.100157352e-06	2.783457851e-06	6
2.093609413e-06	2.733891537e-06	6
2.087081742e-06	2.684322543e-06	6
2.080598327e-06	2.634747745e-06	6
2.074128349e-06	2.585171191e-06	6
2.067700674e-06	2.535589132e-06	6
2.061293189e-06	2.486004466e-06	6
2.054915018e-06	2.436416014e-06	6
2.048569095e-06	2.386823431e-06	6
2.042240169e-06	2.337228671e-06	6
2.035955064e-06	2.28762834e-06	6
2.029681319e-06	2.238026571e-06	6
2.023450324e-06	2.188419412e-06	6
2.017236539e-06	2.138810099e-06	6
2.011054328e-06	2.089196836e-06	6
2.004891222e-06	2.039581199e-06	-1.122810908
2.006143547e-06	2.050005136e-06	-6
2.012228307e-06	2.099630445e-06	-6
2.018272686e-06	2.149260685e-06	-6
2.024306075e-06	2.198892264e-06	-6
2.030293221e-06	2.248529445e-06	-6
2.036266522e-06	2.298168288e-06	-6
2.042204679e-06	2.347811353e-06	-6
2.048117388e-06	2.397457449e-06	-6
2.054006366e-06	2.447106372e-06	-6
2.059857801e-06	2.496759728e-06	-6
2.065696812e-06	2.546414552e-06	-6
2.071486659e-06	2.596075133e-06	-6
2.077262827e-06	2.645737301e-06	-6
2.083002611e-06	2.695403693e-06	-6
2.088714737e-06	2.745073267e-06	-6
2.094404051e-06	2.794745465e-06	-6
2.100050724e-06	2.844422525e-06	-6
2.105681783e-06	2.894101358e-06	-6
2.111268675e-06	2.943785181e-06	-6
2.116831362e-06	2.993471712e-06	-6
2.122366166e-06	3.043161365e-06	-6
2.127858401e-06	3.092855736e-06	-6
2.133331357e-06	3.142552234e-06	-6
2.138759839e-06	3.192253614e-06	-6
2.144158137e-06	3.241958274e-06	-6
2.149532212e-06	3.291665566e-06	-6
2.154852895e-06	3.341378601e-06	-6
2.160149053e-06	3.391094248e-06	-6
2.165411317e-06	3.440813501e-06	-6
2.170623901e-06	3.490537984e-06	-6
2.175807702e-06	3.540265471e-06	-6
2.180953356e-06	3.589996928e-06	-6
2.186046134e-06	3.639733824e-06	-6
2.19110476e-06	3.689474199e-06	-6
2.196126939e-06	3.739218277e-06	-6
2.201086036e-06	3.788968684e-06	-6
2.206003197e-06	3.838723242e-06	-6
2.210876295e-06	3.888482136e-06	-6
2.215700933e-06	3.938245762e-06	-6
2.22045557e-06	3.988016124e-06	-6
2.22515604e-06	4.037791621e-06	-6
2.2297977e-06	4.087572632e-06	-6
2.234375255e-06	4.13735958e-06	-6
2.238882616e-06	4.187152936e-06	-6
2.243312709e-06	4.236953231e-06	-6
2.247657207e-06	4.286761071e-06	-6
2.251905067e-06	4.336577246e-06	-6
2.256048072e-06	4.386402247e-06	-6
2.26006805e-06	4.436237314e-06	-6
2.263948307e-06	4.486083438e-06	-6
2.267666256e-06	4.535941909e-06	-6
2.271192915e-06	4.585814267e-06	-6
2.274436372e-06	4.63570578e-06	-6
2.277328597e-06	4.685618772e-06	-6
2.279613118e-06	4.735562862e-06	-6
2.280599551e-06	4.785545467e-06	-6
2.270312789e-06	4.796220621e-06	6
2.260997371e-06	4.747108487e-06	6
2.253326402e-06	4.697704286e-06	6
2.246336441e-06	4.648198551e-06	6
2.239738396e-06	4.598639028e-06	6
2.23341016e-06	4.549044256e-06	6
2.227287424e-06	4.499423661e-06	6
2.221352335e-06	4.449780253e-06	6
2.2155546e-06	4.400120621e-06	6
2.209877012e-06	4.350447107e-06	6
2.204305586e-06	4.300761571e-06	6
2.198828791e-06	4.251065511e-06	6
2.193436993e-06	4.201360153e-06	6
2.188122046e-06	4.151646511e-06	6
2.182880058e-06	4.101925116e-06	6
2.177714314e-06	4.052195744e-06	6
2.172608838e-06	4.002460157e-06	6
2.167558819e-06	3.952718911e-06	6
2.162560015e-06	3.902972487e-06	6
2.157615376e-06	3.853220641e-06	6
2.152731302e-06	3.803462818e-06	6
2.147889102e-06	3.753700908e-06	6
2.143085976e-06	3.703935206e-06	6
2.13833683e-06	3.654164319e-06	6
2.133631612e-06	3.604389268e-06	6
2.128959037e-06	3.554611141e-06	6
2.124331078e-06	3.504828839e-06	6
2.11974759e-06	3.455042429e-06	6
2.115191706e-06	3.405253485e-06	6
2.110679308e-06	3.355460576e-06	6
2.106205501e-06	3.30566419e-06	6
2.101755289e-06	3.255865687e-06	6
2.097353931e-06	3.20606284e-06	6
2.092980178e-06	3.156257568e-06	6
2.088632931e-06	3.106449967e-06	6
2.084332853e-06	3.056638276e-06	6
2.080051418e-06	3.00682498e-06	6
2.075810053e-06	2.957008252e-06	6
2.071598333e-06	2.907189015e-06	6
2.067408907e-06	2.857367892e-06	6
2.063264949e-06	2.807542969e-06	6
2.05913618e-06	2.757716787e-06	6
2.055049003e-06	2.707887171e-06	6
2.050985268e-06	2.658055645e-06	6
2.046948532e-06	2.608221918e-06	6
2.042948523e-06	2.558385235e-06	6
2.038961857e-06	2.508547477e-06	6
2.035024473e-06	2.458705802e-06	6
2.031099313e-06	2.408863167e-06	6
2.027211896e-06	2.359017569e-06	6
2.023347942e-06	2.309170154e-06	6
2.019509812e-06	2.259320737e-06	6
2.01570647e-06	2.209468659e-06	6
2.011917472e-06	2.159615484e-06	6
2.008174322e-06	2.109758847e-06	6
2.004439514e-06	2.059901584e-06	3.975246779
2.002313483e-06	2.031501146e-06	-6
2.005955533e-06	2.081365272e-06	-6
2.009576106e-06	2.131230956e-06	-6
2.01316916e-06	2.181098637e-06	-6
2.016729639e-06	2.230968648e-06	-6
2.020273609e-06	2.280839841e-06	-6
2.023773631e-06	2.330714135e-06	-6
2.027262067e-06	2.38058924e-06	-6
2.030707407e-06	2.430467344e-06	-6
2.034134375e-06	2.480346707e-06	-6
2.037530068e-06	2.530228215e-06	-6
2.040894723e-06	2.580111821e-06	-6
2.044240475e-06	2.629996704e-06	-6
2.047541782e-06	2.679884545e-06	-6
2.0508292e-06	2.729773303e-06	-6
2.054073964e-06	2.779664856e-06	-6
2.057295813e-06	2.829557888e-06	-6
2.060489407e-06	2.879452743e-06	-6
2.063644068e-06	2.929350069e-06	-6
2.066781993e-06	2.979248454e-06	-6
2.069871562e-06	3.029149859e-06	-6
2.072938987e-06	3.079052622e-06	-6
2.075975551e-06	3.12895728e-06	-6
2.078970128e-06	3.17886447e-06	-6
2.081943828e-06	3.228772909e-06	-6
2.084871978e-06	3.278684045e-06	-6
2.0877681e-06	3.328597043e-06	-6
2.090639999e-06	3.378511447e-06	-6
2.093455868e-06	3.428429044e-06	-6
2.096244299e-06	3.478348173e-06	-6
2.099002292e-06	3.528269001e-06	-6
2.101703114e-06	3.578192953e-06	-6
2.104372319e-06	3.628118598e-06	-6
2.107007863e-06	3.678046039e-06	-6
2.109583571e-06	3.727976604e-06	-6
2.112118996e-06	3.777909221e-06	-6
2.11461401e-06	3.827843875e-06	-6
2.117059168e-06	3.877781003e-06	-6
2.11944217e-06	3.927721132e-06	-6
2.121775919e-06	3.977663579e-06	-6
2.124056428e-06	4.027608485e-06	-6
2.126279189e-06	4.077556001e-06	-6
2.128432392e-06	4.12750657e-06	-6
2.130510719e-06	4.177460305e-06	-6
2.132515841e-06	4.227417024e-06	-6
2.134440243e-06	4.277376912e-06	-6
2.136275088e-06	4.327340166e-06	-6
2.138009866e-06	4.37730699e-06	-6
2.139631917e-06	4.427277598e-06	-6
2.141125778e-06	4.477252202e-06	-6
2.142467564e-06	4.527231118e-06	-6
2.143604267e-06	4.577215099e-06	-6
2.144519068e-06	4.627203599e-06	-6
2.145099395e-06	4.677196985e-06	-6
2.145199968e-06	4.727193349e-06	-6
2.144409382e-06	4.777182476e-06	-6
2.137803741e-06	4.824091752e-06	6
2.128160993e-06	4.775261509e-06	6
2.122527266e-06	4.72558468e-06	6
2.117756919e-06	4.675816194e-06	6
2.113463482e-06	4.626004059e-06	6
2.109485205e-06	4.576165737e-06	6
2.105743687e-06	4.526309035e-06	6
2.102179544e-06	4.476439326e-06	6
2.098767016e-06	4.426558993e-06	6
2.095485839e-06	4.376669833e-06	6
2.092319785e-06	4.326773228e-06	6
2.089255651e-06	4.276870258e-06	6
2.086282537e-06	4.226961784e-06	6
2.083391323e-06	4.177048504e-06	6
2.080574289e-06	4.127130987e-06	6
2.077824822e-06	4.077209704e-06	6
2.075137203e-06	4.027285051e-06	6
2.072506436e-06	3.977357363e-06	6
2.0699395e-06	3.927426346e-06	6
2.067431184e-06	3.877492357e-06	6
2.064968929e-06	3.82755608e-06	6
2.062549523e-06	3.777617703e-06	6
2.060185395e-06	3.727676673e-06	6
2.057869269e-06	3.677733401e-06	6
2.055588701e-06	3.627788493e-06	6
2.05334948e-06	3.577841707e-06	6
2.051162257e-06	3.52789262e-06	6
2.049004934e-06	3.477942238e-06	6
2.046884307e-06	3.427990275e-06	6
2.044812481e-06	3.378036269e-06	6
2.042766082e-06	3.328081218e-06	6
2.040758982e-06	3.278124565e-06	6
2.038791815e-06	3.22816633e-06	6
2.036846498e-06	3.178207237e-06	6
2.034948851e-06	3.128246307e-06	6
2.033077734e-06	3.078284383e-06	6
2.031233545e-06	3.028321451e-06	6
2.029434132e-06	2.978356891e-06	6
2.027652143e-06	2.928391706e-06	6
2.025912775e-06	2.878425015e-06	6
2.024198956e-06	2.828457448e-06	6
2.022511105e-06	2.77848899e-06	6
2.020863722e-06	2.728519186e-06	6
2.0192307e-06	2.678548909e-06	6
2.017644446e-06	2.628577123e-06	6
2.016075463e-06	2.578604797e-06	6
2.014539413e-06	2.528631443e-06	6
2.013033342e-06	2.478657182e-06	6
2.011547178e-06	2.428682319e-06	6
2.010103086e-06	2.378706226e-06	6
2.008670813e-06	2.328729792e-06	6
2.007283687e-06	2.278752082e-06	6
2.00591224e-06	2.228773945e-06	6
2.004574369e-06	2.178794893e-06	6
2.003263306e-06	2.128815136e-06	6
2.001974581e-06	2.078834792e-06	6
2.000710187e-06	2.028853828e-06	-4.077240692
2.001541367e-06	2.064159249e-06	-6
2.002728181e-06	2.114142115e-06	-6
2.003869632e-06	2.164126039e-06	-6
2.004996241e-06	2.214110295e-06	-6
2.006088494e-06	2.264095318e-06	-6
2.007154554e-06	2.314080901e-06	-6
2.008197473e-06	2.364066978e-06	-6
2.009202467e-06	2.414053828e-06	-6
2.010195457e-06	2.464040922e-06	-6
2.0111391e-06	2.514028972e-06	-6
2.012069744e-06	2.56401726e-06	-6
2.012963338e-06	2.61400623e-06	-6
2.013830619e-06	2.663995657e-06	-6
2.014673817e-06	2.713985502e-06	-6
2.015476518e-06	2.763976009e-06	-6
2.016264483e-06	2.813966753e-06	-6
2.017005603e-06	2.863958216e-06	-6
2.017726432e-06	2.913949969e-06	-6
2.018415741e-06	2.963942173e-06	-6
2.019067593e-06	3.013934873e-06	-6
2.019701467e-06	3.063927809e-06	-6
2.020285251e-06	3.113921357e-06	-6
2.020846408e-06	3.163915156e-06	-6
2.021376315e-06	3.213909304e-06	-6
2.02186212e-06	3.263903895e-06	-6
2.02232528e-06	3.3138987e-06	-6
2.022744746e-06	3.363893896e-06	-6
2.023127239e-06	3.413889382e-06	-6
2.023483315e-06	3.463885066e-06	-6
2.023788029e-06	3.513881093e-06	-6
2.024056817e-06	3.563877318e-06	-6
2.024294458e-06	3.613873705e-06	-6
2.024479059e-06	3.66387032e-06	-6
2.024621101e-06	3.713867066e-06	-6
2.024725986e-06	3.763863903e-06	-6
2.02478379e-06	3.813860826e-06	-6
2.024782517e-06	3.863857777e-06	-6
2.024736306e-06	3.9138547e-06	-6
2.024641701e-06	3.963851557e-06	-6
2.024492917e-06	4.013848291e-06	-6
2.024271649e-06	4.063844756e-06	-6
2.023990352e-06	4.113840909e-06	-6
2.023643581e-06	4.163836646e-06	-6
2.02322507e-06	4.213831832e-06	-6
2.022727533e-06	4.263826294e-06	-6
2.022142413e-06	4.313819808e-06	-6
2.021459539e-06	4.36381208e-06	-6
2.020666668e-06	4.413802723e-06	-6
2.01974886e-06	4.46379122e-06	-6
2.018687601e-06	4.513776866e-06	-6
2.01745957e-06	4.563758691e-06	-6
2.015999844e-06	4.613734247e-06	-6
2.014263424e-06	4.663700927e-06	-6
2.012100643e-06	4.713650786e-06	-6
2.009257193e-06	4.76356597e-06	-6
2.004490783e-06	4.813322051e-06	-6
1.993369158e-06	4.795542069e-06	6
1.989622743e-06	4.745689603e-06	6
1.987068951e-06	4.695758581e-06	6
1.985077395e-06	4.645801564e-06	6
1.983449887e-06	4.595831203e-06	6
1.982074335e-06	4.545853243e-06	6
1.98091291e-06	4.495869819e-06	6
1.97990778e-06	4.445883007e-06	6
1.979037886e-06	4.395893654e-06	6
1.978286376e-06	4.345902374e-06	6
1.977639547e-06	4.295909626e-06	6
1.977086094e-06	4.245915755e-06	6
1.976616571e-06	4.195921024e-06	6
1.976222984e-06	4.145925634e-06	6
1.975898493e-06	4.095929742e-06	6
1.975637189e-06	4.04593347e-06	6
1.975451023e-06	3.99593686e-06	6
1.975320628e-06	3.945940084e-06	6
1.975240914e-06	3.895943204e-06	6
1.97520818e-06	3.845946265e-06	6
1.975232533e-06	3.795949315e-06	6
1.975308822e-06	3.745952425e-06	6
1.975423813e-06	3.695955611e-06	6
1.975576912e-06	3.645958889e-06	6
1.975789733e-06	3.595962387e-06	6
1.9760349e-06	3.545966042e-06	6
1.976310482e-06	3.495969846e-06	6
1.976643889e-06	3.445974002e-06	6
1.977005472e-06	3.395978362e-06	6
1.977396248e-06	3.345982933e-06	6
1.977839905e-06	3.295987947e-06	6
1.978306966e-06	3.24599318e-06	6
1.97880919e-06	3.195998747e-06	6
1.979352736e-06	3.146004751e-06	6
1.979916503e-06	3.096010977e-06	6
1.980526516e-06	3.046017743e-06	6
1.981162277e-06	2.996024837e-06	6
1.981825048e-06	2.946032274e-06	6
1.982530578e-06	2.8960403e-06	6
1.983252396e-06	2.846048558e-06	6
1.984018815e-06	2.796057477e-06	6
1.984807269e-06	2.746066745e-06	6
1.985624723e-06	2.696076472e-06	6
1.986478291e-06	2.646086809e-06	6
1.987346341e-06	2.596097389e-06	6
1.988263723e-06	2.546108851e-06	6
1.989193925e-06	2.496120553e-06	6
1.990162091e-06	2.446132972e-06	6
1.991154377e-06	2.396145871e-06	6
1.992172176e-06	2.346159276e-06	6
1.993225779e-06	2.296173427e-06	6
1.994292999e-06	2.246187863e-06	6
1.995407332e-06	2.196203328e-06	6
1.996532832e-06	2.146219046e-06	6
1.997698463e-06	2.09623568e-06	6
1.998876598e-06	2.046252609e-06	0.4962318446
1.998796205e-06	2.048147498e-06	-6
1.997532412e-06	2.098128479e-06	-6
1.996232172e-06	2.14810852e-06	-6
1.994919269e-06	2.198088234e-06	-6
1.993558772e-06	2.248066675e-06	-6
1.992186968e-06	2.298044804e-06	-6
1.990775544e-06	2.348021834e-06	-6
1.989342742e-06	2.397998249e-06	-6
1.987881808e-06	2.447973856e-06	-6
1.986387334e-06	2.497948465e-06	-6
1.984876654e-06	2.547922593e-06	-6
1.98331965e-06	2.597895297e-06	-6
1.981749448e-06	2.647867586e-06	-6
1.980138349e-06	2.697838577e-06	-6
1.978503718e-06	2.747808797e-06	-6
1.976841833e-06	2.797778125e-06	-6
1.975141365e-06	2.84774615e-06	-6
1.973425214e-06	2.897713642e-06	-6
1.971660285e-06	2.947679437e-06	-6
1.969875382e-06	2.997644515e-06	-6
1.968058057e-06	3.047608432e-06	-6
1.966202325e-06	3.09757093e-06	-6
1.964327239e-06	3.14753271e-06	-6
1.962402988e-06	3.197492622e-06	-6
1.960452868e-06	3.247451524e-06	-6
1.958473909e-06	3.297409299e-06	-6
1.9564458e-06	3.3473651e-06	-6
1.954393088e-06	3.397319893e-06	-6
1.952301723e-06	3.447273088e-06	-6
1.950165062e-06	3.497224362e-06	-6
1.947999539e-06	3.547174391e-06	-6
1.945790973e-06	3.597122542e-06	-6
1.943534053e-06	3.647068526e-06	-6
1.941242899e-06	3.697012948e-06	-6
1.938911164e-06	3.746955501e-06	-6
1.936519212e-06	3.796895204e-06	-6
1.934086142e-06	3.846832912e-06	-6
1.931608932e-06	3.896768453e-06	-6
1.929077871e-06	3.946701301e-06	-6
1.926481831e-06	3.996630809e-06	-6
1.923831556e-06	4.046557459e-06	-6
1.921122412e-06	4.096480947e-06	-6
1.918349114e-06	4.146400915e-06	-6
1.915505588e-06	4.196316938e-06	-6
1.912583618e-06	4.246228436e-06	-6
1.909571726e-06	4.296134588e-06	-6
1.906468365e-06	4.346035131e-06	-6
1.903262713e-06	4.395929204e-06	-6
1.899936944e-06	4.445815412e-06	-6
1.896466757e-06	4.495691768e-06	-6
1.892834556e-06	4.545556563e-06	-6
1.889011486e-06	4.595407071e-06	-6
1.884918334e-06	4.645236061e-06	-6
1.880480574e-06	4.695035504e-06	-6
1.875447352e-06	4.744777967e-06	-6
1.869199938e-06	4.794379768e-06	-6
1.857273012e-06	4.807825934e-06	6
1.85513366e-06	4.75788508e-06	6
1.854750614e-06	4.707890496e-06	6
1.855077852e-06	4.65789486e-06	6
1.855802679e-06	4.607903322e-06	6
1.856813409e-06	4.557916659e-06	6
1.858028837e-06	4.507934524e-06	6
1.859430952e-06	4.457957259e-06	6
1.860977664e-06	4.407984257e-06	6
1.862645495e-06	4.35801515e-06	6
1.864420311e-06	4.308049727e-06	6
1.866290463e-06	4.258087777e-06	6
1.86824622e-06	4.208129099e-06	6
1.870279357e-06	4.158173503e-06	6
1.872391663e-06	4.108221188e-06	6
1.874574734e-06	4.058271923e-06	6
1.876818457e-06	4.008325351e-06	6
1.879117977e-06	3.958381317e-06	6
1.881469014e-06	3.908439675e-06	6
1.883879614e-06	3.858500867e-06	6
1.886345842e-06	3.808564781e-06	6
1.88885417e-06	3.758630796e-06	6
1.891401777e-06	3.708698792e-06	6
1.894008402e-06	3.658769832e-06	6
1.896654252e-06	3.608842943e-06	6
1.899332903e-06	3.5589178e-06	6
1.902061003e-06	3.50899533e-06	6
1.904829011e-06	3.459075063e-06	6
1.907624745e-06	3.409156339e-06	6
1.910468652e-06	3.359240332e-06	6
1.913346682e-06	3.309326288e-06	6
1.916248401e-06	3.259413609e-06	6
1.919203558e-06	3.209504064e-06	6
1.922181916e-06	3.159595906e-06	6
1.925191274e-06	3.1096896e-06	6
1.928243464e-06	3.0597859e-06	6
1.931314359e-06	3.009883347e-06	6
1.934429759e-06	2.959983549e-06	6
1.937570495e-06	2.910085345e-06	6
1.940737903e-06	2.860188821e-06	6
1.943946512e-06	2.810294934e-06	6
1.94717035e-06	2.760402026e-06	6
1.950440122e-06	2.710512106e-06	6
1.95372908e-06	2.660623452e-06	6
1.957049342e-06	2.610736866e-06	6
1.9604021e-06	2.56085246e-06	6
1.963772472e-06	2.510969234e-06	6
1.967187915e-06	2.461089077e-06	6
1.970615602e-06	2.41120976e-06	6
1.974085287e-06	2.361333344e-06	6
1.977574221e-06	2.311458276e-06	6
1.981093216e-06	2.261585315e-06	6
1.984642793e-06	2.211714527e-06	6
1.988210935e-06	2.161845058e-06	6
1.991820725e-06	2.111978589e-06	6
1.995440076e-06	2.062112811e-06	4.977206865
1.997522066e-06	2.033445626e-06	-6
1.993806962e-06	2.083304362e-06	-6
1.990070512e-06	2.133161497e-06	-6
1.986306419e-06	2.183016559e-06	-6
1.982509884e-06	2.232869156e-06	-6
1.978696721e-06	2.282720489e-06	-6
1.974839745e-06	2.332568448e-06	-6
1.970971183e-06	2.38241551e-06	-6
1.967059434e-06	2.432259204e-06	-6
1.963129428e-06	2.482101456e-06	-6
1.959168064e-06	2.531941231e-06	-6
1.955175778e-06	2.581778533e-06	-6
1.951164512e-06	2.631614316e-06	-6
1.947108917e-06	2.681446509e-06	-6
1.943039432e-06	2.731277569e-06	-6
1.938927273e-06	2.781105129e-06	-6
1.93479227e-06	2.830930792e-06	-6
1.930628998e-06	2.880754108e-06	-6
1.926426868e-06	2.930574156e-06	-6
1.922208001e-06	2.980392793e-06	-6
1.917940842e-06	3.030207318e-06	-6
1.913651549e-06	3.080019936e-06	-6
1.909331464e-06	3.129829899e-06	-6
1.90496941e-06	3.1796362e-06	-6
1.900586484e-06	3.229440669e-06	-6
1.896158168e-06	3.279241127e-06	-6
1.891697768e-06	3.329038714e-06	-6
1.887213155e-06	3.378834133e-06	-6
1.882672776e-06	3.428624499e-06	-6
1.878104823e-06	3.478412334e-06	-6
1.87350669e-06	3.5281974e-06	-6
1.868851277e-06	3.577977141e-06	-6
1.864164271e-06	3.627753909e-06	-6
1.85944363e-06	3.677527506e-06	-6
1.854663646e-06	3.727295441e-06	-6
1.849843081e-06	3.777059452e-06	-6
1.844982145e-06	3.826819537e-06	-6
1.840071964e-06	3.876574795e-06	-6
1.835099259e-06	3.92632384e-06	-6
1.830077367e-06	3.976067935e-06	-6
1.825002303e-06	4.025806633e-06	-6
1.81986957e-06	4.075539419e-06	-6
1.814668341e-06	4.125265094e-06	-6
1.809391541e-06	4.174982803e-06	-6
1.804041659e-06	4.224692692e-06	-6
1.798611197e-06	4.274393838e-06	-6
1.793091339e-06	4.324085131e-06	-6
1.787471598e-06	4.373765223e-06	-6
1.781739344e-06	4.423432455e-06	-6
1.775879154e-06	4.473084755e-06	-6
1.769864226e-06	4.522718543e-06	-6
1.763647196e-06	4.5723274e-06	-6
1.757208697e-06	4.621907968e-06	-6
1.750430443e-06	4.671443118e-06	-6
1.743168977e-06	4.720909423e-06	-6
1.735005135e-06	4.770233656e-06	-6
1.721160363e-06	4.811967777e-06	6
1.719590809e-06	4.762073088e-06	6
1.721366e-06	4.712109152e-06	6
1.723972861e-06	4.66218059e-06	6
1.727045871e-06	4.612278294e-06	6
1.730436308e-06	4.562396529e-06	6
1.734057719e-06	4.51253096e-06	6
1.737855567e-06	4.462678502e-06	6
1.741804218e-06	4.412837743e-06	6
1.745883506e-06	4.363007491e-06	6
1.750077284e-06	4.313186737e-06	6
1.754372415e-06	4.263374617e-06	6
1.758758056e-06	4.213570386e-06	6
1.763225135e-06	4.163773399e-06	6
1.767765971e-06	4.113983088e-06	6
1.772373988e-06	4.064198951e-06	6
1.777043496e-06	4.014420543e-06	6
1.781769527e-06	3.964647462e-06	6
1.786558442e-06	3.914880386e-06	6
1.79140632e-06	3.865119025e-06	6
1.79629998e-06	3.81536215e-06	6
1.801236226e-06	3.765609477e-06	6
1.806227057e-06	3.715862244e-06	6
1.811266045e-06	3.666119873e-06	6
1.816340365e-06	3.616381095e-06	6
1.821455513e-06	3.566646491e-06	6
1.826622671e-06	3.516917268e-06	6
1.831819532e-06	3.467191144e-06	6
1.837052683e-06	3.417468817e-06	6
1.842334561e-06	3.367751648e-06	6
1.847641693e-06	3.31803717e-06	6
1.852987777e-06	3.26832686e-06	6
1.858373681e-06	3.218620854e-06	6
1.863781283e-06	3.168917201e-06	6
1.869236222e-06	3.119218718e-06	6
1.87471758e-06	3.069523149e-06	6
1.880225673e-06	3.019830528e-06	6
1.885778297e-06	2.970142868e-06	6
1.89134822e-06	2.920457144e-06	6
1.896960521e-06	2.870776185e-06	6
1.902598185e-06	2.821098105e-06	6
1.908261693e-06	2.771422958e-06	6
1.913965369e-06	2.72175241e-06	6
1.919683301e-06	2.6720835e-06	6
1.925447772e-06	2.622419967e-06	6
1.931229325e-06	2.572758426e-06	6
1.93704368e-06	2.523100709e-06	6
1.942887725e-06	2.473446484e-06	6
1.948751641e-06	2.423794594e-06	6
1.954657246e-06	2.37414765e-06	6
1.960574583e-06	2.324502101e-06	6
1.966536871e-06	2.274861929e-06	6
1.972514615e-06	2.22522362e-06	6
1.978525819e-06	2.175589348e-06	6
1.984563523e-06	2.125958298e-06	6
1.990623529e-06	2.07632996e-06	6
1.996705364e-06	2.026704294e-06	-5.048529014
1.991356765e-06	2.069765595e-06	-6
1.985191642e-06	2.119380981e-06	-6
1.97898543e-06	2.168991247e-06	-6
1.972760539e-06	2.218599167e-06	-6
1.966505497e-06	2.268203301e-06	-6
1.960220498e-06	2.317803641e-06	-6
1.953916499e-06	2.367401577e-06	-6
1.947570881e-06	2.416994201e-06	-6
1.941213324e-06	2.466585298e-06	-6
1.934810823e-06	2.516170614e-06	-6
1.928391377e-06	2.565753733e-06	-6
1.921939227e-06	2.615332613e-06	-6
1.915456885e-06	2.664907549e-06	-6
1.908954747e-06	2.714479898e-06	-6
1.902408305e-06	2.764046413e-06	-6
1.895847193e-06	2.813610987e-06	-6
1.889243823e-06	2.863169953e-06	-6
1.882616074e-06	2.912725658e-06	-6
1.875961332e-06	2.962277752e-06	-6
1.869265124e-06	3.011824255e-06	-6
1.862551011e-06	3.061368335e-06	-6
1.855791657e-06	3.110906268e-06	-6
1.849005373e-06	3.16044051e-06	-6
1.842192619e-06	3.209971127e-06	-6
1.835331553e-06	3.259495071e-06	-6
1.828447934e-06	3.309015882e-06	-6
1.821525736e-06	3.358531322e-06	-6
1.814562063e-06	3.40804094e-06	-6
1.807572078e-06	3.45754685e-06	-6
1.800536193e-06	3.507046263e-06	-6
1.793459584e-06	3.556539863e-06	-6
1.786351953e-06	3.606029019e-06	-6
1.779197099e-06	3.655511376e-06	-6
1.771994599e-06	3.704986813e-06	-6
1.764755092e-06	3.754456847e-06	-6
1.757474683e-06	3.803920887e-06	-6
1.750129833e-06	3.853375398e-06	-6
1.742740231e-06	3.902823232e-06	-6
1.735302425e-06	3.952263837e-06	-6
1.727812548e-06	4.00169659e-06	-6
1.720254016e-06	4.051118894e-06	-6
1.712630733e-06	4.100531244e-06	-6
1.704942232e-06	4.149933481e-06	-6
1.69718226e-06	4.199324539e-06	-6
1.689343543e-06	4.248703159e-06	-6
1.681417538e-06	4.298067841e-06	-6
1.673394086e-06	4.347416776e-06	-6
1.665260963e-06	4.396747749e-06	-6
1.657003247e-06	4.446058011e-06	-6
1.648602448e-06	4.495344093e-06	-6
1.640033212e-06	4.54460117e-06	-6
1.631217779e-06	4.593814751e-06	-6
1.622137826e-06	4.642980166e-06	-6
1.612607505e-06	4.692060172e-06	-6
1.602323961e-06	4.740986917e-06	-6
1.589758689e-06	4.789352703e-06	-6
1.58354042e-06	4.758192862e-06	6
1.58739947e-06	4.708347215e-06	6
1.592287685e-06	4.658590336e-06	6
1.597707583e-06	4.608888258e-06	6
1.603455523e-06	4.559222903e-06	6
1.6094664e-06	4.509588654e-06	6
1.615669291e-06	4.459978019e-06	6
1.622025486e-06	4.410386787e-06	6
1.628514355e-06	4.36081273e-06	6
1.635119387e-06	4.31125401e-06	6
1.641827159e-06	4.261709088e-06	6
1.648626594e-06	4.21217666e-06	6
1.655508435e-06	4.162655615e-06	6
1.662464848e-06	4.113144988e-06	6
1.669489129e-06	4.06364394e-06	6
1.676575485e-06	4.014151733e-06	6
1.683729085e-06	3.964669194e-06	6
1.690944512e-06	3.91519564e-06	6
1.698209719e-06	3.865729378e-06	6
1.70552108e-06	3.816269912e-06	6
1.712882785e-06	3.766817906e-06	6
1.720301643e-06	3.717374446e-06	6
1.727758518e-06	3.667936712e-06	6
1.735250966e-06	3.618504348e-06	6
1.742800784e-06	3.569080711e-06	6
1.750385888e-06	3.519662487e-06	6
1.758000875e-06	3.470248852e-06	6
1.765667929e-06	3.420843267e-06	6
1.773367712e-06	3.37144278e-06	6
1.781092883e-06	3.322046249e-06	6
1.788872127e-06	3.272658204e-06	6
1.796675818e-06	3.223274024e-06	6
1.80450958e-06	3.173894598e-06	6
1.812388677e-06	3.124522388e-06	6
1.82028764e-06	3.075153355e-06	6
1.82822781e-06	3.025790927e-06	6
1.83619775e-06	2.976433304e-06	6
1.844189993e-06	2.92707928e-06	6
1.852228713e-06	2.877732808e-06	6
1.860283438e-06	2.828388947e-06	6
1.868377963e-06	2.779051596e-06	6
1.876498378e-06	2.729718506e-06	6
1.884643255e-06	2.680389442e-06	6
1.892827858e-06	2.631066957e-06	6
1.901025826e-06	2.58174669e-06	6
1.909270152e-06	2.532434149e-06	6
1.917530261e-06	2.483124255e-06	6
1.925823799e-06	2.433819967e-06	6
1.934145104e-06	2.384520364e-06	6
1.942487589e-06	2.335224334e-06	6
1.950869331e-06	2.285934968e-06	6
1.959262363e-06	2.23664752e-06	6
1.967702144e-06	2.187368055e-06	6
1.976154737e-06	2.138090791e-06	6
1.984642969e-06	2.088819648e-06	6
1.993144474e-06	2.039550796e-06	-1.278283626
1.989977888e-06	2.057588058e-06	-6
1.981392907e-06	2.106842435e-06	-6
1.972764064e-06	2.156089145e-06	-6
1.964124302e-06	2.20533394e-06	-6
1.955442456e-06	2.254571336e-06	-6
1.946743059e-06	2.303805628e-06	-6
1.938012618e-06	2.35303443e-06	-6
1.929253093e-06	2.40225806e-06	-6
1.920473881e-06	2.451478188e-06	-6
1.911653563e-06	2.500690964e-06	-6
1.902820881e-06	2.549901523e-06	-6
1.893943397e-06	2.599104021e-06	-6
1.885048373e-06	2.648303346e-06	-6
1.876121278e-06	2.697496868e-06	-6
1.867162735e-06	2.746684666e-06	-6
1.858185637e-06	2.795869087e-06	-6
1.849162185e-06	2.845045024e-06	-6
1.840123187e-06	2.894218102e-06	-6
1.831044654e-06	2.943383901e-06	-6
1.821937865e-06	2.992544468e-06	-6
1.812807765e-06	3.041700717e-06	-6
1.803631133e-06	3.090848299e-06	-6
1.794435306e-06	3.139992289e-06	-6
1.785199989e-06	3.18912888e-06	-6
1.775930164e-06	3.238258965e-06	-6
1.766638188e-06	3.28738487e-06	-6
1.757294288e-06	3.336500928e-06	-6
1.747923142e-06	3.385611786e-06	-6
1.738523435e-06	3.434717195e-06	-6
1.729069489e-06	3.483812187e-06	-6
1.719586898e-06	3.532901649e-06	-6
1.710071939e-06	3.581984855e-06	-6
1.700499189e-06	3.631056822e-06	-6
1.690892459e-06	3.680122139e-06	-6
1.681249458e-06	3.729180346e-06	-6
1.671550232e-06	3.778227473e-06	-6
1.661803237e-06	3.82726512e-06	-6
1.652012407e-06	3.876294031e-06	-6
1.64217439e-06	3.925313502e-06	-6
1.632272353e-06	3.974320086e-06	-6
1.622310386e-06	4.023314514e-06	-6
1.612289932e-06	4.072297008e-06	-6
1.602205716e-06	4.121266412e-06	-6
1.592051671e-06	4.170221386e-06	-6
1.581820747e-06	4.219160354e-06	-6
1.571504665e-06	4.268081445e-06	-6
1.561093594e-06	4.316982408e-06	-6
1.550575701e-06	4.365860501e-06	-6
1.539936557e-06	4.414712335e-06	-6
1.529158288e-06	4.463533645e-06	-6
1.518218383e-06	4.512318978e-06	-6
1.507078479e-06	4.561059011e-06	-6
1.495648887e-06	4.60973189e-06	-6
1.483844217e-06	4.658314941e-06	-6
1.471405388e-06	4.70673893e-06	-6
1.457451138e-06	4.754741571e-06	-6
1.447567343e-06	4.746224916e-06	6
1.453380054e-06	4.696571492e-06	6
1.460535606e-06	4.64708988e-06	6
1.468271137e-06	4.597695166e-06	6
1.476403341e-06	4.548364104e-06	6
1.484774183e-06	4.499072949e-06	6
1.493362248e-06	4.449819151e-06	6
1.502114617e-06	4.400594276e-06	6
1.511001053e-06	4.351393427e-06	6
1.520004775e-06	4.302213902e-06	6
1.529112145e-06	4.253053461e-06	6
1.538311917e-06	4.203910226e-06	6
1.547594695e-06	4.154782598e-06	6
1.556952533e-06	4.105669206e-06	6
1.566378637e-06	4.056568863e-06	6
1.575877618e-06	4.007482562e-06	6
1.585440684e-06	3.958408713e-06	6
1.595057894e-06	3.909345451e-06	6
1.604725115e-06	3.860292017e-06	6
1.614438749e-06	3.811247743e-06	6
1.624218514e-06	3.762216612e-06	6
1.634039148e-06	3.713193661e-06	6
1.64389793e-06	3.664178364e-06	6
1.653803876e-06	3.61517257e-06	6
1.663758675e-06	3.566176683e-06	6
1.673745332e-06	3.517187281e-06	6
1.683770414e-06	3.46820572e-06	6
1.693844417e-06	3.419234202e-06	6
1.703945354e-06	3.370268235e-06	6
1.714083983e-06	3.321310051e-06	6
1.724265375e-06	3.272360747e-06	6
1.734469786e-06	3.223416237e-06	6
1.744717464e-06	3.174480762e-06	6
1.754996809e-06	3.125551937e-06	6
1.765297607e-06	3.076627616e-06	6
1.775649141e-06	3.027714006e-06	6
1.786018858e-06	2.978804253e-06	6
1.796423561e-06	2.929901924e-06	6
1.806861574e-06	2.881006701e-06	6
1.817317228e-06	2.83211524e-06	6
1.827821613e-06	2.783234228e-06	6
1.838340813e-06	2.734356406e-06	6
1.84889673e-06	2.685486494e-06	6
1.859479619e-06	2.636622424e-06	6
1.87008498e-06	2.587763219e-06	6
1.880730267e-06	2.538912701e-06	6
1.891388116e-06	2.49006492e-06	6
1.902091291e-06	2.441227049e-06	6
1.912809818e-06	2.392392551e-06	6
1.923561473e-06	2.34356533e-06	6
1.934339911e-06	2.29474402e-06	6
1.94513983e-06	2.245927452e-06	6
1.955977589e-06	2.197119275e-06	6
1.966826264e-06	2.148313519e-06	6
1.977722267e-06	2.099518307e-06	6
1.988624396e-06	2.050724465e-06	2.332186882
1.989462938e-06	2.046827375e-06	-6
1.978471125e-06	2.095601094e-06	-6
1.967446567e-06	2.144367416e-06	-6
1.956406834e-06	2.193130311e-06	-6
1.945323483e-06	2.241883308e-06	-6
1.934229103e-06	2.290633795e-06	-6
1.923093258e-06	2.339374831e-06	-6
1.911939381e-06	2.388111737e-06	-6
1.900755249e-06	2.436841716e-06	-6
1.889541228e-06	2.485564818e-06	-6
1.878308586e-06	2.534283638e-06	-6
1.867033598e-06	2.582992671e-06	-6
1.855745744e-06	2.631698725e-06	-6
1.844415205e-06	2.680394869e-06	-6
1.83306455e-06	2.729086322e-06	-6
1.821684512e-06	2.777770923e-06	-6
1.810269698e-06	2.826447375e-06	-6
1.798839602e-06	2.875120248e-06	-6
1.787359158e-06	2.923781269e-06	-6
1.775862082e-06	2.972438357e-06	-6
1.764330596e-06	3.021087308e-06	-6
1.752764531e-06	3.069728043e-06	-6
1.741179623e-06	3.118364299e-06	-6
1.729543999e-06	3.166988448e-06	-6
1.717886029e-06	3.215607237e-06	-6
1.706197139e-06	3.264218608e-06	-6
1.69446325e-06	3.312819133e-06	-6
1.682705422e-06	3.36141387e-06	-6
1.670907114e-06	3.409998801e-06	-6
1.659067593e-06	3.458573698e-06	-6
1.647200001e-06	3.507141746e-06	-6
1.635287648e-06	3.55569884e-06	-6
1.623331148e-06	3.604245076e-06	-6
1.611341367e-06	3.652783101e-06	-6
1.599309204e-06	3.701310647e-06	-6
1.587221412e-06	3.749824361e-06	-6
1.575093663e-06	3.798328095e-06	-6
1.562923028e-06	3.84682109e-06	-6
1.550697061e-06	3.895300171e-06	-6
1.538410952e-06	3.943764039e-06	-6
1.526072175e-06	3.992214518e-06	-6
1.51367624e-06	4.040650403e-06	-6
1.501218029e-06	4.089070311e-06	-6
1.488691659e-06	4.137472638e-06	-6
1.476085902e-06	4.185854355e-06	-6
1.463396102e-06	4.234214092e-06	-6
1.450617582e-06	4.282550456e-06	-6
1.437739871e-06	4.330860487e-06	-6
1.424749386e-06	4.379140316e-06	-6
1.4116154e-06	4.427381293e-06	-6
1.398324471e-06	4.475579239e-06	-6
1.384848709e-06	4.523725814e-06	-6
1.371116271e-06	4.571799738e-06	-6
1.357050659e-06	4.619777221e-06	-6
1.342413392e-06	4.667583084e-06	-6
1.326615588e-06	4.715015338e-06	-6
1.312213793e-06	4.726186528e-06	6
1.319853656e-06	4.676787081e-06	6
1.329229799e-06	4.627678118e-06	6
1.339301376e-06	4.578706375e-06	6
1.349761984e-06	4.529816141e-06	6
1.36050618e-06	4.480987355e-06	6
1.371449774e-06	4.432202844e-06	6
1.382571385e-06	4.383458586e-06	6
1.39383765e-06	4.334747553e-06	6
1.405221766e-06	4.286063928e-06	6
1.416709956e-06	4.237404754e-06	6
1.428290863e-06	4.18876756e-06	6
1.439955006e-06	4.140150254e-06	6
1.451694369e-06	4.091551048e-06	6
1.463513777e-06	4.042971245e-06	6
1.475398781e-06	3.994407458e-06	6
1.487342709e-06	3.945858134e-06	6
1.499340836e-06	3.897322175e-06	6
1.511388995e-06	3.848798604e-06	6
1.523497939e-06	3.80029016e-06	6
1.535657894e-06	3.751794488e-06	6
1.547858716e-06	3.703309082e-06	6
1.56009766e-06	3.654833277e-06	6
1.572396748e-06	3.606372694e-06	6
1.584730983e-06	3.557921055e-06	6
1.597097039e-06	3.509477523e-06	6
1.609513905e-06	3.461046985e-06	6
1.621966599e-06	3.412625654e-06	6
1.634446179e-06	3.364211242e-06	6
1.646975288e-06	3.31580962e-06	6
1.65953463e-06	3.267415842e-06	6
1.672118132e-06	3.219028332e-06	6
1.684753832e-06	3.170654428e-06	6
1.697410387e-06	3.122285983e-06	6
1.710099787e-06	3.073926137e-06	6
1.722827859e-06	3.02557646e-06	6
1.73557405e-06	2.977231554e-06	6
1.74836614e-06	2.928898769e-06	6
1.76117996e-06	2.880571748e-06	6
1.7740224e-06	2.832252319e-06	6
1.786901928e-06	2.783942766e-06	6
1.799796199e-06	2.735637143e-06	6
1.812737717e-06	2.687344154e-06	6
1.825695013e-06	2.639055403e-06	6
1.838685387e-06	2.590775534e-06	6
1.851704415e-06	2.54250339e-06	6
1.864743271e-06	2.494236591e-06	6
1.87782294e-06	2.44598084e-06	6
1.890914454e-06	2.3977283e-06	6
1.904049369e-06	2.349487554e-06	6
1.917200117e-06	2.301251127e-06	6
1.930382715e-06	2.253023389e-06	6
1.943592101e-06	2.204802987e-06	6
1.956822216e-06	2.156588263e-06	6
1.970089811e-06	2.108383843e-06	6
1.983367683e-06	2.060182249e-06	5.765134364
1.989602716e-06	2.037518813e-06	-6
1.976230561e-06	2.085694337e-06	-6
1.962835301e-06	2.133863434e-06	-6
1.949415814e-06	2.182025795e-06	-6
1.935962498e-06	2.230178712e-06	-6
1.922495608e-06	2.278327839e-06	-6
1.908983899e-06	2.326464407e-06	-6
1.895460981e-06	2.374597825e-06	-6
1.881898881e-06	2.422720221e-06	-6
1.868316606e-06	2.470836921e-06	-6
1.8547066e-06	2.518945791e-06	-6
1.841064168e-06	2.567045469e-06	-6
1.827405987e-06	2.615140684e-06	-6
1.813702412e-06	2.663222983e-06	-6
1.799985389e-06	2.711301444e-06	-6
1.786229835e-06	2.7593689e-06	-6
1.772449542e-06	2.807429263e-06	-6
1.758644672e-06	2.855482579e-06	-6
1.744799562e-06	2.903524312e-06	-6
1.730938246e-06	2.951561372e-06	-6
1.717033163e-06	2.999585785e-06	-6
1.703103853e-06	3.04760317e-06	-6
1.689147731e-06	3.095612776e-06	-6
1.675148183e-06	3.143609733e-06	-6
1.661128427e-06	3.191600789e-06	-6
1.647067956e-06	3.239579938e-06	-6
1.632973424e-06	3.287549085e-06	-6
1.618855447e-06	3.335511342e-06	-6
1.604686971e-06	3.383458708e-06	-6
1.59048857e-06	3.431397211e-06	-6
1.576262692e-06	3.479327576e-06	-6
1.561981654e-06	3.527241536e-06	-6
1.54766829e-06	3.57514584e-06	-6
1.533322369e-06	3.623040409e-06	-6
1.518923091e-06	3.670918968e-06	-6
1.504480772e-06	3.718784552e-06	-6
1.489999389e-06	3.766638331e-06	-6
1.475474764e-06	3.814479013e-06	-6
1.460885575e-06	3.862300045e-06	-6
1.446248804e-06	3.910106523e-06	-6
1.431560592e-06	3.95789722e-06	-6
1.41681658e-06	4.005670735e-06	-6
1.402011805e-06	4.053425465e-06	-6
1.387128973e-06	4.101155926e-06	-6
1.372175352e-06	4.148864247e-06	-6
1.357143789e-06	4.196548062e-06	-6
1.342025751e-06	4.244204526e-06	-6
1.326811088e-06	4.291830226e-06	-6
1.311487574e-06	4.339421013e-06	-6
1.296040281e-06	4.386971771e-06	-6
1.280431646e-06	4.434469797e-06	-6
1.264637797e-06	4.481906529e-06	-6
1.24862945e-06	4.529271289e-06	-6
1.232271612e-06	4.576516404e-06	-6
1.215432673e-06	4.623591795e-06	-6
1.197622084e-06	4.670305907e-06	-6
1.178108742e-06	4.69814177e-06	6
1.187299273e-06	4.649023301e-06	6
1.198916336e-06	4.600395893e-06	6
1.211275059e-06	4.551950901e-06	6
1.224050924e-06	4.503613951e-06	6
1.237144164e-06	4.455361953e-06	6
1.250441508e-06	4.407165789e-06	6
1.263907322e-06	4.359016399e-06	6
1.277517137e-06	4.310907491e-06	6
1.291257438e-06	4.26283568e-06	6
1.305101942e-06	4.214793774e-06	6
1.319039056e-06	4.16677865e-06	6
1.333063542e-06	4.11878897e-06	6
1.347168534e-06	4.070822894e-06	6
1.361343999e-06	4.022877605e-06	6
1.375583659e-06	3.974951346e-06	6
1.389882084e-06	3.927042587e-06	6
1.404234531e-06	3.879149978e-06	6
1.418642637e-06	3.831274075e-06	6
1.433111892e-06	3.783416621e-06	6
1.447624888e-06	3.735572422e-06	6
1.462178578e-06	3.687740581e-06	6
1.476780636e-06	3.639923477e-06	6
1.491432799e-06	3.592121708e-06	6
1.506118715e-06	3.544330301e-06	6
1.520840131e-06	3.496549808e-06	6
1.535615013e-06	3.448785823e-06	6
1.550418263e-06	3.401030629e-06	6
1.565252935e-06	3.353285178e-06	6
1.580137641e-06	3.305555304e-06	6
1.595046465e-06	3.257832964e-06	6
1.609989488e-06	3.210121312e-06	6
1.624973772e-06	3.162422609e-06	6
1.639978779e-06	3.114730419e-06	6
1.6550262e-06	3.067051591e-06	6
1.670101852e-06	3.019381688e-06	6
1.68520024e-06	2.971718975e-06	6
1.700344142e-06	2.924070705e-06	6
1.715504562e-06	2.876427691e-06	6
1.73070284e-06	2.828796736e-06	6
1.745928127e-06	2.781174413e-06	6
1.761175478e-06	2.733559144e-06	6
1.776463968e-06	2.685957071e-06	6
1.791766071e-06	2.638359372e-06	6
1.807110154e-06	2.590775187e-06	6
1.822473164e-06	2.543197115e-06	6
1.837865025e-06	2.495628363e-06	6
1.853287854e-06	2.448069648e-06	6
1.868727178e-06	2.400516279e-06	6
1.884208926e-06	2.352976708e-06	6
1.899701884e-06	2.305440789e-06	6
1.915235392e-06	2.257918103e-06	6
1.930786159e-06	2.210401067e-06	6
1.946366488e-06	2.16289371e-06	6
1.961974631e-06	2.115395491e-06	6
1.977601663e-06	2.067903476e-06	6
1.990187877e-06	2.029677301e-06	-6
1.974467604e-06	2.077138534e-06	-6
1.958732375e-06	2.124594804e-06	-6
1.942965473e-06	2.172040567e-06	-6
1.927173062e-06	2.219477838e-06	-6
1.911359462e-06	2.266908057e-06	-6
1.895509546e-06	2.314326148e-06	-6
1.879648613e-06	2.361740559e-06	-6
1.863741227e-06	2.409139406e-06	-6
1.84782186e-06	2.456534225e-06	-6
1.831867288e-06	2.503917209e-06	-6
1.815888708e-06	2.551292097e-06	-6
1.799886688e-06	2.598659078e-06	-6
1.783847936e-06	2.64601363e-06	-6
1.767795999e-06	2.693363718e-06	-6
1.751698078e-06	2.740698193e-06	-6
1.735583896e-06	2.788027128e-06	-6
1.719437408e-06	2.835345059e-06	-6
1.703259472e-06	2.88265224e-06	-6
1.687063924e-06	2.9299534e-06	-6
1.670820494e-06	2.977238139e-06	-6
1.654559831e-06	3.024516948e-06	-6
1.638264404e-06	3.071783793e-06	-6
1.621934693e-06	3.119038798e-06	-6
1.605585207e-06	3.16628697e-06	-6
1.589187039e-06	3.21351827e-06	-6
1.572764071e-06	3.260740944e-06	-6
1.556313238e-06	3.307953926e-06	-6
1.539813678e-06	3.355149899e-06	-6
1.523288781e-06	3.402337e-06	-6
1.506729502e-06	3.449512056e-06	-6
1.490121724e-06	3.496670055e-06	-6
1.473484068e-06	3.543817517e-06	-6
1.456811347e-06	3.590952599e-06	-6
1.440082917e-06	3.638067936e-06	-6
1.423318846e-06	3.685170595e-06	-6
1.40651663e-06	3.732259666e-06	-6
1.389661573e-06	3.779329854e-06	-6
1.372753601e-06	3.826381053e-06	-6
1.355799188e-06	3.873415532e-06	-6
1.338794591e-06	3.920431893e-06	-6
1.32173558e-06	3.967428549e-06	-6
1.304604944e-06	4.014399145e-06	-6
1.287409801e-06	4.061346155e-06	-6
1.270145762e-06	4.108267866e-06	-6
1.252805788e-06	4.155161564e-06	-6
1.235381606e-06	4.202024034e-06	-6
1.217863382e-06	4.248851426e-06	-6
1.200239272e-06	4.295639066e-06	-6
1.182494823e-06	4.342381197e-06	-6
1.164612119e-06	4.389070613e-06	-6
1.146536415e-06	4.435685623e-06	-6
1.128249566e-06	4.482218171e-06	-6
1.109659737e-06	4.528630376e-06	-6
1.090624592e-06	4.574861444e-06	-6
1.070763804e-06	4.620742616e-06	-6
1.046639677e-06	4.662171532e-06	6
1.056280026e-06	4.613359252e-06	6
1.070069931e-06	4.565303433e-06	6
1.084704525e-06	4.517496616e-06	6
1.099804098e-06	4.469834413e-06	6
1.115194436e-06	4.422265279e-06	6
1.130818351e-06	4.374772298e-06	6
1.146610392e-06	4.327334947e-06	6
1.162546051e-06	4.279945631e-06	6
1.178606056e-06	4.232598298e-06	6
1.194774983e-06	4.185288042e-06	6
1.211040285e-06	4.138010831e-06	6
1.227391614e-06	4.090763306e-06	6
1.243820311e-06	4.04354263e-06	6
1.260319052e-06	3.996346385e-06	6
1.276881565e-06	3.949172481e-06	6
1.293502428e-06	3.9020191e-06	6
1.310176909e-06	3.854884643e-06	6
1.326917344e-06	3.807773568e-06	6
1.343707148e-06	3.760680074e-06	6
1.360540346e-06	3.713602075e-06	6
1.377413899e-06	3.666538517e-06	6
1.394345116e-06	3.619495669e-06	6
1.411315816e-06	3.572467061e-06	6
1.428319973e-06	3.525450536e-06	6
1.445368581e-06	3.478450105e-06	6
1.462460466e-06	3.431465401e-06	6
1.479580458e-06	3.384490931e-06	6
1.496740445e-06	3.33753105e-06	6
1.513940726e-06	3.290585919e-06	6
1.531164891e-06	3.243649545e-06	6
1.548431421e-06	3.196728734e-06	6
1.565729935e-06	3.149819712e-06	6
1.583048959e-06	3.102918252e-06	6
1.600418139e-06	3.056035343e-06	6
1.617806741e-06	3.009159641e-06	6
1.63522603e-06	2.962295327e-06	6
1.65268184e-06	2.915444609e-06	6
1.670153984e-06	2.868599976e-06	6
1.687671475e-06	2.82177228e-06	6
1.705207472e-06	2.774951518e-06	6
1.722773203e-06	2.728141896e-06	6
1.740371403e-06	2.681344478e-06	6
1.757984888e-06	2.634552804e-06	6
1.775643864e-06	2.587778281e-06	6
1.793315436e-06	2.541008518e-06	6
1.811023211e-06	2.494252446e-06	6
1.828753625e-06	2.44750496e-06	6
1.846508048e-06	2.400766581e-06	6
1.864296408e-06	2.354041113e-06	6
1.882097218e-06	2.307320382e-06	6
1.899942803e-06	2.260616735e-06	6
1.91779905e-06	2.213917167e-06	6
1.935692046e-06	2.167231663e-06	6
1.953604693e-06	2.120553702e-06	6
1.971543582e-06	2.073885813e-06	6
1.989496151e-06	2.027223186e-06	-5.27263348
1.972980068e-06	2.069930143e-06	-6
1.954941261e-06	2.116559497e-06	-6
1.936864939e-06	2.163174325e-06	-6
1.918769959e-06	2.209781907e-06	-6
1.900647758e-06	2.256378918e-06	-6
1.882496296e-06	2.302964532e-06	-6
1.864328105e-06	2.349543631e-06	-6
1.846119693e-06	2.396107018e-06	-6
1.827900048e-06	2.442666012e-06	-6
1.809639358e-06	2.489208925e-06	-6
1.79136158e-06	2.535745125e-06	-6
1.773054281e-06	2.582269725e-06	-6
1.754717437e-06	2.628782681e-06	-6
1.736363223e-06	2.675288793e-06	-6
1.717966193e-06	2.721777981e-06	-6
1.699555359e-06	2.768261703e-06	-6
1.681106166e-06	2.814730218e-06	-6
1.662632778e-06	2.861189112e-06	-6
1.644135402e-06	2.907638468e-06	-6
1.625597764e-06	2.954071766e-06	-6
1.607043281e-06	3.000498336e-06	-6
1.58844782e-06	3.046908512e-06	-6
1.569825621e-06	3.093307957e-06	-6
1.551180109e-06	3.139698048e-06	-6
1.532487758e-06	3.186069282e-06	-6
1.513774199e-06	3.232431957e-06	-6
1.495026142e-06	3.2787807e-06	-6
1.476237507e-06	3.325113002e-06	-6
1.457424135e-06	3.371435264e-06	-6
1.438569607e-06	3.417740797e-06	-6
1.419675023e-06	3.464029992e-06	-6
1.400751282e-06	3.510307275e-06	-6
1.381785389e-06	3.556567307e-06	-6
1.362772734e-06	3.602808132e-06	-6
1.343725313e-06	3.649034643e-06	-6
1.324640695e-06	3.69524582e-06	-6
1.305495827e-06	3.741432069e-06	-6
1.286307684e-06	3.787600346e-06	-6
1.267074275e-06	3.833749781e-06	-6
1.247791964e-06	3.879878812e-06	-6
1.228448569e-06	3.925982268e-06	-6
1.20904134e-06	3.972058883e-06	-6
1.189572901e-06	4.01810966e-06	-6
1.170037384e-06	4.064132017e-06	-6
1.150427964e-06	4.110122931e-06	-6
1.130736626e-06	4.156078828e-06	-6
1.110953842e-06	4.201995431e-06	-6
1.091068145e-06	4.247867552e-06	-6
1.071065541e-06	4.29368881e-06	-6
1.050928694e-06	4.339451229e-06	-6
1.030624111e-06	4.385139456e-06	-6
1.010097105e-06	4.430728155e-06	-6
9.893058544e-07	4.47619685e-06	-6
9.681002685e-07	4.521473696e-06	-6
9.46128719e-07	4.566382608e-06	-6
9.216098247e-07	4.609898544e-06	-6
9.272620394e-07	4.569887818e-06	6
9.432254783e-07	4.522509892e-06	6
9.601198203e-07	4.475454191e-06	6
9.774955346e-07	4.428573909e-06	6
9.951584641e-07	4.381800966e-06	6
1.013074989e-06	4.335124537e-06	6
1.031159509e-06	4.28851294e-06	6
1.049386531e-06	4.241956873e-06	6
1.067736868e-06	4.195449261e-06	6
1.086195169e-06	4.148984386e-06	6
1.104748952e-06	4.102557552e-06	6
1.123387923e-06	4.056164852e-06	6
1.142103474e-06	4.009802993e-06	6
1.160888325e-06	3.963469169e-06	6
1.179736245e-06	3.917160962e-06	6
1.19864185e-06	3.870876267e-06	6
1.217607026e-06	3.824615942e-06	6
1.236632858e-06	3.778380535e-06	6
1.255704924e-06	3.732164188e-06	6
1.274819857e-06	3.685965552e-06	6
1.293979191e-06	3.639785302e-06	6
1.31319421e-06	3.593628196e-06	6
1.332444522e-06	3.547485807e-06	6
1.35172786e-06	3.501357203e-06	6
1.371062571e-06	3.455250104e-06	6
1.390432141e-06	3.409157648e-06	6
1.409829445e-06	3.363076852e-06	6
1.42927339e-06	3.317015712e-06	6
1.448749584e-06	3.270968208e-06	6
1.468249335e-06	3.224930667e-06	6
1.487797762e-06	3.178913773e-06	6
1.507370542e-06	3.132907239e-06	6
1.526969724e-06	3.086911938e-06	6
1.546612621e-06	3.040935294e-06	6
1.56627394e-06	2.994966526e-06	6
1.58597215e-06	2.949013549e-06	6
1.60569945e-06	2.90307306e-06	6
1.625446105e-06	2.857140879e-06	6
1.64523733e-06	2.811227887e-06	6
1.66504339e-06	2.765321296e-06	6
1.684885168e-06	2.719430127e-06	6
1.704752267e-06	2.673549921e-06	6
1.724640858e-06	2.62767902e-06	6
1.744567585e-06	2.581824677e-06	6
1.764506703e-06	2.535975719e-06	6
1.784487719e-06	2.490145002e-06	6
1.804484551e-06	2.44432119e-06	6
1.824511289e-06	2.398510434e-06	6
1.844564948e-06	2.352711463e-06	6
1.864637148e-06	2.306920608e-06	6
1.884746917e-06	2.261146244e-06	6
1.904867156e-06	2.215376478e-06	6
1.9250297e-06	2.169625332e-06	6
1.945205225e-06	2.123879914e-06	6
1.965412742e-06	2.078148613e-06	6
1.98563009e-06	2.032421659e-06	-3.229139587
1.971568799e-06	2.064045967e-06	-6
1.951268395e-06	2.109736108e-06	-6
1.930926215e-06	2.155407667e-06	-6
1.910570778e-06	2.201073314e-06	-6
1.890183648e-06	2.246724825e-06	-6
1.869772884e-06	2.292365769e-06	-6
1.849340697e-06	2.337997132e-06	-6
1.828874155e-06	2.383613092e-06	-6
1.80839663e-06	2.429224128e-06	-6
1.787873827e-06	2.474814808e-06	-6
1.767339378e-06	2.520400239e-06	-6
1.74677092e-06	2.56597034e-06	-6
1.726178643e-06	2.611529676e-06	-6
1.705564229e-06	2.657079007e-06	-6
1.684913036e-06	2.70261167e-06	-6
1.664248363e-06	2.748138219e-06	-6
1.643540923e-06	2.793645334e-06	-6
1.622815031e-06	2.839144041e-06	-6
1.602060404e-06	2.884629655e-06	-6
1.581271641e-06	2.930099671e-06	-6
1.560466442e-06	2.975562173e-06	-6
1.539615761e-06	3.021003836e-06	-6
1.518744318e-06	3.066435958e-06	-6
1.497844626e-06	3.1118551e-06	-6
1.476904566e-06	3.157255641e-06	-6
1.455943827e-06	3.202646636e-06	-6
1.434943729e-06	3.248019441e-06	-6
1.413909578e-06	3.293376462e-06	-6
1.392851314e-06	3.338722297e-06	-6
1.371746977e-06	3.384046712e-06	-6
1.350609326e-06	3.42935559e-06	-6
1.329443264e-06	3.474651208e-06	-6
1.308229908e-06	3.5199247e-06	-6
1.286976959e-06	3.565179611e-06	-6
1.265690146e-06	3.610418602e-06	-6
1.244361802e-06	3.655638037e-06	-6
1.222978574e-06	3.700831541e-06	-6
1.201554427e-06	3.746005653e-06	-6
1.180086217e-06	3.791158842e-06	-6
1.158570419e-06	3.836289386e-06	-6
1.136987597e-06	3.881387916e-06	-6
1.115349865e-06	3.926460115e-06	-6
1.093652591e-06	3.971503675e-06	-6
1.071890085e-06	4.016515752e-06	-6
1.050055735e-06	4.061493022e-06	-6
1.028141777e-06	4.106431558e-06	-6
1.006138986e-06	4.151326663e-06	-6
9.840362603e-07	4.196172647e-06	-6
9.618200581e-07	4.240962515e-06	-6
9.394736061e-07	4.285687533e-06	-6
9.169757824e-07	4.330336601e-06	-6
8.942564803e-07	4.374873339e-06	-6
8.712958854e-07	4.419286125e-06	-6
8.479285427e-07	4.463486112e-06	-6
8.238958098e-07	4.50732682e-06	-6
7.978638003e-07	4.549984781e-06	-6
8.007403598e-07	4.518739254e-06	6
8.188945559e-07	4.472157189e-06	6
8.380129115e-07	4.425960571e-06	6
8.576231491e-07	4.379970248e-06	6
8.775425938e-07	4.33411284e-06	6
8.976978775e-07	4.288358567e-06	6
9.180354823e-07	4.242685018e-06	6
9.385137525e-07	4.197074361e-06	6
9.591136977e-07	4.151518521e-06	6
9.798201267e-07	4.106010974e-06	6
1.000620692e-06	4.060546374e-06	6
1.021505212e-06	4.015120276e-06	6
1.042465176e-06	3.969728938e-06	6
1.063493388e-06	3.924369174e-06	6
1.084583691e-06	3.879038241e-06	6
1.105730767e-06	3.833733754e-06	6
1.12694351e-06	3.788459975e-06	6
1.148208503e-06	3.743210722e-06	6
1.169518982e-06	3.697982879e-06	6
1.190871624e-06	3.652774919e-06	6
1.212274306e-06	3.607590621e-06	6
1.233725051e-06	3.562429128e-06	6
1.255210499e-06	3.517284137e-06	6
1.276729213e-06	3.472154984e-06	6
1.298302628e-06	3.427051954e-06	6
1.31990502e-06	3.381962805e-06	6
1.341534664e-06	3.336886713e-06	6
1.363215709e-06	3.291835322e-06	6
1.384922617e-06	3.246796395e-06	6
1.406655267e-06	3.201769875e-06	6
1.428435878e-06	3.156766537e-06	6
1.450237428e-06	3.111773345e-06	6
1.472070268e-06	3.066795321e-06	6
1.493940459e-06	3.021835452e-06	6
1.515828735e-06	2.976884383e-06	6
1.537758397e-06	2.931953486e-06	6
1.559711247e-06	2.887033921e-06	6
1.581688269e-06	2.84212617e-06	6
1.603703671e-06	2.797237226e-06	6
1.625733628e-06	2.752355423e-06	6
1.647803638e-06	2.707493298e-06	6
1.669893307e-06	2.662640857e-06	6
1.692009076e-06	2.617801272e-06	6
1.714157069e-06	2.572977601e-06	6
1.736318184e-06	2.528160411e-06	6
1.758523313e-06	2.483365012e-06	6
1.780739891e-06	2.438575294e-06	6
1.802990681e-06	2.393802557e-06	6
1.825262821e-06	2.349040444e-06	6
1.84755804e-06	2.304289815e-06	6
1.869885034e-06	2.259555037e-06	6
1.892224476e-06	2.214826467e-06	6
1.914605778e-06	2.17011883e-06	6
1.936997054e-06	2.125416191e-06	6
1.959424502e-06	2.080731683e-06	6
1.981858883e-06	2.036050658e-06	-1.530266235
1.970039272e-06	2.05944353e-06	-6
1.947524111e-06	2.104083905e-06	-6
1.924965735e-06	2.148702458e-06	-6
1.902397455e-06	2.193315997e-06	-6
1.879794525e-06	2.237911996e-06	-6
1.857172202e-06	2.282498155e-06	-6
1.834525257e-06	2.327071818e-06	-6
1.811848458e-06	2.371630295e-06	-6
1.789157353e-06	2.416181494e-06	-6
1.766425485e-06	2.460711906e-06	-6
1.743682385e-06	2.505236581e-06	-6
1.720902335e-06	2.549742365e-06	-6
1.698102774e-06	2.594238152e-06	-6
1.67527784e-06	2.638720935e-06	-6
1.652420764e-06	2.683187204e-06	-6
1.629550551e-06	2.727646725e-06	-6
1.606634768e-06	2.772082774e-06	-6
1.583704804e-06	2.816511501e-06	-6
1.560742941e-06	2.860923756e-06	-6
1.53775162e-06	2.905320762e-06	-6
1.514743156e-06	2.949708893e-06	-6
1.491688639e-06	2.994073121e-06	-6
1.468616677e-06	3.038428274e-06	-6
1.445513171e-06	3.082767011e-06	-6
1.42237427e-06	3.12708728e-06	-6
1.399215238e-06	3.171397035e-06	-6
1.376013708e-06	3.215684557e-06	-6
1.352783076e-06	3.259956812e-06	-6
1.32952898e-06	3.304216754e-06	-6
1.306225694e-06	3.348450818e-06	-6
1.282894189e-06	3.392669995e-06	-6
1.259535045e-06	3.436874585e-06	-6
1.23612535e-06	3.481052428e-06	-6
1.212681508e-06	3.525212149e-06	-6
1.189204733e-06	3.569354372e-06	-6
1.165682816e-06	3.613472566e-06	-6
1.142112082e-06	3.657564691e-06	-6
1.118501567e-06	3.70163552e-06	-6
1.094848222e-06	3.745683381e-06	-6
1.07114369e-06	3.789703726e-06	-6
1.047378404e-06	3.833691297e-06	-6
1.023560065e-06	3.877650153e-06	-6
9.996838824e-07	3.921577614e-06	-6
9.757443461e-07	3.96547058e-06	-6
9.517350537e-07	4.009325429e-06	-6
9.276484879e-07	4.053137884e-06	-6
9.034757193e-07	4.096902836e-06	-6
8.792060062e-07	4.140614095e-06	-6
8.548262469e-07	4.184264061e-06	-6
8.30320218e-07	4.227843249e-06	-6
8.056674944e-07	4.271339615e-06	-6
7.808122485e-07	4.314720526e-06	-6
7.557125894e-07	4.357960451e-06	-6
7.302378635e-07	4.400980255e-06	-6
7.041630554e-07	4.443638346e-06	-6
6.763359969e-07	4.485156722e-06	-6
6.772606054e-07	4.460100408e-06	6
6.975455078e-07	4.41440711e-06	6
7.188625098e-07	4.36918303e-06	6
7.406743451e-07	4.324195091e-06	6
7.628079913e-07	4.279364436e-06	6
7.851629642e-07	4.234643701e-06	6
8.077086614e-07	4.190018783e-06	6
8.30392488e-07	4.145463921e-06	6
8.531957563e-07	4.100970065e-06	6
8.761035206e-07	4.056529913e-06	6
8.991036351e-07	4.012137482e-06	6
9.221860861e-07	3.967787805e-06	6
9.453425073e-07	3.923476703e-06	6
9.68565824e-07	3.879200619e-06	6
9.918499868e-07	3.834956496e-06	6
1.015192163e-06	3.790742941e-06	6
1.038598953e-06	3.746563561e-06	6
1.062053967e-06	3.702409776e-06	6
1.085553532e-06	3.658279685e-06	6
1.109094382e-06	3.614171596e-06	6
1.132688828e-06	3.570092148e-06	6
1.156325502e-06	3.526035339e-06	6
1.179996146e-06	3.481996773e-06	6
1.203703751e-06	3.437978083e-06	6
1.227460291e-06	3.393985788e-06	6
1.251245189e-06	3.350008824e-06	6
1.275059633e-06	3.306047843e-06	6
1.298922645e-06	3.262113209e-06	6
1.322809623e-06	3.218191607e-06	6
1.346725831e-06	3.174285906e-06	6
1.370684739e-06	3.130403496e-06	6
1.394664125e-06	3.086532275e-06	6
1.418678009e-06	3.042679921e-06	6
1.442724368e-06	2.998845373e-06	6
1.46678841e-06	2.955020525e-06	6
1.490896674e-06	2.911219986e-06	6
1.515023706e-06	2.86742979e-06	6
1.539178133e-06	2.823654692e-06	6
1.563366175e-06	2.779898164e-06	6
1.58756844e-06	2.736149498e-06	6
1.611813497e-06	2.69242453e-06	6
1.636073989e-06	2.648708131e-06	6
1.660363639e-06	2.605007919e-06	6
1.684680999e-06	2.561323128e-06	6
1.709014839e-06	2.517647507e-06	6
1.7333879e-06	2.473993765e-06	6
1.757772139e-06	2.430346266e-06	6
1.782193359e-06	2.386719444e-06	6
1.806631753e-06	2.343102247e-06	6
1.831096264e-06	2.299499686e-06	6
1.855588117e-06	2.255912484e-06	6
1.880095713e-06	2.212334126e-06	6
1.904640488e-06	2.1687767e-06	6
1.929194988e-06	2.125224755e-06	6
1.95378832e-06	2.081694724e-06	6
1.978386509e-06	2.038167438e-06	-0.2229944091
1.968203134e-06	2.056061568e-06	-6
1.94352436e-06	2.099543216e-06	-6
1.918805895e-06	2.143002311e-06	-6
1.894077785e-06	2.186455916e-06	-6
1.869313525e-06	2.229888934e-06	-6
1.844532784e-06	2.273312544e-06	-6
1.819725657e-06	2.316721092e-06	-6
1.794891868e-06	2.360114385e-06	-6
1.770041735e-06	2.403498328e-06	-6
1.745154326e-06	2.446860894e-06	-6
1.720255989e-06	2.490217188e-06	-6
1.695319243e-06	2.533551404e-06	-6
1.67036594e-06	2.576876081e-06	-6
1.64538549e-06	2.620185118e-06	-6
1.620376199e-06	2.663477501e-06	-6
1.595351716e-06	2.70676111e-06	-6
1.570285232e-06	2.750020408e-06	-6
1.545205013e-06	2.79327174e-06	-6
1.52009125e-06	2.836503609e-06	-6
1.494951321e-06	2.879720259e-06	-6
1.469792193e-06	2.922925744e-06	-6
1.44459077e-06	2.966106569e-06	-6
1.419372395e-06	3.009277491e-06	-6
1.394120753e-06	3.052428971e-06	-6
1.368837253e-06	3.095561784e-06	-6
1.343534195e-06	3.138683131e-06	-6
1.318187148e-06	3.181778639e-06	-6
1.292814445e-06	3.224859037e-06	-6
1.267418389e-06	3.267925682e-06	-6
1.241972877e-06	3.310963125e-06	-6
1.216502104e-06	3.353985613e-06	-6
1.191004492e-06	3.396992209e-06	-6
1.165454876e-06	3.439967932e-06	-6
1.139874914e-06	3.482925587e-06	-6
1.114262979e-06	3.525864193e-06	-6
1.088604179e-06	3.568774816e-06	-6
1.062900912e-06	3.611658809e-06	-6
1.037159035e-06	3.654519633e-06	-6
1.011375594e-06	3.697355472e-06	-6
9.855391503e-07	3.740159371e-06	-6
9.596469397e-07	3.782929553e-06	-6
9.337032594e-07	3.825668524e-06	-6
9.077034715e-07	3.868373382e-06	-6
8.816422418e-07	3.911040773e-06	-6
8.555133746e-07	3.95366678e-06	-6
8.293095966e-07	3.996246778e-06	-6
8.030222698e-07	4.038775244e-06	-6
7.766410049e-07	4.081245497e-06	-6
7.501531326e-07	4.12364933e-06	-6
7.235429679e-07	4.165976512e-06	-6
6.967907672e-07	4.208214056e-06	-6
6.698499697e-07	4.250331512e-06	-6
6.426659999e-07	4.292292396e-06	-6
6.151306479e-07	4.334023286e-06	-6
5.870223872e-07	4.375369744e-06	-6
5.573418688e-07	4.415586593e-06	-6
5.572410733e-07	4.394146288e-06	6
5.796653503e-07	4.349464487e-06	6
6.031492822e-07	4.305326799e-06	6
6.2712375e-07	4.261453153e-06	6
6.514236517e-07	4.217758751e-06	6
6.759334527e-07	4.174181701e-06	6
7.006367186e-07	4.130714001e-06	6
7.254749032e-07	4.08732326e-06	6
7.504297244e-07	4.043999489e-06	6
7.75486563e-07	4.000734635e-06	6
8.006335412e-07	3.957522107e-06	6
8.258608672e-07	3.914356432e-06	6
8.511603624e-07	3.871233014e-06	6
8.765251113e-07	3.828147939e-06	6
9.019492021e-07	3.785097846e-06	6
9.274332385e-07	3.742083203e-06	6
9.529767297e-07	3.699103845e-06	6
9.785672405e-07	3.656152476e-06	6
1.004201181e-06	3.613227011e-06	6
1.029875363e-06	3.570325591e-06	6
1.055604708e-06	3.52745723e-06	6
1.081372144e-06	3.484611764e-06	6
1.107172681e-06	3.441786222e-06	6
1.133012041e-06	3.398984084e-06	6
1.158896151e-06	3.356208998e-06	6
1.184807887e-06	3.313450646e-06	6
1.210751104e-06	3.270711377e-06	6
1.236738823e-06	3.227999158e-06	6
1.262749886e-06	3.185301155e-06	6
1.288792015e-06	3.142622083e-06	6
1.314873029e-06	3.09996677e-06	6
1.340973985e-06	3.057323656e-06	6
1.36711104e-06	3.014702653e-06	6
1.393277116e-06	2.972099467e-06	6
1.419460407e-06	2.929506852e-06	6
1.445689175e-06	2.886942227e-06	6
1.4719337e-06	2.844387323e-06	6
1.498207322e-06	2.80185037e-06	6
1.524511151e-06	2.759332096e-06	6
1.550829055e-06	2.716822526e-06	6
1.577190496e-06	2.674339942e-06	6
1.603564755e-06	2.63186532e-06	6
1.629969752e-06	2.589409793e-06	6
1.656399272e-06	2.546969536e-06	6
1.682847195e-06	2.504540737e-06	6
1.709330838e-06	2.46213423e-06	6
1.735825351e-06	2.41973451e-06	6
1.762358151e-06	2.377358738e-06	6
1.788905275e-06	2.334991944e-06	6
1.815480121e-06	2.292642526e-06	6
1.842079175e-06	2.250308317e-06	6
1.868695866e-06	2.207985186e-06	6
1.895346322e-06	2.165683314e-06	6
1.922006228e-06	2.123387393e-06	6
1.948706178e-06	2.081116738e-06	6
1.975409591e-06	2.038848272e-06	0.6367476004
1.965879723e-06	2.053820635e-06	-6
1.939096809e-06	2.096038773e-06	-6
1.912276535e-06	2.138233183e-06	-6
1.885446898e-06	2.18042164e-06	-6
1.858580985e-06	2.222587009e-06	-6
1.831700253e-06	2.264742925e-06	-6
1.804792725e-06	2.30688175e-06	-6
1.777860496e-06	2.349004784e-06	-6
1.75091122e-06	2.391116921e-06	-6
1.723926943e-06	2.433206636e-06	-6
1.696932063e-06	2.475289552e-06	-6
1.669898714e-06	2.517347769e-06	-6
1.642850486e-06	2.559396412e-06	-6
1.61577472e-06	2.601427335e-06	-6
1.588672157e-06	2.643440977e-06	-6
1.561553656e-06	2.685444339e-06	-6
1.534395594e-06	2.727422132e-06	-6
1.507224209e-06	2.769391298e-06	-6
1.480019067e-06	2.811338597e-06	-6
1.452789748e-06	2.853270197e-06	-6
1.425540586e-06	2.895188914e-06	-6
1.398251607e-06	2.937081717e-06	-6
1.370946189e-06	2.978963803e-06	-6
1.343607266e-06	3.020824033e-06	-6
1.316238675e-06	3.062664864e-06	-6
1.288851122e-06	3.104493292e-06	-6
1.261419641e-06	3.146292927e-06	-6
1.233964541e-06	3.188077041e-06	-6
1.20648552e-06	3.229845438e-06	-6
1.178959809e-06	3.27158308e-06	-6
1.151409614e-06	3.313304555e-06	-6
1.123832473e-06	3.355008235e-06	-6
1.096205446e-06	3.396678882e-06	-6
1.068549395e-06	3.438330262e-06	-6
1.040862362e-06	3.47996106e-06	-6
1.013128519e-06	3.521560694e-06	-6
9.853529506e-07	3.56313247e-06	-6
9.575399772e-07	3.604679227e-06	-6
9.296867405e-07	3.646199008e-06	-6
9.017806566e-07	3.687683296e-06	-6
8.738220111e-07	3.729132168e-06	-6
8.458135185e-07	3.770547364e-06	-6
8.177506932e-07	3.811925762e-06	-6
7.896283762e-07	3.85326375e-06	-6
7.614405767e-07	3.894557117e-06	-6
7.331802629e-07	3.935800893e-06	-6
7.048390844e-07	3.976989141e-06	-6
6.764069996e-07	4.018114683e-06	-6
6.47871765e-07	4.059168709e-06	-6
6.192182252e-07	4.100140234e-06	-6
5.904273062e-07	4.141015327e-06	-6
5.614570335e-07	4.181763458e-06	-6
5.322489353e-07	4.22234142e-06	-6
5.027057173e-07	4.262675778e-06	-6
4.726117046e-07	4.30260012e-06	-6
4.41043894e-07	4.341354365e-06	-6
4.411627372e-07	4.321109304e-06	6
4.65726306e-07	4.277566998e-06	6
4.91338966e-07	4.234629574e-06	6
5.174310072e-07	4.191981267e-06	6
5.438436429e-07	4.149530604e-06	6
5.704580485e-07	4.107206103e-06	6
5.972624889e-07	4.065001668e-06	6
6.241984121e-07	4.022881031e-06	6
6.512476201e-07	3.980833051e-06	6
6.783958985e-07	3.938848963e-06	6
7.056316996e-07	3.896921594e-06	6
7.329455054e-07	3.855044996e-06	6
7.603293664e-07	3.813214172e-06	6
7.877765622e-07	3.771424871e-06	6
8.152813484e-07	3.729673442e-06	6
8.428458216e-07	3.687961389e-06	6
8.704664032e-07	3.646286474e-06	6
8.981326053e-07	3.604641839e-06	6
9.258409416e-07	3.563025225e-06	6
9.535883146e-07	3.521434616e-06	6
9.813905483e-07	3.479880658e-06	6
1.009228324e-06	3.438350514e-06	6
1.037098205e-06	3.396841905e-06	6
1.065007046e-06	3.355359473e-06	6
1.092957929e-06	3.313905364e-06	6
1.120935602e-06	3.272469334e-06	6
1.148945068e-06	3.231054779e-06	6
1.176996375e-06	3.189668556e-06	6
1.205070312e-06	3.148297686e-06	6
1.233175601e-06	3.106948099e-06	6
1.261317317e-06	3.065623302e-06	6
1.289478362e-06	3.024311674e-06	6
1.3176756e-06	2.983024734e-06	6
1.345899732e-06	2.941756183e-06	6
1.374141731e-06	2.90049985e-06	6
1.402426611e-06	2.859272904e-06	6
1.43072674e-06	2.818056431e-06	6
1.459056242e-06	2.776860133e-06	6
1.48741381e-06	2.735683157e-06	6
1.515786191e-06	2.69451638e-06	6
1.544199553e-06	2.653377878e-06	6
1.572625334e-06	2.61224796e-06	6
1.601082044e-06	2.571139431e-06	6
1.629561335e-06	2.530046549e-06	6
1.658059607e-06	2.48896682e-06	6
1.686591301e-06	2.447910303e-06	6
1.715133523e-06	2.406861101e-06	6
1.743713963e-06	2.365838496e-06	6
1.772307119e-06	2.324824761e-06	6
1.800928259e-06	2.283830542e-06	6
1.829571685e-06	2.2428519e-06	6
1.858233328e-06	2.20188599e-06	6
1.886926509e-06	2.160942168e-06	6
1.915628838e-06	2.120004754e-06	6
1.944371063e-06	2.07909534e-06	6
1.973115883e-06	2.038187751e-06	0.9818473466
1.962897528e-06	2.052623819e-06	-6
1.934075015e-06	2.093476706e-06	-6
1.905216377e-06	2.134304079e-06	-6
1.876348677e-06	2.175125045e-06	-6
1.847445855e-06	2.215921153e-06	-6
1.818528716e-06	2.256707108e-06	-6
1.78958563e-06	2.297474661e-06	-6
1.760618667e-06	2.338225244e-06	-6
1.731635192e-06	2.378964092e-06	-6
1.702617874e-06	2.419678838e-06	-6
1.673590295e-06	2.460386271e-06	-6
1.644525491e-06	2.501067135e-06	-6
1.615446304e-06	2.541737713e-06	-6
1.586340471e-06	2.582389233e-06	-6
1.557208726e-06	2.62302218e-06	-6
1.528061558e-06	2.663644073e-06	-6
1.49887613e-06	2.704238484e-06	-6
1.469677812e-06	2.744823621e-06	-6
1.440446853e-06	2.785385261e-06	-6
1.411192503e-06	2.825930025e-06	-6
1.381918976e-06	2.866460954e-06	-6
1.352606929e-06	2.906964031e-06	-6
1.323278979e-06	2.947455591e-06	-6
1.293918658e-06	2.987923691e-06	-6
1.26452962e-06	3.028370933e-06	-6
1.235122239e-06	3.068804846e-06	-6
1.205672435e-06	3.109207874e-06	-6
1.176199743e-06	3.149594198e-06	-6
1.146703981e-06	3.189963687e-06	-6
1.117163022e-06	3.230300112e-06	-6
1.087598384e-06	3.270619176e-06	-6
1.05800778e-06	3.310919197e-06	-6
1.028368868e-06	3.351183704e-06	-6
9.987018921e-07	3.391427525e-06	-6
9.690049584e-07	3.431649251e-06	-6
9.392629127e-07	3.471837636e-06	-6
9.094804065e-07	3.511996036e-06	-6
8.796617373e-07	3.552127587e-06	-6
8.498041426e-07	3.592230194e-06	-6
8.198956774e-07	3.632294883e-06	-6
7.899362221e-07	3.672321449e-06	-6
7.59928586e-07	3.712311897e-06	-6
7.298684353e-07	3.752262883e-06	-6
6.997507865e-07	3.792170541e-06	-6
6.695698527e-07	3.832030364e-06	-6
6.393188421e-07	3.87183703e-06	-6
6.089896904e-07	3.91158419e-06	-6
5.785727005e-07	3.951264164e-06	-6
5.480560505e-07	3.99086753e-06	-6
5.174251088e-07	4.030382547e-06	-6
4.866614633e-07	4.069794327e-06	-6
4.557234449e-07	4.109069329e-06	-6
4.245567476e-07	4.148163075e-06	-6
3.930644616e-07	4.18699474e-06	-6
3.610389889e-07	4.225387079e-06	-6
3.275647599e-07	4.26250592e-06	-6
3.294901797e-07	4.241254332e-06	6
3.561836174e-07	4.198984106e-06	6
3.838802067e-07	4.157360435e-06	6
4.120386355e-07	4.116047298e-06	6
4.405049803e-07	4.074945554e-06	6
4.691667551e-07	4.033979806e-06	6
4.980118773e-07	3.993142918e-06	6
5.269835983e-07	3.952395755e-06	6
5.560647358e-07	3.911726605e-06	6
5.852415535e-07	3.871126038e-06	6
6.145028928e-07	3.83058634e-06	6
6.438395576e-07	3.790101114e-06	6
6.732438676e-07	3.749664988e-06	6
7.027093305e-07	3.709273396e-06	6
7.322303974e-07	3.668922416e-06	6
7.618088692e-07	3.628613489e-06	6
7.91441765e-07	3.588344561e-06	6
8.211186983e-07	3.548108085e-06	6
8.508363028e-07	3.507901637e-06	6
8.805915877e-07	3.467723054e-06	6
9.103997037e-07	3.42758365e-06	6
9.402422727e-07	3.387469865e-06	6
9.701158256e-07	3.347379147e-06	6
1.000026885e-06	3.307316395e-06	6
1.029978636e-06	3.267284062e-06	6
1.059956237e-06	3.227271087e-06	6
1.08996445e-06	3.187281054e-06	6
1.120013126e-06	3.147321421e-06	6
1.150083635e-06	3.10737822e-06	6
1.180184352e-06	3.067457768e-06	6
1.210320277e-06	3.027563895e-06	6
1.24047485e-06	2.987684115e-06	6
1.270664317e-06	2.947830739e-06	6
1.300879769e-06	2.907997068e-06	6
1.331112438e-06	2.868176453e-06	6
1.361386508e-06	2.828387306e-06	6
1.391675287e-06	2.788609363e-06	6
1.421992396e-06	2.748852998e-06	6
1.452336595e-06	2.709117314e-06	6
1.48269508e-06	2.669392536e-06	6
1.513093107e-06	2.62969801e-06	6
1.543503111e-06	2.590012663e-06	6
1.573942959e-06	2.550350196e-06	6
1.604404583e-06	2.51070446e-06	6
1.634884526e-06	2.471072797e-06	6
1.665396699e-06	2.431465948e-06	6
1.695919024e-06	2.391866919e-06	6
1.726478228e-06	2.352296341e-06	6
1.757049681e-06	2.312735232e-06	6
1.787648142e-06	2.273195003e-06	6
1.818268079e-06	2.233671409e-06	6
1.848905604e-06	2.19416144e-06	6
1.879573524e-06	2.154675064e-06	6
1.910250264e-06	2.115195536e-06	6
1.940965501e-06	2.07574595e-06	6
1.971682821e-06	2.036297986e-06	0.7310650066
1.959095588e-06	2.052357555e-06	-6
1.928302936e-06	2.091746743e-06	-6
1.8974744e-06	2.131107851e-06	-6
1.866637126e-06	2.170462112e-06	-6
1.835767045e-06	2.209790647e-06	-6
1.804882105e-06	2.249107507e-06	-6
1.77397321e-06	2.288405546e-06	-6
1.743040235e-06	2.327684624e-06	-6
1.712092406e-06	2.366952009e-06	-6
1.681110887e-06	2.406192814e-06	-6
1.650119469e-06	2.445425802e-06	-6
1.619093251e-06	2.484631279e-06	-6
1.588052083e-06	2.523824912e-06	-6
1.556986324e-06	2.562999064e-06	-6
1.525894491e-06	2.602152518e-06	-6
1.494788898e-06	2.641295048e-06	-6
1.463645321e-06	2.680407362e-06	-6
1.432489307e-06	2.719509764e-06	-6
1.401302975e-06	2.758587996e-06	-6
1.370092954e-06	2.797647304e-06	-6
1.338865608e-06	2.83669277e-06	-6
1.307599979e-06	2.875707586e-06	-6
1.276319006e-06	2.914710096e-06	-6
1.245008045e-06	2.953688542e-06	-6
1.213668199e-06	2.99264376e-06	-6
1.182310656e-06	3.031584739e-06	-6
1.1509135e-06	3.070493789e-06	-6
1.119493018e-06	3.109383995e-06	-6
1.088051599e-06	3.148257286e-06	-6
1.056565334e-06	3.187094262e-06	-6
1.025056226e-06	3.225912696e-06	-6
9.935228489e-07	3.264711429e-06	-6
9.619427989e-07	3.303472182e-06	-6
9.303350544e-07	3.342210343e-06	-6
8.98698411e-07	3.380924912e-06	-6
8.670198441e-07	3.419605191e-06	-6
8.353007565e-07	3.458252239e-06	-6
8.035467881e-07	3.496870627e-06	-6
7.717552727e-07	3.535458119e-06	-6
7.399165118e-07	3.574006645e-06	-6
7.080268709e-07	3.612513084e-06	-6
6.760907632e-07	3.650980983e-06	-6
6.44104008e-07	3.689406774e-06	-6
6.120617978e-07	3.727786334e-06	-6
5.799585503e-07	3.766114856e-06	-6
5.477877138e-07	3.804386665e-06	-6
5.155415098e-07	3.842594992e-06	-6
4.832105853e-07	3.88073165e-06	-6
4.507835387e-07	3.918786597e-06	-6
4.182462599e-07	3.956747321e-06	-6
3.855809956e-07	3.994597961e-06	-6
3.527425651e-07	4.032298412e-06	-6
3.196880485e-07	4.069809514e-06	-6
2.863115451e-07	4.107034138e-06	-6
2.524155983e-07	4.143785598e-06	-6
2.170318847e-07	4.179085696e-06	-6
2.22669428e-07	4.154877556e-06	6
2.514734359e-07	4.114015855e-06	6
2.812024723e-07	4.073818634e-06	6
3.113699644e-07	4.033948923e-06	6
3.418255784e-07	3.994298682e-06	6
3.724730371e-07	3.954796497e-06	6
4.032918428e-07	3.915427813e-06	6
4.342322143e-07	3.8761546e-06	6
4.652776513e-07	3.836964384e-06	6
4.964149635e-07	3.797847117e-06	6
5.27633437e-07	3.758794588e-06	6
5.589242421e-07	3.719799987e-06	6
5.902800049e-07	3.680857595e-06	6
6.216944923e-07	3.641962556e-06	6
6.531623768e-07	3.603110695e-06	6
6.846835549e-07	3.56430205e-06	6
7.162589582e-07	3.525537516e-06	6
7.478766435e-07	3.486807471e-06	6
7.795333799e-07	3.448109338e-06	6
8.112262976e-07	3.409440819e-06	6
8.429684552e-07	3.370812707e-06	6
8.747452824e-07	3.332213123e-06	6
9.065518567e-07	3.293638045e-06	6
9.383930486e-07	3.255091527e-06	6
9.702747906e-07	3.216578546e-06	6
1.002181348e-06	3.178086127e-06	6
1.034115989e-06	3.139616993e-06	6
1.066090861e-06	3.101181296e-06	6
1.098086693e-06	3.06276305e-06	6
1.130110296e-06	3.02436794e-06	6
1.162168997e-06	2.986002139e-06	6
1.194245599e-06	2.947651301e-06	6
1.226354541e-06	2.909327531e-06	6
1.25848965e-06	2.871025707e-06	6
1.290640206e-06	2.832736841e-06	6
1.322831566e-06	2.794482273e-06	6
1.355037122e-06	2.756239664e-06	6
1.387268778e-06	2.718019042e-06	6
1.419527586e-06	2.679821342e-06	6
1.451799013e-06	2.641634295e-06	6
1.484109544e-06	2.603480327e-06	6
1.516431567e-06	2.565336103e-06	6
1.548781196e-06	2.527215281e-06	6
1.581152817e-06	2.48911314e-06	6
1.613540978e-06	2.45102505e-06	6
1.645961163e-06	2.412964219e-06	6
1.678391093e-06	2.374911689e-06	6
1.71085542e-06	2.336888498e-06	6
1.743332546e-06	2.298876246e-06	6
1.775834591e-06	2.260885291e-06	6
1.808358293e-06	2.222912882e-06	6
1.840897869e-06	2.184954068e-06	6
1.873467663e-06	2.147021183e-06	6
1.906045927e-06	2.109095569e-06	6
1.938660156e-06	2.071200877e-06	6
1.971276133e-06	2.03330769e-06	-0.2148909188
1.954324839e-06	2.052892553e-06	-6
1.921636252e-06	2.09072312e-06	-6
1.888911158e-06	2.128522113e-06	-6
1.85617767e-06	2.166313831e-06	-6
1.823414723e-06	2.204080018e-06	-6
1.790635455e-06	2.241832032e-06	-6
1.757835237e-06	2.279565853e-06	-6
1.725009836e-06	2.317277763e-06	-6
1.692172234e-06	2.354979055e-06	-6
1.659300214e-06	2.39265034e-06	-6
1.626418676e-06	2.430313316e-06	-6
1.593505814e-06	2.467948925e-06	-6
1.560576498e-06	2.505570131e-06	-6
1.527625677e-06	2.543172511e-06	-6
1.494647707e-06	2.580751076e-06	-6
1.461658609e-06	2.618319879e-06	-6
1.428630991e-06	2.655854824e-06	-6
1.39559137e-06	2.693379195e-06	-6
1.362524818e-06	2.730879846e-06	-6
1.329433336e-06	2.76835849e-06	-6
1.296327425e-06	2.805824397e-06	-6
1.263182546e-06	2.843255835e-06	-6
1.230022907e-06	2.88067419e-06	-6
1.196836761e-06	2.918069047e-06	-6
1.163620592e-06	2.955437229e-06	-6
1.130387395e-06	2.992790273e-06	-6
1.097118553e-06	3.030111577e-06	-6
1.063824924e-06	3.06741076e-06	-6
1.030511457e-06	3.104692235e-06	-6
9.97156831e-07	3.141936892e-06	-6
9.637780672e-07	3.179159907e-06	-6
9.30375953e-07	3.216361979e-06	-6
8.969316836e-07	3.253526161e-06	-6
8.634581685e-07	3.290663991e-06	-6
8.299568503e-07	3.327776746e-06	-6
7.964181105e-07	3.364855696e-06	-6
7.6283764e-07	3.401896849e-06	-6
7.292236144e-07	3.438907546e-06	-6
6.955734649e-07	3.475885406e-06	-6
6.618811463e-07	3.51282486e-06	-6
6.281367924e-07	3.549716782e-06	-6
5.943477392e-07	3.586567755e-06	-6
5.605099607e-07	3.623373987e-06	-6
5.266188274e-07	3.660131093e-06	-6
4.926689633e-07	3.696833961e-06	-6
4.586540591e-07	3.73347656e-06	-6
4.245666236e-07	3.770051692e-06	-6
3.9039765e-07	3.806550654e-06	-6
3.56136159e-07	3.842962771e-06	-6
3.217685644e-07	3.879274746e-06	-6
2.872777736e-07	3.915469721e-06	-6
2.526118024e-07	3.951496896e-06	-6
2.17745384e-07	3.987330077e-06	-6
1.825555595e-07	4.022845486e-06	-6
1.468394014e-07	4.057830347e-06	-6
1.095676561e-07	4.09112366e-06	-6
1.211258699e-07	4.062305172e-06	6
1.520107926e-07	4.022991529e-06	6
1.837140513e-07	3.984332241e-06	6
2.158271536e-07	3.946012274e-06	6
2.482022861e-07	3.907913233e-06	6
2.807676799e-07	3.869976654e-06	6
3.134884677e-07	3.832173987e-06	6
3.463252642e-07	3.794472045e-06	6
3.792623301e-07	3.75685766e-06	6
4.122870841e-07	3.719320232e-06	6
4.45389307e-07	3.681851097e-06	6
4.785605768e-07	3.644443072e-06	6
5.117938601e-07	3.607090127e-06	6
5.450832113e-07	3.569787137e-06	6
5.784235486e-07	3.532529701e-06	6
6.118114581e-07	3.495314877e-06	6
6.452546804e-07	3.458149754e-06	6
6.787382687e-07	3.421021007e-06	6
7.122591425e-07	3.383925921e-06	6
7.458145655e-07	3.346862074e-06	6
7.794142628e-07	3.309838353e-06	6
8.130499789e-07	3.272847362e-06	6
8.467140972e-07	3.235882219e-06	6
8.804086825e-07	3.198944832e-06	6
9.141447258e-07	3.162045311e-06	6
9.47904461e-07	3.125167472e-06	6
9.816885668e-07	3.088311946e-06	6
1.015513667e-06	3.051494043e-06	6
1.049358777e-06	3.014694541e-06	6
1.08322809e-06	2.977917304e-06	6
1.117133354e-06	2.941173211e-06	6
1.151055706e-06	2.904444898e-06	6
1.185006744e-06	2.867743091e-06	6
1.218985072e-06	2.831066557e-06	6
1.252978151e-06	2.794403687e-06	6
1.287008102e-06	2.757775036e-06	6
1.321053799e-06	2.721161031e-06	6
1.355122327e-06	2.684568258e-06	6
1.38921897e-06	2.648001689e-06	6
1.423327468e-06	2.611446172e-06	6
1.457471694e-06	2.574924021e-06	6
1.49162879e-06	2.538413916e-06	6
1.525810242e-06	2.501926604e-06	6
1.560014784e-06	2.465460945e-06	6
1.594233114e-06	2.429008215e-06	6
1.628484111e-06	2.392586182e-06	6
1.662744416e-06	2.356172905e-06	6
1.69703563e-06	2.319788729e-06	6
1.731341082e-06	2.283417985e-06	6
1.765668386e-06	2.247067858e-06	6
1.800018388e-06	2.210739186e-06	6
1.834381599e-06	2.174423001e-06	6
1.868775687e-06	2.138136061e-06	6
1.903177872e-06	2.101856795e-06	6
1.937612498e-06	2.065608318e-06	6
1.972048524e-06	2.029361171e-06	-1.978672956
1.948449376e-06	2.054084811e-06	-6
1.913941313e-06	2.090263382e-06	-6
1.879400025e-06	2.126410235e-06	-6
1.84484839e-06	2.162547192e-06	-6
1.810271531e-06	2.198660021e-06	-6
1.775676113e-06	2.234755062e-06	-6
1.741063614e-06	2.270833733e-06	-6
1.706424074e-06	2.306886436e-06	-6
1.671775831e-06	2.342930783e-06	-6
1.637091707e-06	2.378940602e-06	-6
1.602398466e-06	2.414941632e-06	-6
1.567678274e-06	2.450916676e-06	-6
1.532939338e-06	2.486873613e-06	-6
1.498182861e-06	2.522813604e-06	-6
1.463397394e-06	2.55872553e-06	-6
1.42860126e-06	2.594627123e-06	-6
1.393771383e-06	2.630495986e-06	-6
1.358926929e-06	2.666350679e-06	-6
1.324059846e-06	2.702183375e-06	-6
1.289165794e-06	2.737989801e-06	-6
1.254258747e-06	2.773783564e-06	-6
1.219315982e-06	2.809542462e-06	-6
1.184356712e-06	2.845285214e-06	-6
1.149375358e-06	2.881006363e-06	-6
1.114362025e-06	2.91669616e-06	-6
1.079332364e-06	2.95236993e-06	-6
1.044272012e-06	2.988013546e-06	-6
1.009184555e-06	3.023630469e-06	-6
9.740780723e-07	3.059228644e-06	-6
9.389357879e-07	3.094791482e-06	-6
9.037668574e-07	3.130327958e-06	-6
8.685755307e-07	3.16584226e-06	-6
8.333476438e-07	3.201320303e-06	-6
7.980880317e-07	3.236766806e-06	-6
7.628017529e-07	3.272186761e-06	-6
7.274836713e-07	3.307575018e-06	-6
6.921216942e-07	3.342919407e-06	-6
6.567275348e-07	3.378231557e-06	-6
6.212987239e-07	3.413508942e-06	-6
5.858324989e-07	3.448748725e-06	-6
5.503151447e-07	3.483936978e-06	-6
5.14753364e-07	3.519080319e-06	-6
4.791448425e-07	3.55417629e-06	-6
4.434851318e-07	3.589220245e-06	-6
4.077690658e-07	3.624206759e-06	-6
3.719905812e-07	3.659129438e-06	-6
3.361424789e-07	3.693980646e-06	-6
3.002161028e-07	3.728751152e-06	-6
2.642009017e-07	3.763429633e-06	-6
2.280838198e-07	3.798001987e-06	-6
1.918454776e-07	3.832447211e-06	-6
1.554332465e-07	3.866708521e-06	-6
1.188286681e-07	3.900764146e-06	-6
8.190962166e-08	3.93447849e-06	-6
4.442942715e-08	3.967566159e-06	-6
5.138161796e-09	3.998403563e-06	-6
2.53065424e-08	3.963928943e-06	6
5.818766189e-08	3.926268185e-06	6
9.180014334e-08	3.889256664e-06	6
1.257893067e-07	3.852590454e-06	6
1.60009016e-07	3.816139139e-06	6
1.944190351e-07	3.779867383e-06	6
2.289651187e-07	3.743725175e-06	6
2.636211797e-07	3.707688401e-06	6
2.983723105e-07	3.671743284e-06	6
3.332065948e-07	3.635878736e-06	6
3.681143537e-07	3.600085694e-06	6
4.030876101e-07	3.564356644e-06	6
4.381197016e-07	3.52868528e-06	6
4.73204996e-07	3.49306624e-06	6
5.083386788e-07	3.457494922e-06	6
5.435165923e-07	3.421967332e-06	6
5.787444773e-07	3.386489287e-06	6
6.140144125e-07	3.351053056e-06	6
6.493197343e-07	3.315652086e-06	6
6.846578512e-07	3.280283847e-06	6
7.200341093e-07	3.244953747e-06	6
7.55448676e-07	3.209662056e-06	6
7.90890201e-07	3.174397443e-06	6
8.263569742e-07	3.139158209e-06	6
8.618669813e-07	3.103962542e-06	6
8.97399475e-07	3.06878959e-06	6
9.329531185e-07	3.033638005e-06	6
9.685463564e-07	2.998526511e-06	6
1.004160078e-06	2.963435806e-06	6
1.039793478e-06	2.928365072e-06	6
1.075464474e-06	2.89333258e-06	6
1.111151691e-06	2.85831662e-06	6
1.146863005e-06	2.823325225e-06	6
1.182603519e-06	2.788363665e-06	6
1.218358036e-06	2.753416422e-06	6
1.254144567e-06	2.718501959e-06	6
1.289949185e-06	2.683606053e-06	6
1.325772483e-06	2.648729314e-06	6
1.361625607e-06	2.613883242e-06	6
1.397489986e-06	2.579048754e-06	6
1.433385419e-06	2.544246261e-06	6
1.46929607e-06	2.509459481e-06	6
1.505226972e-06	2.474693609e-06	6
1.541182795e-06	2.439953519e-06	6
1.577148831e-06	2.405223995e-06	6
1.613148883e-06	2.370529733e-06	6
1.649157777e-06	2.335844654e-06	6
1.685193242e-06	2.301187175e-06	6
1.721245119e-06	2.266546777e-06	6
1.757314958e-06	2.231925074e-06	6
1.793409249e-06	2.197328871e-06	6
1.829513285e-06	2.162742832e-06	6
1.865649547e-06	2.128190465e-06	6
1.901793509e-06	2.093646156e-06	6
1.93796555e-06	2.059131246e-06	6
1.974138433e-06	2.024617218e-06	-4.713595015
1.941347646e-06	2.055776727e-06	-6
1.905101946e-06	2.09021427e-06	-6
1.868828358e-06	2.124622444e-06	-6
1.832541176e-06	2.159016273e-06	-6
1.796233729e-06	2.193388717e-06	-6
1.759904864e-06	2.227738515e-06	-6
1.723563496e-06	2.262075092e-06	-6
1.687192627e-06	2.296380415e-06	-6
1.650813462e-06	2.330676941e-06	-6
1.614403928e-06	2.364941229e-06	-6
1.577981918e-06	2.399192246e-06	-6
1.541538067e-06	2.433420032e-06	-6
1.505072553e-06	2.467624729e-06	-6
1.46859418e-06	2.501815721e-06	-6
1.432084366e-06	2.535973133e-06	-6
1.395564367e-06	2.570119654e-06	-6
1.359016168e-06	2.604235995e-06	-6
1.322450165e-06	2.638333243e-06	-6
1.285866576e-06	2.672411632e-06	-6
1.24925335e-06	2.706458172e-06	-6
1.212627712e-06	2.740491359e-06	-6
1.175972146e-06	2.774492316e-06	-6
1.139296785e-06	2.808471909e-06	-6
1.102604525e-06	2.842433265e-06	-6
1.06587769e-06	2.876357223e-06	-6
1.029135253e-06	2.910264276e-06	-6
9.923678857e-07	2.944144304e-06	-6
9.555704192e-07	2.97799163e-06	-6
9.187547715e-07	3.011819179e-06	-6
8.819095213e-07	3.045614491e-06	-6
8.450344118e-07	3.079377211e-06	-6
8.081378981e-07	3.113116537e-06	-6
7.71211294e-07	3.146822938e-06	-6
7.342497576e-07	3.180491022e-06	-6
6.972627346e-07	3.214131098e-06	-6
6.602484453e-07	3.247741183e-06	-6
6.231913244e-07	3.28130404e-06	-6
5.861014601e-07	3.314830694e-06	-6
5.48978471e-07	3.348320663e-06	-6
5.118197083e-07	3.381770944e-06	-6
4.746181315e-07	3.415173612e-06	-6
4.373683586e-07	3.448522519e-06	-6
4.000738996e-07	3.481821432e-06	-6
3.627304919e-07	3.515065435e-06	-6
3.253331844e-07	3.548248787e-06	-6
2.878761659e-07	3.581364719e-06	-6
2.503525359e-07	3.61440515e-06	-6
2.127539975e-07	3.647360306e-06	-6
1.750704372e-07	3.6802182e-06	-6
1.372893419e-07	3.712963898e-06	-6
9.937926688e-08	3.745560153e-06	-6
6.131424235e-08	3.777975284e-06	-6
2.304538469e-08	3.810149326e-06	-6
-1.553185723e-08	3.841952611e-06	-6
-5.46770446e-08	3.873052184e-06	-6
-9.58532806e-08	3.898696675e-06	6
-6.442080643e-08	3.860132598e-06	6
-2.961769919e-08	3.824240117e-06	6
5.822352936e-09	3.788974373e-06	6
4.161068515e-08	3.754061931e-06	6
7.760235703e-08	3.719359114e-06	6
1.13770849e-07	3.684840558e-06	6
1.50060711e-07	3.650449618e-06	6
1.864540975e-07	3.616168231e-06	6
2.229369952e-07	3.581982104e-06	6
2.594982027e-07	3.547879729e-06	6
2.961286211e-07	3.513851703e-06	6
3.328207508e-07	3.479890229e-06	6
3.695683278e-07	3.445988761e-06	6
4.063660556e-07	3.412141736e-06	6
4.432094064e-07	3.378344375e-06	6
4.800944691e-07	3.344592532e-06	6
5.170211355e-07	3.310886199e-06	6
5.539933292e-07	3.277229815e-06	6
5.909988902e-07	3.243610135e-06	6
6.280353823e-07	3.21002453e-06	6
6.651029407e-07	3.1764732e-06	6
7.022118286e-07	3.142967591e-06	6
7.39346141e-07	3.109490174e-06	6
7.765042444e-07	3.076039157e-06	6
8.136987911e-07	3.04262866e-06	6
8.509191637e-07	3.009246949e-06	6
8.881594884e-07	2.975887492e-06	6
9.25432993e-07	2.942565106e-06	6
9.627302184e-07	2.909269283e-06	6
1.000044372e-06	2.875992425e-06	6
1.037393298e-06	2.842754595e-06	6
1.074760067e-06	2.809536837e-06	6
1.112145594e-06	2.776340182e-06	6
1.149562841e-06	2.743179287e-06	6
1.186993299e-06	2.710033309e-06	6
1.224450171e-06	2.676917174e-06	6
1.261928081e-06	2.643824862e-06	6
1.299419819e-06	2.610748206e-06	6
1.336943671e-06	2.577707988e-06	6
1.374478145e-06	2.544679843e-06	6
1.412038281e-06	2.511680877e-06	6
1.449616581e-06	2.478702607e-06	6
1.487210345e-06	2.445741956e-06	6
1.524831429e-06	2.412812497e-06	6
1.562461378e-06	2.379893167e-06	6
1.600121472e-06	2.347008324e-06	6
1.637792797e-06	2.314136355e-06	6
1.675485673e-06	2.281289092e-06	6
1.713197709e-06	2.248463838e-06	6
1.750923161e-06	2.215653993e-06	6
1.788675369e-06	2.182874945e-06	6
1.826435062e-06	2.150104515e-06	6
1.864225186e-06	2.117369181e-06	6
1.902024428e-06	2.084644383e-06	6
1.939846717e-06	2.051946216e-06	6
1.970799986e-06	2.02517447e-06	-6
1.932913555e-06	2.057798294e-06	-6
1.895017059e-06	2.09041042e-06	-6
1.857098585e-06	2.122996995e-06	-6
1.8191628e-06	2.155563407e-06	-6
1.78121226e-06	2.188112633e-06	-6
1.743236993e-06	2.220633e-06	-6
1.705254148e-06	2.253144522e-06	-6
1.667239279e-06	2.285618593e-06	-6
1.629216351e-06	2.318083222e-06	-6
1.591169152e-06	2.350519409e-06	-6
1.553105639e-06	2.38293644e-06	-6
1.515025954e-06	2.415334484e-06	-6
1.476921231e-06	2.447703067e-06	-6
1.43880745e-06	2.48006099e-06	-6
1.400662181e-06	2.512381789e-06	-6
1.362505813e-06	2.544689476e-06	-6
1.324327369e-06	2.57697108e-06	-6
1.286127418e-06	2.609227223e-06	-6
1.247915485e-06	2.64146918e-06	-6
1.2096708e-06	2.673672278e-06	-6
1.171414308e-06	2.705861342e-06	-6
1.133134279e-06	2.73802242e-06	-6
1.094830679e-06	2.770155412e-06	-6
1.056513541e-06	2.802272266e-06	-6
1.018163573e-06	2.834349915e-06	-6
9.797963638e-07	2.866406928e-06	-6
9.414105879e-07	2.898441719e-06	-6
9.0299124e-07	2.930436235e-06	-6
8.645545902e-07	2.962409954e-06	-6
8.260951709e-07	2.994356294e-06	-6
7.876021795e-07	3.026262169e-06	-6
7.490888164e-07	3.058143442e-06	-6
7.105524895e-07	3.089996968e-06	-6
6.719775117e-07	3.121803674e-06	-6
6.333782749e-07	3.153580922e-06	-6
5.947530775e-07	3.185326615e-06	-6
5.560934059e-07	3.217030328e-06	-6
5.173965829e-07	3.248688673e-06	-6
4.78668222e-07	3.28030842e-06	-6
4.399057915e-07	3.311886394e-06	-6
4.011064366e-07	3.343419e-06	-6
3.62260958e-07	3.374894775e-06	-6
3.233697062e-07	3.406313964e-06	-6
2.844318312e-07	3.437675342e-06	-6
2.454426041e-07	3.468972848e-06	-6
2.063964737e-07	3.500199327e-06	-6
1.672868483e-07	3.531346239e-06	-6
1.281058013e-07	3.562403254e-06	-6
8.884367136e-08	3.5933577e-06	-6
4.94835496e-08	3.62418744e-06	-6
9.995461597e-09	3.654853068e-06	-6
-2.963210072e-08	3.685338198e-06	-6
-6.947667857e-08	3.715538945e-06	-6
-1.096286317e-07	3.745329214e-06	-6
-1.503783186e-07	3.774293011e-06	-6
-1.826096262e-07	3.787089072e-06	6
-1.477249675e-07	3.751313139e-06	6
-1.110489878e-07	3.717335756e-06	6
-7.386237437e-08	3.683916993e-06	6
-3.638096852e-08	3.650828818e-06	6
1.306509589e-09	3.617975503e-06	6
3.914062101e-08	3.585291106e-06	6
7.708807901e-08	3.552738354e-06	6
1.151322442e-07	3.520298647e-06	6
1.532600509e-07	3.487957268e-06	6
1.914610547e-07	3.45570237e-06	6
2.297267711e-07	3.423524269e-06	6
2.680502061e-07	3.391414935e-06	6
3.064255169e-07	3.359367625e-06	6
3.448477626e-07	3.327376608e-06	6
3.833127182e-07	3.295436958e-06	6
4.218167336e-07	3.263544402e-06	6
4.603566262e-07	3.231695196e-06	6
4.989391981e-07	3.1998977e-06	6
5.375564583e-07	3.168142355e-06	6
5.762026882e-07	3.136422276e-06	6
6.148758537e-07	3.104735031e-06	6
6.535865882e-07	3.073093687e-06	6
6.923247775e-07	3.041485976e-06	6
7.310852553e-07	3.009905598e-06	6
7.698746735e-07	2.978360763e-06	6
8.086937769e-07	2.946852475e-06	6
8.47531573e-07	2.915367233e-06	6
8.863955163e-07	2.88391426e-06	6
9.25286887e-07	2.852495216e-06	6
9.641941197e-07	2.821095817e-06	6
1.003129233e-06	2.789730987e-06	6
1.042086007e-06	2.758393077e-06	6
1.081056389e-06	2.727072079e-06	6
1.120059956e-06	2.695792416e-06	6
1.15907664e-06	2.664529126e-06	6
1.198113583e-06	2.633291126e-06	6
1.23717495e-06	2.60208368e-06	6
1.276247131e-06	2.570889768e-06	6
1.315349403e-06	2.539733583e-06	6
1.354463986e-06	2.508592864e-06	6
1.393598311e-06	2.477476949e-06	6
1.432754164e-06	2.446388137e-06	6
1.471920194e-06	2.415312138e-06	6
1.511116335e-06	2.384274129e-06	6
1.550320793e-06	2.353246632e-06	6
1.589549349e-06	2.3222496e-06	6
1.628792772e-06	2.291271402e-06	6
1.668052224e-06	2.260313511e-06	6
1.707333986e-06	2.229383941e-06	6
1.746624138e-06	2.198465022e-06	6
1.78594373e-06	2.167583552e-06	6
1.825270354e-06	2.136711042e-06	6
1.864621442e-06	2.105869716e-06	6
1.903985314e-06	2.075044716e-06	6
1.943366703e-06	2.044242089e-06	6
1.962499288e-06	2.029243153e-06	-6
1.923057481e-06	2.059968379e-06	-6
1.883601183e-06	2.090674982e-06	-6
1.8441292e-06	2.121361432e-06	-6
1.804635898e-06	2.15202043e-06	-6
1.76513372e-06	2.182668e-06	-6
1.725603234e-06	2.213279045e-06	-6
1.686065598e-06	2.243880852e-06	-6
1.646502854e-06	2.274450198e-06	-6
1.606927463e-06	2.305003159e-06	-6
1.567334287e-06	2.335533078e-06	-6
1.527720668e-06	2.366036458e-06	-6
1.488096915e-06	2.396526684e-06	-6
1.448444478e-06	2.426979593e-06	-6
1.408783478e-06	2.457421344e-06	-6
1.369098008e-06	2.487831195e-06	-6
1.329396889e-06	2.518220603e-06	-6
1.289680204e-06	2.548589675e-06	-6
1.249938029e-06	2.578925375e-06	-6
1.210185549e-06	2.609247572e-06	-6
1.170405522e-06	2.639533626e-06	-6
1.130610033e-06	2.669799347e-06	-6
1.090797791e-06	2.70004304e-06	-6
1.05095792e-06	2.730250322e-06	-6
1.01110523e-06	2.760440687e-06	-6
9.712272196e-07	2.790597609e-06	-6
9.313273524e-07	2.820725594e-06	-6
8.914126329e-07	2.850833906e-06	-6
8.514666833e-07	2.880900777e-06	-6
8.115013059e-07	2.910941805e-06	-6
7.715185506e-07	2.940959711e-06	-6
7.315019368e-07	2.970932469e-06	-6
6.914641739e-07	3.000876955e-06	-6
6.514058611e-07	3.030793952e-06	-6
6.113151716e-07	3.060667555e-06	-6
5.711963652e-07	3.090503375e-06	-6
5.310529585e-07	3.120306084e-06	-6
4.908831659e-07	3.150073235e-06	-6
4.506729932e-07	3.179785818e-06	-6
4.104321902e-07	3.209456887e-06	-6
3.701590926e-07	3.239084101e-06	-6
3.298509825e-07	3.268663667e-06	-6
2.895047688e-07	3.298191253e-06	-6
2.491127232e-07	3.327656117e-06	-6
2.086737626e-07	3.357056551e-06	-6
1.681861027e-07	3.386389872e-06	-6
1.27644463e-07	3.415648535e-06	-6
8.704257287e-08	3.444823527e-06	-6
4.637289182e-08	3.473903944e-06	-6
5.623077184e-09	3.502871962e-06	-6
-3.522841004e-08	3.531696389e-06	-6
-7.619107664e-08	3.560362547e-06	-6
-1.172979578e-07	3.588821418e-06	-6
-1.586127028e-07	3.616977613e-06	-6
-2.002451328e-07	3.64466137e-06	-6
-2.425481928e-07	3.671303758e-06	-6
-2.614585864e-07	3.67132674e-06	6
-2.242188956e-07	3.637981182e-06	6
-1.858185685e-07	3.605965385e-06	6
-1.4697145e-07	3.574492159e-06	6
-1.078758311e-07	3.543327862e-06	6
-6.859134831e-08	3.512401852e-06	6
-2.918192368e-08	3.481635192e-06	6
1.033246396e-08	3.45100341e-06	6
4.994188793e-08	3.420494596e-06	6
8.962634241e-08	3.39008344e-06	6
1.293754207e-07	3.359756798e-06	6
1.691819808e-07	3.329505639e-06	6
2.090400683e-07	3.299322393e-06	6
2.489505912e-07	3.269208513e-06	6
2.889052288e-07	3.2391532e-06	6
3.28899537e-07	3.209150707e-06	6
3.689301385e-07	3.179196657e-06	6
4.089940874e-07	3.149287217e-06	6
4.490907455e-07	3.119421624e-06	6
4.892270332e-07	3.089609315e-06	6
5.293902449e-07	3.059833302e-06	6
5.695784996e-07	3.030091094e-06	6
6.097954698e-07	3.000387712e-06	6
6.500445356e-07	2.970727843e-06	6
6.903143234e-07	2.941096122e-06	6
7.3060513e-07	2.911492972e-06	6
7.709297502e-07	2.881935901e-06	6
8.112717505e-07	2.852402568e-06	6
8.516324712e-07	2.82289481e-06	6
8.920245839e-07	2.793430041e-06	6
9.324314469e-07	2.763985512e-06	6
9.728589155e-07	2.734569269e-06	6
1.013312123e-06	2.705188439e-06	6
1.053777986e-06	2.675825043e-06	6
1.094269639e-06	2.646497213e-06	6
1.13477882e-06	2.617193609e-06	6
1.17530176e-06	2.587909024e-06	6
1.215852742e-06	2.558663286e-06	6
1.256413786e-06	2.529431509e-06	6
1.296997956e-06	2.500231838e-06	6
1.337598671e-06	2.471055189e-06	6
1.378212876e-06	2.441897309e-06	6
1.418852202e-06	2.412774459e-06	6
1.459499807e-06	2.383663164e-06	6
1.500173131e-06	2.354587808e-06	6
1.540857895e-06	2.325528473e-06	6
1.581560378e-06	2.29649395e-06	6
1.622281599e-06	2.267485724e-06	6
1.663013019e-06	2.238491811e-06	6
1.703770112e-06	2.209534001e-06	6
1.744534009e-06	2.180585771e-06	6
1.785322768e-06	2.151672578e-06	6
1.826121817e-06	2.122773917e-06	6
1.86693904e-06	2.09390092e-06	6
1.907772942e-06	2.065051528e-06	6
1.948618529e-06	2.036218672e-06	6
1.952609335e-06	2.033343481e-06	-6
1.911707202e-06	2.062096066e-06	-6
1.870786032e-06	2.09082154e-06	-6
1.829855661e-06	2.119533913e-06	-6
1.788899864e-06	2.148210002e-06	-6
1.747937563e-06	2.176876798e-06	-6
1.706950649e-06	2.205508397e-06	-6
1.665953353e-06	2.234125118e-06	-6
1.624938076e-06	2.262716072e-06	-6
1.583905445e-06	2.291282103e-06	-6
1.542861705e-06	2.319832183e-06	-6
1.501793295e-06	2.348346758e-06	-6
1.460717309e-06	2.376850419e-06	-6
1.419616223e-06	2.40531788e-06	-6
1.378503437e-06	2.433768429e-06	-6
1.337373401e-06	2.462194048e-06	-6
1.296223063e-06	2.490590257e-06	-6
1.25506374e-06	2.51897345e-06	-6
1.213875081e-06	2.547314057e-06	-6
1.172676617e-06	2.575640398e-06	-6
1.131458207e-06	2.603937717e-06	-6
1.09021948e-06	2.632205408e-06	-6
1.048969703e-06	2.66045698e-06	-6
1.007690696e-06	2.688665829e-06	-6
9.663983543e-07	2.716855143e-06	-6
9.250884055e-07	2.74501866e-06	-6
8.837518949e-07	2.773143171e-06	-6
8.424013969e-07	2.801247107e-06	-6
8.010280001e-07	2.829317334e-06	-6
7.596300692e-07	2.857351354e-06	-6
7.182157675e-07	2.885361183e-06	-6
6.767763986e-07	2.913333925e-06	-6
6.353105859e-07	2.941267441e-06	-6
5.938254108e-07	2.969172189e-06	-6
5.523169069e-07	2.997042239e-06	-6
5.107750779e-07	3.024862587e-06	-6
4.692100683e-07	3.052648275e-06	-6
4.276201857e-07	3.080396725e-06	-6
3.860002156e-07	3.10810004e-06	-6
3.443438137e-07	3.135748537e-06	-6
3.026569701e-07	3.163351098e-06	-6
2.609371106e-07	3.190903728e-06	-6
2.191813068e-07	3.218401858e-06	-6
1.773861971e-07	3.245840218e-06	-6
1.355478848e-07	3.273212668e-06	-6
9.366041068e-08	3.300509831e-06	-6
5.172083728e-08	3.327726876e-06	-6
9.723618227e-09	3.354854882e-06	-6
-3.2342881e-08	3.381875315e-06	-6
-7.448670604e-08	3.408774948e-06	-6
-1.167201028e-07	3.435533691e-06	-6
-1.590587237e-07	3.462125617e-06	-6
-2.015568844e-07	3.488461703e-06	-6
-2.442522828e-07	3.514476463e-06	-6
-2.87286777e-07	3.539925252e-06	-6
-3.310895181e-07	3.564013795e-06	-6
-3.328851659e-07	3.551548975e-06	6
-2.936777783e-07	3.520531795e-06	6
-2.536308087e-07	3.490600471e-06	6
-2.132300301e-07	3.461147874e-06	6
-1.726017883e-07	3.432009767e-06	6
-1.318263033e-07	3.403077981e-06	6
-9.093383138e-08	3.374311728e-06	6
-4.993705631e-08	3.345694291e-06	6
-8.863016433e-09	3.317187867e-06	6
3.227846639e-08	3.288778864e-06	6
7.347942734e-08	3.260456184e-06	6
1.147333128e-07	3.232210641e-06	6
1.560346583e-07	3.204034531e-06	6
1.973788519e-07	3.175921318e-06	6
2.387660006e-07	3.147871371e-06	6
2.801934284e-07	3.119880957e-06	6
3.216542883e-07	3.0919401e-06	6
3.631458792e-07	3.0640449e-06	6
4.046658245e-07	3.036191909e-06	6
4.462187058e-07	3.008388067e-06	6
4.878022369e-07	2.980630097e-06	6
5.29408853e-07	2.952906749e-06	6
5.710370006e-07	2.925215726e-06	6
6.126981982e-07	2.897574449e-06	6
6.543803651e-07	2.869964819e-06	6
6.960804568e-07	2.842382262e-06	6
7.378085299e-07	2.814842045e-06	6
7.795576234e-07	2.787333719e-06	6
8.213218278e-07	2.759848333e-06	6
8.63113474e-07	2.732404683e-06	6
9.04922695e-07	2.70498783e-06	6
9.467450915e-07	2.677591065e-06	6
9.885973453e-07	2.650239933e-06	6
1.030461272e-06	2.622906683e-06	6
1.072343429e-06	2.595601362e-06	6
1.114247581e-06	2.568329819e-06	6
1.156161864e-06	2.541073844e-06	6
1.198101832e-06	2.513857402e-06	6
1.240054085e-06	2.486659914e-06	6
1.282022349e-06	2.459487125e-06	6
1.324011445e-06	2.432346549e-06	6
1.366008765e-06	2.405218691e-06	6
1.408032609e-06	2.37813194e-06	6
1.450065208e-06	2.351058786e-06	6
1.492116412e-06	2.324014529e-06	6
1.534183523e-06	2.296995034e-06	6
1.576261845e-06	2.269992989e-06	6
1.618362817e-06	2.243026279e-06	6
1.660470376e-06	2.216069854e-06	6
1.702602335e-06	2.189151577e-06	6
1.744742918e-06	2.162246813e-06	6
1.786901456e-06	2.135370182e-06	6
1.82907469e-06	2.10851663e-06	6
1.871259684e-06	2.081681542e-06	6
1.913465292e-06	2.054878896e-06	6
1.955676602e-06	2.028085223e-06	5.792567619
1.941072603e-06	2.037271425e-06	-6
1.898808711e-06	2.063982079e-06	-6
1.856521318e-06	2.090655508e-06	-6
1.814228e-06	2.117319539e-06	-6
1.771911639e-06	2.143946991e-06	-6
1.729586033e-06	2.170559734e-06	-6
1.687243398e-06	2.197145385e-06	-6
1.64488528e-06	2.22370635e-06	-6
1.60251631e-06	2.250250012e-06	-6
1.560125365e-06	2.276758559e-06	-6
1.517727721e-06	2.303256391e-06	-6
1.475305787e-06	2.329715324e-06	-6
1.432874536e-06	2.356159301e-06	-6
1.390425917e-06	2.382575401e-06	-6
1.347960471e-06	2.408964431e-06	-6
1.305484989e-06	2.435337316e-06	-6
1.262984652e-06	2.461670123e-06	-6
1.220475921e-06	2.487989372e-06	-6
1.177946054e-06	2.514274463e-06	-6
1.13540095e-06	2.540534871e-06	-6
1.092843489e-06	2.566775262e-06	-6
1.050260969e-06	2.592974963e-06	-6
1.007668117e-06	2.619157857e-06	-6
9.65054467e-07	2.6453069e-06	-6
9.224220561e-07	2.671425332e-06	-6
8.797777389e-07	2.697524328e-06	-6
8.371062623e-07	2.723578899e-06	-6
7.944197176e-07	2.74960876e-06	-6
7.517185823e-07	2.775614695e-06	-6
7.0898795e-07	2.801572133e-06	-6
6.662419994e-07	2.827504321e-06	-6
6.234797446e-07	2.853409633e-06	-6
5.806859108e-07	2.879262744e-06	-6
5.37873956e-07	2.905085818e-06	-6
4.9504266e-07	2.930876808e-06	-6
4.521830519e-07	2.956620731e-06	-6
4.092967318e-07	2.982320116e-06	-6
3.663871211e-07	3.007980586e-06	-6
3.234524512e-07	3.033599116e-06	-6
2.804861989e-07	3.059164654e-06	-6
2.374862301e-07	3.084673431e-06	-6
1.944553357e-07	3.110129989e-06	-6
1.51390759e-07	3.135529519e-06	-6
1.082893346e-07	3.16086647e-06	-6
6.514739242e-08	3.186134371e-06	-6
2.196063233e-08	3.211325596e-06	-6
-2.127604275e-08	3.236431049e-06	-6
-6.456875012e-08	3.261439742e-06	-6
-1.07924932e-07	3.286338209e-06	-6
-1.513537775e-07	3.311109693e-06	-6
-1.948668187e-07	3.33573297e-06	-6
-2.384960024e-07	3.360149781e-06	-6
-2.822644156e-07	3.384316075e-06	-6
-3.262473833e-07	3.408089242e-06	-6
-3.705761455e-07	3.431209622e-06	-6
-4.15902298e-07	3.452263881e-06	-6
-3.967461828e-07	3.428189859e-06	6
-3.557851241e-07	3.399526027e-06	6
-3.14225981e-07	3.371732612e-06	6
-2.723739105e-07	3.344381637e-06	6
-2.303319964e-07	3.317323116e-06	6
-1.881589922e-07	3.290469309e-06	6
-1.458731587e-07	3.263793473e-06	6
-1.035057973e-07	3.237247316e-06	6
-6.106808295e-08	3.210813764e-06	6
-1.856893338e-08	3.184479089e-06	6
2.398441941e-08	3.158232083e-06	6
6.658602405e-08	3.132063462e-06	6
1.092309174e-07	3.10596544e-06	6
1.519149096e-07	3.079931406e-06	6
1.946344244e-07	3.053955688e-06	6
2.373894331e-07	3.028038419e-06	6
2.801804828e-07	3.002180708e-06	6
3.229995789e-07	2.976369481e-06	6
3.658445641e-07	2.950601251e-06	6
4.087135249e-07	2.924872908e-06	6
4.51615441e-07	2.899199553e-06	6
4.945400193e-07	2.873564123e-06	6
5.374842643e-07	2.84796165e-06	6
5.804518208e-07	2.822398304e-06	6
6.234457928e-07	2.796879419e-06	6
6.664561373e-07	2.771388146e-06	6
7.094855166e-07	2.745929e-06	6
7.525409737e-07	2.720513988e-06	6
7.956102344e-07	2.695122383e-06	6
8.386983612e-07	2.66976279e-06	6
8.818090697e-07	2.644441615e-06	6
9.249315491e-07	2.619140492e-06	6
9.680759326e-07	2.593876728e-06	6
1.011236923e-06	2.56864136e-06	6
1.054408651e-06	2.543424353e-06	6
1.097606681e-06	2.518252428e-06	6
1.140813968e-06	2.493096409e-06	6
1.18403907e-06	2.467971001e-06	6
1.227281323e-06	2.442875134e-06	6
1.270532543e-06	2.417794711e-06	6
1.313808722e-06	2.392757382e-06	6
1.357092421e-06	2.367733065e-06	6
1.400394928e-06	2.342741297e-06	6
1.443711118e-06	2.317773264e-06	6
1.487038864e-06	2.292825278e-06	6
1.530386837e-06	2.267912461e-06	6
1.573741176e-06	2.24301072e-06	6
1.61711875e-06	2.218149471e-06	6
1.660503939e-06	2.193301525e-06	6
1.703906158e-06	2.168483325e-06	6
1.747321762e-06	2.143688561e-06	6
1.790748482e-06	2.11891326e-06	6
1.834194157e-06	2.094171221e-06	6
1.877645354e-06	2.069438874e-06	6
1.921120752e-06	2.04474909e-06	6
1.964593879e-06	2.02005531e-06	-2.937730613
1.927850735e-06	2.040815904e-06	-6
1.884323419e-06	2.065414035e-06	-6
1.840775457e-06	2.089975603e-06	-6
1.797218523e-06	2.114521244e-06	-6
1.753646397e-06	2.13903992e-06	-6
1.710059722e-06	2.163532709e-06	-6
1.666463405e-06	2.188008346e-06	-6
1.622846784e-06	2.212447772e-06	-6
1.579224245e-06	2.236876639e-06	-6
1.535579364e-06	2.26126557e-06	-6
1.491926311e-06	2.28563986e-06	-6
1.448257007e-06	2.309985033e-06	-6
1.404572995e-06	2.334303792e-06	-6
1.360879137e-06	2.358604871e-06	-6
1.317163624e-06	2.382866966e-06	-6
1.273440867e-06	2.407116e-06	-6
1.2296974e-06	2.431327666e-06	-6
1.185941967e-06	2.455517684e-06	-6
1.142173383e-06	2.479683914e-06	-6
1.098384439e-06	2.503813222e-06	-6
1.054586682e-06	2.527926531e-06	-6
1.010767071e-06	2.552000112e-06	-6
9.669340716e-07	2.576049292e-06	-6
9.230884749e-07	2.600075512e-06	-6
8.792190267e-07	2.624058148e-06	-6
8.353385289e-07	2.648020552e-06	-6
7.914398039e-07	2.671949563e-06	-6
7.475203934e-07	2.695840573e-06	-6
7.03588123e-07	2.719707928e-06	-6
6.596343926e-07	2.743535751e-06	-6
6.156601393e-07	2.767325664e-06	-6
5.716707709e-07	2.791087616e-06	-6
5.276596769e-07	2.814809319e-06	-6
4.836244752e-07	2.838486227e-06	-6
4.395713095e-07	2.862129687e-06	-6
3.95498931e-07	2.885737332e-06	-6
3.513960069e-07	2.909287867e-06	-6
3.072704905e-07	2.932796022e-06	-6
2.631216879e-07	2.956260412e-06	-6
2.189477509e-07	2.979677462e-06	-6
1.747434752e-07	3.003037205e-06	-6
1.30505738e-07	3.026333508e-06	-6
8.623669403e-08	3.049570246e-06	-6
4.19333867e-08	3.07274158e-06	-6
-2.407612512e-09	3.095840699e-06	-6
-4.679032146e-08	3.118859568e-06	-6
-9.121950267e-08	3.141788604e-06	-6
-1.357008718e-07	3.164616222e-06	-6
-1.802413815e-07	3.187328221e-06	-6
-2.248496141e-07	3.209906918e-06	-6
-2.695479399e-07	3.232306676e-06	-6
-3.143527407e-07	3.254492629e-06	-6
-3.592995773e-07	3.276389105e-06	-6
-4.044592463e-07	3.297842614e-06	-6
-4.500068899e-07	3.31845654e-06	-6
-4.933281147e-07	3.330898703e-06	6
-4.528787384e-07	3.301714885e-06	6
-4.103680934e-07	3.275401745e-06	6
-3.674097178e-07	3.249823508e-06	6
-3.242047309e-07	3.224663769e-06	6
-2.808537834e-07	3.199756315e-06	6
-2.373782067e-07	3.175066949e-06	6
-1.938164763e-07	3.150529906e-06	6
-1.501813861e-07	3.126123534e-06	6
-1.064829635e-07	3.101830715e-06	6
-6.272921042e-08	3.07763768e-06	6
-1.892661622e-08	3.053533181e-06	6
2.491947805e-08	3.0295079e-06	6
6.880461731e-08	3.005554018e-06	6
1.127250398e-07	2.981664891e-06	6
1.566775337e-07	2.957834818e-06	6
2.006593281e-07	2.934058852e-06	6
2.446706897e-07	2.910337646e-06	6
2.887136627e-07	2.886675192e-06	6
3.327800136e-07	2.863056318e-06	6
3.768680254e-07	2.839477899e-06	6
4.209782391e-07	2.81594102e-06	6
4.651169418e-07	2.792457617e-06	6
5.0927341e-07	2.76900765e-06	6
5.534464988e-07	2.745588993e-06	6
5.97645566e-07	2.722219397e-06	6
6.418621495e-07	2.698882977e-06	6
6.860926468e-07	2.675572929e-06	6
7.303468412e-07	2.652307894e-06	6
7.746170179e-07	2.629073302e-06	6
8.188989823e-07	2.60586117e-06	6
8.632057472e-07	2.582696408e-06	6
9.075243458e-07	2.559554311e-06	6
9.518565913e-07	2.536438351e-06	6
9.962103013e-07	2.513363611e-06	6
1.040573185e-06	2.490306515e-06	6
1.084955038e-06	2.467285944e-06	6
1.129350882e-06	2.44429238e-06	6
1.173756951e-06	2.421318556e-06	6
1.218184674e-06	2.39838664e-06	6
1.262619757e-06	2.375468992e-06	6
1.307073273e-06	2.352587111e-06	6
1.351538729e-06	2.329728454e-06	6
1.396015545e-06	2.306891896e-06	6
1.440510625e-06	2.284090952e-06	6
1.485011836e-06	2.26130197e-06	6
1.529534558e-06	2.23855504e-06	6
1.574064383e-06	2.21582203e-06	6
1.618609766e-06	2.19311951e-06	6
1.663167721e-06	2.170441687e-06	6
1.707735606e-06	2.147783374e-06	6
1.752321293e-06	2.125160118e-06	6
1.796912143e-06	2.102547033e-06	6
1.84152465e-06	2.079976702e-06	6
1.886142772e-06	2.057417484e-06	6
1.930777445e-06	2.034891019e-06	6
1.95760399e-06	2.021321565e-06	-6
1.912925164e-06	2.043760328e-06	-6
1.868237024e-06	2.066180523e-06	-6
1.823536167e-06	2.088575365e-06	-6
1.778821019e-06	2.110941648e-06	-6
1.734098132e-06	2.133292463e-06	-6
1.689355866e-06	2.155604454e-06	-6
1.644608387e-06	2.17790599e-06	-6
1.599841356e-06	2.200168257e-06	-6
1.555066373e-06	2.222414513e-06	-6
1.510277183e-06	2.244632165e-06	-6
1.465474373e-06	2.266822325e-06	-6
1.420662935e-06	2.28899507e-06	-6
1.375831893e-06	2.311128145e-06	-6
1.330994626e-06	2.333248605e-06	-6
1.286138328e-06	2.355330455e-06	-6
1.241271917e-06	2.377391736e-06	-6
1.196392954e-06	2.399427485e-06	-6
1.151496744e-06	2.421428063e-06	-6
1.106593058e-06	2.443413384e-06	-6
1.061668152e-06	2.465355317e-06	-6
1.016733288e-06	2.487276835e-06	-6
9.717850419e-07	2.509170915e-06	-6
9.268180374e-07	2.531026432e-06	-6
8.818417564e-07	2.552862853e-06	-6
8.368459133e-07	2.574658946e-06	-6
7.918355151e-07	2.59642495e-06	-6
7.468143831e-07	2.618168757e-06	-6
7.017694478e-07	2.639863212e-06	-6
6.567117379e-07	2.661531104e-06	-6
6.116414892e-07	2.683172921e-06	-6
5.665455751e-07	2.704761208e-06	-6
5.214356745e-07	2.726320232e-06	-6
4.763109744e-07	2.747848277e-06	-6
4.311617106e-07	2.769324765e-06	-6
3.859934843e-07	2.790761324e-06	-6
3.408075798e-07	2.812160592e-06	-6
2.956019829e-07	2.833518251e-06	-6
2.503676019e-07	2.854814876e-06	-6
2.051117973e-07	2.876065914e-06	-6
1.598328574e-07	2.897267608e-06	-6
1.145288546e-07	2.918415703e-06	-6
6.919759999e-08	2.939505341e-06	-6
2.383225609e-08	2.960521553e-06	-6
-2.156524169e-08	2.9814682e-06	-6
-6.699744911e-08	3.002339441e-06	-6
-1.124680811e-07	3.023126825e-06	-6
-1.579815408e-07	3.043820265e-06	-6
-2.03543112e-07	3.064407557e-06	-6
-2.491598936e-07	3.08487223e-06	-6
-2.948500308e-07	3.105172559e-06	-6
-3.406185158e-07	3.125295541e-06	-6
-3.864864124e-07	3.14519076e-06	-6
-4.325014114e-07	3.164743235e-06	-6
-4.787344853e-07	3.183773458e-06	-6
-5.2542108e-07	3.201654059e-06	-6
-5.441472458e-07	3.198073297e-06	6
-5.011192996e-07	3.172630827e-06	6
-4.572109766e-07	3.148721521e-06	6
-4.129711809e-07	3.125429847e-06	6
-3.685480827e-07	3.102489271e-06	6
-3.239845173e-07	3.07982261e-06	6
-2.793297352e-07	3.057336159e-06	6
-2.345984872e-07	3.035002149e-06	6
-1.897997202e-07	3.012803846e-06	6
-1.449448722e-07	2.990719073e-06	6
-1.000431969e-07	2.968729661e-06	6
-5.509992288e-08	2.946825387e-06	6
-1.011839293e-08	2.92499977e-06	6
3.490033727e-08	2.903250992e-06	6
7.995049696e-08	2.881567409e-06	6
1.250292403e-07	2.859943322e-06	6
1.701341116e-07	2.838373789e-06	6
2.15262972e-07	2.816854479e-06	6
2.604166242e-07	2.795387218e-06	6
3.055974337e-07	2.773977182e-06	6
3.507975616e-07	2.752607977e-06	6
3.960156494e-07	2.731276793e-06	6
4.412555558e-07	2.709991905e-06	6
4.865171896e-07	2.688753273e-06	6
5.317936523e-07	2.667546278e-06	6
5.770863718e-07	2.646374004e-06	6
6.224020249e-07	2.625250868e-06	6
6.677300914e-07	2.604154396e-06	6
7.13072731e-07	2.583089244e-06	6
7.584365516e-07	2.562069752e-06	6
8.038108899e-07	2.541072983e-06	6
8.492011082e-07	2.520110548e-06	6
8.946084578e-07	2.499185262e-06	6
9.400248194e-07	2.478279536e-06	6
9.854607134e-07	2.457416288e-06	6
1.030907883e-06	2.43657763e-06	6
1.076366015e-06	2.415762879e-06	6
1.121842884e-06	2.394989106e-06	6
1.167326898e-06	2.374230985e-06	6
1.212828497e-06	2.353511427e-06	6
1.258340658e-06	2.332815094e-06	6
1.303863554e-06	2.31214237e-06	6
1.349403081e-06	2.29150632e-06	6
1.394948476e-06	2.270883214e-06	6
1.440513241e-06	2.250302939e-06	6
1.486084939e-06	2.229738031e-06	6
1.53167033e-06	2.209203484e-06	6
1.57726781e-06	2.188695805e-06	6
1.622873655e-06	2.168206725e-06	6
1.668496478e-06	2.147755483e-06	6
1.714124108e-06	2.127314963e-06	6
1.759770435e-06	2.106916228e-06	6
1.805422869e-06	2.086531177e-06	6
1.851089268e-06	2.066177415e-06	6
1.896766274e-06	2.045847482e-06	6
1.942452659e-06	2.025538622e-06	6
1.942023794e-06	2.025665091e-06	-6
1.896297612e-06	2.045884189e-06	-6
1.850556983e-06	2.066070569e-06	-6
1.804810952e-06	2.086244717e-06	-6
1.759045994e-06	2.106375891e-06	-6
1.713276467e-06	2.126496665e-06	-6
1.667490736e-06	2.14658055e-06	-6
1.621696647e-06	2.166645356e-06	-6
1.575891027e-06	2.186683837e-06	-6
1.530072161e-06	2.206692e-06	-6
1.484246597e-06	2.22668483e-06	-6
1.438402665e-06	2.246635502e-06	-6
1.392553418e-06	2.266573952e-06	-6
1.346687722e-06	2.286474542e-06	-6
1.300812723e-06	2.306353663e-06	-6
1.254926793e-06	2.326207554e-06	-6
1.209025542e-06	2.346025986e-06	-6
1.163117995e-06	2.36582984e-06	-6
1.117191142e-06	2.385588882e-06	-6
1.071256268e-06	2.405329254e-06	-6
1.025308674e-06	2.425040017e-06	-6
9.793457166e-07	2.444714914e-06	-6
9.333750332e-07	2.464371761e-06	-6
8.873852499e-07	2.483983885e-06	-6
8.413849216e-07	2.503571244e-06	-6
7.953736251e-07	2.523132844e-06	-6
7.493425675e-07	2.542647891e-06	-6
7.033017591e-07	2.56213991e-06	-6
6.572464109e-07	2.581597569e-06	-6
6.111726567e-07	2.601011591e-06	-6
5.650875084e-07	2.620398544e-06	-6
5.189864449e-07	2.63974764e-06	-6
4.728655826e-07	2.659049484e-06	-6
4.267312701e-07	2.678319145e-06	-6
3.805823977e-07	2.697553936e-06	-6
3.344088836e-07	2.716729497e-06	-6
2.88219304e-07	2.735866301e-06	-6
2.420124915e-07	2.75496146e-06	-6
1.957867495e-07	2.774010774e-06	-6
1.495340491e-07	2.792994536e-06	-6
1.032603194e-07	2.811926953e-06	-6
5.69637974e-08	2.830803555e-06	-6
1.064248069e-08	2.849619233e-06	-6
-3.570592509e-08	2.868368091e-06	-6
-8.208407461e-08	2.887043264e-06	-6
-1.284950718e-07	2.905636662e-06	-6
-1.749425875e-07	2.924138645e-06	-6
-2.214310169e-07	2.94253757e-06	-6
-2.679656929e-07	2.960819179e-06	-6
-3.145531823e-07	2.978965732e-06	-6
-3.612016994e-07	2.996954778e-06	-6
-4.079246411e-07	3.014749577e-06	-6
-4.547562505e-07	3.032256279e-06	-6
-5.017270347e-07	3.049385371e-06	-6
-5.489299218e-07	3.065862174e-06	-6
-5.966962613e-07	3.080588655e-06	-6
-5.859394969e-07	3.064032002e-06	6
-5.413308449e-07	3.0414625e-06	6
-4.961810104e-07	3.019988613e-06	6
-4.507947294e-07	2.999018094e-06	6
-4.052470291e-07	2.978400291e-06	6
-3.596025191e-07	2.957997648e-06	6
-3.138720385e-07	2.937788375e-06	6
-2.680742943e-07	2.917731975e-06	6
-2.222230084e-07	2.897798281e-06	6
-1.763250591e-07	2.877972261e-06	6
-1.303860133e-07	2.858241643e-06	6
-8.441044372e-08	2.838596273e-06	6
-3.840215697e-08	2.819027635e-06	6
7.635639279e-09	2.799528506e-06	6
5.370080222e-08	2.780094095e-06	6
9.979601548e-08	2.760731068e-06	6
1.459141719e-07	2.741422774e-06	6
1.920534051e-07	2.722164907e-06	6
2.382120749e-07	2.702953662e-06	6
2.843916085e-07	2.6837926e-06	6
3.305939518e-07	2.664686616e-06	6
3.768120761e-07	2.645618855e-06	6
4.230449166e-07	2.626586786e-06	6
4.692988893e-07	2.607606122e-06	6
5.155687251e-07	2.588664183e-06	6
5.618507848e-07	2.569752125e-06	6
6.081505911e-07	2.550883539e-06	6
6.544661438e-07	2.532053657e-06	6
7.007919818e-07	2.513249087e-06	6
7.471352673e-07	2.494487545e-06	6
7.934918183e-07	2.475758822e-06	6
8.398571243e-07	2.457051769e-06	6
8.862419765e-07	2.43839323e-06	6
9.32635768e-07	2.419756949e-06	6
9.790407997e-07	2.401148654e-06	6
1.025461956e-06	2.382580634e-06	6
1.071889977e-06	2.364029782e-06	6
1.11833435e-06	2.345519898e-06	6
1.164788161e-06	2.327033732e-06	6
1.211251762e-06	2.308572165e-06	6
1.25773057e-06	2.29014893e-06	6
1.304214937e-06	2.271739723e-06	6
1.350716251e-06	2.253373356e-06	6
1.39722452e-06	2.235024626e-06	6
1.443744371e-06	2.216705264e-06	6
1.490275997e-06	2.198415846e-06	6
1.536814205e-06	2.180143166e-06	6
1.583368722e-06	2.161912085e-06	6
1.629927679e-06	2.143692349e-06	6
1.676502142e-06	2.125512279e-06	6
1.723083395e-06	2.107349628e-06	6
1.769675798e-06	2.089215583e-06	6
1.816279072e-06	2.07110951e-06	6
1.862889315e-06	2.053021368e-06	6
1.909514399e-06	2.034971528e-06	6
1.956141379e-06	2.016926577e-06	2.788785185
1.92465382e-06	2.029013975e-06	-6
1.877989405e-06	2.046961896e-06	-6
1.831308441e-06	2.064866733e-06	-6
1.784622429e-06	2.082758389e-06	-6
1.737923856e-06	2.10061725e-06	-6
1.691216178e-06	2.118452265e-06	-6
1.644499991e-06	2.136264998e-06	-6
1.597770519e-06	2.154042837e-06	-6
1.551036693e-06	2.171809243e-06	-6
1.504285238e-06	2.189529202e-06	-6
1.457529285e-06	2.20723728e-06	-6
1.41076004e-06	2.224910233e-06	-6
1.36398161e-06	2.242558844e-06	-6
1.317194545e-06	2.260184569e-06	-6
1.27039327e-06	2.277772513e-06	-6
1.223586747e-06	2.295346494e-06	-6
1.176763724e-06	2.312876472e-06	-6
1.129933539e-06	2.330387289e-06	-6
1.083092334e-06	2.347868625e-06	-6
1.036237909e-06	2.365314482e-06	-6
9.893771198e-07	2.382743246e-06	-6
9.42499025e-07	2.400125415e-06	-6
8.956127862e-07	2.417485585e-06	-6
8.487159308e-07	2.434817075e-06	-6
8.018034027e-07	2.452106085e-06	-6
7.548829218e-07	2.469373496e-06	-6
7.079477635e-07	2.486600989e-06	-6
6.609992691e-07	2.503792084e-06	-6
6.140415363e-07	2.520957937e-06	-6
5.670667984e-07	2.538077212e-06	-6
5.200789035e-07	2.555160318e-06	-6
4.730801742e-07	2.572213602e-06	-6
4.260642434e-07	2.58921942e-06	-6
3.790326596e-07	2.606181877e-06	-6
3.31988232e-07	2.623108676e-06	-6
2.849290754e-07	2.639994509e-06	-6
2.378483817e-07	2.656820194e-06	-6
1.907522665e-07	2.673602637e-06	-6
1.436395642e-07	2.690338459e-06	-6
9.650897458e-08	2.707023866e-06	-6
4.935496005e-08	2.723642966e-06	-6
2.178985033e-09	2.740199601e-06	-6
-4.501918394e-08	2.75669284e-06	-6
-9.224160993e-08	2.773116487e-06	-6
-1.394906797e-07	2.789463319e-06	-6
-1.867691831e-07	2.805724819e-06	-6
-2.340804187e-07	2.821890831e-06	-6
-2.814283334e-07	2.837949081e-06	-6
-3.288177135e-07	2.853884526e-06	-6
-3.762544463e-07	2.869678445e-06	-6
-4.237508236e-07	2.885292022e-06	-6
-4.713239369e-07	2.90067012e-06	-6
-5.189906543e-07	2.915755192e-06	-6
-5.668008729e-07	2.930378467e-06	-6
-6.148682914e-07	2.944128062e-06	-6
-6.630153825e-07	2.95224745e-06	5.542665971
-6.19293774e-07	2.928598602e-06	6
-5.734087753e-07	2.908746633e-06	6
-5.271683934e-07	2.889733523e-06	6
-4.807453174e-07	2.871170696e-06	6
-4.34215215e-07	2.852877612e-06	6
-3.875895605e-07	2.834829357e-06	6
-3.409009049e-07	2.816944717e-06	6
-2.941587402e-07	2.79920037e-06	6
-2.473704863e-07	2.781577881e-06	6
-2.005420498e-07	2.764062431e-06	6
-1.536782105e-07	2.746641917e-06	6
-1.067828939e-07	2.729306315e-06	6
-5.985936763e-08	2.712047217e-06	6
-1.291038566e-08	2.694857483e-06	6
3.406170509e-08	2.677730985e-06	6
8.105488389e-08	2.660662411e-06	6
1.280711014e-07	2.643657386e-06	6
1.751081544e-07	2.626710098e-06	6
2.22161975e-07	2.609809436e-06	6
2.692313193e-07	2.592952045e-06	6
3.16318204e-07	2.576143688e-06	6
3.634237604e-07	2.559387744e-06	6
4.105420115e-07	2.542667547e-06	6
4.576721342e-07	2.525980813e-06	6
5.048223171e-07	2.509350845e-06	6
5.519834061e-07	2.492751857e-06	6
5.991544095e-07	2.476181044e-06	6
6.46343756e-07	2.459662534e-06	6
6.935429458e-07	2.443172195e-06	6
7.407511396e-07	2.426707626e-06	6
7.879771322e-07	2.410294184e-06	6
8.352106724e-07	2.393902492e-06	6
8.824553227e-07	2.377542828e-06	6
9.297137177e-07	2.361222926e-06	6
9.769786116e-07	2.344921851e-06	6
1.024258322e-06	2.328663788e-06	6
1.071546503e-06	2.312430403e-06	6
1.118843301e-06	2.296222118e-06	6
1.166153977e-06	2.280054399e-06	6
1.213469849e-06	2.263901892e-06	6
1.260800079e-06	2.247791494e-06	6
1.308137345e-06	2.231701801e-06	6
1.355483968e-06	2.215639644e-06	6
1.402842074e-06	2.199611391e-06	6
1.450204904e-06	2.183597089e-06	6
1.49758337e-06	2.167629105e-06	6
1.544965889e-06	2.151673163e-06	6
1.592360659e-06	2.135753634e-06	6
1.639762909e-06	2.119856413e-06	6
1.687173447e-06	2.103983908e-06	6
1.734595127e-06	2.088144734e-06	6
1.782021324e-06	2.072319078e-06	6
1.829462189e-06	2.056537449e-06	6
1.876906564e-06	2.040766384e-06	6
1.924363815e-06	2.025034094e-06	6
1.953023207e-06	2.015500251e-06	-6
1.905535151e-06	2.03113931e-06	-6
1.858040628e-06	2.046758698e-06	-6
1.810537225e-06	2.062351076e-06	-6
1.763023896e-06	2.077913166e-06	-6
1.715505162e-06	2.093458759e-06	-6
1.667972972e-06	2.108963155e-06	-6
1.620437159e-06	2.124456437e-06	-6
1.57288775e-06	2.139907953e-06	-6
1.525332837e-06	2.155342501e-06	-6
1.477768055e-06	2.170746627e-06	-6
1.430193842e-06	2.186121582e-06	-6
1.382613641e-06	2.201478016e-06	-6
1.335019872e-06	2.216792337e-06	-6
1.28742179e-06	2.232093249e-06	-6
1.239810548e-06	2.247353169e-06	-6
1.192192313e-06	2.262591234e-06	-6
1.144565412e-06	2.277802215e-06	-6
1.096926597e-06	2.292975824e-06	-6
1.049282618e-06	2.308133218e-06	-6
1.001624031e-06	2.323244628e-06	-6
9.53958561e-07	2.338334289e-06	-6
9.062839041e-07	2.353394922e-06	-6
8.585963104e-07	2.368414527e-06	-6
8.10902331e-07	2.383413842e-06	-6
7.631949604e-07	2.398370526e-06	-6
7.154775473e-07	2.413295114e-06	-6
6.677527592e-07	2.428196123e-06	-6
6.200117287e-07	2.443045015e-06	-6
5.72261875e-07	2.457865481e-06	-6
5.245034264e-07	2.472658254e-06	-6
4.767275312e-07	2.487394585e-06	-6
4.289419796e-07	2.50209954e-06	-6
3.811463123e-07	2.516771603e-06	-6
3.33334029e-07	2.53138944e-06	-6
2.855086943e-07	2.545964489e-06	-6
2.376713161e-07	2.560499959e-06	-6
1.898207201e-07	2.574991889e-06	-6
1.419504045e-07	2.589418545e-06	-6
9.406554928e-08	2.603796832e-06	-6
4.616500805e-08	2.618122765e-06	-6
-1.752507131e-09	2.632391833e-06	-6
-4.968845486e-08	2.646598884e-06	-6
-9.76470668e-08	2.660729247e-06	-6
-1.456276494e-07	2.6747848e-06	-6
-1.936315767e-07	2.688760393e-06	-6
-2.41661296e-07	2.702647073e-06	-6
-2.897196983e-07	2.71643415e-06	-6
-3.378102398e-07	2.7301087e-06	-6
-3.859383094e-07	2.743650573e-06	-6
-4.341143871e-07	2.757020584e-06	-6
-4.823422084e-07	2.77020261e-06	-6
-5.306367276e-07	2.783137913e-06	-6
-5.790258512e-07	2.795714553e-06	-6
-6.275575761e-07	2.807727943e-06	-6
-6.763792576e-07	2.818488914e-06	-6
-6.905661736e-07	2.810979226e-06	6
-6.442251791e-07	2.792235951e-06	6
-5.972714994e-07	2.775061729e-06	6
-5.500855384e-07	2.7585345e-06	6
-5.02772175e-07	2.742375082e-06	6
-4.553625025e-07	2.726500206e-06	6
-4.078894307e-07	2.710815894e-06	6
-3.603633867e-07	2.695292751e-06	6
-3.127900504e-07	2.679915108e-06	6
-2.651788282e-07	2.664655161e-06	6
-2.175354129e-07	2.649496021e-06	6
-1.698634538e-07	2.63442687e-06	6
-1.221656643e-07	2.61943966e-06	6
-7.444201487e-08	2.604535003e-06	6
-2.669691763e-08	2.589699221e-06	6
2.106765876e-08	2.57492629e-06	6
6.885001916e-08	2.560210985e-06	6
1.166486903e-07	2.545548729e-06	6
1.644640092e-07	2.530940824e-06	6
2.122979698e-07	2.516394091e-06	6
2.601450122e-07	2.50189047e-06	6
3.080042087e-07	2.487426992e-06	6
3.558780354e-07	2.473011989e-06	6
4.037666829e-07	2.458646321e-06	6
4.516653318e-07	2.444314045e-06	6
4.995748492e-07	2.43001811e-06	6
5.474999258e-07	2.415774433e-06	6
5.954333496e-07	2.401558891e-06	6
6.433765072e-07	2.387376182e-06	6
6.913339756e-07	2.373241951e-06	6
7.392984985e-07	2.35913169e-06	6
7.872736305e-07	2.345057519e-06	6
8.35260297e-07	2.331022746e-06	6
8.832529954e-07	2.317008605e-06	6
9.312587406e-07	2.30303921e-06	6
9.792720552e-07	2.289095878e-06	6
1.027292675e-06	2.275177701e-06	6
1.075325832e-06	2.261302863e-06	6
1.123363751e-06	2.247444528e-06	6
1.17141339e-06	2.233626864e-06	6
1.219470072e-06	2.219833743e-06	6
1.267533901e-06	2.206065519e-06	6
1.315608798e-06	2.19233601e-06	6
1.363687594e-06	2.178620149e-06	6
1.411779266e-06	2.164949499e-06	6
1.459875532e-06	2.15129504e-06	6
1.507980894e-06	2.137672642e-06	6
1.556094258e-06	2.124078556e-06	6
1.604213178e-06	2.110504128e-06	6
1.652343325e-06	2.096969571e-06	6
1.70047665e-06	2.083446316e-06	6
1.748622353e-06	2.069967187e-06	6
1.796772071e-06	2.05650243e-06	6
1.844931027e-06	2.04307073e-06	6
1.89309696e-06	2.029664093e-06	6
1.941269096e-06	2.01627974e-06	6
1.932928561e-06	2.018523404e-06	-6
1.884730233e-06	2.031813127e-06	-6
1.836521345e-06	2.045064481e-06	-6
1.788309511e-06	2.058305123e-06	-6
1.740085127e-06	2.071499985e-06	-6
1.691857281e-06	2.084682168e-06	-6
1.643619889e-06	2.097829395e-06	-6
1.595375957e-06	2.110952582e-06	-6
1.547125552e-06	2.124051972e-06	-6
1.498865418e-06	2.137115455e-06	-6
1.450601979e-06	2.15016674e-06	-6
1.402325484e-06	2.163169647e-06	-6
1.354045512e-06	2.176159622e-06	-6
1.305755912e-06	2.189113775e-06	-6
1.257459162e-06	2.202041222e-06	-6
1.209156397e-06	2.214946202e-06	-6
1.16084257e-06	2.227809692e-06	-6
1.112524642e-06	2.240657768e-06	-6
1.06419531e-06	2.253462896e-06	-6
1.015859647e-06	2.266244074e-06	-6
9.675168798e-07	2.278998387e-06	-6
9.191630228e-07	2.291710573e-06	-6
8.708041514e-07	2.30440367e-06	-6
8.224341188e-07	2.317054185e-06	-6
7.74056092e-07	2.329674066e-06	-6
7.256721883e-07	2.342271425e-06	-6
6.772743444e-07	2.354815119e-06	-6
6.288702041e-07	2.367334464e-06	-6
5.804579668e-07	2.379822493e-06	-6
5.320326428e-07	2.392259667e-06	-6
4.835999823e-07	2.404668218e-06	-6
4.351584411e-07	2.417042089e-06	-6
3.867028921e-07	2.429360981e-06	-6
3.38238713e-07	2.441645848e-06	-6
2.897653305e-07	2.453894377e-06	-6
2.41277425e-07	2.4660853e-06	-6
1.927779486e-07	2.478230071e-06	-6
1.442674691e-07	2.490330808e-06	-6
9.574517131e-08	2.5023841e-06	-6
4.720692208e-08	2.514373009e-06	-6
-1.346048006e-09	2.526302127e-06	-6
-4.991347287e-08	2.538172231e-06	-6
-9.849659709e-08	2.549977906e-06	-6
-1.470968417e-07	2.561712907e-06	-6
-1.957158444e-07	2.573369957e-06	-6
-2.443555124e-07	2.584940482e-06	-6
-2.930180908e-07	2.596414263e-06	-6
-3.417062545e-07	2.607778957e-06	-6
-3.904232311e-07	2.619019448e-06	-6
-4.391729693e-07	2.630116929e-06	-6
-4.879603725e-07	2.641047598e-06	-6
-5.367977636e-07	2.651752519e-06	-6
-5.85697292e-07	2.662169796e-06	-6
-6.346868672e-07	2.672153977e-06	-6
-6.838164094e-07	2.681421565e-06	-6
-7.333026917e-07	2.688408802e-06	-6
-7.082543383e-07	2.671004322e-06	6
-6.607394183e-07	2.655456233e-06	6
-6.12902323e-07	2.640921849e-06	6
-5.649137528e-07	2.626894389e-06	6
-5.16826812e-07	2.613207447e-06	6
-4.686757448e-07	2.59974771e-06	6
-4.204668969e-07	2.586496318e-06	6
-3.722178007e-07	2.573392247e-06	6
-3.239341604e-07	2.560416023e-06	6
-2.756205012e-07	2.547551999e-06	6
-2.272804733e-07	2.534787406e-06	6
-1.789170654e-07	2.522111672e-06	6
-1.305327579e-07	2.509515936e-06	6
-8.212963507e-08	2.496992678e-06	6
-3.370946807e-08	2.484535447e-06	6
1.472880614e-08	2.472148794e-06	6
6.31831118e-08	2.459825029e-06	6
1.116507532e-07	2.44755384e-06	6
1.601306798e-07	2.435331268e-06	6
2.08622291e-07	2.423155093e-06	6
2.571298691e-07	2.411042687e-06	6
3.056473712e-07	2.398970133e-06	6
3.541741234e-07	2.386934799e-06	6
4.027128576e-07	2.374947853e-06	6
4.512629066e-07	2.363006845e-06	6
4.998206074e-07	2.351096995e-06	6
5.483882132e-07	2.339227569e-06	6
5.969669281e-07	2.327403716e-06	6
6.455520581e-07	2.315606255e-06	6
6.941469494e-07	2.303849039e-06	6
7.427512833e-07	2.292130947e-06	6
7.913610621e-07	2.28043545e-06	6
8.399819426e-07	2.268786176e-06	6
8.886094752e-07	2.257164734e-06	6
9.372429385e-07	2.245568103e-06	6
9.858874894e-07	2.234018081e-06	6
1.034536285e-06	2.222485962e-06	6
1.083194213e-06	2.210992416e-06	6
1.131859e-06	2.199527974e-06	6
1.180528854e-06	2.188085032e-06	6
1.229209108e-06	2.176686426e-06	6
1.277892784e-06	2.165302451e-06	6
1.326585967e-06	2.153959191e-06	6
1.375284391e-06	2.142638484e-06	6
1.42398901e-06	2.13134443e-06	6
1.472701818e-06	2.120085767e-06	6
1.521417742e-06	2.108840577e-06	6
1.570144617e-06	2.097642934e-06	6
1.618874208e-06	2.086457135e-06	6
1.667612402e-06	2.07530886e-06	6
1.71635566e-06	2.064182771e-06	6
1.765104844e-06	2.053082652e-06	6
1.813861572e-06	2.042015739e-06	6
1.862621665e-06	2.030963641e-06	6
1.911391708e-06	2.019955538e-06	6
1.959907801e-06	2.008993381e-06	-6
1.91111535e-06	2.019901741e-06	-6
1.862320481e-06	2.030799259e-06	-6
1.813517332e-06	2.041659658e-06	-6
1.764709359e-06	2.052498327e-06	-6
1.715895539e-06	2.063310661e-06	-6
1.667074447e-06	2.074090088e-06	-6
1.618249971e-06	2.084854205e-06	-6
1.56941571e-06	2.09557383e-06	-6
1.520578848e-06	2.106281589e-06	-6
1.471733068e-06	2.116948613e-06	-6
1.422882841e-06	2.127595221e-06	-6
1.374026391e-06	2.138213267e-06	-6
1.325162647e-06	2.148797669e-06	-6
1.2762955e-06	2.159366373e-06	-6
1.227418048e-06	2.169887314e-06	-6
1.178537442e-06	2.180393571e-06	-6
1.129648772e-06	2.190862266e-06	-6
1.080754011e-06	2.201302442e-06	-6
1.031854492e-06	2.211720339e-06	-6
9.829452648e-07	2.222092555e-06	-6
9.340322289e-07	2.232446781e-06	-6
8.851107653e-07	2.24276114e-06	-6
8.361825935e-07	2.253043595e-06	-6
7.872500059e-07	2.263305051e-06	-6
7.383062396e-07	2.273513053e-06	-6
6.893577436e-07	2.283698316e-06	-6
6.404025207e-07	2.293851233e-06	-6
5.914374723e-07	2.303956639e-06	-6
5.424669484e-07	2.31403546e-06	-6
4.934884444e-07	2.324075467e-06	-6
4.445001754e-07	2.334067692e-06	-6
3.955055131e-07	2.344028506e-06	-6
3.465028989e-07	2.353950169e-06	-6
2.974890002e-07	2.363815917e-06	-6
2.484675631e-07	2.373644104e-06	-6
1.994380728e-07	2.383432064e-06	-6
1.50397226e-07	2.393162991e-06	-6
1.01345676e-07	2.40283978e-06	-6
5.228446462e-08	2.41246744e-06	-6
3.212850358e-09	2.42204195e-06	-6
-4.586999578e-08	2.43155876e-06	-6
-9.496741247e-08	2.441000119e-06	-6
-1.440779519e-07	2.450372932e-06	-6
-1.93202434e-07	2.459672356e-06	-6
-2.423421834e-07	2.46889074e-06	-6
-2.914987389e-07	2.478019062e-06	-6
-3.406739072e-07	2.487046558e-06	-6
-3.898698336e-07	2.495960218e-06	-6
-4.390890975e-07	2.504744094e-06	-6
-4.883359515e-07	2.513371923e-06	-6
-5.376189813e-07	2.52179052e-06	-6
-5.869403416e-07	2.529981373e-06	-6
-6.363199195e-07	2.53781286e-06	-6
-6.857788597e-07	2.545123828e-06	-6
-7.353813242e-07	2.551368203e-06	-6
-7.649625056e-07	2.546244859e-06	6
-7.172355262e-07	2.531420625e-06	6
-6.68860659e-07	2.51879266e-06	6
-6.203048353e-07	2.506876662e-06	6
-5.716474286e-07	2.495381436e-06	6
-5.229202663e-07	2.484185446e-06	6
-4.741439378e-07	2.47320548e-06	6
-4.253301239e-07	2.462393318e-06	6
-3.764846307e-07	2.451725105e-06	6
-3.276119712e-07	2.441181985e-06	6
-2.787157199e-07	2.430748793e-06	6
-2.297987557e-07	2.420413146e-06	6
-1.808634328e-07	2.410164783e-06	6
-1.31911703e-07	2.399995096e-06	6
-8.294520501e-08	2.389896772e-06	6
-3.396532995e-08	2.379863534e-06	6
1.502672855e-08	2.369889936e-06	6
6.40299369e-08	2.359971215e-06	6
1.13047055e-07	2.350121458e-06	6
1.620741543e-07	2.34032155e-06	6
2.111101399e-07	2.330566212e-06	6
2.601543695e-07	2.320852356e-06	6
3.092107809e-07	2.3112002e-06	6
3.582748005e-07	2.301586843e-06	6
4.073455677e-07	2.29200797e-06	6
4.564258145e-07	2.282477756e-06	6
5.055142531e-07	2.272989865e-06	6
5.546082964e-07	2.263531011e-06	6
6.03710913e-07	2.254116733e-06	6
6.528209606e-07	2.244741333e-06	6
7.019357247e-07	2.235390656e-06	6
7.510595148e-07	2.226087493e-06	6
8.001889545e-07	2.216814252e-06	6
8.493229507e-07	2.207565143e-06	6
8.984663918e-07	2.198366359e-06	6
9.476134578e-07	2.189186986e-06	6
9.967672166e-07	2.180043486e-06	6
1.045927344e-06	2.170934324e-06	6
1.095090698e-06	2.161842557e-06	6
1.144263404e-06	2.152801507e-06	6
1.193438987e-06	2.143776153e-06	6
1.242621041e-06	2.134786093e-06	6
1.291808539e-06	2.125825901e-06	6
1.340999726e-06	2.116885954e-06	6
1.390198795e-06	2.107989498e-06	6
1.439400243e-06	2.099106207e-06	6
1.488609331e-06	2.090265323e-06	6
1.537821893e-06	2.081443833e-06	6
1.587039771e-06	2.072652013e-06	6
1.636263216e-06	2.063891445e-06	6
1.68548979e-06	2.055148449e-06	6
1.734723918e-06	2.046448107e-06	6
1.783960026e-06	2.037758972e-06	6
1.833203753e-06	2.02911311e-06	6
1.882450311e-06	2.020483418e-06	6
1.931702513e-06	2.011885965e-06	6
1.936956266e-06	2.010907842e-06	-6
1.887687275e-06	2.019408552e-06	-6
1.838412701e-06	2.027876813e-06	-6
1.789135378e-06	2.036329094e-06	-6
1.739850618e-06	2.044737885e-06	-6
1.690563948e-06	2.053135475e-06	-6
1.641270049e-06	2.061490541e-06	-6
1.591973152e-06	2.069827862e-06	-6
1.542670992e-06	2.078134043e-06	-6
1.49336382e-06	2.086410383e-06	-6
1.444053407e-06	2.094667424e-06	-6
1.394735886e-06	2.102881888e-06	-6
1.345416176e-06	2.111083198e-06	-6
1.296089245e-06	2.119240983e-06	-6
1.246758966e-06	2.12737846e-06	-6
1.197423753e-06	2.135486012e-06	-6
1.14808275e-06	2.143558212e-06	-6
1.098739178e-06	2.15161473e-06	-6
1.049387312e-06	2.15962029e-06	-6
1.000032651e-06	2.167608553e-06	-6
9.506723948e-07	2.175562214e-06	-6
9.013063937e-07	2.1834801e-06	-6
8.519372795e-07	2.191378582e-06	-6
8.025600608e-07	2.199226248e-06	-6
7.53179066e-07	2.207050071e-06	-6
7.03793252e-07	2.214843463e-06	-6
6.544000102e-07	2.222589615e-06	-6
6.050028992e-07	2.230311036e-06	-6
5.555996008e-07	2.237992813e-06	-6
5.061894723e-07	2.245630495e-06	-6
4.567748617e-07	2.253239119e-06	-6
4.073535857e-07	2.260804373e-06	-6
3.57924998e-07	2.268321666e-06	-6
3.084911748e-07	2.275804434e-06	-6
2.590512826e-07	2.283247058e-06	-6
2.096022805e-07	2.290628899e-06	-6
1.601471017e-07	2.297969184e-06	-6
1.10685315e-07	2.305264824e-06	-6
6.12158952e-08	2.312508587e-06	-6
1.173663956e-08	2.319684839e-06	-6
-3.775055324e-08	2.326806084e-06	-6
-8.724630879e-08	2.333867545e-06	-6
-1.367513298e-07	2.340863764e-06	-6
-1.86266412e-07	2.347788445e-06	-6
-2.357924649e-07	2.354634256e-06	-6
-2.853305378e-07	2.361392562e-06	-6
-3.348818537e-07	2.368053076e-06	-6
-3.844478534e-07	2.374603377e-06	-6
-4.340302539e-07	2.381028255e-06	-6
-4.836311253e-07	2.387308798e-06	-6
-5.332529953e-07	2.393421074e-06	-6
-5.8289962e-07	2.399328798e-06	-6
-6.325821504e-07	2.404926159e-06	-6
-6.823078677e-07	2.410123555e-06	-6
-7.321007231e-07	2.414625463e-06	-6
-7.820155297e-07	2.417256582e-06	-6
-7.664186927e-07	2.4036705e-06	6
-7.176578331e-07	2.392638501e-06	6
-6.686416007e-07	2.382787308e-06	6
-6.195192557e-07	2.373477441e-06	6
-5.703259814e-07	2.364549463e-06	6
-5.210913062e-07	2.355852578e-06	6
-4.718208739e-07	2.347360462e-06	6
-4.225219616e-07	2.339035198e-06	6
-3.732010056e-07	2.330841544e-06	6
-3.238610069e-07	2.322763335e-06	6
-2.745043714e-07	2.314787383e-06	6
-2.251330576e-07	2.306902776e-06	6
-1.757486819e-07	2.299100367e-06	6
-1.263525954e-07	2.291372398e-06	6
-7.694528723e-08	2.283716453e-06	6
-2.752662237e-08	2.276134182e-06	6
2.190098514e-08	2.26861048e-06	6
7.1336773e-08	2.26114073e-06	6
1.207800766e-07	2.25372085e-06	6
1.702318183e-07	2.246357371e-06	6
2.196918843e-07	2.239050054e-06	6
2.691579648e-07	2.231783595e-06	6
3.186296423e-07	2.224555287e-06	6
3.681097146e-07	2.217384649e-06	6
4.175953621e-07	2.21025265e-06	6
4.670856032e-07	2.203152571e-06	6
5.165828799e-07	2.196101671e-06	6
5.660856304e-07	2.189089358e-06	6
6.155922053e-07	2.18210407e-06	6
6.651056302e-07	2.175167475e-06	6
7.146235584e-07	2.168263157e-06	6
7.641447209e-07	2.161382019e-06	6
8.136734157e-07	2.154555308e-06	6
8.632049984e-07	2.147749633e-06	6
9.127410605e-07	2.140976588e-06	6
9.622825956e-07	2.13424373e-06	6
1.011826618e-06	2.127529179e-06	6
1.061376918e-06	2.120861099e-06	6
1.110930236e-06	2.114215524e-06	6
1.160487442e-06	2.107598963e-06	6
1.210049712e-06	2.101020475e-06	6
1.259613967e-06	2.094456933e-06	6
1.309184616e-06	2.087941845e-06	6
1.358757359e-06	2.081442751e-06	6
1.408334565e-06	2.074977748e-06	6
1.45791555e-06	2.068541842e-06	6
1.507499215e-06	2.06212657e-06	6
1.557088229e-06	2.055752797e-06	6
1.606678795e-06	2.049391102e-06	6
1.656275121e-06	2.043074454e-06	6
1.705873443e-06	2.036773539e-06	6
1.755475985e-06	2.03050589e-06	6
1.805081919e-06	2.024265199e-06	6
1.85469061e-06	2.018046408e-06	6
1.904304039e-06	2.011865558e-06	6
1.953918775e-06	2.005695191e-06	5.766218187
1.912396201e-06	2.010750555e-06	-6
1.862768557e-06	2.016816212e-06	-6
1.813135811e-06	2.022840008e-06	-6
1.763500891e-06	2.028845818e-06	-6
1.713862237e-06	2.034820732e-06	-6
1.664220065e-06	2.040766306e-06	-6
1.614575534e-06	2.046692188e-06	-6
1.564926116e-06	2.052576965e-06	-6
1.515275271e-06	2.058449691e-06	-6
1.465619055e-06	2.064276852e-06	-6
1.4159609e-06	2.070087424e-06	-6
1.366298866e-06	2.07586479e-06	-6
1.316633356e-06	2.081612145e-06	-6
1.266965512e-06	2.087339353e-06	-6
1.217292579e-06	2.093022224e-06	-6
1.167617945e-06	2.098690199e-06	-6
1.117938485e-06	2.104315754e-06	-6
1.068256241e-06	2.109916599e-06	-6
1.018570962e-06	2.115490529e-06	-6
9.688809817e-07	2.121022347e-06	-6
9.191889735e-07	2.126535925e-06	-6
8.694920046e-07	2.132004642e-06	-6
8.197919679e-07	2.137445342e-06	-6
7.700891133e-07	2.142860307e-06	-6
7.203808549e-07	2.148225416e-06	-6
6.706701195e-07	2.153567483e-06	-6
6.209553757e-07	2.158872184e-06	-6
5.712359955e-07	2.164133196e-06	-6
5.215137737e-07	2.16936728e-06	-6
4.717869263e-07	2.174557293e-06	-6
4.220555341e-07	2.179703508e-06	-6
3.723208611e-07	2.184817916e-06	-6
3.225816167e-07	2.189887743e-06	-6
2.7283712e-07	2.194905719e-06	-6
2.230888072e-07	2.199885673e-06	-6
1.733364278e-07	2.204824915e-06	-6
1.235778247e-07	2.209701082e-06	-6
7.381439192e-08	2.214527611e-06	-6
2.40461664e-08	2.219304435e-06	-6
-2.572719466e-08	2.224027501e-06	-6
-7.550645413e-08	2.228688071e-06	-6
-1.252925988e-07	2.233274473e-06	-6
-1.750849129e-07	2.237793305e-06	-6
-2.248838981e-07	2.242237953e-06	-6
-2.746901214e-07	2.246600705e-06	-6
-3.245042279e-07	2.250872467e-06	-6
-3.743269587e-07	2.255042394e-06	-6
-4.241591716e-07	2.25909738e-06	-6
-4.74001868e-07	2.263021363e-06	-6
-5.238562258e-07	2.266794352e-06	-6
-5.73726204e-07	2.270354572e-06	-6
-6.236122563e-07	2.273681463e-06	-6
-6.735200187e-07	2.276662767e-06	-6
-7.234555391e-07	2.279129127e-06	-6
-7.73428771e-07	2.2805921e-06	-6
-8.078852625e-07	2.273434897e-06	6
-7.590223059e-07	2.263006605e-06	6
-7.096532024e-07	2.255115525e-06	6
-6.601677958e-07	2.247984121e-06	6
-6.10619461e-07	2.241302367e-06	6
-5.610323043e-07	2.234914901e-06	6
-5.114156067e-07	2.228760756e-06	6
-4.617779544e-07	2.222777907e-06	6
-4.121228031e-07	2.216941952e-06	6
-3.624528086e-07	2.211233603e-06	6
-3.127700524e-07	2.205637357e-06	6
-2.630761939e-07	2.200140553e-06	6
-2.133725774e-07	2.194732705e-06	6
-1.636603072e-07	2.189405016e-06	6
-1.13940302e-07	2.184150015e-06	6
-6.421333522e-08	2.178961292e-06	6
-1.448006431e-08	2.173833288e-06	6
3.525931223e-08	2.168764756e-06	6
8.500558916e-08	2.163764429e-06	6
1.347567441e-07	2.158812956e-06	6
1.845123924e-07	2.15390683e-06	6
2.342724905e-07	2.149045942e-06	6
2.840385592e-07	2.144246587e-06	6
3.338082172e-07	2.139484681e-06	6
3.83581224e-07	2.134757841e-06	6
4.333593486e-07	2.130085164e-06	6
4.83141033e-07	2.125450656e-06	6
5.329254606e-07	2.120845665e-06	6
5.827144775e-07	2.116290515e-06	6
6.325066604e-07	2.111770189e-06	6
6.823011237e-07	2.107274986e-06	6
7.321003158e-07	2.102832457e-06	6
7.819018008e-07	2.098415793e-06	6
8.317058493e-07	2.094028043e-06	6
8.815139768e-07	2.089686881e-06	6
9.31323817e-07	2.085365435e-06	6
9.811371775e-07	2.081084699e-06	6
1.03095314e-06	2.076834431e-06	6
1.080770977e-06	2.072606108e-06	6
1.130592787e-06	2.068424881e-06	6
1.180415928e-06	2.064259584e-06	6
1.230242403e-06	2.060134294e-06	6
1.280071019e-06	2.056035032e-06	6
1.329901671e-06	2.051960503e-06	6
1.37973556e-06	2.04792582e-06	6
1.429570531e-06	2.04390449e-06	6
1.479409284e-06	2.03993029e-06	6
1.529249264e-06	2.035971564e-06	6
1.579091954e-06	2.032047049e-06	6
1.628936795e-06	2.028150028e-06	6
1.678783353e-06	2.02427495e-06	6
1.728632928e-06	2.020438919e-06	6
1.778483378e-06	2.016614243e-06	6
1.828337484e-06	2.012837508e-06	6
1.878192511e-06	2.009073016e-06	6
1.928050305e-06	2.005345287e-06	6
1.936237855e-06	2.004672868e-06	-6
1.886372836e-06	2.008302674e-06	-6
1.836505544e-06	2.011901045e-06	-6
1.786636982e-06	2.015481838e-06	-6
1.736765381e-06	2.019020025e-06	-6
1.686892977e-06	2.022546877e-06	-6
1.637017449e-06	2.026029293e-06	-6
1.587140773e-06	2.029495161e-06	-6
1.537261815e-06	2.032928114e-06	-6
1.48738089e-06	2.036332283e-06	-6
1.437498536e-06	2.03971552e-06	-6
1.387613376e-06	2.043057091e-06	-6
1.337727326e-06	2.046385356e-06	-6
1.287838263e-06	2.049668184e-06	-6
1.23794795e-06	2.05293188e-06	-6
1.18805557e-06	2.056163898e-06	-6
1.138160982e-06	2.059361571e-06	-6
1.088265305e-06	2.062542292e-06	-6
1.038366418e-06	2.065672253e-06	-6
9.884664626e-07	2.068785043e-06	-6
9.385642438e-07	2.071861428e-06	-6
8.886599008e-07	2.074903055e-06	-6
8.387543601e-07	2.077925065e-06	-6
7.888456499e-07	2.080894279e-06	-6
7.389356025e-07	2.083840808e-06	-6
6.890236582e-07	2.086755152e-06	-6
6.391090346e-07	2.089623165e-06	-6
5.891929831e-07	2.092466184e-06	-6
5.392745788e-07	2.095267702e-06	-6
4.893537789e-07	2.098026086e-06	-6
4.394313653e-07	2.100755108e-06	-6
3.89506491e-07	2.103438859e-06	-6
3.39579118e-07	2.10607559e-06	-6
2.896499173e-07	2.108677442e-06	-6
2.39718536e-07	2.111237276e-06	-6
1.897841202e-07	2.11373716e-06	-6
1.398476291e-07	2.116195074e-06	-6
8.990893623e-08	2.118607898e-06	-6
3.996766021e-08	2.120966826e-06	-6
-9.976717509e-09	2.123259067e-06	-6
-5.992360435e-08	2.125495769e-06	-6
-1.098731548e-07	2.127672113e-06	-6
-1.59825533e-07	2.129782594e-06	-6
-2.097809143e-07	2.131820865e-06	-6
-2.597394851e-07	2.133779534e-06	-6
-3.097014435e-07	2.135649895e-06	-6
-3.596669983e-07	2.137421578e-06	-6
-4.096363662e-07	2.139082064e-06	-6
-4.596097653e-07	2.140616025e-06	-6
-5.09587402e-07	2.142004402e-06	-6
-5.595694458e-07	2.143223082e-06	-6
-6.095560385e-07	2.144237728e-06	-6
-6.595479862e-07	2.144937387e-06	-6
-7.095436883e-07	2.145236752e-06	-6
-7.595380362e-07	2.144836404e-06	-6
-8.094708718e-07	2.142569375e-06	-6
-7.927107549e-07	2.130576357e-06	6
-7.431035767e-07	2.124374937e-06	6
-6.933578079e-07	2.119375281e-06	6
-6.435595506e-07	2.114924112e-06	6
-5.937279899e-07	2.110861755e-06	6
-5.438779107e-07	2.107033102e-06	6
-4.940124751e-07	2.103409586e-06	6
-4.441349193e-07	2.099956714e-06	6
-3.942483346e-07	2.096636862e-06	6
-3.443541207e-07	2.093433676e-06	6
-2.944533774e-07	2.090333816e-06	6
-2.445469828e-07	2.087326243e-06	6
-1.946356483e-07	2.084401707e-06	6
-1.447199572e-07	2.081552365e-06	6
-9.480007489e-08	2.078777308e-06	6
-4.487620129e-08	2.076075084e-06	6
5.05083104e-09	2.073432005e-06	6
5.498071623e-08	2.070843402e-06	6
1.04913193e-07	2.068305151e-06	6
1.548486111e-07	2.065825311e-06	6
2.047867336e-07	2.063400673e-06	6
2.547268374e-07	2.061017277e-06	6
3.046687726e-07	2.058672387e-06	6
3.546134745e-07	2.056387143e-06	6
4.045598709e-07	2.054139434e-06	6
4.545077108e-07	2.051923935e-06	6
5.044577936e-07	2.049759489e-06	6
5.54409479e-07	2.047632534e-06	6
6.043623224e-07	2.045532844e-06	6
6.54317268e-07	2.043483698e-06	6
7.04273473e-07	2.041465679e-06	6
7.542306816e-07	2.039472465e-06	6
8.04189994e-07	2.037532718e-06	6
8.541501195e-07	2.035614185e-06	6
9.041115581e-07	2.033729975e-06	6
9.540744506e-07	2.031884871e-06	6
1.004038025e-06	2.030058227e-06	6
1.054003343e-06	2.02827985e-06	6
1.103969406e-06	2.026522749e-06	6
1.153936546e-06	2.024796312e-06	6
1.203904943e-06	2.023106841e-06	6
1.253873853e-06	2.021432439e-06	6
1.303844421e-06	2.019808288e-06	6
1.353815461e-06	2.018198847e-06	6
1.403787644e-06	2.016625177e-06	6
1.453760693e-06	2.01507942e-06	6
1.50373443e-06	2.01355587e-06	6
1.553709379e-06	2.012072729e-06	6
1.60368469e-06	2.01060176e-06	6
1.653661358e-06	2.009177591e-06	6
1.70363843e-06	2.007767865e-06	6
1.753616481e-06	2.006393066e-06	6
1.803595227e-06	2.005044018e-06	6
1.853574607e-06	2.003718442e-06	6
1.903554945e-06	2.002429679e-06	6
1.953535604e-06	2.00115323e-06	6
1.909035354e-06	2.002176433e-06	-6
1.859052094e-06	2.003346436e-06	-6
1.80906789e-06	2.004475598e-06	-6
1.759083257e-06	2.005585322e-06	-6
1.709097966e-06	2.006665256e-06	-6
1.659112023e-06	2.007714313e-06	-6
1.60912569e-06	2.008744871e-06	-6
1.559138496e-06	2.009732698e-06	-6
1.509151064e-06	2.010708378e-06	-6
1.45916278e-06	2.011639538e-06	-6
1.409174168e-06	2.012552625e-06	-6
1.359184976e-06	2.013433655e-06	-6
1.309195242e-06	2.014283081e-06	-6
1.259205185e-06	2.015113618e-06	-6
1.209214387e-06	2.015898112e-06	-6
1.159223357e-06	2.016667586e-06	-6
1.109231704e-06	2.017395807e-06	-6
1.059239682e-06	2.018097688e-06	-6
1.0092473e-06	2.018773953e-06	-6
9.592543476e-07	2.019406334e-06	-6
9.092611662e-07	2.020020324e-06	-6
8.592674642e-07	2.020590714e-06	-6
8.092734385e-07	2.021131331e-06	-6
7.592791487e-07	2.021647638e-06	-6
7.092843524e-07	2.022112157e-06	-6
6.592893513e-07	2.022553443e-06	-6
6.092940389e-07	2.02295882e-06	-6
5.592983822e-07	2.023318513e-06	-6
5.09302539e-07	2.023651056e-06	-6
4.593064243e-07	2.023941073e-06	-6
4.093100707e-07	2.024185169e-06	-6
3.593135723e-07	2.024397198e-06	-6
3.093169026e-07	2.024566346e-06	-6
2.593200837e-07	2.024681316e-06	-6
2.09323197e-07	2.024757958e-06	-6
1.593262574e-07	2.024793558e-06	-6
1.093293081e-07	2.024767984e-06	-6
5.933242185e-08	2.024690147e-06	-6
9.335642624e-09	2.024562209e-06	-6
-4.066097242e-08	2.024380079e-06	-6
-9.065734115e-08	2.024137786e-06	-6
-1.40653274e-07	2.023818127e-06	-6
-1.906487155e-07	2.023430365e-06	-6
-2.40643515e-07	2.022967833e-06	-6
-2.906374786e-07	2.022422751e-06	-6
-3.406303547e-07	2.021785952e-06	-6
-3.90621814e-07	2.021046496e-06	-6
-4.406114213e-07	2.020191166e-06	-6
-4.905985923e-07	2.019203766e-06	-6
-5.405824681e-07	2.018061597e-06	-6
-5.905609018e-07	2.016702831e-06	-6
-6.405324692e-07	2.015112571e-06	-6
-6.904911531e-07	2.013162261e-06	-6
-7.404261012e-07	2.010684893e-06	-6
-7.902941389e-07	2.007138099e-06	-6
-8.18495206e-07	1.996342039e-06	6
-7.687936133e-07	1.991106585e-06	6
-7.188845901e-07	1.988159415e-06	6
-6.689371178e-07	1.985943522e-06	6
-6.189719662e-07	1.984163894e-06	6
-5.689969464e-07	1.982686177e-06	6
-5.190157351e-07	1.98143377e-06	6
-4.690305088e-07	1.980352882e-06	6
-4.190423026e-07	1.979419083e-06	6
-3.690518607e-07	1.978613069e-06	6
-3.190597284e-07	1.977919318e-06	6
-2.69066312e-07	1.977325157e-06	6
-2.190719179e-07	1.97682009e-06	6
-1.690767802e-07	1.976395311e-06	6
-1.190810792e-07	1.976043341e-06	6
-6.908495438e-08	1.975757762e-06	6
-1.908851409e-08	1.975533008e-06	6
3.090816061e-08	1.975365345e-06	6
8.090502221e-08	1.975268692e-06	6
1.309019449e-07	1.975220971e-06	6
1.808988904e-07	1.975218673e-06	6
2.308958295e-07	1.975259564e-06	6
2.808926749e-07	1.975364382e-06	6
3.308894185e-07	1.975506706e-06	6
3.808860548e-07	1.975684154e-06	6
4.308824822e-07	1.975914031e-06	6
4.808787007e-07	1.976184101e-06	6
5.308747539e-07	1.976483733e-06	6
5.808704995e-07	1.976831595e-06	6
6.308659689e-07	1.977216153e-06	6
6.808612435e-07	1.977625871e-06	6
7.308560748e-07	1.978086775e-06	6
7.808506366e-07	1.978575268e-06	6
8.308449309e-07	1.979091149e-06	6
8.808387002e-07	1.979655366e-06	6
9.308322401e-07	1.980239326e-06	6
9.808253109e-07	1.980862593e-06	6
1.030817965e-06	1.981517936e-06	6
1.080810353e-06	1.982193792e-06	6
1.130802056e-06	1.98291837e-06	6
1.180793522e-06	1.983658901e-06	6
1.230784406e-06	1.984438123e-06	6
1.280774846e-06	1.98524487e-06	6
1.330764909e-06	1.986075012e-06	6
1.380754265e-06	1.986946512e-06	6
1.430743388e-06	1.987831388e-06	6
1.480731679e-06	1.988762157e-06	6
1.530719648e-06	1.989709803e-06	6
1.580706986e-06	1.9906904e-06	6
1.630693743e-06	1.991699911e-06	6
1.680680085e-06	1.992730083e-06	6
1.730665572e-06	1.993800741e-06	6
1.780650817e-06	1.994882775e-06	6
1.830635029e-06	1.996011552e-06	6
1.880618927e-06	1.997153921e-06	6
1.930602006e-06	1.998331828e-06	6
1.930603745e-06	1.998260965e-06	-6
1.880623076e-06	1.996984899e-06	-6
1.830643332e-06	1.995673299e-06	-6
1.780663942e-06	1.994348107e-06	-6
1.730685814e-06	1.992976178e-06	-6
1.680708002e-06	1.991592874e-06	-6
1.630731323e-06	1.990169092e-06	-6
1.580755243e-06	1.988724653e-06	-6
1.530780001e-06	1.987251306e-06	-6
1.480805746e-06	1.985745017e-06	-6
1.430831997e-06	1.984221857e-06	-6
1.38085967e-06	1.982652816e-06	-6
1.330887766e-06	1.981070406e-06	-6
1.280917184e-06	1.979446651e-06	-6
1.230947374e-06	1.977799512e-06	-6
1.180978473e-06	1.976124859e-06	-6
1.131010887e-06	1.974411533e-06	-6
1.081043847e-06	1.972682262e-06	-6
1.031078515e-06	1.970904293e-06	-6
9.811139234e-07	1.969105824e-06	-6
9.311504892e-07	1.967275296e-06	-6
8.811885152e-07	1.965405485e-06	-6
8.312272807e-07	1.963515945e-06	-6
7.812678936e-07	1.961578101e-06	-6
7.313095833e-07	1.959612888e-06	-6
6.813523574e-07	1.957620107e-06	-6
6.313972004e-07	1.95557618e-06	-6
5.814430834e-07	1.953507113e-06	-6
5.31490491e-07	1.951401382e-06	-6
4.815399581e-07	1.949247463e-06	-6
4.315907105e-07	1.94706401e-06	-6
3.816432265e-07	1.944840401e-06	-6
3.316981063e-07	1.942564416e-06	-6
2.817546025e-07	1.940253345e-06	-6
2.318128373e-07	1.937904808e-06	-6
1.818741153e-07	1.935492416e-06	-6
1.319375061e-07	1.933036887e-06	-6
8.200314839e-08	1.930535991e-06	-6
3.207125277e-08	1.927986224e-06	-6
-1.785697191e-08	1.925365542e-06	-6
-6.778216119e-08	1.922687851e-06	-6
-1.177040508e-07	1.919949422e-06	-6
-1.676222594e-07	1.917144703e-06	-6
-2.175363328e-07	1.91426729e-06	-6
-2.67445724e-07	1.911309723e-06	-6
-3.173497671e-07	1.908263218e-06	-6
-3.672476409e-07	1.905117305e-06	-6
-4.171383179e-07	1.901859346e-06	-6
-4.670204918e-07	1.898473867e-06	-6
-5.16892472e-07	1.894941622e-06	-6
-5.667520261e-07	1.891238262e-06	-6
-6.165943407e-07	1.887310167e-06	-6
-6.664119848e-07	1.883081009e-06	-6
-7.161905645e-07	1.878416979e-06	-6
-7.658948594e-07	1.87302444e-06	-6
-8.152796927e-07	1.86535655e-06	-6
-7.865828575e-07	1.855957255e-06	6
-7.366008551e-07	1.854861642e-06	6
-6.866044972e-07	1.854837449e-06	6
-6.366102935e-07	1.855340845e-06	6
-5.866208887e-07	1.856204489e-06	6
-5.366359847e-07	1.857299686e-06	6
-4.866562731e-07	1.858611485e-06	6
-4.366808643e-07	1.860078028e-06	6
-3.867095028e-07	1.861676603e-06	6
-3.367419769e-07	1.863391002e-06	6
-2.867780732e-07	1.865208004e-06	6
-2.368175837e-07	1.867116667e-06	6
-1.868603097e-07	1.86910782e-06	6
-1.369060634e-07	1.871173686e-06	6
-8.69546678e-08	1.873307595e-06	6
-3.700663315e-08	1.8755188e-06	6
1.293869548e-08	1.877790107e-06	6
6.288152903e-08	1.880115548e-06	6
1.128220112e-07	1.882491036e-06	6
1.627599917e-07	1.884918728e-06	6
2.126949611e-07	1.887407518e-06	6
2.626278636e-07	1.889937298e-06	6
3.125588179e-07	1.892505358e-06	6
3.624869647e-07	1.895127522e-06	6
4.124128363e-07	1.897792508e-06	6
4.623369899e-07	1.900489514e-06	6
5.122586516e-07	1.903232375e-06	6
5.621779555e-07	1.906017698e-06	6
6.12095741e-07	1.908830127e-06	6
6.62010941e-07	1.91168817e-06	6
7.11924068e-07	1.914582063e-06	6
7.618358505e-07	1.91749915e-06	6
8.117445861e-07	1.920467939e-06	6
8.616518649e-07	1.923460996e-06	6
9.115573597e-07	1.926483774e-06	6
9.61460195e-07	1.929550073e-06	6
1.011361899e-06	1.932634731e-06	6
1.061260881e-06	1.93576319e-06	6
1.111158246e-06	1.938917219e-06	6
1.161053948e-06	1.942097536e-06	6
1.210947006e-06	1.945319027e-06	6
1.260839095e-06	1.948555508e-06	6
1.310728184e-06	1.951837941e-06	6
1.360616024e-06	1.955139224e-06	6
1.410501772e-06	1.958472046e-06	6
1.460385367e-06	1.961836857e-06	6
1.510267748e-06	1.965219705e-06	6
1.560147094e-06	1.968646977e-06	6
1.610025605e-06	1.972086369e-06	6
1.659901161e-06	1.975568399e-06	6
1.709775419e-06	1.979068887e-06	6
1.759647511e-06	1.982600182e-06	6
1.809517483e-06	1.986161199e-06	6
1.859386073e-06	1.989741608e-06	6
1.909251718e-06	1.993362765e-06	6
1.953648159e-06	1.996568259e-06	-6
1.903790336e-06	1.992840913e-06	-6
1.853933438e-06	1.989101284e-06	-6
1.804079303e-06	1.985324933e-06	-6
1.754226953e-06	1.981525169e-06	-6
1.704376562e-06	1.977699719e-06	-6
1.654528861e-06	1.973839432e-06	-6
1.604682273e-06	1.96996474e-06	-6
1.554839336e-06	1.966043371e-06	-6
1.504997359e-06	1.962109862e-06	-6
1.455158575e-06	1.958136051e-06	-6
1.405321567e-06	1.954140095e-06	-6
1.355486793e-06	1.950116302e-06	-6
1.305654918e-06	1.946056836e-06	-6
1.255824234e-06	1.941982702e-06	-6
1.205997673e-06	1.937858459e-06	-6
1.156172363e-06	1.933719191e-06	-6
1.106350124e-06	1.929543061e-06	-6
1.056530463e-06	1.925336358e-06	-6
1.006712592e-06	1.921108442e-06	-6
9.568988302e-07	1.916832402e-06	-6
9.070866552e-07	1.912537957e-06	-6
8.572778511e-07	1.908204525e-06	-6
8.074720427e-07	1.903836876e-06	-6
7.576680874e-07	1.899448078e-06	-6
7.078688568e-07	1.895005981e-06	-6
6.580718457e-07	1.890539158e-06	-6
6.082776199e-07	1.886041307e-06	-6
5.584879737e-07	1.881493077e-06	-6
5.087008221e-07	1.87691767e-06	-6
4.589171107e-07	1.872304898e-06	-6
4.091381445e-07	1.867641243e-06	-6
3.593622006e-07	1.862945488e-06	-6
3.095897909e-07	1.858212325e-06	-6
2.598230713e-07	1.853419726e-06	-6
2.100600701e-07	1.848588756e-06	-6
1.603010717e-07	1.843716692e-06	-6
1.105474829e-07	1.838789624e-06	-6
6.079969813e-08	1.833804359e-06	-6
1.10569724e-08	1.828768931e-06	-6
-3.868023087e-08	1.823679232e-06	-6
-8.841137717e-08	1.818530615e-06	-6
-1.381349632e-07	1.813309448e-06	-6
-1.87850718e-07	1.808014291e-06	-6
-2.37558432e-07	1.802644245e-06	-6
-2.872571376e-07	1.797191504e-06	-6
-3.369456703e-07	1.791646864e-06	-6
-3.866226116e-07	1.785999344e-06	-6
-4.362862082e-07	1.780235672e-06	-6
-4.8593426e-07	1.774339584e-06	-6
-5.355618329e-07	1.768273651e-06	-6
-5.851640024e-07	1.762003583e-06	-6
-6.347362085e-07	1.755501e-06	-6
-6.842560731e-07	1.748611708e-06	-6
-7.336965994e-07	1.741177165e-06	-6
-7.829397343e-07	1.732549106e-06	-6
-7.990911935e-07	1.719748155e-06	6
-7.491072663e-07	1.719933944e-06	6
-6.991534946e-07	1.721987185e-06	6
-6.492327037e-07	1.724739362e-06	6
-5.993353041e-07	1.727891167e-06	6
-5.494587088e-07	1.731357316e-06	6
-4.995966683e-07	1.735027031e-06	6
-4.497473563e-07	1.738866022e-06	6
-3.999094203e-07	1.742850214e-06	6
-3.500817188e-07	1.746960581e-06	6
-3.002632821e-07	1.751181823e-06	6
-2.504532793e-07	1.755501448e-06	6
-2.006509931e-07	1.759909108e-06	6
-1.508557986e-07	1.764396119e-06	6
-1.010671465e-07	1.768955105e-06	6
-5.128455067e-08	1.773579736e-06	6
-1.507576785e-09	1.778264521e-06	6
4.826416581e-08	1.783004655e-06	6
9.802953825e-08	1.787811244e-06	6
1.477896861e-07	1.792671537e-06	6
1.975454224e-07	1.797576758e-06	6
2.472970265e-07	1.802523797e-06	6
2.970426583e-07	1.807530564e-06	6
3.467840502e-07	1.812579191e-06	6
3.965219052e-07	1.817662567e-06	6
4.462549574e-07	1.822792782e-06	6
4.959833305e-07	1.827968094e-06	6
5.457086511e-07	1.833172653e-06	6
5.954294626e-07	1.838420176e-06	6
6.451458876e-07	1.843709035e-06	6
6.948596601e-07	1.849022788e-06	6
7.445684833e-07	1.854382685e-06	6
7.942738324e-07	1.859774635e-06	6
8.43976733e-07	1.865189177e-06	6
8.936738773e-07	1.870656295e-06	6
9.433688628e-07	1.876142948e-06	6
9.930600211e-07	1.881664214e-06	6
1.042747132e-06	1.887221729e-06	6
1.092432334e-06	1.892796342e-06	6
1.142111839e-06	1.898421496e-06	6
1.191789424e-06	1.904063529e-06	6
1.24146312e-06	1.909739757e-06	6
1.291133195e-06	1.915447524e-06	6
1.340801084e-06	1.921174338e-06	6
1.390463734e-06	1.926946386e-06	6
1.440124842e-06	1.93273168e-06	6
1.489781103e-06	1.938558453e-06	6
1.539434909e-06	1.944406063e-06	6
1.589085339e-06	1.950282325e-06	6
1.638731874e-06	1.95619135e-06	6
1.688376451e-06	1.962116848e-06	6
1.738015727e-06	1.968086575e-06	6
1.787653645e-06	1.974067584e-06	6
1.837286437e-06	1.980090998e-06	6
1.886917098e-06	1.986131906e-06	6
1.936543946e-06	1.992204101e-06	6
1.928399252e-06	1.991130747e-06	-6
1.878784425e-06	1.984961103e-06	-6
1.829174165e-06	1.978754874e-06	-6
1.779565427e-06	1.972536464e-06	-6
1.729962691e-06	1.966270349e-06	-6
1.680361388e-06	1.959992936e-06	-6
1.630765013e-06	1.953676672e-06	-6
1.58117143e-06	1.947338574e-06	-6
1.531581344e-06	1.940973121e-06	-6
1.481995645e-06	1.934573632e-06	-6
1.432411929e-06	1.928158748e-06	-6
1.382834304e-06	1.921696976e-06	-6
1.333258414e-06	1.915221919e-06	-6
1.283687714e-06	1.908707224e-06	-6
1.23412026e-06	1.902167925e-06	-6
1.184556222e-06	1.895602735e-06	-6
1.134997476e-06	1.88899775e-06	-6
1.085440842e-06	1.882376919e-06	-6
1.035890486e-06	1.875709244e-06	-6
9.8634308e-07	1.869019742e-06	-6
9.367997676e-07	1.862299937e-06	-6
8.872619689e-07	1.855539642e-06	-6
8.377268482e-07	1.848759741e-06	-6
7.881980875e-07	1.841933508e-06	-6
7.38673306e-07	1.83507852e-06	-6
6.891520838e-07	1.828197812e-06	-6
6.396381692e-07	1.821264725e-06	-6
5.901277651e-07	1.814306658e-06	-6
5.406222319e-07	1.807313963e-06	-6
4.91123728e-07	1.800271713e-06	-6
4.416294123e-07	1.793200116e-06	-6
3.921405251e-07	1.78609057e-06	-6
3.426594071e-07	1.778927179e-06	-6
2.931833545e-07	1.771728927e-06	-6
2.437127243e-07	1.764493448e-06	-6
1.942510769e-07	1.757196803e-06	-6
1.447960937e-07	1.749855193e-06	-6
9.534782345e-08	1.742468511e-06	-6
4.590682254e-08	1.735033272e-06	-6
-3.523939682e-09	1.72753025e-06	-6
-5.294568544e-08	1.719968127e-06	-6
-1.023581554e-07	1.712345667e-06	-6
-1.517604199e-07	1.704657351e-06	-6
-2.011513922e-07	1.696896814e-06	-6
-2.50529788e-07	1.689056639e-06	-6
-2.998940727e-07	1.681128094e-06	-6
-3.492423891e-07	1.673100772e-06	-6
-3.985724585e-07	1.664962108e-06	-6
-4.478814412e-07	1.65669672e-06	-6
-4.971657384e-07	1.648285473e-06	-6
-5.464207009e-07	1.639704165e-06	-6
-5.956347096e-07	1.630891267e-06	-6
-6.447955031e-07	1.62178634e-06	-6
-6.93871381e-07	1.612235392e-06	-6
-7.427938203e-07	1.60193139e-06	-6
-7.910862273e-07	1.589118068e-06	-6
-7.563200528e-07	1.583660186e-06	6
-7.064788006e-07	1.587573467e-06	6
-6.567244482e-07	1.592487076e-06	6
-6.070230876e-07	1.597913647e-06	6
-5.57360368e-07	1.603684323e-06	6
-5.07725152e-07	1.609687258e-06	6
-4.581159779e-07	1.61590194e-06	6
-4.085258599e-07	1.622266862e-06	6
-3.589526407e-07	1.628762114e-06	6
-3.093945323e-07	1.635371704e-06	6
-2.598500345e-07	1.642082583e-06	6
-2.103178751e-07	1.648883954e-06	6
-1.607969634e-07	1.655766769e-06	6
-1.112863549e-07	1.662723351e-06	6
-6.178522392e-08	1.669747119e-06	6
-1.229460912e-08	1.676844628e-06	6
3.718704793e-08	1.684004267e-06	6
8.666093778e-08	1.691217349e-06	6
1.361276017e-07	1.69847984e-06	6
1.855870062e-07	1.705791673e-06	6
2.350370996e-07	1.713166198e-06	6
2.844811337e-07	1.720581187e-06	6
3.339194905e-07	1.728033966e-06	6
3.833500572e-07	1.735538276e-06	6
4.327738705e-07	1.743086888e-06	6
4.821928463e-07	1.750667108e-06	6
5.316051337e-07	1.75829085e-06	6
5.810106385e-07	1.765958383e-06	6
6.304119839e-07	1.773652672e-06	6
6.798065547e-07	1.78139037e-06	6
7.291952886e-07	1.789165193e-06	6
7.785804179e-07	1.796962908e-06	6
8.279577034e-07	1.804810153e-06	6
8.773309117e-07	1.812682965e-06	6
9.266996813e-07	1.820583609e-06	6
9.760612948e-07	1.828528818e-06	6
1.025419988e-06	1.836492144e-06	6
1.074771919e-06	1.844497301e-06	6
1.124119499e-06	1.852529192e-06	6
1.173463084e-06	1.860585626e-06	6
1.222799769e-06	1.868684192e-06	6
1.272134024e-06	1.876797554e-06	6
1.321461019e-06	1.884954948e-06	6
1.370784696e-06	1.893132351e-06	6
1.420103428e-06	1.901339559e-06	6
1.469416655e-06	1.909579742e-06	6
1.518727133e-06	1.917836399e-06	6
1.568030011e-06	1.926138303e-06	6
1.617330872e-06	1.934452173e-06	6
1.666624835e-06	1.942806858e-06	6
1.715915474e-06	1.951181097e-06	6
1.765201162e-06	1.959584467e-06	6
1.814481603e-06	1.968018513e-06	6
1.86375899e-06	1.976470416e-06	6
1.913029229e-06	1.98496388e-06	6
1.954253732e-06	1.992050571e-06	-5.766218145
1.905001524e-06	1.983453157e-06	-6
1.855751137e-06	1.974845336e-06	-6
1.806507344e-06	1.966199853e-06	-6
1.757267378e-06	1.957532631e-06	-6
1.708032123e-06	1.94883865e-06	-6
1.658802716e-06	1.940111651e-06	-6
1.609576074e-06	1.931369035e-06	-6
1.560357395e-06	1.92258171e-06	-6
1.51114086e-06	1.913782396e-06	-6
1.461931703e-06	1.904941897e-06	-6
1.412726235e-06	1.896080919e-06	-6
1.36352597e-06	1.887191066e-06	-6
1.314331835e-06	1.87826738e-06	-6
1.265140577e-06	1.869327824e-06	-6
1.215958081e-06	1.860340186e-06	-6
1.166778303e-06	1.851337716e-06	-6
1.117605449e-06	1.842297468e-06	-6
1.068437904e-06	1.833228432e-06	-6
1.019274476e-06	1.824137066e-06	-6
9.701195993e-07	1.814999593e-06	-6
9.209681048e-07	1.805843957e-06	-6
8.718240486e-07	1.796648451e-06	-6
8.226860676e-07	1.787420574e-06	-6
7.735520031e-07	1.778171828e-06	-6
7.244281324e-07	1.768869091e-06	-6
6.753086295e-07	1.759543359e-06	-6
6.261952084e-07	1.750185611e-06	-6
5.770910181e-07	1.740779565e-06	-6
5.279919737e-07	1.731346714e-06	-6
4.789002899e-07	1.721875591e-06	-6
4.298180464e-07	1.712355693e-06	-6
3.807419571e-07	1.702804139e-06	-6
3.316733322e-07	1.693214267e-06	-6
2.826159218e-07	1.683567205e-06	-6
2.335659736e-07	1.673882314e-06	-6
1.845240375e-07	1.664156908e-06	-6
1.354931714e-07	1.654375816e-06	-6
8.647350063e-08	1.644538806e-06	-6
3.746378362e-08	1.634652354e-06	-6
-1.153511563e-08	1.624712418e-06	-6
-6.052220912e-08	1.614714421e-06	-6
-1.094943446e-07	1.604643396e-06	-6
-1.58451738e-07	1.594500985e-06	-6
-2.073937819e-07	1.584284798e-06	-6
-2.563187465e-07	1.573987152e-06	-6
-3.052245683e-07	1.563598992e-06	-6
-3.541087559e-07	1.553109515e-06	-6
-4.029682591e-07	1.542505666e-06	-6
-4.517992874e-07	1.531771447e-06	-6
-5.005936829e-07	1.520871975e-06	-6
-5.493423169e-07	1.509769735e-06	-6
-5.980382606e-07	1.498438712e-06	-6
-6.46644622e-07	1.486729739e-06	-6
-6.951184371e-07	1.4744853e-06	-6
-7.432792476e-07	1.461074007e-06	-6
-7.581906601e-07	1.44673899e-06	6
-7.084650809e-07	1.451816143e-06	6
-6.589531014e-07	1.458755848e-06	6
-6.095423051e-07	1.466386909e-06	6
-5.601942689e-07	1.474415333e-06	6
-5.10897324e-07	1.482751985e-06	6
-4.616351409e-07	1.491291729e-06	6
-4.124021875e-07	1.499998506e-06	6
-3.631947651e-07	1.508848539e-06	6
-3.140098778e-07	1.517823038e-06	6
-2.648450645e-07	1.526906896e-06	6
-2.156982768e-07	1.53608778e-06	6
-1.665677882e-07	1.545355473e-06	6
-1.174521271e-07	1.554701403e-06	6
-6.835002525e-08	1.564118291e-06	6
-1.926037897e-08	1.573599888e-06	6
2.98177814e-08	1.583140776e-06	6
7.888531511e-08	1.592736216e-06	6
1.279397122e-07	1.602398603e-06	6
1.7698394e-07	1.61211243e-06	6
2.260193771e-07	1.621870524e-06	6
2.75046606e-07	1.631669821e-06	6
3.240617534e-07	1.64152938e-06	6
3.730688694e-07	1.651428737e-06	6
4.22069062e-07	1.661362322e-06	6
4.710595986e-07	1.67134345e-06	6
5.200413496e-07	1.681367569e-06	6
5.690171982e-07	1.691420491e-06	6
6.179840612e-07	1.70151712e-06	6
6.66942799e-07	1.711653042e-06	6
7.158964588e-07	1.721813475e-06	6
7.648403819e-07	1.732020726e-06	6
8.137779983e-07	1.742258135e-06	6
8.627106732e-07	1.752519174e-06	6
9.1163276e-07	1.76283057e-06	6
9.605507854e-07	1.773161193e-06	6
1.009461317e-06	1.783527266e-06	6
1.058364563e-06	1.793927626e-06	6
1.107264168e-06	1.804345124e-06	6
1.156152989e-06	1.814813112e-06	6
1.205038475e-06	1.825296637e-06	6
1.253916442e-06	1.835815187e-06	6
1.302788014e-06	1.846363385e-06	6
1.351655245e-06	1.856931701e-06	6
1.400513128e-06	1.867543135e-06	6
1.449368179e-06	1.8781676e-06	6
1.498214042e-06	1.888834243e-06	6
1.547055721e-06	1.899520002e-06	6
1.595890929e-06	1.91023532e-06	6
1.644719353e-06	1.920981482e-06	6
1.693543912e-06	1.931745221e-06	6
1.742359163e-06	1.942551078e-06	6
1.791171958e-06	1.953368029e-06	6
1.83997519e-06	1.964228053e-06	6
1.888774893e-06	1.975103902e-06	6
1.937567427e-06	1.986011888e-06	6
1.932367997e-06	1.984777153e-06	-6
1.883596978e-06	1.973773365e-06	-6
1.834833179e-06	1.962737654e-06	-6
1.786073e-06	1.951685931e-06	-6
1.737322555e-06	1.940591361e-06	-6
1.688574637e-06	1.929485695e-06	-6
1.639836357e-06	1.918337797e-06	-6
1.591102065e-06	1.907172501e-06	-6
1.542374867e-06	1.895976265e-06	-6
1.493654433e-06	1.884750655e-06	-6
1.444938421e-06	1.873505844e-06	-6
1.396232121e-06	1.862219053e-06	-6
1.347528843e-06	1.850919229e-06	-6
1.298835571e-06	1.839576354e-06	-6
1.250146977e-06	1.828213439e-06	-6
1.201465287e-06	1.816820959e-06	-6
1.152791791e-06	1.805393544e-06	-6
1.104121939e-06	1.793950595e-06	-6
1.055463916e-06	1.782457447e-06	-6
1.00680997e-06	1.770947084e-06	-6
9.581640689e-07	1.759402738e-06	-6
9.095266131e-07	1.74782289e-06	-6
8.608937304e-07	1.736223831e-06	-6
8.122727506e-07	1.724574972e-06	-6
7.636575058e-07	1.712902234e-06	-6
7.15049372e-07	1.701199887e-06	-6
6.664525848e-07	1.689450526e-06	-6
6.178617214e-07	1.677676703e-06	-6
5.692801878e-07	1.665864414e-06	-6
5.207094045e-07	1.654008023e-06	-6
4.721456437e-07	1.642122905e-06	-6
4.235921417e-07	1.630195918e-06	-6
3.750504954e-07	1.618220794e-06	-6
3.265172806e-07	1.606211559e-06	-6
2.779935687e-07	1.594163946e-06	-6
2.294850514e-07	1.582055304e-06	-6
1.809868035e-07	1.569905635e-06	-6
1.324996182e-07	1.557711886e-06	-6
8.4024848e-08	1.545468837e-06	-6
3.556735473e-08	1.53315759e-06	-6
-1.287630945e-08	1.52079208e-06	-6
-6.130487842e-08	1.508367598e-06	-6
-1.097168929e-07	1.495878766e-06	-6
-1.581106553e-07	1.483319381e-06	-6
-2.064841701e-07	1.470682221e-06	-6
-2.548350655e-07	1.457958782e-06	-6
-3.031604867e-07	1.445138932e-06	-6
-3.514569505e-07	1.432210444e-06	-6
-3.997201428e-07	1.419158346e-06	-6
-4.479446307e-07	1.405964028e-06	-6
-4.961234446e-07	1.392603947e-06	-6
-5.442425516e-07	1.379030514e-06	-6
-5.922773044e-07	1.365161629e-06	-6
-6.401899502e-07	1.350877463e-06	-6
-6.878869228e-07	1.335891067e-06	-6
-7.348290223e-07	1.318742837e-06	-6
-7.050320821e-07	1.315077144e-06	6
-6.55795763e-07	1.323747875e-06	6
-6.067551305e-07	1.333476872e-06	6
-5.578193053e-07	1.343721866e-06	6
-5.089592609e-07	1.354322938e-06	6
-4.601486755e-07	1.365149598e-06	6
-4.113844891e-07	1.376183463e-06	6
-3.626555163e-07	1.387371833e-06	6
-3.13956221e-07	1.398688686e-06	6
-2.652832447e-07	1.410118219e-06	6
-2.16633806e-07	1.421647544e-06	6
-1.680055722e-07	1.433265997e-06	6
-1.193965638e-07	1.444964644e-06	6
-7.080508227e-08	1.456735906e-06	6
-2.223007111e-08	1.468574989e-06	6
2.632668485e-08	1.480488717e-06	6
7.486939128e-08	1.492459524e-06	6
1.233990994e-07	1.504482906e-06	6
1.719167471e-07	1.516554885e-06	6
2.204210481e-07	1.528680411e-06	6
2.689112079e-07	1.540862344e-06	6
3.173913502e-07	1.55308406e-06	6
3.658621202e-07	1.565342922e-06	6
4.143188757e-07	1.577657078e-06	6
4.627657678e-07	1.590009948e-06	6
5.112047331e-07	1.602393878e-06	6
5.596316005e-07	1.614825052e-06	6
6.080485929e-07	1.627294603e-06	6
6.56458812e-07	1.639790437e-06	6
7.048568862e-07	1.652333244e-06	6
7.532466544e-07	1.664908027e-06	6
8.016305829e-07	1.67750529e-06	6
8.500007233e-07	1.690155393e-06	6
8.983654228e-07	1.702826255e-06	6
9.467218567e-07	1.715528652e-06	6
9.95067917e-07	1.728270455e-06	6
1.04340929e-06	1.741030039e-06	6
1.091738726e-06	1.753834773e-06	6
1.140062316e-06	1.766661526e-06	6
1.188378422e-06	1.779516463e-06	6
1.236684632e-06	1.792408523e-06	6
1.284986971e-06	1.805315094e-06	6
1.333276674e-06	1.818268865e-06	6
1.381562207e-06	1.831238148e-06	6
1.429838804e-06	1.844240676e-06	6
1.478107785e-06	1.857271427e-06	6
1.526371322e-06	1.870322351e-06	6
1.574623954e-06	1.883413524e-06	6
1.622873404e-06	1.89651642e-06	6
1.671110898e-06	1.909663274e-06	6
1.719344262e-06	1.922825254e-06	6
1.767568747e-06	1.936019745e-06	6
1.815786101e-06	1.949240252e-06	6
1.86399757e-06	1.962482226e-06	6
1.912198947e-06	1.975760868e-06	6
1.960397378e-06	1.989050221e-06	6
1.912477613e-06	1.975720696e-06	-6
1.864306457e-06	1.962332821e-06	-6
1.816147398e-06	1.948901491e-06	-6
1.767992428e-06	1.935455529e-06	-6
1.719846621e-06	1.921976772e-06	-6
1.671708008e-06	1.908472366e-06	-6
1.623575542e-06	1.89494605e-06	-6
1.575453509e-06	1.881382677e-06	-6
1.527334769e-06	1.867807608e-06	-6
1.479229301e-06	1.854185586e-06	-6
1.431127607e-06	1.840550261e-06	-6
1.383035827e-06	1.826879989e-06	-6
1.334951543e-06	1.8131834e-06	-6
1.286873601e-06	1.799464541e-06	-6
1.238807151e-06	1.785705484e-06	-6
1.190744838e-06	1.771931982e-06	-6
1.142695088e-06	1.758114706e-06	-6
1.094651453e-06	1.744276205e-06	-6
1.046616097e-06	1.730408973e-06	-6
9.985917553e-07	1.716503661e-06	-6
9.505725316e-07	1.702580677e-06	-6
9.025666692e-07	1.688611684e-06	-6
8.545679477e-07	1.6746182e-06	-6
8.065772359e-07	1.660597245e-06	-6
7.585998806e-07	1.646530667e-06	-6
7.106290722e-07	1.632441789e-06	-6
6.62669615e-07	1.618314296e-06	-6
6.147218817e-07	1.604147087e-06	-6
5.667818511e-07	1.589953831e-06	-6
5.188551522e-07	1.575715603e-06	-6
4.709403299e-07	1.561437485e-06	-6
4.230346791e-07	1.547128623e-06	-6
3.751425834e-07	1.532774433e-06	-6
3.272648297e-07	1.518372501e-06	-6
2.793981412e-07	1.503933848e-06	-6
2.315433202e-07	1.489455878e-06	-6
1.837075759e-07	1.474914999e-06	-6
1.358857787e-07	1.460328352e-06	-6
8.807863736e-08	1.44569375e-06	-6
4.028739551e-08	1.431007289e-06	-6
-7.484748405e-09	1.416258803e-06	-6
-5.523534388e-08	1.401440713e-06	-6
-1.029656759e-07	1.386557511e-06	-6
-1.506736589e-07	1.371602841e-06	-6
-1.983568422e-07	1.356569296e-06	-6
-2.460123134e-07	1.341448146e-06	-6
-2.93636569e-07	1.326228978e-06	-6
-3.412253365e-07	1.310899219e-06	-6
-3.887733282e-07	1.295443461e-06	-6
-4.362738915e-07	1.279842535e-06	-6
-4.837065205e-07	1.26403635e-06	-6
-5.310639521e-07	1.24800638e-06	-6
-5.783064231e-07	1.231641129e-06	-6
-6.253727282e-07	1.214776997e-06	-6
-6.720675058e-07	1.19691619e-06	-6
-6.962316901e-07	1.178303611e-06	6
-6.471478635e-07	1.187710607e-06	6
-5.985322391e-07	1.199377705e-06	6
-5.500915745e-07	1.211753664e-06	6
-5.017620992e-07	1.224557779e-06	6
-4.535088005e-07	1.237646143e-06	6
-4.053165064e-07	1.25095753e-06	6
-3.57170017e-07	1.26443368e-06	6
-3.090632668e-07	1.27805106e-06	6
-2.609913893e-07	1.291791079e-06	6
-2.129504188e-07	1.305638799e-06	6
-1.649370782e-07	1.319582022e-06	6
-1.169486235e-07	1.333610652e-06	6
-6.898272928e-08	1.347716219e-06	6
-2.103740258e-08	1.361891535e-06	6
2.688908232e-08	1.376130431e-06	6
7.479823416e-08	1.390427561e-06	6
1.22689749e-07	1.404783688e-06	6
1.705621726e-07	1.419203337e-06	6
2.184204641e-07	1.433669795e-06	6
2.66265605e-07	1.448179694e-06	6
3.140969246e-07	1.462735121e-06	6
3.619109119e-07	1.477347372e-06	6
4.097139239e-07	1.491995466e-06	6
4.575066467e-07	1.506677121e-06	6
5.052826809e-07	1.521413001e-06	6
5.530481433e-07	1.536183083e-06	6
6.008048737e-07	1.550981394e-06	6
6.485460378e-07	1.565829856e-06	6
6.96277578e-07	1.5807092e-06	6
7.440016348e-07	1.595612554e-06	6
7.917091348e-07	1.610568825e-06	6
8.3940966e-07	1.625547301e-06	6
8.871006974e-07	1.640555983e-06	6
9.347784977e-07	1.655606648e-06	6
9.824503529e-07	1.670676133e-06	6
1.030109064e-06	1.68578715e-06	6
1.077759363e-06	1.700924651e-06	6
1.125402162e-06	1.716085763e-06	6
1.173031464e-06	1.731289211e-06	6
1.220655913e-06	1.746507854e-06	6
1.268267278e-06	1.761767394e-06	6
1.315871532e-06	1.777049078e-06	6
1.363467336e-06	1.792357085e-06	6
1.411051764e-06	1.8077004e-06	6
1.458632086e-06	1.823056459e-06	6
1.506196993e-06	1.838460198e-06	6
1.553758001e-06	1.853875958e-06	6
1.60130753e-06	1.869327104e-06	6
1.648849425e-06	1.884801701e-06	6
1.696383609e-06	1.900299989e-06	6
1.743906544e-06	1.915832721e-06	6
1.791425399e-06	1.931377948e-06	6
1.838929472e-06	1.946968283e-06	6
1.886430076e-06	1.962569174e-06	6
1.933918252e-06	1.978207868e-06	6
1.942138649e-06	1.980858081e-06	-6
1.894681277e-06	1.965126155e-06	-6
1.847231195e-06	1.949372277e-06	-6
1.799789311e-06	1.933593708e-06	-6
1.752358275e-06	1.917782575e-06	-6
1.704931956e-06	1.901957285e-06	-6
1.657520164e-06	1.886088529e-06	-6
1.610112101e-06	1.87020864e-06	-6
1.562717208e-06	1.854289479e-06	-6
1.515328829e-06	1.838350957e-06	-6
1.467949831e-06	1.82238455e-06	-6
1.420581492e-06	1.806386567e-06	-6
1.373218535e-06	1.790372637e-06	-6
1.325870658e-06	1.774314182e-06	-6
1.278527344e-06	1.758242288e-06	-6
1.231196985e-06	1.742132269e-06	-6
1.183874986e-06	1.725997732e-06	-6
1.136561226e-06	1.709839028e-06	-6
1.089261166e-06	1.693640277e-06	-6
1.041966674e-06	1.677425276e-06	-6
9.946868291e-07	1.661167605e-06	-6
9.474155155e-07	1.644885166e-06	-6
9.001530411e-07	1.628577067e-06	-6
8.529057933e-07	1.612224917e-06	-6
8.056655825e-07	1.595852455e-06	-6
7.584388255e-07	1.579441209e-06	-6
7.112244357e-07	1.562994437e-06	-6
6.64018268e-07	1.54652407e-06	-6
6.168287725e-07	1.530005986e-06	-6
5.696506102e-07	1.513455585e-06	-6
5.224821657e-07	1.496877493e-06	-6
4.753318256e-07	1.48024797e-06	-6
4.281941241e-07	1.463582682e-06	-6
3.810680505e-07	1.446884533e-06	-6
3.339592006e-07	1.430137836e-06	-6
2.868673418e-07	1.413343441e-06	-6
2.397895923e-07	1.396509547e-06	-6
1.927270241e-07	1.379633235e-06	-6
1.456860767e-07	1.36269674e-06	-6
9.866442406e-08	1.345706775e-06	-6
5.166166541e-08	1.328664626e-06	-6
4.679496913e-09	1.311565793e-06	-6
-4.228013193e-08	1.29440514e-06	-6
-8.921495935e-08	1.277176749e-06	-6
-1.361199072e-07	1.259867172e-06	-6
-1.829950351e-07	1.24247702e-06	-6
-2.298372381e-07	1.224998388e-06	-6
-2.766423404e-07	1.207420651e-06	-6
-3.234038273e-07	1.189727217e-06	-6
-3.701109396e-07	1.17189078e-06	-6
-4.167572353e-07	1.153895968e-06	-6
-4.633308576e-07	1.135713931e-06	-6
-5.097943249e-07	1.117252421e-06	-6
-5.561124956e-07	1.098429795e-06	-6
-6.021669185e-07	1.078972352e-06	-6
-6.475324042e-07	1.057977809e-06	-6
-6.329940941e-07	1.051173286e-06	6
-5.847592363e-07	1.064316861e-06	6
-5.368754391e-07	1.078697119e-06	6
-4.891617088e-07	1.093632953e-06	6
-4.415600677e-07	1.108922374e-06	6
-3.940371503e-07	1.124454948e-06	6
-3.465751381e-07	1.140172743e-06	6
-2.991695091e-07	1.156059836e-06	6
-2.518078731e-07	1.172077606e-06	6
-2.044838591e-07	1.18820619e-06	6
-1.571933807e-07	1.204432849e-06	6
-1.099330261e-07	1.220747049e-06	6
-6.269991157e-08	1.237139968e-06	6
-1.549241188e-08	1.253606527e-06	6
3.168868794e-08	1.27014857e-06	6
7.884833437e-08	1.286751652e-06	6
1.259882371e-07	1.303410697e-06	6
1.731099038e-07	1.320121263e-06	6
2.202146751e-07	1.336879426e-06	6
2.672965476e-07	1.353701818e-06	6
3.143630819e-07	1.370567048e-06	6
3.614156451e-07	1.387471219e-06	6
4.084530731e-07	1.404417485e-06	6
4.554712445e-07	1.421417097e-06	6
5.024776984e-07	1.438449066e-06	6
5.49472968e-07	1.455511898e-06	6
5.964480423e-07	1.472630249e-06	6
6.434131735e-07	1.489775837e-06	6
6.903680972e-07	1.506949385e-06	6
7.373042409e-07	1.524174189e-06	6
7.842318614e-07	1.541422182e-06	6
8.311478767e-07	1.55870174e-06	6
8.780484251e-07	1.57602322e-06	6
9.249415999e-07	1.593364652e-06	6
9.718198404e-07	1.610746429e-06	6
1.018687481e-06	1.628156747e-06	6
1.065547179e-06	1.645588451e-06	6
1.112390031e-06	1.663065366e-06	6
1.159226929e-06	1.680558224e-06	6
1.206050094e-06	1.698087824e-06	6
1.252863274e-06	1.71564405e-06	6
1.299668398e-06	1.733221762e-06	6
1.346458365e-06	1.75083977e-06	6
1.393243368e-06	1.76847096e-06	6
1.440012752e-06	1.786143546e-06	6
1.486775246e-06	1.803834338e-06	6
1.53352689e-06	1.821553803e-06	6
1.580267184e-06	1.839303168e-06	6
1.627001147e-06	1.85706921e-06	6
1.673719482e-06	1.874876302e-06	6
1.720433652e-06	1.892694316e-06	6
1.767132362e-06	1.910552818e-06	6
1.813824863e-06	1.928427531e-06	6
1.860505965e-06	1.946332009e-06	6
1.907176872e-06	1.964263028e-06	6
1.953840354e-06	1.982213378e-06	6
1.925683287e-06	1.971284769e-06	-6
1.879055147e-06	1.953242812e-06	-6
1.83244177e-06	1.935162759e-06	-6
1.785832418e-06	1.917072327e-06	-6
1.739239876e-06	1.89893864e-06	-6
1.692652509e-06	1.880791674e-06	-6
1.646077905e-06	1.862611963e-06	-6
1.599512793e-06	1.844407972e-06	-6
1.552956247e-06	1.826182068e-06	-6
1.506413723e-06	1.807920396e-06	-6
1.459875839e-06	1.789646895e-06	-6
1.413355844e-06	1.771327899e-06	-6
1.366841252e-06	1.752995201e-06	-6
1.320339793e-06	1.734629202e-06	-6
1.27384903e-06	1.716236161e-06	-6
1.227366311e-06	1.697822784e-06	-6
1.180899999e-06	1.679368054e-06	-6
1.134439623e-06	1.660898385e-06	-6
1.087995099e-06	1.64238888e-06	-6
1.041560413e-06	1.623854727e-06	-6
9.951353988e-07	1.605296342e-06	-6
9.487272933e-07	1.586695724e-06	-6
9.023266027e-07	1.568076621e-06	-6
8.559415914e-07	1.549418478e-06	-6
8.095692482e-07	1.53072889e-06	-6
7.632055108e-07	1.512017949e-06	-6
7.168620595e-07	1.493256816e-06	-6
6.705288657e-07	1.474470386e-06	-6
6.242068857e-07	1.455656302e-06	-6
5.779057931e-07	1.436790877e-06	-6
5.316159855e-07	1.417897799e-06	-6
4.853385909e-07	1.398974312e-06	-6
4.390840177e-07	1.379995113e-06	-6
3.928429438e-07	1.360983073e-06	-6
3.466163033e-07	1.341935953e-06	-6
3.004108838e-07	1.322837398e-06	-6
2.542253896e-07	1.303690729e-06	-6
2.080575235e-07	1.284501603e-06	-6
1.619086927e-07	1.26526673e-06	-6
1.157835053e-07	1.245975212e-06	-6
6.968444711e-08	1.226621352e-06	-6
2.360929373e-08	1.207210672e-06	-6
-2.243967586e-08	1.187737967e-06	-6
-6.845981685e-08	1.168197229e-06	-6
-1.144480284e-07	1.148581465e-06	-6
-1.60400634e-07	1.128882435e-06	-6
-2.063132211e-07	1.10909032e-06	-6
-2.52180422e-07	1.089193268e-06	-6
-2.979956099e-07	1.069176765e-06	-6
-3.437504692e-07	1.049022764e-06	-6
-3.894343752e-07	1.028708437e-06	-6
-4.35010831e-07	1.008154264e-06	-6
-4.804671536e-07	9.873359247e-07	-6
-5.257189078e-07	9.66076808e-07	-6
-5.705745461e-07	9.439972821e-07	-6
-6.130830961e-07	9.182316025e-07	-5.542666083
-5.653923997e-07	9.287036755e-07	6
-5.180575412e-07	9.447952651e-07	6
-4.710224423e-07	9.61746862e-07	6
-4.241533309e-07	9.791526589e-07	6
-3.77392089e-07	9.968465347e-07	6
-3.307190451e-07	1.014771842e-06	6
-2.841144227e-07	1.032874346e-06	6
-2.375640404e-07	1.051115883e-06	6
-1.910610993e-07	1.069478042e-06	6
-1.446000808e-07	1.087946033e-06	6
-9.817644043e-08	1.106507792e-06	6
-5.178638529e-08	1.125153336e-06	6
-5.426710949e-09	1.143874294e-06	6
4.09053209e-08	1.162663571e-06	6
8.721207481e-08	1.181515078e-06	6
1.334938297e-07	1.200427898e-06	6
1.797489343e-07	1.219405794e-06	6
2.259836995e-07	1.238433168e-06	6
2.721996098e-07	1.257506293e-06	6
3.183979956e-07	1.276621851e-06	6
3.645719188e-07	1.295796428e-06	6
4.107291207e-07	1.315011198e-06	6
4.568717446e-07	1.334260953e-06	6
5.029966067e-07	1.353553249e-06	6
5.49101959e-07	1.37289211e-06	6
5.951950265e-07	1.392260226e-06	6
6.412731783e-07	1.411663821e-06	6
6.873320601e-07	1.431113104e-06	6
7.333804758e-07	1.450587145e-06	6
7.794137857e-07	1.470096886e-06	6
8.254304771e-07	1.489645777e-06	6
8.714381655e-07	1.50921585e-06	6
9.174281156e-07	1.528827583e-06	6
9.634060548e-07	1.54846744e-06	6
1.00937478e-06	1.568128871e-06	6
1.055323935e-06	1.587835991e-06	6
1.101265894e-06	1.607559871e-06	6
1.147192908e-06	1.627318539e-06	6
1.193107469e-06	1.647106112e-06	6
1.239013936e-06	1.666912471e-06	6
1.284901764e-06	1.686761971e-06	6
1.330783666e-06	1.706625159e-06	6
1.37664952e-06	1.726525386e-06	6
1.422505627e-06	1.746448047e-06	6
1.468351366e-06	1.76639457e-06	6
1.514182105e-06	1.786375524e-06	6
1.560007769e-06	1.806368124e-06	6
1.605813546e-06	1.826406249e-06	6
1.651614413e-06	1.846455581e-06	6
1.697400299e-06	1.866539112e-06	6
1.743176593e-06	1.886644481e-06	6
1.788942622e-06	1.906773221e-06	6
1.834694498e-06	1.926934099e-06	6
1.880440684e-06	1.947107895e-06	6
1.926168226e-06	1.967323912e-06	6
1.957024756e-06	1.980941771e-06	-2.788785171
1.911339365e-06	1.960630679e-06	-6
1.865656106e-06	1.940314796e-06	-6
1.81998955e-06	1.919961386e-06	-6
1.774330835e-06	1.899590408e-06	-6
1.72868435e-06	1.879192026e-06	-6
1.683050405e-06	1.858765619e-06	-6
1.637424097e-06	1.838322146e-06	-6
1.591815222e-06	1.817839817e-06	-6
1.546211339e-06	1.797346374e-06	-6
1.500625786e-06	1.776812183e-06	-6
1.455047629e-06	1.756261597e-06	-6
1.409482701e-06	1.73568168e-06	-6
1.363930783e-06	1.715073e-06	-6
1.318386677e-06	1.694447045e-06	-6
1.272861599e-06	1.673779132e-06	-6
1.227342762e-06	1.653097482e-06	-6
1.181840995e-06	1.632378292e-06	-6
1.136350213e-06	1.611635013e-06	-6
1.090870021e-06	1.590868507e-06	-6
1.045408172e-06	1.570061886e-06	-6
9.999540213e-07	1.549238453e-06	-6
9.545179522e-07	1.528375587e-06	-6
9.090944831e-07	1.507485318e-06	-6
8.636810346e-07	1.486573257e-06	-6
8.182894892e-07	1.4656137e-06	-6
7.729077516e-07	1.444632929e-06	-6
7.275408738e-07	1.423620028e-06	-6
6.821935338e-07	1.402565008e-06	-6
6.368577087e-07	1.381485211e-06	-6
5.915395102e-07	1.360367529e-06	-6
5.4624117e-07	1.339207298e-06	-6
5.009565052e-07	1.318017822e-06	-6
4.556895844e-07	1.296790446e-06	-6
4.104462928e-07	1.275512765e-06	-6
3.652194509e-07	1.254200156e-06	-6
3.200102465e-07	1.232850144e-06	-6
2.74826527e-07	1.211446241e-06	-6
2.296661084e-07	1.189993237e-06	-6
1.845273907e-07	1.168494622e-06	-6
1.394121987e-07	1.146946675e-06	-6
9.432260784e-08	1.125345188e-06	-6
4.926653379e-08	1.103673875e-06	-6
4.240968969e-09	1.081939267e-06	-6
-4.075171125e-08	1.060136681e-06	-6
-8.570794858e-08	1.03825906e-06	-6
-1.306235233e-07	1.016298086e-06	-6
-1.754933698e-07	9.94243841e-07	-6
-2.203113258e-07	9.720843426e-07	-6
-2.650697837e-07	9.498049123e-07	-6
-3.097535579e-07	9.273760947e-07	-6
-3.543419769e-07	9.04758357e-07	-6
-3.988231453e-07	8.819304697e-07	-6
-4.431257819e-07	8.587582107e-07	-6
-4.871675578e-07	8.350947925e-07	-6
-5.306150437e-07	8.103636338e-07	-6
-5.405464547e-07	7.932991151e-07	6
-4.93560246e-07	8.103516406e-07	6
-4.472226953e-07	8.291247322e-07	6
-4.011489742e-07	8.485379387e-07	6
-3.552327886e-07	8.683214712e-07	6
-3.094392762e-07	8.883874214e-07	6
-2.637296299e-07	9.086437337e-07	6
-2.180886664e-07	9.290543682e-07	6
-1.725070794e-07	9.49597304e-07	6
-1.269774399e-07	9.702551458e-07	6
-8.149372149e-08	9.910139135e-07	6
-3.605096317e-08	1.011862195e-06	6
9.354974536e-09	1.032790541e-06	6
5.472758874e-08	1.053791024e-06	6
1.000698679e-07	1.074856916e-06	6
1.453843928e-07	1.095982443e-06	6
1.90673414e-07	1.1171626e-06	6
2.359389119e-07	1.138393007e-06	6
2.811742675e-07	1.159687565e-06	6
3.263884668e-07	1.181026984e-06	6
3.715834105e-07	1.202407153e-06	6
4.167604064e-07	1.223825243e-06	6
4.619098841e-07	1.245301282e-06	6
5.070431083e-07	1.266811436e-06	6
5.521613194e-07	1.288353073e-06	6
5.97257437e-07	1.309940934e-06	6
6.423358011e-07	1.331565826e-06	6
6.874014565e-07	1.353217195e-06	6
7.324465869e-07	1.374911245e-06	6
7.774755092e-07	1.396638901e-06	6
8.224935623e-07	1.418389078e-06	6
8.67489594e-07	1.440184782e-06	6
9.124734068e-07	1.462005677e-06	6
9.57445472e-07	1.483850789e-06	6
1.002396266e-06	1.505739632e-06	6
1.047338457e-06	1.527646126e-06	6
1.092263545e-06	1.549587688e-06	6
1.137174474e-06	1.571558199e-06	6
1.182076476e-06	1.593546965e-06	6
1.226956995e-06	1.61557954e-06	6
1.271830512e-06	1.637626368e-06	6
1.316686987e-06	1.65970786e-06	6
1.361531304e-06	1.681814015e-06	6
1.406365278e-06	1.703941157e-06	6
1.451180964e-06	1.726105306e-06	6
1.495990742e-06	1.748281402e-06	6
1.540780105e-06	1.770498704e-06	6
1.585562026e-06	1.792730991e-06	6
1.63032923e-06	1.81499291e-06	6
1.675083624e-06	1.837280557e-06	6
1.719828735e-06	1.859586849e-06	6
1.764555852e-06	1.881929191e-06	6
1.809277893e-06	1.904281696e-06	6
1.853978923e-06	1.926676194e-06	6
1.898673957e-06	1.949082645e-06	6
1.943352955e-06	1.971521066e-06	6
1.943775098e-06	1.971668427e-06	-6
1.899140252e-06	1.949142305e-06	-6
1.85451581e-06	1.926595595e-06	-6
1.80990313e-06	1.904025607e-06	-6
1.765305933e-06	1.881425051e-06	-6
1.720715507e-06	1.858811128e-06	-6
1.676145807e-06	1.836156388e-06	-6
1.631581433e-06	1.813491175e-06	-6
1.587035873e-06	1.790789002e-06	-6
1.542499582e-06	1.768068663e-06	-6
1.497976683e-06	1.745322081e-06	-6
1.453468951e-06	1.722545848e-06	-6
1.408968896e-06	1.699754605e-06	-6
1.364490291e-06	1.676921535e-06	-6
1.320018181e-06	1.654075822e-06	-6
1.275564481e-06	1.631194297e-06	-6
1.231122663e-06	1.608289718e-06	-6
1.186692533e-06	1.58536246e-06	-6
1.142281859e-06	1.562397548e-06	-6
1.09787909e-06	1.539417354e-06	-6
1.053497046e-06	1.51639715e-06	-6
1.009127124e-06	1.493353607e-06	-6
9.647696705e-07	1.470286055e-06	-6
9.204338102e-07	1.447177037e-06	-6
8.761079108e-07	1.424048923e-06	-6
8.318009449e-07	1.400884546e-06	-6
7.875115247e-07	1.377686654e-06	-6
7.432337244e-07	1.354466584e-06	-6
6.9897932e-07	1.331201948e-06	-6
6.54741008e-07	1.307906745e-06	-6
6.105164027e-07	1.284585519e-06	-6
5.663171145e-07	1.26121634e-06	-6
5.221357672e-07	1.237813279e-06	-6
4.779707833e-07	1.214379347e-06	-6
4.338297703e-07	1.19090028e-06	-6
3.897128213e-07	1.167376044e-06	-6
3.456156761e-07	1.143814714e-06	-6
3.015398296e-07	1.12021355e-06	-6
2.574939155e-07	1.096556563e-06	-6
2.134753173e-07	1.072848805e-06	-6
1.694831436e-07	1.049092062e-06	-6
1.255197432e-07	1.025282114e-06	-6
8.158781141e-08	1.001414143e-06	-6
3.769047018e-08	9.774825983e-07	-6
-6.165945289e-09	9.534761322e-07	-6
-4.998029138e-08	9.293929808e-07	-6
-9.374891136e-08	9.052268351e-07	-6
-1.374660813e-07	8.80967741e-07	-6
-1.81121667e-07	8.565980058e-07	-6
-2.247031564e-07	8.320960393e-07	-6
-2.68200792e-07	8.074455681e-07	-6
-3.115984784e-07	7.8261958e-07	-6
-3.548424263e-07	7.575268988e-07	-6
-3.978860649e-07	7.320925362e-07	-6
-4.405683244e-07	7.060575509e-07	-6
-4.822960387e-07	6.785344464e-07	-6
-4.634167297e-07	6.758768469e-07	6
-4.176637306e-07	6.960267125e-07	6
-3.724201152e-07	7.173025625e-07	6
-3.274199377e-07	7.390893339e-07	6
-2.825835031e-07	7.612112195e-07	6
-2.378575363e-07	7.835557161e-07	6
-1.932185247e-07	8.060735006e-07	6
-1.486608444e-07	8.287518326e-07	6
-1.041643248e-07	8.515499272e-07	6
-5.972106692e-08	8.744516798e-07	6
-1.532519492e-08	8.974451633e-07	6
2.902818415e-08	9.205205168e-07	6
7.334319544e-08	9.436694817e-07	6
1.176226781e-07	9.668863506e-07	6
1.618645098e-07	9.901748844e-07	6
2.060762541e-07	1.013520468e-06	6
2.502603357e-07	1.036918356e-06	6
2.944188887e-07	1.060364393e-06	6
3.38553807e-07	1.083854912e-06	6
3.826569811e-07	1.107404978e-06	6
4.267384449e-07	1.130995637e-06	6
4.70800422e-07	1.154622674e-06	6
5.148415002e-07	1.178288662e-06	6
5.588555146e-07	1.20200494e-06	6
6.028532271e-07	1.225751433e-06	6
6.468355343e-07	1.249526467e-06	6
6.907895802e-07	1.273353709e-06	6
7.34729823e-07	1.297206377e-06	6
7.786560032e-07	1.321084951e-06	6
8.225559873e-07	1.345011649e-06	6
8.664441613e-07	1.36895999e-06	6
9.103163213e-07	1.39293767e-06	6
9.541669641e-07	1.41695467e-06	6
9.980074044e-07	1.440990287e-06	6
1.041827217e-06	1.465063501e-06	6
1.085632317e-06	1.489163462e-06	6
1.129426469e-06	1.513283326e-06	6
1.173197298e-06	1.537445484e-06	6
1.216959912e-06	1.561622514e-06	6
1.260703573e-06	1.585833826e-06	6
1.304433445e-06	1.610070024e-06	6
1.348152207e-06	1.63432627e-06	6
1.391850066e-06	1.658620145e-06	6
1.435541088e-06	1.682926314e-06	6
1.479210583e-06	1.707271145e-06	6
1.522870607e-06	1.731632946e-06	6
1.566515678e-06	1.756021537e-06	6
1.610145156e-06	1.780438001e-06	6
1.653765905e-06	1.804870065e-06	6
1.697365199e-06	1.829340393e-06	6
1.740958773e-06	1.853820908e-06	6
1.784531088e-06	1.878339248e-06	6
1.828094913e-06	1.902872658e-06	6
1.871643063e-06	1.927433891e-06	6
1.915177267e-06	1.952019823e-06	6
1.958701258e-06	1.976623844e-06	6
1.932572847e-06	1.961754419e-06	-6
1.889097261e-06	1.937064969e-06	-6
1.845639811e-06	1.912343617e-06	-6
1.802188516e-06	1.887611441e-06	-6
1.758760949e-06	1.862837625e-06	-6
1.715339038e-06	1.838053904e-06	-6
1.671936627e-06	1.813236041e-06	-6
1.628545093e-06	1.788399179e-06	-6
1.585167326e-06	1.763538267e-06	-6
1.541806595e-06	1.738647665e-06	-6
1.498453641e-06	1.713743508e-06	-6
1.455124236e-06	1.688798406e-06	-6
1.411801542e-06	1.663841656e-06	-6
1.368498837e-06	1.638850231e-06	-6
1.325208563e-06	1.613837293e-06	-6
1.281931354e-06	1.588801743e-06	-6
1.238674311e-06	1.563731374e-06	-6
1.195425318e-06	1.538647116e-06	-6
1.152200011e-06	1.513522062e-06	-6
1.108985884e-06	1.488377794e-06	-6
1.065787057e-06	1.463207238e-06	-6
1.022608968e-06	1.438001132e-06	-6
9.794409083e-07	1.412777853e-06	-6
9.362963093e-07	1.387514457e-06	-6
8.931666232e-07	1.362225625e-06	-6
8.500498688e-07	1.336914737e-06	-6
8.069602093e-07	1.311557751e-06	-6
7.638834253e-07	1.286178912e-06	-6
7.208240982e-07	1.26077045e-06	-6
6.777906483e-07	1.235318193e-06	-6
6.347723895e-07	1.209840277e-06	-6
5.917732538e-07	1.184330085e-06	-6
5.488024724e-07	1.158772166e-06	-6
5.058498279e-07	1.133183791e-06	-6
4.629165682e-07	1.107562891e-06	-6
4.200143871e-07	1.081889978e-06	-6
3.771364195e-07	1.056176664e-06	-6
3.342820716e-07	1.030424007e-06	-6
2.914532118e-07	1.004628969e-06	-6
2.486588083e-07	9.787768004e-07	-6
2.058966232e-07	9.528713899e-07	-6
1.631663584e-07	9.269133743e-07	-6
1.204710238e-07	9.008979501e-07	-6
7.781410742e-08	8.748195791e-07	-6
3.519969235e-08	8.486718121e-07	-6
-7.367388017e-09	8.224470567e-07	-6
-4.988134184e-08	7.96136268e-07	-6
-9.233513556e-08	7.697285307e-07	-6
-1.347201015e-07	7.432104851e-07	-6
-1.770253843e-07	7.165655249e-07	-6
-2.19237143e-07	6.897726537e-07	-6
-2.613137215e-07	6.62768071e-07	-6
-3.032321363e-07	6.355186698e-07	-6
-3.44883702e-07	6.078633752e-07	-6
-3.860520164e-07	5.79496032e-07	-6
-4.250206877e-07	5.483626111e-07	-6
-3.823621531e-07	5.629154583e-07	6
-3.378808512e-07	5.85739471e-07	6
-2.938282528e-07	6.093830184e-07	6
-2.500099657e-07	6.334585555e-07	6
-2.063477474e-07	6.578162518e-07	6
-1.628023667e-07	6.82382272e-07	6
-1.193557508e-07	7.071225936e-07	6
-7.598331707e-08	7.31992734e-07	6
-3.267562583e-08	7.569754529e-07	6
1.057496401e-08	7.820569066e-07	6
5.377472965e-08	8.07225805e-07	6
9.692889819e-08	8.324728089e-07	6
1.400418768e-07	8.577900926e-07	6
1.83117424e-07	8.831710205e-07	6
2.261587796e-07	9.086099046e-07	6
2.69163601e-07	9.34110511e-07	6
3.121353083e-07	9.596668664e-07	6
3.550795888e-07	9.852692713e-07	6
3.979984635e-07	1.010914247e-06	6
4.408926937e-07	1.036600442e-06	6
4.837536129e-07	1.062342179e-06	6
5.265935851e-07	1.088118746e-06	6
5.694139735e-07	1.113927839e-06	6
6.122080855e-07	1.139780491e-06	6
6.549785231e-07	1.165672276e-06	6
6.977324917e-07	1.191591247e-06	6
7.404641021e-07	1.217547076e-06	6
7.831723385e-07	1.243541336e-06	6
8.258665699e-07	1.269558592e-06	6
8.68538276e-07	1.295612787e-06	6
9.111901384e-07	1.321699442e-06	6
9.538299718e-07	1.347805762e-06	6
9.964438438e-07	1.373954442e-06	6
1.039044007e-06	1.400125437e-06	6
1.081629601e-06	1.426320146e-06	6
1.124191418e-06	1.452553464e-06	6
1.166743647e-06	1.478802329e-06	6
1.209273729e-06	1.505087073e-06	6
1.251789509e-06	1.53139493e-06	6
1.294292274e-06	1.557723822e-06	6
1.336772522e-06	1.584089022e-06	6
1.379244893e-06	1.61046691e-06	6
1.421693722e-06	1.636882673e-06	6
1.46413185e-06	1.663315612e-06	6
1.506553992e-06	1.689774212e-06	6
1.548958473e-06	1.716261095e-06	6
1.591354073e-06	1.742762202e-06	6
1.633725399e-06	1.769302099e-06	6
1.676090297e-06	1.795852254e-06	6
1.718433138e-06	1.822437578e-06	6
1.760765507e-06	1.849039561e-06	6
1.803082073e-06	1.875666687e-06	6
1.845382144e-06	1.902319998e-06	6
1.887672471e-06	1.928988778e-06	6
1.929940383e-06	1.955693064e-06	6
1.965620594e-06	1.978231551e-06	2.937730622
1.923411499e-06	1.951434391e-06	-6
1.88119994e-06	1.924641111e-06	-6
1.83901464e-06	1.897806505e-06	-6
1.796835332e-06	1.87096249e-06	-6
1.754676587e-06	1.844086184e-06	-6
1.712529901e-06	1.817190984e-06	-6
1.670397733e-06	1.790273033e-06	-6
1.628284034e-06	1.763326207e-06	-6
1.586178595e-06	1.736366468e-06	-6
1.544098348e-06	1.709367426e-06	-6
1.502025004e-06	1.682357633e-06	-6
1.459973587e-06	1.655313707e-06	-6
1.417934697e-06	1.628250324e-06	-6
1.375910638e-06	1.601163906e-06	-6
1.33390696e-06	1.574045902e-06	-6
1.291911433e-06	1.54691527e-06	-6
1.249942949e-06	1.519742821e-06	-6
1.20798418e-06	1.492555386e-06	-6
1.166043989e-06	1.465339287e-06	-6
1.124123094e-06	1.438093488e-06	-6
1.082212227e-06	1.410832258e-06	-6
1.040329841e-06	1.383527289e-06	-6
9.984590803e-07	1.356204508e-06	-6
9.566063002e-07	1.328854181e-06	-6
9.14777231e-07	1.301467614e-06	-6
8.729609023e-07	1.274061598e-06	-6
8.311690133e-07	1.246618318e-06	-6
7.893975385e-07	1.219143989e-06	-6
7.47640999e-07	1.19164696e-06	-6
7.059126716e-07	1.164107129e-06	-6
6.642049325e-07	1.136536143e-06	-6
6.225149009e-07	1.108938383e-06	-6
5.808534346e-07	1.081297511e-06	-6
5.392171717e-07	1.053618703e-06	-6
4.976021688e-07	1.025907943e-06	-6
4.560116618e-07	9.981604152e-07	-6
4.144567685e-07	9.703595836e-07	-6
3.72927779e-07	9.425200885e-07	-6
3.314267573e-07	9.146389188e-07	-6
2.899560291e-07	8.867126967e-07	-6
2.485242208e-07	8.587287574e-07	-6
2.071307316e-07	8.306881812e-07	-6
1.657755836e-07	8.025911021e-07	-6
1.244626272e-07	7.744320302e-07	-6
8.319637138e-08	7.462045691e-07	-6
4.198215552e-08	7.179011846e-07	-6
8.263792555e-10	6.895128971e-07	-6
-4.026318408e-08	6.610288655e-07	-6
-8.127695394e-08	6.324358162e-07	-6
-1.22202931e-07	6.037172448e-07	-6
-1.630074822e-07	5.748264538e-07	-6
-2.036710563e-07	5.457376262e-07	-6
-2.441306654e-07	5.16366013e-07	-6
-2.842759904e-07	4.865668664e-07	-6
-3.237812422e-07	4.55927697e-07	-6
-3.417330267e-07	4.309427277e-07	6
-2.974945551e-07	4.541956747e-07	6
-2.543536521e-07	4.794633141e-07	6
-2.115901579e-07	5.053659876e-07	6
-1.690602495e-07	5.316507861e-07	6
-1.266816951e-07	5.581789682e-07	6
-8.44292742e-08	5.849076694e-07	6
-4.226821974e-08	6.117802671e-07	6
-1.859722275e-10	6.387761308e-07	6
4.182746878e-08	6.65878972e-07	6
8.378019721e-08	6.930757073e-07	6
1.256788622e-07	7.203556618e-07	6
1.675290008e-07	7.477100014e-07	6
2.093352824e-07	7.751313198e-07	6
2.511016901e-07	8.026133337e-07	6
2.928316577e-07	8.301506541e-07	6
3.345281748e-07	8.577386129e-07	6
3.761882309e-07	8.853816105e-07	6
4.178141425e-07	9.130759863e-07	6
4.59412967e-07	9.40811022e-07	6
5.009866197e-07	9.685837826e-07	6
5.425314071e-07	9.963997174e-07	6
5.84045607e-07	1.024261273e-06	6
6.255389148e-07	1.052153925e-06	6
6.670126494e-07	1.080075689e-06	6
7.084522818e-07	1.108048041e-06	6
7.498743109e-07	1.136046437e-06	6
7.912798012e-07	1.164069301e-06	6
8.326534504e-07	1.192139156e-06	6
8.740113525e-07	1.220232192e-06	6
9.153529922e-07	1.24834917e-06	6
9.566653254e-07	1.276509186e-06	6
9.97964813e-07	1.30468803e-06	6
1.03924406e-06	1.332896528e-06	6
1.080500874e-06	1.361137815e-06	6
1.121746542e-06	1.389395384e-06	6
1.162965186e-06	1.417692362e-06	6
1.204170505e-06	1.446008728e-06	6
1.245359395e-06	1.474348999e-06	6
1.286525499e-06	1.50272235e-06	6
1.327682553e-06	1.531108831e-06	6
1.368812815e-06	1.559534121e-06	6
1.40993226e-06	1.587975046e-06	6
1.451033572e-06	1.616442181e-06	6
1.492116169e-06	1.644936308e-06	6
1.533188725e-06	1.673444916e-06	6
1.574235113e-06	1.701991184e-06	6
1.615274283e-06	1.730547825e-06	6
1.656289782e-06	1.75913846e-06	6
1.697293592e-06	1.787745846e-06	6
1.738280728e-06	1.816377128e-06	6
1.779249525e-06	1.845034634e-06	6
1.820208368e-06	1.873706377e-06	6
1.861142399e-06	1.902413526e-06	6
1.902070052e-06	1.931129769e-06	6
1.942972405e-06	1.95988204e-06	6
1.957108068e-06	1.969773761e-06	-5.792567611
1.916262306e-06	1.940941151e-06	-6
1.87542268e-06	1.912099859e-06	-6
1.834605236e-06	1.883227176e-06	-6
1.793800442e-06	1.854336627e-06	-6
1.75301146e-06	1.825423749e-06	-6
1.712241792e-06	1.796483652e-06	-6
1.671481399e-06	1.767530483e-06	-6
1.63074725e-06	1.738540407e-06	-6
1.590020185e-06	1.709540383e-06	-6
1.549317475e-06	1.680506179e-06	-6
1.508626819e-06	1.651455094e-06	-6
1.467953267e-06	1.622380059e-06	-6
1.427299715e-06	1.593277073e-06	-6
1.386655574e-06	1.564160937e-06	-6
1.346039943e-06	1.535005045e-06	-6
1.305433149e-06	1.505836854e-06	-6
1.264848744e-06	1.476637511e-06	-6
1.224281541e-06	1.447414283e-06	-6
1.18372754e-06	1.418172729e-06	-6
1.143201131e-06	1.388892948e-06	-6
1.102685605e-06	1.359598115e-06	-6
1.062193706e-06	1.330270625e-06	-6
1.021721385e-06	1.300916134e-06	-6
9.812616009e-07	1.271544355e-06	-6
9.408338769e-07	1.242128462e-06	-6
9.004202981e-07	1.212693152e-06	-6
8.600255878e-07	1.183231941e-06	-6
8.196603343e-07	1.15373039e-06	-6
7.793112989e-07	1.124206668e-06	-6
7.389848235e-07	1.094652125e-06	-6
6.986883733e-07	1.065056666e-06	-6
6.584111548e-07	1.035435046e-06	-6
6.18156433e-07	1.005782845e-06	-6
5.779371624e-07	9.760825817e-07	-6
5.377409836e-07	9.463510876e-07	-6
4.975695607e-07	9.165861465e-07	-6
4.574310015e-07	8.86776892e-07	-6
4.173277504e-07	8.569201638e-07	-6
3.772548904e-07	8.27022669e-07	-6
3.372149648e-07	7.970810802e-07	-6
2.972108627e-07	7.67091634e-07	-6
2.572499123e-07	7.370447034e-07	-6
2.173349696e-07	7.069366907e-07	-6
1.774659095e-07	6.767679591e-07	-6
1.376476593e-07	6.465322065e-07	-6
9.788605476e-08	6.16222007e-07	-6
5.818809237e-08	5.858285068e-07	-6
1.856227186e-08	5.553410131e-07	-6
-2.098092971e-08	5.247464304e-07	-6
-6.041265172e-08	4.940083293e-07	-6
-9.971940536e-08	4.63110634e-07	-6
-1.388689696e-07	4.320140928e-07	-6
-1.777759132e-07	4.006145998e-07	-6
-2.16305984e-07	3.687543176e-07	-6
-2.539442037e-07	3.358506836e-07	-6
-2.515390991e-07	3.234889867e-07	6
-2.089710891e-07	3.496978125e-07	6
-1.672371448e-07	3.772275506e-07	6
-1.258696586e-07	4.053059378e-07	6
-8.471493938e-08	4.336955872e-07	6
-4.373212112e-08	4.623329399e-07	6
-2.862585597e-09	4.911317448e-07	6
3.791057294e-08	5.200668753e-07	6
7.860057139e-08	5.491188668e-07	6
1.192160948e-07	5.782749014e-07	6
1.597696731e-07	6.075170395e-07	6
2.002672835e-07	6.368366428e-07	6
2.407120973e-07	6.662290302e-07	6
2.811105265e-07	6.956851285e-07	6
3.214667643e-07	7.25198996e-07	6
3.617844269e-07	7.54765534e-07	6
4.020666634e-07	7.843803233e-07	6
4.42316241e-07	8.14039499e-07	6
4.825267406e-07	8.437516398e-07	6
5.227049745e-07	8.735073838e-07	6
5.628565382e-07	9.032991012e-07	6
6.029832485e-07	9.33124299e-07	6
6.430742351e-07	9.629975042e-07	6
6.831402183e-07	9.929042209e-07	6
7.23185451e-07	1.022838721e-06	6
7.63202347e-07	1.052811102e-06	6
8.031923861e-07	1.082819296e-06	6
8.431648873e-07	1.112850848e-06	6
8.831111072e-07	1.142917359e-06	6
9.230328019e-07	1.173016416e-06	6
9.629395165e-07	1.203135335e-06	6
1.002817787e-06	1.233291912e-06	6
1.042677206e-06	1.263473389e-06	6
1.082522348e-06	1.293673725e-06	6
1.1223362e-06	1.323915297e-06	6
1.162138223e-06	1.354172427e-06	6
1.2019185e-06	1.384458152e-06	6
1.241677431e-06	1.414771885e-06	6
1.281425868e-06	1.445099386e-06	6
1.321142916e-06	1.475467983e-06	6
1.360850351e-06	1.505849139e-06	6
1.400536064e-06	1.536258673e-06	6
1.440203326e-06	1.566692261e-06	6
1.479858073e-06	1.597142166e-06	6
1.519485972e-06	1.627626996e-06	6
1.559105769e-06	1.658122356e-06	6
1.598699184e-06	1.688651967e-06	6
1.638280721e-06	1.719196965e-06	6
1.677843702e-06	1.749766004e-06	6
1.717387459e-06	1.780359897e-06	6
1.756920116e-06	1.810968141e-06	6
1.796426464e-06	1.841610331e-06	6
1.835925859e-06	1.872261484e-06	6
1.875398077e-06	1.90294763e-06	6
1.914860464e-06	1.93364641e-06	6
1.954302506e-06	1.964371333e-06	6
1.950457586e-06	1.961303786e-06	-6
1.911075961e-06	1.930501462e-06	-6
1.871706817e-06	1.899683196e-06	-6
1.832355492e-06	1.868842171e-06	-6
1.793023577e-06	1.837976406e-06	-6
1.753702652e-06	1.807096631e-06	-6
1.714408279e-06	1.776183081e-06	-6
1.675121173e-06	1.745260296e-06	-6
1.63586148e-06	1.714302711e-06	-6
1.596612675e-06	1.683331331e-06	-6
1.557383877e-06	1.652334605e-06	-6
1.518173994e-06	1.621313966e-06	-6
1.478976323e-06	1.590277888e-06	-6
1.439806103e-06	1.559207175e-06	-6
1.400644719e-06	1.528125328e-06	-6
1.361510145e-06	1.497009725e-06	-6
1.322389965e-06	1.465876038e-06	-6
1.283287441e-06	1.434720169e-06	-6
1.24420959e-06	1.403533366e-06	-6
1.205142474e-06	1.372333113e-06	-6
1.166105272e-06	1.341095436e-06	-6
1.127082746e-06	1.309839439e-06	-6
1.088078915e-06	1.278560104e-06	-6
1.049102588e-06	1.247246511e-06	-6
1.010139758e-06	1.215916128e-06	-6
9.712043722e-07	1.184551636e-06	-6
9.322909556e-07	1.153159904e-06	-6
8.933932647e-07	1.121748679e-06	-6
8.545290374e-07	1.090296057e-06	-6
8.156847628e-07	1.05881881e-06	-6
7.768590121e-07	1.027318707e-06	-6
7.380692952e-07	9.957742388e-07	-6
6.993019737e-07	9.642022661e-07	-6
6.605567304e-07	9.326031961e-07	-6
6.218456793e-07	9.0096224e-07	-6
5.831652141e-07	8.69283913e-07	-6
5.445114204e-07	8.375730511e-07	-6
5.058862994e-07	8.058272577e-07	-6
4.673033746e-07	7.740301901e-07	-6
4.287552711e-07	7.421909323e-07	-6
3.902426638e-07	7.103087547e-07	-6
3.51768683e-07	6.783799729e-07	-6
3.133369169e-07	6.464003823e-07	-6
2.74952086e-07	6.143644595e-07	-6
2.36623031e-07	5.822618263e-07	-6
1.983487737e-07	5.500938908e-07	-6
1.601356327e-07	5.178533839e-07	-6
1.219911845e-07	4.855316361e-07	-6
8.392646843e-08	4.531160283e-07	-6
4.59627079e-08	4.205822646e-07	-6
8.110402116e-09	3.879189353e-07	-6
-2.960929342e-08	3.551025796e-07	-6
-6.712866041e-08	3.220574897e-07	-6
-1.043846678e-07	2.887160365e-07	-6
-1.411677993e-07	2.548545896e-07	-6
-1.767264443e-07	2.197219331e-07	-6
-1.578399568e-07	2.206727764e-07	6
-1.168951327e-07	2.493587849e-07	6
-7.667122833e-08	2.790520021e-07	6
-3.678780783e-08	3.092015004e-07	6
2.873147707e-09	3.396431107e-07	6
4.237989132e-08	3.702846811e-07	6
8.176782349e-08	4.010788762e-07	6
1.2104716e-07	4.320114987e-07	6
1.602409441e-07	4.630524541e-07	6
1.993623786e-07	4.941845436e-07	6
2.384195295e-07	5.253972473e-07	6
2.774191024e-07	5.56681871e-07	6
3.163667415e-07	5.880311362e-07	6
3.552643608e-07	6.194424527e-07	6
3.941131258e-07	6.509141654e-07	6
4.329212825e-07	6.82435927e-07	6
4.716921309e-07	7.14003561e-07	6
5.104285718e-07	7.456134123e-07	6
5.491323822e-07	7.772632251e-07	6
5.877931836e-07	8.089655585e-07	6
6.264258862e-07	8.407021124e-07	6
6.650323935e-07	8.724705301e-07	6
7.036089637e-07	9.042753069e-07	6
7.42151067e-07	9.361218357e-07	6
7.806712965e-07	9.679948118e-07	6
8.19169015e-07	9.998949883e-07	6
8.576307004e-07	1.031838598e-06	6
8.960738944e-07	1.063804448e-06	6
9.344964159e-07	1.095795156e-06	6
9.728857115e-07	1.127825725e-06	6
1.011259207e-06	1.159875213e-06	6
1.049609453e-06	1.19195253e-06	6
1.087932767e-06	1.224062009e-06	6
1.126242449e-06	1.256187754e-06	6
1.164522747e-06	1.288348512e-06	6
1.202785233e-06	1.320530449e-06	6
1.241031277e-06	1.352731935e-06	6
1.279248034e-06	1.384968169e-06	6
1.317453835e-06	1.417217385e-06	6
1.35563254e-06	1.449498681e-06	6
1.393794699e-06	1.481799525e-06	6
1.431940226e-06	1.51412002e-06	6
1.470059746e-06	1.546471176e-06	6
1.508170167e-06	1.578833056e-06	6
1.546250106e-06	1.6112308e-06	6
1.58431928e-06	1.643641186e-06	6
1.622366732e-06	1.676077075e-06	6
1.66039529e-06	1.708535106e-06	6
1.698410412e-06	1.741008882e-06	6
1.736398863e-06	1.773513848e-06	6
1.774379721e-06	1.806027689e-06	6
1.812330512e-06	1.838576623e-06	6
1.850271876e-06	1.871136536e-06	6
1.888190601e-06	1.90372282e-06	6
1.926092671e-06	1.936328465e-06	6
1.963979352e-06	1.968951999e-06	6
1.945605776e-06	1.953032338e-06	-6
1.907783237e-06	1.920334462e-06	-6
1.869979292e-06	1.887615098e-06	-6
1.832188916e-06	1.854880055e-06	-6
1.794424505e-06	1.822115066e-06	-6
1.756667557e-06	1.789341474e-06	-6
1.718941852e-06	1.756531921e-06	-6
1.681225049e-06	1.723712142e-06	-6
1.643531918e-06	1.690865172e-06	-6
1.605855793e-06	1.657998705e-06	-6
1.568195442e-06	1.625114156e-06	-6
1.530560655e-06	1.592200361e-06	-6
1.49293469e-06	1.559276476e-06	-6
1.455340664e-06	1.526316123e-06	-6
1.417757432e-06	1.493343473e-06	-6
1.380197031e-06	1.460344807e-06	-6
1.342657566e-06	1.427322337e-06	-6
1.305131156e-06	1.394285023e-06	-6
1.267636652e-06	1.361211505e-06	-6
1.230153613e-06	1.328125e-06	-6
1.192696468e-06	1.295009175e-06	-6
1.155260798e-06	1.261869085e-06	-6
1.117839033e-06	1.228713286e-06	-6
1.080452441e-06	1.195517829e-06	-6
1.04308027e-06	1.162306149e-06	-6
1.005731055e-06	1.129068644e-06	-6
9.684113836e-07	1.095797978e-06	-6
9.311085187e-07	1.062508471e-06	-6
8.93834713e-07	1.029186422e-06	-6
8.565886063e-07	9.958334245e-07	-6
8.193623006e-07	9.624583266e-07	-6
7.821674376e-07	9.290481821e-07	-6
7.450032243e-07	8.95603958e-07	-6
7.078626137e-07	8.621335265e-07	-6
6.707510751e-07	8.286308505e-07	-6
6.336793125e-07	7.950841716e-07	-6
5.966360643e-07	7.615060205e-07	-6
5.596234812e-07	7.278940664e-07	-6
5.226476129e-07	6.94241715e-07	-6
4.857169097e-07	6.605398102e-07	-6
4.488241676e-07	6.267963676e-07	-6
4.119727491e-07	5.930078046e-07	-6
3.751665095e-07	5.591700314e-07	-6
3.384099104e-07	5.252783367e-07	-6
3.01708168e-07	4.913272384e-07	-6
2.650674489e-07	4.573102875e-07	-6
2.284951327e-07	4.232198077e-07	-6
1.920001689e-07	3.890465425e-07	-6
1.555935705e-07	3.547791717e-07	-6
1.192891097e-07	3.204036367e-07	-6
8.310431849e-08	2.85902178e-07	-6
4.707427236e-08	2.512391994e-07	-6
1.126157432e-08	2.163517547e-07	-6
-2.424046529e-08	1.811485864e-07	-6
-5.920507599e-08	1.454125249e-07	-6
-9.229227274e-08	1.07967977e-07	-6
-6.072766218e-08	1.2233014e-07	6
-2.144824615e-08	1.532585406e-07	6
1.719360297e-08	1.84983089e-07	6
5.550830587e-08	2.171025385e-07	6
9.359230061e-08	2.494953803e-07	6
1.315281324e-07	2.820616587e-07	6
1.693280996e-07	3.147855726e-07	6
2.070240739e-07	3.476292342e-07	6
2.4463403e-07	3.805713626e-07	6
2.821682397e-07	4.135997753e-07	6
3.196351266e-07	4.467045435e-07	6
3.570416937e-07	4.798774603e-07	6
3.943938364e-07	5.131116535e-07	6
4.316965754e-07	5.464013001e-07	6
4.689508199e-07	5.79745218e-07	6
5.061562076e-07	6.131436363e-07	6
5.433224893e-07	6.465855553e-07	6
5.804526928e-07	6.800675251e-07	6
6.175495024e-07	7.135865003e-07	6
6.546069792e-07	7.471489645e-07	6
6.916279636e-07	7.807516673e-07	6
7.286214703e-07	8.143846128e-07	6
7.655893018e-07	8.480457908e-07	6
8.025162315e-07	8.817518356e-07	6
8.394188637e-07	9.154844671e-07	6
8.762999415e-07	9.492406714e-07	6
9.131455021e-07	9.830356451e-07	6
9.499669772e-07	1.016856848e-06	6
9.867701509e-07	1.050697973e-06	6
1.023537817e-06	1.084577677e-06	6
1.060285848e-06	1.118478666e-06	6
1.097015646e-06	1.15239942e-06	6
1.13371073e-06	1.18635772e-06	6
1.1703915e-06	1.220331476e-06	6
1.20704735e-06	1.254332126e-06	6
1.243678318e-06	1.288359574e-06	6
1.280296805e-06	1.32240046e-06	6
1.316880672e-06	1.356478551e-06	6
1.353451875e-06	1.390570222e-06	6
1.390000349e-06	1.424686269e-06	6
1.426525492e-06	1.458827284e-06	6
1.463038907e-06	1.492980851e-06	6
1.49951905e-06	1.527169952e-06	6
1.535989624e-06	1.561369256e-06	6
1.572433743e-06	1.595596756e-06	6
1.608860779e-06	1.629842428e-06	6
1.64527058e-06	1.664106432e-06	6
1.681654743e-06	1.698397652e-06	6
1.718030395e-06	1.732697908e-06	6
1.754372223e-06	1.767033999e-06	6
1.790706049e-06	1.801378551e-06	6
1.827013761e-06	1.835750715e-06	6
1.863305893e-06	1.87013932e-06	6
1.899579745e-06	1.904547215e-06	6
1.935830391e-06	1.93897955e-06	6
1.972070411e-06	1.973423077e-06	6
1.942468054e-06	1.945164773e-06	-6
1.906295747e-06	1.910650141e-06	-6
1.870147765e-06	1.876110041e-06	-6
1.834009408e-06	1.841559865e-06	-6
1.797903167e-06	1.806976128e-06	-6
1.761804825e-06	1.77238415e-06	-6
1.725734718e-06	1.737762726e-06	-6
1.689678766e-06	1.70312657e-06	-6
1.653643032e-06	1.668469371e-06	-6
1.617630035e-06	1.633788554e-06	-6
1.581628887e-06	1.599095428e-06	-6
1.54565954e-06	1.564369337e-06	-6
1.509699544e-06	1.529633564e-06	-6
1.473768366e-06	1.494867977e-06	-6
1.437853497e-06	1.460085551e-06	-6
1.401957786e-06	1.425283345e-06	-6
1.366089139e-06	1.390453254e-06	-6
1.330231693e-06	1.355611627e-06	-6
1.29440811e-06	1.320735181e-06	-6
1.258599106e-06	1.285843776e-06	-6
1.222812285e-06	1.250929609e-06	-6
1.187053309e-06	1.215986931e-06	-6
1.151308261e-06	1.181030003e-06	-6
1.115596649e-06	1.146038914e-06	-6
1.079904808e-06	1.111027668e-06	-6
1.044231774e-06	1.07599725e-06	-6
1.008595384e-06	1.040929556e-06	-6
9.729768337e-07	1.005843751e-06	-6
9.373832786e-07	9.70732579e-07	-6
9.018246825e-07	9.355860087e-07	-6
8.662871064e-07	9.004181902e-07	-6
8.307767376e-07	8.65222888e-07	-6
7.953047563e-07	8.299889021e-07	-6
7.598578328e-07	7.947297159e-07	-6
7.244376865e-07	7.594436192e-07	-6
6.890610633e-07	7.24113885e-07	-6
6.537171508e-07	6.887514406e-07	-6
6.184058042e-07	6.533564795e-07	-6
5.831295856e-07	6.179264969e-07	-6
5.479012903e-07	5.824488589e-07	-6
5.127167817e-07	5.469278076e-07	-6
4.775761683e-07	5.113633396e-07	-6
4.424835597e-07	4.757515057e-07	-6
4.074437131e-07	4.400877552e-07	-6
3.724621911e-07	4.043667919e-07	-6
3.375455718e-07	3.685823845e-07	-6
3.027017281e-07	3.327271142e-07	-6
2.679402094e-07	2.967920342e-07	-6
2.332727683e-07	2.607662025e-07	-6
1.987141024e-07	2.246360291e-07	-6
1.642829223e-07	1.883843479e-07	-6
1.300373905e-07	1.51957304e-07	-6
9.600523919e-08	1.153308652e-07	-6
6.233828416e-08	7.836864016e-08	-6
2.933825939e-08	4.081168505e-08	-6
-1.641034379e-10	7.517421198e-10	-6
3.970421845e-08	2.838576505e-08	6
7.727627001e-08	6.136864044e-08	6
1.142465307e-07	9.50265125e-08	6
1.508905864e-07	1.29039564e-07	6
1.873192249e-07	1.632834119e-07	6
2.235842132e-07	1.977005622e-07	6
2.597130442e-07	2.322606474e-07	6
2.957389526e-07	2.669280071e-07	6
3.316751691e-07	3.016883398e-07	6
3.675323831e-07	3.36530169e-07	6
4.033193612e-07	3.714441405e-07	6
4.39043392e-07	4.06422521e-07	6
4.747106121e-07	4.414588336e-07	6
5.10326248e-07	4.765475893e-07	6
5.458947987e-07	5.116840854e-07	6
5.814125733e-07	5.468719139e-07	6
6.168852492e-07	5.82105196e-07	6
6.523202471e-07	6.173763638e-07	6
6.877203601e-07	6.526825474e-07	6
7.230859927e-07	6.880232834e-07	6
7.58406528e-07	7.234090883e-07	6
7.936983582e-07	7.588235104e-07	6
8.289633583e-07	7.94264656e-07	6
8.641915879e-07	8.297423593e-07	6
8.993881479e-07	8.652514711e-07	6
9.345621816e-07	9.007828977e-07	6
9.697047926e-07	9.363454127e-07	6
1.004816255e-06	9.719386728e-07	6
1.039908588e-06	1.007550795e-06	6
1.074969253e-06	1.043194102e-06	6
1.110003692e-06	1.078863178e-06	6
1.145021718e-06	1.114548374e-06	6
1.180003376e-06	1.150269225e-06	6
1.21496726e-06	1.186007463e-06	6
1.249910325e-06	1.221766068e-06	6
1.284821917e-06	1.257555395e-06	6
1.319720456e-06	1.293357451e-06	6
1.354587831e-06	1.329189863e-06	6
1.389436717e-06	1.365040248e-06	6
1.424266882e-06	1.40090883e-06	6
1.4590674e-06	1.436806171e-06	6
1.493857212e-06	1.472713891e-06	6
1.528613973e-06	1.508653606e-06	6
1.563357218e-06	1.54460638e-06	6
1.598077692e-06	1.580581152e-06	6
1.632775213e-06	1.616578057e-06	6
1.667459621e-06	1.652587603e-06	6
1.702112115e-06	1.688627858e-06	6
1.736755891e-06	1.724676493e-06	6
1.771368669e-06	1.760754897e-06	6
1.805968309e-06	1.796845891e-06	6
1.840545447e-06	1.832958454e-06	6
1.875101293e-06	1.869091382e-06	6
1.909642859e-06	1.90523797e-06	6
1.94415513e-06	1.941412524e-06	6
1.975377494e-06	1.974143467e-06	4.71359502
1.940941706e-06	1.937896094e-06	-6
1.906506802e-06	1.901647881e-06	-6
1.872101386e-06	1.865371682e-06	-6
1.837704056e-06	1.829087813e-06	-6
1.803340565e-06	1.792771892e-06	-6
1.768987307e-06	1.756446299e-06	-6
1.734659722e-06	1.720096437e-06	-6
1.700350995e-06	1.683728783e-06	-6
1.666059498e-06	1.647344874e-06	-6
1.631795894e-06	1.610934702e-06	-6
1.597541573e-06	1.574515792e-06	-6
1.563322956e-06	1.538063332e-06	-6
1.529115059e-06	1.501600819e-06	-6
1.494933318e-06	1.465113778e-06	-6
1.460772829e-06	1.428606848e-06	-6
1.426628312e-06	1.39208497e-06	-6
1.39251638e-06	1.35553266e-06	-6
1.358416259e-06	1.318969332e-06	-6
1.324347432e-06	1.282376838e-06	-6
1.290298203e-06	1.245766117e-06	-6
1.256267949e-06	1.209137748e-06	-6
1.22227128e-06	1.17247821e-06	-6
1.188289299e-06	1.135805058e-06	-6
1.154337948e-06	1.099103541e-06	-6
1.12041187e-06	1.062378671e-06	-6
1.086502804e-06	1.025638084e-06	-6
1.052633166e-06	9.888611458e-07	-6
1.018784161e-06	9.520652266e-07	-6
9.849566362e-07	9.152495485e-07	-6
9.511706251e-07	8.783957709e-07	-6
9.174067869e-07	8.415216888e-07	-6
8.836665226e-07	8.04626023e-07	-6
8.49971578e-07	7.676889644e-07	-6
8.163030964e-07	7.307277961e-07	-6
7.826628693e-07	6.937409048e-07	-6
7.490627893e-07	6.56717531e-07	-6
7.155026759e-07	6.196579349e-07	-6
6.819769242e-07	5.825672575e-07	-6
6.484882466e-07	5.454430971e-07	-6
6.150436203e-07	5.082792361e-07	-6
5.816513364e-07	4.710683426e-07	-6
5.483053755e-07	4.338159438e-07	-6
5.150100863e-07	3.96518255e-07	-6
4.817705034e-07	3.591709146e-07	-6
4.485925152e-07	3.217688459e-07	-6
4.154830856e-07	2.843060752e-07	-6
3.824505506e-07	2.467754903e-07	-6
3.495050224e-07	2.091685137e-07	-6
3.166589469e-07	1.714746551e-07	-6
2.839278895e-07	1.336808869e-07	-6
2.513390895e-07	9.576440127e-08	-6
2.189491806e-07	5.767791252e-08	-6
1.868000844e-07	1.938809886e-08	-6
1.550441599e-07	-1.922812613e-08	-6
1.240505729e-07	-5.845691968e-08	-6
1.055980754e-07	-9.387962914e-08	6
1.43328893e-07	-6.115143897e-08	6
1.79140406e-07	-2.626455946e-08	6
2.143606975e-07	9.2207054e-09	6
2.492501537e-07	4.503141038e-08	6
2.839374019e-07	8.103811438e-08	6
3.184419464e-07	1.17219979e-07	6
3.528191386e-07	1.535228699e-07	6
3.870893654e-07	1.899267622e-07	6
4.212663588e-07	2.264182092e-07	6
4.553612128e-07	2.629864203e-07	6
4.89383026e-07	2.996226e-07	6
5.233393635e-07	3.363194762e-07	6
5.572365952e-07	3.730709578e-07	6
5.910801469e-07	4.098718819e-07	6
6.248746899e-07	4.467178248e-07	6
6.586226562e-07	4.836064458e-07	6
6.923170264e-07	5.205440263e-07	6
7.259721825e-07	5.575173274e-07	6
7.59591023e-07	5.945236512e-07	6
7.931761381e-07	6.315605969e-07	6
8.26715258e-07	6.68639203e-07	6
8.602210582e-07	7.05747909e-07	6
8.93698921e-07	7.428818219e-07	6
9.271435494e-07	7.800456811e-07	6
9.605498824e-07	8.172439608e-07	6
9.939327582e-07	8.544632888e-07	6
1.027287726e-06	8.917076399e-07	6
1.060605202e-06	9.289855287e-07	6
1.093902755e-06	9.662812099e-07	6
1.127171926e-06	1.003602221e-06	6
1.160408964e-06	1.040951845e-06	6
1.193628906e-06	1.078316675e-06	6
1.22681537e-06	1.11571125e-06	6
1.259978716e-06	1.153126318e-06	6
1.293124785e-06	1.190556703e-06	6
1.326233468e-06	1.228020159e-06	6
1.359328551e-06	1.265495624e-06	6
1.392395408e-06	1.302996005e-06	6
1.425438584e-06	1.340517245e-06	6
1.458466504e-06	1.378051924e-06	6
1.491459118e-06	1.415617637e-06	6
1.52444057e-06	1.453193148e-06	6
1.557391689e-06	1.490795267e-06	6
1.590324457e-06	1.528413451e-06	6
1.623237615e-06	1.566048801e-06	6
1.65612258e-06	1.603708783e-06	6
1.688998008e-06	1.641377096e-06	6
1.721835903e-06	1.679078134e-06	6
1.754664695e-06	1.716787092e-06	6
1.787465205e-06	1.75452066e-06	6
1.820247852e-06	1.792269739e-06	6
1.85301109e-06	1.830035675e-06	6
1.885747949e-06	1.867824471e-06	6
1.918473988e-06	1.905622645e-06	6
1.951165287e-06	1.943450868e-06	6
1.973522878e-06	1.969302682e-06	1.978672961
1.940906894e-06	1.9314095e-06	-6
1.908292374e-06	1.893515059e-06	-6
1.875711768e-06	1.855591458e-06	-6
1.843139625e-06	1.81766059e-06	-6
1.810599756e-06	1.779702026e-06	-6
1.778073694e-06	1.741731639e-06	-6
1.745571355e-06	1.703740936e-06	-6
1.713091853e-06	1.665730713e-06	-6
1.680627231e-06	1.627707774e-06	-6
1.648194909e-06	1.589657285e-06	-6
1.615772313e-06	1.551598506e-06	-6
1.583383851e-06	1.513510672e-06	-6
1.551009796e-06	1.4754106e-06	-6
1.518659864e-06	1.437290034e-06	-6
1.486335377e-06	1.399147898e-06	-6
1.454024337e-06	1.360994362e-06	-6
1.421750619e-06	1.322809253e-06	-6
1.389489283e-06	1.284613687e-06	-6
1.357257314e-06	1.246393328e-06	-6
1.32504919e-06	1.208152883e-06	-6
1.292857513e-06	1.169898582e-06	-6
1.260704342e-06	1.131611913e-06	-6
1.228566574e-06	1.09331232e-06	-6
1.196457304e-06	1.054988824e-06	-6
1.164377986e-06	1.01664026e-06	-6
1.13231651e-06	9.782767752e-07	-6
1.100292568e-06	9.398819486e-07	-6
1.068293891e-06	9.014660728e-07	-6
1.036316104e-06	8.630327992e-07	-6
1.004381107e-06	8.245639599e-07	-6
9.724715469e-07	7.860740305e-07	-6
9.405867139e-07	7.47563607e-07	-6
9.087451468e-07	7.090173984e-07	-6
8.76935372e-07	6.704449612e-07	-6
8.451552335e-07	6.318481013e-07	-6
8.134126765e-07	5.932203178e-07	-6
7.817163091e-07	5.545546296e-07	-6
7.500559823e-07	5.158594349e-07	-6
7.184345477e-07	4.77132449e-07	-6
6.868552154e-07	4.383711118e-07	-6
6.55333568e-07	3.99562848e-07	-6
6.238615263e-07	3.607143577e-07	-6
5.924426445e-07	3.218228695e-07	-6
5.610822144e-07	2.828842373e-07	-6
5.297864256e-07	2.43893635e-07	-6
4.985625991e-07	2.048453842e-07	-6
4.674194991e-07	1.657327241e-07	-6
4.363677577e-07	1.265475019e-07	-6
4.054204612e-07	8.727974802e-08	-6
3.74593976e-07	4.79170834e-08	-6
3.439292683e-07	8.428292556e-09	-6
3.134625644e-07	-3.121342887e-08	-6
2.832684154e-07	-7.106295286e-08	-6
2.535002661e-07	-1.1123128e-07	-6
2.245815746e-07	-1.52013019e-07	-6
2.144513394e-07	-1.813639287e-07	6
2.500445638e-07	-1.462818806e-07	6
2.840010744e-07	-1.095866519e-07	6
3.174058528e-07	-7.238734032e-08	6
3.504720222e-07	-3.488650733e-08	6
3.83328467e-07	2.798249281e-09	6
4.160017088e-07	4.064200945e-08	6
4.485461621e-07	7.859658246e-08	6
4.809797257e-07	1.166459713e-07	6
5.133166221e-07	1.547775605e-07	6
5.455683411e-07	1.929812274e-07	6
5.777443057e-07	2.312487212e-07	6
6.098523514e-07	2.6957322e-07	6
6.418990756e-07	3.0794901e-07	6
6.738900988e-07	3.463712477e-07	6
7.0583026e-07	3.848357828e-07	6
7.377237666e-07	4.233390233e-07	6
7.695629683e-07	4.618871857e-07	6
8.01358167e-07	5.004716397e-07	6
8.331156743e-07	5.390871176e-07	6
8.648381723e-07	5.777313685e-07	6
8.965171355e-07	6.16411323e-07	6
9.281570633e-07	6.551232055e-07	6
9.597679911e-07	6.938587695e-07	6
9.913484154e-07	7.326192183e-07	6
1.022884876e-06	7.714154423e-07	6
1.054396987e-06	8.102314388e-07	6
1.085883927e-06	8.490678674e-07	6
1.117327951e-06	8.879390493e-07	6
1.148751293e-06	9.268269447e-07	6
1.180148791e-06	9.657357186e-07	6
1.21150913e-06	1.004674444e-06	6
1.242851719e-06	1.043627456e-06	6
1.274163012e-06	1.082605636e-06	6
1.305446678e-06	1.121605985e-06	6
1.336714959e-06	1.160618677e-06	6
1.367942627e-06	1.199663885e-06	6
1.399155259e-06	1.238721107e-06	6
1.430341911e-06	1.277799085e-06	6
1.461500501e-06	1.316899434e-06	6
1.492646583e-06	1.356009754e-06	6
1.523752531e-06	1.395152002e-06	6
1.554846884e-06	1.434303455e-06	6
1.585912954e-06	1.473477361e-06	6
1.616956619e-06	1.512669016e-06	6
1.647983145e-06	1.551874249e-06	6
1.67897704e-06	1.591105278e-06	6
1.709961022e-06	1.63034414e-06	6
1.740909156e-06	1.669611284e-06	6
1.771844581e-06	1.708888434e-06	6
1.80275378e-06	1.748186234e-06	6
1.83364116e-06	1.787501176e-06	6
1.864511543e-06	1.826829475e-06	6
1.895351251e-06	1.866181827e-06	6
1.926182217e-06	1.905541033e-06	6
1.956975172e-06	1.944929985e-06	6
1.972945063e-06	1.965323017e-06	0.2148909235
1.942227704e-06	1.925875084e-06	-6
1.911512165e-06	1.886425734e-06	-6
1.880834064e-06	1.846947263e-06	-6
1.85016478e-06	1.807461946e-06	-6
1.819526951e-06	1.767952213e-06	-6
1.788905643e-06	1.728429682e-06	-6
1.758306876e-06	1.688889689e-06	-6
1.727734042e-06	1.649329647e-06	-6
1.69717453e-06	1.609759307e-06	-6
1.666650813e-06	1.570161352e-06	-6
1.636137235e-06	1.530555584e-06	-6
1.605656981e-06	1.490924161e-06	-6
1.575193937e-06	1.451279516e-06	-6
1.544753774e-06	1.411617291e-06	-6
1.514342332e-06	1.371933046e-06	-6
1.483942848e-06	1.332239634e-06	-6
1.453584042e-06	1.292515102e-06	-6
1.423238364e-06	1.252780548e-06	-6
1.39292093e-06	1.213024431e-06	-6
1.362630643e-06	1.173247635e-06	-6
1.332355121e-06	1.133459592e-06	-6
1.302122037e-06	1.093639293e-06	-6
1.271905018e-06	1.05380681e-06	-6
1.24171521e-06	1.013953691e-06	-6
1.211559033e-06	9.740751254e-07	-6
1.181421468e-06	9.341824909e-07	-6
1.151320398e-06	8.942623058e-07	-6
1.121248201e-06	8.543203757e-07	-6
1.091197794e-06	8.143620436e-07	-6
1.061189211e-06	7.743722884e-07	-6
1.03120982e-06	7.343606544e-07	-6
1.001256223e-06	6.943297018e-07	-6
9.713447731e-07	6.54267241e-07	-6
9.414693006e-07	6.141779543e-07	-6
9.116247419e-07	5.740656494e-07	-6
8.818162107e-07	5.339265531e-07	-6
8.520588428e-07	4.937495146e-07	-6
8.223390657e-07	4.53544673e-07	-6
7.926598586e-07	4.133098734e-07	-6
7.630245747e-07	3.730427014e-07	-6
7.334456152e-07	3.327341323e-07	-6
7.039220056e-07	2.923850142e-07	-6
6.744538474e-07	2.519953895e-07	-6
6.450466666e-07	2.115613518e-07	-6
6.157069271e-07	1.710783542e-07	-6
5.864422743e-07	1.305410475e-07	-6
5.572618617e-07	8.994306403e-08	-6
5.281767931e-07	4.927672627e-08	-6
4.992007358e-07	8.532647977e-09	-6
4.703507825e-07	-3.230082225e-08	-6
4.416785203e-07	-7.325922435e-08	-6
4.132051365e-07	-1.143560907e-07	-6
3.850302965e-07	-1.556580259e-07	-6
3.573094542e-07	-1.972655619e-07	-6
3.305451307e-07	-2.394913891e-07	-6
3.261022151e-07	-2.639469904e-07	6
3.597112137e-07	-2.269532163e-07	6
3.917630228e-07	-1.885828301e-07	6
4.23272797e-07	-1.497653378e-07	6
4.544469154e-07	-1.106775105e-07	6
4.853959172e-07	-7.141116642e-08	6
5.161645918e-07	-3.200331047e-08	6
5.468000336e-07	7.508217041e-09	6
5.773207527e-07	4.71084448e-08	6
6.077414561e-07	8.678556863e-08	6
6.380740244e-07	1.265301183e-07	6
6.68328201e-07	1.663343757e-07	6
6.985120873e-07	2.061919602e-07	6
7.286325055e-07	2.460975277e-07	6
7.58695267e-07	2.860465487e-07	6
7.887053759e-07	3.260351419e-07	6
8.18667183e-07	3.660599483e-07	6
8.485761062e-07	4.061242954e-07	6
8.784359288e-07	4.462252423e-07	6
9.082567337e-07	4.863552063e-07	6
9.380412935e-07	5.265120842e-07	6
9.677837508e-07	5.667001649e-07	6
9.974826527e-07	6.069204365e-07	6
1.027151533e-06	6.471628543e-07	6
1.056791643e-06	6.874264786e-07	6
1.086383274e-06	7.27725746e-07	6
1.115949697e-06	7.680435005e-07	6
1.145492395e-06	8.083786533e-07	6
1.17498852e-06	8.487478769e-07	6
1.204462903e-06	8.891329674e-07	6
1.233913063e-06	9.295357355e-07	6
1.263322091e-06	9.699684497e-07	6
1.292712745e-06	1.010414518e-06	6
1.322073409e-06	1.050882369e-06	6
1.351402939e-06	1.091372783e-06	6
1.380716541e-06	1.131874736e-06	6
1.409990403e-06	1.172405423e-06	6
1.43924628e-06	1.212949085e-06	6
1.46847757e-06	1.253510487e-06	6
1.497677391e-06	1.294094542e-06	6
1.526864304e-06	1.334687886e-06	6
1.556011796e-06	1.375309547e-06	6
1.585145008e-06	1.415941442e-06	6
1.614251163e-06	1.456592732e-06	6
1.6433318e-06	1.497262273e-06	6
1.672396924e-06	1.537942909e-06	6
1.70142594e-06	1.578649316e-06	6
1.730444685e-06	1.619363045e-06	6
1.759428476e-06	1.660101668e-06	6
1.788396859e-06	1.700851243e-06	6
1.817340259e-06	1.741618572e-06	6
1.84625881e-06	1.782403526e-06	6
1.875161947e-06	1.823199411e-06	6
1.904031054e-06	1.864019381e-06	6
1.932891097e-06	1.904845761e-06	6
1.961713923e-06	1.945698427e-06	6
1.973497988e-06	1.962356278e-06	-0.7310650023
1.944753288e-06	1.921448604e-06	-6
1.916010749e-06	1.880539412e-06	-6
1.887308128e-06	1.839602202e-06	-6
1.858614654e-06	1.798658585e-06	-6
1.829952696e-06	1.757692896e-06	-6
1.801308973e-06	1.716714461e-06	-6
1.772687516e-06	1.675720464e-06	-6
1.74409406e-06	1.634706938e-06	-6
1.715513301e-06	1.593684556e-06	-6
1.686970774e-06	1.552635566e-06	-6
1.65843877e-06	1.511579264e-06	-6
1.629940175e-06	1.470499759e-06	-6
1.601460567e-06	1.429407097e-06	-6
1.57300353e-06	1.388298793e-06	-6
1.544577425e-06	1.3471691e-06	-6
1.516163731e-06	1.306030827e-06	-6
1.487791017e-06	1.264864279e-06	-6
1.459433107e-06	1.223687539e-06	-6
1.431103269e-06	1.182491473e-06	-6
1.402802784e-06	1.141275244e-06	-6
1.374517541e-06	1.100048547e-06	-6
1.346275195e-06	1.058792451e-06	-6
1.318050684e-06	1.017524159e-06	-6
1.289853093e-06	9.762374607e-07	-6
1.261691651e-06	9.34926103e-07	-6
1.233549526e-06	8.936015843e-07	-6
1.205443871e-06	8.522522464e-07	-6
1.177369502e-06	8.10881669e-07	-6
1.149317748e-06	7.694957501e-07	-6
1.121307899e-06	7.280814539e-07	-6
1.093329751e-06	6.866457444e-07	-6
1.065378372e-06	6.451919694e-07	-6
1.037469127e-06	6.037098087e-07	-6
1.009598717e-06	5.62201556e-07	-6
9.817603846e-07	5.206717848e-07	-6
9.53957721e-07	4.791181149e-07	-6
9.262097472e-07	4.375279064e-07	-6
8.985007759e-07	3.959117149e-07	-6
8.708339e-07	3.542675274e-07	-6
8.43212601e-07	3.125930882e-07	-6
8.15647623e-07	2.708813683e-07	-6
7.881420443e-07	2.291304622e-07	-6
7.606939953e-07	1.873417219e-07	-6
7.333092108e-07	1.455115018e-07	-6
7.059943991e-07	1.036355603e-07	-6
6.78757495e-07	6.170890817e-08	-6
6.516079976e-07	1.97256078e-08	-6
6.245574301e-07	-2.232149744e-08	-6
5.976199753e-07	-6.444115407e-08	-6
5.708133695e-07	-1.06644215e-07	-6
5.441962131e-07	-1.489669854e-07	-6
5.177809242e-07	-1.91415997e-07	-6
4.91683553e-07	-2.340610398e-07	-6
4.660627022e-07	-2.769935803e-07	-6
4.414755196e-07	-3.20522675e-07	-6
4.40595185e-07	-3.418431407e-07	6
4.722077576e-07	-3.031265082e-07	6
5.023108315e-07	-2.632089983e-07	6
5.318598042e-07	-2.228788547e-07	6
5.610707206e-07	-1.823029215e-07	6
5.900443398e-07	-1.415571716e-07	6
6.188370848e-07	-1.006833645e-07	6
6.474922202e-07	-5.97129556e-08	6
6.760288664e-07	-1.865991226e-08	6
7.044622137e-07	2.246475635e-08	6
7.328045319e-07	6.365222007e-08	6
7.610658833e-07	1.048952841e-07	6
7.892546341e-07	1.461880016e-07	6
8.173778288e-07	1.875253929e-07	6
8.454414688e-07	2.289032376e-07	6
8.734507211e-07	2.703179204e-07	6
9.014100785e-07	3.117663127e-07	6
9.293166365e-07	3.532502809e-07	6
9.571705247e-07	3.947696255e-07	6
9.849841142e-07	4.363159692e-07	6
1.012760267e-06	4.77887355e-07	6
1.040494536e-06	5.194867047e-07	6
1.068182112e-06	5.611171413e-07	6
1.095838683e-06	6.027681765e-07	6
1.123466207e-06	6.444384948e-07	6
1.15104374e-06	6.861419152e-07	6
1.178594403e-06	7.278630809e-07	6
1.206120564e-06	7.696004256e-07	6
1.23359996e-06	8.113685758e-07	6
1.261055488e-06	8.531524095e-07	6
1.288487336e-06	8.949518031e-07	6
1.315875297e-06	9.367799641e-07	6
1.343244282e-06	9.786205369e-07	6
1.370583561e-06	1.020480535e-06	6
1.397889358e-06	1.062362375e-06	6
1.425178706e-06	1.104254937e-06	6
1.452428213e-06	1.146173429e-06	6
1.479657888e-06	1.188104798e-06	6
1.506863371e-06	1.230051875e-06	6
1.5340351e-06	1.272020819e-06	6
1.5611935e-06	1.313998393e-06	6
1.588312336e-06	1.356001539e-06	6
1.615415227e-06	1.398014969e-06	6
1.642491326e-06	1.440045678e-06	6
1.669539875e-06	1.482094115e-06	6
1.696573554e-06	1.52415212e-06	6
1.723568748e-06	1.566234834e-06	6
1.750553335e-06	1.60832435e-06	6
1.777502938e-06	1.650436278e-06	6
1.804435474e-06	1.692559117e-06	6
1.831343327e-06	1.734697733e-06	6
1.858224362e-06	1.776853456e-06	6
1.885090599e-06	1.819018618e-06	6
1.911920537e-06	1.861206884e-06	6
1.938741109e-06	1.903401105e-06	6
1.965524348e-06	1.945619037e-06	6
1.975022051e-06	1.960539106e-06	-0.9818473424
1.948319095e-06	1.918270351e-06	-6
1.92161882e-06	1.875999901e-06	-6
1.894959769e-06	1.833703441e-06	-6
1.868310168e-06	1.79140103e-06	-6
1.841693151e-06	1.749078104e-06	-6
1.815094954e-06	1.706743357e-06	-6
1.78851978e-06	1.664394145e-06	-6
1.761973515e-06	1.622026812e-06	-6
1.735440385e-06	1.579651246e-06	-6
1.708946733e-06	1.537250989e-06	-6
1.682463954e-06	1.494843942e-06	-6
1.656015696e-06	1.452415352e-06	-6
1.629587042e-06	1.409974555e-06	-6
1.603181709e-06	1.367519238e-06	-6
1.576808318e-06	1.325044077e-06	-6
1.550447751e-06	1.28256095e-06	-6
1.524129504e-06	1.240051593e-06	-6
1.497826552e-06	1.197532777e-06	-6
1.471552582e-06	1.154996039e-06	-6
1.445308937e-06	1.112440592e-06	-6
1.419081038e-06	1.069875432e-06	-6
1.39289741e-06	1.027283024e-06	-6
1.366732227e-06	9.846792907e-07	-6
1.340594808e-06	9.420585104e-07	-6
1.314494749e-06	8.994148469e-07	-6
1.288414643e-06	8.567589783e-07	-6
1.262372136e-06	8.140801378e-07	-6
1.236361988e-06	7.713815777e-07	-6
1.210375196e-06	7.286687946e-07	-6
1.184431584e-06	6.859297657e-07	-6
1.158520782e-06	6.431708476e-07	-6
1.132637623e-06	6.003951871e-07	-6
1.106797846e-06	5.575933002e-07	-6
1.080998267e-06	5.147671803e-07	-6
1.05523181e-06	4.719211262e-07	-6
1.029502021e-06	4.290530312e-07	-6
1.003828826e-06	3.861510204e-07	-6
9.781958961e-07	3.432249515e-07	-6
9.526064244e-07	3.00272963e-07	-6
9.270640042e-07	2.572929701e-07	-6
9.01579447e-07	2.14278636e-07	-6
8.761564371e-07	1.712279031e-07	-6
8.507928065e-07	1.281421692e-07	-6
8.254944718e-07	8.501806919e-08	-6
8.002683539e-07	4.185168893e-08	-6
7.75122638e-07	-1.361573756e-09	-6
7.500671225e-07	-4.462719359e-08	-6
7.25113693e-07	-8.795176653e-08	-6
7.00276977e-07	-1.313433499e-07	-6
6.755756972e-07	-1.748121803e-07	-6
6.510701146e-07	-2.183916061e-07	-6
6.267722494e-07	-2.620871417e-07	-6
6.028042904e-07	-3.05964353e-07	-6
5.793293216e-07	-3.50106811e-07	-6
5.569318604e-07	-3.948019455e-07	-6
5.578065384e-07	-4.150284521e-07	6
5.874347435e-07	-3.747719287e-07	6
6.15533512e-07	-3.334190345e-07	6
6.430620308e-07	-2.91683644e-07	6
6.702438803e-07	-2.497213858e-07	6
6.97179841e-07	-2.07600834e-07	6
7.239304344e-07	-1.653622733e-07	6
7.505390823e-07	-1.230341376e-07	6
7.770255194e-07	-8.062940625e-08	6
8.034054218e-07	-3.815830544e-08	6
8.296914505e-07	4.37096578e-09	6
8.558939874e-07	4.695172911e-08	6
8.82021664e-07	8.957846644e-08	6
9.080817474e-07	1.322465583e-07	6
9.340804281e-07	1.749520911e-07	6
9.600230359e-07	2.176917128e-07	6
9.859142042e-07	2.604625238e-07	6
1.011751137e-06	3.032661279e-07	6
1.037533544e-06	3.461025909e-07	6
1.063274412e-06	3.889640202e-07	6
1.088976693e-06	4.318486039e-07	6
1.114635933e-06	4.747589642e-07	6
1.140246889e-06	5.176981545e-07	6
1.165825891e-06	5.606563816e-07	6
1.191374958e-06	6.036324292e-07	6
1.216872578e-06	6.466390212e-07	6
1.242342413e-06	6.896620646e-07	6
1.267786998e-06	7.327000541e-07	6
1.293183441e-06	7.75766471e-07	6
1.318555222e-06	8.188474126e-07	6
1.343902649e-06	8.619426971e-07	6
1.369204789e-06	9.05064584e-07	6
1.394487381e-06	9.48197929e-07	6
1.419739389e-06	9.913491939e-07	6
1.44495686e-06	1.034520645e-06	6
1.470157386e-06	1.077701993e-06	6
1.495316871e-06	1.12090727e-06	6
1.520455905e-06	1.164124441e-06	6
1.54557002e-06	1.207356105e-06	6
1.570649347e-06	1.250607955e-06	6
1.595714943e-06	1.293867766e-06	6
1.620739772e-06	1.337151175e-06	6
1.645748177e-06	1.380444069e-06	6
1.670728969e-06	1.423752909e-06	6
1.695681387e-06	1.467078096e-06	6
1.720618475e-06	1.510412116e-06	6
1.745515928e-06	1.553768918e-06	6
1.770402456e-06	1.597131989e-06	6
1.795252926e-06	1.640515739e-06	6
1.820085835e-06	1.683909536e-06	6
1.844893297e-06	1.727317892e-06	6
1.869673158e-06	1.770742005e-06	6
1.894437753e-06	1.814174831e-06	6
1.919164983e-06	1.857628938e-06	6
1.943882569e-06	1.901088532e-06	6
1.968561676e-06	1.944569991e-06	6
1.977345406e-06	1.959991929e-06	-0.6367475965
1.952748173e-06	1.916464102e-06	-6
1.928154507e-06	1.87293426e-06	-6
1.903602077e-06	1.829381146e-06	-6
1.879059377e-06	1.785822553e-06	-6
1.854551445e-06	1.742244383e-06	-6
1.830061671e-06	1.698656013e-06	-6
1.805596823e-06	1.655053642e-06	-6
1.781160516e-06	1.611435275e-06	-6
1.756738957e-06	1.567808643e-06	-6
1.732356814e-06	1.524159972e-06	-6
1.70798586e-06	1.480505053e-06	-6
1.683651677e-06	1.436829624e-06	-6
1.659336437e-06	1.393143653e-06	-6
1.63504644e-06	1.349443634e-06	-6
1.610788081e-06	1.305726051e-06	-6
1.586542915e-06	1.262001144e-06	-6
1.562342558e-06	1.218251421e-06	-6
1.538156686e-06	1.174493694e-06	-6
1.514001901e-06	1.130718794e-06	-6
1.489877059e-06	1.086927391e-06	-6
1.465768431e-06	1.043127052e-06	-6
1.441706601e-06	9.993009881e-07	-6
1.417662482e-06	9.554652119e-07	-6
1.393648224e-06	9.116130627e-07	-6
1.369671106e-06	8.677406012e-07	-6
1.345714504e-06	8.238569332e-07	-6
1.321797907e-06	7.799514441e-07	-6
1.297913268e-06	7.360285703e-07	-6
1.274052641e-06	6.920926427e-07	-6
1.25023779e-06	6.481318818e-07	-6
1.226455318e-06	6.041536056e-07	-6
1.202701261e-06	5.601599712e-07	-6
1.178993227e-06	5.161415124e-07	-6
1.155325118e-06	4.721015831e-07	-6
1.131691048e-06	4.280433783e-07	-6
1.108096146e-06	3.839641748e-07	-6
1.084557962e-06	3.398546597e-07	-6
1.061061151e-06	2.957231026e-07	-6
1.037608989e-06	2.515678028e-07	-6
1.014205163e-06	2.073868559e-07	-6
9.908624521e-07	1.631735838e-07	-6
9.675813537e-07	1.189278454e-07	-6
9.443612421e-07	7.465007927e-08	-6
9.212081872e-07	3.033721712e-08	-6
8.981292878e-07	-1.401430825e-08	-6
8.751329386e-07	-5.840868891e-08	-6
8.522291878e-07	-1.02850909e-07	-6
8.294302225e-07	-1.473469696e-07	-6
8.067510393e-07	-1.919041971e-07	-6
7.842103885e-07	-2.365316703e-07	-6
7.618683351e-07	-2.812588685e-07	-6
7.397416864e-07	-3.260929784e-07	-6
7.179488747e-07	-3.71090148e-07	-6
6.966589639e-07	-4.163269724e-07	-6
6.7645413e-07	-4.620552589e-07	-6
6.776068299e-07	-4.834647924e-07	6
7.052782496e-07	-4.418400328e-07	6
7.313238782e-07	-3.991641716e-07	6
7.567784249e-07	-3.561324522e-07	6
7.818707275e-07	-3.128882576e-07	6
8.067124679e-07	-2.694996114e-07	6
8.313599464e-07	-2.260002762e-07	6
8.558611616e-07	-1.824183807e-07	6
8.802364706e-07	-1.387659264e-07	6
9.045020416e-07	-9.505236384e-08	6
9.286709312e-07	-5.12852663e-08	6
9.527538441e-07	-7.470799385e-09	6
9.76759679e-07	3.638594469e-08	6
1.000695927e-06	8.028070487e-08	6
1.024568969e-06	1.242098727e-07	6
1.048384297e-06	1.68170359e-07	6
1.072146686e-06	2.121594922e-07	6
1.095851721e-06	2.561795664e-07	6
1.119502249e-06	3.002289418e-07	6
1.143110038e-06	3.443012316e-07	6
1.166678126e-06	3.88394769e-07	6
1.190200495e-06	4.325127219e-07	6
1.213674682e-06	4.76656324e-07	6
1.237116e-06	5.208173842e-07	6
1.260526121e-06	5.64995001e-07	6
1.283882786e-06	6.092009026e-07	6
1.307211866e-06	6.534213591e-07	6
1.33051498e-06	6.976555137e-07	6
1.353767265e-06	7.419164084e-07	6
1.37699555e-06	7.861898944e-07	6
1.40019747e-06	8.304772122e-07	6
1.423354185e-06	8.747881803e-07	6
1.446490803e-06	9.191096406e-07	6
1.469594685e-06	9.634481816e-07	6
1.492664387e-06	1.00780451e-06	6
1.515716672e-06	1.052169897e-06	6
1.538725502e-06	1.096557838e-06	6
1.561714608e-06	1.14095599e-06	6
1.584676833e-06	1.185368058e-06	6
1.6076046e-06	1.22979792e-06	6
1.630518257e-06	1.274235064e-06	6
1.653388771e-06	1.31869443e-06	6
1.67624368e-06	1.363161812e-06	6
1.699068966e-06	1.407644415e-06	6
1.72186637e-06	1.452141306e-06	6
1.744646771e-06	1.496646912e-06	6
1.767387723e-06	1.541172684e-06	6
1.790117454e-06	1.585704186e-06	6
1.812808905e-06	1.630255209e-06	6
1.835483573e-06	1.67481477e-06	6
1.858130862e-06	1.719388259e-06	6
1.880751058e-06	1.763975496e-06	6
1.903354331e-06	1.808571321e-06	6
1.925920488e-06	1.853185936e-06	6
1.948476741e-06	1.89780556e-06	6
1.970992245e-06	1.942445763e-06	6
1.980285331e-06	1.960818013e-06	0.2229944128
1.957852554e-06	1.916136182e-06	-6
1.935424763e-06	1.871451846e-06	-6
1.913036833e-06	1.826747529e-06	-6
1.890658885e-06	1.782038215e-06	-6
1.868319098e-06	1.737309818e-06	-6
1.845995469e-06	1.692573361e-06	-6
1.823699903e-06	1.647822905e-06	-6
1.80143114e-06	1.603059111e-06	-6
1.779180003e-06	1.558286547e-06	-6
1.756966818e-06	1.513495146e-06	-6
1.734765102e-06	1.468698057e-06	-6
1.712603635e-06	1.42388104e-06	-6
1.690459077e-06	1.379055673e-06	-6
1.668342953e-06	1.334216263e-06	-6
1.646256746e-06	1.289362117e-06	-6
1.624186376e-06	1.244500169e-06	-6
1.602159909e-06	1.199616651e-06	-6
1.580148033e-06	1.154725979e-06	-6
1.558170644e-06	1.109818408e-06	-6
1.536221357e-06	1.064897102e-06	-6
1.514291323e-06	1.019966387e-06	-6
1.49240665e-06	9.750135607e-07	-6
1.470540115e-06	9.30051915e-07	-6
1.44870689e-06	8.850740773e-07	-6
1.426909047e-06	8.400790885e-07	-6
1.405132207e-06	7.950739282e-07	-6
1.383399158e-06	7.500476009e-07	-6
1.361696083e-06	7.050068265e-07	-6
1.340017586e-06	6.599542112e-07	-6
1.318388891e-06	6.148776635e-07	-6
1.29679049e-06	5.697866024e-07	-6
1.275221165e-06	5.246816195e-07	-6
1.253702011e-06	4.795526752e-07	-6
1.23222075e-06	4.344056916e-07	-6
1.210774313e-06	3.892421545e-07	-6
1.189371163e-06	3.440580777e-07	-6
1.168022951e-06	2.988480236e-07	-6
1.146717053e-06	2.536180212e-07	-6
1.125456814e-06	2.083665375e-07	-6
1.104245998e-06	1.630918572e-07	-6
1.083101395e-06	1.177862134e-07	-6
1.062016236e-06	7.24528843e-08	-6
1.040993417e-06	2.709061899e-08	-6
1.020039131e-06	-1.830334065e-08	-6
9.991606197e-07	-6.373219903e-08	-6
9.783664431e-07	-1.091997192e-07	-6
9.576668472e-07	-1.547103719e-07	-6
9.370742564e-07	-2.00269536e-07	-6
9.166039569e-07	-2.458837721e-07	-6
8.96275058e-07	-2.915612029e-07	-6
8.76141355e-07	-3.373249762e-07	-6
8.562341058e-07	-3.831876773e-07	-6
8.366559973e-07	-4.29191682e-07	-6
8.17583713e-07	-4.754072637e-07	-6
7.995653086e-07	-5.220408552e-07	-6
7.998712689e-07	-5.471123558e-07	6
8.256275983e-07	-5.042785821e-07	6
8.495778648e-07	-4.60392444e-07	6
8.729110235e-07	-4.161744739e-07	6
8.958587665e-07	-3.717550512e-07	6
9.185554727e-07	-3.272068058e-07	6
9.410442356e-07	-2.82553181e-07	6
9.633824164e-07	-2.37824032e-07	6
9.855910069e-07	-1.930303863e-07	6
1.007686676e-06	-1.481809208e-07	6
1.029682883e-06	-1.032825846e-07	6
1.05159066e-06	-5.834103125e-08	6
1.073419177e-06	-1.336092724e-08	6
1.095176152e-06	3.165382485e-08	6
1.116868155e-06	7.669992212e-08	6
1.138500845e-06	1.217745385e-07	6
1.160079138e-06	1.668752315e-07	6
1.18159514e-06	2.120056782e-07	6
1.203058668e-06	2.571610963e-07	6
1.22447829e-06	3.023373534e-07	6
1.245857134e-06	3.475329283e-07	6
1.267185941e-06	3.927521455e-07	6
1.288468481e-06	4.379931489e-07	6
1.309717269e-06	4.832500121e-07	6
1.330931062e-06	5.285232998e-07	6
1.352093052e-06	5.738208226e-07	6
1.373226721e-06	6.191315579e-07	6
1.394331474e-06	6.644557786e-07	6
1.415385828e-06	7.098034317e-07	6
1.436416141e-06	7.551622318e-07	6
1.457416638e-06	8.005348525e-07	6
1.478373597e-06	8.459275951e-07	6
1.499309934e-06	8.913298504e-07	6
1.520210012e-06	9.367488149e-07	6
1.541077778e-06	9.821826269e-07	6
1.561927676e-06	1.027624648e-06	6
1.582730403e-06	1.073088283e-06	6
1.603515572e-06	1.118559942e-06	6
1.62427057e-06	1.164045386e-06	6
1.6449929e-06	1.209545716e-06	6
1.665700706e-06	1.255052665e-06	6
1.686361846e-06	1.30058082e-06	6
1.707009533e-06	1.346115071e-06	6
1.727624307e-06	1.391664239e-06	6
1.748213099e-06	1.43722515e-06	6
1.768781915e-06	1.48279509e-06	6
1.789312897e-06	1.528382084e-06	6
1.80983238e-06	1.573974257e-06	6
1.830310129e-06	1.619585192e-06	6
1.850773232e-06	1.665202693e-06	6
1.871205772e-06	1.710833899e-06	6
1.891613106e-06	1.756476376e-06	6
1.912000588e-06	1.80212773e-06	6
1.932352601e-06	1.847794904e-06	6
1.952694475e-06	1.893466599e-06	6
1.972992116e-06	1.93915797e-06	6
1.983649657e-06	1.963102624e-06	1.530266239
1.963434693e-06	1.917374616e-06	-6
1.943226825e-06	1.871643471e-06	-6
1.923055975e-06	1.825895989e-06	-6
1.902895331e-06	1.780144006e-06	-6
1.882777525e-06	1.73437317e-06	-6
1.862672456e-06	1.688596743e-06	-6
1.842599902e-06	1.642806043e-06	-6
1.822550963e-06	1.597005006e-06	-6
1.802523869e-06	1.551194405e-06	-6
1.782531779e-06	1.505368523e-06	-6
1.762551403e-06	1.459537528e-06	-6
1.742616058e-06	1.413686927e-06	-6
1.722694136e-06	1.367830498e-06	-6
1.702805181e-06	1.321959755e-06	-6
1.682942925e-06	1.276077452e-06	-6
1.663100779e-06	1.230186442e-06	-6
1.643299604e-06	1.184277741e-06	-6
1.623513316e-06	1.138362624e-06	-6
1.603766285e-06	1.092430605e-06	-6
1.584043977e-06	1.046487973e-06	-6
1.564345386e-06	1.000535159e-06	-6
1.544689119e-06	9.545642288e-07	-6
1.525051348e-06	9.085853965e-07	-6
1.505451773e-06	8.625902636e-07	-6
1.485884196e-06	8.165815166e-07	-6
1.46633803e-06	7.705636632e-07	-6
1.446840904e-06	7.245250091e-07	-6
1.427370098e-06	6.784752263e-07	-6
1.407925736e-06	6.324142626e-07	-6
1.388533925e-06	5.863311511e-07	-6
1.369169973e-06	5.402363349e-07	-6
1.349835646e-06	4.941290762e-07	-6
1.330557234e-06	4.47998409e-07	-6
1.311312827e-06	4.018535567e-07	-6
1.292103889e-06	3.556939245e-07	-6
1.272944076e-06	3.095138728e-07	-6
1.253835404e-06	2.633126438e-07	-6
1.234769819e-06	2.170936234e-07	-6
1.215750717e-06	1.708554521e-07	-6
1.196785004e-06	1.245953469e-07	-6
1.177886387e-06	7.830779342e-08	-6
1.159045771e-06	3.199661116e-08	-6
1.140268587e-06	-1.434032061e-08	-6
1.121561117e-06	-6.070543938e-08	-6
1.102930707e-06	-1.071015745e-07	-6
1.084386039e-06	-1.535320456e-07	-6
1.065937501e-06	-2.000007925e-07	-6
1.047597688e-06	-2.465125505e-07	-6
1.029382094e-06	-2.930730886e-07	-6
1.011310082e-06	-3.396895406e-07	-6
9.934241315e-07	-3.863776729e-07	-6
9.757787971e-07	-4.33157245e-07	-6
9.584488191e-07	-4.800543995e-07	-6
9.416202529e-07	-5.271334643e-07	-6
9.257735979e-07	-5.745502032e-07	-6
9.244336488e-07	-6.058992403e-07	6
9.483411746e-07	-5.620153324e-07	6
9.701937975e-07	-5.170482021e-07	6
9.913642026e-07	-4.717548747e-07	6
1.012117908e-06	-4.262689634e-07	6
1.03262453e-06	-3.806710885e-07	6
1.052904428e-06	-3.349718863e-07	6
1.07302941e-06	-2.892042532e-07	6
1.093021117e-06	-2.43378239e-07	6
1.112896731e-06	-1.975017446e-07	6
1.13267012e-06	-1.515810915e-07	6
1.152352652e-06	-1.056214189e-07	6
1.171953772e-06	-5.962696508e-08	6
1.191481426e-06	-1.360127178e-08	6
1.210942383e-06	3.245266574e-08	6
1.230342462e-06	7.853228655e-08	6
1.249686407e-06	1.246355119e-07	6
1.268961837e-06	1.707674245e-07	6
1.288188627e-06	2.169196201e-07	6
1.307370378e-06	2.630905508e-07	6
1.326510309e-06	3.092788424e-07	6
1.345594149e-06	3.554903412e-07	6
1.36463555e-06	4.017193345e-07	6
1.383642345e-06	4.479625662e-07	6
1.402608684e-06	4.942224147e-07	6
1.4215267e-06	5.405020412e-07	6
1.440415688e-06	5.867935184e-07	6
1.459270641e-06	6.330988783e-07	6
1.478078525e-06	6.794233722e-07	6
1.496861775e-06	7.257578557e-07	6
1.51561024e-06	7.721064337e-07	6
1.534318501e-06	8.184712482e-07	6
1.553005638e-06	8.648445814e-07	6
1.571651544e-06	9.112345134e-07	6
1.590268597e-06	9.57636024e-07	6
1.608864446e-06	1.004046044e-06	6
1.627413845e-06	1.050474648e-06	6
1.645946459e-06	1.09690995e-06	6
1.664444214e-06	1.143359155e-06	6
1.682912625e-06	1.189820028e-06	6
1.701362193e-06	1.236288394e-06	6
1.719768093e-06	1.282774072e-06	6
1.738160229e-06	1.329265195e-06	6
1.756514811e-06	1.375771161e-06	6
1.774846794e-06	1.422286034e-06	6
1.793154458e-06	1.46881049e-06	6
1.811427401e-06	1.515348589e-06	6
1.829688454e-06	1.56189136e-06	6
1.847903286e-06	1.608452239e-06	6
1.866106906e-06	1.655017498e-06	6
1.884275457e-06	1.701596457e-06	6
1.90242214e-06	1.748183932e-06	6
1.920544699e-06	1.794780804e-06	6
1.93863491e-06	1.841390238e-06	6
1.95671159e-06	1.888004927e-06	6
1.974745633e-06	1.934636126e-06	6
1.987238255e-06	1.966912296e-06	3.22913959
1.969288974e-06	1.920248404e-06	-6
1.951349727e-06	1.873580653e-06	-6
1.933443125e-06	1.826900371e-06	-6
1.915549771e-06	1.780215005e-06	-6
1.897699584e-06	1.733513117e-06	-6
1.879860079e-06	1.686807151e-06	-6
1.862058907e-06	1.640086557e-06	-6
1.844276653e-06	1.593358766e-06	-6
1.826521866e-06	1.546620526e-06	-6
1.808797588e-06	1.499870713e-06	-6
1.791089447e-06	1.453114779e-06	-6
1.773424048e-06	1.406342682e-06	-6
1.75577129e-06	1.359565814e-06	-6
1.738157434e-06	1.31277428e-06	-6
1.720565501e-06	1.265974506e-06	-6
1.702999396e-06	1.219165025e-06	-6
1.685469723e-06	1.172341893e-06	-6
1.667955181e-06	1.125513096e-06	-6
1.650486097e-06	1.07866732e-06	-6
1.633036753e-06	1.031814196e-06	-6
1.615617075e-06	9.849500256e-07	-6
1.59823502e-06	9.380718942e-07	-6
1.58087175e-06	8.91186799e-07	-6
1.563553059e-06	8.442852157e-07	-6
1.546261289e-06	7.973737082e-07	-6
1.528994351e-06	7.504530471e-07	-6
1.511777044e-06	7.035141534e-07	-6
1.494583753e-06	6.565664635e-07	-6
1.477423342e-06	6.096067374e-07	-6
1.460310481e-06	5.626296667e-07	-6
1.443225892e-06	5.156423112e-07	-6
1.426176839e-06	4.686420413e-07	-6
1.409180151e-06	4.216228124e-07	-6
1.392217127e-06	3.745914357e-07	-6
1.375290076e-06	3.275470925e-07	-6
1.358419777e-06	2.804823646e-07	-6
1.341594728e-06	2.334014513e-07	-6
1.324813364e-06	1.863049519e-07	-6
1.308079113e-06	1.391916844e-07	-6
1.291406668e-06	9.205650478e-08	-6
1.274794918e-06	4.489990802e-08	-6
1.258241937e-06	-2.277342444e-09	-6
1.241753207e-06	-4.947708418e-08	-6
1.225335068e-06	-9.67014268e-08	-6
1.208994931e-06	-1.439528162e-07	-6
1.192741553e-06	-1.912341183e-07	-6
1.176585409e-06	-2.385487304e-07	-6
1.160539196e-06	-2.859007296e-07	-6
1.144618528e-06	-3.332950759e-07	-6
1.128842913e-06	-3.807378919e-07	-6
1.113238274e-06	-4.282372193e-07	-6
1.09789166e-06	-4.758205011e-07	-6
1.082837182e-06	-5.234969001e-07	-6
1.068272103e-06	-5.713248867e-07	-6
1.054652618e-06	-6.194290323e-07	-6
1.050970445e-06	-6.596689048e-07	6
1.073324579e-06	-6.150023004e-07	6
1.093066087e-06	-5.690693904e-07	6
1.1120245e-06	-5.228065735e-07	6
1.130559664e-06	-4.763724695e-07	6
1.148825013e-06	-4.298314714e-07	6
1.166863323e-06	-3.832019794e-07	6
1.184730459e-06	-3.365066152e-07	6
1.202460626e-06	-2.897590696e-07	6
1.220071532e-06	-2.429664585e-07	6
1.237577466e-06	-1.96134469e-07	6
1.254990136e-06	-1.492677195e-07	6
1.272319268e-06	-1.02370015e-07	6
1.289573044e-06	-5.544453178e-08	6
1.306758427e-06	-8.493953474e-09	6
1.323881407e-06	3.847942775e-08	6
1.340939313e-06	8.54764854e-08	6
1.357934953e-06	1.324960905e-07	6
1.37488075e-06	1.79533675e-07	6
1.391780409e-06	2.265878573e-07	6
1.408635964e-06	2.736578674e-07	6
1.425430119e-06	3.207498185e-07	6
1.44218637e-06	3.678552605e-07	6
1.458907193e-06	4.149732936e-07	6
1.475580369e-06	4.62108215e-07	6
1.492210597e-06	5.092582989e-07	6
1.508811119e-06	5.564188499e-07	6
1.525370831e-06	6.035937535e-07	6
1.541888616e-06	6.507833473e-07	6
1.5583812e-06	6.979817548e-07	6
1.574832449e-06	7.451945922e-07	6
1.591248558e-06	7.924196519e-07	6
1.607643065e-06	8.396522202e-07	6
1.623989864e-06	8.869013235e-07	6
1.640312919e-06	9.341586271e-07	6
1.656608741e-06	9.81425336e-07	6
1.67286283e-06	1.028706408e-06	6
1.689099765e-06	1.075993374e-06	6
1.705295699e-06	1.123294403e-06	6
1.721467204e-06	1.170603782e-06	6
1.737614073e-06	1.217921582e-06	6
1.753721882e-06	1.265252689e-06	6
1.769815635e-06	1.312588579e-06	6
1.785865795e-06	1.35993927e-06	6
1.801898269e-06	1.407295946e-06	6
1.817900661e-06	1.454662802e-06	6
1.833873e-06	1.502039794e-06	6
1.849827942e-06	1.549422654e-06	6
1.865741098e-06	1.596819561e-06	6
1.881642821e-06	1.644220305e-06	6
1.897503599e-06	1.691634768e-06	6
1.913347349e-06	1.739054918e-06	6
1.929161314e-06	1.786485015e-06	6
1.944947573e-06	1.833924335e-06	6
1.96071484e-06	1.881369976e-06	6
1.976443924e-06	1.928828286e-06	6
1.990844582e-06	1.972294206e-06	5.272633483
1.975203264e-06	1.924806895e-06	-6
1.959575868e-06	1.877315e-06	-6
1.943975176e-06	1.829814333e-06	-6
1.928394483e-06	1.782307096e-06	-6
1.912851183e-06	1.734787615e-06	-6
1.897318733e-06	1.687264584e-06	-6
1.881831843e-06	1.639726685e-06	-6
1.86635762e-06	1.592184666e-06	-6
1.850917926e-06	1.544631418e-06	-6
1.83550266e-06	1.497070252e-06	-6
1.820110426e-06	1.44950162e-06	-6
1.804755024e-06	1.40192109e-06	-6
1.789412436e-06	1.354336424e-06	-6
1.774116126e-06	1.30673686e-06	-6
1.758835364e-06	1.259132308e-06	-6
1.743587631e-06	1.211517161e-06	-6
1.728370143e-06	1.163892346e-06	-6
1.713171478e-06	1.116261514e-06	-6
1.698018937e-06	1.06861599e-06	-6
1.68288301e-06	1.02096519e-06	-6
1.667784226e-06	9.733026016e-07	-6
1.652716651e-06	9.256301453e-07	-6
1.637668828e-06	8.779514433e-07	-6
1.622672012e-06	8.302566737e-07	-6
1.607696051e-06	7.825553585e-07	-6
1.592752614e-06	7.34843837e-07	-6
1.577852255e-06	6.871188498e-07	-6
1.562976181e-06	6.393862888e-07	-6
1.548141077e-06	5.91640972e-07	-6
1.533346635e-06	5.438830471e-07	-6
1.518580767e-06	4.961162792e-07	-6
1.503858897e-06	4.483359262e-07	-6
1.489182214e-06	4.005416809e-07	-6
1.47453954e-06	3.527370076e-07	-6
1.459937001e-06	3.049200498e-07	-6
1.445393072e-06	2.570852352e-07	-6
1.430890158e-06	2.092379785e-07	-6
1.416431347e-06	1.613773743e-07	-6
1.402022707e-06	1.13501632e-07	-6
1.387681089e-06	6.560577217e-08	-6
1.373393953e-06	1.76936426e-08	-6
1.359166104e-06	-3.023612195e-08	-6
1.345003047e-06	-7.818507235e-08	-6
1.330911147e-06	-1.261549863e-07	-6
1.316897841e-06	-1.741479216e-07	-6
1.302971913e-06	-2.221662854e-07	-6
1.289143867e-06	-2.702129257e-07	-6
1.275426431e-06	-3.182912544e-07	-6
1.261835251e-06	-3.664054131e-07	-6
1.248389872e-06	-4.145605028e-07	-6
1.235115147e-06	-4.627629057e-07	-6
1.222077454e-06	-5.110299089e-07	-6
1.209334743e-06	-5.593756017e-07	-6
1.197063546e-06	-6.078429186e-07	-6
1.185648238e-06	-6.565174903e-07	-6
1.178414607e-06	-7.057440033e-07	-6
1.200476855e-06	-6.631812762e-07	6
1.218062437e-06	-6.163808472e-07	6
1.234806203e-06	-5.69271456e-07	6
1.2510963e-06	-5.220029967e-07	6
1.267077878e-06	-4.746292065e-07	6
1.282844519e-06	-4.271834129e-07	6
1.298414741e-06	-3.796727737e-07	6
1.313844289e-06	-3.321162676e-07	6
1.329151409e-06	-2.845202113e-07	6
1.344350821e-06	-2.368896459e-07	6
1.359454582e-06	-1.892286593e-07	6
1.374472704e-06	-1.415406149e-07	6
1.389413609e-06	-9.38283168e-08	6
1.404284459e-06	-4.609413092e-08	6
1.419089722e-06	1.660447539e-09	6
1.433822168e-06	4.94375393e-08	6
1.4484993e-06	9.723164323e-08	6
1.463125417e-06	1.450413807e-07	6
1.47770433e-06	1.928655397e-07	6
1.49222946e-06	2.407060684e-07	6
1.506700886e-06	2.885628636e-07	6
1.521133546e-06	3.364313594e-07	6
1.535529986e-06	3.843107694e-07	6
1.549869815e-06	4.322071669e-07	6
1.564174013e-06	4.801142083e-07	6
1.578447853e-06	5.280303087e-07	6
1.592672416e-06	5.759610651e-07	6
1.606862047e-06	6.239021662e-07	6
1.621025935e-06	6.718508845e-07	6
1.635140322e-06	7.198142005e-07	6
1.649226401e-06	7.677858295e-07	6
1.663287286e-06	8.157648571e-07	6
1.67729872e-06	8.637583478e-07	6
1.691290069e-06	9.117576928e-07	6
1.705246593e-06	9.597671817e-07	6
1.719167808e-06	1.007786915e-06	6
1.73307152e-06	1.055811724e-06	6
1.746926602e-06	1.103850586e-06	6
1.760763798e-06	1.151894597e-06	6
1.774569055e-06	1.199947802e-06	6
1.788341506e-06	1.248010413e-06	6
1.802097444e-06	1.296077759e-06	6
1.815806687e-06	1.344158443e-06	6
1.829502541e-06	1.392242938e-06	6
1.843161099e-06	1.440338046e-06	6
1.856795856e-06	1.4884399e-06	6
1.870406238e-06	1.536548663e-06	6
1.883980876e-06	1.58466752e-06	6
1.89754335e-06	1.632789811e-06	6
1.911058662e-06	1.680925368e-06	6
1.924562791e-06	1.72906406e-06	6
1.938030052e-06	1.777213084e-06	6
1.951475804e-06	1.825368112e-06	6
1.964895661e-06	1.873530369e-06	6
1.978283368e-06	1.921701568e-06	6
1.991655892e-06	1.969876989e-06	6
1.980960508e-06	1.931079283e-06	-6
1.967682622e-06	1.882877692e-06	-6
1.954423907e-06	1.834670831e-06	-6
1.941193422e-06	1.786456208e-06	-6
1.927992936e-06	1.738233369e-06	-6
1.914809967e-06	1.690005732e-06	-6
1.901668147e-06	1.64176687e-06	-6
1.888537705e-06	1.593524908e-06	-6
1.875450311e-06	1.545271248e-06	-6
1.862379655e-06	1.497013057e-06	-6
1.849340422e-06	1.448746361e-06	-6
1.836330462e-06	1.400471772e-06	-6
1.823339708e-06	1.352192005e-06	-6
1.810391545e-06	1.303900801e-06	-6
1.797457194e-06	1.255605896e-06	-6
1.78456458e-06	1.207299829e-06	-6
1.771694349e-06	1.158987801e-06	-6
1.758851517e-06	1.110668475e-06	-6
1.746047091e-06	1.062338963e-06	-6
1.73325942e-06	1.014005011e-06	-6
1.720517917e-06	9.656588669e-07	-6
1.707799476e-06	9.173066575e-07	-6
1.695109669e-06	8.689469181e-07	-6
1.682462882e-06	8.205759152e-07	-6
1.669837111e-06	7.721994232e-07	-6
1.657253188e-06	7.238120232e-07	-6
1.644703946e-06	6.754156246e-07	-6
1.632179163e-06	6.270128857e-07	-6
1.619705118e-06	5.785970432e-07	-6
1.607262936e-06	5.301730115e-07	-6
1.594849519e-06	4.817415915e-07	-6
1.582490313e-06	4.332963067e-07	-6
1.5701671e-06	3.84841863e-07	-6
1.557878108e-06	3.363787255e-07	-6
1.545639912e-06	2.879027299e-07	-6
1.53345075e-06	2.394143892e-07	-6
1.52130284e-06	1.90915701e-07	-6
1.509199268e-06	1.424059211e-07	-6
1.497157676e-06	9.388071473e-08	-6
1.485172496e-06	4.534155325e-08	-6
1.473242065e-06	-3.211088312e-09	-6
1.461371188e-06	-5.177832452e-08	-6
1.449565362e-06	-1.003614188e-07	-6
1.437830943e-06	-1.489618164e-07	-6
1.426178093e-06	-1.975818397e-07	-6
1.414613756e-06	-2.462229896e-07	-6
1.403143234e-06	-2.948863442e-07	-6
1.391778255e-06	-3.43574456e-07	-6
1.380545426e-06	-3.922932163e-07	-6
1.369458411e-06	-4.41045344e-07	-6
1.358541958e-06	-4.898359239e-07	-6
1.347832102e-06	-5.386722553e-07	-6
1.337443408e-06	-5.875778627e-07	-6
1.327476656e-06	-6.36570915e-07	-6
1.318259619e-06	-6.857097711e-07	-6
1.311490287e-06	-7.352200322e-07	-6
1.329614284e-06	-7.064602245e-07	6
1.345111267e-06	-6.58928458e-07	6
1.359620043e-06	-6.110835238e-07	6
1.373639968e-06	-5.630926762e-07	6
1.387304955e-06	-5.149994771e-07	6
1.400752168e-06	-4.668449169e-07	6
1.414011384e-06	-4.186382248e-07	6
1.427106866e-06	-3.703867817e-07	6
1.440076752e-06	-3.221014303e-07	6
1.452936207e-06	-2.737865493e-07	6
1.465697642e-06	-2.254456827e-07	6
1.478371365e-06	-1.770817414e-07	6
1.490966038e-06	-1.286971477e-07	6
1.50348892e-06	-8.029391406e-08	6
1.515932648e-06	-3.1870271e-08	6
1.528314765e-06	1.656915359e-08	6
1.540640306e-06	6.502300042e-08	6
1.552913694e-06	1.134900864e-07	6
1.565138843e-06	1.61969373e-07	6
1.577298541e-06	2.104651186e-07	6
1.589414407e-06	2.589718234e-07	6
1.601490677e-06	3.074884024e-07	6
1.613523321e-06	3.560158283e-07	6
1.625501886e-06	4.045566274e-07	6
1.637447457e-06	4.531055514e-07	6
1.649360266e-06	5.016625341e-07	6
1.661217176e-06	5.502331957e-07	6
1.673046245e-06	5.98810638e-07	6
1.684844988e-06	6.473954632e-07	6
1.696592562e-06	6.95992684e-07	6
1.708316383e-06	7.445956356e-07	6
1.720005692e-06	7.932069063e-07	6
1.731653752e-06	8.418280723e-07	6
1.743281337e-06	8.904541401e-07	6
1.754864929e-06	9.390907105e-07	6
1.766421358e-06	9.877337349e-07	6
1.777953246e-06	1.036382591e-06	6
1.789440799e-06	1.085041931e-06	6
1.800911935e-06	1.133705143e-06	6
1.812342313e-06	1.182377949e-06	6
1.823747797e-06	1.231056588e-06	6
1.835128223e-06	1.279741098e-06	6
1.846469625e-06	1.328434709e-06	6
1.857797407e-06	1.377131493e-06	6
1.869079215e-06	1.42583895e-06	6
1.880345075e-06	1.474550093e-06	6
1.891578097e-06	1.523268825e-06	6
1.902783037e-06	1.571994017e-06	6
1.913967547e-06	1.620723908e-06	6
1.925112381e-06	1.669462885e-06	6
1.936245865e-06	1.718204459e-06	6
1.947333968e-06	1.766956377e-06	6
1.958408327e-06	1.815711415e-06	6
1.969448435e-06	1.864474225e-06	6
1.980464014e-06	1.913242575e-06	6
1.991456201e-06	1.962016209e-06	6
1.986340721e-06	1.939074135e-06	-5.765134362
1.975443983e-06	1.890279087e-06	-6
1.964557647e-06	1.841481721e-06	-6
1.953709253e-06	1.792675902e-06	-6
1.942881841e-06	1.743865431e-06	-6
1.932081546e-06	1.695048946e-06	-6
1.921313487e-06	1.646225345e-06	-6
1.910561455e-06	1.597398207e-06	-6
1.899853351e-06	1.548561419e-06	-6
1.889157234e-06	1.499722005e-06	-6
1.878502423e-06	1.45087356e-06	-6
1.867867679e-06	1.402020748e-06	-6
1.857261933e-06	1.353161627e-06	-6
1.846689662e-06	1.304295257e-06	-6
1.836133357e-06	1.25542543e-06	-6
1.825624862e-06	1.206545301e-06	-6
1.815131286e-06	1.157661971e-06	-6
1.804675237e-06	1.108770595e-06	-6
1.794248146e-06	1.059873042e-06	-6
1.783843043e-06	1.010970798e-06	-6
1.773484377e-06	9.620586997e-07	-6
1.763144043e-06	9.131427253e-07	-6
1.752842833e-06	8.642184914e-07	-6
1.74257485e-06	8.152872803e-07	-6
1.732327965e-06	7.663516401e-07	-6
1.722133883e-06	7.174049723e-07	-6
1.71196424e-06	6.68453229e-07	-6
1.701825177e-06	6.194951347e-07	-6
1.691736212e-06	5.705266952e-07	-6
1.68167444e-06	5.21552666e-07	-6
1.671648905e-06	4.725711978e-07	-6
1.661674756e-06	4.235792439e-07	-6
1.651732787e-06	3.745807549e-07	-6
1.641826362e-06	3.255750579e-07	-6
1.631980755e-06	2.765571067e-07	-6
1.622173696e-06	2.275314384e-07	-6
1.612407957e-06	1.7849752e-07	-6
1.602693796e-06	1.294533494e-07	-6
1.593041088e-06	8.039705154e-08	-6
1.583438961e-06	3.133083634e-08	-6
1.573891621e-06	-1.77460684e-08	-6
1.564403846e-06	-6.683452826e-08	-6
1.554982373e-06	-1.159357649e-07	-6
1.5456418e-06	-1.650524545e-07	-6
1.536377246e-06	-2.14183531e-07	-6
1.527196802e-06	-2.633303878e-07	-6
1.518110043e-06	-3.124946481e-07	-6
1.509128432e-06	-3.616782238e-07	-6
1.500265874e-06	-4.108833923e-07	-6
1.491549427e-06	-4.601146468e-07	-6
1.483012758e-06	-5.093773718e-07	-6
1.474677419e-06	-5.586745338e-07	-6
1.466628341e-06	-6.080191551e-07	-6
1.458971825e-06	-6.574260987e-07	-6
1.452016639e-06	-7.069359726e-07	-6
1.446809894e-06	-7.566507867e-07	-6
1.460646197e-06	-7.447863901e-07	6
1.474097582e-06	-6.966361089e-07	6
1.486371495e-06	-6.481696131e-07	6
1.498066021e-06	-5.99559755e-07	6
1.509423042e-06	-5.508699186e-07	6
1.520520131e-06	-5.021201139e-07	6
1.53143009e-06	-4.533280694e-07	6
1.542181183e-06	-4.045007468e-07	6
1.552787041e-06	-3.556416604e-07	6
1.56327878e-06	-3.067579421e-07	6
1.573670155e-06	-2.578527886e-07	6
1.58397177e-06	-2.08928644e-07	6
1.594188364e-06	-1.599866702e-07	6
1.604324656e-06	-1.110280057e-07	6
1.614392008e-06	-6.20551257e-08	6
1.624396375e-06	-1.306934406e-08	6
1.634342937e-06	3.592820862e-08	6
1.644236238e-06	8.49365507e-08	6
1.654068723e-06	1.339571366e-07	6
1.663845259e-06	1.829889044e-07	6
1.673578434e-06	2.320292938e-07	6
1.68327121e-06	2.81077691e-07	6
1.692907746e-06	3.301371729e-07	6
1.702501437e-06	3.792050428e-07	6
1.712061484e-06	4.282794803e-07	6
1.721576904e-06	4.773625972e-07	6
1.731047081e-06	5.264544573e-07	6
1.740488883e-06	5.755517822e-07	6
1.749889029e-06	6.246571061e-07	6
1.759248264e-06	6.737702376e-07	6
1.768583305e-06	7.228879754e-07	6
1.777872868e-06	7.72014339e-07	6
1.787131184e-06	8.211465937e-07	6
1.796366918e-06	8.702831056e-07	6
1.805551404e-06	9.194292216e-07	6
1.81471685e-06	9.685788867e-07	6
1.823847355e-06	1.017735061e-06	6
1.832943091e-06	1.066897674e-06	6
1.842022024e-06	1.1160634e-06	6
1.851050087e-06	1.165238492e-06	6
1.860062711e-06	1.21441641e-06	6
1.869040202e-06	1.26360076e-06	6
1.877988008e-06	1.312790512e-06	6
1.886915492e-06	1.361983963e-06	6
1.895799856e-06	1.411185217e-06	6
1.904671224e-06	1.460388816e-06	6
1.913499817e-06	1.509600111e-06	6
1.9223096e-06	1.55881477e-06	6
1.931089194e-06	1.60803483e-06	6
1.93983823e-06	1.657260326e-06	6
1.948569051e-06	1.706489061e-06	6
1.957257995e-06	1.755725202e-06	6
1.965935799e-06	1.804963308e-06	6
1.974569552e-06	1.854209159e-06	6
1.983187981e-06	1.90345769e-06	6
1.991773341e-06	1.952712001e-06	6
1.99112703e-06	1.948778461e-06	-2.33218688
1.982632233e-06	1.899508451e-06	-6
1.974143623e-06	1.850237373e-06	-6
1.9657028e-06	1.800958087e-06	-6
1.957273e-06	1.751676917e-06	-6
1.948881405e-06	1.702389224e-06	-6
1.940511498e-06	1.653097849e-06	-6
1.932168632e-06	1.603801884e-06	-6
1.923859211e-06	1.554500275e-06	-6
1.91556529e-06	1.505196052e-06	-6
1.907317126e-06	1.455884155e-06	-6
1.899081643e-06	1.40657014e-06	-6
1.890886464e-06	1.357249408e-06	-6
1.882713968e-06	1.307924918e-06	-6
1.8745687e-06	1.258595919e-06	-6
1.866460491e-06	1.209260819e-06	-6
1.858367237e-06	1.15992326e-06	-6
1.850323168e-06	1.110577657e-06	-6
1.842296902e-06	1.061229161e-06	-6
1.834304256e-06	1.011875203e-06	-6
1.826346918e-06	9.625155456e-07	-6
1.81840793e-06	9.131529284e-07	-6
1.810520142e-06	8.637821031e-07	-6
1.802654003e-06	8.14407831e-07	-6
1.794819819e-06	7.650284715e-07	-6
1.787029292e-06	7.156422102e-07	-6
1.779261993e-06	6.662522912e-07	-6
1.771537841e-06	6.168556003e-07	-6
1.763851717e-06	5.674529854e-07	-6
1.756192767e-06	5.180461473e-07	-6
1.748583172e-06	4.686316792e-07	-6
1.74101234e-06	4.192112656e-07	-6
1.733473646e-06	3.69785937e-07	-6
1.725984232e-06	3.203531112e-07	-6
1.718542393e-06	2.709131083e-07	-6
1.71113903e-06	2.214673317e-07	-6
1.703776889e-06	1.720153907e-07	-6
1.696481443e-06	1.225535664e-07	-6
1.689232805e-06	7.308487157e-08	-6
1.6820346e-06	2.360881499e-08	-6
1.674890992e-06	-2.58751598e-08	-6
1.667812004e-06	-7.536842721e-08	-6
1.660806494e-06	-1.248721445e-07	-6
1.653869808e-06	-1.743855439e-07	-6
1.64700879e-06	-2.239094798e-07	-6
1.640231444e-06	-2.734449318e-07	-6
1.633547233e-06	-3.229930337e-07	-6
1.62696748e-06	-3.725551117e-07	-6
1.62050592e-06	-4.221327332e-07	-6
1.614179444e-06	-4.717277725e-07	-6
1.608018493e-06	-5.213436383e-07	-6
1.602076336e-06	-5.709861587e-07	-6
1.596374488e-06	-6.20656827e-07	-6
1.591071959e-06	-6.703716075e-07	-6
1.586352973e-06	-7.201447235e-07	-6
1.582983642e-06	-7.700235536e-07	-6
1.593273424e-06	-7.780449754e-07	6
1.604855488e-06	-7.294154522e-07	6
1.614903281e-06	-6.804394481e-07	6
1.624309874e-06	-6.3133569e-07	6
1.633337434e-06	-5.821606159e-07	6
1.64207236e-06	-5.32932683e-07	6
1.650605304e-06	-4.83669319e-07	6
1.658975042e-06	-4.34377951e-07	6
1.667204325e-06	-3.850629239e-07	6
1.675311214e-06	-3.357276178e-07	6
1.683310288e-06	-2.863747112e-07	6
1.691213499e-06	-2.37006362e-07	6
1.699030779e-06	-1.876243352e-07	6
1.706770486e-06	-1.38230094e-07	6
1.71443974e-06	-8.882486641e-08	6
1.722044667e-06	-3.940969449e-08	6
1.729590592e-06	1.001452825e-08	6
1.737076062e-06	5.944795145e-08	6
1.744496958e-06	1.088911057e-07	6
1.751870259e-06	1.583413725e-07	6
1.75919935e-06	2.077982137e-07	6
1.766480265e-06	2.572621792e-07	6
1.773704478e-06	3.067344535e-07	6
1.780892116e-06	3.562120493e-07	6
1.788045487e-06	4.056946195e-07	6
1.795140587e-06	4.551855798e-07	6
1.80220305e-06	5.046811992e-07	6
1.809236631e-06	5.541809382e-07	6
1.816215527e-06	6.036884186e-07	6
1.82316563e-06	6.531999409e-07	6
1.830088264e-06	7.027153198e-07	6
1.836958553e-06	7.522379869e-07	6
1.843806513e-06	8.017637413e-07	6
1.850619688e-06	8.512943e-07	6
1.857393057e-06	9.008303122e-07	6
1.864147077e-06	9.503689691e-07	6
1.870854197e-06	9.999140005e-07	6
1.877537822e-06	1.0494622e-06	6
1.884192968e-06	1.09901424e-06	6
1.890808269e-06	1.148571609e-06	6
1.897407904e-06	1.198131071e-06	6
1.903960823e-06	1.247696733e-06	6
1.910495045e-06	1.297264857e-06	6
1.916997575e-06	1.346837155e-06	6
1.923467788e-06	1.396413675e-06	6
1.929920327e-06	1.445992504e-06	6
1.936327721e-06	1.495577186e-06	6
1.942722658e-06	1.545163475e-06	6
1.949076178e-06	1.594755091e-06	6
1.955409862e-06	1.644349238e-06	6
1.961714245e-06	1.693947125e-06	6
1.967987351e-06	1.743548971e-06	6
1.974242775e-06	1.793153057e-06	6
1.980455802e-06	1.842762467e-06	6
1.986657829e-06	1.892373255e-06	6
1.992815672e-06	1.941989548e-06	6
1.995093397e-06	1.96016046e-06	1.278283628
1.989019641e-06	1.910533805e-06	-6
1.982959254e-06	1.860905514e-06	-6
1.976934763e-06	1.811272857e-06	-6
1.970923176e-06	1.761638631e-06	-6
1.964958675e-06	1.711998725e-06	-6
1.959005543e-06	1.662357458e-06	-6
1.95309195e-06	1.612711461e-06	-6
1.947199685e-06	1.563062934e-06	-6
1.941335383e-06	1.513411091e-06	-6
1.935504745e-06	1.463755288e-06	-6
1.929690002e-06	1.414097617e-06	-6
1.923921939e-06	1.364434503e-06	-6
1.918167335e-06	1.31476983e-06	-6
1.912452731e-06	1.265100535e-06	-6
1.906762757e-06	1.215428419e-06	-6
1.901098852e-06	1.165753317e-06	-6
1.895475018e-06	1.116073666e-06	-6
1.889867297e-06	1.066392193e-06	-6
1.884306369e-06	1.016705458e-06	-6
1.878767892e-06	9.670162213e-07	-6
1.873259386e-06	9.173236469e-07	-6
1.867792361e-06	8.676264967e-07	-6
1.862345334e-06	8.179271496e-07	-6
1.856943942e-06	7.682228182e-07	-6
1.851572819e-06	7.185152145e-07	-6
1.846226301e-06	6.688049505e-07	-6
1.840934208e-06	6.19088864e-07	-6
1.835667667e-06	5.693700714e-07	-6
1.830434065e-06	5.196477927e-07	-6
1.825252863e-06	4.699200295e-07	-6
1.820101733e-06	4.20189148e-07	-6
1.814986112e-06	3.704545924e-07	-6
1.809928221e-06	3.207141348e-07	-6
1.804906122e-06	2.709700587e-07	-6
1.799922276e-06	2.212221297e-07	-6
1.794995933e-06	1.714684691e-07	-6
1.79012024e-06	1.21709828e-07	-6
1.785290979e-06	7.194666271e-08	-6
1.780511795e-06	2.217865741e-08	-6
1.775794805e-06	-2.759528752e-08	-6
1.771145453e-06	-7.737559055e-08	-6
1.766558534e-06	-1.27161677e-07	-6
1.762039872e-06	-1.769540011e-07	-6
1.757596203e-06	-2.267530726e-07	-6
1.753235399e-06	-2.765594684e-07	-6
1.748966761e-06	-3.263738467e-07	-6
1.744801416e-06	-3.761969645e-07	-6
1.740752847e-06	-4.260297005e-07	-6
1.736837635e-06	-4.758730822e-07	-6
1.733076493e-06	-5.257283204e-07	-6
1.729508294e-06	-5.75597722e-07	-6
1.726204242e-06	-6.254852916e-07	-6
1.723229637e-06	-6.753934424e-07	-6
1.720788764e-06	-7.253302405e-07	-6
1.719380173e-06	-7.753052008e-07	-6
1.727119893e-06	-8.061223922e-07	6
1.737296833e-06	-7.571983163e-07	6
1.745167268e-06	-7.078259161e-07	6
1.752277867e-06	-6.583373987e-07	6
1.75893445e-06	-6.08785673e-07	6
1.765324469e-06	-5.591988196e-07	6
1.771466453e-06	-5.095806029e-07	6
1.77743878e-06	-4.599416805e-07	6
1.783267009e-06	-4.102856272e-07	6
1.788969779e-06	-3.606150019e-07	6
1.794562128e-06	-3.109318181e-07	6
1.800056377e-06	-2.612376871e-07	6
1.805462758e-06	-2.115339184e-07	6
1.810789878e-06	-1.618215908e-07	6
1.816045064e-06	-1.121016039e-07	6
1.821234617e-06	-6.237471646e-08	6
1.826359006e-06	-1.264106358e-08	6
1.831414311e-06	3.709965549e-08	6
1.836417222e-06	8.684566373e-08	6
1.841371633e-06	1.365965262e-07	6
1.846281018e-06	1.863518619e-07	6
1.851125572e-06	2.361135529e-07	6
1.855928979e-06	2.85879223e-07	6
1.860695159e-06	3.356484749e-07	6
1.86541341e-06	3.854223003e-07	6
1.870084162e-06	4.352005992e-07	6
1.874723711e-06	4.849818149e-07	6
1.8793223e-06	5.347668384e-07	6
1.883874725e-06	5.84556099e-07	6
1.888400688e-06	6.343477713e-07	6
1.892884941e-06	6.841432236e-07	6
1.897330397e-06	7.339421479e-07	6
1.901753174e-06	7.837430951e-07	6
1.90612737e-06	8.335483358e-07	6
1.910474949e-06	8.833558997e-07	6
1.91479545e-06	9.331658271e-07	6
1.919070463e-06	9.829796757e-07	6
1.923327474e-06	1.032795065e-06	6
1.927542794e-06	1.082614004e-06	6
1.931730976e-06	1.132435225e-06	6
1.935894649e-06	1.182258507e-06	6
1.94001584e-06	1.232085317e-06	6
1.944122282e-06	1.281913346e-06	6
1.948184188e-06	1.331745027e-06	6
1.952226194e-06	1.381578321e-06	6
1.956237852e-06	1.431414073e-06	6
1.960216638e-06	1.481252455e-06	6
1.964178391e-06	1.531092199e-06	6
1.96809497e-06	1.580935512e-06	6
1.971999549e-06	1.630779764e-06	6
1.9758623e-06	1.680627279e-06	6
1.979705955e-06	1.730476265e-06	6
1.983519503e-06	1.780327568e-06	6
1.987302751e-06	1.830181174e-06	6
1.991067227e-06	1.880036207e-06	6
1.994790411e-06	1.929894338e-06	6
1.99801965e-06	1.973166212e-06	5.048529016
1.994380157e-06	1.923301901e-06	-6
1.990762597e-06	1.873435992e-06	-6
1.987167447e-06	1.823568469e-06	-6
1.983598921e-06	1.773699027e-06	-6
1.980064015e-06	1.723827197e-06	-6
1.976544636e-06	1.673954262e-06	-6
1.973070418e-06	1.624078164e-06	-6
1.969607987e-06	1.574201247e-06	-6
1.966187437e-06	1.524321437e-06	-6
1.962786849e-06	1.474440268e-06	-6
1.959416087e-06	1.424557069e-06	-6
1.956078274e-06	1.37467166e-06	-6
1.95275762e-06	1.3247851e-06	-6
1.949483714e-06	1.274895453e-06	-6
1.946224126e-06	1.22500487e-06	-6
1.943004884e-06	1.175111663e-06	-6
1.939811599e-06	1.125216795e-06	-6
1.936643787e-06	1.075320297e-06	-6
1.933518536e-06	1.025421118e-06	-6
1.930410659e-06	9.755208545e-07	-6
1.927347501e-06	9.256178219e-07	-6
1.924311192e-06	8.757131558e-07	-6
1.921301413e-06	8.258068754e-07	-6
1.918339167e-06	7.758977543e-07	-6
1.915398709e-06	7.259873476e-07	-6
1.912498234e-06	6.760745954e-07	-6
1.909636868e-06	6.261595925e-07	-6
1.906800859e-06	5.7624314e-07	-6
1.90401377e-06	5.26323928e-07	-6
1.901263114e-06	4.764027032e-07	-6
1.898542277e-06	4.264798404e-07	-6
1.895873652e-06	3.765541553e-07	-6
1.893246011e-06	3.266263049e-07	-6
1.890653835e-06	2.766965994e-07	-6
1.888109996e-06	2.267644006e-07	-6
1.885620944e-06	1.768294465e-07	-6
1.883174634e-06	1.26892386e-07	-6
1.880774269e-06	7.695309077e-08	-6
1.878433077e-06	2.701098015e-08	-6
1.876154988e-06	-2.293404253e-08	-6
1.873933616e-06	-7.288161239e-08	-6
1.871773941e-06	-1.228318863e-07	-6
1.869681669e-06	-1.727850312e-07	-6
1.867663393e-06	-2.22741225e-07	-6
1.865726813e-06	-2.727006572e-07	-6
1.86388102e-06	-3.226635288e-07	-6
1.862136882e-06	-3.726300508e-07	-6
1.860507563e-06	-4.22600441e-07	-6
1.859009238e-06	-4.72574916e-07	-6
1.857662109e-06	-5.225536758e-07	-6
1.856491848e-06	-5.72536874e-07	-6
1.855553077e-06	-6.225249147e-07	-6
1.854932358e-06	-6.725178867e-07	-6
1.854778515e-06	-7.225142204e-07	-6
1.855457077e-06	-7.725050767e-07	-6
1.859472957e-06	-8.222626516e-07	-6
1.871253256e-06	-7.798994698e-07	6
1.876987039e-06	-7.302340695e-07	6
1.881812561e-06	-6.804710457e-07	6
1.886152076e-06	-6.306629698e-07	6
1.890150017e-06	-5.808262009e-07	6
1.893925367e-06	-5.309720455e-07	6
1.897497634e-06	-4.811029052e-07	6
1.900914443e-06	-4.312228677e-07	6
1.904202737e-06	-3.813341929e-07	6
1.907378022e-06	-3.31438195e-07	6
1.910452995e-06	-2.815359112e-07	6
1.913438196e-06	-2.316281726e-07	6
1.916342485e-06	-1.817156546e-07	6
1.919173397e-06	-1.31798913e-07	6
1.921928437e-06	-8.187792196e-08	6
1.924614716e-06	-3.19531898e-08	6
1.927243104e-06	1.797461729e-08	6
1.92981812e-06	6.790520577e-08	6
1.932343766e-06	1.178383244e-07	6
1.934806657e-06	1.677745813e-07	6
1.937220126e-06	2.177132429e-07	6
1.93959308e-06	2.676538448e-07	6
1.941925309e-06	3.175963747e-07	6
1.94419799e-06	3.675416482e-07	6
1.946436919e-06	4.174884385e-07	6
1.948644149e-06	4.67436648e-07	6
1.950793906e-06	5.17387365e-07	6
1.952913383e-06	5.673393677e-07	6
1.955005196e-06	6.172925449e-07	6
1.957041062e-06	6.67248033e-07	6
1.959052637e-06	7.172044981e-07	6
1.961032027e-06	7.671622563e-07	6
1.962965884e-06	8.171217937e-07	6
1.964878804e-06	8.670821363e-07	6
1.966749626e-06	9.17044078e-07	6
1.968589563e-06	9.670071597e-07	6
1.970407299e-06	1.016971061e-06	6
1.9721766e-06	1.066936699e-06	6
1.973929115e-06	1.116902925e-06	6
1.975642657e-06	1.166870508e-06	6
1.97732785e-06	1.216839049e-06	6
1.978990133e-06	1.266808364e-06	6
1.980609622e-06	1.31677908e-06	6
1.982215182e-06	1.366750247e-06	6
1.983776291e-06	1.416722825e-06	6
1.985318367e-06	1.466695988e-06	6
1.986829438e-06	1.516670104e-06	6
1.988309067e-06	1.566645154e-06	6
1.989770389e-06	1.61662075e-06	6
1.991188412e-06	1.66659759e-06	6
1.992594818e-06	1.716574758e-06	6
1.9939573e-06	1.766553146e-06	6
1.99530311e-06	1.81653198e-06	6
1.996616397e-06	1.866511685e-06	6
1.997901973e-06	1.916492104e-06	6
1.99916615e-06	1.966473074e-06	6
1.9984933e-06	1.937738262e-06	-4.977206864
1.997325106e-06	1.887754956e-06	-6
1.996166496e-06	1.83777143e-06	-6
1.995049631e-06	1.78778695e-06	-6
1.993951373e-06	1.737802064e-06	-6
1.992883767e-06	1.687816508e-06	-6
1.991846289e-06	1.637830323e-06	-6
1.990828103e-06	1.587843736e-06	-6
1.989852007e-06	1.537856313e-06	-6
1.988888181e-06	1.48786865e-06	-6
1.987969523e-06	1.437880135e-06	-6
1.987068515e-06	1.387891304e-06	-6
1.986200072e-06	1.337901891e-06	-6
1.985362995e-06	1.287911949e-06	-6
1.984545145e-06	1.237921683e-06	-6
1.983773318e-06	1.187930687e-06	-6
1.983016752e-06	1.13793946e-06	-6
1.982301465e-06	1.087947622e-06	-6
1.981612901e-06	1.037955414e-06	-6
1.980949721e-06	9.87962857e-07	-6
1.980331127e-06	9.379697317e-07	-6
1.979731272e-06	8.879763791e-07	-6
1.979174325e-06	8.379825254e-07	-6
1.978648432e-06	7.879883427e-07	-6
1.978145781e-06	7.379939137e-07	-6
1.977696656e-06	6.87998976e-07	-6
1.977271258e-06	6.380038375e-07	-6
1.976880039e-06	5.880084123e-07	-6
1.976537069e-06	5.380126373e-07	-6
1.976221866e-06	4.880166825e-07	-6
1.975946631e-06	4.380204843e-07	-6
1.975720918e-06	3.880240432e-07	-6
1.975528052e-06	3.380274681e-07	-6
1.975374464e-06	2.880307482e-07	-6
1.975279973e-06	2.380338842e-07	-6
1.975224811e-06	1.880369694e-07	-6
1.975211802e-06	1.380400219e-07	-6
1.975254486e-06	8.804308427e-08	-6
1.975356801e-06	3.804623934e-08	-6
1.975510689e-06	-1.195046661e-08	-6
1.975720431e-06	-6.194696995e-08	-6
1.975990883e-06	-1.11943188e-07	-6
1.976332166e-06	-1.61938979e-07	-6
1.976752683e-06	-2.119341628e-07	-6
1.977250637e-06	-2.619286274e-07	-6
1.977834255e-06	-3.119221599e-07	-6
1.978513264e-06	-3.61914484e-07	-6
1.97929931e-06	-4.11905237e-07	-6
1.98020652e-06	-4.618939381e-07	-6
1.981258362e-06	-5.118798023e-07	-6
1.982496905e-06	-5.618613698e-07	-6
1.983940122e-06	-6.11837415e-07	-6
1.985669137e-06	-6.618043019e-07	-6
1.987795462e-06	-7.11755773e-07	-6
1.990631164e-06	-7.616713414e-07	-6
1.995218422e-06	-8.114470657e-07	-6
2.006471209e-06	-7.974318704e-07	6
2.010277253e-06	-7.475832703e-07	6
2.012863665e-06	-6.976537556e-07	6
2.014852536e-06	-6.476965485e-07	6
2.016495766e-06	-5.977267373e-07	6
2.017868181e-06	-5.477486874e-07	6
2.019049258e-06	-4.977657334e-07	6
2.020067949e-06	-4.477791818e-07	6
2.020941911e-06	-3.977898765e-07	6
2.021695516e-06	-3.477986084e-07	6
2.022346635e-06	-2.978058987e-07	6
2.02290612e-06	-2.478120744e-07	6
2.023375529e-06	-1.978173222e-07	6
2.023766367e-06	-1.478219e-07	6
2.024086867e-06	-9.782598329e-08	6
2.024343119e-06	-4.782969889e-08	6
2.024540417e-06	2.166854956e-09	6
2.024683405e-06	5.216360217e-08	6
2.024761329e-06	1.021604973e-07	6
2.024785334e-06	1.521574393e-07	6
2.024765146e-06	2.021543802e-07	6
2.024703792e-06	2.521512959e-07	6
2.024582153e-06	3.021481038e-07	6
2.02441989e-06	3.521447874e-07	6
2.024223359e-06	4.02141351e-07	6
2.023978425e-06	4.521377068e-07	6
2.023690408e-06	5.021338261e-07	6
2.023373502e-06	5.521297718e-07	6
2.023011261e-06	6.021254153e-07	6
2.022610335e-06	6.521207566e-07	6
2.022184786e-06	7.021158982e-07	6
2.021710049e-06	7.521106e-07	6
2.021206453e-06	8.021050121e-07	6
2.02067697e-06	8.520991641e-07	6
2.020098288e-06	9.020927686e-07	6
2.019500242e-06	9.520861419e-07	6
2.018863765e-06	1.002079046e-06	6
2.018194847e-06	1.052071521e-06	6
2.017505945e-06	1.10206373e-06	6
2.016768241e-06	1.152055242e-06	6
2.016014845e-06	1.202046516e-06	6
2.01522285e-06	1.252037198e-06	6
2.014403589e-06	1.302027435e-06	6
2.013560787e-06	1.352017287e-06	6
2.012677074e-06	1.402006428e-06	6
2.011780158e-06	1.451995337e-06	6
2.010836905e-06	1.501983394e-06	6
2.00987744e-06	1.551971137e-06	6
2.008884428e-06	1.601958231e-06	6
2.007863277e-06	1.651944751e-06	6
2.006820744e-06	1.701930836e-06	6
2.005738585e-06	1.751916076e-06	6
2.004645118e-06	1.801901072e-06	6
2.003504051e-06	1.851885005e-06	6
2.00235032e-06	1.901868642e-06	6
2.001160141e-06	1.95185143e-06	6
2.001147459e-06	1.953747982e-06	-0.4962318431
2.002423296e-06	1.903767309e-06	-6
2.003711637e-06	1.853786956e-06	-6
2.005040105e-06	1.803807656e-06	-6
2.006379739e-06	1.753828652e-06	-6
2.00776648e-06	1.703850931e-06	-6
2.009166835e-06	1.653873595e-06	-6
2.010602988e-06	1.60389727e-06	-6
2.012064648e-06	1.553921691e-06	-6
2.013550423e-06	1.503946817e-06	-6
2.015074151e-06	1.45397309e-06	-6
2.016610695e-06	1.403999751e-06	-6
2.018196556e-06	1.354027952e-06	-6
2.019796892e-06	1.304056621e-06	-6
2.021433329e-06	1.254086453e-06	-6
2.023098754e-06	1.204117249e-06	-6
2.024786204e-06	1.154148778e-06	-6
2.026518235e-06	1.104181836e-06	-6
2.028266544e-06	1.054215461e-06	-6
2.03005759e-06	1.004250596e-06	-6
2.031875631e-06	9.542867126e-07	-6
2.033719404e-06	9.043237654e-07	-6
2.035609394e-06	8.543625485e-07	-6
2.037519592e-06	8.044021021e-07	-6
2.039471084e-06	7.544432463e-07	-6
2.041457713e-06	7.044857825e-07	-6
2.043467727e-06	6.545292488e-07	-6
2.045530581e-06	6.045748674e-07	-6
2.047622604e-06	5.546217072e-07	-6
2.049742779e-06	5.046697258e-07	-6
2.051920725e-06	4.547202303e-07	-6
2.054129058e-06	4.047720777e-07	-6
2.056369706e-06	3.548253563e-07	-6
2.058670014e-06	3.048813459e-07	-6
2.061008388e-06	2.549391129e-07	-6
2.063385422e-06	2.049987024e-07	-6
2.065814333e-06	1.550607811e-07	-6
2.068300261e-06	1.051256716e-07	-6
2.07083311e-06	5.519292642e-08	-6
2.073416573e-06	5.262771657e-09	-6
2.076055732e-06	-4.466447973e-08	-6
2.078769922e-06	-9.458770773e-08	-6
2.081547204e-06	-1.445074554e-07	-6
2.084393475e-06	-1.944233114e-07	-6
2.087315558e-06	-2.443347836e-07	-6
2.090321427e-06	-2.942412781e-07	-6
2.093420505e-06	-3.441420689e-07	-6
2.096624066e-06	-3.94036257e-07	-6
2.099945773e-06	-4.439227128e-07	-6
2.103402428e-06	-4.937999935e-07	-6
2.107015026e-06	-5.43666222e-07	-6
2.110841222e-06	-5.935164864e-07	-6
2.1149187e-06	-6.433467975e-07	-6
2.119359131e-06	-6.931459187e-07	-6
2.124359846e-06	-7.428914876e-07	-6
2.130547893e-06	-7.92500076e-07	-6
2.142528544e-06	-8.097129294e-07	6
2.144847797e-06	-7.597829048e-07	6
2.1452386e-06	-7.097883245e-07	6
2.144947852e-06	-6.597925094e-07	6
2.144230433e-06	-6.098008143e-07	6
2.143236216e-06	-5.598138308e-07	6
2.142010276e-06	-5.098319549e-07	6
2.140617576e-06	-4.598544446e-07	6
2.13908146e-06	-4.098811267e-07	6
2.137420451e-06	-3.599117953e-07	6
2.135649498e-06	-3.099462342e-07	6
2.133780848e-06	-2.599842294e-07	6
2.131824673e-06	-2.100255747e-07	6
2.129789533e-06	-1.600700746e-07	6
2.127682712e-06	-1.101175446e-07	6
2.125510475e-06	-6.016781148e-08	6
2.123278267e-06	-1.022071247e-08	6
2.120973648e-06	3.97230992e-08	6
2.11861491e-06	8.966437483e-08	6
2.116207832e-06	1.396033415e-07	6
2.113755869e-06	1.89540132e-07	6
2.111244902e-06	2.394739946e-07	6
2.108686914e-06	2.894054624e-07	6
2.10609182e-06	3.393350151e-07	6
2.103454224e-06	3.892623491e-07	6
2.100763663e-06	4.391868527e-07	6
2.098042e-06	4.891096661e-07	6
2.095284464e-06	5.390305194e-07	6
2.092475645e-06	5.8894851e-07	6
2.08964045e-06	6.388650056e-07	6
2.086768341e-06	6.887793981e-07	6
2.083852611e-06	7.386912562e-07	6
2.080914273e-06	7.886017891e-07	6
2.077931908e-06	8.385097152e-07	6
2.074918346e-06	8.884157603e-07	6
2.071882199e-06	9.383204434e-07	6
2.068796051e-06	9.88222058e-07	6
2.065691959e-06	1.038122555e-06	6
2.062550479e-06	1.088020719e-06	6
2.059377539e-06	1.137916885e-06	6
2.056184347e-06	1.187811766e-06	6
2.052944402e-06	1.23770363e-06	6
2.04968975e-06	1.287594535e-06	6
2.046394682e-06	1.337482791e-06	6
2.043075581e-06	1.387369448e-06	6
2.03973022e-06	1.437254357e-06	6
2.036347889e-06	1.487136769e-06	6
2.032952585e-06	1.537018303e-06	6
2.02950804e-06	1.586896462e-06	6
2.026051519e-06	1.636773787e-06	6
2.022557155e-06	1.68664848e-06	6
2.019039703e-06	1.736521544e-06	6
2.015496117e-06	1.786392764e-06	6
2.011918254e-06	1.836261532e-06	6
2.008325583e-06	1.88612924e-06	6
2.004687656e-06	1.935993665e-06	6
2.002125122e-06	1.971215775e-06	4.077240693
2.005840443e-06	1.921357056e-06	-6
2.009580034e-06	1.871500151e-06	-6
2.013341909e-06	1.821644927e-06	-6
2.017130524e-06	1.771791723e-06	-6
2.02095263e-06	1.72194108e-06	-6
2.024790375e-06	1.672091634e-06	-6
2.02867315e-06	1.622245677e-06	-6
2.032567714e-06	1.57240064e-06	-6
2.036504237e-06	1.522558897e-06	-6
2.040460615e-06	1.472718732e-06	-6
2.044446891e-06	1.422880943e-06	-6
2.04846601e-06	1.373045798e-06	-6
2.052502353e-06	1.323212039e-06	-6
2.056585333e-06	1.273382081e-06	-6
2.060682634e-06	1.223553301e-06	-6
2.064820287e-06	1.173727852e-06	-6
2.068983835e-06	1.123904566e-06	-6
2.073172857e-06	1.074083409e-06	-6
2.077404374e-06	1.024265848e-06	-6
2.081653265e-06	9.744497642e-07	-6
2.085946797e-06	9.246375049e-07	-6
2.090267176e-06	8.748275741e-07	-6
2.094614004e-06	8.250199374e-07	-6
2.099008354e-06	7.75216474e-07	-6
2.103424486e-06	7.254149403e-07	-6
2.107880425e-06	6.756169464e-07	-6
2.112375537e-06	6.258224798e-07	-6
2.116895994e-06	5.760303054e-07	-6
2.121465094e-06	5.262425667e-07	-6
2.126070768e-06	4.764582061e-07	-6
2.130706241e-06	4.266766075e-07	-6
2.135393538e-06	3.768998575e-07	-6
2.140122039e-06	3.271270132e-07	-6
2.144885975e-06	2.77357547e-07	-6
2.149697746e-06	2.275926753e-07	-6
2.154564598e-06	1.778331658e-07	-6
2.159474143e-06	1.280778564e-07	-6
2.164429583e-06	7.832709218e-08	-6
2.169443426e-06	2.858217313e-08	-6
2.17452086e-06	-2.115628973e-08	-6
2.179654928e-06	-7.088893075e-08	-6
2.184850604e-06	-1.206151712e-07	-6
2.190113582e-06	-1.703343356e-07	-6
2.195450441e-06	-2.20045628e-07	-6
2.200868867e-06	-2.697481004e-07	-6
2.206377933e-06	-3.194406101e-07	-6
2.211988484e-06	-3.691217623e-07	-6
2.217713653e-06	-4.187898286e-07	-6
2.223569582e-06	-4.684426334e-07	-6
2.229576423e-06	-5.180773885e-07	-6
2.235759786e-06	-5.676904479e-07	-6
2.242178722e-06	-6.172735327e-07	-6
2.248911154e-06	-6.668149978e-07	-6
2.256117778e-06	-7.162894655e-07	-6
2.264182245e-06	-7.656300229e-07	-6
2.276209365e-06	-8.139283006e-07	-6
2.28050532e-06	-7.667514058e-07	6
2.278842104e-06	-7.167837002e-07	6
2.276288447e-06	-6.668524944e-07	6
2.273255759e-06	-6.169478026e-07	6
2.269889241e-06	-5.670644027e-07	6
2.266301309e-06	-5.171964057e-07	6
2.26250879e-06	-4.673435292e-07	6
2.258564591e-06	-4.175024225e-07	6
2.254492553e-06	-3.676715967e-07	6
2.250308108e-06	-3.17850081e-07	6
2.246023893e-06	-2.680370419e-07	6
2.241650393e-06	-2.182317584e-07	6
2.237196427e-06	-1.68433601e-07	6
2.232669489e-06	-1.186420161e-07	6
2.228067921e-06	-6.885726782e-08	6
2.223397029e-06	-1.907898147e-08	6
2.218668587e-06	3.069386457e-08	6
2.213887089e-06	8.046164174e-08	6
2.209056512e-06	1.302246874e-07	6
2.204164e-06	1.799816861e-07	6
2.199221815e-06	2.297337671e-07	6
2.194239366e-06	2.794818308e-07	6
2.189216784e-06	3.292258682e-07	6
2.184134591e-06	3.789638492e-07	6
2.179018866e-06	4.286983847e-07	6
2.173871645e-06	4.784296786e-07	6
2.168667475e-06	5.281550465e-07	6
2.163432988e-06	5.778772236e-07	6
2.15817117e-06	6.275965243e-07	6
2.152853546e-06	6.77309887e-07	6
2.147511799e-06	7.270206562e-07	6
2.142138152e-06	7.767279948e-07	6
2.136719143e-06	8.264304044e-07	6
2.131279343e-06	8.761305419e-07	6
2.125797731e-06	9.258260902e-07	6
2.120285389e-06	9.755182323e-07	6
2.114750995e-06	1.02520793e-06	6
2.109168452e-06	1.07489224e-06	6
2.103569245e-06	1.124574671e-06	6
2.097931274e-06	1.174252723e-06	6
2.092265171e-06	1.223927568e-06	6
2.086576253e-06	1.273599812e-06	6
2.080844869e-06	1.32326717e-06	6
2.075099659e-06	1.372932932e-06	6
2.069310202e-06	1.422593558e-06	6
2.063501927e-06	1.472251981e-06	6
2.057662755e-06	1.521906786e-06	6
2.05179245e-06	1.571557914e-06	6
2.045903858e-06	1.621206883e-06	6
2.039972368e-06	1.670850742e-06	6
2.034029346e-06	1.720493222e-06	6
2.028042582e-06	1.770130448e-06	6
2.022039386e-06	1.819765685e-06	6
2.016003769e-06	1.869396995e-06	6
2.009940764e-06	1.91902496e-06	6
2.003856384e-06	1.968650316e-06	6
2.007373398e-06	1.940388407e-06	-3.975246777
2.013550087e-06	1.890774458e-06	-6
2.019735077e-06	1.841161543e-06	-6
2.025965691e-06	1.791554335e-06	-6
2.032210577e-06	1.741948927e-06	-6
2.038490079e-06	1.692347884e-06	-6
2.044795275e-06	1.642750107e-06	-6
2.051123817e-06	1.593155298e-06	-6
2.057489911e-06	1.543565299e-06	-6
2.063868168e-06	1.493976859e-06	-6
2.070295454e-06	1.444394749e-06	-6
2.076736016e-06	1.394814367e-06	-6
2.083213114e-06	1.34523874e-06	-6
2.089717071e-06	1.295666636e-06	-6
2.096244349e-06	1.246097591e-06	-6
2.102812999e-06	1.196534015e-06	-6
2.109396759e-06	1.146972443e-06	-6
2.116025745e-06	1.097416897e-06	-6
2.122676906e-06	1.047864329e-06	-6
2.129357553e-06	9.983157215e-07	-6
2.136078053e-06	9.487725084e-07	-6
2.142817096e-06	8.992318119e-07	-6
2.149603049e-06	8.496975165e-07	-6
2.156415363e-06	8.001668467e-07	-6
2.163255129e-06	7.506399531e-07	-6
2.170143477e-06	7.011197962e-07	-6
2.177055288e-06	6.516029123e-07	-6
2.184005473e-06	6.020913933e-07	-6
2.190998897e-06	5.525859692e-07	-6
2.198019767e-06	5.030844303e-07	-6
2.205084854e-06	4.535891766e-07	-6
2.212194296e-06	4.041002816e-07	-6
2.219336194e-06	3.546160606e-07	-6
2.22652176e-06	3.051381542e-07	-6
2.233760988e-06	2.556680756e-07	-6
2.241039057e-06	2.062037021e-07	-6
2.248358748e-06	1.567454642e-07	-6
2.255738639e-06	1.072961689e-07	-6
2.263172363e-06	5.785494634e-08	-6
2.270656986e-06	8.421408377e-09	-6
2.278196722e-06	-4.100375631e-08	-6
2.285796348e-06	-9.041975619e-08	-6
2.293471735e-06	-1.398240477e-07	-6
2.301219613e-06	-1.892170149e-07	-6
2.309043842e-06	-2.38597938e-07	-6
2.31695251e-06	-2.879654031e-07	-6
2.324955179e-06	-3.373177137e-07	-6
2.333063292e-06	-3.866528073e-07	-6
2.341290727e-06	-4.359681409e-07	-6
2.349654553e-06	-4.852605302e-07	-6
2.358204681e-06	-5.345209268e-07	-6
2.366958794e-06	-5.837454484e-07	-6
2.375980662e-06	-6.329215238e-07	-6
2.385391334e-06	-6.820246458e-07	-6
2.395477213e-06	-7.309929404e-07	-6
2.407191228e-06	-7.795888306e-07	-6
2.416941794e-06	-7.684217882e-07	6
2.413504019e-06	-7.185477918e-07	6
2.40877161e-06	-6.687759573e-07	6
2.403433754e-06	-6.190650024e-07	6
2.397746144e-06	-5.693927351e-07	6
2.391776612e-06	-5.197534956e-07	6
2.385616702e-06	-4.701375118e-07	6
2.379295286e-06	-4.205418254e-07	6
2.372834859e-06	-3.709640371e-07	6
2.366252048e-06	-3.214023404e-07	6
2.359564941e-06	-2.71854604e-07	6
2.352781721e-06	-2.223199341e-07	6
2.34591338e-06	-1.727969997e-07	6
2.338968204e-06	-1.232847877e-07	6
2.331953232e-06	-7.378242043e-08	6
2.324874525e-06	-2.428912809e-08	6
2.317737349e-06	2.519577051e-08	6
2.310546323e-06	7.467288302e-08	6
2.303285712e-06	1.241398327e-07	6
2.29597693e-06	1.735996784e-07	6
2.288624352e-06	2.230530317e-07	6
2.281230091e-06	2.725001803e-07	6
2.273773135e-06	3.219379123e-07	6
2.266279959e-06	3.713701583e-07	6
2.258752841e-06	4.207972529e-07	6
2.251173179e-06	4.702163212e-07	6
2.243555609e-06	5.196295525e-07	6
2.235909439e-06	5.690383703e-07	6
2.228213906e-06	6.184395278e-07	6
2.220484696e-06	6.678354197e-07	6
2.212731119e-06	7.172274992e-07	6
2.204924496e-06	7.666112236e-07	6
2.197093809e-06	8.159911303e-07	6
2.189233134e-06	8.653662798e-07	6
2.181328279e-06	9.147343712e-07	6
2.173404272e-06	9.640993919e-07	6
2.16543798e-06	1.013457611e-06	6
2.157443991e-06	1.062811345e-06	6
2.149425959e-06	1.112161185e-06	6
2.141364058e-06	1.161503875e-06	6
2.133286649e-06	1.210844028e-06	6
2.125166889e-06	1.260177233e-06	6
2.117024473e-06	1.309506696e-06	6
2.108854588e-06	1.358831625e-06	6
2.10064857e-06	1.40815055e-06	6
2.092428969e-06	1.457467218e-06	6
2.084160544e-06	1.506775724e-06	6
2.075879782e-06	1.556082154e-06	6
2.067561741e-06	1.605382314e-06	6
2.059220135e-06	1.654678487e-06	6
2.050853262e-06	1.703970383e-06	6
2.042451493e-06	1.753256338e-06	6
2.034035978e-06	1.802539953e-06	6
2.025574551e-06	1.851815705e-06	6
2.017102212e-06	1.901089579e-06	6
2.008589782e-06	1.950356547e-06	6
2.006827487e-06	1.960706479e-06	1.122810909
2.015417694e-06	1.911453016e-06	-6
2.024026866e-06	1.862202861e-06	-6
2.03266738e-06	1.812958201e-06	-6
2.041324977e-06	1.763716536e-06	-6
2.050025008e-06	1.714482352e-06	-6
2.058736316e-06	1.665250163e-06	-6
2.067491117e-06	1.616025687e-06	-6
2.076262789e-06	1.56680422e-06	-6
2.085066468e-06	1.517588462e-06	-6
2.093899239e-06	1.468377923e-06	-6
2.102752047e-06	1.419170979e-06	-6
2.111646838e-06	1.369971609e-06	-6
2.120554964e-06	1.320774652e-06	-6
2.129507007e-06	1.271585664e-06	-6
2.138479163e-06	1.222400347e-06	-6
2.147481428e-06	1.173220526e-06	-6
2.15651909e-06	1.124047203e-06	-6
2.165572703e-06	1.074876809e-06	-6
2.17467694e-06	1.025715763e-06	-6
2.183799102e-06	9.76558046e-07	-6
2.192955231e-06	9.27406638e-07	-6
2.202148103e-06	8.782620952e-07	-6
2.211360756e-06	8.291212525e-07	-6
2.220622873e-06	7.799897069e-07	-6
2.229910604e-06	7.308630045e-07	-6
2.239227e-06	6.817417223e-07	-6
2.248592875e-06	6.326298534e-07	-6
2.257983999e-06	5.835228106e-07	-6
2.267412038e-06	5.344228344e-07	-6
2.276887498e-06	4.853319927e-07	-6
2.286392653e-06	4.362468949e-07	-6
2.295937287e-06	3.871694504e-07	-6
2.305534534e-06	3.381022718e-07	-6
2.315167101e-06	2.890420206e-07	-6
2.324837412e-06	2.399891868e-07	-6
2.334568975e-06	1.909484664e-07	-6
2.344346017e-06	1.419168026e-07	-6
2.354168837e-06	9.289429076e-08	-6
2.364041019e-06	4.388168794e-08	-6
2.373979172e-06	-5.117584496e-09	-6
2.383979359e-06	-5.410422603e-08	-6
2.394041035e-06	-1.030782678e-07	-6
2.404169917e-06	-1.520384516e-07	-6
2.414372614e-06	-2.009833063e-07	-6
2.424656847e-06	-2.499110941e-07	-6
2.435031737e-06	-2.98819738e-07	-6
2.445508189e-06	-3.477067239e-07	-6
2.456099416e-06	-3.96568965e-07	-6
2.466821659e-06	-4.454026127e-07	-6
2.477695202e-06	-4.942027851e-07	-6
2.488751502e-06	-5.429618683e-07	-6
2.500073186e-06	-5.916599804e-07	-6
2.511709485e-06	-6.402837346e-07	-6
2.523865722e-06	-6.887798302e-07	-6
2.537026108e-06	-7.370113598e-07	-6
2.553432386e-06	-7.647718805e-07	6
2.549011053e-06	-7.149985631e-07	6
2.542223394e-06	-6.654656916e-07	6
2.534657315e-06	-6.160447586e-07	6
2.526648545e-06	-5.666935597e-07	6
2.518367642e-06	-5.173872253e-07	6
2.509847397e-06	-4.681216583e-07	6
2.501152803e-06	-4.188865533e-07	6
2.492315717e-06	-3.696768203e-07	6
2.483354623e-06	-3.204895119e-07	6
2.474284429e-06	-2.713221997e-07	6
2.465117344e-06	-2.221728572e-07	6
2.455863507e-06	-1.730397723e-07	6
2.446531444e-06	-1.239214828e-07	6
2.437128405e-06	-7.481672628e-08	6
2.427660628e-06	-2.57244024e-08	6
2.418123947e-06	2.33545881e-08	6
2.408523898e-06	7.242121647e-08	6
2.398872213e-06	1.214777079e-07	6
2.389172741e-06	1.705247755e-07	6
2.379425714e-06	2.19562425e-07	6
2.369616804e-06	2.685877314e-07	6
2.359768684e-06	3.176051681e-07	6
2.349883918e-06	3.666152332e-07	6
2.339947594e-06	4.156148766e-07	6
2.329968975e-06	4.646059166e-07	6
2.319959661e-06	5.135906959e-07	6
2.309905715e-06	5.625663405e-07	6
2.299810766e-06	6.115335429e-07	6
2.289689801e-06	6.604953768e-07	6
2.279523526e-06	7.094478277e-07	6
2.269323473e-06	7.583932439e-07	6
2.259101135e-06	8.073340176e-07	6
2.248826791e-06	8.562639004e-07	6
2.238530618e-06	9.051891875e-07	6
2.228203568e-06	9.541079736e-07	6
2.217836169e-06	1.003018219e-06	6
2.207451099e-06	1.051924718e-06	6
2.197020845e-06	1.100821603e-06	6
2.186568249e-06	1.149713711e-06	6
2.176087337e-06	1.198599763e-06	6
2.165569038e-06	1.247477779e-06	6
2.155036274e-06	1.296352685e-06	6
2.144455584e-06	1.345217238e-06	6
2.133859651e-06	1.394078483e-06	6
2.123229713e-06	1.442932347e-06	6
2.112571822e-06	1.491780114e-06	6
2.101892983e-06	1.540623312e-06	6
2.091174147e-06	1.589457744e-06	6
2.080443555e-06	1.638289597e-06	6
2.069667744e-06	1.687111493e-06	6
2.058877488e-06	1.735930192e-06	6
2.048053501e-06	1.78474143e-06	6
2.037204103e-06	1.833547019e-06	6
2.026332081e-06	1.88234758e-06	6
2.015423896e-06	1.931140065e-06	6
2.00450393e-06	1.97992992e-06	6
2.01499121e-06	1.933359707e-06	-5.73281242
2.026006234e-06	1.884591226e-06	-6
2.03703168e-06	1.835825103e-06	-6
2.048095398e-06	1.787067645e-06	-6
2.059179734e-06	1.738314875e-06	-6
2.070291501e-06	1.689568345e-06	-6
2.081435136e-06	1.640829096e-06	-6
2.0925951e-06	1.592093577e-06	-6
2.103798613e-06	1.543368053e-06	-6
2.115014119e-06	1.494645289e-06	-6
2.126271116e-06	1.445932092e-06	-6
2.137547892e-06	1.397223475e-06	-6
2.148853829e-06	1.348521613e-06	-6
2.160192951e-06	1.299827473e-06	-6
2.171548188e-06	1.251137081e-06	-6
2.182950932e-06	1.202457795e-06	-6
2.194368597e-06	1.153782011e-06	-6
2.205823744e-06	1.105115028e-06	-6
2.217307705e-06	1.056454843e-06	-6
2.228813593e-06	1.007799832e-06	-6
2.240365756e-06	9.591557893e-07	-6
2.251936243e-06	9.105161051e-07	-6
2.26354555e-06	8.618856662e-07	-6
2.275188116e-06	8.132631863e-07	-6
2.286851767e-06	7.646457536e-07	-6
2.298567631e-06	7.16040876e-07	-6
2.310308192e-06	6.674419662e-07	-6
2.32207875e-06	6.188503049e-07	-6
2.33389961e-06	5.702708589e-07	-6
2.345747609e-06	5.216980302e-07	-6
2.35763096e-06	4.731338296e-07	-6
2.369566118e-06	4.245823391e-07	-6
2.381533373e-06	3.760387561e-07	-6
2.393534971e-06	3.275036424e-07	-6
2.405598017e-06	2.789837652e-07	-6
2.417699483e-06	2.304734664e-07	-6
2.429842133e-06	1.819734581e-07	-6
2.442034409e-06	1.334858928e-07	-6
2.454289323e-06	8.501412433e-08	-6
2.466594602e-06	3.655512675e-08	-6
2.478954436e-06	-1.188998377e-08	-6
2.491373572e-06	-6.031993e-08	-6
2.503857445e-06	-1.087332377e-07	-6
2.516420873e-06	-1.571259629e-07	-6
2.529061645e-06	-2.054985355e-07	-6
2.541786054e-06	-2.538491685e-07	-6
2.554603605e-06	-3.021751894e-07	-6
2.567525675e-06	-3.504733662e-07	-6
2.58056606e-06	-3.987397348e-07	-6
2.59375963e-06	-4.469644434e-07	-6
2.607124909e-06	-4.951418185e-07	-6
2.62069027e-06	-5.432632186e-07	-6
2.634555969e-06	-5.912988498e-07	-6
2.64882319e-06	-6.392165383e-07	-6
2.663808564e-06	-6.869136981e-07	-6
2.680858952e-06	-7.338910132e-07	-6
2.685082949e-06	-7.060757094e-07	6
2.676462131e-06	-6.568304867e-07	6
2.66674404e-06	-6.077875418e-07	6
2.656496814e-06	-5.588521278e-07	6
2.645904851e-06	-5.099901386e-07	6
2.635071524e-06	-4.61181042e-07	6
2.624054018e-06	-4.124131635e-07	6
2.612874739e-06	-3.636820933e-07	6
2.6015579e-06	-3.149827776e-07	6
2.590129697e-06	-2.663094758e-07	6
2.578602729e-06	-2.176594663e-07	6
2.566987448e-06	-1.690304611e-07	6
2.555291696e-06	-1.2042074e-07	6
2.543513339e-06	-7.183096936e-08	6
2.531667232e-06	-2.325767976e-08	6
2.519759235e-06	2.530046918e-08	6
2.507794442e-06	7.384465491e-08	6
2.495777322e-06	1.223759207e-07	6
2.483702003e-06	1.708927451e-07	6
2.47156987e-06	2.193953878e-07	6
2.459395176e-06	2.678873595e-07	6
2.44718083e-06	3.163693653e-07	6
2.434912205e-06	3.648376686e-07	6
2.422600345e-06	4.132949993e-07	6
2.410255488e-06	4.617439351e-07	6
2.3978675e-06	5.10181868e-07	6
2.385434255e-06	5.586081979e-07	6
2.372973201e-06	6.070273785e-07	6
2.360471697e-06	6.554361378e-07	6
2.347929486e-06	7.038343601e-07	6
2.335363576e-06	7.522264365e-07	6
2.322753259e-06	8.006069644e-07	6
2.310111977e-06	8.489794036e-07	6
2.297448723e-06	8.973461027e-07	6
2.284734944e-06	9.456995446e-07	6
2.272002535e-06	9.940480783e-07	6
2.259235855e-06	1.04238758e-06	6
2.246435029e-06	1.090718046e-06	6
2.233617689e-06	1.13904414e-06	6
2.220750472e-06	1.187356978e-06	6
2.207868159e-06	1.235665787e-06	6
2.194951228e-06	1.283965357e-06	6
2.182005354e-06	1.332257171e-06	6
2.169039357e-06	1.380543593e-06	6
2.156031295e-06	1.428818696e-06	6
2.143010526e-06	1.477090374e-06	6
2.129947552e-06	1.525350651e-06	6
2.116866441e-06	1.573606009e-06	6
2.103755444e-06	1.621853261e-06	6
2.090614833e-06	1.67009245e-06	6
2.077456052e-06	1.718326692e-06	6
2.064256603e-06	1.766549817e-06	6
2.051046261e-06	1.814769961e-06	6
2.037792434e-06	1.862978173e-06	6
2.024523979e-06	1.911182355e-06	6
2.011222792e-06	1.959377521e-06	6
2.012105991e-06	1.956303784e-06	-0.2134142357
2.025485113e-06	1.908130198e-06	-6
2.038880928e-06	1.859961248e-06	-6
2.052311256e-06	1.811801914e-06	-6
2.065754432e-06	1.763646161e-06	-6
2.079242976e-06	1.715503096e-06	-6
2.092742563e-06	1.66736313e-06	-6
2.106280795e-06	1.619234013e-06	-6
2.119839429e-06	1.571110646e-06	-6
2.133425452e-06	1.522994998e-06	-6
2.147043852e-06	1.47488851e-06	-6
2.160677908e-06	1.426786451e-06	-6
2.174356972e-06	1.378697173e-06	-6
2.18804911e-06	1.330611619e-06	-6
2.201780175e-06	1.282537161e-06	-6
2.215534947e-06	1.234469488e-06	-6
2.2293151e-06	1.186409078e-06	-6
2.243133947e-06	1.138359785e-06	-6
2.256968443e-06	1.090314993e-06	-6
2.270848254e-06	1.042283269e-06	-6
2.284749804e-06	9.942578405e-07	-6
2.298680321e-06	9.462407989e-07	-6
2.312651039e-06	8.982354434e-07	-6
2.326641166e-06	8.502357398e-07	-6
2.340675239e-06	8.022488624e-07	-6
2.354738808e-06	7.542706293e-07	-6
2.368825905e-06	7.062992912e-07	-6
2.382965914e-06	6.583435231e-07	-6
2.397130697e-06	6.103950748e-07	-6
2.411326847e-06	5.624558954e-07	-6
2.425574129e-06	5.145318903e-07	-6
2.439850552e-06	4.666165645e-07	-6
2.454160568e-06	4.187112512e-07	-6
2.468527077e-06	3.708228513e-07	-6
2.482928251e-06	3.229448731e-07	-6
2.497366472e-06	2.75078049e-07	-6
2.511859001e-06	2.272276342e-07	-6
2.526401639e-06	1.793924331e-07	-6
2.540989211e-06	1.3157092e-07	-6
2.555625244e-06	8.376421136e-08	-6
2.570319424e-06	3.597533532e-08	-6
2.585080699e-06	-1.17928541e-08	-6
2.599902337e-06	-5.954233947e-08	-6
2.61478996e-06	-1.07271288e-07	-6
2.629750072e-06	-1.549775633e-07	-6
2.644790271e-06	-2.026586494e-07	-6
2.659919534e-06	-2.503115483e-07	-6
2.675148595e-06	-2.979326431e-07	-6
2.69049046e-06	-3.455175089e-07	-6
2.705961121e-06	-3.930606491e-07	-6
2.721580546e-06	-4.4055512e-07	-6
2.737395961e-06	-4.879846581e-07	-6
2.753457972e-06	-5.353312267e-07	-6
2.76985529e-06	-5.825625441e-07	-6
2.786781124e-06	-6.296066323e-07	-6
2.804799498e-06	-6.762399691e-07	-6
2.821098266e-06	-6.917991326e-07	6
2.811293443e-06	-6.427869901e-07	6
2.799539854e-06	-5.941920657e-07	6
2.787120308e-06	-5.457624848e-07	6
2.774278286e-06	-4.974430578e-07	6
2.761177071e-06	-4.491932303e-07	6
2.747844649e-06	-4.010067401e-07	6
2.734351737e-06	-3.528649436e-07	6
2.720720863e-06	-3.047620199e-07	6
2.706969895e-06	-2.566932808e-07	6
2.69311325e-06	-2.086548931e-07	6
2.679162733e-06	-1.606436795e-07	6
2.66512815e-06	-1.126569717e-07	6
2.651017746e-06	-6.469250314e-08	6
2.636838537e-06	-1.674832648e-08	6
2.622596557e-06	3.117724789e-08	6
2.608294079e-06	7.908481213e-08	6
2.593923413e-06	1.269719642e-07	6
2.579502685e-06	1.748440553e-07	6
2.565035617e-06	2.227021624e-07	6
2.550525531e-06	2.705472543e-07	6
2.535954435e-06	3.183738031e-07	6
2.521342862e-06	3.661879914e-07	6
2.506695749e-06	4.139913067e-07	6
2.492003547e-06	4.617807907e-07	6
2.477265105e-06	5.095560283e-07	6
2.462496893e-06	5.573220701e-07	6
2.447690033e-06	6.050761536e-07	6
2.432838487e-06	6.528163532e-07	6
2.417961709e-06	7.005486946e-07	6
2.40304537e-06	7.482686949e-07	6
2.388091626e-06	7.959769803e-07	6
2.373116267e-06	8.436784887e-07	6
2.35809462e-06	8.913654441e-07	6
2.343047406e-06	9.390443306e-07	6
2.327974408e-06	9.867150797e-07	6
2.31285788e-06	1.03437204e-06	6
2.297724209e-06	1.082023558e-06	6
2.282550671e-06	1.1296624e-06	6
2.267351286e-06	1.177292996e-06	6
2.252128405e-06	1.224916094e-06	6
2.236865081e-06	1.272526242e-06	6
2.221587718e-06	1.320131887e-06	6
2.206267661e-06	1.367723813e-06	6
2.190928823e-06	1.415309684e-06	6
2.175560809e-06	1.462886146e-06	6
2.160161677e-06	1.510452539e-06	6
2.144746047e-06	1.558013594e-06	6
2.129287607e-06	1.605560749e-06	6
2.113817747e-06	1.65310419e-06	6
2.098307708e-06	1.700634541e-06	6
2.082779784e-06	1.748159046e-06	6
2.067222848e-06	1.795674068e-06	6
2.05163737e-06	1.84317973e-06	6
2.036033678e-06	1.890679418e-06	6
2.020390993e-06	1.938166276e-06	6
2.006583654e-06	1.980070496e-06	5.331648981
2.02229345e-06	1.932605795e-06	-6
2.038037032e-06	1.885152289e-06	-6
2.053791239e-06	1.837702314e-06	-6
2.069581479e-06	1.790264313e-06	-6
2.085392991e-06	1.742833404e-06	-6
2.101229979e-06	1.69541099e-06	-6
2.11709919e-06	1.647999354e-06	-6
2.132983065e-06	1.600592624e-06	-6
2.148910535e-06	1.553200524e-06	-6
2.164849683e-06	1.505812352e-06	-6
2.180827943e-06	1.45843735e-06	-6
2.196826701e-06	1.411069273e-06	-6
2.212852561e-06	1.363710352e-06	-6
2.22891197e-06	1.316362803e-06	-6
2.244985773e-06	1.269020132e-06	-6
2.261107073e-06	1.221693615e-06	-6
2.277242905e-06	1.174372056e-06	-6
2.293413857e-06	1.127062481e-06	-6
2.309614175e-06	1.07976296e-06	-6
2.32583446e-06	1.032470276e-06	-6
2.342101114e-06	9.851935233e-07	-6
2.358385616e-06	9.379229192e-07	-6
2.374706433e-06	8.906648352e-07	-6
2.391061036e-06	8.434184398e-07	-6
2.407436177e-06	7.961791531e-07	-6
2.423860559e-06	7.489569628e-07	-6
2.440310493e-06	7.017436758e-07	-6
2.456788027e-06	6.545400057e-07	-6
2.473316043e-06	6.073539902e-07	-6
2.489870489e-06	5.601772472e-07	-6
2.506457617e-06	5.130119763e-07	-6
2.523096808e-06	4.658650502e-07	-6
2.539767254e-06	4.187291732e-07	-6
2.556471014e-06	3.71605083e-07	-6
2.573232828e-06	3.245016101e-07	-6
2.590033808e-06	2.774121031e-07	-6
2.606874888e-06	2.303369215e-07	-6
2.62376208e-06	1.832782525e-07	-6
2.64071229e-06	1.362422476e-07	-6
2.657711532e-06	8.922395125e-08	-6
2.674763884e-06	4.222489305e-08	-6
2.691873972e-06	-4.75318038e-09	-6
2.709047089e-06	-5.170825727e-08	-6
2.726294604e-06	-9.863606177e-08	-6
2.743620217e-06	-1.455350836e-07	-6
2.761027242e-06	-1.924039432e-07	-6
2.778524932e-06	-2.392390263e-07	-6
2.796124362e-06	-2.860359717e-07	-6
2.81384073e-06	-3.327887731e-07	-6
2.831707983e-06	-3.794841051e-07	-6
2.849739422e-06	-4.261162512e-07	-6
2.867965715e-06	-4.726725685e-07	-6
2.886493652e-06	-5.191095827e-07	-6
2.905418209e-06	-5.653861028e-07	-6
2.925052567e-06	-6.113650878e-07	-6
2.946889247e-06	-6.563113537e-07	-6
2.946355021e-06	-6.233035337e-07	6
2.932857228e-06	-5.7516588e-07	6
2.918345567e-06	-5.273217639e-07	6
2.903337099e-06	-4.796308152e-07	6
2.887987668e-06	-4.320484634e-07	6
2.872413434e-06	-3.845391779e-07	6
2.856661048e-06	-3.37088633e-07	6
2.840747611e-06	-2.896918384e-07	6
2.824706086e-06	-2.423382394e-07	6
2.808556787e-06	-1.950212867e-07	6
2.792311904e-06	-1.477370616e-07	6
2.775981549e-06	-1.004822822e-07	6
2.759574218e-06	-5.325416671e-08	6
2.743087803e-06	-6.05359771e-09	6
2.726533826e-06	4.112331136e-08	6
2.709919963e-06	8.827915794e-08	6
2.693251141e-06	1.354156045e-07	6
2.676531683e-06	1.825341201e-07	6
2.659758e-06	2.296333678e-07	6
2.642927075e-06	2.767121858e-07	6
2.626054972e-06	3.237762552e-07	6
2.609144501e-06	3.708265583e-07	6
2.592183298e-06	4.178586024e-07	6
2.575178333e-06	4.648748338e-07	6
2.558141445e-06	5.118795065e-07	6
2.541064479e-06	5.588696422e-07	6
2.523941949e-06	6.058431881e-07	6
2.506792517e-06	6.528069172e-07	6
2.489605481e-06	6.997569056e-07	6
2.472377421e-06	7.466918494e-07	6
2.455126436e-06	7.936183731e-07	6
2.437833911e-06	8.405296101e-07	6
2.42050991e-06	8.874292249e-07	6
2.403166072e-06	9.34321515e-07	6
2.385771844e-06	9.811951368e-07	6
2.368359597e-06	1.028062061e-06	6
2.35091552e-06	1.074917155e-06	6
2.333437006e-06	1.121759406e-06	6
2.315942695e-06	1.168595767e-06	6
2.29840102e-06	1.215414408e-06	6
2.280843604e-06	1.262227143e-06	6
2.263253939e-06	1.309027777e-06	6
2.245634966e-06	1.355817378e-06	6
2.227997768e-06	1.402600119e-06	6
2.210318572e-06	1.449367002e-06	6
2.192627086e-06	1.496129237e-06	6
2.174895951e-06	1.542876455e-06	6
2.157146034e-06	1.589616539e-06	6
2.139368388e-06	1.636346089e-06	6
2.121560857e-06	1.683064254e-06	6
2.103736936e-06	1.729776174e-06	6
2.085872439e-06	1.776472587e-06	6
2.067997402e-06	1.823164968e-06	6
2.050081447e-06	1.869841666e-06	6
2.032150148e-06	1.916512466e-06	6
2.014188342e-06	1.963171539e-06	6
2.016295356e-06	1.957794055e-06	-0.1804124476
2.034330915e-06	1.911163444e-06	-6
2.052384324e-06	1.864539737e-06	-6
2.070469775e-06	1.817928456e-06	-6
2.088569025e-06	1.771322526e-06	-6
2.106710819e-06	1.724733141e-06	-6
2.124863301e-06	1.678147922e-06	-6
2.143054543e-06	1.631577821e-06	-6
2.161264163e-06	1.585014909e-06	-6
2.179501648e-06	1.538462898e-06	-6
2.197769097e-06	1.491922643e-06	-6
2.216053056e-06	1.445388866e-06	-6
2.234379196e-06	1.398871686e-06	-6
2.252717982e-06	1.352359493e-06	-6
2.271095788e-06	1.305862699e-06	-6
2.289495161e-06	1.259374442e-06	-6
2.307920448e-06	1.212896443e-06	-6
2.326381795e-06	1.166432761e-06	-6
2.344858275e-06	1.119975091e-06	-6
2.363379944e-06	1.073535417e-06	-6
2.381921268e-06	1.027103593e-06	-6
2.40049197e-06	9.806835047e-07	-6
2.419100173e-06	9.342784419e-07	-6
2.437727139e-06	8.878809056e-07	-6
2.456397965e-06	8.415009975e-07	-6
2.47509593e-06	7.951320325e-07	-6
2.493818016e-06	7.487727928e-07	-6
2.512589868e-06	7.024336836e-07	-6
2.531385661e-06	6.561042875e-07	-6
2.550213154e-06	6.097877557e-07	-6
2.569088673e-06	5.634907798e-07	-6
2.587992348e-06	5.172052981e-07	-6
2.606929879e-06	4.709336491e-07	-6
2.625920595e-06	4.246838049e-07	-6
2.644944791e-06	3.78447731e-07	-6
2.66400477e-06	3.322263898e-07	-6
2.683118635e-06	2.860273015e-07	-6
2.702279467e-06	2.398476823e-07	-6
2.721483686e-06	1.936860924e-07	-6
2.740734692e-06	1.47543989e-07	-6
2.760043318e-06	1.014259608e-07	-6
2.779415249e-06	5.533449319e-08	-6
2.798845438e-06	9.267563685e-09	-6
2.818339306e-06	-3.677245095e-08	-6
2.83790312e-06	-8.278278517e-08	-6
2.857544201e-06	-1.287601873e-07	-6
2.877271199e-06	-1.7470079e-07	-6
2.897094454e-06	-2.20599936e-07	-6
2.917026493e-06	-2.664519388e-07	-6
2.937082714e-06	-3.122497499e-07	-6
2.957282345e-06	-3.57984485e-07	-6
2.977668764e-06	-4.036362365e-07	-6
2.998294779e-06	-4.491802072e-07	-6
3.01924111e-06	-4.945775698e-07	-6
3.040695377e-06	-5.397366766e-07	-6
3.063193306e-06	-5.843817025e-07	-6
3.081012789e-06	-5.984549134e-07	6
3.06645571e-06	-5.506385037e-07	6
3.050000454e-06	-5.03427965e-07	6
3.032895078e-06	-4.564484305e-07	6
3.015378027e-06	-4.096206867e-07	6
2.997612313e-06	-3.628866796e-07	6
2.979620779e-06	-3.162391054e-07	6
2.961474063e-06	-2.696516826e-07	6
2.94319397e-06	-2.231164253e-07	6
2.924797795e-06	-1.766269264e-07	6
2.90629949e-06	-1.30177966e-07	6
2.887710476e-06	-8.376522973e-08	6
2.869040241e-06	-3.738510537e-08	6
2.850296761e-06	8.965468444e-09	6
2.831486821e-06	5.52891151e-08	6
2.812616257e-06	1.015881059e-07	6
2.793685789e-06	1.478626453e-07	6
2.774690989e-06	1.94110811e-07	6
2.755647854e-06	2.403390868e-07	6
2.736559982e-06	2.865489089e-07	6
2.717430584e-06	3.327415667e-07	6
2.698240889e-06	3.789092092e-07	6
2.679013559e-06	4.250611802e-07	6
2.659751931e-06	4.711988501e-07	6
2.6404454e-06	5.173177558e-07	6
2.621095663e-06	5.634185435e-07	6
2.601717203e-06	6.09507264e-07	6
2.58230008e-06	6.555797171e-07	6
2.562841243e-06	7.016345612e-07	6
2.543358066e-06	7.476791137e-07	6
2.523835368e-06	7.937069296e-07	6
2.504277972e-06	8.397200058e-07	6
2.484699729e-06	8.857242207e-07	6
2.465075497e-06	9.317088388e-07	6
2.445427978e-06	9.776835041e-07	6
2.425754242e-06	1.023646965e-06	6
2.406039904e-06	1.069593021e-06	6
2.386309038e-06	1.115531982e-06	6
2.366538395e-06	1.161453842e-06	6
2.346744192e-06	1.207365545e-06	6
2.326925994e-06	1.253266903e-06	6
2.307070173e-06	1.299151993e-06	6
2.287200821e-06	1.345031229e-06	6
2.267288985e-06	1.390892044e-06	6
2.2473604e-06	1.436745577e-06	6
2.227402359e-06	1.482586303e-06	6
2.207415684e-06	1.528414546e-06	6
2.187411772e-06	1.574235274e-06	6
2.167367964e-06	1.62003856e-06	6
2.147313155e-06	1.665837032e-06	6
2.127218305e-06	1.711617951e-06	6
2.10710757e-06	1.757391889e-06	6
2.086967554e-06	1.803152957e-06	6
2.066801392e-06	1.848902503e-06	6
2.04661635e-06	1.894643728e-06	6
2.0263951e-06	1.940368953e-06	6
2.00733796e-06	1.983443993e-06	5.687256
2.027623753e-06	1.937747361e-06	-5.11654412
2.047940708e-06	1.892064576e-06	-6
2.068266835e-06	1.846385874e-06	-6
2.08863148e-06	1.800724327e-06	-6
2.109012763e-06	1.755070211e-06	-6
2.129422406e-06	1.70942876e-06	-6
2.149859217e-06	1.663799474e-06	-6
2.170313986e-06	1.618178228e-06	-6
2.190806855e-06	1.572574088e-06	-6
2.211310949e-06	1.526974993e-06	-6
2.231856545e-06	1.48139458e-06	-6
2.252417983e-06	1.435821316e-06	-6
2.273009378e-06	1.390261575e-06	-6
2.293629151e-06	1.344714677e-06	-6
2.314266671e-06	1.29917581e-06	-6
2.334945961e-06	1.253655899e-06	-6
2.355639204e-06	1.208142331e-06	-6
2.376370175e-06	1.162645931e-06	-6
2.397125415e-06	1.117160604e-06	-6
2.417903834e-06	1.071685854e-06	-6
2.438722838e-06	1.026229674e-06	-6
2.459558966e-06	9.807813423e-07	-6
2.480434063e-06	9.353508906e-07	-6
2.501337556e-06	8.899335056e-07	-6
2.522262034e-06	8.445257773e-07	-6
2.543235416e-06	7.991406173e-07	-6
2.564230459e-06	7.537654804e-07	-6
2.585256223e-06	7.084045633e-07	-6
2.606326261e-06	6.630641986e-07	-6
2.627421634e-06	6.177356194e-07	-6
2.648552736e-06	5.724236772e-07	-6
2.669729477e-06	5.271330516e-07	-6
2.690936165e-06	4.818564454e-07	-6
2.712177655e-06	4.365961463e-07	-6
2.73347373e-06	3.913615068e-07	-6
2.754805631e-06	3.461437613e-07	-6
2.776175933e-06	3.009441476e-07	-6
2.797595338e-06	2.557677744e-07	-6
2.819070325e-06	2.106178024e-07	-6
2.840592246e-06	1.654901919e-07	-6
2.862164991e-06	1.203868559e-07	-6
2.883792975e-06	7.530997563e-08	-6
2.905482627e-06	3.026272748e-08	-6
2.927246651e-06	-1.474863488e-08	-6
2.949081045e-06	-5.972589437e-08	-6
2.97099327e-06	-1.046652814e-07	-6
2.992992144e-06	-1.495623107e-07	-6
3.015088222e-06	-1.944115788e-07	-6
3.037294301e-06	-2.392064865e-07	-6
3.059639038e-06	-2.839323784e-07	-6
3.082146829e-06	-3.285764114e-07	-6
3.104840378e-06	-3.731262802e-07	-6
3.127807893e-06	-4.17535424e-07	-6
3.151146348e-06	-4.617505377e-07	-6
3.175147525e-06	-5.056085405e-07	-6
3.201014775e-06	-5.48369727e-07	-6
3.199920469e-06	-5.206181199e-07	6
3.181865557e-06	-4.739979722e-07	6
3.162768348e-06	-4.277924369e-07	6
3.143169217e-06	-3.817972783e-07	6
3.123251764e-06	-3.359390372e-07	6
3.103103832e-06	-2.901815262e-07	6
3.082783676e-06	-2.445002127e-07	6
3.062315858e-06	-1.988848423e-07	6
3.041715839e-06	-1.533290115e-07	6
3.021011814e-06	-1.078203554e-07	6
3.000215578e-06	-6.235376075e-08	6
2.979336911e-06	-1.692495435e-08	6
2.958380099e-06	2.846786031e-08	6
2.937349351e-06	7.382646332e-08	6
2.916255411e-06	1.191557059e-07	6
2.895103758e-06	1.644580429e-07	6
2.873899154e-06	2.097356207e-07	6
2.852645776e-06	2.54990333e-07	6
2.831335341e-06	3.002182111e-07	6
2.809974837e-06	3.454224558e-07	6
2.788574685e-06	3.906079404e-07	6
2.767137601e-06	4.357759234e-07	6
2.745647231e-06	4.809185818e-07	6
2.724119384e-06	5.260433699e-07	6
2.702560818e-06	5.711534931e-07	6
2.6809594e-06	6.162431185e-07	6
2.659318603e-06	6.613138501e-07	6
2.637651931e-06	7.063721493e-07	6
2.615944946e-06	7.514110479e-07	6
2.594202804e-06	7.964329775e-07	6
2.57243862e-06	8.414442599e-07	6
2.550630482e-06	8.864342667e-07	6
2.528796236e-06	9.314116005e-07	6
2.506938902e-06	9.763777274e-07	6
2.485037284e-06	1.021322299e-06	6
2.463118351e-06	1.066258424e-06	6
2.44116493e-06	1.111177717e-06	6
2.419182442e-06	1.156082786e-06	6
2.397181968e-06	1.200979053e-06	6
2.37513782e-06	1.245853889e-06	6
2.353079653e-06	1.290721833e-06	6
2.330986708e-06	1.335572668e-06	6
2.30886953e-06	1.38041155e-06	6
2.286731041e-06	1.425239922e-06	6
2.264556142e-06	1.470050289e-06	6
2.242369448e-06	1.514854821e-06	6
2.220140966e-06	1.559638637e-06	6
2.197898283e-06	1.604415395e-06	6
2.17562525e-06	1.649177071e-06	6
2.15332737e-06	1.693926367e-06	6
2.131010016e-06	1.738665962e-06	6
2.108657568e-06	1.783388029e-06	6
2.086295017e-06	1.828105048e-06	6
2.06388953e-06	1.872800571e-06	6
2.0414731e-06	1.917490601e-06	6
2.01902371e-06	1.962164089e-06	6
2.017807224e-06	1.964648373e-06	1.021408787
2.040321822e-06	1.920007718e-06	-6
2.062858907e-06	1.875378406e-06	-6
2.085420478e-06	1.830761476e-06	-6
2.108001442e-06	1.78615435e-06	-6
2.130616932e-06	1.741564724e-06	-6
2.153242638e-06	1.696980276e-06	-6
2.175911642e-06	1.652417827e-06	-6
2.198592009e-06	1.607861165e-06	-6
2.221305263e-06	1.563321255e-06	-6
2.244040939e-06	1.518792792e-06	-6
2.266798661e-06	1.474275585e-06	-6
2.28959046e-06	1.42977582e-06	-6
2.312394322e-06	1.385282232e-06	-6
2.335241822e-06	1.340811036e-06	-6
2.358103599e-06	1.296347183e-06	-6
2.380996516e-06	1.251899349e-06	-6
2.40391752e-06	1.207466e-06	-6
2.426856282e-06	1.163041808e-06	-6
2.449838036e-06	1.118639844e-06	-6
2.472835404e-06	1.07424597e-06	-6
2.495867385e-06	1.029870037e-06	-6
2.518928629e-06	9.855093112e-07	-6
2.542008121e-06	9.411580694e-07	-6
2.565135437e-06	8.968317479e-07	-6
2.588282324e-06	8.525156502e-07	-6
2.61145903e-06	8.082151322e-07	-6
2.634676439e-06	7.639359381e-07	-6
2.657916616e-06	7.196686916e-07	-6
2.681194066e-06	6.75421026e-07	-6
2.704510307e-06	6.311937962e-07	-6
2.727853308e-06	5.869806849e-07	-6
2.751235905e-06	5.427884942e-07	-6
2.774661908e-06	4.986193041e-07	-6
2.798119717e-06	4.544670012e-07	-6
2.821612959e-06	4.103335311e-07	-6
2.845162554e-06	3.662301062e-07	-6
2.868750445e-06	3.221471631e-07	-6
2.892379515e-06	2.780862775e-07	-6
2.916052975e-06	2.340492155e-07	-6
2.939790008e-06	1.90046388e-07	-6
2.963578596e-06	1.460714218e-07	-6
2.987422425e-06	1.021263899e-07	-6
3.01132661e-06	5.821416102e-08	-6
3.035297061e-06	1.433806892e-08	-6
3.059340681e-06	-2.949797187e-08	-6
3.083465618e-06	-7.328931208e-08	-6
3.107681614e-06	-1.170303604e-07	-6
3.132000463e-06	-1.607142998e-07	-6
3.156436656e-06	-2.043326931e-07	-6
3.181008283e-06	-2.478749227e-07	-6
3.205738324e-06	-2.913273784e-07	-6
3.230709357e-06	-3.346417433e-07	-6
3.255954673e-06	-3.777966822e-07	-6
3.281661078e-06	-4.206782749e-07	-6
3.308255857e-06	-4.630125505e-07	-6
3.332253669e-06	-4.853655318e-07	6
3.313616026e-06	-4.390039599e-07	6
3.292754439e-06	-3.935685744e-07	6
3.271163897e-06	-3.484739735e-07	6
3.249179228e-06	-3.035701469e-07	6
3.226940814e-06	-2.587913502e-07	6
3.204491699e-06	-2.141177839e-07	6
3.181879075e-06	-1.695267413e-07	6
3.159137791e-06	-1.250011756e-07	6
3.136284594e-06	-8.05329415e-08	6
3.113332985e-06	-3.611541593e-08	6
3.090294017e-06	8.256864074e-09	6
3.067176865e-06	5.258846462e-08	6
3.04398924e-06	9.688324882e-08	6
3.020737699e-06	1.411445219e-07	6
2.997427878e-06	1.853751408e-07	6
2.974051821e-06	2.295707916e-07	6
2.950623069e-06	2.737385211e-07	6
2.927147879e-06	3.178815813e-07	6
2.903629722e-06	3.620017703e-07	6
2.880064733e-06	4.060969728e-07	6
2.856448287e-06	4.501646323e-07	6
2.832796618e-06	4.942133905e-07	6
2.809112036e-06	5.382444689e-07	6
2.785377183e-06	5.822484724e-07	6
2.761608393e-06	6.262341447e-07	6
2.737812056e-06	6.702049245e-07	6
2.713971737e-06	7.141518791e-07	6
2.690098618e-06	7.580810149e-07	6
2.666202167e-06	8.019974687e-07	6
2.64226119e-06	8.458896688e-07	6
2.618293871e-06	8.897674818e-07	6
2.594304069e-06	9.336330148e-07	6
2.57026882e-06	9.774736607e-07	6
2.546215408e-06	1.021304339e-06	6
2.522130468e-06	1.065117707e-06	6
2.498013297e-06	1.108913335e-06	6
2.473880305e-06	1.152700254e-06	6
2.449703021e-06	1.196462732e-06	6
2.425509616e-06	1.240216293e-06	6
2.401287025e-06	1.283953711e-06	6
2.37703486e-06	1.32767473e-06	6
2.352767453e-06	1.371387297e-06	6
2.328457964e-06	1.415076474e-06	6
2.304136395e-06	1.458758924e-06	6
2.279780594e-06	1.502422302e-06	6
2.255403663e-06	1.546073879e-06	6
2.231004178e-06	1.589712861e-06	6
2.206572808e-06	1.633333994e-06	6
2.182129914e-06	1.676948677e-06	6
2.157644861e-06	1.720539704e-06	6
2.13314972e-06	1.76412506e-06	6
2.108620644e-06	1.807691332e-06	6
2.084072719e-06	1.851246979e-06	6
2.059500781e-06	1.89478909e-06	6
2.034900408e-06	1.938315136e-06	6
2.010285701e-06	1.981833085e-06	6
2.029429505e-06	1.94809524e-06	-3.136240736
2.054120325e-06	1.904620435e-06	-6
2.078820453e-06	1.861150914e-06	-6
2.103561007e-06	1.817704389e-06	-6
2.128311293e-06	1.774263411e-06	-6
2.153096972e-06	1.730842613e-06	-6
2.177900068e-06	1.687431768e-06	-6
2.202728677e-06	1.644035504e-06	-6
2.227585072e-06	1.600655156e-06	-6
2.252456775e-06	1.557283575e-06	-6
2.277367114e-06	1.513934177e-06	-6
2.30228865e-06	1.470591215e-06	-6
2.32724721e-06	1.427269559e-06	-6
2.352224171e-06	1.383958517e-06	-6
2.377226593e-06	1.34066216e-06	-6
2.402260087e-06	1.297383768e-06	-6
2.427306777e-06	1.254113006e-06	-6
2.452398051e-06	1.21086808e-06	-6
2.477503601e-06	1.167631448e-06	-6
2.50263998e-06	1.124412724e-06	-6
2.52780605e-06	1.081211291e-06	-6
2.552988295e-06	1.038019276e-06	-6
2.578216563e-06	9.948541273e-07	-6
2.603462713e-06	9.516994426e-07	-6
2.628737909e-06	9.085617554e-07	-6
2.65405034e-06	8.654459126e-07	-6
2.679383204e-06	8.223420723e-07	-6
2.704754637e-06	7.792609166e-07	-6
2.730158587e-06	7.361989358e-07	-6
2.75558642e-06	6.931510496e-07	-6
2.781057916e-06	6.5012898e-07	-6
2.806562829e-06	6.071267222e-07	-6
2.832095954e-06	5.641412067e-07	-6
2.857672287e-06	5.211813789e-07	-6
2.883290035e-06	4.782462438e-07	-6
2.908941511e-06	4.353312538e-07	-6
2.93462912e-06	3.924378706e-07	-6
2.960374366e-06	3.495790576e-07	-6
2.986160982e-06	3.067451343e-07	-6
3.011991729e-06	2.63937812e-07	-6
3.03787024e-06	2.211593424e-07	-6
3.063803588e-06	1.784140848e-07	-6
3.089802341e-06	1.357085798e-07	-6
3.11586119e-06	9.303972916e-08	-6
3.141986088e-06	5.041129285e-08	-6
3.16818399e-06	7.827688519e-09	-6
3.194463118e-06	-3.470583408e-08	-6
3.220833303e-06	-7.718295841e-08	-6
3.247306459e-06	-1.195959804e-07	-6
3.273897235e-06	-1.619353619e-07	-6
3.300641173e-06	-2.04178145e-07	-6
3.327567698e-06	-2.463047451e-07	-6
3.354715398e-06	-2.88289082e-07	-6
3.382205161e-06	-3.300501867e-07	-6
3.410247045e-06	-3.714419041e-07	-6
3.439650476e-06	-4.118677344e-07	-6
3.444799193e-06	-3.985059939e-07	6
3.422556833e-06	-3.537345922e-07	6
3.399142919e-06	-3.095597781e-07	6
3.375194164e-06	-2.656721268e-07	6
3.35093689e-06	-2.219540588e-07	6
3.326424365e-06	-1.78378537e-07	6
3.301745599e-06	-1.348969455e-07	6
3.276925917e-06	-9.149561667e-08	6
3.251985038e-06	-4.816380302e-08	6
3.226938604e-06	-4.892903717e-09	6
3.201799237e-06	3.832407445e-08	6
3.176577274e-06	8.149290083e-08	6
3.151281305e-06	1.246183989e-07	6
3.125918554e-06	1.677046511e-07	6
3.100495171e-06	2.107551519e-07	6
3.075016446e-06	2.537729236e-07	6
3.049486973e-06	2.967606053e-07	6
3.023906249e-06	3.397178183e-07	6
2.998268919e-06	3.826412677e-07	6
2.972590726e-06	4.255402757e-07	6
2.946874581e-06	4.684165468e-07	6
2.921117076e-06	5.112679941e-07	6
2.895310611e-06	5.540899694e-07	6
2.869472797e-06	5.968930297e-07	6
2.843605611e-06	6.396783566e-07	6
2.817687853e-06	6.824330686e-07	6
2.791742499e-06	7.251710302e-07	6
2.765772421e-06	7.678939807e-07	6
2.739754613e-06	8.105878824e-07	6
2.713712835e-06	8.532671585e-07	6
2.687646634e-06	8.959315318e-07	6
2.661536358e-06	9.385689433e-07	6
2.635407009e-06	9.811946639e-07	6
2.609246751e-06	1.02380143e-06	6
2.583053451e-06	1.066387884e-06	6
2.556843635e-06	1.108964179e-06	6
2.530592364e-06	1.151514929e-06	6
2.504322251e-06	1.194054042e-06	6
2.478026421e-06	1.23657727e-06	6
2.451697826e-06	1.279080213e-06	6
2.425355876e-06	1.321574884e-06	6
2.398972487e-06	1.364043843e-06	6
2.372574595e-06	1.40650378e-06	6
2.346148089e-06	1.448945922e-06	6
2.319695492e-06	1.4913718e-06	6
2.293226237e-06	1.533787293e-06	6
2.266719989e-06	1.576179677e-06	6
2.240203135e-06	1.618565426e-06	6
2.213649285e-06	1.660928011e-06	6
2.187080158e-06	1.70328101e-06	6
2.160484367e-06	1.745617277e-06	6
2.133863576e-06	1.787937822e-06	6
2.107226025e-06	1.830247826e-06	6
2.080554027e-06	1.87253612e-06	6
2.053872664e-06	1.914818508e-06	6
2.027151959e-06	1.957076045e-06	6
2.015180298e-06	1.976039159e-06	3.228917333
2.041953641e-06	1.933814953e-06	-6
2.068757289e-06	1.891609976e-06	-6
2.095573632e-06	1.849413071e-06	-6
2.122418773e-06	1.807234475e-06	-6
2.149286086e-06	1.765070005e-06	-6
2.176172792e-06	1.722917892e-06	-6
2.203091414e-06	1.680786159e-06	-6
2.230020004e-06	1.638660791e-06	-6
2.256990218e-06	1.59656206e-06	-6
2.283971046e-06	1.554470136e-06	-6
2.310983291e-06	1.512398362e-06	-6
2.338017109e-06	1.470340454e-06	-6
2.36507163e-06	1.428295852e-06	-6
2.392159353e-06	1.38627264e-06	-6
2.419259158e-06	1.344257214e-06	-6
2.446399163e-06	1.302267742e-06	-6
2.473554838e-06	1.260288411e-06	-6
2.500738156e-06	1.218326966e-06	-6
2.52795112e-06	1.176384749e-06	-6
2.555178718e-06	1.134452023e-06	-6
2.582450091e-06	1.092547754e-06	-6
2.609737888e-06	1.050654186e-06	-6
2.637054133e-06	1.008779153e-06	-6
2.664404179e-06	9.669261961e-07	-6
2.691772536e-06	9.250852084e-07	-6
2.719180579e-06	8.832702017e-07	-6
2.746615334e-06	8.414727253e-07	-6
2.774071373e-06	7.996892189e-07	-6
2.801574524e-06	7.579367062e-07	-6
2.829102129e-06	7.162003229e-07	-6
2.856654729e-06	6.744804262e-07	-6
2.884257119e-06	6.32793454e-07	-6
2.911887755e-06	5.911252096e-07	-6
2.939548074e-06	5.494766573e-07	-6
2.967254865e-06	5.078590007e-07	-6
2.99500141e-06	4.662678479e-07	-6
3.022783666e-06	4.247005436e-07	-6
3.050604294e-06	3.831589021e-07	-6
3.078480342e-06	3.416544257e-07	-6
3.106402994e-06	3.001813001e-07	-6
3.134372922e-06	2.587400493e-07	-6
3.162394249e-06	2.173335349e-07	-6
3.190471691e-06	1.759650464e-07	-6
3.218610698e-06	1.346384012e-07	-6
3.246820197e-06	9.335983815e-08	-6
3.275105179e-06	5.213296509e-08	-6
3.303470816e-06	1.096154746e-08	-6
3.331928624e-06	-3.014621323e-08	-6
3.360499081e-06	-7.117574818e-08	-6
3.389194661e-06	-1.121178434e-07	-6
3.41803644e-06	-1.52957055e-07	-6
3.447063005e-06	-1.936650967e-07	-6
3.476357923e-06	-2.341804034e-07	-6
3.506030511e-06	-2.744195799e-07	-6
3.536382111e-06	-3.141476486e-07	-6
3.569597047e-06	-3.512893732e-07	-6
3.551873766e-06	-3.0827246e-07	6
3.526859814e-06	-2.649846271e-07	6
3.501076586e-06	-2.221492328e-07	6
3.474884151e-06	-1.795624482e-07	6
3.448398011e-06	-1.371575915e-07	6
3.421725045e-06	-9.486997361e-08	6
3.394888232e-06	-5.268611841e-08	6
3.367914843e-06	-1.058944959e-08	6
3.340833968e-06	3.143815219e-08	6
3.313658661e-06	7.340475793e-08	6
3.286399601e-06	1.153170153e-07	6
3.259065646e-06	1.571804725e-07	6
3.231664238e-06	1.989998173e-07	6
3.204200372e-06	2.407781811e-07	6
3.176669929e-06	2.825127007e-07	6
3.149087047e-06	3.242125714e-07	6
3.121456036e-06	3.658805624e-07	6
3.093780676e-06	4.075191146e-07	6
3.066063224e-06	4.491296716e-07	6
3.038289834e-06	4.907029115e-07	6
3.010480399e-06	5.322520379e-07	6
2.982637375e-06	5.737786658e-07	6
2.954754572e-06	6.152786045e-07	6
2.926828477e-06	6.567494166e-07	6
2.898874446e-06	6.982013995e-07	6
2.870889644e-06	7.396326254e-07	6
2.842860349e-06	7.810337596e-07	6
2.814807522e-06	8.22418946e-07	6
2.786725793e-06	8.637845365e-07	6
2.758603886e-06	9.051228186e-07	6
2.730461931e-06	9.46447452e-07	6
2.702287361e-06	9.877498633e-07	6
2.674081276e-06	1.029030751e-06	6
2.645857929e-06	1.070299845e-06	6
2.617593815e-06	1.111541031e-06	6
2.589310315e-06	1.152768916e-06	6
2.561002459e-06	1.193980091e-06	6
2.532660786e-06	1.23516801e-06	6
2.504305303e-06	1.276346426e-06	6
2.475911671e-06	1.317498549e-06	6
2.447500804e-06	1.358638768e-06	6
2.419065015e-06	1.399761772e-06	6
2.390600135e-06	1.440864639e-06	6
2.362122599e-06	1.481958745e-06	6
2.33360489e-06	1.523024981e-06	6
2.305076434e-06	1.564083748e-06	6
2.276516432e-06	1.605120584e-06	6
2.247936728e-06	1.646143693e-06	6
2.219335911e-06	1.687152093e-06	6
2.190705688e-06	1.728139962e-06	6
2.162064274e-06	1.769120019e-06	6
2.133384108e-06	1.810072962e-06	6
2.104694717e-06	1.85101944e-06	6
2.075972597e-06	1.891942972e-06	6
2.047233891e-06	1.93285485e-06	6
2.018471579e-06	1.973750143e-06	6
2.026309638e-06	1.962670359e-06	-0.2439015179
2.055133207e-06	1.921818222e-06	-6
2.083975782e-06	1.880979497e-06	-6
2.112843981e-06	1.840158888e-06	-6
2.141726706e-06	1.799348549e-06	-6
2.170644245e-06	1.758562874e-06	-6
2.199571143e-06	1.717783836e-06	-6
2.228534405e-06	1.677030615e-06	-6
2.257511319e-06	1.636287106e-06	-6
2.28651505e-06	1.595562676e-06	-6
2.315542566e-06	1.554855204e-06	-6
2.344586956e-06	1.514159762e-06	-6
2.373665813e-06	1.473488945e-06	-6
2.402755734e-06	1.43282604e-06	-6
2.431882193e-06	1.392189296e-06	-6
2.461025088e-06	1.351564345e-06	-6
2.490193053e-06	1.310957383e-06	-6
2.519390117e-06	1.270371345e-06	-6
2.54860041e-06	1.22979482e-06	-6
2.577852591e-06	1.189248482e-06	-6
2.607119533e-06	1.148712806e-06	-6
2.636414539e-06	1.108197399e-06	-6
2.665739888e-06	1.067703956e-06	-6
2.695081622e-06	1.02722238e-06	-6
2.724464037e-06	9.867703181e-07	-6
2.753867742e-06	9.463337388e-07	-6
2.783294888e-06	9.059142057e-07	-6
2.81276306e-06	8.655245759e-07	-6
2.842252114e-06	8.251501968e-07	-6
2.871771201e-06	7.847977604e-07	-6
2.901329776e-06	7.444742467e-07	-6
2.930912893e-06	7.041687392e-07	-6
2.960527902e-06	6.63886648e-07	-6
2.990186868e-06	6.236369163e-07	-6
3.019874999e-06	5.834086991e-07	-6
3.049594295e-06	5.432034906e-07	-6
3.079362894e-06	5.030347701e-07	-6
3.109169993e-06	4.628946216e-07	-6
3.139014845e-06	4.227825384e-07	-6
3.168900402e-06	3.827007648e-07	-6
3.198838475e-06	3.426581956e-07	-6
3.228829194e-06	3.026550499e-07	-6
3.258870547e-06	2.626899245e-07	-6
3.288967228e-06	2.227664523e-07	-6
3.319124661e-06	1.828888522e-07	-6
3.349349179e-06	1.430620748e-07	-6
3.379648261e-06	1.032919958e-07	-6
3.410030843e-06	6.358567634e-08	-6
3.440507749e-06	2.395171784e-08	-6
3.47109227e-06	-1.559924363e-08	-6
3.501800997e-06	-5.505383777e-08	-6
3.532668692e-06	-9.438415644e-08	-6
3.563746212e-06	-1.33548854e-07	-6
3.595097533e-06	-1.724945053e-07	-6
3.62688669e-06	-2.110831014e-07	-6
3.659570552e-06	-2.48912903e-07	-6
3.679792928e-06	-2.575459031e-07	6
3.654021768e-06	-2.14718175e-07	6
3.626583741e-06	-1.729238631e-07	6
3.598572724e-06	-1.315106381e-07	6
3.570198461e-06	-9.0345287e-08	6
3.541609636e-06	-4.932861149e-08	6
3.512820772e-06	-8.452052489e-09	6
3.483896484e-06	3.232878754e-08	6
3.454855864e-06	7.302687517e-08	6
3.425714047e-06	1.136525713e-07	6
3.396483237e-06	1.54214288e-07	6
3.36717342e-06	1.947189556e-07	6
3.337792888e-06	2.3517236e-07	6
3.308348609e-06	2.755793914e-07	6
3.278846508e-06	3.159442301e-07	6
3.249291679e-06	3.562704866e-07	6
3.219682353e-06	3.965567549e-07	6
3.190019538e-06	4.368036491e-07	6
3.160314725e-06	4.770195476e-07	6
3.130571049e-06	5.172067136e-07	6
3.100789737e-06	5.573660098e-07	6
3.070956837e-06	5.974869958e-07	6
3.041092087e-06	6.375842689e-07	6
3.011197572e-06	6.77659361e-07	6
2.98126173e-06	7.177035987e-07	6
2.951290788e-06	7.577215633e-07	6
2.921294939e-06	7.977208628e-07	6
2.891263202e-06	8.376932331e-07	6
2.861197677e-06	8.776401872e-07	6
2.831111059e-06	9.175712595e-07	6
2.800987834e-06	9.574747293e-07	6
2.770836919e-06	9.973572718e-07	6
2.740667949e-06	1.037226166e-06	6
2.710456791e-06	1.077063103e-06	6
2.680227839e-06	1.11688653e-06	6
2.649973829e-06	1.156690933e-06	6
2.619687047e-06	1.196470399e-06	6
2.589385964e-06	1.236238975e-06	6
2.559048103e-06	1.275979506e-06	6
2.528692232e-06	1.315706273e-06	6
2.498313244e-06	1.355415374e-06	6
2.46790409e-06	1.395101372e-06	6
2.437483239e-06	1.43477841e-06	6
2.4070233e-06	1.474425449e-06	6
2.376551255e-06	1.514063177e-06	6
2.346051389e-06	1.55367951e-06	6
2.315529154e-06	1.593278603e-06	6
2.284989664e-06	1.632864397e-06	6
2.254418084e-06	1.67242541e-06	6
2.223837005e-06	1.711979083e-06	6
2.19321899e-06	1.751504173e-06	6
2.162589631e-06	1.791020467e-06	6
2.131932633e-06	1.830515328e-06	6
2.10125544e-06	1.869994497e-06	6
2.070559592e-06	1.909459171e-06	6
2.039834873e-06	1.948901367e-06	6
2.009100267e-06	1.988335864e-06	6
2.037907802e-06	1.951465115e-06	-3.295445452
2.068710862e-06	1.912084069e-06	-6
2.099522858e-06	1.872710011e-06	-6
2.130371344e-06	1.833364536e-06	-6
2.161228647e-06	1.794025979e-06	-6
2.192118122e-06	1.754712675e-06	-6
2.22302325e-06	1.715411681e-06	-6
2.253951594e-06	1.676128948e-06	-6
2.284904979e-06	1.63686595e-06	-6
2.315872332e-06	1.597613961e-06	-6
2.34687455e-06	1.558389507e-06	-6
2.37788691e-06	1.519173071e-06	-6
2.408932865e-06	1.479983223e-06	-6
2.439995386e-06	1.440806511e-06	-6
2.471081023e-06	1.40164813e-06	-6
2.502194696e-06	1.362512029e-06	-6
2.53332033e-06	1.323385433e-06	-6
2.564486318e-06	1.284290974e-06	-6
2.595665187e-06	1.245206793e-06	-6
2.626871967e-06	1.206144887e-06	-6
2.658105569e-06	1.167104433e-06	-6
2.689353813e-06	1.12807569e-06	-6
2.720643652e-06	1.089080285e-06	-6
2.751949673e-06	1.05009788e-06	-6
2.783281918e-06	1.01113654e-06	-6
2.814647852e-06	9.722023228e-07	-6
2.846032272e-06	9.332830054e-07	-6
2.877451453e-06	8.943917383e-07	-6
2.908900105e-06	8.555243084e-07	-6
2.940370358e-06	8.166743614e-07	-6
2.971879894e-06	7.778562635e-07	-6
3.003419771e-06	7.390628245e-07	-6
3.034985154e-06	7.002901327e-07	-6
3.066589314e-06	6.615490354e-07	-6
3.098231105e-06	6.228386759e-07	-6
3.129903374e-06	5.841532522e-07	-6
3.161608291e-06	5.454945699e-07	-6
3.193364828e-06	5.068782782e-07	-6
3.22515909e-06	4.682930556e-07	-6
3.256993207e-06	4.297407105e-07	-6
3.288870455e-06	3.912240153e-07	-6
3.320796555e-06	3.527477922e-07	-6
3.35278224e-06	3.143210911e-07	-6
3.384822155e-06	2.75939607e-07	-6
3.416921663e-06	2.376079555e-07	-6
3.449087027e-06	1.993315556e-07	-6
3.48132565e-06	1.611168423e-07	-6
3.51364638e-06	1.229715521e-07	-6
3.546059938e-06	8.490511297e-08	-6
3.578579497e-06	4.692918664e-08	-6
3.611239428e-06	9.073938253e-09	-6
3.64406174e-06	-2.864056611e-08	-6
3.677087326e-06	-6.617710249e-08	-6
3.710417137e-06	-1.034437159e-07	-6
3.744261826e-06	-1.402425029e-07	-6
3.779364745e-06	-1.758298291e-07	-6
3.780051665e-06	-1.589460974e-07	6
3.751405076e-06	-1.179747459e-07	6
3.721738273e-06	-7.773157239e-08	6
3.691593594e-06	-3.784461521e-08	6
3.661173259e-06	1.832675848e-09	6
3.630526439e-06	4.133536279e-08	6
3.599729775e-06	8.072134751e-08	6
3.568806132e-06	1.200077373e-07	6
3.53777331e-06	1.592079625e-07	6
3.506645423e-06	1.983327551e-07	6
3.475433856e-06	2.373908306e-07	6
3.444147934e-06	2.763893706e-07	6
3.412795399e-06	3.153343737e-07	6
3.381382764e-06	3.542309118e-07	6
3.349915571e-06	3.930833225e-07	6
3.318398586e-06	4.318953543e-07	6
3.28683595e-06	4.706702777e-07	6
3.255227649e-06	5.094079967e-07	6
3.223567912e-06	5.481036862e-07	6
3.191871439e-06	5.867692788e-07	6
3.160140846e-06	6.254068794e-07	6
3.128373335e-06	6.640141434e-07	6
3.09656148e-06	7.025848719e-07	6
3.064721455e-06	7.411323421e-07	6
3.032855039e-06	7.796580088e-07	6
3.000943301e-06	8.181461446e-07	6
2.969006594e-06	8.566135519e-07	6
2.937047678e-06	8.950625202e-07	6
2.905045946e-06	9.334758608e-07	6
2.873022579e-06	9.718711572e-07	6
2.840977332e-06	1.010248204e-06	6
2.808892407e-06	1.048592082e-06	6
2.776790364e-06	1.086921624e-06	6
2.744660567e-06	1.125227912e-06	6
2.712501072e-06	1.163509264e-06	6
2.680326756e-06	1.201778165e-06	6
2.648115179e-06	1.240015711e-06	6
2.615886712e-06	1.278239013e-06	6
2.583635108e-06	1.316442804e-06	6
2.551354131e-06	1.354621772e-06	6
2.519061174e-06	1.392790612e-06	6
2.486730943e-06	1.430927888e-06	6
2.454387772e-06	1.469054181e-06	6
2.422018834e-06	1.50715861e-06	6
2.389626569e-06	1.545243202e-06	6
2.357219262e-06	1.583315003e-06	6
2.324778859e-06	1.621358604e-06	6
2.292328948e-06	1.659394095e-06	6
2.259845736e-06	1.697401154e-06	6
2.227348936e-06	1.735396588e-06	6
2.194828104e-06	1.773371463e-06	6
2.162284971e-06	1.81132722e-06	6
2.129726688e-06	1.84926999e-06	6
2.097137642e-06	1.887186336e-06	6
2.064540201e-06	1.925095469e-06	6
2.031907367e-06	1.96297414e-06	6
2.017060793e-06	1.980231275e-06	3.441461347
2.049737051e-06	1.942390057e-06	-5.953196307
2.082444063e-06	1.904575418e-06	-6
2.115159382e-06	1.86676797e-06	-6
2.147903723e-06	1.82898565e-06	-6
2.1806647e-06	1.791217762e-06	-6
2.213446271e-06	1.75346774e-06	-6
2.246253201e-06	1.71573976e-06	-6
2.279072095e-06	1.678022181e-06	-6
2.311925399e-06	1.640334573e-06	-6
2.344788014e-06	1.602655085e-06	-6
2.377681987e-06	1.565002966e-06	-6
2.410592025e-06	1.527364894e-06	-6
2.443523835e-06	1.489745864e-06	-6
2.476482101e-06	1.452150016e-06	-6
2.509452003e-06	1.414564365e-06	-6
2.542459457e-06	1.377011689e-06	-6
2.575478485e-06	1.339469195e-06	-6
2.60852552e-06	1.301951345e-06	-6
2.641595766e-06	1.264453961e-06	-6
2.67468194e-06	1.226970623e-06	-6
2.707804846e-06	1.189519741e-06	-6
2.740941951e-06	1.152081429e-06	-6
2.774107829e-06	1.114668595e-06	-6
2.807300543e-06	1.077279577e-06	-6
2.84050959e-06	1.039905059e-06	-6
2.873757495e-06	1.002565101e-06	-6
2.907025826e-06	9.652433523e-07	-6
2.940315797e-06	9.279408936e-07	-6
2.973645982e-06	8.906743653e-07	-6
3.006997151e-06	8.534266228e-07	-6
3.040373792e-06	8.162016928e-07	-6
3.073792035e-06	7.790141086e-07	-6
3.107235067e-06	7.41848826e-07	-6
3.140704524e-06	7.047073284e-07	-6
3.174219132e-06	6.676065645e-07	-6
3.207765441e-06	6.30534476e-07	-6
3.241343518e-06	5.934911588e-07	-6
3.274957014e-06	5.564799642e-07	-6
3.308621268e-06	5.195149342e-07	-6
3.342324315e-06	4.825852834e-07	-6
3.376069371e-06	4.456940199e-07	-6
3.409860085e-06	4.088445685e-07	-6
3.443700627e-06	3.72040863e-07	-6
3.477597719e-06	3.352892271e-07	-6
3.511558387e-06	2.985963342e-07	-6
3.545583299e-06	2.619630148e-07	-6
3.579679725e-06	2.253962518e-07	-6
3.61385636e-06	1.889044437e-07	-6
3.648129652e-06	1.525034092e-07	-6
3.682517869e-06	1.162109493e-07	-6
3.717035334e-06	8.004143082e-08	-6
3.751707291e-06	4.401999497e-08	-6
3.786623936e-06	8.235769992e-09	-6
3.821860189e-06	-2.723335211e-08	-6
3.857665083e-06	-6.212720445e-08	-6
3.895610004e-06	-9.456934143e-08	-6
3.875129047e-06	-5.738269918e-08	6
3.844098683e-06	-1.81831953e-08	6
3.812331609e-06	2.042378736e-08	6
3.780190332e-06	5.872025655e-08	6
3.747774027e-06	9.678429894e-08	6
3.715189758e-06	1.34704672e-07	6
3.682464805e-06	1.725037453e-07	6
3.649610319e-06	2.10190303e-07	6
3.616659448e-06	2.477926127e-07	6
3.583623944e-06	2.853205903e-07	6
3.550513414e-06	3.227823942e-07	6
3.517335823e-06	3.601848265e-07	6
3.48409786e-06	3.975336287e-07	6
3.450799633e-06	4.348287178e-07	6
3.417446444e-06	4.720746546e-07	6
3.384046364e-06	5.092785396e-07	6
3.350603263e-06	5.464437543e-07	6
3.317120531e-06	5.835732769e-07	6
3.283596329e-06	6.206653711e-07	6
3.250026184e-06	6.577158845e-07	6
3.216423855e-06	6.947372027e-07	6
3.182791542e-06	7.317312903e-07	6
3.149120128e-06	7.686898007e-07	6
3.115413811e-06	8.056164725e-07	6
3.081682575e-06	8.425203813e-07	6
3.047920408e-06	8.793960058e-07	6
3.014122164e-06	9.162385601e-07	6
2.980302941e-06	9.53061855e-07	6
2.946454574e-06	9.898583718e-07	6
2.912573887e-06	1.026625124e-06	6
2.878675338e-06	1.063375408e-06	6
2.844744443e-06	1.100095839e-06	6
2.810788863e-06	1.136793434e-06	6
2.776817857e-06	1.173476758e-06	6
2.742807458e-06	1.210123564e-06	6
2.70878304e-06	1.246757345e-06	6
2.674733735e-06	1.283368005e-06	6
2.640657628e-06	1.319953712e-06	6
2.606569234e-06	1.356527978e-06	6
2.572443769e-06	1.393067658e-06	6
2.538306187e-06	1.429596011e-06	6
2.504143302e-06	1.466100707e-06	6
2.469957766e-06	1.502584184e-06	6
2.435757835e-06	1.539054176e-06	6
2.401525408e-06	1.575493664e-06	6
2.367283435e-06	1.611924181e-06	6
2.333010346e-06	1.648325431e-06	6
2.298722907e-06	1.684713156e-06	6
2.264413623e-06	1.721080292e-06	6
2.230081377e-06	1.757425744e-06	6
2.195736099e-06	1.79375889e-06	6
2.161359571e-06	1.830062466e-06	6
2.12697486e-06	1.866358293e-06	6
2.092558049e-06	1.902623686e-06	6
2.058129631e-06	1.938878052e-06	6
2.023677208e-06	1.975109615e-06	6
2.027073002e-06	1.9715837e-06	0.9524824471
2.061573863e-06	1.935398262e-06	-6
2.096097379e-06	1.899234435e-06	-6
2.13063754e-06	1.863086512e-06	-6
2.165196607e-06	1.826956657e-06	-6
2.199780444e-06	1.790850518e-06	-6
2.234375113e-06	1.754754749e-06	-6
2.269002912e-06	1.718690765e-06	-6
2.303639274e-06	1.682635007e-06	-6
2.338305439e-06	1.646607898e-06	-6
2.372986554e-06	1.610595188e-06	-6
2.407688689e-06	1.574602725e-06	-6
2.442415192e-06	1.53863378e-06	-6
2.477153496e-06	1.502676224e-06	-6
2.511926164e-06	1.4667519e-06	-6
2.546709226e-06	1.430837645e-06	-6
2.581520635e-06	1.394950859e-06	-6
2.616351539e-06	1.359083004e-06	-6
2.651199971e-06	1.323232169e-06	-6
2.686079922e-06	1.287412003e-06	-6
2.720972471e-06	1.25160411e-06	-6
2.755896139e-06	1.215826562e-06	-6
2.790840218e-06	1.180068958e-06	-6
2.825802209e-06	1.144328857e-06	-6
2.860799561e-06	1.108623386e-06	-6
2.895812678e-06	1.072933379e-06	-6
2.93085303e-06	1.037270102e-06	-6
2.96592296e-06	1.00163592e-06	-6
3.001011217e-06	9.660197811e-07	-6
3.036132706e-06	9.304364053e-07	-6
3.071282183e-06	8.948806875e-07	-6
3.106453179e-06	8.593462524e-07	-6
3.141659275e-06	8.238465845e-07	-6
3.176897011e-06	7.883783344e-07	-6
3.212160295e-06	7.529354853e-07	-6
3.247455338e-06	7.175242507e-07	-6
3.282792347e-06	6.821548991e-07	-6
3.318160079e-06	6.468162804e-07	-6
3.353560835e-06	6.115107396e-07	-6
3.388999954e-06	5.762436953e-07	-6
3.424487915e-06	5.41025803e-07	-6
3.460016538e-06	5.058489448e-07	-6
3.495589378e-06	4.707168078e-07	-6
3.531210503e-06	4.356336298e-07	-6
3.566884614e-06	4.006043272e-07	-6
3.602617192e-06	3.656346643e-07	-6
3.638414704e-06	3.307314757e-07	-6
3.674284875e-06	2.959029676e-07	-6
3.71023705e-06	2.61159127e-07	-6
3.746282698e-06	2.265122914e-07	-6
3.782436124e-06	1.919779546e-07	-6
3.818715473e-06	1.575759325e-07	-6
3.855180954e-06	1.233713421e-07	-6
3.89186245e-06	8.939863142e-08	-6
3.928906186e-06	5.582158643e-08	-6
3.966644232e-06	2.302964005e-08	-6
3.996536739e-06	8.099030515e-09	6
3.965280184e-06	4.708163393e-08	6
3.932130908e-06	8.450756388e-08	6
3.898383959e-06	1.213967556e-07	6
3.864315396e-06	1.579892546e-07	6
3.830035061e-06	1.943835689e-07	6
3.795588945e-06	2.306210541e-07	6
3.761005795e-06	2.667278122e-07	6
3.726318795e-06	3.02734814e-07	6
3.691541538e-06	3.386546534e-07	6
3.656684972e-06	3.744975435e-07	6
3.621758056e-06	4.102718892e-07	6
3.586768219e-06	4.459847003e-07	6
3.5517217e-06	4.816418955e-07	6
3.516623803e-06	5.17248529e-07	6
3.481477456e-06	5.528073517e-07	6
3.44627775e-06	5.883133529e-07	6
3.411037624e-06	6.237792248e-07	6
3.375760243e-06	6.592080366e-07	6
3.340448406e-06	6.94602515e-07	6
3.305095724e-06	7.299562062e-07	6
3.269705172e-06	7.652719784e-07	6
3.23428641e-06	8.005594534e-07	6
3.198841295e-06	8.358204711e-07	6
3.16335274e-06	8.710377682e-07	6
3.127840288e-06	9.062309557e-07	6
3.092305803e-06	9.414019058e-07	6
3.056732986e-06	9.765340894e-07	6
3.021137164e-06	1.011642951e-06	6
2.985522698e-06	1.046732912e-06	6
2.949869535e-06	1.081783554e-06	6
2.914198509e-06	1.116816008e-06	6
2.878506399e-06	1.151826989e-06	6
2.84278119e-06	1.186804192e-06	6
2.807041494e-06	1.221766589e-06	6
2.771273545e-06	1.256700088e-06	6
2.735483036e-06	1.291610465e-06	6
2.699678057e-06	1.32650601e-06	6
2.663838419e-06	1.361365956e-06	6
2.627987191e-06	1.396213976e-06	6
2.592109634e-06	1.431034896e-06	6
2.556211641e-06	1.465834739e-06	6
2.520298429e-06	1.500618884e-06	6
2.484354837e-06	1.535371633e-06	6
2.448401638e-06	1.570114441e-06	6
2.412418147e-06	1.60482588e-06	6
2.376420942e-06	1.639523088e-06	6
2.340402742e-06	1.674198509e-06	6
2.304362288e-06	1.708850792e-06	6
2.268309612e-06	1.743490366e-06	6
2.232226532e-06	1.778098266e-06	6
2.196135444e-06	1.812697813e-06	6
2.160014364e-06	1.847266053e-06	6
2.123881392e-06	1.881821854e-06	6
2.087726314e-06	1.916354533e-06	6
2.051551746e-06	1.950866787e-06	6
2.01536276e-06	1.985363929e-06	6
2.036946172e-06	1.964851542e-06	-1.182566893
2.073187381e-06	1.930409273e-06	-6
2.109444051e-06	1.895983273e-06	-6
2.145724047e-06	1.861581864e-06	-6
2.182014559e-06	1.82719154e-06	-6
2.21833614e-06	1.792834035e-06	-6
2.254665616e-06	1.758484881e-06	-6
2.291023979e-06	1.724166299e-06	-6
2.327395597e-06	1.689861774e-06	-6
2.363788038e-06	1.655579333e-06	-6
2.400202279e-06	1.621320056e-06	-6
2.436628948e-06	1.587073985e-06	-6
2.473086422e-06	1.552860713e-06	-6
2.509553231e-06	1.518657393e-06	-6
2.546048955e-06	1.484484923e-06	-6
2.582560356e-06	1.450329212e-06	-6
2.619090987e-06	1.416194061e-06	-6
2.655647972e-06	1.382087141e-06	-6
2.692216117e-06	1.347992183e-06	-6
2.728817541e-06	1.31393295e-06	-6
2.765433338e-06	1.279889179e-06	-6
2.802070744e-06	1.245868655e-06	-6
2.838735655e-06	1.211877783e-06	-6
2.875414382e-06	1.177901818e-06	-6
2.912125192e-06	1.143960515e-06	-6
2.948856007e-06	1.110040874e-06	-6
2.985604362e-06	1.076140225e-06	-6
3.022389343e-06	1.042279324e-06	-6
3.059191918e-06	1.008437555e-06	-6
3.096017402e-06	9.746207054e-07	-6
3.132878359e-06	9.40842531e-07	-6
3.169759983e-06	9.070869307e-07	-6
3.206665879e-06	8.733578567e-07	-6
3.243611166e-06	8.396719374e-07	-6
3.280580996e-06	8.060129676e-07	-6
3.317577055e-06	7.72382821e-07	-6
3.354611586e-06	7.387950399e-07	-6
3.391681285e-06	7.052460867e-07	-6
3.428782731e-06	6.717322529e-07	-6
3.465918406e-06	6.382563444e-07	-6
3.503094708e-06	6.048255473e-07	-6
3.540318502e-06	5.714476456e-07	-6
3.577584833e-06	5.381172551e-07	-6
3.614897636e-06	5.048389053e-07	-6
3.65226146e-06	4.716178537e-07	-6
3.689681614e-06	4.38460267e-07	-6
3.727164363e-06	4.053734603e-07	-6
3.764717191e-06	3.723662196e-07	-6
3.802349155e-06	3.394492412e-07	-6
3.840071373e-06	3.066357424e-07	-6
3.877897712e-06	2.739423252e-07	-6
3.915866838e-06	2.414148945e-07	-6
3.954003127e-06	2.090836586e-07	-6
3.992383898e-06	1.770432897e-07	-6
4.031140535e-06	1.454593371e-07	-6
4.070718158e-06	1.149172514e-07	-6
4.084554208e-06	1.176465439e-07	6
4.050609121e-06	1.543429397e-07	6
4.015476137e-06	1.899138161e-07	6
3.979884756e-06	2.250267795e-07	6
3.944007542e-06	2.598478961e-07	6
3.907942203e-06	2.944741693e-07	6
3.871720504e-06	3.289368956e-07	6
3.835385951e-06	3.632806218e-07	6
3.798954492e-06	3.975215461e-07	6
3.762438759e-06	4.316725967e-07	6
3.725848935e-06	4.6574426e-07	6
3.68919335e-06	4.997451674e-07	6
3.652478914e-06	5.336825203e-07	6
3.615711435e-06	5.675624006e-07	6
3.578895851e-06	6.013900043e-07	6
3.542036402e-06	6.351698163e-07	6
3.505134955e-06	6.689037574e-07	6
3.468185432e-06	7.0258503e-07	6
3.431201006e-06	7.362279607e-07	6
3.394184284e-06	7.698353526e-07	6
3.357137589e-06	8.034097151e-07	6
3.320048028e-06	8.3693672e-07	6
3.2829305e-06	8.704327467e-07	6
3.245788255e-06	9.039013669e-07	6
3.208614096e-06	9.373345456e-07	6
3.171408206e-06	9.707324008e-07	6
3.134181646e-06	1.004107213e-06	6
3.096927519e-06	1.037451263e-06	6
3.059642969e-06	1.070761282e-06	6
3.022340924e-06	1.104051707e-06	6
2.985010561e-06	1.137310384e-06	6
2.94765503e-06	1.17054078e-06	6
2.910284528e-06	1.203754346e-06	6
2.872880945e-06	1.236930656e-06	6
2.835460572e-06	1.270088016e-06	6
2.798021324e-06	1.303224074e-06	6
2.760552885e-06	1.336327113e-06	6
2.723072598e-06	1.369416739e-06	6
2.685563603e-06	1.402473824e-06	6
2.648037798e-06	1.435511816e-06	6
2.61049461e-06	1.468530063e-06	6
2.572924555e-06	1.501517729e-06	6
2.535344813e-06	1.534494363e-06	6
2.497734359e-06	1.567435967e-06	6
2.460112117e-06	1.6003641e-06	6
2.422468502e-06	1.633267806e-06	6
2.384804609e-06	1.666148289e-06	6
2.347128096e-06	1.699014319e-06	6
2.309423264e-06	1.731847854e-06	6
2.271710568e-06	1.764672355e-06	6
2.233968894e-06	1.797463538e-06	6
2.196216158e-06	1.830241976e-06	6
2.158442153e-06	1.862995908e-06	6
2.12064976e-06	1.895728614e-06	6
2.082843542e-06	1.928445361e-06	6
2.045011761e-06	1.961132537e-06	6
2.00859732e-06	1.992583741e-06	5.83413585
2.046472059e-06	1.959946344e-06	-2.985363984
2.084365039e-06	1.927330131e-06	-6
2.12226749e-06	1.894724921e-06	-6
2.160198228e-06	1.862152624e-06	-6
2.198136266e-06	1.829588831e-06	-6
2.236102857e-06	1.797058329e-06	-6
2.274080476e-06	1.764540711e-06	-6
2.312079228e-06	1.732047782e-06	-6
2.350096771e-06	1.69957685e-06	-6
2.388127788e-06	1.667121691e-06	-6
2.426185713e-06	1.634698095e-06	-6
2.464252022e-06	1.60228434e-06	-6
2.502348019e-06	1.56990548e-06	-6
2.540455785e-06	1.537540481e-06	-6
2.578584569e-06	1.505200236e-06	-6
2.616734592e-06	1.472885058e-06	-6
2.654896412e-06	1.440583803e-06	-6
2.693089634e-06	1.408319685e-06	-6
2.731293485e-06	1.376068161e-06	-6
2.769522293e-06	1.343846214e-06	-6
2.807771311e-06	1.311648271e-06	-6
2.84603416e-06	1.279466756e-06	-6
2.884329731e-06	1.247324187e-06	-6
2.922638473e-06	1.215197326e-06	-6
2.960970759e-06	1.183098549e-06	-6
2.999328881e-06	1.151030661e-06	-6
3.037702232e-06	1.118980995e-06	-6
3.076106151e-06	1.086967957e-06	-6
3.114532404e-06	1.054981743e-06	-6
3.152976435e-06	1.023016891e-06	-6
3.191454747e-06	9.910933081e-07	-6
3.229956074e-06	9.591975003e-07	-6
3.268478374e-06	9.273270208e-07	-6
3.30703453e-06	8.954974992e-07	-6
3.345619652e-06	8.63703111e-07	-6
3.384229811e-06	8.319391332e-07	-6
3.422868138e-06	8.002094112e-07	-6
3.46154816e-06	7.685305325e-07	-6
3.500258491e-06	7.368887128e-07	-6
3.539001513e-06	7.05286931e-07	-6
3.577779901e-06	6.737285477e-07	-6
3.616600429e-06	6.422220056e-07	-6
3.655467708e-06	6.107731623e-07	-6
3.69437939e-06	5.793792876e-07	-6
3.733339838e-06	5.480459633e-07	-6
3.772354151e-06	5.167797386e-07	-6
3.811428344e-06	4.855883853e-07	-6
3.850569603e-06	4.544812402e-07	-6
3.889786629e-06	4.234696739e-07	-6
3.929090101e-06	3.925677394e-07	-6
3.968505173e-06	3.618083039e-07	-6
4.008054981e-06	3.31222346e-07	-6
4.047766544e-06	3.008468031e-07	-6
4.08772782e-06	2.708006219e-07	-6
4.128095221e-06	2.413033653e-07	-6
4.169460104e-06	2.132385774e-07	-6
4.167201973e-06	2.296364274e-07	6
4.131121668e-06	2.642409177e-07	6
4.094176188e-06	2.979256432e-07	6
4.056831804e-06	3.31168186e-07	6
4.019257807e-06	3.641512116e-07	6
3.98149286e-06	3.969155053e-07	6
3.943603986e-06	4.295364117e-07	6
3.905610194e-06	4.620350835e-07	6
3.867526267e-06	4.94428106e-07	6
3.829363918e-06	5.267287181e-07	6
3.791132588e-06	5.589476599e-07	6
3.752840002e-06	5.91093774e-07	6
3.714492572e-06	6.231744396e-07	6
3.676095687e-06	6.551958911e-07	6
3.637653928e-06	6.871634564e-07	6
3.599171237e-06	7.190817362e-07	6
3.560651029e-06	7.509547417e-07	6
3.522091276e-06	7.827799054e-07	6
3.483491367e-06	8.145563453e-07	6
3.444861308e-06	8.46296114e-07	6
3.406203253e-06	8.780017863e-07	6
3.367512954e-06	9.096681146e-07	6
3.328788294e-06	9.412924051e-07	6
3.290040547e-06	9.728883973e-07	6
3.251270374e-06	1.004456883e-06	6
3.212462768e-06	1.035979339e-06	6
3.173635852e-06	1.067477995e-06	6
3.134790197e-06	1.098953552e-06	6
3.095908732e-06	1.130384861e-06	6
3.057010919e-06	1.161795925e-06	6
3.018093321e-06	1.193182486e-06	6
2.979145186e-06	1.224531139e-06	6
2.940183059e-06	1.255862395e-06	6
2.90119638e-06	1.287163106e-06	6
2.862187324e-06	1.318435913e-06	6
2.82316616e-06	1.34969362e-06	6
2.784112716e-06	1.380910989e-06	6
2.745047351e-06	1.412113428e-06	6
2.705961249e-06	1.443289897e-06	6
2.666853044e-06	1.474438626e-06	6
2.627734699e-06	1.505574629e-06	6
2.588584845e-06	1.536671004e-06	6
2.549425925e-06	1.567755953e-06	6
2.510244161e-06	1.598812111e-06	6
2.471045234e-06	1.629846593e-06	6
2.431832211e-06	1.660863273e-06	6
2.392594075e-06	1.69184817e-06	6
2.353348193e-06	1.72282326e-06	6
2.314073368e-06	1.753761647e-06	6
2.274789318e-06	1.784688309e-06	6
2.23548388e-06	1.815587794e-06	6
2.19616213e-06	1.846466508e-06	6
2.156826228e-06	1.877327201e-06	6
2.117467137e-06	1.908158308e-06	6
2.078100888e-06	1.938980281e-06	6
2.038704709e-06	1.969763988e-06	6
2.016023102e-06	1.98750159e-06	4.167266135
2.055453582e-06	1.95676183e-06	-4.475852311
2.094905818e-06	1.926050002e-06	-6
2.134364162e-06	1.895346018e-06	-6
2.173851238e-06	1.864678994e-06	-6
2.213346644e-06	1.834022706e-06	-6
2.252863936e-06	1.803394626e-06	-6
2.292396623e-06	1.772786431e-06	-6
2.331944193e-06	1.742197458e-06	-6
2.371514483e-06	1.711637888e-06	-6
2.411092427e-06	1.681088225e-06	-6
2.450700753e-06	1.650577962e-06	-6
2.490316999e-06	1.620077993e-06	-6
2.529956104e-06	1.589607729e-06	-6
2.569611402e-06	1.559158553e-06	-6
2.60928136e-06	1.52872847e-06	-6
2.648976464e-06	1.498331202e-06	-6
2.688680905e-06	1.467946128e-06	-6
2.728413304e-06	1.437597618e-06	-6
2.768159156e-06	1.40726674e-06	-6
2.80792322e-06	1.376959731e-06	-6
2.847711623e-06	1.34668469e-06	-6
2.88751146e-06	1.316424679e-06	-6
2.927339967e-06	1.286202408e-06	-6
2.967184693e-06	1.256001537e-06	-6
3.007046077e-06	1.225822643e-06	-6
3.046937329e-06	1.195683244e-06	-6
3.086843001e-06	1.165562948e-06	-6
3.126771733e-06	1.135473217e-06	-6
3.166727252e-06	1.105419073e-06	-6
3.20669961e-06	1.075387332e-06	-6
3.246698268e-06	1.045390616e-06	-6
3.286724617e-06	1.015430871e-06	-6
3.326770837e-06	9.854976941e-07	-6
3.366842644e-06	9.555987662e-07	-6
3.406948066e-06	9.25744952e-07	-6
3.44707721e-06	8.959230413e-07	-6
3.487231768e-06	8.6613535e-07	-6
3.527421199e-06	8.36394718e-07	-6
3.567644904e-06	8.067004689e-07	-6
3.607899591e-06	7.770482448e-07	-6
3.648187808e-06	7.474415909e-07	-6
3.688512438e-06	7.178845406e-07	-6
3.728879914e-06	6.883860239e-07	-6
3.769294029e-06	6.589514434e-07	-6
3.809754384e-06	6.295804707e-07	-6
3.850265829e-06	6.00280014e-07	-6
3.890834085e-06	5.710582737e-07	-6
3.93146599e-06	5.419251038e-07	-6
3.97216982e-06	5.128925073e-07	-6
4.012962548e-06	4.839849662e-07	-6
4.053863227e-06	4.552304041e-07	-6
4.09488463e-06	4.266483769e-07	-6
4.136082969e-06	3.983221524e-07	-6
4.177522225e-06	3.703499142e-07	-6
4.219389038e-06	3.430233022e-07	-6
4.262481197e-06	3.177229748e-07	-6
4.244804937e-06	3.441173059e-07	6
4.206856408e-06	3.766648912e-07	6
4.168214416e-06	4.083895276e-07	6
4.129235942e-06	4.3970022e-07	6
4.090045504e-06	4.707452361e-07	6
4.050700258e-06	5.015939111e-07	6
4.011240254e-06	5.322956882e-07	6
3.971683062e-06	5.628721842e-07	6
3.932038035e-06	5.933347273e-07	6
3.892323143e-06	6.237061295e-07	6
3.852547172e-06	6.539974994e-07	6
3.812716661e-06	6.842171266e-07	6
3.772832232e-06	7.143655575e-07	6
3.732901208e-06	7.444522368e-07	6
3.692928508e-06	7.744835143e-07	6
3.652917776e-06	8.044641e-07	6
3.612872178e-06	8.343981016e-07	6
3.572794484e-06	8.642891332e-07	6
3.532676832e-06	8.941265179e-07	6
3.492528697e-06	9.239228598e-07	6
3.452354538e-06	9.536841011e-07	6
3.412156146e-06	9.834126197e-07	6
3.3719203e-06	1.013090428e-06	6
3.331662391e-06	1.042738285e-06	6
3.291384369e-06	1.07235882e-06	6
3.251075749e-06	1.10193771e-06	6
3.210743906e-06	1.131484913e-06	6
3.170395152e-06	1.161009026e-06	6
3.130017473e-06	1.190493575e-06	6
3.089619407e-06	1.219950172e-06	6
3.04920696e-06	1.249387047e-06	6
3.008763226e-06	1.278780923e-06	6
2.968305075e-06	1.30815494e-06	6
2.927829256e-06	1.337504619e-06	6
2.887327204e-06	1.366818079e-06	6
2.846813887e-06	1.396115968e-06	6
2.806275481e-06	1.42537914e-06	6
2.765720811e-06	1.454619756e-06	6
2.725151795e-06	1.483840478e-06	6
2.684557046e-06	1.513025433e-06	6
2.643953199e-06	1.542197728e-06	6
2.603324102e-06	1.571334855e-06	6
2.56268195e-06	1.600453756e-06	6
2.522023299e-06	1.629549627e-06	6
2.481343716e-06	1.658616215e-06	6
2.440655783e-06	1.687671124e-06	6
2.399939514e-06	1.71668631e-06	6
2.359216028e-06	1.745691358e-06	6
2.318470212e-06	1.774665037e-06	6
2.277711011e-06	1.803619873e-06	6
2.236936529e-06	1.832553197e-06	6
2.196142054e-06	1.861458314e-06	6
2.155339049e-06	1.8903514e-06	6
2.114509634e-06	1.91920715e-06	6
2.073673842e-06	1.948053873e-06	6
2.032814101e-06	1.976866668e-06	6
2.022814904e-06	1.983943008e-06	2.801242651
2.063706149e-06	1.955174941e-06	-5.672411495
2.104621434e-06	1.926441077e-06	-6
2.145542931e-06	1.897716065e-06	-6
2.186487423e-06	1.869023834e-06	-6
2.227443603e-06	1.840348298e-06	-6
2.268416364e-06	1.811696449e-06	-6
2.309407429e-06	1.783070802e-06	-6
2.350408514e-06	1.7544595e-06	-6
2.391434765e-06	1.7258843e-06	-6
2.432468081e-06	1.697319247e-06	-6
2.473526099e-06	1.668789705e-06	-6
2.514595369e-06	1.640276373e-06	-6
2.555682056e-06	1.611788135e-06	-6
2.596787867e-06	1.583327507e-06	-6
2.637903401e-06	1.554880918e-06	-6
2.679046457e-06	1.526474151e-06	-6
2.72019828e-06	1.498080093e-06	-6
2.76137218e-06	1.469718049e-06	-6
2.802562752e-06	1.441380234e-06	-6
2.843766245e-06	1.413061199e-06	-6
2.88499663e-06	1.384781335e-06	-6
2.926237754e-06	1.35651714e-06	-6
2.96750146e-06	1.328285914e-06	-6
3.008784587e-06	1.300083107e-06	-6
3.050080058e-06	1.271898367e-06	-6
3.091405662e-06	1.243757826e-06	-6
3.132745866e-06	1.215638752e-06	-6
3.174103186e-06	1.187544844e-06	-6
3.215490027e-06	1.159494447e-06	-6
3.256892692e-06	1.131467423e-06	-6
3.298315299e-06	1.103469865e-06	-6
3.339768478e-06	1.075517598e-06	-6
3.381240328e-06	1.047593051e-06	-6
3.422732079e-06	1.019698068e-06	-6
3.464258451e-06	9.918546484e-07	-6
3.50580798e-06	9.64045815e-07	-6
3.547381396e-06	9.362727027e-07	-6
3.588982021e-06	9.085403459e-07	-6
3.630620131e-06	8.808643072e-07	-6
3.672287359e-06	8.532321411e-07	-6
3.713986103e-06	8.256475642e-07	-6
3.755719083e-06	7.981148059e-07	-6
3.797489405e-06	7.706387211e-07	-6
3.839302421e-06	7.4322764e-07	-6
3.881162591e-06	7.158886312e-07	-6
3.923070789e-06	6.886233109e-07	-6
3.965032402e-06	6.614402757e-07	-6
4.007053869e-06	6.343498585e-07	-6
4.049147516e-06	6.073717435e-07	-6
4.09132671e-06	5.805276077e-07	-6
4.13360198e-06	5.538350809e-07	-6
4.175992943e-06	5.273267031e-07	-6
4.218564225e-06	5.011089888e-07	-6
4.261373764e-06	4.752827474e-07	-6
4.304606856e-06	4.501738315e-07	-6
4.349452941e-06	4.282939842e-07	-6
4.317447107e-06	4.610078456e-07	6
4.277786482e-06	4.914470479e-07	6
4.237577303e-06	5.211601551e-07	6
4.197085501e-06	5.504875278e-07	6
4.156386741e-06	5.7952714e-07	6
4.115560878e-06	6.083878104e-07	6
4.074628532e-06	6.370973135e-07	6
4.033598756e-06	6.656674277e-07	6
3.992496325e-06	6.941329104e-07	6
3.951330155e-06	7.225061405e-07	6
3.910107533e-06	7.507972942e-07	6
3.868834489e-06	7.790148493e-07	6
3.827516086e-06	8.071659564e-07	6
3.786151972e-06	8.352498602e-07	6
3.74474703e-06	8.632735245e-07	6
3.703306935e-06	8.912451689e-07	6
3.661834604e-06	9.191689932e-07	6
3.620332591e-06	9.470486936e-07	6
3.578798907e-06	9.748812059e-07	6
3.537231432e-06	1.002663216e-06	6
3.495639894e-06	1.03040918e-06	6
3.454025945e-06	1.058121529e-06	6
3.412382071e-06	1.085788899e-06	6
3.370712808e-06	1.113418003e-06	6
3.329024947e-06	1.141019036e-06	6
3.287313255e-06	1.168584057e-06	6
3.245575374e-06	1.196109396e-06	6
3.203821855e-06	1.223611007e-06	6
3.16204583e-06	1.251078429e-06	6
3.120246485e-06	1.27851034e-06	6
3.07843384e-06	1.305921978e-06	6
3.036596297e-06	1.333295607e-06	6
2.994741179e-06	1.360642343e-06	6
2.952873763e-06	1.387970261e-06	6
2.91097785e-06	1.415254468e-06	6
2.86907152e-06	1.442522664e-06	6
2.827145844e-06	1.469761116e-06	6
2.785201087e-06	1.496970165e-06	6
2.743246925e-06	1.524164721e-06	6
2.701264928e-06	1.551316286e-06	6
2.659274514e-06	1.578454823e-06	6
2.61726445e-06	1.605562942e-06	6
2.575238445e-06	1.632646329e-06	6
2.533200888e-06	1.659711795e-06	6
2.491140104e-06	1.686741144e-06	6
2.449072247e-06	1.713759484e-06	6
2.406980446e-06	1.740740513e-06	6
2.364878897e-06	1.767706316e-06	6
2.322760281e-06	1.794645467e-06	6
2.28062555e-06	1.821559393e-06	6
2.238480285e-06	1.848456832e-06	6
2.196312782e-06	1.875319389e-06	6
2.154139227e-06	1.902172446e-06	6
2.111941043e-06	1.928986787e-06	6
2.069735169e-06	1.955789012e-06	6
2.027510663e-06	1.982561884e-06	6
2.028805403e-06	1.981774016e-06	1.718700227
2.071060592e-06	1.9550496e-06	-6
2.1133376e-06	1.928359711e-06	-6
2.155622363e-06	1.901682118e-06	-6
2.197925602e-06	1.875033825e-06	-6
2.240242582e-06	1.848407368e-06	-6
2.282572074e-06	1.821800795e-06	-6
2.324921455e-06	1.795225901e-06	-6
2.367277249e-06	1.768661218e-06	-6
2.409659309e-06	1.742138464e-06	-6
2.452047943e-06	1.715626223e-06	-6
2.49445659e-06	1.689146e-06	-6
2.536878613e-06	1.662687222e-06	-6
2.57931387e-06	1.636249662e-06	-6
2.621769826e-06	1.609845365e-06	-6
2.664233404e-06	1.58345332e-06	-6
2.706722393e-06	1.557102203e-06	-6
2.749221095e-06	1.530766764e-06	-6
2.791737272e-06	1.504459536e-06	-6
2.834271952e-06	1.478182245e-06	-6
2.876815845e-06	1.451919862e-06	-6
2.91938722e-06	1.425702051e-06	-6
2.961968863e-06	1.399500933e-06	-6
3.004568327e-06	1.373328786e-06	-6
3.047188961e-06	1.34719114e-06	-6
3.089821094e-06	1.321072249e-06	-6
3.132477938e-06	1.294993728e-06	-6
3.175151593e-06	1.26894274e-06	-6
3.217838593e-06	1.242913611e-06	-6
3.26055477e-06	1.216932391e-06	-6
3.303286445e-06	1.190976685e-06	-6
3.346033762e-06	1.165046733e-06	-6
3.388811725e-06	1.139167369e-06	-6
3.431607663e-06	1.11331776e-06	-6
3.474422137e-06	1.087498852e-06	-6
3.517264961e-06	1.061727007e-06	-6
3.560133046e-06	1.035997217e-06	-6
3.603023373e-06	1.010304527e-06	-6
3.645937592e-06	9.846517485e-07	-6
3.688885274e-06	9.590550263e-07	-6
3.731862726e-06	9.335083361e-07	-6
3.774869521e-06	9.080110869e-07	-6
3.817908195e-06	8.825676866e-07	-6
3.860981646e-06	8.571831966e-07	-6
3.904093212e-06	8.318634838e-07	-6
3.947246785e-06	8.066154205e-07	-6
3.990447904e-06	7.814487977e-07	-6
4.033699156e-06	7.563684359e-07	-6
4.077010013e-06	7.313911583e-07	-6
4.120387595e-06	7.065299747e-07	-6
4.163841956e-06	6.818032773e-07	-6
4.207385817e-06	6.572345661e-07	-6
4.251049103e-06	6.328788316e-07	-6
4.294869893e-06	6.088076839e-07	-6
4.338930905e-06	5.851796273e-07	-6
4.38343586e-06	5.624026093e-07	-6
4.42430502e-06	5.492330901e-07	6
4.385128052e-06	5.801592476e-07	6
4.343934688e-06	6.084905073e-07	6
4.302272666e-06	6.361297581e-07	6
4.260360438e-06	6.633885483e-07	6
4.218273379e-06	6.90376821e-07	6
4.176069674e-06	7.171823756e-07	6
4.133760062e-06	7.438204918e-07	6
4.091369895e-06	7.703302382e-07	6
4.048912967e-06	7.967329311e-07	6
4.00639747e-06	8.230412115e-07	6
3.963830091e-06	8.492654718e-07	6
3.921216372e-06	8.754143713e-07	6
3.87856096e-06	9.014952147e-07	6
3.835867797e-06	9.275142339e-07	6
3.793133049e-06	9.534648959e-07	6
3.750365481e-06	9.793614191e-07	6
3.707568294e-06	1.005208953e-06	6
3.664743828e-06	1.031011272e-06	6
3.621894155e-06	1.056771728e-06	6
3.579009352e-06	1.082473659e-06	6
3.536102382e-06	1.108138548e-06	6
3.493174818e-06	1.133768979e-06	6
3.45022328e-06	1.159359232e-06	6
3.407244688e-06	1.184904011e-06	6
3.36424901e-06	1.210420013e-06	6
3.321234772e-06	1.235904733e-06	6
3.278192957e-06	1.261342842e-06	6
3.235136778e-06	1.286756623e-06	6
3.192063084e-06	1.312140722e-06	6
3.14896464e-06	1.337482769e-06	6
3.105853981e-06	1.362804026e-06	6
3.062723456e-06	1.388091441e-06	6
3.01957363e-06	1.413345896e-06	6
2.976413301e-06	1.438582405e-06	6
2.933228073e-06	1.463776287e-06	6
2.890031068e-06	1.488949956e-06	6
2.846819159e-06	1.514098047e-06	6
2.803586725e-06	1.53921083e-06	6
2.760345911e-06	1.564309183e-06	6
2.717081758e-06	1.589367289e-06	6
2.673807267e-06	1.614407523e-06	6
2.630517474e-06	1.639421309e-06	6
2.587210176e-06	1.664404762e-06	6
2.543895019e-06	1.689374599e-06	6
2.500555667e-06	1.714302417e-06	6
2.457209817e-06	1.739218926e-06	6
2.413844627e-06	1.76410177e-06	6
2.370467727e-06	1.788964182e-06	6
2.327077811e-06	1.813803884e-06	6
2.283670335e-06	1.838612876e-06	6
2.240255849e-06	1.86340961e-06	6
2.196818179e-06	1.888165705e-06	6
2.153374941e-06	1.912912025e-06	6
2.10991168e-06	1.937623167e-06	6
2.066438667e-06	1.962317136e-06	6
2.02295115e-06	1.986985568e-06	6
2.033841954e-06	1.980846345e-06	0.9035839982
2.077359318e-06	1.95623061e-06	-6
2.1208952e-06	1.931647638e-06	-6
2.16444021e-06	1.907080847e-06	-6
2.208000251e-06	1.882540709e-06	-6
2.251574931e-06	1.858026586e-06	-6
2.295159147e-06	1.833529408e-06	-6
2.338763666e-06	1.809068393e-06	-6
2.382373994e-06	1.784617735e-06	-6
2.426006703e-06	1.760207035e-06	-6
2.469647368e-06	1.735810572e-06	-6
2.513304446e-06	1.711443481e-06	-6
2.55697585e-06	1.687102087e-06	-6
2.600657413e-06	1.662778916e-06	-6
2.644360052e-06	1.63849364e-06	-6
2.688069719e-06	1.614221017e-06	-6
2.731800711e-06	1.589986828e-06	-6
2.775542705e-06	1.565772515e-06	-6
2.8192987e-06	1.5415835e-06	-6
2.863073801e-06	1.517429086e-06	-6
2.906857399e-06	1.493290074e-06	-6
2.950664142e-06	1.469193087e-06	-6
2.994482472e-06	1.445117189e-06	-6
3.038315032e-06	1.421067194e-06	-6
3.082169229e-06	1.397056684e-06	-6
3.126034029e-06	1.373065553e-06	-6
3.169919313e-06	1.3491119e-06	-6
3.2138223e-06	1.325190727e-06	-6
3.257737594e-06	1.301292144e-06	-6
3.301677372e-06	1.277438602e-06	-6
3.345633743e-06	1.253615668e-06	-6
3.389604536e-06	1.229819352e-06	-6
3.433601038e-06	1.206070595e-06	-6
3.477616525e-06	1.182357064e-06	-6
3.521649096e-06	1.158675265e-06	-6
3.565705117e-06	1.135037105e-06	-6
3.609786956e-06	1.11144714e-06	-6
3.653889289e-06	1.087895522e-06	-6
3.698013636e-06	1.064385165e-06	-6
3.742165821e-06	1.040927114e-06	-6
3.786348254e-06	1.017526096e-06	-6
3.830557712e-06	9.941761907e-07	-6
3.87479653e-06	9.708819655e-07	-6
3.919067378e-06	9.476486659e-07	-6
3.96337333e-06	9.244823733e-07	-6
4.007717968e-06	9.013902125e-07	-6
4.052105509e-06	8.783806259e-07	-6
4.09654098e-06	8.55463742e-07	-6
4.141030446e-06	8.326518786e-07	-6
4.185581337e-06	8.099602406e-07	-6
4.230202888e-06	7.874079063e-07	-6
4.274906781e-06	7.650192532e-07	-6
4.319728546e-06	7.428676452e-07	-6
4.364689584e-06	7.21000193e-07	-6
4.409882605e-06	6.996166766e-07	-6
4.455513943e-06	6.791898967e-07	-6
4.489068289e-06	6.731995948e-07	6
4.447868453e-06	7.014676565e-07	6
4.40528459e-06	7.276627924e-07	6
4.362285595e-06	7.531726057e-07	6
4.319064818e-06	7.783050876e-07	6
4.275695294e-06	8.031802098e-07	6
4.232216267e-06	8.278635e-07	6
4.18864096e-06	8.523764619e-07	6
4.144995409e-06	8.767641269e-07	6
4.101288917e-06	9.01042414e-07	6
4.057528967e-06	9.252242201e-07	6
4.013721667e-06	9.49320149e-07	6
3.969872075e-06	9.733390367e-07	6
3.925984432e-06	9.972883378e-07	6
3.882062337e-06	1.021174413e-06	6
3.838105431e-06	1.044996379e-06	6
3.794115238e-06	1.068756807e-06	6
3.750098029e-06	1.092467136e-06	6
3.70605594e-06	1.116131219e-06	6
3.661990858e-06	1.139752474e-06	6
3.61789633e-06	1.163318727e-06	6
3.573778833e-06	1.186841931e-06	6
3.529642558e-06	1.210329885e-06	6
3.485486873e-06	1.233781345e-06	6
3.441303933e-06	1.257181413e-06	6
3.39710542e-06	1.28055204e-06	6
3.352892281e-06	1.303895002e-06	6
3.308651607e-06	1.327185738e-06	6
3.264397827e-06	1.350451543e-06	6
3.220130271e-06	1.373691144e-06	6
3.175837859e-06	1.396883335e-06	6
3.13153432e-06	1.42005425e-06	6
3.087214754e-06	1.44319451e-06	6
3.042875424e-06	1.466296867e-06	6
2.998526527e-06	1.489380856e-06	6
2.954156921e-06	1.512425023e-06	6
2.909774517e-06	1.535444517e-06	6
2.865380511e-06	1.558441643e-06	6
2.820965746e-06	1.581398646e-06	6
2.77654335e-06	1.604340875e-06	6
2.732101584e-06	1.627245569e-06	6
2.687648432e-06	1.650128144e-06	6
2.643183234e-06	1.672987316e-06	6
2.598700128e-06	1.69581161e-06	6
2.554210709e-06	1.718623606e-06	6
2.509699386e-06	1.741392832e-06	6
2.465181101e-06	1.764148433e-06	6
2.420647026e-06	1.786873129e-06	6
2.376100401e-06	1.809573198e-06	6
2.331543748e-06	1.832253592e-06	6
2.28696922e-06	1.854898826e-06	6
2.242389449e-06	1.877533745e-06	6
2.197788057e-06	1.900126032e-06	6
2.153180907e-06	1.922706938e-06	6
2.108557308e-06	1.94525533e-06	6
2.063922995e-06	1.967782493e-06	6
2.019277266e-06	1.990287036e-06	6
2.037787655e-06	1.980998706e-06	0.3410280972
2.082461526e-06	1.958550088e-06	-6
2.12715137e-06	1.936133275e-06	-6
2.171850731e-06	1.913735461e-06	-6
2.216562602e-06	1.891362617e-06	-6
2.261289017e-06	1.869018872e-06	-6
2.306022925e-06	1.846690124e-06	-6
2.350776538e-06	1.824400901e-06	-6
2.395535451e-06	1.802122322e-06	-6
2.440313552e-06	1.77988233e-06	-6
2.485100112e-06	1.75765939e-06	-6
2.529900413e-06	1.735464152e-06	-6
2.574714982e-06	1.713297749e-06	-6
2.619537584e-06	1.691147582e-06	-6
2.664380607e-06	1.669038789e-06	-6
2.70923004e-06	1.646943008e-06	-6
2.754097648e-06	1.624884148e-06	-6
2.798976522e-06	1.602848231e-06	-6
2.843866889e-06	1.580835722e-06	-6
2.888775907e-06	1.558861298e-06	-6
2.933692674e-06	1.536902718e-06	-6
2.978629216e-06	1.514984625e-06	-6
3.023577598e-06	1.49309084e-06	-6
3.068537622e-06	1.471220956e-06	-6
3.113518645e-06	1.449394301e-06	-6
3.158509332e-06	1.427587581e-06	-6
3.203517294e-06	1.405816523e-06	-6
3.248542722e-06	1.384081625e-06	-6
3.293579364e-06	1.362369969e-06	-6
3.33863685e-06	1.340701593e-06	-6
3.383710848e-06	1.319067603e-06	-6
3.428797983e-06	1.297461e-06	-6
3.473906991e-06	1.275900086e-06	-6
3.519034755e-06	1.254378476e-06	-6
3.564178076e-06	1.232889516e-06	-6
3.609341116e-06	1.211442013e-06	-6
3.654529201e-06	1.190047338e-06	-6
3.699735938e-06	1.168692119e-06	-6
3.74496271e-06	1.147379356e-06	-6
3.790212982e-06	1.126116515e-06	-6
3.835492495e-06	1.104916019e-06	-6
3.880796585e-06	1.083768116e-06	-6
3.926127373e-06	1.062677511e-06	-6
3.971487283e-06	1.041649612e-06	-6
4.016879106e-06	1.020690684e-06	-6
4.062306091e-06	9.998080734e-07	-6
4.107772062e-06	9.790104815e-07	-6
4.153281576e-06	9.583083505e-07	-6
4.198840127e-06	9.377143799e-07	-6
4.24445444e-06	9.172442463e-07	-6
4.290132868e-06	8.969176206e-07	-6
4.335885968e-06	8.767596378e-07	-6
4.381750854e-06	8.568574263e-07	-6
4.427744232e-06	8.372542832e-07	-6
4.473951375e-06	8.181611957e-07	-6
4.520560864e-06	8.000777823e-07	-6
4.548443878e-06	7.989734373e-07	6
4.505668617e-06	8.248216033e-07	6
4.46181726e-06	8.488351246e-07	6
4.417599157e-06	8.721682476e-07	6
4.373183369e-06	8.95122928e-07	6
4.328639695e-06	9.178286292e-07	6
4.283992788e-06	9.403307194e-07	6
4.239263102e-06	9.626678494e-07	6
4.194469797e-06	9.848771253e-07	6
4.149621316e-06	1.006974778e-06	6
4.104724445e-06	1.028973959e-06	6
4.059784723e-06	1.050885478e-06	6
4.014806735e-06	1.072718348e-06	6
3.969794324e-06	1.09448017e-06	6
3.924750749e-06	1.11617743e-06	6
3.879677636e-06	1.137813282e-06	6
3.834572349e-06	1.159381973e-06	6
3.789442646e-06	1.180899511e-06	6
3.744290458e-06	1.202369823e-06	6
3.69911749e-06	1.223796395e-06	6
3.653919512e-06	1.245170171e-06	6
3.608699087e-06	1.2664964e-06	6
3.563461704e-06	1.287786628e-06	6
3.518208287e-06	1.309042777e-06	6
3.472928674e-06	1.330243063e-06	6
3.427635004e-06	1.351413282e-06	6
3.382328129e-06	1.372555243e-06	6
3.336997731e-06	1.393646724e-06	6
3.291654098e-06	1.414709718e-06	6
3.246299317e-06	1.435748717e-06	6
3.2009208e-06	1.456736469e-06	6
3.155532201e-06	1.477702393e-06	6
3.110130401e-06	1.49863973e-06	6
3.064709453e-06	1.519535488e-06	6
3.019279879e-06	1.540412482e-06	6
2.97383282e-06	1.561251399e-06	6
2.928372972e-06	1.582062383e-06	6
2.882903854e-06	1.602853124e-06	6
2.837414775e-06	1.623600151e-06	6
2.791918819e-06	1.644332085e-06	6
2.746406538e-06	1.665028169e-06	6
2.700882811e-06	1.685699047e-06	6
2.655349362e-06	1.706348517e-06	6
2.609798594e-06	1.726959745e-06	6
2.564242138e-06	1.747558404e-06	6
2.518667037e-06	1.76811578e-06	6
2.47308453e-06	1.788656718e-06	6
2.427488891e-06	1.809168502e-06	6
2.381880816e-06	1.829652604e-06	6
2.3362648e-06	1.850119034e-06	6
2.290631556e-06	1.870547012e-06	6
2.244993589e-06	1.89096444e-06	6
2.199337214e-06	1.911340676e-06	6
2.153674558e-06	1.93170282e-06	6
2.107998156e-06	1.952034125e-06	6
2.062311012e-06	1.972341263e-06	6
2.01661466e-06	1.992627686e-06	6
2.040522308e-06	1.982058138e-06	0.01724758603
2.086244365e-06	1.961829724e-06	-6
2.131980474e-06	1.941633091e-06	-6
2.177725684e-06	1.921457096e-06	-6
2.223481636e-06	1.90130546e-06	-6
2.269251213e-06	1.881184803e-06	-6
2.315027013e-06	1.861078293e-06	-6
2.360821083e-06	1.841013435e-06	-6
2.406619927e-06	1.820959478e-06	-6
2.452435511e-06	1.800943789e-06	-6
2.498259243e-06	1.780946773e-06	-6
2.544094805e-06	1.760976876e-06	-6
2.589943742e-06	1.741037718e-06	-6
2.635799368e-06	1.721113935e-06	-6
2.681673904e-06	1.701233734e-06	-6
2.727554211e-06	1.681366861e-06	-6
2.77345031e-06	1.66153649e-06	-6
2.819357093e-06	1.641730878e-06	-6
2.86527365e-06	1.621947922e-06	-6
2.911207533e-06	1.602205237e-06	-6
2.957148388e-06	1.582478782e-06	-6
3.003106436e-06	1.562792404e-06	-6
3.049075701e-06	1.543132253e-06	-6
3.095054838e-06	1.523495184e-06	-6
3.141053425e-06	1.503903723e-06	-6
3.187060701e-06	1.484332684e-06	-6
3.233082874e-06	1.464796688e-06	-6
3.279121342e-06	1.445299138e-06	-6
3.325169888e-06	1.425825399e-06	-6
3.371236493e-06	1.406394408e-06	-6
3.417318562e-06	1.387000135e-06	-6
3.46341243e-06	1.367633917e-06	-6
3.50952523e-06	1.348312809e-06	-6
3.555655536e-06	1.329033552e-06	-6
3.601799804e-06	1.309787742e-06	-6
3.647961016e-06	1.290582585e-06	-6
3.694145406e-06	1.271433238e-06	-6
3.740346522e-06	1.252324307e-06	-6
3.786565606e-06	1.233258867e-06	-6
3.832804904e-06	1.214242483e-06	-6
3.879071209e-06	1.195291902e-06	-6
3.92535953e-06	1.176395191e-06	-6
3.971671765e-06	1.157557173e-06	-6
4.018010075e-06	1.13878339e-06	-6
4.064376951e-06	1.120080265e-06	-6
4.11077529e-06	1.101455327e-06	-6
4.1572085e-06	1.082917496e-06	-6
4.203680636e-06	1.064477474e-06	-6
4.250196587e-06	1.046148281e-06	-6
4.296762327e-06	1.027945986e-06	-6
4.343385272e-06	1.009890752e-06	-6
4.390075441e-06	9.920100795e-07	-6
4.436866261e-06	9.743945845e-07	-6
4.483773152e-06	9.570909754e-07	-6
4.530871581e-06	9.403167133e-07	-6
4.57833396e-06	9.246091032e-07	-6
4.602593457e-06	9.265364959e-07	6
4.558508606e-06	9.500911838e-07	6
4.513508828e-06	9.718768778e-07	6
4.468193786e-06	9.930008539e-07	6
4.42269783e-06	1.013732465e-06	6
4.377090519e-06	1.034218098e-06	6
4.331388522e-06	1.05449168e-06	6
4.285614486e-06	1.074602113e-06	6
4.239783402e-06	1.094582199e-06	6
4.193902868e-06	1.114448481e-06	6
4.147978987e-06	1.134214362e-06	6
4.102016735e-06	1.153890863e-06	6
4.05602023e-06	1.173487168e-06	6
4.009992923e-06	1.193011024e-06	6
3.963937738e-06	1.212469043e-06	6
3.917857058e-06	1.231866632e-06	6
3.871746624e-06	1.251193388e-06	6
3.825614374e-06	1.270467985e-06	6
3.779462036e-06	1.289694427e-06	6
3.733291136e-06	1.308876264e-06	6
3.687098638e-06	1.32800605e-06	6
3.64088531e-06	1.347085444e-06	6
3.594656847e-06	1.366128128e-06	6
3.548414252e-06	1.385136492e-06	6
3.502148572e-06	1.404088601e-06	6
3.455869845e-06	1.423008805e-06	6
3.409579342e-06	1.441900196e-06	6
3.363268464e-06	1.460741592e-06	6
3.316945149e-06	1.479552367e-06	6
3.270611898e-06	1.498338675e-06	6
3.224258057e-06	1.517074122e-06	6
3.177894636e-06	1.535785832e-06	6
3.131520017e-06	1.55446979e-06	6
3.085127749e-06	1.573109874e-06	6
3.038727801e-06	1.591730826e-06	6
2.992312813e-06	1.610314273e-06	6
2.945885882e-06	1.628867843e-06	6
2.899451228e-06	1.647402095e-06	6
2.852998255e-06	1.665890381e-06	6
2.806539163e-06	1.684363277e-06	6
2.760066047e-06	1.702800877e-06	6
2.713582225e-06	1.721211452e-06	6
2.667090256e-06	1.739601459e-06	6
2.620582363e-06	1.75795115e-06	6
2.574069414e-06	1.776288022e-06	6
2.527540363e-06	1.794584006e-06	6
2.481004235e-06	1.812861965e-06	6
2.43445691e-06	1.831111407e-06	6
2.387898039e-06	1.849331356e-06	6
2.341332589e-06	1.8675345e-06	6
2.294751339e-06	1.885697167e-06	6
2.248165893e-06	1.903849071e-06	6
2.201564559e-06	1.921960152e-06	6
2.154957172e-06	1.940055634e-06	6
2.108338041e-06	1.958120855e-06	6
2.061708896e-06	1.976160198e-06	6
2.015072041e-06	1.994179613e-06	6
2.041943292e-06	1.983841417e-06	-0.08055803553
2.088602831e-06	1.96588083e-06	-6
2.135274987e-06	1.947953047e-06	-6
2.1819552e-06	1.930046269e-06	-6
2.228644969e-06	1.912164404e-06	-6
2.275346805e-06	1.894314095e-06	-6
2.322054183e-06	1.876478276e-06	-6
2.368777746e-06	1.858684905e-06	-6
2.415505543e-06	1.840902658e-06	-6
2.462248202e-06	1.823159506e-06	-6
2.508998064e-06	1.805435359e-06	-6
2.55575843e-06	1.787738927e-06	-6
2.602530631e-06	1.770073812e-06	-6
2.649308775e-06	1.752424426e-06	-6
2.696103653e-06	1.734819461e-06	-6
2.742903644e-06	1.717228098e-06	-6
2.78971763e-06	1.699674003e-06	-6
2.836541062e-06	1.682145137e-06	-6
2.883373157e-06	1.664639409e-06	-6
2.930220573e-06	1.647174736e-06	-6
2.97707416e-06	1.629726625e-06	-6
3.023942959e-06	1.612319405e-06	-6
3.070821673e-06	1.594938926e-06	-6
3.117709119e-06	1.577581996e-06	-6
3.164613755e-06	1.560271582e-06	-6
3.211526072e-06	1.542982005e-06	-6
3.258451546e-06	1.525728152e-06	-6
3.305391419e-06	1.508513529e-06	-6
3.352340195e-06	1.491323197e-06	-6
3.399304902e-06	1.474176419e-06	-6
3.44628327e-06	1.457067131e-06	-6
3.493272054e-06	1.439986464e-06	-6
3.540277514e-06	1.422951725e-06	-6
3.587298436e-06	1.405959736e-06	-6
3.634331673e-06	1.389001864e-06	-6
3.681379805e-06	1.37208534e-06	-6
3.728448395e-06	1.355225829e-06	-6
3.775531721e-06	1.338407539e-06	-6
3.822630871e-06	1.321633607e-06	-6
3.86974775e-06	1.304909513e-06	-6
3.916888448e-06	1.288252684e-06	-6
3.964048512e-06	1.271650791e-06	-6
4.011229598e-06	1.255108752e-06	-6
4.058433599e-06	1.238632217e-06	-6
4.10566269e-06	1.222227734e-06	-6
4.152919399e-06	1.205902979e-06	-6
4.200206697e-06	1.189667044e-06	-6
4.247528116e-06	1.17353084e-06	-6
4.294887908e-06	1.157507638e-06	-6
4.342291263e-06	1.141613817e-06	-6
4.389744614e-06	1.125869928e-06	-6
4.437257027e-06	1.110305201e-06	-6
4.484856779e-06	1.095009781e-06	-6
4.532558048e-06	1.080034478e-06	-6
4.580425543e-06	1.065600531e-06	-6
4.628608642e-06	1.052267455e-06	-6
4.651573217e-06	1.0558279e-06	6
4.606366122e-06	1.077150704e-06	6
4.560345436e-06	1.096687737e-06	6
4.514046737e-06	1.115558505e-06	6
4.467586422e-06	1.134027978e-06	6
4.421027883e-06	1.152248587e-06	6
4.374385012e-06	1.170252288e-06	6
4.32767869e-06	1.188090769e-06	6
4.280921865e-06	1.205796457e-06	6
4.234121298e-06	1.223386211e-06	6
4.187282414e-06	1.24087369e-06	6
4.140409635e-06	1.258270123e-06	6
4.093506617e-06	1.275584869e-06	6
4.046576418e-06	1.292825821e-06	6
3.999621632e-06	1.309999716e-06	6
3.952644452e-06	1.327112288e-06	6
3.905640958e-06	1.344152451e-06	6
3.858618252e-06	1.361139497e-06	6
3.811577862e-06	1.378077502e-06	6
3.764521135e-06	1.394970085e-06	6
3.717445447e-06	1.411809775e-06	6
3.670351389e-06	1.428598006e-06	6
3.623244027e-06	1.445348857e-06	6
3.576124243e-06	1.462064762e-06	6
3.528984196e-06	1.478723441e-06	6
3.481832664e-06	1.495349555e-06	6
3.434670791e-06	1.511946333e-06	6
3.387491042e-06	1.528492236e-06	6
3.340300362e-06	1.545006913e-06	6
3.293100966e-06	1.561496681e-06	6
3.245883511e-06	1.577934672e-06	6
3.19865765e-06	1.594348474e-06	6
3.151421972e-06	1.610734025e-06	6
3.10417082e-06	1.627074892e-06	6
3.05691294e-06	1.643396284e-06	6
3.009641879e-06	1.659679477e-06	6
2.962360361e-06	1.67593226e-06	6
2.915072073e-06	1.692165357e-06	6
2.867767753e-06	1.708351671e-06	6
2.820458081e-06	1.724522322e-06	6
2.773136124e-06	1.740657004e-06	6
2.725804813e-06	1.756764206e-06	6
2.678466362e-06	1.772850431e-06	6
2.631113999e-06	1.78889565e-06	6
2.583757218e-06	1.804927824e-06	6
2.536386347e-06	1.820918326e-06	6
2.489009308e-06	1.836890526e-06	6
2.44162247e-06	1.852833648e-06	6
2.394225564e-06	1.868746797e-06	6
2.346822895e-06	1.884642789e-06	6
2.29940645e-06	1.900497633e-06	6
2.251986343e-06	1.916341523e-06	6
2.204552352e-06	1.932143805e-06	6
2.1571131e-06	1.947930266e-06	6
2.109663584e-06	1.963685871e-06	6
2.062205357e-06	1.979415195e-06	6
2.014740386e-06	1.995124179e-06	6
2.041966316e-06	1.986156535e-06	0.03570883699
2.08945053e-06	1.970505827e-06	-6
2.136946263e-06	1.954890098e-06	-6
2.184448566e-06	1.939294388e-06	-6
2.231959636e-06	1.923725386e-06	-6
2.279480767e-06	1.908187138e-06	-6
2.327007166e-06	1.892664992e-06	-6
2.374547204e-06	1.877184677e-06	-6
2.422090925e-06	1.861715678e-06	-6
2.469648015e-06	1.846287823e-06	-6
2.517210925e-06	1.830877935e-06	-6
2.56478341e-06	1.815497614e-06	-6
2.612365734e-06	1.800147781e-06	-6
2.659953667e-06	1.784815324e-06	-6
2.707555692e-06	1.769526679e-06	-6
2.755162153e-06	1.754251864e-06	-6
2.802781212e-06	1.73901635e-06	-6
2.85040802e-06	1.723805104e-06	-6
2.898042792e-06	1.708618791e-06	-6
2.945690407e-06	1.693472834e-06	-6
2.99334337e-06	1.678343713e-06	-6
3.041009971e-06	1.6632576e-06	-6
3.088684713e-06	1.64819726e-06	-6
3.136367472e-06	1.633162297e-06	-6
3.184064666e-06	1.618173204e-06	-6
3.231768507e-06	1.603205287e-06	-6
3.279484194e-06	1.588275158e-06	-6
3.32721188e-06	1.573383451e-06	-6
3.374947263e-06	1.558516428e-06	-6
3.422696885e-06	1.543695188e-06	-6
3.470457847e-06	1.528910556e-06	-6
3.518227804e-06	1.514155004e-06	-6
3.566012639e-06	1.499447689e-06	-6
3.613810343e-06	1.484782277e-06	-6
3.661618667e-06	1.470151524e-06	-6
3.70944033e-06	1.455564402e-06	-6
3.757279137e-06	1.441033616e-06	-6
3.805130633e-06	1.426544697e-06	-6
3.85299575e-06	1.41210083e-06	-6
3.900876649e-06	1.397709335e-06	-6
3.948777517e-06	1.383384457e-06	-6
3.996695022e-06	1.369115362e-06	-6
4.044630578e-06	1.35490704e-06	-6
4.092585796e-06	1.340765221e-06	-6
4.140562525e-06	1.326696546e-06	-6
4.188562913e-06	1.312708797e-06	-6
4.236589478e-06	1.298811195e-06	-6
4.284645211e-06	1.285014802e-06	-6
4.332733705e-06	1.271333069e-06	-6
4.380859338e-06	1.2577826e-06	-6
4.429027523e-06	1.244384225e-06	-6
4.47724506e-06	1.231164555e-06	-6
4.525537172e-06	1.218220118e-06	-6
4.573913733e-06	1.205595528e-06	-6
4.622429093e-06	1.193516655e-06	-6
4.671201118e-06	1.182529893e-06	-6
4.695395331e-06	1.186752901e-06	6
4.649215991e-06	1.20587797e-06	6
4.602299387e-06	1.223153052e-06	6
4.555131607e-06	1.239732435e-06	6
4.507823371e-06	1.255906856e-06	6
4.460427622e-06	1.271823228e-06	6
4.4129592e-06	1.287521617e-06	6
4.365434408e-06	1.303048567e-06	6
4.317865655e-06	1.318440314e-06	6
4.270258871e-06	1.333714038e-06	6
4.222618808e-06	1.348883659e-06	6
4.174949335e-06	1.363960616e-06	6
4.127253646e-06	1.378954443e-06	6
4.079534413e-06	1.393873182e-06	6
4.031793896e-06	1.408723694e-06	6
3.984033445e-06	1.423510003e-06	6
3.936250835e-06	1.438224541e-06	6
3.888451629e-06	1.452885047e-06	6
3.840637153e-06	1.467495669e-06	6
3.792808579e-06	1.482060093e-06	6
3.744963159e-06	1.496569104e-06	6
3.697102415e-06	1.51102746e-06	6
3.649230207e-06	1.525447806e-06	6
3.601347241e-06	1.539832419e-06	6
3.553446496e-06	1.554157718e-06	6
3.50553628e-06	1.568451281e-06	6
3.457617169e-06	1.582715018e-06	6
3.409682252e-06	1.596925553e-06	6
3.361738395e-06	1.611105869e-06	6
3.313787048e-06	1.625260865e-06	6
3.265819771e-06	1.639361785e-06	6
3.217845717e-06	1.653439602e-06	6
3.169862814e-06	1.667487258e-06	6
3.121867076e-06	1.681490982e-06	6
3.073865568e-06	1.695474915e-06	6
3.025852353e-06	1.709418613e-06	6
2.9778306e-06	1.723332856e-06	6
2.929802638e-06	1.737225678e-06	6
2.88176137e-06	1.751072409e-06	6
2.833715521e-06	1.764903226e-06	6
2.785658763e-06	1.778696108e-06	6
2.737594414e-06	1.792462489e-06	6
2.689523561e-06	1.806206167e-06	6
2.641441225e-06	1.819909604e-06	6
2.593355113e-06	1.833599789e-06	6
2.545256578e-06	1.847246275e-06	6
2.497153174e-06	1.860875564e-06	6
2.449041017e-06	1.874473945e-06	6
2.400920666e-06	1.888043278e-06	6
2.352795011e-06	1.901593811e-06	6
2.304658004e-06	1.915103949e-06	6
2.256517876e-06	1.928602966e-06	6
2.208365536e-06	1.942058366e-06	6
2.160209102e-06	1.955499083e-06	6
2.112043547e-06	1.968907102e-06	6
2.063870963e-06	1.982289819e-06	6
2.01569226e-06	1.995650516e-06	6
2.04052607e-06	1.988804214e-06	0.3549665094
2.088720337e-06	1.975499781e-06	-6
2.136925188e-06	1.962233737e-06	-6
2.18513488e-06	1.948985317e-06	-6
2.233352757e-06	1.935766698e-06	-6
2.281578436e-06	1.92257659e-06	-6
2.329809324e-06	1.909405523e-06	-6
2.378051045e-06	1.896274201e-06	-6
2.426295889e-06	1.883154352e-06	-6
2.474552806e-06	1.870078972e-06	-6
2.522813915e-06	1.857019095e-06	-6
2.571083875e-06	1.843991949e-06	-6
2.619361429e-06	1.830992996e-06	-6
2.66764447e-06	1.818014418e-06	-6
2.715938696e-06	1.805077533e-06	-6
2.764236674e-06	1.79215466e-06	-6
2.812546048e-06	1.779274442e-06	-6
2.860861227e-06	1.766416043e-06	-6
2.909183881e-06	1.753585742e-06	-6
2.957516635e-06	1.740793554e-06	-6
3.0058539e-06	1.728018418e-06	-6
3.05420343e-06	1.715289768e-06	-6
3.102559069e-06	1.702584373e-06	-6
3.15092223e-06	1.689907612e-06	-6
3.199296794e-06	1.677274452e-06	-6
3.247676951e-06	1.664662732e-06	-6
3.296067859e-06	1.652092308e-06	-6
3.344468087e-06	1.639557842e-06	-6
3.392874782e-06	1.627048361e-06	-6
3.441294245e-06	1.614588378e-06	-6
3.489722438e-06	1.602162402e-06	-6
3.538158178e-06	1.589765854e-06	-6
3.586607226e-06	1.577421409e-06	-6
3.635066246e-06	1.565116202e-06	-6
3.683534158e-06	1.552846061e-06	-6
3.732014097e-06	1.540623498e-06	-6
3.780507539e-06	1.528454637e-06	-6
3.829011581e-06	1.516328126e-06	-6
3.877526998e-06	1.50424718e-06	-6
3.926056514e-06	1.49222297e-06	-6
3.974601782e-06	1.480262534e-06	-6
4.023160904e-06	1.468358505e-06	-6
4.071735045e-06	1.456515919e-06	-6
4.120325527e-06	1.444740556e-06	-6
4.168933867e-06	1.433039119e-06	-6
4.217561823e-06	1.421419457e-06	-6
4.266211452e-06	1.409890868e-06	-6
4.314885189e-06	1.398464509e-06	-6
4.363585954e-06	1.387153941e-06	-6
4.412317294e-06	1.375975903e-06	-6
4.46108358e-06	1.364951391e-06	-6
4.509890281e-06	1.354107223e-06	-6
4.558755778e-06	1.343531396e-06	-6
4.607688944e-06	1.333273666e-06	-6
4.656732372e-06	1.323558093e-06	-6
4.705974005e-06	1.314914379e-06	-6
4.734011646e-06	1.319112727e-06	6
4.687029726e-06	1.33615354e-06	6
4.639337724e-06	1.351155566e-06	6
4.591417942e-06	1.365416243e-06	6
4.543378523e-06	1.379268788e-06	6
4.495260891e-06	1.392847488e-06	6
4.447083041e-06	1.406211065e-06	6
4.398855055e-06	1.419392636e-06	6
4.350589677e-06	1.432436621e-06	6
4.302292004e-06	1.44536053e-06	6
4.253966116e-06	1.458178544e-06	6
4.205615327e-06	1.470902321e-06	6
4.157242369e-06	1.48354157e-06	6
4.108849525e-06	1.496104484e-06	6
4.060438723e-06	1.508598049e-06	6
4.012010119e-06	1.521022456e-06	6
3.963563912e-06	1.533378033e-06	6
3.915103743e-06	1.5456787e-06	6
3.866630738e-06	1.557928685e-06	6
3.818145887e-06	1.570131737e-06	6
3.769646049e-06	1.582275098e-06	6
3.72113425e-06	1.594370561e-06	6
3.672612844e-06	1.606427417e-06	6
3.624081617e-06	1.61844472e-06	6
3.575536353e-06	1.630405187e-06	6
3.526983169e-06	1.642333427e-06	6
3.478422545e-06	1.654231385e-06	6
3.429847982e-06	1.666072305e-06	6
3.381266722e-06	1.677885687e-06	6
3.332678521e-06	1.689670519e-06	6
3.284077709e-06	1.701403233e-06	6
3.235471293e-06	1.71311268e-06	6
3.186856802e-06	1.724788588e-06	6
3.138232353e-06	1.736422937e-06	6
3.089603102e-06	1.748037202e-06	6
3.040963439e-06	1.759607802e-06	6
2.992317378e-06	1.771151445e-06	6
2.943665486e-06	1.782670512e-06	6
2.895003239e-06	1.794145745e-06	6
2.846337188e-06	1.805604835e-06	6
2.79766144e-06	1.817022679e-06	6
2.748980067e-06	1.828416486e-06	6
2.700292657e-06	1.839784497e-06	6
2.651596402e-06	1.85111454e-06	6
2.602897019e-06	1.862431147e-06	6
2.554186731e-06	1.87370073e-06	6
2.50547306e-06	1.884955654e-06	6
2.456751529e-06	1.896176524e-06	6
2.408023869e-06	1.907370726e-06	6
2.359291204e-06	1.918543145e-06	6
2.310549809e-06	1.929677398e-06	6
2.261805837e-06	1.940800383e-06	6
2.213051189e-06	1.951876478e-06	6
2.164293789e-06	1.96294043e-06	6
2.115528267e-06	1.973968552e-06	6
2.06675758e-06	1.98497378e-06	6
2.017981248e-06	1.995953993e-06	6
2.037576755e-06	1.991579476e-06	0.8668844586
2.086364924e-06	1.980651984e-06	-6
2.135162728e-06	1.969767594e-06	-6
2.183963598e-06	1.958896985e-06	-6
2.232772085e-06	1.948060602e-06	-6
2.281586063e-06	1.937249011e-06	-6
2.330405212e-06	1.926460764e-06	-6
2.379232331e-06	1.915708664e-06	-6
2.428062131e-06	1.904968729e-06	-6
2.476902457e-06	1.894276765e-06	-6
2.525745435e-06	1.883596943e-06	-6
2.574596548e-06	1.872954366e-06	-6
2.623452961e-06	1.86233618e-06	-6
2.672314755e-06	1.851742757e-06	-6
2.721184774e-06	1.841187359e-06	-6
2.770057849e-06	1.830646109e-06	-6
2.818941119e-06	1.820152227e-06	-6
2.867828208e-06	1.809676184e-06	-6
2.916722294e-06	1.799232815e-06	-6
2.965623684e-06	1.788823731e-06	-6
3.01452874e-06	1.778431854e-06	-6
3.063444682e-06	1.768091343e-06	-6
3.112364661e-06	1.757769979e-06	-6
3.161291672e-06	1.747481968e-06	-6
3.210227003e-06	1.73723363e-06	-6
3.25916686e-06	1.727006917e-06	-6
3.30811637e-06	1.716826491e-06	-6
3.357072473e-06	1.70667786e-06	-6
3.4060338e-06	1.696554423e-06	-6
3.455006414e-06	1.686485724e-06	-6
3.503985104e-06	1.676446668e-06	-6
3.552969873e-06	1.666437276e-06	-6
3.60196637e-06	1.65648545e-06	-6
3.650969895e-06	1.646568335e-06	-6
3.699980563e-06	1.636686558e-06	-6
3.749001939e-06	1.626858012e-06	-6
3.798033117e-06	1.617078524e-06	-6
3.847072782e-06	1.607341704e-06	-6
3.896121546e-06	1.59765078e-06	-6
3.945182715e-06	1.588022837e-06	-6
3.994255354e-06	1.578453573e-06	-6
4.04333903e-06	1.568941111e-06	-6
4.092434652e-06	1.559490507e-06	-6
4.141543254e-06	1.550107567e-06	-6
4.190666016e-06	1.540799016e-06	-6
4.239804299e-06	1.53157273e-06	-6
4.288959694e-06	1.522438039e-06	-6
4.338134076e-06	1.513406132e-06	-6
4.387329682e-06	1.504490608e-06	-6
4.43654922e-06	1.495708251e-06	-6
4.485796005e-06	1.487080106e-06	-6
4.535074163e-06	1.478633054e-06	-6
4.584395195e-06	1.470440403e-06	-6
4.633767839e-06	1.462564886e-06	-6
4.683221417e-06	1.455215885e-06	-6
4.732816246e-06	1.448905633e-06	-6
4.767392593e-06	1.452726455e-06	6
4.719775165e-06	1.467859937e-06	6
4.671421978e-06	1.480569659e-06	6
4.622870908e-06	1.49250506e-06	6
4.574217027e-06	1.504014915e-06	6
4.525493858e-06	1.515228312e-06	6
4.476723125e-06	1.526233162e-06	6
4.427908466e-06	1.537041594e-06	6
4.379062966e-06	1.547709761e-06	6
4.330190957e-06	1.558255828e-06	6
4.281295839e-06	1.568694246e-06	6
4.23238037e-06	1.579036892e-06	6
4.183446817e-06	1.589293658e-06	6
4.134497069e-06	1.599472885e-06	6
4.08553272e-06	1.609581688e-06	6
4.03655269e-06	1.619614247e-06	6
3.987559697e-06	1.629583274e-06	6
3.9385554e-06	1.639496556e-06	6
3.889540723e-06	1.649358395e-06	6
3.840516476e-06	1.659172608e-06	6
3.791479109e-06	1.668921055e-06	6
3.742433194e-06	1.678626352e-06	6
3.693379543e-06	1.688292483e-06	6
3.644317018e-06	1.697913514e-06	6
3.595244241e-06	1.707482094e-06	6
3.546165107e-06	1.71701799e-06	6
3.497079142e-06	1.726518708e-06	6
3.447982859e-06	1.735965948e-06	6
3.398881276e-06	1.745385573e-06	6
3.349773263e-06	1.754771661e-06	6
3.300656092e-06	1.764109687e-06	6
3.251534446e-06	1.773424128e-06	6
3.202405524e-06	1.78270015e-06	6
3.153269537e-06	1.791938644e-06	6
3.104129724e-06	1.801156786e-06	6
3.05498083e-06	1.810326404e-06	6
3.005827681e-06	1.81947314e-06	6
2.956669102e-06	1.828590693e-06	6
2.907503131e-06	1.837668268e-06	6
2.858334141e-06	1.846729494e-06	6
2.809156706e-06	1.855744784e-06	6
2.759975606e-06	1.864740022e-06	6
2.710788968e-06	1.873704971e-06	6
2.661596124e-06	1.882635765e-06	6
2.612400417e-06	1.891550811e-06	6
2.56319615e-06	1.900418482e-06	6
2.51398958e-06	1.909273348e-06	6
2.464776085e-06	1.918089667e-06	6
2.415558516e-06	1.926883181e-06	6
2.366336279e-06	1.935650563e-06	6
2.317107927e-06	1.944383514e-06	6
2.267877036e-06	1.953102172e-06	6
2.218638083e-06	1.96177517e-06	6
2.169397183e-06	1.970437102e-06	6
2.120149211e-06	1.979058752e-06	6
2.070897918e-06	1.987661374e-06	6
2.0216415e-06	1.996234641e-06	6
2.03309251e-06	1.994273243e-06	1.561820754
2.082357591e-06	1.985749904e-06	-5.640857619
2.13163035e-06	1.977271062e-06	-6
2.180904964e-06	1.968803025e-06	-6
2.23018644e-06	1.960374994e-06	-6
2.279471253e-06	1.951966535e-06	-6
2.328761016e-06	1.943587105e-06	-6
2.378056037e-06	1.935238695e-06	-6
2.427354068e-06	1.926908043e-06	-6
2.476659332e-06	1.918620324e-06	-6
2.52596665e-06	1.910344835e-06	-6
2.57528119e-06	1.902112475e-06	-6
2.624598902e-06	1.893899178e-06	-6
2.673921699e-06	1.885716438e-06	-6
2.723249919e-06	1.877566485e-06	-6
2.772580988e-06	1.86943376e-06	-6
2.82191986e-06	1.861348512e-06	-6
2.871261233e-06	1.853278567e-06	-6
2.92060892e-06	1.845247297e-06	-6
2.969961288e-06	1.837244878e-06	-6
3.019317342e-06	1.829265185e-06	-6
3.06868094e-06	1.821332308e-06	-6
3.118047561e-06	1.813418285e-06	-6
3.167420513e-06	1.805543818e-06	-6
3.216798878e-06	1.797703413e-06	-6
3.266180695e-06	1.789884737e-06	-6
3.315570841e-06	1.782118845e-06	-6
3.364965046e-06	1.774378863e-06	-6
3.414363932e-06	1.766668763e-06	-6
3.463770962e-06	1.75901104e-06	-6
3.513182328e-06	1.751381381e-06	-6
3.562599056e-06	1.743786476e-06	-6
3.61202416e-06	1.73624629e-06	-6
3.661454319e-06	1.728739363e-06	-6
3.710889861e-06	1.72126791e-06	-6
3.760334528e-06	1.713857067e-06	-6
3.809785518e-06	1.706488609e-06	-6
3.859242869e-06	1.699162967e-06	-6
3.908707208e-06	1.691884589e-06	-6
3.958181604e-06	1.684674898e-06	-6
4.007663615e-06	1.677517733e-06	-6
4.057153829e-06	1.670417534e-06	-6
4.106652903e-06	1.663379354e-06	-6
4.156161578e-06	1.656408989e-06	-6
4.205680697e-06	1.649513157e-06	-6
4.255212102e-06	1.64270614e-06	-6
4.304755531e-06	1.635987235e-06	-6
4.354312187e-06	1.629366617e-06	-6
4.403883505e-06	1.622856686e-06	-6
4.453473083e-06	1.616487417e-06	-6
4.503082192e-06	1.610272295e-06	-6
4.552713612e-06	1.60423811e-06	-6
4.602372803e-06	1.598437263e-06	-6
4.652069939e-06	1.592971343e-06	-6
4.701818423e-06	1.58799729e-06	-6
4.751650287e-06	1.583963623e-06	-6
4.795402974e-06	1.587177357e-06	6
4.747416183e-06	1.600880828e-06	6
4.69851737e-06	1.611295384e-06	6
4.649451052e-06	1.620894702e-06	6
4.600299102e-06	1.630046967e-06	6
4.55108747e-06	1.638873237e-06	6
4.501838186e-06	1.647487061e-06	6
4.452556664e-06	1.655914629e-06	6
4.403248459e-06	1.664184717e-06	6
4.353919602e-06	1.672330709e-06	6
4.304572807e-06	1.680367332e-06	6
4.255210266e-06	1.688306688e-06	6
4.205833775e-06	1.696158853e-06	6
4.156444827e-06	1.703932322e-06	6
4.107043796e-06	1.711628668e-06	6
4.057631275e-06	1.719250867e-06	6
4.008209311e-06	1.726811548e-06	6
3.958778732e-06	1.734315689e-06	6
3.909340258e-06	1.741767666e-06	6
3.859893596e-06	1.749165185e-06	6
3.810437807e-06	1.756501401e-06	6
3.760975729e-06	1.763795055e-06	6
3.71150781e-06	1.771049018e-06	6
3.66203223e-06	1.778250589e-06	6
3.612549964e-06	1.785406023e-06	6
3.563062922e-06	1.792528347e-06	6
3.513569839e-06	1.799608625e-06	6
3.464069994e-06	1.806641431e-06	6
3.414566185e-06	1.813646272e-06	6
3.365056709e-06	1.820610996e-06	6
3.315541314e-06	1.82753347e-06	6
3.266022585e-06	1.834432068e-06	6
3.216497629e-06	1.841285849e-06	6
3.166968287e-06	1.848107806e-06	6
3.117435883e-06	1.854907553e-06	6
3.067896425e-06	1.861655707e-06	6
3.01835441e-06	1.86838503e-06	6
2.968807613e-06	1.875079096e-06	6
2.919256173e-06	1.881738654e-06	6
2.869702403e-06	1.888380902e-06	6
2.820141895e-06	1.894972688e-06	6
2.770579359e-06	1.901549166e-06	6
2.721012028e-06	1.908089447e-06	6
2.671440913e-06	1.914600942e-06	6
2.621866973e-06	1.921090939e-06	6
2.572287537e-06	1.927538792e-06	6
2.52270642e-06	1.933973712e-06	6
2.473119559e-06	1.940364233e-06	6
2.423530458e-06	1.946737311e-06	6
2.373937267e-06	1.953078527e-06	6
2.324340361e-06	1.959390566e-06	6
2.274740918e-06	1.965682693e-06	6
2.225136357e-06	1.971934317e-06	6
2.175530389e-06	1.978174781e-06	6
2.125918646e-06	1.984369181e-06	6
2.076305201e-06	1.990549891e-06	6
2.026687398e-06	1.996695553e-06	6
2.027067701e-06	1.996673967e-06	2.430765636
2.076691659e-06	1.990578194e-06	-4.653844658
2.126320331e-06	1.984520959e-06	-6
2.175950315e-06	1.978474452e-06	-6
2.225586019e-06	1.972475081e-06	-6
2.275223271e-06	1.966488567e-06	-6
2.324864867e-06	1.960538147e-06	-6
2.374509372e-06	1.954612089e-06	-6
2.424156832e-06	1.948710796e-06	-6
2.473808593e-06	1.942845833e-06	-6
2.523461895e-06	1.936993894e-06	-6
2.573120934e-06	1.931190845e-06	-6
2.622781481e-06	1.925400749e-06	-6
2.67244642e-06	1.919648413e-06	-6
2.722114355e-06	1.913922055e-06	-6
2.771785102e-06	1.908220082e-06	-6
2.821460502e-06	1.902558821e-06	-6
2.871137649e-06	1.896912902e-06	-6
2.920820016e-06	1.891313086e-06	-6
2.970504831e-06	1.885735083e-06	-6
3.020193024e-06	1.880187196e-06	-6
3.069885642e-06	1.874679124e-06	-6
3.119580351e-06	1.869189938e-06	-6
3.169280259e-06	1.863747993e-06	-6
3.218983082e-06	1.858332815e-06	-6
3.268688893e-06	1.852945052e-06	-6
3.318400037e-06	1.847606749e-06	-6
3.368113744e-06	1.842292412e-06	-6
3.417831491e-06	1.83701593e-06	-6
3.467553966e-06	1.831784247e-06	-6
3.517279387e-06	1.826580647e-06	-6
3.567009303e-06	1.821420117e-06	-6
3.616744046e-06	1.816306387e-06	-6
3.666482197e-06	1.811225925e-06	-6
3.716224597e-06	1.806187154e-06	-6
3.765972762e-06	1.801205656e-06	-6
3.815724899e-06	1.796264059e-06	-6
3.865481273e-06	1.791365258e-06	-6
3.915243215e-06	1.786523285e-06	-6
3.965010907e-06	1.781740837e-06	-6
4.014783607e-06	1.77701087e-06	-6
4.064561681e-06	1.772337802e-06	-6
4.114345536e-06	1.767726654e-06	-6
4.164135787e-06	1.763185017e-06	-6
4.213933509e-06	1.758726062e-06	-6
4.263738258e-06	1.754346368e-06	-6
4.313550647e-06	1.750054516e-06	-6
4.363371381e-06	1.745860682e-06	-6
4.413201271e-06	1.741777091e-06	-6
4.46304126e-06	1.737818624e-06	-6
4.512894088e-06	1.734025459e-06	-6
4.562760383e-06	1.730414048e-06	-6
4.612641731e-06	1.727017101e-06	-6
4.662544841e-06	1.723957755e-06	-6
4.712473427e-06	1.721352679e-06	-6
4.762437472e-06	1.719576406e-06	-6
4.812309438e-06	1.721297957e-06	-6
4.769902402e-06	1.73504406e-06	6
4.720580975e-06	1.743222553e-06	6
4.671114137e-06	1.750480791e-06	6
4.621578597e-06	1.757256629e-06	6
4.571997305e-06	1.763689488e-06	6
4.522387164e-06	1.769896188e-06	6
4.472754629e-06	1.775921407e-06	6
4.423102854e-06	1.781786128e-06	6
4.373435287e-06	1.78751562e-06	6
4.323755035e-06	1.79313406e-06	6
4.274063715e-06	1.798653779e-06	6
4.224362643e-06	1.80408504e-06	6
4.17465243e-06	1.809432033e-06	6
4.124933671e-06	1.814698932e-06	6
4.075207744e-06	1.819897654e-06	6
4.02547534e-06	1.825034012e-06	6
3.97573705e-06	1.830113072e-06	6
3.925993384e-06	1.835139292e-06	6
3.876243251e-06	1.840101128e-06	6
3.826487929e-06	1.845010581e-06	6
3.776728376e-06	1.849876934e-06	6
3.726964901e-06	1.85470311e-06	6
3.677195505e-06	1.859467865e-06	6
3.627422505e-06	1.864194718e-06	6
3.57764633e-06	1.868888067e-06	6
3.527865408e-06	1.873530841e-06	6
3.478080813e-06	1.878133984e-06	6
3.428293607e-06	1.882708841e-06	6
3.378501985e-06	1.887235417e-06	6
3.328707228e-06	1.891727303e-06	6
3.278910293e-06	1.89619505e-06	6
3.229108655e-06	1.900610073e-06	6
3.179304862e-06	1.905000641e-06	6
3.129498438e-06	1.909361336e-06	6
3.079688147e-06	1.913677598e-06	6
3.029876211e-06	1.917974833e-06	6
2.980060599e-06	1.92222928e-06	6
2.930242658e-06	1.926456294e-06	6
2.880422623e-06	1.930658649e-06	6
2.830598939e-06	1.934817459e-06	6
2.780773967e-06	1.938960816e-06	6
2.730945392e-06	1.94306067e-06	6
2.68111503e-06	1.947138649e-06	6
2.631282323e-06	1.951187958e-06	6
2.581446761e-06	1.955201919e-06	6
2.531610004e-06	1.95920107e-06	6
2.481769414e-06	1.963152162e-06	6
2.431927849e-06	1.96709089e-06	6
2.382083217e-06	1.970990659e-06	6
2.332236842e-06	1.974868014e-06	6
2.282388374e-06	1.978718449e-06	6
2.232537311e-06	1.982535066e-06	6
2.18268507e-06	1.986336335e-06	6
2.132829425e-06	1.990092676e-06	6
2.082972953e-06	1.993838006e-06	6
2.033113334e-06	1.997541252e-06	6
2.019517111e-06	1.998569275e-06	3.465290553
2.069380398e-06	1.994915761e-06	-3.50506045
2.119245938e-06	1.991293198e-06	-6
2.169112734e-06	1.987687889e-06	-6
2.218982583e-06	1.984125096e-06	-6
2.268853232e-06	1.980573505e-06	-6
2.318727033e-06	1.977066435e-06	-6
2.368601965e-06	1.973575558e-06	-6
2.418479212e-06	1.970117846e-06	-6
2.468358399e-06	1.966688313e-06	-6
2.518239059e-06	1.963280183e-06	-6
2.568122483e-06	1.959912807e-06	-6
2.618006783e-06	1.956558392e-06	-6
2.667894178e-06	1.953250322e-06	-6
2.717782734e-06	1.949959873e-06	-6
2.767673459e-06	1.946702393e-06	-6
2.817566279e-06	1.943477264e-06	-6
2.86746031e-06	1.940270829e-06	-6
2.917357414e-06	1.937112596e-06	-6
2.96725556e-06	1.933970921e-06	-6
3.017156149e-06	1.930868211e-06	-6
3.06705866e-06	1.92779667e-06	-6
3.116962505e-06	1.924746785e-06	-6
3.166869426e-06	1.92174767e-06	-6
3.216777577e-06	1.918769176e-06	-6
3.266687905e-06	1.91582728e-06	-6
3.316600595e-06	1.912925841e-06	-6
3.366514671e-06	1.910048306e-06	-6
3.41643146e-06	1.90721816e-06	-6
3.466350238e-06	1.904423441e-06	-6
3.516270579e-06	1.901656719e-06	-6
3.566193834e-06	1.898943002e-06	-6
3.616119077e-06	1.89626629e-06	-6
3.666046091e-06	1.893622727e-06	-6
3.71597584e-06	1.891031261e-06	-6
3.765907998e-06	1.888486774e-06	-6
3.815842163e-06	1.885982029e-06	-6
3.865778467e-06	1.883520081e-06	-6
3.91571807e-06	1.881125995e-06	-6
3.965659956e-06	1.878780259e-06	-6
4.015604266e-06	1.876486749e-06	-6
4.065551148e-06	1.874249838e-06	-6
4.115500861e-06	1.87207687e-06	-6
4.165453911e-06	1.869982065e-06	-6
4.2154099e-06	1.867958801e-06	-6
4.265369012e-06	1.866014315e-06	-6
4.31533144e-06	1.864157089e-06	-6
4.365297387e-06	1.862397186e-06	-6
4.415267065e-06	1.860746687e-06	-6
4.465240685e-06	1.859220295e-06	-6
4.515218454e-06	1.857836167e-06	-6
4.565201304e-06	1.856650489e-06	-6
4.615188719e-06	1.855677932e-06	-6
4.665180928e-06	1.85500225e-06	-6
4.715176959e-06	1.854754576e-06	-6
4.765169922e-06	1.855285158e-06	-6
4.815062855e-06	1.858099476e-06	-6
4.78719761e-06	1.870232214e-06	6
4.737564797e-06	1.876235475e-06	6
4.687810993e-06	1.88115707e-06	6
4.638005863e-06	1.885530887e-06	6
4.588173509e-06	1.889583064e-06	6
4.538320415e-06	1.893372329e-06	6
4.488453611e-06	1.89697684e-06	6
4.438575663e-06	1.900424002e-06	6
4.388688494e-06	1.903735272e-06	6
4.338793573e-06	1.906927764e-06	6
4.288892048e-06	1.910015347e-06	6
4.238984826e-06	1.91300943e-06	6
4.189072642e-06	1.915919528e-06	6
4.139156092e-06	1.918753675e-06	6
4.08923567e-06	1.921518732e-06	6
4.039311788e-06	1.924220619e-06	6
3.989384795e-06	1.926864495e-06	6
3.939454703e-06	1.929449355e-06	6
3.889521286e-06	1.931969088e-06	6
3.839585531e-06	1.934441923e-06	6
3.789647634e-06	1.936871158e-06	6
3.73970737e-06	1.939251418e-06	6
3.689764499e-06	1.941576222e-06	6
3.639819963e-06	1.943864899e-06	6
3.589873862e-06	1.94611936e-06	6
3.539925088e-06	1.948313794e-06	6
3.489974999e-06	1.950477888e-06	6
3.440023656e-06	1.95261304e-06	6
3.390069897e-06	1.954690924e-06	6
3.340115081e-06	1.956743033e-06	6
3.290158991e-06	1.958764083e-06	6
3.240200956e-06	1.96073639e-06	6
3.190242055e-06	1.962686566e-06	6
3.140281639e-06	1.964597701e-06	6
3.09031988e-06	1.966473219e-06	6
3.040357398e-06	1.96832954e-06	6
2.990393019e-06	1.970134116e-06	6
2.940427973e-06	1.97191991e-06	6
2.890461735e-06	1.973672244e-06	6
2.840494287e-06	1.97538955e-06	6
2.790526264e-06	1.97709023e-06	6
2.740556563e-06	1.978740824e-06	6
2.690586389e-06	1.980376924e-06	6
2.640615005e-06	1.981975786e-06	6
2.59064277e-06	1.983547633e-06	6
2.540669802e-06	1.985096202e-06	6
2.49069562e-06	1.986604961e-06	6
2.440721062e-06	1.988101282e-06	6
2.390745105e-06	1.989550206e-06	6
2.340768745e-06	1.990984959e-06	6
2.290791379e-06	1.992384422e-06	6
2.240813308e-06	1.993758255e-06	6
2.190834587e-06	1.995108428e-06	6
2.140854889e-06	1.996421815e-06	6
2.090874863e-06	1.997722818e-06	6
2.040893618e-06	1.99897606e-06	6
2.010475991e-06	1.999747632e-06	4.657502053
2.060458485e-06	1.998545185e-06	-2.202217074
2.110441491e-06	1.997364481e-06	-6
2.160425133e-06	1.996210747e-06	-6
2.210409521e-06	1.995090006e-06	-6
2.260394274e-06	1.993985443e-06	-6
2.310379985e-06	1.992925202e-06	-6
2.360365938e-06	1.991876487e-06	-6
2.410352775e-06	1.990870687e-06	-6
2.460339977e-06	1.989883413e-06	-6
2.51032779e-06	1.988927305e-06	-6
2.560316182e-06	1.988002273e-06	-6
2.610304926e-06	1.987096136e-06	-6
2.660294451e-06	1.986234336e-06	-6
2.71028421e-06	1.985386262e-06	-6
2.760274683e-06	1.984581126e-06	-6
2.810265505e-06	1.983798424e-06	-6
2.860256775e-06	1.983044437e-06	-6
2.910248602e-06	1.982328672e-06	-6
2.960240666e-06	1.981629389e-06	-6
3.010233396e-06	1.980979333e-06	-6
3.060226386e-06	1.980350199e-06	-6
3.110219776e-06	1.97975307e-06	-6
3.160213627e-06	1.979196363e-06	-6
3.210207704e-06	1.978660161e-06	-6
3.260202269e-06	1.978171222e-06	-6
3.310197109e-06	1.977712044e-06	-6
3.360192185e-06	1.977278556e-06	-6
3.410187704e-06	1.976899631e-06	-6
3.460183408e-06	1.976546955e-06	-6
3.510179344e-06	1.976227627e-06	-6
3.56017559e-06	1.97596172e-06	-6
3.610171984e-06	1.975726743e-06	-6
3.66016854e-06	1.975526793e-06	-6
3.710165299e-06	1.975386754e-06	-6
3.760162138e-06	1.975283581e-06	-6
3.810159047e-06	1.975219836e-06	-6
3.860156003e-06	1.975211636e-06	-6
3.910152929e-06	1.975258294e-06	-6
3.960149783e-06	1.975352898e-06	-6
4.010146516e-06	1.975499268e-06	-6
4.060143054e-06	1.975703548e-06	-6
4.110139228e-06	1.975982888e-06	-6
4.160134989e-06	1.976326927e-06	-6
4.210130207e-06	1.976741807e-06	-6
4.260124713e-06	1.97723465e-06	-6
4.310118292e-06	1.977813802e-06	-6
4.360110661e-06	1.97848916e-06	-6
4.410101448e-06	1.9792726e-06	-6
4.46009016e-06	1.980178569e-06	-6
4.510076126e-06	1.981224903e-06	-6
4.560058337e-06	1.982437407e-06	-6
4.610034223e-06	1.983886476e-06	-6
4.660002102e-06	1.985588421e-06	-6
4.709953503e-06	1.987717233e-06	-6
4.759872872e-06	1.990489054e-06	-6
4.809657961e-06	1.994985092e-06	-6
4.799252951e-06	2.006248224e-06	6
4.749413501e-06	2.010152547e-06	6
4.699485589e-06	2.012765329e-06	6
4.649529727e-06	2.014785013e-06	6
4.599560419e-06	2.016444441e-06	6
4.549582601e-06	2.017825093e-06	6
4.499599603e-06	2.019004322e-06	6
4.449613078e-06	2.020023505e-06	6
4.399623916e-06	2.020904566e-06	6
4.349632764e-06	2.021664981e-06	6
4.299640102e-06	2.022318907e-06	6
4.249646289e-06	2.022877988e-06	6
4.199651596e-06	2.023351928e-06	6
4.149656234e-06	2.023748917e-06	6
4.099660363e-06	2.024075946e-06	6
4.049664111e-06	2.024339045e-06	6
3.999667573e-06	2.024543464e-06	6
3.94967079e-06	2.024674694e-06	6
3.899673907e-06	2.024754308e-06	6
3.849676973e-06	2.024786507e-06	6
3.799680021e-06	2.024774646e-06	6
3.749683119e-06	2.02470108e-06	6
3.699686309e-06	2.024584321e-06	6
3.649689595e-06	2.024431072e-06	6
3.599693037e-06	2.0242316e-06	6
3.549696702e-06	2.023983735e-06	6
3.499700529e-06	2.02370524e-06	6
3.44970459e-06	2.023386368e-06	6
3.399708972e-06	2.023021365e-06	6
3.349713551e-06	2.022630354e-06	6
3.299718471e-06	2.022197303e-06	6
3.249723741e-06	2.02172625e-06	6
3.199729222e-06	2.02123288e-06	6
3.149735215e-06	2.020689849e-06	6
3.099741495e-06	2.020121627e-06	6
3.0497481e-06	2.019524915e-06	6
2.999755251e-06	2.018884416e-06	6
2.949762633e-06	2.018226167e-06	6
2.899770604e-06	2.017524257e-06	6
2.849778939e-06	2.016797383e-06	6
2.799787663e-06	2.016043798e-06	6
2.749797012e-06	2.015250092e-06	6
2.699806592e-06	2.014441804e-06	6
2.649816955e-06	2.013586366e-06	6
2.599827621e-06	2.012713734e-06	6
2.54983887e-06	2.011807989e-06	6
2.499850678e-06	2.010872192e-06	6
2.449862858e-06	2.009916474e-06	6
2.399875866e-06	2.00891849e-06	6
2.349889114e-06	2.007908581e-06	6
2.299903287e-06	2.006853699e-06	6
2.249917806e-06	2.005782829e-06	6
2.199933045e-06	2.004678651e-06	6
2.149948897e-06	2.003547307e-06	6
2.099965246e-06	2.002393956e-06	6
2.049982494e-06	2.00120245e-06	6
2e-06	2e-06	6
