# X_m	Y_m	V
0	1e-06	-6
2e-08	1e-06	-6
4e-08	1e-06	-6
6e-08	1e-06	-6
8e-08	1e-06	-6
1e-07	1e-06	-6
1.2e-07	1e-06	-6
1.4e-07	1e-06	-6
1.6e-07	1e-06	-6
1.8e-07	1e-06	-6
2e-07	1e-06	-6
2.2e-07	1e-06	-6
2.4e-07	1e-06	-6
2.6e-07	1e-06	-6
2.8e-07	1e-06	-6
3e-07	1e-06	-6
3.2e-07	1e-06	-6
3.4e-07	1e-06	-6
3.6e-07	1e-06	-6
3.8e-07	1e-06	-6
4e-07	1e-06	-6
4.2e-07	1e-06	-6
4.4e-07	1e-06	-6
4.6e-07	1e-06	-6
4.8e-07	1e-06	-6
5e-07	1e-06	-6
5.2e-07	1e-06	-6
5.4e-07	1e-06	-6
5.6e-07	1e-06	-6
5.8e-07	1e-06	-6
6e-07	1e-06	-6
6.2e-07	1e-06	-6
6.4e-07	1e-06	-6
6.6e-07	1e-06	-6
6.8e-07	1e-06	-6
7e-07	1e-06	-6
7.2e-07	1e-06	-6
7.4e-07	1e-06	-6
7.6e-07	1e-06	-6
7.8e-07	1e-06	-6
8e-07	1e-06	-6
8.2e-07	1e-06	-6
8.4e-07	1e-06	-6
8.6e-07	1e-06	-6
8.8e-07	1e-06	-6
9e-07	1e-06	-6
9.2e-07	1e-06	-6
9.4e-07	1e-06	-6
9.6e-07	1e-06	-6
9.8e-07	1e-06	-6
1e-06	1e-06	-6
1.02e-06	1e-06	-6
1.04e-06	1e-06	-6
1.06e-06	1e-06	-6
1.08e-06	1e-06	-6
1.1e-06	1e-06	-6
1.12e-06	1e-06	-6
1.14e-06	1e-06	-6
1.16e-06	1e-06	-6
1.18e-06	1e-06	-6
1.2e-06	1e-06	-6
1.22e-06	1e-06	-6
1.24e-06	1e-06	-6
1.26e-06	1e-06	-6
1.28e-06	1e-06	-6
1.3e-06	1e-06	-6
1.32e-06	1e-06	-6
1.34e-06	1e-06	-6
1.36e-06	1e-06	-6
1.38e-06	1e-06	-6
1.4e-06	1e-06	-6
1.42e-06	1e-06	-6
1.44e-06	1e-06	-6
1.46e-06	1e-06	-6
1.48e-06	1e-06	-6
1.5e-06	1e-06	-6
1.52e-06	1e-06	-6
1.54e-06	1e-06	-6
1.56e-06	1e-06	-6
1.58e-06	1e-06	-6
1.6e-06	1e-06	-6
1.62e-06	1e-06	-6
1.64e-06	1e-06	-6
1.66e-06	1e-06	-6
1.68e-06	1e-06	-6
1.7e-06	1e-06	-6
1.72e-06	1e-06	-6
1.74e-06	1e-06	-6
1.76e-06	1e-06	-6
1.78e-06	1e-06	-6
1.8e-06	1e-06	-6
1.82e-06	1e-06	-6
1.84e-06	1e-06	-6
1.86e-06	1e-06	-6
1.88e-06	1e-06	-6
1.9e-06	1e-06	-6
1.92e-06	1e-06	-6
1.94e-06	1e-06	-6
1.96e-06	1e-06	-6
1.98e-06	1e-06	-6
2e-06	1e-06	-6
2e-06	1e-06	0
2e-06	1e-06	6
1.98019802e-06	1e-06	6
1.96039604e-06	1e-06	6
1.940594059e-06	1e-06	6
1.920792079e-06	1e-06	6
1.900990099e-06	1e-06	6
1.881188119e-06	1e-06	6
1.861386139e-06	1e-06	6
1.841584158e-06	1e-06	6
1.821782178e-06	1e-06	6
1.801980198e-06	1e-06	6
1.782178218e-06	1e-06	6
1.762376238e-06	1e-06	6
1.742574257e-06	1e-06	6
1.722772277e-06	1e-06	6
1.702970297e-06	1e-06	6
1.683168317e-06	1e-06	6
1.663366337e-06	1e-06	6
1.643564356e-06	1e-06	6
1.623762376e-06	1e-06	6
1.603960396e-06	1e-06	6
1.584158416e-06	1e-06	6
1.564356436e-06	1e-06	6
1.544554455e-06	1e-06	6
1.524752475e-06	1e-06	6
1.504950495e-06	1e-06	6
1.485148515e-06	1e-06	6
1.465346535e-06	1e-06	6
1.445544554e-06	1e-06	6
1.425742574e-06	1e-06	6
1.405940594e-06	1e-06	6
1.386138614e-06	1e-06	6
1.366336634e-06	1e-06	6
1.346534653e-06	1e-06	6
1.326732673e-06	1e-06	6
1.306930693e-06	1e-06	6
1.287128713e-06	1e-06	6
1.267326733e-06	1e-06	6
1.247524752e-06	1e-06	6
1.227722772e-06	1e-06	6
1.207920792e-06	1e-06	6
1.188118812e-06	1e-06	6
1.168316832e-06	1e-06	6
1.148514851e-06	1e-06	6
1.128712871e-06	1e-06	6
1.108910891e-06	1e-06	6
1.089108911e-06	1e-06	6
1.069306931e-06	1e-06	6
1.04950495e-06	1e-06	6
1.02970297e-06	1e-06	6
1.00990099e-06	1e-06	6
9.900990099e-07	1e-06	6
9.702970297e-07	1e-06	6
9.504950495e-07	1e-06	6
9.306930693e-07	1e-06	6
9.108910891e-07	1e-06	6
8.910891089e-07	1e-06	6
8.712871287e-07	1e-06	6
8.514851485e-07	1e-06	6
8.316831683e-07	1e-06	6
8.118811881e-07	1e-06	6
7.920792079e-07	1e-06	6
7.722772277e-07	1e-06	6
7.524752475e-07	1e-06	6
7.326732673e-07	1e-06	6
7.128712871e-07	1e-06	6
6.930693069e-07	1e-06	6
6.732673267e-07	1e-06	6
6.534653465e-07	1e-06	6
6.336633663e-07	1e-06	6
6.138613861e-07	1e-06	6
5.940594059e-07	1e-06	6
5.742574257e-07	1e-06	6
5.544554455e-07	1e-06	6
5.346534653e-07	1e-06	6
5.148514851e-07	1e-06	6
4.95049505e-07	1e-06	6
4.752475248e-07	1e-06	6
4.554455446e-07	1e-06	6
4.356435644e-07	1e-06	6
4.158415842e-07	1e-06	6
3.96039604e-07	1e-06	6
3.762376238e-07	1e-06	6
3.564356436e-07	1e-06	6
3.366336634e-07	1e-06	6
3.168316832e-07	1e-06	6
2.97029703e-07	1e-06	6
2.772277228e-07	1e-06	6
2.574257426e-07	1e-06	6
2.376237624e-07	1e-06	6
2.178217822e-07	1e-06	6
1.98019802e-07	1e-06	6
1.782178218e-07	1e-06	6
1.584158416e-07	1e-06	6
1.386138614e-07	1e-06	6
1.188118812e-07	1e-06	6
9.900990099e-08	1e-06	6
7.920792079e-08	1e-06	6
5.940594059e-08	1e-06	6
3.96039604e-08	1e-06	6
1.98019802e-08	1e-06	6
0	1e-06	6
0	1e-06	0
4.015145983e-10	9.836441086e-07	0
8.030291966e-10	9.672882171e-07	0
1.204543795e-09	9.509323257e-07	0
1.204543795e-09	9.509323257e-07	-6
2.118045292e-08	9.519136792e-07	-6
4.115636204e-08	9.528950326e-07	-6
6.113227117e-08	9.538763861e-07	-6
8.110818029e-08	9.548577396e-07	-6
1.010840894e-07	9.558390931e-07	-6
1.210599985e-07	9.568204466e-07	-6
1.410359077e-07	9.578018001e-07	-6
1.610118168e-07	9.587831536e-07	-6
1.809877259e-07	9.597645071e-07	-6
2.00963635e-07	9.607458605e-07	-6
2.209395442e-07	9.61727214e-07	-6
2.409154533e-07	9.627085675e-07	-6
2.608913624e-07	9.63689921e-07	-6
2.808672715e-07	9.646712745e-07	-6
3.008431807e-07	9.65652628e-07	-6
3.208190898e-07	9.666339815e-07	-6
3.407949989e-07	9.676153349e-07	-6
3.60770908e-07	9.685966884e-07	-6
3.807468172e-07	9.695780419e-07	-6
4.007227263e-07	9.705593954e-07	-6
4.206986354e-07	9.715407489e-07	-6
4.406745445e-07	9.725221024e-07	-6
4.606504536e-07	9.735034559e-07	-6
4.806263628e-07	9.744848093e-07	-6
5.006022719e-07	9.754661628e-07	-6
5.20578181e-07	9.764475163e-07	-6
5.405540901e-07	9.774288698e-07	-6
5.605299993e-07	9.784102233e-07	-6
5.805059084e-07	9.793915768e-07	-6
6.004818175e-07	9.803729303e-07	-6
6.204577266e-07	9.813542838e-07	-6
6.404336358e-07	9.823356372e-07	-6
6.604095449e-07	9.833169907e-07	-6
6.80385454e-07	9.842983442e-07	-6
7.003613631e-07	9.852796977e-07	-6
7.203372723e-07	9.862610512e-07	-6
7.403131814e-07	9.872424047e-07	-6
7.602890905e-07	9.882237582e-07	-6
7.802649996e-07	9.892051116e-07	-6
8.002409088e-07	9.901864651e-07	-6
8.202168179e-07	9.911678186e-07	-6
8.40192727e-07	9.921491721e-07	-6
8.601686361e-07	9.931305256e-07	-6
8.801445453e-07	9.941118791e-07	-6
9.001204544e-07	9.950932326e-07	-6
9.200963635e-07	9.960745861e-07	-6
9.400722726e-07	9.970559395e-07	-6
9.600481818e-07	9.98037293e-07	-6
9.800240909e-07	9.990186465e-07	-6
1e-06	1e-06	-6
1.019975909e-06	1.000981353e-06	-6
1.039951818e-06	1.001962707e-06	-6
1.059927727e-06	1.00294406e-06	-6
1.079903636e-06	1.003925414e-06	-6
1.099879546e-06	1.004906767e-06	-6
1.119855455e-06	1.005888121e-06	-6
1.139831364e-06	1.006869474e-06	-6
1.159807273e-06	1.007850828e-06	-6
1.179783182e-06	1.008832181e-06	-6
1.199759091e-06	1.009813535e-06	-6
1.219735e-06	1.010794888e-06	-6
1.239710909e-06	1.011776242e-06	-6
1.259686819e-06	1.012757595e-06	-6
1.279662728e-06	1.013738949e-06	-6
1.299638637e-06	1.014720302e-06	-6
1.319614546e-06	1.015701656e-06	-6
1.339590455e-06	1.016683009e-06	-6
1.359566364e-06	1.017664363e-06	-6
1.379542273e-06	1.018645716e-06	-6
1.399518182e-06	1.01962707e-06	-6
1.419494092e-06	1.020608423e-06	-6
1.439470001e-06	1.021589777e-06	-6
1.45944591e-06	1.02257113e-06	-6
1.479421819e-06	1.023552484e-06	-6
1.499397728e-06	1.024533837e-06	-6
1.519373637e-06	1.025515191e-06	-6
1.539349546e-06	1.026496544e-06	-6
1.559325455e-06	1.027477898e-06	-6
1.579301365e-06	1.028459251e-06	-6
1.599277274e-06	1.029440605e-06	-6
1.619253183e-06	1.030421958e-06	-6
1.639229092e-06	1.031403312e-06	-6
1.659205001e-06	1.032384665e-06	-6
1.67918091e-06	1.033366019e-06	-6
1.699156819e-06	1.034347372e-06	-6
1.719132728e-06	1.035328726e-06	-6
1.739108638e-06	1.036310079e-06	-6
1.759084547e-06	1.037291432e-06	-6
1.779060456e-06	1.038272786e-06	-6
1.799036365e-06	1.039254139e-06	-6
1.819012274e-06	1.040235493e-06	-6
1.838988183e-06	1.041216846e-06	-6
1.858964092e-06	1.0421982e-06	-6
1.878940001e-06	1.043179553e-06	-6
1.898915911e-06	1.044160907e-06	-6
1.91889182e-06	1.04514226e-06	-6
1.938867729e-06	1.046123614e-06	-6
1.958843638e-06	1.047104967e-06	-6
1.978819547e-06	1.048086321e-06	-6
1.998795456e-06	1.049067674e-06	-6
1.998795456e-06	1.049067674e-06	0
1.998795456e-06	1.049067674e-06	6
1.978819547e-06	1.048086321e-06	6
1.958843638e-06	1.047104967e-06	6
1.938867729e-06	1.046123614e-06	6
1.91889182e-06	1.04514226e-06	6
1.898915911e-06	1.044160907e-06	6
1.878940001e-06	1.043179553e-06	6
1.858964092e-06	1.0421982e-06	6
1.838988183e-06	1.041216846e-06	6
1.819012274e-06	1.040235493e-06	6
1.799036365e-06	1.039254139e-06	6
1.779060456e-06	1.038272786e-06	6
1.759084547e-06	1.037291432e-06	6
1.739108638e-06	1.036310079e-06	6
1.719132728e-06	1.035328726e-06	6
1.699156819e-06	1.034347372e-06	6
1.67918091e-06	1.033366019e-06	6
1.659205001e-06	1.032384665e-06	6
1.639229092e-06	1.031403312e-06	6
1.619253183e-06	1.030421958e-06	6
1.599277274e-06	1.029440605e-06	6
1.579301365e-06	1.028459251e-06	6
1.559325455e-06	1.027477898e-06	6
1.539349546e-06	1.026496544e-06	6
1.519373637e-06	1.025515191e-06	6
1.499397728e-06	1.024533837e-06	6
1.479421819e-06	1.023552484e-06	6
1.45944591e-06	1.02257113e-06	6
1.439470001e-06	1.021589777e-06	6
1.419494092e-06	1.020608423e-06	6
1.399518182e-06	1.01962707e-06	6
1.379542273e-06	1.018645716e-06	6
1.359566364e-06	1.017664363e-06	6
1.339590455e-06	1.016683009e-06	6
1.319614546e-06	1.015701656e-06	6
1.299638637e-06	1.014720302e-06	6
1.279662728e-06	1.013738949e-06	6
1.259686819e-06	1.012757595e-06	6
1.239710909e-06	1.011776242e-06	6
1.219735e-06	1.010794888e-06	6
1.199759091e-06	1.009813535e-06	6
1.179783182e-06	1.008832181e-06	6
1.159807273e-06	1.007850828e-06	6
1.139831364e-06	1.006869474e-06	6
1.119855455e-06	1.005888121e-06	6
1.099879546e-06	1.004906767e-06	6
1.079903636e-06	1.003925414e-06	6
1.059927727e-06	1.00294406e-06	6
1.039951818e-06	1.001962707e-06	6
1.019975909e-06	1.000981353e-06	6
1e-06	1e-06	6
9.800240909e-07	9.990186465e-07	6
9.600481818e-07	9.98037293e-07	6
9.400722726e-07	9.970559395e-07	6
9.200963635e-07	9.960745861e-07	6
9.001204544e-07	9.950932326e-07	6
8.801445453e-07	9.941118791e-07	6
8.601686361e-07	9.931305256e-07	6
8.40192727e-07	9.921491721e-07	6
8.202168179e-07	9.911678186e-07	6
8.002409088e-07	9.901864651e-07	6
7.802649996e-07	9.892051116e-07	6
7.602890905e-07	9.882237582e-07	6
7.403131814e-07	9.872424047e-07	6
7.203372723e-07	9.862610512e-07	6
7.003613631e-07	9.852796977e-07	6
6.80385454e-07	9.842983442e-07	6
6.604095449e-07	9.833169907e-07	6
6.404336358e-07	9.823356372e-07	6
6.204577266e-07	9.813542838e-07	6
6.004818175e-07	9.803729303e-07	6
5.805059084e-07	9.793915768e-07	6
5.605299993e-07	9.784102233e-07	6
5.405540901e-07	9.774288698e-07	6
5.20578181e-07	9.764475163e-07	6
5.006022719e-07	9.754661628e-07	6
4.806263628e-07	9.744848093e-07	6
4.606504536e-07	9.735034559e-07	6
4.406745445e-07	9.725221024e-07	6
4.206986354e-07	9.715407489e-07	6
4.007227263e-07	9.705593954e-07	6
3.807468172e-07	9.695780419e-07	6
3.60770908e-07	9.685966884e-07	6
3.407949989e-07	9.676153349e-07	6
3.208190898e-07	9.666339815e-07	6
3.008431807e-07	9.65652628e-07	6
2.808672715e-07	9.646712745e-07	6
2.608913624e-07	9.63689921e-07	6
2.409154533e-07	9.627085675e-07	6
2.209395442e-07	9.61727214e-07	6
2.00963635e-07	9.607458605e-07	6
1.809877259e-07	9.597645071e-07	6
1.610118168e-07	9.587831536e-07	6
1.410359077e-07	9.578018001e-07	6
1.210599985e-07	9.568204466e-07	6
1.010840894e-07	9.558390931e-07	6
8.110818029e-08	9.548577396e-07	6
6.113227117e-08	9.538763861e-07	6
4.115636204e-08	9.528950326e-07	6
2.118045292e-08	9.519136792e-07	6
1.204543795e-09	9.509323257e-07	6
1.204543795e-09	9.509323257e-07	0
2.408120306e-09	9.34615837e-07	0
3.611696817e-09	9.182993483e-07	0
4.815273328e-09	9.019828597e-07	0
4.815273328e-09	9.019828597e-07	-6
2.471896786e-08	9.039432025e-07	-6
4.462266239e-08	9.059035453e-07	-6
6.452635693e-08	9.078638881e-07	-6
8.443005146e-08	9.098242309e-07	-6
1.04333746e-07	9.117845737e-07	-6
1.242374405e-07	9.137449165e-07	-6
1.441411351e-07	9.157052593e-07	-6
1.640448296e-07	9.176656021e-07	-6
1.839485241e-07	9.196259449e-07	-6
2.038522187e-07	9.215862877e-07	-6
2.237559132e-07	9.235466305e-07	-6
2.436596077e-07	9.255069733e-07	-6
2.635633023e-07	9.274673162e-07	-6
2.834669968e-07	9.29427659e-07	-6
3.033706913e-07	9.313880018e-07	-6
3.232743859e-07	9.333483446e-07	-6
3.431780804e-07	9.353086874e-07	-6
3.630817749e-07	9.372690302e-07	-6
3.829854695e-07	9.39229373e-07	-6
4.02889164e-07	9.411897158e-07	-6
4.227928585e-07	9.431500586e-07	-6
4.426965531e-07	9.451104014e-07	-6
4.626002476e-07	9.470707442e-07	-6
4.825039421e-07	9.49031087e-07	-6
5.024076367e-07	9.509914298e-07	-6
5.223113312e-07	9.529517726e-07	-6
5.422150257e-07	9.549121154e-07	-6
5.621187203e-07	9.568724583e-07	-6
5.820224148e-07	9.588328011e-07	-6
6.019261093e-07	9.607931439e-07	-6
6.218298039e-07	9.627534867e-07	-6
6.417334984e-07	9.647138295e-07	-6
6.616371929e-07	9.666741723e-07	-6
6.815408875e-07	9.686345151e-07	-6
7.01444582e-07	9.705948579e-07	-6
7.213482765e-07	9.725552007e-07	-6
7.412519711e-07	9.745155435e-07	-6
7.611556656e-07	9.764758863e-07	-6
7.810593601e-07	9.784362291e-07	-6
8.009630547e-07	9.803965719e-07	-6
8.208667492e-07	9.823569147e-07	-6
8.407704437e-07	9.843172575e-07	-6
8.606741383e-07	9.862776004e-07	-6
8.805778328e-07	9.882379432e-07	-6
9.004815273e-07	9.90198286e-07	-6
9.203852219e-07	9.921586288e-07	-6
9.402889164e-07	9.941189716e-07	-6
9.601926109e-07	9.960793144e-07	-6
9.800963055e-07	9.980396572e-07	-6
1e-06	1e-06	-6
1.019903695e-06	1.001960343e-06	-6
1.039807389e-06	1.003920686e-06	-6
1.059711084e-06	1.005881028e-06	-6
1.079614778e-06	1.007841371e-06	-6
1.099518473e-06	1.009801714e-06	-6
1.119422167e-06	1.011762057e-06	-6
1.139325862e-06	1.0137224e-06	-6
1.159229556e-06	1.015682742e-06	-6
1.179133251e-06	1.017643085e-06	-6
1.199036945e-06	1.019603428e-06	-6
1.21894064e-06	1.021563771e-06	-6
1.238844334e-06	1.023524114e-06	-6
1.258748029e-06	1.025484456e-06	-6
1.278651723e-06	1.027444799e-06	-6
1.298555418e-06	1.029405142e-06	-6
1.318459113e-06	1.031365485e-06	-6
1.338362807e-06	1.033325828e-06	-6
1.358266502e-06	1.035286171e-06	-6
1.378170196e-06	1.037246513e-06	-6
1.398073891e-06	1.039206856e-06	-6
1.417977585e-06	1.041167199e-06	-6
1.43788128e-06	1.043127542e-06	-6
1.457784974e-06	1.045087885e-06	-6
1.477688669e-06	1.047048227e-06	-6
1.497592363e-06	1.04900857e-06	-6
1.517496058e-06	1.050968913e-06	-6
1.537399752e-06	1.052929256e-06	-6
1.557303447e-06	1.054889599e-06	-6
1.577207141e-06	1.056849941e-06	-6
1.597110836e-06	1.058810284e-06	-6
1.617014531e-06	1.060770627e-06	-6
1.636918225e-06	1.06273097e-06	-6
1.65682192e-06	1.064691313e-06	-6
1.676725614e-06	1.066651655e-06	-6
1.696629309e-06	1.068611998e-06	-6
1.716533003e-06	1.070572341e-06	-6
1.736436698e-06	1.072532684e-06	-6
1.756340392e-06	1.074493027e-06	-6
1.776244087e-06	1.076453369e-06	-6
1.796147781e-06	1.078413712e-06	-6
1.816051476e-06	1.080374055e-06	-6
1.83595517e-06	1.082334398e-06	-6
1.855858865e-06	1.084294741e-06	-6
1.875762559e-06	1.086255083e-06	-6
1.895666254e-06	1.088215426e-06	-6
1.915569949e-06	1.090175769e-06	-6
1.935473643e-06	1.092136112e-06	-6
1.955377338e-06	1.094096455e-06	-6
1.975281032e-06	1.096056798e-06	-6
1.995184727e-06	1.09801714e-06	-6
1.995184727e-06	1.09801714e-06	0
1.995184727e-06	1.09801714e-06	6
1.975281032e-06	1.096056798e-06	6
1.955377338e-06	1.094096455e-06	6
1.935473643e-06	1.092136112e-06	6
1.915569949e-06	1.090175769e-06	6
1.895666254e-06	1.088215426e-06	6
1.875762559e-06	1.086255083e-06	6
1.855858865e-06	1.084294741e-06	6
1.83595517e-06	1.082334398e-06	6
1.816051476e-06	1.080374055e-06	6
1.796147781e-06	1.078413712e-06	6
1.776244087e-06	1.076453369e-06	6
1.756340392e-06	1.074493027e-06	6
1.736436698e-06	1.072532684e-06	6
1.716533003e-06	1.070572341e-06	6
1.696629309e-06	1.068611998e-06	6
1.676725614e-06	1.066651655e-06	6
1.65682192e-06	1.064691313e-06	6
1.636918225e-06	1.06273097e-06	6
1.617014531e-06	1.060770627e-06	6
1.597110836e-06	1.058810284e-06	6
1.577207141e-06	1.056849941e-06	6
1.557303447e-06	1.054889599e-06	6
1.537399752e-06	1.052929256e-06	6
1.517496058e-06	1.050968913e-06	6
1.497592363e-06	1.04900857e-06	6
1.477688669e-06	1.047048227e-06	6
1.457784974e-06	1.045087885e-06	6
1.43788128e-06	1.043127542e-06	6
1.417977585e-06	1.041167199e-06	6
1.398073891e-06	1.039206856e-06	6
1.378170196e-06	1.037246513e-06	6
1.358266502e-06	1.035286171e-06	6
1.338362807e-06	1.033325828e-06	6
1.318459113e-06	1.031365485e-06	6
1.298555418e-06	1.029405142e-06	6
1.278651723e-06	1.027444799e-06	6
1.258748029e-06	1.025484456e-06	6
1.238844334e-06	1.023524114e-06	6
1.21894064e-06	1.021563771e-06	6
1.199036945e-06	1.019603428e-06	6
1.179133251e-06	1.017643085e-06	6
1.159229556e-06	1.015682742e-06	6
1.139325862e-06	1.0137224e-06	6
1.119422167e-06	1.011762057e-06	6
1.099518473e-06	1.009801714e-06	6
1.079614778e-06	1.007841371e-06	6
1.059711084e-06	1.005881028e-06	6
1.039807389e-06	1.003920686e-06	6
1.019903695e-06	1.001960343e-06	6
1e-06	1e-06	6
9.800963055e-07	9.980396572e-07	6
9.601926109e-07	9.960793144e-07	6
9.402889164e-07	9.941189716e-07	6
9.203852219e-07	9.921586288e-07	6
9.004815273e-07	9.90198286e-07	6
8.805778328e-07	9.882379432e-07	6
8.606741383e-07	9.862776004e-07	6
8.407704437e-07	9.843172575e-07	6
8.208667492e-07	9.823569147e-07	6
8.009630547e-07	9.803965719e-07	6
7.810593601e-07	9.784362291e-07	6
7.611556656e-07	9.764758863e-07	6
7.412519711e-07	9.745155435e-07	6
7.213482765e-07	9.725552007e-07	6
7.01444582e-07	9.705948579e-07	6
6.815408875e-07	9.686345151e-07	6
6.616371929e-07	9.666741723e-07	6
6.417334984e-07	9.647138295e-07	6
6.218298039e-07	9.627534867e-07	6
6.019261093e-07	9.607931439e-07	6
5.820224148e-07	9.588328011e-07	6
5.621187203e-07	9.568724583e-07	6
5.422150257e-07	9.549121154e-07	6
5.223113312e-07	9.529517726e-07	6
5.024076367e-07	9.509914298e-07	6
4.825039421e-07	9.49031087e-07	6
4.626002476e-07	9.470707442e-07	6
4.426965531e-07	9.451104014e-07	6
4.227928585e-07	9.431500586e-07	6
4.02889164e-07	9.411897158e-07	6
3.829854695e-07	9.39229373e-07	6
3.630817749e-07	9.372690302e-07	6
3.431780804e-07	9.353086874e-07	6
3.232743859e-07	9.333483446e-07	6
3.033706913e-07	9.313880018e-07	6
2.834669968e-07	9.29427659e-07	6
2.635633023e-07	9.274673162e-07	6
2.436596077e-07	9.255069733e-07	6
2.237559132e-07	9.235466305e-07	6
2.038522187e-07	9.215862877e-07	6
1.839485241e-07	9.196259449e-07	6
1.640448296e-07	9.176656021e-07	6
1.441411351e-07	9.157052593e-07	6
1.242374405e-07	9.137449165e-07	6
1.04333746e-07	9.117845737e-07	6
8.443005146e-08	9.098242309e-07	6
6.452635693e-08	9.078638881e-07	6
4.462266239e-08	9.059035453e-07	6
2.471896786e-08	9.039432025e-07	6
4.815273328e-09	9.019828597e-07	6
4.815273328e-09	9.019828597e-07	0
6.81801223e-09	8.857450816e-07	0
8.820751133e-09	8.695073036e-07	0
1.082349004e-08	8.532695255e-07	0
1.082349004e-08	8.532695255e-07	-6
3.060702023e-08	8.56204135e-07	-6
5.039055043e-08	8.591387445e-07	-6
7.017408063e-08	8.62073354e-07	-6
8.995761083e-08	8.650079635e-07	-6
1.09741141e-07	8.67942573e-07	-6
1.295246712e-07	8.708771825e-07	-6
1.493082014e-07	8.73811792e-07	-6
1.690917316e-07	8.767464015e-07	-6
1.888752618e-07	8.796810109e-07	-6
2.08658792e-07	8.826156204e-07	-6
2.284423222e-07	8.855502299e-07	-6
2.482258524e-07	8.884848394e-07	-6
2.680093826e-07	8.914194489e-07	-6
2.877929128e-07	8.943540584e-07	-6
3.07576443e-07	8.972886679e-07	-6
3.273599732e-07	9.002232774e-07	-6
3.471435034e-07	9.031578869e-07	-6
3.669270336e-07	9.060924963e-07	-6
3.867105638e-07	9.090271058e-07	-6
4.06494094e-07	9.119617153e-07	-6
4.262776242e-07	9.148963248e-07	-6
4.460611544e-07	9.178309343e-07	-6
4.658446846e-07	9.207655438e-07	-6
4.856282148e-07	9.237001533e-07	-6
5.05411745e-07	9.266347628e-07	-6
5.251952752e-07	9.295693723e-07	-6
5.449788054e-07	9.325039818e-07	-6
5.647623356e-07	9.354385912e-07	-6
5.845458658e-07	9.383732007e-07	-6
6.04329396e-07	9.413078102e-07	-6
6.241129262e-07	9.442424197e-07	-6
6.438964564e-07	9.471770292e-07	-6
6.636799866e-07	9.501116387e-07	-6
6.834635168e-07	9.530462482e-07	-6
7.03247047e-07	9.559808577e-07	-6
7.230305772e-07	9.589154672e-07	-6
7.428141074e-07	9.618500766e-07	-6
7.625976376e-07	9.647846861e-07	-6
7.823811678e-07	9.677192956e-07	-6
8.02164698e-07	9.706539051e-07	-6
8.219482282e-07	9.735885146e-07	-6
8.417317584e-07	9.765231241e-07	-6
8.615152886e-07	9.794577336e-07	-6
8.812988188e-07	9.823923431e-07	-6
9.01082349e-07	9.853269526e-07	-6
9.208658792e-07	9.88261562e-07	-6
9.406494094e-07	9.911961715e-07	-6
9.604329396e-07	9.94130781e-07	-6
9.802164698e-07	9.970653905e-07	-6
1e-06	1e-06	-6
1.01978353e-06	1.002934609e-06	-6
1.03956706e-06	1.005869219e-06	-6
1.059350591e-06	1.008803828e-06	-6
1.079134121e-06	1.011738438e-06	-6
1.098917651e-06	1.014673047e-06	-6
1.118701181e-06	1.017607657e-06	-6
1.138484711e-06	1.020542266e-06	-6
1.158268242e-06	1.023476876e-06	-6
1.178051772e-06	1.026411485e-06	-6
1.197835302e-06	1.029346095e-06	-6
1.217618832e-06	1.032280704e-06	-6
1.237402362e-06	1.035215314e-06	-6
1.257185893e-06	1.038149923e-06	-6
1.276969423e-06	1.041084533e-06	-6
1.296752953e-06	1.044019142e-06	-6
1.316536483e-06	1.046953752e-06	-6
1.336320013e-06	1.049888361e-06	-6
1.356103544e-06	1.052822971e-06	-6
1.375887074e-06	1.05575758e-06	-6
1.395670604e-06	1.05869219e-06	-6
1.415454134e-06	1.061626799e-06	-6
1.435237664e-06	1.064561409e-06	-6
1.455021195e-06	1.067496018e-06	-6
1.474804725e-06	1.070430628e-06	-6
1.494588255e-06	1.073365237e-06	-6
1.514371785e-06	1.076299847e-06	-6
1.534155315e-06	1.079234456e-06	-6
1.553938846e-06	1.082169066e-06	-6
1.573722376e-06	1.085103675e-06	-6
1.593505906e-06	1.088038285e-06	-6
1.613289436e-06	1.090972894e-06	-6
1.633072966e-06	1.093907504e-06	-6
1.652856497e-06	1.096842113e-06	-6
1.672640027e-06	1.099776723e-06	-6
1.692423557e-06	1.102711332e-06	-6
1.712207087e-06	1.105645942e-06	-6
1.731990617e-06	1.108580551e-06	-6
1.751774148e-06	1.111515161e-06	-6
1.771557678e-06	1.11444977e-06	-6
1.791341208e-06	1.11738438e-06	-6
1.811124738e-06	1.120318989e-06	-6
1.830908268e-06	1.123253599e-06	-6
1.850691799e-06	1.126188208e-06	-6
1.870475329e-06	1.129122818e-06	-6
1.890258859e-06	1.132057427e-06	-6
1.910042389e-06	1.134992036e-06	-6
1.929825919e-06	1.137926646e-06	-6
1.94960945e-06	1.140861255e-06	-6
1.96939298e-06	1.143795865e-06	-6
1.98917651e-06	1.146730474e-06	-6
1.98917651e-06	1.146730474e-06	0
1.98917651e-06	1.146730474e-06	6
1.96939298e-06	1.143795865e-06	6
1.94960945e-06	1.140861255e-06	6
1.929825919e-06	1.137926646e-06	6
1.910042389e-06	1.134992036e-06	6
1.890258859e-06	1.132057427e-06	6
1.870475329e-06	1.129122818e-06	6
1.850691799e-06	1.126188208e-06	6
1.830908268e-06	1.123253599e-06	6
1.811124738e-06	1.120318989e-06	6
1.791341208e-06	1.11738438e-06	6
1.771557678e-06	1.11444977e-06	6
1.751774148e-06	1.111515161e-06	6
1.731990617e-06	1.108580551e-06	6
1.712207087e-06	1.105645942e-06	6
1.692423557e-06	1.102711332e-06	6
1.672640027e-06	1.099776723e-06	6
1.652856497e-06	1.096842113e-06	6
1.633072966e-06	1.093907504e-06	6
1.613289436e-06	1.090972894e-06	6
1.593505906e-06	1.088038285e-06	6
1.573722376e-06	1.085103675e-06	6
1.553938846e-06	1.082169066e-06	6
1.534155315e-06	1.079234456e-06	6
1.514371785e-06	1.076299847e-06	6
1.494588255e-06	1.073365237e-06	6
1.474804725e-06	1.070430628e-06	6
1.455021195e-06	1.067496018e-06	6
1.435237664e-06	1.064561409e-06	6
1.415454134e-06	1.061626799e-06	6
1.395670604e-06	1.05869219e-06	6
1.375887074e-06	1.05575758e-06	6
1.356103544e-06	1.052822971e-06	6
1.336320013e-06	1.049888361e-06	6
1.316536483e-06	1.046953752e-06	6
1.296752953e-06	1.044019142e-06	6
1.276969423e-06	1.041084533e-06	6
1.257185893e-06	1.038149923e-06	6
1.237402362e-06	1.035215314e-06	6
1.217618832e-06	1.032280704e-06	6
1.197835302e-06	1.029346095e-06	6
1.178051772e-06	1.026411485e-06	6
1.158268242e-06	1.023476876e-06	6
1.138484711e-06	1.020542266e-06	6
1.118701181e-06	1.017607657e-06	6
1.098917651e-06	1.014673047e-06	6
1.079134121e-06	1.011738438e-06	6
1.059350591e-06	1.008803828e-06	6
1.03956706e-06	1.005869219e-06	6
1.01978353e-06	1.002934609e-06	6
1e-06	1e-06	6
9.802164698e-07	9.970653905e-07	6
9.604329396e-07	9.94130781e-07	6
9.406494094e-07	9.911961715e-07	6
9.208658792e-07	9.88261562e-07	6
9.01082349e-07	9.853269526e-07	6
8.812988188e-07	9.823923431e-07	6
8.615152886e-07	9.794577336e-07	6
8.417317584e-07	9.765231241e-07	6
8.219482282e-07	9.735885146e-07	6
8.02164698e-07	9.706539051e-07	6
7.823811678e-07	9.677192956e-07	6
7.625976376e-07	9.647846861e-07	6
7.428141074e-07	9.618500766e-07	6
7.230305772e-07	9.589154672e-07	6
7.03247047e-07	9.559808577e-07	6
6.834635168e-07	9.530462482e-07	6
6.636799866e-07	9.501116387e-07	6
6.438964564e-07	9.471770292e-07	6
6.241129262e-07	9.442424197e-07	6
6.04329396e-07	9.413078102e-07	6
5.845458658e-07	9.383732007e-07	6
5.647623356e-07	9.354385912e-07	6
5.449788054e-07	9.325039818e-07	6
5.251952752e-07	9.295693723e-07	6
5.05411745e-07	9.266347628e-07	6
4.856282148e-07	9.237001533e-07	6
4.658446846e-07	9.207655438e-07	6
4.460611544e-07	9.178309343e-07	6
4.262776242e-07	9.148963248e-07	6
4.06494094e-07	9.119617153e-07	6
3.867105638e-07	9.090271058e-07	6
3.669270336e-07	9.060924963e-07	6
3.471435034e-07	9.031578869e-07	6
3.273599732e-07	9.002232774e-07	6
3.07576443e-07	8.972886679e-07	6
2.877929128e-07	8.943540584e-07	6
2.680093826e-07	8.914194489e-07	6
2.482258524e-07	8.884848394e-07	6
2.284423222e-07	8.855502299e-07	6
2.08658792e-07	8.826156204e-07	6
1.888752618e-07	8.796810109e-07	6
1.690917316e-07	8.767464015e-07	6
1.493082014e-07	8.73811792e-07	6
1.295246712e-07	8.708771825e-07	6
1.09741141e-07	8.67942573e-07	6
8.995761083e-08	8.650079635e-07	6
7.017408063e-08	8.62073354e-07	6
5.039055043e-08	8.591387445e-07	6
3.060702023e-08	8.56204135e-07	6
1.082349004e-08	8.532695255e-07	6
1.082349004e-08	8.532695255e-07	0
1.362056656e-08	8.371495764e-07	0
1.641764308e-08	8.210296272e-07	0
1.92147196e-08	8.04909678e-07	0
1.92147196e-08	8.04909678e-07	-6
3.88304252e-08	8.088114844e-07	-6
5.844613081e-08	8.127132909e-07	-6
7.806183642e-08	8.166150973e-07	-6
9.767754203e-08	8.205169037e-07	-6
1.172932476e-07	8.244187102e-07	-6
1.369089532e-07	8.283205166e-07	-6
1.565246589e-07	8.322223231e-07	-6
1.761403645e-07	8.361241295e-07	-6
1.957560701e-07	8.400259359e-07	-6
2.153717757e-07	8.439277424e-07	-6
2.349874813e-07	8.478295488e-07	-6
2.546031869e-07	8.517313553e-07	-6
2.742188925e-07	8.556331617e-07	-6
2.938345981e-07	8.595349681e-07	-6
3.134503037e-07	8.634367746e-07	-6
3.330660093e-07	8.67338581e-07	-6
3.526817149e-07	8.712403875e-07	-6
3.722974205e-07	8.751421939e-07	-6
3.919131261e-07	8.790440004e-07	-6
4.115288318e-07	8.829458068e-07	-6
4.311445374e-07	8.868476132e-07	-6
4.50760243e-07	8.907494197e-07	-6
4.703759486e-07	8.946512261e-07	-6
4.899916542e-07	8.985530326e-07	-6
5.096073598e-07	9.02454839e-07	-6
5.292230654e-07	9.063566454e-07	-6
5.48838771e-07	9.102584519e-07	-6
5.684544766e-07	9.141602583e-07	-6
5.880701822e-07	9.180620648e-07	-6
6.076858878e-07	9.219638712e-07	-6
6.273015934e-07	9.258656776e-07	-6
6.469172991e-07	9.297674841e-07	-6
6.665330047e-07	9.336692905e-07	-6
6.861487103e-07	9.37571097e-07	-6
7.057644159e-07	9.414729034e-07	-6
7.253801215e-07	9.453747098e-07	-6
7.449958271e-07	9.492765163e-07	-6
7.646115327e-07	9.531783227e-07	-6
7.842272383e-07	9.570801292e-07	-6
8.038429439e-07	9.609819356e-07	-6
8.234586495e-07	9.64883742e-07	-6
8.430743551e-07	9.687855485e-07	-6
8.626900607e-07	9.726873549e-07	-6
8.823057664e-07	9.765891614e-07	-6
9.01921472e-07	9.804909678e-07	-6
9.215371776e-07	9.843927742e-07	-6
9.411528832e-07	9.882945807e-07	-6
9.607685888e-07	9.921963871e-07	-6
9.803842944e-07	9.960981936e-07	-6
1e-06	1e-06	-6
1.019615706e-06	1.003901806e-06	-6
1.039231411e-06	1.007803613e-06	-6
1.058847117e-06	1.011705419e-06	-6
1.078462822e-06	1.015607226e-06	-6
1.098078528e-06	1.019509032e-06	-6
1.117694234e-06	1.023410839e-06	-6
1.137309939e-06	1.027312645e-06	-6
1.156925645e-06	1.031214452e-06	-6
1.17654135e-06	1.035116258e-06	-6
1.196157056e-06	1.039018064e-06	-6
1.215772762e-06	1.042919871e-06	-6
1.235388467e-06	1.046821677e-06	-6
1.255004173e-06	1.050723484e-06	-6
1.274619879e-06	1.05462529e-06	-6
1.294235584e-06	1.058527097e-06	-6
1.31385129e-06	1.062428903e-06	-6
1.333466995e-06	1.066330709e-06	-6
1.353082701e-06	1.070232516e-06	-6
1.372698407e-06	1.074134322e-06	-6
1.392314112e-06	1.078036129e-06	-6
1.411929818e-06	1.081937935e-06	-6
1.431545523e-06	1.085839742e-06	-6
1.451161229e-06	1.089741548e-06	-6
1.470776935e-06	1.093643355e-06	-6
1.49039264e-06	1.097545161e-06	-6
1.510008346e-06	1.101446967e-06	-6
1.529624051e-06	1.105348774e-06	-6
1.549239757e-06	1.10925058e-06	-6
1.568855463e-06	1.113152387e-06	-6
1.588471168e-06	1.117054193e-06	-6
1.608086874e-06	1.120956e-06	-6
1.627702579e-06	1.124857806e-06	-6
1.647318285e-06	1.128759613e-06	-6
1.666933991e-06	1.132661419e-06	-6
1.686549696e-06	1.136563225e-06	-6
1.706165402e-06	1.140465032e-06	-6
1.725781107e-06	1.144366838e-06	-6
1.745396813e-06	1.148268645e-06	-6
1.765012519e-06	1.152170451e-06	-6
1.784628224e-06	1.156072258e-06	-6
1.80424393e-06	1.159974064e-06	-6
1.823859636e-06	1.16387587e-06	-6
1.843475341e-06	1.167777677e-06	-6
1.863091047e-06	1.171679483e-06	-6
1.882706752e-06	1.17558129e-06	-6
1.902322458e-06	1.179483096e-06	-6
1.921938164e-06	1.183384903e-06	-6
1.941553869e-06	1.187286709e-06	-6
1.961169575e-06	1.191188516e-06	-6
1.98078528e-06	1.195090322e-06	-6
1.98078528e-06	1.195090322e-06	0
1.98078528e-06	1.195090322e-06	6
1.96136379e-06	1.191227147e-06	6
1.941942299e-06	1.187363973e-06	6
1.922520808e-06	1.183500798e-06	6
1.903099318e-06	1.179637623e-06	6
1.883677827e-06	1.175774449e-06	6
1.864256336e-06	1.171911274e-06	6
1.844834845e-06	1.168048099e-06	6
1.825413355e-06	1.164184924e-06	6
1.805991864e-06	1.16032175e-06	6
1.786570373e-06	1.156458575e-06	6
1.767148883e-06	1.1525954e-06	6
1.747727392e-06	1.148732226e-06	6
1.728305901e-06	1.144869051e-06	6
1.708884411e-06	1.141005876e-06	6
1.68946292e-06	1.137142702e-06	6
1.670041429e-06	1.133279527e-06	6
1.650619938e-06	1.129416352e-06	6
1.631198448e-06	1.125553178e-06	6
1.611776957e-06	1.121690003e-06	6
1.592355466e-06	1.117826828e-06	6
1.572933976e-06	1.113963653e-06	6
1.553512485e-06	1.110100479e-06	6
1.534090994e-06	1.106237304e-06	6
1.514669504e-06	1.102374129e-06	6
1.495248013e-06	1.098510955e-06	6
1.475826522e-06	1.09464778e-06	6
1.456405031e-06	1.090784605e-06	6
1.436983541e-06	1.086921431e-06	6
1.41756205e-06	1.083058256e-06	6
1.398140559e-06	1.079195081e-06	6
1.378719069e-06	1.075331907e-06	6
1.359297578e-06	1.071468732e-06	6
1.339876087e-06	1.067605557e-06	6
1.320454597e-06	1.063742382e-06	6
1.301033106e-06	1.059879208e-06	6
1.281611615e-06	1.056016033e-06	6
1.262190124e-06	1.052152858e-06	6
1.242768634e-06	1.048289684e-06	6
1.223347143e-06	1.044426509e-06	6
1.203925652e-06	1.040563334e-06	6
1.184504162e-06	1.03670016e-06	6
1.165082671e-06	1.032836985e-06	6
1.14566118e-06	1.02897381e-06	6
1.12623969e-06	1.025110636e-06	6
1.106818199e-06	1.021247461e-06	6
1.087396708e-06	1.017384286e-06	6
1.067975217e-06	1.013521111e-06	6
1.048553727e-06	1.009657937e-06	6
1.029132236e-06	1.005794762e-06	6
1.009710745e-06	1.001931587e-06	6
9.902892546e-07	9.980684127e-07	6
9.708677639e-07	9.94205238e-07	6
9.514462732e-07	9.903420633e-07	6
9.320247825e-07	9.864788886e-07	6
9.126032918e-07	9.826157139e-07	6
8.931818011e-07	9.787525392e-07	6
8.737603104e-07	9.748893645e-07	6
8.543388197e-07	9.710261898e-07	6
8.34917329e-07	9.671630151e-07	6
8.154958383e-07	9.632998404e-07	6
7.960743476e-07	9.594366657e-07	6
7.766528569e-07	9.55573491e-07	6
7.572313662e-07	9.517103163e-07	6
7.378098755e-07	9.478471416e-07	6
7.183883848e-07	9.439839669e-07	6
6.989668941e-07	9.401207923e-07	6
6.795454034e-07	9.362576176e-07	6
6.601239127e-07	9.323944429e-07	6
6.40702422e-07	9.285312682e-07	6
6.212809313e-07	9.246680935e-07	6
6.018594406e-07	9.208049188e-07	6
5.824379499e-07	9.169417441e-07	6
5.630164592e-07	9.130785694e-07	6
5.435949685e-07	9.092153947e-07	6
5.241734778e-07	9.0535222e-07	6
5.047519871e-07	9.014890453e-07	6
4.853304964e-07	8.976258706e-07	6
4.659090057e-07	8.937626959e-07	6
4.46487515e-07	8.898995212e-07	6
4.270660243e-07	8.860363465e-07	6
4.076445336e-07	8.821731719e-07	6
3.882230429e-07	8.783099972e-07	6
3.688015522e-07	8.744468225e-07	6
3.493800615e-07	8.705836478e-07	6
3.299585708e-07	8.667204731e-07	6
3.105370801e-07	8.628572984e-07	6
2.911155894e-07	8.589941237e-07	6
2.716940987e-07	8.55130949e-07	6
2.52272608e-07	8.512677743e-07	6
2.328511173e-07	8.474045996e-07	6
2.134296266e-07	8.435414249e-07	6
1.940081359e-07	8.396782502e-07	6
1.745866452e-07	8.358150755e-07	6
1.551651545e-07	8.319519008e-07	6
1.357436638e-07	8.280887261e-07	6
1.163221731e-07	8.242255515e-07	6
9.69006824e-08	8.203623768e-07	6
7.74791917e-08	8.164992021e-07	6
5.8057701e-08	8.126360274e-07	6
3.86362103e-08	8.087728527e-07	6
1.92147196e-08	8.04909678e-07	6
1.92147196e-08	8.04909678e-07	0
2.279939533e-08	7.88946392e-07	0
2.638407107e-08	7.729831061e-07	0
2.996874681e-08	7.570198201e-07	0
2.996874681e-08	7.570198201e-07	-6
4.936937187e-08	7.618794237e-07	-6
6.876999693e-08	7.667390273e-07	-6
8.8170622e-08	7.715986309e-07	-6
1.075712471e-07	7.764582345e-07	-6
1.269718721e-07	7.813178381e-07	-6
1.463724972e-07	7.861774417e-07	-6
1.657731223e-07	7.910370453e-07	-6
1.851737473e-07	7.958966489e-07	-6
2.045743724e-07	8.007562525e-07	-6
2.239749974e-07	8.056158561e-07	-6
2.433756225e-07	8.104754597e-07	-6
2.627762476e-07	8.153350633e-07	-6
2.821768726e-07	8.201946669e-07	-6
3.015774977e-07	8.250542705e-07	-6
3.209781228e-07	8.299138741e-07	-6
3.403787478e-07	8.347734777e-07	-6
3.597793729e-07	8.396330813e-07	-6
3.79179998e-07	8.444926849e-07	-6
3.98580623e-07	8.493522885e-07	-6
4.179812481e-07	8.542118921e-07	-6
4.373818731e-07	8.590714957e-07	-6
4.567824982e-07	8.639310993e-07	-6
4.761831233e-07	8.687907029e-07	-6
4.955837483e-07	8.736503065e-07	-6
5.149843734e-07	8.7850991e-07	-6
5.343849985e-07	8.833695136e-07	-6
5.537856235e-07	8.882291172e-07	-6
5.731862486e-07	8.930887208e-07	-6
5.925868737e-07	8.979483244e-07	-6
6.119874987e-07	9.02807928e-07	-6
6.313881238e-07	9.076675316e-07	-6
6.507887488e-07	9.125271352e-07	-6
6.701893739e-07	9.173867388e-07	-6
6.89589999e-07	9.222463424e-07	-6
7.08990624e-07	9.27105946e-07	-6
7.283912491e-07	9.319655496e-07	-6
7.477918742e-07	9.368251532e-07	-6
7.671924992e-07	9.416847568e-07	-6
7.865931243e-07	9.465443604e-07	-6
8.059937494e-07	9.51403964e-07	-6
8.253943744e-07	9.562635676e-07	-6
8.447949995e-07	9.611231712e-07	-6
8.641956246e-07	9.659827748e-07	-6
8.835962496e-07	9.708423784e-07	-6
9.029968747e-07	9.75701982e-07	-6
9.223974997e-07	9.805615856e-07	-6
9.417981248e-07	9.854211892e-07	-6
9.611987499e-07	9.902807928e-07	-6
9.805993749e-07	9.951403964e-07	-6
1e-06	1e-06	-6
1.019400625e-06	1.004859604e-06	-6
1.03880125e-06	1.009719207e-06	-6
1.058201875e-06	1.014578811e-06	-6
1.0776025e-06	1.019438414e-06	-6
1.097003125e-06	1.024298018e-06	-6
1.11640375e-06	1.029157622e-06	-6
1.135804375e-06	1.034017225e-06	-6
1.155205001e-06	1.038876829e-06	-6
1.174605626e-06	1.043736432e-06	-6
1.194006251e-06	1.048596036e-06	-6
1.213406876e-06	1.05345564e-06	-6
1.232807501e-06	1.058315243e-06	-6
1.252208126e-06	1.063174847e-06	-6
1.271608751e-06	1.06803445e-06	-6
1.291009376e-06	1.072894054e-06	-6
1.310410001e-06	1.077753658e-06	-6
1.329810626e-06	1.082613261e-06	-6
1.349211251e-06	1.087472865e-06	-6
1.368611876e-06	1.092332468e-06	-6
1.388012501e-06	1.097192072e-06	-6
1.407413126e-06	1.102051676e-06	-6
1.426813751e-06	1.106911279e-06	-6
1.446214376e-06	1.111770883e-06	-6
1.465615002e-06	1.116630486e-06	-6
1.485015627e-06	1.12149009e-06	-6
1.504416252e-06	1.126349694e-06	-6
1.523816877e-06	1.131209297e-06	-6
1.543217502e-06	1.136068901e-06	-6
1.562618127e-06	1.140928504e-06	-6
1.582018752e-06	1.145788108e-06	-6
1.601419377e-06	1.150647712e-06	-6
1.620820002e-06	1.155507315e-06	-6
1.640220627e-06	1.160366919e-06	-6
1.659621252e-06	1.165226522e-06	-6
1.679021877e-06	1.170086126e-06	-6
1.698422502e-06	1.17494573e-06	-6
1.717823127e-06	1.179805333e-06	-6
1.737223752e-06	1.184664937e-06	-6
1.756624377e-06	1.18952454e-06	-6
1.776025003e-06	1.194384144e-06	-6
1.795425628e-06	1.199243748e-06	-6
1.814826253e-06	1.204103351e-06	-6
1.834226878e-06	1.208962955e-06	-6
1.853627503e-06	1.213822558e-06	-6
1.873028128e-06	1.218682162e-06	-6
1.892428753e-06	1.223541766e-06	-6
1.911829378e-06	1.228401369e-06	-6
1.931230003e-06	1.233260973e-06	-6
1.950630628e-06	1.238120576e-06	-6
1.970031253e-06	1.24298018e-06	-6
1.970031253e-06	1.24298018e-06	0
1.970031253e-06	1.24298018e-06	6
1.950822714e-06	1.238168691e-06	6
1.931614174e-06	1.233357202e-06	6
1.912405634e-06	1.228545714e-06	6
1.893197095e-06	1.223734225e-06	6
1.873988555e-06	1.218922736e-06	6
1.854780015e-06	1.214111248e-06	6
1.835571476e-06	1.209299759e-06	6
1.816362936e-06	1.20448827e-06	6
1.797154396e-06	1.199676782e-06	6
1.777945857e-06	1.194865293e-06	6
1.758737317e-06	1.190053804e-06	6
1.739528777e-06	1.185242315e-06	6
1.720320238e-06	1.180430827e-06	6
1.701111698e-06	1.175619338e-06	6
1.681903158e-06	1.170807849e-06	6
1.662694619e-06	1.165996361e-06	6
1.643486079e-06	1.161184872e-06	6
1.624277539e-06	1.156373383e-06	6
1.605069e-06	1.151561894e-06	6
1.58586046e-06	1.146750406e-06	6
1.56665192e-06	1.141938917e-06	6
1.547443381e-06	1.137127428e-06	6
1.528234841e-06	1.13231594e-06	6
1.509026301e-06	1.127504451e-06	6
1.489817762e-06	1.122692962e-06	6
1.470609222e-06	1.117881473e-06	6
1.451400682e-06	1.113069985e-06	6
1.432192143e-06	1.108258496e-06	6
1.412983603e-06	1.103447007e-06	6
1.393775063e-06	1.098635519e-06	6
1.374566524e-06	1.09382403e-06	6
1.355357984e-06	1.089012541e-06	6
1.336149444e-06	1.084201052e-06	6
1.316940905e-06	1.079389564e-06	6
1.297732365e-06	1.074578075e-06	6
1.278523825e-06	1.069766586e-06	6
1.259315286e-06	1.064955098e-06	6
1.240106746e-06	1.060143609e-06	6
1.220898206e-06	1.05533212e-06	6
1.201689667e-06	1.050520631e-06	6
1.182481127e-06	1.045709143e-06	6
1.163272587e-06	1.040897654e-06	6
1.144064048e-06	1.036086165e-06	6
1.124855508e-06	1.031274677e-06	6
1.105646968e-06	1.026463188e-06	6
1.086438429e-06	1.021651699e-06	6
1.067229889e-06	1.01684021e-06	6
1.048021349e-06	1.012028722e-06	6
1.02881281e-06	1.007217233e-06	6
1.00960427e-06	1.002405744e-06	6
9.903957302e-07	9.975942556e-07	6
9.711871905e-07	9.927827669e-07	6
9.519786508e-07	9.879712782e-07	6
9.327701112e-07	9.831597895e-07	6
9.135615715e-07	9.783483008e-07	6
8.943530318e-07	9.735368121e-07	6
8.751444922e-07	9.687253234e-07	6
8.559359525e-07	9.639138347e-07	6
8.367274128e-07	9.59102346e-07	6
8.175188732e-07	9.542908572e-07	6
7.983103335e-07	9.494793685e-07	6
7.791017938e-07	9.446678798e-07	6
7.598932542e-07	9.398563911e-07	6
7.406847145e-07	9.350449024e-07	6
7.214761748e-07	9.302334137e-07	6
7.022676352e-07	9.25421925e-07	6
6.830590955e-07	9.206104363e-07	6
6.638505558e-07	9.157989476e-07	6
6.446420162e-07	9.109874588e-07	6
6.254334765e-07	9.061759701e-07	6
6.062249368e-07	9.013644814e-07	6
5.870163972e-07	8.965529927e-07	6
5.678078575e-07	8.91741504e-07	6
5.485993178e-07	8.869300153e-07	6
5.293907782e-07	8.821185266e-07	6
5.101822385e-07	8.773070379e-07	6
4.909736988e-07	8.724955492e-07	6
4.717651592e-07	8.676840604e-07	6
4.525566195e-07	8.628725717e-07	6
4.333480798e-07	8.58061083e-07	6
4.141395401e-07	8.532495943e-07	6
3.949310005e-07	8.484381056e-07	6
3.757224608e-07	8.436266169e-07	6
3.565139211e-07	8.388151282e-07	6
3.373053815e-07	8.340036395e-07	6
3.180968418e-07	8.291921508e-07	6
2.988883021e-07	8.243806621e-07	6
2.796797625e-07	8.195691733e-07	6
2.604712228e-07	8.147576846e-07	6
2.412626831e-07	8.099461959e-07	6
2.220541435e-07	8.051347072e-07	6
2.028456038e-07	8.003232185e-07	6
1.836370641e-07	7.955117298e-07	6
1.644285245e-07	7.907002411e-07	6
1.452199848e-07	7.858887524e-07	6
1.260114451e-07	7.810772637e-07	6
1.068029055e-07	7.762657749e-07	6
8.759436581e-08	7.714542862e-07	6
6.838582614e-08	7.666427975e-07	6
4.917728647e-08	7.618313088e-07	6
2.996874681e-08	7.570198201e-07	6
2.996874681e-08	7.570198201e-07	0
3.433238596e-08	7.412516543e-07	0
3.869602511e-08	7.254834885e-07	0
4.305966427e-08	7.097153227e-07	0
4.305966427e-08	7.097153227e-07	-6
6.200897785e-08	7.154635342e-07	-6
8.095829143e-08	7.212117456e-07	-6
9.9907605e-08	7.26959957e-07	-6
1.188569186e-07	7.327081685e-07	-6
1.378062322e-07	7.384563799e-07	-6
1.567555457e-07	7.442045913e-07	-6
1.757048593e-07	7.499528028e-07	-6
1.946541729e-07	7.557010142e-07	-6
2.136034865e-07	7.614492256e-07	-6
2.325528001e-07	7.671974371e-07	-6
2.515021136e-07	7.729456485e-07	-6
2.704514272e-07	7.786938599e-07	-6
2.894007408e-07	7.844420713e-07	-6
3.083500544e-07	7.901902828e-07	-6
3.27299368e-07	7.959384942e-07	-6
3.462486815e-07	8.016867056e-07	-6
3.651979951e-07	8.074349171e-07	-6
3.841473087e-07	8.131831285e-07	-6
4.030966223e-07	8.189313399e-07	-6
4.220459358e-07	8.246795514e-07	-6
4.409952494e-07	8.304277628e-07	-6
4.59944563e-07	8.361759742e-07	-6
4.788938766e-07	8.419241857e-07	-6
4.978431902e-07	8.476723971e-07	-6
5.167925037e-07	8.534206085e-07	-6
5.357418173e-07	8.591688199e-07	-6
5.546911309e-07	8.649170314e-07	-6
5.736404445e-07	8.706652428e-07	-6
5.925897581e-07	8.764134542e-07	-6
6.115390716e-07	8.821616657e-07	-6
6.304883852e-07	8.879098771e-07	-6
6.494376988e-07	8.936580885e-07	-6
6.683870124e-07	8.994063e-07	-6
6.873363259e-07	9.051545114e-07	-6
7.062856395e-07	9.109027228e-07	-6
7.252349531e-07	9.166509343e-07	-6
7.441842667e-07	9.223991457e-07	-6
7.631335803e-07	9.281473571e-07	-6
7.820828938e-07	9.338955685e-07	-6
8.010322074e-07	9.3964378e-07	-6
8.19981521e-07	9.453919914e-07	-6
8.389308346e-07	9.511402028e-07	-6
8.578801482e-07	9.568884143e-07	-6
8.768294617e-07	9.626366257e-07	-6
8.957787753e-07	9.683848371e-07	-6
9.147280889e-07	9.741330486e-07	-6
9.336774025e-07	9.7988126e-07	-6
9.526267161e-07	9.856294714e-07	-6
9.715760296e-07	9.913776829e-07	-6
9.905253432e-07	9.971258943e-07	-6
1.009474657e-06	1.002874106e-06	-6
1.02842397e-06	1.008622317e-06	-6
1.047373284e-06	1.014370529e-06	-6
1.066322598e-06	1.02011874e-06	-6
1.085271911e-06	1.025866951e-06	-6
1.104221225e-06	1.031615163e-06	-6
1.123170538e-06	1.037363374e-06	-6
1.142119852e-06	1.043111586e-06	-6
1.161069165e-06	1.048859797e-06	-6
1.180018479e-06	1.054608009e-06	-6
1.198967793e-06	1.06035622e-06	-6
1.217917106e-06	1.066104431e-06	-6
1.23686642e-06	1.071852643e-06	-6
1.255815733e-06	1.077600854e-06	-6
1.274765047e-06	1.083349066e-06	-6
1.29371436e-06	1.089097277e-06	-6
1.312663674e-06	1.094845489e-06	-6
1.331612988e-06	1.1005937e-06	-6
1.350562301e-06	1.106341911e-06	-6
1.369511615e-06	1.112090123e-06	-6
1.388460928e-06	1.117838334e-06	-6
1.407410242e-06	1.123586546e-06	-6
1.426359556e-06	1.129334757e-06	-6
1.445308869e-06	1.135082969e-06	-6
1.464258183e-06	1.14083118e-06	-6
1.483207496e-06	1.146579391e-06	-6
1.50215681e-06	1.152327603e-06	-6
1.521106123e-06	1.158075814e-06	-6
1.540055437e-06	1.163824026e-06	-6
1.559004751e-06	1.169572237e-06	-6
1.577954064e-06	1.175320449e-06	-6
1.596903378e-06	1.18106866e-06	-6
1.615852691e-06	1.186816872e-06	-6
1.634802005e-06	1.192565083e-06	-6
1.653751318e-06	1.198313294e-06	-6
1.672700632e-06	1.204061506e-06	-6
1.691649946e-06	1.209809717e-06	-6
1.710599259e-06	1.215557929e-06	-6
1.729548573e-06	1.22130614e-06	-6
1.748497886e-06	1.227054352e-06	-6
1.7674472e-06	1.232802563e-06	-6
1.786396514e-06	1.238550774e-06	-6
1.805345827e-06	1.244298986e-06	-6
1.824295141e-06	1.250047197e-06	-6
1.843244454e-06	1.255795409e-06	-6
1.862193768e-06	1.26154362e-06	-6
1.881143081e-06	1.267291832e-06	-6
1.900092395e-06	1.273040043e-06	-6
1.919041709e-06	1.278788254e-06	-6
1.937991022e-06	1.284536466e-06	-6
1.956940336e-06	1.290284677e-06	-6
1.956940336e-06	1.290284677e-06	0
1.956940336e-06	1.290284677e-06	6
1.937801529e-06	1.284478984e-06	6
1.918662722e-06	1.27867329e-06	6
1.899523916e-06	1.272867597e-06	6
1.880385109e-06	1.267061903e-06	6
1.861246302e-06	1.26125621e-06	6
1.842107495e-06	1.255450516e-06	6
1.822968689e-06	1.249644822e-06	6
1.803829882e-06	1.243839129e-06	6
1.784691075e-06	1.238033435e-06	6
1.765552269e-06	1.232227742e-06	6
1.746413462e-06	1.226422048e-06	6
1.727274655e-06	1.220616355e-06	6
1.708135848e-06	1.214810661e-06	6
1.688997042e-06	1.209004968e-06	6
1.669858235e-06	1.203199274e-06	6
1.650719428e-06	1.197393581e-06	6
1.631580622e-06	1.191587887e-06	6
1.612441815e-06	1.185782193e-06	6
1.593303008e-06	1.1799765e-06	6
1.574164201e-06	1.174170806e-06	6
1.555025395e-06	1.168365113e-06	6
1.535886588e-06	1.162559419e-06	6
1.516747781e-06	1.156753726e-06	6
1.497608975e-06	1.150948032e-06	6
1.478470168e-06	1.145142339e-06	6
1.459331361e-06	1.139336645e-06	6
1.440192554e-06	1.133530952e-06	6
1.421053748e-06	1.127725258e-06	6
1.401914941e-06	1.121919564e-06	6
1.382776134e-06	1.116113871e-06	6
1.363637328e-06	1.110308177e-06	6
1.344498521e-06	1.104502484e-06	6
1.325359714e-06	1.09869679e-06	6
1.306220907e-06	1.092891097e-06	6
1.287082101e-06	1.087085403e-06	6
1.267943294e-06	1.08127971e-06	6
1.248804487e-06	1.075474016e-06	6
1.229665681e-06	1.069668323e-06	6
1.210526874e-06	1.063862629e-06	6
1.191388067e-06	1.058056935e-06	6
1.17224926e-06	1.052251242e-06	6
1.153110454e-06	1.046445548e-06	6
1.133971647e-06	1.040639855e-06	6
1.11483284e-06	1.034834161e-06	6
1.095694034e-06	1.029028468e-06	6
1.076555227e-06	1.023222774e-06	6
1.05741642e-06	1.017417081e-06	6
1.038277613e-06	1.011611387e-06	6
1.019138807e-06	1.005805694e-06	6
1e-06	1e-06	6
9.808611933e-07	9.941943065e-07	6
9.617223866e-07	9.883886129e-07	6
9.425835799e-07	9.825829194e-07	6
9.234447731e-07	9.767772258e-07	6
9.043059664e-07	9.709715323e-07	6
8.851671597e-07	9.651658387e-07	6
8.66028353e-07	9.593601452e-07	6
8.468895463e-07	9.535544516e-07	6
8.277507396e-07	9.477487581e-07	6
8.086119329e-07	9.419430645e-07	6
7.894731261e-07	9.36137371e-07	6
7.703343194e-07	9.303316775e-07	6
7.511955127e-07	9.245259839e-07	6
7.32056706e-07	9.187202904e-07	6
7.129178993e-07	9.129145968e-07	6
6.937790926e-07	9.071089033e-07	6
6.746402859e-07	9.013032097e-07	6
6.555014791e-07	8.954975162e-07	6
6.363626724e-07	8.896918226e-07	6
6.172238657e-07	8.838861291e-07	6
5.98085059e-07	8.780804356e-07	6
5.789462523e-07	8.72274742e-07	6
5.598074456e-07	8.664690485e-07	6
5.406686388e-07	8.606633549e-07	6
5.215298321e-07	8.548576614e-07	6
5.023910254e-07	8.490519678e-07	6
4.832522187e-07	8.432462743e-07	6
4.64113412e-07	8.374405807e-07	6
4.449746053e-07	8.316348872e-07	6
4.258357986e-07	8.258291936e-07	6
4.066969918e-07	8.200235001e-07	6
3.875581851e-07	8.142178066e-07	6
3.684193784e-07	8.08412113e-07	6
3.492805717e-07	8.026064195e-07	6
3.30141765e-07	7.968007259e-07	6
3.110029583e-07	7.909950324e-07	6
2.918641516e-07	7.851893388e-07	6
2.727253448e-07	7.793836453e-07	6
2.535865381e-07	7.735779517e-07	6
2.344477314e-07	7.677722582e-07	6
2.153089247e-07	7.619665647e-07	6
1.96170118e-07	7.561608711e-07	6
1.770313113e-07	7.503551776e-07	6
1.578925046e-07	7.44549484e-07	6
1.387536978e-07	7.387437905e-07	6
1.196148911e-07	7.329380969e-07	6
1.004760844e-07	7.271324034e-07	6
8.13372777e-08	7.213267098e-07	6
6.219847098e-08	7.155210163e-07	6
4.305966427e-08	7.097153227e-07	6
4.305966427e-08	7.097153227e-07	0
4.819175445e-08	6.94180264e-07	0
5.332384463e-08	6.786452053e-07	0
5.845593482e-08	6.631101466e-07	0
5.845593482e-08	6.631101466e-07	-6
7.728681612e-08	6.698479437e-07	-6
9.611769742e-08	6.765857407e-07	-6
1.149485787e-07	6.833235378e-07	-6
1.3377946e-07	6.900613349e-07	-6
1.526103413e-07	6.967991319e-07	-6
1.714412226e-07	7.03536929e-07	-6
1.902721039e-07	7.102747261e-07	-6
2.091029852e-07	7.170125232e-07	-6
2.279338665e-07	7.237503202e-07	-6
2.467647479e-07	7.304881173e-07	-6
2.655956292e-07	7.372259144e-07	-6
2.844265105e-07	7.439637114e-07	-6
3.032573918e-07	7.507015085e-07	-6
3.220882731e-07	7.574393056e-07	-6
3.409191544e-07	7.641771026e-07	-6
3.597500357e-07	7.709148997e-07	-6
3.78580917e-07	7.776526968e-07	-6
3.974117983e-07	7.843904938e-07	-6
4.162426796e-07	7.911282909e-07	-6
4.350735609e-07	7.97866088e-07	-6
4.539044422e-07	8.04603885e-07	-6
4.727353235e-07	8.113416821e-07	-6
4.915662048e-07	8.180794792e-07	-6
5.103970861e-07	8.248172762e-07	-6
5.292279674e-07	8.315550733e-07	-6
5.480588487e-07	8.382928704e-07	-6
5.6688973e-07	8.450306674e-07	-6
5.857206113e-07	8.517684645e-07	-6
6.045514926e-07	8.585062616e-07	-6
6.233823739e-07	8.652440586e-07	-6
6.422132552e-07	8.719818557e-07	-6
6.610441365e-07	8.787196528e-07	-6
6.798750178e-07	8.854574498e-07	-6
6.987058991e-07	8.921952469e-07	-6
7.175367804e-07	8.98933044e-07	-6
7.363676617e-07	9.056708411e-07	-6
7.551985431e-07	9.124086381e-07	-6
7.740294244e-07	9.191464352e-07	-6
7.928603057e-07	9.258842323e-07	-6
8.11691187e-07	9.326220293e-07	-6
8.305220683e-07	9.393598264e-07	-6
8.493529496e-07	9.460976235e-07	-6
8.681838309e-07	9.528354205e-07	-6
8.870147122e-07	9.595732176e-07	-6
9.058455935e-07	9.663110147e-07	-6
9.246764748e-07	9.730488117e-07	-6
9.435073561e-07	9.797866088e-07	-6
9.623382374e-07	9.865244059e-07	-6
9.811691187e-07	9.932622029e-07	-6
1e-06	1e-06	-6
1.018830881e-06	1.006737797e-06	-6
1.037661763e-06	1.013475594e-06	-6
1.056492644e-06	1.020213391e-06	-6
1.075323525e-06	1.026951188e-06	-6
1.094154407e-06	1.033688985e-06	-6
1.112985288e-06	1.040426782e-06	-6
1.131816169e-06	1.047164579e-06	-6
1.15064705e-06	1.053902377e-06	-6
1.169477932e-06	1.060640174e-06	-6
1.188308813e-06	1.067377971e-06	-6
1.207139694e-06	1.074115768e-06	-6
1.225970576e-06	1.080853565e-06	-6
1.244801457e-06	1.087591362e-06	-6
1.263632338e-06	1.094329159e-06	-6
1.28246322e-06	1.101066956e-06	-6
1.301294101e-06	1.107804753e-06	-6
1.320124982e-06	1.11454255e-06	-6
1.338955863e-06	1.121280347e-06	-6
1.357786745e-06	1.128018144e-06	-6
1.376617626e-06	1.134755941e-06	-6
1.395448507e-06	1.141493738e-06	-6
1.414279389e-06	1.148231535e-06	-6
1.43311027e-06	1.154969333e-06	-6
1.451941151e-06	1.16170713e-06	-6
1.470772033e-06	1.168444927e-06	-6
1.489602914e-06	1.175182724e-06	-6
1.508433795e-06	1.181920521e-06	-6
1.527264677e-06	1.188658318e-06	-6
1.546095558e-06	1.195396115e-06	-6
1.564926439e-06	1.202133912e-06	-6
1.58375732e-06	1.208871709e-06	-6
1.602588202e-06	1.215609506e-06	-6
1.621419083e-06	1.222347303e-06	-6
1.640249964e-06	1.2290851e-06	-6
1.659080846e-06	1.235822897e-06	-6
1.677911727e-06	1.242560694e-06	-6
1.696742608e-06	1.249298492e-06	-6
1.71557349e-06	1.256036289e-06	-6
1.734404371e-06	1.262774086e-06	-6
1.753235252e-06	1.269511883e-06	-6
1.772066133e-06	1.27624968e-06	-6
1.790897015e-06	1.282987477e-06	-6
1.809727896e-06	1.289725274e-06	-6
1.828558777e-06	1.296463071e-06	-6
1.847389659e-06	1.303200868e-06	-6
1.86622054e-06	1.309938665e-06	-6
1.885051421e-06	1.316676462e-06	-6
1.903882303e-06	1.323414259e-06	-6
1.922713184e-06	1.330152056e-06	-6
1.941544065e-06	1.336889853e-06	-6
1.941544065e-06	1.336889853e-06	0
1.941544065e-06	1.336889853e-06	6
1.922713184e-06	1.330152056e-06	6
1.903882303e-06	1.323414259e-06	6
1.885051421e-06	1.316676462e-06	6
1.86622054e-06	1.309938665e-06	6
1.847389659e-06	1.303200868e-06	6
1.828558777e-06	1.296463071e-06	6
1.809727896e-06	1.289725274e-06	6
1.790897015e-06	1.282987477e-06	6
1.772066133e-06	1.27624968e-06	6
1.753235252e-06	1.269511883e-06	6
1.734404371e-06	1.262774086e-06	6
1.71557349e-06	1.256036289e-06	6
1.696742608e-06	1.249298492e-06	6
1.677911727e-06	1.242560694e-06	6
1.659080846e-06	1.235822897e-06	6
1.640249964e-06	1.2290851e-06	6
1.621419083e-06	1.222347303e-06	6
1.602588202e-06	1.215609506e-06	6
1.58375732e-06	1.208871709e-06	6
1.564926439e-06	1.202133912e-06	6
1.546095558e-06	1.195396115e-06	6
1.527264677e-06	1.188658318e-06	6
1.508433795e-06	1.181920521e-06	6
1.489602914e-06	1.175182724e-06	6
1.470772033e-06	1.168444927e-06	6
1.451941151e-06	1.16170713e-06	6
1.43311027e-06	1.154969333e-06	6
1.414279389e-06	1.148231535e-06	6
1.395448507e-06	1.141493738e-06	6
1.376617626e-06	1.134755941e-06	6
1.357786745e-06	1.128018144e-06	6
1.338955863e-06	1.121280347e-06	6
1.320124982e-06	1.11454255e-06	6
1.301294101e-06	1.107804753e-06	6
1.28246322e-06	1.101066956e-06	6
1.263632338e-06	1.094329159e-06	6
1.244801457e-06	1.087591362e-06	6
1.225970576e-06	1.080853565e-06	6
1.207139694e-06	1.074115768e-06	6
1.188308813e-06	1.067377971e-06	6
1.169477932e-06	1.060640174e-06	6
1.15064705e-06	1.053902377e-06	6
1.131816169e-06	1.047164579e-06	6
1.112985288e-06	1.040426782e-06	6
1.094154407e-06	1.033688985e-06	6
1.075323525e-06	1.026951188e-06	6
1.056492644e-06	1.020213391e-06	6
1.037661763e-06	1.013475594e-06	6
1.018830881e-06	1.006737797e-06	6
1e-06	1e-06	6
9.811691187e-07	9.932622029e-07	6
9.623382374e-07	9.865244059e-07	6
9.435073561e-07	9.797866088e-07	6
9.246764748e-07	9.730488117e-07	6
9.058455935e-07	9.663110147e-07	6
8.870147122e-07	9.595732176e-07	6
8.681838309e-07	9.528354205e-07	6
8.493529496e-07	9.460976235e-07	6
8.305220683e-07	9.393598264e-07	6
8.11691187e-07	9.326220293e-07	6
7.928603057e-07	9.258842323e-07	6
7.740294244e-07	9.191464352e-07	6
7.551985431e-07	9.124086381e-07	6
7.363676617e-07	9.056708411e-07	6
7.175367804e-07	8.98933044e-07	6
6.987058991e-07	8.921952469e-07	6
6.798750178e-07	8.854574498e-07	6
6.610441365e-07	8.787196528e-07	6
6.422132552e-07	8.719818557e-07	6
6.233823739e-07	8.652440586e-07	6
6.045514926e-07	8.585062616e-07	6
5.857206113e-07	8.517684645e-07	6
5.6688973e-07	8.450306674e-07	6
5.480588487e-07	8.382928704e-07	6
5.292279674e-07	8.315550733e-07	6
5.103970861e-07	8.248172762e-07	6
4.915662048e-07	8.180794792e-07	6
4.727353235e-07	8.113416821e-07	6
4.539044422e-07	8.04603885e-07	6
4.350735609e-07	7.97866088e-07	6
4.162426796e-07	7.911282909e-07	6
3.974117983e-07	7.843904938e-07	6
3.78580917e-07	7.776526968e-07	6
3.597500357e-07	7.709148997e-07	6
3.409191544e-07	7.641771026e-07	6
3.220882731e-07	7.574393056e-07	6
3.032573918e-07	7.507015085e-07	6
2.844265105e-07	7.439637114e-07	6
2.655956292e-07	7.372259144e-07	6
2.467647479e-07	7.304881173e-07	6
2.279338665e-07	7.237503202e-07	6
2.091029852e-07	7.170125232e-07	6
1.902721039e-07	7.102747261e-07	6
1.714412226e-07	7.03536929e-07	6
1.526103413e-07	6.967991319e-07	6
1.3377946e-07	6.900613349e-07	6
1.149485787e-07	6.833235378e-07	6
9.611769742e-08	6.765857407e-07	6
7.728681612e-08	6.698479437e-07	6
5.845593482e-08	6.631101466e-07	6
5.845593482e-08	6.631101466e-07	0
6.434411237e-08	6.478456203e-07	0
7.023228993e-08	6.32581094e-07	0
7.612046749e-08	6.173165676e-07	0
7.612046749e-08	6.173165676e-07	-6
9.459805814e-08	6.249702363e-07	-6
1.130756488e-07	6.326239049e-07	-6
1.315532394e-07	6.402775736e-07	-6
1.500308301e-07	6.479312422e-07	-6
1.685084207e-07	6.555849109e-07	-6
1.869860114e-07	6.632385795e-07	-6
2.05463602e-07	6.708922482e-07	-6
2.239411927e-07	6.785459168e-07	-6
2.424187833e-07	6.861995855e-07	-6
2.60896374e-07	6.938532541e-07	-6
2.793739646e-07	7.015069228e-07	-6
2.978515553e-07	7.091605914e-07	-6
3.163291459e-07	7.1681426e-07	-6
3.348067366e-07	7.244679287e-07	-6
3.532843272e-07	7.321215973e-07	-6
3.717619179e-07	7.39775266e-07	-6
3.902395085e-07	7.474289346e-07	-6
4.087170992e-07	7.550826033e-07	-6
4.271946898e-07	7.627362719e-07	-6
4.456722805e-07	7.703899406e-07	-6
4.641498711e-07	7.780436092e-07	-6
4.826274618e-07	7.856972779e-07	-6
5.011050524e-07	7.933509465e-07	-6
5.195826431e-07	8.010046152e-07	-6
5.380602337e-07	8.086582838e-07	-6
5.565378244e-07	8.163119525e-07	-6
5.75015415e-07	8.239656211e-07	-6
5.934930057e-07	8.316192898e-07	-6
6.119705963e-07	8.392729584e-07	-6
6.30448187e-07	8.469266271e-07	-6
6.489257776e-07	8.545802957e-07	-6
6.674033683e-07	8.622339643e-07	-6
6.858809589e-07	8.69887633e-07	-6
7.043585496e-07	8.775413016e-07	-6
7.228361402e-07	8.851949703e-07	-6
7.413137309e-07	8.928486389e-07	-6
7.597913215e-07	9.005023076e-07	-6
7.782689122e-07	9.081559762e-07	-6
7.967465028e-07	9.158096449e-07	-6
8.152240935e-07	9.234633135e-07	-6
8.337016841e-07	9.311169822e-07	-6
8.521792748e-07	9.387706508e-07	-6
8.706568654e-07	9.464243195e-07	-6
8.891344561e-07	9.540779881e-07	-6
9.076120467e-07	9.617316568e-07	-6
9.260896374e-07	9.693853254e-07	-6
9.44567228e-07	9.770389941e-07	-6
9.630448187e-07	9.846926627e-07	-6
9.815224093e-07	9.923463314e-07	-6
1e-06	1e-06	-6
1.018477591e-06	1.007653669e-06	-6
1.036955181e-06	1.015307337e-06	-6
1.055432772e-06	1.022961006e-06	-6
1.073910363e-06	1.030614675e-06	-6
1.092387953e-06	1.038268343e-06	-6
1.110865544e-06	1.045922012e-06	-6
1.129343135e-06	1.053575681e-06	-6
1.147820725e-06	1.061229349e-06	-6
1.166298316e-06	1.068883018e-06	-6
1.184775907e-06	1.076536686e-06	-6
1.203253497e-06	1.084190355e-06	-6
1.221731088e-06	1.091844024e-06	-6
1.240208678e-06	1.099497692e-06	-6
1.258686269e-06	1.107151361e-06	-6
1.27716386e-06	1.11480503e-06	-6
1.29564145e-06	1.122458698e-06	-6
1.314119041e-06	1.130112367e-06	-6
1.332596632e-06	1.137766036e-06	-6
1.351074222e-06	1.145419704e-06	-6
1.369551813e-06	1.153073373e-06	-6
1.388029404e-06	1.160727042e-06	-6
1.406506994e-06	1.16838071e-06	-6
1.424984585e-06	1.176034379e-06	-6
1.443462176e-06	1.183688048e-06	-6
1.461939766e-06	1.191341716e-06	-6
1.480417357e-06	1.198995385e-06	-6
1.498894948e-06	1.206649053e-06	-6
1.517372538e-06	1.214302722e-06	-6
1.535850129e-06	1.221956391e-06	-6
1.55432772e-06	1.229610059e-06	-6
1.57280531e-06	1.237263728e-06	-6
1.591282901e-06	1.244917397e-06	-6
1.609760491e-06	1.252571065e-06	-6
1.628238082e-06	1.260224734e-06	-6
1.646715673e-06	1.267878403e-06	-6
1.665193263e-06	1.275532071e-06	-6
1.683670854e-06	1.28318574e-06	-6
1.702148445e-06	1.290839409e-06	-6
1.720626035e-06	1.298493077e-06	-6
1.739103626e-06	1.306146746e-06	-6
1.757581217e-06	1.313800415e-06	-6
1.776058807e-06	1.321454083e-06	-6
1.794536398e-06	1.329107752e-06	-6
1.813013989e-06	1.33676142e-06	-6
1.831491579e-06	1.344415089e-06	-6
1.84996917e-06	1.352068758e-06	-6
1.868446761e-06	1.359722426e-06	-6
1.886924351e-06	1.367376095e-06	-6
1.905401942e-06	1.375029764e-06	-6
1.923879533e-06	1.382683432e-06	-6
1.923879533e-06	1.382683432e-06	0
1.923879533e-06	1.382683432e-06	6
1.905401942e-06	1.375029764e-06	6
1.886924351e-06	1.367376095e-06	6
1.868446761e-06	1.359722426e-06	6
1.84996917e-06	1.352068758e-06	6
1.831491579e-06	1.344415089e-06	6
1.813013989e-06	1.33676142e-06	6
1.794536398e-06	1.329107752e-06	6
1.776058807e-06	1.321454083e-06	6
1.757581217e-06	1.313800415e-06	6
1.739103626e-06	1.306146746e-06	6
1.720626035e-06	1.298493077e-06	6
1.702148445e-06	1.290839409e-06	6
1.683670854e-06	1.28318574e-06	6
1.665193263e-06	1.275532071e-06	6
1.646715673e-06	1.267878403e-06	6
1.628238082e-06	1.260224734e-06	6
1.609760491e-06	1.252571065e-06	6
1.591282901e-06	1.244917397e-06	6
1.57280531e-06	1.237263728e-06	6
1.55432772e-06	1.229610059e-06	6
1.535850129e-06	1.221956391e-06	6
1.517372538e-06	1.214302722e-06	6
1.498894948e-06	1.206649053e-06	6
1.480417357e-06	1.198995385e-06	6
1.461939766e-06	1.191341716e-06	6
1.443462176e-06	1.183688048e-06	6
1.424984585e-06	1.176034379e-06	6
1.406506994e-06	1.16838071e-06	6
1.388029404e-06	1.160727042e-06	6
1.369551813e-06	1.153073373e-06	6
1.351074222e-06	1.145419704e-06	6
1.332596632e-06	1.137766036e-06	6
1.314119041e-06	1.130112367e-06	6
1.29564145e-06	1.122458698e-06	6
1.27716386e-06	1.11480503e-06	6
1.258686269e-06	1.107151361e-06	6
1.240208678e-06	1.099497692e-06	6
1.221731088e-06	1.091844024e-06	6
1.203253497e-06	1.084190355e-06	6
1.184775907e-06	1.076536686e-06	6
1.166298316e-06	1.068883018e-06	6
1.147820725e-06	1.061229349e-06	6
1.129343135e-06	1.053575681e-06	6
1.110865544e-06	1.045922012e-06	6
1.092387953e-06	1.038268343e-06	6
1.073910363e-06	1.030614675e-06	6
1.055432772e-06	1.022961006e-06	6
1.036955181e-06	1.015307337e-06	6
1.018477591e-06	1.007653669e-06	6
1e-06	1e-06	6
9.815224093e-07	9.923463314e-07	6
9.630448187e-07	9.846926627e-07	6
9.44567228e-07	9.770389941e-07	6
9.260896374e-07	9.693853254e-07	6
9.076120467e-07	9.617316568e-07	6
8.891344561e-07	9.540779881e-07	6
8.706568654e-07	9.464243195e-07	6
8.521792748e-07	9.387706508e-07	6
8.337016841e-07	9.311169822e-07	6
8.152240935e-07	9.234633135e-07	6
7.967465028e-07	9.158096449e-07	6
7.782689122e-07	9.081559762e-07	6
7.597913215e-07	9.005023076e-07	6
7.413137309e-07	8.928486389e-07	6
7.228361402e-07	8.851949703e-07	6
7.043585496e-07	8.775413016e-07	6
6.858809589e-07	8.69887633e-07	6
6.674033683e-07	8.622339643e-07	6
6.489257776e-07	8.545802957e-07	6
6.30448187e-07	8.469266271e-07	6
6.119705963e-07	8.392729584e-07	6
5.934930057e-07	8.316192898e-07	6
5.75015415e-07	8.239656211e-07	6
5.565378244e-07	8.163119525e-07	6
5.380602337e-07	8.086582838e-07	6
5.195826431e-07	8.010046152e-07	6
5.011050524e-07	7.933509465e-07	6
4.826274618e-07	7.856972779e-07	6
4.641498711e-07	7.780436092e-07	6
4.456722805e-07	7.703899406e-07	6
4.271946898e-07	7.627362719e-07	6
4.087170992e-07	7.550826033e-07	6
3.902395085e-07	7.474289346e-07	6
3.717619179e-07	7.39775266e-07	6
3.532843272e-07	7.321215973e-07	6
3.348067366e-07	7.244679287e-07	6
3.163291459e-07	7.1681426e-07	6
2.978515553e-07	7.091605914e-07	6
2.793739646e-07	7.015069228e-07	6
2.60896374e-07	6.938532541e-07	6
2.424187833e-07	6.861995855e-07	6
2.239411927e-07	6.785459168e-07	6
2.05463602e-07	6.708922482e-07	6
1.869860114e-07	6.632385795e-07	6
1.685084207e-07	6.555849109e-07	6
1.500308301e-07	6.479312422e-07	6
1.315532394e-07	6.402775736e-07	6
1.130756488e-07	6.326239049e-07	6
9.459805814e-08	6.249702363e-07	6
7.612046749e-08	6.173165676e-07	6
7.612046749e-08	6.173165676e-07	0
8.275054728e-08	6.023593473e-07	0
8.938062708e-08	5.874021269e-07	0
9.601070688e-08	5.724449066e-07	0
9.601070688e-08	5.724449066e-07	-6
1.13911485e-07	5.809113441e-07	-6
1.31812263e-07	5.893777816e-07	-6
1.497130411e-07	5.978442191e-07	-6
1.676138192e-07	6.063106565e-07	-6
1.855145973e-07	6.14777094e-07	-6
2.034153754e-07	6.232435315e-07	-6
2.213161534e-07	6.31709969e-07	-6
2.392169315e-07	6.401764065e-07	-6
2.571177096e-07	6.48642844e-07	-6
2.750184877e-07	6.571092815e-07	-6
2.929192658e-07	6.65575719e-07	-6
3.108200439e-07	6.740421565e-07	-6
3.287208219e-07	6.82508594e-07	-6
3.466216e-07	6.909750315e-07	-6
3.645223781e-07	6.99441469e-07	-6
3.824231562e-07	7.079079065e-07	-6
4.003239343e-07	7.16374344e-07	-6
4.182247123e-07	7.248407815e-07	-6
4.361254904e-07	7.333072189e-07	-6
4.540262685e-07	7.417736564e-07	-6
4.719270466e-07	7.502400939e-07	-6
4.898278247e-07	7.587065314e-07	-6
5.077286028e-07	7.671729689e-07	-6
5.256293808e-07	7.756394064e-07	-6
5.435301589e-07	7.841058439e-07	-6
5.61430937e-07	7.925722814e-07	-6
5.793317151e-07	8.010387189e-07	-6
5.972324932e-07	8.095051564e-07	-6
6.151332712e-07	8.179715939e-07	-6
6.330340493e-07	8.264380314e-07	-6
6.509348274e-07	8.349044689e-07	-6
6.688356055e-07	8.433709064e-07	-6
6.867363836e-07	8.518373439e-07	-6
7.046371617e-07	8.603037814e-07	-6
7.225379397e-07	8.687702188e-07	-6
7.404387178e-07	8.772366563e-07	-6
7.583394959e-07	8.857030938e-07	-6
7.76240274e-07	8.941695313e-07	-6
7.941410521e-07	9.026359688e-07	-6
8.120418301e-07	9.111024063e-07	-6
8.299426082e-07	9.195688438e-07	-6
8.478433863e-07	9.280352813e-07	-6
8.657441644e-07	9.365017188e-07	-6
8.836449425e-07	9.449681563e-07	-6
9.015457206e-07	9.534345938e-07	-6
9.194464986e-07	9.619010313e-07	-6
9.373472767e-07	9.703674688e-07	-6
9.552480548e-07	9.788339063e-07	-6
9.731488329e-07	9.873003438e-07	-6
9.91049611e-07	9.957667813e-07	-6
1.008950389e-06	1.004233219e-06	-6
1.026851167e-06	1.012699656e-06	-6
1.044751945e-06	1.021166094e-06	-6
1.062652723e-06	1.029632531e-06	-6
1.080553501e-06	1.038098969e-06	-6
1.098454279e-06	1.046565406e-06	-6
1.116355058e-06	1.055031844e-06	-6
1.134255836e-06	1.063498281e-06	-6
1.152156614e-06	1.071964719e-06	-6
1.170057392e-06	1.080431156e-06	-6
1.18795817e-06	1.088897594e-06	-6
1.205858948e-06	1.097364031e-06	-6
1.223759726e-06	1.105830469e-06	-6
1.241660504e-06	1.114296906e-06	-6
1.259561282e-06	1.122763344e-06	-6
1.27746206e-06	1.131229781e-06	-6
1.295362838e-06	1.139696219e-06	-6
1.313263616e-06	1.148162656e-06	-6
1.331164395e-06	1.156629094e-06	-6
1.349065173e-06	1.165095531e-06	-6
1.366965951e-06	1.173561969e-06	-6
1.384866729e-06	1.182028406e-06	-6
1.402767507e-06	1.190494844e-06	-6
1.420668285e-06	1.198961281e-06	-6
1.438569063e-06	1.207427719e-06	-6
1.456469841e-06	1.215894156e-06	-6
1.474370619e-06	1.224360594e-06	-6
1.492271397e-06	1.232827031e-06	-6
1.510172175e-06	1.241293469e-06	-6
1.528072953e-06	1.249759906e-06	-6
1.545973731e-06	1.258226344e-06	-6
1.56387451e-06	1.266692781e-06	-6
1.581775288e-06	1.275159219e-06	-6
1.599676066e-06	1.283625656e-06	-6
1.617576844e-06	1.292092094e-06	-6
1.635477622e-06	1.300558531e-06	-6
1.6533784e-06	1.309024969e-06	-6
1.671279178e-06	1.317491406e-06	-6
1.689179956e-06	1.325957844e-06	-6
1.707080734e-06	1.334424281e-06	-6
1.724981512e-06	1.342890718e-06	-6
1.74288229e-06	1.351357156e-06	-6
1.760783068e-06	1.359823593e-06	-6
1.778683847e-06	1.368290031e-06	-6
1.796584625e-06	1.376756468e-06	-6
1.814485403e-06	1.385222906e-06	-6
1.832386181e-06	1.393689343e-06	-6
1.850286959e-06	1.402155781e-06	-6
1.868187737e-06	1.410622218e-06	-6
1.886088515e-06	1.419088656e-06	-6
1.903989293e-06	1.427555093e-06	-6
1.903989293e-06	1.427555093e-06	0
1.903989293e-06	1.427555093e-06	6
1.886088515e-06	1.419088656e-06	6
1.868187737e-06	1.410622218e-06	6
1.850286959e-06	1.402155781e-06	6
1.832386181e-06	1.393689343e-06	6
1.814485403e-06	1.385222906e-06	6
1.796584625e-06	1.376756468e-06	6
1.778683847e-06	1.368290031e-06	6
1.760783068e-06	1.359823593e-06	6
1.74288229e-06	1.351357156e-06	6
1.724981512e-06	1.342890718e-06	6
1.707080734e-06	1.334424281e-06	6
1.689179956e-06	1.325957844e-06	6
1.671279178e-06	1.317491406e-06	6
1.6533784e-06	1.309024969e-06	6
1.635477622e-06	1.300558531e-06	6
1.617576844e-06	1.292092094e-06	6
1.599676066e-06	1.283625656e-06	6
1.581775288e-06	1.275159219e-06	6
1.56387451e-06	1.266692781e-06	6
1.545973731e-06	1.258226344e-06	6
1.528072953e-06	1.249759906e-06	6
1.510172175e-06	1.241293469e-06	6
1.492271397e-06	1.232827031e-06	6
1.474370619e-06	1.224360594e-06	6
1.456469841e-06	1.215894156e-06	6
1.438569063e-06	1.207427719e-06	6
1.420668285e-06	1.198961281e-06	6
1.402767507e-06	1.190494844e-06	6
1.384866729e-06	1.182028406e-06	6
1.366965951e-06	1.173561969e-06	6
1.349065173e-06	1.165095531e-06	6
1.331164395e-06	1.156629094e-06	6
1.313263616e-06	1.148162656e-06	6
1.295362838e-06	1.139696219e-06	6
1.27746206e-06	1.131229781e-06	6
1.259561282e-06	1.122763344e-06	6
1.241660504e-06	1.114296906e-06	6
1.223759726e-06	1.105830469e-06	6
1.205858948e-06	1.097364031e-06	6
1.18795817e-06	1.088897594e-06	6
1.170057392e-06	1.080431156e-06	6
1.152156614e-06	1.071964719e-06	6
1.134255836e-06	1.063498281e-06	6
1.116355058e-06	1.055031844e-06	6
1.098454279e-06	1.046565406e-06	6
1.080553501e-06	1.038098969e-06	6
1.062652723e-06	1.029632531e-06	6
1.044751945e-06	1.021166094e-06	6
1.026851167e-06	1.012699656e-06	6
1.008950389e-06	1.004233219e-06	6
9.91049611e-07	9.957667813e-07	6
9.731488329e-07	9.873003438e-07	6
9.552480548e-07	9.788339063e-07	6
9.373472767e-07	9.703674688e-07	6
9.194464986e-07	9.619010313e-07	6
9.015457206e-07	9.534345938e-07	6
8.836449425e-07	9.449681563e-07	6
8.657441644e-07	9.365017188e-07	6
8.478433863e-07	9.280352813e-07	6
8.299426082e-07	9.195688438e-07	6
8.120418301e-07	9.111024063e-07	6
7.941410521e-07	9.026359688e-07	6
7.76240274e-07	8.941695313e-07	6
7.583394959e-07	8.857030938e-07	6
7.404387178e-07	8.772366563e-07	6
7.225379397e-07	8.687702188e-07	6
7.046371617e-07	8.603037814e-07	6
6.867363836e-07	8.518373439e-07	6
6.688356055e-07	8.433709064e-07	6
6.509348274e-07	8.349044689e-07	6
6.330340493e-07	8.264380314e-07	6
6.151332712e-07	8.179715939e-07	6
5.972324932e-07	8.095051564e-07	6
5.793317151e-07	8.010387189e-07	6
5.61430937e-07	7.925722814e-07	6
5.435301589e-07	7.841058439e-07	6
5.256293808e-07	7.756394064e-07	6
5.077286028e-07	7.671729689e-07	6
4.898278247e-07	7.587065314e-07	6
4.719270466e-07	7.502400939e-07	6
4.540262685e-07	7.417736564e-07	6
4.361254904e-07	7.333072189e-07	6
4.182247123e-07	7.248407815e-07	6
4.003239343e-07	7.16374344e-07	6
3.824231562e-07	7.079079065e-07	6
3.645223781e-07	6.99441469e-07	6
3.466216e-07	6.909750315e-07	6
3.287208219e-07	6.82508594e-07	6
3.108200439e-07	6.740421565e-07	6
2.929192658e-07	6.65575719e-07	6
2.750184877e-07	6.571092815e-07	6
2.571177096e-07	6.48642844e-07	6
2.392169315e-07	6.401764065e-07	6
2.213161534e-07	6.31709969e-07	6
2.034153754e-07	6.232435315e-07	6
1.855145973e-07	6.14777094e-07	6
1.676138192e-07	6.063106565e-07	6
1.497130411e-07	5.978442191e-07	6
1.31812263e-07	5.893777816e-07	6
1.13911485e-07	5.809113441e-07	6
9.601070688e-08	5.724449066e-07	6
9.601070688e-08	5.724449066e-07	0
1.033667165e-07	5.578310254e-07	0
1.107227261e-07	5.432171443e-07	0
1.180787357e-07	5.286032632e-07	0
1.180787357e-07	5.286032632e-07	-6
1.355425231e-07	5.37937852e-07	-6
1.530063105e-07	5.472724409e-07	-6
1.704700979e-07	5.566070297e-07	-6
1.879338853e-07	5.659416186e-07	-6
2.053976727e-07	5.752762074e-07	-6
2.228614601e-07	5.846107963e-07	-6
2.403252475e-07	5.939453851e-07	-6
2.57789035e-07	6.03279974e-07	-6
2.752528224e-07	6.126145628e-07	-6
2.927166098e-07	6.219491517e-07	-6
3.101803972e-07	6.312837405e-07	-6
3.276441846e-07	6.406183294e-07	-6
3.45107972e-07	6.499529182e-07	-6
3.625717594e-07	6.59287507e-07	-6
3.800355468e-07	6.686220959e-07	-6
3.974993343e-07	6.779566847e-07	-6
4.149631217e-07	6.872912736e-07	-6
4.324269091e-07	6.966258624e-07	-6
4.498906965e-07	7.059604513e-07	-6
4.673544839e-07	7.152950401e-07	-6
4.848182713e-07	7.24629629e-07	-6
5.022820587e-07	7.339642178e-07	-6
5.197458461e-07	7.432988067e-07	-6
5.372096336e-07	7.526333955e-07	-6
5.54673421e-07	7.619679844e-07	-6
5.721372084e-07	7.713025732e-07	-6
5.896009958e-07	7.806371621e-07	-6
6.070647832e-07	7.899717509e-07	-6
6.245285706e-07	7.993063398e-07	-6
6.41992358e-07	8.086409286e-07	-6
6.594561454e-07	8.179755175e-07	-6
6.769199329e-07	8.273101063e-07	-6
6.943837203e-07	8.366446952e-07	-6
7.118475077e-07	8.45979284e-07	-6
7.293112951e-07	8.553138729e-07	-6
7.467750825e-07	8.646484617e-07	-6
7.642388699e-07	8.739830506e-07	-6
7.817026573e-07	8.833176394e-07	-6
7.991664448e-07	8.926522282e-07	-6
8.166302322e-07	9.019868171e-07	-6
8.340940196e-07	9.113214059e-07	-6
8.51557807e-07	9.206559948e-07	-6
8.690215944e-07	9.299905836e-07	-6
8.864853818e-07	9.393251725e-07	-6
9.039491692e-07	9.486597613e-07	-6
9.214129566e-07	9.579943502e-07	-6
9.388767441e-07	9.67328939e-07	-6
9.563405315e-07	9.766635279e-07	-6
9.738043189e-07	9.859981167e-07	-6
9.912681063e-07	9.953327056e-07	-6
1.008731894e-06	1.004667294e-06	-6
1.026195681e-06	1.014001883e-06	-6
1.043659469e-06	1.023336472e-06	-6
1.061123256e-06	1.032671061e-06	-6
1.078587043e-06	1.04200565e-06	-6
1.096050831e-06	1.051340239e-06	-6
1.113514618e-06	1.060674828e-06	-6
1.130978406e-06	1.070009416e-06	-6
1.148442193e-06	1.079344005e-06	-6
1.16590598e-06	1.088678594e-06	-6
1.183369768e-06	1.098013183e-06	-6
1.200833555e-06	1.107347772e-06	-6
1.218297343e-06	1.116682361e-06	-6
1.23576113e-06	1.126016949e-06	-6
1.253224917e-06	1.135351538e-06	-6
1.270688705e-06	1.144686127e-06	-6
1.288152492e-06	1.154020716e-06	-6
1.30561628e-06	1.163355305e-06	-6
1.323080067e-06	1.172689894e-06	-6
1.340543855e-06	1.182024483e-06	-6
1.358007642e-06	1.191359071e-06	-6
1.375471429e-06	1.20069366e-06	-6
1.392935217e-06	1.210028249e-06	-6
1.410399004e-06	1.219362838e-06	-6
1.427862792e-06	1.228697427e-06	-6
1.445326579e-06	1.238032016e-06	-6
1.462790366e-06	1.247366604e-06	-6
1.480254154e-06	1.256701193e-06	-6
1.497717941e-06	1.266035782e-06	-6
1.515181729e-06	1.275370371e-06	-6
1.532645516e-06	1.28470496e-06	-6
1.550109304e-06	1.294039549e-06	-6
1.567573091e-06	1.303374138e-06	-6
1.585036878e-06	1.312708726e-06	-6
1.602500666e-06	1.322043315e-06	-6
1.619964453e-06	1.331377904e-06	-6
1.637428241e-06	1.340712493e-06	-6
1.654892028e-06	1.350047082e-06	-6
1.672355815e-06	1.359381671e-06	-6
1.689819603e-06	1.368716259e-06	-6
1.70728339e-06	1.378050848e-06	-6
1.724747178e-06	1.387385437e-06	-6
1.742210965e-06	1.396720026e-06	-6
1.759674752e-06	1.406054615e-06	-6
1.77713854e-06	1.415389204e-06	-6
1.794602327e-06	1.424723793e-06	-6
1.812066115e-06	1.434058381e-06	-6
1.829529902e-06	1.44339297e-06	-6
1.84699369e-06	1.452727559e-06	-6
1.864457477e-06	1.462062148e-06	-6
1.881921264e-06	1.471396737e-06	-6
1.881921264e-06	1.471396737e-06	0
1.881921264e-06	1.471396737e-06	6
1.864457477e-06	1.462062148e-06	6
1.84699369e-06	1.452727559e-06	6
1.829529902e-06	1.44339297e-06	6
1.812066115e-06	1.434058381e-06	6
1.794602327e-06	1.424723793e-06	6
1.77713854e-06	1.415389204e-06	6
1.759674752e-06	1.406054615e-06	6
1.742210965e-06	1.396720026e-06	6
1.724747178e-06	1.387385437e-06	6
1.70728339e-06	1.378050848e-06	6
1.689819603e-06	1.368716259e-06	6
1.672355815e-06	1.359381671e-06	6
1.654892028e-06	1.350047082e-06	6
1.637428241e-06	1.340712493e-06	6
1.619964453e-06	1.331377904e-06	6
1.602500666e-06	1.322043315e-06	6
1.585036878e-06	1.312708726e-06	6
1.567573091e-06	1.303374138e-06	6
1.550109304e-06	1.294039549e-06	6
1.532645516e-06	1.28470496e-06	6
1.515181729e-06	1.275370371e-06	6
1.497717941e-06	1.266035782e-06	6
1.480254154e-06	1.256701193e-06	6
1.462790366e-06	1.247366604e-06	6
1.445326579e-06	1.238032016e-06	6
1.427862792e-06	1.228697427e-06	6
1.410399004e-06	1.219362838e-06	6
1.392935217e-06	1.210028249e-06	6
1.375471429e-06	1.20069366e-06	6
1.358007642e-06	1.191359071e-06	6
1.340543855e-06	1.182024483e-06	6
1.323080067e-06	1.172689894e-06	6
1.30561628e-06	1.163355305e-06	6
1.288152492e-06	1.154020716e-06	6
1.270688705e-06	1.144686127e-06	6
1.253224917e-06	1.135351538e-06	6
1.23576113e-06	1.126016949e-06	6
1.218297343e-06	1.116682361e-06	6
1.200833555e-06	1.107347772e-06	6
1.183369768e-06	1.098013183e-06	6
1.16590598e-06	1.088678594e-06	6
1.148442193e-06	1.079344005e-06	6
1.130978406e-06	1.070009416e-06	6
1.113514618e-06	1.060674828e-06	6
1.096050831e-06	1.051340239e-06	6
1.078587043e-06	1.04200565e-06	6
1.061123256e-06	1.032671061e-06	6
1.043659469e-06	1.023336472e-06	6
1.026195681e-06	1.014001883e-06	6
1.008731894e-06	1.004667294e-06	6
9.912681063e-07	9.953327056e-07	6
9.738043189e-07	9.859981167e-07	6
9.563405315e-07	9.766635279e-07	6
9.388767441e-07	9.67328939e-07	6
9.214129566e-07	9.579943502e-07	6
9.039491692e-07	9.486597613e-07	6
8.864853818e-07	9.393251725e-07	6
8.690215944e-07	9.299905836e-07	6
8.51557807e-07	9.206559948e-07	6
8.340940196e-07	9.113214059e-07	6
8.166302322e-07	9.019868171e-07	6
7.991664448e-07	8.926522282e-07	6
7.817026573e-07	8.833176394e-07	6
7.642388699e-07	8.739830506e-07	6
7.467750825e-07	8.646484617e-07	6
7.293112951e-07	8.553138729e-07	6
7.118475077e-07	8.45979284e-07	6
6.943837203e-07	8.366446952e-07	6
6.769199329e-07	8.273101063e-07	6
6.594561454e-07	8.179755175e-07	6
6.41992358e-07	8.086409286e-07	6
6.245285706e-07	7.993063398e-07	6
6.070647832e-07	7.899717509e-07	6
5.896009958e-07	7.806371621e-07	6
5.721372084e-07	7.713025732e-07	6
5.54673421e-07	7.619679844e-07	6
5.372096336e-07	7.526333955e-07	6
5.197458461e-07	7.432988067e-07	6
5.022820587e-07	7.339642178e-07	6
4.848182713e-07	7.24629629e-07	6
4.673544839e-07	7.152950401e-07	6
4.498906965e-07	7.059604513e-07	6
4.324269091e-07	6.966258624e-07	6
4.149631217e-07	6.872912736e-07	6
3.974993343e-07	6.779566847e-07	6
3.800355468e-07	6.686220959e-07	6
3.625717594e-07	6.59287507e-07	6
3.45107972e-07	6.499529182e-07	6
3.276441846e-07	6.406183294e-07	6
3.101803972e-07	6.312837405e-07	6
2.927166098e-07	6.219491517e-07	6
2.752528224e-07	6.126145628e-07	6
2.57789035e-07	6.03279974e-07	6
2.403252475e-07	5.939453851e-07	6
2.228614601e-07	5.846107963e-07	6
2.053976727e-07	5.752762074e-07	6
1.879338853e-07	5.659416186e-07	6
1.704700979e-07	5.566070297e-07	6
1.530063105e-07	5.472724409e-07	6
1.355425231e-07	5.37937852e-07	6
1.180787357e-07	5.286032632e-07	6
1.180787357e-07	5.286032632e-07	0
1.261429538e-07	5.143679274e-07	0
1.342071719e-07	5.001325916e-07	0
1.4227139e-07	4.858972558e-07	0
1.4227139e-07	4.858972558e-07	-6
1.59256115e-07	4.960775082e-07	-6
1.762408399e-07	5.062577605e-07	-6
1.932255649e-07	5.164380129e-07	-6
2.102102898e-07	5.266182652e-07	-6
2.271950148e-07	5.367985176e-07	-6
2.441797397e-07	5.4697877e-07	-6
2.611644647e-07	5.571590223e-07	-6
2.781491896e-07	5.673392747e-07	-6
2.951339146e-07	5.77519527e-07	-6
3.121186395e-07	5.876997794e-07	-6
3.291033645e-07	5.978800318e-07	-6
3.460880894e-07	6.080602841e-07	-6
3.630728144e-07	6.182405365e-07	-6
3.800575393e-07	6.284207889e-07	-6
3.970422643e-07	6.386010412e-07	-6
4.140269892e-07	6.487812936e-07	-6
4.310117142e-07	6.589615459e-07	-6
4.479964391e-07	6.691417983e-07	-6
4.649811641e-07	6.793220507e-07	-6
4.81965889e-07	6.89502303e-07	-6
4.98950614e-07	6.996825554e-07	-6
5.159353389e-07	7.098628077e-07	-6
5.329200639e-07	7.200430601e-07	-6
5.499047888e-07	7.302233125e-07	-6
5.668895138e-07	7.404035648e-07	-6
5.838742387e-07	7.505838172e-07	-6
6.008589637e-07	7.607640695e-07	-6
6.178436886e-07	7.709443219e-07	-6
6.348284136e-07	7.811245743e-07	-6
6.518131385e-07	7.913048266e-07	-6
6.687978635e-07	8.01485079e-07	-6
6.857825884e-07	8.116653313e-07	-6
7.027673134e-07	8.218455837e-07	-6
7.197520383e-07	8.320258361e-07	-6
7.367367633e-07	8.422060884e-07	-6
7.537214882e-07	8.523863408e-07	-6
7.707062132e-07	8.625665931e-07	-6
7.876909381e-07	8.727468455e-07	-6
8.046756631e-07	8.829270979e-07	-6
8.21660388e-07	8.931073502e-07	-6
8.38645113e-07	9.032876026e-07	-6
8.556298379e-07	9.134678549e-07	-6
8.726145629e-07	9.236481073e-07	-6
8.895992878e-07	9.338283597e-07	-6
9.065840128e-07	9.44008612e-07	-6
9.235687377e-07	9.541888644e-07	-6
9.405534627e-07	9.643691167e-07	-6
9.575381876e-07	9.745493691e-07	-6
9.745229126e-07	9.847296215e-07	-6
9.915076375e-07	9.949098738e-07	-6
1.008492362e-06	1.005090126e-06	-6
1.025477087e-06	1.015270379e-06	-6
1.042461812e-06	1.025450631e-06	-6
1.059446537e-06	1.035630883e-06	-6
1.076431262e-06	1.045811136e-06	-6
1.093415987e-06	1.055991388e-06	-6
1.110400712e-06	1.06617164e-06	-6
1.127385437e-06	1.076351893e-06	-6
1.144370162e-06	1.086532145e-06	-6
1.161354887e-06	1.096712397e-06	-6
1.178339612e-06	1.10689265e-06	-6
1.195324337e-06	1.117072902e-06	-6
1.212309062e-06	1.127253155e-06	-6
1.229293787e-06	1.137433407e-06	-6
1.246278512e-06	1.147613659e-06	-6
1.263263237e-06	1.157793912e-06	-6
1.280247962e-06	1.167974164e-06	-6
1.297232687e-06	1.178154416e-06	-6
1.314217412e-06	1.188334669e-06	-6
1.331202137e-06	1.198514921e-06	-6
1.348186861e-06	1.208695173e-06	-6
1.365171586e-06	1.218875426e-06	-6
1.382156311e-06	1.229055678e-06	-6
1.399141036e-06	1.23923593e-06	-6
1.416125761e-06	1.249416183e-06	-6
1.433110486e-06	1.259596435e-06	-6
1.450095211e-06	1.269776688e-06	-6
1.467079936e-06	1.27995694e-06	-6
1.484064661e-06	1.290137192e-06	-6
1.501049386e-06	1.300317445e-06	-6
1.518034111e-06	1.310497697e-06	-6
1.535018836e-06	1.320677949e-06	-6
1.552003561e-06	1.330858202e-06	-6
1.568988286e-06	1.341038454e-06	-6
1.585973011e-06	1.351218706e-06	-6
1.602957736e-06	1.361398959e-06	-6
1.619942461e-06	1.371579211e-06	-6
1.636927186e-06	1.381759464e-06	-6
1.653911911e-06	1.391939716e-06	-6
1.670896636e-06	1.402119968e-06	-6
1.68788136e-06	1.412300221e-06	-6
1.704866085e-06	1.422480473e-06	-6
1.72185081e-06	1.432660725e-06	-6
1.738835535e-06	1.442840978e-06	-6
1.75582026e-06	1.45302123e-06	-6
1.772804985e-06	1.463201482e-06	-6
1.78978971e-06	1.473381735e-06	-6
1.806774435e-06	1.483561987e-06	-6
1.82375916e-06	1.493742239e-06	-6
1.840743885e-06	1.503922492e-06	-6
1.85772861e-06	1.514102744e-06	-6
1.85772861e-06	1.514102744e-06	0
1.85772861e-06	1.514102744e-06	6
1.840574038e-06	1.503820689e-06	6
1.823419466e-06	1.493538634e-06	6
1.806264893e-06	1.48325658e-06	6
1.789110321e-06	1.472974525e-06	6
1.771955749e-06	1.46269247e-06	6
1.754801177e-06	1.452410415e-06	6
1.737646605e-06	1.44212836e-06	6
1.720492032e-06	1.431846305e-06	6
1.70333746e-06	1.42156425e-06	6
1.686182888e-06	1.411282195e-06	6
1.669028316e-06	1.40100014e-06	6
1.651873744e-06	1.390718086e-06	6
1.634719171e-06	1.380436031e-06	6
1.617564599e-06	1.370153976e-06	6
1.600410027e-06	1.359871921e-06	6
1.583255455e-06	1.349589866e-06	6
1.566100883e-06	1.339307811e-06	6
1.54894631e-06	1.329025756e-06	6
1.531791738e-06	1.318743701e-06	6
1.514637166e-06	1.308461647e-06	6
1.497482594e-06	1.298179592e-06	6
1.480328022e-06	1.287897537e-06	6
1.463173449e-06	1.277615482e-06	6
1.446018877e-06	1.267333427e-06	6
1.428864305e-06	1.257051372e-06	6
1.411709733e-06	1.246769317e-06	6
1.394555161e-06	1.236487262e-06	6
1.377400588e-06	1.226205207e-06	6
1.360246016e-06	1.215923153e-06	6
1.343091444e-06	1.205641098e-06	6
1.325936872e-06	1.195359043e-06	6
1.3087823e-06	1.185076988e-06	6
1.291627727e-06	1.174794933e-06	6
1.274473155e-06	1.164512878e-06	6
1.257318583e-06	1.154230823e-06	6
1.240164011e-06	1.143948768e-06	6
1.223009439e-06	1.133666713e-06	6
1.205854866e-06	1.123384659e-06	6
1.188700294e-06	1.113102604e-06	6
1.171545722e-06	1.102820549e-06	6
1.15439115e-06	1.092538494e-06	6
1.137236578e-06	1.082256439e-06	6
1.120082005e-06	1.071974384e-06	6
1.102927433e-06	1.061692329e-06	6
1.085772861e-06	1.051410274e-06	6
1.068618289e-06	1.04112822e-06	6
1.051463717e-06	1.030846165e-06	6
1.034309144e-06	1.02056411e-06	6
1.017154572e-06	1.010282055e-06	6
1e-06	1e-06	6
9.828454278e-07	9.897179451e-07	6
9.656908556e-07	9.794358902e-07	6
9.485362834e-07	9.691538353e-07	6
9.313817112e-07	9.588717805e-07	6
9.14227139e-07	9.485897256e-07	6
8.970725668e-07	9.383076707e-07	6
8.799179946e-07	9.280256158e-07	6
8.627634224e-07	9.177435609e-07	6
8.456088502e-07	9.07461506e-07	6
8.28454278e-07	8.971794512e-07	6
8.112997058e-07	8.868973963e-07	6
7.941451336e-07	8.766153414e-07	6
7.769905614e-07	8.663332865e-07	6
7.598359892e-07	8.560512316e-07	6
7.42681417e-07	8.457691767e-07	6
7.255268448e-07	8.354871219e-07	6
7.083722726e-07	8.25205067e-07	6
6.912177004e-07	8.149230121e-07	6
6.740631282e-07	8.046409572e-07	6
6.56908556e-07	7.943589023e-07	6
6.397539838e-07	7.840768474e-07	6
6.225994116e-07	7.737947926e-07	6
6.054448394e-07	7.635127377e-07	6
5.882902672e-07	7.532306828e-07	6
5.71135695e-07	7.429486279e-07	6
5.539811228e-07	7.32666573e-07	6
5.368265506e-07	7.223845181e-07	6
5.196719784e-07	7.121024633e-07	6
5.025174062e-07	7.018204084e-07	6
4.85362834e-07	6.915383535e-07	6
4.682082618e-07	6.812562986e-07	6
4.510536896e-07	6.709742437e-07	6
4.338991174e-07	6.606921888e-07	6
4.167445452e-07	6.504101339e-07	6
3.99589973e-07	6.401280791e-07	6
3.824354008e-07	6.298460242e-07	6
3.652808286e-07	6.195639693e-07	6
3.481262564e-07	6.092819144e-07	6
3.309716842e-07	5.989998595e-07	6
3.13817112e-07	5.887178046e-07	6
2.966625398e-07	5.784357498e-07	6
2.795079676e-07	5.681536949e-07	6
2.623533954e-07	5.5787164e-07	6
2.451988232e-07	5.475895851e-07	6
2.28044251e-07	5.373075302e-07	6
2.108896788e-07	5.270254753e-07	6
1.937351066e-07	5.167434205e-07	6
1.765805344e-07	5.064613656e-07	6
1.594259622e-07	4.961793107e-07	6
1.4227139e-07	4.858972558e-07	6
1.4227139e-07	4.858972558e-07	0
1.510243892e-07	4.720747595e-07	0
1.597773885e-07	4.582522633e-07	0
1.685303877e-07	4.44429767e-07	0
1.685303877e-07	4.44429767e-07	-6
1.849951325e-07	4.554311577e-07	-6
2.014598773e-07	4.664325485e-07	-6
2.179246221e-07	4.774339392e-07	-6
2.343893669e-07	4.8843533e-07	-6
2.508541117e-07	4.994367207e-07	-6
2.673188565e-07	5.104381115e-07	-6
2.837836013e-07	5.214395023e-07	-6
3.002483461e-07	5.32440893e-07	-6
3.167130909e-07	5.434422838e-07	-6
3.331778357e-07	5.544436745e-07	-6
3.496425805e-07	5.654450653e-07	-6
3.661073253e-07	5.76446456e-07	-6
3.825720701e-07	5.874478468e-07	-6
3.990368149e-07	5.984492375e-07	-6
4.155015597e-07	6.094506283e-07	-6
4.319663045e-07	6.20452019e-07	-6
4.484310493e-07	6.314534098e-07	-6
4.648957941e-07	6.424548005e-07	-6
4.813605389e-07	6.534561913e-07	-6
4.978252837e-07	6.64457582e-07	-6
5.142900285e-07	6.754589728e-07	-6
5.307547733e-07	6.864603635e-07	-6
5.472195181e-07	6.974617543e-07	-6
5.636842629e-07	7.08463145e-07	-6
5.801490076e-07	7.194645358e-07	-6
5.966137524e-07	7.304659266e-07	-6
6.130784972e-07	7.414673173e-07	-6
6.29543242e-07	7.524687081e-07	-6
6.460079868e-07	7.634700988e-07	-6
6.624727316e-07	7.744714896e-07	-6
6.789374764e-07	7.854728803e-07	-6
6.954022212e-07	7.964742711e-07	-6
7.11866966e-07	8.074756618e-07	-6
7.283317108e-07	8.184770526e-07	-6
7.447964556e-07	8.294784433e-07	-6
7.612612004e-07	8.404798341e-07	-6
7.777259452e-07	8.514812248e-07	-6
7.9419069e-07	8.624826156e-07	-6
8.106554348e-07	8.734840063e-07	-6
8.271201796e-07	8.844853971e-07	-6
8.435849244e-07	8.954867878e-07	-6
8.600496692e-07	9.064881786e-07	-6
8.76514414e-07	9.174895694e-07	-6
8.929791588e-07	9.284909601e-07	-6
9.094439036e-07	9.394923509e-07	-6
9.259086484e-07	9.504937416e-07	-6
9.423733932e-07	9.614951324e-07	-6
9.58838138e-07	9.724965231e-07	-6
9.753028828e-07	9.834979139e-07	-6
9.917676276e-07	9.944993046e-07	-6
1.008232372e-06	1.005500695e-06	-6
1.024697117e-06	1.016502086e-06	-6
1.041161862e-06	1.027503477e-06	-6
1.057626607e-06	1.038504868e-06	-6
1.074091352e-06	1.049506258e-06	-6
1.090556096e-06	1.060507649e-06	-6
1.107020841e-06	1.07150904e-06	-6
1.123485586e-06	1.082510431e-06	-6
1.139950331e-06	1.093511821e-06	-6
1.156415076e-06	1.104513212e-06	-6
1.17287982e-06	1.115514603e-06	-6
1.189344565e-06	1.126515994e-06	-6
1.20580931e-06	1.137517384e-06	-6
1.222274055e-06	1.148518775e-06	-6
1.2387388e-06	1.159520166e-06	-6
1.255203544e-06	1.170521557e-06	-6
1.271668289e-06	1.181522947e-06	-6
1.288133034e-06	1.192524338e-06	-6
1.304597779e-06	1.203525729e-06	-6
1.321062524e-06	1.21452712e-06	-6
1.337527268e-06	1.22552851e-06	-6
1.353992013e-06	1.236529901e-06	-6
1.370456758e-06	1.247531292e-06	-6
1.386921503e-06	1.258532683e-06	-6
1.403386248e-06	1.269534073e-06	-6
1.419850992e-06	1.280535464e-06	-6
1.436315737e-06	1.291536855e-06	-6
1.452780482e-06	1.302538246e-06	-6
1.469245227e-06	1.313539636e-06	-6
1.485709972e-06	1.324541027e-06	-6
1.502174716e-06	1.335542418e-06	-6
1.518639461e-06	1.346543809e-06	-6
1.535104206e-06	1.357545199e-06	-6
1.551568951e-06	1.36854659e-06	-6
1.568033696e-06	1.379547981e-06	-6
1.58449844e-06	1.390549372e-06	-6
1.600963185e-06	1.401550762e-06	-6
1.61742793e-06	1.412552153e-06	-6
1.633892675e-06	1.423553544e-06	-6
1.65035742e-06	1.434554935e-06	-6
1.666822164e-06	1.445556325e-06	-6
1.683286909e-06	1.456557716e-06	-6
1.699751654e-06	1.467559107e-06	-6
1.716216399e-06	1.478560498e-06	-6
1.732681144e-06	1.489561889e-06	-6
1.749145888e-06	1.500563279e-06	-6
1.765610633e-06	1.51156467e-06	-6
1.782075378e-06	1.522566061e-06	-6
1.798540123e-06	1.533567452e-06	-6
1.815004868e-06	1.544568842e-06	-6
1.831469612e-06	1.555570233e-06	-6
1.831469612e-06	1.555570233e-06	0
1.831469612e-06	1.555570233e-06	6
1.815004868e-06	1.544568842e-06	6
1.798540123e-06	1.533567452e-06	6
1.782075378e-06	1.522566061e-06	6
1.765610633e-06	1.51156467e-06	6
1.749145888e-06	1.500563279e-06	6
1.732681144e-06	1.489561889e-06	6
1.716216399e-06	1.478560498e-06	6
1.699751654e-06	1.467559107e-06	6
1.683286909e-06	1.456557716e-06	6
1.666822164e-06	1.445556325e-06	6
1.65035742e-06	1.434554935e-06	6
1.633892675e-06	1.423553544e-06	6
1.61742793e-06	1.412552153e-06	6
1.600963185e-06	1.401550762e-06	6
1.58449844e-06	1.390549372e-06	6
1.568033696e-06	1.379547981e-06	6
1.551568951e-06	1.36854659e-06	6
1.535104206e-06	1.357545199e-06	6
1.518639461e-06	1.346543809e-06	6
1.502174716e-06	1.335542418e-06	6
1.485709972e-06	1.324541027e-06	6
1.469245227e-06	1.313539636e-06	6
1.452780482e-06	1.302538246e-06	6
1.436315737e-06	1.291536855e-06	6
1.419850992e-06	1.280535464e-06	6
1.403386248e-06	1.269534073e-06	6
1.386921503e-06	1.258532683e-06	6
1.370456758e-06	1.247531292e-06	6
1.353992013e-06	1.236529901e-06	6
1.337527268e-06	1.22552851e-06	6
1.321062524e-06	1.21452712e-06	6
1.304597779e-06	1.203525729e-06	6
1.288133034e-06	1.192524338e-06	6
1.271668289e-06	1.181522947e-06	6
1.255203544e-06	1.170521557e-06	6
1.2387388e-06	1.159520166e-06	6
1.222274055e-06	1.148518775e-06	6
1.20580931e-06	1.137517384e-06	6
1.189344565e-06	1.126515994e-06	6
1.17287982e-06	1.115514603e-06	6
1.156415076e-06	1.104513212e-06	6
1.139950331e-06	1.093511821e-06	6
1.123485586e-06	1.082510431e-06	6
1.107020841e-06	1.07150904e-06	6
1.090556096e-06	1.060507649e-06	6
1.074091352e-06	1.049506258e-06	6
1.057626607e-06	1.038504868e-06	6
1.041161862e-06	1.027503477e-06	6
1.024697117e-06	1.016502086e-06	6
1.008232372e-06	1.005500695e-06	6
9.917676276e-07	9.944993046e-07	6
9.753028828e-07	9.834979139e-07	6
9.58838138e-07	9.724965231e-07	6
9.423733932e-07	9.614951324e-07	6
9.259086484e-07	9.504937416e-07	6
9.094439036e-07	9.394923509e-07	6
8.929791588e-07	9.284909601e-07	6
8.76514414e-07	9.174895694e-07	6
8.600496692e-07	9.064881786e-07	6
8.435849244e-07	8.954867878e-07	6
8.271201796e-07	8.844853971e-07	6
8.106554348e-07	8.734840063e-07	6
7.9419069e-07	8.624826156e-07	6
7.777259452e-07	8.514812248e-07	6
7.612612004e-07	8.404798341e-07	6
7.447964556e-07	8.294784433e-07	6
7.283317108e-07	8.184770526e-07	6
7.11866966e-07	8.074756618e-07	6
6.954022212e-07	7.964742711e-07	6
6.789374764e-07	7.854728803e-07	6
6.624727316e-07	7.744714896e-07	6
6.460079868e-07	7.634700988e-07	6
6.29543242e-07	7.524687081e-07	6
6.130784972e-07	7.414673173e-07	6
5.966137524e-07	7.304659266e-07	6
5.801490076e-07	7.194645358e-07	6
5.636842629e-07	7.08463145e-07	6
5.472195181e-07	6.974617543e-07	6
5.307547733e-07	6.864603635e-07	6
5.142900285e-07	6.754589728e-07	6
4.978252837e-07	6.64457582e-07	6
4.813605389e-07	6.534561913e-07	6
4.648957941e-07	6.424548005e-07	6
4.484310493e-07	6.314534098e-07	6
4.319663045e-07	6.20452019e-07	6
4.155015597e-07	6.094506283e-07	6
3.990368149e-07	5.984492375e-07	6
3.825720701e-07	5.874478468e-07	6
3.661073253e-07	5.76446456e-07	6
3.496425805e-07	5.654450653e-07	6
3.331778357e-07	5.544436745e-07	6
3.167130909e-07	5.434422838e-07	6
3.002483461e-07	5.32440893e-07	6
2.837836013e-07	5.214395023e-07	6
2.673188565e-07	5.104381115e-07	6
2.508541117e-07	4.994367207e-07	6
2.343893669e-07	4.8843533e-07	6
2.179246221e-07	4.774339392e-07	6
2.014598773e-07	4.664325485e-07	6
1.849951325e-07	4.554311577e-07	6
1.685303877e-07	4.44429767e-07	6
1.685303877e-07	4.44429767e-07	0
1.779510813e-07	4.310534098e-07	0
1.873717749e-07	4.176770527e-07	0
1.967924685e-07	4.043006955e-07	0
1.967924685e-07	4.043006955e-07	-6
2.128566191e-07	4.162146816e-07	-6
2.289207698e-07	4.281286677e-07	-6
2.449849204e-07	4.400426538e-07	-6
2.61049071e-07	4.519566399e-07	-6
2.771132217e-07	4.63870626e-07	-6
2.931773723e-07	4.75784612e-07	-6
3.092415229e-07	4.876985981e-07	-6
3.253056736e-07	4.996125842e-07	-6
3.413698242e-07	5.115265703e-07	-6
3.574339748e-07	5.234405564e-07	-6
3.734981254e-07	5.353545425e-07	-6
3.895622761e-07	5.472685286e-07	-6
4.056264267e-07	5.591825147e-07	-6
4.216905773e-07	5.710965008e-07	-6
4.37754728e-07	5.830104869e-07	-6
4.538188786e-07	5.949244729e-07	-6
4.698830292e-07	6.06838459e-07	-6
4.859471799e-07	6.187524451e-07	-6
5.020113305e-07	6.306664312e-07	-6
5.180754811e-07	6.425804173e-07	-6
5.341396317e-07	6.544944034e-07	-6
5.502037824e-07	6.664083895e-07	-6
5.66267933e-07	6.783223756e-07	-6
5.823320836e-07	6.902363617e-07	-6
5.983962343e-07	7.021503478e-07	-6
6.144603849e-07	7.140643338e-07	-6
6.305245355e-07	7.259783199e-07	-6
6.465886861e-07	7.37892306e-07	-6
6.626528368e-07	7.498062921e-07	-6
6.787169874e-07	7.617202782e-07	-6
6.94781138e-07	7.736342643e-07	-6
7.108452887e-07	7.855482504e-07	-6
7.269094393e-07	7.974622365e-07	-6
7.429735899e-07	8.093762226e-07	-6
7.590377406e-07	8.212902087e-07	-6
7.751018912e-07	8.332041947e-07	-6
7.911660418e-07	8.451181808e-07	-6
8.072301924e-07	8.570321669e-07	-6
8.232943431e-07	8.68946153e-07	-6
8.393584937e-07	8.808601391e-07	-6
8.554226443e-07	8.927741252e-07	-6
8.71486795e-07	9.046881113e-07	-6
8.875509456e-07	9.166020974e-07	-6
9.036150962e-07	9.285160835e-07	-6
9.196792469e-07	9.404300696e-07	-6
9.357433975e-07	9.523440556e-07	-6
9.518075481e-07	9.642580417e-07	-6
9.678716987e-07	9.761720278e-07	-6
9.839358494e-07	9.880860139e-07	-6
1e-06	1e-06	-6
1.016064151e-06	1.011913986e-06	-6
1.032128301e-06	1.023827972e-06	-6
1.048192452e-06	1.035741958e-06	-6
1.064256603e-06	1.047655944e-06	-6
1.080320753e-06	1.05956993e-06	-6
1.096384904e-06	1.071483917e-06	-6
1.112449054e-06	1.083397903e-06	-6
1.128513205e-06	1.095311889e-06	-6
1.144577356e-06	1.107225875e-06	-6
1.160641506e-06	1.119139861e-06	-6
1.176705657e-06	1.131053847e-06	-6
1.192769808e-06	1.142967833e-06	-6
1.208833958e-06	1.154881819e-06	-6
1.224898109e-06	1.166795805e-06	-6
1.240962259e-06	1.178709791e-06	-6
1.25702641e-06	1.190623777e-06	-6
1.273090561e-06	1.202537764e-06	-6
1.289154711e-06	1.21445175e-06	-6
1.305218862e-06	1.226365736e-06	-6
1.321283013e-06	1.238279722e-06	-6
1.337347163e-06	1.250193708e-06	-6
1.353411314e-06	1.262107694e-06	-6
1.369475464e-06	1.27402168e-06	-6
1.385539615e-06	1.285935666e-06	-6
1.401603766e-06	1.297849652e-06	-6
1.417667916e-06	1.309763638e-06	-6
1.433732067e-06	1.321677624e-06	-6
1.449796218e-06	1.333591611e-06	-6
1.465860368e-06	1.345505597e-06	-6
1.481924519e-06	1.357419583e-06	-6
1.49798867e-06	1.369333569e-06	-6
1.51405282e-06	1.381247555e-06	-6
1.530116971e-06	1.393161541e-06	-6
1.546181121e-06	1.405075527e-06	-6
1.562245272e-06	1.416989513e-06	-6
1.578309423e-06	1.428903499e-06	-6
1.594373573e-06	1.440817485e-06	-6
1.610437724e-06	1.452731471e-06	-6
1.626501875e-06	1.464645458e-06	-6
1.642566025e-06	1.476559444e-06	-6
1.658630176e-06	1.48847343e-06	-6
1.674694326e-06	1.500387416e-06	-6
1.690758477e-06	1.512301402e-06	-6
1.706822628e-06	1.524215388e-06	-6
1.722886778e-06	1.536129374e-06	-6
1.738950929e-06	1.54804336e-06	-6
1.75501508e-06	1.559957346e-06	-6
1.77107923e-06	1.571871332e-06	-6
1.787143381e-06	1.583785318e-06	-6
1.803207531e-06	1.595699304e-06	-6
1.803207531e-06	1.595699304e-06	0
1.803207531e-06	1.595699304e-06	6
1.787143381e-06	1.583785318e-06	6
1.77107923e-06	1.571871332e-06	6
1.75501508e-06	1.559957346e-06	6
1.738950929e-06	1.54804336e-06	6
1.722886778e-06	1.536129374e-06	6
1.706822628e-06	1.524215388e-06	6
1.690758477e-06	1.512301402e-06	6
1.674694326e-06	1.500387416e-06	6
1.658630176e-06	1.48847343e-06	6
1.642566025e-06	1.476559444e-06	6
1.626501875e-06	1.464645458e-06	6
1.610437724e-06	1.452731471e-06	6
1.594373573e-06	1.440817485e-06	6
1.578309423e-06	1.428903499e-06	6
1.562245272e-06	1.416989513e-06	6
1.546181121e-06	1.405075527e-06	6
1.530116971e-06	1.393161541e-06	6
1.51405282e-06	1.381247555e-06	6
1.49798867e-06	1.369333569e-06	6
1.481924519e-06	1.357419583e-06	6
1.465860368e-06	1.345505597e-06	6
1.449796218e-06	1.333591611e-06	6
1.433732067e-06	1.321677624e-06	6
1.417667916e-06	1.309763638e-06	6
1.401603766e-06	1.297849652e-06	6
1.385539615e-06	1.285935666e-06	6
1.369475464e-06	1.27402168e-06	6
1.353411314e-06	1.262107694e-06	6
1.337347163e-06	1.250193708e-06	6
1.321283013e-06	1.238279722e-06	6
1.305218862e-06	1.226365736e-06	6
1.289154711e-06	1.21445175e-06	6
1.273090561e-06	1.202537764e-06	6
1.25702641e-06	1.190623777e-06	6
1.240962259e-06	1.178709791e-06	6
1.224898109e-06	1.166795805e-06	6
1.208833958e-06	1.154881819e-06	6
1.192769808e-06	1.142967833e-06	6
1.176705657e-06	1.131053847e-06	6
1.160641506e-06	1.119139861e-06	6
1.144577356e-06	1.107225875e-06	6
1.128513205e-06	1.095311889e-06	6
1.112449054e-06	1.083397903e-06	6
1.096384904e-06	1.071483917e-06	6
1.080320753e-06	1.05956993e-06	6
1.064256603e-06	1.047655944e-06	6
1.048192452e-06	1.035741958e-06	6
1.032128301e-06	1.023827972e-06	6
1.016064151e-06	1.011913986e-06	6
1e-06	1e-06	6
9.839358494e-07	9.880860139e-07	6
9.678716987e-07	9.761720278e-07	6
9.518075481e-07	9.642580417e-07	6
9.357433975e-07	9.523440556e-07	6
9.196792469e-07	9.404300696e-07	6
9.036150962e-07	9.285160835e-07	6
8.875509456e-07	9.166020974e-07	6
8.71486795e-07	9.046881113e-07	6
8.554226443e-07	8.927741252e-07	6
8.393584937e-07	8.808601391e-07	6
8.232943431e-07	8.68946153e-07	6
8.072301924e-07	8.570321669e-07	6
7.911660418e-07	8.451181808e-07	6
7.751018912e-07	8.332041947e-07	6
7.590377406e-07	8.212902087e-07	6
7.429735899e-07	8.093762226e-07	6
7.269094393e-07	7.974622365e-07	6
7.108452887e-07	7.855482504e-07	6
6.94781138e-07	7.736342643e-07	6
6.787169874e-07	7.617202782e-07	6
6.626528368e-07	7.498062921e-07	6
6.465886861e-07	7.37892306e-07	6
6.305245355e-07	7.259783199e-07	6
6.144603849e-07	7.140643338e-07	6
5.983962343e-07	7.021503478e-07	6
5.823320836e-07	6.902363617e-07	6
5.66267933e-07	6.783223756e-07	6
5.502037824e-07	6.664083895e-07	6
5.341396317e-07	6.544944034e-07	6
5.180754811e-07	6.425804173e-07	6
5.020113305e-07	6.306664312e-07	6
4.859471799e-07	6.187524451e-07	6
4.698830292e-07	6.06838459e-07	6
4.538188786e-07	5.949244729e-07	6
4.37754728e-07	5.830104869e-07	6
4.216905773e-07	5.710965008e-07	6
4.056264267e-07	5.591825147e-07	6
3.895622761e-07	5.472685286e-07	6
3.734981254e-07	5.353545425e-07	6
3.574339748e-07	5.234405564e-07	6
3.413698242e-07	5.115265703e-07	6
3.253056736e-07	4.996125842e-07	6
3.092415229e-07	4.876985981e-07	6
2.931773723e-07	4.75784612e-07	6
2.771132217e-07	4.63870626e-07	6
2.61049071e-07	4.519566399e-07	6
2.449849204e-07	4.400426538e-07	6
2.289207698e-07	4.281286677e-07	6
2.128566191e-07	4.162146816e-07	6
1.967924685e-07	4.043006955e-07	6
1.967924685e-07	4.043006955e-07	0
2.068581612e-07	3.914027023e-07	0
2.169238539e-07	3.785047091e-07	0
2.269895466e-07	3.656067158e-07	0
2.269895466e-07	3.656067158e-07	-6
2.424497557e-07	3.782945815e-07	-6
2.579099648e-07	3.909824472e-07	-6
2.733701738e-07	4.036703129e-07	-6
2.888303829e-07	4.163581786e-07	-6
3.04290592e-07	4.290460443e-07	-6
3.19750801e-07	4.417339099e-07	-6
3.352110101e-07	4.544217756e-07	-6
3.506712192e-07	4.671096413e-07	-6
3.661314282e-07	4.79797507e-07	-6
3.815916373e-07	4.924853727e-07	-6
3.970518464e-07	5.051732384e-07	-6
4.125120554e-07	5.17861104e-07	-6
4.279722645e-07	5.305489697e-07	-6
4.434324736e-07	5.432368354e-07	-6
4.588926826e-07	5.559247011e-07	-6
4.743528917e-07	5.686125668e-07	-6
4.898131008e-07	5.813004325e-07	-6
5.052733098e-07	5.939882981e-07	-6
5.207335189e-07	6.066761638e-07	-6
5.36193728e-07	6.193640295e-07	-6
5.51653937e-07	6.320518952e-07	-6
5.671141461e-07	6.447397609e-07	-6
5.825743552e-07	6.574276266e-07	-6
5.980345643e-07	6.701154922e-07	-6
6.134947733e-07	6.828033579e-07	-6
6.289549824e-07	6.954912236e-07	-6
6.444151915e-07	7.081790893e-07	-6
6.598754005e-07	7.20866955e-07	-6
6.753356096e-07	7.335548207e-07	-6
6.907958187e-07	7.462426863e-07	-6
7.062560277e-07	7.58930552e-07	-6
7.217162368e-07	7.716184177e-07	-6
7.371764459e-07	7.843062834e-07	-6
7.526366549e-07	7.969941491e-07	-6
7.68096864e-07	8.096820148e-07	-6
7.835570731e-07	8.223698804e-07	-6
7.990172821e-07	8.350577461e-07	-6
8.144774912e-07	8.477456118e-07	-6
8.299377003e-07	8.604334775e-07	-6
8.453979093e-07	8.731213432e-07	-6
8.608581184e-07	8.858092089e-07	-6
8.763183275e-07	8.984970745e-07	-6
8.917785365e-07	9.111849402e-07	-6
9.072387456e-07	9.238728059e-07	-6
9.226989547e-07	9.365606716e-07	-6
9.381591637e-07	9.492485373e-07	-6
9.536193728e-07	9.61936403e-07	-6
9.690795819e-07	9.746242686e-07	-6
9.845397909e-07	9.873121343e-07	-6
1e-06	1e-06	-6
1.015460209e-06	1.012687866e-06	-6
1.030920418e-06	1.025375731e-06	-6
1.046380627e-06	1.038063597e-06	-6
1.061840836e-06	1.050751463e-06	-6
1.077301045e-06	1.063439328e-06	-6
1.092761254e-06	1.076127194e-06	-6
1.108221463e-06	1.08881506e-06	-6
1.123681673e-06	1.101502925e-06	-6
1.139141882e-06	1.114190791e-06	-6
1.154602091e-06	1.126878657e-06	-6
1.1700623e-06	1.139566523e-06	-6
1.185522509e-06	1.152254388e-06	-6
1.200982718e-06	1.164942254e-06	-6
1.216442927e-06	1.17763012e-06	-6
1.231903136e-06	1.190317985e-06	-6
1.247363345e-06	1.203005851e-06	-6
1.262823554e-06	1.215693717e-06	-6
1.278283763e-06	1.228381582e-06	-6
1.293743972e-06	1.241069448e-06	-6
1.309204181e-06	1.253757314e-06	-6
1.32466439e-06	1.266445179e-06	-6
1.340124599e-06	1.279133045e-06	-6
1.355584809e-06	1.291820911e-06	-6
1.371045018e-06	1.304508776e-06	-6
1.386505227e-06	1.317196642e-06	-6
1.401965436e-06	1.329884508e-06	-6
1.417425645e-06	1.342572373e-06	-6
1.432885854e-06	1.355260239e-06	-6
1.448346063e-06	1.367948105e-06	-6
1.463806272e-06	1.38063597e-06	-6
1.479266481e-06	1.393323836e-06	-6
1.49472669e-06	1.406011702e-06	-6
1.510186899e-06	1.418699568e-06	-6
1.525647108e-06	1.431387433e-06	-6
1.541107317e-06	1.444075299e-06	-6
1.556567526e-06	1.456763165e-06	-6
1.572027735e-06	1.46945103e-06	-6
1.587487945e-06	1.482138896e-06	-6
1.602948154e-06	1.494826762e-06	-6
1.618408363e-06	1.507514627e-06	-6
1.633868572e-06	1.520202493e-06	-6
1.649328781e-06	1.532890359e-06	-6
1.66478899e-06	1.545578224e-06	-6
1.680249199e-06	1.55826609e-06	-6
1.695709408e-06	1.570953956e-06	-6
1.711169617e-06	1.583641821e-06	-6
1.726629826e-06	1.596329687e-06	-6
1.742090035e-06	1.609017553e-06	-6
1.757550244e-06	1.621705418e-06	-6
1.773010453e-06	1.634393284e-06	-6
1.773010453e-06	1.634393284e-06	0
1.773010453e-06	1.634393284e-06	6
1.757550244e-06	1.621705418e-06	6
1.742090035e-06	1.609017553e-06	6
1.726629826e-06	1.596329687e-06	6
1.711169617e-06	1.583641821e-06	6
1.695709408e-06	1.570953956e-06	6
1.680249199e-06	1.55826609e-06	6
1.66478899e-06	1.545578224e-06	6
1.649328781e-06	1.532890359e-06	6
1.633868572e-06	1.520202493e-06	6
1.618408363e-06	1.507514627e-06	6
1.602948154e-06	1.494826762e-06	6
1.587487945e-06	1.482138896e-06	6
1.572027735e-06	1.46945103e-06	6
1.556567526e-06	1.456763165e-06	6
1.541107317e-06	1.444075299e-06	6
1.525647108e-06	1.431387433e-06	6
1.510186899e-06	1.418699568e-06	6
1.49472669e-06	1.406011702e-06	6
1.479266481e-06	1.393323836e-06	6
1.463806272e-06	1.38063597e-06	6
1.448346063e-06	1.367948105e-06	6
1.432885854e-06	1.355260239e-06	6
1.417425645e-06	1.342572373e-06	6
1.401965436e-06	1.329884508e-06	6
1.386505227e-06	1.317196642e-06	6
1.371045018e-06	1.304508776e-06	6
1.355584809e-06	1.291820911e-06	6
1.340124599e-06	1.279133045e-06	6
1.32466439e-06	1.266445179e-06	6
1.309204181e-06	1.253757314e-06	6
1.293743972e-06	1.241069448e-06	6
1.278283763e-06	1.228381582e-06	6
1.262823554e-06	1.215693717e-06	6
1.247363345e-06	1.203005851e-06	6
1.231903136e-06	1.190317985e-06	6
1.216442927e-06	1.17763012e-06	6
1.200982718e-06	1.164942254e-06	6
1.185522509e-06	1.152254388e-06	6
1.1700623e-06	1.139566523e-06	6
1.154602091e-06	1.126878657e-06	6
1.139141882e-06	1.114190791e-06	6
1.123681673e-06	1.101502925e-06	6
1.108221463e-06	1.08881506e-06	6
1.092761254e-06	1.076127194e-06	6
1.077301045e-06	1.063439328e-06	6
1.061840836e-06	1.050751463e-06	6
1.046380627e-06	1.038063597e-06	6
1.030920418e-06	1.025375731e-06	6
1.015460209e-06	1.012687866e-06	6
1e-06	1e-06	6
9.845397909e-07	9.873121343e-07	6
9.690795819e-07	9.746242686e-07	6
9.536193728e-07	9.61936403e-07	6
9.381591637e-07	9.492485373e-07	6
9.226989547e-07	9.365606716e-07	6
9.072387456e-07	9.238728059e-07	6
8.917785365e-07	9.111849402e-07	6
8.763183275e-07	8.984970745e-07	6
8.608581184e-07	8.858092089e-07	6
8.453979093e-07	8.731213432e-07	6
8.299377003e-07	8.604334775e-07	6
8.144774912e-07	8.477456118e-07	6
7.990172821e-07	8.350577461e-07	6
7.835570731e-07	8.223698804e-07	6
7.68096864e-07	8.096820148e-07	6
7.526366549e-07	7.969941491e-07	6
7.371764459e-07	7.843062834e-07	6
7.217162368e-07	7.716184177e-07	6
7.062560277e-07	7.58930552e-07	6
6.907958187e-07	7.462426863e-07	6
6.753356096e-07	7.335548207e-07	6
6.598754005e-07	7.20866955e-07	6
6.444151915e-07	7.081790893e-07	6
6.289549824e-07	6.954912236e-07	6
6.134947733e-07	6.828033579e-07	6
5.980345643e-07	6.701154922e-07	6
5.825743552e-07	6.574276266e-07	6
5.671141461e-07	6.447397609e-07	6
5.51653937e-07	6.320518952e-07	6
5.36193728e-07	6.193640295e-07	6
5.207335189e-07	6.066761638e-07	6
5.052733098e-07	5.939882981e-07	6
4.898131008e-07	5.813004325e-07	6
4.743528917e-07	5.686125668e-07	6
4.588926826e-07	5.559247011e-07	6
4.434324736e-07	5.432368354e-07	6
4.279722645e-07	5.305489697e-07	6
4.125120554e-07	5.17861104e-07	6
3.970518464e-07	5.051732384e-07	6
3.815916373e-07	4.924853727e-07	6
3.661314282e-07	4.79797507e-07	6
3.506712192e-07	4.671096413e-07	6
3.352110101e-07	4.544217756e-07	6
3.19750801e-07	4.417339099e-07	6
3.04290592e-07	4.290460443e-07	6
2.888303829e-07	4.163581786e-07	6
2.733701738e-07	4.036703129e-07	6
2.579099648e-07	3.909824472e-07	6
2.424497557e-07	3.782945815e-07	6
2.269895466e-07	3.656067158e-07	6
2.269895466e-07	3.656067158e-07	0
2.376759893e-07	3.532181589e-07	0
2.48362432e-07	3.40829602e-07	0
2.590488746e-07	3.284410452e-07	0
2.590488746e-07	3.284410452e-07	-6
2.737211742e-07	3.417392423e-07	-6
2.883934737e-07	3.550374394e-07	-6
3.030657732e-07	3.683356365e-07	-6
3.177380727e-07	3.816338337e-07	-6
3.324103722e-07	3.949320308e-07	-6
3.470826717e-07	4.082302279e-07	-6
3.617549712e-07	4.21528425e-07	-6
3.764272707e-07	4.348266222e-07	-6
3.910995703e-07	4.481248193e-07	-6
4.057718698e-07	4.614230164e-07	-6
4.204441693e-07	4.747212135e-07	-6
4.351164688e-07	4.880194107e-07	-6
4.497887683e-07	5.013176078e-07	-6
4.644610678e-07	5.146158049e-07	-6
4.791333673e-07	5.27914002e-07	-6
4.938056668e-07	5.412121992e-07	-6
5.084779663e-07	5.545103963e-07	-6
5.231502659e-07	5.678085934e-07	-6
5.378225654e-07	5.811067905e-07	-6
5.524948649e-07	5.944049877e-07	-6
5.671671644e-07	6.077031848e-07	-6
5.818394639e-07	6.210013819e-07	-6
5.965117634e-07	6.34299579e-07	-6
6.111840629e-07	6.475977762e-07	-6
6.258563624e-07	6.608959733e-07	-6
6.40528662e-07	6.741941704e-07	-6
6.552009615e-07	6.874923675e-07	-6
6.69873261e-07	7.007905647e-07	-6
6.845455605e-07	7.140887618e-07	-6
6.9921786e-07	7.273869589e-07	-6
7.138901595e-07	7.40685156e-07	-6
7.28562459e-07	7.539833532e-07	-6
7.432347585e-07	7.672815503e-07	-6
7.579070581e-07	7.805797474e-07	-6
7.725793576e-07	7.938779446e-07	-6
7.872516571e-07	8.071761417e-07	-6
8.019239566e-07	8.204743388e-07	-6
8.165962561e-07	8.337725359e-07	-6
8.312685556e-07	8.470707331e-07	-6
8.459408551e-07	8.603689302e-07	-6
8.606131546e-07	8.736671273e-07	-6
8.752854541e-07	8.869653244e-07	-6
8.899577537e-07	9.002635216e-07	-6
9.046300532e-07	9.135617187e-07	-6
9.193023527e-07	9.268599158e-07	-6
9.339746522e-07	9.401581129e-07	-6
9.486469517e-07	9.534563101e-07	-6
9.633192512e-07	9.667545072e-07	-6
9.779915507e-07	9.800527043e-07	-6
9.926638502e-07	9.933509014e-07	-6
1.00733615e-06	1.006649099e-06	-6
1.022008449e-06	1.019947296e-06	-6
1.036680749e-06	1.033245493e-06	-6
1.051353048e-06	1.04654369e-06	-6
1.066025348e-06	1.059841887e-06	-6
1.080697647e-06	1.073140084e-06	-6
1.095369947e-06	1.086438281e-06	-6
1.110042246e-06	1.099736478e-06	-6
1.124714546e-06	1.113034676e-06	-6
1.139386845e-06	1.126332873e-06	-6
1.154059145e-06	1.13963107e-06	-6
1.168731444e-06	1.152929267e-06	-6
1.183403744e-06	1.166227464e-06	-6
1.198076043e-06	1.179525661e-06	-6
1.212748343e-06	1.192823858e-06	-6
1.227420642e-06	1.206122055e-06	-6
1.242092942e-06	1.219420253e-06	-6
1.256765241e-06	1.23271845e-06	-6
1.271437541e-06	1.246016647e-06	-6
1.28610984e-06	1.259314844e-06	-6
1.30078214e-06	1.272613041e-06	-6
1.31545444e-06	1.285911238e-06	-6
1.330126739e-06	1.299209435e-06	-6
1.344799039e-06	1.312507632e-06	-6
1.359471338e-06	1.32580583e-06	-6
1.374143638e-06	1.339104027e-06	-6
1.388815937e-06	1.352402224e-06	-6
1.403488237e-06	1.365700421e-06	-6
1.418160536e-06	1.378998618e-06	-6
1.432832836e-06	1.392296815e-06	-6
1.447505135e-06	1.405595012e-06	-6
1.462177435e-06	1.418893209e-06	-6
1.476849734e-06	1.432191407e-06	-6
1.491522034e-06	1.445489604e-06	-6
1.506194333e-06	1.458787801e-06	-6
1.520866633e-06	1.472085998e-06	-6
1.535538932e-06	1.485384195e-06	-6
1.550211232e-06	1.498682392e-06	-6
1.564883531e-06	1.511980589e-06	-6
1.579555831e-06	1.525278786e-06	-6
1.59422813e-06	1.538576984e-06	-6
1.60890043e-06	1.551875181e-06	-6
1.623572729e-06	1.565173378e-06	-6
1.638245029e-06	1.578471575e-06	-6
1.652917328e-06	1.591769772e-06	-6
1.667589628e-06	1.605067969e-06	-6
1.682261927e-06	1.618366166e-06	-6
1.696934227e-06	1.631664363e-06	-6
1.711606526e-06	1.644962561e-06	-6
1.726278826e-06	1.658260758e-06	-6
1.740951125e-06	1.671558955e-06	-6
1.740951125e-06	1.671558955e-06	0
1.740951125e-06	1.671558955e-06	6
1.726278826e-06	1.658260758e-06	6
1.711606526e-06	1.644962561e-06	6
1.696934227e-06	1.631664363e-06	6
1.682261927e-06	1.618366166e-06	6
1.667589628e-06	1.605067969e-06	6
1.652917328e-06	1.591769772e-06	6
1.638245029e-06	1.578471575e-06	6
1.623572729e-06	1.565173378e-06	6
1.60890043e-06	1.551875181e-06	6
1.59422813e-06	1.538576984e-06	6
1.579555831e-06	1.525278786e-06	6
1.564883531e-06	1.511980589e-06	6
1.550211232e-06	1.498682392e-06	6
1.535538932e-06	1.485384195e-06	6
1.520866633e-06	1.472085998e-06	6
1.506194333e-06	1.458787801e-06	6
1.491522034e-06	1.445489604e-06	6
1.476849734e-06	1.432191407e-06	6
1.462177435e-06	1.418893209e-06	6
1.447505135e-06	1.405595012e-06	6
1.432832836e-06	1.392296815e-06	6
1.418160536e-06	1.378998618e-06	6
1.403488237e-06	1.365700421e-06	6
1.388815937e-06	1.352402224e-06	6
1.374143638e-06	1.339104027e-06	6
1.359471338e-06	1.32580583e-06	6
1.344799039e-06	1.312507632e-06	6
1.330126739e-06	1.299209435e-06	6
1.31545444e-06	1.285911238e-06	6
1.30078214e-06	1.272613041e-06	6
1.28610984e-06	1.259314844e-06	6
1.271437541e-06	1.246016647e-06	6
1.256765241e-06	1.23271845e-06	6
1.242092942e-06	1.219420253e-06	6
1.227420642e-06	1.206122055e-06	6
1.212748343e-06	1.192823858e-06	6
1.198076043e-06	1.179525661e-06	6
1.183403744e-06	1.166227464e-06	6
1.168731444e-06	1.152929267e-06	6
1.154059145e-06	1.13963107e-06	6
1.139386845e-06	1.126332873e-06	6
1.124714546e-06	1.113034676e-06	6
1.110042246e-06	1.099736478e-06	6
1.095369947e-06	1.086438281e-06	6
1.080697647e-06	1.073140084e-06	6
1.066025348e-06	1.059841887e-06	6
1.051353048e-06	1.04654369e-06	6
1.036680749e-06	1.033245493e-06	6
1.022008449e-06	1.019947296e-06	6
1.00733615e-06	1.006649099e-06	6
9.926638502e-07	9.933509014e-07	6
9.779915507e-07	9.800527043e-07	6
9.633192512e-07	9.667545072e-07	6
9.486469517e-07	9.534563101e-07	6
9.339746522e-07	9.401581129e-07	6
9.193023527e-07	9.268599158e-07	6
9.046300532e-07	9.135617187e-07	6
8.899577537e-07	9.002635216e-07	6
8.752854541e-07	8.869653244e-07	6
8.606131546e-07	8.736671273e-07	6
8.459408551e-07	8.603689302e-07	6
8.312685556e-07	8.470707331e-07	6
8.165962561e-07	8.337725359e-07	6
8.019239566e-07	8.204743388e-07	6
7.872516571e-07	8.071761417e-07	6
7.725793576e-07	7.938779446e-07	6
7.579070581e-07	7.805797474e-07	6
7.432347585e-07	7.672815503e-07	6
7.28562459e-07	7.539833532e-07	6
7.138901595e-07	7.40685156e-07	6
6.9921786e-07	7.273869589e-07	6
6.845455605e-07	7.140887618e-07	6
6.69873261e-07	7.007905647e-07	6
6.552009615e-07	6.874923675e-07	6
6.40528662e-07	6.741941704e-07	6
6.258563624e-07	6.608959733e-07	6
6.111840629e-07	6.475977762e-07	6
5.965117634e-07	6.34299579e-07	6
5.818394639e-07	6.210013819e-07	6
5.671671644e-07	6.077031848e-07	6
5.524948649e-07	5.944049877e-07	6
5.378225654e-07	5.811067905e-07	6
5.231502659e-07	5.678085934e-07	6
5.084779663e-07	5.545103963e-07	6
4.938056668e-07	5.412121992e-07	6
4.791333673e-07	5.27914002e-07	6
4.644610678e-07	5.146158049e-07	6
4.497887683e-07	5.013176078e-07	6
4.351164688e-07	4.880194107e-07	6
4.204441693e-07	4.747212135e-07	6
4.057718698e-07	4.614230164e-07	6
3.910995703e-07	4.481248193e-07	6
3.764272707e-07	4.348266222e-07	6
3.617549712e-07	4.21528425e-07	6
3.470826717e-07	4.082302279e-07	6
3.324103722e-07	3.949320308e-07	6
3.177380727e-07	3.816338337e-07	6
3.030657732e-07	3.683356365e-07	6
2.883934737e-07	3.550374394e-07	6
2.737211742e-07	3.417392423e-07	6
2.590488746e-07	3.284410452e-07	6
2.590488746e-07	3.284410452e-07	0
2.703303227e-07	3.165917697e-07	0
2.816117708e-07	3.047424943e-07	0
2.928932188e-07	2.928932188e-07	0
2.928932188e-07	2.928932188e-07	-6
3.070353544e-07	3.070353544e-07	-6
3.211774901e-07	3.211774901e-07	-6
3.353196257e-07	3.353196257e-07	-6
3.494617613e-07	3.494617613e-07	-6
3.636038969e-07	3.636038969e-07	-6
3.777460326e-07	3.777460326e-07	-6
3.918881682e-07	3.918881682e-07	-6
4.060303038e-07	4.060303038e-07	-6
4.201724394e-07	4.201724394e-07	-6
4.343145751e-07	4.343145751e-07	-6
4.484567107e-07	4.484567107e-07	-6
4.625988463e-07	4.625988463e-07	-6
4.767409819e-07	4.767409819e-07	-6
4.908831175e-07	4.908831175e-07	-6
5.050252532e-07	5.050252532e-07	-6
5.191673888e-07	5.191673888e-07	-6
5.333095244e-07	5.333095244e-07	-6
5.4745166e-07	5.4745166e-07	-6
5.615937957e-07	5.615937957e-07	-6
5.757359313e-07	5.757359313e-07	-6
5.898780669e-07	5.898780669e-07	-6
6.040202025e-07	6.040202025e-07	-6
6.181623382e-07	6.181623382e-07	-6
6.323044738e-07	6.323044738e-07	-6
6.464466094e-07	6.464466094e-07	-6
6.60588745e-07	6.60588745e-07	-6
6.747308807e-07	6.747308807e-07	-6
6.888730163e-07	6.888730163e-07	-6
7.030151519e-07	7.030151519e-07	-6
7.171572875e-07	7.171572875e-07	-6
7.312994231e-07	7.312994231e-07	-6
7.454415588e-07	7.454415588e-07	-6
7.595836944e-07	7.595836944e-07	-6
7.7372583e-07	7.7372583e-07	-6
7.878679656e-07	7.878679656e-07	-6
8.020101013e-07	8.020101013e-07	-6
8.161522369e-07	8.161522369e-07	-6
8.302943725e-07	8.302943725e-07	-6
8.444365081e-07	8.444365081e-07	-6
8.585786438e-07	8.585786438e-07	-6
8.727207794e-07	8.727207794e-07	-6
8.86862915e-07	8.86862915e-07	-6
9.010050506e-07	9.010050506e-07	-6
9.151471863e-07	9.151471863e-07	-6
9.292893219e-07	9.292893219e-07	-6
9.434314575e-07	9.434314575e-07	-6
9.575735931e-07	9.575735931e-07	-6
9.717157288e-07	9.717157288e-07	-6
9.858578644e-07	9.858578644e-07	-6
1e-06	1e-06	-6
1.014142136e-06	1.014142136e-06	-6
1.028284271e-06	1.028284271e-06	-6
1.042426407e-06	1.042426407e-06	-6
1.056568542e-06	1.056568542e-06	-6
1.070710678e-06	1.070710678e-06	-6
1.084852814e-06	1.084852814e-06	-6
1.098994949e-06	1.098994949e-06	-6
1.113137085e-06	1.113137085e-06	-6
1.127279221e-06	1.127279221e-06	-6
1.141421356e-06	1.141421356e-06	-6
1.155563492e-06	1.155563492e-06	-6
1.169705627e-06	1.169705627e-06	-6
1.183847763e-06	1.183847763e-06	-6
1.197989899e-06	1.197989899e-06	-6
1.212132034e-06	1.212132034e-06	-6
1.22627417e-06	1.22627417e-06	-6
1.240416306e-06	1.240416306e-06	-6
1.254558441e-06	1.254558441e-06	-6
1.268700577e-06	1.268700577e-06	-6
1.282842712e-06	1.282842712e-06	-6
1.296984848e-06	1.296984848e-06	-6
1.311126984e-06	1.311126984e-06	-6
1.325269119e-06	1.325269119e-06	-6
1.339411255e-06	1.339411255e-06	-6
1.353553391e-06	1.353553391e-06	-6
1.367695526e-06	1.367695526e-06	-6
1.381837662e-06	1.381837662e-06	-6
1.395979797e-06	1.395979797e-06	-6
1.410121933e-06	1.410121933e-06	-6
1.424264069e-06	1.424264069e-06	-6
1.438406204e-06	1.438406204e-06	-6
1.45254834e-06	1.45254834e-06	-6
1.466690476e-06	1.466690476e-06	-6
1.480832611e-06	1.480832611e-06	-6
1.494974747e-06	1.494974747e-06	-6
1.509116882e-06	1.509116882e-06	-6
1.523259018e-06	1.523259018e-06	-6
1.537401154e-06	1.537401154e-06	-6
1.551543289e-06	1.551543289e-06	-6
1.565685425e-06	1.565685425e-06	-6
1.579827561e-06	1.579827561e-06	-6
1.593969696e-06	1.593969696e-06	-6
1.608111832e-06	1.608111832e-06	-6
1.622253967e-06	1.622253967e-06	-6
1.636396103e-06	1.636396103e-06	-6
1.650538239e-06	1.650538239e-06	-6
1.664680374e-06	1.664680374e-06	-6
1.67882251e-06	1.67882251e-06	-6
1.692964646e-06	1.692964646e-06	-6
1.707106781e-06	1.707106781e-06	-6
1.707106781e-06	1.707106781e-06	0
1.707106781e-06	1.707106781e-06	6
1.692964646e-06	1.692964646e-06	6
1.67882251e-06	1.67882251e-06	6
1.664680374e-06	1.664680374e-06	6
1.650538239e-06	1.650538239e-06	6
1.636396103e-06	1.636396103e-06	6
1.622253967e-06	1.622253967e-06	6
1.608111832e-06	1.608111832e-06	6
1.593969696e-06	1.593969696e-06	6
1.579827561e-06	1.579827561e-06	6
1.565685425e-06	1.565685425e-06	6
1.551543289e-06	1.551543289e-06	6
1.537401154e-06	1.537401154e-06	6
1.523259018e-06	1.523259018e-06	6
1.509116882e-06	1.509116882e-06	6
1.494974747e-06	1.494974747e-06	6
1.480832611e-06	1.480832611e-06	6
1.466690476e-06	1.466690476e-06	6
1.45254834e-06	1.45254834e-06	6
1.438406204e-06	1.438406204e-06	6
1.424264069e-06	1.424264069e-06	6
1.410121933e-06	1.410121933e-06	6
1.395979797e-06	1.395979797e-06	6
1.381837662e-06	1.381837662e-06	6
1.367695526e-06	1.367695526e-06	6
1.353553391e-06	1.353553391e-06	6
1.339411255e-06	1.339411255e-06	6
1.325269119e-06	1.325269119e-06	6
1.311126984e-06	1.311126984e-06	6
1.296984848e-06	1.296984848e-06	6
1.282842712e-06	1.282842712e-06	6
1.268700577e-06	1.268700577e-06	6
1.254558441e-06	1.254558441e-06	6
1.240416306e-06	1.240416306e-06	6
1.22627417e-06	1.22627417e-06	6
1.212132034e-06	1.212132034e-06	6
1.197989899e-06	1.197989899e-06	6
1.183847763e-06	1.183847763e-06	6
1.169705627e-06	1.169705627e-06	6
1.155563492e-06	1.155563492e-06	6
1.141421356e-06	1.141421356e-06	6
1.127279221e-06	1.127279221e-06	6
1.113137085e-06	1.113137085e-06	6
1.098994949e-06	1.098994949e-06	6
1.084852814e-06	1.084852814e-06	6
1.070710678e-06	1.070710678e-06	6
1.056568542e-06	1.056568542e-06	6
1.042426407e-06	1.042426407e-06	6
1.028284271e-06	1.028284271e-06	6
1.014142136e-06	1.014142136e-06	6
1e-06	1e-06	6
9.858578644e-07	9.858578644e-07	6
9.717157288e-07	9.717157288e-07	6
9.575735931e-07	9.575735931e-07	6
9.434314575e-07	9.434314575e-07	6
9.292893219e-07	9.292893219e-07	6
9.151471863e-07	9.151471863e-07	6
9.010050506e-07	9.010050506e-07	6
8.86862915e-07	8.86862915e-07	6
8.727207794e-07	8.727207794e-07	6
8.585786438e-07	8.585786438e-07	6
8.444365081e-07	8.444365081e-07	6
8.302943725e-07	8.302943725e-07	6
8.161522369e-07	8.161522369e-07	6
8.020101013e-07	8.020101013e-07	6
7.878679656e-07	7.878679656e-07	6
7.7372583e-07	7.7372583e-07	6
7.595836944e-07	7.595836944e-07	6
7.454415588e-07	7.454415588e-07	6
7.312994231e-07	7.312994231e-07	6
7.171572875e-07	7.171572875e-07	6
7.030151519e-07	7.030151519e-07	6
6.888730163e-07	6.888730163e-07	6
6.747308807e-07	6.747308807e-07	6
6.60588745e-07	6.60588745e-07	6
6.464466094e-07	6.464466094e-07	6
6.323044738e-07	6.323044738e-07	6
6.181623382e-07	6.181623382e-07	6
6.040202025e-07	6.040202025e-07	6
5.898780669e-07	5.898780669e-07	6
5.757359313e-07	5.757359313e-07	6
5.615937957e-07	5.615937957e-07	6
5.4745166e-07	5.4745166e-07	6
5.333095244e-07	5.333095244e-07	6
5.191673888e-07	5.191673888e-07	6
5.050252532e-07	5.050252532e-07	6
4.908831175e-07	4.908831175e-07	6
4.767409819e-07	4.767409819e-07	6
4.625988463e-07	4.625988463e-07	6
4.484567107e-07	4.484567107e-07	6
4.343145751e-07	4.343145751e-07	6
4.201724394e-07	4.201724394e-07	6
4.060303038e-07	4.060303038e-07	6
3.918881682e-07	3.918881682e-07	6
3.777460326e-07	3.777460326e-07	6
3.636038969e-07	3.636038969e-07	6
3.494617613e-07	3.494617613e-07	6
3.353196257e-07	3.353196257e-07	6
3.211774901e-07	3.211774901e-07	6
3.070353544e-07	3.070353544e-07	6
2.928932188e-07	2.928932188e-07	6
2.928932188e-07	2.928932188e-07	0
3.047424943e-07	2.816117708e-07	0
3.165917697e-07	2.703303227e-07	0
3.284410452e-07	2.590488746e-07	0
3.284410452e-07	2.590488746e-07	-6
3.417392423e-07	2.737211742e-07	-6
3.550374394e-07	2.883934737e-07	-6
3.683356365e-07	3.030657732e-07	-6
3.816338337e-07	3.177380727e-07	-6
3.949320308e-07	3.324103722e-07	-6
4.082302279e-07	3.470826717e-07	-6
4.21528425e-07	3.617549712e-07	-6
4.348266222e-07	3.764272707e-07	-6
4.481248193e-07	3.910995703e-07	-6
4.614230164e-07	4.057718698e-07	-6
4.747212135e-07	4.204441693e-07	-6
4.880194107e-07	4.351164688e-07	-6
5.013176078e-07	4.497887683e-07	-6
5.146158049e-07	4.644610678e-07	-6
5.27914002e-07	4.791333673e-07	-6
5.412121992e-07	4.938056668e-07	-6
5.545103963e-07	5.084779663e-07	-6
5.678085934e-07	5.231502659e-07	-6
5.811067905e-07	5.378225654e-07	-6
5.944049877e-07	5.524948649e-07	-6
6.077031848e-07	5.671671644e-07	-6
6.210013819e-07	5.818394639e-07	-6
6.34299579e-07	5.965117634e-07	-6
6.475977762e-07	6.111840629e-07	-6
6.608959733e-07	6.258563624e-07	-6
6.741941704e-07	6.40528662e-07	-6
6.874923675e-07	6.552009615e-07	-6
7.007905647e-07	6.69873261e-07	-6
7.140887618e-07	6.845455605e-07	-6
7.273869589e-07	6.9921786e-07	-6
7.40685156e-07	7.138901595e-07	-6
7.539833532e-07	7.28562459e-07	-6
7.672815503e-07	7.432347585e-07	-6
7.805797474e-07	7.579070581e-07	-6
7.938779446e-07	7.725793576e-07	-6
8.071761417e-07	7.872516571e-07	-6
8.204743388e-07	8.019239566e-07	-6
8.337725359e-07	8.165962561e-07	-6
8.470707331e-07	8.312685556e-07	-6
8.603689302e-07	8.459408551e-07	-6
8.736671273e-07	8.606131546e-07	-6
8.869653244e-07	8.752854541e-07	-6
9.002635216e-07	8.899577537e-07	-6
9.135617187e-07	9.046300532e-07	-6
9.268599158e-07	9.193023527e-07	-6
9.401581129e-07	9.339746522e-07	-6
9.534563101e-07	9.486469517e-07	-6
9.667545072e-07	9.633192512e-07	-6
9.800527043e-07	9.779915507e-07	-6
9.933509014e-07	9.926638502e-07	-6
1.006649099e-06	1.00733615e-06	-6
1.019947296e-06	1.022008449e-06	-6
1.033245493e-06	1.036680749e-06	-6
1.04654369e-06	1.051353048e-06	-6
1.059841887e-06	1.066025348e-06	-6
1.073140084e-06	1.080697647e-06	-6
1.086438281e-06	1.095369947e-06	-6
1.099736478e-06	1.110042246e-06	-6
1.113034676e-06	1.124714546e-06	-6
1.126332873e-06	1.139386845e-06	-6
1.13963107e-06	1.154059145e-06	-6
1.152929267e-06	1.168731444e-06	-6
1.166227464e-06	1.183403744e-06	-6
1.179525661e-06	1.198076043e-06	-6
1.192823858e-06	1.212748343e-06	-6
1.206122055e-06	1.227420642e-06	-6
1.219420253e-06	1.242092942e-06	-6
1.23271845e-06	1.256765241e-06	-6
1.246016647e-06	1.271437541e-06	-6
1.259314844e-06	1.28610984e-06	-6
1.272613041e-06	1.30078214e-06	-6
1.285911238e-06	1.31545444e-06	-6
1.299209435e-06	1.330126739e-06	-6
1.312507632e-06	1.344799039e-06	-6
1.32580583e-06	1.359471338e-06	-6
1.339104027e-06	1.374143638e-06	-6
1.352402224e-06	1.388815937e-06	-6
1.365700421e-06	1.403488237e-06	-6
1.378998618e-06	1.418160536e-06	-6
1.392296815e-06	1.432832836e-06	-6
1.405595012e-06	1.447505135e-06	-6
1.418893209e-06	1.462177435e-06	-6
1.432191407e-06	1.476849734e-06	-6
1.445489604e-06	1.491522034e-06	-6
1.458787801e-06	1.506194333e-06	-6
1.472085998e-06	1.520866633e-06	-6
1.485384195e-06	1.535538932e-06	-6
1.498682392e-06	1.550211232e-06	-6
1.511980589e-06	1.564883531e-06	-6
1.525278786e-06	1.579555831e-06	-6
1.538576984e-06	1.59422813e-06	-6
1.551875181e-06	1.60890043e-06	-6
1.565173378e-06	1.623572729e-06	-6
1.578471575e-06	1.638245029e-06	-6
1.591769772e-06	1.652917328e-06	-6
1.605067969e-06	1.667589628e-06	-6
1.618366166e-06	1.682261927e-06	-6
1.631664363e-06	1.696934227e-06	-6
1.644962561e-06	1.711606526e-06	-6
1.658260758e-06	1.726278826e-06	-6
1.671558955e-06	1.740951125e-06	-6
1.671558955e-06	1.740951125e-06	0
1.671558955e-06	1.740951125e-06	6
1.658260758e-06	1.726278826e-06	6
1.644962561e-06	1.711606526e-06	6
1.631664363e-06	1.696934227e-06	6
1.618366166e-06	1.682261927e-06	6
1.605067969e-06	1.667589628e-06	6
1.591769772e-06	1.652917328e-06	6
1.578471575e-06	1.638245029e-06	6
1.565173378e-06	1.623572729e-06	6
1.551875181e-06	1.60890043e-06	6
1.538576984e-06	1.59422813e-06	6
1.525278786e-06	1.579555831e-06	6
1.511980589e-06	1.564883531e-06	6
1.498682392e-06	1.550211232e-06	6
1.485384195e-06	1.535538932e-06	6
1.472085998e-06	1.520866633e-06	6
1.458787801e-06	1.506194333e-06	6
1.445489604e-06	1.491522034e-06	6
1.432191407e-06	1.476849734e-06	6
1.418893209e-06	1.462177435e-06	6
1.405595012e-06	1.447505135e-06	6
1.392296815e-06	1.432832836e-06	6
1.378998618e-06	1.418160536e-06	6
1.365700421e-06	1.403488237e-06	6
1.352402224e-06	1.388815937e-06	6
1.339104027e-06	1.374143638e-06	6
1.32580583e-06	1.359471338e-06	6
1.312507632e-06	1.344799039e-06	6
1.299209435e-06	1.330126739e-06	6
1.285911238e-06	1.31545444e-06	6
1.272613041e-06	1.30078214e-06	6
1.259314844e-06	1.28610984e-06	6
1.246016647e-06	1.271437541e-06	6
1.23271845e-06	1.256765241e-06	6
1.219420253e-06	1.242092942e-06	6
1.206122055e-06	1.227420642e-06	6
1.192823858e-06	1.212748343e-06	6
1.179525661e-06	1.198076043e-06	6
1.166227464e-06	1.183403744e-06	6
1.152929267e-06	1.168731444e-06	6
1.13963107e-06	1.154059145e-06	6
1.126332873e-06	1.139386845e-06	6
1.113034676e-06	1.124714546e-06	6
1.099736478e-06	1.110042246e-06	6
1.086438281e-06	1.095369947e-06	6
1.073140084e-06	1.080697647e-06	6
1.059841887e-06	1.066025348e-06	6
1.04654369e-06	1.051353048e-06	6
1.033245493e-06	1.036680749e-06	6
1.019947296e-06	1.022008449e-06	6
1.006649099e-06	1.00733615e-06	6
9.933509014e-07	9.926638502e-07	6
9.800527043e-07	9.779915507e-07	6
9.667545072e-07	9.633192512e-07	6
9.534563101e-07	9.486469517e-07	6
9.401581129e-07	9.339746522e-07	6
9.268599158e-07	9.193023527e-07	6
9.135617187e-07	9.046300532e-07	6
9.002635216e-07	8.899577537e-07	6
8.869653244e-07	8.752854541e-07	6
8.736671273e-07	8.606131546e-07	6
8.603689302e-07	8.459408551e-07	6
8.470707331e-07	8.312685556e-07	6
8.337725359e-07	8.165962561e-07	6
8.204743388e-07	8.019239566e-07	6
8.071761417e-07	7.872516571e-07	6
7.938779446e-07	7.725793576e-07	6
7.805797474e-07	7.579070581e-07	6
7.672815503e-07	7.432347585e-07	6
7.539833532e-07	7.28562459e-07	6
7.40685156e-07	7.138901595e-07	6
7.273869589e-07	6.9921786e-07	6
7.140887618e-07	6.845455605e-07	6
7.007905647e-07	6.69873261e-07	6
6.874923675e-07	6.552009615e-07	6
6.741941704e-07	6.40528662e-07	6
6.608959733e-07	6.258563624e-07	6
6.475977762e-07	6.111840629e-07	6
6.34299579e-07	5.965117634e-07	6
6.210013819e-07	5.818394639e-07	6
6.077031848e-07	5.671671644e-07	6
5.944049877e-07	5.524948649e-07	6
5.811067905e-07	5.378225654e-07	6
5.678085934e-07	5.231502659e-07	6
5.545103963e-07	5.084779663e-07	6
5.412121992e-07	4.938056668e-07	6
5.27914002e-07	4.791333673e-07	6
5.146158049e-07	4.644610678e-07	6
5.013176078e-07	4.497887683e-07	6
4.880194107e-07	4.351164688e-07	6
4.747212135e-07	4.204441693e-07	6
4.614230164e-07	4.057718698e-07	6
4.481248193e-07	3.910995703e-07	6
4.348266222e-07	3.764272707e-07	6
4.21528425e-07	3.617549712e-07	6
4.082302279e-07	3.470826717e-07	6
3.949320308e-07	3.324103722e-07	6
3.816338337e-07	3.177380727e-07	6
3.683356365e-07	3.030657732e-07	6
3.550374394e-07	2.883934737e-07	6
3.417392423e-07	2.737211742e-07	6
3.284410452e-07	2.590488746e-07	6
3.284410452e-07	2.590488746e-07	0
3.40829602e-07	2.48362432e-07	0
3.532181589e-07	2.376759893e-07	0
3.656067158e-07	2.269895466e-07	0
3.656067158e-07	2.269895466e-07	-6
3.782945815e-07	2.424497557e-07	-6
3.909824472e-07	2.579099648e-07	-6
4.036703129e-07	2.733701738e-07	-6
4.163581786e-07	2.888303829e-07	-6
4.290460443e-07	3.04290592e-07	-6
4.417339099e-07	3.19750801e-07	-6
4.544217756e-07	3.352110101e-07	-6
4.671096413e-07	3.506712192e-07	-6
4.79797507e-07	3.661314282e-07	-6
4.924853727e-07	3.815916373e-07	-6
5.051732384e-07	3.970518464e-07	-6
5.17861104e-07	4.125120554e-07	-6
5.305489697e-07	4.279722645e-07	-6
5.432368354e-07	4.434324736e-07	-6
5.559247011e-07	4.588926826e-07	-6
5.686125668e-07	4.743528917e-07	-6
5.813004325e-07	4.898131008e-07	-6
5.939882981e-07	5.052733098e-07	-6
6.066761638e-07	5.207335189e-07	-6
6.193640295e-07	5.36193728e-07	-6
6.320518952e-07	5.51653937e-07	-6
6.447397609e-07	5.671141461e-07	-6
6.574276266e-07	5.825743552e-07	-6
6.701154922e-07	5.980345643e-07	-6
6.828033579e-07	6.134947733e-07	-6
6.954912236e-07	6.289549824e-07	-6
7.081790893e-07	6.444151915e-07	-6
7.20866955e-07	6.598754005e-07	-6
7.335548207e-07	6.753356096e-07	-6
7.462426863e-07	6.907958187e-07	-6
7.58930552e-07	7.062560277e-07	-6
7.716184177e-07	7.217162368e-07	-6
7.843062834e-07	7.371764459e-07	-6
7.969941491e-07	7.526366549e-07	-6
8.096820148e-07	7.68096864e-07	-6
8.223698804e-07	7.835570731e-07	-6
8.350577461e-07	7.990172821e-07	-6
8.477456118e-07	8.144774912e-07	-6
8.604334775e-07	8.299377003e-07	-6
8.731213432e-07	8.453979093e-07	-6
8.858092089e-07	8.608581184e-07	-6
8.984970745e-07	8.763183275e-07	-6
9.111849402e-07	8.917785365e-07	-6
9.238728059e-07	9.072387456e-07	-6
9.365606716e-07	9.226989547e-07	-6
9.492485373e-07	9.381591637e-07	-6
9.61936403e-07	9.536193728e-07	-6
9.746242686e-07	9.690795819e-07	-6
9.873121343e-07	9.845397909e-07	-6
1e-06	1e-06	-6
1.012687866e-06	1.015460209e-06	-6
1.025375731e-06	1.030920418e-06	-6
1.038063597e-06	1.046380627e-06	-6
1.050751463e-06	1.061840836e-06	-6
1.063439328e-06	1.077301045e-06	-6
1.076127194e-06	1.092761254e-06	-6
1.08881506e-06	1.108221463e-06	-6
1.101502925e-06	1.123681673e-06	-6
1.114190791e-06	1.139141882e-06	-6
1.126878657e-06	1.154602091e-06	-6
1.139566523e-06	1.1700623e-06	-6
1.152254388e-06	1.185522509e-06	-6
1.164942254e-06	1.200982718e-06	-6
1.17763012e-06	1.216442927e-06	-6
1.190317985e-06	1.231903136e-06	-6
1.203005851e-06	1.247363345e-06	-6
1.215693717e-06	1.262823554e-06	-6
1.228381582e-06	1.278283763e-06	-6
1.241069448e-06	1.293743972e-06	-6
1.253757314e-06	1.309204181e-06	-6
1.266445179e-06	1.32466439e-06	-6
1.279133045e-06	1.340124599e-06	-6
1.291820911e-06	1.355584809e-06	-6
1.304508776e-06	1.371045018e-06	-6
1.317196642e-06	1.386505227e-06	-6
1.329884508e-06	1.401965436e-06	-6
1.342572373e-06	1.417425645e-06	-6
1.355260239e-06	1.432885854e-06	-6
1.367948105e-06	1.448346063e-06	-6
1.38063597e-06	1.463806272e-06	-6
1.393323836e-06	1.479266481e-06	-6
1.406011702e-06	1.49472669e-06	-6
1.418699568e-06	1.510186899e-06	-6
1.431387433e-06	1.525647108e-06	-6
1.444075299e-06	1.541107317e-06	-6
1.456763165e-06	1.556567526e-06	-6
1.46945103e-06	1.572027735e-06	-6
1.482138896e-06	1.587487945e-06	-6
1.494826762e-06	1.602948154e-06	-6
1.507514627e-06	1.618408363e-06	-6
1.520202493e-06	1.633868572e-06	-6
1.532890359e-06	1.649328781e-06	-6
1.545578224e-06	1.66478899e-06	-6
1.55826609e-06	1.680249199e-06	-6
1.570953956e-06	1.695709408e-06	-6
1.583641821e-06	1.711169617e-06	-6
1.596329687e-06	1.726629826e-06	-6
1.609017553e-06	1.742090035e-06	-6
1.621705418e-06	1.757550244e-06	-6
1.634393284e-06	1.773010453e-06	-6
1.634393284e-06	1.773010453e-06	0
1.634393284e-06	1.773010453e-06	6
1.621705418e-06	1.757550244e-06	6
1.609017553e-06	1.742090035e-06	6
1.596329687e-06	1.726629826e-06	6
1.583641821e-06	1.711169617e-06	6
1.570953956e-06	1.695709408e-06	6
1.55826609e-06	1.680249199e-06	6
1.545578224e-06	1.66478899e-06	6
1.532890359e-06	1.649328781e-06	6
1.520202493e-06	1.633868572e-06	6
1.507514627e-06	1.618408363e-06	6
1.494826762e-06	1.602948154e-06	6
1.482138896e-06	1.587487945e-06	6
1.46945103e-06	1.572027735e-06	6
1.456763165e-06	1.556567526e-06	6
1.444075299e-06	1.541107317e-06	6
1.431387433e-06	1.525647108e-06	6
1.418699568e-06	1.510186899e-06	6
1.406011702e-06	1.49472669e-06	6
1.393323836e-06	1.479266481e-06	6
1.38063597e-06	1.463806272e-06	6
1.367948105e-06	1.448346063e-06	6
1.355260239e-06	1.432885854e-06	6
1.342572373e-06	1.417425645e-06	6
1.329884508e-06	1.401965436e-06	6
1.317196642e-06	1.386505227e-06	6
1.304508776e-06	1.371045018e-06	6
1.291820911e-06	1.355584809e-06	6
1.279133045e-06	1.340124599e-06	6
1.266445179e-06	1.32466439e-06	6
1.253757314e-06	1.309204181e-06	6
1.241069448e-06	1.293743972e-06	6
1.228381582e-06	1.278283763e-06	6
1.215693717e-06	1.262823554e-06	6
1.203005851e-06	1.247363345e-06	6
1.190317985e-06	1.231903136e-06	6
1.17763012e-06	1.216442927e-06	6
1.164942254e-06	1.200982718e-06	6
1.152254388e-06	1.185522509e-06	6
1.139566523e-06	1.1700623e-06	6
1.126878657e-06	1.154602091e-06	6
1.114190791e-06	1.139141882e-06	6
1.101502925e-06	1.123681673e-06	6
1.08881506e-06	1.108221463e-06	6
1.076127194e-06	1.092761254e-06	6
1.063439328e-06	1.077301045e-06	6
1.050751463e-06	1.061840836e-06	6
1.038063597e-06	1.046380627e-06	6
1.025375731e-06	1.030920418e-06	6
1.012687866e-06	1.015460209e-06	6
1e-06	1e-06	6
9.873121343e-07	9.845397909e-07	6
9.746242686e-07	9.690795819e-07	6
9.61936403e-07	9.536193728e-07	6
9.492485373e-07	9.381591637e-07	6
9.365606716e-07	9.226989547e-07	6
9.238728059e-07	9.072387456e-07	6
9.111849402e-07	8.917785365e-07	6
8.984970745e-07	8.763183275e-07	6
8.858092089e-07	8.608581184e-07	6
8.731213432e-07	8.453979093e-07	6
8.604334775e-07	8.299377003e-07	6
8.477456118e-07	8.144774912e-07	6
8.350577461e-07	7.990172821e-07	6
8.223698804e-07	7.835570731e-07	6
8.096820148e-07	7.68096864e-07	6
7.969941491e-07	7.526366549e-07	6
7.843062834e-07	7.371764459e-07	6
7.716184177e-07	7.217162368e-07	6
7.58930552e-07	7.062560277e-07	6
7.462426863e-07	6.907958187e-07	6
7.335548207e-07	6.753356096e-07	6
7.20866955e-07	6.598754005e-07	6
7.081790893e-07	6.444151915e-07	6
6.954912236e-07	6.289549824e-07	6
6.828033579e-07	6.134947733e-07	6
6.701154922e-07	5.980345643e-07	6
6.574276266e-07	5.825743552e-07	6
6.447397609e-07	5.671141461e-07	6
6.320518952e-07	5.51653937e-07	6
6.193640295e-07	5.36193728e-07	6
6.066761638e-07	5.207335189e-07	6
5.939882981e-07	5.052733098e-07	6
5.813004325e-07	4.898131008e-07	6
5.686125668e-07	4.743528917e-07	6
5.559247011e-07	4.588926826e-07	6
5.432368354e-07	4.434324736e-07	6
5.305489697e-07	4.279722645e-07	6
5.17861104e-07	4.125120554e-07	6
5.051732384e-07	3.970518464e-07	6
4.924853727e-07	3.815916373e-07	6
4.79797507e-07	3.661314282e-07	6
4.671096413e-07	3.506712192e-07	6
4.544217756e-07	3.352110101e-07	6
4.417339099e-07	3.19750801e-07	6
4.290460443e-07	3.04290592e-07	6
4.163581786e-07	2.888303829e-07	6
4.036703129e-07	2.733701738e-07	6
3.909824472e-07	2.579099648e-07	6
3.782945815e-07	2.424497557e-07	6
3.656067158e-07	2.269895466e-07	6
3.656067158e-07	2.269895466e-07	0
3.785047091e-07	2.169238539e-07	0
3.914027023e-07	2.068581612e-07	0
4.043006955e-07	1.967924685e-07	0
4.043006955e-07	1.967924685e-07	-6
4.162146816e-07	2.128566191e-07	-6
4.281286677e-07	2.289207698e-07	-6
4.400426538e-07	2.449849204e-07	-6
4.519566399e-07	2.61049071e-07	-6
4.63870626e-07	2.771132217e-07	-6
4.75784612e-07	2.931773723e-07	-6
4.876985981e-07	3.092415229e-07	-6
4.996125842e-07	3.253056736e-07	-6
5.115265703e-07	3.413698242e-07	-6
5.234405564e-07	3.574339748e-07	-6
5.353545425e-07	3.734981254e-07	-6
5.472685286e-07	3.895622761e-07	-6
5.591825147e-07	4.056264267e-07	-6
5.710965008e-07	4.216905773e-07	-6
5.830104869e-07	4.37754728e-07	-6
5.949244729e-07	4.538188786e-07	-6
6.06838459e-07	4.698830292e-07	-6
6.187524451e-07	4.859471799e-07	-6
6.306664312e-07	5.020113305e-07	-6
6.425804173e-07	5.180754811e-07	-6
6.544944034e-07	5.341396317e-07	-6
6.664083895e-07	5.502037824e-07	-6
6.783223756e-07	5.66267933e-07	-6
6.902363617e-07	5.823320836e-07	-6
7.021503478e-07	5.983962343e-07	-6
7.140643338e-07	6.144603849e-07	-6
7.259783199e-07	6.305245355e-07	-6
7.37892306e-07	6.465886861e-07	-6
7.498062921e-07	6.626528368e-07	-6
7.617202782e-07	6.787169874e-07	-6
7.736342643e-07	6.94781138e-07	-6
7.855482504e-07	7.108452887e-07	-6
7.974622365e-07	7.269094393e-07	-6
8.093762226e-07	7.429735899e-07	-6
8.212902087e-07	7.590377406e-07	-6
8.332041947e-07	7.751018912e-07	-6
8.451181808e-07	7.911660418e-07	-6
8.570321669e-07	8.072301924e-07	-6
8.68946153e-07	8.232943431e-07	-6
8.808601391e-07	8.393584937e-07	-6
8.927741252e-07	8.554226443e-07	-6
9.046881113e-07	8.71486795e-07	-6
9.166020974e-07	8.875509456e-07	-6
9.285160835e-07	9.036150962e-07	-6
9.404300696e-07	9.196792469e-07	-6
9.523440556e-07	9.357433975e-07	-6
9.642580417e-07	9.518075481e-07	-6
9.761720278e-07	9.678716987e-07	-6
9.880860139e-07	9.839358494e-07	-6
1e-06	1e-06	-6
1.011913986e-06	1.016064151e-06	-6
1.023827972e-06	1.032128301e-06	-6
1.035741958e-06	1.048192452e-06	-6
1.047655944e-06	1.064256603e-06	-6
1.05956993e-06	1.080320753e-06	-6
1.071483917e-06	1.096384904e-06	-6
1.083397903e-06	1.112449054e-06	-6
1.095311889e-06	1.128513205e-06	-6
1.107225875e-06	1.144577356e-06	-6
1.119139861e-06	1.160641506e-06	-6
1.131053847e-06	1.176705657e-06	-6
1.142967833e-06	1.192769808e-06	-6
1.154881819e-06	1.208833958e-06	-6
1.166795805e-06	1.224898109e-06	-6
1.178709791e-06	1.240962259e-06	-6
1.190623777e-06	1.25702641e-06	-6
1.202537764e-06	1.273090561e-06	-6
1.21445175e-06	1.289154711e-06	-6
1.226365736e-06	1.305218862e-06	-6
1.238279722e-06	1.321283013e-06	-6
1.250193708e-06	1.337347163e-06	-6
1.262107694e-06	1.353411314e-06	-6
1.27402168e-06	1.369475464e-06	-6
1.285935666e-06	1.385539615e-06	-6
1.297849652e-06	1.401603766e-06	-6
1.309763638e-06	1.417667916e-06	-6
1.321677624e-06	1.433732067e-06	-6
1.333591611e-06	1.449796218e-06	-6
1.345505597e-06	1.465860368e-06	-6
1.357419583e-06	1.481924519e-06	-6
1.369333569e-06	1.49798867e-06	-6
1.381247555e-06	1.51405282e-06	-6
1.393161541e-06	1.530116971e-06	-6
1.405075527e-06	1.546181121e-06	-6
1.416989513e-06	1.562245272e-06	-6
1.428903499e-06	1.578309423e-06	-6
1.440817485e-06	1.594373573e-06	-6
1.452731471e-06	1.610437724e-06	-6
1.464645458e-06	1.626501875e-06	-6
1.476559444e-06	1.642566025e-06	-6
1.48847343e-06	1.658630176e-06	-6
1.500387416e-06	1.674694326e-06	-6
1.512301402e-06	1.690758477e-06	-6
1.524215388e-06	1.706822628e-06	-6
1.536129374e-06	1.722886778e-06	-6
1.54804336e-06	1.738950929e-06	-6
1.559957346e-06	1.75501508e-06	-6
1.571871332e-06	1.77107923e-06	-6
1.583785318e-06	1.787143381e-06	-6
1.595699304e-06	1.803207531e-06	-6
1.595699304e-06	1.803207531e-06	0
1.595699304e-06	1.803207531e-06	6
1.583785318e-06	1.787143381e-06	6
1.571871332e-06	1.77107923e-06	6
1.559957346e-06	1.75501508e-06	6
1.54804336e-06	1.738950929e-06	6
1.536129374e-06	1.722886778e-06	6
1.524215388e-06	1.706822628e-06	6
1.512301402e-06	1.690758477e-06	6
1.500387416e-06	1.674694326e-06	6
1.48847343e-06	1.658630176e-06	6
1.476559444e-06	1.642566025e-06	6
1.464645458e-06	1.626501875e-06	6
1.452731471e-06	1.610437724e-06	6
1.440817485e-06	1.594373573e-06	6
1.428903499e-06	1.578309423e-06	6
1.416989513e-06	1.562245272e-06	6
1.405075527e-06	1.546181121e-06	6
1.393161541e-06	1.530116971e-06	6
1.381247555e-06	1.51405282e-06	6
1.369333569e-06	1.49798867e-06	6
1.357419583e-06	1.481924519e-06	6
1.345505597e-06	1.465860368e-06	6
1.333591611e-06	1.449796218e-06	6
1.321677624e-06	1.433732067e-06	6
1.309763638e-06	1.417667916e-06	6
1.297849652e-06	1.401603766e-06	6
1.285935666e-06	1.385539615e-06	6
1.27402168e-06	1.369475464e-06	6
1.262107694e-06	1.353411314e-06	6
1.250193708e-06	1.337347163e-06	6
1.238279722e-06	1.321283013e-06	6
1.226365736e-06	1.305218862e-06	6
1.21445175e-06	1.289154711e-06	6
1.202537764e-06	1.273090561e-06	6
1.190623777e-06	1.25702641e-06	6
1.178709791e-06	1.240962259e-06	6
1.166795805e-06	1.224898109e-06	6
1.154881819e-06	1.208833958e-06	6
1.142967833e-06	1.192769808e-06	6
1.131053847e-06	1.176705657e-06	6
1.119139861e-06	1.160641506e-06	6
1.107225875e-06	1.144577356e-06	6
1.095311889e-06	1.128513205e-06	6
1.083397903e-06	1.112449054e-06	6
1.071483917e-06	1.096384904e-06	6
1.05956993e-06	1.080320753e-06	6
1.047655944e-06	1.064256603e-06	6
1.035741958e-06	1.048192452e-06	6
1.023827972e-06	1.032128301e-06	6
1.011913986e-06	1.016064151e-06	6
1e-06	1e-06	6
9.880860139e-07	9.839358494e-07	6
9.761720278e-07	9.678716987e-07	6
9.642580417e-07	9.518075481e-07	6
9.523440556e-07	9.357433975e-07	6
9.404300696e-07	9.196792469e-07	6
9.285160835e-07	9.036150962e-07	6
9.166020974e-07	8.875509456e-07	6
9.046881113e-07	8.71486795e-07	6
8.927741252e-07	8.554226443e-07	6
8.808601391e-07	8.393584937e-07	6
8.68946153e-07	8.232943431e-07	6
8.570321669e-07	8.072301924e-07	6
8.451181808e-07	7.911660418e-07	6
8.332041947e-07	7.751018912e-07	6
8.212902087e-07	7.590377406e-07	6
8.093762226e-07	7.429735899e-07	6
7.974622365e-07	7.269094393e-07	6
7.855482504e-07	7.108452887e-07	6
7.736342643e-07	6.94781138e-07	6
7.617202782e-07	6.787169874e-07	6
7.498062921e-07	6.626528368e-07	6
7.37892306e-07	6.465886861e-07	6
7.259783199e-07	6.305245355e-07	6
7.140643338e-07	6.144603849e-07	6
7.021503478e-07	5.983962343e-07	6
6.902363617e-07	5.823320836e-07	6
6.783223756e-07	5.66267933e-07	6
6.664083895e-07	5.502037824e-07	6
6.544944034e-07	5.341396317e-07	6
6.425804173e-07	5.180754811e-07	6
6.306664312e-07	5.020113305e-07	6
6.187524451e-07	4.859471799e-07	6
6.06838459e-07	4.698830292e-07	6
5.949244729e-07	4.538188786e-07	6
5.830104869e-07	4.37754728e-07	6
5.710965008e-07	4.216905773e-07	6
5.591825147e-07	4.056264267e-07	6
5.472685286e-07	3.895622761e-07	6
5.353545425e-07	3.734981254e-07	6
5.234405564e-07	3.574339748e-07	6
5.115265703e-07	3.413698242e-07	6
4.996125842e-07	3.253056736e-07	6
4.876985981e-07	3.092415229e-07	6
4.75784612e-07	2.931773723e-07	6
4.63870626e-07	2.771132217e-07	6
4.519566399e-07	2.61049071e-07	6
4.400426538e-07	2.449849204e-07	6
4.281286677e-07	2.289207698e-07	6
4.162146816e-07	2.128566191e-07	6
4.043006955e-07	1.967924685e-07	6
4.043006955e-07	1.967924685e-07	0
4.176770527e-07	1.873717749e-07	0
4.310534098e-07	1.779510813e-07	0
4.44429767e-07	1.685303877e-07	0
4.44429767e-07	1.685303877e-07	-6
4.554311577e-07	1.849951325e-07	-6
4.664325485e-07	2.014598773e-07	-6
4.774339392e-07	2.179246221e-07	-6
4.8843533e-07	2.343893669e-07	-6
4.994367207e-07	2.508541117e-07	-6
5.104381115e-07	2.673188565e-07	-6
5.214395023e-07	2.837836013e-07	-6
5.32440893e-07	3.002483461e-07	-6
5.434422838e-07	3.167130909e-07	-6
5.544436745e-07	3.331778357e-07	-6
5.654450653e-07	3.496425805e-07	-6
5.76446456e-07	3.661073253e-07	-6
5.874478468e-07	3.825720701e-07	-6
5.984492375e-07	3.990368149e-07	-6
6.094506283e-07	4.155015597e-07	-6
6.20452019e-07	4.319663045e-07	-6
6.314534098e-07	4.484310493e-07	-6
6.424548005e-07	4.648957941e-07	-6
6.534561913e-07	4.813605389e-07	-6
6.64457582e-07	4.978252837e-07	-6
6.754589728e-07	5.142900285e-07	-6
6.864603635e-07	5.307547733e-07	-6
6.974617543e-07	5.472195181e-07	-6
7.08463145e-07	5.636842629e-07	-6
7.194645358e-07	5.801490076e-07	-6
7.304659266e-07	5.966137524e-07	-6
7.414673173e-07	6.130784972e-07	-6
7.524687081e-07	6.29543242e-07	-6
7.634700988e-07	6.460079868e-07	-6
7.744714896e-07	6.624727316e-07	-6
7.854728803e-07	6.789374764e-07	-6
7.964742711e-07	6.954022212e-07	-6
8.074756618e-07	7.11866966e-07	-6
8.184770526e-07	7.283317108e-07	-6
8.294784433e-07	7.447964556e-07	-6
8.404798341e-07	7.612612004e-07	-6
8.514812248e-07	7.777259452e-07	-6
8.624826156e-07	7.9419069e-07	-6
8.734840063e-07	8.106554348e-07	-6
8.844853971e-07	8.271201796e-07	-6
8.954867878e-07	8.435849244e-07	-6
9.064881786e-07	8.600496692e-07	-6
9.174895694e-07	8.76514414e-07	-6
9.284909601e-07	8.929791588e-07	-6
9.394923509e-07	9.094439036e-07	-6
9.504937416e-07	9.259086484e-07	-6
9.614951324e-07	9.423733932e-07	-6
9.724965231e-07	9.58838138e-07	-6
9.834979139e-07	9.753028828e-07	-6
9.944993046e-07	9.917676276e-07	-6
1.005500695e-06	1.008232372e-06	-6
1.016502086e-06	1.024697117e-06	-6
1.027503477e-06	1.041161862e-06	-6
1.038504868e-06	1.057626607e-06	-6
1.049506258e-06	1.074091352e-06	-6
1.060507649e-06	1.090556096e-06	-6
1.07150904e-06	1.107020841e-06	-6
1.082510431e-06	1.123485586e-06	-6
1.093511821e-06	1.139950331e-06	-6
1.104513212e-06	1.156415076e-06	-6
1.115514603e-06	1.17287982e-06	-6
1.126515994e-06	1.189344565e-06	-6
1.137517384e-06	1.20580931e-06	-6
1.148518775e-06	1.222274055e-06	-6
1.159520166e-06	1.2387388e-06	-6
1.170521557e-06	1.255203544e-06	-6
1.181522947e-06	1.271668289e-06	-6
1.192524338e-06	1.288133034e-06	-6
1.203525729e-06	1.304597779e-06	-6
1.21452712e-06	1.321062524e-06	-6
1.22552851e-06	1.337527268e-06	-6
1.236529901e-06	1.353992013e-06	-6
1.247531292e-06	1.370456758e-06	-6
1.258532683e-06	1.386921503e-06	-6
1.269534073e-06	1.403386248e-06	-6
1.280535464e-06	1.419850992e-06	-6
1.291536855e-06	1.436315737e-06	-6
1.302538246e-06	1.452780482e-06	-6
1.313539636e-06	1.469245227e-06	-6
1.324541027e-06	1.485709972e-06	-6
1.335542418e-06	1.502174716e-06	-6
1.346543809e-06	1.518639461e-06	-6
1.357545199e-06	1.535104206e-06	-6
1.36854659e-06	1.551568951e-06	-6
1.379547981e-06	1.568033696e-06	-6
1.390549372e-06	1.58449844e-06	-6
1.401550762e-06	1.600963185e-06	-6
1.412552153e-06	1.61742793e-06	-6
1.423553544e-06	1.633892675e-06	-6
1.434554935e-06	1.65035742e-06	-6
1.445556325e-06	1.666822164e-06	-6
1.456557716e-06	1.683286909e-06	-6
1.467559107e-06	1.699751654e-06	-6
1.478560498e-06	1.716216399e-06	-6
1.489561889e-06	1.732681144e-06	-6
1.500563279e-06	1.749145888e-06	-6
1.51156467e-06	1.765610633e-06	-6
1.522566061e-06	1.782075378e-06	-6
1.533567452e-06	1.798540123e-06	-6
1.544568842e-06	1.815004868e-06	-6
1.555570233e-06	1.831469612e-06	-6
1.555570233e-06	1.831469612e-06	0
1.555570233e-06	1.831469612e-06	6
1.544568842e-06	1.815004868e-06	6
1.533567452e-06	1.798540123e-06	6
1.522566061e-06	1.782075378e-06	6
1.51156467e-06	1.765610633e-06	6
1.500563279e-06	1.749145888e-06	6
1.489561889e-06	1.732681144e-06	6
1.478560498e-06	1.716216399e-06	6
1.467559107e-06	1.699751654e-06	6
1.456557716e-06	1.683286909e-06	6
1.445556325e-06	1.666822164e-06	6
1.434554935e-06	1.65035742e-06	6
1.423553544e-06	1.633892675e-06	6
1.412552153e-06	1.61742793e-06	6
1.401550762e-06	1.600963185e-06	6
1.390549372e-06	1.58449844e-06	6
1.379547981e-06	1.568033696e-06	6
1.36854659e-06	1.551568951e-06	6
1.357545199e-06	1.535104206e-06	6
1.346543809e-06	1.518639461e-06	6
1.335542418e-06	1.502174716e-06	6
1.324541027e-06	1.485709972e-06	6
1.313539636e-06	1.469245227e-06	6
1.302538246e-06	1.452780482e-06	6
1.291536855e-06	1.436315737e-06	6
1.280535464e-06	1.419850992e-06	6
1.269534073e-06	1.403386248e-06	6
1.258532683e-06	1.386921503e-06	6
1.247531292e-06	1.370456758e-06	6
1.236529901e-06	1.353992013e-06	6
1.22552851e-06	1.337527268e-06	6
1.21452712e-06	1.321062524e-06	6
1.203525729e-06	1.304597779e-06	6
1.192524338e-06	1.288133034e-06	6
1.181522947e-06	1.271668289e-06	6
1.170521557e-06	1.255203544e-06	6
1.159520166e-06	1.2387388e-06	6
1.148518775e-06	1.222274055e-06	6
1.137517384e-06	1.20580931e-06	6
1.126515994e-06	1.189344565e-06	6
1.115514603e-06	1.17287982e-06	6
1.104513212e-06	1.156415076e-06	6
1.093511821e-06	1.139950331e-06	6
1.082510431e-06	1.123485586e-06	6
1.07150904e-06	1.107020841e-06	6
1.060507649e-06	1.090556096e-06	6
1.049506258e-06	1.074091352e-06	6
1.038504868e-06	1.057626607e-06	6
1.027503477e-06	1.041161862e-06	6
1.016502086e-06	1.024697117e-06	6
1.005500695e-06	1.008232372e-06	6
9.944993046e-07	9.917676276e-07	6
9.834979139e-07	9.753028828e-07	6
9.724965231e-07	9.58838138e-07	6
9.614951324e-07	9.423733932e-07	6
9.504937416e-07	9.259086484e-07	6
9.394923509e-07	9.094439036e-07	6
9.284909601e-07	8.929791588e-07	6
9.174895694e-07	8.76514414e-07	6
9.064881786e-07	8.600496692e-07	6
8.954867878e-07	8.435849244e-07	6
8.844853971e-07	8.271201796e-07	6
8.734840063e-07	8.106554348e-07	6
8.624826156e-07	7.9419069e-07	6
8.514812248e-07	7.777259452e-07	6
8.404798341e-07	7.612612004e-07	6
8.294784433e-07	7.447964556e-07	6
8.184770526e-07	7.283317108e-07	6
8.074756618e-07	7.11866966e-07	6
7.964742711e-07	6.954022212e-07	6
7.854728803e-07	6.789374764e-07	6
7.744714896e-07	6.624727316e-07	6
7.634700988e-07	6.460079868e-07	6
7.524687081e-07	6.29543242e-07	6
7.414673173e-07	6.130784972e-07	6
7.304659266e-07	5.966137524e-07	6
7.194645358e-07	5.801490076e-07	6
7.08463145e-07	5.636842629e-07	6
6.974617543e-07	5.472195181e-07	6
6.864603635e-07	5.307547733e-07	6
6.754589728e-07	5.142900285e-07	6
6.64457582e-07	4.978252837e-07	6
6.534561913e-07	4.813605389e-07	6
6.424548005e-07	4.648957941e-07	6
6.314534098e-07	4.484310493e-07	6
6.20452019e-07	4.319663045e-07	6
6.094506283e-07	4.155015597e-07	6
5.984492375e-07	3.990368149e-07	6
5.874478468e-07	3.825720701e-07	6
5.76446456e-07	3.661073253e-07	6
5.654450653e-07	3.496425805e-07	6
5.544436745e-07	3.331778357e-07	6
5.434422838e-07	3.167130909e-07	6
5.32440893e-07	3.002483461e-07	6
5.214395023e-07	2.837836013e-07	6
5.104381115e-07	2.673188565e-07	6
4.994367207e-07	2.508541117e-07	6
4.8843533e-07	2.343893669e-07	6
4.774339392e-07	2.179246221e-07	6
4.664325485e-07	2.014598773e-07	6
4.554311577e-07	1.849951325e-07	6
4.44429767e-07	1.685303877e-07	6
4.44429767e-07	1.685303877e-07	0
4.582522633e-07	1.597773885e-07	0
4.720747595e-07	1.510243892e-07	0
4.858972558e-07	1.4227139e-07	0
4.858972558e-07	1.4227139e-07	-6
4.960775082e-07	1.59256115e-07	-6
5.062577605e-07	1.762408399e-07	-6
5.164380129e-07	1.932255649e-07	-6
5.266182652e-07	2.102102898e-07	-6
5.367985176e-07	2.271950148e-07	-6
5.4697877e-07	2.441797397e-07	-6
5.571590223e-07	2.611644647e-07	-6
5.673392747e-07	2.781491896e-07	-6
5.77519527e-07	2.951339146e-07	-6
5.876997794e-07	3.121186395e-07	-6
5.978800318e-07	3.291033645e-07	-6
6.080602841e-07	3.460880894e-07	-6
6.182405365e-07	3.630728144e-07	-6
6.284207889e-07	3.800575393e-07	-6
6.386010412e-07	3.970422643e-07	-6
6.487812936e-07	4.140269892e-07	-6
6.589615459e-07	4.310117142e-07	-6
6.691417983e-07	4.479964391e-07	-6
6.793220507e-07	4.649811641e-07	-6
6.89502303e-07	4.81965889e-07	-6
6.996825554e-07	4.98950614e-07	-6
7.098628077e-07	5.159353389e-07	-6
7.200430601e-07	5.329200639e-07	-6
7.302233125e-07	5.499047888e-07	-6
7.404035648e-07	5.668895138e-07	-6
7.505838172e-07	5.838742387e-07	-6
7.607640695e-07	6.008589637e-07	-6
7.709443219e-07	6.178436886e-07	-6
7.811245743e-07	6.348284136e-07	-6
7.913048266e-07	6.518131385e-07	-6
8.01485079e-07	6.687978635e-07	-6
8.116653313e-07	6.857825884e-07	-6
8.218455837e-07	7.027673134e-07	-6
8.320258361e-07	7.197520383e-07	-6
8.422060884e-07	7.367367633e-07	-6
8.523863408e-07	7.537214882e-07	-6
8.625665931e-07	7.707062132e-07	-6
8.727468455e-07	7.876909381e-07	-6
8.829270979e-07	8.046756631e-07	-6
8.931073502e-07	8.21660388e-07	-6
9.032876026e-07	8.38645113e-07	-6
9.134678549e-07	8.556298379e-07	-6
9.236481073e-07	8.726145629e-07	-6
9.338283597e-07	8.895992878e-07	-6
9.44008612e-07	9.065840128e-07	-6
9.541888644e-07	9.235687377e-07	-6
9.643691167e-07	9.405534627e-07	-6
9.745493691e-07	9.575381876e-07	-6
9.847296215e-07	9.745229126e-07	-6
9.949098738e-07	9.915076375e-07	-6
1.005090126e-06	1.008492362e-06	-6
1.015270379e-06	1.025477087e-06	-6
1.025450631e-06	1.042461812e-06	-6
1.035630883e-06	1.059446537e-06	-6
1.045811136e-06	1.076431262e-06	-6
1.055991388e-06	1.093415987e-06	-6
1.06617164e-06	1.110400712e-06	-6
1.076351893e-06	1.127385437e-06	-6
1.086532145e-06	1.144370162e-06	-6
1.096712397e-06	1.161354887e-06	-6
1.10689265e-06	1.178339612e-06	-6
1.117072902e-06	1.195324337e-06	-6
1.127253155e-06	1.212309062e-06	-6
1.137433407e-06	1.229293787e-06	-6
1.147613659e-06	1.246278512e-06	-6
1.157793912e-06	1.263263237e-06	-6
1.167974164e-06	1.280247962e-06	-6
1.178154416e-06	1.297232687e-06	-6
1.188334669e-06	1.314217412e-06	-6
1.198514921e-06	1.331202137e-06	-6
1.208695173e-06	1.348186861e-06	-6
1.218875426e-06	1.365171586e-06	-6
1.229055678e-06	1.382156311e-06	-6
1.23923593e-06	1.399141036e-06	-6
1.249416183e-06	1.416125761e-06	-6
1.259596435e-06	1.433110486e-06	-6
1.269776688e-06	1.450095211e-06	-6
1.27995694e-06	1.467079936e-06	-6
1.290137192e-06	1.484064661e-06	-6
1.300317445e-06	1.501049386e-06	-6
1.310497697e-06	1.518034111e-06	-6
1.320677949e-06	1.535018836e-06	-6
1.330858202e-06	1.552003561e-06	-6
1.341038454e-06	1.568988286e-06	-6
1.351218706e-06	1.585973011e-06	-6
1.361398959e-06	1.602957736e-06	-6
1.371579211e-06	1.619942461e-06	-6
1.381759464e-06	1.636927186e-06	-6
1.391939716e-06	1.653911911e-06	-6
1.402119968e-06	1.670896636e-06	-6
1.412300221e-06	1.68788136e-06	-6
1.422480473e-06	1.704866085e-06	-6
1.432660725e-06	1.72185081e-06	-6
1.442840978e-06	1.738835535e-06	-6
1.45302123e-06	1.75582026e-06	-6
1.463201482e-06	1.772804985e-06	-6
1.473381735e-06	1.78978971e-06	-6
1.483561987e-06	1.806774435e-06	-6
1.493742239e-06	1.82375916e-06	-6
1.503922492e-06	1.840743885e-06	-6
1.514102744e-06	1.85772861e-06	-6
1.514102744e-06	1.85772861e-06	0
1.514102744e-06	1.85772861e-06	6
1.503820689e-06	1.840574038e-06	6
1.493538634e-06	1.823419466e-06	6
1.48325658e-06	1.806264893e-06	6
1.472974525e-06	1.789110321e-06	6
1.46269247e-06	1.771955749e-06	6
1.452410415e-06	1.754801177e-06	6
1.44212836e-06	1.737646605e-06	6
1.431846305e-06	1.720492032e-06	6
1.42156425e-06	1.70333746e-06	6
1.411282195e-06	1.686182888e-06	6
1.40100014e-06	1.669028316e-06	6
1.390718086e-06	1.651873744e-06	6
1.380436031e-06	1.634719171e-06	6
1.370153976e-06	1.617564599e-06	6
1.359871921e-06	1.600410027e-06	6
1.349589866e-06	1.583255455e-06	6
1.339307811e-06	1.566100883e-06	6
1.329025756e-06	1.54894631e-06	6
1.318743701e-06	1.531791738e-06	6
1.308461647e-06	1.514637166e-06	6
1.298179592e-06	1.497482594e-06	6
1.287897537e-06	1.480328022e-06	6
1.277615482e-06	1.463173449e-06	6
1.267333427e-06	1.446018877e-06	6
1.257051372e-06	1.428864305e-06	6
1.246769317e-06	1.411709733e-06	6
1.236487262e-06	1.394555161e-06	6
1.226205207e-06	1.377400588e-06	6
1.215923153e-06	1.360246016e-06	6
1.205641098e-06	1.343091444e-06	6
1.195359043e-06	1.325936872e-06	6
1.185076988e-06	1.3087823e-06	6
1.174794933e-06	1.291627727e-06	6
1.164512878e-06	1.274473155e-06	6
1.154230823e-06	1.257318583e-06	6
1.143948768e-06	1.240164011e-06	6
1.133666713e-06	1.223009439e-06	6
1.123384659e-06	1.205854866e-06	6
1.113102604e-06	1.188700294e-06	6
1.102820549e-06	1.171545722e-06	6
1.092538494e-06	1.15439115e-06	6
1.082256439e-06	1.137236578e-06	6
1.071974384e-06	1.120082005e-06	6
1.061692329e-06	1.102927433e-06	6
1.051410274e-06	1.085772861e-06	6
1.04112822e-06	1.068618289e-06	6
1.030846165e-06	1.051463717e-06	6
1.02056411e-06	1.034309144e-06	6
1.010282055e-06	1.017154572e-06	6
1e-06	1e-06	6
9.897179451e-07	9.828454278e-07	6
9.794358902e-07	9.656908556e-07	6
9.691538353e-07	9.485362834e-07	6
9.588717805e-07	9.313817112e-07	6
9.485897256e-07	9.14227139e-07	6
9.383076707e-07	8.970725668e-07	6
9.280256158e-07	8.799179946e-07	6
9.177435609e-07	8.627634224e-07	6
9.07461506e-07	8.456088502e-07	6
8.971794512e-07	8.28454278e-07	6
8.868973963e-07	8.112997058e-07	6
8.766153414e-07	7.941451336e-07	6
8.663332865e-07	7.769905614e-07	6
8.560512316e-07	7.598359892e-07	6
8.457691767e-07	7.42681417e-07	6
8.354871219e-07	7.255268448e-07	6
8.25205067e-07	7.083722726e-07	6
8.149230121e-07	6.912177004e-07	6
8.046409572e-07	6.740631282e-07	6
7.943589023e-07	6.56908556e-07	6
7.840768474e-07	6.397539838e-07	6
7.737947926e-07	6.225994116e-07	6
7.635127377e-07	6.054448394e-07	6
7.532306828e-07	5.882902672e-07	6
7.429486279e-07	5.71135695e-07	6
7.32666573e-07	5.539811228e-07	6
7.223845181e-07	5.368265506e-07	6
7.121024633e-07	5.196719784e-07	6
7.018204084e-07	5.025174062e-07	6
6.915383535e-07	4.85362834e-07	6
6.812562986e-07	4.682082618e-07	6
6.709742437e-07	4.510536896e-07	6
6.606921888e-07	4.338991174e-07	6
6.504101339e-07	4.167445452e-07	6
6.401280791e-07	3.99589973e-07	6
6.298460242e-07	3.824354008e-07	6
6.195639693e-07	3.652808286e-07	6
6.092819144e-07	3.481262564e-07	6
5.989998595e-07	3.309716842e-07	6
5.887178046e-07	3.13817112e-07	6
5.784357498e-07	2.966625398e-07	6
5.681536949e-07	2.795079676e-07	6
5.5787164e-07	2.623533954e-07	6
5.475895851e-07	2.451988232e-07	6
5.373075302e-07	2.28044251e-07	6
5.270254753e-07	2.108896788e-07	6
5.167434205e-07	1.937351066e-07	6
5.064613656e-07	1.765805344e-07	6
4.961793107e-07	1.594259622e-07	6
4.858972558e-07	1.4227139e-07	6
4.858972558e-07	1.4227139e-07	0
5.001325916e-07	1.342071719e-07	0
5.143679274e-07	1.261429538e-07	0
5.286032632e-07	1.180787357e-07	0
5.286032632e-07	1.180787357e-07	-6
5.37937852e-07	1.355425231e-07	-6
5.472724409e-07	1.530063105e-07	-6
5.566070297e-07	1.704700979e-07	-6
5.659416186e-07	1.879338853e-07	-6
5.752762074e-07	2.053976727e-07	-6
5.846107963e-07	2.228614601e-07	-6
5.939453851e-07	2.403252475e-07	-6
6.03279974e-07	2.57789035e-07	-6
6.126145628e-07	2.752528224e-07	-6
6.219491517e-07	2.927166098e-07	-6
6.312837405e-07	3.101803972e-07	-6
6.406183294e-07	3.276441846e-07	-6
6.499529182e-07	3.45107972e-07	-6
6.59287507e-07	3.625717594e-07	-6
6.686220959e-07	3.800355468e-07	-6
6.779566847e-07	3.974993343e-07	-6
6.872912736e-07	4.149631217e-07	-6
6.966258624e-07	4.324269091e-07	-6
7.059604513e-07	4.498906965e-07	-6
7.152950401e-07	4.673544839e-07	-6
7.24629629e-07	4.848182713e-07	-6
7.339642178e-07	5.022820587e-07	-6
7.432988067e-07	5.197458461e-07	-6
7.526333955e-07	5.372096336e-07	-6
7.619679844e-07	5.54673421e-07	-6
7.713025732e-07	5.721372084e-07	-6
7.806371621e-07	5.896009958e-07	-6
7.899717509e-07	6.070647832e-07	-6
7.993063398e-07	6.245285706e-07	-6
8.086409286e-07	6.41992358e-07	-6
8.179755175e-07	6.594561454e-07	-6
8.273101063e-07	6.769199329e-07	-6
8.366446952e-07	6.943837203e-07	-6
8.45979284e-07	7.118475077e-07	-6
8.553138729e-07	7.293112951e-07	-6
8.646484617e-07	7.467750825e-07	-6
8.739830506e-07	7.642388699e-07	-6
8.833176394e-07	7.817026573e-07	-6
8.926522282e-07	7.991664448e-07	-6
9.019868171e-07	8.166302322e-07	-6
9.113214059e-07	8.340940196e-07	-6
9.206559948e-07	8.51557807e-07	-6
9.299905836e-07	8.690215944e-07	-6
9.393251725e-07	8.864853818e-07	-6
9.486597613e-07	9.039491692e-07	-6
9.579943502e-07	9.214129566e-07	-6
9.67328939e-07	9.388767441e-07	-6
9.766635279e-07	9.563405315e-07	-6
9.859981167e-07	9.738043189e-07	-6
9.953327056e-07	9.912681063e-07	-6
1.004667294e-06	1.008731894e-06	-6
1.014001883e-06	1.026195681e-06	-6
1.023336472e-06	1.043659469e-06	-6
1.032671061e-06	1.061123256e-06	-6
1.04200565e-06	1.078587043e-06	-6
1.051340239e-06	1.096050831e-06	-6
1.060674828e-06	1.113514618e-06	-6
1.070009416e-06	1.130978406e-06	-6
1.079344005e-06	1.148442193e-06	-6
1.088678594e-06	1.16590598e-06	-6
1.098013183e-06	1.183369768e-06	-6
1.107347772e-06	1.200833555e-06	-6
1.116682361e-06	1.218297343e-06	-6
1.126016949e-06	1.23576113e-06	-6
1.135351538e-06	1.253224917e-06	-6
1.144686127e-06	1.270688705e-06	-6
1.154020716e-06	1.288152492e-06	-6
1.163355305e-06	1.30561628e-06	-6
1.172689894e-06	1.323080067e-06	-6
1.182024483e-06	1.340543855e-06	-6
1.191359071e-06	1.358007642e-06	-6
1.20069366e-06	1.375471429e-06	-6
1.210028249e-06	1.392935217e-06	-6
1.219362838e-06	1.410399004e-06	-6
1.228697427e-06	1.427862792e-06	-6
1.238032016e-06	1.445326579e-06	-6
1.247366604e-06	1.462790366e-06	-6
1.256701193e-06	1.480254154e-06	-6
1.266035782e-06	1.497717941e-06	-6
1.275370371e-06	1.515181729e-06	-6
1.28470496e-06	1.532645516e-06	-6
1.294039549e-06	1.550109304e-06	-6
1.303374138e-06	1.567573091e-06	-6
1.312708726e-06	1.585036878e-06	-6
1.322043315e-06	1.602500666e-06	-6
1.331377904e-06	1.619964453e-06	-6
1.340712493e-06	1.637428241e-06	-6
1.350047082e-06	1.654892028e-06	-6
1.359381671e-06	1.672355815e-06	-6
1.368716259e-06	1.689819603e-06	-6
1.378050848e-06	1.70728339e-06	-6
1.387385437e-06	1.724747178e-06	-6
1.396720026e-06	1.742210965e-06	-6
1.406054615e-06	1.759674752e-06	-6
1.415389204e-06	1.77713854e-06	-6
1.424723793e-06	1.794602327e-06	-6
1.434058381e-06	1.812066115e-06	-6
1.44339297e-06	1.829529902e-06	-6
1.452727559e-06	1.84699369e-06	-6
1.462062148e-06	1.864457477e-06	-6
1.471396737e-06	1.881921264e-06	-6
1.471396737e-06	1.881921264e-06	0
1.471396737e-06	1.881921264e-06	6
1.461968802e-06	1.864282839e-06	6
1.452540867e-06	1.846644414e-06	6
1.443112933e-06	1.829005988e-06	6
1.433684998e-06	1.811367563e-06	6
1.424257063e-06	1.793729138e-06	6
1.414829128e-06	1.776090713e-06	6
1.405401194e-06	1.758452287e-06	6
1.395973259e-06	1.740813862e-06	6
1.386545324e-06	1.723175437e-06	6
1.377117389e-06	1.705537011e-06	6
1.367689455e-06	1.687898586e-06	6
1.35826152e-06	1.670260161e-06	6
1.348833585e-06	1.652621736e-06	6
1.339405651e-06	1.63498331e-06	6
1.329977716e-06	1.617344885e-06	6
1.320549781e-06	1.59970646e-06	6
1.311121846e-06	1.582068034e-06	6
1.301693912e-06	1.564429609e-06	6
1.292265977e-06	1.546791184e-06	6
1.282838042e-06	1.529152759e-06	6
1.273410107e-06	1.511514333e-06	6
1.263982173e-06	1.493875908e-06	6
1.254554238e-06	1.476237483e-06	6
1.245126303e-06	1.458599057e-06	6
1.235698368e-06	1.440960632e-06	6
1.226270434e-06	1.423322207e-06	6
1.216842499e-06	1.405683782e-06	6
1.207414564e-06	1.388045356e-06	6
1.197986629e-06	1.370406931e-06	6
1.188558695e-06	1.352768506e-06	6
1.17913076e-06	1.33513008e-06	6
1.169702825e-06	1.317491655e-06	6
1.160274891e-06	1.29985323e-06	6
1.150846956e-06	1.282214805e-06	6
1.141419021e-06	1.264576379e-06	6
1.131991086e-06	1.246937954e-06	6
1.122563152e-06	1.229299529e-06	6
1.113135217e-06	1.211661103e-06	6
1.103707282e-06	1.194022678e-06	6
1.094279347e-06	1.176384253e-06	6
1.084851413e-06	1.158745828e-06	6
1.075423478e-06	1.141107402e-06	6
1.065995543e-06	1.123468977e-06	6
1.056567608e-06	1.105830552e-06	6
1.047139674e-06	1.088192126e-06	6
1.037711739e-06	1.070553701e-06	6
1.028283804e-06	1.052915276e-06	6
1.018855869e-06	1.035276851e-06	6
1.009427935e-06	1.017638425e-06	6
1e-06	1e-06	6
9.905720653e-07	9.823615747e-07	6
9.811441305e-07	9.647231494e-07	6
9.717161958e-07	9.470847241e-07	6
9.622882611e-07	9.294462989e-07	6
9.528603263e-07	9.118078736e-07	6
9.434323916e-07	8.941694483e-07	6
9.340044568e-07	8.76531023e-07	6
9.245765221e-07	8.588925977e-07	6
9.151485874e-07	8.412541724e-07	6
9.057206526e-07	8.236157471e-07	6
8.962927179e-07	8.059773218e-07	6
8.868647832e-07	7.883388966e-07	6
8.774368484e-07	7.707004713e-07	6
8.680089137e-07	7.53062046e-07	6
8.58580979e-07	7.354236207e-07	6
8.491530442e-07	7.177851954e-07	6
8.397251095e-07	7.001467701e-07	6
8.302971747e-07	6.825083448e-07	6
8.2086924e-07	6.648699195e-07	6
8.114413053e-07	6.472314943e-07	6
8.020133705e-07	6.29593069e-07	6
7.925854358e-07	6.119546437e-07	6
7.831575011e-07	5.943162184e-07	6
7.737295663e-07	5.766777931e-07	6
7.643016316e-07	5.590393678e-07	6
7.548736969e-07	5.414009425e-07	6
7.454457621e-07	5.237625173e-07	6
7.360178274e-07	5.06124092e-07	6
7.265898926e-07	4.884856667e-07	6
7.171619579e-07	4.708472414e-07	6
7.077340232e-07	4.532088161e-07	6
6.983060884e-07	4.355703908e-07	6
6.888781537e-07	4.179319655e-07	6
6.79450219e-07	4.002935402e-07	6
6.700222842e-07	3.82655115e-07	6
6.605943495e-07	3.650166897e-07	6
6.511664147e-07	3.473782644e-07	6
6.4173848e-07	3.297398391e-07	6
6.323105453e-07	3.121014138e-07	6
6.228826105e-07	2.944629885e-07	6
6.134546758e-07	2.768245632e-07	6
6.040267411e-07	2.591861379e-07	6
5.945988063e-07	2.415477127e-07	6
5.851708716e-07	2.239092874e-07	6
5.757429369e-07	2.062708621e-07	6
5.663150021e-07	1.886324368e-07	6
5.568870674e-07	1.709940115e-07	6
5.474591326e-07	1.533555862e-07	6
5.380311979e-07	1.357171609e-07	6
5.286032632e-07	1.180787357e-07	6
5.286032632e-07	1.180787357e-07	0
5.432171443e-07	1.107227261e-07	0
5.578310254e-07	1.033667165e-07	0
5.724449066e-07	9.601070688e-08	0
5.724449066e-07	9.601070688e-08	-6
5.809113441e-07	1.13911485e-07	-6
5.893777816e-07	1.31812263e-07	-6
5.978442191e-07	1.497130411e-07	-6
6.063106565e-07	1.676138192e-07	-6
6.14777094e-07	1.855145973e-07	-6
6.232435315e-07	2.034153754e-07	-6
6.31709969e-07	2.213161534e-07	-6
6.401764065e-07	2.392169315e-07	-6
6.48642844e-07	2.571177096e-07	-6
6.571092815e-07	2.750184877e-07	-6
6.65575719e-07	2.929192658e-07	-6
6.740421565e-07	3.108200439e-07	-6
6.82508594e-07	3.287208219e-07	-6
6.909750315e-07	3.466216e-07	-6
6.99441469e-07	3.645223781e-07	-6
7.079079065e-07	3.824231562e-07	-6
7.16374344e-07	4.003239343e-07	-6
7.248407815e-07	4.182247123e-07	-6
7.333072189e-07	4.361254904e-07	-6
7.417736564e-07	4.540262685e-07	-6
7.502400939e-07	4.719270466e-07	-6
7.587065314e-07	4.898278247e-07	-6
7.671729689e-07	5.077286028e-07	-6
7.756394064e-07	5.256293808e-07	-6
7.841058439e-07	5.435301589e-07	-6
7.925722814e-07	5.61430937e-07	-6
8.010387189e-07	5.793317151e-07	-6
8.095051564e-07	5.972324932e-07	-6
8.179715939e-07	6.151332712e-07	-6
8.264380314e-07	6.330340493e-07	-6
8.349044689e-07	6.509348274e-07	-6
8.433709064e-07	6.688356055e-07	-6
8.518373439e-07	6.867363836e-07	-6
8.603037814e-07	7.046371617e-07	-6
8.687702188e-07	7.225379397e-07	-6
8.772366563e-07	7.404387178e-07	-6
8.857030938e-07	7.583394959e-07	-6
8.941695313e-07	7.76240274e-07	-6
9.026359688e-07	7.941410521e-07	-6
9.111024063e-07	8.120418301e-07	-6
9.195688438e-07	8.299426082e-07	-6
9.280352813e-07	8.478433863e-07	-6
9.365017188e-07	8.657441644e-07	-6
9.449681563e-07	8.836449425e-07	-6
9.534345938e-07	9.015457206e-07	-6
9.619010313e-07	9.194464986e-07	-6
9.703674688e-07	9.373472767e-07	-6
9.788339063e-07	9.552480548e-07	-6
9.873003438e-07	9.731488329e-07	-6
9.957667813e-07	9.91049611e-07	-6
1.004233219e-06	1.008950389e-06	-6
1.012699656e-06	1.026851167e-06	-6
1.021166094e-06	1.044751945e-06	-6
1.029632531e-06	1.062652723e-06	-6
1.038098969e-06	1.080553501e-06	-6
1.046565406e-06	1.098454279e-06	-6
1.055031844e-06	1.116355058e-06	-6
1.063498281e-06	1.134255836e-06	-6
1.071964719e-06	1.152156614e-06	-6
1.080431156e-06	1.170057392e-06	-6
1.088897594e-06	1.18795817e-06	-6
1.097364031e-06	1.205858948e-06	-6
1.105830469e-06	1.223759726e-06	-6
1.114296906e-06	1.241660504e-06	-6
1.122763344e-06	1.259561282e-06	-6
1.131229781e-06	1.27746206e-06	-6
1.139696219e-06	1.295362838e-06	-6
1.148162656e-06	1.313263616e-06	-6
1.156629094e-06	1.331164395e-06	-6
1.165095531e-06	1.349065173e-06	-6
1.173561969e-06	1.366965951e-06	-6
1.182028406e-06	1.384866729e-06	-6
1.190494844e-06	1.402767507e-06	-6
1.198961281e-06	1.420668285e-06	-6
1.207427719e-06	1.438569063e-06	-6
1.215894156e-06	1.456469841e-06	-6
1.224360594e-06	1.474370619e-06	-6
1.232827031e-06	1.492271397e-06	-6
1.241293469e-06	1.510172175e-06	-6
1.249759906e-06	1.528072953e-06	-6
1.258226344e-06	1.545973731e-06	-6
1.266692781e-06	1.56387451e-06	-6
1.275159219e-06	1.581775288e-06	-6
1.283625656e-06	1.599676066e-06	-6
1.292092094e-06	1.617576844e-06	-6
1.300558531e-06	1.635477622e-06	-6
1.309024969e-06	1.6533784e-06	-6
1.317491406e-06	1.671279178e-06	-6
1.325957844e-06	1.689179956e-06	-6
1.334424281e-06	1.707080734e-06	-6
1.342890718e-06	1.724981512e-06	-6
1.351357156e-06	1.74288229e-06	-6
1.359823593e-06	1.760783068e-06	-6
1.368290031e-06	1.778683847e-06	-6
1.376756468e-06	1.796584625e-06	-6
1.385222906e-06	1.814485403e-06	-6
1.393689343e-06	1.832386181e-06	-6
1.402155781e-06	1.850286959e-06	-6
1.410622218e-06	1.868187737e-06	-6
1.419088656e-06	1.886088515e-06	-6
1.427555093e-06	1.903989293e-06	-6
1.427555093e-06	1.903989293e-06	0
1.427555093e-06	1.903989293e-06	6
1.419088656e-06	1.886088515e-06	6
1.410622218e-06	1.868187737e-06	6
1.402155781e-06	1.850286959e-06	6
1.393689343e-06	1.832386181e-06	6
1.385222906e-06	1.814485403e-06	6
1.376756468e-06	1.796584625e-06	6
1.368290031e-06	1.778683847e-06	6
1.359823593e-06	1.760783068e-06	6
1.351357156e-06	1.74288229e-06	6
1.342890718e-06	1.724981512e-06	6
1.334424281e-06	1.707080734e-06	6
1.325957844e-06	1.689179956e-06	6
1.317491406e-06	1.671279178e-06	6
1.309024969e-06	1.6533784e-06	6
1.300558531e-06	1.635477622e-06	6
1.292092094e-06	1.617576844e-06	6
1.283625656e-06	1.599676066e-06	6
1.275159219e-06	1.581775288e-06	6
1.266692781e-06	1.56387451e-06	6
1.258226344e-06	1.545973731e-06	6
1.249759906e-06	1.528072953e-06	6
1.241293469e-06	1.510172175e-06	6
1.232827031e-06	1.492271397e-06	6
1.224360594e-06	1.474370619e-06	6
1.215894156e-06	1.456469841e-06	6
1.207427719e-06	1.438569063e-06	6
1.198961281e-06	1.420668285e-06	6
1.190494844e-06	1.402767507e-06	6
1.182028406e-06	1.384866729e-06	6
1.173561969e-06	1.366965951e-06	6
1.165095531e-06	1.349065173e-06	6
1.156629094e-06	1.331164395e-06	6
1.148162656e-06	1.313263616e-06	6
1.139696219e-06	1.295362838e-06	6
1.131229781e-06	1.27746206e-06	6
1.122763344e-06	1.259561282e-06	6
1.114296906e-06	1.241660504e-06	6
1.105830469e-06	1.223759726e-06	6
1.097364031e-06	1.205858948e-06	6
1.088897594e-06	1.18795817e-06	6
1.080431156e-06	1.170057392e-06	6
1.071964719e-06	1.152156614e-06	6
1.063498281e-06	1.134255836e-06	6
1.055031844e-06	1.116355058e-06	6
1.046565406e-06	1.098454279e-06	6
1.038098969e-06	1.080553501e-06	6
1.029632531e-06	1.062652723e-06	6
1.021166094e-06	1.044751945e-06	6
1.012699656e-06	1.026851167e-06	6
1.004233219e-06	1.008950389e-06	6
9.957667813e-07	9.91049611e-07	6
9.873003438e-07	9.731488329e-07	6
9.788339063e-07	9.552480548e-07	6
9.703674688e-07	9.373472767e-07	6
9.619010313e-07	9.194464986e-07	6
9.534345938e-07	9.015457206e-07	6
9.449681563e-07	8.836449425e-07	6
9.365017188e-07	8.657441644e-07	6
9.280352813e-07	8.478433863e-07	6
9.195688438e-07	8.299426082e-07	6
9.111024063e-07	8.120418301e-07	6
9.026359688e-07	7.941410521e-07	6
8.941695313e-07	7.76240274e-07	6
8.857030938e-07	7.583394959e-07	6
8.772366563e-07	7.404387178e-07	6
8.687702188e-07	7.225379397e-07	6
8.603037814e-07	7.046371617e-07	6
8.518373439e-07	6.867363836e-07	6
8.433709064e-07	6.688356055e-07	6
8.349044689e-07	6.509348274e-07	6
8.264380314e-07	6.330340493e-07	6
8.179715939e-07	6.151332712e-07	6
8.095051564e-07	5.972324932e-07	6
8.010387189e-07	5.793317151e-07	6
7.925722814e-07	5.61430937e-07	6
7.841058439e-07	5.435301589e-07	6
7.756394064e-07	5.256293808e-07	6
7.671729689e-07	5.077286028e-07	6
7.587065314e-07	4.898278247e-07	6
7.502400939e-07	4.719270466e-07	6
7.417736564e-07	4.540262685e-07	6
7.333072189e-07	4.361254904e-07	6
7.248407815e-07	4.182247123e-07	6
7.16374344e-07	4.003239343e-07	6
7.079079065e-07	3.824231562e-07	6
6.99441469e-07	3.645223781e-07	6
6.909750315e-07	3.466216e-07	6
6.82508594e-07	3.287208219e-07	6
6.740421565e-07	3.108200439e-07	6
6.65575719e-07	2.929192658e-07	6
6.571092815e-07	2.750184877e-07	6
6.48642844e-07	2.571177096e-07	6
6.401764065e-07	2.392169315e-07	6
6.31709969e-07	2.213161534e-07	6
6.232435315e-07	2.034153754e-07	6
6.14777094e-07	1.855145973e-07	6
6.063106565e-07	1.676138192e-07	6
5.978442191e-07	1.497130411e-07	6
5.893777816e-07	1.31812263e-07	6
5.809113441e-07	1.13911485e-07	6
5.724449066e-07	9.601070688e-08	6
5.724449066e-07	9.601070688e-08	0
5.874021269e-07	8.938062708e-08	0
6.023593473e-07	8.275054728e-08	0
6.173165676e-07	7.612046749e-08	0
6.173165676e-07	7.612046749e-08	-6
6.249702363e-07	9.459805814e-08	-6
6.326239049e-07	1.130756488e-07	-6
6.402775736e-07	1.315532394e-07	-6
6.479312422e-07	1.500308301e-07	-6
6.555849109e-07	1.685084207e-07	-6
6.632385795e-07	1.869860114e-07	-6
6.708922482e-07	2.05463602e-07	-6
6.785459168e-07	2.239411927e-07	-6
6.861995855e-07	2.424187833e-07	-6
6.938532541e-07	2.60896374e-07	-6
7.015069228e-07	2.793739646e-07	-6
7.091605914e-07	2.978515553e-07	-6
7.1681426e-07	3.163291459e-07	-6
7.244679287e-07	3.348067366e-07	-6
7.321215973e-07	3.532843272e-07	-6
7.39775266e-07	3.717619179e-07	-6
7.474289346e-07	3.902395085e-07	-6
7.550826033e-07	4.087170992e-07	-6
7.627362719e-07	4.271946898e-07	-6
7.703899406e-07	4.456722805e-07	-6
7.780436092e-07	4.641498711e-07	-6
7.856972779e-07	4.826274618e-07	-6
7.933509465e-07	5.011050524e-07	-6
8.010046152e-07	5.195826431e-07	-6
8.086582838e-07	5.380602337e-07	-6
8.163119525e-07	5.565378244e-07	-6
8.239656211e-07	5.75015415e-07	-6
8.316192898e-07	5.934930057e-07	-6
8.392729584e-07	6.119705963e-07	-6
8.469266271e-07	6.30448187e-07	-6
8.545802957e-07	6.489257776e-07	-6
8.622339643e-07	6.674033683e-07	-6
8.69887633e-07	6.858809589e-07	-6
8.775413016e-07	7.043585496e-07	-6
8.851949703e-07	7.228361402e-07	-6
8.928486389e-07	7.413137309e-07	-6
9.005023076e-07	7.597913215e-07	-6
9.081559762e-07	7.782689122e-07	-6
9.158096449e-07	7.967465028e-07	-6
9.234633135e-07	8.152240935e-07	-6
9.311169822e-07	8.337016841e-07	-6
9.387706508e-07	8.521792748e-07	-6
9.464243195e-07	8.706568654e-07	-6
9.540779881e-07	8.891344561e-07	-6
9.617316568e-07	9.076120467e-07	-6
9.693853254e-07	9.260896374e-07	-6
9.770389941e-07	9.44567228e-07	-6
9.846926627e-07	9.630448187e-07	-6
9.923463314e-07	9.815224093e-07	-6
1e-06	1e-06	-6
1.007653669e-06	1.018477591e-06	-6
1.015307337e-06	1.036955181e-06	-6
1.022961006e-06	1.055432772e-06	-6
1.030614675e-06	1.073910363e-06	-6
1.038268343e-06	1.092387953e-06	-6
1.045922012e-06	1.110865544e-06	-6
1.053575681e-06	1.129343135e-06	-6
1.061229349e-06	1.147820725e-06	-6
1.068883018e-06	1.166298316e-06	-6
1.076536686e-06	1.184775907e-06	-6
1.084190355e-06	1.203253497e-06	-6
1.091844024e-06	1.221731088e-06	-6
1.099497692e-06	1.240208678e-06	-6
1.107151361e-06	1.258686269e-06	-6
1.11480503e-06	1.27716386e-06	-6
1.122458698e-06	1.29564145e-06	-6
1.130112367e-06	1.314119041e-06	-6
1.137766036e-06	1.332596632e-06	-6
1.145419704e-06	1.351074222e-06	-6
1.153073373e-06	1.369551813e-06	-6
1.160727042e-06	1.388029404e-06	-6
1.16838071e-06	1.406506994e-06	-6
1.176034379e-06	1.424984585e-06	-6
1.183688048e-06	1.443462176e-06	-6
1.191341716e-06	1.461939766e-06	-6
1.198995385e-06	1.480417357e-06	-6
1.206649053e-06	1.498894948e-06	-6
1.214302722e-06	1.517372538e-06	-6
1.221956391e-06	1.535850129e-06	-6
1.229610059e-06	1.55432772e-06	-6
1.237263728e-06	1.57280531e-06	-6
1.244917397e-06	1.591282901e-06	-6
1.252571065e-06	1.609760491e-06	-6
1.260224734e-06	1.628238082e-06	-6
1.267878403e-06	1.646715673e-06	-6
1.275532071e-06	1.665193263e-06	-6
1.28318574e-06	1.683670854e-06	-6
1.290839409e-06	1.702148445e-06	-6
1.298493077e-06	1.720626035e-06	-6
1.306146746e-06	1.739103626e-06	-6
1.313800415e-06	1.757581217e-06	-6
1.321454083e-06	1.776058807e-06	-6
1.329107752e-06	1.794536398e-06	-6
1.33676142e-06	1.813013989e-06	-6
1.344415089e-06	1.831491579e-06	-6
1.352068758e-06	1.84996917e-06	-6
1.359722426e-06	1.868446761e-06	-6
1.367376095e-06	1.886924351e-06	-6
1.375029764e-06	1.905401942e-06	-6
1.382683432e-06	1.923879533e-06	-6
1.382683432e-06	1.923879533e-06	0
1.382683432e-06	1.923879533e-06	6
1.375029764e-06	1.905401942e-06	6
1.367376095e-06	1.886924351e-06	6
1.359722426e-06	1.868446761e-06	6
1.352068758e-06	1.84996917e-06	6
1.344415089e-06	1.831491579e-06	6
1.33676142e-06	1.813013989e-06	6
1.329107752e-06	1.794536398e-06	6
1.321454083e-06	1.776058807e-06	6
1.313800415e-06	1.757581217e-06	6
1.306146746e-06	1.739103626e-06	6
1.298493077e-06	1.720626035e-06	6
1.290839409e-06	1.702148445e-06	6
1.28318574e-06	1.683670854e-06	6
1.275532071e-06	1.665193263e-06	6
1.267878403e-06	1.646715673e-06	6
1.260224734e-06	1.628238082e-06	6
1.252571065e-06	1.609760491e-06	6
1.244917397e-06	1.591282901e-06	6
1.237263728e-06	1.57280531e-06	6
1.229610059e-06	1.55432772e-06	6
1.221956391e-06	1.535850129e-06	6
1.214302722e-06	1.517372538e-06	6
1.206649053e-06	1.498894948e-06	6
1.198995385e-06	1.480417357e-06	6
1.191341716e-06	1.461939766e-06	6
1.183688048e-06	1.443462176e-06	6
1.176034379e-06	1.424984585e-06	6
1.16838071e-06	1.406506994e-06	6
1.160727042e-06	1.388029404e-06	6
1.153073373e-06	1.369551813e-06	6
1.145419704e-06	1.351074222e-06	6
1.137766036e-06	1.332596632e-06	6
1.130112367e-06	1.314119041e-06	6
1.122458698e-06	1.29564145e-06	6
1.11480503e-06	1.27716386e-06	6
1.107151361e-06	1.258686269e-06	6
1.099497692e-06	1.240208678e-06	6
1.091844024e-06	1.221731088e-06	6
1.084190355e-06	1.203253497e-06	6
1.076536686e-06	1.184775907e-06	6
1.068883018e-06	1.166298316e-06	6
1.061229349e-06	1.147820725e-06	6
1.053575681e-06	1.129343135e-06	6
1.045922012e-06	1.110865544e-06	6
1.038268343e-06	1.092387953e-06	6
1.030614675e-06	1.073910363e-06	6
1.022961006e-06	1.055432772e-06	6
1.015307337e-06	1.036955181e-06	6
1.007653669e-06	1.018477591e-06	6
1e-06	1e-06	6
9.923463314e-07	9.815224093e-07	6
9.846926627e-07	9.630448187e-07	6
9.770389941e-07	9.44567228e-07	6
9.693853254e-07	9.260896374e-07	6
9.617316568e-07	9.076120467e-07	6
9.540779881e-07	8.891344561e-07	6
9.464243195e-07	8.706568654e-07	6
9.387706508e-07	8.521792748e-07	6
9.311169822e-07	8.337016841e-07	6
9.234633135e-07	8.152240935e-07	6
9.158096449e-07	7.967465028e-07	6
9.081559762e-07	7.782689122e-07	6
9.005023076e-07	7.597913215e-07	6
8.928486389e-07	7.413137309e-07	6
8.851949703e-07	7.228361402e-07	6
8.775413016e-07	7.043585496e-07	6
8.69887633e-07	6.858809589e-07	6
8.622339643e-07	6.674033683e-07	6
8.545802957e-07	6.489257776e-07	6
8.469266271e-07	6.30448187e-07	6
8.392729584e-07	6.119705963e-07	6
8.316192898e-07	5.934930057e-07	6
8.239656211e-07	5.75015415e-07	6
8.163119525e-07	5.565378244e-07	6
8.086582838e-07	5.380602337e-07	6
8.010046152e-07	5.195826431e-07	6
7.933509465e-07	5.011050524e-07	6
7.856972779e-07	4.826274618e-07	6
7.780436092e-07	4.641498711e-07	6
7.703899406e-07	4.456722805e-07	6
7.627362719e-07	4.271946898e-07	6
7.550826033e-07	4.087170992e-07	6
7.474289346e-07	3.902395085e-07	6
7.39775266e-07	3.717619179e-07	6
7.321215973e-07	3.532843272e-07	6
7.244679287e-07	3.348067366e-07	6
7.1681426e-07	3.163291459e-07	6
7.091605914e-07	2.978515553e-07	6
7.015069228e-07	2.793739646e-07	6
6.938532541e-07	2.60896374e-07	6
6.861995855e-07	2.424187833e-07	6
6.785459168e-07	2.239411927e-07	6
6.708922482e-07	2.05463602e-07	6
6.632385795e-07	1.869860114e-07	6
6.555849109e-07	1.685084207e-07	6
6.479312422e-07	1.500308301e-07	6
6.402775736e-07	1.315532394e-07	6
6.326239049e-07	1.130756488e-07	6
6.249702363e-07	9.459805814e-08	6
6.173165676e-07	7.612046749e-08	6
6.173165676e-07	7.612046749e-08	0
6.32581094e-07	7.023228993e-08	0
6.478456203e-07	6.434411237e-08	0
6.631101466e-07	5.845593482e-08	0
6.631101466e-07	5.845593482e-08	-6
6.698479437e-07	7.728681612e-08	-6
6.765857407e-07	9.611769742e-08	-6
6.833235378e-07	1.149485787e-07	-6
6.900613349e-07	1.3377946e-07	-6
6.967991319e-07	1.526103413e-07	-6
7.03536929e-07	1.714412226e-07	-6
7.102747261e-07	1.902721039e-07	-6
7.170125232e-07	2.091029852e-07	-6
7.237503202e-07	2.279338665e-07	-6
7.304881173e-07	2.467647479e-07	-6
7.372259144e-07	2.655956292e-07	-6
7.439637114e-07	2.844265105e-07	-6
7.507015085e-07	3.032573918e-07	-6
7.574393056e-07	3.220882731e-07	-6
7.641771026e-07	3.409191544e-07	-6
7.709148997e-07	3.597500357e-07	-6
7.776526968e-07	3.78580917e-07	-6
7.843904938e-07	3.974117983e-07	-6
7.911282909e-07	4.162426796e-07	-6
7.97866088e-07	4.350735609e-07	-6
8.04603885e-07	4.539044422e-07	-6
8.113416821e-07	4.727353235e-07	-6
8.180794792e-07	4.915662048e-07	-6
8.248172762e-07	5.103970861e-07	-6
8.315550733e-07	5.292279674e-07	-6
8.382928704e-07	5.480588487e-07	-6
8.450306674e-07	5.6688973e-07	-6
8.517684645e-07	5.857206113e-07	-6
8.585062616e-07	6.045514926e-07	-6
8.652440586e-07	6.233823739e-07	-6
8.719818557e-07	6.422132552e-07	-6
8.787196528e-07	6.610441365e-07	-6
8.854574498e-07	6.798750178e-07	-6
8.921952469e-07	6.987058991e-07	-6
8.98933044e-07	7.175367804e-07	-6
9.056708411e-07	7.363676617e-07	-6
9.124086381e-07	7.551985431e-07	-6
9.191464352e-07	7.740294244e-07	-6
9.258842323e-07	7.928603057e-07	-6
9.326220293e-07	8.11691187e-07	-6
9.393598264e-07	8.305220683e-07	-6
9.460976235e-07	8.493529496e-07	-6
9.528354205e-07	8.681838309e-07	-6
9.595732176e-07	8.870147122e-07	-6
9.663110147e-07	9.058455935e-07	-6
9.730488117e-07	9.246764748e-07	-6
9.797866088e-07	9.435073561e-07	-6
9.865244059e-07	9.623382374e-07	-6
9.932622029e-07	9.811691187e-07	-6
1e-06	1e-06	-6
1.006737797e-06	1.018830881e-06	-6
1.013475594e-06	1.037661763e-06	-6
1.020213391e-06	1.056492644e-06	-6
1.026951188e-06	1.075323525e-06	-6
1.033688985e-06	1.094154407e-06	-6
1.040426782e-06	1.112985288e-06	-6
1.047164579e-06	1.131816169e-06	-6
1.053902377e-06	1.15064705e-06	-6
1.060640174e-06	1.169477932e-06	-6
1.067377971e-06	1.188308813e-06	-6
1.074115768e-06	1.207139694e-06	-6
1.080853565e-06	1.225970576e-06	-6
1.087591362e-06	1.244801457e-06	-6
1.094329159e-06	1.263632338e-06	-6
1.101066956e-06	1.28246322e-06	-6
1.107804753e-06	1.301294101e-06	-6
1.11454255e-06	1.320124982e-06	-6
1.121280347e-06	1.338955863e-06	-6
1.128018144e-06	1.357786745e-06	-6
1.134755941e-06	1.376617626e-06	-6
1.141493738e-06	1.395448507e-06	-6
1.148231535e-06	1.414279389e-06	-6
1.154969333e-06	1.43311027e-06	-6
1.16170713e-06	1.451941151e-06	-6
1.168444927e-06	1.470772033e-06	-6
1.175182724e-06	1.489602914e-06	-6
1.181920521e-06	1.508433795e-06	-6
1.188658318e-06	1.527264677e-06	-6
1.195396115e-06	1.546095558e-06	-6
1.202133912e-06	1.564926439e-06	-6
1.208871709e-06	1.58375732e-06	-6
1.215609506e-06	1.602588202e-06	-6
1.222347303e-06	1.621419083e-06	-6
1.2290851e-06	1.640249964e-06	-6
1.235822897e-06	1.659080846e-06	-6
1.242560694e-06	1.677911727e-06	-6
1.249298492e-06	1.696742608e-06	-6
1.256036289e-06	1.71557349e-06	-6
1.262774086e-06	1.734404371e-06	-6
1.269511883e-06	1.753235252e-06	-6
1.27624968e-06	1.772066133e-06	-6
1.282987477e-06	1.790897015e-06	-6
1.289725274e-06	1.809727896e-06	-6
1.296463071e-06	1.828558777e-06	-6
1.303200868e-06	1.847389659e-06	-6
1.309938665e-06	1.86622054e-06	-6
1.316676462e-06	1.885051421e-06	-6
1.323414259e-06	1.903882303e-06	-6
1.330152056e-06	1.922713184e-06	-6
1.336889853e-06	1.941544065e-06	-6
1.336889853e-06	1.941544065e-06	0
1.336889853e-06	1.941544065e-06	6
1.330152056e-06	1.922713184e-06	6
1.323414259e-06	1.903882303e-06	6
1.316676462e-06	1.885051421e-06	6
1.309938665e-06	1.86622054e-06	6
1.303200868e-06	1.847389659e-06	6
1.296463071e-06	1.828558777e-06	6
1.289725274e-06	1.809727896e-06	6
1.282987477e-06	1.790897015e-06	6
1.27624968e-06	1.772066133e-06	6
1.269511883e-06	1.753235252e-06	6
1.262774086e-06	1.734404371e-06	6
1.256036289e-06	1.71557349e-06	6
1.249298492e-06	1.696742608e-06	6
1.242560694e-06	1.677911727e-06	6
1.235822897e-06	1.659080846e-06	6
1.2290851e-06	1.640249964e-06	6
1.222347303e-06	1.621419083e-06	6
1.215609506e-06	1.602588202e-06	6
1.208871709e-06	1.58375732e-06	6
1.202133912e-06	1.564926439e-06	6
1.195396115e-06	1.546095558e-06	6
1.188658318e-06	1.527264677e-06	6
1.181920521e-06	1.508433795e-06	6
1.175182724e-06	1.489602914e-06	6
1.168444927e-06	1.470772033e-06	6
1.16170713e-06	1.451941151e-06	6
1.154969333e-06	1.43311027e-06	6
1.148231535e-06	1.414279389e-06	6
1.141493738e-06	1.395448507e-06	6
1.134755941e-06	1.376617626e-06	6
1.128018144e-06	1.357786745e-06	6
1.121280347e-06	1.338955863e-06	6
1.11454255e-06	1.320124982e-06	6
1.107804753e-06	1.301294101e-06	6
1.101066956e-06	1.28246322e-06	6
1.094329159e-06	1.263632338e-06	6
1.087591362e-06	1.244801457e-06	6
1.080853565e-06	1.225970576e-06	6
1.074115768e-06	1.207139694e-06	6
1.067377971e-06	1.188308813e-06	6
1.060640174e-06	1.169477932e-06	6
1.053902377e-06	1.15064705e-06	6
1.047164579e-06	1.131816169e-06	6
1.040426782e-06	1.112985288e-06	6
1.033688985e-06	1.094154407e-06	6
1.026951188e-06	1.075323525e-06	6
1.020213391e-06	1.056492644e-06	6
1.013475594e-06	1.037661763e-06	6
1.006737797e-06	1.018830881e-06	6
1e-06	1e-06	6
9.932622029e-07	9.811691187e-07	6
9.865244059e-07	9.623382374e-07	6
9.797866088e-07	9.435073561e-07	6
9.730488117e-07	9.246764748e-07	6
9.663110147e-07	9.058455935e-07	6
9.595732176e-07	8.870147122e-07	6
9.528354205e-07	8.681838309e-07	6
9.460976235e-07	8.493529496e-07	6
9.393598264e-07	8.305220683e-07	6
9.326220293e-07	8.11691187e-07	6
9.258842323e-07	7.928603057e-07	6
9.191464352e-07	7.740294244e-07	6
9.124086381e-07	7.551985431e-07	6
9.056708411e-07	7.363676617e-07	6
8.98933044e-07	7.175367804e-07	6
8.921952469e-07	6.987058991e-07	6
8.854574498e-07	6.798750178e-07	6
8.787196528e-07	6.610441365e-07	6
8.719818557e-07	6.422132552e-07	6
8.652440586e-07	6.233823739e-07	6
8.585062616e-07	6.045514926e-07	6
8.517684645e-07	5.857206113e-07	6
8.450306674e-07	5.6688973e-07	6
8.382928704e-07	5.480588487e-07	6
8.315550733e-07	5.292279674e-07	6
8.248172762e-07	5.103970861e-07	6
8.180794792e-07	4.915662048e-07	6
8.113416821e-07	4.727353235e-07	6
8.04603885e-07	4.539044422e-07	6
7.97866088e-07	4.350735609e-07	6
7.911282909e-07	4.162426796e-07	6
7.843904938e-07	3.974117983e-07	6
7.776526968e-07	3.78580917e-07	6
7.709148997e-07	3.597500357e-07	6
7.641771026e-07	3.409191544e-07	6
7.574393056e-07	3.220882731e-07	6
7.507015085e-07	3.032573918e-07	6
7.439637114e-07	2.844265105e-07	6
7.372259144e-07	2.655956292e-07	6
7.304881173e-07	2.467647479e-07	6
7.237503202e-07	2.279338665e-07	6
7.170125232e-07	2.091029852e-07	6
7.102747261e-07	1.902721039e-07	6
7.03536929e-07	1.714412226e-07	6
6.967991319e-07	1.526103413e-07	6
6.900613349e-07	1.3377946e-07	6
6.833235378e-07	1.149485787e-07	6
6.765857407e-07	9.611769742e-08	6
6.698479437e-07	7.728681612e-08	6
6.631101466e-07	5.845593482e-08	6
6.631101466e-07	5.845593482e-08	0
6.786452053e-07	5.332384463e-08	0
6.94180264e-07	4.819175445e-08	0
7.097153227e-07	4.305966427e-08	0
7.097153227e-07	4.305966427e-08	-6
7.154635342e-07	6.200897785e-08	-6
7.212117456e-07	8.095829143e-08	-6
7.26959957e-07	9.9907605e-08	-6
7.327081685e-07	1.188569186e-07	-6
7.384563799e-07	1.378062322e-07	-6
7.442045913e-07	1.567555457e-07	-6
7.499528028e-07	1.757048593e-07	-6
7.557010142e-07	1.946541729e-07	-6
7.614492256e-07	2.136034865e-07	-6
7.671974371e-07	2.325528001e-07	-6
7.729456485e-07	2.515021136e-07	-6
7.786938599e-07	2.704514272e-07	-6
7.844420713e-07	2.894007408e-07	-6
7.901902828e-07	3.083500544e-07	-6
7.959384942e-07	3.27299368e-07	-6
8.016867056e-07	3.462486815e-07	-6
8.074349171e-07	3.651979951e-07	-6
8.131831285e-07	3.841473087e-07	-6
8.189313399e-07	4.030966223e-07	-6
8.246795514e-07	4.220459358e-07	-6
8.304277628e-07	4.409952494e-07	-6
8.361759742e-07	4.59944563e-07	-6
8.419241857e-07	4.788938766e-07	-6
8.476723971e-07	4.978431902e-07	-6
8.534206085e-07	5.167925037e-07	-6
8.591688199e-07	5.357418173e-07	-6
8.649170314e-07	5.546911309e-07	-6
8.706652428e-07	5.736404445e-07	-6
8.764134542e-07	5.925897581e-07	-6
8.821616657e-07	6.115390716e-07	-6
8.879098771e-07	6.304883852e-07	-6
8.936580885e-07	6.494376988e-07	-6
8.994063e-07	6.683870124e-07	-6
9.051545114e-07	6.873363259e-07	-6
9.109027228e-07	7.062856395e-07	-6
9.166509343e-07	7.252349531e-07	-6
9.223991457e-07	7.441842667e-07	-6
9.281473571e-07	7.631335803e-07	-6
9.338955685e-07	7.820828938e-07	-6
9.3964378e-07	8.010322074e-07	-6
9.453919914e-07	8.19981521e-07	-6
9.511402028e-07	8.389308346e-07	-6
9.568884143e-07	8.578801482e-07	-6
9.626366257e-07	8.768294617e-07	-6
9.683848371e-07	8.957787753e-07	-6
9.741330486e-07	9.147280889e-07	-6
9.7988126e-07	9.336774025e-07	-6
9.856294714e-07	9.526267161e-07	-6
9.913776829e-07	9.715760296e-07	-6
9.971258943e-07	9.905253432e-07	-6
1.002874106e-06	1.009474657e-06	-6
1.008622317e-06	1.02842397e-06	-6
1.014370529e-06	1.047373284e-06	-6
1.02011874e-06	1.066322598e-06	-6
1.025866951e-06	1.085271911e-06	-6
1.031615163e-06	1.104221225e-06	-6
1.037363374e-06	1.123170538e-06	-6
1.043111586e-06	1.142119852e-06	-6
1.048859797e-06	1.161069165e-06	-6
1.054608009e-06	1.180018479e-06	-6
1.06035622e-06	1.198967793e-06	-6
1.066104431e-06	1.217917106e-06	-6
1.071852643e-06	1.23686642e-06	-6
1.077600854e-06	1.255815733e-06	-6
1.083349066e-06	1.274765047e-06	-6
1.089097277e-06	1.29371436e-06	-6
1.094845489e-06	1.312663674e-06	-6
1.1005937e-06	1.331612988e-06	-6
1.106341911e-06	1.350562301e-06	-6
1.112090123e-06	1.369511615e-06	-6
1.117838334e-06	1.388460928e-06	-6
1.123586546e-06	1.407410242e-06	-6
1.129334757e-06	1.426359556e-06	-6
1.135082969e-06	1.445308869e-06	-6
1.14083118e-06	1.464258183e-06	-6
1.146579391e-06	1.483207496e-06	-6
1.152327603e-06	1.50215681e-06	-6
1.158075814e-06	1.521106123e-06	-6
1.163824026e-06	1.540055437e-06	-6
1.169572237e-06	1.559004751e-06	-6
1.175320449e-06	1.577954064e-06	-6
1.18106866e-06	1.596903378e-06	-6
1.186816872e-06	1.615852691e-06	-6
1.192565083e-06	1.634802005e-06	-6
1.198313294e-06	1.653751318e-06	-6
1.204061506e-06	1.672700632e-06	-6
1.209809717e-06	1.691649946e-06	-6
1.215557929e-06	1.710599259e-06	-6
1.22130614e-06	1.729548573e-06	-6
1.227054352e-06	1.748497886e-06	-6
1.232802563e-06	1.7674472e-06	-6
1.238550774e-06	1.786396514e-06	-6
1.244298986e-06	1.805345827e-06	-6
1.250047197e-06	1.824295141e-06	-6
1.255795409e-06	1.843244454e-06	-6
1.26154362e-06	1.862193768e-06	-6
1.267291832e-06	1.881143081e-06	-6
1.273040043e-06	1.900092395e-06	-6
1.278788254e-06	1.919041709e-06	-6
1.284536466e-06	1.937991022e-06	-6
1.290284677e-06	1.956940336e-06	-6
1.290284677e-06	1.956940336e-06	0
1.290284677e-06	1.956940336e-06	6
1.284478984e-06	1.937801529e-06	6
1.27867329e-06	1.918662722e-06	6
1.272867597e-06	1.899523916e-06	6
1.267061903e-06	1.880385109e-06	6
1.26125621e-06	1.861246302e-06	6
1.255450516e-06	1.842107495e-06	6
1.249644822e-06	1.822968689e-06	6
1.243839129e-06	1.803829882e-06	6
1.238033435e-06	1.784691075e-06	6
1.232227742e-06	1.765552269e-06	6
1.226422048e-06	1.746413462e-06	6
1.220616355e-06	1.727274655e-06	6
1.214810661e-06	1.708135848e-06	6
1.209004968e-06	1.688997042e-06	6
1.203199274e-06	1.669858235e-06	6
1.197393581e-06	1.650719428e-06	6
1.191587887e-06	1.631580622e-06	6
1.185782193e-06	1.612441815e-06	6
1.1799765e-06	1.593303008e-06	6
1.174170806e-06	1.574164201e-06	6
1.168365113e-06	1.555025395e-06	6
1.162559419e-06	1.535886588e-06	6
1.156753726e-06	1.516747781e-06	6
1.150948032e-06	1.497608975e-06	6
1.145142339e-06	1.478470168e-06	6
1.139336645e-06	1.459331361e-06	6
1.133530952e-06	1.440192554e-06	6
1.127725258e-06	1.421053748e-06	6
1.121919564e-06	1.401914941e-06	6
1.116113871e-06	1.382776134e-06	6
1.110308177e-06	1.363637328e-06	6
1.104502484e-06	1.344498521e-06	6
1.09869679e-06	1.325359714e-06	6
1.092891097e-06	1.306220907e-06	6
1.087085403e-06	1.287082101e-06	6
1.08127971e-06	1.267943294e-06	6
1.075474016e-06	1.248804487e-06	6
1.069668323e-06	1.229665681e-06	6
1.063862629e-06	1.210526874e-06	6
1.058056935e-06	1.191388067e-06	6
1.052251242e-06	1.17224926e-06	6
1.046445548e-06	1.153110454e-06	6
1.040639855e-06	1.133971647e-06	6
1.034834161e-06	1.11483284e-06	6
1.029028468e-06	1.095694034e-06	6
1.023222774e-06	1.076555227e-06	6
1.017417081e-06	1.05741642e-06	6
1.011611387e-06	1.038277613e-06	6
1.005805694e-06	1.019138807e-06	6
1e-06	1e-06	6
9.941943065e-07	9.808611933e-07	6
9.883886129e-07	9.617223866e-07	6
9.825829194e-07	9.425835799e-07	6
9.767772258e-07	9.234447731e-07	6
9.709715323e-07	9.043059664e-07	6
9.651658387e-07	8.851671597e-07	6
9.593601452e-07	8.66028353e-07	6
9.535544516e-07	8.468895463e-07	6
9.477487581e-07	8.277507396e-07	6
9.419430645e-07	8.086119329e-07	6
9.36137371e-07	7.894731261e-07	6
9.303316775e-07	7.703343194e-07	6
9.245259839e-07	7.511955127e-07	6
9.187202904e-07	7.32056706e-07	6
9.129145968e-07	7.129178993e-07	6
9.071089033e-07	6.937790926e-07	6
9.013032097e-07	6.746402859e-07	6
8.954975162e-07	6.555014791e-07	6
8.896918226e-07	6.363626724e-07	6
8.838861291e-07	6.172238657e-07	6
8.780804356e-07	5.98085059e-07	6
8.72274742e-07	5.789462523e-07	6
8.664690485e-07	5.598074456e-07	6
8.606633549e-07	5.406686388e-07	6
8.548576614e-07	5.215298321e-07	6
8.490519678e-07	5.023910254e-07	6
8.432462743e-07	4.832522187e-07	6
8.374405807e-07	4.64113412e-07	6
8.316348872e-07	4.449746053e-07	6
8.258291936e-07	4.258357986e-07	6
8.200235001e-07	4.066969918e-07	6
8.142178066e-07	3.875581851e-07	6
8.08412113e-07	3.684193784e-07	6
8.026064195e-07	3.492805717e-07	6
7.968007259e-07	3.30141765e-07	6
7.909950324e-07	3.110029583e-07	6
7.851893388e-07	2.918641516e-07	6
7.793836453e-07	2.727253448e-07	6
7.735779517e-07	2.535865381e-07	6
7.677722582e-07	2.344477314e-07	6
7.619665647e-07	2.153089247e-07	6
7.561608711e-07	1.96170118e-07	6
7.503551776e-07	1.770313113e-07	6
7.44549484e-07	1.578925046e-07	6
7.387437905e-07	1.387536978e-07	6
7.329380969e-07	1.196148911e-07	6
7.271324034e-07	1.004760844e-07	6
7.213267098e-07	8.13372777e-08	6
7.155210163e-07	6.219847098e-08	6
7.097153227e-07	4.305966427e-08	6
7.097153227e-07	4.305966427e-08	0
7.254834885e-07	3.869602511e-08	0
7.412516543e-07	3.433238596e-08	0
7.570198201e-07	2.996874681e-08	0
7.570198201e-07	2.996874681e-08	-6
7.618794237e-07	4.936937187e-08	-6
7.667390273e-07	6.876999693e-08	-6
7.715986309e-07	8.8170622e-08	-6
7.764582345e-07	1.075712471e-07	-6
7.813178381e-07	1.269718721e-07	-6
7.861774417e-07	1.463724972e-07	-6
7.910370453e-07	1.657731223e-07	-6
7.958966489e-07	1.851737473e-07	-6
8.007562525e-07	2.045743724e-07	-6
8.056158561e-07	2.239749974e-07	-6
8.104754597e-07	2.433756225e-07	-6
8.153350633e-07	2.627762476e-07	-6
8.201946669e-07	2.821768726e-07	-6
8.250542705e-07	3.015774977e-07	-6
8.299138741e-07	3.209781228e-07	-6
8.347734777e-07	3.403787478e-07	-6
8.396330813e-07	3.597793729e-07	-6
8.444926849e-07	3.79179998e-07	-6
8.493522885e-07	3.98580623e-07	-6
8.542118921e-07	4.179812481e-07	-6
8.590714957e-07	4.373818731e-07	-6
8.639310993e-07	4.567824982e-07	-6
8.687907029e-07	4.761831233e-07	-6
8.736503065e-07	4.955837483e-07	-6
8.7850991e-07	5.149843734e-07	-6
8.833695136e-07	5.343849985e-07	-6
8.882291172e-07	5.537856235e-07	-6
8.930887208e-07	5.731862486e-07	-6
8.979483244e-07	5.925868737e-07	-6
9.02807928e-07	6.119874987e-07	-6
9.076675316e-07	6.313881238e-07	-6
9.125271352e-07	6.507887488e-07	-6
9.173867388e-07	6.701893739e-07	-6
9.222463424e-07	6.89589999e-07	-6
9.27105946e-07	7.08990624e-07	-6
9.319655496e-07	7.283912491e-07	-6
9.368251532e-07	7.477918742e-07	-6
9.416847568e-07	7.671924992e-07	-6
9.465443604e-07	7.865931243e-07	-6
9.51403964e-07	8.059937494e-07	-6
9.562635676e-07	8.253943744e-07	-6
9.611231712e-07	8.447949995e-07	-6
9.659827748e-07	8.641956246e-07	-6
9.708423784e-07	8.835962496e-07	-6
9.75701982e-07	9.029968747e-07	-6
9.805615856e-07	9.223974997e-07	-6
9.854211892e-07	9.417981248e-07	-6
9.902807928e-07	9.611987499e-07	-6
9.951403964e-07	9.805993749e-07	-6
1e-06	1e-06	-6
1.004859604e-06	1.019400625e-06	-6
1.009719207e-06	1.03880125e-06	-6
1.014578811e-06	1.058201875e-06	-6
1.019438414e-06	1.0776025e-06	-6
1.024298018e-06	1.097003125e-06	-6
1.029157622e-06	1.11640375e-06	-6
1.034017225e-06	1.135804375e-06	-6
1.038876829e-06	1.155205001e-06	-6
1.043736432e-06	1.174605626e-06	-6
1.048596036e-06	1.194006251e-06	-6
1.05345564e-06	1.213406876e-06	-6
1.058315243e-06	1.232807501e-06	-6
1.063174847e-06	1.252208126e-06	-6
1.06803445e-06	1.271608751e-06	-6
1.072894054e-06	1.291009376e-06	-6
1.077753658e-06	1.310410001e-06	-6
1.082613261e-06	1.329810626e-06	-6
1.087472865e-06	1.349211251e-06	-6
1.092332468e-06	1.368611876e-06	-6
1.097192072e-06	1.388012501e-06	-6
1.102051676e-06	1.407413126e-06	-6
1.106911279e-06	1.426813751e-06	-6
1.111770883e-06	1.446214376e-06	-6
1.116630486e-06	1.465615002e-06	-6
1.12149009e-06	1.485015627e-06	-6
1.126349694e-06	1.504416252e-06	-6
1.131209297e-06	1.523816877e-06	-6
1.136068901e-06	1.543217502e-06	-6
1.140928504e-06	1.562618127e-06	-6
1.145788108e-06	1.582018752e-06	-6
1.150647712e-06	1.601419377e-06	-6
1.155507315e-06	1.620820002e-06	-6
1.160366919e-06	1.640220627e-06	-6
1.165226522e-06	1.659621252e-06	-6
1.170086126e-06	1.679021877e-06	-6
1.17494573e-06	1.698422502e-06	-6
1.179805333e-06	1.717823127e-06	-6
1.184664937e-06	1.737223752e-06	-6
1.18952454e-06	1.756624377e-06	-6
1.194384144e-06	1.776025003e-06	-6
1.199243748e-06	1.795425628e-06	-6
1.204103351e-06	1.814826253e-06	-6
1.208962955e-06	1.834226878e-06	-6
1.213822558e-06	1.853627503e-06	-6
1.218682162e-06	1.873028128e-06	-6
1.223541766e-06	1.892428753e-06	-6
1.228401369e-06	1.911829378e-06	-6
1.233260973e-06	1.931230003e-06	-6
1.238120576e-06	1.950630628e-06	-6
1.24298018e-06	1.970031253e-06	-6
1.24298018e-06	1.970031253e-06	0
1.24298018e-06	1.970031253e-06	6
1.238168691e-06	1.950822714e-06	6
1.233357202e-06	1.931614174e-06	6
1.228545714e-06	1.912405634e-06	6
1.223734225e-06	1.893197095e-06	6
1.218922736e-06	1.873988555e-06	6
1.214111248e-06	1.854780015e-06	6
1.209299759e-06	1.835571476e-06	6
1.20448827e-06	1.816362936e-06	6
1.199676782e-06	1.797154396e-06	6
1.194865293e-06	1.777945857e-06	6
1.190053804e-06	1.758737317e-06	6
1.185242315e-06	1.739528777e-06	6
1.180430827e-06	1.720320238e-06	6
1.175619338e-06	1.701111698e-06	6
1.170807849e-06	1.681903158e-06	6
1.165996361e-06	1.662694619e-06	6
1.161184872e-06	1.643486079e-06	6
1.156373383e-06	1.624277539e-06	6
1.151561894e-06	1.605069e-06	6
1.146750406e-06	1.58586046e-06	6
1.141938917e-06	1.56665192e-06	6
1.137127428e-06	1.547443381e-06	6
1.13231594e-06	1.528234841e-06	6
1.127504451e-06	1.509026301e-06	6
1.122692962e-06	1.489817762e-06	6
1.117881473e-06	1.470609222e-06	6
1.113069985e-06	1.451400682e-06	6
1.108258496e-06	1.432192143e-06	6
1.103447007e-06	1.412983603e-06	6
1.098635519e-06	1.393775063e-06	6
1.09382403e-06	1.374566524e-06	6
1.089012541e-06	1.355357984e-06	6
1.084201052e-06	1.336149444e-06	6
1.079389564e-06	1.316940905e-06	6
1.074578075e-06	1.297732365e-06	6
1.069766586e-06	1.278523825e-06	6
1.064955098e-06	1.259315286e-06	6
1.060143609e-06	1.240106746e-06	6
1.05533212e-06	1.220898206e-06	6
1.050520631e-06	1.201689667e-06	6
1.045709143e-06	1.182481127e-06	6
1.040897654e-06	1.163272587e-06	6
1.036086165e-06	1.144064048e-06	6
1.031274677e-06	1.124855508e-06	6
1.026463188e-06	1.105646968e-06	6
1.021651699e-06	1.086438429e-06	6
1.01684021e-06	1.067229889e-06	6
1.012028722e-06	1.048021349e-06	6
1.007217233e-06	1.02881281e-06	6
1.002405744e-06	1.00960427e-06	6
9.975942556e-07	9.903957302e-07	6
9.927827669e-07	9.711871905e-07	6
9.879712782e-07	9.519786508e-07	6
9.831597895e-07	9.327701112e-07	6
9.783483008e-07	9.135615715e-07	6
9.735368121e-07	8.943530318e-07	6
9.687253234e-07	8.751444922e-07	6
9.639138347e-07	8.559359525e-07	6
9.59102346e-07	8.367274128e-07	6
9.542908572e-07	8.175188732e-07	6
9.494793685e-07	7.983103335e-07	6
9.446678798e-07	7.791017938e-07	6
9.398563911e-07	7.598932542e-07	6
9.350449024e-07	7.406847145e-07	6
9.302334137e-07	7.214761748e-07	6
9.25421925e-07	7.022676352e-07	6
9.206104363e-07	6.830590955e-07	6
9.157989476e-07	6.638505558e-07	6
9.109874588e-07	6.446420162e-07	6
9.061759701e-07	6.254334765e-07	6
9.013644814e-07	6.062249368e-07	6
8.965529927e-07	5.870163972e-07	6
8.91741504e-07	5.678078575e-07	6
8.869300153e-07	5.485993178e-07	6
8.821185266e-07	5.293907782e-07	6
8.773070379e-07	5.101822385e-07	6
8.724955492e-07	4.909736988e-07	6
8.676840604e-07	4.717651592e-07	6
8.628725717e-07	4.525566195e-07	6
8.58061083e-07	4.333480798e-07	6
8.532495943e-07	4.141395401e-07	6
8.484381056e-07	3.949310005e-07	6
8.436266169e-07	3.757224608e-07	6
8.388151282e-07	3.565139211e-07	6
8.340036395e-07	3.373053815e-07	6
8.291921508e-07	3.180968418e-07	6
8.243806621e-07	2.988883021e-07	6
8.195691733e-07	2.796797625e-07	6
8.147576846e-07	2.604712228e-07	6
8.099461959e-07	2.412626831e-07	6
8.051347072e-07	2.220541435e-07	6
8.003232185e-07	2.028456038e-07	6
7.955117298e-07	1.836370641e-07	6
7.907002411e-07	1.644285245e-07	6
7.858887524e-07	1.452199848e-07	6
7.810772637e-07	1.260114451e-07	6
7.762657749e-07	1.068029055e-07	6
7.714542862e-07	8.759436581e-08	6
7.666427975e-07	6.838582614e-08	6
7.618313088e-07	4.917728647e-08	6
7.570198201e-07	2.996874681e-08	6
7.570198201e-07	2.996874681e-08	0
7.729831061e-07	2.638407107e-08	0
7.88946392e-07	2.279939533e-08	0
8.04909678e-07	1.92147196e-08	0
8.04909678e-07	1.92147196e-08	-6
8.088114844e-07	3.88304252e-08	-6
8.127132909e-07	5.844613081e-08	-6
8.166150973e-07	7.806183642e-08	-6
8.205169037e-07	9.767754203e-08	-6
8.244187102e-07	1.172932476e-07	-6
8.283205166e-07	1.369089532e-07	-6
8.322223231e-07	1.565246589e-07	-6
8.361241295e-07	1.761403645e-07	-6
8.400259359e-07	1.957560701e-07	-6
8.439277424e-07	2.153717757e-07	-6
8.478295488e-07	2.349874813e-07	-6
8.517313553e-07	2.546031869e-07	-6
8.556331617e-07	2.742188925e-07	-6
8.595349681e-07	2.938345981e-07	-6
8.634367746e-07	3.134503037e-07	-6
8.67338581e-07	3.330660093e-07	-6
8.712403875e-07	3.526817149e-07	-6
8.751421939e-07	3.722974205e-07	-6
8.790440004e-07	3.919131261e-07	-6
8.829458068e-07	4.115288318e-07	-6
8.868476132e-07	4.311445374e-07	-6
8.907494197e-07	4.50760243e-07	-6
8.946512261e-07	4.703759486e-07	-6
8.985530326e-07	4.899916542e-07	-6
9.02454839e-07	5.096073598e-07	-6
9.063566454e-07	5.292230654e-07	-6
9.102584519e-07	5.48838771e-07	-6
9.141602583e-07	5.684544766e-07	-6
9.180620648e-07	5.880701822e-07	-6
9.219638712e-07	6.076858878e-07	-6
9.258656776e-07	6.273015934e-07	-6
9.297674841e-07	6.469172991e-07	-6
9.336692905e-07	6.665330047e-07	-6
9.37571097e-07	6.861487103e-07	-6
9.414729034e-07	7.057644159e-07	-6
9.453747098e-07	7.253801215e-07	-6
9.492765163e-07	7.449958271e-07	-6
9.531783227e-07	7.646115327e-07	-6
9.570801292e-07	7.842272383e-07	-6
9.609819356e-07	8.038429439e-07	-6
9.64883742e-07	8.234586495e-07	-6
9.687855485e-07	8.430743551e-07	-6
9.726873549e-07	8.626900607e-07	-6
9.765891614e-07	8.823057664e-07	-6
9.804909678e-07	9.01921472e-07	-6
9.843927742e-07	9.215371776e-07	-6
9.882945807e-07	9.411528832e-07	-6
9.921963871e-07	9.607685888e-07	-6
9.960981936e-07	9.803842944e-07	-6
1e-06	1e-06	-6
1.003901806e-06	1.019615706e-06	-6
1.007803613e-06	1.039231411e-06	-6
1.011705419e-06	1.058847117e-06	-6
1.015607226e-06	1.078462822e-06	-6
1.019509032e-06	1.098078528e-06	-6
1.023410839e-06	1.117694234e-06	-6
1.027312645e-06	1.137309939e-06	-6
1.031214452e-06	1.156925645e-06	-6
1.035116258e-06	1.17654135e-06	-6
1.039018064e-06	1.196157056e-06	-6
1.042919871e-06	1.215772762e-06	-6
1.046821677e-06	1.235388467e-06	-6
1.050723484e-06	1.255004173e-06	-6
1.05462529e-06	1.274619879e-06	-6
1.058527097e-06	1.294235584e-06	-6
1.062428903e-06	1.31385129e-06	-6
1.066330709e-06	1.333466995e-06	-6
1.070232516e-06	1.353082701e-06	-6
1.074134322e-06	1.372698407e-06	-6
1.078036129e-06	1.392314112e-06	-6
1.081937935e-06	1.411929818e-06	-6
1.085839742e-06	1.431545523e-06	-6
1.089741548e-06	1.451161229e-06	-6
1.093643355e-06	1.470776935e-06	-6
1.097545161e-06	1.49039264e-06	-6
1.101446967e-06	1.510008346e-06	-6
1.105348774e-06	1.529624051e-06	-6
1.10925058e-06	1.549239757e-06	-6
1.113152387e-06	1.568855463e-06	-6
1.117054193e-06	1.588471168e-06	-6
1.120956e-06	1.608086874e-06	-6
1.124857806e-06	1.627702579e-06	-6
1.128759613e-06	1.647318285e-06	-6
1.132661419e-06	1.666933991e-06	-6
1.136563225e-06	1.686549696e-06	-6
1.140465032e-06	1.706165402e-06	-6
1.144366838e-06	1.725781107e-06	-6
1.148268645e-06	1.745396813e-06	-6
1.152170451e-06	1.765012519e-06	-6
1.156072258e-06	1.784628224e-06	-6
1.159974064e-06	1.80424393e-06	-6
1.16387587e-06	1.823859636e-06	-6
1.167777677e-06	1.843475341e-06	-6
1.171679483e-06	1.863091047e-06	-6
1.17558129e-06	1.882706752e-06	-6
1.179483096e-06	1.902322458e-06	-6
1.183384903e-06	1.921938164e-06	-6
1.187286709e-06	1.941553869e-06	-6
1.191188516e-06	1.961169575e-06	-6
1.195090322e-06	1.98078528e-06	-6
1.195090322e-06	1.98078528e-06	0
1.195090322e-06	1.98078528e-06	6
1.191227147e-06	1.96136379e-06	6
1.187363973e-06	1.941942299e-06	6
1.183500798e-06	1.922520808e-06	6
1.179637623e-06	1.903099318e-06	6
1.175774449e-06	1.883677827e-06	6
1.171911274e-06	1.864256336e-06	6
1.168048099e-06	1.844834845e-06	6
1.164184924e-06	1.825413355e-06	6
1.16032175e-06	1.805991864e-06	6
1.156458575e-06	1.786570373e-06	6
1.1525954e-06	1.767148883e-06	6
1.148732226e-06	1.747727392e-06	6
1.144869051e-06	1.728305901e-06	6
1.141005876e-06	1.708884411e-06	6
1.137142702e-06	1.68946292e-06	6
1.133279527e-06	1.670041429e-06	6
1.129416352e-06	1.650619938e-06	6
1.125553178e-06	1.631198448e-06	6
1.121690003e-06	1.611776957e-06	6
1.117826828e-06	1.592355466e-06	6
1.113963653e-06	1.572933976e-06	6
1.110100479e-06	1.553512485e-06	6
1.106237304e-06	1.534090994e-06	6
1.102374129e-06	1.514669504e-06	6
1.098510955e-06	1.495248013e-06	6
1.09464778e-06	1.475826522e-06	6
1.090784605e-06	1.456405031e-06	6
1.086921431e-06	1.436983541e-06	6
1.083058256e-06	1.41756205e-06	6
1.079195081e-06	1.398140559e-06	6
1.075331907e-06	1.378719069e-06	6
1.071468732e-06	1.359297578e-06	6
1.067605557e-06	1.339876087e-06	6
1.063742382e-06	1.320454597e-06	6
1.059879208e-06	1.301033106e-06	6
1.056016033e-06	1.281611615e-06	6
1.052152858e-06	1.262190124e-06	6
1.048289684e-06	1.242768634e-06	6
1.044426509e-06	1.223347143e-06	6
1.040563334e-06	1.203925652e-06	6
1.03670016e-06	1.184504162e-06	6
1.032836985e-06	1.165082671e-06	6
1.02897381e-06	1.14566118e-06	6
1.025110636e-06	1.12623969e-06	6
1.021247461e-06	1.106818199e-06	6
1.017384286e-06	1.087396708e-06	6
1.013521111e-06	1.067975217e-06	6
1.009657937e-06	1.048553727e-06	6
1.005794762e-06	1.029132236e-06	6
1.001931587e-06	1.009710745e-06	6
9.980684127e-07	9.902892546e-07	6
9.94205238e-07	9.708677639e-07	6
9.903420633e-07	9.514462732e-07	6
9.864788886e-07	9.320247825e-07	6
9.826157139e-07	9.126032918e-07	6
9.787525392e-07	8.931818011e-07	6
9.748893645e-07	8.737603104e-07	6
9.710261898e-07	8.543388197e-07	6
9.671630151e-07	8.34917329e-07	6
9.632998404e-07	8.154958383e-07	6
9.594366657e-07	7.960743476e-07	6
9.55573491e-07	7.766528569e-07	6
9.517103163e-07	7.572313662e-07	6
9.478471416e-07	7.378098755e-07	6
9.439839669e-07	7.183883848e-07	6
9.401207923e-07	6.989668941e-07	6
9.362576176e-07	6.795454034e-07	6
9.323944429e-07	6.601239127e-07	6
9.285312682e-07	6.40702422e-07	6
9.246680935e-07	6.212809313e-07	6
9.208049188e-07	6.018594406e-07	6
9.169417441e-07	5.824379499e-07	6
9.130785694e-07	5.630164592e-07	6
9.092153947e-07	5.435949685e-07	6
9.0535222e-07	5.241734778e-07	6
9.014890453e-07	5.047519871e-07	6
8.976258706e-07	4.853304964e-07	6
8.937626959e-07	4.659090057e-07	6
8.898995212e-07	4.46487515e-07	6
8.860363465e-07	4.270660243e-07	6
8.821731719e-07	4.076445336e-07	6
8.783099972e-07	3.882230429e-07	6
8.744468225e-07	3.688015522e-07	6
8.705836478e-07	3.493800615e-07	6
8.667204731e-07	3.299585708e-07	6
8.628572984e-07	3.105370801e-07	6
8.589941237e-07	2.911155894e-07	6
8.55130949e-07	2.716940987e-07	6
8.512677743e-07	2.52272608e-07	6
8.474045996e-07	2.328511173e-07	6
8.435414249e-07	2.134296266e-07	6
8.396782502e-07	1.940081359e-07	6
8.358150755e-07	1.745866452e-07	6
8.319519008e-07	1.551651545e-07	6
8.280887261e-07	1.357436638e-07	6
8.242255515e-07	1.163221731e-07	6
8.203623768e-07	9.69006824e-08	6
8.164992021e-07	7.74791917e-08	6
8.126360274e-07	5.8057701e-08	6
8.087728527e-07	3.86362103e-08	6
8.04909678e-07	1.92147196e-08	6
8.04909678e-07	1.92147196e-08	0
8.210296272e-07	1.641764308e-08	0
8.371495764e-07	1.362056656e-08	0
8.532695255e-07	1.082349004e-08	0
8.532695255e-07	1.082349004e-08	-6
8.56204135e-07	3.060702023e-08	-6
8.591387445e-07	5.039055043e-08	-6
8.62073354e-07	7.017408063e-08	-6
8.650079635e-07	8.995761083e-08	-6
8.67942573e-07	1.09741141e-07	-6
8.708771825e-07	1.295246712e-07	-6
8.73811792e-07	1.493082014e-07	-6
8.767464015e-07	1.690917316e-07	-6
8.796810109e-07	1.888752618e-07	-6
8.826156204e-07	2.08658792e-07	-6
8.855502299e-07	2.284423222e-07	-6
8.884848394e-07	2.482258524e-07	-6
8.914194489e-07	2.680093826e-07	-6
8.943540584e-07	2.877929128e-07	-6
8.972886679e-07	3.07576443e-07	-6
9.002232774e-07	3.273599732e-07	-6
9.031578869e-07	3.471435034e-07	-6
9.060924963e-07	3.669270336e-07	-6
9.090271058e-07	3.867105638e-07	-6
9.119617153e-07	4.06494094e-07	-6
9.148963248e-07	4.262776242e-07	-6
9.178309343e-07	4.460611544e-07	-6
9.207655438e-07	4.658446846e-07	-6
9.237001533e-07	4.856282148e-07	-6
9.266347628e-07	5.05411745e-07	-6
9.295693723e-07	5.251952752e-07	-6
9.325039818e-07	5.449788054e-07	-6
9.354385912e-07	5.647623356e-07	-6
9.383732007e-07	5.845458658e-07	-6
9.413078102e-07	6.04329396e-07	-6
9.442424197e-07	6.241129262e-07	-6
9.471770292e-07	6.438964564e-07	-6
9.501116387e-07	6.636799866e-07	-6
9.530462482e-07	6.834635168e-07	-6
9.559808577e-07	7.03247047e-07	-6
9.589154672e-07	7.230305772e-07	-6
9.618500766e-07	7.428141074e-07	-6
9.647846861e-07	7.625976376e-07	-6
9.677192956e-07	7.823811678e-07	-6
9.706539051e-07	8.02164698e-07	-6
9.735885146e-07	8.219482282e-07	-6
9.765231241e-07	8.417317584e-07	-6
9.794577336e-07	8.615152886e-07	-6
9.823923431e-07	8.812988188e-07	-6
9.853269526e-07	9.01082349e-07	-6
9.88261562e-07	9.208658792e-07	-6
9.911961715e-07	9.406494094e-07	-6
9.94130781e-07	9.604329396e-07	-6
9.970653905e-07	9.802164698e-07	-6
1e-06	1e-06	-6
1.002934609e-06	1.01978353e-06	-6
1.005869219e-06	1.03956706e-06	-6
1.008803828e-06	1.059350591e-06	-6
1.011738438e-06	1.079134121e-06	-6
1.014673047e-06	1.098917651e-06	-6
1.017607657e-06	1.118701181e-06	-6
1.020542266e-06	1.138484711e-06	-6
1.023476876e-06	1.158268242e-06	-6
1.026411485e-06	1.178051772e-06	-6
1.029346095e-06	1.197835302e-06	-6
1.032280704e-06	1.217618832e-06	-6
1.035215314e-06	1.237402362e-06	-6
1.038149923e-06	1.257185893e-06	-6
1.041084533e-06	1.276969423e-06	-6
1.044019142e-06	1.296752953e-06	-6
1.046953752e-06	1.316536483e-06	-6
1.049888361e-06	1.336320013e-06	-6
1.052822971e-06	1.356103544e-06	-6
1.05575758e-06	1.375887074e-06	-6
1.05869219e-06	1.395670604e-06	-6
1.061626799e-06	1.415454134e-06	-6
1.064561409e-06	1.435237664e-06	-6
1.067496018e-06	1.455021195e-06	-6
1.070430628e-06	1.474804725e-06	-6
1.073365237e-06	1.494588255e-06	-6
1.076299847e-06	1.514371785e-06	-6
1.079234456e-06	1.534155315e-06	-6
1.082169066e-06	1.553938846e-06	-6
1.085103675e-06	1.573722376e-06	-6
1.088038285e-06	1.593505906e-06	-6
1.090972894e-06	1.613289436e-06	-6
1.093907504e-06	1.633072966e-06	-6
1.096842113e-06	1.652856497e-06	-6
1.099776723e-06	1.672640027e-06	-6
1.102711332e-06	1.692423557e-06	-6
1.105645942e-06	1.712207087e-06	-6
1.108580551e-06	1.731990617e-06	-6
1.111515161e-06	1.751774148e-06	-6
1.11444977e-06	1.771557678e-06	-6
1.11738438e-06	1.791341208e-06	-6
1.120318989e-06	1.811124738e-06	-6
1.123253599e-06	1.830908268e-06	-6
1.126188208e-06	1.850691799e-06	-6
1.129122818e-06	1.870475329e-06	-6
1.132057427e-06	1.890258859e-06	-6
1.134992036e-06	1.910042389e-06	-6
1.137926646e-06	1.929825919e-06	-6
1.140861255e-06	1.94960945e-06	-6
1.143795865e-06	1.96939298e-06	-6
1.146730474e-06	1.98917651e-06	-6
1.146730474e-06	1.98917651e-06	0
1.146730474e-06	1.98917651e-06	6
1.143795865e-06	1.96939298e-06	6
1.140861255e-06	1.94960945e-06	6
1.137926646e-06	1.929825919e-06	6
1.134992036e-06	1.910042389e-06	6
1.132057427e-06	1.890258859e-06	6
1.129122818e-06	1.870475329e-06	6
1.126188208e-06	1.850691799e-06	6
1.123253599e-06	1.830908268e-06	6
1.120318989e-06	1.811124738e-06	6
1.11738438e-06	1.791341208e-06	6
1.11444977e-06	1.771557678e-06	6
1.111515161e-06	1.751774148e-06	6
1.108580551e-06	1.731990617e-06	6
1.105645942e-06	1.712207087e-06	6
1.102711332e-06	1.692423557e-06	6
1.099776723e-06	1.672640027e-06	6
1.096842113e-06	1.652856497e-06	6
1.093907504e-06	1.633072966e-06	6
1.090972894e-06	1.613289436e-06	6
1.088038285e-06	1.593505906e-06	6
1.085103675e-06	1.573722376e-06	6
1.082169066e-06	1.553938846e-06	6
1.079234456e-06	1.534155315e-06	6
1.076299847e-06	1.514371785e-06	6
1.073365237e-06	1.494588255e-06	6
1.070430628e-06	1.474804725e-06	6
1.067496018e-06	1.455021195e-06	6
1.064561409e-06	1.435237664e-06	6
1.061626799e-06	1.415454134e-06	6
1.05869219e-06	1.395670604e-06	6
1.05575758e-06	1.375887074e-06	6
1.052822971e-06	1.356103544e-06	6
1.049888361e-06	1.336320013e-06	6
1.046953752e-06	1.316536483e-06	6
1.044019142e-06	1.296752953e-06	6
1.041084533e-06	1.276969423e-06	6
1.038149923e-06	1.257185893e-06	6
1.035215314e-06	1.237402362e-06	6
1.032280704e-06	1.217618832e-06	6
1.029346095e-06	1.197835302e-06	6
1.026411485e-06	1.178051772e-06	6
1.023476876e-06	1.158268242e-06	6
1.020542266e-06	1.138484711e-06	6
1.017607657e-06	1.118701181e-06	6
1.014673047e-06	1.098917651e-06	6
1.011738438e-06	1.079134121e-06	6
1.008803828e-06	1.059350591e-06	6
1.005869219e-06	1.03956706e-06	6
1.002934609e-06	1.01978353e-06	6
1e-06	1e-06	6
9.970653905e-07	9.802164698e-07	6
9.94130781e-07	9.604329396e-07	6
9.911961715e-07	9.406494094e-07	6
9.88261562e-07	9.208658792e-07	6
9.853269526e-07	9.01082349e-07	6
9.823923431e-07	8.812988188e-07	6
9.794577336e-07	8.615152886e-07	6
9.765231241e-07	8.417317584e-07	6
9.735885146e-07	8.219482282e-07	6
9.706539051e-07	8.02164698e-07	6
9.677192956e-07	7.823811678e-07	6
9.647846861e-07	7.625976376e-07	6
9.618500766e-07	7.428141074e-07	6
9.589154672e-07	7.230305772e-07	6
9.559808577e-07	7.03247047e-07	6
9.530462482e-07	6.834635168e-07	6
9.501116387e-07	6.636799866e-07	6
9.471770292e-07	6.438964564e-07	6
9.442424197e-07	6.241129262e-07	6
9.413078102e-07	6.04329396e-07	6
9.383732007e-07	5.845458658e-07	6
9.354385912e-07	5.647623356e-07	6
9.325039818e-07	5.449788054e-07	6
9.295693723e-07	5.251952752e-07	6
9.266347628e-07	5.05411745e-07	6
9.237001533e-07	4.856282148e-07	6
9.207655438e-07	4.658446846e-07	6
9.178309343e-07	4.460611544e-07	6
9.148963248e-07	4.262776242e-07	6
9.119617153e-07	4.06494094e-07	6
9.090271058e-07	3.867105638e-07	6
9.060924963e-07	3.669270336e-07	6
9.031578869e-07	3.471435034e-07	6
9.002232774e-07	3.273599732e-07	6
8.972886679e-07	3.07576443e-07	6
8.943540584e-07	2.877929128e-07	6
8.914194489e-07	2.680093826e-07	6
8.884848394e-07	2.482258524e-07	6
8.855502299e-07	2.284423222e-07	6
8.826156204e-07	2.08658792e-07	6
8.796810109e-07	1.888752618e-07	6
8.767464015e-07	1.690917316e-07	6
8.73811792e-07	1.493082014e-07	6
8.708771825e-07	1.295246712e-07	6
8.67942573e-07	1.09741141e-07	6
8.650079635e-07	8.995761083e-08	6
8.62073354e-07	7.017408063e-08	6
8.591387445e-07	5.039055043e-08	6
8.56204135e-07	3.060702023e-08	6
8.532695255e-07	1.082349004e-08	6
8.532695255e-07	1.082349004e-08	0
8.695073036e-07	8.820751133e-09	0
8.857450816e-07	6.81801223e-09	0
9.019828597e-07	4.815273328e-09	0
9.019828597e-07	4.815273328e-09	-6
9.039432025e-07	2.471896786e-08	-6
9.059035453e-07	4.462266239e-08	-6
9.078638881e-07	6.452635693e-08	-6
9.098242309e-07	8.443005146e-08	-6
9.117845737e-07	1.04333746e-07	-6
9.137449165e-07	1.242374405e-07	-6
9.157052593e-07	1.441411351e-07	-6
9.176656021e-07	1.640448296e-07	-6
9.196259449e-07	1.839485241e-07	-6
9.215862877e-07	2.038522187e-07	-6
9.235466305e-07	2.237559132e-07	-6
9.255069733e-07	2.436596077e-07	-6
9.274673162e-07	2.635633023e-07	-6
9.29427659e-07	2.834669968e-07	-6
9.313880018e-07	3.033706913e-07	-6
9.333483446e-07	3.232743859e-07	-6
9.353086874e-07	3.431780804e-07	-6
9.372690302e-07	3.630817749e-07	-6
9.39229373e-07	3.829854695e-07	-6
9.411897158e-07	4.02889164e-07	-6
9.431500586e-07	4.227928585e-07	-6
9.451104014e-07	4.426965531e-07	-6
9.470707442e-07	4.626002476e-07	-6
9.49031087e-07	4.825039421e-07	-6
9.509914298e-07	5.024076367e-07	-6
9.529517726e-07	5.223113312e-07	-6
9.549121154e-07	5.422150257e-07	-6
9.568724583e-07	5.621187203e-07	-6
9.588328011e-07	5.820224148e-07	-6
9.607931439e-07	6.019261093e-07	-6
9.627534867e-07	6.218298039e-07	-6
9.647138295e-07	6.417334984e-07	-6
9.666741723e-07	6.616371929e-07	-6
9.686345151e-07	6.815408875e-07	-6
9.705948579e-07	7.01444582e-07	-6
9.725552007e-07	7.213482765e-07	-6
9.745155435e-07	7.412519711e-07	-6
9.764758863e-07	7.611556656e-07	-6
9.784362291e-07	7.810593601e-07	-6
9.803965719e-07	8.009630547e-07	-6
9.823569147e-07	8.208667492e-07	-6
9.843172575e-07	8.407704437e-07	-6
9.862776004e-07	8.606741383e-07	-6
9.882379432e-07	8.805778328e-07	-6
9.90198286e-07	9.004815273e-07	-6
9.921586288e-07	9.203852219e-07	-6
9.941189716e-07	9.402889164e-07	-6
9.960793144e-07	9.601926109e-07	-6
9.980396572e-07	9.800963055e-07	-6
1e-06	1e-06	-6
1.001960343e-06	1.019903695e-06	-6
1.003920686e-06	1.039807389e-06	-6
1.005881028e-06	1.059711084e-06	-6
1.007841371e-06	1.079614778e-06	-6
1.009801714e-06	1.099518473e-06	-6
1.011762057e-06	1.119422167e-06	-6
1.0137224e-06	1.139325862e-06	-6
1.015682742e-06	1.159229556e-06	-6
1.017643085e-06	1.179133251e-06	-6
1.019603428e-06	1.199036945e-06	-6
1.021563771e-06	1.21894064e-06	-6
1.023524114e-06	1.238844334e-06	-6
1.025484456e-06	1.258748029e-06	-6
1.027444799e-06	1.278651723e-06	-6
1.029405142e-06	1.298555418e-06	-6
1.031365485e-06	1.318459113e-06	-6
1.033325828e-06	1.338362807e-06	-6
1.035286171e-06	1.358266502e-06	-6
1.037246513e-06	1.378170196e-06	-6
1.039206856e-06	1.398073891e-06	-6
1.041167199e-06	1.417977585e-06	-6
1.043127542e-06	1.43788128e-06	-6
1.045087885e-06	1.457784974e-06	-6
1.047048227e-06	1.477688669e-06	-6
1.04900857e-06	1.497592363e-06	-6
1.050968913e-06	1.517496058e-06	-6
1.052929256e-06	1.537399752e-06	-6
1.054889599e-06	1.557303447e-06	-6
1.056849941e-06	1.577207141e-06	-6
1.058810284e-06	1.597110836e-06	-6
1.060770627e-06	1.617014531e-06	-6
1.06273097e-06	1.636918225e-06	-6
1.064691313e-06	1.65682192e-06	-6
1.066651655e-06	1.676725614e-06	-6
1.068611998e-06	1.696629309e-06	-6
1.070572341e-06	1.716533003e-06	-6
1.072532684e-06	1.736436698e-06	-6
1.074493027e-06	1.756340392e-06	-6
1.076453369e-06	1.776244087e-06	-6
1.078413712e-06	1.796147781e-06	-6
1.080374055e-06	1.816051476e-06	-6
1.082334398e-06	1.83595517e-06	-6
1.084294741e-06	1.855858865e-06	-6
1.086255083e-06	1.875762559e-06	-6
1.088215426e-06	1.895666254e-06	-6
1.090175769e-06	1.915569949e-06	-6
1.092136112e-06	1.935473643e-06	-6
1.094096455e-06	1.955377338e-06	-6
1.096056798e-06	1.975281032e-06	-6
1.09801714e-06	1.995184727e-06	-6
1.09801714e-06	1.995184727e-06	0
1.09801714e-06	1.995184727e-06	6
1.096056798e-06	1.975281032e-06	6
1.094096455e-06	1.955377338e-06	6
1.092136112e-06	1.935473643e-06	6
1.090175769e-06	1.915569949e-06	6
1.088215426e-06	1.895666254e-06	6
1.086255083e-06	1.875762559e-06	6
1.084294741e-06	1.855858865e-06	6
1.082334398e-06	1.83595517e-06	6
1.080374055e-06	1.816051476e-06	6
1.078413712e-06	1.796147781e-06	6
1.076453369e-06	1.776244087e-06	6
1.074493027e-06	1.756340392e-06	6
1.072532684e-06	1.736436698e-06	6
1.070572341e-06	1.716533003e-06	6
1.068611998e-06	1.696629309e-06	6
1.066651655e-06	1.676725614e-06	6
1.064691313e-06	1.65682192e-06	6
1.06273097e-06	1.636918225e-06	6
1.060770627e-06	1.617014531e-06	6
1.058810284e-06	1.597110836e-06	6
1.056849941e-06	1.577207141e-06	6
1.054889599e-06	1.557303447e-06	6
1.052929256e-06	1.537399752e-06	6
1.050968913e-06	1.517496058e-06	6
1.04900857e-06	1.497592363e-06	6
1.047048227e-06	1.477688669e-06	6
1.045087885e-06	1.457784974e-06	6
1.043127542e-06	1.43788128e-06	6
1.041167199e-06	1.417977585e-06	6
1.039206856e-06	1.398073891e-06	6
1.037246513e-06	1.378170196e-06	6
1.035286171e-06	1.358266502e-06	6
1.033325828e-06	1.338362807e-06	6
1.031365485e-06	1.318459113e-06	6
1.029405142e-06	1.298555418e-06	6
1.027444799e-06	1.278651723e-06	6
1.025484456e-06	1.258748029e-06	6
1.023524114e-06	1.238844334e-06	6
1.021563771e-06	1.21894064e-06	6
1.019603428e-06	1.199036945e-06	6
1.017643085e-06	1.179133251e-06	6
1.015682742e-06	1.159229556e-06	6
1.0137224e-06	1.139325862e-06	6
1.011762057e-06	1.119422167e-06	6
1.009801714e-06	1.099518473e-06	6
1.007841371e-06	1.079614778e-06	6
1.005881028e-06	1.059711084e-06	6
1.003920686e-06	1.039807389e-06	6
1.001960343e-06	1.019903695e-06	6
1e-06	1e-06	6
9.980396572e-07	9.800963055e-07	6
9.960793144e-07	9.601926109e-07	6
9.941189716e-07	9.402889164e-07	6
9.921586288e-07	9.203852219e-07	6
9.90198286e-07	9.004815273e-07	6
9.882379432e-07	8.805778328e-07	6
9.862776004e-07	8.606741383e-07	6
9.843172575e-07	8.407704437e-07	6
9.823569147e-07	8.208667492e-07	6
9.803965719e-07	8.009630547e-07	6
9.784362291e-07	7.810593601e-07	6
9.764758863e-07	7.611556656e-07	6
9.745155435e-07	7.412519711e-07	6
9.725552007e-07	7.213482765e-07	6
9.705948579e-07	7.01444582e-07	6
9.686345151e-07	6.815408875e-07	6
9.666741723e-07	6.616371929e-07	6
9.647138295e-07	6.417334984e-07	6
9.627534867e-07	6.218298039e-07	6
9.607931439e-07	6.019261093e-07	6
9.588328011e-07	5.820224148e-07	6
9.568724583e-07	5.621187203e-07	6
9.549121154e-07	5.422150257e-07	6
9.529517726e-07	5.223113312e-07	6
9.509914298e-07	5.024076367e-07	6
9.49031087e-07	4.825039421e-07	6
9.470707442e-07	4.626002476e-07	6
9.451104014e-07	4.426965531e-07	6
9.431500586e-07	4.227928585e-07	6
9.411897158e-07	4.02889164e-07	6
9.39229373e-07	3.829854695e-07	6
9.372690302e-07	3.630817749e-07	6
9.353086874e-07	3.431780804e-07	6
9.333483446e-07	3.232743859e-07	6
9.313880018e-07	3.033706913e-07	6
9.29427659e-07	2.834669968e-07	6
9.274673162e-07	2.635633023e-07	6
9.255069733e-07	2.436596077e-07	6
9.235466305e-07	2.237559132e-07	6
9.215862877e-07	2.038522187e-07	6
9.196259449e-07	1.839485241e-07	6
9.176656021e-07	1.640448296e-07	6
9.157052593e-07	1.441411351e-07	6
9.137449165e-07	1.242374405e-07	6
9.117845737e-07	1.04333746e-07	6
9.098242309e-07	8.443005146e-08	6
9.078638881e-07	6.452635693e-08	6
9.059035453e-07	4.462266239e-08	6
9.039432025e-07	2.471896786e-08	6
9.019828597e-07	4.815273328e-09	6
9.019828597e-07	4.815273328e-09	0
9.182993483e-07	3.611696817e-09	0
9.34615837e-07	2.408120306e-09	0
9.509323257e-07	1.204543795e-09	0
9.509323257e-07	1.204543795e-09	-6
9.519136792e-07	2.118045292e-08	-6
9.528950326e-07	4.115636204e-08	-6
9.538763861e-07	6.113227117e-08	-6
9.548577396e-07	8.110818029e-08	-6
9.558390931e-07	1.010840894e-07	-6
9.568204466e-07	1.210599985e-07	-6
9.578018001e-07	1.410359077e-07	-6
9.587831536e-07	1.610118168e-07	-6
9.597645071e-07	1.809877259e-07	-6
9.607458605e-07	2.00963635e-07	-6
9.61727214e-07	2.209395442e-07	-6
9.627085675e-07	2.409154533e-07	-6
9.63689921e-07	2.608913624e-07	-6
9.646712745e-07	2.808672715e-07	-6
9.65652628e-07	3.008431807e-07	-6
9.666339815e-07	3.208190898e-07	-6
9.676153349e-07	3.407949989e-07	-6
9.685966884e-07	3.60770908e-07	-6
9.695780419e-07	3.807468172e-07	-6
9.705593954e-07	4.007227263e-07	-6
9.715407489e-07	4.206986354e-07	-6
9.725221024e-07	4.406745445e-07	-6
9.735034559e-07	4.606504536e-07	-6
9.744848093e-07	4.806263628e-07	-6
9.754661628e-07	5.006022719e-07	-6
9.764475163e-07	5.20578181e-07	-6
9.774288698e-07	5.405540901e-07	-6
9.784102233e-07	5.605299993e-07	-6
9.793915768e-07	5.805059084e-07	-6
9.803729303e-07	6.004818175e-07	-6
9.813542838e-07	6.204577266e-07	-6
9.823356372e-07	6.404336358e-07	-6
9.833169907e-07	6.604095449e-07	-6
9.842983442e-07	6.80385454e-07	-6
9.852796977e-07	7.003613631e-07	-6
9.862610512e-07	7.203372723e-07	-6
9.872424047e-07	7.403131814e-07	-6
9.882237582e-07	7.602890905e-07	-6
9.892051116e-07	7.802649996e-07	-6
9.901864651e-07	8.002409088e-07	-6
9.911678186e-07	8.202168179e-07	-6
9.921491721e-07	8.40192727e-07	-6
9.931305256e-07	8.601686361e-07	-6
9.941118791e-07	8.801445453e-07	-6
9.950932326e-07	9.001204544e-07	-6
9.960745861e-07	9.200963635e-07	-6
9.970559395e-07	9.400722726e-07	-6
9.98037293e-07	9.600481818e-07	-6
9.990186465e-07	9.800240909e-07	-6
1e-06	1e-06	-6
1.000981353e-06	1.019975909e-06	-6
1.001962707e-06	1.039951818e-06	-6
1.00294406e-06	1.059927727e-06	-6
1.003925414e-06	1.079903636e-06	-6
1.004906767e-06	1.099879546e-06	-6
1.005888121e-06	1.119855455e-06	-6
1.006869474e-06	1.139831364e-06	-6
1.007850828e-06	1.159807273e-06	-6
1.008832181e-06	1.179783182e-06	-6
1.009813535e-06	1.199759091e-06	-6
1.010794888e-06	1.219735e-06	-6
1.011776242e-06	1.239710909e-06	-6
1.012757595e-06	1.259686819e-06	-6
1.013738949e-06	1.279662728e-06	-6
1.014720302e-06	1.299638637e-06	-6
1.015701656e-06	1.319614546e-06	-6
1.016683009e-06	1.339590455e-06	-6
1.017664363e-06	1.359566364e-06	-6
1.018645716e-06	1.379542273e-06	-6
1.01962707e-06	1.399518182e-06	-6
1.020608423e-06	1.419494092e-06	-6
1.021589777e-06	1.439470001e-06	-6
1.02257113e-06	1.45944591e-06	-6
1.023552484e-06	1.479421819e-06	-6
1.024533837e-06	1.499397728e-06	-6
1.025515191e-06	1.519373637e-06	-6
1.026496544e-06	1.539349546e-06	-6
1.027477898e-06	1.559325455e-06	-6
1.028459251e-06	1.579301365e-06	-6
1.029440605e-06	1.599277274e-06	-6
1.030421958e-06	1.619253183e-06	-6
1.031403312e-06	1.639229092e-06	-6
1.032384665e-06	1.659205001e-06	-6
1.033366019e-06	1.67918091e-06	-6
1.034347372e-06	1.699156819e-06	-6
1.035328726e-06	1.719132728e-06	-6
1.036310079e-06	1.739108638e-06	-6
1.037291432e-06	1.759084547e-06	-6
1.038272786e-06	1.779060456e-06	-6
1.039254139e-06	1.799036365e-06	-6
1.040235493e-06	1.819012274e-06	-6
1.041216846e-06	1.838988183e-06	-6
1.0421982e-06	1.858964092e-06	-6
1.043179553e-06	1.878940001e-06	-6
1.044160907e-06	1.898915911e-06	-6
1.04514226e-06	1.91889182e-06	-6
1.046123614e-06	1.938867729e-06	-6
1.047104967e-06	1.958843638e-06	-6
1.048086321e-06	1.978819547e-06	-6
1.049067674e-06	1.998795456e-06	-6
1.049067674e-06	1.998795456e-06	0
1.049067674e-06	1.998795456e-06	6
1.048086321e-06	1.978819547e-06	6
1.047104967e-06	1.958843638e-06	6
1.046123614e-06	1.938867729e-06	6
1.04514226e-06	1.91889182e-06	6
1.044160907e-06	1.898915911e-06	6
1.043179553e-06	1.878940001e-06	6
1.0421982e-06	1.858964092e-06	6
1.041216846e-06	1.838988183e-06	6
1.040235493e-06	1.819012274e-06	6
1.039254139e-06	1.799036365e-06	6
1.038272786e-06	1.779060456e-06	6
1.037291432e-06	1.759084547e-06	6
1.036310079e-06	1.739108638e-06	6
1.035328726e-06	1.719132728e-06	6
1.034347372e-06	1.699156819e-06	6
1.033366019e-06	1.67918091e-06	6
1.032384665e-06	1.659205001e-06	6
1.031403312e-06	1.639229092e-06	6
1.030421958e-06	1.619253183e-06	6
1.029440605e-06	1.599277274e-06	6
1.028459251e-06	1.579301365e-06	6
1.027477898e-06	1.559325455e-06	6
1.026496544e-06	1.539349546e-06	6
1.025515191e-06	1.519373637e-06	6
1.024533837e-06	1.499397728e-06	6
1.023552484e-06	1.479421819e-06	6
1.02257113e-06	1.45944591e-06	6
1.021589777e-06	1.439470001e-06	6
1.020608423e-06	1.419494092e-06	6
1.01962707e-06	1.399518182e-06	6
1.018645716e-06	1.379542273e-06	6
1.017664363e-06	1.359566364e-06	6
1.016683009e-06	1.339590455e-06	6
1.015701656e-06	1.319614546e-06	6
1.014720302e-06	1.299638637e-06	6
1.013738949e-06	1.279662728e-06	6
1.012757595e-06	1.259686819e-06	6
1.011776242e-06	1.239710909e-06	6
1.010794888e-06	1.219735e-06	6
1.009813535e-06	1.199759091e-06	6
1.008832181e-06	1.179783182e-06	6
1.007850828e-06	1.159807273e-06	6
1.006869474e-06	1.139831364e-06	6
1.005888121e-06	1.119855455e-06	6
1.004906767e-06	1.099879546e-06	6
1.003925414e-06	1.079903636e-06	6
1.00294406e-06	1.059927727e-06	6
1.001962707e-06	1.039951818e-06	6
1.000981353e-06	1.019975909e-06	6
1e-06	1e-06	6
9.990186465e-07	9.800240909e-07	6
9.98037293e-07	9.600481818e-07	6
9.970559395e-07	9.400722726e-07	6
9.960745861e-07	9.200963635e-07	6
9.950932326e-07	9.001204544e-07	6
9.941118791e-07	8.801445453e-07	6
9.931305256e-07	8.601686361e-07	6
9.921491721e-07	8.40192727e-07	6
9.911678186e-07	8.202168179e-07	6
9.901864651e-07	8.002409088e-07	6
9.892051116e-07	7.802649996e-07	6
9.882237582e-07	7.602890905e-07	6
9.872424047e-07	7.403131814e-07	6
9.862610512e-07	7.203372723e-07	6
9.852796977e-07	7.003613631e-07	6
9.842983442e-07	6.80385454e-07	6
9.833169907e-07	6.604095449e-07	6
9.823356372e-07	6.404336358e-07	6
9.813542838e-07	6.204577266e-07	6
9.803729303e-07	6.004818175e-07	6
9.793915768e-07	5.805059084e-07	6
9.784102233e-07	5.605299993e-07	6
9.774288698e-07	5.405540901e-07	6
9.764475163e-07	5.20578181e-07	6
9.754661628e-07	5.006022719e-07	6
9.744848093e-07	4.806263628e-07	6
9.735034559e-07	4.606504536e-07	6
9.725221024e-07	4.406745445e-07	6
9.715407489e-07	4.206986354e-07	6
9.705593954e-07	4.007227263e-07	6
9.695780419e-07	3.807468172e-07	6
9.685966884e-07	3.60770908e-07	6
9.676153349e-07	3.407949989e-07	6
9.666339815e-07	3.208190898e-07	6
9.65652628e-07	3.008431807e-07	6
9.646712745e-07	2.808672715e-07	6
9.63689921e-07	2.608913624e-07	6
9.627085675e-07	2.409154533e-07	6
9.61727214e-07	2.209395442e-07	6
9.607458605e-07	2.00963635e-07	6
9.597645071e-07	1.809877259e-07	6
9.587831536e-07	1.610118168e-07	6
9.578018001e-07	1.410359077e-07	6
9.568204466e-07	1.210599985e-07	6
9.558390931e-07	1.010840894e-07	6
9.548577396e-07	8.110818029e-08	6
9.538763861e-07	6.113227117e-08	6
9.528950326e-07	4.115636204e-08	6
9.519136792e-07	2.118045292e-08	6
9.509323257e-07	1.204543795e-09	6
9.509323257e-07	1.204543795e-09	0
9.672882171e-07	8.030291966e-10	0
9.836441086e-07	4.015145983e-10	0
1e-06	0	0
1e-06	0	-6
1e-06	2e-08	-6
1e-06	4e-08	-6
1e-06	6e-08	-6
1e-06	8e-08	-6
1e-06	1e-07	-6
1e-06	1.2e-07	-6
1e-06	1.4e-07	-6
1e-06	1.6e-07	-6
1e-06	1.8e-07	-6
1e-06	2e-07	-6
1e-06	2.2e-07	-6
1e-06	2.4e-07	-6
1e-06	2.6e-07	-6
1e-06	2.8e-07	-6
1e-06	3e-07	-6
1e-06	3.2e-07	-6
1e-06	3.4e-07	-6
1e-06	3.6e-07	-6
1e-06	3.8e-07	-6
1e-06	4e-07	-6
1e-06	4.2e-07	-6
1e-06	4.4e-07	-6
1e-06	4.6e-07	-6
1e-06	4.8e-07	-6
1e-06	5e-07	-6
1e-06	5.2e-07	-6
1e-06	5.4e-07	-6
1e-06	5.6e-07	-6
1e-06	5.8e-07	-6
1e-06	6e-07	-6
1e-06	6.2e-07	-6
1e-06	6.4e-07	-6
1e-06	6.6e-07	-6
1e-06	6.8e-07	-6
1e-06	7e-07	-6
1e-06	7.2e-07	-6
1e-06	7.4e-07	-6
1e-06	7.6e-07	-6
1e-06	7.8e-07	-6
1e-06	8e-07	-6
1e-06	8.2e-07	-6
1e-06	8.4e-07	-6
1e-06	8.6e-07	-6
1e-06	8.8e-07	-6
1e-06	9e-07	-6
1e-06	9.2e-07	-6
1e-06	9.4e-07	-6
1e-06	9.6e-07	-6
1e-06	9.8e-07	-6
1e-06	1e-06	-6
1e-06	1.02e-06	-6
1e-06	1.04e-06	-6
1e-06	1.06e-06	-6
1e-06	1.08e-06	-6
1e-06	1.1e-06	-6
1e-06	1.12e-06	-6
1e-06	1.14e-06	-6
1e-06	1.16e-06	-6
1e-06	1.18e-06	-6
1e-06	1.2e-06	-6
1e-06	1.22e-06	-6
1e-06	1.24e-06	-6
1e-06	1.26e-06	-6
1e-06	1.28e-06	-6
1e-06	1.3e-06	-6
1e-06	1.32e-06	-6
1e-06	1.34e-06	-6
1e-06	1.36e-06	-6
1e-06	1.38e-06	-6
1e-06	1.4e-06	-6
1e-06	1.42e-06	-6
1e-06	1.44e-06	-6
1e-06	1.46e-06	-6
1e-06	1.48e-06	-6
1e-06	1.5e-06	-6
1e-06	1.52e-06	-6
1e-06	1.54e-06	-6
1e-06	1.56e-06	-6
1e-06	1.58e-06	-6
1e-06	1.6e-06	-6
1e-06	1.62e-06	-6
1e-06	1.64e-06	-6
1e-06	1.66e-06	-6
1e-06	1.68e-06	-6
1e-06	1.7e-06	-6
1e-06	1.72e-06	-6
1e-06	1.74e-06	-6
1e-06	1.76e-06	-6
1e-06	1.78e-06	-6
1e-06	1.8e-06	-6
1e-06	1.82e-06	-6
1e-06	1.84e-06	-6
1e-06	1.86e-06	-6
1e-06	1.88e-06	-6
1e-06	1.9e-06	-6
1e-06	1.92e-06	-6
1e-06	1.94e-06	-6
1e-06	1.96e-06	-6
1e-06	1.98e-06	-6
1e-06	2e-06	-6
1e-06	2e-06	0
1e-06	2e-06	6
1e-06	1.98019802e-06	6
1e-06	1.96039604e-06	6
1e-06	1.940594059e-06	6
1e-06	1.920792079e-06	6
1e-06	1.900990099e-06	6
1e-06	1.881188119e-06	6
1e-06	1.861386139e-06	6
1e-06	1.841584158e-06	6
1e-06	1.821782178e-06	6
1e-06	1.801980198e-06	6
1e-06	1.782178218e-06	6
1e-06	1.762376238e-06	6
1e-06	1.742574257e-06	6
1e-06	1.722772277e-06	6
1e-06	1.702970297e-06	6
1e-06	1.683168317e-06	6
1e-06	1.663366337e-06	6
1e-06	1.643564356e-06	6
1e-06	1.623762376e-06	6
1e-06	1.603960396e-06	6
1e-06	1.584158416e-06	6
1e-06	1.564356436e-06	6
1e-06	1.544554455e-06	6
1e-06	1.524752475e-06	6
1e-06	1.504950495e-06	6
1e-06	1.485148515e-06	6
1e-06	1.465346535e-06	6
1e-06	1.445544554e-06	6
1e-06	1.425742574e-06	6
1e-06	1.405940594e-06	6
1e-06	1.386138614e-06	6
1e-06	1.366336634e-06	6
1e-06	1.346534653e-06	6
1e-06	1.326732673e-06	6
1e-06	1.306930693e-06	6
1e-06	1.287128713e-06	6
1e-06	1.267326733e-06	6
1e-06	1.247524752e-06	6
1e-06	1.227722772e-06	6
1e-06	1.207920792e-06	6
1e-06	1.188118812e-06	6
1e-06	1.168316832e-06	6
1e-06	1.148514851e-06	6
1e-06	1.128712871e-06	6
1e-06	1.108910891e-06	6
1e-06	1.089108911e-06	6
1e-06	1.069306931e-06	6
1e-06	1.04950495e-06	6
1e-06	1.02970297e-06	6
1e-06	1.00990099e-06	6
1e-06	9.900990099e-07	6
1e-06	9.702970297e-07	6
1e-06	9.504950495e-07	6
1e-06	9.306930693e-07	6
1e-06	9.108910891e-07	6
1e-06	8.910891089e-07	6
1e-06	8.712871287e-07	6
1e-06	8.514851485e-07	6
1e-06	8.316831683e-07	6
1e-06	8.118811881e-07	6
1e-06	7.920792079e-07	6
1e-06	7.722772277e-07	6
1e-06	7.524752475e-07	6
1e-06	7.326732673e-07	6
1e-06	7.128712871e-07	6
1e-06	6.930693069e-07	6
1e-06	6.732673267e-07	6
1e-06	6.534653465e-07	6
1e-06	6.336633663e-07	6
1e-06	6.138613861e-07	6
1e-06	5.940594059e-07	6
1e-06	5.742574257e-07	6
1e-06	5.544554455e-07	6
1e-06	5.346534653e-07	6
1e-06	5.148514851e-07	6
1e-06	4.95049505e-07	6
1e-06	4.752475248e-07	6
1e-06	4.554455446e-07	6
1e-06	4.356435644e-07	6
1e-06	4.158415842e-07	6
1e-06	3.96039604e-07	6
1e-06	3.762376238e-07	6
1e-06	3.564356436e-07	6
1e-06	3.366336634e-07	6
1e-06	3.168316832e-07	6
1e-06	2.97029703e-07	6
1e-06	2.772277228e-07	6
1e-06	2.574257426e-07	6
1e-06	2.376237624e-07	6
1e-06	2.178217822e-07	6
1e-06	1.98019802e-07	6
1e-06	1.782178218e-07	6
1e-06	1.584158416e-07	6
1e-06	1.386138614e-07	6
1e-06	1.188118812e-07	6
1e-06	9.900990099e-08	6
1e-06	7.920792079e-08	6
1e-06	5.940594059e-08	6
1e-06	3.96039604e-08	6
1e-06	1.98019802e-08	6
1e-06	0	6
1e-06	0	0
1.016355891e-06	4.015145983e-10	0
1.032711783e-06	8.030291966e-10	0
1.049067674e-06	1.204543795e-09	0
1.049067674e-06	1.204543795e-09	-6
1.048086321e-06	2.118045292e-08	-6
1.047104967e-06	4.115636204e-08	-6
1.046123614e-06	6.113227117e-08	-6
1.04514226e-06	8.110818029e-08	-6
1.044160907e-06	1.010840894e-07	-6
1.043179553e-06	1.210599985e-07	-6
1.0421982e-06	1.410359077e-07	-6
1.041216846e-06	1.610118168e-07	-6
1.040235493e-06	1.809877259e-07	-6
1.039254139e-06	2.00963635e-07	-6
1.038272786e-06	2.209395442e-07	-6
1.037291432e-06	2.409154533e-07	-6
1.036310079e-06	2.608913624e-07	-6
1.035328726e-06	2.808672715e-07	-6
1.034347372e-06	3.008431807e-07	-6
1.033366019e-06	3.208190898e-07	-6
1.032384665e-06	3.407949989e-07	-6
1.031403312e-06	3.60770908e-07	-6
1.030421958e-06	3.807468172e-07	-6
1.029440605e-06	4.007227263e-07	-6
1.028459251e-06	4.206986354e-07	-6
1.027477898e-06	4.406745445e-07	-6
1.026496544e-06	4.606504536e-07	-6
1.025515191e-06	4.806263628e-07	-6
1.024533837e-06	5.006022719e-07	-6
1.023552484e-06	5.20578181e-07	-6
1.02257113e-06	5.405540901e-07	-6
1.021589777e-06	5.605299993e-07	-6
1.020608423e-06	5.805059084e-07	-6
1.01962707e-06	6.004818175e-07	-6
1.018645716e-06	6.204577266e-07	-6
1.017664363e-06	6.404336358e-07	-6
1.016683009e-06	6.604095449e-07	-6
1.015701656e-06	6.80385454e-07	-6
1.014720302e-06	7.003613631e-07	-6
1.013738949e-06	7.203372723e-07	-6
1.012757595e-06	7.403131814e-07	-6
1.011776242e-06	7.602890905e-07	-6
1.010794888e-06	7.802649996e-07	-6
1.009813535e-06	8.002409088e-07	-6
1.008832181e-06	8.202168179e-07	-6
1.007850828e-06	8.40192727e-07	-6
1.006869474e-06	8.601686361e-07	-6
1.005888121e-06	8.801445453e-07	-6
1.004906767e-06	9.001204544e-07	-6
1.003925414e-06	9.200963635e-07	-6
1.00294406e-06	9.400722726e-07	-6
1.001962707e-06	9.600481818e-07	-6
1.000981353e-06	9.800240909e-07	-6
1e-06	1e-06	-6
9.990186465e-07	1.019975909e-06	-6
9.98037293e-07	1.039951818e-06	-6
9.970559395e-07	1.059927727e-06	-6
9.960745861e-07	1.079903636e-06	-6
9.950932326e-07	1.099879546e-06	-6
9.941118791e-07	1.119855455e-06	-6
9.931305256e-07	1.139831364e-06	-6
9.921491721e-07	1.159807273e-06	-6
9.911678186e-07	1.179783182e-06	-6
9.901864651e-07	1.199759091e-06	-6
9.892051116e-07	1.219735e-06	-6
9.882237582e-07	1.239710909e-06	-6
9.872424047e-07	1.259686819e-06	-6
9.862610512e-07	1.279662728e-06	-6
9.852796977e-07	1.299638637e-06	-6
9.842983442e-07	1.319614546e-06	-6
9.833169907e-07	1.339590455e-06	-6
9.823356372e-07	1.359566364e-06	-6
9.813542838e-07	1.379542273e-06	-6
9.803729303e-07	1.399518182e-06	-6
9.793915768e-07	1.419494092e-06	-6
9.784102233e-07	1.439470001e-06	-6
9.774288698e-07	1.45944591e-06	-6
9.764475163e-07	1.479421819e-06	-6
9.754661628e-07	1.499397728e-06	-6
9.744848093e-07	1.519373637e-06	-6
9.735034559e-07	1.539349546e-06	-6
9.725221024e-07	1.559325455e-06	-6
9.715407489e-07	1.579301365e-06	-6
9.705593954e-07	1.599277274e-06	-6
9.695780419e-07	1.619253183e-06	-6
9.685966884e-07	1.639229092e-06	-6
9.676153349e-07	1.659205001e-06	-6
9.666339815e-07	1.67918091e-06	-6
9.65652628e-07	1.699156819e-06	-6
9.646712745e-07	1.719132728e-06	-6
9.63689921e-07	1.739108638e-06	-6
9.627085675e-07	1.759084547e-06	-6
9.61727214e-07	1.779060456e-06	-6
9.607458605e-07	1.799036365e-06	-6
9.597645071e-07	1.819012274e-06	-6
9.587831536e-07	1.838988183e-06	-6
9.578018001e-07	1.858964092e-06	-6
9.568204466e-07	1.878940001e-06	-6
9.558390931e-07	1.898915911e-06	-6
9.548577396e-07	1.91889182e-06	-6
9.538763861e-07	1.938867729e-06	-6
9.528950326e-07	1.958843638e-06	-6
9.519136792e-07	1.978819547e-06	-6
9.509323257e-07	1.998795456e-06	-6
9.509323257e-07	1.998795456e-06	0
9.509323257e-07	1.998795456e-06	6
9.519136792e-07	1.978819547e-06	6
9.528950326e-07	1.958843638e-06	6
9.538763861e-07	1.938867729e-06	6
9.548577396e-07	1.91889182e-06	6
9.558390931e-07	1.898915911e-06	6
9.568204466e-07	1.878940001e-06	6
9.578018001e-07	1.858964092e-06	6
9.587831536e-07	1.838988183e-06	6
9.597645071e-07	1.819012274e-06	6
9.607458605e-07	1.799036365e-06	6
9.61727214e-07	1.779060456e-06	6
9.627085675e-07	1.759084547e-06	6
9.63689921e-07	1.739108638e-06	6
9.646712745e-07	1.719132728e-06	6
9.65652628e-07	1.699156819e-06	6
9.666339815e-07	1.67918091e-06	6
9.676153349e-07	1.659205001e-06	6
9.685966884e-07	1.639229092e-06	6
9.695780419e-07	1.619253183e-06	6
9.705593954e-07	1.599277274e-06	6
9.715407489e-07	1.579301365e-06	6
9.725221024e-07	1.559325455e-06	6
9.735034559e-07	1.539349546e-06	6
9.744848093e-07	1.519373637e-06	6
9.754661628e-07	1.499397728e-06	6
9.764475163e-07	1.479421819e-06	6
9.774288698e-07	1.45944591e-06	6
9.784102233e-07	1.439470001e-06	6
9.793915768e-07	1.419494092e-06	6
9.803729303e-07	1.399518182e-06	6
9.813542838e-07	1.379542273e-06	6
9.823356372e-07	1.359566364e-06	6
9.833169907e-07	1.339590455e-06	6
9.842983442e-07	1.319614546e-06	6
9.852796977e-07	1.299638637e-06	6
9.862610512e-07	1.279662728e-06	6
9.872424047e-07	1.259686819e-06	6
9.882237582e-07	1.239710909e-06	6
9.892051116e-07	1.219735e-06	6
9.901864651e-07	1.199759091e-06	6
9.911678186e-07	1.179783182e-06	6
9.921491721e-07	1.159807273e-06	6
9.931305256e-07	1.139831364e-06	6
9.941118791e-07	1.119855455e-06	6
9.950932326e-07	1.099879546e-06	6
9.960745861e-07	1.079903636e-06	6
9.970559395e-07	1.059927727e-06	6
9.98037293e-07	1.039951818e-06	6
9.990186465e-07	1.019975909e-06	6
1e-06	1e-06	6
1.000981353e-06	9.800240909e-07	6
1.001962707e-06	9.600481818e-07	6
1.00294406e-06	9.400722726e-07	6
1.003925414e-06	9.200963635e-07	6
1.004906767e-06	9.001204544e-07	6
1.005888121e-06	8.801445453e-07	6
1.006869474e-06	8.601686361e-07	6
1.007850828e-06	8.40192727e-07	6
1.008832181e-06	8.202168179e-07	6
1.009813535e-06	8.002409088e-07	6
1.010794888e-06	7.802649996e-07	6
1.011776242e-06	7.602890905e-07	6
1.012757595e-06	7.403131814e-07	6
1.013738949e-06	7.203372723e-07	6
1.014720302e-06	7.003613631e-07	6
1.015701656e-06	6.80385454e-07	6
1.016683009e-06	6.604095449e-07	6
1.017664363e-06	6.404336358e-07	6
1.018645716e-06	6.204577266e-07	6
1.01962707e-06	6.004818175e-07	6
1.020608423e-06	5.805059084e-07	6
1.021589777e-06	5.605299993e-07	6
1.02257113e-06	5.405540901e-07	6
1.023552484e-06	5.20578181e-07	6
1.024533837e-06	5.006022719e-07	6
1.025515191e-06	4.806263628e-07	6
1.026496544e-06	4.606504536e-07	6
1.027477898e-06	4.406745445e-07	6
1.028459251e-06	4.206986354e-07	6
1.029440605e-06	4.007227263e-07	6
1.030421958e-06	3.807468172e-07	6
1.031403312e-06	3.60770908e-07	6
1.032384665e-06	3.407949989e-07	6
1.033366019e-06	3.208190898e-07	6
1.034347372e-06	3.008431807e-07	6
1.035328726e-06	2.808672715e-07	6
1.036310079e-06	2.608913624e-07	6
1.037291432e-06	2.409154533e-07	6
1.038272786e-06	2.209395442e-07	6
1.039254139e-06	2.00963635e-07	6
1.040235493e-06	1.809877259e-07	6
1.041216846e-06	1.610118168e-07	6
1.0421982e-06	1.410359077e-07	6
1.043179553e-06	1.210599985e-07	6
1.044160907e-06	1.010840894e-07	6
1.04514226e-06	8.110818029e-08	6
1.046123614e-06	6.113227117e-08	6
1.047104967e-06	4.115636204e-08	6
1.048086321e-06	2.118045292e-08	6
1.049067674e-06	1.204543795e-09	6
1.049067674e-06	1.204543795e-09	0
1.065384163e-06	2.408120306e-09	0
1.081700652e-06	3.611696817e-09	0
1.09801714e-06	4.815273328e-09	0
1.09801714e-06	4.815273328e-09	-6
1.096056798e-06	2.471896786e-08	-6
1.094096455e-06	4.462266239e-08	-6
1.092136112e-06	6.452635693e-08	-6
1.090175769e-06	8.443005146e-08	-6
1.088215426e-06	1.04333746e-07	-6
1.086255083e-06	1.242374405e-07	-6
1.084294741e-06	1.441411351e-07	-6
1.082334398e-06	1.640448296e-07	-6
1.080374055e-06	1.839485241e-07	-6
1.078413712e-06	2.038522187e-07	-6
1.076453369e-06	2.237559132e-07	-6
1.074493027e-06	2.436596077e-07	-6
1.072532684e-06	2.635633023e-07	-6
1.070572341e-06	2.834669968e-07	-6
1.068611998e-06	3.033706913e-07	-6
1.066651655e-06	3.232743859e-07	-6
1.064691313e-06	3.431780804e-07	-6
1.06273097e-06	3.630817749e-07	-6
1.060770627e-06	3.829854695e-07	-6
1.058810284e-06	4.02889164e-07	-6
1.056849941e-06	4.227928585e-07	-6
1.054889599e-06	4.426965531e-07	-6
1.052929256e-06	4.626002476e-07	-6
1.050968913e-06	4.825039421e-07	-6
1.04900857e-06	5.024076367e-07	-6
1.047048227e-06	5.223113312e-07	-6
1.045087885e-06	5.422150257e-07	-6
1.043127542e-06	5.621187203e-07	-6
1.041167199e-06	5.820224148e-07	-6
1.039206856e-06	6.019261093e-07	-6
1.037246513e-06	6.218298039e-07	-6
1.035286171e-06	6.417334984e-07	-6
1.033325828e-06	6.616371929e-07	-6
1.031365485e-06	6.815408875e-07	-6
1.029405142e-06	7.01444582e-07	-6
1.027444799e-06	7.213482765e-07	-6
1.025484456e-06	7.412519711e-07	-6
1.023524114e-06	7.611556656e-07	-6
1.021563771e-06	7.810593601e-07	-6
1.019603428e-06	8.009630547e-07	-6
1.017643085e-06	8.208667492e-07	-6
1.015682742e-06	8.407704437e-07	-6
1.0137224e-06	8.606741383e-07	-6
1.011762057e-06	8.805778328e-07	-6
1.009801714e-06	9.004815273e-07	-6
1.007841371e-06	9.203852219e-07	-6
1.005881028e-06	9.402889164e-07	-6
1.003920686e-06	9.601926109e-07	-6
1.001960343e-06	9.800963055e-07	-6
1e-06	1e-06	-6
9.980396572e-07	1.019903695e-06	-6
9.960793144e-07	1.039807389e-06	-6
9.941189716e-07	1.059711084e-06	-6
9.921586288e-07	1.079614778e-06	-6
9.90198286e-07	1.099518473e-06	-6
9.882379432e-07	1.119422167e-06	-6
9.862776004e-07	1.139325862e-06	-6
9.843172575e-07	1.159229556e-06	-6
9.823569147e-07	1.179133251e-06	-6
9.803965719e-07	1.199036945e-06	-6
9.784362291e-07	1.21894064e-06	-6
9.764758863e-07	1.238844334e-06	-6
9.745155435e-07	1.258748029e-06	-6
9.725552007e-07	1.278651723e-06	-6
9.705948579e-07	1.298555418e-06	-6
9.686345151e-07	1.318459113e-06	-6
9.666741723e-07	1.338362807e-06	-6
9.647138295e-07	1.358266502e-06	-6
9.627534867e-07	1.378170196e-06	-6
9.607931439e-07	1.398073891e-06	-6
9.588328011e-07	1.417977585e-06	-6
9.568724583e-07	1.43788128e-06	-6
9.549121154e-07	1.457784974e-06	-6
9.529517726e-07	1.477688669e-06	-6
9.509914298e-07	1.497592363e-06	-6
9.49031087e-07	1.517496058e-06	-6
9.470707442e-07	1.537399752e-06	-6
9.451104014e-07	1.557303447e-06	-6
9.431500586e-07	1.577207141e-06	-6
9.411897158e-07	1.597110836e-06	-6
9.39229373e-07	1.617014531e-06	-6
9.372690302e-07	1.636918225e-06	-6
9.353086874e-07	1.65682192e-06	-6
9.333483446e-07	1.676725614e-06	-6
9.313880018e-07	1.696629309e-06	-6
9.29427659e-07	1.716533003e-06	-6
9.274673162e-07	1.736436698e-06	-6
9.255069733e-07	1.756340392e-06	-6
9.235466305e-07	1.776244087e-06	-6
9.215862877e-07	1.796147781e-06	-6
9.196259449e-07	1.816051476e-06	-6
9.176656021e-07	1.83595517e-06	-6
9.157052593e-07	1.855858865e-06	-6
9.137449165e-07	1.875762559e-06	-6
9.117845737e-07	1.895666254e-06	-6
9.098242309e-07	1.915569949e-06	-6
9.078638881e-07	1.935473643e-06	-6
9.059035453e-07	1.955377338e-06	-6
9.039432025e-07	1.975281032e-06	-6
9.019828597e-07	1.995184727e-06	-6
9.019828597e-07	1.995184727e-06	0
9.019828597e-07	1.995184727e-06	6
9.039432025e-07	1.975281032e-06	6
9.059035453e-07	1.955377338e-06	6
9.078638881e-07	1.935473643e-06	6
9.098242309e-07	1.915569949e-06	6
9.117845737e-07	1.895666254e-06	6
9.137449165e-07	1.875762559e-06	6
9.157052593e-07	1.855858865e-06	6
9.176656021e-07	1.83595517e-06	6
9.196259449e-07	1.816051476e-06	6
9.215862877e-07	1.796147781e-06	6
9.235466305e-07	1.776244087e-06	6
9.255069733e-07	1.756340392e-06	6
9.274673162e-07	1.736436698e-06	6
9.29427659e-07	1.716533003e-06	6
9.313880018e-07	1.696629309e-06	6
9.333483446e-07	1.676725614e-06	6
9.353086874e-07	1.65682192e-06	6
9.372690302e-07	1.636918225e-06	6
9.39229373e-07	1.617014531e-06	6
9.411897158e-07	1.597110836e-06	6
9.431500586e-07	1.577207141e-06	6
9.451104014e-07	1.557303447e-06	6
9.470707442e-07	1.537399752e-06	6
9.49031087e-07	1.517496058e-06	6
9.509914298e-07	1.497592363e-06	6
9.529517726e-07	1.477688669e-06	6
9.549121154e-07	1.457784974e-06	6
9.568724583e-07	1.43788128e-06	6
9.588328011e-07	1.417977585e-06	6
9.607931439e-07	1.398073891e-06	6
9.627534867e-07	1.378170196e-06	6
9.647138295e-07	1.358266502e-06	6
9.666741723e-07	1.338362807e-06	6
9.686345151e-07	1.318459113e-06	6
9.705948579e-07	1.298555418e-06	6
9.725552007e-07	1.278651723e-06	6
9.745155435e-07	1.258748029e-06	6
9.764758863e-07	1.238844334e-06	6
9.784362291e-07	1.21894064e-06	6
9.803965719e-07	1.199036945e-06	6
9.823569147e-07	1.179133251e-06	6
9.843172575e-07	1.159229556e-06	6
9.862776004e-07	1.139325862e-06	6
9.882379432e-07	1.119422167e-06	6
9.90198286e-07	1.099518473e-06	6
9.921586288e-07	1.079614778e-06	6
9.941189716e-07	1.059711084e-06	6
9.960793144e-07	1.039807389e-06	6
9.980396572e-07	1.019903695e-06	6
1e-06	1e-06	6
1.001960343e-06	9.800963055e-07	6
1.003920686e-06	9.601926109e-07	6
1.005881028e-06	9.402889164e-07	6
1.007841371e-06	9.203852219e-07	6
1.009801714e-06	9.004815273e-07	6
1.011762057e-06	8.805778328e-07	6
1.0137224e-06	8.606741383e-07	6
1.015682742e-06	8.407704437e-07	6
1.017643085e-06	8.208667492e-07	6
1.019603428e-06	8.009630547e-07	6
1.021563771e-06	7.810593601e-07	6
1.023524114e-06	7.611556656e-07	6
1.025484456e-06	7.412519711e-07	6
1.027444799e-06	7.213482765e-07	6
1.029405142e-06	7.01444582e-07	6
1.031365485e-06	6.815408875e-07	6
1.033325828e-06	6.616371929e-07	6
1.035286171e-06	6.417334984e-07	6
1.037246513e-06	6.218298039e-07	6
1.039206856e-06	6.019261093e-07	6
1.041167199e-06	5.820224148e-07	6
1.043127542e-06	5.621187203e-07	6
1.045087885e-06	5.422150257e-07	6
1.047048227e-06	5.223113312e-07	6
1.04900857e-06	5.024076367e-07	6
1.050968913e-06	4.825039421e-07	6
1.052929256e-06	4.626002476e-07	6
1.054889599e-06	4.426965531e-07	6
1.056849941e-06	4.227928585e-07	6
1.058810284e-06	4.02889164e-07	6
1.060770627e-06	3.829854695e-07	6
1.06273097e-06	3.630817749e-07	6
1.064691313e-06	3.431780804e-07	6
1.066651655e-06	3.232743859e-07	6
1.068611998e-06	3.033706913e-07	6
1.070572341e-06	2.834669968e-07	6
1.072532684e-06	2.635633023e-07	6
1.074493027e-06	2.436596077e-07	6
1.076453369e-06	2.237559132e-07	6
1.078413712e-06	2.038522187e-07	6
1.080374055e-06	1.839485241e-07	6
1.082334398e-06	1.640448296e-07	6
1.084294741e-06	1.441411351e-07	6
1.086255083e-06	1.242374405e-07	6
1.088215426e-06	1.04333746e-07	6
1.090175769e-06	8.443005146e-08	6
1.092136112e-06	6.452635693e-08	6
1.094096455e-06	4.462266239e-08	6
1.096056798e-06	2.471896786e-08	6
1.09801714e-06	4.815273328e-09	6
1.09801714e-06	4.815273328e-09	0
1.114254918e-06	6.81801223e-09	0
1.130492696e-06	8.820751133e-09	0
1.146730474e-06	1.082349004e-08	0
1.146730474e-06	1.082349004e-08	-6
1.143795865e-06	3.060702023e-08	-6
1.140861255e-06	5.039055043e-08	-6
1.137926646e-06	7.017408063e-08	-6
1.134992036e-06	8.995761083e-08	-6
1.132057427e-06	1.09741141e-07	-6
1.129122818e-06	1.295246712e-07	-6
1.126188208e-06	1.493082014e-07	-6
1.123253599e-06	1.690917316e-07	-6
1.120318989e-06	1.888752618e-07	-6
1.11738438e-06	2.08658792e-07	-6
1.11444977e-06	2.284423222e-07	-6
1.111515161e-06	2.482258524e-07	-6
1.108580551e-06	2.680093826e-07	-6
1.105645942e-06	2.877929128e-07	-6
1.102711332e-06	3.07576443e-07	-6
1.099776723e-06	3.273599732e-07	-6
1.096842113e-06	3.471435034e-07	-6
1.093907504e-06	3.669270336e-07	-6
1.090972894e-06	3.867105638e-07	-6
1.088038285e-06	4.06494094e-07	-6
1.085103675e-06	4.262776242e-07	-6
1.082169066e-06	4.460611544e-07	-6
1.079234456e-06	4.658446846e-07	-6
1.076299847e-06	4.856282148e-07	-6
1.073365237e-06	5.05411745e-07	-6
1.070430628e-06	5.251952752e-07	-6
1.067496018e-06	5.449788054e-07	-6
1.064561409e-06	5.647623356e-07	-6
1.061626799e-06	5.845458658e-07	-6
1.05869219e-06	6.04329396e-07	-6
1.05575758e-06	6.241129262e-07	-6
1.052822971e-06	6.438964564e-07	-6
1.049888361e-06	6.636799866e-07	-6
1.046953752e-06	6.834635168e-07	-6
1.044019142e-06	7.03247047e-07	-6
1.041084533e-06	7.230305772e-07	-6
1.038149923e-06	7.428141074e-07	-6
1.035215314e-06	7.625976376e-07	-6
1.032280704e-06	7.823811678e-07	-6
1.029346095e-06	8.02164698e-07	-6
1.026411485e-06	8.219482282e-07	-6
1.023476876e-06	8.417317584e-07	-6
1.020542266e-06	8.615152886e-07	-6
1.017607657e-06	8.812988188e-07	-6
1.014673047e-06	9.01082349e-07	-6
1.011738438e-06	9.208658792e-07	-6
1.008803828e-06	9.406494094e-07	-6
1.005869219e-06	9.604329396e-07	-6
1.002934609e-06	9.802164698e-07	-6
1e-06	1e-06	-6
9.970653905e-07	1.01978353e-06	-6
9.94130781e-07	1.03956706e-06	-6
9.911961715e-07	1.059350591e-06	-6
9.88261562e-07	1.079134121e-06	-6
9.853269526e-07	1.098917651e-06	-6
9.823923431e-07	1.118701181e-06	-6
9.794577336e-07	1.138484711e-06	-6
9.765231241e-07	1.158268242e-06	-6
9.735885146e-07	1.178051772e-06	-6
9.706539051e-07	1.197835302e-06	-6
9.677192956e-07	1.217618832e-06	-6
9.647846861e-07	1.237402362e-06	-6
9.618500766e-07	1.257185893e-06	-6
9.589154672e-07	1.276969423e-06	-6
9.559808577e-07	1.296752953e-06	-6
9.530462482e-07	1.316536483e-06	-6
9.501116387e-07	1.336320013e-06	-6
9.471770292e-07	1.356103544e-06	-6
9.442424197e-07	1.375887074e-06	-6
9.413078102e-07	1.395670604e-06	-6
9.383732007e-07	1.415454134e-06	-6
9.354385912e-07	1.435237664e-06	-6
9.325039818e-07	1.455021195e-06	-6
9.295693723e-07	1.474804725e-06	-6
9.266347628e-07	1.494588255e-06	-6
9.237001533e-07	1.514371785e-06	-6
9.207655438e-07	1.534155315e-06	-6
9.178309343e-07	1.553938846e-06	-6
9.148963248e-07	1.573722376e-06	-6
9.119617153e-07	1.593505906e-06	-6
9.090271058e-07	1.613289436e-06	-6
9.060924963e-07	1.633072966e-06	-6
9.031578869e-07	1.652856497e-06	-6
9.002232774e-07	1.672640027e-06	-6
8.972886679e-07	1.692423557e-06	-6
8.943540584e-07	1.712207087e-06	-6
8.914194489e-07	1.731990617e-06	-6
8.884848394e-07	1.751774148e-06	-6
8.855502299e-07	1.771557678e-06	-6
8.826156204e-07	1.791341208e-06	-6
8.796810109e-07	1.811124738e-06	-6
8.767464015e-07	1.830908268e-06	-6
8.73811792e-07	1.850691799e-06	-6
8.708771825e-07	1.870475329e-06	-6
8.67942573e-07	1.890258859e-06	-6
8.650079635e-07	1.910042389e-06	-6
8.62073354e-07	1.929825919e-06	-6
8.591387445e-07	1.94960945e-06	-6
8.56204135e-07	1.96939298e-06	-6
8.532695255e-07	1.98917651e-06	-6
8.532695255e-07	1.98917651e-06	0
8.532695255e-07	1.98917651e-06	6
8.56204135e-07	1.96939298e-06	6
8.591387445e-07	1.94960945e-06	6
8.62073354e-07	1.929825919e-06	6
8.650079635e-07	1.910042389e-06	6
8.67942573e-07	1.890258859e-06	6
8.708771825e-07	1.870475329e-06	6
8.73811792e-07	1.850691799e-06	6
8.767464015e-07	1.830908268e-06	6
8.796810109e-07	1.811124738e-06	6
8.826156204e-07	1.791341208e-06	6
8.855502299e-07	1.771557678e-06	6
8.884848394e-07	1.751774148e-06	6
8.914194489e-07	1.731990617e-06	6
8.943540584e-07	1.712207087e-06	6
8.972886679e-07	1.692423557e-06	6
9.002232774e-07	1.672640027e-06	6
9.031578869e-07	1.652856497e-06	6
9.060924963e-07	1.633072966e-06	6
9.090271058e-07	1.613289436e-06	6
9.119617153e-07	1.593505906e-06	6
9.148963248e-07	1.573722376e-06	6
9.178309343e-07	1.553938846e-06	6
9.207655438e-07	1.534155315e-06	6
9.237001533e-07	1.514371785e-06	6
9.266347628e-07	1.494588255e-06	6
9.295693723e-07	1.474804725e-06	6
9.325039818e-07	1.455021195e-06	6
9.354385912e-07	1.435237664e-06	6
9.383732007e-07	1.415454134e-06	6
9.413078102e-07	1.395670604e-06	6
9.442424197e-07	1.375887074e-06	6
9.471770292e-07	1.356103544e-06	6
9.501116387e-07	1.336320013e-06	6
9.530462482e-07	1.316536483e-06	6
9.559808577e-07	1.296752953e-06	6
9.589154672e-07	1.276969423e-06	6
9.618500766e-07	1.257185893e-06	6
9.647846861e-07	1.237402362e-06	6
9.677192956e-07	1.217618832e-06	6
9.706539051e-07	1.197835302e-06	6
9.735885146e-07	1.178051772e-06	6
9.765231241e-07	1.158268242e-06	6
9.794577336e-07	1.138484711e-06	6
9.823923431e-07	1.118701181e-06	6
9.853269526e-07	1.098917651e-06	6
9.88261562e-07	1.079134121e-06	6
9.911961715e-07	1.059350591e-06	6
9.94130781e-07	1.03956706e-06	6
9.970653905e-07	1.01978353e-06	6
1e-06	1e-06	6
1.002934609e-06	9.802164698e-07	6
1.005869219e-06	9.604329396e-07	6
1.008803828e-06	9.406494094e-07	6
1.011738438e-06	9.208658792e-07	6
1.014673047e-06	9.01082349e-07	6
1.017607657e-06	8.812988188e-07	6
1.020542266e-06	8.615152886e-07	6
1.023476876e-06	8.417317584e-07	6
1.026411485e-06	8.219482282e-07	6
1.029346095e-06	8.02164698e-07	6
1.032280704e-06	7.823811678e-07	6
1.035215314e-06	7.625976376e-07	6
1.038149923e-06	7.428141074e-07	6
1.041084533e-06	7.230305772e-07	6
1.044019142e-06	7.03247047e-07	6
1.046953752e-06	6.834635168e-07	6
1.049888361e-06	6.636799866e-07	6
1.052822971e-06	6.438964564e-07	6
1.05575758e-06	6.241129262e-07	6
1.05869219e-06	6.04329396e-07	6
1.061626799e-06	5.845458658e-07	6
1.064561409e-06	5.647623356e-07	6
1.067496018e-06	5.449788054e-07	6
1.070430628e-06	5.251952752e-07	6
1.073365237e-06	5.05411745e-07	6
1.076299847e-06	4.856282148e-07	6
1.079234456e-06	4.658446846e-07	6
1.082169066e-06	4.460611544e-07	6
1.085103675e-06	4.262776242e-07	6
1.088038285e-06	4.06494094e-07	6
1.090972894e-06	3.867105638e-07	6
1.093907504e-06	3.669270336e-07	6
1.096842113e-06	3.471435034e-07	6
1.099776723e-06	3.273599732e-07	6
1.102711332e-06	3.07576443e-07	6
1.105645942e-06	2.877929128e-07	6
1.108580551e-06	2.680093826e-07	6
1.111515161e-06	2.482258524e-07	6
1.11444977e-06	2.284423222e-07	6
1.11738438e-06	2.08658792e-07	6
1.120318989e-06	1.888752618e-07	6
1.123253599e-06	1.690917316e-07	6
1.126188208e-06	1.493082014e-07	6
1.129122818e-06	1.295246712e-07	6
1.132057427e-06	1.09741141e-07	6
1.134992036e-06	8.995761083e-08	6
1.137926646e-06	7.017408063e-08	6
1.140861255e-06	5.039055043e-08	6
1.143795865e-06	3.060702023e-08	6
1.146730474e-06	1.082349004e-08	6
1.146730474e-06	1.082349004e-08	0
1.162850424e-06	1.362056656e-08	0
1.178970373e-06	1.641764308e-08	0
1.195090322e-06	1.92147196e-08	0
1.195090322e-06	1.92147196e-08	-6
1.191188516e-06	3.88304252e-08	-6
1.187286709e-06	5.844613081e-08	-6
1.183384903e-06	7.806183642e-08	-6
1.179483096e-06	9.767754203e-08	-6
1.17558129e-06	1.172932476e-07	-6
1.171679483e-06	1.369089532e-07	-6
1.167777677e-06	1.565246589e-07	-6
1.16387587e-06	1.761403645e-07	-6
1.159974064e-06	1.957560701e-07	-6
1.156072258e-06	2.153717757e-07	-6
1.152170451e-06	2.349874813e-07	-6
1.148268645e-06	2.546031869e-07	-6
1.144366838e-06	2.742188925e-07	-6
1.140465032e-06	2.938345981e-07	-6
1.136563225e-06	3.134503037e-07	-6
1.132661419e-06	3.330660093e-07	-6
1.128759613e-06	3.526817149e-07	-6
1.124857806e-06	3.722974205e-07	-6
1.120956e-06	3.919131261e-07	-6
1.117054193e-06	4.115288318e-07	-6
1.113152387e-06	4.311445374e-07	-6
1.10925058e-06	4.50760243e-07	-6
1.105348774e-06	4.703759486e-07	-6
1.101446967e-06	4.899916542e-07	-6
1.097545161e-06	5.096073598e-07	-6
1.093643355e-06	5.292230654e-07	-6
1.089741548e-06	5.48838771e-07	-6
1.085839742e-06	5.684544766e-07	-6
1.081937935e-06	5.880701822e-07	-6
1.078036129e-06	6.076858878e-07	-6
1.074134322e-06	6.273015934e-07	-6
1.070232516e-06	6.469172991e-07	-6
1.066330709e-06	6.665330047e-07	-6
1.062428903e-06	6.861487103e-07	-6
1.058527097e-06	7.057644159e-07	-6
1.05462529e-06	7.253801215e-07	-6
1.050723484e-06	7.449958271e-07	-6
1.046821677e-06	7.646115327e-07	-6
1.042919871e-06	7.842272383e-07	-6
1.039018064e-06	8.038429439e-07	-6
1.035116258e-06	8.234586495e-07	-6
1.031214452e-06	8.430743551e-07	-6
1.027312645e-06	8.626900607e-07	-6
1.023410839e-06	8.823057664e-07	-6
1.019509032e-06	9.01921472e-07	-6
1.015607226e-06	9.215371776e-07	-6
1.011705419e-06	9.411528832e-07	-6
1.007803613e-06	9.607685888e-07	-6
1.003901806e-06	9.803842944e-07	-6
1e-06	1e-06	-6
9.960981936e-07	1.019615706e-06	-6
9.921963871e-07	1.039231411e-06	-6
9.882945807e-07	1.058847117e-06	-6
9.843927742e-07	1.078462822e-06	-6
9.804909678e-07	1.098078528e-06	-6
9.765891614e-07	1.117694234e-06	-6
9.726873549e-07	1.137309939e-06	-6
9.687855485e-07	1.156925645e-06	-6
9.64883742e-07	1.17654135e-06	-6
9.609819356e-07	1.196157056e-06	-6
9.570801292e-07	1.215772762e-06	-6
9.531783227e-07	1.235388467e-06	-6
9.492765163e-07	1.255004173e-06	-6
9.453747098e-07	1.274619879e-06	-6
9.414729034e-07	1.294235584e-06	-6
9.37571097e-07	1.31385129e-06	-6
9.336692905e-07	1.333466995e-06	-6
9.297674841e-07	1.353082701e-06	-6
9.258656776e-07	1.372698407e-06	-6
9.219638712e-07	1.392314112e-06	-6
9.180620648e-07	1.411929818e-06	-6
9.141602583e-07	1.431545523e-06	-6
9.102584519e-07	1.451161229e-06	-6
9.063566454e-07	1.470776935e-06	-6
9.02454839e-07	1.49039264e-06	-6
8.985530326e-07	1.510008346e-06	-6
8.946512261e-07	1.529624051e-06	-6
8.907494197e-07	1.549239757e-06	-6
8.868476132e-07	1.568855463e-06	-6
8.829458068e-07	1.588471168e-06	-6
8.790440004e-07	1.608086874e-06	-6
8.751421939e-07	1.627702579e-06	-6
8.712403875e-07	1.647318285e-06	-6
8.67338581e-07	1.666933991e-06	-6
8.634367746e-07	1.686549696e-06	-6
8.595349681e-07	1.706165402e-06	-6
8.556331617e-07	1.725781107e-06	-6
8.517313553e-07	1.745396813e-06	-6
8.478295488e-07	1.765012519e-06	-6
8.439277424e-07	1.784628224e-06	-6
8.400259359e-07	1.80424393e-06	-6
8.361241295e-07	1.823859636e-06	-6
8.322223231e-07	1.843475341e-06	-6
8.283205166e-07	1.863091047e-06	-6
8.244187102e-07	1.882706752e-06	-6
8.205169037e-07	1.902322458e-06	-6
8.166150973e-07	1.921938164e-06	-6
8.127132909e-07	1.941553869e-06	-6
8.088114844e-07	1.961169575e-06	-6
8.04909678e-07	1.98078528e-06	-6
8.04909678e-07	1.98078528e-06	0
8.04909678e-07	1.98078528e-06	6
8.088114844e-07	1.961169575e-06	6
8.127132909e-07	1.941553869e-06	6
8.166150973e-07	1.921938164e-06	6
8.205169037e-07	1.902322458e-06	6
8.244187102e-07	1.882706752e-06	6
8.283205166e-07	1.863091047e-06	6
8.322223231e-07	1.843475341e-06	6
8.361241295e-07	1.823859636e-06	6
8.400259359e-07	1.80424393e-06	6
8.439277424e-07	1.784628224e-06	6
8.478295488e-07	1.765012519e-06	6
8.517313553e-07	1.745396813e-06	6
8.556331617e-07	1.725781107e-06	6
8.595349681e-07	1.706165402e-06	6
8.634367746e-07	1.686549696e-06	6
8.67338581e-07	1.666933991e-06	6
8.712403875e-07	1.647318285e-06	6
8.751421939e-07	1.627702579e-06	6
8.790440004e-07	1.608086874e-06	6
8.829458068e-07	1.588471168e-06	6
8.868476132e-07	1.568855463e-06	6
8.907494197e-07	1.549239757e-06	6
8.946512261e-07	1.529624051e-06	6
8.985530326e-07	1.510008346e-06	6
9.02454839e-07	1.49039264e-06	6
9.063566454e-07	1.470776935e-06	6
9.102584519e-07	1.451161229e-06	6
9.141602583e-07	1.431545523e-06	6
9.180620648e-07	1.411929818e-06	6
9.219638712e-07	1.392314112e-06	6
9.258656776e-07	1.372698407e-06	6
9.297674841e-07	1.353082701e-06	6
9.336692905e-07	1.333466995e-06	6
9.37571097e-07	1.31385129e-06	6
9.414729034e-07	1.294235584e-06	6
9.453747098e-07	1.274619879e-06	6
9.492765163e-07	1.255004173e-06	6
9.531783227e-07	1.235388467e-06	6
9.570801292e-07	1.215772762e-06	6
9.609819356e-07	1.196157056e-06	6
9.64883742e-07	1.17654135e-06	6
9.687855485e-07	1.156925645e-06	6
9.726873549e-07	1.137309939e-06	6
9.765891614e-07	1.117694234e-06	6
9.804909678e-07	1.098078528e-06	6
9.843927742e-07	1.078462822e-06	6
9.882945807e-07	1.058847117e-06	6
9.921963871e-07	1.039231411e-06	6
9.960981936e-07	1.019615706e-06	6
1e-06	1e-06	6
1.003901806e-06	9.803842944e-07	6
1.007803613e-06	9.607685888e-07	6
1.011705419e-06	9.411528832e-07	6
1.015607226e-06	9.215371776e-07	6
1.019509032e-06	9.01921472e-07	6
1.023410839e-06	8.823057664e-07	6
1.027312645e-06	8.626900607e-07	6
1.031214452e-06	8.430743551e-07	6
1.035116258e-06	8.234586495e-07	6
1.039018064e-06	8.038429439e-07	6
1.042919871e-06	7.842272383e-07	6
1.046821677e-06	7.646115327e-07	6
1.050723484e-06	7.449958271e-07	6
1.05462529e-06	7.253801215e-07	6
1.058527097e-06	7.057644159e-07	6
1.062428903e-06	6.861487103e-07	6
1.066330709e-06	6.665330047e-07	6
1.070232516e-06	6.469172991e-07	6
1.074134322e-06	6.273015934e-07	6
1.078036129e-06	6.076858878e-07	6
1.081937935e-06	5.880701822e-07	6
1.085839742e-06	5.684544766e-07	6
1.089741548e-06	5.48838771e-07	6
1.093643355e-06	5.292230654e-07	6
1.097545161e-06	5.096073598e-07	6
1.101446967e-06	4.899916542e-07	6
1.105348774e-06	4.703759486e-07	6
1.10925058e-06	4.50760243e-07	6
1.113152387e-06	4.311445374e-07	6
1.117054193e-06	4.115288318e-07	6
1.120956e-06	3.919131261e-07	6
1.124857806e-06	3.722974205e-07	6
1.128759613e-06	3.526817149e-07	6
1.132661419e-06	3.330660093e-07	6
1.136563225e-06	3.134503037e-07	6
1.140465032e-06	2.938345981e-07	6
1.144366838e-06	2.742188925e-07	6
1.148268645e-06	2.546031869e-07	6
1.152170451e-06	2.349874813e-07	6
1.156072258e-06	2.153717757e-07	6
1.159974064e-06	1.957560701e-07	6
1.16387587e-06	1.761403645e-07	6
1.167777677e-06	1.565246589e-07	6
1.171679483e-06	1.369089532e-07	6
1.17558129e-06	1.172932476e-07	6
1.179483096e-06	9.767754203e-08	6
1.183384903e-06	7.806183642e-08	6
1.187286709e-06	5.844613081e-08	6
1.191188516e-06	3.88304252e-08	6
1.195090322e-06	1.92147196e-08	6
1.195090322e-06	1.92147196e-08	0
1.211053608e-06	2.279939533e-08	0
1.227016894e-06	2.638407107e-08	0
1.24298018e-06	2.996874681e-08	0
1.24298018e-06	2.996874681e-08	-6
1.238120576e-06	4.936937187e-08	-6
1.233260973e-06	6.876999693e-08	-6
1.228401369e-06	8.8170622e-08	-6
1.223541766e-06	1.075712471e-07	-6
1.218682162e-06	1.269718721e-07	-6
1.213822558e-06	1.463724972e-07	-6
1.208962955e-06	1.657731223e-07	-6
1.204103351e-06	1.851737473e-07	-6
1.199243748e-06	2.045743724e-07	-6
1.194384144e-06	2.239749974e-07	-6
1.18952454e-06	2.433756225e-07	-6
1.184664937e-06	2.627762476e-07	-6
1.179805333e-06	2.821768726e-07	-6
1.17494573e-06	3.015774977e-07	-6
1.170086126e-06	3.209781228e-07	-6
1.165226522e-06	3.403787478e-07	-6
1.160366919e-06	3.597793729e-07	-6
1.155507315e-06	3.79179998e-07	-6
1.150647712e-06	3.98580623e-07	-6
1.145788108e-06	4.179812481e-07	-6
1.140928504e-06	4.373818731e-07	-6
1.136068901e-06	4.567824982e-07	-6
1.131209297e-06	4.761831233e-07	-6
1.126349694e-06	4.955837483e-07	-6
1.12149009e-06	5.149843734e-07	-6
1.116630486e-06	5.343849985e-07	-6
1.111770883e-06	5.537856235e-07	-6
1.106911279e-06	5.731862486e-07	-6
1.102051676e-06	5.925868737e-07	-6
1.097192072e-06	6.119874987e-07	-6
1.092332468e-06	6.313881238e-07	-6
1.087472865e-06	6.507887488e-07	-6
1.082613261e-06	6.701893739e-07	-6
1.077753658e-06	6.89589999e-07	-6
1.072894054e-06	7.08990624e-07	-6
1.06803445e-06	7.283912491e-07	-6
1.063174847e-06	7.477918742e-07	-6
1.058315243e-06	7.671924992e-07	-6
1.05345564e-06	7.865931243e-07	-6
1.048596036e-06	8.059937494e-07	-6
1.043736432e-06	8.253943744e-07	-6
1.038876829e-06	8.447949995e-07	-6
1.034017225e-06	8.641956246e-07	-6
1.029157622e-06	8.835962496e-07	-6
1.024298018e-06	9.029968747e-07	-6
1.019438414e-06	9.223974997e-07	-6
1.014578811e-06	9.417981248e-07	-6
1.009719207e-06	9.611987499e-07	-6
1.004859604e-06	9.805993749e-07	-6
1e-06	1e-06	-6
9.951403964e-07	1.019400625e-06	-6
9.902807928e-07	1.03880125e-06	-6
9.854211892e-07	1.058201875e-06	-6
9.805615856e-07	1.0776025e-06	-6
9.75701982e-07	1.097003125e-06	-6
9.708423784e-07	1.11640375e-06	-6
9.659827748e-07	1.135804375e-06	-6
9.611231712e-07	1.155205001e-06	-6
9.562635676e-07	1.174605626e-06	-6
9.51403964e-07	1.194006251e-06	-6
9.465443604e-07	1.213406876e-06	-6
9.416847568e-07	1.232807501e-06	-6
9.368251532e-07	1.252208126e-06	-6
9.319655496e-07	1.271608751e-06	-6
9.27105946e-07	1.291009376e-06	-6
9.222463424e-07	1.310410001e-06	-6
9.173867388e-07	1.329810626e-06	-6
9.125271352e-07	1.349211251e-06	-6
9.076675316e-07	1.368611876e-06	-6
9.02807928e-07	1.388012501e-06	-6
8.979483244e-07	1.407413126e-06	-6
8.930887208e-07	1.426813751e-06	-6
8.882291172e-07	1.446214376e-06	-6
8.833695136e-07	1.465615002e-06	-6
8.7850991e-07	1.485015627e-06	-6
8.736503065e-07	1.504416252e-06	-6
8.687907029e-07	1.523816877e-06	-6
8.639310993e-07	1.543217502e-06	-6
8.590714957e-07	1.562618127e-06	-6
8.542118921e-07	1.582018752e-06	-6
8.493522885e-07	1.601419377e-06	-6
8.444926849e-07	1.620820002e-06	-6
8.396330813e-07	1.640220627e-06	-6
8.347734777e-07	1.659621252e-06	-6
8.299138741e-07	1.679021877e-06	-6
8.250542705e-07	1.698422502e-06	-6
8.201946669e-07	1.717823127e-06	-6
8.153350633e-07	1.737223752e-06	-6
8.104754597e-07	1.756624377e-06	-6
8.056158561e-07	1.776025003e-06	-6
8.007562525e-07	1.795425628e-06	-6
7.958966489e-07	1.814826253e-06	-6
7.910370453e-07	1.834226878e-06	-6
7.861774417e-07	1.853627503e-06	-6
7.813178381e-07	1.873028128e-06	-6
7.764582345e-07	1.892428753e-06	-6
7.715986309e-07	1.911829378e-06	-6
7.667390273e-07	1.931230003e-06	-6
7.618794237e-07	1.950630628e-06	-6
7.570198201e-07	1.970031253e-06	-6
7.570198201e-07	1.970031253e-06	0
7.570198201e-07	1.970031253e-06	6
7.618313088e-07	1.950822714e-06	6
7.666427975e-07	1.931614174e-06	6
7.714542862e-07	1.912405634e-06	6
7.762657749e-07	1.893197095e-06	6
7.810772637e-07	1.873988555e-06	6
7.858887524e-07	1.854780015e-06	6
7.907002411e-07	1.835571476e-06	6
7.955117298e-07	1.816362936e-06	6
8.003232185e-07	1.797154396e-06	6
8.051347072e-07	1.777945857e-06	6
8.099461959e-07	1.758737317e-06	6
8.147576846e-07	1.739528777e-06	6
8.195691733e-07	1.720320238e-06	6
8.243806621e-07	1.701111698e-06	6
8.291921508e-07	1.681903158e-06	6
8.340036395e-07	1.662694619e-06	6
8.388151282e-07	1.643486079e-06	6
8.436266169e-07	1.624277539e-06	6
8.484381056e-07	1.605069e-06	6
8.532495943e-07	1.58586046e-06	6
8.58061083e-07	1.56665192e-06	6
8.628725717e-07	1.547443381e-06	6
8.676840604e-07	1.528234841e-06	6
8.724955492e-07	1.509026301e-06	6
8.773070379e-07	1.489817762e-06	6
8.821185266e-07	1.470609222e-06	6
8.869300153e-07	1.451400682e-06	6
8.91741504e-07	1.432192143e-06	6
8.965529927e-07	1.412983603e-06	6
9.013644814e-07	1.393775063e-06	6
9.061759701e-07	1.374566524e-06	6
9.109874588e-07	1.355357984e-06	6
9.157989476e-07	1.336149444e-06	6
9.206104363e-07	1.316940905e-06	6
9.25421925e-07	1.297732365e-06	6
9.302334137e-07	1.278523825e-06	6
9.350449024e-07	1.259315286e-06	6
9.398563911e-07	1.240106746e-06	6
9.446678798e-07	1.220898206e-06	6
9.494793685e-07	1.201689667e-06	6
9.542908572e-07	1.182481127e-06	6
9.59102346e-07	1.163272587e-06	6
9.639138347e-07	1.144064048e-06	6
9.687253234e-07	1.124855508e-06	6
9.735368121e-07	1.105646968e-06	6
9.783483008e-07	1.086438429e-06	6
9.831597895e-07	1.067229889e-06	6
9.879712782e-07	1.048021349e-06	6
9.927827669e-07	1.02881281e-06	6
9.975942556e-07	1.00960427e-06	6
1.002405744e-06	9.903957302e-07	6
1.007217233e-06	9.711871905e-07	6
1.012028722e-06	9.519786508e-07	6
1.01684021e-06	9.327701112e-07	6
1.021651699e-06	9.135615715e-07	6
1.026463188e-06	8.943530318e-07	6
1.031274677e-06	8.751444922e-07	6
1.036086165e-06	8.559359525e-07	6
1.040897654e-06	8.367274128e-07	6
1.045709143e-06	8.175188732e-07	6
1.050520631e-06	7.983103335e-07	6
1.05533212e-06	7.791017938e-07	6
1.060143609e-06	7.598932542e-07	6
1.064955098e-06	7.406847145e-07	6
1.069766586e-06	7.214761748e-07	6
1.074578075e-06	7.022676352e-07	6
1.079389564e-06	6.830590955e-07	6
1.084201052e-06	6.638505558e-07	6
1.089012541e-06	6.446420162e-07	6
1.09382403e-06	6.254334765e-07	6
1.098635519e-06	6.062249368e-07	6
1.103447007e-06	5.870163972e-07	6
1.108258496e-06	5.678078575e-07	6
1.113069985e-06	5.485993178e-07	6
1.117881473e-06	5.293907782e-07	6
1.122692962e-06	5.101822385e-07	6
1.127504451e-06	4.909736988e-07	6
1.13231594e-06	4.717651592e-07	6
1.137127428e-06	4.525566195e-07	6
1.141938917e-06	4.333480798e-07	6
1.146750406e-06	4.141395401e-07	6
1.151561894e-06	3.949310005e-07	6
1.156373383e-06	3.757224608e-07	6
1.161184872e-06	3.565139211e-07	6
1.165996361e-06	3.373053815e-07	6
1.170807849e-06	3.180968418e-07	6
1.175619338e-06	2.988883021e-07	6
1.180430827e-06	2.796797625e-07	6
1.185242315e-06	2.604712228e-07	6
1.190053804e-06	2.412626831e-07	6
1.194865293e-06	2.220541435e-07	6
1.199676782e-06	2.028456038e-07	6
1.20448827e-06	1.836370641e-07	6
1.209299759e-06	1.644285245e-07	6
1.214111248e-06	1.452199848e-07	6
1.218922736e-06	1.260114451e-07	6
1.223734225e-06	1.068029055e-07	6
1.228545714e-06	8.759436581e-08	6
1.233357202e-06	6.838582614e-08	6
1.238168691e-06	4.917728647e-08	6
1.24298018e-06	2.996874681e-08	6
1.24298018e-06	2.996874681e-08	0
1.258748346e-06	3.433238596e-08	0
1.274516511e-06	3.869602511e-08	0
1.290284677e-06	4.305966427e-08	0
1.290284677e-06	4.305966427e-08	-6
1.284536466e-06	6.200897785e-08	-6
1.278788254e-06	8.095829143e-08	-6
1.273040043e-06	9.9907605e-08	-6
1.267291832e-06	1.188569186e-07	-6
1.26154362e-06	1.378062322e-07	-6
1.255795409e-06	1.567555457e-07	-6
1.250047197e-06	1.757048593e-07	-6
1.244298986e-06	1.946541729e-07	-6
1.238550774e-06	2.136034865e-07	-6
1.232802563e-06	2.325528001e-07	-6
1.227054352e-06	2.515021136e-07	-6
1.22130614e-06	2.704514272e-07	-6
1.215557929e-06	2.894007408e-07	-6
1.209809717e-06	3.083500544e-07	-6
1.204061506e-06	3.27299368e-07	-6
1.198313294e-06	3.462486815e-07	-6
1.192565083e-06	3.651979951e-07	-6
1.186816872e-06	3.841473087e-07	-6
1.18106866e-06	4.030966223e-07	-6
1.175320449e-06	4.220459358e-07	-6
1.169572237e-06	4.409952494e-07	-6
1.163824026e-06	4.59944563e-07	-6
1.158075814e-06	4.788938766e-07	-6
1.152327603e-06	4.978431902e-07	-6
1.146579391e-06	5.167925037e-07	-6
1.14083118e-06	5.357418173e-07	-6
1.135082969e-06	5.546911309e-07	-6
1.129334757e-06	5.736404445e-07	-6
1.123586546e-06	5.925897581e-07	-6
1.117838334e-06	6.115390716e-07	-6
1.112090123e-06	6.304883852e-07	-6
1.106341911e-06	6.494376988e-07	-6
1.1005937e-06	6.683870124e-07	-6
1.094845489e-06	6.873363259e-07	-6
1.089097277e-06	7.062856395e-07	-6
1.083349066e-06	7.252349531e-07	-6
1.077600854e-06	7.441842667e-07	-6
1.071852643e-06	7.631335803e-07	-6
1.066104431e-06	7.820828938e-07	-6
1.06035622e-06	8.010322074e-07	-6
1.054608009e-06	8.19981521e-07	-6
1.048859797e-06	8.389308346e-07	-6
1.043111586e-06	8.578801482e-07	-6
1.037363374e-06	8.768294617e-07	-6
1.031615163e-06	8.957787753e-07	-6
1.025866951e-06	9.147280889e-07	-6
1.02011874e-06	9.336774025e-07	-6
1.014370529e-06	9.526267161e-07	-6
1.008622317e-06	9.715760296e-07	-6
1.002874106e-06	9.905253432e-07	-6
9.971258943e-07	1.009474657e-06	-6
9.913776829e-07	1.02842397e-06	-6
9.856294714e-07	1.047373284e-06	-6
9.7988126e-07	1.066322598e-06	-6
9.741330486e-07	1.085271911e-06	-6
9.683848371e-07	1.104221225e-06	-6
9.626366257e-07	1.123170538e-06	-6
9.568884143e-07	1.142119852e-06	-6
9.511402028e-07	1.161069165e-06	-6
9.453919914e-07	1.180018479e-06	-6
9.3964378e-07	1.198967793e-06	-6
9.338955685e-07	1.217917106e-06	-6
9.281473571e-07	1.23686642e-06	-6
9.223991457e-07	1.255815733e-06	-6
9.166509343e-07	1.274765047e-06	-6
9.109027228e-07	1.29371436e-06	-6
9.051545114e-07	1.312663674e-06	-6
8.994063e-07	1.331612988e-06	-6
8.936580885e-07	1.350562301e-06	-6
8.879098771e-07	1.369511615e-06	-6
8.821616657e-07	1.388460928e-06	-6
8.764134542e-07	1.407410242e-06	-6
8.706652428e-07	1.426359556e-06	-6
8.649170314e-07	1.445308869e-06	-6
8.591688199e-07	1.464258183e-06	-6
8.534206085e-07	1.483207496e-06	-6
8.476723971e-07	1.50215681e-06	-6
8.419241857e-07	1.521106123e-06	-6
8.361759742e-07	1.540055437e-06	-6
8.304277628e-07	1.559004751e-06	-6
8.246795514e-07	1.577954064e-06	-6
8.189313399e-07	1.596903378e-06	-6
8.131831285e-07	1.615852691e-06	-6
8.074349171e-07	1.634802005e-06	-6
8.016867056e-07	1.653751318e-06	-6
7.959384942e-07	1.672700632e-06	-6
7.901902828e-07	1.691649946e-06	-6
7.844420713e-07	1.710599259e-06	-6
7.786938599e-07	1.729548573e-06	-6
7.729456485e-07	1.748497886e-06	-6
7.671974371e-07	1.7674472e-06	-6
7.614492256e-07	1.786396514e-06	-6
7.557010142e-07	1.805345827e-06	-6
7.499528028e-07	1.824295141e-06	-6
7.442045913e-07	1.843244454e-06	-6
7.384563799e-07	1.862193768e-06	-6
7.327081685e-07	1.881143081e-06	-6
7.26959957e-07	1.900092395e-06	-6
7.212117456e-07	1.919041709e-06	-6
7.154635342e-07	1.937991022e-06	-6
7.097153227e-07	1.956940336e-06	-6
7.097153227e-07	1.956940336e-06	0
7.097153227e-07	1.956940336e-06	6
7.154635342e-07	1.937991022e-06	6
7.212117456e-07	1.919041709e-06	6
7.26959957e-07	1.900092395e-06	6
7.327081685e-07	1.881143081e-06	6
7.384563799e-07	1.862193768e-06	6
7.442045913e-07	1.843244454e-06	6
7.499528028e-07	1.824295141e-06	6
7.557010142e-07	1.805345827e-06	6
7.614492256e-07	1.786396514e-06	6
7.671974371e-07	1.7674472e-06	6
7.729456485e-07	1.748497886e-06	6
7.786938599e-07	1.729548573e-06	6
7.844420713e-07	1.710599259e-06	6
7.901902828e-07	1.691649946e-06	6
7.959384942e-07	1.672700632e-06	6
8.016867056e-07	1.653751318e-06	6
8.074349171e-07	1.634802005e-06	6
8.131831285e-07	1.615852691e-06	6
8.189313399e-07	1.596903378e-06	6
8.246795514e-07	1.577954064e-06	6
8.304277628e-07	1.559004751e-06	6
8.361759742e-07	1.540055437e-06	6
8.419241857e-07	1.521106123e-06	6
8.476723971e-07	1.50215681e-06	6
8.534206085e-07	1.483207496e-06	6
8.591688199e-07	1.464258183e-06	6
8.649170314e-07	1.445308869e-06	6
8.706652428e-07	1.426359556e-06	6
8.764134542e-07	1.407410242e-06	6
8.821616657e-07	1.388460928e-06	6
8.879098771e-07	1.369511615e-06	6
8.936580885e-07	1.350562301e-06	6
8.994063e-07	1.331612988e-06	6
9.051545114e-07	1.312663674e-06	6
9.109027228e-07	1.29371436e-06	6
9.166509343e-07	1.274765047e-06	6
9.223991457e-07	1.255815733e-06	6
9.281473571e-07	1.23686642e-06	6
9.338955685e-07	1.217917106e-06	6
9.3964378e-07	1.198967793e-06	6
9.453919914e-07	1.180018479e-06	6
9.511402028e-07	1.161069165e-06	6
9.568884143e-07	1.142119852e-06	6
9.626366257e-07	1.123170538e-06	6
9.683848371e-07	1.104221225e-06	6
9.741330486e-07	1.085271911e-06	6
9.7988126e-07	1.066322598e-06	6
9.856294714e-07	1.047373284e-06	6
9.913776829e-07	1.02842397e-06	6
9.971258943e-07	1.009474657e-06	6
1.002874106e-06	9.905253432e-07	6
1.008622317e-06	9.715760296e-07	6
1.014370529e-06	9.526267161e-07	6
1.02011874e-06	9.336774025e-07	6
1.025866951e-06	9.147280889e-07	6
1.031615163e-06	8.957787753e-07	6
1.037363374e-06	8.768294617e-07	6
1.043111586e-06	8.578801482e-07	6
1.048859797e-06	8.389308346e-07	6
1.054608009e-06	8.19981521e-07	6
1.06035622e-06	8.010322074e-07	6
1.066104431e-06	7.820828938e-07	6
1.071852643e-06	7.631335803e-07	6
1.077600854e-06	7.441842667e-07	6
1.083349066e-06	7.252349531e-07	6
1.089097277e-06	7.062856395e-07	6
1.094845489e-06	6.873363259e-07	6
1.1005937e-06	6.683870124e-07	6
1.106341911e-06	6.494376988e-07	6
1.112090123e-06	6.304883852e-07	6
1.117838334e-06	6.115390716e-07	6
1.123586546e-06	5.925897581e-07	6
1.129334757e-06	5.736404445e-07	6
1.135082969e-06	5.546911309e-07	6
1.14083118e-06	5.357418173e-07	6
1.146579391e-06	5.167925037e-07	6
1.152327603e-06	4.978431902e-07	6
1.158075814e-06	4.788938766e-07	6
1.163824026e-06	4.59944563e-07	6
1.169572237e-06	4.409952494e-07	6
1.175320449e-06	4.220459358e-07	6
1.18106866e-06	4.030966223e-07	6
1.186816872e-06	3.841473087e-07	6
1.192565083e-06	3.651979951e-07	6
1.198313294e-06	3.462486815e-07	6
1.204061506e-06	3.27299368e-07	6
1.209809717e-06	3.083500544e-07	6
1.215557929e-06	2.894007408e-07	6
1.22130614e-06	2.704514272e-07	6
1.227054352e-06	2.515021136e-07	6
1.232802563e-06	2.325528001e-07	6
1.238550774e-06	2.136034865e-07	6
1.244298986e-06	1.946541729e-07	6
1.250047197e-06	1.757048593e-07	6
1.255795409e-06	1.567555457e-07	6
1.26154362e-06	1.378062322e-07	6
1.267291832e-06	1.188569186e-07	6
1.273040043e-06	9.9907605e-08	6
1.278788254e-06	8.095829143e-08	6
1.284536466e-06	6.200897785e-08	6
1.290284677e-06	4.305966427e-08	6
1.290284677e-06	4.305966427e-08	0
1.305819736e-06	4.819175445e-08	0
1.321354795e-06	5.332384463e-08	0
1.336889853e-06	5.845593482e-08	0
1.336889853e-06	5.845593482e-08	-6
1.330152056e-06	7.728681612e-08	-6
1.323414259e-06	9.611769742e-08	-6
1.316676462e-06	1.149485787e-07	-6
1.309938665e-06	1.3377946e-07	-6
1.303200868e-06	1.526103413e-07	-6
1.296463071e-06	1.714412226e-07	-6
1.289725274e-06	1.902721039e-07	-6
1.282987477e-06	2.091029852e-07	-6
1.27624968e-06	2.279338665e-07	-6
1.269511883e-06	2.467647479e-07	-6
1.262774086e-06	2.655956292e-07	-6
1.256036289e-06	2.844265105e-07	-6
1.249298492e-06	3.032573918e-07	-6
1.242560694e-06	3.220882731e-07	-6
1.235822897e-06	3.409191544e-07	-6
1.2290851e-06	3.597500357e-07	-6
1.222347303e-06	3.78580917e-07	-6
1.215609506e-06	3.974117983e-07	-6
1.208871709e-06	4.162426796e-07	-6
1.202133912e-06	4.350735609e-07	-6
1.195396115e-06	4.539044422e-07	-6
1.188658318e-06	4.727353235e-07	-6
1.181920521e-06	4.915662048e-07	-6
1.175182724e-06	5.103970861e-07	-6
1.168444927e-06	5.292279674e-07	-6
1.16170713e-06	5.480588487e-07	-6
1.154969333e-06	5.6688973e-07	-6
1.148231535e-06	5.857206113e-07	-6
1.141493738e-06	6.045514926e-07	-6
1.134755941e-06	6.233823739e-07	-6
1.128018144e-06	6.422132552e-07	-6
1.121280347e-06	6.610441365e-07	-6
1.11454255e-06	6.798750178e-07	-6
1.107804753e-06	6.987058991e-07	-6
1.101066956e-06	7.175367804e-07	-6
1.094329159e-06	7.363676617e-07	-6
1.087591362e-06	7.551985431e-07	-6
1.080853565e-06	7.740294244e-07	-6
1.074115768e-06	7.928603057e-07	-6
1.067377971e-06	8.11691187e-07	-6
1.060640174e-06	8.305220683e-07	-6
1.053902377e-06	8.493529496e-07	-6
1.047164579e-06	8.681838309e-07	-6
1.040426782e-06	8.870147122e-07	-6
1.033688985e-06	9.058455935e-07	-6
1.026951188e-06	9.246764748e-07	-6
1.020213391e-06	9.435073561e-07	-6
1.013475594e-06	9.623382374e-07	-6
1.006737797e-06	9.811691187e-07	-6
1e-06	1e-06	-6
9.932622029e-07	1.018830881e-06	-6
9.865244059e-07	1.037661763e-06	-6
9.797866088e-07	1.056492644e-06	-6
9.730488117e-07	1.075323525e-06	-6
9.663110147e-07	1.094154407e-06	-6
9.595732176e-07	1.112985288e-06	-6
9.528354205e-07	1.131816169e-06	-6
9.460976235e-07	1.15064705e-06	-6
9.393598264e-07	1.169477932e-06	-6
9.326220293e-07	1.188308813e-06	-6
9.258842323e-07	1.207139694e-06	-6
9.191464352e-07	1.225970576e-06	-6
9.124086381e-07	1.244801457e-06	-6
9.056708411e-07	1.263632338e-06	-6
8.98933044e-07	1.28246322e-06	-6
8.921952469e-07	1.301294101e-06	-6
8.854574498e-07	1.320124982e-06	-6
8.787196528e-07	1.338955863e-06	-6
8.719818557e-07	1.357786745e-06	-6
8.652440586e-07	1.376617626e-06	-6
8.585062616e-07	1.395448507e-06	-6
8.517684645e-07	1.414279389e-06	-6
8.450306674e-07	1.43311027e-06	-6
8.382928704e-07	1.451941151e-06	-6
8.315550733e-07	1.470772033e-06	-6
8.248172762e-07	1.489602914e-06	-6
8.180794792e-07	1.508433795e-06	-6
8.113416821e-07	1.527264677e-06	-6
8.04603885e-07	1.546095558e-06	-6
7.97866088e-07	1.564926439e-06	-6
7.911282909e-07	1.58375732e-06	-6
7.843904938e-07	1.602588202e-06	-6
7.776526968e-07	1.621419083e-06	-6
7.709148997e-07	1.640249964e-06	-6
7.641771026e-07	1.659080846e-06	-6
7.574393056e-07	1.677911727e-06	-6
7.507015085e-07	1.696742608e-06	-6
7.439637114e-07	1.71557349e-06	-6
7.372259144e-07	1.734404371e-06	-6
7.304881173e-07	1.753235252e-06	-6
7.237503202e-07	1.772066133e-06	-6
7.170125232e-07	1.790897015e-06	-6
7.102747261e-07	1.809727896e-06	-6
7.03536929e-07	1.828558777e-06	-6
6.967991319e-07	1.847389659e-06	-6
6.900613349e-07	1.86622054e-06	-6
6.833235378e-07	1.885051421e-06	-6
6.765857407e-07	1.903882303e-06	-6
6.698479437e-07	1.922713184e-06	-6
6.631101466e-07	1.941544065e-06	-6
6.631101466e-07	1.941544065e-06	0
6.631101466e-07	1.941544065e-06	6
6.697812328e-07	1.922899628e-06	6
6.76452319e-07	1.904255191e-06	6
6.831234052e-07	1.885610754e-06	6
6.897944914e-07	1.866966317e-06	6
6.964655776e-07	1.848321881e-06	6
7.031366638e-07	1.829677444e-06	6
7.0980775e-07	1.811033007e-06	6
7.164788363e-07	1.79238857e-06	6
7.231499225e-07	1.773744133e-06	6
7.298210087e-07	1.755099696e-06	6
7.364920949e-07	1.736455259e-06	6
7.431631811e-07	1.717810822e-06	6
7.498342673e-07	1.699166385e-06	6
7.565053535e-07	1.680521948e-06	6
7.631764397e-07	1.661877511e-06	6
7.698475259e-07	1.643233074e-06	6
7.765186121e-07	1.624588637e-06	6
7.831896983e-07	1.6059442e-06	6
7.898607845e-07	1.587299763e-06	6
7.965318707e-07	1.568655326e-06	6
8.032029569e-07	1.55001089e-06	6
8.098740431e-07	1.531366453e-06	6
8.165451293e-07	1.512722016e-06	6
8.232162155e-07	1.494077579e-06	6
8.298873018e-07	1.475433142e-06	6
8.36558388e-07	1.456788705e-06	6
8.432294742e-07	1.438144268e-06	6
8.499005604e-07	1.419499831e-06	6
8.565716466e-07	1.400855394e-06	6
8.632427328e-07	1.382210957e-06	6
8.69913819e-07	1.36356652e-06	6
8.765849052e-07	1.344922083e-06	6
8.832559914e-07	1.326277646e-06	6
8.899270776e-07	1.307633209e-06	6
8.965981638e-07	1.288988772e-06	6
9.0326925e-07	1.270344336e-06	6
9.099403362e-07	1.251699899e-06	6
9.166114224e-07	1.233055462e-06	6
9.232825086e-07	1.214411025e-06	6
9.299535948e-07	1.195766588e-06	6
9.36624681e-07	1.177122151e-06	6
9.432957673e-07	1.158477714e-06	6
9.499668535e-07	1.139833277e-06	6
9.566379397e-07	1.12118884e-06	6
9.633090259e-07	1.102544403e-06	6
9.699801121e-07	1.083899966e-06	6
9.766511983e-07	1.065255529e-06	6
9.833222845e-07	1.046611092e-06	6
9.899933707e-07	1.027966655e-06	6
9.966644569e-07	1.009322218e-06	6
1.003335543e-06	9.906777815e-07	6
1.010006629e-06	9.720333446e-07	6
1.016677716e-06	9.533889077e-07	6
1.023348802e-06	9.347444707e-07	6
1.030019888e-06	9.161000338e-07	6
1.036690974e-06	8.974555969e-07	6
1.04336206e-06	8.788111599e-07	6
1.050033147e-06	8.60166723e-07	6
1.056704233e-06	8.415222861e-07	6
1.063375319e-06	8.228778491e-07	6
1.070046405e-06	8.042334122e-07	6
1.076717491e-06	7.855889753e-07	6
1.083388578e-06	7.669445383e-07	6
1.090059664e-06	7.483001014e-07	6
1.09673075e-06	7.296556645e-07	6
1.103401836e-06	7.110112275e-07	6
1.110072922e-06	6.923667906e-07	6
1.116744009e-06	6.737223536e-07	6
1.123415095e-06	6.550779167e-07	6
1.130086181e-06	6.364334798e-07	6
1.136757267e-06	6.177890428e-07	6
1.143428353e-06	5.991446059e-07	6
1.15009944e-06	5.80500169e-07	6
1.156770526e-06	5.61855732e-07	6
1.163441612e-06	5.432112951e-07	6
1.170112698e-06	5.245668582e-07	6
1.176783784e-06	5.059224212e-07	6
1.183454871e-06	4.872779843e-07	6
1.190125957e-06	4.686335474e-07	6
1.196797043e-06	4.499891104e-07	6
1.203468129e-06	4.313446735e-07	6
1.210139215e-06	4.127002366e-07	6
1.216810302e-06	3.940557996e-07	6
1.223481388e-06	3.754113627e-07	6
1.230152474e-06	3.567669258e-07	6
1.23682356e-06	3.381224888e-07	6
1.243494647e-06	3.194780519e-07	6
1.250165733e-06	3.00833615e-07	6
1.256836819e-06	2.82189178e-07	6
1.263507905e-06	2.635447411e-07	6
1.270178991e-06	2.449003042e-07	6
1.276850078e-06	2.262558672e-07	6
1.283521164e-06	2.076114303e-07	6
1.29019225e-06	1.889669934e-07	6
1.296863336e-06	1.703225564e-07	6
1.303534422e-06	1.516781195e-07	6
1.310205509e-06	1.330336826e-07	6
1.316876595e-06	1.143892456e-07	6
1.323547681e-06	9.574480869e-08	6
1.330218767e-06	7.710037175e-08	6
1.336889853e-06	5.845593482e-08	6
1.336889853e-06	5.845593482e-08	0
1.35215438e-06	6.434411237e-08	0
1.367418906e-06	7.023228993e-08	0
1.382683432e-06	7.612046749e-08	0
1.382683432e-06	7.612046749e-08	-6
1.375029764e-06	9.459805814e-08	-6
1.367376095e-06	1.130756488e-07	-6
1.359722426e-06	1.315532394e-07	-6
1.352068758e-06	1.500308301e-07	-6
1.344415089e-06	1.685084207e-07	-6
1.33676142e-06	1.869860114e-07	-6
1.329107752e-06	2.05463602e-07	-6
1.321454083e-06	2.239411927e-07	-6
1.313800415e-06	2.424187833e-07	-6
1.306146746e-06	2.60896374e-07	-6
1.298493077e-06	2.793739646e-07	-6
1.290839409e-06	2.978515553e-07	-6
1.28318574e-06	3.163291459e-07	-6
1.275532071e-06	3.348067366e-07	-6
1.267878403e-06	3.532843272e-07	-6
1.260224734e-06	3.717619179e-07	-6
1.252571065e-06	3.902395085e-07	-6
1.244917397e-06	4.087170992e-07	-6
1.237263728e-06	4.271946898e-07	-6
1.229610059e-06	4.456722805e-07	-6
1.221956391e-06	4.641498711e-07	-6
1.214302722e-06	4.826274618e-07	-6
1.206649053e-06	5.011050524e-07	-6
1.198995385e-06	5.195826431e-07	-6
1.191341716e-06	5.380602337e-07	-6
1.183688048e-06	5.565378244e-07	-6
1.176034379e-06	5.75015415e-07	-6
1.16838071e-06	5.934930057e-07	-6
1.160727042e-06	6.119705963e-07	-6
1.153073373e-06	6.30448187e-07	-6
1.145419704e-06	6.489257776e-07	-6
1.137766036e-06	6.674033683e-07	-6
1.130112367e-06	6.858809589e-07	-6
1.122458698e-06	7.043585496e-07	-6
1.11480503e-06	7.228361402e-07	-6
1.107151361e-06	7.413137309e-07	-6
1.099497692e-06	7.597913215e-07	-6
1.091844024e-06	7.782689122e-07	-6
1.084190355e-06	7.967465028e-07	-6
1.076536686e-06	8.152240935e-07	-6
1.068883018e-06	8.337016841e-07	-6
1.061229349e-06	8.521792748e-07	-6
1.053575681e-06	8.706568654e-07	-6
1.045922012e-06	8.891344561e-07	-6
1.038268343e-06	9.076120467e-07	-6
1.030614675e-06	9.260896374e-07	-6
1.022961006e-06	9.44567228e-07	-6
1.015307337e-06	9.630448187e-07	-6
1.007653669e-06	9.815224093e-07	-6
1e-06	1e-06	-6
9.923463314e-07	1.018477591e-06	-6
9.846926627e-07	1.036955181e-06	-6
9.770389941e-07	1.055432772e-06	-6
9.693853254e-07	1.073910363e-06	-6
9.617316568e-07	1.092387953e-06	-6
9.540779881e-07	1.110865544e-06	-6
9.464243195e-07	1.129343135e-06	-6
9.387706508e-07	1.147820725e-06	-6
9.311169822e-07	1.166298316e-06	-6
9.234633135e-07	1.184775907e-06	-6
9.158096449e-07	1.203253497e-06	-6
9.081559762e-07	1.221731088e-06	-6
9.005023076e-07	1.240208678e-06	-6
8.928486389e-07	1.258686269e-06	-6
8.851949703e-07	1.27716386e-06	-6
8.775413016e-07	1.29564145e-06	-6
8.69887633e-07	1.314119041e-06	-6
8.622339643e-07	1.332596632e-06	-6
8.545802957e-07	1.351074222e-06	-6
8.469266271e-07	1.369551813e-06	-6
8.392729584e-07	1.388029404e-06	-6
8.316192898e-07	1.406506994e-06	-6
8.239656211e-07	1.424984585e-06	-6
8.163119525e-07	1.443462176e-06	-6
8.086582838e-07	1.461939766e-06	-6
8.010046152e-07	1.480417357e-06	-6
7.933509465e-07	1.498894948e-06	-6
7.856972779e-07	1.517372538e-06	-6
7.780436092e-07	1.535850129e-06	-6
7.703899406e-07	1.55432772e-06	-6
7.627362719e-07	1.57280531e-06	-6
7.550826033e-07	1.591282901e-06	-6
7.474289346e-07	1.609760491e-06	-6
7.39775266e-07	1.628238082e-06	-6
7.321215973e-07	1.646715673e-06	-6
7.244679287e-07	1.665193263e-06	-6
7.1681426e-07	1.683670854e-06	-6
7.091605914e-07	1.702148445e-06	-6
7.015069228e-07	1.720626035e-06	-6
6.938532541e-07	1.739103626e-06	-6
6.861995855e-07	1.757581217e-06	-6
6.785459168e-07	1.776058807e-06	-6
6.708922482e-07	1.794536398e-06	-6
6.632385795e-07	1.813013989e-06	-6
6.555849109e-07	1.831491579e-06	-6
6.479312422e-07	1.84996917e-06	-6
6.402775736e-07	1.868446761e-06	-6
6.326239049e-07	1.886924351e-06	-6
6.249702363e-07	1.905401942e-06	-6
6.173165676e-07	1.923879533e-06	-6
6.173165676e-07	1.923879533e-06	0
6.173165676e-07	1.923879533e-06	6
6.249702363e-07	1.905401942e-06	6
6.326239049e-07	1.886924351e-06	6
6.402775736e-07	1.868446761e-06	6
6.479312422e-07	1.84996917e-06	6
6.555849109e-07	1.831491579e-06	6
6.632385795e-07	1.813013989e-06	6
6.708922482e-07	1.794536398e-06	6
6.785459168e-07	1.776058807e-06	6
6.861995855e-07	1.757581217e-06	6
6.938532541e-07	1.739103626e-06	6
7.015069228e-07	1.720626035e-06	6
7.091605914e-07	1.702148445e-06	6
7.1681426e-07	1.683670854e-06	6
7.244679287e-07	1.665193263e-06	6
7.321215973e-07	1.646715673e-06	6
7.39775266e-07	1.628238082e-06	6
7.474289346e-07	1.609760491e-06	6
7.550826033e-07	1.591282901e-06	6
7.627362719e-07	1.57280531e-06	6
7.703899406e-07	1.55432772e-06	6
7.780436092e-07	1.535850129e-06	6
7.856972779e-07	1.517372538e-06	6
7.933509465e-07	1.498894948e-06	6
8.010046152e-07	1.480417357e-06	6
8.086582838e-07	1.461939766e-06	6
8.163119525e-07	1.443462176e-06	6
8.239656211e-07	1.424984585e-06	6
8.316192898e-07	1.406506994e-06	6
8.392729584e-07	1.388029404e-06	6
8.469266271e-07	1.369551813e-06	6
8.545802957e-07	1.351074222e-06	6
8.622339643e-07	1.332596632e-06	6
8.69887633e-07	1.314119041e-06	6
8.775413016e-07	1.29564145e-06	6
8.851949703e-07	1.27716386e-06	6
8.928486389e-07	1.258686269e-06	6
9.005023076e-07	1.240208678e-06	6
9.081559762e-07	1.221731088e-06	6
9.158096449e-07	1.203253497e-06	6
9.234633135e-07	1.184775907e-06	6
9.311169822e-07	1.166298316e-06	6
9.387706508e-07	1.147820725e-06	6
9.464243195e-07	1.129343135e-06	6
9.540779881e-07	1.110865544e-06	6
9.617316568e-07	1.092387953e-06	6
9.693853254e-07	1.073910363e-06	6
9.770389941e-07	1.055432772e-06	6
9.846926627e-07	1.036955181e-06	6
9.923463314e-07	1.018477591e-06	6
1e-06	1e-06	6
1.007653669e-06	9.815224093e-07	6
1.015307337e-06	9.630448187e-07	6
1.022961006e-06	9.44567228e-07	6
1.030614675e-06	9.260896374e-07	6
1.038268343e-06	9.076120467e-07	6
1.045922012e-06	8.891344561e-07	6
1.053575681e-06	8.706568654e-07	6
1.061229349e-06	8.521792748e-07	6
1.068883018e-06	8.337016841e-07	6
1.076536686e-06	8.152240935e-07	6
1.084190355e-06	7.967465028e-07	6
1.091844024e-06	7.782689122e-07	6
1.099497692e-06	7.597913215e-07	6
1.107151361e-06	7.413137309e-07	6
1.11480503e-06	7.228361402e-07	6
1.122458698e-06	7.043585496e-07	6
1.130112367e-06	6.858809589e-07	6
1.137766036e-06	6.674033683e-07	6
1.145419704e-06	6.489257776e-07	6
1.153073373e-06	6.30448187e-07	6
1.160727042e-06	6.119705963e-07	6
1.16838071e-06	5.934930057e-07	6
1.176034379e-06	5.75015415e-07	6
1.183688048e-06	5.565378244e-07	6
1.191341716e-06	5.380602337e-07	6
1.198995385e-06	5.195826431e-07	6
1.206649053e-06	5.011050524e-07	6
1.214302722e-06	4.826274618e-07	6
1.221956391e-06	4.641498711e-07	6
1.229610059e-06	4.456722805e-07	6
1.237263728e-06	4.271946898e-07	6
1.244917397e-06	4.087170992e-07	6
1.252571065e-06	3.902395085e-07	6
1.260224734e-06	3.717619179e-07	6
1.267878403e-06	3.532843272e-07	6
1.275532071e-06	3.348067366e-07	6
1.28318574e-06	3.163291459e-07	6
1.290839409e-06	2.978515553e-07	6
1.298493077e-06	2.793739646e-07	6
1.306146746e-06	2.60896374e-07	6
1.313800415e-06	2.424187833e-07	6
1.321454083e-06	2.239411927e-07	6
1.329107752e-06	2.05463602e-07	6
1.33676142e-06	1.869860114e-07	6
1.344415089e-06	1.685084207e-07	6
1.352068758e-06	1.500308301e-07	6
1.359722426e-06	1.315532394e-07	6
1.367376095e-06	1.130756488e-07	6
1.375029764e-06	9.459805814e-08	6
1.382683432e-06	7.612046749e-08	6
1.382683432e-06	7.612046749e-08	0
1.397640653e-06	8.275054728e-08	0
1.412597873e-06	8.938062708e-08	0
1.427555093e-06	9.601070688e-08	0
1.427555093e-06	9.601070688e-08	-6
1.419088656e-06	1.13911485e-07	-6
1.410622218e-06	1.31812263e-07	-6
1.402155781e-06	1.497130411e-07	-6
1.393689343e-06	1.676138192e-07	-6
1.385222906e-06	1.855145973e-07	-6
1.376756468e-06	2.034153754e-07	-6
1.368290031e-06	2.213161534e-07	-6
1.359823593e-06	2.392169315e-07	-6
1.351357156e-06	2.571177096e-07	-6
1.342890718e-06	2.750184877e-07	-6
1.334424281e-06	2.929192658e-07	-6
1.325957844e-06	3.108200439e-07	-6
1.317491406e-06	3.287208219e-07	-6
1.309024969e-06	3.466216e-07	-6
1.300558531e-06	3.645223781e-07	-6
1.292092094e-06	3.824231562e-07	-6
1.283625656e-06	4.003239343e-07	-6
1.275159219e-06	4.182247123e-07	-6
1.266692781e-06	4.361254904e-07	-6
1.258226344e-06	4.540262685e-07	-6
1.249759906e-06	4.719270466e-07	-6
1.241293469e-06	4.898278247e-07	-6
1.232827031e-06	5.077286028e-07	-6
1.224360594e-06	5.256293808e-07	-6
1.215894156e-06	5.435301589e-07	-6
1.207427719e-06	5.61430937e-07	-6
1.198961281e-06	5.793317151e-07	-6
1.190494844e-06	5.972324932e-07	-6
1.182028406e-06	6.151332712e-07	-6
1.173561969e-06	6.330340493e-07	-6
1.165095531e-06	6.509348274e-07	-6
1.156629094e-06	6.688356055e-07	-6
1.148162656e-06	6.867363836e-07	-6
1.139696219e-06	7.046371617e-07	-6
1.131229781e-06	7.225379397e-07	-6
1.122763344e-06	7.404387178e-07	-6
1.114296906e-06	7.583394959e-07	-6
1.105830469e-06	7.76240274e-07	-6
1.097364031e-06	7.941410521e-07	-6
1.088897594e-06	8.120418301e-07	-6
1.080431156e-06	8.299426082e-07	-6
1.071964719e-06	8.478433863e-07	-6
1.063498281e-06	8.657441644e-07	-6
1.055031844e-06	8.836449425e-07	-6
1.046565406e-06	9.015457206e-07	-6
1.038098969e-06	9.194464986e-07	-6
1.029632531e-06	9.373472767e-07	-6
1.021166094e-06	9.552480548e-07	-6
1.012699656e-06	9.731488329e-07	-6
1.004233219e-06	9.91049611e-07	-6
9.957667813e-07	1.008950389e-06	-6
9.873003438e-07	1.026851167e-06	-6
9.788339063e-07	1.044751945e-06	-6
9.703674688e-07	1.062652723e-06	-6
9.619010313e-07	1.080553501e-06	-6
9.534345938e-07	1.098454279e-06	-6
9.449681563e-07	1.116355058e-06	-6
9.365017188e-07	1.134255836e-06	-6
9.280352813e-07	1.152156614e-06	-6
9.195688438e-07	1.170057392e-06	-6
9.111024063e-07	1.18795817e-06	-6
9.026359688e-07	1.205858948e-06	-6
8.941695313e-07	1.223759726e-06	-6
8.857030938e-07	1.241660504e-06	-6
8.772366563e-07	1.259561282e-06	-6
8.687702188e-07	1.27746206e-06	-6
8.603037814e-07	1.295362838e-06	-6
8.518373439e-07	1.313263616e-06	-6
8.433709064e-07	1.331164395e-06	-6
8.349044689e-07	1.349065173e-06	-6
8.264380314e-07	1.366965951e-06	-6
8.179715939e-07	1.384866729e-06	-6
8.095051564e-07	1.402767507e-06	-6
8.010387189e-07	1.420668285e-06	-6
7.925722814e-07	1.438569063e-06	-6
7.841058439e-07	1.456469841e-06	-6
7.756394064e-07	1.474370619e-06	-6
7.671729689e-07	1.492271397e-06	-6
7.587065314e-07	1.510172175e-06	-6
7.502400939e-07	1.528072953e-06	-6
7.417736564e-07	1.545973731e-06	-6
7.333072189e-07	1.56387451e-06	-6
7.248407815e-07	1.581775288e-06	-6
7.16374344e-07	1.599676066e-06	-6
7.079079065e-07	1.617576844e-06	-6
6.99441469e-07	1.635477622e-06	-6
6.909750315e-07	1.6533784e-06	-6
6.82508594e-07	1.671279178e-06	-6
6.740421565e-07	1.689179956e-06	-6
6.65575719e-07	1.707080734e-06	-6
6.571092815e-07	1.724981512e-06	-6
6.48642844e-07	1.74288229e-06	-6
6.401764065e-07	1.760783068e-06	-6
6.31709969e-07	1.778683847e-06	-6
6.232435315e-07	1.796584625e-06	-6
6.14777094e-07	1.814485403e-06	-6
6.063106565e-07	1.832386181e-06	-6
5.978442191e-07	1.850286959e-06	-6
5.893777816e-07	1.868187737e-06	-6
5.809113441e-07	1.886088515e-06	-6
5.724449066e-07	1.903989293e-06	-6
5.724449066e-07	1.903989293e-06	0
5.724449066e-07	1.903989293e-06	6
5.809960084e-07	1.885909507e-06	6
5.895471103e-07	1.867829721e-06	6
5.980982122e-07	1.849749936e-06	6
6.06649314e-07	1.83167015e-06	6
6.152004159e-07	1.813590364e-06	6
6.237515178e-07	1.795510578e-06	6
6.323026196e-07	1.777430792e-06	6
6.408537215e-07	1.759351006e-06	6
6.494048234e-07	1.74127122e-06	6
6.579559253e-07	1.723191434e-06	6
6.665070271e-07	1.705111649e-06	6
6.75058129e-07	1.687031863e-06	6
6.836092309e-07	1.668952077e-06	6
6.921603327e-07	1.650872291e-06	6
7.007114346e-07	1.632792505e-06	6
7.092625365e-07	1.614712719e-06	6
7.178136383e-07	1.596632933e-06	6
7.263647402e-07	1.578553148e-06	6
7.349158421e-07	1.560473362e-06	6
7.434669439e-07	1.542393576e-06	6
7.520180458e-07	1.52431379e-06	6
7.605691477e-07	1.506234004e-06	6
7.691202495e-07	1.488154218e-06	6
7.776713514e-07	1.470074432e-06	6
7.862224533e-07	1.451994647e-06	6
7.947735552e-07	1.433914861e-06	6
8.03324657e-07	1.415835075e-06	6
8.118757589e-07	1.397755289e-06	6
8.204268608e-07	1.379675503e-06	6
8.289779626e-07	1.361595717e-06	6
8.375290645e-07	1.343515931e-06	6
8.460801664e-07	1.325436146e-06	6
8.546312682e-07	1.30735636e-06	6
8.631823701e-07	1.289276574e-06	6
8.71733472e-07	1.271196788e-06	6
8.802845738e-07	1.253117002e-06	6
8.888356757e-07	1.235037216e-06	6
8.973867776e-07	1.21695743e-06	6
9.059378794e-07	1.198877644e-06	6
9.144889813e-07	1.180797859e-06	6
9.230400832e-07	1.162718073e-06	6
9.315911851e-07	1.144638287e-06	6
9.401422869e-07	1.126558501e-06	6
9.486933888e-07	1.108478715e-06	6
9.572444907e-07	1.090398929e-06	6
9.657955925e-07	1.072319143e-06	6
9.743466944e-07	1.054239358e-06	6
9.828977963e-07	1.036159572e-06	6
9.914488981e-07	1.018079786e-06	6
1e-06	1e-06	6
1.008551102e-06	9.819202141e-07	6
1.017102204e-06	9.638404283e-07	6
1.025653306e-06	9.457606424e-07	6
1.034204407e-06	9.276808566e-07	6
1.042755509e-06	9.096010707e-07	6
1.051306611e-06	8.915212848e-07	6
1.059857713e-06	8.73441499e-07	6
1.068408815e-06	8.553617131e-07	6
1.076959917e-06	8.372819272e-07	6
1.085511019e-06	8.192021414e-07	6
1.094062121e-06	8.011223555e-07	6
1.102613222e-06	7.830425697e-07	6
1.111164324e-06	7.649627838e-07	6
1.119715426e-06	7.468829979e-07	6
1.128266528e-06	7.288032121e-07	6
1.13681763e-06	7.107234262e-07	6
1.145368732e-06	6.926436403e-07	6
1.153919834e-06	6.745638545e-07	6
1.162470936e-06	6.564840686e-07	6
1.171022037e-06	6.384042828e-07	6
1.179573139e-06	6.203244969e-07	6
1.188124241e-06	6.02244711e-07	6
1.196675343e-06	5.841649252e-07	6
1.205226445e-06	5.660851393e-07	6
1.213777547e-06	5.480053534e-07	6
1.222328649e-06	5.299255676e-07	6
1.23087975e-06	5.118457817e-07	6
1.239430852e-06	4.937659959e-07	6
1.247981954e-06	4.7568621e-07	6
1.256533056e-06	4.576064241e-07	6
1.265084158e-06	4.395266383e-07	6
1.27363526e-06	4.214468524e-07	6
1.282186362e-06	4.033670665e-07	6
1.290737464e-06	3.852872807e-07	6
1.299288565e-06	3.672074948e-07	6
1.307839667e-06	3.49127709e-07	6
1.316390769e-06	3.310479231e-07	6
1.324941871e-06	3.129681372e-07	6
1.333492973e-06	2.948883514e-07	6
1.342044075e-06	2.768085655e-07	6
1.350595177e-06	2.587287796e-07	6
1.359146278e-06	2.406489938e-07	6
1.36769738e-06	2.225692079e-07	6
1.376248482e-06	2.044894221e-07	6
1.384799584e-06	1.864096362e-07	6
1.393350686e-06	1.683298503e-07	6
1.401901788e-06	1.502500645e-07	6
1.41045289e-06	1.321702786e-07	6
1.419003992e-06	1.140904927e-07	6
1.427555093e-06	9.601070688e-08	6
1.427555093e-06	9.601070688e-08	0
1.442168975e-06	1.033667165e-07	0
1.456782856e-06	1.107227261e-07	0
1.471396737e-06	1.180787357e-07	0
1.471396737e-06	1.180787357e-07	-6
1.462062148e-06	1.355425231e-07	-6
1.452727559e-06	1.530063105e-07	-6
1.44339297e-06	1.704700979e-07	-6
1.434058381e-06	1.879338853e-07	-6
1.424723793e-06	2.053976727e-07	-6
1.415389204e-06	2.228614601e-07	-6
1.406054615e-06	2.403252475e-07	-6
1.396720026e-06	2.57789035e-07	-6
1.387385437e-06	2.752528224e-07	-6
1.378050848e-06	2.927166098e-07	-6
1.368716259e-06	3.101803972e-07	-6
1.359381671e-06	3.276441846e-07	-6
1.350047082e-06	3.45107972e-07	-6
1.340712493e-06	3.625717594e-07	-6
1.331377904e-06	3.800355468e-07	-6
1.322043315e-06	3.974993343e-07	-6
1.312708726e-06	4.149631217e-07	-6
1.303374138e-06	4.324269091e-07	-6
1.294039549e-06	4.498906965e-07	-6
1.28470496e-06	4.673544839e-07	-6
1.275370371e-06	4.848182713e-07	-6
1.266035782e-06	5.022820587e-07	-6
1.256701193e-06	5.197458461e-07	-6
1.247366604e-06	5.372096336e-07	-6
1.238032016e-06	5.54673421e-07	-6
1.228697427e-06	5.721372084e-07	-6
1.219362838e-06	5.896009958e-07	-6
1.210028249e-06	6.070647832e-07	-6
1.20069366e-06	6.245285706e-07	-6
1.191359071e-06	6.41992358e-07	-6
1.182024483e-06	6.594561454e-07	-6
1.172689894e-06	6.769199329e-07	-6
1.163355305e-06	6.943837203e-07	-6
1.154020716e-06	7.118475077e-07	-6
1.144686127e-06	7.293112951e-07	-6
1.135351538e-06	7.467750825e-07	-6
1.126016949e-06	7.642388699e-07	-6
1.116682361e-06	7.817026573e-07	-6
1.107347772e-06	7.991664448e-07	-6
1.098013183e-06	8.166302322e-07	-6
1.088678594e-06	8.340940196e-07	-6
1.079344005e-06	8.51557807e-07	-6
1.070009416e-06	8.690215944e-07	-6
1.060674828e-06	8.864853818e-07	-6
1.051340239e-06	9.039491692e-07	-6
1.04200565e-06	9.214129566e-07	-6
1.032671061e-06	9.388767441e-07	-6
1.023336472e-06	9.563405315e-07	-6
1.014001883e-06	9.738043189e-07	-6
1.004667294e-06	9.912681063e-07	-6
9.953327056e-07	1.008731894e-06	-6
9.859981167e-07	1.026195681e-06	-6
9.766635279e-07	1.043659469e-06	-6
9.67328939e-07	1.061123256e-06	-6
9.579943502e-07	1.078587043e-06	-6
9.486597613e-07	1.096050831e-06	-6
9.393251725e-07	1.113514618e-06	-6
9.299905836e-07	1.130978406e-06	-6
9.206559948e-07	1.148442193e-06	-6
9.113214059e-07	1.16590598e-06	-6
9.019868171e-07	1.183369768e-06	-6
8.926522282e-07	1.200833555e-06	-6
8.833176394e-07	1.218297343e-06	-6
8.739830506e-07	1.23576113e-06	-6
8.646484617e-07	1.253224917e-06	-6
8.553138729e-07	1.270688705e-06	-6
8.45979284e-07	1.288152492e-06	-6
8.366446952e-07	1.30561628e-06	-6
8.273101063e-07	1.323080067e-06	-6
8.179755175e-07	1.340543855e-06	-6
8.086409286e-07	1.358007642e-06	-6
7.993063398e-07	1.375471429e-06	-6
7.899717509e-07	1.392935217e-06	-6
7.806371621e-07	1.410399004e-06	-6
7.713025732e-07	1.427862792e-06	-6
7.619679844e-07	1.445326579e-06	-6
7.526333955e-07	1.462790366e-06	-6
7.432988067e-07	1.480254154e-06	-6
7.339642178e-07	1.497717941e-06	-6
7.24629629e-07	1.515181729e-06	-6
7.152950401e-07	1.532645516e-06	-6
7.059604513e-07	1.550109304e-06	-6
6.966258624e-07	1.567573091e-06	-6
6.872912736e-07	1.585036878e-06	-6
6.779566847e-07	1.602500666e-06	-6
6.686220959e-07	1.619964453e-06	-6
6.59287507e-07	1.637428241e-06	-6
6.499529182e-07	1.654892028e-06	-6
6.406183294e-07	1.672355815e-06	-6
6.312837405e-07	1.689819603e-06	-6
6.219491517e-07	1.70728339e-06	-6
6.126145628e-07	1.724747178e-06	-6
6.03279974e-07	1.742210965e-06	-6
5.939453851e-07	1.759674752e-06	-6
5.846107963e-07	1.77713854e-06	-6
5.752762074e-07	1.794602327e-06	-6
5.659416186e-07	1.812066115e-06	-6
5.566070297e-07	1.829529902e-06	-6
5.472724409e-07	1.84699369e-06	-6
5.37937852e-07	1.864457477e-06	-6
5.286032632e-07	1.881921264e-06	-6
5.286032632e-07	1.881921264e-06	0
5.286032632e-07	1.881921264e-06	6
5.380311979e-07	1.864282839e-06	6
5.474591326e-07	1.846644414e-06	6
5.568870674e-07	1.829005988e-06	6
5.663150021e-07	1.811367563e-06	6
5.757429369e-07	1.793729138e-06	6
5.851708716e-07	1.776090713e-06	6
5.945988063e-07	1.758452287e-06	6
6.040267411e-07	1.740813862e-06	6
6.134546758e-07	1.723175437e-06	6
6.228826105e-07	1.705537011e-06	6
6.323105453e-07	1.687898586e-06	6
6.4173848e-07	1.670260161e-06	6
6.511664147e-07	1.652621736e-06	6
6.605943495e-07	1.63498331e-06	6
6.700222842e-07	1.617344885e-06	6
6.79450219e-07	1.59970646e-06	6
6.888781537e-07	1.582068034e-06	6
6.983060884e-07	1.564429609e-06	6
7.077340232e-07	1.546791184e-06	6
7.171619579e-07	1.529152759e-06	6
7.265898926e-07	1.511514333e-06	6
7.360178274e-07	1.493875908e-06	6
7.454457621e-07	1.476237483e-06	6
7.548736969e-07	1.458599057e-06	6
7.643016316e-07	1.440960632e-06	6
7.737295663e-07	1.423322207e-06	6
7.831575011e-07	1.405683782e-06	6
7.925854358e-07	1.388045356e-06	6
8.020133705e-07	1.370406931e-06	6
8.114413053e-07	1.352768506e-06	6
8.2086924e-07	1.33513008e-06	6
8.302971747e-07	1.317491655e-06	6
8.397251095e-07	1.29985323e-06	6
8.491530442e-07	1.282214805e-06	6
8.58580979e-07	1.264576379e-06	6
8.680089137e-07	1.246937954e-06	6
8.774368484e-07	1.229299529e-06	6
8.868647832e-07	1.211661103e-06	6
8.962927179e-07	1.194022678e-06	6
9.057206526e-07	1.176384253e-06	6
9.151485874e-07	1.158745828e-06	6
9.245765221e-07	1.141107402e-06	6
9.340044568e-07	1.123468977e-06	6
9.434323916e-07	1.105830552e-06	6
9.528603263e-07	1.088192126e-06	6
9.622882611e-07	1.070553701e-06	6
9.717161958e-07	1.052915276e-06	6
9.811441305e-07	1.035276851e-06	6
9.905720653e-07	1.017638425e-06	6
1e-06	1e-06	6
1.009427935e-06	9.823615747e-07	6
1.018855869e-06	9.647231494e-07	6
1.028283804e-06	9.470847241e-07	6
1.037711739e-06	9.294462989e-07	6
1.047139674e-06	9.118078736e-07	6
1.056567608e-06	8.941694483e-07	6
1.065995543e-06	8.76531023e-07	6
1.075423478e-06	8.588925977e-07	6
1.084851413e-06	8.412541724e-07	6
1.094279347e-06	8.236157471e-07	6
1.103707282e-06	8.059773218e-07	6
1.113135217e-06	7.883388966e-07	6
1.122563152e-06	7.707004713e-07	6
1.131991086e-06	7.53062046e-07	6
1.141419021e-06	7.354236207e-07	6
1.150846956e-06	7.177851954e-07	6
1.160274891e-06	7.001467701e-07	6
1.169702825e-06	6.825083448e-07	6
1.17913076e-06	6.648699195e-07	6
1.188558695e-06	6.472314943e-07	6
1.197986629e-06	6.29593069e-07	6
1.207414564e-06	6.119546437e-07	6
1.216842499e-06	5.943162184e-07	6
1.226270434e-06	5.766777931e-07	6
1.235698368e-06	5.590393678e-07	6
1.245126303e-06	5.414009425e-07	6
1.254554238e-06	5.237625173e-07	6
1.263982173e-06	5.06124092e-07	6
1.273410107e-06	4.884856667e-07	6
1.282838042e-06	4.708472414e-07	6
1.292265977e-06	4.532088161e-07	6
1.301693912e-06	4.355703908e-07	6
1.311121846e-06	4.179319655e-07	6
1.320549781e-06	4.002935402e-07	6
1.329977716e-06	3.82655115e-07	6
1.339405651e-06	3.650166897e-07	6
1.348833585e-06	3.473782644e-07	6
1.35826152e-06	3.297398391e-07	6
1.367689455e-06	3.121014138e-07	6
1.377117389e-06	2.944629885e-07	6
1.386545324e-06	2.768245632e-07	6
1.395973259e-06	2.591861379e-07	6
1.405401194e-06	2.415477127e-07	6
1.414829128e-06	2.239092874e-07	6
1.424257063e-06	2.062708621e-07	6
1.433684998e-06	1.886324368e-07	6
1.443112933e-06	1.709940115e-07	6
1.452540867e-06	1.533555862e-07	6
1.461968802e-06	1.357171609e-07	6
1.471396737e-06	1.180787357e-07	6
1.471396737e-06	1.180787357e-07	0
1.485632073e-06	1.261429538e-07	0
1.499867408e-06	1.342071719e-07	0
1.514102744e-06	1.4227139e-07	0
1.514102744e-06	1.4227139e-07	-6
1.503820689e-06	1.594259622e-07	-6
1.493538634e-06	1.765805344e-07	-6
1.48325658e-06	1.937351066e-07	-6
1.472974525e-06	2.108896788e-07	-6
1.46269247e-06	2.28044251e-07	-6
1.452410415e-06	2.451988232e-07	-6
1.44212836e-06	2.623533954e-07	-6
1.431846305e-06	2.795079676e-07	-6
1.42156425e-06	2.966625398e-07	-6
1.411282195e-06	3.13817112e-07	-6
1.40100014e-06	3.309716842e-07	-6
1.390718086e-06	3.481262564e-07	-6
1.380436031e-06	3.652808286e-07	-6
1.370153976e-06	3.824354008e-07	-6
1.359871921e-06	3.99589973e-07	-6
1.349589866e-06	4.167445452e-07	-6
1.339307811e-06	4.338991174e-07	-6
1.329025756e-06	4.510536896e-07	-6
1.318743701e-06	4.682082618e-07	-6
1.308461647e-06	4.85362834e-07	-6
1.298179592e-06	5.025174062e-07	-6
1.287897537e-06	5.196719784e-07	-6
1.277615482e-06	5.368265506e-07	-6
1.267333427e-06	5.539811228e-07	-6
1.257051372e-06	5.71135695e-07	-6
1.246769317e-06	5.882902672e-07	-6
1.236487262e-06	6.054448394e-07	-6
1.226205207e-06	6.225994116e-07	-6
1.215923153e-06	6.397539838e-07	-6
1.205641098e-06	6.56908556e-07	-6
1.195359043e-06	6.740631282e-07	-6
1.185076988e-06	6.912177004e-07	-6
1.174794933e-06	7.083722726e-07	-6
1.164512878e-06	7.255268448e-07	-6
1.154230823e-06	7.42681417e-07	-6
1.143948768e-06	7.598359892e-07	-6
1.133666713e-06	7.769905614e-07	-6
1.123384659e-06	7.941451336e-07	-6
1.113102604e-06	8.112997058e-07	-6
1.102820549e-06	8.28454278e-07	-6
1.092538494e-06	8.456088502e-07	-6
1.082256439e-06	8.627634224e-07	-6
1.071974384e-06	8.799179946e-07	-6
1.061692329e-06	8.970725668e-07	-6
1.051410274e-06	9.14227139e-07	-6
1.04112822e-06	9.313817112e-07	-6
1.030846165e-06	9.485362834e-07	-6
1.02056411e-06	9.656908556e-07	-6
1.010282055e-06	9.828454278e-07	-6
1e-06	1e-06	-6
9.897179451e-07	1.017154572e-06	-6
9.794358902e-07	1.034309144e-06	-6
9.691538353e-07	1.051463717e-06	-6
9.588717805e-07	1.068618289e-06	-6
9.485897256e-07	1.085772861e-06	-6
9.383076707e-07	1.102927433e-06	-6
9.280256158e-07	1.120082005e-06	-6
9.177435609e-07	1.137236578e-06	-6
9.07461506e-07	1.15439115e-06	-6
8.971794512e-07	1.171545722e-06	-6
8.868973963e-07	1.188700294e-06	-6
8.766153414e-07	1.205854866e-06	-6
8.663332865e-07	1.223009439e-06	-6
8.560512316e-07	1.240164011e-06	-6
8.457691767e-07	1.257318583e-06	-6
8.354871219e-07	1.274473155e-06	-6
8.25205067e-07	1.291627727e-06	-6
8.149230121e-07	1.3087823e-06	-6
8.046409572e-07	1.325936872e-06	-6
7.943589023e-07	1.343091444e-06	-6
7.840768474e-07	1.360246016e-06	-6
7.737947926e-07	1.377400588e-06	-6
7.635127377e-07	1.394555161e-06	-6
7.532306828e-07	1.411709733e-06	-6
7.429486279e-07	1.428864305e-06	-6
7.32666573e-07	1.446018877e-06	-6
7.223845181e-07	1.463173449e-06	-6
7.121024633e-07	1.480328022e-06	-6
7.018204084e-07	1.497482594e-06	-6
6.915383535e-07	1.514637166e-06	-6
6.812562986e-07	1.531791738e-06	-6
6.709742437e-07	1.54894631e-06	-6
6.606921888e-07	1.566100883e-06	-6
6.504101339e-07	1.583255455e-06	-6
6.401280791e-07	1.600410027e-06	-6
6.298460242e-07	1.617564599e-06	-6
6.195639693e-07	1.634719171e-06	-6
6.092819144e-07	1.651873744e-06	-6
5.989998595e-07	1.669028316e-06	-6
5.887178046e-07	1.686182888e-06	-6
5.784357498e-07	1.70333746e-06	-6
5.681536949e-07	1.720492032e-06	-6
5.5787164e-07	1.737646605e-06	-6
5.475895851e-07	1.754801177e-06	-6
5.373075302e-07	1.771955749e-06	-6
5.270254753e-07	1.789110321e-06	-6
5.167434205e-07	1.806264893e-06	-6
5.064613656e-07	1.823419466e-06	-6
4.961793107e-07	1.840574038e-06	-6
4.858972558e-07	1.85772861e-06	-6
4.858972558e-07	1.85772861e-06	0
4.858972558e-07	1.85772861e-06	6
4.960775082e-07	1.840743885e-06	6
5.062577605e-07	1.82375916e-06	6
5.164380129e-07	1.806774435e-06	6
5.266182652e-07	1.78978971e-06	6
5.367985176e-07	1.772804985e-06	6
5.4697877e-07	1.75582026e-06	6
5.571590223e-07	1.738835535e-06	6
5.673392747e-07	1.72185081e-06	6
5.77519527e-07	1.704866085e-06	6
5.876997794e-07	1.68788136e-06	6
5.978800318e-07	1.670896636e-06	6
6.080602841e-07	1.653911911e-06	6
6.182405365e-07	1.636927186e-06	6
6.284207889e-07	1.619942461e-06	6
6.386010412e-07	1.602957736e-06	6
6.487812936e-07	1.585973011e-06	6
6.589615459e-07	1.568988286e-06	6
6.691417983e-07	1.552003561e-06	6
6.793220507e-07	1.535018836e-06	6
6.89502303e-07	1.518034111e-06	6
6.996825554e-07	1.501049386e-06	6
7.098628077e-07	1.484064661e-06	6
7.200430601e-07	1.467079936e-06	6
7.302233125e-07	1.450095211e-06	6
7.404035648e-07	1.433110486e-06	6
7.505838172e-07	1.416125761e-06	6
7.607640695e-07	1.399141036e-06	6
7.709443219e-07	1.382156311e-06	6
7.811245743e-07	1.365171586e-06	6
7.913048266e-07	1.348186861e-06	6
8.01485079e-07	1.331202137e-06	6
8.116653313e-07	1.314217412e-06	6
8.218455837e-07	1.297232687e-06	6
8.320258361e-07	1.280247962e-06	6
8.422060884e-07	1.263263237e-06	6
8.523863408e-07	1.246278512e-06	6
8.625665931e-07	1.229293787e-06	6
8.727468455e-07	1.212309062e-06	6
8.829270979e-07	1.195324337e-06	6
8.931073502e-07	1.178339612e-06	6
9.032876026e-07	1.161354887e-06	6
9.134678549e-07	1.144370162e-06	6
9.236481073e-07	1.127385437e-06	6
9.338283597e-07	1.110400712e-06	6
9.44008612e-07	1.093415987e-06	6
9.541888644e-07	1.076431262e-06	6
9.643691167e-07	1.059446537e-06	6
9.745493691e-07	1.042461812e-06	6
9.847296215e-07	1.025477087e-06	6
9.949098738e-07	1.008492362e-06	6
1.005090126e-06	9.915076375e-07	6
1.015270379e-06	9.745229126e-07	6
1.025450631e-06	9.575381876e-07	6
1.035630883e-06	9.405534627e-07	6
1.045811136e-06	9.235687377e-07	6
1.055991388e-06	9.065840128e-07	6
1.06617164e-06	8.895992878e-07	6
1.076351893e-06	8.726145629e-07	6
1.086532145e-06	8.556298379e-07	6
1.096712397e-06	8.38645113e-07	6
1.10689265e-06	8.21660388e-07	6
1.117072902e-06	8.046756631e-07	6
1.127253155e-06	7.876909381e-07	6
1.137433407e-06	7.707062132e-07	6
1.147613659e-06	7.537214882e-07	6
1.157793912e-06	7.367367633e-07	6
1.167974164e-06	7.197520383e-07	6
1.178154416e-06	7.027673134e-07	6
1.188334669e-06	6.857825884e-07	6
1.198514921e-06	6.687978635e-07	6
1.208695173e-06	6.518131385e-07	6
1.218875426e-06	6.348284136e-07	6
1.229055678e-06	6.178436886e-07	6
1.23923593e-06	6.008589637e-07	6
1.249416183e-06	5.838742387e-07	6
1.259596435e-06	5.668895138e-07	6
1.269776688e-06	5.499047888e-07	6
1.27995694e-06	5.329200639e-07	6
1.290137192e-06	5.159353389e-07	6
1.300317445e-06	4.98950614e-07	6
1.310497697e-06	4.81965889e-07	6
1.320677949e-06	4.649811641e-07	6
1.330858202e-06	4.479964391e-07	6
1.341038454e-06	4.310117142e-07	6
1.351218706e-06	4.140269892e-07	6
1.361398959e-06	3.970422643e-07	6
1.371579211e-06	3.800575393e-07	6
1.381759464e-06	3.630728144e-07	6
1.391939716e-06	3.460880894e-07	6
1.402119968e-06	3.291033645e-07	6
1.412300221e-06	3.121186395e-07	6
1.422480473e-06	2.951339146e-07	6
1.432660725e-06	2.781491896e-07	6
1.442840978e-06	2.611644647e-07	6
1.45302123e-06	2.441797397e-07	6
1.463201482e-06	2.271950148e-07	6
1.473381735e-06	2.102102898e-07	6
1.483561987e-06	1.932255649e-07	6
1.493742239e-06	1.762408399e-07	6
1.503922492e-06	1.59256115e-07	6
1.514102744e-06	1.4227139e-07	6
1.514102744e-06	1.4227139e-07	0
1.52792524e-06	1.510243892e-07	0
1.541747737e-06	1.597773885e-07	0
1.555570233e-06	1.685303877e-07	0
1.555570233e-06	1.685303877e-07	-6
1.544568842e-06	1.849951325e-07	-6
1.533567452e-06	2.014598773e-07	-6
1.522566061e-06	2.179246221e-07	-6
1.51156467e-06	2.343893669e-07	-6
1.500563279e-06	2.508541117e-07	-6
1.489561889e-06	2.673188565e-07	-6
1.478560498e-06	2.837836013e-07	-6
1.467559107e-06	3.002483461e-07	-6
1.456557716e-06	3.167130909e-07	-6
1.445556325e-06	3.331778357e-07	-6
1.434554935e-06	3.496425805e-07	-6
1.423553544e-06	3.661073253e-07	-6
1.412552153e-06	3.825720701e-07	-6
1.401550762e-06	3.990368149e-07	-6
1.390549372e-06	4.155015597e-07	-6
1.379547981e-06	4.319663045e-07	-6
1.36854659e-06	4.484310493e-07	-6
1.357545199e-06	4.648957941e-07	-6
1.346543809e-06	4.813605389e-07	-6
1.335542418e-06	4.978252837e-07	-6
1.324541027e-06	5.142900285e-07	-6
1.313539636e-06	5.307547733e-07	-6
1.302538246e-06	5.472195181e-07	-6
1.291536855e-06	5.636842629e-07	-6
1.280535464e-06	5.801490076e-07	-6
1.269534073e-06	5.966137524e-07	-6
1.258532683e-06	6.130784972e-07	-6
1.247531292e-06	6.29543242e-07	-6
1.236529901e-06	6.460079868e-07	-6
1.22552851e-06	6.624727316e-07	-6
1.21452712e-06	6.789374764e-07	-6
1.203525729e-06	6.954022212e-07	-6
1.192524338e-06	7.11866966e-07	-6
1.181522947e-06	7.283317108e-07	-6
1.170521557e-06	7.447964556e-07	-6
1.159520166e-06	7.612612004e-07	-6
1.148518775e-06	7.777259452e-07	-6
1.137517384e-06	7.9419069e-07	-6
1.126515994e-06	8.106554348e-07	-6
1.115514603e-06	8.271201796e-07	-6
1.104513212e-06	8.435849244e-07	-6
1.093511821e-06	8.600496692e-07	-6
1.082510431e-06	8.76514414e-07	-6
1.07150904e-06	8.929791588e-07	-6
1.060507649e-06	9.094439036e-07	-6
1.049506258e-06	9.259086484e-07	-6
1.038504868e-06	9.423733932e-07	-6
1.027503477e-06	9.58838138e-07	-6
1.016502086e-06	9.753028828e-07	-6
1.005500695e-06	9.917676276e-07	-6
9.944993046e-07	1.008232372e-06	-6
9.834979139e-07	1.024697117e-06	-6
9.724965231e-07	1.041161862e-06	-6
9.614951324e-07	1.057626607e-06	-6
9.504937416e-07	1.074091352e-06	-6
9.394923509e-07	1.090556096e-06	-6
9.284909601e-07	1.107020841e-06	-6
9.174895694e-07	1.123485586e-06	-6
9.064881786e-07	1.139950331e-06	-6
8.954867878e-07	1.156415076e-06	-6
8.844853971e-07	1.17287982e-06	-6
8.734840063e-07	1.189344565e-06	-6
8.624826156e-07	1.20580931e-06	-6
8.514812248e-07	1.222274055e-06	-6
8.404798341e-07	1.2387388e-06	-6
8.294784433e-07	1.255203544e-06	-6
8.184770526e-07	1.271668289e-06	-6
8.074756618e-07	1.288133034e-06	-6
7.964742711e-07	1.304597779e-06	-6
7.854728803e-07	1.321062524e-06	-6
7.744714896e-07	1.337527268e-06	-6
7.634700988e-07	1.353992013e-06	-6
7.524687081e-07	1.370456758e-06	-6
7.414673173e-07	1.386921503e-06	-6
7.304659266e-07	1.403386248e-06	-6
7.194645358e-07	1.419850992e-06	-6
7.08463145e-07	1.436315737e-06	-6
6.974617543e-07	1.452780482e-06	-6
6.864603635e-07	1.469245227e-06	-6
6.754589728e-07	1.485709972e-06	-6
6.64457582e-07	1.502174716e-06	-6
6.534561913e-07	1.518639461e-06	-6
6.424548005e-07	1.535104206e-06	-6
6.314534098e-07	1.551568951e-06	-6
6.20452019e-07	1.568033696e-06	-6
6.094506283e-07	1.58449844e-06	-6
5.984492375e-07	1.600963185e-06	-6
5.874478468e-07	1.61742793e-06	-6
5.76446456e-07	1.633892675e-06	-6
5.654450653e-07	1.65035742e-06	-6
5.544436745e-07	1.666822164e-06	-6
5.434422838e-07	1.683286909e-06	-6
5.32440893e-07	1.699751654e-06	-6
5.214395023e-07	1.716216399e-06	-6
5.104381115e-07	1.732681144e-06	-6
4.994367207e-07	1.749145888e-06	-6
4.8843533e-07	1.765610633e-06	-6
4.774339392e-07	1.782075378e-06	-6
4.664325485e-07	1.798540123e-06	-6
4.554311577e-07	1.815004868e-06	-6
4.44429767e-07	1.831469612e-06	-6
4.44429767e-07	1.831469612e-06	0
4.44429767e-07	1.831469612e-06	6
4.554311577e-07	1.815004868e-06	6
4.664325485e-07	1.798540123e-06	6
4.774339392e-07	1.782075378e-06	6
4.8843533e-07	1.765610633e-06	6
4.994367207e-07	1.749145888e-06	6
5.104381115e-07	1.732681144e-06	6
5.214395023e-07	1.716216399e-06	6
5.32440893e-07	1.699751654e-06	6
5.434422838e-07	1.683286909e-06	6
5.544436745e-07	1.666822164e-06	6
5.654450653e-07	1.65035742e-06	6
5.76446456e-07	1.633892675e-06	6
5.874478468e-07	1.61742793e-06	6
5.984492375e-07	1.600963185e-06	6
6.094506283e-07	1.58449844e-06	6
6.20452019e-07	1.568033696e-06	6
6.314534098e-07	1.551568951e-06	6
6.424548005e-07	1.535104206e-06	6
6.534561913e-07	1.518639461e-06	6
6.64457582e-07	1.502174716e-06	6
6.754589728e-07	1.485709972e-06	6
6.864603635e-07	1.469245227e-06	6
6.974617543e-07	1.452780482e-06	6
7.08463145e-07	1.436315737e-06	6
7.194645358e-07	1.419850992e-06	6
7.304659266e-07	1.403386248e-06	6
7.414673173e-07	1.386921503e-06	6
7.524687081e-07	1.370456758e-06	6
7.634700988e-07	1.353992013e-06	6
7.744714896e-07	1.337527268e-06	6
7.854728803e-07	1.321062524e-06	6
7.964742711e-07	1.304597779e-06	6
8.074756618e-07	1.288133034e-06	6
8.184770526e-07	1.271668289e-06	6
8.294784433e-07	1.255203544e-06	6
8.404798341e-07	1.2387388e-06	6
8.514812248e-07	1.222274055e-06	6
8.624826156e-07	1.20580931e-06	6
8.734840063e-07	1.189344565e-06	6
8.844853971e-07	1.17287982e-06	6
8.954867878e-07	1.156415076e-06	6
9.064881786e-07	1.139950331e-06	6
9.174895694e-07	1.123485586e-06	6
9.284909601e-07	1.107020841e-06	6
9.394923509e-07	1.090556096e-06	6
9.504937416e-07	1.074091352e-06	6
9.614951324e-07	1.057626607e-06	6
9.724965231e-07	1.041161862e-06	6
9.834979139e-07	1.024697117e-06	6
9.944993046e-07	1.008232372e-06	6
1.005500695e-06	9.917676276e-07	6
1.016502086e-06	9.753028828e-07	6
1.027503477e-06	9.58838138e-07	6
1.038504868e-06	9.423733932e-07	6
1.049506258e-06	9.259086484e-07	6
1.060507649e-06	9.094439036e-07	6
1.07150904e-06	8.929791588e-07	6
1.082510431e-06	8.76514414e-07	6
1.093511821e-06	8.600496692e-07	6
1.104513212e-06	8.435849244e-07	6
1.115514603e-06	8.271201796e-07	6
1.126515994e-06	8.106554348e-07	6
1.137517384e-06	7.9419069e-07	6
1.148518775e-06	7.777259452e-07	6
1.159520166e-06	7.612612004e-07	6
1.170521557e-06	7.447964556e-07	6
1.181522947e-06	7.283317108e-07	6
1.192524338e-06	7.11866966e-07	6
1.203525729e-06	6.954022212e-07	6
1.21452712e-06	6.789374764e-07	6
1.22552851e-06	6.624727316e-07	6
1.236529901e-06	6.460079868e-07	6
1.247531292e-06	6.29543242e-07	6
1.258532683e-06	6.130784972e-07	6
1.269534073e-06	5.966137524e-07	6
1.280535464e-06	5.801490076e-07	6
1.291536855e-06	5.636842629e-07	6
1.302538246e-06	5.472195181e-07	6
1.313539636e-06	5.307547733e-07	6
1.324541027e-06	5.142900285e-07	6
1.335542418e-06	4.978252837e-07	6
1.346543809e-06	4.813605389e-07	6
1.357545199e-06	4.648957941e-07	6
1.36854659e-06	4.484310493e-07	6
1.379547981e-06	4.319663045e-07	6
1.390549372e-06	4.155015597e-07	6
1.401550762e-06	3.990368149e-07	6
1.412552153e-06	3.825720701e-07	6
1.423553544e-06	3.661073253e-07	6
1.434554935e-06	3.496425805e-07	6
1.445556325e-06	3.331778357e-07	6
1.456557716e-06	3.167130909e-07	6
1.467559107e-06	3.002483461e-07	6
1.478560498e-06	2.837836013e-07	6
1.489561889e-06	2.673188565e-07	6
1.500563279e-06	2.508541117e-07	6
1.51156467e-06	2.343893669e-07	6
1.522566061e-06	2.179246221e-07	6
1.533567452e-06	2.014598773e-07	6
1.544568842e-06	1.849951325e-07	6
1.555570233e-06	1.685303877e-07	6
1.555570233e-06	1.685303877e-07	0
1.56894659e-06	1.779510813e-07	0
1.582322947e-06	1.873717749e-07	0
1.595699304e-06	1.967924685e-07	0
1.595699304e-06	1.967924685e-07	-6
1.583785318e-06	2.128566191e-07	-6
1.571871332e-06	2.289207698e-07	-6
1.559957346e-06	2.449849204e-07	-6
1.54804336e-06	2.61049071e-07	-6
1.536129374e-06	2.771132217e-07	-6
1.524215388e-06	2.931773723e-07	-6
1.512301402e-06	3.092415229e-07	-6
1.500387416e-06	3.253056736e-07	-6
1.48847343e-06	3.413698242e-07	-6
1.476559444e-06	3.574339748e-07	-6
1.464645458e-06	3.734981254e-07	-6
1.452731471e-06	3.895622761e-07	-6
1.440817485e-06	4.056264267e-07	-6
1.428903499e-06	4.216905773e-07	-6
1.416989513e-06	4.37754728e-07	-6
1.405075527e-06	4.538188786e-07	-6
1.393161541e-06	4.698830292e-07	-6
1.381247555e-06	4.859471799e-07	-6
1.369333569e-06	5.020113305e-07	-6
1.357419583e-06	5.180754811e-07	-6
1.345505597e-06	5.341396317e-07	-6
1.333591611e-06	5.502037824e-07	-6
1.321677624e-06	5.66267933e-07	-6
1.309763638e-06	5.823320836e-07	-6
1.297849652e-06	5.983962343e-07	-6
1.285935666e-06	6.144603849e-07	-6
1.27402168e-06	6.305245355e-07	-6
1.262107694e-06	6.465886861e-07	-6
1.250193708e-06	6.626528368e-07	-6
1.238279722e-06	6.787169874e-07	-6
1.226365736e-06	6.94781138e-07	-6
1.21445175e-06	7.108452887e-07	-6
1.202537764e-06	7.269094393e-07	-6
1.190623777e-06	7.429735899e-07	-6
1.178709791e-06	7.590377406e-07	-6
1.166795805e-06	7.751018912e-07	-6
1.154881819e-06	7.911660418e-07	-6
1.142967833e-06	8.072301924e-07	-6
1.131053847e-06	8.232943431e-07	-6
1.119139861e-06	8.393584937e-07	-6
1.107225875e-06	8.554226443e-07	-6
1.095311889e-06	8.71486795e-07	-6
1.083397903e-06	8.875509456e-07	-6
1.071483917e-06	9.036150962e-07	-6
1.05956993e-06	9.196792469e-07	-6
1.047655944e-06	9.357433975e-07	-6
1.035741958e-06	9.518075481e-07	-6
1.023827972e-06	9.678716987e-07	-6
1.011913986e-06	9.839358494e-07	-6
1e-06	1e-06	-6
9.880860139e-07	1.016064151e-06	-6
9.761720278e-07	1.032128301e-06	-6
9.642580417e-07	1.048192452e-06	-6
9.523440556e-07	1.064256603e-06	-6
9.404300696e-07	1.080320753e-06	-6
9.285160835e-07	1.096384904e-06	-6
9.166020974e-07	1.112449054e-06	-6
9.046881113e-07	1.128513205e-06	-6
8.927741252e-07	1.144577356e-06	-6
8.808601391e-07	1.160641506e-06	-6
8.68946153e-07	1.176705657e-06	-6
8.570321669e-07	1.192769808e-06	-6
8.451181808e-07	1.208833958e-06	-6
8.332041947e-07	1.224898109e-06	-6
8.212902087e-07	1.240962259e-06	-6
8.093762226e-07	1.25702641e-06	-6
7.974622365e-07	1.273090561e-06	-6
7.855482504e-07	1.289154711e-06	-6
7.736342643e-07	1.305218862e-06	-6
7.617202782e-07	1.321283013e-06	-6
7.498062921e-07	1.337347163e-06	-6
7.37892306e-07	1.353411314e-06	-6
7.259783199e-07	1.369475464e-06	-6
7.140643338e-07	1.385539615e-06	-6
7.021503478e-07	1.401603766e-06	-6
6.902363617e-07	1.417667916e-06	-6
6.783223756e-07	1.433732067e-06	-6
6.664083895e-07	1.449796218e-06	-6
6.544944034e-07	1.465860368e-06	-6
6.425804173e-07	1.481924519e-06	-6
6.306664312e-07	1.49798867e-06	-6
6.187524451e-07	1.51405282e-06	-6
6.06838459e-07	1.530116971e-06	-6
5.949244729e-07	1.546181121e-06	-6
5.830104869e-07	1.562245272e-06	-6
5.710965008e-07	1.578309423e-06	-6
5.591825147e-07	1.594373573e-06	-6
5.472685286e-07	1.610437724e-06	-6
5.353545425e-07	1.626501875e-06	-6
5.234405564e-07	1.642566025e-06	-6
5.115265703e-07	1.658630176e-06	-6
4.996125842e-07	1.674694326e-06	-6
4.876985981e-07	1.690758477e-06	-6
4.75784612e-07	1.706822628e-06	-6
4.63870626e-07	1.722886778e-06	-6
4.519566399e-07	1.738950929e-06	-6
4.400426538e-07	1.75501508e-06	-6
4.281286677e-07	1.77107923e-06	-6
4.162146816e-07	1.787143381e-06	-6
4.043006955e-07	1.803207531e-06	-6
4.043006955e-07	1.803207531e-06	0
4.043006955e-07	1.803207531e-06	6
4.162146816e-07	1.787143381e-06	6
4.281286677e-07	1.77107923e-06	6
4.400426538e-07	1.75501508e-06	6
4.519566399e-07	1.738950929e-06	6
4.63870626e-07	1.722886778e-06	6
4.75784612e-07	1.706822628e-06	6
4.876985981e-07	1.690758477e-06	6
4.996125842e-07	1.674694326e-06	6
5.115265703e-07	1.658630176e-06	6
5.234405564e-07	1.642566025e-06	6
5.353545425e-07	1.626501875e-06	6
5.472685286e-07	1.610437724e-06	6
5.591825147e-07	1.594373573e-06	6
5.710965008e-07	1.578309423e-06	6
5.830104869e-07	1.562245272e-06	6
5.949244729e-07	1.546181121e-06	6
6.06838459e-07	1.530116971e-06	6
6.187524451e-07	1.51405282e-06	6
6.306664312e-07	1.49798867e-06	6
6.425804173e-07	1.481924519e-06	6
6.544944034e-07	1.465860368e-06	6
6.664083895e-07	1.449796218e-06	6
6.783223756e-07	1.433732067e-06	6
6.902363617e-07	1.417667916e-06	6
7.021503478e-07	1.401603766e-06	6
7.140643338e-07	1.385539615e-06	6
7.259783199e-07	1.369475464e-06	6
7.37892306e-07	1.353411314e-06	6
7.498062921e-07	1.337347163e-06	6
7.617202782e-07	1.321283013e-06	6
7.736342643e-07	1.305218862e-06	6
7.855482504e-07	1.289154711e-06	6
7.974622365e-07	1.273090561e-06	6
8.093762226e-07	1.25702641e-06	6
8.212902087e-07	1.240962259e-06	6
8.332041947e-07	1.224898109e-06	6
8.451181808e-07	1.208833958e-06	6
8.570321669e-07	1.192769808e-06	6
8.68946153e-07	1.176705657e-06	6
8.808601391e-07	1.160641506e-06	6
8.927741252e-07	1.144577356e-06	6
9.046881113e-07	1.128513205e-06	6
9.166020974e-07	1.112449054e-06	6
9.285160835e-07	1.096384904e-06	6
9.404300696e-07	1.080320753e-06	6
9.523440556e-07	1.064256603e-06	6
9.642580417e-07	1.048192452e-06	6
9.761720278e-07	1.032128301e-06	6
9.880860139e-07	1.016064151e-06	6
1e-06	1e-06	6
1.011913986e-06	9.839358494e-07	6
1.023827972e-06	9.678716987e-07	6
1.035741958e-06	9.518075481e-07	6
1.047655944e-06	9.357433975e-07	6
1.05956993e-06	9.196792469e-07	6
1.071483917e-06	9.036150962e-07	6
1.083397903e-06	8.875509456e-07	6
1.095311889e-06	8.71486795e-07	6
1.107225875e-06	8.554226443e-07	6
1.119139861e-06	8.393584937e-07	6
1.131053847e-06	8.232943431e-07	6
1.142967833e-06	8.072301924e-07	6
1.154881819e-06	7.911660418e-07	6
1.166795805e-06	7.751018912e-07	6
1.178709791e-06	7.590377406e-07	6
1.190623777e-06	7.429735899e-07	6
1.202537764e-06	7.269094393e-07	6
1.21445175e-06	7.108452887e-07	6
1.226365736e-06	6.94781138e-07	6
1.238279722e-06	6.787169874e-07	6
1.250193708e-06	6.626528368e-07	6
1.262107694e-06	6.465886861e-07	6
1.27402168e-06	6.305245355e-07	6
1.285935666e-06	6.144603849e-07	6
1.297849652e-06	5.983962343e-07	6
1.309763638e-06	5.823320836e-07	6
1.321677624e-06	5.66267933e-07	6
1.333591611e-06	5.502037824e-07	6
1.345505597e-06	5.341396317e-07	6
1.357419583e-06	5.180754811e-07	6
1.369333569e-06	5.020113305e-07	6
1.381247555e-06	4.859471799e-07	6
1.393161541e-06	4.698830292e-07	6
1.405075527e-06	4.538188786e-07	6
1.416989513e-06	4.37754728e-07	6
1.428903499e-06	4.216905773e-07	6
1.440817485e-06	4.056264267e-07	6
1.452731471e-06	3.895622761e-07	6
1.464645458e-06	3.734981254e-07	6
1.476559444e-06	3.574339748e-07	6
1.48847343e-06	3.413698242e-07	6
1.500387416e-06	3.253056736e-07	6
1.512301402e-06	3.092415229e-07	6
1.524215388e-06	2.931773723e-07	6
1.536129374e-06	2.771132217e-07	6
1.54804336e-06	2.61049071e-07	6
1.559957346e-06	2.449849204e-07	6
1.571871332e-06	2.289207698e-07	6
1.583785318e-06	2.128566191e-07	6
1.595699304e-06	1.967924685e-07	6
1.595699304e-06	1.967924685e-07	0
1.608597298e-06	2.068581612e-07	0
1.621495291e-06	2.169238539e-07	0
1.634393284e-06	2.269895466e-07	0
1.634393284e-06	2.269895466e-07	-6
1.621705418e-06	2.424497557e-07	-6
1.609017553e-06	2.579099648e-07	-6
1.596329687e-06	2.733701738e-07	-6
1.583641821e-06	2.888303829e-07	-6
1.570953956e-06	3.04290592e-07	-6
1.55826609e-06	3.19750801e-07	-6
1.545578224e-06	3.352110101e-07	-6
1.532890359e-06	3.506712192e-07	-6
1.520202493e-06	3.661314282e-07	-6
1.507514627e-06	3.815916373e-07	-6
1.494826762e-06	3.970518464e-07	-6
1.482138896e-06	4.125120554e-07	-6
1.46945103e-06	4.279722645e-07	-6
1.456763165e-06	4.434324736e-07	-6
1.444075299e-06	4.588926826e-07	-6
1.431387433e-06	4.743528917e-07	-6
1.418699568e-06	4.898131008e-07	-6
1.406011702e-06	5.052733098e-07	-6
1.393323836e-06	5.207335189e-07	-6
1.38063597e-06	5.36193728e-07	-6
1.367948105e-06	5.51653937e-07	-6
1.355260239e-06	5.671141461e-07	-6
1.342572373e-06	5.825743552e-07	-6
1.329884508e-06	5.980345643e-07	-6
1.317196642e-06	6.134947733e-07	-6
1.304508776e-06	6.289549824e-07	-6
1.291820911e-06	6.444151915e-07	-6
1.279133045e-06	6.598754005e-07	-6
1.266445179e-06	6.753356096e-07	-6
1.253757314e-06	6.907958187e-07	-6
1.241069448e-06	7.062560277e-07	-6
1.228381582e-06	7.217162368e-07	-6
1.215693717e-06	7.371764459e-07	-6
1.203005851e-06	7.526366549e-07	-6
1.190317985e-06	7.68096864e-07	-6
1.17763012e-06	7.835570731e-07	-6
1.164942254e-06	7.990172821e-07	-6
1.152254388e-06	8.144774912e-07	-6
1.139566523e-06	8.299377003e-07	-6
1.126878657e-06	8.453979093e-07	-6
1.114190791e-06	8.608581184e-07	-6
1.101502925e-06	8.763183275e-07	-6
1.08881506e-06	8.917785365e-07	-6
1.076127194e-06	9.072387456e-07	-6
1.063439328e-06	9.226989547e-07	-6
1.050751463e-06	9.381591637e-07	-6
1.038063597e-06	9.536193728e-07	-6
1.025375731e-06	9.690795819e-07	-6
1.012687866e-06	9.845397909e-07	-6
1e-06	1e-06	-6
9.873121343e-07	1.015460209e-06	-6
9.746242686e-07	1.030920418e-06	-6
9.61936403e-07	1.046380627e-06	-6
9.492485373e-07	1.061840836e-06	-6
9.365606716e-07	1.077301045e-06	-6
9.238728059e-07	1.092761254e-06	-6
9.111849402e-07	1.108221463e-06	-6
8.984970745e-07	1.123681673e-06	-6
8.858092089e-07	1.139141882e-06	-6
8.731213432e-07	1.154602091e-06	-6
8.604334775e-07	1.1700623e-06	-6
8.477456118e-07	1.185522509e-06	-6
8.350577461e-07	1.200982718e-06	-6
8.223698804e-07	1.216442927e-06	-6
8.096820148e-07	1.231903136e-06	-6
7.969941491e-07	1.247363345e-06	-6
7.843062834e-07	1.262823554e-06	-6
7.716184177e-07	1.278283763e-06	-6
7.58930552e-07	1.293743972e-06	-6
7.462426863e-07	1.309204181e-06	-6
7.335548207e-07	1.32466439e-06	-6
7.20866955e-07	1.340124599e-06	-6
7.081790893e-07	1.355584809e-06	-6
6.954912236e-07	1.371045018e-06	-6
6.828033579e-07	1.386505227e-06	-6
6.701154922e-07	1.401965436e-06	-6
6.574276266e-07	1.417425645e-06	-6
6.447397609e-07	1.432885854e-06	-6
6.320518952e-07	1.448346063e-06	-6
6.193640295e-07	1.463806272e-06	-6
6.066761638e-07	1.479266481e-06	-6
5.939882981e-07	1.49472669e-06	-6
5.813004325e-07	1.510186899e-06	-6
5.686125668e-07	1.525647108e-06	-6
5.559247011e-07	1.541107317e-06	-6
5.432368354e-07	1.556567526e-06	-6
5.305489697e-07	1.572027735e-06	-6
5.17861104e-07	1.587487945e-06	-6
5.051732384e-07	1.602948154e-06	-6
4.924853727e-07	1.618408363e-06	-6
4.79797507e-07	1.633868572e-06	-6
4.671096413e-07	1.649328781e-06	-6
4.544217756e-07	1.66478899e-06	-6
4.417339099e-07	1.680249199e-06	-6
4.290460443e-07	1.695709408e-06	-6
4.163581786e-07	1.711169617e-06	-6
4.036703129e-07	1.726629826e-06	-6
3.909824472e-07	1.742090035e-06	-6
3.782945815e-07	1.757550244e-06	-6
3.656067158e-07	1.773010453e-06	-6
3.656067158e-07	1.773010453e-06	0
3.656067158e-07	1.773010453e-06	6
3.782945815e-07	1.757550244e-06	6
3.909824472e-07	1.742090035e-06	6
4.036703129e-07	1.726629826e-06	6
4.163581786e-07	1.711169617e-06	6
4.290460443e-07	1.695709408e-06	6
4.417339099e-07	1.680249199e-06	6
4.544217756e-07	1.66478899e-06	6
4.671096413e-07	1.649328781e-06	6
4.79797507e-07	1.633868572e-06	6
4.924853727e-07	1.618408363e-06	6
5.051732384e-07	1.602948154e-06	6
5.17861104e-07	1.587487945e-06	6
5.305489697e-07	1.572027735e-06	6
5.432368354e-07	1.556567526e-06	6
5.559247011e-07	1.541107317e-06	6
5.686125668e-07	1.525647108e-06	6
5.813004325e-07	1.510186899e-06	6
5.939882981e-07	1.49472669e-06	6
6.066761638e-07	1.479266481e-06	6
6.193640295e-07	1.463806272e-06	6
6.320518952e-07	1.448346063e-06	6
6.447397609e-07	1.432885854e-06	6
6.574276266e-07	1.417425645e-06	6
6.701154922e-07	1.401965436e-06	6
6.828033579e-07	1.386505227e-06	6
6.954912236e-07	1.371045018e-06	6
7.081790893e-07	1.355584809e-06	6
7.20866955e-07	1.340124599e-06	6
7.335548207e-07	1.32466439e-06	6
7.462426863e-07	1.309204181e-06	6
7.58930552e-07	1.293743972e-06	6
7.716184177e-07	1.278283763e-06	6
7.843062834e-07	1.262823554e-06	6
7.969941491e-07	1.247363345e-06	6
8.096820148e-07	1.231903136e-06	6
8.223698804e-07	1.216442927e-06	6
8.350577461e-07	1.200982718e-06	6
8.477456118e-07	1.185522509e-06	6
8.604334775e-07	1.1700623e-06	6
8.731213432e-07	1.154602091e-06	6
8.858092089e-07	1.139141882e-06	6
8.984970745e-07	1.123681673e-06	6
9.111849402e-07	1.108221463e-06	6
9.238728059e-07	1.092761254e-06	6
9.365606716e-07	1.077301045e-06	6
9.492485373e-07	1.061840836e-06	6
9.61936403e-07	1.046380627e-06	6
9.746242686e-07	1.030920418e-06	6
9.873121343e-07	1.015460209e-06	6
1e-06	1e-06	6
1.012687866e-06	9.845397909e-07	6
1.025375731e-06	9.690795819e-07	6
1.038063597e-06	9.536193728e-07	6
1.050751463e-06	9.381591637e-07	6
1.063439328e-06	9.226989547e-07	6
1.076127194e-06	9.072387456e-07	6
1.08881506e-06	8.917785365e-07	6
1.101502925e-06	8.763183275e-07	6
1.114190791e-06	8.608581184e-07	6
1.126878657e-06	8.453979093e-07	6
1.139566523e-06	8.299377003e-07	6
1.152254388e-06	8.144774912e-07	6
1.164942254e-06	7.990172821e-07	6
1.17763012e-06	7.835570731e-07	6
1.190317985e-06	7.68096864e-07	6
1.203005851e-06	7.526366549e-07	6
1.215693717e-06	7.371764459e-07	6
1.228381582e-06	7.217162368e-07	6
1.241069448e-06	7.062560277e-07	6
1.253757314e-06	6.907958187e-07	6
1.266445179e-06	6.753356096e-07	6
1.279133045e-06	6.598754005e-07	6
1.291820911e-06	6.444151915e-07	6
1.304508776e-06	6.289549824e-07	6
1.317196642e-06	6.134947733e-07	6
1.329884508e-06	5.980345643e-07	6
1.342572373e-06	5.825743552e-07	6
1.355260239e-06	5.671141461e-07	6
1.367948105e-06	5.51653937e-07	6
1.38063597e-06	5.36193728e-07	6
1.393323836e-06	5.207335189e-07	6
1.406011702e-06	5.052733098e-07	6
1.418699568e-06	4.898131008e-07	6
1.431387433e-06	4.743528917e-07	6
1.444075299e-06	4.588926826e-07	6
1.456763165e-06	4.434324736e-07	6
1.46945103e-06	4.279722645e-07	6
1.482138896e-06	4.125120554e-07	6
1.494826762e-06	3.970518464e-07	6
1.507514627e-06	3.815916373e-07	6
1.520202493e-06	3.661314282e-07	6
1.532890359e-06	3.506712192e-07	6
1.545578224e-06	3.352110101e-07	6
1.55826609e-06	3.19750801e-07	6
1.570953956e-06	3.04290592e-07	6
1.583641821e-06	2.888303829e-07	6
1.596329687e-06	2.733701738e-07	6
1.609017553e-06	2.579099648e-07	6
1.621705418e-06	2.424497557e-07	6
1.634393284e-06	2.269895466e-07	6
1.634393284e-06	2.269895466e-07	0
1.646781841e-06	2.376759893e-07	0
1.659170398e-06	2.48362432e-07	0
1.671558955e-06	2.590488746e-07	0
1.671558955e-06	2.590488746e-07	-6
1.658260758e-06	2.737211742e-07	-6
1.644962561e-06	2.883934737e-07	-6
1.631664363e-06	3.030657732e-07	-6
1.618366166e-06	3.177380727e-07	-6
1.605067969e-06	3.324103722e-07	-6
1.591769772e-06	3.470826717e-07	-6
1.578471575e-06	3.617549712e-07	-6
1.565173378e-06	3.764272707e-07	-6
1.551875181e-06	3.910995703e-07	-6
1.538576984e-06	4.057718698e-07	-6
1.525278786e-06	4.204441693e-07	-6
1.511980589e-06	4.351164688e-07	-6
1.498682392e-06	4.497887683e-07	-6
1.485384195e-06	4.644610678e-07	-6
1.472085998e-06	4.791333673e-07	-6
1.458787801e-06	4.938056668e-07	-6
1.445489604e-06	5.084779663e-07	-6
1.432191407e-06	5.231502659e-07	-6
1.418893209e-06	5.378225654e-07	-6
1.405595012e-06	5.524948649e-07	-6
1.392296815e-06	5.671671644e-07	-6
1.378998618e-06	5.818394639e-07	-6
1.365700421e-06	5.965117634e-07	-6
1.352402224e-06	6.111840629e-07	-6
1.339104027e-06	6.258563624e-07	-6
1.32580583e-06	6.40528662e-07	-6
1.312507632e-06	6.552009615e-07	-6
1.299209435e-06	6.69873261e-07	-6
1.285911238e-06	6.845455605e-07	-6
1.272613041e-06	6.9921786e-07	-6
1.259314844e-06	7.138901595e-07	-6
1.246016647e-06	7.28562459e-07	-6
1.23271845e-06	7.432347585e-07	-6
1.219420253e-06	7.579070581e-07	-6
1.206122055e-06	7.725793576e-07	-6
1.192823858e-06	7.872516571e-07	-6
1.179525661e-06	8.019239566e-07	-6
1.166227464e-06	8.165962561e-07	-6
1.152929267e-06	8.312685556e-07	-6
1.13963107e-06	8.459408551e-07	-6
1.126332873e-06	8.606131546e-07	-6
1.113034676e-06	8.752854541e-07	-6
1.099736478e-06	8.899577537e-07	-6
1.086438281e-06	9.046300532e-07	-6
1.073140084e-06	9.193023527e-07	-6
1.059841887e-06	9.339746522e-07	-6
1.04654369e-06	9.486469517e-07	-6
1.033245493e-06	9.633192512e-07	-6
1.019947296e-06	9.779915507e-07	-6
1.006649099e-06	9.926638502e-07	-6
9.933509014e-07	1.00733615e-06	-6
9.800527043e-07	1.022008449e-06	-6
9.667545072e-07	1.036680749e-06	-6
9.534563101e-07	1.051353048e-06	-6
9.401581129e-07	1.066025348e-06	-6
9.268599158e-07	1.080697647e-06	-6
9.135617187e-07	1.095369947e-06	-6
9.002635216e-07	1.110042246e-06	-6
8.869653244e-07	1.124714546e-06	-6
8.736671273e-07	1.139386845e-06	-6
8.603689302e-07	1.154059145e-06	-6
8.470707331e-07	1.168731444e-06	-6
8.337725359e-07	1.183403744e-06	-6
8.204743388e-07	1.198076043e-06	-6
8.071761417e-07	1.212748343e-06	-6
7.938779446e-07	1.227420642e-06	-6
7.805797474e-07	1.242092942e-06	-6
7.672815503e-07	1.256765241e-06	-6
7.539833532e-07	1.271437541e-06	-6
7.40685156e-07	1.28610984e-06	-6
7.273869589e-07	1.30078214e-06	-6
7.140887618e-07	1.31545444e-06	-6
7.007905647e-07	1.330126739e-06	-6
6.874923675e-07	1.344799039e-06	-6
6.741941704e-07	1.359471338e-06	-6
6.608959733e-07	1.374143638e-06	-6
6.475977762e-07	1.388815937e-06	-6
6.34299579e-07	1.403488237e-06	-6
6.210013819e-07	1.418160536e-06	-6
6.077031848e-07	1.432832836e-06	-6
5.944049877e-07	1.447505135e-06	-6
5.811067905e-07	1.462177435e-06	-6
5.678085934e-07	1.476849734e-06	-6
5.545103963e-07	1.491522034e-06	-6
5.412121992e-07	1.506194333e-06	-6
5.27914002e-07	1.520866633e-06	-6
5.146158049e-07	1.535538932e-06	-6
5.013176078e-07	1.550211232e-06	-6
4.880194107e-07	1.564883531e-06	-6
4.747212135e-07	1.579555831e-06	-6
4.614230164e-07	1.59422813e-06	-6
4.481248193e-07	1.60890043e-06	-6
4.348266222e-07	1.623572729e-06	-6
4.21528425e-07	1.638245029e-06	-6
4.082302279e-07	1.652917328e-06	-6
3.949320308e-07	1.667589628e-06	-6
3.816338337e-07	1.682261927e-06	-6
3.683356365e-07	1.696934227e-06	-6
3.550374394e-07	1.711606526e-06	-6
3.417392423e-07	1.726278826e-06	-6
3.284410452e-07	1.740951125e-06	-6
3.284410452e-07	1.740951125e-06	0
3.284410452e-07	1.740951125e-06	6
3.417392423e-07	1.726278826e-06	6
3.550374394e-07	1.711606526e-06	6
3.683356365e-07	1.696934227e-06	6
3.816338337e-07	1.682261927e-06	6
3.949320308e-07	1.667589628e-06	6
4.082302279e-07	1.652917328e-06	6
4.21528425e-07	1.638245029e-06	6
4.348266222e-07	1.623572729e-06	6
4.481248193e-07	1.60890043e-06	6
4.614230164e-07	1.59422813e-06	6
4.747212135e-07	1.579555831e-06	6
4.880194107e-07	1.564883531e-06	6
5.013176078e-07	1.550211232e-06	6
5.146158049e-07	1.535538932e-06	6
5.27914002e-07	1.520866633e-06	6
5.412121992e-07	1.506194333e-06	6
5.545103963e-07	1.491522034e-06	6
5.678085934e-07	1.476849734e-06	6
5.811067905e-07	1.462177435e-06	6
5.944049877e-07	1.447505135e-06	6
6.077031848e-07	1.432832836e-06	6
6.210013819e-07	1.418160536e-06	6
6.34299579e-07	1.403488237e-06	6
6.475977762e-07	1.388815937e-06	6
6.608959733e-07	1.374143638e-06	6
6.741941704e-07	1.359471338e-06	6
6.874923675e-07	1.344799039e-06	6
7.007905647e-07	1.330126739e-06	6
7.140887618e-07	1.31545444e-06	6
7.273869589e-07	1.30078214e-06	6
7.40685156e-07	1.28610984e-06	6
7.539833532e-07	1.271437541e-06	6
7.672815503e-07	1.256765241e-06	6
7.805797474e-07	1.242092942e-06	6
7.938779446e-07	1.227420642e-06	6
8.071761417e-07	1.212748343e-06	6
8.204743388e-07	1.198076043e-06	6
8.337725359e-07	1.183403744e-06	6
8.470707331e-07	1.168731444e-06	6
8.603689302e-07	1.154059145e-06	6
8.736671273e-07	1.139386845e-06	6
8.869653244e-07	1.124714546e-06	6
9.002635216e-07	1.110042246e-06	6
9.135617187e-07	1.095369947e-06	6
9.268599158e-07	1.080697647e-06	6
9.401581129e-07	1.066025348e-06	6
9.534563101e-07	1.051353048e-06	6
9.667545072e-07	1.036680749e-06	6
9.800527043e-07	1.022008449e-06	6
9.933509014e-07	1.00733615e-06	6
1.006649099e-06	9.926638502e-07	6
1.019947296e-06	9.779915507e-07	6
1.033245493e-06	9.633192512e-07	6
1.04654369e-06	9.486469517e-07	6
1.059841887e-06	9.339746522e-07	6
1.073140084e-06	9.193023527e-07	6
1.086438281e-06	9.046300532e-07	6
1.099736478e-06	8.899577537e-07	6
1.113034676e-06	8.752854541e-07	6
1.126332873e-06	8.606131546e-07	6
1.13963107e-06	8.459408551e-07	6
1.152929267e-06	8.312685556e-07	6
1.166227464e-06	8.165962561e-07	6
1.179525661e-06	8.019239566e-07	6
1.192823858e-06	7.872516571e-07	6
1.206122055e-06	7.725793576e-07	6
1.219420253e-06	7.579070581e-07	6
1.23271845e-06	7.432347585e-07	6
1.246016647e-06	7.28562459e-07	6
1.259314844e-06	7.138901595e-07	6
1.272613041e-06	6.9921786e-07	6
1.285911238e-06	6.845455605e-07	6
1.299209435e-06	6.69873261e-07	6
1.312507632e-06	6.552009615e-07	6
1.32580583e-06	6.40528662e-07	6
1.339104027e-06	6.258563624e-07	6
1.352402224e-06	6.111840629e-07	6
1.365700421e-06	5.965117634e-07	6
1.378998618e-06	5.818394639e-07	6
1.392296815e-06	5.671671644e-07	6
1.405595012e-06	5.524948649e-07	6
1.418893209e-06	5.378225654e-07	6
1.432191407e-06	5.231502659e-07	6
1.445489604e-06	5.084779663e-07	6
1.458787801e-06	4.938056668e-07	6
1.472085998e-06	4.791333673e-07	6
1.485384195e-06	4.644610678e-07	6
1.498682392e-06	4.497887683e-07	6
1.511980589e-06	4.351164688e-07	6
1.525278786e-06	4.204441693e-07	6
1.538576984e-06	4.057718698e-07	6
1.551875181e-06	3.910995703e-07	6
1.565173378e-06	3.764272707e-07	6
1.578471575e-06	3.617549712e-07	6
1.591769772e-06	3.470826717e-07	6
1.605067969e-06	3.324103722e-07	6
1.618366166e-06	3.177380727e-07	6
1.631664363e-06	3.030657732e-07	6
1.644962561e-06	2.883934737e-07	6
1.658260758e-06	2.737211742e-07	6
1.671558955e-06	2.590488746e-07	6
1.671558955e-06	2.590488746e-07	0
1.68340823e-06	2.703303227e-07	0
1.695257506e-06	2.816117708e-07	0
1.707106781e-06	2.928932188e-07	0
1.707106781e-06	2.928932188e-07	-6
1.693104667e-06	3.068953333e-07	-6
1.679102552e-06	3.208974478e-07	-6
1.665100438e-06	3.348995623e-07	-6
1.651098323e-06	3.489016767e-07	-6
1.637096209e-06	3.629037912e-07	-6
1.623094094e-06	3.769059057e-07	-6
1.60909198e-06	3.909080202e-07	-6
1.595089865e-06	4.049101346e-07	-6
1.581087751e-06	4.189122491e-07	-6
1.567085636e-06	4.329143636e-07	-6
1.553083522e-06	4.469164781e-07	-6
1.539081407e-06	4.609185926e-07	-6
1.525079293e-06	4.74920707e-07	-6
1.511077178e-06	4.889228215e-07	-6
1.497075064e-06	5.02924936e-07	-6
1.48307295e-06	5.169270505e-07	-6
1.469070835e-06	5.30929165e-07	-6
1.455068721e-06	5.449312794e-07	-6
1.441066606e-06	5.589333939e-07	-6
1.427064492e-06	5.729355084e-07	-6
1.413062377e-06	5.869376229e-07	-6
1.399060263e-06	6.009397374e-07	-6
1.385058148e-06	6.149418518e-07	-6
1.371056034e-06	6.289439663e-07	-6
1.357053919e-06	6.429460808e-07	-6
1.343051805e-06	6.569481953e-07	-6
1.32904969e-06	6.709503097e-07	-6
1.315047576e-06	6.849524242e-07	-6
1.301045461e-06	6.989545387e-07	-6
1.287043347e-06	7.129566532e-07	-6
1.273041232e-06	7.269587677e-07	-6
1.259039118e-06	7.409608821e-07	-6
1.245037003e-06	7.549629966e-07	-6
1.231034889e-06	7.689651111e-07	-6
1.217032774e-06	7.829672256e-07	-6
1.20303066e-06	7.969693401e-07	-6
1.189028545e-06	8.109714545e-07	-6
1.175026431e-06	8.24973569e-07	-6
1.161024317e-06	8.389756835e-07	-6
1.147022202e-06	8.52977798e-07	-6
1.133020088e-06	8.669799125e-07	-6
1.119017973e-06	8.809820269e-07	-6
1.105015859e-06	8.949841414e-07	-6
1.091013744e-06	9.089862559e-07	-6
1.07701163e-06	9.229883704e-07	-6
1.063009515e-06	9.369904848e-07	-6
1.049007401e-06	9.509925993e-07	-6
1.035005286e-06	9.649947138e-07	-6
1.021003172e-06	9.789968283e-07	-6
1.007001057e-06	9.929989428e-07	-6
9.929989428e-07	1.007001057e-06	-6
9.789968283e-07	1.021003172e-06	-6
9.649947138e-07	1.035005286e-06	-6
9.509925993e-07	1.049007401e-06	-6
9.369904848e-07	1.063009515e-06	-6
9.229883704e-07	1.07701163e-06	-6
9.089862559e-07	1.091013744e-06	-6
8.949841414e-07	1.105015859e-06	-6
8.809820269e-07	1.119017973e-06	-6
8.669799125e-07	1.133020088e-06	-6
8.52977798e-07	1.147022202e-06	-6
8.389756835e-07	1.161024317e-06	-6
8.24973569e-07	1.175026431e-06	-6
8.109714545e-07	1.189028545e-06	-6
7.969693401e-07	1.20303066e-06	-6
7.829672256e-07	1.217032774e-06	-6
7.689651111e-07	1.231034889e-06	-6
7.549629966e-07	1.245037003e-06	-6
7.409608821e-07	1.259039118e-06	-6
7.269587677e-07	1.273041232e-06	-6
7.129566532e-07	1.287043347e-06	-6
6.989545387e-07	1.301045461e-06	-6
6.849524242e-07	1.315047576e-06	-6
6.709503097e-07	1.32904969e-06	-6
6.569481953e-07	1.343051805e-06	-6
6.429460808e-07	1.357053919e-06	-6
6.289439663e-07	1.371056034e-06	-6
6.149418518e-07	1.385058148e-06	-6
6.009397374e-07	1.399060263e-06	-6
5.869376229e-07	1.413062377e-06	-6
5.729355084e-07	1.427064492e-06	-6
5.589333939e-07	1.441066606e-06	-6
5.449312794e-07	1.455068721e-06	-6
5.30929165e-07	1.469070835e-06	-6
5.169270505e-07	1.48307295e-06	-6
5.02924936e-07	1.497075064e-06	-6
4.889228215e-07	1.511077178e-06	-6
4.74920707e-07	1.525079293e-06	-6
4.609185926e-07	1.539081407e-06	-6
4.469164781e-07	1.553083522e-06	-6
4.329143636e-07	1.567085636e-06	-6
4.189122491e-07	1.581087751e-06	-6
4.049101346e-07	1.595089865e-06	-6
3.909080202e-07	1.60909198e-06	-6
3.769059057e-07	1.623094094e-06	-6
3.629037912e-07	1.637096209e-06	-6
3.489016767e-07	1.651098323e-06	-6
3.348995623e-07	1.665100438e-06	-6
3.208974478e-07	1.679102552e-06	-6
3.068953333e-07	1.693104667e-06	-6
2.928932188e-07	1.707106781e-06	-6
2.928932188e-07	1.707106781e-06	0
2.928932188e-07	1.707106781e-06	6
3.070353544e-07	1.692964646e-06	6
3.211774901e-07	1.67882251e-06	6
3.353196257e-07	1.664680374e-06	6
3.494617613e-07	1.650538239e-06	6
3.636038969e-07	1.636396103e-06	6
3.777460326e-07	1.622253967e-06	6
3.918881682e-07	1.608111832e-06	6
4.060303038e-07	1.593969696e-06	6
4.201724394e-07	1.579827561e-06	6
4.343145751e-07	1.565685425e-06	6
4.484567107e-07	1.551543289e-06	6
4.625988463e-07	1.537401154e-06	6
4.767409819e-07	1.523259018e-06	6
4.908831175e-07	1.509116882e-06	6
5.050252532e-07	1.494974747e-06	6
5.191673888e-07	1.480832611e-06	6
5.333095244e-07	1.466690476e-06	6
5.4745166e-07	1.45254834e-06	6
5.615937957e-07	1.438406204e-06	6
5.757359313e-07	1.424264069e-06	6
5.898780669e-07	1.410121933e-06	6
6.040202025e-07	1.395979797e-06	6
6.181623382e-07	1.381837662e-06	6
6.323044738e-07	1.367695526e-06	6
6.464466094e-07	1.353553391e-06	6
6.60588745e-07	1.339411255e-06	6
6.747308807e-07	1.325269119e-06	6
6.888730163e-07	1.311126984e-06	6
7.030151519e-07	1.296984848e-06	6
7.171572875e-07	1.282842712e-06	6
7.312994231e-07	1.268700577e-06	6
7.454415588e-07	1.254558441e-06	6
7.595836944e-07	1.240416306e-06	6
7.7372583e-07	1.22627417e-06	6
7.878679656e-07	1.212132034e-06	6
8.020101013e-07	1.197989899e-06	6
8.161522369e-07	1.183847763e-06	6
8.302943725e-07	1.169705627e-06	6
8.444365081e-07	1.155563492e-06	6
8.585786438e-07	1.141421356e-06	6
8.727207794e-07	1.127279221e-06	6
8.86862915e-07	1.113137085e-06	6
9.010050506e-07	1.098994949e-06	6
9.151471863e-07	1.084852814e-06	6
9.292893219e-07	1.070710678e-06	6
9.434314575e-07	1.056568542e-06	6
9.575735931e-07	1.042426407e-06	6
9.717157288e-07	1.028284271e-06	6
9.858578644e-07	1.014142136e-06	6
1e-06	1e-06	6
1.014142136e-06	9.858578644e-07	6
1.028284271e-06	9.717157288e-07	6
1.042426407e-06	9.575735931e-07	6
1.056568542e-06	9.434314575e-07	6
1.070710678e-06	9.292893219e-07	6
1.084852814e-06	9.151471863e-07	6
1.098994949e-06	9.010050506e-07	6
1.113137085e-06	8.86862915e-07	6
1.127279221e-06	8.727207794e-07	6
1.141421356e-06	8.585786438e-07	6
1.155563492e-06	8.444365081e-07	6
1.169705627e-06	8.302943725e-07	6
1.183847763e-06	8.161522369e-07	6
1.197989899e-06	8.020101013e-07	6
1.212132034e-06	7.878679656e-07	6
1.22627417e-06	7.7372583e-07	6
1.240416306e-06	7.595836944e-07	6
1.254558441e-06	7.454415588e-07	6
1.268700577e-06	7.312994231e-07	6
1.282842712e-06	7.171572875e-07	6
1.296984848e-06	7.030151519e-07	6
1.311126984e-06	6.888730163e-07	6
1.325269119e-06	6.747308807e-07	6
1.339411255e-06	6.60588745e-07	6
1.353553391e-06	6.464466094e-07	6
1.367695526e-06	6.323044738e-07	6
1.381837662e-06	6.181623382e-07	6
1.395979797e-06	6.040202025e-07	6
1.410121933e-06	5.898780669e-07	6
1.424264069e-06	5.757359313e-07	6
1.438406204e-06	5.615937957e-07	6
1.45254834e-06	5.4745166e-07	6
1.466690476e-06	5.333095244e-07	6
1.480832611e-06	5.191673888e-07	6
1.494974747e-06	5.050252532e-07	6
1.509116882e-06	4.908831175e-07	6
1.523259018e-06	4.767409819e-07	6
1.537401154e-06	4.625988463e-07	6
1.551543289e-06	4.484567107e-07	6
1.565685425e-06	4.343145751e-07	6
1.579827561e-06	4.201724394e-07	6
1.593969696e-06	4.060303038e-07	6
1.608111832e-06	3.918881682e-07	6
1.622253967e-06	3.777460326e-07	6
1.636396103e-06	3.636038969e-07	6
1.650538239e-06	3.494617613e-07	6
1.664680374e-06	3.353196257e-07	6
1.67882251e-06	3.211774901e-07	6
1.692964646e-06	3.070353544e-07	6
1.707106781e-06	2.928932188e-07	6
1.707106781e-06	2.928932188e-07	0
1.718388229e-06	3.047424943e-07	0
1.729669677e-06	3.165917697e-07	0
1.740951125e-06	3.284410452e-07	0
1.740951125e-06	3.284410452e-07	-6
1.726278826e-06	3.417392423e-07	-6
1.711606526e-06	3.550374394e-07	-6
1.696934227e-06	3.683356365e-07	-6
1.682261927e-06	3.816338337e-07	-6
1.667589628e-06	3.949320308e-07	-6
1.652917328e-06	4.082302279e-07	-6
1.638245029e-06	4.21528425e-07	-6
1.623572729e-06	4.348266222e-07	-6
1.60890043e-06	4.481248193e-07	-6
1.59422813e-06	4.614230164e-07	-6
1.579555831e-06	4.747212135e-07	-6
1.564883531e-06	4.880194107e-07	-6
1.550211232e-06	5.013176078e-07	-6
1.535538932e-06	5.146158049e-07	-6
1.520866633e-06	5.27914002e-07	-6
1.506194333e-06	5.412121992e-07	-6
1.491522034e-06	5.545103963e-07	-6
1.476849734e-06	5.678085934e-07	-6
1.462177435e-06	5.811067905e-07	-6
1.447505135e-06	5.944049877e-07	-6
1.432832836e-06	6.077031848e-07	-6
1.418160536e-06	6.210013819e-07	-6
1.403488237e-06	6.34299579e-07	-6
1.388815937e-06	6.475977762e-07	-6
1.374143638e-06	6.608959733e-07	-6
1.359471338e-06	6.741941704e-07	-6
1.344799039e-06	6.874923675e-07	-6
1.330126739e-06	7.007905647e-07	-6
1.31545444e-06	7.140887618e-07	-6
1.30078214e-06	7.273869589e-07	-6
1.28610984e-06	7.40685156e-07	-6
1.271437541e-06	7.539833532e-07	-6
1.256765241e-06	7.672815503e-07	-6
1.242092942e-06	7.805797474e-07	-6
1.227420642e-06	7.938779446e-07	-6
1.212748343e-06	8.071761417e-07	-6
1.198076043e-06	8.204743388e-07	-6
1.183403744e-06	8.337725359e-07	-6
1.168731444e-06	8.470707331e-07	-6
1.154059145e-06	8.603689302e-07	-6
1.139386845e-06	8.736671273e-07	-6
1.124714546e-06	8.869653244e-07	-6
1.110042246e-06	9.002635216e-07	-6
1.095369947e-06	9.135617187e-07	-6
1.080697647e-06	9.268599158e-07	-6
1.066025348e-06	9.401581129e-07	-6
1.051353048e-06	9.534563101e-07	-6
1.036680749e-06	9.667545072e-07	-6
1.022008449e-06	9.800527043e-07	-6
1.00733615e-06	9.933509014e-07	-6
9.926638502e-07	1.006649099e-06	-6
9.779915507e-07	1.019947296e-06	-6
9.633192512e-07	1.033245493e-06	-6
9.486469517e-07	1.04654369e-06	-6
9.339746522e-07	1.059841887e-06	-6
9.193023527e-07	1.073140084e-06	-6
9.046300532e-07	1.086438281e-06	-6
8.899577537e-07	1.099736478e-06	-6
8.752854541e-07	1.113034676e-06	-6
8.606131546e-07	1.126332873e-06	-6
8.459408551e-07	1.13963107e-06	-6
8.312685556e-07	1.152929267e-06	-6
8.165962561e-07	1.166227464e-06	-6
8.019239566e-07	1.179525661e-06	-6
7.872516571e-07	1.192823858e-06	-6
7.725793576e-07	1.206122055e-06	-6
7.579070581e-07	1.219420253e-06	-6
7.432347585e-07	1.23271845e-06	-6
7.28562459e-07	1.246016647e-06	-6
7.138901595e-07	1.259314844e-06	-6
6.9921786e-07	1.272613041e-06	-6
6.845455605e-07	1.285911238e-06	-6
6.69873261e-07	1.299209435e-06	-6
6.552009615e-07	1.312507632e-06	-6
6.40528662e-07	1.32580583e-06	-6
6.258563624e-07	1.339104027e-06	-6
6.111840629e-07	1.352402224e-06	-6
5.965117634e-07	1.365700421e-06	-6
5.818394639e-07	1.378998618e-06	-6
5.671671644e-07	1.392296815e-06	-6
5.524948649e-07	1.405595012e-06	-6
5.378225654e-07	1.418893209e-06	-6
5.231502659e-07	1.432191407e-06	-6
5.084779663e-07	1.445489604e-06	-6
4.938056668e-07	1.458787801e-06	-6
4.791333673e-07	1.472085998e-06	-6
4.644610678e-07	1.485384195e-06	-6
4.497887683e-07	1.498682392e-06	-6
4.351164688e-07	1.511980589e-06	-6
4.204441693e-07	1.525278786e-06	-6
4.057718698e-07	1.538576984e-06	-6
3.910995703e-07	1.551875181e-06	-6
3.764272707e-07	1.565173378e-06	-6
3.617549712e-07	1.578471575e-06	-6
3.470826717e-07	1.591769772e-06	-6
3.324103722e-07	1.605067969e-06	-6
3.177380727e-07	1.618366166e-06	-6
3.030657732e-07	1.631664363e-06	-6
2.883934737e-07	1.644962561e-06	-6
2.737211742e-07	1.658260758e-06	-6
2.590488746e-07	1.671558955e-06	-6
2.590488746e-07	1.671558955e-06	0
2.590488746e-07	1.671558955e-06	6
2.737211742e-07	1.658260758e-06	6
2.883934737e-07	1.644962561e-06	6
3.030657732e-07	1.631664363e-06	6
3.177380727e-07	1.618366166e-06	6
3.324103722e-07	1.605067969e-06	6
3.470826717e-07	1.591769772e-06	6
3.617549712e-07	1.578471575e-06	6
3.764272707e-07	1.565173378e-06	6
3.910995703e-07	1.551875181e-06	6
4.057718698e-07	1.538576984e-06	6
4.204441693e-07	1.525278786e-06	6
4.351164688e-07	1.511980589e-06	6
4.497887683e-07	1.498682392e-06	6
4.644610678e-07	1.485384195e-06	6
4.791333673e-07	1.472085998e-06	6
4.938056668e-07	1.458787801e-06	6
5.084779663e-07	1.445489604e-06	6
5.231502659e-07	1.432191407e-06	6
5.378225654e-07	1.418893209e-06	6
5.524948649e-07	1.405595012e-06	6
5.671671644e-07	1.392296815e-06	6
5.818394639e-07	1.378998618e-06	6
5.965117634e-07	1.365700421e-06	6
6.111840629e-07	1.352402224e-06	6
6.258563624e-07	1.339104027e-06	6
6.40528662e-07	1.32580583e-06	6
6.552009615e-07	1.312507632e-06	6
6.69873261e-07	1.299209435e-06	6
6.845455605e-07	1.285911238e-06	6
6.9921786e-07	1.272613041e-06	6
7.138901595e-07	1.259314844e-06	6
7.28562459e-07	1.246016647e-06	6
7.432347585e-07	1.23271845e-06	6
7.579070581e-07	1.219420253e-06	6
7.725793576e-07	1.206122055e-06	6
7.872516571e-07	1.192823858e-06	6
8.019239566e-07	1.179525661e-06	6
8.165962561e-07	1.166227464e-06	6
8.312685556e-07	1.152929267e-06	6
8.459408551e-07	1.13963107e-06	6
8.606131546e-07	1.126332873e-06	6
8.752854541e-07	1.113034676e-06	6
8.899577537e-07	1.099736478e-06	6
9.046300532e-07	1.086438281e-06	6
9.193023527e-07	1.073140084e-06	6
9.339746522e-07	1.059841887e-06	6
9.486469517e-07	1.04654369e-06	6
9.633192512e-07	1.033245493e-06	6
9.779915507e-07	1.019947296e-06	6
9.926638502e-07	1.006649099e-06	6
1.00733615e-06	9.933509014e-07	6
1.022008449e-06	9.800527043e-07	6
1.036680749e-06	9.667545072e-07	6
1.051353048e-06	9.534563101e-07	6
1.066025348e-06	9.401581129e-07	6
1.080697647e-06	9.268599158e-07	6
1.095369947e-06	9.135617187e-07	6
1.110042246e-06	9.002635216e-07	6
1.124714546e-06	8.869653244e-07	6
1.139386845e-06	8.736671273e-07	6
1.154059145e-06	8.603689302e-07	6
1.168731444e-06	8.470707331e-07	6
1.183403744e-06	8.337725359e-07	6
1.198076043e-06	8.204743388e-07	6
1.212748343e-06	8.071761417e-07	6
1.227420642e-06	7.938779446e-07	6
1.242092942e-06	7.805797474e-07	6
1.256765241e-06	7.672815503e-07	6
1.271437541e-06	7.539833532e-07	6
1.28610984e-06	7.40685156e-07	6
1.30078214e-06	7.273869589e-07	6
1.31545444e-06	7.140887618e-07	6
1.330126739e-06	7.007905647e-07	6
1.344799039e-06	6.874923675e-07	6
1.359471338e-06	6.741941704e-07	6
1.374143638e-06	6.608959733e-07	6
1.388815937e-06	6.475977762e-07	6
1.403488237e-06	6.34299579e-07	6
1.418160536e-06	6.210013819e-07	6
1.432832836e-06	6.077031848e-07	6
1.447505135e-06	5.944049877e-07	6
1.462177435e-06	5.811067905e-07	6
1.476849734e-06	5.678085934e-07	6
1.491522034e-06	5.545103963e-07	6
1.506194333e-06	5.412121992e-07	6
1.520866633e-06	5.27914002e-07	6
1.535538932e-06	5.146158049e-07	6
1.550211232e-06	5.013176078e-07	6
1.564883531e-06	4.880194107e-07	6
1.579555831e-06	4.747212135e-07	6
1.59422813e-06	4.614230164e-07	6
1.60890043e-06	4.481248193e-07	6
1.623572729e-06	4.348266222e-07	6
1.638245029e-06	4.21528425e-07	6
1.652917328e-06	4.082302279e-07	6
1.667589628e-06	3.949320308e-07	6
1.682261927e-06	3.816338337e-07	6
1.696934227e-06	3.683356365e-07	6
1.711606526e-06	3.550374394e-07	6
1.726278826e-06	3.417392423e-07	6
1.740951125e-06	3.284410452e-07	6
1.740951125e-06	3.284410452e-07	0
1.751637568e-06	3.40829602e-07	0
1.762324011e-06	3.532181589e-07	0
1.773010453e-06	3.656067158e-07	0
1.773010453e-06	3.656067158e-07	-6
1.757550244e-06	3.782945815e-07	-6
1.742090035e-06	3.909824472e-07	-6
1.726629826e-06	4.036703129e-07	-6
1.711169617e-06	4.163581786e-07	-6
1.695709408e-06	4.290460443e-07	-6
1.680249199e-06	4.417339099e-07	-6
1.66478899e-06	4.544217756e-07	-6
1.649328781e-06	4.671096413e-07	-6
1.633868572e-06	4.79797507e-07	-6
1.618408363e-06	4.924853727e-07	-6
1.602948154e-06	5.051732384e-07	-6
1.587487945e-06	5.17861104e-07	-6
1.572027735e-06	5.305489697e-07	-6
1.556567526e-06	5.432368354e-07	-6
1.541107317e-06	5.559247011e-07	-6
1.525647108e-06	5.686125668e-07	-6
1.510186899e-06	5.813004325e-07	-6
1.49472669e-06	5.939882981e-07	-6
1.479266481e-06	6.066761638e-07	-6
1.463806272e-06	6.193640295e-07	-6
1.448346063e-06	6.320518952e-07	-6
1.432885854e-06	6.447397609e-07	-6
1.417425645e-06	6.574276266e-07	-6
1.401965436e-06	6.701154922e-07	-6
1.386505227e-06	6.828033579e-07	-6
1.371045018e-06	6.954912236e-07	-6
1.355584809e-06	7.081790893e-07	-6
1.340124599e-06	7.20866955e-07	-6
1.32466439e-06	7.335548207e-07	-6
1.309204181e-06	7.462426863e-07	-6
1.293743972e-06	7.58930552e-07	-6
1.278283763e-06	7.716184177e-07	-6
1.262823554e-06	7.843062834e-07	-6
1.247363345e-06	7.969941491e-07	-6
1.231903136e-06	8.096820148e-07	-6
1.216442927e-06	8.223698804e-07	-6
1.200982718e-06	8.350577461e-07	-6
1.185522509e-06	8.477456118e-07	-6
1.1700623e-06	8.604334775e-07	-6
1.154602091e-06	8.731213432e-07	-6
1.139141882e-06	8.858092089e-07	-6
1.123681673e-06	8.984970745e-07	-6
1.108221463e-06	9.111849402e-07	-6
1.092761254e-06	9.238728059e-07	-6
1.077301045e-06	9.365606716e-07	-6
1.061840836e-06	9.492485373e-07	-6
1.046380627e-06	9.61936403e-07	-6
1.030920418e-06	9.746242686e-07	-6
1.015460209e-06	9.873121343e-07	-6
1e-06	1e-06	-6
9.845397909e-07	1.012687866e-06	-6
9.690795819e-07	1.025375731e-06	-6
9.536193728e-07	1.038063597e-06	-6
9.381591637e-07	1.050751463e-06	-6
9.226989547e-07	1.063439328e-06	-6
9.072387456e-07	1.076127194e-06	-6
8.917785365e-07	1.08881506e-06	-6
8.763183275e-07	1.101502925e-06	-6
8.608581184e-07	1.114190791e-06	-6
8.453979093e-07	1.126878657e-06	-6
8.299377003e-07	1.139566523e-06	-6
8.144774912e-07	1.152254388e-06	-6
7.990172821e-07	1.164942254e-06	-6
7.835570731e-07	1.17763012e-06	-6
7.68096864e-07	1.190317985e-06	-6
7.526366549e-07	1.203005851e-06	-6
7.371764459e-07	1.215693717e-06	-6
7.217162368e-07	1.228381582e-06	-6
7.062560277e-07	1.241069448e-06	-6
6.907958187e-07	1.253757314e-06	-6
6.753356096e-07	1.266445179e-06	-6
6.598754005e-07	1.279133045e-06	-6
6.444151915e-07	1.291820911e-06	-6
6.289549824e-07	1.304508776e-06	-6
6.134947733e-07	1.317196642e-06	-6
5.980345643e-07	1.329884508e-06	-6
5.825743552e-07	1.342572373e-06	-6
5.671141461e-07	1.355260239e-06	-6
5.51653937e-07	1.367948105e-06	-6
5.36193728e-07	1.38063597e-06	-6
5.207335189e-07	1.393323836e-06	-6
5.052733098e-07	1.406011702e-06	-6
4.898131008e-07	1.418699568e-06	-6
4.743528917e-07	1.431387433e-06	-6
4.588926826e-07	1.444075299e-06	-6
4.434324736e-07	1.456763165e-06	-6
4.279722645e-07	1.46945103e-06	-6
4.125120554e-07	1.482138896e-06	-6
3.970518464e-07	1.494826762e-06	-6
3.815916373e-07	1.507514627e-06	-6
3.661314282e-07	1.520202493e-06	-6
3.506712192e-07	1.532890359e-06	-6
3.352110101e-07	1.545578224e-06	-6
3.19750801e-07	1.55826609e-06	-6
3.04290592e-07	1.570953956e-06	-6
2.888303829e-07	1.583641821e-06	-6
2.733701738e-07	1.596329687e-06	-6
2.579099648e-07	1.609017553e-06	-6
2.424497557e-07	1.621705418e-06	-6
2.269895466e-07	1.634393284e-06	-6
2.269895466e-07	1.634393284e-06	0
2.269895466e-07	1.634393284e-06	6
2.424497557e-07	1.621705418e-06	6
2.579099648e-07	1.609017553e-06	6
2.733701738e-07	1.596329687e-06	6
2.888303829e-07	1.583641821e-06	6
3.04290592e-07	1.570953956e-06	6
3.19750801e-07	1.55826609e-06	6
3.352110101e-07	1.545578224e-06	6
3.506712192e-07	1.532890359e-06	6
3.661314282e-07	1.520202493e-06	6
3.815916373e-07	1.507514627e-06	6
3.970518464e-07	1.494826762e-06	6
4.125120554e-07	1.482138896e-06	6
4.279722645e-07	1.46945103e-06	6
4.434324736e-07	1.456763165e-06	6
4.588926826e-07	1.444075299e-06	6
4.743528917e-07	1.431387433e-06	6
4.898131008e-07	1.418699568e-06	6
5.052733098e-07	1.406011702e-06	6
5.207335189e-07	1.393323836e-06	6
5.36193728e-07	1.38063597e-06	6
5.51653937e-07	1.367948105e-06	6
5.671141461e-07	1.355260239e-06	6
5.825743552e-07	1.342572373e-06	6
5.980345643e-07	1.329884508e-06	6
6.134947733e-07	1.317196642e-06	6
6.289549824e-07	1.304508776e-06	6
6.444151915e-07	1.291820911e-06	6
6.598754005e-07	1.279133045e-06	6
6.753356096e-07	1.266445179e-06	6
6.907958187e-07	1.253757314e-06	6
7.062560277e-07	1.241069448e-06	6
7.217162368e-07	1.228381582e-06	6
7.371764459e-07	1.215693717e-06	6
7.526366549e-07	1.203005851e-06	6
7.68096864e-07	1.190317985e-06	6
7.835570731e-07	1.17763012e-06	6
7.990172821e-07	1.164942254e-06	6
8.144774912e-07	1.152254388e-06	6
8.299377003e-07	1.139566523e-06	6
8.453979093e-07	1.126878657e-06	6
8.608581184e-07	1.114190791e-06	6
8.763183275e-07	1.101502925e-06	6
8.917785365e-07	1.08881506e-06	6
9.072387456e-07	1.076127194e-06	6
9.226989547e-07	1.063439328e-06	6
9.381591637e-07	1.050751463e-06	6
9.536193728e-07	1.038063597e-06	6
9.690795819e-07	1.025375731e-06	6
9.845397909e-07	1.012687866e-06	6
1e-06	1e-06	6
1.015460209e-06	9.873121343e-07	6
1.030920418e-06	9.746242686e-07	6
1.046380627e-06	9.61936403e-07	6
1.061840836e-06	9.492485373e-07	6
1.077301045e-06	9.365606716e-07	6
1.092761254e-06	9.238728059e-07	6
1.108221463e-06	9.111849402e-07	6
1.123681673e-06	8.984970745e-07	6
1.139141882e-06	8.858092089e-07	6
1.154602091e-06	8.731213432e-07	6
1.1700623e-06	8.604334775e-07	6
1.185522509e-06	8.477456118e-07	6
1.200982718e-06	8.350577461e-07	6
1.216442927e-06	8.223698804e-07	6
1.231903136e-06	8.096820148e-07	6
1.247363345e-06	7.969941491e-07	6
1.262823554e-06	7.843062834e-07	6
1.278283763e-06	7.716184177e-07	6
1.293743972e-06	7.58930552e-07	6
1.309204181e-06	7.462426863e-07	6
1.32466439e-06	7.335548207e-07	6
1.340124599e-06	7.20866955e-07	6
1.355584809e-06	7.081790893e-07	6
1.371045018e-06	6.954912236e-07	6
1.386505227e-06	6.828033579e-07	6
1.401965436e-06	6.701154922e-07	6
1.417425645e-06	6.574276266e-07	6
1.432885854e-06	6.447397609e-07	6
1.448346063e-06	6.320518952e-07	6
1.463806272e-06	6.193640295e-07	6
1.479266481e-06	6.066761638e-07	6
1.49472669e-06	5.939882981e-07	6
1.510186899e-06	5.813004325e-07	6
1.525647108e-06	5.686125668e-07	6
1.541107317e-06	5.559247011e-07	6
1.556567526e-06	5.432368354e-07	6
1.572027735e-06	5.305489697e-07	6
1.587487945e-06	5.17861104e-07	6
1.602948154e-06	5.051732384e-07	6
1.618408363e-06	4.924853727e-07	6
1.633868572e-06	4.79797507e-07	6
1.649328781e-06	4.671096413e-07	6
1.66478899e-06	4.544217756e-07	6
1.680249199e-06	4.417339099e-07	6
1.695709408e-06	4.290460443e-07	6
1.711169617e-06	4.163581786e-07	6
1.726629826e-06	4.036703129e-07	6
1.742090035e-06	3.909824472e-07	6
1.757550244e-06	3.782945815e-07	6
1.773010453e-06	3.656067158e-07	6
1.773010453e-06	3.656067158e-07	0
1.783076146e-06	3.785047091e-07	0
1.793141839e-06	3.914027023e-07	0
1.803207531e-06	4.043006955e-07	0
1.803207531e-06	4.043006955e-07	-6
1.787143381e-06	4.162146816e-07	-6
1.77107923e-06	4.281286677e-07	-6
1.75501508e-06	4.400426538e-07	-6
1.738950929e-06	4.519566399e-07	-6
1.722886778e-06	4.63870626e-07	-6
1.706822628e-06	4.75784612e-07	-6
1.690758477e-06	4.876985981e-07	-6
1.674694326e-06	4.996125842e-07	-6
1.658630176e-06	5.115265703e-07	-6
1.642566025e-06	5.234405564e-07	-6
1.626501875e-06	5.353545425e-07	-6
1.610437724e-06	5.472685286e-07	-6
1.594373573e-06	5.591825147e-07	-6
1.578309423e-06	5.710965008e-07	-6
1.562245272e-06	5.830104869e-07	-6
1.546181121e-06	5.949244729e-07	-6
1.530116971e-06	6.06838459e-07	-6
1.51405282e-06	6.187524451e-07	-6
1.49798867e-06	6.306664312e-07	-6
1.481924519e-06	6.425804173e-07	-6
1.465860368e-06	6.544944034e-07	-6
1.449796218e-06	6.664083895e-07	-6
1.433732067e-06	6.783223756e-07	-6
1.417667916e-06	6.902363617e-07	-6
1.401603766e-06	7.021503478e-07	-6
1.385539615e-06	7.140643338e-07	-6
1.369475464e-06	7.259783199e-07	-6
1.353411314e-06	7.37892306e-07	-6
1.337347163e-06	7.498062921e-07	-6
1.321283013e-06	7.617202782e-07	-6
1.305218862e-06	7.736342643e-07	-6
1.289154711e-06	7.855482504e-07	-6
1.273090561e-06	7.974622365e-07	-6
1.25702641e-06	8.093762226e-07	-6
1.240962259e-06	8.212902087e-07	-6
1.224898109e-06	8.332041947e-07	-6
1.208833958e-06	8.451181808e-07	-6
1.192769808e-06	8.570321669e-07	-6
1.176705657e-06	8.68946153e-07	-6
1.160641506e-06	8.808601391e-07	-6
1.144577356e-06	8.927741252e-07	-6
1.128513205e-06	9.046881113e-07	-6
1.112449054e-06	9.166020974e-07	-6
1.096384904e-06	9.285160835e-07	-6
1.080320753e-06	9.404300696e-07	-6
1.064256603e-06	9.523440556e-07	-6
1.048192452e-06	9.642580417e-07	-6
1.032128301e-06	9.761720278e-07	-6
1.016064151e-06	9.880860139e-07	-6
1e-06	1e-06	-6
9.839358494e-07	1.011913986e-06	-6
9.678716987e-07	1.023827972e-06	-6
9.518075481e-07	1.035741958e-06	-6
9.357433975e-07	1.047655944e-06	-6
9.196792469e-07	1.05956993e-06	-6
9.036150962e-07	1.071483917e-06	-6
8.875509456e-07	1.083397903e-06	-6
8.71486795e-07	1.095311889e-06	-6
8.554226443e-07	1.107225875e-06	-6
8.393584937e-07	1.119139861e-06	-6
8.232943431e-07	1.131053847e-06	-6
8.072301924e-07	1.142967833e-06	-6
7.911660418e-07	1.154881819e-06	-6
7.751018912e-07	1.166795805e-06	-6
7.590377406e-07	1.178709791e-06	-6
7.429735899e-07	1.190623777e-06	-6
7.269094393e-07	1.202537764e-06	-6
7.108452887e-07	1.21445175e-06	-6
6.94781138e-07	1.226365736e-06	-6
6.787169874e-07	1.238279722e-06	-6
6.626528368e-07	1.250193708e-06	-6
6.465886861e-07	1.262107694e-06	-6
6.305245355e-07	1.27402168e-06	-6
6.144603849e-07	1.285935666e-06	-6
5.983962343e-07	1.297849652e-06	-6
5.823320836e-07	1.309763638e-06	-6
5.66267933e-07	1.321677624e-06	-6
5.502037824e-07	1.333591611e-06	-6
5.341396317e-07	1.345505597e-06	-6
5.180754811e-07	1.357419583e-06	-6
5.020113305e-07	1.369333569e-06	-6
4.859471799e-07	1.381247555e-06	-6
4.698830292e-07	1.393161541e-06	-6
4.538188786e-07	1.405075527e-06	-6
4.37754728e-07	1.416989513e-06	-6
4.216905773e-07	1.428903499e-06	-6
4.056264267e-07	1.440817485e-06	-6
3.895622761e-07	1.452731471e-06	-6
3.734981254e-07	1.464645458e-06	-6
3.574339748e-07	1.476559444e-06	-6
3.413698242e-07	1.48847343e-06	-6
3.253056736e-07	1.500387416e-06	-6
3.092415229e-07	1.512301402e-06	-6
2.931773723e-07	1.524215388e-06	-6
2.771132217e-07	1.536129374e-06	-6
2.61049071e-07	1.54804336e-06	-6
2.449849204e-07	1.559957346e-06	-6
2.289207698e-07	1.571871332e-06	-6
2.128566191e-07	1.583785318e-06	-6
1.967924685e-07	1.595699304e-06	-6
1.967924685e-07	1.595699304e-06	0
1.967924685e-07	1.595699304e-06	6
2.128566191e-07	1.583785318e-06	6
2.289207698e-07	1.571871332e-06	6
2.449849204e-07	1.559957346e-06	6
2.61049071e-07	1.54804336e-06	6
2.771132217e-07	1.536129374e-06	6
2.931773723e-07	1.524215388e-06	6
3.092415229e-07	1.512301402e-06	6
3.253056736e-07	1.500387416e-06	6
3.413698242e-07	1.48847343e-06	6
3.574339748e-07	1.476559444e-06	6
3.734981254e-07	1.464645458e-06	6
3.895622761e-07	1.452731471e-06	6
4.056264267e-07	1.440817485e-06	6
4.216905773e-07	1.428903499e-06	6
4.37754728e-07	1.416989513e-06	6
4.538188786e-07	1.405075527e-06	6
4.698830292e-07	1.393161541e-06	6
4.859471799e-07	1.381247555e-06	6
5.020113305e-07	1.369333569e-06	6
5.180754811e-07	1.357419583e-06	6
5.341396317e-07	1.345505597e-06	6
5.502037824e-07	1.333591611e-06	6
5.66267933e-07	1.321677624e-06	6
5.823320836e-07	1.309763638e-06	6
5.983962343e-07	1.297849652e-06	6
6.144603849e-07	1.285935666e-06	6
6.305245355e-07	1.27402168e-06	6
6.465886861e-07	1.262107694e-06	6
6.626528368e-07	1.250193708e-06	6
6.787169874e-07	1.238279722e-06	6
6.94781138e-07	1.226365736e-06	6
7.108452887e-07	1.21445175e-06	6
7.269094393e-07	1.202537764e-06	6
7.429735899e-07	1.190623777e-06	6
7.590377406e-07	1.178709791e-06	6
7.751018912e-07	1.166795805e-06	6
7.911660418e-07	1.154881819e-06	6
8.072301924e-07	1.142967833e-06	6
8.232943431e-07	1.131053847e-06	6
8.393584937e-07	1.119139861e-06	6
8.554226443e-07	1.107225875e-06	6
8.71486795e-07	1.095311889e-06	6
8.875509456e-07	1.083397903e-06	6
9.036150962e-07	1.071483917e-06	6
9.196792469e-07	1.05956993e-06	6
9.357433975e-07	1.047655944e-06	6
9.518075481e-07	1.035741958e-06	6
9.678716987e-07	1.023827972e-06	6
9.839358494e-07	1.011913986e-06	6
1e-06	1e-06	6
1.016064151e-06	9.880860139e-07	6
1.032128301e-06	9.761720278e-07	6
1.048192452e-06	9.642580417e-07	6
1.064256603e-06	9.523440556e-07	6
1.080320753e-06	9.404300696e-07	6
1.096384904e-06	9.285160835e-07	6
1.112449054e-06	9.166020974e-07	6
1.128513205e-06	9.046881113e-07	6
1.144577356e-06	8.927741252e-07	6
1.160641506e-06	8.808601391e-07	6
1.176705657e-06	8.68946153e-07	6
1.192769808e-06	8.570321669e-07	6
1.208833958e-06	8.451181808e-07	6
1.224898109e-06	8.332041947e-07	6
1.240962259e-06	8.212902087e-07	6
1.25702641e-06	8.093762226e-07	6
1.273090561e-06	7.974622365e-07	6
1.289154711e-06	7.855482504e-07	6
1.305218862e-06	7.736342643e-07	6
1.321283013e-06	7.617202782e-07	6
1.337347163e-06	7.498062921e-07	6
1.353411314e-06	7.37892306e-07	6
1.369475464e-06	7.259783199e-07	6
1.385539615e-06	7.140643338e-07	6
1.401603766e-06	7.021503478e-07	6
1.417667916e-06	6.902363617e-07	6
1.433732067e-06	6.783223756e-07	6
1.449796218e-06	6.664083895e-07	6
1.465860368e-06	6.544944034e-07	6
1.481924519e-06	6.425804173e-07	6
1.49798867e-06	6.306664312e-07	6
1.51405282e-06	6.187524451e-07	6
1.530116971e-06	6.06838459e-07	6
1.546181121e-06	5.949244729e-07	6
1.562245272e-06	5.830104869e-07	6
1.578309423e-06	5.710965008e-07	6
1.594373573e-06	5.591825147e-07	6
1.610437724e-06	5.472685286e-07	6
1.626501875e-06	5.353545425e-07	6
1.642566025e-06	5.234405564e-07	6
1.658630176e-06	5.115265703e-07	6
1.674694326e-06	4.996125842e-07	6
1.690758477e-06	4.876985981e-07	6
1.706822628e-06	4.75784612e-07	6
1.722886778e-06	4.63870626e-07	6
1.738950929e-06	4.519566399e-07	6
1.75501508e-06	4.400426538e-07	6
1.77107923e-06	4.281286677e-07	6
1.787143381e-06	4.162146816e-07	6
1.803207531e-06	4.043006955e-07	6
1.803207531e-06	4.043006955e-07	0
1.812628225e-06	4.176770527e-07	0
1.822048919e-06	4.310534098e-07	0
1.831469612e-06	4.44429767e-07	0
1.831469612e-06	4.44429767e-07	-6
1.815004868e-06	4.554311577e-07	-6
1.798540123e-06	4.664325485e-07	-6
1.782075378e-06	4.774339392e-07	-6
1.765610633e-06	4.8843533e-07	-6
1.749145888e-06	4.994367207e-07	-6
1.732681144e-06	5.104381115e-07	-6
1.716216399e-06	5.214395023e-07	-6
1.699751654e-06	5.32440893e-07	-6
1.683286909e-06	5.434422838e-07	-6
1.666822164e-06	5.544436745e-07	-6
1.65035742e-06	5.654450653e-07	-6
1.633892675e-06	5.76446456e-07	-6
1.61742793e-06	5.874478468e-07	-6
1.600963185e-06	5.984492375e-07	-6
1.58449844e-06	6.094506283e-07	-6
1.568033696e-06	6.20452019e-07	-6
1.551568951e-06	6.314534098e-07	-6
1.535104206e-06	6.424548005e-07	-6
1.518639461e-06	6.534561913e-07	-6
1.502174716e-06	6.64457582e-07	-6
1.485709972e-06	6.754589728e-07	-6
1.469245227e-06	6.864603635e-07	-6
1.452780482e-06	6.974617543e-07	-6
1.436315737e-06	7.08463145e-07	-6
1.419850992e-06	7.194645358e-07	-6
1.403386248e-06	7.304659266e-07	-6
1.386921503e-06	7.414673173e-07	-6
1.370456758e-06	7.524687081e-07	-6
1.353992013e-06	7.634700988e-07	-6
1.337527268e-06	7.744714896e-07	-6
1.321062524e-06	7.854728803e-07	-6
1.304597779e-06	7.964742711e-07	-6
1.288133034e-06	8.074756618e-07	-6
1.271668289e-06	8.184770526e-07	-6
1.255203544e-06	8.294784433e-07	-6
1.2387388e-06	8.404798341e-07	-6
1.222274055e-06	8.514812248e-07	-6
1.20580931e-06	8.624826156e-07	-6
1.189344565e-06	8.734840063e-07	-6
1.17287982e-06	8.844853971e-07	-6
1.156415076e-06	8.954867878e-07	-6
1.139950331e-06	9.064881786e-07	-6
1.123485586e-06	9.174895694e-07	-6
1.107020841e-06	9.284909601e-07	-6
1.090556096e-06	9.394923509e-07	-6
1.074091352e-06	9.504937416e-07	-6
1.057626607e-06	9.614951324e-07	-6
1.041161862e-06	9.724965231e-07	-6
1.024697117e-06	9.834979139e-07	-6
1.008232372e-06	9.944993046e-07	-6
9.917676276e-07	1.005500695e-06	-6
9.753028828e-07	1.016502086e-06	-6
9.58838138e-07	1.027503477e-06	-6
9.423733932e-07	1.038504868e-06	-6
9.259086484e-07	1.049506258e-06	-6
9.094439036e-07	1.060507649e-06	-6
8.929791588e-07	1.07150904e-06	-6
8.76514414e-07	1.082510431e-06	-6
8.600496692e-07	1.093511821e-06	-6
8.435849244e-07	1.104513212e-06	-6
8.271201796e-07	1.115514603e-06	-6
8.106554348e-07	1.126515994e-06	-6
7.9419069e-07	1.137517384e-06	-6
7.777259452e-07	1.148518775e-06	-6
7.612612004e-07	1.159520166e-06	-6
7.447964556e-07	1.170521557e-06	-6
7.283317108e-07	1.181522947e-06	-6
7.11866966e-07	1.192524338e-06	-6
6.954022212e-07	1.203525729e-06	-6
6.789374764e-07	1.21452712e-06	-6
6.624727316e-07	1.22552851e-06	-6
6.460079868e-07	1.236529901e-06	-6
6.29543242e-07	1.247531292e-06	-6
6.130784972e-07	1.258532683e-06	-6
5.966137524e-07	1.269534073e-06	-6
5.801490076e-07	1.280535464e-06	-6
5.636842629e-07	1.291536855e-06	-6
5.472195181e-07	1.302538246e-06	-6
5.307547733e-07	1.313539636e-06	-6
5.142900285e-07	1.324541027e-06	-6
4.978252837e-07	1.335542418e-06	-6
4.813605389e-07	1.346543809e-06	-6
4.648957941e-07	1.357545199e-06	-6
4.484310493e-07	1.36854659e-06	-6
4.319663045e-07	1.379547981e-06	-6
4.155015597e-07	1.390549372e-06	-6
3.990368149e-07	1.401550762e-06	-6
3.825720701e-07	1.412552153e-06	-6
3.661073253e-07	1.423553544e-06	-6
3.496425805e-07	1.434554935e-06	-6
3.331778357e-07	1.445556325e-06	-6
3.167130909e-07	1.456557716e-06	-6
3.002483461e-07	1.467559107e-06	-6
2.837836013e-07	1.478560498e-06	-6
2.673188565e-07	1.489561889e-06	-6
2.508541117e-07	1.500563279e-06	-6
2.343893669e-07	1.51156467e-06	-6
2.179246221e-07	1.522566061e-06	-6
2.014598773e-07	1.533567452e-06	-6
1.849951325e-07	1.544568842e-06	-6
1.685303877e-07	1.555570233e-06	-6
1.685303877e-07	1.555570233e-06	0
1.685303877e-07	1.555570233e-06	6
1.849951325e-07	1.544568842e-06	6
2.014598773e-07	1.533567452e-06	6
2.179246221e-07	1.522566061e-06	6
2.343893669e-07	1.51156467e-06	6
2.508541117e-07	1.500563279e-06	6
2.673188565e-07	1.489561889e-06	6
2.837836013e-07	1.478560498e-06	6
3.002483461e-07	1.467559107e-06	6
3.167130909e-07	1.456557716e-06	6
3.331778357e-07	1.445556325e-06	6
3.496425805e-07	1.434554935e-06	6
3.661073253e-07	1.423553544e-06	6
3.825720701e-07	1.412552153e-06	6
3.990368149e-07	1.401550762e-06	6
4.155015597e-07	1.390549372e-06	6
4.319663045e-07	1.379547981e-06	6
4.484310493e-07	1.36854659e-06	6
4.648957941e-07	1.357545199e-06	6
4.813605389e-07	1.346543809e-06	6
4.978252837e-07	1.335542418e-06	6
5.142900285e-07	1.324541027e-06	6
5.307547733e-07	1.313539636e-06	6
5.472195181e-07	1.302538246e-06	6
5.636842629e-07	1.291536855e-06	6
5.801490076e-07	1.280535464e-06	6
5.966137524e-07	1.269534073e-06	6
6.130784972e-07	1.258532683e-06	6
6.29543242e-07	1.247531292e-06	6
6.460079868e-07	1.236529901e-06	6
6.624727316e-07	1.22552851e-06	6
6.789374764e-07	1.21452712e-06	6
6.954022212e-07	1.203525729e-06	6
7.11866966e-07	1.192524338e-06	6
7.283317108e-07	1.181522947e-06	6
7.447964556e-07	1.170521557e-06	6
7.612612004e-07	1.159520166e-06	6
7.777259452e-07	1.148518775e-06	6
7.9419069e-07	1.137517384e-06	6
8.106554348e-07	1.126515994e-06	6
8.271201796e-07	1.115514603e-06	6
8.435849244e-07	1.104513212e-06	6
8.600496692e-07	1.093511821e-06	6
8.76514414e-07	1.082510431e-06	6
8.929791588e-07	1.07150904e-06	6
9.094439036e-07	1.060507649e-06	6
9.259086484e-07	1.049506258e-06	6
9.423733932e-07	1.038504868e-06	6
9.58838138e-07	1.027503477e-06	6
9.753028828e-07	1.016502086e-06	6
9.917676276e-07	1.005500695e-06	6
1.008232372e-06	9.944993046e-07	6
1.024697117e-06	9.834979139e-07	6
1.041161862e-06	9.724965231e-07	6
1.057626607e-06	9.614951324e-07	6
1.074091352e-06	9.504937416e-07	6
1.090556096e-06	9.394923509e-07	6
1.107020841e-06	9.284909601e-07	6
1.123485586e-06	9.174895694e-07	6
1.139950331e-06	9.064881786e-07	6
1.156415076e-06	8.954867878e-07	6
1.17287982e-06	8.844853971e-07	6
1.189344565e-06	8.734840063e-07	6
1.20580931e-06	8.624826156e-07	6
1.222274055e-06	8.514812248e-07	6
1.2387388e-06	8.404798341e-07	6
1.255203544e-06	8.294784433e-07	6
1.271668289e-06	8.184770526e-07	6
1.288133034e-06	8.074756618e-07	6
1.304597779e-06	7.964742711e-07	6
1.321062524e-06	7.854728803e-07	6
1.337527268e-06	7.744714896e-07	6
1.353992013e-06	7.634700988e-07	6
1.370456758e-06	7.524687081e-07	6
1.386921503e-06	7.414673173e-07	6
1.403386248e-06	7.304659266e-07	6
1.419850992e-06	7.194645358e-07	6
1.436315737e-06	7.08463145e-07	6
1.452780482e-06	6.974617543e-07	6
1.469245227e-06	6.864603635e-07	6
1.485709972e-06	6.754589728e-07	6
1.502174716e-06	6.64457582e-07	6
1.518639461e-06	6.534561913e-07	6
1.535104206e-06	6.424548005e-07	6
1.551568951e-06	6.314534098e-07	6
1.568033696e-06	6.20452019e-07	6
1.58449844e-06	6.094506283e-07	6
1.600963185e-06	5.984492375e-07	6
1.61742793e-06	5.874478468e-07	6
1.633892675e-06	5.76446456e-07	6
1.65035742e-06	5.654450653e-07	6
1.666822164e-06	5.544436745e-07	6
1.683286909e-06	5.434422838e-07	6
1.699751654e-06	5.32440893e-07	6
1.716216399e-06	5.214395023e-07	6
1.732681144e-06	5.104381115e-07	6
1.749145888e-06	4.994367207e-07	6
1.765610633e-06	4.8843533e-07	6
1.782075378e-06	4.774339392e-07	6
1.798540123e-06	4.664325485e-07	6
1.815004868e-06	4.554311577e-07	6
1.831469612e-06	4.44429767e-07	6
1.831469612e-06	4.44429767e-07	0
1.840222612e-06	4.582522633e-07	0
1.848975611e-06	4.720747595e-07	0
1.85772861e-06	4.858972558e-07	0
1.85772861e-06	4.858972558e-07	-6
1.840743885e-06	4.960775082e-07	-6
1.82375916e-06	5.062577605e-07	-6
1.806774435e-06	5.164380129e-07	-6
1.78978971e-06	5.266182652e-07	-6
1.772804985e-06	5.367985176e-07	-6
1.75582026e-06	5.4697877e-07	-6
1.738835535e-06	5.571590223e-07	-6
1.72185081e-06	5.673392747e-07	-6
1.704866085e-06	5.77519527e-07	-6
1.68788136e-06	5.876997794e-07	-6
1.670896636e-06	5.978800318e-07	-6
1.653911911e-06	6.080602841e-07	-6
1.636927186e-06	6.182405365e-07	-6
1.619942461e-06	6.284207889e-07	-6
1.602957736e-06	6.386010412e-07	-6
1.585973011e-06	6.487812936e-07	-6
1.568988286e-06	6.589615459e-07	-6
1.552003561e-06	6.691417983e-07	-6
1.535018836e-06	6.793220507e-07	-6
1.518034111e-06	6.89502303e-07	-6
1.501049386e-06	6.996825554e-07	-6
1.484064661e-06	7.098628077e-07	-6
1.467079936e-06	7.200430601e-07	-6
1.450095211e-06	7.302233125e-07	-6
1.433110486e-06	7.404035648e-07	-6
1.416125761e-06	7.505838172e-07	-6
1.399141036e-06	7.607640695e-07	-6
1.382156311e-06	7.709443219e-07	-6
1.365171586e-06	7.811245743e-07	-6
1.348186861e-06	7.913048266e-07	-6
1.331202137e-06	8.01485079e-07	-6
1.314217412e-06	8.116653313e-07	-6
1.297232687e-06	8.218455837e-07	-6
1.280247962e-06	8.320258361e-07	-6
1.263263237e-06	8.422060884e-07	-6
1.246278512e-06	8.523863408e-07	-6
1.229293787e-06	8.625665931e-07	-6
1.212309062e-06	8.727468455e-07	-6
1.195324337e-06	8.829270979e-07	-6
1.178339612e-06	8.931073502e-07	-6
1.161354887e-06	9.032876026e-07	-6
1.144370162e-06	9.134678549e-07	-6
1.127385437e-06	9.236481073e-07	-6
1.110400712e-06	9.338283597e-07	-6
1.093415987e-06	9.44008612e-07	-6
1.076431262e-06	9.541888644e-07	-6
1.059446537e-06	9.643691167e-07	-6
1.042461812e-06	9.745493691e-07	-6
1.025477087e-06	9.847296215e-07	-6
1.008492362e-06	9.949098738e-07	-6
9.915076375e-07	1.005090126e-06	-6
9.745229126e-07	1.015270379e-06	-6
9.575381876e-07	1.025450631e-06	-6
9.405534627e-07	1.035630883e-06	-6
9.235687377e-07	1.045811136e-06	-6
9.065840128e-07	1.055991388e-06	-6
8.895992878e-07	1.06617164e-06	-6
8.726145629e-07	1.076351893e-06	-6
8.556298379e-07	1.086532145e-06	-6
8.38645113e-07	1.096712397e-06	-6
8.21660388e-07	1.10689265e-06	-6
8.046756631e-07	1.117072902e-06	-6
7.876909381e-07	1.127253155e-06	-6
7.707062132e-07	1.137433407e-06	-6
7.537214882e-07	1.147613659e-06	-6
7.367367633e-07	1.157793912e-06	-6
7.197520383e-07	1.167974164e-06	-6
7.027673134e-07	1.178154416e-06	-6
6.857825884e-07	1.188334669e-06	-6
6.687978635e-07	1.198514921e-06	-6
6.518131385e-07	1.208695173e-06	-6
6.348284136e-07	1.218875426e-06	-6
6.178436886e-07	1.229055678e-06	-6
6.008589637e-07	1.23923593e-06	-6
5.838742387e-07	1.249416183e-06	-6
5.668895138e-07	1.259596435e-06	-6
5.499047888e-07	1.269776688e-06	-6
5.329200639e-07	1.27995694e-06	-6
5.159353389e-07	1.290137192e-06	-6
4.98950614e-07	1.300317445e-06	-6
4.81965889e-07	1.310497697e-06	-6
4.649811641e-07	1.320677949e-06	-6
4.479964391e-07	1.330858202e-06	-6
4.310117142e-07	1.341038454e-06	-6
4.140269892e-07	1.351218706e-06	-6
3.970422643e-07	1.361398959e-06	-6
3.800575393e-07	1.371579211e-06	-6
3.630728144e-07	1.381759464e-06	-6
3.460880894e-07	1.391939716e-06	-6
3.291033645e-07	1.402119968e-06	-6
3.121186395e-07	1.412300221e-06	-6
2.951339146e-07	1.422480473e-06	-6
2.781491896e-07	1.432660725e-06	-6
2.611644647e-07	1.442840978e-06	-6
2.441797397e-07	1.45302123e-06	-6
2.271950148e-07	1.463201482e-06	-6
2.102102898e-07	1.473381735e-06	-6
1.932255649e-07	1.483561987e-06	-6
1.762408399e-07	1.493742239e-06	-6
1.59256115e-07	1.503922492e-06	-6
1.4227139e-07	1.514102744e-06	-6
1.4227139e-07	1.514102744e-06	0
1.4227139e-07	1.514102744e-06	6
1.594259622e-07	1.503820689e-06	6
1.765805344e-07	1.493538634e-06	6
1.937351066e-07	1.48325658e-06	6
2.108896788e-07	1.472974525e-06	6
2.28044251e-07	1.46269247e-06	6
2.451988232e-07	1.452410415e-06	6
2.623533954e-07	1.44212836e-06	6
2.795079676e-07	1.431846305e-06	6
2.966625398e-07	1.42156425e-06	6
3.13817112e-07	1.411282195e-06	6
3.309716842e-07	1.40100014e-06	6
3.481262564e-07	1.390718086e-06	6
3.652808286e-07	1.380436031e-06	6
3.824354008e-07	1.370153976e-06	6
3.99589973e-07	1.359871921e-06	6
4.167445452e-07	1.349589866e-06	6
4.338991174e-07	1.339307811e-06	6
4.510536896e-07	1.329025756e-06	6
4.682082618e-07	1.318743701e-06	6
4.85362834e-07	1.308461647e-06	6
5.025174062e-07	1.298179592e-06	6
5.196719784e-07	1.287897537e-06	6
5.368265506e-07	1.277615482e-06	6
5.539811228e-07	1.267333427e-06	6
5.71135695e-07	1.257051372e-06	6
5.882902672e-07	1.246769317e-06	6
6.054448394e-07	1.236487262e-06	6
6.225994116e-07	1.226205207e-06	6
6.397539838e-07	1.215923153e-06	6
6.56908556e-07	1.205641098e-06	6
6.740631282e-07	1.195359043e-06	6
6.912177004e-07	1.185076988e-06	6
7.083722726e-07	1.174794933e-06	6
7.255268448e-07	1.164512878e-06	6
7.42681417e-07	1.154230823e-06	6
7.598359892e-07	1.143948768e-06	6
7.769905614e-07	1.133666713e-06	6
7.941451336e-07	1.123384659e-06	6
8.112997058e-07	1.113102604e-06	6
8.28454278e-07	1.102820549e-06	6
8.456088502e-07	1.092538494e-06	6
8.627634224e-07	1.082256439e-06	6
8.799179946e-07	1.071974384e-06	6
8.970725668e-07	1.061692329e-06	6
9.14227139e-07	1.051410274e-06	6
9.313817112e-07	1.04112822e-06	6
9.485362834e-07	1.030846165e-06	6
9.656908556e-07	1.02056411e-06	6
9.828454278e-07	1.010282055e-06	6
1e-06	1e-06	6
1.017154572e-06	9.897179451e-07	6
1.034309144e-06	9.794358902e-07	6
1.051463717e-06	9.691538353e-07	6
1.068618289e-06	9.588717805e-07	6
1.085772861e-06	9.485897256e-07	6
1.102927433e-06	9.383076707e-07	6
1.120082005e-06	9.280256158e-07	6
1.137236578e-06	9.177435609e-07	6
1.15439115e-06	9.07461506e-07	6
1.171545722e-06	8.971794512e-07	6
1.188700294e-06	8.868973963e-07	6
1.205854866e-06	8.766153414e-07	6
1.223009439e-06	8.663332865e-07	6
1.240164011e-06	8.560512316e-07	6
1.257318583e-06	8.457691767e-07	6
1.274473155e-06	8.354871219e-07	6
1.291627727e-06	8.25205067e-07	6
1.3087823e-06	8.149230121e-07	6
1.325936872e-06	8.046409572e-07	6
1.343091444e-06	7.943589023e-07	6
1.360246016e-06	7.840768474e-07	6
1.377400588e-06	7.737947926e-07	6
1.394555161e-06	7.635127377e-07	6
1.411709733e-06	7.532306828e-07	6
1.428864305e-06	7.429486279e-07	6
1.446018877e-06	7.32666573e-07	6
1.463173449e-06	7.223845181e-07	6
1.480328022e-06	7.121024633e-07	6
1.497482594e-06	7.018204084e-07	6
1.514637166e-06	6.915383535e-07	6
1.531791738e-06	6.812562986e-07	6
1.54894631e-06	6.709742437e-07	6
1.566100883e-06	6.606921888e-07	6
1.583255455e-06	6.504101339e-07	6
1.600410027e-06	6.401280791e-07	6
1.617564599e-06	6.298460242e-07	6
1.634719171e-06	6.195639693e-07	6
1.651873744e-06	6.092819144e-07	6
1.669028316e-06	5.989998595e-07	6
1.686182888e-06	5.887178046e-07	6
1.70333746e-06	5.784357498e-07	6
1.720492032e-06	5.681536949e-07	6
1.737646605e-06	5.5787164e-07	6
1.754801177e-06	5.475895851e-07	6
1.771955749e-06	5.373075302e-07	6
1.789110321e-06	5.270254753e-07	6
1.806264893e-06	5.167434205e-07	6
1.823419466e-06	5.064613656e-07	6
1.840574038e-06	4.961793107e-07	6
1.85772861e-06	4.858972558e-07	6
1.85772861e-06	4.858972558e-07	0
1.865792828e-06	5.001325916e-07	0
1.873857046e-06	5.143679274e-07	0
1.881921264e-06	5.286032632e-07	0
1.881921264e-06	5.286032632e-07	-6
1.864282839e-06	5.380311979e-07	-6
1.846644414e-06	5.474591326e-07	-6
1.829005988e-06	5.568870674e-07	-6
1.811367563e-06	5.663150021e-07	-6
1.793729138e-06	5.757429369e-07	-6
1.776090713e-06	5.851708716e-07	-6
1.758452287e-06	5.945988063e-07	-6
1.740813862e-06	6.040267411e-07	-6
1.723175437e-06	6.134546758e-07	-6
1.705537011e-06	6.228826105e-07	-6
1.687898586e-06	6.323105453e-07	-6
1.670260161e-06	6.4173848e-07	-6
1.652621736e-06	6.511664147e-07	-6
1.63498331e-06	6.605943495e-07	-6
1.617344885e-06	6.700222842e-07	-6
1.59970646e-06	6.79450219e-07	-6
1.582068034e-06	6.888781537e-07	-6
1.564429609e-06	6.983060884e-07	-6
1.546791184e-06	7.077340232e-07	-6
1.529152759e-06	7.171619579e-07	-6
1.511514333e-06	7.265898926e-07	-6
1.493875908e-06	7.360178274e-07	-6
1.476237483e-06	7.454457621e-07	-6
1.458599057e-06	7.548736969e-07	-6
1.440960632e-06	7.643016316e-07	-6
1.423322207e-06	7.737295663e-07	-6
1.405683782e-06	7.831575011e-07	-6
1.388045356e-06	7.925854358e-07	-6
1.370406931e-06	8.020133705e-07	-6
1.352768506e-06	8.114413053e-07	-6
1.33513008e-06	8.2086924e-07	-6
1.317491655e-06	8.302971747e-07	-6
1.29985323e-06	8.397251095e-07	-6
1.282214805e-06	8.491530442e-07	-6
1.264576379e-06	8.58580979e-07	-6
1.246937954e-06	8.680089137e-07	-6
1.229299529e-06	8.774368484e-07	-6
1.211661103e-06	8.868647832e-07	-6
1.194022678e-06	8.962927179e-07	-6
1.176384253e-06	9.057206526e-07	-6
1.158745828e-06	9.151485874e-07	-6
1.141107402e-06	9.245765221e-07	-6
1.123468977e-06	9.340044568e-07	-6
1.105830552e-06	9.434323916e-07	-6
1.088192126e-06	9.528603263e-07	-6
1.070553701e-06	9.622882611e-07	-6
1.052915276e-06	9.717161958e-07	-6
1.035276851e-06	9.811441305e-07	-6
1.017638425e-06	9.905720653e-07	-6
1e-06	1e-06	-6
9.823615747e-07	1.009427935e-06	-6
9.647231494e-07	1.018855869e-06	-6
9.470847241e-07	1.028283804e-06	-6
9.294462989e-07	1.037711739e-06	-6
9.118078736e-07	1.047139674e-06	-6
8.941694483e-07	1.056567608e-06	-6
8.76531023e-07	1.065995543e-06	-6
8.588925977e-07	1.075423478e-06	-6
8.412541724e-07	1.084851413e-06	-6
8.236157471e-07	1.094279347e-06	-6
8.059773218e-07	1.103707282e-06	-6
7.883388966e-07	1.113135217e-06	-6
7.707004713e-07	1.122563152e-06	-6
7.53062046e-07	1.131991086e-06	-6
7.354236207e-07	1.141419021e-06	-6
7.177851954e-07	1.150846956e-06	-6
7.001467701e-07	1.160274891e-06	-6
6.825083448e-07	1.169702825e-06	-6
6.648699195e-07	1.17913076e-06	-6
6.472314943e-07	1.188558695e-06	-6
6.29593069e-07	1.197986629e-06	-6
6.119546437e-07	1.207414564e-06	-6
5.943162184e-07	1.216842499e-06	-6
5.766777931e-07	1.226270434e-06	-6
5.590393678e-07	1.235698368e-06	-6
5.414009425e-07	1.245126303e-06	-6
5.237625173e-07	1.254554238e-06	-6
5.06124092e-07	1.263982173e-06	-6
4.884856667e-07	1.273410107e-06	-6
4.708472414e-07	1.282838042e-06	-6
4.532088161e-07	1.292265977e-06	-6
4.355703908e-07	1.301693912e-06	-6
4.179319655e-07	1.311121846e-06	-6
4.002935402e-07	1.320549781e-06	-6
3.82655115e-07	1.329977716e-06	-6
3.650166897e-07	1.339405651e-06	-6
3.473782644e-07	1.348833585e-06	-6
3.297398391e-07	1.35826152e-06	-6
3.121014138e-07	1.367689455e-06	-6
2.944629885e-07	1.377117389e-06	-6
2.768245632e-07	1.386545324e-06	-6
2.591861379e-07	1.395973259e-06	-6
2.415477127e-07	1.405401194e-06	-6
2.239092874e-07	1.414829128e-06	-6
2.062708621e-07	1.424257063e-06	-6
1.886324368e-07	1.433684998e-06	-6
1.709940115e-07	1.443112933e-06	-6
1.533555862e-07	1.452540867e-06	-6
1.357171609e-07	1.461968802e-06	-6
1.180787357e-07	1.471396737e-06	-6
1.180787357e-07	1.471396737e-06	0
1.180787357e-07	1.471396737e-06	6
1.355425231e-07	1.462062148e-06	6
1.530063105e-07	1.452727559e-06	6
1.704700979e-07	1.44339297e-06	6
1.879338853e-07	1.434058381e-06	6
2.053976727e-07	1.424723793e-06	6
2.228614601e-07	1.415389204e-06	6
2.403252475e-07	1.406054615e-06	6
2.57789035e-07	1.396720026e-06	6
2.752528224e-07	1.387385437e-06	6
2.927166098e-07	1.378050848e-06	6
3.101803972e-07	1.368716259e-06	6
3.276441846e-07	1.359381671e-06	6
3.45107972e-07	1.350047082e-06	6
3.625717594e-07	1.340712493e-06	6
3.800355468e-07	1.331377904e-06	6
3.974993343e-07	1.322043315e-06	6
4.149631217e-07	1.312708726e-06	6
4.324269091e-07	1.303374138e-06	6
4.498906965e-07	1.294039549e-06	6
4.673544839e-07	1.28470496e-06	6
4.848182713e-07	1.275370371e-06	6
5.022820587e-07	1.266035782e-06	6
5.197458461e-07	1.256701193e-06	6
5.372096336e-07	1.247366604e-06	6
5.54673421e-07	1.238032016e-06	6
5.721372084e-07	1.228697427e-06	6
5.896009958e-07	1.219362838e-06	6
6.070647832e-07	1.210028249e-06	6
6.245285706e-07	1.20069366e-06	6
6.41992358e-07	1.191359071e-06	6
6.594561454e-07	1.182024483e-06	6
6.769199329e-07	1.172689894e-06	6
6.943837203e-07	1.163355305e-06	6
7.118475077e-07	1.154020716e-06	6
7.293112951e-07	1.144686127e-06	6
7.467750825e-07	1.135351538e-06	6
7.642388699e-07	1.126016949e-06	6
7.817026573e-07	1.116682361e-06	6
7.991664448e-07	1.107347772e-06	6
8.166302322e-07	1.098013183e-06	6
8.340940196e-07	1.088678594e-06	6
8.51557807e-07	1.079344005e-06	6
8.690215944e-07	1.070009416e-06	6
8.864853818e-07	1.060674828e-06	6
9.039491692e-07	1.051340239e-06	6
9.214129566e-07	1.04200565e-06	6
9.388767441e-07	1.032671061e-06	6
9.563405315e-07	1.023336472e-06	6
9.738043189e-07	1.014001883e-06	6
9.912681063e-07	1.004667294e-06	6
1.008731894e-06	9.953327056e-07	6
1.026195681e-06	9.859981167e-07	6
1.043659469e-06	9.766635279e-07	6
1.061123256e-06	9.67328939e-07	6
1.078587043e-06	9.579943502e-07	6
1.096050831e-06	9.486597613e-07	6
1.113514618e-06	9.393251725e-07	6
1.130978406e-06	9.299905836e-07	6
1.148442193e-06	9.206559948e-07	6
1.16590598e-06	9.113214059e-07	6
1.183369768e-06	9.019868171e-07	6
1.200833555e-06	8.926522282e-07	6
1.218297343e-06	8.833176394e-07	6
1.23576113e-06	8.739830506e-07	6
1.253224917e-06	8.646484617e-07	6
1.270688705e-06	8.553138729e-07	6
1.288152492e-06	8.45979284e-07	6
1.30561628e-06	8.366446952e-07	6
1.323080067e-06	8.273101063e-07	6
1.340543855e-06	8.179755175e-07	6
1.358007642e-06	8.086409286e-07	6
1.375471429e-06	7.993063398e-07	6
1.392935217e-06	7.899717509e-07	6
1.410399004e-06	7.806371621e-07	6
1.427862792e-06	7.713025732e-07	6
1.445326579e-06	7.619679844e-07	6
1.462790366e-06	7.526333955e-07	6
1.480254154e-06	7.432988067e-07	6
1.497717941e-06	7.339642178e-07	6
1.515181729e-06	7.24629629e-07	6
1.532645516e-06	7.152950401e-07	6
1.550109304e-06	7.059604513e-07	6
1.567573091e-06	6.966258624e-07	6
1.585036878e-06	6.872912736e-07	6
1.602500666e-06	6.779566847e-07	6
1.619964453e-06	6.686220959e-07	6
1.637428241e-06	6.59287507e-07	6
1.654892028e-06	6.499529182e-07	6
1.672355815e-06	6.406183294e-07	6
1.689819603e-06	6.312837405e-07	6
1.70728339e-06	6.219491517e-07	6
1.724747178e-06	6.126145628e-07	6
1.742210965e-06	6.03279974e-07	6
1.759674752e-06	5.939453851e-07	6
1.77713854e-06	5.846107963e-07	6
1.794602327e-06	5.752762074e-07	6
1.812066115e-06	5.659416186e-07	6
1.829529902e-06	5.566070297e-07	6
1.84699369e-06	5.472724409e-07	6
1.864457477e-06	5.37937852e-07	6
1.881921264e-06	5.286032632e-07	6
1.881921264e-06	5.286032632e-07	0
1.889277274e-06	5.432171443e-07	0
1.896633284e-06	5.578310254e-07	0
1.903989293e-06	5.724449066e-07	0
1.903989293e-06	5.724449066e-07	-6
1.885909507e-06	5.809960084e-07	-6
1.867829721e-06	5.895471103e-07	-6
1.849749936e-06	5.980982122e-07	-6
1.83167015e-06	6.06649314e-07	-6
1.813590364e-06	6.152004159e-07	-6
1.795510578e-06	6.237515178e-07	-6
1.777430792e-06	6.323026196e-07	-6
1.759351006e-06	6.408537215e-07	-6
1.74127122e-06	6.494048234e-07	-6
1.723191434e-06	6.579559253e-07	-6
1.705111649e-06	6.665070271e-07	-6
1.687031863e-06	6.75058129e-07	-6
1.668952077e-06	6.836092309e-07	-6
1.650872291e-06	6.921603327e-07	-6
1.632792505e-06	7.007114346e-07	-6
1.614712719e-06	7.092625365e-07	-6
1.596632933e-06	7.178136383e-07	-6
1.578553148e-06	7.263647402e-07	-6
1.560473362e-06	7.349158421e-07	-6
1.542393576e-06	7.434669439e-07	-6
1.52431379e-06	7.520180458e-07	-6
1.506234004e-06	7.605691477e-07	-6
1.488154218e-06	7.691202495e-07	-6
1.470074432e-06	7.776713514e-07	-6
1.451994647e-06	7.862224533e-07	-6
1.433914861e-06	7.947735552e-07	-6
1.415835075e-06	8.03324657e-07	-6
1.397755289e-06	8.118757589e-07	-6
1.379675503e-06	8.204268608e-07	-6
1.361595717e-06	8.289779626e-07	-6
1.343515931e-06	8.375290645e-07	-6
1.325436146e-06	8.460801664e-07	-6
1.30735636e-06	8.546312682e-07	-6
1.289276574e-06	8.631823701e-07	-6
1.271196788e-06	8.71733472e-07	-6
1.253117002e-06	8.802845738e-07	-6
1.235037216e-06	8.888356757e-07	-6
1.21695743e-06	8.973867776e-07	-6
1.198877644e-06	9.059378794e-07	-6
1.180797859e-06	9.144889813e-07	-6
1.162718073e-06	9.230400832e-07	-6
1.144638287e-06	9.315911851e-07	-6
1.126558501e-06	9.401422869e-07	-6
1.108478715e-06	9.486933888e-07	-6
1.090398929e-06	9.572444907e-07	-6
1.072319143e-06	9.657955925e-07	-6
1.054239358e-06	9.743466944e-07	-6
1.036159572e-06	9.828977963e-07	-6
1.018079786e-06	9.914488981e-07	-6
1e-06	1e-06	-6
9.819202141e-07	1.008551102e-06	-6
9.638404283e-07	1.017102204e-06	-6
9.457606424e-07	1.025653306e-06	-6
9.276808566e-07	1.034204407e-06	-6
9.096010707e-07	1.042755509e-06	-6
8.915212848e-07	1.051306611e-06	-6
8.73441499e-07	1.059857713e-06	-6
8.553617131e-07	1.068408815e-06	-6
8.372819272e-07	1.076959917e-06	-6
8.192021414e-07	1.085511019e-06	-6
8.011223555e-07	1.094062121e-06	-6
7.830425697e-07	1.102613222e-06	-6
7.649627838e-07	1.111164324e-06	-6
7.468829979e-07	1.119715426e-06	-6
7.288032121e-07	1.128266528e-06	-6
7.107234262e-07	1.13681763e-06	-6
6.926436403e-07	1.145368732e-06	-6
6.745638545e-07	1.153919834e-06	-6
6.564840686e-07	1.162470936e-06	-6
6.384042828e-07	1.171022037e-06	-6
6.203244969e-07	1.179573139e-06	-6
6.02244711e-07	1.188124241e-06	-6
5.841649252e-07	1.196675343e-06	-6
5.660851393e-07	1.205226445e-06	-6
5.480053534e-07	1.213777547e-06	-6
5.299255676e-07	1.222328649e-06	-6
5.118457817e-07	1.23087975e-06	-6
4.937659959e-07	1.239430852e-06	-6
4.7568621e-07	1.247981954e-06	-6
4.576064241e-07	1.256533056e-06	-6
4.395266383e-07	1.265084158e-06	-6
4.214468524e-07	1.27363526e-06	-6
4.033670665e-07	1.282186362e-06	-6
3.852872807e-07	1.290737464e-06	-6
3.672074948e-07	1.299288565e-06	-6
3.49127709e-07	1.307839667e-06	-6
3.310479231e-07	1.316390769e-06	-6
3.129681372e-07	1.324941871e-06	-6
2.948883514e-07	1.333492973e-06	-6
2.768085655e-07	1.342044075e-06	-6
2.587287796e-07	1.350595177e-06	-6
2.406489938e-07	1.359146278e-06	-6
2.225692079e-07	1.36769738e-06	-6
2.044894221e-07	1.376248482e-06	-6
1.864096362e-07	1.384799584e-06	-6
1.683298503e-07	1.393350686e-06	-6
1.502500645e-07	1.401901788e-06	-6
1.321702786e-07	1.41045289e-06	-6
1.140904927e-07	1.419003992e-06	-6
9.601070688e-08	1.427555093e-06	-6
9.601070688e-08	1.427555093e-06	0
9.601070688e-08	1.427555093e-06	6
1.13911485e-07	1.419088656e-06	6
1.31812263e-07	1.410622218e-06	6
1.497130411e-07	1.402155781e-06	6
1.676138192e-07	1.393689343e-06	6
1.855145973e-07	1.385222906e-06	6
2.034153754e-07	1.376756468e-06	6
2.213161534e-07	1.368290031e-06	6
2.392169315e-07	1.359823593e-06	6
2.571177096e-07	1.351357156e-06	6
2.750184877e-07	1.342890718e-06	6
2.929192658e-07	1.334424281e-06	6
3.108200439e-07	1.325957844e-06	6
3.287208219e-07	1.317491406e-06	6
3.466216e-07	1.309024969e-06	6
3.645223781e-07	1.300558531e-06	6
3.824231562e-07	1.292092094e-06	6
4.003239343e-07	1.283625656e-06	6
4.182247123e-07	1.275159219e-06	6
4.361254904e-07	1.266692781e-06	6
4.540262685e-07	1.258226344e-06	6
4.719270466e-07	1.249759906e-06	6
4.898278247e-07	1.241293469e-06	6
5.077286028e-07	1.232827031e-06	6
5.256293808e-07	1.224360594e-06	6
5.435301589e-07	1.215894156e-06	6
5.61430937e-07	1.207427719e-06	6
5.793317151e-07	1.198961281e-06	6
5.972324932e-07	1.190494844e-06	6
6.151332712e-07	1.182028406e-06	6
6.330340493e-07	1.173561969e-06	6
6.509348274e-07	1.165095531e-06	6
6.688356055e-07	1.156629094e-06	6
6.867363836e-07	1.148162656e-06	6
7.046371617e-07	1.139696219e-06	6
7.225379397e-07	1.131229781e-06	6
7.404387178e-07	1.122763344e-06	6
7.583394959e-07	1.114296906e-06	6
7.76240274e-07	1.105830469e-06	6
7.941410521e-07	1.097364031e-06	6
8.120418301e-07	1.088897594e-06	6
8.299426082e-07	1.080431156e-06	6
8.478433863e-07	1.071964719e-06	6
8.657441644e-07	1.063498281e-06	6
8.836449425e-07	1.055031844e-06	6
9.015457206e-07	1.046565406e-06	6
9.194464986e-07	1.038098969e-06	6
9.373472767e-07	1.029632531e-06	6
9.552480548e-07	1.021166094e-06	6
9.731488329e-07	1.012699656e-06	6
9.91049611e-07	1.004233219e-06	6
1.008950389e-06	9.957667813e-07	6
1.026851167e-06	9.873003438e-07	6
1.044751945e-06	9.788339063e-07	6
1.062652723e-06	9.703674688e-07	6
1.080553501e-06	9.619010313e-07	6
1.098454279e-06	9.534345938e-07	6
1.116355058e-06	9.449681563e-07	6
1.134255836e-06	9.365017188e-07	6
1.152156614e-06	9.280352813e-07	6
1.170057392e-06	9.195688438e-07	6
1.18795817e-06	9.111024063e-07	6
1.205858948e-06	9.026359688e-07	6
1.223759726e-06	8.941695313e-07	6
1.241660504e-06	8.857030938e-07	6
1.259561282e-06	8.772366563e-07	6
1.27746206e-06	8.687702188e-07	6
1.295362838e-06	8.603037814e-07	6
1.313263616e-06	8.518373439e-07	6
1.331164395e-06	8.433709064e-07	6
1.349065173e-06	8.349044689e-07	6
1.366965951e-06	8.264380314e-07	6
1.384866729e-06	8.179715939e-07	6
1.402767507e-06	8.095051564e-07	6
1.420668285e-06	8.010387189e-07	6
1.438569063e-06	7.925722814e-07	6
1.456469841e-06	7.841058439e-07	6
1.474370619e-06	7.756394064e-07	6
1.492271397e-06	7.671729689e-07	6
1.510172175e-06	7.587065314e-07	6
1.528072953e-06	7.502400939e-07	6
1.545973731e-06	7.417736564e-07	6
1.56387451e-06	7.333072189e-07	6
1.581775288e-06	7.248407815e-07	6
1.599676066e-06	7.16374344e-07	6
1.617576844e-06	7.079079065e-07	6
1.635477622e-06	6.99441469e-07	6
1.6533784e-06	6.909750315e-07	6
1.671279178e-06	6.82508594e-07	6
1.689179956e-06	6.740421565e-07	6
1.707080734e-06	6.65575719e-07	6
1.724981512e-06	6.571092815e-07	6
1.74288229e-06	6.48642844e-07	6
1.760783068e-06	6.401764065e-07	6
1.778683847e-06	6.31709969e-07	6
1.796584625e-06	6.232435315e-07	6
1.814485403e-06	6.14777094e-07	6
1.832386181e-06	6.063106565e-07	6
1.850286959e-06	5.978442191e-07	6
1.868187737e-06	5.893777816e-07	6
1.886088515e-06	5.809113441e-07	6
1.903989293e-06	5.724449066e-07	6
1.903989293e-06	5.724449066e-07	0
1.910619373e-06	5.874021269e-07	0
1.917249453e-06	6.023593473e-07	0
1.923879533e-06	6.173165676e-07	0
1.923879533e-06	6.173165676e-07	-6
1.905401942e-06	6.249702363e-07	-6
1.886924351e-06	6.326239049e-07	-6
1.868446761e-06	6.402775736e-07	-6
1.84996917e-06	6.479312422e-07	-6
1.831491579e-06	6.555849109e-07	-6
1.813013989e-06	6.632385795e-07	-6
1.794536398e-06	6.708922482e-07	-6
1.776058807e-06	6.785459168e-07	-6
1.757581217e-06	6.861995855e-07	-6
1.739103626e-06	6.938532541e-07	-6
1.720626035e-06	7.015069228e-07	-6
1.702148445e-06	7.091605914e-07	-6
1.683670854e-06	7.1681426e-07	-6
1.665193263e-06	7.244679287e-07	-6
1.646715673e-06	7.321215973e-07	-6
1.628238082e-06	7.39775266e-07	-6
1.609760491e-06	7.474289346e-07	-6
1.591282901e-06	7.550826033e-07	-6
1.57280531e-06	7.627362719e-07	-6
1.55432772e-06	7.703899406e-07	-6
1.535850129e-06	7.780436092e-07	-6
1.517372538e-06	7.856972779e-07	-6
1.498894948e-06	7.933509465e-07	-6
1.480417357e-06	8.010046152e-07	-6
1.461939766e-06	8.086582838e-07	-6
1.443462176e-06	8.163119525e-07	-6
1.424984585e-06	8.239656211e-07	-6
1.406506994e-06	8.316192898e-07	-6
1.388029404e-06	8.392729584e-07	-6
1.369551813e-06	8.469266271e-07	-6
1.351074222e-06	8.545802957e-07	-6
1.332596632e-06	8.622339643e-07	-6
1.314119041e-06	8.69887633e-07	-6
1.29564145e-06	8.775413016e-07	-6
1.27716386e-06	8.851949703e-07	-6
1.258686269e-06	8.928486389e-07	-6
1.240208678e-06	9.005023076e-07	-6
1.221731088e-06	9.081559762e-07	-6
1.203253497e-06	9.158096449e-07	-6
1.184775907e-06	9.234633135e-07	-6
1.166298316e-06	9.311169822e-07	-6
1.147820725e-06	9.387706508e-07	-6
1.129343135e-06	9.464243195e-07	-6
1.110865544e-06	9.540779881e-07	-6
1.092387953e-06	9.617316568e-07	-6
1.073910363e-06	9.693853254e-07	-6
1.055432772e-06	9.770389941e-07	-6
1.036955181e-06	9.846926627e-07	-6
1.018477591e-06	9.923463314e-07	-6
1e-06	1e-06	-6
9.815224093e-07	1.007653669e-06	-6
9.630448187e-07	1.015307337e-06	-6
9.44567228e-07	1.022961006e-06	-6
9.260896374e-07	1.030614675e-06	-6
9.076120467e-07	1.038268343e-06	-6
8.891344561e-07	1.045922012e-06	-6
8.706568654e-07	1.053575681e-06	-6
8.521792748e-07	1.061229349e-06	-6
8.337016841e-07	1.068883018e-06	-6
8.152240935e-07	1.076536686e-06	-6
7.967465028e-07	1.084190355e-06	-6
7.782689122e-07	1.091844024e-06	-6
7.597913215e-07	1.099497692e-06	-6
7.413137309e-07	1.107151361e-06	-6
7.228361402e-07	1.11480503e-06	-6
7.043585496e-07	1.122458698e-06	-6
6.858809589e-07	1.130112367e-06	-6
6.674033683e-07	1.137766036e-06	-6
6.489257776e-07	1.145419704e-06	-6
6.30448187e-07	1.153073373e-06	-6
6.119705963e-07	1.160727042e-06	-6
5.934930057e-07	1.16838071e-06	-6
5.75015415e-07	1.176034379e-06	-6
5.565378244e-07	1.183688048e-06	-6
5.380602337e-07	1.191341716e-06	-6
5.195826431e-07	1.198995385e-06	-6
5.011050524e-07	1.206649053e-06	-6
4.826274618e-07	1.214302722e-06	-6
4.641498711e-07	1.221956391e-06	-6
4.456722805e-07	1.229610059e-06	-6
4.271946898e-07	1.237263728e-06	-6
4.087170992e-07	1.244917397e-06	-6
3.902395085e-07	1.252571065e-06	-6
3.717619179e-07	1.260224734e-06	-6
3.532843272e-07	1.267878403e-06	-6
3.348067366e-07	1.275532071e-06	-6
3.163291459e-07	1.28318574e-06	-6
2.978515553e-07	1.290839409e-06	-6
2.793739646e-07	1.298493077e-06	-6
2.60896374e-07	1.306146746e-06	-6
2.424187833e-07	1.313800415e-06	-6
2.239411927e-07	1.321454083e-06	-6
2.05463602e-07	1.329107752e-06	-6
1.869860114e-07	1.33676142e-06	-6
1.685084207e-07	1.344415089e-06	-6
1.500308301e-07	1.352068758e-06	-6
1.315532394e-07	1.359722426e-06	-6
1.130756488e-07	1.367376095e-06	-6
9.459805814e-08	1.375029764e-06	-6
7.612046749e-08	1.382683432e-06	-6
7.612046749e-08	1.382683432e-06	0
7.612046749e-08	1.382683432e-06	6
9.459805814e-08	1.375029764e-06	6
1.130756488e-07	1.367376095e-06	6
1.315532394e-07	1.359722426e-06	6
1.500308301e-07	1.352068758e-06	6
1.685084207e-07	1.344415089e-06	6
1.869860114e-07	1.33676142e-06	6
2.05463602e-07	1.329107752e-06	6
2.239411927e-07	1.321454083e-06	6
2.424187833e-07	1.313800415e-06	6
2.60896374e-07	1.306146746e-06	6
2.793739646e-07	1.298493077e-06	6
2.978515553e-07	1.290839409e-06	6
3.163291459e-07	1.28318574e-06	6
3.348067366e-07	1.275532071e-06	6
3.532843272e-07	1.267878403e-06	6
3.717619179e-07	1.260224734e-06	6
3.902395085e-07	1.252571065e-06	6
4.087170992e-07	1.244917397e-06	6
4.271946898e-07	1.237263728e-06	6
4.456722805e-07	1.229610059e-06	6
4.641498711e-07	1.221956391e-06	6
4.826274618e-07	1.214302722e-06	6
5.011050524e-07	1.206649053e-06	6
5.195826431e-07	1.198995385e-06	6
5.380602337e-07	1.191341716e-06	6
5.565378244e-07	1.183688048e-06	6
5.75015415e-07	1.176034379e-06	6
5.934930057e-07	1.16838071e-06	6
6.119705963e-07	1.160727042e-06	6
6.30448187e-07	1.153073373e-06	6
6.489257776e-07	1.145419704e-06	6
6.674033683e-07	1.137766036e-06	6
6.858809589e-07	1.130112367e-06	6
7.043585496e-07	1.122458698e-06	6
7.228361402e-07	1.11480503e-06	6
7.413137309e-07	1.107151361e-06	6
7.597913215e-07	1.099497692e-06	6
7.782689122e-07	1.091844024e-06	6
7.967465028e-07	1.084190355e-06	6
8.152240935e-07	1.076536686e-06	6
8.337016841e-07	1.068883018e-06	6
8.521792748e-07	1.061229349e-06	6
8.706568654e-07	1.053575681e-06	6
8.891344561e-07	1.045922012e-06	6
9.076120467e-07	1.038268343e-06	6
9.260896374e-07	1.030614675e-06	6
9.44567228e-07	1.022961006e-06	6
9.630448187e-07	1.015307337e-06	6
9.815224093e-07	1.007653669e-06	6
1e-06	1e-06	6
1.018477591e-06	9.923463314e-07	6
1.036955181e-06	9.846926627e-07	6
1.055432772e-06	9.770389941e-07	6
1.073910363e-06	9.693853254e-07	6
1.092387953e-06	9.617316568e-07	6
1.110865544e-06	9.540779881e-07	6
1.129343135e-06	9.464243195e-07	6
1.147820725e-06	9.387706508e-07	6
1.166298316e-06	9.311169822e-07	6
1.184775907e-06	9.234633135e-07	6
1.203253497e-06	9.158096449e-07	6
1.221731088e-06	9.081559762e-07	6
1.240208678e-06	9.005023076e-07	6
1.258686269e-06	8.928486389e-07	6
1.27716386e-06	8.851949703e-07	6
1.29564145e-06	8.775413016e-07	6
1.314119041e-06	8.69887633e-07	6
1.332596632e-06	8.622339643e-07	6
1.351074222e-06	8.545802957e-07	6
1.369551813e-06	8.469266271e-07	6
1.388029404e-06	8.392729584e-07	6
1.406506994e-06	8.316192898e-07	6
1.424984585e-06	8.239656211e-07	6
1.443462176e-06	8.163119525e-07	6
1.461939766e-06	8.086582838e-07	6
1.480417357e-06	8.010046152e-07	6
1.498894948e-06	7.933509465e-07	6
1.517372538e-06	7.856972779e-07	6
1.535850129e-06	7.780436092e-07	6
1.55432772e-06	7.703899406e-07	6
1.57280531e-06	7.627362719e-07	6
1.591282901e-06	7.550826033e-07	6
1.609760491e-06	7.474289346e-07	6
1.628238082e-06	7.39775266e-07	6
1.646715673e-06	7.321215973e-07	6
1.665193263e-06	7.244679287e-07	6
1.683670854e-06	7.1681426e-07	6
1.702148445e-06	7.091605914e-07	6
1.720626035e-06	7.015069228e-07	6
1.739103626e-06	6.938532541e-07	6
1.757581217e-06	6.861995855e-07	6
1.776058807e-06	6.785459168e-07	6
1.794536398e-06	6.708922482e-07	6
1.813013989e-06	6.632385795e-07	6
1.831491579e-06	6.555849109e-07	6
1.84996917e-06	6.479312422e-07	6
1.868446761e-06	6.402775736e-07	6
1.886924351e-06	6.326239049e-07	6
1.905401942e-06	6.249702363e-07	6
1.923879533e-06	6.173165676e-07	6
1.923879533e-06	6.173165676e-07	0
1.92976771e-06	6.32581094e-07	0
1.935655888e-06	6.478456203e-07	0
1.941544065e-06	6.631101466e-07	0
1.941544065e-06	6.631101466e-07	-6
1.922713184e-06	6.698479437e-07	-6
1.903882303e-06	6.765857407e-07	-6
1.885051421e-06	6.833235378e-07	-6
1.86622054e-06	6.900613349e-07	-6
1.847389659e-06	6.967991319e-07	-6
1.828558777e-06	7.03536929e-07	-6
1.809727896e-06	7.102747261e-07	-6
1.790897015e-06	7.170125232e-07	-6
1.772066133e-06	7.237503202e-07	-6
1.753235252e-06	7.304881173e-07	-6
1.734404371e-06	7.372259144e-07	-6
1.71557349e-06	7.439637114e-07	-6
1.696742608e-06	7.507015085e-07	-6
1.677911727e-06	7.574393056e-07	-6
1.659080846e-06	7.641771026e-07	-6
1.640249964e-06	7.709148997e-07	-6
1.621419083e-06	7.776526968e-07	-6
1.602588202e-06	7.843904938e-07	-6
1.58375732e-06	7.911282909e-07	-6
1.564926439e-06	7.97866088e-07	-6
1.546095558e-06	8.04603885e-07	-6
1.527264677e-06	8.113416821e-07	-6
1.508433795e-06	8.180794792e-07	-6
1.489602914e-06	8.248172762e-07	-6
1.470772033e-06	8.315550733e-07	-6
1.451941151e-06	8.382928704e-07	-6
1.43311027e-06	8.450306674e-07	-6
1.414279389e-06	8.517684645e-07	-6
1.395448507e-06	8.585062616e-07	-6
1.376617626e-06	8.652440586e-07	-6
1.357786745e-06	8.719818557e-07	-6
1.338955863e-06	8.787196528e-07	-6
1.320124982e-06	8.854574498e-07	-6
1.301294101e-06	8.921952469e-07	-6
1.28246322e-06	8.98933044e-07	-6
1.263632338e-06	9.056708411e-07	-6
1.244801457e-06	9.124086381e-07	-6
1.225970576e-06	9.191464352e-07	-6
1.207139694e-06	9.258842323e-07	-6
1.188308813e-06	9.326220293e-07	-6
1.169477932e-06	9.393598264e-07	-6
1.15064705e-06	9.460976235e-07	-6
1.131816169e-06	9.528354205e-07	-6
1.112985288e-06	9.595732176e-07	-6
1.094154407e-06	9.663110147e-07	-6
1.075323525e-06	9.730488117e-07	-6
1.056492644e-06	9.797866088e-07	-6
1.037661763e-06	9.865244059e-07	-6
1.018830881e-06	9.932622029e-07	-6
1e-06	1e-06	-6
9.811691187e-07	1.006737797e-06	-6
9.623382374e-07	1.013475594e-06	-6
9.435073561e-07	1.020213391e-06	-6
9.246764748e-07	1.026951188e-06	-6
9.058455935e-07	1.033688985e-06	-6
8.870147122e-07	1.040426782e-06	-6
8.681838309e-07	1.047164579e-06	-6
8.493529496e-07	1.053902377e-06	-6
8.305220683e-07	1.060640174e-06	-6
8.11691187e-07	1.067377971e-06	-6
7.928603057e-07	1.074115768e-06	-6
7.740294244e-07	1.080853565e-06	-6
7.551985431e-07	1.087591362e-06	-6
7.363676617e-07	1.094329159e-06	-6
7.175367804e-07	1.101066956e-06	-6
6.987058991e-07	1.107804753e-06	-6
6.798750178e-07	1.11454255e-06	-6
6.610441365e-07	1.121280347e-06	-6
6.422132552e-07	1.128018144e-06	-6
6.233823739e-07	1.134755941e-06	-6
6.045514926e-07	1.141493738e-06	-6
5.857206113e-07	1.148231535e-06	-6
5.6688973e-07	1.154969333e-06	-6
5.480588487e-07	1.16170713e-06	-6
5.292279674e-07	1.168444927e-06	-6
5.103970861e-07	1.175182724e-06	-6
4.915662048e-07	1.181920521e-06	-6
4.727353235e-07	1.188658318e-06	-6
4.539044422e-07	1.195396115e-06	-6
4.350735609e-07	1.202133912e-06	-6
4.162426796e-07	1.208871709e-06	-6
3.974117983e-07	1.215609506e-06	-6
3.78580917e-07	1.222347303e-06	-6
3.597500357e-07	1.2290851e-06	-6
3.409191544e-07	1.235822897e-06	-6
3.220882731e-07	1.242560694e-06	-6
3.032573918e-07	1.249298492e-06	-6
2.844265105e-07	1.256036289e-06	-6
2.655956292e-07	1.262774086e-06	-6
2.467647479e-07	1.269511883e-06	-6
2.279338665e-07	1.27624968e-06	-6
2.091029852e-07	1.282987477e-06	-6
1.902721039e-07	1.289725274e-06	-6
1.714412226e-07	1.296463071e-06	-6
1.526103413e-07	1.303200868e-06	-6
1.3377946e-07	1.309938665e-06	-6
1.149485787e-07	1.316676462e-06	-6
9.611769742e-08	1.323414259e-06	-6
7.728681612e-08	1.330152056e-06	-6
5.845593482e-08	1.336889853e-06	-6
5.845593482e-08	1.336889853e-06	0
5.845593482e-08	1.336889853e-06	6
7.728681612e-08	1.330152056e-06	6
9.611769742e-08	1.323414259e-06	6
1.149485787e-07	1.316676462e-06	6
1.3377946e-07	1.309938665e-06	6
1.526103413e-07	1.303200868e-06	6
1.714412226e-07	1.296463071e-06	6
1.902721039e-07	1.289725274e-06	6
2.091029852e-07	1.282987477e-06	6
2.279338665e-07	1.27624968e-06	6
2.467647479e-07	1.269511883e-06	6
2.655956292e-07	1.262774086e-06	6
2.844265105e-07	1.256036289e-06	6
3.032573918e-07	1.249298492e-06	6
3.220882731e-07	1.242560694e-06	6
3.409191544e-07	1.235822897e-06	6
3.597500357e-07	1.2290851e-06	6
3.78580917e-07	1.222347303e-06	6
3.974117983e-07	1.215609506e-06	6
4.162426796e-07	1.208871709e-06	6
4.350735609e-07	1.202133912e-06	6
4.539044422e-07	1.195396115e-06	6
4.727353235e-07	1.188658318e-06	6
4.915662048e-07	1.181920521e-06	6
5.103970861e-07	1.175182724e-06	6
5.292279674e-07	1.168444927e-06	6
5.480588487e-07	1.16170713e-06	6
5.6688973e-07	1.154969333e-06	6
5.857206113e-07	1.148231535e-06	6
6.045514926e-07	1.141493738e-06	6
6.233823739e-07	1.134755941e-06	6
6.422132552e-07	1.128018144e-06	6
6.610441365e-07	1.121280347e-06	6
6.798750178e-07	1.11454255e-06	6
6.987058991e-07	1.107804753e-06	6
7.175367804e-07	1.101066956e-06	6
7.363676617e-07	1.094329159e-06	6
7.551985431e-07	1.087591362e-06	6
7.740294244e-07	1.080853565e-06	6
7.928603057e-07	1.074115768e-06	6
8.11691187e-07	1.067377971e-06	6
8.305220683e-07	1.060640174e-06	6
8.493529496e-07	1.053902377e-06	6
8.681838309e-07	1.047164579e-06	6
8.870147122e-07	1.040426782e-06	6
9.058455935e-07	1.033688985e-06	6
9.246764748e-07	1.026951188e-06	6
9.435073561e-07	1.020213391e-06	6
9.623382374e-07	1.013475594e-06	6
9.811691187e-07	1.006737797e-06	6
1e-06	1e-06	6
1.018830881e-06	9.932622029e-07	6
1.037661763e-06	9.865244059e-07	6
1.056492644e-06	9.797866088e-07	6
1.075323525e-06	9.730488117e-07	6
1.094154407e-06	9.663110147e-07	6
1.112985288e-06	9.595732176e-07	6
1.131816169e-06	9.528354205e-07	6
1.15064705e-06	9.460976235e-07	6
1.169477932e-06	9.393598264e-07	6
1.188308813e-06	9.326220293e-07	6
1.207139694e-06	9.258842323e-07	6
1.225970576e-06	9.191464352e-07	6
1.244801457e-06	9.124086381e-07	6
1.263632338e-06	9.056708411e-07	6
1.28246322e-06	8.98933044e-07	6
1.301294101e-06	8.921952469e-07	6
1.320124982e-06	8.854574498e-07	6
1.338955863e-06	8.787196528e-07	6
1.357786745e-06	8.719818557e-07	6
1.376617626e-06	8.652440586e-07	6
1.395448507e-06	8.585062616e-07	6
1.414279389e-06	8.517684645e-07	6
1.43311027e-06	8.450306674e-07	6
1.451941151e-06	8.382928704e-07	6
1.470772033e-06	8.315550733e-07	6
1.489602914e-06	8.248172762e-07	6
1.508433795e-06	8.180794792e-07	6
1.527264677e-06	8.113416821e-07	6
1.546095558e-06	8.04603885e-07	6
1.564926439e-06	7.97866088e-07	6
1.58375732e-06	7.911282909e-07	6
1.602588202e-06	7.843904938e-07	6
1.621419083e-06	7.776526968e-07	6
1.640249964e-06	7.709148997e-07	6
1.659080846e-06	7.641771026e-07	6
1.677911727e-06	7.574393056e-07	6
1.696742608e-06	7.507015085e-07	6
1.71557349e-06	7.439637114e-07	6
1.734404371e-06	7.372259144e-07	6
1.753235252e-06	7.304881173e-07	6
1.772066133e-06	7.237503202e-07	6
1.790897015e-06	7.170125232e-07	6
1.809727896e-06	7.102747261e-07	6
1.828558777e-06	7.03536929e-07	6
1.847389659e-06	6.967991319e-07	6
1.86622054e-06	6.900613349e-07	6
1.885051421e-06	6.833235378e-07	6
1.903882303e-06	6.765857407e-07	6
1.922713184e-06	6.698479437e-07	6
1.941544065e-06	6.631101466e-07	6
1.941544065e-06	6.631101466e-07	0
1.946676155e-06	6.786452053e-07	0
1.951808246e-06	6.94180264e-07	0
1.956940336e-06	7.097153227e-07	0
1.956940336e-06	7.097153227e-07	-6
1.937991022e-06	7.154635342e-07	-6
1.919041709e-06	7.212117456e-07	-6
1.900092395e-06	7.26959957e-07	-6
1.881143081e-06	7.327081685e-07	-6
1.862193768e-06	7.384563799e-07	-6
1.843244454e-06	7.442045913e-07	-6
1.824295141e-06	7.499528028e-07	-6
1.805345827e-06	7.557010142e-07	-6
1.786396514e-06	7.614492256e-07	-6
1.7674472e-06	7.671974371e-07	-6
1.748497886e-06	7.729456485e-07	-6
1.729548573e-06	7.786938599e-07	-6
1.710599259e-06	7.844420713e-07	-6
1.691649946e-06	7.901902828e-07	-6
1.672700632e-06	7.959384942e-07	-6
1.653751318e-06	8.016867056e-07	-6
1.634802005e-06	8.074349171e-07	-6
1.615852691e-06	8.131831285e-07	-6
1.596903378e-06	8.189313399e-07	-6
1.577954064e-06	8.246795514e-07	-6
1.559004751e-06	8.304277628e-07	-6
1.540055437e-06	8.361759742e-07	-6
1.521106123e-06	8.419241857e-07	-6
1.50215681e-06	8.476723971e-07	-6
1.483207496e-06	8.534206085e-07	-6
1.464258183e-06	8.591688199e-07	-6
1.445308869e-06	8.649170314e-07	-6
1.426359556e-06	8.706652428e-07	-6
1.407410242e-06	8.764134542e-07	-6
1.388460928e-06	8.821616657e-07	-6
1.369511615e-06	8.879098771e-07	-6
1.350562301e-06	8.936580885e-07	-6
1.331612988e-06	8.994063e-07	-6
1.312663674e-06	9.051545114e-07	-6
1.29371436e-06	9.109027228e-07	-6
1.274765047e-06	9.166509343e-07	-6
1.255815733e-06	9.223991457e-07	-6
1.23686642e-06	9.281473571e-07	-6
1.217917106e-06	9.338955685e-07	-6
1.198967793e-06	9.3964378e-07	-6
1.180018479e-06	9.453919914e-07	-6
1.161069165e-06	9.511402028e-07	-6
1.142119852e-06	9.568884143e-07	-6
1.123170538e-06	9.626366257e-07	-6
1.104221225e-06	9.683848371e-07	-6
1.085271911e-06	9.741330486e-07	-6
1.066322598e-06	9.7988126e-07	-6
1.047373284e-06	9.856294714e-07	-6
1.02842397e-06	9.913776829e-07	-6
1.009474657e-06	9.971258943e-07	-6
9.905253432e-07	1.002874106e-06	-6
9.715760296e-07	1.008622317e-06	-6
9.526267161e-07	1.014370529e-06	-6
9.336774025e-07	1.02011874e-06	-6
9.147280889e-07	1.025866951e-06	-6
8.957787753e-07	1.031615163e-06	-6
8.768294617e-07	1.037363374e-06	-6
8.578801482e-07	1.043111586e-06	-6
8.389308346e-07	1.048859797e-06	-6
8.19981521e-07	1.054608009e-06	-6
8.010322074e-07	1.06035622e-06	-6
7.820828938e-07	1.066104431e-06	-6
7.631335803e-07	1.071852643e-06	-6
7.441842667e-07	1.077600854e-06	-6
7.252349531e-07	1.083349066e-06	-6
7.062856395e-07	1.089097277e-06	-6
6.873363259e-07	1.094845489e-06	-6
6.683870124e-07	1.1005937e-06	-6
6.494376988e-07	1.106341911e-06	-6
6.304883852e-07	1.112090123e-06	-6
6.115390716e-07	1.117838334e-06	-6
5.925897581e-07	1.123586546e-06	-6
5.736404445e-07	1.129334757e-06	-6
5.546911309e-07	1.135082969e-06	-6
5.357418173e-07	1.14083118e-06	-6
5.167925037e-07	1.146579391e-06	-6
4.978431902e-07	1.152327603e-06	-6
4.788938766e-07	1.158075814e-06	-6
4.59944563e-07	1.163824026e-06	-6
4.409952494e-07	1.169572237e-06	-6
4.220459358e-07	1.175320449e-06	-6
4.030966223e-07	1.18106866e-06	-6
3.841473087e-07	1.186816872e-06	-6
3.651979951e-07	1.192565083e-06	-6
3.462486815e-07	1.198313294e-06	-6
3.27299368e-07	1.204061506e-06	-6
3.083500544e-07	1.209809717e-06	-6
2.894007408e-07	1.215557929e-06	-6
2.704514272e-07	1.22130614e-06	-6
2.515021136e-07	1.227054352e-06	-6
2.325528001e-07	1.232802563e-06	-6
2.136034865e-07	1.238550774e-06	-6
1.946541729e-07	1.244298986e-06	-6
1.757048593e-07	1.250047197e-06	-6
1.567555457e-07	1.255795409e-06	-6
1.378062322e-07	1.26154362e-06	-6
1.188569186e-07	1.267291832e-06	-6
9.9907605e-08	1.273040043e-06	-6
8.095829143e-08	1.278788254e-06	-6
6.200897785e-08	1.284536466e-06	-6
4.305966427e-08	1.290284677e-06	-6
4.305966427e-08	1.290284677e-06	0
4.305966427e-08	1.290284677e-06	6
6.200897785e-08	1.284536466e-06	6
8.095829143e-08	1.278788254e-06	6
9.9907605e-08	1.273040043e-06	6
1.188569186e-07	1.267291832e-06	6
1.378062322e-07	1.26154362e-06	6
1.567555457e-07	1.255795409e-06	6
1.757048593e-07	1.250047197e-06	6
1.946541729e-07	1.244298986e-06	6
2.136034865e-07	1.238550774e-06	6
2.325528001e-07	1.232802563e-06	6
2.515021136e-07	1.227054352e-06	6
2.704514272e-07	1.22130614e-06	6
2.894007408e-07	1.215557929e-06	6
3.083500544e-07	1.209809717e-06	6
3.27299368e-07	1.204061506e-06	6
3.462486815e-07	1.198313294e-06	6
3.651979951e-07	1.192565083e-06	6
3.841473087e-07	1.186816872e-06	6
4.030966223e-07	1.18106866e-06	6
4.220459358e-07	1.175320449e-06	6
4.409952494e-07	1.169572237e-06	6
4.59944563e-07	1.163824026e-06	6
4.788938766e-07	1.158075814e-06	6
4.978431902e-07	1.152327603e-06	6
5.167925037e-07	1.146579391e-06	6
5.357418173e-07	1.14083118e-06	6
5.546911309e-07	1.135082969e-06	6
5.736404445e-07	1.129334757e-06	6
5.925897581e-07	1.123586546e-06	6
6.115390716e-07	1.117838334e-06	6
6.304883852e-07	1.112090123e-06	6
6.494376988e-07	1.106341911e-06	6
6.683870124e-07	1.1005937e-06	6
6.873363259e-07	1.094845489e-06	6
7.062856395e-07	1.089097277e-06	6
7.252349531e-07	1.083349066e-06	6
7.441842667e-07	1.077600854e-06	6
7.631335803e-07	1.071852643e-06	6
7.820828938e-07	1.066104431e-06	6
8.010322074e-07	1.06035622e-06	6
8.19981521e-07	1.054608009e-06	6
8.389308346e-07	1.048859797e-06	6
8.578801482e-07	1.043111586e-06	6
8.768294617e-07	1.037363374e-06	6
8.957787753e-07	1.031615163e-06	6
9.147280889e-07	1.025866951e-06	6
9.336774025e-07	1.02011874e-06	6
9.526267161e-07	1.014370529e-06	6
9.715760296e-07	1.008622317e-06	6
9.905253432e-07	1.002874106e-06	6
1.009474657e-06	9.971258943e-07	6
1.02842397e-06	9.913776829e-07	6
1.047373284e-06	9.856294714e-07	6
1.066322598e-06	9.7988126e-07	6
1.085271911e-06	9.741330486e-07	6
1.104221225e-06	9.683848371e-07	6
1.123170538e-06	9.626366257e-07	6
1.142119852e-06	9.568884143e-07	6
1.161069165e-06	9.511402028e-07	6
1.180018479e-06	9.453919914e-07	6
1.198967793e-06	9.3964378e-07	6
1.217917106e-06	9.338955685e-07	6
1.23686642e-06	9.281473571e-07	6
1.255815733e-06	9.223991457e-07	6
1.274765047e-06	9.166509343e-07	6
1.29371436e-06	9.109027228e-07	6
1.312663674e-06	9.051545114e-07	6
1.331612988e-06	8.994063e-07	6
1.350562301e-06	8.936580885e-07	6
1.369511615e-06	8.879098771e-07	6
1.388460928e-06	8.821616657e-07	6
1.407410242e-06	8.764134542e-07	6
1.426359556e-06	8.706652428e-07	6
1.445308869e-06	8.649170314e-07	6
1.464258183e-06	8.591688199e-07	6
1.483207496e-06	8.534206085e-07	6
1.50215681e-06	8.476723971e-07	6
1.521106123e-06	8.419241857e-07	6
1.540055437e-06	8.361759742e-07	6
1.559004751e-06	8.304277628e-07	6
1.577954064e-06	8.246795514e-07	6
1.596903378e-06	8.189313399e-07	6
1.615852691e-06	8.131831285e-07	6
1.634802005e-06	8.074349171e-07	6
1.653751318e-06	8.016867056e-07	6
1.672700632e-06	7.959384942e-07	6
1.691649946e-06	7.901902828e-07	6
1.710599259e-06	7.844420713e-07	6
1.729548573e-06	7.786938599e-07	6
1.748497886e-06	7.729456485e-07	6
1.7674472e-06	7.671974371e-07	6
1.786396514e-06	7.614492256e-07	6
1.805345827e-06	7.557010142e-07	6
1.824295141e-06	7.499528028e-07	6
1.843244454e-06	7.442045913e-07	6
1.862193768e-06	7.384563799e-07	6
1.881143081e-06	7.327081685e-07	6
1.900092395e-06	7.26959957e-07	6
1.919041709e-06	7.212117456e-07	6
1.937991022e-06	7.154635342e-07	6
1.956940336e-06	7.097153227e-07	6
1.956940336e-06	7.097153227e-07	0
1.961303975e-06	7.254834885e-07	0
1.965667614e-06	7.412516543e-07	0
1.970031253e-06	7.570198201e-07	0
1.970031253e-06	7.570198201e-07	-6
1.950630628e-06	7.618794237e-07	-6
1.931230003e-06	7.667390273e-07	-6
1.911829378e-06	7.715986309e-07	-6
1.892428753e-06	7.764582345e-07	-6
1.873028128e-06	7.813178381e-07	-6
1.853627503e-06	7.861774417e-07	-6
1.834226878e-06	7.910370453e-07	-6
1.814826253e-06	7.958966489e-07	-6
1.795425628e-06	8.007562525e-07	-6
1.776025003e-06	8.056158561e-07	-6
1.756624377e-06	8.104754597e-07	-6
1.737223752e-06	8.153350633e-07	-6
1.717823127e-06	8.201946669e-07	-6
1.698422502e-06	8.250542705e-07	-6
1.679021877e-06	8.299138741e-07	-6
1.659621252e-06	8.347734777e-07	-6
1.640220627e-06	8.396330813e-07	-6
1.620820002e-06	8.444926849e-07	-6
1.601419377e-06	8.493522885e-07	-6
1.582018752e-06	8.542118921e-07	-6
1.562618127e-06	8.590714957e-07	-6
1.543217502e-06	8.639310993e-07	-6
1.523816877e-06	8.687907029e-07	-6
1.504416252e-06	8.736503065e-07	-6
1.485015627e-06	8.7850991e-07	-6
1.465615002e-06	8.833695136e-07	-6
1.446214376e-06	8.882291172e-07	-6
1.426813751e-06	8.930887208e-07	-6
1.407413126e-06	8.979483244e-07	-6
1.388012501e-06	9.02807928e-07	-6
1.368611876e-06	9.076675316e-07	-6
1.349211251e-06	9.125271352e-07	-6
1.329810626e-06	9.173867388e-07	-6
1.310410001e-06	9.222463424e-07	-6
1.291009376e-06	9.27105946e-07	-6
1.271608751e-06	9.319655496e-07	-6
1.252208126e-06	9.368251532e-07	-6
1.232807501e-06	9.416847568e-07	-6
1.213406876e-06	9.465443604e-07	-6
1.194006251e-06	9.51403964e-07	-6
1.174605626e-06	9.562635676e-07	-6
1.155205001e-06	9.611231712e-07	-6
1.135804375e-06	9.659827748e-07	-6
1.11640375e-06	9.708423784e-07	-6
1.097003125e-06	9.75701982e-07	-6
1.0776025e-06	9.805615856e-07	-6
1.058201875e-06	9.854211892e-07	-6
1.03880125e-06	9.902807928e-07	-6
1.019400625e-06	9.951403964e-07	-6
1e-06	1e-06	-6
9.805993749e-07	1.004859604e-06	-6
9.611987499e-07	1.009719207e-06	-6
9.417981248e-07	1.014578811e-06	-6
9.223974997e-07	1.019438414e-06	-6
9.029968747e-07	1.024298018e-06	-6
8.835962496e-07	1.029157622e-06	-6
8.641956246e-07	1.034017225e-06	-6
8.447949995e-07	1.038876829e-06	-6
8.253943744e-07	1.043736432e-06	-6
8.059937494e-07	1.048596036e-06	-6
7.865931243e-07	1.05345564e-06	-6
7.671924992e-07	1.058315243e-06	-6
7.477918742e-07	1.063174847e-06	-6
7.283912491e-07	1.06803445e-06	-6
7.08990624e-07	1.072894054e-06	-6
6.89589999e-07	1.077753658e-06	-6
6.701893739e-07	1.082613261e-06	-6
6.507887488e-07	1.087472865e-06	-6
6.313881238e-07	1.092332468e-06	-6
6.119874987e-07	1.097192072e-06	-6
5.925868737e-07	1.102051676e-06	-6
5.731862486e-07	1.106911279e-06	-6
5.537856235e-07	1.111770883e-06	-6
5.343849985e-07	1.116630486e-06	-6
5.149843734e-07	1.12149009e-06	-6
4.955837483e-07	1.126349694e-06	-6
4.761831233e-07	1.131209297e-06	-6
4.567824982e-07	1.136068901e-06	-6
4.373818731e-07	1.140928504e-06	-6
4.179812481e-07	1.145788108e-06	-6
3.98580623e-07	1.150647712e-06	-6
3.79179998e-07	1.155507315e-06	-6
3.597793729e-07	1.160366919e-06	-6
3.403787478e-07	1.165226522e-06	-6
3.209781228e-07	1.170086126e-06	-6
3.015774977e-07	1.17494573e-06	-6
2.821768726e-07	1.179805333e-06	-6
2.627762476e-07	1.184664937e-06	-6
2.433756225e-07	1.18952454e-06	-6
2.239749974e-07	1.194384144e-06	-6
2.045743724e-07	1.199243748e-06	-6
1.851737473e-07	1.204103351e-06	-6
1.657731223e-07	1.208962955e-06	-6
1.463724972e-07	1.213822558e-06	-6
1.269718721e-07	1.218682162e-06	-6
1.075712471e-07	1.223541766e-06	-6
8.8170622e-08	1.228401369e-06	-6
6.876999693e-08	1.233260973e-06	-6
4.936937187e-08	1.238120576e-06	-6
2.996874681e-08	1.24298018e-06	-6
2.996874681e-08	1.24298018e-06	0
2.996874681e-08	1.24298018e-06	6
4.936937187e-08	1.238120576e-06	6
6.876999693e-08	1.233260973e-06	6
8.8170622e-08	1.228401369e-06	6
1.075712471e-07	1.223541766e-06	6
1.269718721e-07	1.218682162e-06	6
1.463724972e-07	1.213822558e-06	6
1.657731223e-07	1.208962955e-06	6
1.851737473e-07	1.204103351e-06	6
2.045743724e-07	1.199243748e-06	6
2.239749974e-07	1.194384144e-06	6
2.433756225e-07	1.18952454e-06	6
2.627762476e-07	1.184664937e-06	6
2.821768726e-07	1.179805333e-06	6
3.015774977e-07	1.17494573e-06	6
3.209781228e-07	1.170086126e-06	6
3.403787478e-07	1.165226522e-06	6
3.597793729e-07	1.160366919e-06	6
3.79179998e-07	1.155507315e-06	6
3.98580623e-07	1.150647712e-06	6
4.179812481e-07	1.145788108e-06	6
4.373818731e-07	1.140928504e-06	6
4.567824982e-07	1.136068901e-06	6
4.761831233e-07	1.131209297e-06	6
4.955837483e-07	1.126349694e-06	6
5.149843734e-07	1.12149009e-06	6
5.343849985e-07	1.116630486e-06	6
5.537856235e-07	1.111770883e-06	6
5.731862486e-07	1.106911279e-06	6
5.925868737e-07	1.102051676e-06	6
6.119874987e-07	1.097192072e-06	6
6.313881238e-07	1.092332468e-06	6
6.507887488e-07	1.087472865e-06	6
6.701893739e-07	1.082613261e-06	6
6.89589999e-07	1.077753658e-06	6
7.08990624e-07	1.072894054e-06	6
7.283912491e-07	1.06803445e-06	6
7.477918742e-07	1.063174847e-06	6
7.671924992e-07	1.058315243e-06	6
7.865931243e-07	1.05345564e-06	6
8.059937494e-07	1.048596036e-06	6
8.253943744e-07	1.043736432e-06	6
8.447949995e-07	1.038876829e-06	6
8.641956246e-07	1.034017225e-06	6
8.835962496e-07	1.029157622e-06	6
9.029968747e-07	1.024298018e-06	6
9.223974997e-07	1.019438414e-06	6
9.417981248e-07	1.014578811e-06	6
9.611987499e-07	1.009719207e-06	6
9.805993749e-07	1.004859604e-06	6
1e-06	1e-06	6
1.019400625e-06	9.951403964e-07	6
1.03880125e-06	9.902807928e-07	6
1.058201875e-06	9.854211892e-07	6
1.0776025e-06	9.805615856e-07	6
1.097003125e-06	9.75701982e-07	6
1.11640375e-06	9.708423784e-07	6
1.135804375e-06	9.659827748e-07	6
1.155205001e-06	9.611231712e-07	6
1.174605626e-06	9.562635676e-07	6
1.194006251e-06	9.51403964e-07	6
1.213406876e-06	9.465443604e-07	6
1.232807501e-06	9.416847568e-07	6
1.252208126e-06	9.368251532e-07	6
1.271608751e-06	9.319655496e-07	6
1.291009376e-06	9.27105946e-07	6
1.310410001e-06	9.222463424e-07	6
1.329810626e-06	9.173867388e-07	6
1.349211251e-06	9.125271352e-07	6
1.368611876e-06	9.076675316e-07	6
1.388012501e-06	9.02807928e-07	6
1.407413126e-06	8.979483244e-07	6
1.426813751e-06	8.930887208e-07	6
1.446214376e-06	8.882291172e-07	6
1.465615002e-06	8.833695136e-07	6
1.485015627e-06	8.7850991e-07	6
1.504416252e-06	8.736503065e-07	6
1.523816877e-06	8.687907029e-07	6
1.543217502e-06	8.639310993e-07	6
1.562618127e-06	8.590714957e-07	6
1.582018752e-06	8.542118921e-07	6
1.601419377e-06	8.493522885e-07	6
1.620820002e-06	8.444926849e-07	6
1.640220627e-06	8.396330813e-07	6
1.659621252e-06	8.347734777e-07	6
1.679021877e-06	8.299138741e-07	6
1.698422502e-06	8.250542705e-07	6
1.717823127e-06	8.201946669e-07	6
1.737223752e-06	8.153350633e-07	6
1.756624377e-06	8.104754597e-07	6
1.776025003e-06	8.056158561e-07	6
1.795425628e-06	8.007562525e-07	6
1.814826253e-06	7.958966489e-07	6
1.834226878e-06	7.910370453e-07	6
1.853627503e-06	7.861774417e-07	6
1.873028128e-06	7.813178381e-07	6
1.892428753e-06	7.764582345e-07	6
1.911829378e-06	7.715986309e-07	6
1.931230003e-06	7.667390273e-07	6
1.950630628e-06	7.618794237e-07	6
1.970031253e-06	7.570198201e-07	6
1.970031253e-06	7.570198201e-07	0
1.973615929e-06	7.729831061e-07	0
1.977200605e-06	7.88946392e-07	0
1.98078528e-06	8.04909678e-07	0
1.98078528e-06	8.04909678e-07	-6
1.961169575e-06	8.088114844e-07	-6
1.941553869e-06	8.127132909e-07	-6
1.921938164e-06	8.166150973e-07	-6
1.902322458e-06	8.205169037e-07	-6
1.882706752e-06	8.244187102e-07	-6
1.863091047e-06	8.283205166e-07	-6
1.843475341e-06	8.322223231e-07	-6
1.823859636e-06	8.361241295e-07	-6
1.80424393e-06	8.400259359e-07	-6
1.784628224e-06	8.439277424e-07	-6
1.765012519e-06	8.478295488e-07	-6
1.745396813e-06	8.517313553e-07	-6
1.725781107e-06	8.556331617e-07	-6
1.706165402e-06	8.595349681e-07	-6
1.686549696e-06	8.634367746e-07	-6
1.666933991e-06	8.67338581e-07	-6
1.647318285e-06	8.712403875e-07	-6
1.627702579e-06	8.751421939e-07	-6
1.608086874e-06	8.790440004e-07	-6
1.588471168e-06	8.829458068e-07	-6
1.568855463e-06	8.868476132e-07	-6
1.549239757e-06	8.907494197e-07	-6
1.529624051e-06	8.946512261e-07	-6
1.510008346e-06	8.985530326e-07	-6
1.49039264e-06	9.02454839e-07	-6
1.470776935e-06	9.063566454e-07	-6
1.451161229e-06	9.102584519e-07	-6
1.431545523e-06	9.141602583e-07	-6
1.411929818e-06	9.180620648e-07	-6
1.392314112e-06	9.219638712e-07	-6
1.372698407e-06	9.258656776e-07	-6
1.353082701e-06	9.297674841e-07	-6
1.333466995e-06	9.336692905e-07	-6
1.31385129e-06	9.37571097e-07	-6
1.294235584e-06	9.414729034e-07	-6
1.274619879e-06	9.453747098e-07	-6
1.255004173e-06	9.492765163e-07	-6
1.235388467e-06	9.531783227e-07	-6
1.215772762e-06	9.570801292e-07	-6
1.196157056e-06	9.609819356e-07	-6
1.17654135e-06	9.64883742e-07	-6
1.156925645e-06	9.687855485e-07	-6
1.137309939e-06	9.726873549e-07	-6
1.117694234e-06	9.765891614e-07	-6
1.098078528e-06	9.804909678e-07	-6
1.078462822e-06	9.843927742e-07	-6
1.058847117e-06	9.882945807e-07	-6
1.039231411e-06	9.921963871e-07	-6
1.019615706e-06	9.960981936e-07	-6
1e-06	1e-06	-6
9.803842944e-07	1.003901806e-06	-6
9.607685888e-07	1.007803613e-06	-6
9.411528832e-07	1.011705419e-06	-6
9.215371776e-07	1.015607226e-06	-6
9.01921472e-07	1.019509032e-06	-6
8.823057664e-07	1.023410839e-06	-6
8.626900607e-07	1.027312645e-06	-6
8.430743551e-07	1.031214452e-06	-6
8.234586495e-07	1.035116258e-06	-6
8.038429439e-07	1.039018064e-06	-6
7.842272383e-07	1.042919871e-06	-6
7.646115327e-07	1.046821677e-06	-6
7.449958271e-07	1.050723484e-06	-6
7.253801215e-07	1.05462529e-06	-6
7.057644159e-07	1.058527097e-06	-6
6.861487103e-07	1.062428903e-06	-6
6.665330047e-07	1.066330709e-06	-6
6.469172991e-07	1.070232516e-06	-6
6.273015934e-07	1.074134322e-06	-6
6.076858878e-07	1.078036129e-06	-6
5.880701822e-07	1.081937935e-06	-6
5.684544766e-07	1.085839742e-06	-6
5.48838771e-07	1.089741548e-06	-6
5.292230654e-07	1.093643355e-06	-6
5.096073598e-07	1.097545161e-06	-6
4.899916542e-07	1.101446967e-06	-6
4.703759486e-07	1.105348774e-06	-6
4.50760243e-07	1.10925058e-06	-6
4.311445374e-07	1.113152387e-06	-6
4.115288318e-07	1.117054193e-06	-6
3.919131261e-07	1.120956e-06	-6
3.722974205e-07	1.124857806e-06	-6
3.526817149e-07	1.128759613e-06	-6
3.330660093e-07	1.132661419e-06	-6
3.134503037e-07	1.136563225e-06	-6
2.938345981e-07	1.140465032e-06	-6
2.742188925e-07	1.144366838e-06	-6
2.546031869e-07	1.148268645e-06	-6
2.349874813e-07	1.152170451e-06	-6
2.153717757e-07	1.156072258e-06	-6
1.957560701e-07	1.159974064e-06	-6
1.761403645e-07	1.16387587e-06	-6
1.565246589e-07	1.167777677e-06	-6
1.369089532e-07	1.171679483e-06	-6
1.172932476e-07	1.17558129e-06	-6
9.767754203e-08	1.179483096e-06	-6
7.806183642e-08	1.183384903e-06	-6
5.844613081e-08	1.187286709e-06	-6
3.88304252e-08	1.191188516e-06	-6
1.92147196e-08	1.195090322e-06	-6
1.92147196e-08	1.195090322e-06	0
1.92147196e-08	1.195090322e-06	6
3.88304252e-08	1.191188516e-06	6
5.844613081e-08	1.187286709e-06	6
7.806183642e-08	1.183384903e-06	6
9.767754203e-08	1.179483096e-06	6
1.172932476e-07	1.17558129e-06	6
1.369089532e-07	1.171679483e-06	6
1.565246589e-07	1.167777677e-06	6
1.761403645e-07	1.16387587e-06	6
1.957560701e-07	1.159974064e-06	6
2.153717757e-07	1.156072258e-06	6
2.349874813e-07	1.152170451e-06	6
2.546031869e-07	1.148268645e-06	6
2.742188925e-07	1.144366838e-06	6
2.938345981e-07	1.140465032e-06	6
3.134503037e-07	1.136563225e-06	6
3.330660093e-07	1.132661419e-06	6
3.526817149e-07	1.128759613e-06	6
3.722974205e-07	1.124857806e-06	6
3.919131261e-07	1.120956e-06	6
4.115288318e-07	1.117054193e-06	6
4.311445374e-07	1.113152387e-06	6
4.50760243e-07	1.10925058e-06	6
4.703759486e-07	1.105348774e-06	6
4.899916542e-07	1.101446967e-06	6
5.096073598e-07	1.097545161e-06	6
5.292230654e-07	1.093643355e-06	6
5.48838771e-07	1.089741548e-06	6
5.684544766e-07	1.085839742e-06	6
5.880701822e-07	1.081937935e-06	6
6.076858878e-07	1.078036129e-06	6
6.273015934e-07	1.074134322e-06	6
6.469172991e-07	1.070232516e-06	6
6.665330047e-07	1.066330709e-06	6
6.861487103e-07	1.062428903e-06	6
7.057644159e-07	1.058527097e-06	6
7.253801215e-07	1.05462529e-06	6
7.449958271e-07	1.050723484e-06	6
7.646115327e-07	1.046821677e-06	6
7.842272383e-07	1.042919871e-06	6
8.038429439e-07	1.039018064e-06	6
8.234586495e-07	1.035116258e-06	6
8.430743551e-07	1.031214452e-06	6
8.626900607e-07	1.027312645e-06	6
8.823057664e-07	1.023410839e-06	6
9.01921472e-07	1.019509032e-06	6
9.215371776e-07	1.015607226e-06	6
9.411528832e-07	1.011705419e-06	6
9.607685888e-07	1.007803613e-06	6
9.803842944e-07	1.003901806e-06	6
1e-06	1e-06	6
1.019615706e-06	9.960981936e-07	6
1.039231411e-06	9.921963871e-07	6
1.058847117e-06	9.882945807e-07	6
1.078462822e-06	9.843927742e-07	6
1.098078528e-06	9.804909678e-07	6
1.117694234e-06	9.765891614e-07	6
1.137309939e-06	9.726873549e-07	6
1.156925645e-06	9.687855485e-07	6
1.17654135e-06	9.64883742e-07	6
1.196157056e-06	9.609819356e-07	6
1.215772762e-06	9.570801292e-07	6
1.235388467e-06	9.531783227e-07	6
1.255004173e-06	9.492765163e-07	6
1.274619879e-06	9.453747098e-07	6
1.294235584e-06	9.414729034e-07	6
1.31385129e-06	9.37571097e-07	6
1.333466995e-06	9.336692905e-07	6
1.353082701e-06	9.297674841e-07	6
1.372698407e-06	9.258656776e-07	6
1.392314112e-06	9.219638712e-07	6
1.411929818e-06	9.180620648e-07	6
1.431545523e-06	9.141602583e-07	6
1.451161229e-06	9.102584519e-07	6
1.470776935e-06	9.063566454e-07	6
1.49039264e-06	9.02454839e-07	6
1.510008346e-06	8.985530326e-07	6
1.529624051e-06	8.946512261e-07	6
1.549239757e-06	8.907494197e-07	6
1.568855463e-06	8.868476132e-07	6
1.588471168e-06	8.829458068e-07	6
1.608086874e-06	8.790440004e-07	6
1.627702579e-06	8.751421939e-07	6
1.647318285e-06	8.712403875e-07	6
1.666933991e-06	8.67338581e-07	6
1.686549696e-06	8.634367746e-07	6
1.706165402e-06	8.595349681e-07	6
1.725781107e-06	8.556331617e-07	6
1.745396813e-06	8.517313553e-07	6
1.765012519e-06	8.478295488e-07	6
1.784628224e-06	8.439277424e-07	6
1.80424393e-06	8.400259359e-07	6
1.823859636e-06	8.361241295e-07	6
1.843475341e-06	8.322223231e-07	6
1.863091047e-06	8.283205166e-07	6
1.882706752e-06	8.244187102e-07	6
1.902322458e-06	8.205169037e-07	6
1.921938164e-06	8.166150973e-07	6
1.941553869e-06	8.127132909e-07	6
1.961169575e-06	8.088114844e-07	6
1.98078528e-06	8.04909678e-07	6
1.98078528e-06	8.04909678e-07	0
1.983582357e-06	8.210296272e-07	0
1.986379433e-06	8.371495764e-07	0
1.98917651e-06	8.532695255e-07	0
1.98917651e-06	8.532695255e-07	-6
1.96939298e-06	8.56204135e-07	-6
1.94960945e-06	8.591387445e-07	-6
1.929825919e-06	8.62073354e-07	-6
1.910042389e-06	8.650079635e-07	-6
1.890258859e-06	8.67942573e-07	-6
1.870475329e-06	8.708771825e-07	-6
1.850691799e-06	8.73811792e-07	-6
1.830908268e-06	8.767464015e-07	-6
1.811124738e-06	8.796810109e-07	-6
1.791341208e-06	8.826156204e-07	-6
1.771557678e-06	8.855502299e-07	-6
1.751774148e-06	8.884848394e-07	-6
1.731990617e-06	8.914194489e-07	-6
1.712207087e-06	8.943540584e-07	-6
1.692423557e-06	8.972886679e-07	-6
1.672640027e-06	9.002232774e-07	-6
1.652856497e-06	9.031578869e-07	-6
1.633072966e-06	9.060924963e-07	-6
1.613289436e-06	9.090271058e-07	-6
1.593505906e-06	9.119617153e-07	-6
1.573722376e-06	9.148963248e-07	-6
1.553938846e-06	9.178309343e-07	-6
1.534155315e-06	9.207655438e-07	-6
1.514371785e-06	9.237001533e-07	-6
1.494588255e-06	9.266347628e-07	-6
1.474804725e-06	9.295693723e-07	-6
1.455021195e-06	9.325039818e-07	-6
1.435237664e-06	9.354385912e-07	-6
1.415454134e-06	9.383732007e-07	-6
1.395670604e-06	9.413078102e-07	-6
1.375887074e-06	9.442424197e-07	-6
1.356103544e-06	9.471770292e-07	-6
1.336320013e-06	9.501116387e-07	-6
1.316536483e-06	9.530462482e-07	-6
1.296752953e-06	9.559808577e-07	-6
1.276969423e-06	9.589154672e-07	-6
1.257185893e-06	9.618500766e-07	-6
1.237402362e-06	9.647846861e-07	-6
1.217618832e-06	9.677192956e-07	-6
1.197835302e-06	9.706539051e-07	-6
1.178051772e-06	9.735885146e-07	-6
1.158268242e-06	9.765231241e-07	-6
1.138484711e-06	9.794577336e-07	-6
1.118701181e-06	9.823923431e-07	-6
1.098917651e-06	9.853269526e-07	-6
1.079134121e-06	9.88261562e-07	-6
1.059350591e-06	9.911961715e-07	-6
1.03956706e-06	9.94130781e-07	-6
1.01978353e-06	9.970653905e-07	-6
1e-06	1e-06	-6
9.802164698e-07	1.002934609e-06	-6
9.604329396e-07	1.005869219e-06	-6
9.406494094e-07	1.008803828e-06	-6
9.208658792e-07	1.011738438e-06	-6
9.01082349e-07	1.014673047e-06	-6
8.812988188e-07	1.017607657e-06	-6
8.615152886e-07	1.020542266e-06	-6
8.417317584e-07	1.023476876e-06	-6
8.219482282e-07	1.026411485e-06	-6
8.02164698e-07	1.029346095e-06	-6
7.823811678e-07	1.032280704e-06	-6
7.625976376e-07	1.035215314e-06	-6
7.428141074e-07	1.038149923e-06	-6
7.230305772e-07	1.041084533e-06	-6
7.03247047e-07	1.044019142e-06	-6
6.834635168e-07	1.046953752e-06	-6
6.636799866e-07	1.049888361e-06	-6
6.438964564e-07	1.052822971e-06	-6
6.241129262e-07	1.05575758e-06	-6
6.04329396e-07	1.05869219e-06	-6
5.845458658e-07	1.061626799e-06	-6
5.647623356e-07	1.064561409e-06	-6
5.449788054e-07	1.067496018e-06	-6
5.251952752e-07	1.070430628e-06	-6
5.05411745e-07	1.073365237e-06	-6
4.856282148e-07	1.076299847e-06	-6
4.658446846e-07	1.079234456e-06	-6
4.460611544e-07	1.082169066e-06	-6
4.262776242e-07	1.085103675e-06	-6
4.06494094e-07	1.088038285e-06	-6
3.867105638e-07	1.090972894e-06	-6
3.669270336e-07	1.093907504e-06	-6
3.471435034e-07	1.096842113e-06	-6
3.273599732e-07	1.099776723e-06	-6
3.07576443e-07	1.102711332e-06	-6
2.877929128e-07	1.105645942e-06	-6
2.680093826e-07	1.108580551e-06	-6
2.482258524e-07	1.111515161e-06	-6
2.284423222e-07	1.11444977e-06	-6
2.08658792e-07	1.11738438e-06	-6
1.888752618e-07	1.120318989e-06	-6
1.690917316e-07	1.123253599e-06	-6
1.493082014e-07	1.126188208e-06	-6
1.295246712e-07	1.129122818e-06	-6
1.09741141e-07	1.132057427e-06	-6
8.995761083e-08	1.134992036e-06	-6
7.017408063e-08	1.137926646e-06	-6
5.039055043e-08	1.140861255e-06	-6
3.060702023e-08	1.143795865e-06	-6
1.082349004e-08	1.146730474e-06	-6
1.082349004e-08	1.146730474e-06	0
1.082349004e-08	1.146730474e-06	6
3.060702023e-08	1.143795865e-06	6
5.039055043e-08	1.140861255e-06	6
7.017408063e-08	1.137926646e-06	6
8.995761083e-08	1.134992036e-06	6
1.09741141e-07	1.132057427e-06	6
1.295246712e-07	1.129122818e-06	6
1.493082014e-07	1.126188208e-06	6
1.690917316e-07	1.123253599e-06	6
1.888752618e-07	1.120318989e-06	6
2.08658792e-07	1.11738438e-06	6
2.284423222e-07	1.11444977e-06	6
2.482258524e-07	1.111515161e-06	6
2.680093826e-07	1.108580551e-06	6
2.877929128e-07	1.105645942e-06	6
3.07576443e-07	1.102711332e-06	6
3.273599732e-07	1.099776723e-06	6
3.471435034e-07	1.096842113e-06	6
3.669270336e-07	1.093907504e-06	6
3.867105638e-07	1.090972894e-06	6
4.06494094e-07	1.088038285e-06	6
4.262776242e-07	1.085103675e-06	6
4.460611544e-07	1.082169066e-06	6
4.658446846e-07	1.079234456e-06	6
4.856282148e-07	1.076299847e-06	6
5.05411745e-07	1.073365237e-06	6
5.251952752e-07	1.070430628e-06	6
5.449788054e-07	1.067496018e-06	6
5.647623356e-07	1.064561409e-06	6
5.845458658e-07	1.061626799e-06	6
6.04329396e-07	1.05869219e-06	6
6.241129262e-07	1.05575758e-06	6
6.438964564e-07	1.052822971e-06	6
6.636799866e-07	1.049888361e-06	6
6.834635168e-07	1.046953752e-06	6
7.03247047e-07	1.044019142e-06	6
7.230305772e-07	1.041084533e-06	6
7.428141074e-07	1.038149923e-06	6
7.625976376e-07	1.035215314e-06	6
7.823811678e-07	1.032280704e-06	6
8.02164698e-07	1.029346095e-06	6
8.219482282e-07	1.026411485e-06	6
8.417317584e-07	1.023476876e-06	6
8.615152886e-07	1.020542266e-06	6
8.812988188e-07	1.017607657e-06	6
9.01082349e-07	1.014673047e-06	6
9.208658792e-07	1.011738438e-06	6
9.406494094e-07	1.008803828e-06	6
9.604329396e-07	1.005869219e-06	6
9.802164698e-07	1.002934609e-06	6
1e-06	1e-06	6
1.01978353e-06	9.970653905e-07	6
1.03956706e-06	9.94130781e-07	6
1.059350591e-06	9.911961715e-07	6
1.079134121e-06	9.88261562e-07	6
1.098917651e-06	9.853269526e-07	6
1.118701181e-06	9.823923431e-07	6
1.138484711e-06	9.794577336e-07	6
1.158268242e-06	9.765231241e-07	6
1.178051772e-06	9.735885146e-07	6
1.197835302e-06	9.706539051e-07	6
1.217618832e-06	9.677192956e-07	6
1.237402362e-06	9.647846861e-07	6
1.257185893e-06	9.618500766e-07	6
1.276969423e-06	9.589154672e-07	6
1.296752953e-06	9.559808577e-07	6
1.316536483e-06	9.530462482e-07	6
1.336320013e-06	9.501116387e-07	6
1.356103544e-06	9.471770292e-07	6
1.375887074e-06	9.442424197e-07	6
1.395670604e-06	9.413078102e-07	6
1.415454134e-06	9.383732007e-07	6
1.435237664e-06	9.354385912e-07	6
1.455021195e-06	9.325039818e-07	6
1.474804725e-06	9.295693723e-07	6
1.494588255e-06	9.266347628e-07	6
1.514371785e-06	9.237001533e-07	6
1.534155315e-06	9.207655438e-07	6
1.553938846e-06	9.178309343e-07	6
1.573722376e-06	9.148963248e-07	6
1.593505906e-06	9.119617153e-07	6
1.613289436e-06	9.090271058e-07	6
1.633072966e-06	9.060924963e-07	6
1.652856497e-06	9.031578869e-07	6
1.672640027e-06	9.002232774e-07	6
1.692423557e-06	8.972886679e-07	6
1.712207087e-06	8.943540584e-07	6
1.731990617e-06	8.914194489e-07	6
1.751774148e-06	8.884848394e-07	6
1.771557678e-06	8.855502299e-07	6
1.791341208e-06	8.826156204e-07	6
1.811124738e-06	8.796810109e-07	6
1.830908268e-06	8.767464015e-07	6
1.850691799e-06	8.73811792e-07	6
1.870475329e-06	8.708771825e-07	6
1.890258859e-06	8.67942573e-07	6
1.910042389e-06	8.650079635e-07	6
1.929825919e-06	8.62073354e-07	6
1.94960945e-06	8.591387445e-07	6
1.96939298e-06	8.56204135e-07	6
1.98917651e-06	8.532695255e-07	6
1.98917651e-06	8.532695255e-07	0
1.991179249e-06	8.695073036e-07	0
1.993181988e-06	8.857450816e-07	0
1.995184727e-06	9.019828597e-07	0
1.995184727e-06	9.019828597e-07	-6
1.975281032e-06	9.039432025e-07	-6
1.955377338e-06	9.059035453e-07	-6
1.935473643e-06	9.078638881e-07	-6
1.915569949e-06	9.098242309e-07	-6
1.895666254e-06	9.117845737e-07	-6
1.875762559e-06	9.137449165e-07	-6
1.855858865e-06	9.157052593e-07	-6
1.83595517e-06	9.176656021e-07	-6
1.816051476e-06	9.196259449e-07	-6
1.796147781e-06	9.215862877e-07	-6
1.776244087e-06	9.235466305e-07	-6
1.756340392e-06	9.255069733e-07	-6
1.736436698e-06	9.274673162e-07	-6
1.716533003e-06	9.29427659e-07	-6
1.696629309e-06	9.313880018e-07	-6
1.676725614e-06	9.333483446e-07	-6
1.65682192e-06	9.353086874e-07	-6
1.636918225e-06	9.372690302e-07	-6
1.617014531e-06	9.39229373e-07	-6
1.597110836e-06	9.411897158e-07	-6
1.577207141e-06	9.431500586e-07	-6
1.557303447e-06	9.451104014e-07	-6
1.537399752e-06	9.470707442e-07	-6
1.517496058e-06	9.49031087e-07	-6
1.497592363e-06	9.509914298e-07	-6
1.477688669e-06	9.529517726e-07	-6
1.457784974e-06	9.549121154e-07	-6
1.43788128e-06	9.568724583e-07	-6
1.417977585e-06	9.588328011e-07	-6
1.398073891e-06	9.607931439e-07	-6
1.378170196e-06	9.627534867e-07	-6
1.358266502e-06	9.647138295e-07	-6
1.338362807e-06	9.666741723e-07	-6
1.318459113e-06	9.686345151e-07	-6
1.298555418e-06	9.705948579e-07	-6
1.278651723e-06	9.725552007e-07	-6
1.258748029e-06	9.745155435e-07	-6
1.238844334e-06	9.764758863e-07	-6
1.21894064e-06	9.784362291e-07	-6
1.199036945e-06	9.803965719e-07	-6
1.179133251e-06	9.823569147e-07	-6
1.159229556e-06	9.843172575e-07	-6
1.139325862e-06	9.862776004e-07	-6
1.119422167e-06	9.882379432e-07	-6
1.099518473e-06	9.90198286e-07	-6
1.079614778e-06	9.921586288e-07	-6
1.059711084e-06	9.941189716e-07	-6
1.039807389e-06	9.960793144e-07	-6
1.019903695e-06	9.980396572e-07	-6
1e-06	1e-06	-6
9.800963055e-07	1.001960343e-06	-6
9.601926109e-07	1.003920686e-06	-6
9.402889164e-07	1.005881028e-06	-6
9.203852219e-07	1.007841371e-06	-6
9.004815273e-07	1.009801714e-06	-6
8.805778328e-07	1.011762057e-06	-6
8.606741383e-07	1.0137224e-06	-6
8.407704437e-07	1.015682742e-06	-6
8.208667492e-07	1.017643085e-06	-6
8.009630547e-07	1.019603428e-06	-6
7.810593601e-07	1.021563771e-06	-6
7.611556656e-07	1.023524114e-06	-6
7.412519711e-07	1.025484456e-06	-6
7.213482765e-07	1.027444799e-06	-6
7.01444582e-07	1.029405142e-06	-6
6.815408875e-07	1.031365485e-06	-6
6.616371929e-07	1.033325828e-06	-6
6.417334984e-07	1.035286171e-06	-6
6.218298039e-07	1.037246513e-06	-6
6.019261093e-07	1.039206856e-06	-6
5.820224148e-07	1.041167199e-06	-6
5.621187203e-07	1.043127542e-06	-6
5.422150257e-07	1.045087885e-06	-6
5.223113312e-07	1.047048227e-06	-6
5.024076367e-07	1.04900857e-06	-6
4.825039421e-07	1.050968913e-06	-6
4.626002476e-07	1.052929256e-06	-6
4.426965531e-07	1.054889599e-06	-6
4.227928585e-07	1.056849941e-06	-6
4.02889164e-07	1.058810284e-06	-6
3.829854695e-07	1.060770627e-06	-6
3.630817749e-07	1.06273097e-06	-6
3.431780804e-07	1.064691313e-06	-6
3.232743859e-07	1.066651655e-06	-6
3.033706913e-07	1.068611998e-06	-6
2.834669968e-07	1.070572341e-06	-6
2.635633023e-07	1.072532684e-06	-6
2.436596077e-07	1.074493027e-06	-6
2.237559132e-07	1.076453369e-06	-6
2.038522187e-07	1.078413712e-06	-6
1.839485241e-07	1.080374055e-06	-6
1.640448296e-07	1.082334398e-06	-6
1.441411351e-07	1.084294741e-06	-6
1.242374405e-07	1.086255083e-06	-6
1.04333746e-07	1.088215426e-06	-6
8.443005146e-08	1.090175769e-06	-6
6.452635693e-08	1.092136112e-06	-6
4.462266239e-08	1.094096455e-06	-6
2.471896786e-08	1.096056798e-06	-6
4.815273328e-09	1.09801714e-06	-6
4.815273328e-09	1.09801714e-06	0
4.815273328e-09	1.09801714e-06	6
2.471896786e-08	1.096056798e-06	6
4.462266239e-08	1.094096455e-06	6
6.452635693e-08	1.092136112e-06	6
8.443005146e-08	1.090175769e-06	6
1.04333746e-07	1.088215426e-06	6
1.242374405e-07	1.086255083e-06	6
1.441411351e-07	1.084294741e-06	6
1.640448296e-07	1.082334398e-06	6
1.839485241e-07	1.080374055e-06	6
2.038522187e-07	1.078413712e-06	6
2.237559132e-07	1.076453369e-06	6
2.436596077e-07	1.074493027e-06	6
2.635633023e-07	1.072532684e-06	6
2.834669968e-07	1.070572341e-06	6
3.033706913e-07	1.068611998e-06	6
3.232743859e-07	1.066651655e-06	6
3.431780804e-07	1.064691313e-06	6
3.630817749e-07	1.06273097e-06	6
3.829854695e-07	1.060770627e-06	6
4.02889164e-07	1.058810284e-06	6
4.227928585e-07	1.056849941e-06	6
4.426965531e-07	1.054889599e-06	6
4.626002476e-07	1.052929256e-06	6
4.825039421e-07	1.050968913e-06	6
5.024076367e-07	1.04900857e-06	6
5.223113312e-07	1.047048227e-06	6
5.422150257e-07	1.045087885e-06	6
5.621187203e-07	1.043127542e-06	6
5.820224148e-07	1.041167199e-06	6
6.019261093e-07	1.039206856e-06	6
6.218298039e-07	1.037246513e-06	6
6.417334984e-07	1.035286171e-06	6
6.616371929e-07	1.033325828e-06	6
6.815408875e-07	1.031365485e-06	6
7.01444582e-07	1.029405142e-06	6
7.213482765e-07	1.027444799e-06	6
7.412519711e-07	1.025484456e-06	6
7.611556656e-07	1.023524114e-06	6
7.810593601e-07	1.021563771e-06	6
8.009630547e-07	1.019603428e-06	6
8.208667492e-07	1.017643085e-06	6
8.407704437e-07	1.015682742e-06	6
8.606741383e-07	1.0137224e-06	6
8.805778328e-07	1.011762057e-06	6
9.004815273e-07	1.009801714e-06	6
9.203852219e-07	1.007841371e-06	6
9.402889164e-07	1.005881028e-06	6
9.601926109e-07	1.003920686e-06	6
9.800963055e-07	1.001960343e-06	6
1e-06	1e-06	6
1.019903695e-06	9.980396572e-07	6
1.039807389e-06	9.960793144e-07	6
1.059711084e-06	9.941189716e-07	6
1.079614778e-06	9.921586288e-07	6
1.099518473e-06	9.90198286e-07	6
1.119422167e-06	9.882379432e-07	6
1.139325862e-06	9.862776004e-07	6
1.159229556e-06	9.843172575e-07	6
1.179133251e-06	9.823569147e-07	6
1.199036945e-06	9.803965719e-07	6
1.21894064e-06	9.784362291e-07	6
1.238844334e-06	9.764758863e-07	6
1.258748029e-06	9.745155435e-07	6
1.278651723e-06	9.725552007e-07	6
1.298555418e-06	9.705948579e-07	6
1.318459113e-06	9.686345151e-07	6
1.338362807e-06	9.666741723e-07	6
1.358266502e-06	9.647138295e-07	6
1.378170196e-06	9.627534867e-07	6
1.398073891e-06	9.607931439e-07	6
1.417977585e-06	9.588328011e-07	6
1.43788128e-06	9.568724583e-07	6
1.457784974e-06	9.549121154e-07	6
1.477688669e-06	9.529517726e-07	6
1.497592363e-06	9.509914298e-07	6
1.517496058e-06	9.49031087e-07	6
1.537399752e-06	9.470707442e-07	6
1.557303447e-06	9.451104014e-07	6
1.577207141e-06	9.431500586e-07	6
1.597110836e-06	9.411897158e-07	6
1.617014531e-06	9.39229373e-07	6
1.636918225e-06	9.372690302e-07	6
1.65682192e-06	9.353086874e-07	6
1.676725614e-06	9.333483446e-07	6
1.696629309e-06	9.313880018e-07	6
1.716533003e-06	9.29427659e-07	6
1.736436698e-06	9.274673162e-07	6
1.756340392e-06	9.255069733e-07	6
1.776244087e-06	9.235466305e-07	6
1.796147781e-06	9.215862877e-07	6
1.816051476e-06	9.196259449e-07	6
1.83595517e-06	9.176656021e-07	6
1.855858865e-06	9.157052593e-07	6
1.875762559e-06	9.137449165e-07	6
1.895666254e-06	9.117845737e-07	6
1.915569949e-06	9.098242309e-07	6
1.935473643e-06	9.078638881e-07	6
1.955377338e-06	9.059035453e-07	6
1.975281032e-06	9.039432025e-07	6
1.995184727e-06	9.019828597e-07	6
1.995184727e-06	9.019828597e-07	0
1.996388303e-06	9.182993483e-07	0
1.99759188e-06	9.34615837e-07	0
1.998795456e-06	9.509323257e-07	0
1.998795456e-06	9.509323257e-07	-6
1.979017328e-06	9.519039628e-07	-6
1.959239201e-06	9.528755999e-07	-6
1.939461073e-06	9.53847237e-07	-6
1.919682945e-06	9.548188741e-07	-6
1.899904817e-06	9.557905112e-07	-6
1.880126689e-06	9.567621484e-07	-6
1.860348561e-06	9.577337855e-07	-6
1.840570433e-06	9.587054226e-07	-6
1.820792306e-06	9.596770597e-07	-6
1.801014178e-06	9.606486968e-07	-6
1.78123605e-06	9.616203339e-07	-6
1.761457922e-06	9.625919711e-07	-6
1.741679794e-06	9.635636082e-07	-6
1.721901666e-06	9.645352453e-07	-6
1.702123539e-06	9.655068824e-07	-6
1.682345411e-06	9.664785195e-07	-6
1.662567283e-06	9.674501566e-07	-6
1.642789155e-06	9.684217937e-07	-6
1.623011027e-06	9.693934309e-07	-6
1.603232899e-06	9.70365068e-07	-6
1.583454771e-06	9.713367051e-07	-6
1.563676644e-06	9.723083422e-07	-6
1.543898516e-06	9.732799793e-07	-6
1.524120388e-06	9.742516164e-07	-6
1.50434226e-06	9.752232536e-07	-6
1.484564132e-06	9.761948907e-07	-6
1.464786004e-06	9.771665278e-07	-6
1.445007877e-06	9.781381649e-07	-6
1.425229749e-06	9.79109802e-07	-6
1.405451621e-06	9.800814391e-07	-6
1.385673493e-06	9.810530762e-07	-6
1.365895365e-06	9.820247134e-07	-6
1.346117237e-06	9.829963505e-07	-6
1.326339109e-06	9.839679876e-07	-6
1.306560982e-06	9.849396247e-07	-6
1.286782854e-06	9.859112618e-07	-6
1.267004726e-06	9.868828989e-07	-6
1.247226598e-06	9.878545361e-07	-6
1.22744847e-06	9.888261732e-07	-6
1.207670342e-06	9.897978103e-07	-6
1.187892215e-06	9.907694474e-07	-6
1.168114087e-06	9.917410845e-07	-6
1.148335959e-06	9.927127216e-07	-6
1.128557831e-06	9.936843587e-07	-6
1.108779703e-06	9.946559959e-07	-6
1.089001575e-06	9.95627633e-07	-6
1.069223447e-06	9.965992701e-07	-6
1.04944532e-06	9.975709072e-07	-6
1.029667192e-06	9.985425443e-07	-6
1.009889064e-06	9.995141814e-07	-6
9.901109361e-07	1.000485819e-06	-6
9.703328082e-07	1.001457456e-06	-6
9.505546804e-07	1.002429093e-06	-6
9.307765525e-07	1.00340073e-06	-6
9.109984247e-07	1.004372367e-06	-6
8.912202968e-07	1.005344004e-06	-6
8.71442169e-07	1.006315641e-06	-6
8.516640412e-07	1.007287278e-06	-6
8.318859133e-07	1.008258915e-06	-6
8.121077855e-07	1.009230553e-06	-6
7.923296576e-07	1.01020219e-06	-6
7.725515298e-07	1.011173827e-06	-6
7.527734019e-07	1.012145464e-06	-6
7.329952741e-07	1.013117101e-06	-6
7.132171462e-07	1.014088738e-06	-6
6.934390184e-07	1.015060375e-06	-6
6.736608905e-07	1.016032012e-06	-6
6.538827627e-07	1.01700365e-06	-6
6.341046349e-07	1.017975287e-06	-6
6.14326507e-07	1.018946924e-06	-6
5.945483792e-07	1.019918561e-06	-6
5.747702513e-07	1.020890198e-06	-6
5.549921235e-07	1.021861835e-06	-6
5.352139956e-07	1.022833472e-06	-6
5.154358678e-07	1.023805109e-06	-6
4.956577399e-07	1.024776746e-06	-6
4.758796121e-07	1.025748384e-06	-6
4.561014842e-07	1.026720021e-06	-6
4.363233564e-07	1.027691658e-06	-6
4.165452286e-07	1.028663295e-06	-6
3.967671007e-07	1.029634932e-06	-6
3.769889729e-07	1.030606569e-06	-6
3.57210845e-07	1.031578206e-06	-6
3.374327172e-07	1.032549843e-06	-6
3.176545893e-07	1.03352148e-06	-6
2.978764615e-07	1.034493118e-06	-6
2.780983336e-07	1.035464755e-06	-6
2.583202058e-07	1.036436392e-06	-6
2.385420779e-07	1.037408029e-06	-6
2.187639501e-07	1.038379666e-06	-6
1.989858223e-07	1.039351303e-06	-6
1.792076944e-07	1.04032294e-06	-6
1.594295666e-07	1.041294577e-06	-6
1.396514387e-07	1.042266215e-06	-6
1.198733109e-07	1.043237852e-06	-6
1.00095183e-07	1.044209489e-06	-6
8.031705518e-08	1.045181126e-06	-6
6.053892733e-08	1.046152763e-06	-6
4.076079949e-08	1.0471244e-06	-6
2.098267164e-08	1.048096037e-06	-6
1.204543795e-09	1.049067674e-06	-6
1.204543795e-09	1.049067674e-06	0
1.204543795e-09	1.049067674e-06	6
2.118045292e-08	1.048086321e-06	6
4.115636204e-08	1.047104967e-06	6
6.113227117e-08	1.046123614e-06	6
8.110818029e-08	1.04514226e-06	6
1.010840894e-07	1.044160907e-06	6
1.210599985e-07	1.043179553e-06	6
1.410359077e-07	1.0421982e-06	6
1.610118168e-07	1.041216846e-06	6
1.809877259e-07	1.040235493e-06	6
2.00963635e-07	1.039254139e-06	6
2.209395442e-07	1.038272786e-06	6
2.409154533e-07	1.037291432e-06	6
2.608913624e-07	1.036310079e-06	6
2.808672715e-07	1.035328726e-06	6
3.008431807e-07	1.034347372e-06	6
3.208190898e-07	1.033366019e-06	6
3.407949989e-07	1.032384665e-06	6
3.60770908e-07	1.031403312e-06	6
3.807468172e-07	1.030421958e-06	6
4.007227263e-07	1.029440605e-06	6
4.206986354e-07	1.028459251e-06	6
4.406745445e-07	1.027477898e-06	6
4.606504536e-07	1.026496544e-06	6
4.806263628e-07	1.025515191e-06	6
5.006022719e-07	1.024533837e-06	6
5.20578181e-07	1.023552484e-06	6
5.405540901e-07	1.02257113e-06	6
5.605299993e-07	1.021589777e-06	6
5.805059084e-07	1.020608423e-06	6
6.004818175e-07	1.01962707e-06	6
6.204577266e-07	1.018645716e-06	6
6.404336358e-07	1.017664363e-06	6
6.604095449e-07	1.016683009e-06	6
6.80385454e-07	1.015701656e-06	6
7.003613631e-07	1.014720302e-06	6
7.203372723e-07	1.013738949e-06	6
7.403131814e-07	1.012757595e-06	6
7.602890905e-07	1.011776242e-06	6
7.802649996e-07	1.010794888e-06	6
8.002409088e-07	1.009813535e-06	6
8.202168179e-07	1.008832181e-06	6
8.40192727e-07	1.007850828e-06	6
8.601686361e-07	1.006869474e-06	6
8.801445453e-07	1.005888121e-06	6
9.001204544e-07	1.004906767e-06	6
9.200963635e-07	1.003925414e-06	6
9.400722726e-07	1.00294406e-06	6
9.600481818e-07	1.001962707e-06	6
9.800240909e-07	1.000981353e-06	6
1e-06	1e-06	6
1.019975909e-06	9.990186465e-07	6
1.039951818e-06	9.98037293e-07	6
1.059927727e-06	9.970559395e-07	6
1.079903636e-06	9.960745861e-07	6
1.099879546e-06	9.950932326e-07	6
1.119855455e-06	9.941118791e-07	6
1.139831364e-06	9.931305256e-07	6
1.159807273e-06	9.921491721e-07	6
1.179783182e-06	9.911678186e-07	6
1.199759091e-06	9.901864651e-07	6
1.219735e-06	9.892051116e-07	6
1.239710909e-06	9.882237582e-07	6
1.259686819e-06	9.872424047e-07	6
1.279662728e-06	9.862610512e-07	6
1.299638637e-06	9.852796977e-07	6
1.319614546e-06	9.842983442e-07	6
1.339590455e-06	9.833169907e-07	6
1.359566364e-06	9.823356372e-07	6
1.379542273e-06	9.813542838e-07	6
1.399518182e-06	9.803729303e-07	6
1.419494092e-06	9.793915768e-07	6
1.439470001e-06	9.784102233e-07	6
1.45944591e-06	9.774288698e-07	6
1.479421819e-06	9.764475163e-07	6
1.499397728e-06	9.754661628e-07	6
1.519373637e-06	9.744848093e-07	6
1.539349546e-06	9.735034559e-07	6
1.559325455e-06	9.725221024e-07	6
1.579301365e-06	9.715407489e-07	6
1.599277274e-06	9.705593954e-07	6
1.619253183e-06	9.695780419e-07	6
1.639229092e-06	9.685966884e-07	6
1.659205001e-06	9.676153349e-07	6
1.67918091e-06	9.666339815e-07	6
1.699156819e-06	9.65652628e-07	6
1.719132728e-06	9.646712745e-07	6
1.739108638e-06	9.63689921e-07	6
1.759084547e-06	9.627085675e-07	6
1.779060456e-06	9.61727214e-07	6
1.799036365e-06	9.607458605e-07	6
1.819012274e-06	9.597645071e-07	6
1.838988183e-06	9.587831536e-07	6
1.858964092e-06	9.578018001e-07	6
1.878940001e-06	9.568204466e-07	6
1.898915911e-06	9.558390931e-07	6
1.91889182e-06	9.548577396e-07	6
1.938867729e-06	9.538763861e-07	6
1.958843638e-06	9.528950326e-07	6
1.978819547e-06	9.519136792e-07	6
1.998795456e-06	9.509323257e-07	6
